round,persons_alive,farms_open,bakeries_open,money_in_circulation,money_in_dead_balances,outstanding_debt,peer_lent,government_debt,termination,government_peer_debt,government_bank_debt,bonds_outstanding,government_arrears,bonds_issued,coupons,bond_rate,government_cash,government_reserve_target,surplus_redistributed,tax_scale,government_outlay,tax_shortfall,tax_policy_step,consumption_tax,consumption_tax_scale,wealth_tax,wealth_tax_base,wealth_tax_scale,clearing_residue,negative_wealth_persons,zero_cash_persons,land_households_share,gini_wealth_attributed,land_supply,land_demand,land_sold,land_levy,land_levy_scale,new_firms,entries,coops_open,hhi_bread,owners,wealth_gap_meals,wealth_bottom10_meals,wealth_top10_meals,cash_gap_meals,cash_bottom10_meals,cash_top10_meals,invoices_issued,invoices_paid,invoices_open,invoices_overdue,liquidations,refoundings,bad_debt,bank_bailouts,profit_tax,profit_tax_scale,parking_tax_scale,income_tax_accrued,income_tax_charged,wealth_tax_arrears,consumption_tax_rate_now,bracket_top_rate,bracket_bottom_rate,bank_retained_interest,cumulative_interest_paid,cumulative_write_offs,cumulative_credit_refusals,money_created,money_destroyed,credit_demand,tax,enterprise_tax,deposit_interest,buffer_pool,insurance_premiums,insurance_payouts,missed_payments,cash_banks,gi_created,demurrage_destroyed,demurrage_tax,account_fees,fees,trade_arrears,interest_rate,price_bread,price_grain,price_ticket,price_rent,price_wage,wage_bid_producers,bread_baked,bread_sold,grain_harvested,labour_offered,labour_sold,government_labour,unemployed,hungry,without_bread,half_meals,gluttons,bread_stocked,total_capacity,cash_persons,cash_farms,cash_bakeries,land_persons,land_farms,land_banks,landholders,gini_cash_persons,gini_net_wealth_persons,gini_income_persons,persons_below_meal,persons_income,bread_bill,gluttony_attempted,gluttony_refused,tickets_sold,n_greedy,hungry_greedy,hungry_others,cash_greedy,land_greedy,wealth_greedy,wealth_persons,bread_greedy,greedy_loaves,greedy_tickets,ration,tier_multiplier,tier_sold,tier_revenue,n_consumers,n_hoarders,wealth_hoarders,land_hoarders,shares_hoarders,greedy_land,greedy_shares,ticket_revenue,theatre_labour,cash_theatres,theatres_open,dividends,dividend_income_persons,share_price_mean,share_units_per_firm,founders_stake_pct,book_per_unit_mean,share_trades,share_trades_deferred,share_contracts_outstanding,share_seizures,share_volume,founders_stake_mean,outside_holders,forward_value_mean,coop_worker_open,coop_consumer_open,coop_member_open,coop_retained_reserve,coop_buffer_pledged,buffer_pledged_persons,patronage_wages,rebates,membership_capital,reserved_labour,coop_worker_hours,coop_members_worker,coop_members_consumer,worker_members,unemployed_members,unemployed_nonmembers,rebate_income_persons,coop_open,forprofit_open,cash_coops,coop_members,coop_capital,founder_capital,founder_debt,reserve_shortfall_owned,reserve_shortfall_coops,reserve_shortfall_forprofit,dividends_coops,dividends_forprofit,founders_cash,cash_forprofit,gini_net_wealth_all,n_workers,wealth_workers,n_landowners,wealth_landowners,n_farms,wealth_farms,n_bakeries,wealth_bakeries,n_banks,wealth_banks,wealth_government,land_price,land_price_traded,deaths,closures,production_target_farms,production_target_bakeries,rung,system,seed,identity
1,128,4,4,6021.473999999997,0.0,6042.803599999999,0.0,944.4539999999995,,0.0,6.406,938.0479999999995,0.0,938.0479999999995,0.0,0.00375,0.0,2925.0009,0.0,0.9588,975.0003,1919.4543,0.02,4.619999999999999,1.02,0.0,0.0,1.02,0.0,0,0,0.9791666666666666,0.3077620941847514,0.0,128.0,0.0,0.0,1.02,0,0,0,1.0,48,10.164738461538462,1.4416923076923076,11.606430769230771,2.642923076923077,1.4416923076923076,4.084615384615384,299.92600000000067,0.0,299.92600000000067,0.0,0,0,0.0,0.0,10.26,1.02,1.02,0.0,0.0,0.0,0.0612,0.5,0.25,21.3296,21.3296,0.0,4,7.582,92.428,163.81199999999998,30.546300000000013,0.0,0.0,0.0,0.0,0.0,4,0.0,0.0,0.0,0.0,0.0,810.0,162.89399999999986,0.005,5.0,5.199999999999997,2.0,0.75,3.73124324324325,3.9200000000000013,80.0,13.0,40.0,512.0,185.0,51.0,81,0,0,0,9,4.0,512.0,4407.982,0.0,1042.9548,188,4,0,32,0.11978817985758572,0.3077620941847514,0.09011009610564669,1,1256.794,65.0,12,3,6.0,0,0,0,0.0,0,0.0,6890.574000000003,0.0,0,0,0,1.5,0,0.0,0,0,0.0,0,0.0,0,0,12.0,52.0,570.5372,4,0.0,0.0,NaN,1280.0,100.0,-0.2849433333333334,0,0,0.0,0,0.0,1280.0,0,0.0,0,0,0,0.0,0.0,0.0,0.0,0.0,0.0,0.0,0.0,0,0,0,0,81,0.0,0,12,0.0,0,0.0,1200.0,0.0,652.828,0.0,652.828,0.0,0.0,1437.0500000000002,1613.4919999999997,0.33232589401615775,96,3387.496,32,3503.078,4,0.0,4,331.72,2,20.15360000000003,-6.406,11.925,11.25,0,0,40,40,11 + fiscal policy and VAT,debt,9,-7.275957614183426e-12
2,128,4,4,5901.802799999997,0.0,5948.685200000001,0.0,1371.967199999997,,0.0,12.5762,1359.3909999999971,0.0,421.34300000000053,3.517185000000002,0.00375,0.0,2338.2145500000006,0.0,0.91929744,583.8094000000001,1463.6136000000006,0.02,81.16449999999995,1.0404,0.0,0.0,1.0404,0.0,0,0,0.9791666666666666,0.3258208329456307,0.0,90.0,0.0,0.0,1.0404,0,0,0,0.25404065848776564,48,10.15124923076923,1.4566753846153848,11.607924615384615,2.6025623076923075,1.448483076923077,4.051045384615384,858.4459000000055,262.09599999999966,896.2759000000059,0.0,0,0,0.0,0.0,79.0588,1.0404,1.0404,0.0,0.0,0.0,0.062424,0.5,0.25,46.8824,60.74260000000001,0.0,14,22.4057,142.07690000000002,570.6582999999999,159.84589999999943,0.0,0.0,0.0,0.0,0.0,0,0.0,0.0,0.0,0.0,0.0,420.0,446.16759999999954,0.003654534137928181,4.894000000000005,5.483543750000008,NaN,1.125772222222222,3.5140674842334763,3.802399999999999,224.0,271.0,112.0,512.0,341.0,51.0,42,0,0,1,11,9.0,512.0,3849.4255999999996,2.1796,1745.635,188,4,0,32,0.11976688848395955,0.3258208329456307,0.26267731088325763,1,1266.7915999999996,1326.2740000000013,13,2,0.0,0,0,0,0.0,0,0.0,6751.3056000000115,0.0,0,0,0,1.5,0,0.0,0,0,0.0,0,0.0,0,0,0.0,64.0,304.56260000000003,4,0.0,0.0,NaN,1280.0,100.0,-0.24971091145833332,0,0,0.0,0,0.0,1280.0,0,0.0,0,0,0,0.0,0.0,0.0,0.0,0.0,0.0,0.0,0.0,0,0,0,0,42,0.0,0,12,0.0,0,0.0,1200.0,2.055,3170.6169621621666,0.0,3170.6169621621666,0.0,0.0,1284.6701,2052.3772000000004,0.34430166932766837,96,3272.4832999999985,32,3478.8223,4,0.0,4,331.72,2,45.765199999999965,-12.5762,12.640500000000001,11.25,0,0,112,112,11 + fiscal policy and VAT,debt,9,-7.275957614183426e-12
3,128,4,4,6475.453499999999,0.0,6533.133700000002,0.0,1564.6497999999972,,0.0,11.9314,1552.7183999999972,0.0,193.32739999999995,5.095310374999997,0.00375,0.0,2136.3484000000003,0.0,0.8814223854719999,577.5387000000001,1230.7626000000014,0.02,83.33659999999985,1.061208,0.0,0.0,1.061208,0.0,0,0,0.9791666666666666,0.33133285446109184,0.0,248.0,1.0,0.0,1.061208,0,0,0,0.25120000000000003,48,12.127775769387936,1.6884591807865188,13.816234950174453,2.937245764043882,1.7243076294363568,4.661553393480238,957.2360000000044,896.2759000000035,957.2360000000044,0.0,0,0,0.0,0.0,70.86019999999999,1.061208,1.061208,0.0,0.0,0.0,0.06367247999999999,0.5,0.25,57.680199999999985,90.48060000000004,0.0,16,706.4867000000002,132.836,910.8221000000001,390.0167999999969,0.0,0.0,0.0,0.0,0.0,0,0.0,0.0,0.0,0.0,0.0,418.30400000000003,0.0,0.007330903624710601,4.847718181818179,5.480596212121212,1.7836,1.3242390624999996,3.470252609560531,3.688327999999999,264.0,275.0,132.0,510.6666666666667,343.0,51.0,42,0,0,1,19,10.0,512.0,4283.156400000002,127.7501,1906.8110000000001,188,4,0,32,0.1320879474538914,0.33133285446109184,0.20723879836510983,0,2036.7730000000013,1333.122499999999,20,1,1.0,0,0,0,0.0,0,0.0,7519.220199999991,0.0,0,0,0,1.5,0,0.0,0,0,0.0,0,0.0,0,0,1.7836,26.0,157.736,4,0.0,0.0,NaN,1280.0,100.0,-0.27813147135416666,0,0,0.0,0,0.0,1280.0,0,0.0,0,0,0,0.0,0.0,0.0,0.0,0.0,0.0,0.0,0.0,0,0,0,0,42,0.0,0,12,0.0,0,0.0,1200.0,7.6318,3482.230736283127,0.0,3482.230736283127,0.0,0.0,1545.1264,2192.2971000000002,0.34747118641939134,96,3538.149100000001,32,3981.0711000000006,4,0.0,4,331.72,2,56.62179999999979,-11.9314,13.398930000000002,12.0289,0,0,132,132,11 + fiscal policy and VAT,debt,9,-7.275957614183426e-12
4,128,4,4,6381.617899999998,0.0,6442.086600000001,0.0,1784.8855999999973,,0.0,11.2866,1773.5989999999974,0.0,220.88059999999996,5.820049374999996,0.00375,0.0,1936.5780272727275,0.0,0.8451077831905535,445.7556363636363,1088.099218181819,0.02,93.24989999999993,1.08243216,0.0,0.0,1.08243216,0.0,2,1,0.9791666666666666,0.3768088188134384,0.0,126.0,0.0,0.0,1.08243216,0,0,0,0.25799129667914816,48,13.186220479767217,1.0578497965375397,14.244070276304758,3.3052148245941413,1.0336782340246018,4.338893058618743,1007.0478000000048,837.6169000000027,1126.6669000000006,0.0,0,0,0.0,0.0,80.1874,1.08243216,1.08243216,0.0,0.0,0.0,0.0649459296,0.5,0.25,60.4687,117.96230000000001,0.0,24,47.22370000000001,141.0593,573.4631,231.40220000000073,0.0,0.0,0.0,0.0,0.0,4,0.0,0.0,0.0,0.0,0.0,289.05940000000004,431.3135000000001,0.008181405021558025,5.403746007604562,5.445658695652173,1.7331999999999996,1.4226276119402994,3.351197375932935,3.5776781599999983,276.0,263.0,138.0,510.6666666666667,393.0,51.0,29,0,0,1,13,5.0,512.0,3674.3333000000002,644.2689,2039.2034999999998,188,4,0,32,0.17304220856032582,0.3768088188134384,0.3105387986278467,6,1166.0654,1421.1852,13,0,25.0,0,0,0,0.0,0,0.0,7131.192500000005,0.0,0,0,0,1.5,0,0.0,0,0,0.0,0,0.0,0,0,43.32999999999999,64.0,23.812199999999994,4,0.0,0.0,NaN,1280.0,100.0,-0.2387163541666667,0,0,0.0,0,0.0,1280.0,0,0.0,0,0,0,0.0,0.0,0.0,0.0,0.0,0.0,0.0,0.0,0,0,0,0,29,0.0,0,12,0.0,0,0.0,1200.0,7.7170000000000005,3649.5748654449244,0.0,3649.5748654449244,0.0,0.0,1247.6072999999994,2707.284599999999,0.3883869443359258,96,3155.3237,32,3975.8688,4,0.0,4,331.72,2,59.46910000000035,-11.2866,14.202865800000003,12.0289,0,0,138,138,11 + fiscal policy and VAT,debt,9,-7.275957614183426e-12
5,128,4,4,6314.420599999996,0.0,6372.3496000000005,0.0,2043.206799999997,,0.0,35.4634,2007.7433999999969,0.0,234.14439999999996,6.648124999999997,0.00375,0.0,1891.3768782371242,0.0,0.8102893425231027,570.1907606982371,1034.8402388247503,0.02,90.75659999999996,1.1040808032,0.0,0.0,1.1040808032,0.0,0,0,0.9791666666666666,0.3562489067377239,0.0,102.0,0.0,0.0,1.1040808032,0,0,0,0.27628927182115015,48,12.006134958018462,1.5686532701990294,13.574788228217493,2.334644690058151,1.587306996680279,3.92195168673843,988.4555000000032,953.8792000000032,1161.2431999999912,0.0,0,0,0.0,0.0,86.87700000000001,1.1040808032,1.1040808032,0.0,0.0,0.0,0.066244848192,0.5,0.25,57.92899999999999,142.60800000000006,0.0,37,66.20000000000002,133.3973,613.7398000000001,318.577199999999,0.0,0.0,0.0,0.0,0.0,10,0.0,0.0,0.0,0.0,0.0,396.6124000000001,76.74690000000004,0.009419446638440094,5.4899280632411065,5.594300746268661,1.69298,1.5315915384615377,3.3617311569066697,3.4703478152,268.0,253.0,134.0,510.66666666666663,357.0,51.0,38,4,4,2,9,3.0,508.0,3937.9638000000004,241.4234,2134.138,188,4,0,32,0.11699623681469573,0.3562489067377239,0.19445473292176363,0,1973.0389000000016,1388.9518,10,1,5.0,0,0,4,0.0,0,0.0,7620.541000000003,0.0,0,0,0,1.5,0,0.0,0,0,0.0,0,0.0,0,0,8.4649,36.0,0.8954000000000001,4,0.0,0.0,NaN,1280.0,100.0,-0.25359567708333336,0,0,0.0,0,0.0,1280.0,0,0.0,0,0,0,0.0,0.0,0.0,0.0,0.0,0.0,0.0,0.0,0,0,0,0,38,0.0,0,12,0.0,0,0.0,1200.0,16.1434,3440.886302503011,0.0,3440.886302503011,0.0,0.0,1436.0731999999996,2376.4567999999995,0.3704617206069183,96,3401.705899999999,32,4218.835099999999,4,0.0,4,331.72,2,56.98820000000009,-35.4634,15.055037748000004,12.0289,0,0,134,134,11 + fiscal policy and VAT,debt,9,-7.275957614183426e-12
6,128,4,4,6437.463499999996,0.0,6492.8516,0.0,2463.1390999999976,,0.0,260.9999,2202.1391999999973,0.0,194.3958,7.525736749999996,0.00375,0.0,1897.290481020154,0.0,0.7769054216111508,642.2861649784338,1038.11858734677,0.02,97.4078,1.126162419264,0.0,0.0,1.126162419264,0.0,0,0,0.9791666666666666,0.3898388489358253,0.0,105.0,0.0,0.0,1.126162419264,0,0,0,0.2742112482853224,48,12.314943486935203,1.3553799568633202,13.670323443798523,1.9621561575593027,1.318786371021769,3.280942528581072,932.7768000000004,858.1506000000006,1235.869399999983,33.2753,0,0,0.0,0.0,90.6082,1.126162419264,1.126162419264,0.0,0.0,0.0,0.06756974515584001,0.5,0.25,55.388099999999994,166.87730000000002,0.0,58,255.0949,132.05200000000002,1025.7060000000004,230.06199999999976,0.0,0.0,0.0,0.0,0.0,11,0.0,0.0,0.0,0.0,0.0,470.42659999999967,443.1640000000003,0.00937582185834751,5.427631481481481,5.562404724409449,1.6544,1.6727284552845518,3.3525421173806755,3.3662373807439985,254.0,270.0,127.0,505.3333333333333,331.0,50.0,43,0,0,1,11,7.0,512.0,3440.4385000000016,671.278,2324.8516,188,4,0,32,0.11687272771515889,0.3898388489358253,0.23304250113094738,0,1259.5631000000017,1465.4605,13,2,3.0,0,0,0,0.0,0,0.0,7317.527499999999,0.0,0,0,0,1.5,0,0.0,0,0,0.0,0,0.0,0,0,4.9632000000000005,25.0,0.8954000000000001,4,0.0,0.0,NaN,1280.0,100.0,-0.20636729817708332,0,0,0.0,0,0.0,1280.0,0,0.0,0,0,0,0.0,0.0,0.0,0.0,0.0,0.0,0.0,0.0,0,0,0,0,43,0.0,0,12,0.0,0,0.0,1200.0,16.0274,2531.708938813088,0.0,2531.708938813088,0.0,0.0,1247.5814,2997.0249999999996,0.4015975956406117,96,3089.4758,32,4228.0517,4,0.0,4,331.72,2,54.50610000000012,-260.9999,15.958340012880004,12.0289,0,0,127,127,11 + fiscal policy and VAT,debt,9,-7.275957614183426e-12
7,128,1,4,14299.84790000001,0.6378,11807.7494,0.0,11069.5658,,0.0,8701.2162,2368.3495999999986,0.0,166.2104,8.254160874999993,0.00375,0.0,1914.4696297328674,0.0,0.7448969182407714,672.5148406697157,1038.210000774293,0.02,98.26929999999997,1.14868566764928,0.0,0.0,1.14868566764928,0.0,0,0,0.9791666666666666,0.4071996950614112,0.0,92.0,0.0,0.0,1.14868566764928,0,0,0,0.2623357095121408,24,13.530343664880558,1.264947565838651,14.795291230719208,2.3351799393695427,1.271576750106878,3.606756689476421,937.258800000005,891.3022999999994,396.774799999997,16.3326,6,0,326.9941999999988,8230.6186,62.143299999999996,1.14868566764928,1.14868566764928,0.0,0.0,0.0,0.0689211400589568,0.5,0.25,47.61429999999999,182.16850000000005,2510.1552,78,8476.5383,613.5160999999996,9142.4326,306.2712000000003,0.0,0.0,0.0,0.0,0.0,2,8227.5151,0.0,0.0,0.0,0.0,500.1885999999999,30.657599999999995,0.007965080650921198,5.426637686567163,5.590972932330831,NaN,1.8763767441860457,3.3385694575157587,3.2652502593216792,266.0,268.0,133.0,510.6666666666667,325.0,51.0,46,0,0,1,15,5.0,512.0,3459.280200000002,82.8909,2529.9040999999997,188,1,3,32,0.13302744175291137,0.4071996950614112,0.14835174680345276,0,1732.6978000000022,1454.3388999999995,15,0,0.0,0,0,0,0.0,0,0.0,7503.601,0.0,0,0,0,1.5,0,0.0,0,0,0.0,0,0.0,0,0,0.0,2.0,0.2576,1,0.0,0.0,NaN,1280.0,100.0,-0.0606279296875,0,0,0.0,0,0.0,1280.0,0,0.0,0,0,0,0.0,0.0,0.0,0.0,0.0,0.0,0.0,0.0,0,0,0,0,46,0.0,0,6,0.0,0,0.0,600.0,0.8192,1461.628229272401,0.0,1461.628229272401,0.0,0.0,698.4940999999999,2613.0526,0.6399267335278354,96,3030.5422000000003,32,4473.0588,1,0.0,4,331.72,2,5770.042299999999,-8701.2162,16.915840413652806,12.0289,0,6,33,133,11 + fiscal policy and VAT,debt,9,-7.275957614183426e-12
8,128,1,4,15086.395800000004,0.6378,12258.296021240958,0.0,11451.0461,,0.0,9037.0151,2414.030999999999,0.0,45.6814,8.877242499999994,0.00375,0.0,1919.2916282163462,0.0,0.7142071652092515,651.0152058668998,1030.9470896442315,0.02,95.95700000000001,1.1716593810022657,0.0,0.0,1.1716593810022657,0.0,1,1,0.9791666666666666,0.46995752333471397,3.0,234.0,3.0,0.0,1.1716593810022657,1,0,0,0.2661834319526627,23,16.40361537296694,1.003332706438221,17.40694807940516,2.4613115754730694,0.8669789731635773,3.3282905486366468,956.9975000000007,389.53579999999897,954.2167000000007,0.0,7,0,337.01399999999853,8230.6186,82.9664,1.1716593810022657,1.1716593810022657,0.0,0.0,0.0,0.07029956286013594,0.5,0.25,104.7986,239.3528000000001,2960.7567,82,1336.6190000000001,550.0711,1382.6288,321.92369999999795,0.0,0.0,0.0,0.0,0.0,0,8202.1669,0.0,0.0,0.0,0.0,479.6515999999997,547.4248000000003,0.0024409760023132495,5.354889230769229,5.52047777777778,NaN,1.9420038167938931,3.3072076219142894,3.167292751542029,270.0,260.0,135.0,510.6666666666667,331.0,51.0,44,0,0,1,8,2.0,512.0,3027.2686,166.1768,3189.7453,188,4,0,32,0.18628497887088713,0.46995752333471397,0.3189543655882152,6,1151.2495,1392.2711999999995,10,2,0.0,0,0,0,0.0,0,0.0,7571.165997766726,0.0,0,0,0,1.5,0,0.0,0,0,0.0,0,0.0,0,0,0.0,0.0,501.0382,1,0.0,0.0,NaN,1280.0,100.0,0.15416181515802765,0,0,0.0,0,0.0,1280.0,0,0.0,0,0,0,0.0,0.0,0.0,0.0,0.0,0.0,0.0,0.0,0,0,0,0,44,0.0,0,6,0.0,0,0.0,1020.8168,464.8461,2392.3744149495583,0.0,2392.3744149495583,0.0,0.0,663.7380999999999,3856.9602999999997,0.6641620503908705,96,2705.5866000000005,32,4865.579397766727,1,0.0,4,331.72,2,5372.664921240959,-9037.0151,17.930790838471975,16.915840413652806,0,7,135,135,11 + fiscal policy and VAT,debt,9,-7.275957614183426e-12
9,128,1,4,15236.787300000009,1.2756,12466.833999999995,0.0,11849.328799999997,,0.0,8759.5891,3089.7396999999987,0.0,675.7087,9.048517499999997,0.00375,0.0076,1931.644609530896,0.0,0.6847818300026304,676.822820015765,1029.8236285761536,0.02,100.5812,1.195092568622311,0.0,0.0,1.195092568622311,0.0,0,0,0.9791666666666666,0.45914788657909544,0.0,238.0,0.0,0.0,1.195092568622311,1,0,0,0.26827987451804153,23,18.29421675785053,1.229638306100134,19.523855063950666,2.9603233910174986,1.2774414927206716,4.23776488373817,966.8238,954.2167000000021,966.8238,0.0,7,0,337.01399999999853,8230.6186,90.0161,1.195092568622311,1.195092568622311,0.0,0.0,0.0,0.07170555411733866,0.5,0.25,164.8448,299.5019,2960.7567,82,755.2984,604.2691000000002,222.84789999999998,332.7868999999998,0.0,0.0,0.0,0.0,0.0,0,8155.9854,0.0,0.0,0.0,0.0,508.59699999999964,0.0,0.009941640454343963,5.312597769516727,5.791993893129769,1.6711,1.9505283464566952,3.3476427503419606,18.14864515499122,262.0,269.0,131.0,510.6666666666667,320.00000000000006,51.0,47,0,0,4,11,8.0,512.0,3548.5249999999987,192.6817,3289.7475,188,4,0,32,0.16783629597861105,0.45914788657909544,0.2466971662126327,1,2233.682500000001,1429.0887999999995,17,6,1.0,0,0,0,0.0,0,0.0,8278.984197766735,0.0,0,0,0,1.5,0,0.0,0,0,0.0,0,0.0,0,0,1.6711,5.0,49.8401,1,0.0258,0.018,NaN,1280.0,100.0,0.050805411673777494,0,0,0.0,0,0.0,1280.0,0,0.0,0,0,0,0.0,0.0,0.0,0.0,0.0,0.0,0.0,0.0,0,0,0,0,47,0.0,0,6,0.0,0,0.0,1020.8168,457.09869999999995,2049.791257491299,0.0,2049.791257491299,0.0,0.0258,844.0675000000001,3532.2693,0.652470299566942,96,2968.0723999999996,32,5310.911797766728,1,0.0,4,387.2883,2,5384.0509,-8759.581499999998,19.006638288780294,16.915840413652806,0,7,131,131,11 + fiscal policy and VAT,debt,9,-7.275957614183426e-12
10,128,1,4,15238.617600000003,1.9134000000000002,12528.963499999996,0.0,12305.960599999999,,0.0,8921.8163,3384.144299999998,0.0,294.40459999999996,11.582232999999999,0.00375,0.0,1927.6631284424848,0.0,0.656568818606522,630.6099328822621,1030.0299222949907,0.02,102.27709999999998,1.2189944199947573,0.0,0.0,1.2189944199947573,0.0,2,0,0.9791666666666666,0.5056436884589774,0.0,124.0,0.0,0.0,1.2189944199947573,1,0,0,0.2618215994052378,23,19.532752216206777,0.9120092790272002,20.44476149523398,2.8156737921179094,0.8501693311365743,3.6658431232544837,980.6499999999996,860.677399999999,1086.7963999999986,0.0,7,0,337.01399999999853,8230.6186,86.3838,1.2189944199947573,1.2189944199947573,0.0,0.0,0.0,0.07313966519968544,0.5,0.25,227.0436,361.7985000000002,2960.7567,84,646.599,644.1309000000002,1156.7497,229.35610000000003,0.0,0.0,0.0,0.0,0.0,0,8079.768,0.0,0.0,0.0,0.0,464.5332999999999,404.0042000000005,0.014263639866635367,5.273890636704122,5.891799999999998,1.6561090909090908,1.9779140624999978,3.3824483993146397,17.604185800341487,264.0,267.0,132.0,506.6666666666667,333.0,51.0,43,0,0,2,13,8.0,512.0,3021.2594,701.5324,3413.5265999999997,188,4,0,32,0.20612404476507362,0.5056436884589774,0.3511533540764189,8,1298.3562999999988,1408.1288000000006,14,1,11.0,0,0,0,0.0,0,0.0,8054.793697766729,0.0,0,0,0,1.5,0,0.0,0,0,0.0,0,0.0,0,0,18.2172,16.0,22.5312,1,0.0,0.0,NaN,1280.0,100.0,0.14134025542377754,0,0,0.0,0,0.0,1280.0,0,0.0,0,0,0,0.0,0.0,0.0,0.0,0.0,0.0,0.0,0.0,0,0,0,0,43,0.0,0,6,0.0,0,0.0,1020.8168,449.3513,1740.468517163486,0.0,1740.468517163486,0.0,0.0,748.1635000000001,4137.590200000001,0.6813960279190845,96,2604.483099999999,32,5450.310597766728,1,0.0,4,388.67,2,5367.5536999999995,-8921.8163,20.147036586107113,16.915840413652806,0,7,132,132,11 + fiscal policy and VAT,debt,9,-7.275957614183426e-12
11,128,1,4,15148.952499999996,2.5512,12499.880000000001,0.0,12560.775999999998,,0.0,8849.7063,3711.0696999999986,0.0,326.92539999999997,12.685725249999997,0.00375,0.0,1926.1778958968084,0.0,0.6295181832799333,637.1085234800145,1012.2656699918123,0.02,103.54340000000002,1.2433743083946525,0.0,0.0,1.2433743083946525,0.0,0,0,0.9791666666666666,0.49690718616173624,0.0,121.0,0.0,0.0,1.2433743083946525,1,0,0,0.25009468501451837,23,21.08898206897769,1.1096763170877766,22.198658386065464,2.692977577488212,1.1656611132556793,3.8586386907438914,956.9924000000015,1086.7963999999993,956.9924000000015,0.0,7,0,337.01399999999853,8230.6186,89.6899,1.2433743083946525,1.2433743083946525,0.0,0.0,0.0,0.07460245850367915,0.5,0.25,289.5247999999999,424.3721000000004,2960.7567,84,587.7718,676.7991000000001,483.3483,439.5939000000005,0.0,0.0,0.0,0.0,0.0,0,7972.5645,0.0,0.0,0.0,0.0,473.0159999999996,0.0,0.015,5.302227340823971,5.746500000000006,NaN,1.9935921875000007,3.434409051261935,17.07606022633124,264.0,267.0,132.0,509.33333333333337,327.00000000000006,51.0,44,0,0,1,13,7.0,512.0,3320.105999999998,316.794,3537.668,188,4,0,32,0.1683269845149522,0.49690718616173624,0.23469905063285945,0,2119.515900000001,1415.6947000000002,16,3,0.0,0,0,0,0.0,0,0.0,8662.283097766727,0.0,0,0,0,1.5,0,0.0,0,0,0.0,0,0.0,0,0,0.0,10.0,1.82,1,0.0,0.0,NaN,1280.0,100.0,0.10129347156961081,0,0,0.0,0,0.0,1280.0,0,0.0,0,0,0,0.0,0.0,0.0,0.0,0.0,0.0,0.0,0.0,0,0,0,0,44,0.0,0,6,0.0,0,0.0,1020.8168,441.60389999999995,2040.4973529866315,0.0,2040.4973529866315,0.0,0.0,810.363,3856.2820000000006,0.6669555740993003,96,2809.1774999999993,32,5853.105597766727,1,0.0,4,390.1184,2,5320.352799999999,-8849.7063,21.35585878127354,16.915840413652806,0,7,132,132,11 + fiscal policy and VAT,debt,9,-7.275957614183426e-12
12,128,1,4,15138.593799999993,3.189,12472.530999999999,0.0,13008.346099999999,,0.0,8889.0398,4119.306299999998,0.0,408.23659999999995,13.911680124999997,0.00375,0.0,1921.3744560926252,0.0,0.6035820341288001,622.8455394155366,1012.264287395084,0.02,107.04489999999991,1.2682417945625455,0.0,0.0,1.2682417945625455,0.0,3,0,0.9791666666666666,0.5382593046244051,0.0,119.0,0.0,0.0,1.2682417945625455,1,0,0,0.2500102122792446,23,22.796533275656472,0.6621839793565658,23.45871725501304,3.021405862001613,0.5323800392838935,3.5537859012855066,990.3612000000007,856.1200000000015,1091.2336000000012,0.0,7,0,337.01399999999853,8230.6186,92.30149999999999,1.2682417945625455,1.2682417945625455,0.0,0.0,0.0,0.07609450767375273,0.5,0.25,274.4341,487.9075000000005,2960.7567,86,696.0993,705.8201999999999,1004.9583,233.44199999999978,0.0,78.53879999999997,0.0,0.0,0.0,3,7834.204,0.0,0.0,0.0,0.0,458.6117999999996,286.52540000000005,0.015,5.2822051660516625,5.85980888888889,1.6953,1.9531351145038178,3.5082879318214286,16.563778419541304,270.0,271.0,135.0,510.6666666666667,337.0,51.0,43,0,0,1,15,8.0,512.0,2974.0272999999993,695.1302,3633.4123,188,4,0,32,0.22228407592500887,0.5382593046244051,0.3374933927195969,11,1552.9776999999988,1431.4776000000006,20,5,2.0,0,0,0,0.0,0,0.0,8681.529197766726,0.0,0,0,0,1.5,0,0.0,0,0,0.0,0,0.0,0,0,3.3906,14.0,1.82,1,0.0,0.0,NaN,1280.0,100.0,0.1703358153196108,0,0,0.0,0,0.0,1280.0,0,0.0,0,0,0,0.0,0.0,0.0,0.0,0.0,0.0,0.0,0.0,0,0,0,0,43,0.0,0,6,0.0,0,0.0,1020.8168,433.8565,1730.4913476126712,0.0,1730.4913476126712,0.0,0.0,719.6948,4330.362499999999,0.6866535523194861,96,2555.3523,32,6126.176897766727,1,0.0,4,443.48920000000004,2,5164.423,-8889.0398,22.637210308149953,16.915840413652806,0,7,135,135,11 + fiscal policy and VAT,debt,9,-7.275957614183426e-12
13,128,1,4,15057.692199999996,3.8268000000000004,12452.846399999999,0.0,13271.074099999998,,0.0,8800.901,4470.173099999998,0.0,350.8668000000001,15.442422124999998,0.00375,0.0,1834.8213422649792,0.0,0.5787144543226935,628.7878446894155,921.61169484332,0.02,102.94900000000001,1.2936066304537963,0.0,0.0,1.2936066304537963,0.0,0,0,0.9791666666666666,0.5271778935522318,0.0,119.0,0.0,0.0,1.2936066304537963,1,0,0,0.251487290427258,23,23.86081664212916,1.1066306241886001,24.96744726631776,2.636428774446337,1.222821899338353,3.8592506737846897,999.440900000001,1086.9510000000016,1003.7235000000009,0.0,7,0,337.01399999999853,8230.6186,85.12119999999999,1.2936066304537963,1.2936066304537963,0.0,0.0,0.0,0.07761639782722778,0.5,0.25,337.5507,551.1063,2960.7567,88,657.0963,737.3600999999999,571.7821,425.95250000000004,0.0,0.0,0.0,0.0,0.0,4,7700.0657,0.0,0.0,0.0,0.0,465.8721999999998,21.903199999999995,0.015,5.243827519379845,6.079370149253732,NaN,1.9608092307692315,3.482467316015125,16.066865066955064,268.0,258.0,134.0,510.6666666666667,329.00000000000006,51.0,44,1,1,1,9,4.0,511.0,3286.4268000000015,441.5185,3627.8612000000003,188,4,0,32,0.16476689059376004,0.5271778935522318,0.25551768315933043,0,2004.320499999998,1352.9075,10,1,0.0,0,0,1,0.0,0,0.0,9239.460897766727,0.0,0,0,0,1.5,0,0.0,0,0,0.0,0,0.0,0,0,0.0,8.0,1.82,1,0.0,0.0,NaN,1280.0,100.0,0.1344692788612775,0,0,0.0,0,0.0,1280.0,0,0.0,0,0,0,0.0,0.0,0.0,0.0,0.0,0.0,0.0,0.0,0,0,0,0,44,0.0,0,6,0.0,0,0.0,1020.8168,426.1091,1974.4661969120116,0.0,1974.4661969120116,0.0,0.0,813.3454,4071.1997000000006,0.6715160697479989,96,2706.3623000000007,32,6533.098597766729,1,0.0,4,496.60300000000007,2,5090.922699999999,-8800.901,23.99544292663895,16.915840413652806,0,7,134,134,11 + fiscal policy and VAT,debt,9,-7.275957614183426e-12
14,128,1,4,14936.681900000001,4.4646,12394.646800000004,0.0,13635.846399999999,,0.0,8753.5029,4882.343499999998,0.0,412.1704,16.757606874999997,0.00375,0.0,1845.1697205053267,0.0,0.5548714188045984,625.2029129613904,915.0644303368849,0.02,110.1773,1.3194787630628724,0.0,0.0,1.3194787630628724,0.0,0,0,0.9791666666666666,0.5560383049752691,0.0,121.0,0.0,0.0,1.3194787630628724,1,0,0,0.25037037037037035,23,25.295627900092356,0.9282671977545794,26.223895097846935,2.750103655673771,0.8656668579451178,3.6157705136188882,978.3722000000006,997.0793000000018,985.0164000000008,0.0,7,0,337.01399999999853,8230.6186,96.18650000000001,1.3194787630628724,1.3194787630628724,0.0,0.0,0.0,0.07916872578377233,0.5,0.25,402.26099999999997,615.8936999999996,2960.7567,93,648.9802999999999,769.3528,790.8626999999999,321.20010000000013,0.0,0.0,0.0,0.0,0.0,4,7534.461,0.0,0.0,0.0,0.0,464.1326999999999,217.53729999999985,0.015,5.25747222222222,5.9589750000000015,NaN,2.0120390625000013,3.5545278531145863,15.584859114946411,264.0,270.0,132.0,509.6666666666667,330.0,51.0,44,0,0,0,11,7.0,512.0,2971.0928000000004,744.7352,3684.5729,188,4,0,32,0.19774008847014102,0.5560383049752691,0.2978525895047939,5,1574.8541999999984,1419.5174999999995,13,2,0.0,0,0,0,0.0,0,0.0,9294.272197766726,0.0,0,0,0,1.5,0,0.0,0,0,0.0,0,0.0,0,0,0.0,13.0,1.82,1,0.0,0.0,NaN,1280.0,100.0,0.1808897085487775,0,0,0.0,0,0.0,1280.0,0,0.0,0,0,0,0.0,0.0,0.0,0.0,0.0,0.0,0.0,0.0,0,0,0,0,44,0.0,0,6,0.0,0,0.0,1020.8168,418.3617,1646.7132740976624,0.0,1646.7132740976624,0.0,0.0,742.0151000000002,4431.1281,0.6857045829161132,96,2476.5188000000003,32,6817.753397766728,1,0.0,4,552.7903000000001,2,4987.5497000000005,-8753.5029,25.43516950223729,16.915840413652806,0,7,132,132,11 + fiscal policy and VAT,debt,9,-7.275957614183426e-12
15,128,1,4,14927.408500000003,5.1024,12450.4569,0.0,13993.9702,,0.0,8947.9182,5046.051999999999,0.0,357.03589999999997,18.302942124999998,0.00375,0.0,1859.684497842535,0.0,0.532010716349849,635.5978093488333,928.9465485616902,0.02,108.868,1.3458683383241299,0.0,0.0,1.3458683383241299,0.0,0,0,0.9791666666666666,0.5619819899331469,0.0,115.0,0.0,0.0,1.3458683383241299,1,0,0,0.2504734780031517,22,27.31361994782703,0.8816718736092751,28.195291821436303,3.2914047852933788,1.1394763740821472,4.430881159375526,972.921099999999,987.1884000000014,970.749099999999,0.0,8,1,337.01399999999853,8230.6186,91.35549999999999,1.3458683383241299,1.3458683383241299,0.0,0.0,0.0,0.0807521002994478,0.5,0.25,469.2440999999998,682.9487999999996,2960.7567,97,844.5937,853.2292999999999,944.6589,339.5496000000004,0.0,0.0,0.0,0.0,0.0,1,7336.495199999999,0.0,0.0,0.0,0.0,474.7366999999999,81.2197,0.015,5.228649049429657,5.898361194029847,NaN,1.987823076923079,3.642984321299201,15.117313341498019,268.0,263.0,134.0,512.0,329.0,51.0,45,0,0,1,9,6.0,512.0,3278.7317999999996,591.0393,3719.3221999999996,188,4,0,32,0.20040379922962948,0.5619819899331469,0.24800729400357469,0,1946.7497999999975,1375.1346999999996,12,3,0.0,0,0,0,0.0,0,0.0,9712.55629776673,0.0,0,0,0,1.5,0,0.0,0,0,0.0,0,0.0,0,0,0.0,8.0,1.82,1,0.0,0.0,NaN,1280.0,99.99999998697916,0.18560339344461083,0,0,0.0,0,0.0,1279.9999998333333,0,0.0,0,0,0,0.0,0.0,0.0,0.0,0.0,0.0,0.0,0.0,0,0,0,0,45,0.0,0,6,0.0,0,0.0,563.3839,99.9876,1835.3152155038786,0.0,1835.3152155038786,0.0,0.0,787.4427999999998,4312.1815,0.6820640186975815,96,2548.0524999999993,32,7164.503797766728,1,0.0,4,589.2524,2,4854.088400000001,-8947.9182,26.96127967237153,16.915840413652806,0,7,134,134,11 + fiscal policy and VAT,debt,9,-7.275957614183426e-12
16,128,1,4,14726.2129,5.7402,12313.266199999998,0.0,14364.415699999998,,0.0,8833.2832,5531.132499999997,0.0,705.9611,18.917044875000002,0.00375,0.0,1906.5557593665608,0.0,0.5100918748362352,633.2406824597398,952.2727395777073,0.02,111.3053,1.3727857050906125,0.0,0.0,1.3727857050906125,0.0,0,0,0.9791666666666666,0.5776409265088265,0.0,121.0,0.0,0.0,1.3727857050906125,1,0,0,0.2662468255016809,24,29.745193732256915,0.8668359123711246,30.612029644628038,3.730770276820602,1.1155933585717377,4.84636363539234,968.401899999999,974.4297999999958,964.7211999999992,0.0,9,2,337.01399999999853,8230.6186,97.47,1.3727857050906125,1.3727857050906125,0.0,0.0,0.0,0.08236714230543675,0.5,0.25,535.1485999999998,748.9201999999997,2960.7567,101,646.3451,846.9028999999998,724.797,326.45800000000065,0.0,0.0,0.0,0.0,0.0,0,7108.6702000000005,0.0,0.0,0.0,0.0,473.8585999999997,97.51169999999999,0.015,5.187832567049807,5.984612213740452,1.737992857142857,1.9703724409448815,3.7357523595365505,14.663793941253076,262.0,261.0,131.0,510.6666666666667,329.0,51.0,45,0,0,3,11,3.0,512.0,3300.2656,714.707,3600.7501,188,4,0,32,0.22552183517820512,0.5776409265088265,0.23344540799742508,0,1818.815399999999,1354.0242999999998,11,0,14.0,0,0,0,0.0,0,0.0,10049.908697766734,0.0,0,0,0,1.5,0,0.0,0,0,0.0,0,0.0,0,0,24.331899999999997,14.0,1.82,1,0.0,0.0,NaN,1280.0,100.0,0.18713537261127752,0,0,0.0,0,0.0,1280.0,0,0.0,0,0,0,0.0,0.0,0.0,0.0,0.0,0.0,0.0,0.0,0,0,0,0,45,0.0,0,6,0.0,0,0.0,505.3835,98.101,1798.384336520238,0.0,1798.384336520238,0.0,0.0,839.4593000000001,4317.277099999999,0.684104173843092,96,2493.8931999999995,32,7556.01549776673,1,0.0,4,774.3412000000001,2,4689.6893,-8833.2832,28.578956452713822,16.915840413652806,0,7,131,131,11 + fiscal policy and VAT,debt,9,-7.275957614183426e-12
17,128,1,4,14511.108,6.378,12162.222900000002,0.0,14713.962399999997,,0.0,8699.7056,6014.2567999999965,0.0,717.2686999999999,20.736486,0.00375,0.0,1918.4476872876085,0.0,0.4890760895929823,617.7584723824281,958.9887331917391,0.02,120.1951,1.4002414191924248,0.0,0.0,1.4002414191924248,0.0,0,0,0.9791666666666666,0.5970069221944503,0.0,120.0,0.0,0.0,1.4002414191924248,1,0,0,0.2634019204389575,24,32.22111988517216,0.8223383833260262,33.043458268498185,3.5961802020607987,1.0834745614354078,4.679654763496206,984.2293000000006,964.7211999999992,984.2293000000006,0.0,9,2,337.01399999999853,8230.6186,105.5042,1.4002414191924248,1.4002414191924248,0.0,0.0,0.0,0.08401448515154548,0.5,0.25,601.1097999999998,814.9431999999998,2960.7567,101,663.1324000000001,877.5995000000001,663.1324000000001,333.12070000000057,0.0,0.0,0.0,0.0,0.0,0,6848.0905999999995,0.0,0.0,0.0,0.0,460.1832999999999,0.0,0.015,5.268117777777777,6.023875000000003,1.7558999999999996,1.9720062499999989,3.796871865331673,14.223880123015483,264.0,270.0,132.0,508.0,331.99999999999994,51.0,44,0,0,0,12,5.0,512.0,3262.1463999999996,726.6322,3672.4188,188,4,0,32,0.23355169764529893,0.5970069221944503,0.2709077228862933,2,1954.911599999998,1422.3917999999996,12,0,21.0,0,0,0,0.0,0,0.0,10437.81949776673,0.0,0,0,0,1.5,0,0.0,0,0,0.0,0,0.0,0,0,36.87389999999999,15.0,1.82,1,0.0,0.0,NaN,1280.0,100.0,0.1987951642779442,0,0,0.0,0,0.0,1280.0,0,0.0,0,0,0,0.0,0.0,0.0,0.0,0.0,0.0,0.0,0.0,0,0,0,0,44,0.0,0,6,0.0,0,0.0,505.3835,96.2144,1876.1276481874856,0.0,1876.1276481874856,0.0,0.0,780.7622999999998,4400.870999999999,0.6888294158304242,96,2405.323,32,8032.496497766728,1,0.0,4,842.8891,2,4492.5923,-8699.7056,30.293693839876653,16.915840413652806,0,7,132,132,11 + fiscal policy and VAT,debt,9,-7.275957614183426e-12
18,128,1,4,14145.948600000003,7.0158000000000005,11859.587500000003,0.0,15047.744799999997,,0.0,8487.4991,6560.245699999997,0.0,740.3847000000002,22.54800487499999,0.00375,0.0,1910.8893315827552,0.0,0.4689261547017515,612.0527421590206,944.4282043885034,0.02,121.8347,1.4282462475762734,0.0,0.0,1.4282462475762734,0.0,0,0,0.9791666666666666,0.6175738869234702,0.0,121.0,0.0,0.0,1.4282462475762734,1,0,0,0.2503443526170799,24,34.03569320869712,0.6498387218140386,34.68553193051116,3.294941958380893,1.0063914067947983,4.301333365175691,999.9713999999998,984.229299999999,999.9713999999998,0.0,9,2,337.01399999999853,8230.6186,104.97999999999999,1.4282462475762734,1.4282462475762734,0.0,0.0,0.0,0.0856947748545764,0.5,0.25,665.5334000000005,879.423200000001,2960.7567,101,539.4425,903.9641000000003,539.4425,344.3214999999999,0.0,0.0,0.0,0.0,0.0,2,6554.6991,0.0,0.0,0.0,0.0,452.58250000000004,0.0,0.015,5.394085984848485,6.07144776119403,1.7412800000000002,1.9754861538461517,3.882431811339314,13.797163719325019,268.0,264.0,134.0,512.0,337.0,51.0,43,0,0,1,10,4.0,512.0,3067.4299000000005,740.3133,3781.6863,188,4,0,32,0.23654904494516682,0.6175738869234702,0.2606836388670719,4,1902.9485999999993,1424.0387,15,5,15.0,0,0,0,0.0,0,0.0,10782.852197766728,0.0,0,0,0,1.5,0,0.0,0,0,0.0,0,0.0,0,0,26.119200000000003,16.0,1.82,1,0.0,0.0,NaN,1280.0,100.0,0.2256605158404442,0,0,0.0,0,0.0,1280.0,0,0.0,0,0,0,0.0,0.0,0.0,0.0,0.0,0.0,0.0,0.0,0,0,0,0,43,0.0,0,6,0.0,0,0.0,505.3835,94.3278,1925.459491762586,0.0,1925.459491762586,0.0,0.0,753.2254,4523.8196,0.6952196684550238,96,2262.960699999999,32,8519.891497766728,1,0.0,4,856.1216,2,4261.145799999998,-8487.4991,32.111315470269254,16.915840413652806,0,7,134,134,11 + fiscal policy and VAT,debt,9,-7.275957614183426e-12
19,128,1,4,13723.751400000001,7.653600000000001,11498.050599999999,0.0,15403.544099999996,,0.0,8234.363,7169.181099999995,0.0,775.1458000000001,24.595524874999988,0.00375,0.0,1900.3927000307094,0.0,0.44960639712803935,630.5283144615324,934.4723916871397,0.02,124.81720000000001,1.4568111725277988,0.0,0.0,1.4568111725277988,0.0,1,0,0.9791666666666666,0.6376302656449941,0.0,123.0,0.0,0.0,1.4568111725277988,1,0,0,0.2500108430077057,24,36.02616876261154,0.5603729730097926,36.58654173562133,3.1002101277163323,0.9785161035300514,4.0787262312463834,997.952200000001,996.0001999999994,1001.923400000001,0.0,9,2,337.01399999999853,8230.6186,108.5769,1.4568111725277988,1.4568111725277988,0.0,0.0,0.0,0.08740867035166792,0.5,0.25,728.0933,942.0344000000006,2960.7567,103,506.1298,927.6892000000001,525.4509,341.7678999999998,0.0,0.0,0.0,0.0,0.0,4,6229.1546,0.0,0.0,0.0,0.0,467.7764000000002,15.349900000000002,0.015,5.445157034220532,6.149050000000003,1.7465857142857142,1.9799812499999991,4.066874966674917,13.383248807745266,264.0,263.0,132.0,510.66666666666663,329.99999999999994,51.0,44,0,0,1,9,3.0,512.0,2935.4754000000003,767.4033,3789.8981,188,4,0,32,0.2433873732598819,0.6376302656449941,0.27270743128406494,10,1935.7081999999998,1432.0763,13,4,14.0,0,0,0,0.0,0,0.0,11153.283797766728,0.0,0,0,0,1.5,0,0.0,0,0,0.0,0,0.0,0,0,24.452199999999998,13.0,1.82,1,0.0,0.0,NaN,1280.0,100.0,0.24471582834044414,0,0,0.0,0,0.0,1280.0,0,0.0,0,0,0,0.0,0.0,0.0,0.0,0.0,0.0,0.0,0.0,0,0,0,0,44,0.0,0,6,0.0,0,0.0,505.3835,92.4412,1853.765265578882,0.0,1853.765265578882,0.0,0.0,725.5138000000002,4559.1214,0.7012590825742144,96,2156.122699999999,32,8997.161097766728,1,0.0,4,959.9698999999998,2,3995.6826,-8234.363,34.03799439848541,16.915840413652806,0,7,132,132,11 + fiscal policy and VAT,debt,9,-7.275957614183426e-12
20,128,1,4,13168.297500000006,8.2914,11001.333800000004,0.0,15772.280199999996,,0.0,7831.7297,7940.550499999996,0.0,771.3694000000003,26.87854099999998,0.00375,0.0,1899.3145284931652,0.0,0.4310826135663641,646.7025197167223,931.74536066211,0.02,127.91880000000002,1.485947395978355,0.0,0.0,1.485947395978355,0.0,1,0,0.9791666666666666,0.6593479741214554,0.0,116.0,0.0,0.0,1.485947395978355,1,0,0,0.250732421875,24,38.84604399343575,0.42558495714874317,39.27162895058449,1.9872472013053835,0.9702821109354408,2.9575293122408244,1022.1614000000026,994.5083999999996,1029.5764000000026,0.0,9,2,337.01399999999853,8230.6186,111.6004,1.485947395978355,1.485947395978355,0.0,0.0,0.0,0.0891568437587013,0.5,0.25,788.7300000000004,1002.7173000000007,2960.7567,107,396.2565,951.0726,461.2415000000001,346.0227,0.0,0.0,0.0,0.0,0.0,4,5872.4779,0.0,0.0,0.0,0.0,482.9198000000002,42.21990000000001,0.015,5.675788281249998,6.324125000000014,1.7425333333333333,2.0262078125,4.216517192237808,12.981751343512906,264.0,256.0,132.0,510.66666666666663,329.0,51.0,45,0,0,2,4,1.0,512.0,2665.0155999999974,781.3736,3847.6103999999996,188,4,0,32,0.20992657486695454,0.6593479741214554,0.2788747464309087,12,1991.5922999999998,1453.0017999999995,9,5,6.0,0,0,0,0.0,0,0.0,11571.313197766724,0.0,0,0,0,1.5,0,0.0,0,0,0.0,0,0.0,0,0,10.4552,12.0,1.82,1,0.0,0.0,NaN,1280.0,100.0,0.2685082241737775,0,0,0.0,0,0.0,1280.0,0,0.0,0,0,0,0.0,0.0,0.0,0.0,0.0,0.0,0.0,0.0,0,0,0,0,45,0.0,0,6,0.0,0,0.0,505.3835,90.5546,1955.6648474068325,0.0,1955.6648474068325,0.0,0.0,637.3524,4630.804,0.708744867729918,96,2034.4769000000003,32,9536.836297766726,1,0.0,4,1025.8318,2,3697.164000000002,-7831.7297,36.08027406239454,16.915840413652806,0,7,132,132,11 + fiscal policy and VAT,debt,9,-7.275957614183426e-12
21,128,1,4,13543.579300000001,8.9292,11438.448800000002,0.0,16170.099699999995,,0.0,8475.2425,7694.857199999996,0.0,430.01540000000006,29.771065124999982,0.00375,9.6462,1905.0568873337074,0.0,0.4133220098874299,699.7922553779351,928.3775248891382,0.02,139.46790000000004,1.515666343897922,0.0,0.0,1.515666343897922,0.0,1,0,0.9791666666666666,0.6770806474806286,0.0,110.0,0.0,0.0,1.515666343897922,1,0,0,0.25060772231330203,24,39.114112479203655,0.25593666213574606,39.37004914133941,3.937298568860899,0.9454484767063185,4.882747045567218,1048.561799999999,1030.0488,1048.089399999999,0.0,10,3,337.01399999999853,8230.6186,130.7213,1.515666343897922,1.515666343897922,0.0,0.0,0.0,0.09093998063387532,0.5,0.25,852.4628000000002,1066.4912000000004,2960.7567,111,1477.1307,1101.211099999999,1575.9801,380.55499999999995,0.0,0.0,0.0,0.0,0.0,1,5485.732,0.0,0.0,0.0,0.0,529.5801000000002,47.23320000000001,0.015,5.880804887218046,6.569409302325574,NaN,2.0531136000000005,4.445279516148572,12.592298803207521,258.0,266.0,129.0,509.3333333333333,313.0,51.0,48,0,0,0,6,5.0,512.0,2835.837199999998,813.9233,4010.6472999999996,188,4,0,32,0.2972991549462001,0.6770806474806286,0.29094062981679003,16,2066.0154999999995,1564.2941000000003,12,6,0.0,0,0,0,0.0,0,0.0,11864.230397766734,0.0,0,0,0,1.5,0,0.0,0,0,0.0,0,0.0,0,0,0.0,2.0,387.7933,1,40.8009,22.507299999999994,NaN,1280.0,99.99999998697916,0.37525723459044413,0,0,0.0,0,0.0,1279.9999998333333,0,0.0,0,0,0,0.0,0.0,0.0,0.0,0.0,0.0,0.0,0.0,0,0,0,0,48,0.0,0,6,0.0,0,0.0,643.4991,182.73930000000001,1683.9535547747384,0.0,1683.9535547747384,0.0,40.8009,807.8697000000002,5212.3639,0.7155363725043695,96,1858.9078999999997,32,10005.32249776673,1,0.0,4,1042.7514,2,3371.672300000001,-8465.596300000001,38.24509050613821,16.915840413652806,0,7,129,129,11 + fiscal policy and VAT,debt,9,-7.275957614183426e-12
22,128,1,4,12979.46189999999,9.567,10933.705799999994,0.0,16543.120699999996,,0.0,8040.3277,8502.792999999996,0.0,1102.3404,28.850064999999987,0.00375,0.0077,1921.388376464339,0.0,0.3962931430800678,695.9358894047875,929.5486676428925,0.02,144.04530000000008,1.5459796707758806,0.0,0.0,1.5459796707758806,0.0,3,0,0.9791666666666666,0.6896474267651411,0.0,112.0,0.0,0.0,1.5459796707758806,1,0,0,0.2510707986898463,23,39.17585044866288,0.1522737660687679,39.328124214731645,3.78661863667944,0.9031037459889807,4.68972238266842,1092.122299999998,1050.9093999999961,1089.3022999999978,0.0,11,4,337.01399999999853,8230.6186,127.6823,1.5459796707758806,1.5459796707758806,0.0,0.0,0.0,0.09275878024655283,0.5,0.25,913.7368000000002,1127.8011999999999,2960.7567,112,487.0716,1050.5511999999997,488.4973,384.5083,0.0,0.0,0.0,0.0,0.0,0,5067.3723,0.0,0.0,0.0,0.0,520.0763,0.0,0.015,6.1746658730158765,6.855769999999989,1.8631733333333333,2.1657714285714285,4.62904606720031,12.214529839111295,260.0,252.0,130.0,512.0,325.0,51.0,46,0,0,2,3,0.0,512.0,2798.4094,827.3657,4126.044900000001,188,4,0,32,0.3077517613666534,0.6896474267651411,0.3103519468407616,22,2234.4469999999983,1556.0158000000008,13,10,15.0,0,0,0,0.0,0,0.0,12062.529097766723,0.0,0,0,0,1.5,0,0.0,0,0,0.0,0,0.0,0,0,27.9476,12.0,160.2619,1,0.0258,0.018099999999999998,NaN,1280.0,99.99999998697916,0.3775883543821108,0,0,0.0,0,0.0,1279.9999998333333,0,0.0,0,0,0,0.0,0.0,0.0,0.0,0.0,0.0,0.0,0.0,0,0,0,0,46,0.0,0,6,0.0,0,0.0,828.2384999999999,86.7814,1876.69135450286,0.0,1876.69135450286,0.0,0.0258,927.4439,5113.6725,0.7175138950398823,96,1745.0663,32,10317.462797766728,1,0.0,4,1082.6029000000003,2,3012.0491999999995,-8040.32,40.53979593650651,16.915840413652806,0,7,130,130,11 + fiscal policy and VAT,debt,9,-7.275957614183426e-12
23,128,1,4,12573.994599999995,10.2048,10585.3487,0.0,16938.8863,,0.0,7698.535,9240.351299999998,0.0,1064.4837,31.87961062499999,0.00375,0.0,1942.6496014689897,0.0,0.379965865585169,722.1534234986175,947.1526509793264,0.02,162.64389999999995,1.5768992641913981,0.0,0.0,1.5768992641913981,0.0,7,0,0.9791666666666666,0.7167829465994031,0.0,113.0,0.0,0.0,1.5768992641913981,1,0,0,0.2508650765396938,23,40.90246206346013,-0.042561007413934926,40.85990105604619,3.4920519246853186,0.831095110394716,4.3231470350800345,1156.8506000000004,1089.3022999999987,1156.8506000000004,0.0,11,4,337.01399999999853,8230.6186,155.77609999999999,1.5768992641913981,1.5768992641913981,0.0,0.0,0.0,0.09461395585148388,0.5,0.25,972.7466000000004,1186.8419000000004,2960.7567,112,661.8342,1066.6636999999998,661.8342,398.4667000000001,0.0,0.0,0.0,0.0,0.0,0,4618.6804,0.0,0.0,0.0,0.0,538.0072000000001,0.0,0.015,6.571313584905661,7.258250000000001,2.0009666666666663,2.2531193548387107,4.868190884067848,11.848093943937956,256.0,265.0,128.0,509.33333333333337,322.0,51.0,46,0,0,1,8,2.0,512.0,2649.7904,867.0037,4313.332199999999,188,4,0,32,0.3051580401651768,0.7167829465994031,0.30686857654341826,33,2275.1623000000004,1741.3981,18,10,6.0,0,0,0,0.0,0,0.0,12441.97239776673,0.0,0,0,0,1.5,0,0.0,0,0,0.0,0,0.0,0,0,12.005799999999999,13.0,125.1879,1,0.0,0.0,NaN,1280.0,99.99999998697916,0.41702784656961084,0,0,0.0,0,0.0,1279.9999998333333,0,0.0,0,0,0,0.0,0.0,0.0,0.0,0.0,0.0,0.0,0.0,0,0,0,0,46,0.0,0,6,0.0,0,0.0,828.2384999999999,84.8948,1894.3882848020746,0.0,1894.3882848020746,0.0,0.0,798.2336000000001,5305.5238,0.7307962899752036,96,1520.6988999999999,32,10921.273497766726,1,0.0,4,1187.6193,2,2619.8296999999993,-7698.535,42.9721836926969,16.915840413652806,0,7,128,128,11 + fiscal policy and VAT,debt,9,-7.275957614183426e-12
24,128,1,4,12491.180399999996,10.8426,10487.77050000001,0.0,17331.071600000003,,0.0,7539.0831,9791.988500000001,0.0,959.8738000000002,34.645450125,0.00375,0.0,1976.2983271009325,0.0,0.36431127192306,757.4404419433073,952.5054347339549,0.02,172.07119999999995,1.6084372494752261,0.0,0.0,1.6084372494752261,0.0,8,0,0.9791666666666666,0.7373640180147536,0.0,237.0,0.0,0.0,1.6084372494752261,1,0,0,0.2500990883868411,23,41.767505315461605,-0.18667266438209798,41.58083265107951,3.6232885673431454,0.7772055727477293,4.400494140090875,1227.4182999999987,1156.850600000002,1227.4182999999987,0.0,11,4,337.01399999999853,8230.6186,159.3244,1.6084372494752261,1.6084372494752261,0.0,0.0,0.0,0.09650623496851357,0.5,0.25,959.882200000001,1245.0287000000012,2960.7567,112,1008.1630000000001,1090.3393999999994,937.1375999999999,438.39839999999936,0.0,71.02539999999999,0.0,0.0,0.0,0,4140.6440999999995,0.0,0.0,0.0,0.0,561.9732000000002,0.0,0.015,6.926434099616859,7.58403129770992,2.17284,2.3745196850393704,5.178856928100101,11.492651125619817,262.0,261.0,131.0,510.66666666666663,325.0,51.0,45,0,0,0,4,3.0,512.0,2744.0664,888.7597,4622.0178,188,4,0,32,0.311210884988971,0.7373640180147536,0.3104202714859352,26,2504.573199999999,1807.7993000000004,19,15,5.0,0,0,0,0.0,0,0.0,12976.844097766725,0.0,0,0,0,1.5,0,0.0,0,0,0.0,0,0.0,0,0,10.8642,10.0,95.6924,1,0.0,0.0,NaN,1280.0,99.99999998697916,0.46956491688211077,0,0,0.0,0,0.0,1279.9999998333333,0,0.0,0,0,0,0.0,0.0,0.0,0.0,0.0,0.0,0.0,0.0,0,0,0,0,45,0.0,0,6,0.0,0,0.0,828.2384999999999,84.6003,2103.9420178509768,0.0,2103.9420178509768,0.0,0.0,1038.9145999999998,5606.4699,0.7451894731079367,96,1358.6880000000003,32,11618.156097766725,1,0.0,4,1134.2485000000001,2,2126.3916,-7539.0831,45.55051471425872,16.915840413652806,0,7,131,131,11 + fiscal policy and VAT,debt,9,-7.275957614183426e-12
25,128,1,4,12153.89329999999,11.4804,10207.7333,0.0,17759.2477,,0.0,7200.9246,10558.3231,0.0,1117.2014000000004,36.714194625,0.00375,0.798,2019.5574955220623,0.0,0.3493016475198299,801.8245183739349,979.1697636813749,0.02,176.76090000000002,1.6406059944647307,0.0,0.0,1.6406059944647307,0.0,13,0,0.9791666666666666,0.760463336799456,0.0,235.0,0.0,0.0,1.6406059944647307,1,0,0,0.2510707986898463,23,43.112428974174975,-0.32919814120448504,42.78323083297049,3.105112029773523,0.7785330250389562,3.8836450548124786,1268.0339999999997,1227.4183000000003,1268.0339999999997,0.0,11,4,337.01399999999853,8230.6186,160.38639999999998,1.6406059944647307,1.6406059944647307,0.0,0.0,0.0,0.09843635966788383,0.5,0.25,1019.0317,1304.1989000000049,2960.7567,112,801.3792,1138.0285,801.3792,448.8618999999999,0.0,0.0,0.0,0.0,0.0,0,3664.4658,0.0,0.0,0.0,0.0,596.3072999999997,0.0,0.015,7.240138095238098,7.94535461538461,2.3608999999999996,2.464061904761904,5.375646042630932,11.147871591851223,260.0,252.0,130.0,512.0,324.0,51.0,46,0,0,1,0,0.0,512.0,2672.7355000000007,938.0988,4821.296,188,4,0,32,0.2936166496717496,0.760463336799456,0.30163694166881805,40,2536.3441,1824.5148000000008,8,8,3.0,0,0,0,0.0,0,0.0,13527.463197766725,0.0,0,0,0,1.5,0,0.0,0,0,0.0,0,0.0,0,0,7.082699999999999,11.0,56.4992,1,2.6607,1.8627999999999998,NaN,1280.0,99.99999998697916,0.5101850601112775,0,0,0.0,0,0.0,1279.9999998333333,0,0.0,0,0,0,0.0,0.0,0.0,0.0,0.0,0.0,0.0,0.0,0,0,0,0,46,0.0,0,6,0.0,0,0.0,828.2384999999999,83.6968,2302.2972617846513,0.0,2302.2972617846513,0.0,2.6607,961.1122000000001,5815.894,0.7921391013269066,96,1186.7635999999998,32,12340.699597766723,1,0.0,4,1117.9732000000001,2,1706.8254000000002,-7200.1266000000005,48.28354559711424,16.915840413652806,0,7,130,130,11 + fiscal policy and VAT,debt,9,-7.275957614183426e-12
26,128,1,4,12183.631600000002,12.118199999999998,10230.509900000001,0.0,18256.133399999995,,0.0,6234.8366,12021.296799999995,0.0,1875.1441000000002,39.58791074999998,0.00375,0.9684,2085.5509367086242,0.0,0.3349104196420129,889.1766777076396,1010.8702411390827,0.02,194.37140000000005,1.6734181143540252,0.0,0.0,1.6734181143540252,0.0,17,0,0.9739583333333334,0.7858109690308688,0.0,230.0,0.0,0.0,1.6734181143540252,1,0,0,0.25010062461799915,23,48.16242693046344,-0.5391652366131279,47.62326169385032,4.010447835648813,0.7386875677851444,4.749135403433958,1322.3008999999995,1268.0339999999999,1322.3008999999995,0.0,11,4,337.01399999999853,8230.6186,183.6253,1.6734181143540252,1.6734181143540252,0.0,0.0,0.0,0.10040508686124151,0.5,0.25,1013.9695999999985,1362.976100000007,2960.7567,112,1204.2167,1173.8405999999984,242.1568,468.0603000000001,0.0,0.0,0.0,0.0,0.0,4,3227.8641,0.0,0.0,0.0,0.0,674.8624999999997,0.0,0.015,7.577336293436294,8.401051181102357,2.4128,2.606542622950819,5.686570607077269,10.813435444095687,254.0,259.0,127.0,510.66666666666663,310.99999999999994,51.0,48,0,0,2,5,0.0,512.0,2951.7868000000003,965.112,4987.462100000001,187,5,0,32,0.33435588700037555,0.7858109690308688,0.3012468276185416,42,2652.0593000000013,1962.5301000000002,11,6,5.0,0,0,0,0.0,0,0.0,14955.65645735307,0.0,0,0,0,1.5,0,0.0,0,0,0.0,0,0.0,0,0,12.063999999999998,4.0,50.4382,1,3.2285000000000004,2.2600000000000002,NaN,1280.0,99.99999998697916,0.4331455862068052,0,0,0.0,0,0.0,1279.9999998333333,0,0.0,0,0,0,0.0,0.0,0.0,0.0,0.0,0.0,0.0,0.0,0,0,0,0,48,0.0,0,6,0.0,0,0.0,828.2384999999999,81.6775,2152.782304833179,0.0,2152.782304833179,0.0,3.2285000000000004,1130.0178,6003.012299999999,0.8459532992463394,96,998.0553,32,13957.601157353072,1,0.0,4,1221.7218,2,1262.6241999999997,-6233.8682,51.1805583329411,16.915840413652806,0,7,127,127,11 + fiscal policy and VAT,debt,9,-7.275957614183426e-12
27,128,1,4,12144.8321,12.756,9849.54950000001,0.0,18719.8865,,0.0,5844.0694,12875.817099999998,0.0,1211.5562000000002,45.07429774999999,0.00375,0.0464,2147.722316361966,0.0,0.32111211035276194,884.2833279621983,1039.599052574644,0.02,204.07789999999991,1.7068864766411058,0.0,0.0,1.7068864766411058,0.0,22,0,0.9739583333333334,0.7985949799882752,0.0,106.0,0.0,0.0,1.7068864766411058,1,0,0,0.2500450694068866,23,48.67868622170513,-0.5966324365596306,48.0820537851455,3.132255574655311,0.6981959332065197,3.830451507861831,1367.9479999999994,1322.3009000000018,1367.9479999999994,0.0,11,4,337.01399999999853,8230.6186,184.85379999999998,1.7068864766411058,1.7068864766411058,0.0,0.0,0.0,0.10241318859846635,0.5,0.25,673.7082999999985,1432.7864000000088,2960.7567,112,1199.3462000000002,1237.5079000000003,789.2848,495.8628999999997,0.0,0.0,0.0,0.0,0.0,3,3140.2506000000003,0.0,0.0,0.0,0.0,660.4972000000002,0.0,0.015,7.811752325581394,8.59496124031007,2.4450714285714286,2.751014516129034,5.803083956834016,10.489032380772814,258.0,258.0,129.0,509.33333333333337,321.0,51.0,46,2,2,2,4,4.0,510.0,2768.3533,946.6682,5267.2597000000005,187,5,0,32,0.2977888022028299,0.7985949799882752,0.29970968927753017,58,2753.6977000000006,2015.4320999999998,15,11,7.0,0,0,2,0.0,0,0.0,15496.450757353074,0.0,0,0,0,1.5,0,0.0,0,0,0.0,0,0.0,0,0,17.1155,10.0,22.2539,1,0.1552,0.1088,NaN,1280.0,99.99999998697916,0.48270546901930517,0,0,0.0,0,0.0,1279.9999998333333,0,0.0,0,0,0,0.0,0.0,0.0,0.0,0.0,0.0,0.0,0.0,0,0,0,0,46,0.0,0,6,0.0,0,0.0,828.2384999999999,79.6582,2597.1567785934585,0.0,2597.1567785934585,0.0,0.1552,1038.4021,6236.1818,0.891046010554827,96,835.7415000000002,32,14660.709257353074,1,0.0,4,1194.7571,2,832.212,-5844.023,54.25139183291756,16.915840413652806,0,7,129,129,11 + fiscal policy and VAT,debt,9,-7.275957614183426e-12
28,128,1,4,12115.995400000003,13.393799999999999,9648.326000000003,0.0,19241.860299999993,,0.0,5444.1218,13797.738499999994,0.0,1627.8825000000004,48.278983999999994,0.00375,1.996,2224.63813512037,0.0,0.30788229140622814,940.9039574933569,1075.8991400802468,0.02,209.97030000000004,1.741024206173928,0.0,0.0,1.741024206173928,0.0,36,6,0.96875,0.8392247773161183,0.0,110.0,0.0,0.0,1.741024206173928,1,0,0,0.25004650009300017,23,51.149548869168434,-1.1047023995117853,50.04484646965665,4.320948663297335,0.0005844251616163259,4.321533088458951,1421.9729999999993,1367.947999999997,1421.9729999999993,0.0,11,4,337.01399999999853,8230.6186,191.97979999999998,1.741024206173928,1.741024206173928,0.0,0.0,0.0,0.10446145237043568,0.5,0.25,503.22049999999865,1497.621000000009,2960.7567,113,796.4606000000001,824.6594999999994,1281.6258000000003,498.38509999999985,0.0,0.0,0.0,0.0,0.0,23,3043.1895,0.0,0.0,0.0,0.0,710.6969,845.0852000000011,0.015,8.010244881889763,9.130488188976383,2.6039999999999996,2.833871900826446,5.398180794518667,10.17436140934963,254.0,254.0,127.0,507.3333333333333,312.0,51.0,48,2,1,1,4,1.0,510.0,2579.068000000002,984.3595,5493.494999999999,186,6,0,32,0.4475110703750349,0.8392247773161183,0.4019676432964583,73,1795.1002,2034.6022,15,11,6.0,0,0,2,0.0,0,0.0,15994.279516939427,0.0,0,0,0,1.5,0,0.0,0,0,0.0,0,0.0,0,0,15.623999999999999,5.0,13.8874,1,6.652200000000001,4.656000000000001,NaN,1280.0,99.99999998697916,0.5211590419898329,0,0,0.0,0,0.0,1279.9999998333333,0,0.0,0,0,0,0.0,0.0,0.0,0.0,0.0,0.0,0.0,0.0,0,0,0,0,48,0.0,0,6,0.0,0,0.0,828.2384999999999,77.63889999999999,2399.9413198116645,0.0,2399.9413198116645,0.0,6.652200000000001,1125.8661,6491.741899999999,0.9439526828393361,96,402.4036,32,15591.875916939423,1,0.0,4,1191.077,2,562.1263000000006,-5442.1258,57.50647534289262,16.915840413652806,0,7,127,127,11 + fiscal policy and VAT,debt,9,-7.275957614183426e-12
29,128,1,4,11992.611099999995,14.031600000000001,9453.583799999999,0.0,19810.18339999999,,0.0,5125.9177,14684.26569999999,0.0,1603.7959000000003,51.73560912500002,0.00375,1.15,2310.8963775723437,0.0,0.2951975410002915,962.7914421903218,1122.0646100482293,0.02,186.61309999999997,1.7758446902974065,0.0,0.0,1.7758446902974065,0.0,30,2,0.9635416666666666,0.8214129126815364,0.0,102.0,0.0,0.0,1.7758446902974065,1,0,0,0.27322314049586777,23,53.51034098354956,-0.9543048305424559,52.556036153007106,5.9657827536924,0.029127122585588326,5.994909876277989,1419.3841000000002,1421.973,1419.3841000000002,0.0,11,4,337.01399999999853,8230.6186,175.8321,1.7758446902974065,1.7758446902974065,0.0,0.0,0.0,0.10655068141784439,0.5,0.25,431.22479999999905,1565.0486000000085,2960.7567,114,759.5889999999999,882.3355,1370.0641,472.5850000000003,0.0,0.0,0.0,0.0,0.0,12,2932.705,0.0,0.0,0.0,0.0,727.2255999999999,882.7345999999995,0.015,8.085648181818184,9.095424806201553,2.5289333333333333,2.9143409836065586,5.224457203461219,9.86913056706914,258.0,220.0,129.0,509.0,316.0,51.0,47,16,16,10,5,2.0,495.0,3569.644599999998,190.7114,5296.3215,185,7,0,32,0.46533125410790155,0.8214129126815364,0.3809957368057091,60,2603.391200000001,1778.8426000000004,20,15,3.0,0,0,16,0.0,0,0.0,17622.594676525787,0.0,0,0,0,1.5,0,0.0,0,0,0.0,0,0.0,0,0,7.5868,5.0,2.0786,1,3.8335,2.6836,NaN,1280.0,99.99999998697916,0.393935674856194,0,0,0.0,0,0.0,1279.9999998333333,0,0.0,0,0,0,0.0,0.0,0.0,0.0,0.0,0.0,0.0,0.0,0,0,0,0,47,0.0,0,6,0.0,0,0.0,828.2384999999999,75.61959999999999,3434.762527431863,0.0,3434.762527431863,0.0,3.8335,1547.2171,5489.1115,0.925556460650033,96,696.7661999999999,32,16925.82847652577,1,0.0,4,1290.8488000000002,2,379.64609999999993,-5124.7677,60.95686386346618,16.915840413652806,0,7,129,129,11 + fiscal policy and VAT,debt,9,-7.275957614183426e-12
30,128,1,4,11659.6294,14.6694,9099.598400000003,0.0,20424.424899999995,,0.0,4595.5318,15828.893099999994,0.0,1885.0121,55.060830875000015,0.00375,0.0,2407.8664836699018,0.0,0.2830354023110795,999.9331665492534,1177.018339113268,0.02,199.59710000000007,1.8113615841033548,0.0,0.0,1.8113615841033548,0.0,21,0,0.9635416666666666,0.8041696349750669,0.0,107.0,0.0,0.0,1.8113615841033548,1,0,0,0.38292011019283745,23,53.926532042460984,-0.7966322942448427,53.12989974821614,5.491575814521193,0.6951519185305354,6.186727733051728,1297.389199999998,1419.3840999999961,1297.389199999998,0.0,11,4,337.01399999999853,8230.6186,238.64679999999998,1.8113615841033548,1.8113615841033548,0.0,0.0,0.0,0.10868169504620129,0.5,0.25,409.583299999999,1636.6916000000083,2960.7567,116,516.0781999999999,848.4221000000001,1718.9861,465.2376000000006,0.0,0.0,0.0,0.0,0.0,1,2812.1205,0.0,0.0,0.0,0.0,771.9291999999996,545.9719000000003,0.015,7.894757575757574,9.08545272727271,2.4785400000000006,2.928586407766991,5.158371516402554,9.573056650057067,220.0,231.0,110.0,481.66666666666686,287.0,49.0,49,10,7,9,0,0.0,502.0,4146.418899999998,186.0954,4512.916,185,7,0,32,0.40502239945685425,0.8041696349750669,0.3063178019948962,48,2811.8803000000003,1823.6889999999996,10,10,20.0,0,0,10,0.0,0,0.0,18387.089276525774,0.0,0,0,0,1.5,0,0.0,0,0,0.0,0,0.0,0,0,49.57080000000001,16.0,2.0786,1,0.0,0.0,NaN,1280.0,99.99999998697916,0.28746628683536074,0,0,0.0,0,0.0,1279.9999998333333,0,0.0,0,0,0,0.0,0.0,0.0,0.0,0.0,0.0,0.0,0.0,0,0,0,0,49,0.0,0,6,0.0,0,0.0,828.2384999999999,73.60029999999999,2961.048410687219,0.0,2961.048410687219,0.0,0.0,1690.0299,4701.089999999999,0.9003482791592119,96,1072.5080000000005,32,17314.581276525772,1,0.0,4,2101.0188,2,237.42009999999982,-4595.5318,64.61427569527416,16.915840413652806,0,7,110,110,11 + fiscal policy and VAT,debt,9,-7.275957614183426e-12
31,128,1,4,11588.474799999993,15.307200000000002,9030.837600000006,0.0,20929.717299999997,,0.0,4511.3993,16418.317999999996,0.0,1364.5706999999998,59.353184125000006,0.00375,1.948,2488.732243914177,0.0,0.271374343735863,953.9913554386357,1214.344945942785,0.02,220.15209999999993,1.847588815785422,0.0,0.0,1.847588815785422,0.0,28,0,0.9635416666666666,0.7644706562504502,0.0,106.0,1.0,0.0,1.847588815785422,1,0,0,0.31852800000000003,23,145.94251415252697,-0.8850137782854933,145.05750037424147,5.536836843427715,0.5820698046651596,6.118906648092875,1329.802600000002,1292.0245999999986,1335.1672000000021,0.0,11,4,337.01399999999853,8230.6186,233.52769999999998,1.847588815785422,1.847588815785422,0.0,0.0,0.0,0.11085532894712531,0.5,0.25,411.3392999999989,1707.9801000000073,2960.7567,120,735.4998,806.0165999999995,1704.0113999999999,532.9826999999993,0.0,0.0,0.0,0.0,0.0,6,2678.3456,0.0,0.0,0.0,0.0,727.2597999999994,599.9206999999998,0.015,7.821855600000002,8.856405982905992,2.420379310344828,2.8792463636363617,5.060854533228499,9.285864950555354,234.0,250.0,117.0,491.0000000000001,302.0,50.0,46,2,0,12,4,2.0,510.0,3921.218499999998,341.5568,4643.3273,185,7,0,32,0.4027333282610368,0.7644706562504502,0.296526663768256,43,2440.0724000000014,1955.4639000000004,16,12,29.0,0,0,2,0.0,0,0.0,66082.05490000003,0.0,0,0,0,1.5,0,0.0,0,0,0.0,0,0.0,0,0,70.19100000000002,16.0,2.0786,1,6.4928,4.5451999999999995,NaN,1280.0,99.99999998697916,0.5611254296875,0,0,0.0,0,0.0,1279.9999998333333,0,0.0,0,0,0,0.0,0.0,0.0,0.0,0.0,0.0,0.0,0.0,0,0,0,0,46,0.0,0,6,0.0,0,0.0,828.2384999999999,71.581,3157.1781733705816,0.0,3157.1781733705816,0.0,6.4928,1551.0747000000001,4986.962699999999,0.7947697299414112,96,1134.1808,32,64947.8741,1,0.0,4,2206.4415000000004,2,105.4012000000007,-4509.4513,68.49113223699061,273.5167,0,7,117,117,11 + fiscal policy and VAT,debt,9,-7.275957614183426e-12
32,128,1,4,11585.0054,15.945,9040.172100000002,0.0,21437.4253,,0.0,4490.3509,16947.074399999998,0.0,1300.1258000000003,61.563401750000004,0.00375,0.5692,2565.88155555962,0.0,0.2601937207739454,955.2997662984939,1250.87777037308,0.02,227.5568,1.8845405921011305,0.0,0.0,1.8845405921011305,0.0,33,2,0.9635416666666666,0.7679680231921753,0.0,107.0,0.0,0.0,1.8845405921011305,1,0,0,0.2808284023668639,23,149.13910778212463,-1.2730350268606534,147.86607275526396,5.958642148998308,0.244183647518273,6.202825796516581,1362.8301999999994,1320.7725000000032,1377.2248999999993,0.0,11,4,337.01399999999853,8230.6186,215.05180000000001,1.8845405921011305,1.8845405921011305,0.0,0.0,0.0,0.11307243552606783,0.5,0.25,423.50539999999967,1777.9937000000107,2960.7567,124,802.8649,805.6965,1167.9913,530.3385000000003,0.0,0.0,0.0,0.0,0.0,19,2531.567,0.0,0.0,0.0,0.0,726.5861999999998,524.7750000000001,0.015,7.741426923076925,8.767399999999993,2.3509764705882352,2.8190871794871843,5.024198145627938,9.007289002038693,248.0,260.0,124.0,494.66666666666674,317.0,51.0,46,2,2,4,8,6.0,509.0,3826.580699999999,324.6393,4899.5706,185,7,0,32,0.43498545969349367,0.7679680231921753,0.31877950411776235,46,2645.976,2012.7710000000004,16,8,17.0,0,0,2,0.0,0,0.0,66476.9088,0.0,0,0,0,1.5,0,0.0,0,0,0.0,0,0.0,0,0,39.9666,16.0,2.0786,1,1.8967,1.3276,NaN,1280.0,99.99999998697916,0.5945117187499999,0,0,0.0,0,0.0,1279.9999998333333,0,0.0,0,0,0,0.0,0.0,0.0,0.0,0.0,0.0,0.0,0.0,0,0,0,0,46,0.0,0,6,0.0,0,0.0,828.2384999999999,69.5617,3164.640835230219,0.0,3164.640835230219,0.0,1.8967,1649.2155999999998,5226.288500000001,0.7989642486033459,96,956.3984,32,65520.5104,1,0.0,4,2198.2424,2,-29.211300000000392,-4489.7817000000005,72.60060017121005,273.5167,0,7,124,124,11 + fiscal policy and VAT,debt,9,-7.275957614183426e-12
33,128,1,4,11121.185000000001,16.5828,8594.000300000007,0.0,21944.425599999995,,0.0,4033.0539,17911.371699999996,0.0,1394.3127,63.54580275000001,0.00375,1.0232,2627.146963858099,0.0,0.24947373947805884,944.8538885718478,1279.5903259053991,0.02,213.38220000000004,1.9222314039431532,0.0,0.0,1.9222314039431532,0.0,38,4,0.9635416666666666,0.7699947757862131,0.0,111.0,0.0,0.0,1.9222314039431532,1,0,0,0.2929395493776369,22,151.82231858467753,-1.5444901580954808,150.27782842658206,5.146523374989006,0.007324727949677334,5.153848102938683,1390.7630000000015,1380.191799999997,1387.7961000000016,0.0,12,5,337.01399999999853,8230.6186,212.575,1.9222314039431532,1.9222314039431532,0.0,0.0,0.0,0.11533388423658919,0.5,0.25,440.51619999999934,1845.9778000000117,2960.7567,128,388.394,851.5765999999996,799.8398000000001,524.3115999999997,0.0,0.0,0.0,0.0,0.0,32,2371.7787,0.0,0.0,0.0,0.0,723.3195999999992,560.1623999999998,0.015,7.72153723849372,8.741175000000009,2.3157944444444443,2.805817355371902,4.977174891415765,8.737070331977533,256.0,239.0,128.0,503.6666666666667,324.0,50.0,46,7,7,4,5,2.0,505.0,3361.022699999999,476.1427,4909.1391,185,7,0,32,0.4315728492309052,0.7699947757862131,0.39026804362645007,40,2563.8505999999993,1845.447399999999,18,13,18.0,0,0,7,0.0,0,0.0,66933.40290000004,0.0,0,0,0,1.5,0,0.0,0,0,0.0,0,0.0,0,0,41.68429999999999,16.0,2.0786,1,3.4113999999999995,2.388,NaN,1280.0,100.0,0.6169946484375,0,0,0.0,0,0.0,1280.0,0,0.0,0,0,0,0.0,0.0,0.0,0.0,0.0,0.0,0.0,0.0,0,0,0,0,46,0.0,0,6,0.0,0,0.0,548.856,67.5424,3192.298719794911,0.0,3192.298719794911,0.0,3.4113999999999995,1016.6426000000001,5387.3604,0.801484801537345,96,841.9489,32,66091.45400000001,1,0.0,4,2217.7653999999998,2,-171.98879999999963,-4032.0307,76.95663618148265,273.5167,0,7,128,128,11 + fiscal policy and VAT,debt,9,-7.275957614183426e-12
34,128,1,4,11464.2696,17.220599999999997,8958.809600000006,0.0,22506.40390000001,,0.0,4431.8135,18074.59040000001,0.0,1265.5591000000004,67.161874875,0.00375,7.9917,2692.828241459727,0.0,0.2391954214115628,958.6609998113006,1312.1820193064848,0.02,197.62010000000006,1.9606760320220162,0.0,0.0,1.9606760320220162,0.0,29,1,0.9635416666666666,0.762204650363691,0.0,105.0,0.0,0.0,1.9606760320220162,1,0,0,0.3608498086734694,22,152.7631104689136,-0.8450962685462953,151.91801420036728,5.1350023076747195,0.3695079286214532,5.5045102362961735,1325.6365000000008,1387.796099999999,1325.6365000000008,0.0,12,5,337.01399999999853,8230.6186,225.98420000000004,1.9606760320220162,1.9606760320220162,0.0,0.0,0.0,0.11764056192132097,0.5,0.25,461.6030999999996,1914.5749000000117,2960.7567,130,1227.0766999999998,883.3542999999999,1904.7536,490.9842000000001,0.0,0.0,0.0,0.0,0.0,11,2200.3824,0.0,0.0,0.0,0.0,738.0636999999996,320.38069999999993,0.015,7.6086375,8.65510661157025,2.281725,2.769683333333335,4.979134392601871,8.474958222018206,242.0,224.0,121.0,499.6666666666667,305.99999999999994,50.0,47,17,16,6,5,3.0,495.0,3695.5421000000006,468.1417,4631.1524,185,7,0,32,0.3755132816390452,0.762204650363691,0.3282335869554698,35,2748.3734,1704.3348,15,10,4.0,0,0,17,0.0,0,0.0,67822.20240000002,0.0,0,0,0,1.5,0,0.0,0,0,0.0,0,0.0,0,0,9.1269,12.0,461.0593,1,30.877,18.647199999999998,NaN,1280.0,100.0,0.6320220182291666,0,0,0.0,0,0.0,1280.0,0,0.0,0,0,0,0.0,0.0,0.0,0.0,0.0,0.0,0.0,0.0,0,0,0,0,47,0.0,0,6,0.0,0,0.0,548.856,65.5231,2705.9430562661823,0.0,2705.9430562661823,0.0,30.877,1075.6442999999997,5560.3534,0.7957894280939986,96,1374.5585999999998,32,66447.6438,1,0.0,4,2403.8287,2,-322.29820000000063,-4423.821800000001,81.57403435237161,273.5167,0,7,121,121,11 + fiscal policy and VAT,debt,9,-7.275957614183426e-12
35,128,1,4,11213.961499999998,17.8584,8735.0297,0.0,23043.125999999997,,0.0,4248.7534,18794.3726,0.0,1784.2658999999996,67.77394950000003,0.00375,2.4096,2755.3583564432665,0.0,0.22934057004940642,972.2738834327765,1345.6092376288443,0.02,223.26790000000003,1.9998895526624565,0.0,0.0,1.9998895526624565,0.0,38,1,0.9635416666666666,0.764546621145473,0.0,117.0,0.0,0.0,1.9998895526624565,1,0,0,0.3292792866626235,22,156.1592223817491,-0.9918272287454681,155.16739515300364,7.6187854820362935,0.08294318337345095,7.701728665409744,1271.004200000001,1325.6365000000026,1271.004200000001,0.0,12,5,337.01399999999853,8230.6186,243.4211,1.9998895526624565,1.9998895526624565,0.0,0.0,0.0,0.11999337315974738,0.5,0.25,487.4934999999996,1986.3392000000124,2960.7567,132,583.0343,832.7046000000006,988.6664000000001,519.9093999999997,0.0,0.0,0.0,0.0,0.0,10,2016.7997,0.0,0.0,0.0,0.0,759.5914999999995,249.71409999999983,0.015,7.440764372469636,8.763875000000002,2.2226444444444446,2.7264647619047633,4.961095264376563,8.220709475357658,224.0,247.0,112.0,487.33333333333337,290.0,49.0,49,6,5,3,7,0.0,506.0,3919.444800000001,605.4728,4452.955599999999,185,7,0,32,0.4754571182345775,0.764546621145473,0.36850117196945376,44,2493.361699999999,1837.8688000000002,16,9,27.0,0,0,6,0.0,0,0.0,68235.82019999994,0.0,0,0,0,1.5,0,0.0,0,0,0.0,0,0.0,0,0,60.0114,15.0,216.879,1,8.0331,5.623200000000001,NaN,1280.0,100.0,0.5984830468750001,0,0,0.0,0,0.0,1280.0,0,0.0,0,0,0,0.0,0.0,0.0,0.0,0.0,0.0,0.0,0.0,0,0,0,0,49,0.0,0,6,0.0,0,0.0,548.856,63.5038,2205.759747931772,0.0,2205.759747931772,0.0,8.0331,1570.5845000000002,5275.3074,0.7957705461620741,96,1395.9470999999999,32,66839.8731,1,0.0,4,2714.442,2,-479.9904999999999,-4246.3438,86.46847641351391,273.5167,0,7,112,112,11 + fiscal policy and VAT,debt,9,-7.275957614183426e-12
36,128,1,4,11007.748799999994,18.4962,8496.319499999992,0.0,23528.811999999984,,0.0,3972.8501,19555.961899999984,0.0,1721.4631000000004,70.47289374999993,0.00375,0.0,2797.68876883242,0.0,0.21989173856337085,926.7620914999228,1366.9668458882802,0.02,225.31130000000005,2.0,0.0,0.0,2.0,0.0,31,0,0.9583333333333334,0.763104331022656,0.0,115.0,0.0,0.0,2.0,1,0,0,0.306772373018006,22,159.56684924952205,-1.1846167147513467,158.3822325347707,6.988574293224848,0.1691208588991771,7.157695152124025,1359.9977999999985,1271.0042000000008,1359.9977999999985,0.0,12,5,337.01399999999853,8230.6186,236.26210000000003,2.0,2.0,0.0,0.0,0.0,0.12,0.5,0.25,454.3581999999989,2055.909600000018,2960.7567,133,604.7466999999994,810.321599999998,1189.0915,530.3887999999995,0.0,55.802199999999985,0.0,0.0,0.0,15,1821.3467,0.0,0.0,0.0,0.0,714.8504999999997,801.1814000000005,0.015,7.447873770491802,8.601664799999996,2.237792592592593,2.7358290598290624,4.888738570475836,7.9740881910969295,250.0,244.0,125.0,502.3333333333333,316.0,50.0,47,7,7,4,5,1.0,505.0,3815.427,604.1559,4564.1651999999995,184,8,0,32,0.4475389083253327,0.763104331022656,0.40946409549093143,40,2019.964099999999,1817.2811999999997,11,6,27.0,0,0,7,0.0,0,0.0,68521.99349999998,0.0,0,0,0,1.5,0,0.0,0,0,0.0,0,0.0,0,0,60.42040000000001,14.0,202.654,1,0.0,0.0,NaN,1280.0,100.0,0.6514829036458333,0,0,0.0,0,0.0,1280.0,0,0.0,0,0,0,0.0,0.0,0.0,0.0,0.0,0.0,0.0,0.0,0,0,0,0,47,0.0,0,6,0.0,0,0.0,548.856,61.4845,2867.089760100526,0.0,2867.089760100526,0.0,0.0,1422.5421000000001,5370.9751,0.7955796895283287,96,1593.4484,32,66928.5451,1,0.0,4,2736.6575000000003,2,-708.5788000000002,-3972.8501,91.65658499832475,273.5167,0,7,125,125,11 + fiscal policy and VAT,debt,9,-7.275957614183426e-12
37,128,1,4,11133.894500000008,19.134,8662.683299999999,0.0,24188.30629999999,,0.0,4196.1169,19992.18939999999,0.0,1553.4288999999997,73.32855537499997,0.00375,0.1792,2835.5445706757096,0.0,0.21083219893455998,953.2477257470923,1397.2885637838065,0.02,212.20019999999997,2.0,0.0,0.0,2.0,0.0,23,0,0.9583333333333334,0.7566771882947829,0.0,115.0,0.0,0.0,2.0,1,0,0,0.3378625173496968,22,160.88696101034387,-0.6199430649054629,160.2670179454384,7.960254819545391,0.8379851598767858,8.798239979422176,1314.4849,1235.5258999999949,1438.9568000000006,0.0,12,5,337.01399999999853,8230.6186,234.95579999999998,2.0,2.0,0.0,0.0,0.0,0.12,0.5,0.25,493.9384999999985,2128.1237000000215,2960.7567,134,984.8294,858.0458999999983,904.6931,387.13089999999977,0.0,0.0,0.0,0.0,0.0,0,1628.1885,0.0,0.0,0.0,0.0,741.4443000000003,0.0,0.015,7.3761401709401735,8.480884426229512,2.2274789473684202,2.7250798245614045,4.827889526386604,7.734865545364021,244.0,234.0,122.0,499.6666666666667,308.0,50.0,49,12,12,5,6,2.0,500.0,4666.755399999998,145.5024,4522.906199999999,184,8,0,32,0.43308961176216787,0.7566771882947829,0.3196362562183406,29,3280.9797999999996,1726.0168000000006,10,4,19.0,0,0,12,0.0,0,0.0,69858.77309999993,0.0,0,0,0,1.5,0,0.0,0,0,0.0,0,0.0,0,0,42.322099999999985,12.0,170.3628,1,0.5969,0.4176,NaN,1280.0,100.0,0.5796682812499999,0,0,0.0,0,0.0,1280.0,0,0.0,0,0,0,0.0,0.0,0.0,0.0,0.0,0.0,0.0,0.0,0,0,0,0,49,0.0,0,6,0.0,0,0.0,548.856,59.465199999999996,3070.674361368626,0.0,3070.674361368626,0.0,0.5969,1944.5510999999997,4838.7714,0.7888892490182506,96,2143.3151,32,67715.45799999998,1,0.0,4,2754.096,2,-862.1567000000002,-4195.9377,97.15598009822423,273.5167,0,7,122,122,11 + fiscal policy and VAT,debt,9,-7.275957614183426e-12
38,128,1,4,11620.010100000005,19.7718,9181.722100000006,0.0,24824.346499999985,,0.0,4922.7145,19901.631999999987,0.0,1784.5866999999998,74.964356,0.00375,4.0604,2852.3847937085216,0.0,0.2021459123384561,956.5375698388854,1411.1991458056812,0.02,239.9813999999999,2.0,0.0,0.0,2.0,0.0,31,1,0.9583333333333334,0.7583380811525231,0.0,122.0,1.0,0.0,2.0,1,0,0,0.30225511333838356,22,201.36171287556402,-0.9515582351226239,200.41015464044142,11.192796848790808,0.38693626852299445,11.579733117313804,1272.7284999999981,1196.5645999999992,1515.1206999999986,0.0,12,5,337.01399999999853,8230.6186,248.1229,2.0,2.0,0.0,0.0,0.0,0.12,0.5,0.25,526.223899999998,2200.24610000003,2960.7567,136,1295.3807000000002,808.6273000000008,2086.7255,420.33030000000025,0.0,0.0,0.0,0.0,0.0,6,1422.4286,0.0,0.0,0.0,0.0,747.0691999999998,588.7896000000004,0.015,7.356112977099233,8.403835897435881,2.198142424242425,2.6942000000000013,4.86460591350274,7.502819579003101,234.0,262.0,117.0,493.33333333333337,302.0,50.0,50,0,0,5,9,4.0,512.0,4468.373699999997,896.503,4663.6552,184,8,0,32,0.5345922333624982,0.7583380811525231,0.3083313223575992,41,1865.3103000000008,1927.301599999999,20,11,33.0,0,0,0,0.0,0,0.0,87858.82440000009,0.0,0,0,0,1.5,0,0.0,0,0,0.0,0,0.0,0,0,72.53870000000002,16.0,164.9892,1,13.534,9.473600000000001,NaN,1280.0,100.0,0.8198225130208335,0,0,0.0,0,0.0,1280.0,0,0.0,0,0,0,0.0,0.0,0.0,0.0,0.0,0.0,0.0,0.0,0,0,0,0,50,0.0,0,6,0.0,0,0.0,548.856,57.445899999999995,1950.8694733269099,0.0,1950.8694733269099,0.0,13.534,1918.4477,5725.1474,0.7871625673714222,96,2054.7749000000003,32,85804.04950000001,1,0.0,4,2837.0879,2,-1035.631200000001,-4918.6541,102.9853389041177,373.1127,0,7,117,117,11 + fiscal policy and VAT,debt,9,-7.275957614183426e-12
39,128,1,4,10930.029700000003,20.4096,8523.030300000004,0.0,25347.941399999992,,0.0,4441.9225,20906.018899999992,0.0,2215.9431,74.62465912499998,0.00375,0.1634,2859.4945400150254,0.0,0.1938175007501117,912.7223131882156,1418.1870433433503,0.02,217.10370000000006,2.0,0.0,0.0,2.0,0.0,29,0,0.9583333333333334,0.7567417450269605,0.0,116.0,0.0,0.0,2.0,1,0,0,0.2892682348557977,22,203.91238981685396,-0.7632830234290746,203.1491067934249,8.605595755864456,0.8491723430233318,9.454768098887788,1324.2658999999987,1236.056100000001,1603.3304999999984,50.0782,12,5,337.01399999999853,8230.6186,215.1439,2.0,2.0,0.0,0.0,0.0,0.12,0.5,0.25,556.8746999999978,2275.252900000032,2960.7567,138,186.0222,875.3648000000004,1009.5205000000001,484.47410000000025,0.0,0.0,0.0,0.0,0.0,0,1204.6972,0.0,0.0,0.0,0.0,699.9301000000002,0.0,0.015,7.3371646090535,8.266206976744186,2.1890749999999994,2.6573363636363645,4.888372394856443,7.277734991633008,258.0,243.0,129.0,505.3333333333334,320.0,51.0,47,6,6,5,7,1.0,506.0,4590.7606000000005,257.9612,4739.3372,184,8,0,32,0.46764595160440314,0.7567417450269605,0.31450300006888865,36,3117.3554999999983,1782.9310000000005,13,6,12.0,0,0,6,0.0,0,0.0,88987.83529999995,0.0,0,0,0,1.5,0,0.0,0,0,0.0,0,0.0,0,0,26.268899999999995,9.0,137.1101,1,0.631,0.3809,NaN,1280.0,100.0,0.7638982421875,0,0,0.0,0,0.0,1280.0,0,0.0,0,0,0,0.0,0.0,0.0,0.0,0.0,0.0,0.0,0.0,0,0,0,0,47,0.0,0,6,0.0,0,0.0,548.856,55.4266,3062.8464693588076,0.0,3062.8464693588076,0.0,0.631,1536.9384999999997,5134.4085,0.786009712339425,96,2192.2677,32,86795.5676,1,0.0,4,2851.5101000000004,2,-1222.7118000000005,-4441.759099999999,109.16445923836477,373.1127,0,7,129,129,11 + fiscal policy and VAT,debt,9,-7.275957614183426e-12
40,128,1,4,10205.080800000003,21.0474,7523.776699999997,0.0,25952.449799999995,,0.0,4834.1279,21118.321899999995,0.0,1840.1854999999998,78.39087274999994,0.00375,3.66,2849.6362125420687,0.0,0.18583221971920708,901.4706476015298,1418.5592833613791,0.02,243.38840000000005,2.0,0.0,0.0,2.0,0.0,43,3,0.9583333333333334,0.7615757220707844,0.0,124.0,0.0,0.0,2.0,2,0,0,0.2789021425744813,21,204.43841560286444,-1.4344448098276203,203.0039707930368,10.215409671360936,0.005508311012337808,10.220917982373274,1235.263199999998,1206.2628999999997,159.9372,0.0,13,5,757.2947999999996,8230.6186,143.5094,2.0,2.0,0.0,0.0,0.0,0.12,0.5,0.25,559.1658999999969,2322.592800000044,3069.4152000000004,141,1011.4225,1735.7336000000025,2048.7445,401.06519999999995,0.0,0.0,0.0,0.0,0.0,15,890.8183,0.0,0.0,0.0,0.0,693.6561000000003,517.3045,0.015,7.334506015037594,8.553762601626003,2.146072222222222,2.6606356521739154,4.912088164663417,7.059402941884017,246.0,266.0,123.0,499.3333333333334,314.0,50.0,47,0,0,0,7,4.0,512.0,4023.2637999999997,226.3712,4920.7261,184,0,8,32,0.5771265588370069,0.7615757220707844,0.34646565149183295,61,1970.9848000000004,1950.9786,12,5,36.0,0,0,0,0.0,0,0.0,88597.37869999999,0.0,0,0,0,1.5,0,0.0,0,0,0.0,0,0.0,0,0,77.2586,16.0,140.2414,1,12.1998,8.540000000000001,NaN,1280.0,100.0,0.5759461588541667,0,0,0.0,0,0.0,1280.0,0,0.0,0,0,0,0.0,0.0,0.0,0.0,0.0,0.0,0.0,0.0,0,0,0,0,47,0.0,0,6,0.0,0,0.0,675.2272,14.2469,137.51146271080884,0.0,137.51146271080884,0.0,12.1998,943.6855999999999,5287.338699999999,0.760023193682561,96,1985.5524999999998,32,86611.8262,1,0.0,4,2889.7325,2,1173.3683999999998,-4830.467900000001,115.71432679266667,373.1127,0,8,10,123,11 + fiscal policy and VAT,debt,9,-7.275957614183426e-12
41,128,1,4,10349.441099999996,21.6852,8613.424914341329,0.0,26564.5873,,0.0,4353.3077,22211.279599999998,0.0,2696.7536000000005,79.18706574999995,0.00375,2.8948,2831.601092706099,0.0,0.17817593226677572,890.6509628464421,1414.413711804066,0.02,204.61799999999994,2.0,0.0,0.0,2.0,0.0,42,0,0.9583333333333334,0.7729530977720425,8.0,245.0,9.0,0.0,2.0,2,0,0,0.3082511775137774,21,106.19598994312794,-1.1499757214543118,105.04601422167363,9.858798817877663,0.7226636338375956,10.58146245171526,1379.5790999999997,159.93720000000005,1379.5790999999997,0.0,13,5,757.2947999999996,8230.6186,215.7212,2.0,2.0,0.0,0.0,0.0,0.12,0.5,0.25,578.1013999999969,2375.9929000000525,3069.4152000000004,142,901.3399000000001,756.3417999999998,775.487,381.11169999999976,0.0,0.0,0.0,0.0,0.0,1,646.8146,0.0,0.0,0.0,0.0,679.0179999999998,517.3045,0.015,7.349666812227076,8.580920610687027,2.20741,2.685869918699189,4.89507038039623,6.847620853627497,262.0,229.0,131.0,512.0,324.0,51.0,46,10,10,5,1,1.0,502.0,4282.770799999999,0.0,5309.236500000001,184,8,0,32,0.5197605393539859,0.7729530977720425,0.22702937820652647,59,2541.9638000000004,1683.0737000000004,6,5,10.0,0,0,10,0.0,0,0.0,41917.39862985068,0.0,0,0,0,1.5,0,0.0,0,0,0.0,0,0.0,0,0,22.074099999999998,9.0,107.7244,1,9.6498,6.7547999999999995,NaN,1280.0,100.0,0.5194167968750001,0,0,0.0,0,0.0,1280.0,0,0.0,0,0,0,0.0,0.0,0.0,0.0,0.0,0.0,0.0,0.0,0,0,0,0,46,0.0,0,6,0.0,0,0.0,675.2272,13.1344,3070.6733398894203,0.0,3070.6733398894203,0.0,9.6498,1840.2778,5416.960900000001,0.8034077965393243,96,2047.9526999999998,32,39869.44592985066,1,0.0,4,3479.8904999999995,2,-1110.8867856586667,-4350.4129,122.65718640022668,115.71432679266667,0,8,131,131,11 + fiscal policy and VAT,debt,9,-7.275957614183426e-12
42,128,1,4,10729.58419999999,22.323,8978.360700000007,0.0,27141.879900000004,,0.0,3943.7709,23198.109000000004,0.0,2871.8415000000005,83.28556749999996,0.00375,21.7632,2825.0087593576877,0.0,0.17083508385738458,973.5638331556089,1399.149389571792,0.02,229.72110000000006,2.0,0.0,0.0,2.0,0.0,33,0,0.9583333333333334,0.764286685357364,0.0,226.0,0.0,0.0,2.0,2,0,0,0.30162042903355646,21,106.55023304231021,-0.8658566238296405,105.68437641848058,7.198328405391232,0.8316405253993606,8.029968930790593,1249.8473,1379.579100000003,1249.8473,0.0,13,5,757.2947999999996,8230.6186,239.7755,2.0,2.0,0.0,0.0,0.0,0.12,0.5,0.25,608.542099999997,2445.8061000000534,3069.4152000000004,142,1092.3746,711.593700000001,201.333,520.1972000000001,0.0,0.0,0.0,0.0,0.0,0,444.9532,0.0,0.0,0.0,0.0,765.8963000000001,0.0,0.015,7.287214671814676,8.414324999999996,2.2459833333333337,2.670666666666667,4.9807814808199025,6.642192228018672,232.0,259.0,116.0,495.33333333333337,297.0,50.0,52,1,1,4,5,5.0,511.0,4341.906600000002,512.8455,5334.7237,184,8,0,32,0.43409317903395284,0.764286685357364,0.2733875638691412,46,3003.680600000001,1887.3886000000011,15,10,12.0,0,0,1,0.0,0,0.0,42870.188229850624,0.0,0,0,0,1.5,0,0.0,0,0,0.0,0,0.0,0,0,26.951800000000006,13.0,73.392,1,72.5449,50.7816,NaN,1280.0,100.0,0.48893199405486104,0,0,0.0,0,0.0,1280.0,0,0.0,0,0,0,0.0,0.0,0.0,0.0,0.0,0.0,0.0,0.0,0,0,0,0,52,0.0,0,6,0.0,0,0.0,675.2272,12.0219,2250.663085144902,0.0,2250.663085144902,0.0,72.5449,1412.4932999999999,5920.9612,0.8033094511039076,96,2534.7027000000003,32,40335.48552985065,1,0.0,4,3536.7171,2,-1328.5932999999995,-3922.0077,130.0166175842403,115.71432679266667,0,8,116,116,11 + fiscal policy and VAT,debt,9,-7.275957614183426e-12
43,128,1,4,10251.572500000004,22.9608,8524.5272,0.0,27581.880999999994,,0.0,3555.147,24026.733999999993,0.0,2193.1956999999998,86.986451,0.00375,0.226,2803.825260868739,0.0,0.16379667840246034,869.2573614828398,1393.7521989124925,0.02,227.27460000000005,2.0,0.0,0.0,2.0,0.0,41,3,0.9583333333333334,0.7715673040217883,0.0,120.0,0.0,0.0,2.0,2,0,0,0.27772575038491454,21,108.36539815037285,-1.2502397410980355,107.11515840927481,7.845095126510936,0.38074429114141317,8.225839417652349,1328.267999999999,1249.8472999999988,1328.267999999999,0.0,13,5,757.2947999999996,8230.6186,221.4146,2.0,2.0,0.0,0.0,0.0,0.12,0.5,0.25,678.3680999999983,2523.3273000000554,3069.4152000000004,143,253.7071,731.0810000000009,440.83119999999997,514.4297999999995,0.0,0.0,0.0,0.0,0.0,13,195.78660000000002,0.0,0.0,0.0,0.0,659.4741,296.71320000000003,0.015,7.241538645418328,8.364174999999994,2.2449029411764716,2.6751483333333304,4.941933105914513,6.442926461178111,256.0,251.0,128.0,505.66666666666663,325.0,51.0,45,1,0,3,3,0.0,511.0,4113.719999999997,827.0874,5041.114100000001,184,8,0,32,0.4871802540492547,0.7715673040217883,0.31942766599082795,58,2240.524399999999,1817.6262000000004,8,5,34.0,0,0,1,0.0,0,0.0,43037.89032985066,0.0,0,0,0,1.5,0,0.0,0,0,0.0,0,0.0,0,0,76.32670000000003,16.0,73.6384,1,0.7534,0.5276,NaN,1280.0,100.0,0.49881785342986107,0,0,0.0,0,0.0,1280.0,0,0.0,0,0,0,0.0,0.0,0.0,0.0,0.0,0.0,0.0,0.0,0,0,0,0,45,0.0,0,6,0.0,0,0.0,675.2272,10.9094,2385.8951661903284,0.0,2385.8951661903284,0.0,0.7534,1503.8386,5941.839900000001,0.8164892279658962,96,2234.9009999999994,32,40802.98932985066,1,0.0,4,3979.6182999999996,2,-1554.2195000000004,-3554.921,137.81761463929473,115.71432679266667,0,8,128,128,11 + fiscal policy and VAT,debt,9,-7.275957614183426e-12
44,128,1,4,9925.61950000001,23.5986,8075.1501000000035,0.0,28076.069199999998,,0.0,3193.1183,24882.9509,0.0,2156.3427,90.093829625,0.00375,0.116,2784.931275172584,0.0,0.15704825525227897,879.7238235138719,1384.2792834483894,0.02,222.11240000000006,2.0,0.0,0.0,2.0,0.0,45,3,0.953125,0.7732172498294476,0.0,116.0,0.0,0.0,2.0,2,0,0,0.2940058024225934,21,110.70199847581661,-1.296032471870771,109.40596600394584,9.166528872827476,0.07042171055514392,9.23695058338262,1338.9482000000014,1328.267999999996,1338.9482000000014,0.0,13,5,757.2947999999996,8230.6186,226.8029,2.0,2.0,0.0,0.0,0.0,0.12,0.5,0.25,600.5917999999983,2597.5284000000647,3069.4152000000004,144,415.3806,740.6958000000002,949.9417000000001,493.3015999999995,0.0,0.0,0.0,0.0,0.0,14,56.1109,0.0,0.0,0.0,0.0,671.4819,795.159900000001,0.015,7.228816599190282,8.420050000000003,2.1803900000000005,2.619857983193275,5.026594410676867,6.249638667342768,256.0,247.0,128.0,507.3333333333333,325.0,51.0,46,8,8,3,6,4.0,504.0,4290.983700000001,619.3097,4905.010899999999,183,9,0,32,0.5334041594952341,0.7732172498294476,0.43763489731367544,50,2070.643299999999,1785.5176999999996,13,7,30.0,0,0,8,0.0,0,0.0,43797.696103057984,0.0,0,0,0,1.5,0,0.0,0,0,0.0,0,0.0,0,0,65.41170000000001,16.0,54.0883,1,0.3867,0.2708,NaN,1280.0,100.0,0.4736205652518229,0,0,0.0,0,0.0,1280.0,0,0.0,0,0,0,0.0,0.0,0.0,0.0,0.0,0.0,0.0,0.0,0,0,0,0,46,0.0,0,6,0.0,0,0.0,675.2272,9.796800000000001,2696.788496258447,0.0,2696.788496258447,0.0,0.3867,1669.8702000000003,5578.408899999999,0.8265694620682769,96,2163.6553000000004,32,41634.04080305799,1,0.0,4,4170.7257,2,-1817.9571000000003,-3193.0023,146.08667151765243,115.71432679266667,0,8,128,128,11 + fiscal policy and VAT,debt,9,-7.275957614183426e-12
45,128,1,4,9797.918800000003,24.236399999999996,7721.961799999998,0.0,28712.5846,,0.0,2868.1346,25844.449999999997,0.0,2355.8118,93.304635875,0.00375,0.0,2773.7744829146573,0.0,0.15057786713588509,900.2267195401434,1389.5001802764382,0.02,218.20399999999998,2.0,0.0,0.0,2.0,0.0,37,0,0.953125,0.7644472032365663,0.0,106.0,0.0,0.0,2.0,2,0,0,0.32055048158236754,21,112.34568518791707,-1.1178252671480098,111.22785992076905,8.921640093514617,0.7284105332587857,9.650050626773403,1297.3477999999986,1220.483200000001,1415.812799999999,0.0,13,5,757.2947999999996,8230.6186,236.7471,2.0,2.0,0.0,0.0,0.0,0.12,0.5,0.25,420.751999999999,2672.1245000000695,3069.4152000000004,145,613.5518,740.6146999999993,346.9673999999999,372.8704999999997,0.0,0.0,0.0,0.0,0.0,0,53.1704,0.0,0.0,0.0,0.0,696.6363999999998,0.0,0.015,7.295792405063292,8.507239669421478,2.231485,2.623602678571431,4.963872487591759,6.062149507322484,242.0,237.0,121.0,500.00000000000006,310.0,50.0,48,7,7,4,2,1.0,504.0,4867.258899999998,122.0699,4692.8555,183,9,0,32,0.4889074945050178,0.7644472032365663,0.327949002773686,44,3281.2662000000046,1729.1028000000001,10,8,40.0,0,0,7,0.0,0,0.0,45093.11720305803,0.0,0,0,0,1.5,0,0.0,0,0,0.0,0,0.0,0,0,89.25940000000001,16.0,62.5641,1,0.0,0.0,NaN,1280.0,100.0,0.38735639858515625,0,0,0.0,0,0.0,1280.0,0,0.0,0,0,0,0.0,0.0,0.0,0.0,0.0,0.0,0.0,0.0,0,0,0,0,48,0.0,0,6,0.0,0,0.0,675.2272,15.6643,3020.5811717630545,0.0,3020.5811717630545,0.0,0.0,2008.0863,4877.4895,0.8241876914837687,96,2689.5709,32,42403.54630305801,1,0.0,4,4402.872899999999,2,-2047.0230000000004,-2868.1346,154.8518718087116,115.71432679266667,0,8,121,121,11 + fiscal policy and VAT,debt,9,-7.275957614183426e-12
46,128,1,4,9531.32800000001,24.8742,7314.654699999998,0.0,29313.90920000001,,0.0,2635.3513,26678.55790000001,0.0,2099.6669999999995,96.91016075,0.00375,5.8968,2756.709623248509,0.0,0.14437405900988662,890.401561146708,1383.2207488323395,0.02,235.60999999999993,2.0,0.0,0.0,2.0,0.0,42,1,0.953125,0.768975368179498,0.0,114.0,0.0,0.0,2.0,2,0,0,0.2941529956132444,21,110.84631405908227,-1.332672239036337,109.51364182004595,6.5328212545124105,0.36535336529619683,6.898174619808607,1291.3403999999987,1184.637200000001,1522.5159999999992,0.0,13,5,757.2947999999996,8230.6186,243.13580000000002,2.0,2.0,0.0,0.0,0.0,0.12,0.5,0.25,325.6834999999995,2744.0754000000825,3069.4152000000004,147,391.0983,657.051300000002,1094.2621000000001,406.2312999999998,0.0,0.0,0.0,0.0,0.0,5,52.7656,0.0,0.0,0.0,0.0,685.1304999999998,632.5276,0.015,7.274444961240309,8.41575289256198,2.220715384615384,2.6569187500000027,4.661493572639417,5.88028502210281,242.0,258.0,121.0,498.66666666666674,310.00000000000006,50.0,47,1,1,3,6,2.0,511.0,3687.545999999999,861.5773,4861.0685,183,9,0,32,0.4549581851826392,0.768975368179498,0.3447787142908316,52,1755.8795999999993,1876.8067999999996,13,7,39.0,0,0,1,0.0,0,0.0,44718.31690305798,0.0,0,0,0,1.5,0,0.0,0,0,0.0,0,0.0,0,0,86.60789999999999,16.0,62.4738,1,19.656399999999998,13.759599999999999,NaN,1280.0,100.0,0.5293373621268229,0,0,0.0,0,0.0,1280.0,0,0.0,0,0,0,0.0,0.0,0.0,0.0,0.0,0.0,0.0,0.0,0,0,0,0,47,0.0,0,6,0.0,0,0.0,675.2272,14.3394,2274.3209529840256,0.0,2274.3209529840256,0.0,19.656399999999998,1083.5824000000002,5785.119599999999,0.8340905467567914,96,2597.7904000000003,32,42120.526503058,1,0.0,4,4423.8083,2,-2188.7819,-2629.4545,164.1429841172343,115.71432679266667,0,8,121,121,11 + fiscal policy and VAT,debt,9,-7.275957614183426e-12
47,128,1,4,10036.796599999996,25.512,7725.388599999998,0.0,29823.407400000015,,0.0,3217.6127,26605.794700000013,0.0,1711.5027000000005,100.038225,0.00375,6.8494,2725.504109468813,0.0,0.13842584777867928,847.4518283139928,1367.7480229792088,0.02,216.46189999999993,2.0,0.0,0.0,2.0,0.0,41,0,0.953125,0.7654443371692934,0.0,115.0,0.0,0.0,2.0,2,0,0,0.2975889625025613,21,113.1960738170275,-1.20406067041432,111.99201314661317,7.366224171494167,0.7096808956410597,8.075905067135226,1312.6684999999986,1238.9978999999978,1596.1865999999998,61.3612,13,5,757.2947999999996,8230.6186,219.11270000000002,2.0,2.0,0.0,0.0,0.0,0.12,0.5,0.25,276.59660000000014,2814.8685000000883,3069.4152000000004,149,1190.5249,684.418500000003,1992.7658000000001,452.1276000000006,0.0,0.0,0.0,0.0,0.0,1,52.3608,0.0,0.0,0.0,0.0,638.8871999999999,0.0,0.015,7.158865289256199,8.305724999999994,2.1637818181818176,2.616897478991599,4.518665287226504,5.703876471439725,256.0,242.0,128.0,507.0,325.0,51.0,44,5,5,8,6,0.0,506.0,4387.322899999999,219.7581,5095.635,183,9,0,32,0.4616749759930481,0.7654443371692934,0.3091936384484226,47,3012.843999999999,1732.4454,15,9,33.0,0,0,5,0.0,0,0.0,45782.40240305796,0.0,0,0,0,1.5,0,0.0,0,0,0.0,0,0.0,0,0,71.40479999999998,16.0,274.8704,1,23.5997,15.981600000000004,NaN,1280.0,100.0,0.5277555392101563,0,0,0.0,0,0.0,1280.0,0,0.0,0,0,0,0.0,0.0,0.0,0.0,0.0,0.0,0.0,0.0,0,0,0,0,44,0.0,0,6,0.0,0,0.0,675.2272,13.0145,2678.5868532122054,0.0,2678.5868532122054,0.0,23.5997,1427.3399,5590.2635,0.8364425448938486,96,2724.7115999999996,32,43057.690803057994,1,0.0,4,4208.2632,2,-2284.5591999999997,-3210.7633,173.99156316426837,115.71432679266667,0,8,128,128,11 + fiscal policy and VAT,debt,9,-7.275957614183426e-12
48,128,1,4,11452.589400000006,26.1498,8058.495999999998,0.0,32487.584399999992,,0.0,5644.5172,26843.067199999994,0.0,1958.7356,99.76516424999997,0.00375,0.4604,2713.9290962870564,0.0,0.1327227028501977,880.4620387728954,1375.323639191371,0.02,227.97300000000016,2.0,0.0,0.0,2.0,0.0,43,0,0.953125,0.7691045913620553,0.0,92.0,0.0,0.0,2.0,3,0,0,0.28970614746709933,22,114.257158350481,-1.462500254531276,112.79465809594974,10.626347784733383,0.4029688901018179,11.0293166748352,1176.5017000000023,1200.0210999999993,153.5671,0.0,14,5,1169.5898999999945,10277.3009,142.1379,2.0,2.0,0.0,0.0,0.0,0.12,0.5,0.25,158.99779999999964,2858.752700000087,3474.4157000000014,152,3044.242299999998,1627.8117000000034,3993.9501,372.43730000000056,0.0,75.15830000000007,0.0,0.0,0.0,13,2043.7416,0.0,0.0,0.0,0.0,679.4174999999997,540.9535000000001,0.015,7.0364519379844985,8.252500000000005,2.1091949999999997,2.6276849557522115,4.4005898475580345,5.532760177296534,244.0,258.0,122.0,495.3333333333334,312.00000000000006,50.0,47,1,1,3,5,3.0,511.0,4323.9421,214.0668,4658.3724,183,0,9,32,0.5387653015823797,0.7691045913620553,0.27164408879058977,49,1848.860899999999,1815.4046000000005,14,9,40.0,0,0,1,0.0,0,0.0,45348.88680305805,0.0,0,0,0,1.5,0,0.0,0,0,0.0,0,0.0,0,0,84.36779999999999,16.0,212.0061,1,1.5344,1.074,NaN,1280.0,100.0,0.5963048958333333,0,0,0.0,0,0.0,1280.0,0,0.0,0,0,0,0.0,0.0,0.0,0.0,0.0,0.0,0.0,0.0,0,0,0,0,47,0.0,0,6,0.0,0,0.0,662.9228,32.2834,54.05373604792888,0.0,54.05373604792888,0.0,1.5344,952.1777999999999,5084.445299999999,0.7663716021185456,96,2546.6419,32,42802.24490305801,1,0.0,4,4770.3326,2,-335.0726588660002,-5644.0568,184.43105695412447,115.71432679266667,0,9,10,122,11 + fiscal policy and VAT,debt,9,-7.275957614183426e-12
49,128,1,4,11434.079199999996,26.787599999999998,9757.831412587118,0.0,33103.1057,,0.0,5201.5308,27901.5749,0.0,2611.936600000001,100.65487787499993,0.00375,1.2472,2689.8841664941515,0.0,0.12725452749276953,857.0680065754719,1360.357535996101,0.02,210.73919999999998,2.0,0.0,0.0,2.0,0.0,45,0,0.953125,0.7640508699455864,9.0,198.0,9.0,0.0,2.0,3,0,0,0.2883865424020094,22,144.11776376424268,-1.3837535551197615,142.7340102091229,9.69501344641977,0.7205729489469431,10.415586395366713,1253.9383999999998,153.5671000000001,1253.9383999999998,0.0,14,5,1169.5898999999945,10277.3009,211.7339,2.0,2.0,0.0,0.0,0.0,0.12,0.5,0.25,216.32609999999926,2916.081000000089,3474.4157000000014,154,715.7973999999999,733.6697999999997,1232.6565,371.21749999999986,0.0,0.0,0.0,0.0,0.0,1,1960.5905000000002,0.0,0.0,0.0,0.0,655.6867,540.9535000000001,0.015,6.975635772357724,7.994436220472444,2.113131578947369,2.544827118644067,4.14900620503122,5.366777371977637,254.0,246.0,127.0,507.0,322.0,51.0,46,6,6,3,5,3.0,506.0,4443.5895,0.0,4849.3005,183,9,0,32,0.5155587133231476,0.7640508699455864,0.1676221167266274,49,2259.3807999999976,1716.0064000000002,16,11,19.0,0,0,6,0.0,0,0.0,58274.7553226048,0.0,0,0,0,1.5,0,0.0,0,0,0.0,0,0.0,0,0,40.1495,15.0,179.3515,1,4.1568000000000005,2.9095999999999997,NaN,1280.0,100.0,0.5213058854166667,0,0,0.0,0,0.0,1280.0,0,0.0,0,0,0,0.0,0.0,0.0,0.0,0.0,0.0,0.0,0.0,0,0,0,0,46,0.0,0,6,0.0,0,0.0,662.9228,29.143299999999996,2705.385493932459,0.0,2705.385493932459,0.0,4.1568000000000005,1812.5206000000003,5028.652,0.7489715595279636,96,2600.6625,32,55674.0928226048,1,0.0,4,5645.110999999999,2,257.55511258711886,-5200.283600000001,195.49692037137194,184.43105695412447,0,9,127,127,11 + fiscal policy and VAT,debt,9,-7.275957614183426e-12
50,128,1,4,11802.283600000006,27.4254,10106.687699999999,0.0,33627.38449999999,,0.0,4861.3085,28766.07599999999,0.0,2649.0877999999993,104.62466637499995,0.00375,6.8384,2666.5912616289875,0.0,0.12201164096006742,863.3659503782303,1338.382949419325,0.02,223.9735,2.0,0.0,0.0,2.0,0.0,45,0,0.953125,0.7630729697929961,0.0,141.0,0.0,0.0,2.0,3,0,0,0.2797522056340923,22,147.14929431930938,-1.4196930375443462,145.729601281765,9.951040576180024,0.7379343914227467,10.688974967602771,1230.8703000000014,1253.938400000002,1230.8703000000014,0.0,14,5,1169.5898999999945,10277.3009,219.9989,2.0,2.0,0.0,0.0,0.0,0.12,0.5,0.25,279.3341999999989,2993.613300000081,3474.4157000000014,154,1108.5402,739.6980000000003,259.6113,475.31729999999936,0.0,0.0,0.0,0.0,0.0,1,1946.631,0.0,0.0,0.0,0.0,667.8037999999997,0.0,0.015,6.841879693486591,8.017796747967493,2.017902500000001,2.520657894736843,4.18050241144528,5.205774050818308,246.0,261.0,123.0,502.00000000000006,314.0,50.0,47,2,1,1,7,4.0,509.0,4656.863000000001,340.0932,4665.8897,183,9,0,32,0.516162437635056,0.7630729697929961,0.2788485072299549,54,2778.2468999999996,1785.7306000000003,16,9,40.0,0,0,2,0.0,0,0.0,59034.87872260474,0.0,0,0,0,1.5,0,0.0,0,0,0.0,0,0.0,0,0,80.71610000000004,16.0,185.9683,1,22.794999999999998,15.9564,NaN,1280.0,100.0,0.45235610840978135,0,0,0.0,0,0.0,1280.0,0,0.0,0,0,0,0.0,0.0,0.0,0.0,0.0,0.0,0.0,0.0,0,0,0,0,47,0.0,0,6,0.0,0,0.0,662.9228,26.176499999999997,2163.311612573009,0.0,2163.311612573009,0.0,22.794999999999998,1966.1206,5191.9511999999995,0.7476526349542867,96,2712.3572999999988,32,56322.521422604776,1,0.0,4,5966.5171,2,223.60969999999998,-4854.4701000000005,207.22673559365427,184.43105695412447,0,9,123,123,11 + fiscal policy and VAT,debt,9,-7.275957614183426e-12
51,128,1,4,12176.228400000009,28.063200000000002,10468.037,0.0,34094.4408,,0.0,5306.7398,28787.700999999994,0.0,2237.5680999999995,107.86606362499991,0.00375,0.5512,2641.0592084399896,0.0,0.11698476135251264,810.5941004322227,1324.7109472933266,0.02,218.0721,2.0,0.0,0.0,2.0,0.0,46,3,0.953125,0.7676895752268926,0.0,25.0,0.0,0.0,2.0,3,0,0,0.269317626953125,22,150.62946028940243,-1.9281712008432934,148.70128908855912,15.050451270154117,0.11288227178448804,15.163333541938604,1255.9205000000022,1230.8702999999987,1255.9205000000022,0.0,14,5,1169.5898999999945,10277.3009,204.65220000000002,2.0,2.0,0.0,0.0,0.0,0.12,0.5,0.25,349.0952999999988,3077.1723000000884,3474.4157000000014,155,1137.7827,763.2000999999992,1471.5321,469.4304999999999,0.0,0.0,0.0,0.0,0.0,28,1900.35,0.0,0.0,0.0,0.0,618.9347,439.55379999999985,0.015,6.78454296875,7.896165384615397,2.0621435897435902,2.5120694214876025,4.219404247347757,5.049600829293758,260.0,256.0,130.0,508.0,328.0,50.0,44,2,2,4,7,5.0,510.0,4677.165400000002,797.9121,4618.4544,183,9,0,32,0.6332363628299313,0.7676895752268926,0.3218640966159152,62,1836.4138,1736.843,18,11,39.0,0,0,2,0.0,0,0.0,58899.19562260477,0.0,0,0,0,1.5,0,0.0,0,0,0.0,0,0.0,0,0,80.42360000000002,16.0,181.7953,1,1.8366,1.2856,NaN,1280.0,100.0,0.5173233479931145,0,0,0.0,0,0.0,1280.0,0,0.0,0,0,0,0.0,0.0,0.0,0.0,0.0,0.0,0.0,0.0,0,0,0,0,44,0.0,0,6,0.0,0,0.0,662.9228,23.4374,1989.8202880277572,0.0,1989.8202880277572,0.0,1.8366,2680.4222000000004,5598.161799999999,0.7518352354623756,96,2486.2033999999994,32,56412.99222260478,1,0.0,4,6135.471799999999,2,164.0954000000006,-5306.1886,219.66033972927355,184.43105695412447,0,9,130,130,11 + fiscal policy and VAT,debt,9,-7.275957614183426e-12
52,128,1,4,11523.186300000007,28.701,9807.5658,0.0,34640.56809999998,,0.0,4846.2899,29794.278199999982,0.0,2846.7626999999993,107.94731649999991,0.00375,6.1612,2623.548216179955,0.0,0.11216498918478911,831.426678561391,1309.139260786637,0.02,183.29419999999996,2.0,0.0,0.0,2.0,0.0,40,0,0.953125,0.7613937806161915,0.0,23.0,0.0,0.0,2.0,3,0,0,0.3324461006121906,22,153.67260273336123,-1.4444167775848302,152.22818595577638,9.410618018306335,0.6923685011341754,10.102986519440512,1210.4635000000005,1255.920500000003,1210.4635000000005,0.0,14,5,1169.5898999999945,10277.3009,197.9444,2.0,2.0,0.0,0.0,0.0,0.12,0.5,0.25,424.02279999999854,3165.1714000000857,3474.4157000000014,155,217.5569999999999,869.9612999999987,156.79459999999992,425.39750000000026,0.0,0.0,0.0,0.0,0.0,1,1818.3863000000001,0.0,0.0,0.0,0.0,637.7216,0.0,0.015,6.711712217194574,7.792936220472445,2.103014285714286,2.4703533898305063,4.300836197404376,4.898112804414946,254.0,221.0,127.0,504.6666666666667,321.00000000000006,51.0,46,13,13,5,1,0.0,499.0,4698.009499999999,393.5803,4456.3451000000005,183,9,0,32,0.4975497743046817,0.7613937806161915,0.2659466487839566,45,2720.0063,1483.2884000000008,7,6,21.0,0,0,13,0.0,0,0.0,59981.54562260476,0.0,0,0,0,1.5,0,0.0,0,0,0.0,0,0.0,0,0,44.16330000000001,14.0,150.7039,1,20.5366,14.375600000000002,NaN,1280.0,100.0,0.45814854330561455,0,0,0.0,0,0.0,1280.0,0,0.0,0,0,0,0.0,0.0,0.0,0.0,0.0,0.0,0.0,0.0,0,0,0,0,46,0.0,0,6,0.0,0,0.0,662.9228,21.378700000000002,2542.138230883341,0.0,2542.138230883341,0.0,20.5366,1527.3532999999998,5000.6293000000005,0.7470112660055759,96,2875.641899999999,32,57105.90372260477,1,0.0,4,6137.4944,2,74.06479999999988,-4840.1287,232.83996011302997,184.43105695412447,0,9,127,127,11 + fiscal policy and VAT,debt,9,-7.275957614183426e-12
53,128,1,4,12150.974099999992,29.3388,10421.494599999998,0.0,35292.16099999998,,0.0,5669.9902,29622.17079999998,0.0,2524.6461999999997,111.72216887499992,0.00375,22.3324,2617.146287720654,0.0,0.10754379163037579,865.0432490092383,1300.7751001471029,0.02,217.11980000000003,2.0,0.0,0.0,2.0,0.0,45,3,0.953125,0.7659237632075737,0.0,21.0,0.0,0.0,2.0,3,0,0,0.3105797037624228,22,155.98536216994236,-1.9832369079404917,154.00212526200187,14.219717824261277,0.097678846541239,14.317396670802514,1140.7327999999995,1109.116199999997,1242.0800999999997,0.0,14,5,1169.5898999999945,10277.3009,230.4687,2.0,2.0,0.0,0.0,0.0,0.12,0.5,0.25,492.52039999999863,3246.014300000091,3474.4157000000014,157,1390.5474000000002,762.1217999999996,1760.5312000000001,365.5814000000002,0.0,0.0,0.0,0.0,0.0,23,1698.5437,0.0,0.0,0.0,0.0,681.0676000000002,268.6365,0.015,6.624991187739464,7.813961403508776,2.0053375000000004,2.4286295238095232,4.412055799076868,4.751169420282497,228.0,261.0,114.0,492.33333333333337,294.99999999999994,49.0,50,2,2,2,5,6.0,510.0,4675.853799999996,794.252,4801.9658,183,9,0,32,0.6093922435085546,0.7659237632075737,0.31005666772278606,51,1942.8045999999986,1729.1227,10,5,40.0,0,0,2,0.0,0,0.0,60016.10662260477,0.0,0,0,0,1.5,0,0.0,0,0,0.0,0,0.0,0,0,80.21350000000002,16.0,158.0264,1,74.4418,52.10920000000001,NaN,1280.0,100.0,0.5832117203889479,0,0,0.0,0,0.0,1280.0,0,0.0,0,0,0,0.0,0.0,0.0,0.0,0.0,0.0,0.0,0.0,0,0,0,0,50,0.0,0,6,0.0,0,0.0,662.9228,20.5745,1573.989076665023,0.0,1573.989076665023,0.0,74.4418,2138.1254000000004,5754.2442,0.7538249178766829,96,2784.6749999999997,32,57231.43162260478,1,0.0,4,5911.5715,2,-60.27460000000019,-5647.6578,246.81035771981178,184.43105695412447,0,9,114,114,11 + fiscal policy and VAT,debt,9,-7.275957614183426e-12
54,128,1,4,12250.530700000001,29.9766,10513.5009,0.0,35669.07529999999,,0.0,5871.8476,29797.227699999992,0.0,3046.8983999999996,111.07620674999995,0.00375,25.9988,2576.4743145139005,0.0,0.1031129874152043,810.8759403285953,1267.6996013426005,0.02,192.69970000000006,2.0,0.0,0.0,2.0,0.0,37,0,0.953125,0.7607640209563877,0.0,24.0,0.0,0.0,2.0,3,0,0,0.3049528818759588,22,159.9314651484161,-1.5150470079867224,158.41641814042936,12.61655611430983,0.7846483586512043,13.401204472961036,1216.5411,1242.0800999999992,1216.5411,0.0,14,5,1169.5898999999945,10277.3009,199.0718,2.0,2.0,0.0,0.0,0.0,0.12,0.5,0.25,567.3266999999987,3332.4396000000993,3474.4157000000014,158,995.9614000000001,895.7670000000012,1124.2210000000002,577.0618,0.0,0.0,0.0,0.0,0.0,0,1543.486,0.0,0.0,0.0,0.0,621.9981,0.0,0.015,6.645120940170941,7.848839370078734,2.1197166666666662,2.4257008474576276,4.438227759458526,4.6086343376740215,254.0,234.0,127.0,507.3333333333333,323.0,51.0,46,10,9,5,7,0.0,502.0,4882.348500000003,428.6158,5242.8133,183,9,0,32,0.5468783067142278,0.7607640209563877,0.2629513105463106,43,2582.673900000001,1554.9583,14,7,24.0,0,0,10,0.0,0,0.0,60923.5686226048,0.0,0,0,0,1.5,0,0.0,0,0,0.0,0,0.0,0,0,50.87319999999999,16.0,127.2683,1,86.664,60.66520000000001,NaN,1280.0,100.0,0.5974343115347812,0,0,0.0,0,0.0,1280.0,0,0.0,0,0,0,0.0,0.0,0.0,0.0,0.0,0.0,0.0,0.0,0,0,0,0,46,0.0,0,6,0.0,0,0.0,662.9228,21.1165,2457.4706862158696,0.0,2457.4706862158696,0.0,86.664,2118.8182,5798.6974,0.7550555788812328,96,3002.9126,32,57920.65602260479,1,0.0,4,5430.7359,2,-223.52039999999897,-5845.8488,261.6189791830005,184.43105695412447,0,9,127,127,11 + fiscal policy and VAT,debt,9,-7.275957614183426e-12
55,128,1,4,11658.838500000003,30.614400000000003,9914.166500000007,0.0,36159.74819999999,,0.0,5382.2583,30777.489899999986,0.0,3173.4579000000003,111.73257212499996,0.00375,19.1096,2564.68711116891,0.0,0.09886473233369789,822.1085481028796,1266.2032657792734,0.02,219.55890000000005,2.0,0.0,0.0,2.0,0.0,44,1,0.953125,0.7626214077242,0.0,23.0,0.0,0.0,2.0,3,0,0,0.28749021003915987,22,159.72743111929182,-1.757108148816595,157.97032297047522,11.35677426204934,0.38563805858973843,11.74241232063908,1186.0949999999996,1216.541099999999,1186.0949999999996,0.0,14,5,1169.5898999999945,10277.3009,221.4944,2.0,2.0,0.0,0.0,0.0,0.12,0.5,0.25,642.0410999999988,3418.046700000107,3474.4157000000014,159,244.45130000000003,835.5056999999991,414.9551,465.64499999999924,0.0,0.0,0.0,0.0,0.0,9,1355.0424,0.0,0.0,0.0,0.0,636.4969000000002,274.1064000000001,0.015,6.637888301886796,7.8167,2.077167647058823,2.4484776785714257,4.541205393399497,4.470375307543802,242.0,265.0,121.0,495.66666666666674,310.00000000000006,50.0,47,0,0,4,9,4.0,512.0,4329.817399999998,796.0507,5028.2835,183,9,0,32,0.5568379446844571,0.7626214077242,0.30607925902931665,55,2018.3753999999994,1759.040400000001,18,9,34.0,0,0,0,0.0,0,0.0,61004.192422604814,0.0,0,0,0,1.5,0,0.0,0,0,0.0,0,0.0,0,0,70.62369999999999,16.0,130.5349,1,63.6991,44.589200000000005,NaN,1280.0,100.0,0.631442462576448,0,0,0.0,0,0.0,1280.0,0,0.0,0,0,0,0.0,0.0,0.0,0.0,0.0,0.0,0.0,0.0,0,0,0,0,47,0.0,0,6,0.0,0,0.0,662.9228,20.2212,1783.2698584229263,0.0,1783.2698584229263,0.0,63.6991,1592.3658000000003,5954.869099999999,0.7610626174871447,96,2989.584499999999,32,58014.60792260478,1,0.0,4,5782.5774,2,-420.2440000000008,-5363.148700000001,277.31611793398054,184.43105695412447,0,9,121,121,11 + fiscal policy and VAT,debt,9,-7.275957614183426e-12
56,128,1,4,11234.7951,31.252200000000002,9481.528199999999,0.0,36620.74669999999,,0.0,5105.2864,31515.46029999999,0.0,2894.3131000000008,115.40800537500007,0.00375,3.3904,2542.0420473693375,0.0,0.09479150536154952,789.1435683155788,1259.5586565795584,0.02,203.54120000000006,2.0,0.0,0.0,2.0,0.0,42,0,0.953125,0.7589694130480529,0.0,27.0,0.0,0.0,2.0,3,0,0,0.25337775926697215,22,160.94532666254727,-1.6087501567506737,159.33657650579661,13.449562887111187,0.7576836189514724,14.20724650606266,1228.624700000004,1186.0949999999998,1228.624700000004,0.0,14,5,1169.5898999999945,10277.3009,176.21249999999998,2.0,2.0,0.0,0.0,0.0,0.12,0.5,0.25,715.8027999999978,3501.974800000112,3474.4157000000014,159,433.5467,856.9522999999983,380.81399999999996,454.75320000000073,0.0,0.0,0.0,0.0,0.0,2,1128.2483,0.0,0.0,0.0,0.0,600.1482000000002,0.0,0.015,6.672626530612249,7.94744000000002,1.9798612903225812,2.3984305785123987,4.6091708678606045,4.336264048317487,260.0,245.0,130.0,506.6666666666667,328.99999999999994,51.0,45,6,6,7,9,3.0,506.0,4605.079199999999,466.2453,4911.3987,183,9,0,32,0.5684460042104158,0.7589694130480529,0.28914343110843777,55,2654.0898999999986,1634.7935000000011,22,13,31.0,0,0,6,0.0,0,0.0,61834.29072260478,0.0,0,0,0,1.5,0,0.0,0,0,0.0,0,0.0,0,0,61.375700000000016,16.0,120.4332,1,11.3005,7.909999999999999,NaN,1280.0,100.0,0.5929358219514479,0,0,0.0,0,0.0,1280.0,0,0.0,0,0,0,0.0,0.0,0.0,0.0,0.0,0.0,0.0,0.0,0,0,0,0,45,0.0,0,6,0.0,0,0.0,662.9228,20.859900000000003,2367.164808664738,0.0,2367.164808664738,0.0,11.3005,1198.0457,5498.0772,0.7632577286775266,96,3393.6012999999984,32,58440.68942260479,1,0.0,4,5960.3168,2,-656.2707999999993,-5101.896,293.9550850100194,184.43105695412447,0,9,130,130,11 + fiscal policy and VAT,debt,9,-7.275957614183426e-12
57,128,1,4,11089.197100000005,31.89,9176.505100000002,0.0,37177.05969999998,,0.0,4869.6414,32307.418299999983,0.0,3147.769800000001,118.17564325000006,0.00375,6.1592,2523.825418116053,0.0,0.09088609534065367,827.3602025270048,1242.769970410702,0.02,208.1961,2.0,0.0,0.0,2.0,0.0,52,3,0.953125,0.7618551292638287,0.0,1.0,0.0,0.0,2.0,3,0,0,0.2889504036908881,22,161.51686872627582,-1.949016273073867,159.56785245320194,11.33900393112458,0.06495423992740929,11.40395817105199,1184.062399999999,1228.6247000000017,1184.062399999999,0.0,14,5,1169.5898999999945,10277.3009,207.2844,2.0,2.0,0.0,0.0,0.0,0.12,0.5,0.25,638.7342999999977,3580.3526000001157,3474.4157000000014,160,675.1397,820.0998999999999,671.6612,417.5264999999994,0.0,0.0,0.0,0.0,0.0,22,1010.3188,0.0,0.0,0.0,0.0,641.2175000000002,250.9518,0.015,6.669076862745099,7.79880975609755,2.0206058823529416,2.444208771929823,4.795965895872618,4.2061761268679625,246.0,255.0,123.0,496.66666666666663,312.0,50.0,48,0,0,4,5,1.0,512.0,4367.0026,826.3652,4786.3842,183,9,0,32,0.5868806315228665,0.7618551292638287,0.35044293601203247,64,2140.0085999999988,1700.6146000000003,12,7,17.0,0,0,0,0.0,0,0.0,62118.08382260476,0.0,0,0,0,1.5,0,0.0,0,0,0.0,0,0.0,0,0,34.350300000000004,14.0,92.9671,1,20.5308,14.3716,NaN,1280.0,100.0,0.6340354834097812,0,0,0.0,0,0.0,1280.0,0,0.0,0,0,0,0.0,0.0,0.0,0.0,0.0,0.0,0.0,0.0,0,0,0,0,48,0.0,0,6,0.0,0,0.0,662.9228,22.333199999999998,1891.8403989802778,0.0,1891.8403989802778,0.0,20.5308,1630.5643,5705.7165,0.7722643450769862,96,3424.5289999999995,32,58693.55482260478,1,0.0,4,6191.7771,2,-934.2631999999999,-4863.4822,311.59239011062056,184.43105695412447,0,9,123,123,11 + fiscal policy and VAT,debt,9,-7.275957614183426e-12
58,128,1,4,10781.035699999995,32.5278,8718.735300000004,0.0,37664.98979999999,,0.0,4432.7606,33232.22919999999,0.0,3024.4778999999985,121.14570987500005,0.00375,7.0312,2498.5391076433207,0.0,0.08714158821261873,789.256319255782,1222.1659967622138,0.02,208.87479999999994,2.0,0.0,0.0,2.0,0.0,51,2,0.9479166666666666,0.7636525460196317,0.0,1.0,0.0,0.0,2.0,3,0,0,0.2518140284869659,22,165.19449568463997,-1.9933712607375997,163.20112442390234,10.254845071893417,0.3134980074036401,10.568343079297057,1245.5472000000009,1184.0623999999987,1245.5472000000009,0.0,14,5,1169.5898999999945,10277.3009,186.1947,2.0,2.0,0.0,0.0,0.0,0.12,0.5,0.25,571.4824999999978,3658.1380000001186,3474.4157000000014,161,534.9969,842.5205000000001,1048.4459,447.70049999999975,0.0,0.0,0.0,0.0,0.0,18,915.6007999999999,0.0,0.0,0.0,0.0,599.6038000000003,747.2477000000007,0.015,6.797713524590163,8.138724999999996,2.0495300000000003,2.422050847457627,4.66911906937505,4.079990843061923,256.0,244.0,128.0,506.6666666666667,325.0,51.0,45,6,6,5,4,2.0,506.0,4331.038899999999,496.5857,4922.2447,182,10,0,32,0.5486767442001614,0.7636525460196317,0.40542334218148945,54,1881.992799999999,1658.6420999999998,14,10,40.0,0,0,6,0.0,0,0.0,62782.30356565063,0.0,0,0,0,1.5,0,0.0,0,0,0.0,0,0.0,0,0,81.98120000000002,16.0,108.5344,1,23.437,16.406,NaN,1280.0,100.0,0.6510217538465161,0,0,0.0,0,0.0,1280.0,0,0.0,0,0,0,0.0,0.0,0.0,0.0,0.0,0.0,0.0,0.0,0,0,0,0,45,0.0,0,6,0.0,0,0.0,662.9228,22.3338,2530.395560616295,0.0,2530.395560616295,0.0,23.437,1842.8833999999997,5527.364799999999,0.7805795480065232,96,3392.672800000001,32,59389.63076565064,1,0.0,4,6128.487300000001,2,-1179.2274000000002,-4425.729399999999,330.2879335172578,184.43105695412447,0,9,128,128,11 + fiscal policy and VAT,debt,9,-7.275957614183426e-12
59,128,1,4,10418.644900000003,33.1656,8247.717599999996,0.0,38209.80379999997,,0.0,4076.6673,34133.13649999997,0.0,2612.409999999999,124.6136908750001,0.00375,4.772,2491.756571623833,0.0,0.08355135477825884,820.3216842360423,1221.0718810825556,0.02,205.22039999999998,2.0,0.0,0.0,2.0,0.0,46,1,0.9479166666666666,0.7600139963535986,0.0,1.0,0.0,0.0,2.0,3,0,0,0.25057334430419637,22,163.9531242028476,-1.86203617080224,162.09108803204538,10.066238808796111,0.4731353343891276,10.539374143185238,1156.1412000000003,1245.5472000000025,1156.1412000000003,0.0,14,5,1169.5898999999945,10277.3009,185.74059999999997,2.0,2.0,0.0,0.0,0.0,0.12,0.5,0.25,545.2121999999965,3734.966000000114,3474.4157000000014,163,442.45369999999997,804.2066999999981,1206.3795,420.0334999999991,0.0,0.0,0.0,0.0,0.0,18,812.9334,0.0,0.0,0.0,0.0,630.9093000000001,221.98299999999995,0.015,6.791912970711297,7.820896721311476,2.172575,2.477116071428568,4.628361167200266,3.957591117770065,244.0,239.0,122.0,499.33333333333337,311.99999999999994,50.0,47,8,8,5,4,2.0,504.0,4643.152400000003,78.6727,4760.951300000001,182,10,0,32,0.5316702172671524,0.7600139963535986,0.3734315028481441,54,2855.157399999999,1623.2672,11,7,40.0,0,0,8,0.0,0,0.0,63808.115765650626,0.0,0,0,0,1.5,0,0.0,0,0,0.0,0,0.0,0,0,86.903,16.0,118.1631,1,15.9054,11.133600000000001,NaN,1280.0,100.0,0.5920311809298495,0,0,0.0,0,0.0,1280.0,0,0.0,0,0,0,0.0,0.0,0.0,0.0,0.0,0.0,0.0,0.0,0,0,0,0,47,0.0,0,6,0.0,0,0.0,662.9228,25.3204,2692.5183373782706,0.0,2692.5183373782706,0.0,15.9054,1567.3595999999998,4957.7871,0.7817930085761757,96,3742.1639000000005,32,60065.95186565065,1,0.0,4,6314.0902,2,-1391.1595000000002,-4071.8953,350.10520952829324,184.43105695412447,0,9,122,122,11 + fiscal policy and VAT,debt,9,-7.275957614183426e-12
60,128,1,4,10481.157800000004,33.803399999999996,8144.164000000002,0.0,38755.8927,,0.0,4101.7458,34654.1469,0.0,2479.745999999999,127.99264075000008,0.00375,15.2664,2477.1116858108094,0.0,0.08010903896139458,821.8824955208005,1202.6243655405397,0.02,211.58829999999995,2.0,0.0,0.0,2.0,0.0,45,0,0.9479166666666666,0.757159845367892,0.0,0.0,0.0,0.0,2.0,3,0,0,0.31223262141651226,22,163.01291323474624,-1.8978888877747486,161.1150243469715,6.837762595281721,0.6799489136666897,7.517711508948411,1209.291699999999,1156.1412,1209.291699999999,0.0,14,5,1169.5898999999945,10277.3009,231.82659999999998,2.0,2.0,0.0,0.0,0.0,0.12,0.5,0.25,461.5022999999968,3810.4054000001233,3474.4157000000014,165,867.6062000000003,804.4555000000015,1462.4275000000002,434.6708,0.0,77.47160000000002,0.0,0.0,0.0,1,701.9806,0.0,0.0,0.0,0.0,632.7340000000002,620.3806,0.015,6.782000404858298,8.018024999999996,2.202207499999999,2.4280281818181817,4.606327091722234,3.8388633842369626,240.0,247.0,120.0,497.3333333333334,308.00000000000006,50.0,47,4,4,3,4,0.0,507.0,4123.579100000001,511.4561,4936.2307,182,10,0,32,0.45567437910764164,0.757159845367892,0.3021908132159139,52,1976.514,1675.1540999999995,11,7,40.0,0,0,4,0.0,0,0.0,63921.78946565064,0.0,0,0,0,1.5,0,0.0,0,0,0.0,0,0.0,0,0,88.08829999999998,16.0,192.6449,1,50.8877,35.621599999999994,NaN,1280.0,100.0,0.6986890585340162,0,0,0.0,0,0.0,1280.0,0,0.0,0,0,0,0.0,0.0,0.0,0.0,0.0,0.0,0.0,0.0,0,0,0,0,47,0.0,0,6,0.0,0,0.0,662.9228,25.2622,2079.523451898049,0.0,2079.523451898049,0.0,50.8877,1571.5821,5640.331700000001,0.7868820652985085,96,3959.045199999999,32,59962.744265650654,1,0.0,4,6259.945000000001,2,-1668.8165999999997,-4086.4793999999997,350.10520952829324,184.43105695412447,0,9,120,120,11 + fiscal policy and VAT,debt,9,-7.275957614183426e-12
61,128,1,4,11970.725300000004,204.4932,9746.118499999995,0.0,39230.688399999985,,0.0,5795.9902,33434.698199999984,0.0,2330.5359000000003,129.945968625,0.00375,32.8365,2464.9880902229456,0.0,0.07680854655618512,808.5736242240183,1177.8025351486308,0.02,216.7667,2.0,0.0,0.0,2.0,0.0,45,1,0.9479166666666666,0.7569749572497197,0.0,0.0,0.0,0.0,2.0,3,0,0,0.29116493656286047,22,165.41472264477017,-2.1011233235199085,163.31359932125025,13.199370851911477,0.5997929683006479,13.799163820212126,1228.167099999997,1209.2917000000011,1228.167099999997,0.0,14,5,1169.5898999999945,10277.3009,223.2135,2.0,2.0,0.0,0.0,0.0,0.12,0.5,0.25,486.1938999999961,3884.9408000001235,3474.4157000000014,167,2388.705,728.4477000000004,3083.5166,501.81030000000004,0.0,0.0,0.0,0.0,0.0,7,600.9957,0.0,0.0,0.0,0.0,619.8003000000002,217.3849000000001,0.015,6.719480000000001,7.981699999999984,2.323115,2.4331719298245624,4.46838337309823,3.7236974827098535,248.0,255.0,124.0,503.00000000000006,316.0,50.0,46,2,1,7,8,0.0,509.0,5310.350299999996,117.2254,5642.6584,182,10,0,32,0.5531716595572329,0.7569749572497197,0.32384463349541015,40,2691.8857999999987,1713.4674000000002,16,8,40.0,0,0,2,0.0,0,0.0,64745.80536565067,0.0,0,0,0,1.5,0,0.0,0,0,0.0,0,0.0,0,0,92.9246,16.0,266.659,1,110.1412,76.62010000000001,NaN,1280.0,100.0,0.7617111679090162,0,0,0.0,0,0.0,1280.0,0,0.0,0,0,0,0.0,0.0,0.0,0.0,0.0,0.0,0.0,0.0,0,0,0,0,46,0.0,0,6,0.0,0,0.0,662.9228,22.4128,2499.554761757035,0.0,2499.554761757035,0.0,110.1412,1499.3129999999999,6026.542799999999,0.793354712642244,96,4083.3344000000006,32,60662.47096565066,1,0.0,4,5636.4788,2,-1828.1043,-5763.1537,350.10520952829324,184.43105695412447,0,9,124,124,11 + fiscal policy and VAT,debt,9,-7.275957614183426e-12
62,128,1,4,11904.679700000008,204.4932,9625.458,0.0,39672.72999999999,,0.0,5825.7166,33847.01339999999,0.0,3482.746,125.37370312500005,0.00375,17.564,2444.350525378521,0.0,0.07364403443807029,780.8156910005308,1168.9229169190144,0.02,216.8677,2.0,0.0,0.0,2.0,0.0,49,2,0.9479166666666666,0.7584105798964458,0.0,1.0,1.0,0.0,2.0,3,0,0,0.2819876152553407,22,336.1111659968193,-2.1946438391981795,333.91652215762116,11.510507795703967,0.623352951762293,12.133860747466262,1238.7849000000008,1228.1671000000001,1238.7849000000008,0.0,14,5,1169.5898999999945,10277.3009,218.12940000000003,2.0,2.0,0.0,0.0,0.0,0.12,0.5,0.25,514.5733999999959,3966.3959000001328,3474.4157000000014,168,790.6872999999999,856.7328999999984,1272.5630999999998,477.8621999999995,0.0,0.0,0.0,0.0,0.0,11,490.5382,0.0,0.0,0.0,0.0,593.8762,630.3288999999995,0.015,6.662049805447472,7.856950000000006,2.3772999999999995,2.4285855932203395,4.462365275179899,3.611986558228557,256.0,257.0,128.0,500.33333333333337,324.0,50.0,44,3,3,3,6,4.0,509.0,5330.5841999999975,543.7551,5307.7558,182,10,0,32,0.5153680013158786,0.7584105798964458,0.30649782013934423,31,1893.352100000001,1712.1468000000002,14,8,40.0,0,0,3,0.0,0,0.0,134120.1633999999,0.0,0,0,0,1.5,0,0.0,0,0,0.0,0,0.0,0,0,95.09199999999998,16.0,214.4824,1,58.547000000000004,40.98320000000002,NaN,1280.0,100.0,1.276440182291667,0,0,0.0,0,0.0,1280.0,0,0.0,0,0,0,0.0,0.0,0.0,0.0,0.0,0.0,0.0,0.0,0,0,0,0,44,0.0,0,6,0.0,0,0.0,662.9228,20.083499999999997,2106.4421382310675,0.0,2106.4421382310675,0.0,58.547000000000004,2106.4732000000004,6065.9933,0.7841331985189295,96,4172.092100000002,32,129948.0713,1,0.0,4,6070.4242,2,-1993.1767,-5808.152599999999,371.11152209999085,565.6739,0,9,128,128,11 + fiscal policy and VAT,debt,9,-7.275957614183426e-12
63,128,1,4,11341.350099999998,204.4932,9007.3539,0.0,40267.25629999998,,0.0,5319.8877,34947.36859999998,0.0,3337.9233,126.92165962500005,0.00375,5.0945,2442.592383296507,0.0,0.0706099002192218,803.561532104166,1181.6414721976712,0.02,211.0017000000001,2.0,0.0,0.0,2.0,0.0,47,0,0.9479166666666666,0.7580712290990379,0.0,1.0,0.0,0.0,2.0,3,0,0,0.2843285462333081,22,341.20318085233913,-2.1002088790157836,339.10297197332335,12.326398506069866,0.711648029335946,13.038046535405813,1202.3141,1137.288200000002,1303.8107999999977,0.0,14,5,1169.5898999999945,10277.3009,210.50730000000001,2.0,2.0,0.0,0.0,0.0,0.12,0.5,0.25,542.7932999999955,4047.834500000139,3474.4157000000014,170,333.8992,897.2287999999975,826.0275999999999,352.6207000000001,0.0,0.0,0.0,0.0,0.0,2,366.0673,0.0,0.0,0.0,0.0,618.3091000000001,0.0,0.015,6.591613095238096,7.698280314960632,2.43155,2.39466923076923,4.485717652206894,3.5036269614817006,254.0,252.0,127.0,505.0,322.0,50.0,46,2,2,5,6,3.0,510.0,5798.1589,142.7104,4808.568499999999,182,10,0,32,0.5287594479721398,0.7580712290990379,0.34169241757143487,33,2954.1639999999975,1661.0865000000003,11,5,40.0,0,0,2,0.0,0,0.0,135193.65600000008,0.0,0,0,0,1.5,0,0.0,0,0,0.0,0,0.0,0,0,97.262,16.0,220.7505,1,17.0795,11.886499999999998,NaN,1280.0,100.0,1.1621121484374999,0,0,0.0,0,0.0,1280.0,0,0.0,0,0,0,0.0,0.0,0.0,0.0,0.0,0.0,0.0,0.0,0,0,0,0,46,0.0,0,6,0.0,0,0.0,662.9228,17.988,2515.0890472777614,0.0,2515.0890472777614,0.0,17.0795,2433.0370000000003,5172.029399999999,0.784776147006786,96,4227.631599999997,32,130966.02440000001,1,0.0,4,6661.212100000001,2,-2172.4221000000007,-5314.7932,393.37821342599034,565.6739,0,9,127,127,11 + fiscal policy and VAT,debt,9,-7.275957614183426e-12
64,128,1,4,11391.813600000007,204.4932,8997.519400000014,0.0,40857.78639999999,,0.0,5572.2303,35285.55609999999,0.0,3184.9501999999998,131.04791375000005,0.00375,7.405,2431.1579072675227,0.0,0.06770077233018985,785.6887744454547,1179.104704845015,0.02,215.56100000000004,2.0,0.0,0.0,2.0,0.0,51,5,0.9479166666666666,0.7590948818601873,0.0,1.0,0.0,0.0,2.0,3,0,0,0.25049584399461006,22,344.79980175162916,-2.469669784482348,342.3301319671468,17.589873773303474,0.2910580885092146,17.880931861812687,1199.8890999999985,1104.9507999999992,1398.7491000000018,0.0,14,5,1169.5898999999945,10277.3009,200.4529,2.0,2.0,0.0,0.0,0.0,0.12,0.5,0.25,565.4896999999954,4122.578700000149,3474.4157000000014,172,913.3706000000001,862.9070999999992,1650.4443,355.12090000000023,0.0,0.0,0.0,0.0,0.0,39,226.6511,0.0,0.0,0.0,0.0,598.8141999999999,585.9045000000001,0.015,6.596666536964978,7.825342857142851,2.5250175,2.3844500000000015,4.529984592050465,3.39851815263725,252.0,257.0,126.0,503.33333333333337,321.00000000000006,51.0,45,1,1,2,4,4.0,511.0,5379.543799999999,735.1737,4827.5213,182,10,0,32,0.6267723261682523,0.7590948818601873,0.365684576874755,44,1725.3024000000005,1695.3432999999993,9,5,40.0,0,0,1,0.0,0,0.0,135007.47910000006,0.0,0,0,0,1.5,0,0.0,0,0,0.0,0,0.0,0,0,101.00070000000001,16.0,215.5187,1,24.6855,17.2778,NaN,1280.0,100.0,1.2693059895833334,0,0,0.0,0,0.0,1280.0,0,0.0,0,0,0,0.0,0.0,0.0,0.0,0.0,0.0,0.0,0.0,0,0,0,0,45,0.0,0,6,0.0,0,0.0,662.9228,16.0778,1865.6125417649748,0.0,1865.6125417649748,0.0,24.6855,3060.0788000000002,5778.213699999999,0.787944106561657,96,4184.079,32,130823.4001,1,0.0,4,6798.9719,2,-2372.1363000000006,-5564.8253,416.9809062315498,565.6739,0,9,126,126,11 + fiscal policy and VAT,debt,9,-7.275957614183426e-12
65,128,1,4,10929.473400000008,204.4932,8469.495799999999,0.0,41192.1793,,0.0,5028.4928,36163.6865,0.0,3402.776599999999,132.31597024999996,0.00375,16.5072,2414.998047099076,0.0,0.06491150051018603,800.40380833545,1142.8212897327173,0.02,201.2767,2.0,0.0,0.0,2.0,0.0,48,0,0.9479166666666666,0.7563113292236285,0.0,2.0,0.0,0.0,2.0,3,0,0,0.2934003962810547,22,346.1032953734096,-2.047159250418939,344.05613612299067,11.685478326697341,0.7621693312680503,12.447647657965392,1208.6302000000014,1398.7491000000018,1208.6302000000014,0.0,14,5,1169.5898999999945,10277.3009,207.62369999999999,2.0,2.0,0.0,0.0,0.0,0.12,0.5,0.25,582.8006999999957,4198.160400000167,3474.4157000000014,172,495.5068,957.8470000000017,145.5394,635.2947000000003,0.0,0.0,0.0,0.0,0.0,0,86.625,0.0,0.0,0.0,0.0,613.4679000000001,0.0,0.015,6.547669135802467,7.719000000000008,2.6127,2.377229661016948,4.508783511790482,3.296562608058132,256.0,243.0,128.0,508.3333333333333,325.0,51.0,46,7,7,1,4,2.0,505.0,5393.752799999999,160.3179,5067.0097,182,10,0,32,0.529543577942615,0.7563113292236285,0.31233221109812614,45,2927.511299999999,1591.0835999999995,15,11,33.0,0,0,7,0.0,0,0.0,136176.465,0.0,0,0,0,1.5,0,0.0,0,0,0.0,0,0.0,0,0,86.2191,16.0,205.2608,1,55.0234,38.5164,NaN,1280.0,100.0,1.2141122135416667,0,0,0.0,0,0.0,1280.0,0,0.0,0,0,0,0.0,0.0,0.0,0.0,0.0,0.0,0.0,0.0,0,0,0,0,46,0.0,0,6,0.0,0,0.0,662.9228,14.502899999999999,2679.64997888836,0.0,2679.64997888836,0.0,55.0234,1837.1331999999998,5432.5884,0.7880993149217197,96,4673.1437,32,131503.32129999998,1,0.0,4,6584.874400000001,2,-2577.845799999999,-5011.9856,441.9997606054428,565.6739,0,9,128,128,11 + fiscal policy and VAT,debt,9,-7.275957614183426e-12
66,128,1,4,11272.4081,204.4932,8596.980400000004,0.0,41700.772,,0.0,5304.3904,36396.3816,0.0,3279.5934999999995,135.60903099999996,0.00375,12.0162,2413.2379460569514,0.0,0.06223714668916636,803.8355361600976,1153.6077640379676,0.02,214.3005,2.0,0.0,0.0,2.0,0.0,49,0,0.9479166666666666,0.7564278674885327,0.0,1.0,0.0,0.0,2.0,3,0,0,0.25184784568235086,22,348.3312045277243,-2.13814431488462,346.19306021283967,15.836496951366504,0.7074948675036504,16.543991818870154,1176.6905999999994,1208.6302000000026,1176.6905999999994,0.0,14,5,1169.5898999999945,10277.3009,203.71609999999998,2.0,2.0,0.0,0.0,0.0,0.12,0.5,0.25,450.34499999999537,4271.859100000156,3474.4157000000014,173,1266.5662000000002,923.6315000000003,1503.3715000000002,451.50730000000004,0.0,0.0,0.0,0.0,0.0,8,85.89869999999999,0.0,0.0,0.0,0.0,622.0033999999998,539.3390999999999,0.015,6.525720155038758,7.813369105691045,2.5550500000000005,2.3549115044247815,4.557395253817295,3.197665729816388,246.0,258.0,123.0,503.66666666666663,314.0,50.0,47,1,0,3,7,0.0,511.0,5353.6783000000005,731.8024,4872.3419,182,10,0,32,0.5924479254466499,0.7564278674885327,0.3116804342243267,53,1763.2688999999993,1683.6357999999996,17,10,40.0,0,0,1,0.0,0,0.0,136054.1256,0.0,0,0,0,1.5,0,0.0,0,0,0.0,0,0.0,0,0,102.20200000000001,16.0,216.6706,1,40.0595,28.039799999999996,NaN,1280.0,100.0,1.2819212760416667,0,0,0.0,0,0.0,1280.0,0,0.0,0,0,0,0.0,0.0,0.0,0.0,0.0,0.0,0.0,0.0,0,0,0,0,47,0.0,0,6,0.0,0,0.0,662.9228,13.0086,1809.1364607659416,0.0,1809.1364607659416,0.0,40.0595,2539.1819,5820.8149,0.7901742025475564,96,4761.716999999999,32,131292.40860000002,1,0.0,4,6913.8928000000005,2,-2794.0221999999994,-5292.3742,468.5197462417694,565.6739,0,9,123,123,11 + fiscal policy and VAT,debt,9,-7.275957614183426e-12
67,128,1,4,11465.723900000008,204.4932,8636.337400000002,0.0,42188.23620000002,,0.0,5475.2921,36712.94410000002,0.0,3490.0204000000003,136.481489125,0.00375,25.3508,2398.8233259812264,0.0,0.059672976245572704,764.4500677999799,1140.5795756541509,0.02,208.47289999999992,2.0,0.0,0.0,2.0,0.0,51,0,0.9479166666666666,0.756411753082687,0.0,1.0,0.0,0.0,2.0,3,0,0,0.2766863905325444,22,351.9734844536587,-2.1738909283751826,349.7995935252835,14.857300981053582,0.6830852336628588,15.54038621471644,1214.6554000000006,1176.6906000000001,1214.6554000000006,0.0,14,5,1169.5898999999945,10277.3009,200.7754,2.0,2.0,0.0,0.0,0.0,0.12,0.5,0.25,379.38059999999507,4345.652100000194,3474.4157000000014,174,1163.5716,970.2558000000005,1456.2067000000002,453.32790000000085,0.0,0.0,0.0,0.0,0.0,3,85.1733,0.0,0.0,0.0,0.0,579.6773999999998,0.0,0.015,6.470325000000001,7.766976744186048,2.6187238095238095,2.3685747899159666,4.312846779908177,3.101735757921896,258.0,260.0,129.0,507.3333333333333,327.0,51.0,44,3,2,4,7,5.0,509.0,5497.493599999997,161.98,5520.787200000001,182,10,0,32,0.5806456032072504,0.756411753082687,0.3296033569258614,49,2795.3800999999976,1682.2845000000002,15,8,21.0,0,0,3,0.0,0,0.0,137048.84479999993,0.0,0,0,0,1.5,0,0.0,0,0,0.0,0,0.0,0,0,54.9932,16.0,174.939,1,84.5018,59.1508,NaN,1280.0,100.0,1.303999505208333,0,0,0.0,0,0.0,1280.0,0,0.0,0,0,0,0.0,0.0,0.0,0.0,0.0,0.0,0.0,0.0,0,0,0,0,44,0.0,0,6,0.0,0,0.0,662.9228,11.775200000000002,2584.114166135714,0.0,2584.114166135714,0.0,84.5018,2469.1456999999996,5857.7062000000005,0.7931129399614323,96,4759.0497,32,132289.7951,1,0.0,4,6378.426600000001,2,-2948.706400000001,-5449.9412999999995,496.63093101627555,565.6739,0,9,129,129,11 + fiscal policy and VAT,debt,9,-7.275957614183426e-12
68,128,1,4,11149.197800000007,204.4932,8199.14,0.0,42677.18300000001,,0.0,5161.9259,37515.25710000001,0.0,3742.3075000000013,137.66892699999994,0.00375,13.5128,2396.6590054150547,0.0,0.057214449624255106,780.4862860508928,1143.9161369433698,0.02,215.1888,2.0,0.0,0.0,2.0,0.0,53,4,0.9479166666666666,0.7579987285055629,0.0,1.0,0.0,0.0,2.0,3,0,0,0.25039333372181105,22,354.6689403605632,-2.375208236181216,352.293732124382,14.219029539890547,0.42167005640246935,14.640699596293015,1187.2348,1214.6554000000017,1187.2348,0.0,14,5,1169.5898999999945,10277.3009,201.8657,2.0,2.0,0.0,0.0,0.0,0.12,0.5,0.25,341.7036999999949,4417.2372000002,3474.4157000000014,175,641.3842000000001,957.9102999999993,993.6864,444.7518999999996,0.0,0.0,0.0,0.0,0.0,25,84.44699999999999,0.0,0.0,0.0,0.0,600.9454999999998,560.5852000000002,0.015,6.455081679389315,7.670688976377955,2.5503675,2.372608547008548,4.177503000109405,3.0086836851842396,254.0,262.0,127.0,504.0,322.00000000000006,50.0,46,2,1,2,8,7.0,510.0,5111.194800000002,738.4797,5007.799,182,10,0,32,0.5907674463904216,0.7579987285055629,0.32526405918389867,57,1648.5852000000002,1691.2314000000006,15,7,40.0,0,0,2,0.0,0,0.0,136811.2502999999,0.0,0,0,0,1.5,0,0.0,0,0,0.0,0,0.0,0,0,102.0147,16.0,193.7645,1,45.043,31.53,NaN,1280.0,100.0,1.3331485546875,0,0,0.0,0,0.0,1280.0,0,0.0,0,0,0,0.0,0.0,0.0,0.0,0.0,0.0,0.0,0.0,0,0,0,0,46,0.0,0,6,0.0,0,0.0,662.9228,10.9166,1820.3940635385911,0.0,1820.3940635385911,0.0,45.043,1845.7114,5940.0432,0.7950029610543212,96,4494.1831999999995,32,132317.0671,1,0.0,4,7014.3388,2,-3070.1040000000003,-5148.4131,526.4287868772522,565.6739,0,9,127,127,11 + fiscal policy and VAT,debt,9,-7.275957614183426e-12
69,128,1,4,11257.586900000006,204.4932,8204.5842,0.0,43175.97069999998,,0.0,5343.974,37831.99669999998,0.0,3464.509400000001,140.67741137500002,0.00375,11.2412,2378.711450829116,0.0,0.05485721429973579,755.5699841832504,1132.4186338860775,0.02,193.64529999999993,2.0,0.0,0.0,2.0,0.0,49,0,0.9479166666666666,0.7562410591839512,0.0,0.0,0.0,0.0,2.0,3,0,0,0.28691476590636256,22,357.6009675007761,-2.1771654437934753,355.42380205698265,17.083260566599805,0.6876734768069446,17.770934043406747,1192.1315000000009,1187.2348000000002,1192.1315000000009,0.0,14,5,1169.5898999999945,10277.3009,193.83119999999997,2.0,2.0,0.0,0.0,0.0,0.12,0.5,0.25,321.745099999995,4487.359200000211,3474.4157000000014,176,973.5387,865.1495999999996,1350.4386999999997,421.00249999999966,0.0,0.0,0.0,0.0,0.0,1,83.7126,0.0,0.0,0.0,0.0,572.9376999999997,0.0,0.015,6.371941176470587,7.595260000000011,2.5575105263157893,2.3154141666666654,4.105375754233797,2.918423174628712,260.0,238.0,130.0,507.66666666666663,329.0,51.0,44,6,6,5,3,3.0,505.0,5862.7969,146.7207,4958.0253,182,10,0,32,0.6068289465061039,0.7562410591839512,0.3045152316830362,52,2748.0658999999973,1516.5219999999997,12,9,38.0,0,0,6,0.0,0,0.0,137867.83339999992,0.0,0,0,0,1.5,0,0.0,0,0,0.0,0,0.0,0,0,97.1854,16.0,195.0902,1,37.47,26.22919999999999,NaN,1280.0,100.0,1.2696692578124997,0,0,0.0,0,0.0,1280.0,0,0.0,0,0,0,0.0,0.0,0.0,0.0,0.0,0.0,0.0,0.0,0,0,0,0,44,0.0,0,6,0.0,0,0.0,662.9228,12.0165,2413.2527473812534,0.0,2413.2527473812534,0.0,37.47,1721.3666,5299.8362,0.7942717968136737,96,4829.478000000001,32,133038.3554,1,0.0,4,7050.0153,2,-3173.7833,-5332.7328,526.4287868772522,565.6739,0,9,130,130,11 + fiscal policy and VAT,debt,9,-7.275957614183426e-12
70,128,1,4,10967.491099999996,204.4932,7901.736100000005,0.0,43705.127999999975,,0.0,5075.806,38629.32199999998,0.0,3821.8032000000003,141.86499887500005,0.00375,6.3488,2377.136855988784,0.0,0.05259709707058667,782.9579398944537,1135.5165206591894,0.02,203.60060000000004,2.0,0.0,0.0,2.0,0.0,53,4,0.9479166666666666,0.759734859344503,0.0,1.0,2.0,0.0,2.0,3,0,0,0.2879638671875,22,495.08672130146397,-2.464663126447328,492.62205817501666,17.263163977534433,0.3550735371918316,17.618237514726264,1112.2944000000005,1192.1315000000006,1112.2944000000005,0.0,14,5,1169.5898999999945,10277.3009,205.6311,2.0,2.0,0.0,0.0,0.0,0.12,0.5,0.25,308.9927999999948,4554.705300000211,3474.4157000000014,177,542.6776,832.7734000000008,904.3048,417.4987000000006,0.0,0.0,0.0,0.0,0.0,25,0.0,0.0,0.0,0.0,0.0,606.2759000000001,539.7144000000003,0.015,6.232249218749999,7.351835245901641,2.5304450000000007,2.3223544642857155,4.052353290281439,2.830870479389851,244.0,256.0,122.0,498.33333333333337,312.0,50.0,47,3,2,2,6,3.0,508.0,5462.349000000001,828.8054,4472.6745,182,10,0,32,0.6334799629587016,0.759734859344503,0.3181198577012181,61,1578.4587,1595.4557999999997,17,11,40.0,0,0,3,0.0,0,0.0,187637.7202999999,0.0,0,0,0,1.5,0,0.0,0,0,0.0,0,0.0,0,0,101.21780000000003,16.0,197.3134,1,21.1658,14.813200000000002,NaN,1280.0,100.0,1.6587126171875,0,0,0.0,0,0.0,1280.0,0,0.0,0,0,0,0.0,0.0,0.0,0.0,0.0,0.0,0.0,0.0,0,0,0,0,47,0.0,0,6,0.0,0,0.0,662.9228,13.0237,1521.2037110495696,0.0,1521.2037110495696,0.0,21.1658,1898.0406999999996,5498.7933,0.7913075507944887,96,4746.328800000001,32,182891.39150000003,1,0.0,4,7644.590300000001,2,-3270.2482,-5069.4572,558.0145140898873,840.3128,0,9,122,122,11 + fiscal policy and VAT,debt,9,-7.275957614183426e-12
71,127,1,4,10469.542699999998,204.4932,7297.6438,0.0,44216.823500000006,,0.0,4586.7494,39630.074100000005,0.0,3613.162100000001,144.85522950000004,0.00375,9.9805,2361.911714033503,0.0,0.0504300966712785,759.4211164149169,1124.0255843556686,0.02,193.63889999999972,2.0,0.0,0.0,2.0,0.0,49,0,0.9479166666666666,0.7567295472343918,0.0,1.0,0.0,0.0,2.0,3,0,0,0.291453910239183,22,508.0178063800374,-2.4482555055137514,505.5695508745237,12.783322233057165,0.6973608998179032,13.480683132875068,1168.2502000000009,1112.2944000000002,1168.2502000000009,0.0,14,5,1169.5898999999945,10277.3009,199.96130000000002,2.0,2.0,0.0,0.0,0.0,0.12,0.5,0.25,218.64099999999513,4622.061300000217,3490.207800000002,177,353.35929999999996,851.3076999999992,195.65149999999994,421.59679999999935,0.0,0.0,0.0,0.0,0.0,0,0.0,0.0,0.0,0.0,0.0,586.6715999999999,0.0,0.015,6.196591393442622,7.548285039370074,2.542090000000001,2.274177777777778,4.001267517630977,2.745944365008155,254.0,244.0,127.0,504.6666666666667,320.66666666666663,50.0,46,4,4,4,3,2.0,504.0,5355.6315,269.7188,4639.4132,182,10,0,32,0.5534028514297686,0.7567295472343918,0.299549058561978,50,2658.549899999999,1511.9682999999998,8,5,40.0,0,0,4,0.0,0,0.0,188629.46639999998,0.0,0,0,0,1.5,0,0.0,0,0,0.0,0,0.0,0,0,101.68360000000004,16.0,194.7987,1,33.2725,23.2873,NaN,1280.0,100.0,1.6207029296875002,0,0,0.0,0,0.0,1280.0,0,0.0,0,0,0,0.0,0.0,0.0,0.0,0.0,0.0,0.0,0.0,0,0,0,0,46,0.0,0,6,0.0,0,0.0,662.9228,13.4555,2163.798453963662,0.0,2163.798453963662,0.0,33.2725,2242.6344,5103.9307,0.7893625644503348,95,5056.709400000002,32,183572.75699999998,1,0.0,4,7550.0741,2,-3376.3920999999996,-4576.7689,591.4953849352805,840.3128,1,9,127,127,11 + fiscal policy and VAT,debt,9,-7.275957614183426e-12
72,127,1,4,10582.852699999996,204.4932,7264.9063,0.0,44808.1583,,0.0,4225.6105,40582.5478,0.0,3432.2197000000006,148.6078096250001,0.00375,14.3713,2344.3300830586595,0.0,0.04835237668842182,751.5559716214289,1119.0501803724399,0.02,205.76389999999992,2.0,0.0,0.0,2.0,0.0,49,0,0.9479166666666666,0.7568400104439816,0.0,0.0,0.0,0.0,2.0,3,0,0,0.28104422819183034,22,511.98638066684333,-2.5348104495007253,509.45157021734263,10.8664269462019,0.6839535641668598,11.55038051036876,1111.9698999999996,1072.5086999999996,1207.7113999999995,0.0,14,5,1169.5898999999945,10277.3009,201.8337,2.0,2.0,0.0,0.0,0.0,0.12,0.5,0.25,72.59349999999498,4685.360700000229,3490.207800000002,178,871.9723999999999,758.6624000000004,346.2031,336.15939999999887,0.0,97.12189999999998,0.0,0.0,0.0,0,0.0,0.0,0.0,0.0,0.0,579.8518999999999,0.0,0.015,6.145691984732825,7.387354098360658,2.6133475000000006,2.2781910714285725,3.853780863012177,2.66356603405791,244.0,262.0,122.0,498.66666666666674,312.0,50.0,46,0,0,5,7,8.0,508.0,4873.0316,845.0732,4657.9996,182,10,0,32,0.5239251352602514,0.7568400104439816,0.19588589227537145,47,2123.4839999999995,1610.1713000000002,14,7,40.0,0,0,0,0.0,0,0.0,188961.50290000005,0.0,0,0,0,1.5,0,0.0,0,0,0.0,0,0.0,0,0,104.53390000000002,16.0,192.377,1,47.9084,33.532500000000006,NaN,1280.0,100.0,1.6567723567708335,0,0,0.0,0,0.0,1280.0,0,0.0,0,0,0,0.0,0.0,0.0,0.0,0.0,0.0,0.0,0.0,0,0,0,0,46,0.0,0,6,0.0,0,0.0,662.9228,14.3114,1451.739778119604,0.0,1451.739778119604,0.0,47.9084,1564.657,5695.4498,0.7906265762794853,95,5077.438499999999,32,183884.0644,1,0.0,4,7664.456799999998,2,-3522.4396000000006,-4211.2392,591.4953849352805,840.3128,0,9,122,122,11 + fiscal policy and VAT,debt,9,-7.275957614183426e-12
73,127,1,4,10082.048000000006,204.4932,6791.4019,0.0,45199.4759,,0.0,3833.872,41365.603899999995,0.0,3113.591999999999,152.17966737500007,0.00375,14.1507,2325.5703319939807,0.0,0.04636025876885884,733.534619965303,1105.492254662654,0.02,193.18400000000014,2.0,0.0,0.0,2.0,0.0,51,0,0.9479166666666666,0.7570886576193734,0.0,0.0,0.0,0.0,2.0,3,0,0,0.2733531118359586,22,517.4781375650002,-2.6642246124324207,514.8139129525679,8.377697764206825,0.7089337494234785,9.086631513630303,1106.8049999999994,1207.7113999999997,1106.8049999999994,0.0,14,5,1169.5898999999945,10277.3009,184.23649999999998,2.0,2.0,0.0,0.0,0.0,0.12,0.5,0.25,99.89379999999483,4752.078700000264,3490.207800000002,178,286.25149999999996,787.0561999999992,199.8365,515.3097999999995,0.0,0.0,0.0,0.0,0.0,0,0.0,0.0,0.0,0.0,0.0,563.2941000000001,0.0,0.015,6.077839271255062,7.138399999999994,2.7160474999999997,2.242402542372881,3.5976035958224335,2.583659053036173,256.0,247.0,128.0,501.33333333333337,324.0,50.0,45,1,1,5,6,2.0,507.0,4376.3228,765.4111,4740.8331,182,10,0,32,0.4842853118532533,0.7570886576193734,0.16837934937490906,48,1983.1470000000015,1501.2263000000003,14,8,40.0,0,0,1,0.0,0,0.0,189272.70659999992,0.0,0,0,0,1.5,0,0.0,0,0,0.0,0,0.0,0,0,108.64189999999999,16.0,185.3303,1,47.1756,33.019499999999994,NaN,1280.0,100.0,1.6651519270833335,0,0,0.0,0,0.0,1280.0,0,0.0,0,0,0,0.0,0.0,0.0,0.0,0.0,0.0,0.0,0.0,0,0,0,0,45,0.0,0,6,0.0,0,0.0,662.9228,14.2515,1589.2661228252475,0.0,1589.2661228252475,0.0,47.1756,1610.1187999999997,5691.574499999999,0.7905520075393941,95,5080.3978,32,184192.30880000003,1,0.0,4,7639.107499999999,2,-3495.1393000000003,-3819.7212999999997,591.4953849352805,840.3128,0,9,128,128,11 + fiscal policy and VAT,debt,9,-7.275957614183426e-12
74,127,1,4,11243.325300000004,204.4932,7963.104599999997,0.0,45693.01180000004,,0.0,5122.9699,40570.04190000004,0.0,2687.1839999999997,155.116458375,0.00375,32.3609,2311.72561162466,0.0,0.044450216107581854,725.4368095232483,1094.6473494164397,0.02,197.41290000000012,2.0,0.0,0.0,2.0,0.0,50,0,0.9479166666666666,0.7573750318640577,0.0,0.0,0.0,0.0,2.0,3,0,0,0.2734615384615384,22,524.5222103089985,-2.7941660760939233,521.7280442329046,15.841493284523455,0.6584608529706678,16.499954137494125,1096.954199999999,1106.8049999999994,1096.954199999999,0.0,14,5,1169.5898999999945,10277.3009,187.1171,2.0,2.0,0.0,0.0,0.0,0.12,0.5,0.25,110.3191999999948,4815.545400000289,3490.207800000002,178,1887.9378000000002,726.6604999999997,1819.3113,424.40250000000066,0.0,0.0,0.0,0.0,0.0,1,0.0,0.0,0.0,0.0,0.0,557.1265000000001,0.0,0.015,5.910292307692308,7.09817716535433,2.7105875000000004,2.1753811965811964,3.6346969606674664,2.506149281445088,254.0,260.0,127.0,500.3333333333334,322.00000000000006,50.0,45,0,0,5,9,4.0,508.0,5192.239699999999,776.5416,5014.6514,182,10,0,32,0.594292317697569,0.7573750318640577,0.1748188319086439,50,1972.1112000000005,1536.6760000000002,16,7,40.0,0,0,0,0.0,0,0.0,189579.15190000006,0.0,0,0,0,1.5,0,0.0,0,0,0.0,0,0.0,0,0,108.42350000000002,16.0,227.5317,1,108.6952,75.50970000000001,NaN,1280.0,100.0,1.7210299869791672,0,0,0.0,0,0.0,1280.0,0,0.0,0,0,0,0.0,0.0,0.0,0.0,0.0,0.0,0.0,0.0,0,0,0,0,45,0.0,0,6,0.0,0,0.0,662.9228,12.6482,1448.5007386524153,0.0,1448.5007386524153,0.0,108.6952,2076.0749,6018.724700000001,0.791208968844654,95,5065.527499999999,32,184513.62440000003,1,0.0,4,7413.140799999999,2,-3484.7139000000006,-5090.609,591.4953849352805,840.3128,0,9,127,127,11 + fiscal policy and VAT,debt,9,-7.275957614183426e-12
75,127,1,4,11005.1728,204.4932,7734.1362,0.0,46148.349500000055,,0.0,5001.9618,41146.38770000006,0.0,3914.269099999998,152.13222887500015,0.00375,24.3509,2286.1260888932206,0.0,0.04261886720394948,701.1634411784063,1075.0053092621472,0.02,194.25300000000016,2.0,0.0,0.0,2.0,0.0,52,0,0.9479166666666666,0.7579853904881597,0.0,1.0,0.0,0.0,2.0,3,0,0,0.2681796847794819,22,541.0438849829111,-3.016175823660941,538.0277091592502,15.470928809976858,0.6056273410920714,16.076556151068928,1086.3951999999979,1096.9541999999985,1086.3951999999979,0.0,14,5,1169.5898999999945,10277.3009,183.44299999999998,2.0,2.0,0.0,0.0,0.0,0.12,0.5,0.25,119.50329999999502,4882.948400000336,3490.207800000002,178,533.523,771.6755000000002,472.0005,415.56899999999996,0.0,0.0,0.0,0.0,0.0,11,0.0,0.0,0.0,0.0,0.0,537.5403000000002,0.0,0.015,5.857851750972766,6.9917999999999925,2.8325625000000008,2.1909822033898294,3.5912592803430305,2.430964803001735,256.0,257.0,128.0,501.33333333333337,324.00000000000006,50.0,44,1,1,1,6,4.0,507.0,5182.309199999998,772.0647,4851.7389,182,10,0,32,0.5938457659720406,0.7579853904881597,0.18589353417986976,55,1950.1628000000007,1505.4679000000008,11,5,40.0,0,0,1,0.0,0,0.0,189873.45839999997,0.0,0,0,0,1.5,0,0.0,0,0,0.0,0,0.0,0,0,113.30250000000002,16.0,174.7091,1,81.1729,56.81819999999998,NaN,1280.0,100.0,1.706423619791667,0,0,0.0,0,0.0,1280.0,0,0.0,0,0,0,0.0,0.0,0.0,0.0,0.0,0.0,0.0,0.0,0,0,0,0,44,0.0,0,6,0.0,0,0.0,662.9228,11.175799999999999,1459.0053123834869,0.0,1459.0053123834869,0.0,81.1729,2168.699,5798.512699999999,0.7911435724414959,95,4988.6336,32,184884.82479999997,1,0.0,4,7628.33,2,-3475.5298000000003,-4977.6109,626.9851080313974,840.3128,0,9,128,128,11 + fiscal policy and VAT,debt,9,-7.275957614183426e-12
76,127,1,4,10833.130299999995,204.4932,7564.959899999998,0.0,46616.99410000006,,0.0,4931.0804,41685.91370000006,0.0,3724.476200000002,154.29353212500004,0.00375,8.7291,2262.2244853585375,0.0,0.04086296987514676,690.082360306724,1061.7778235723583,0.02,183.5152,2.0,0.0,0.0,2.0,0.0,50,0,0.9479166666666666,0.7577657249547995,0.0,0.0,0.0,0.0,2.0,3,0,0,0.2792538805749971,22,546.9431807827369,-3.1242609868487228,543.8189197958882,14.60918343572274,0.6513394606421031,15.260522896364842,1085.143599999999,1086.3952,1085.143599999999,0.0,14,5,1169.5898999999945,10277.3009,177.6941,2.0,2.0,0.0,0.0,0.0,0.12,0.5,0.25,122.36949999999501,4948.3280000003715,3490.207800000002,178,610.9777,783.0201999999991,543.5283,385.1251000000001,0.0,0.0,0.0,0.0,0.0,10,0.0,0.0,0.0,0.0,0.0,527.9552000000003,0.0,0.015,5.728125910931178,6.975170542635658,2.861180000000001,2.1342571428571446,3.5821137298079884,2.3580358589116828,258.0,247.0,129.0,505.66666666666663,326.0,50.0,44,2,2,2,2,1.0,506.0,5520.463900000004,772.1818,4346.9646999999995,182,10,0,32,0.571223477401378,0.7577657249547995,0.1739524274516988,54,1940.6125000000004,1414.8471000000009,7,5,40.0,0,0,2,0.0,0,0.0,190222.91679999995,0.0,0,0,0,1.5,0,0.0,0,0,0.0,0,0.0,0,0,114.44720000000004,16.0,184.7908,1,29.282700000000002,20.3674,NaN,1280.0,100.0,1.655227330729167,0,0,0.0,0,0.0,1280.0,0,0.0,0,0,0,0.0,0.0,0.0,0.0,0.0,0.0,0.0,0.0,0,0,0,0,44,0.0,0,6,0.0,0,0.0,662.9228,9.7654,1465.5456542046168,0.0,1465.5456542046168,0.0,29.282700000000002,2351.3468,5303.9373,0.7900844896083545,95,5064.560900000002,32,185158.35590000002,1,0.0,4,8159.5337,2,-3472.6635999999994,-4922.3513,626.9851080313974,840.3128,0,9,129,129,11 + fiscal policy and VAT,debt,9,-7.275957614183426e-12
77,127,1,4,11011.4479,204.4932,7743.526199999996,0.0,47116.19320000003,,0.0,5241.6614,41874.53180000003,0.0,3591.3947,156.31670974999992,0.00375,10.245,2237.164212509742,0.0,0.03917941551629071,700.1627169402653,1065.5520333398279,0.02,186.50380000000004,2.0,0.0,0.0,2.0,0.0,49,0,0.9479166666666666,0.7576284766394705,0.0,0.0,0.0,0.0,2.0,3,0,0,0.2807074202229911,22,560.2075234843394,-3.1488423378045565,557.0586811465348,22.14240379755521,0.6470964601051233,22.789500257660332,1058.1398000000006,1085.1436000000003,1058.1398000000006,0.0,14,5,1169.5898999999945,10277.3009,183.7389,2.0,2.0,0.0,0.0,0.0,0.12,0.5,0.25,122.61819999999497,5012.491900000378,3490.207800000002,178,967.8648000000001,789.5472000000009,903.9496,383.4584000000004,0.0,0.0,0.0,0.0,0.0,0,0.0,0.0,0.0,0.0,0.0,541.6689000000002,0.0,0.015,5.635769803921572,6.939011200000006,2.9268825,2.1142130434782618,3.5383770923408018,2.287294783144332,250.0,255.0,125.0,503.33333333333337,318.0,50.0,46,3,2,5,6,5.0,505.0,5782.163,807.3589,4239.321800000001,182,10,0,32,0.6455408401025566,0.7576284766394705,0.18165712588897875,48,1901.6198000000006,1437.1213000000007,9,3,40.0,0,0,3,0.0,0,0.0,190508.4236000001,0.0,0,0,0,1.5,0,0.0,0,0,0.0,0,0.0,0,0,117.0753,16.0,172.3592,1,34.1562,23.9049,NaN,1280.0,100.0,1.6577059895833335,0,0,0.0,0,0.0,1280.0,0,0.0,0,0,0,0.0,0.0,0.0,0.0,0.0,0.0,0.0,0.0,0,0,0,0,46,0.0,0,6,0.0,0,0.0,662.9228,8.494399999999999,1362.9351674040151,0.0,1362.9351674040151,0.0,34.1562,3213.7032999999997,5219.0399,0.7895582248905284,95,5088.5579,32,185419.8657,1,0.0,4,8336.3568,2,-3472.4149,-5231.4164,626.9851080313974,840.3128,0,9,125,125,11 + fiscal policy and VAT,debt,9,-7.275957614183426e-12
78,127,1,4,10851.606799999994,204.4932,7583.2307000000055,0.0,47596.86120000006,,0.0,5173.4462,42423.41500000006,0.0,3828.4767000000006,157.02360049999987,0.00375,22.408,2208.029349935771,0.0,0.037565223597019526,687.296085864213,1046.197733290514,0.02,187.5631,2.0,0.0,0.0,2.0,0.0,51,0,0.9479166666666666,0.7578800693295882,0.0,1.0,0.0,0.0,2.0,3,0,0,0.27094434902599784,22,570.3335330711254,-3.3086238360405176,567.0249092350849,14.962043110872987,0.6473335859787089,15.609376696851696,1031.931499999999,1058.1398000000038,1031.931499999999,0.0,14,5,1169.5898999999945,10277.3009,173.67020000000002,2.0,2.0,0.0,0.0,0.0,0.12,0.5,0.25,122.16379999999494,5076.227600000394,3490.207800000002,178,648.4715000000001,808.3125999999987,584.2814000000001,402.0279999999993,0.0,0.0,0.0,0.0,0.0,0,0.0,0.0,0.0,0.0,0.0,531.3952000000003,0.0,0.015,5.621760919540228,6.757771428571418,3.0886741935483877,2.099840517241378,3.5336903527032613,2.218675939650002,252.0,261.0,126.0,498.66666666666674,320.0,50.0,46,1,0,3,8,7.0,507.0,5234.164700000001,810.0027,4632.6898,182,10,0,32,0.5769949092023736,0.7578800693295882,0.1867465828270578,51,1897.6822,1467.2795999999996,12,4,31.0,0,0,1,0.0,0,0.0,190808.88800000018,0.0,0,0,0,1.5,0,0.0,0,0,0.0,0,0.0,0,0,95.74890000000002,16.0,152.3416,1,74.6931,52.2856,NaN,1280.0,100.0,1.7194907031250002,0,0,0.0,0,0.0,1280.0,0,0.0,0,0,0,0.0,0.0,0.0,0.0,0.0,0.0,0.0,0.0,0,0,0,0,46,0.0,0,6,0.0,0,0.0,662.9228,7.4135,1344.1768717719647,0.0,1344.1768717719647,0.0,74.6931,1808.3792999999998,5595.0341,0.790282730446835,95,5123.849299999998,32,185685.0387,1,0.0,4,8032.152700000001,2,-3472.8692999999994,-5151.0382,664.6042145132814,840.3128,0,9,126,126,11 + fiscal policy and VAT,debt,9,-7.275957614183426e-12
79,127,1,4,10950.714599999998,204.4932,7679.6553,0.0,48055.984900000025,,0.0,5336.2595,42719.725400000025,0.0,3786.3308000000015,159.08201224999988,0.00375,10.63,2182.624794093429,0.0,0.03601753638482232,662.8318444306145,1039.5575960622862,0.02,184.5669000000001,2.0,0.0,0.0,2.0,0.0,52,0,0.9479166666666666,0.7582394482675174,0.0,0.0,0.0,0.0,2.0,3,0,0,0.26585323938821104,22,573.275431907614,-3.420914160831012,569.854517746783,20.350659507777316,0.6180304144014335,20.968689922178747,1068.6897000000001,1031.9314999999995,1068.6897000000001,0.0,14,5,1169.5898999999945,10277.3009,174.32089999999997,2.0,2.0,0.0,0.0,0.0,0.12,0.5,0.25,119.48059999999501,5137.370400000429,3490.207800000002,178,913.4549,814.3470999999992,849.6288999999999,376.8851000000003,0.0,0.0,0.0,0.0,0.0,17,0.0,0.0,0.0,0.0,0.0,507.3568000000001,0.0,0.015,5.599529644268776,6.882196899224804,3.034372500000001,2.08130420168067,3.486711320204314,2.152115661460502,258.0,253.0,129.0,503.3333333333333,326.0,50.0,44,0,0,3,5,4.0,508.0,5673.492899999998,798.7722,4301.6957999999995,182,10,0,32,0.6334019963493491,0.7582394482675174,0.1868782056664111,53,1883.8990999999996,1416.6810000000003,10,5,40.0,0,0,0,0.0,0,0.0,191100.03570000007,0.0,0,0,0,1.5,0,0.0,0,0,0.0,0,0.0,0,0,121.37490000000003,16.0,166.1237,1,35.433299999999996,24.80319999999999,NaN,1280.0,100.0,1.6889171484375003,0,0,0.0,0,0.0,1280.0,0,0.0,0,0,0,0.0,0.0,0.0,0.0,0.0,0.0,0.0,0.0,0,0,0,0,44,0.0,0,6,0.0,0,0.0,662.9228,6.4563999999999995,1384.8976835983322,0.0,1384.8976835983322,0.0,35.433299999999996,2635.1223000000005,5266.591700000001,0.7899532768739665,95,5056.479100000002,32,186043.55660000004,1,0.0,4,8449.394800000002,2,-3475.5525000000002,-5325.6295,664.6042145132814,840.3128,0,9,129,129,11 + fiscal policy and VAT,debt,9,-7.275957614183426e-12
80,127,1,4,11328.005699999998,204.4932,8055.2865999999985,0.0,48524.8399,,0.0,5791.3761,42733.4638,0.0,3756.0459,160.19342024999992,0.00375,32.8365,2151.218186286026,0.0,0.034533613885767644,654.8598548212806,1015.3560158573507,0.02,180.19490000000002,2.0,0.0,0.0,2.0,0.0,52,0,0.9479166666666666,0.7583815265936469,0.0,1.0,0.0,0.0,2.0,3,0,0,0.27705599999999997,22,576.4207836078183,-3.3985533087547575,573.0222302990635,18.260083153185832,0.578032066607688,18.83811521979352,1060.6210000000003,1068.6896999999997,1060.6210000000003,0.0,14,5,1169.5898999999945,10277.3009,175.7575,2.0,2.0,0.0,0.0,0.0,0.12,0.5,0.25,117.82079999999505,5198.277000000439,3490.207800000002,178,1215.4162,838.125099999998,1152.8498,395.09200000000124,0.0,0.0,0.0,0.0,0.0,11,0.0,0.0,0.0,0.0,0.0,500.0365,0.0,0.015,5.5218316,6.864325000000005,3.029185,2.072568644067796,3.475216212384679,2.087552191616687,256.0,250.0,128.0,504.00000000000006,324.0,50.0,44,2,2,7,7,4.0,506.0,5328.064699999998,832.9189,4966.356900000001,182,10,0,32,0.6122517949862645,0.7583815265936469,0.19961406957950256,51,1863.1656,1380.4578999999999,12,5,40.0,0,0,2,0.0,0,0.0,191462.2599000001,0.0,0,0,0,1.5,0,0.0,0,0,0.0,0,0.0,0,0,121.1674,16.0,167.8287,1,109.46180000000001,76.61840000000001,NaN,1280.0,100.0,1.7916047135416668,0,0,0.0,0,0.0,1280.0,0,0.0,0,0,0,0.0,0.0,0.0,0.0,0.0,0.0,0.0,0.0,0,0,0,0,44,0.0,0,6,0.0,0,0.0,662.9228,5.7809,1305.1990604038338,0.0,1305.1990604038338,0.0,109.46180000000001,2568.994400000001,5967.1044999999995,0.7911313246865814,95,5041.143299999999,32,186421.1166000001,1,0.0,4,7745.2516,2,-3477.2123000000006,-5758.5396,704.4804673840782,840.3128,0,9,128,128,11 + fiscal policy and VAT,debt,9,-7.275957614183426e-12
81,127,1,4,10951.907499999992,204.4932,7679.597399999999,0.0,48977.0864,,0.0,5495.098,43481.9884,0.0,4213.0340000000015,160.24457824999993,0.00375,18.4234,2126.8743052857367,0.0,0.03311082899367401,658.1944601820927,1007.2861118571577,0.02,179.2210000000001,2.0,0.0,0.0,2.0,0.0,52,0,0.9479166666666666,0.7586764834272588,0.0,1.0,0.0,0.0,2.0,3,0,0,0.282816,22,585.4481620805789,-3.392184077248794,582.0559780033301,17.186394623674676,0.5465654381224353,17.73296006179711,1032.3838999999991,1060.6210000000024,1032.3838999999991,0.0,14,5,1169.5898999999945,10277.3009,180.1023,2.0,2.0,0.0,0.0,0.0,0.12,0.5,0.25,118.2297999999952,5260.410700000434,3490.207800000002,178,491.27389999999997,867.3720999999991,429.5492,380.7426999999996,0.0,0.0,0.0,0.0,0.0,3,0.0,0.0,0.0,0.0,0.0,505.5535999999999,0.0,0.015,5.473907599999998,6.772616799999997,3.1256575,2.0370417391304336,3.399975752916581,2.0249256258681863,250.0,250.0,125.0,496.66666666666674,317.99999999999994,50.0,45,4,2,5,5,4.0,504.0,5432.497400000001,904.0696,4429.6347000000005,182,10,0,32,0.6034917064082261,0.7586764834272588,0.19734555174710167,52,1814.190499999999,1368.4768999999994,14,9,40.0,0,0,4,0.0,0,0.0,191753.38849999994,0.0,0,0,0,1.5,0,0.0,0,0,0.0,0,0.0,0,0,125.02629999999999,16.0,167.2824,1,61.4193,42.98930000000001,NaN,1280.0,100.0,1.7417645963541666,0,0,0.0,0,0.0,1280.0,0,0.0,0,0,0,0.0,0.0,0.0,0.0,0.0,0.0,0.0,0.0,0,0,0,0,45,0.0,0,6,0.0,0,0.0,662.9228,5.2437,1176.3497211696779,0.0,1176.3497211696779,0.0,61.4193,1991.0522000000003,5500.9866999999995,0.7906023858226348,95,5007.987199999999,32,186745.4013,1,0.0,4,8296.9644,2,-3476.8033,-5476.6746,746.749295427123,840.3128,0,9,125,125,11 + fiscal policy and VAT,debt,9,-7.275957614183426e-12
82,127,1,4,11120.546599999994,204.4932,7846.0378,0.0,49447.110599999985,,0.0,5088.268,44358.84259999999,0.0,4698.657399999998,163.0519611249999,0.00375,20.9202,2096.655067734276,0.0,0.031746662839134646,662.0809896886126,989.0087118228507,0.02,177.30140000000003,2.0,0.0,0.0,2.0,0.0,52,0,0.9427083333333334,0.7586223484883308,0.0,0.0,1.0,0.0,2.0,3,0,0,0.28153521372676626,22,577.1228104876194,-3.39023386567156,573.7325766219478,20.795371538184597,0.602260664898551,21.397632203083145,1007.5025000000009,1032.3838999999994,1007.5025000000009,0.0,14,5,1169.5898999999945,10277.3009,176.9751,2.0,2.0,0.0,0.0,0.0,0.12,0.5,0.25,116.0310999999952,5319.975400000474,3490.207800000002,178,935.379,766.7399000000001,242.50860000000006,385.0864,0.0,0.0,0.0,0.0,0.0,11,0.0,0.0,0.0,0.0,0.0,510.7970999999998,0.0,0.015,5.383182071713147,6.600378400000004,3.1584974999999997,2.0072631578947377,3.419566757699601,1.9641778570921407,250.0,251.0,125.0,498.0,318.0,50.0,46,4,2,3,6,2.0,504.0,5732.503699999999,760.304,4435.023,181,11,0,32,0.6357321445542441,0.7586223484883308,0.186007644644947,50,1820.5091999999993,1351.1787,9,3,40.0,0,0,4,0.0,0,0.0,187434.8269999999,0.0,0,0,0,1.5,0,0.0,0,0,0.0,0,0.0,0,0,126.33989999999999,16.0,171.7957,1,69.8631,48.814099999999996,NaN,1280.0,100.0,1.7252603255208332,0,0,0.0,0,0.0,1280.0,0,0.0,0,0,0,0.0,0.0,0.0,0.0,0.0,0.0,0.0,0.0,0,0,0,0,46,0.0,0,6,0.0,0,0.0,662.9228,4.7065,1278.5775595176306,0.0,1278.5775595176306,0.0,69.8631,2646.0952999999995,5367.1227,0.7909328081093956,95,4999.638799999999,32,182435.1882,1,0.0,4,8313.0877,2,-3479.002,-5067.3478000000005,746.749295427123,814.8167,0,9,125,125,11 + fiscal policy and VAT,debt,9,-7.275957614183426e-12
83,127,1,4,10940.579999999998,204.4932,7672.259500000001,0.0,49898.9746,,0.0,5017.8086,44881.166,0.0,4135.485499999998,166.3403491249999,0.00375,9.9585,2067.2281198502133,0.0,0.0304387003301623,641.7133248786658,977.2880715668086,0.02,177.2651,2.0,0.0,0.0,2.0,0.0,51,0,0.9427083333333334,0.7586653717558576,0.0,1.0,0.0,0.0,2.0,3,0,0,0.2822814310909549,22,588.0375313306932,-3.476704738212302,584.560826592481,22.035250490211595,0.622123458121872,22.65737394833347,1040.2741999999985,1007.5024999999991,1040.2741999999985,0.0,14,5,1169.5898999999945,10277.3009,178.4039,2.0,2.0,0.0,0.0,0.0,0.12,0.5,0.25,122.2193999999954,5386.701600000506,3490.207800000002,178,608.5512,788.5177999999976,548.0133,370.6757,0.0,0.0,0.0,0.0,0.0,0,0.0,0.0,0.0,0.0,0.0,492.96819999999974,0.0,0.015,5.347993650793651,6.745140157480306,3.2378899999999993,1.9515922413793116,3.362581784319389,1.9052525213793763,254.0,252.0,127.0,500.66666666666663,322.0,50.0,45,4,2,3,5,2.0,504.0,5898.975200000001,749.8626,4109.0135,181,11,0,32,0.644336124768323,0.7586653717558576,0.17914949409777825,55,1795.8701999999994,1347.6944,8,3,40.0,0,0,4,0.0,0,0.0,187708.99230000004,0.0,0,0,0,1.5,0,0.0,0,0,0.0,0,0.0,0,0,129.51559999999998,16.0,172.7702,1,33.3239,23.23549999999999,NaN,1280.0,100.0,1.6952320442708333,0,0,0.0,0,0.0,1280.0,0,0.0,0,0,0,0.0,0.0,0.0,0.0,0.0,0.0,0.0,0.0,0,0,0,0,45,0.0,0,6,0.0,0,0.0,662.9228,4.1693,1317.7595978414433,0.0,1317.7595978414433,0.0,33.3239,2083.6949999999997,5031.6463,0.7901828161659199,95,4987.836800000001,32,182721.1555,1,0.0,4,8713.294,2,-3472.813700000001,-5007.850100000001,791.5542531527504,814.8167,0,9,127,127,11 + fiscal policy and VAT,debt,9,-7.275957614183426e-12
84,127,1,4,10932.561800000003,204.4932,7565.806699999999,0.0,50355.11489999996,,0.0,4981.3131,45373.80179999996,0.0,3924.8554999999997,168.29849950000005,0.00375,20.5794,2038.7910872784985,0.0,0.029184625876559612,637.8078413345687,950.6628331856656,0.02,180.4962,2.0,0.0,0.0,2.0,0.0,51,0,0.9427083333333334,0.7586681262144137,181.0,0.0,2.0,0.0,2.0,3,0,0,0.2784750715377977,22,573.524510076103,-3.6158829821908047,569.9086270939122,15.595896917328988,0.628178785019238,16.224075702348223,1031.0930999999994,1040.274199999997,1031.0930999999994,0.0,14,5,1169.5898999999945,10277.3009,178.3959,2.0,2.0,0.0,0.0,0.0,0.12,0.5,0.25,23.784799999995446,5451.609400000545,3490.207800000002,178,785.4865,793.5047000000003,622.1441,385.682399999999,0.0,99.75629999999998,0.0,0.0,0.0,0,0.0,0.0,0.0,0.0,0.0,490.06330000000025,0.0,0.015,5.328490272373543,6.727969047619049,3.3678799999999995,2.0194643478260876,3.3367584297282193,1.8480949457379952,252.0,257.0,126.0,500.6666666666667,320.0,50.0,45,0,0,4,6,3.0,508.0,5533.217800000002,777.8798,4430.1964,181,11,0,32,0.5801184682528981,0.7586681262144137,0.19176599335931654,50,1883.882799999999,1369.4220000000005,14,8,40.0,0,0,0,0.0,0,0.0,181879.55229999995,0.0,0,0,0,1.5,0,0.0,0,0,0.0,0,0.0,0,0,134.71519999999998,16.0,170.6884,1,68.7359,48.01680000000002,NaN,1280.0,100.0,1.7038807291666664,0,0,0.0,0,0.0,1280.0,0,0.0,0,0,0,0.0,0.0,0.0,0.0,0.0,0.0,0.0,0.0,0,0,0,0,45,0.0,0,6,0.0,0,0.0,662.9228,3.6321,1230.8779817141085,0.0,1230.8779817141085,0.0,68.7359,2431.6605999999997,5378.7646,0.7920389874303508,95,4955.3784000000005,32,176924.17389999997,1,0.0,4,8434.640899999999,2,-3571.2483,-4960.733700000001,780.6368965517246,780.6369,0,9,126,126,11 + fiscal policy and VAT,debt,9,-7.275957614183426e-12
85,127,1,4,10452.474900000003,204.4932,7135.1487,0.0,50784.58119999997,,0.0,4634.4826,46150.09859999997,0.0,3889.8888000000006,170.14605562500012,0.00375,16.0804,2010.8597930633214,0.0,0.027982219290445354,621.8094431045947,944.5754953755475,0.02,182.73969999999997,2.0,0.0,0.0,2.0,0.0,51,0,0.9427083333333334,0.7592500327806004,0.0,0.0,0.0,0.0,2.0,3,0,0,0.27005917159763315,22,576.6418666190775,-3.696892147534899,572.9449744715427,13.844400585401383,0.5846987381425266,14.429099323543909,1033.4356999999986,1031.0931000000012,1033.4356999999986,0.0,14,5,1169.5898999999945,10277.3009,177.67489999999998,2.0,2.0,0.0,0.0,0.0,0.12,0.5,0.25,73.2136999999955,5514.387200000564,3490.207800000002,178,295.63609999999994,775.7230000000009,282.2872,382.9035000000005,0.0,0.0,0.0,0.0,0.0,15,0.0,0.0,0.0,0.0,0.0,474.63299999999975,2.7708,0.015,5.3322053846153805,6.648174999999998,3.4113800000000003,1.9879059829059806,3.1670918161471056,1.7926520973658553,256.0,260.0,128.0,502.66666666666663,324.0,50.0,44,0,0,6,7,8.0,508.0,5133.897400000001,793.0521,4335.833,181,11,0,32,0.5683079797898805,0.7592500327806004,0.16722300039285365,55,1725.0757999999998,1386.373399999999,16,9,40.0,0,0,0,0.0,0,0.0,182049.7415000001,0.0,0,0,0,1.5,0,0.0,0,0,0.0,0,0.0,0,0,136.45520000000002,16.0,173.612,1,53.8026,37.52029999999999,NaN,1280.0,100.0,1.7063564062500003,0,0,0.0,0,0.0,1280.0,0,0.0,0,0,0,0.0,0.0,0.0,0.0,0.0,0.0,0.0,0.0,0,0,0,0,44,0.0,0,6,0.0,0,0.0,662.9228,3.0949,1263.7374465808539,0.0,1263.7374465808539,0.0,53.8026,1810.0086000000001,5302.4971,0.7918437184180789,95,4866.4396,32,177183.30190000002,1,0.0,4,8609.650399999999,2,-3521.8325999999997,-4618.4022,780.6368965517246,780.6369,0,9,128,128,11 + fiscal policy and VAT,debt,9,-7.275957614183426e-12
86,127,1,4,10044.210700000009,204.4932,6744.7049,0.0,51234.16169999996,,0.0,4313.2649,46920.89679999996,0.0,3457.9822000000017,173.05637037500009,0.00375,24.2249,1986.8880587847957,0.0,0.026829351855679005,629.549872409145,929.217264189864,0.02,176.8727999999999,2.0,0.0,0.0,2.0,0.0,51,0,0.9427083333333334,0.7593482178923676,0.0,0.0,0.0,0.0,2.0,3,0,0,0.2672905372681966,22,577.3668731670707,-3.73622863797012,573.6306445291006,10.754229704638021,0.5677777718470368,11.322007476485059,1006.6176999999994,1033.4356999999998,1006.6176999999994,0.0,14,5,1169.5898999999945,10277.3009,169.6822,2.0,2.0,0.0,0.0,0.0,0.12,0.5,0.25,91.03409999999556,5574.263400000597,3490.207800000002,178,360.1265,768.3906999999999,318.0707,384.3493999999995,0.0,0.0,0.0,0.0,0.0,14,0.0,0.0,0.0,0.0,0.0,482.2963000000001,0.0,0.015,5.259994071146246,6.554263779527556,3.5788750000000014,1.9942560344827593,3.222435572350799,1.7388725344448794,254.0,253.0,127.0,500.0000000000001,322.0,50.0,45,2,2,6,9,8.0,506.0,4563.4882,835.9624,4454.23,181,11,0,32,0.5320236527438205,0.7593482178923676,0.18012887606007477,52,1748.6986000000006,1330.7785000000003,13,4,40.0,0,0,2,0.0,0,0.0,182319.2375999999,0.0,0,0,0,1.5,0,0.0,0,0,0.0,0,0.0,0,0,143.15500000000006,16.0,166.3052,1,80.9648,56.52519999999999,NaN,1280.0,100.0,1.7368922395833337,0,0,0.0,0,0.0,1280.0,0,0.0,0,0,0,0.0,0.0,0.0,0.0,0.0,0.0,0.0,0.0,0,0,0,0,45,0.0,0,6,0.0,0,0.0,662.9228,2.5577,1128.091761439226,0.0,1128.091761439226,0.0,80.9648,1766.3714999999995,5456.4976,0.7918039416975442,95,4899.293899999999,32,177419.9437,1,0.0,4,8490.2648,2,-3504.0115000000005,-4289.04,780.6368965517246,780.6369,0,9,127,127,11 + fiscal policy and VAT,debt,9,-7.275957614183426e-12
87,127,1,4,11198.478600000004,204.4932,7907.963899999999,0.0,51685.854899999984,,0.0,5537.347,46148.50789999998,0.0,3141.8801999999996,175.94696650000003,0.00375,32.4154,1967.8569975805212,0.0,0.025723982559225027,625.0391963613085,916.8424233870143,0.02,171.6360999999998,2.0,0.0,0.0,2.0,0.0,51,0,0.9427083333333334,0.7598979192490078,0.0,0.0,0.0,0.0,2.0,3,0,0,0.27427457201401284,22,587.0243169780233,-3.7772571092785157,583.2470598687447,19.72518309915818,0.5610901322912749,20.286273231449453,1009.2513000000008,1006.617699999999,1009.2513000000008,0.0,14,5,1169.5898999999945,10277.3009,174.159,2.0,2.0,0.0,0.0,0.0,0.12,0.5,0.25,100.0251999999957,5631.449200000621,3490.207800000002,178,1884.7382,730.4702999999982,1836.5435,379.0566,0.0,0.0,0.0,0.0,0.0,13,0.0,0.0,0.0,0.0,0.0,479.8058,0.0,0.015,5.212852439024389,6.594490476190476,3.6985325000000002,1.9290304347826075,3.162637974012932,1.6867063584115332,252.0,246.0,126.0,498.0000000000001,320.0,50.0,45,3,2,3,6,1.0,505.0,5432.763300000002,902.6358,4623.2133,181,11,0,32,0.6357639053772919,0.7598979192490078,0.19150692037230166,56,1708.7226999999993,1282.3616999999997,11,5,40.0,0,0,3,0.0,0,0.0,182619.80340000003,0.0,0,0,0,1.5,0,0.0,0,0,0.0,0,0.0,0,0,147.9413,16.0,207.4508,1,108.84459999999999,75.6355,NaN,1280.0,100.0,1.782771484375,0,0,0.0,0,0.0,1280.0,0,0.0,0,0,0,0.0,0.0,0.0,0.0,0.0,0.0,0.0,0.0,0,0,0,0,45,0.0,0,6,0.0,0,0.0,662.9228,2.0205,1069.2736273830849,0.0,1069.2736273830849,0.0,108.84459999999999,2396.4395999999997,5733.2999,0.7925586350544858,95,4816.6932,32,177803.1102,1,0.0,4,8279.4317,2,-3495.0197000000007,-5504.9316,780.6368965517246,780.6369,0,9,126,126,11 + fiscal policy and VAT,debt,9,-7.275957614183426e-12
88,127,1,4,11052.625400000004,204.4932,7773.0506,0.0,52112.674600000006,,0.0,5458.0774,46654.597200000004,0.0,4230.5655,173.05093299999993,0.00375,27.8547,1947.725471098267,0.0,0.024664154477784955,609.556254377707,905.4587473988447,0.02,171.96359999999993,2.0,0.0,0.0,2.0,0.0,48,0,0.9427083333333334,0.7599306829890871,181.0,0.0,0.0,0.0,2.0,3,0,0,0.2862695762971565,22,593.618354022414,-3.8265171447098214,589.7918368777042,18.605754715033875,0.5708036855868237,19.1765584006207,983.4678999999984,1009.2513000000021,983.4678999999984,0.0,14,5,1169.5898999999945,10277.3009,175.9743,2.0,2.0,0.0,0.0,0.0,0.12,0.5,0.25,110.96509999999564,5694.481700000635,3490.207800000002,178,634.5676000000001,780.4207999999987,582.4750000000001,378.9197999999989,0.0,0.0,0.0,0.0,0.0,1,0.0,0.0,0.0,0.0,0.0,465.64780000000013,0.0,0.015,5.129708032128515,6.326057480314952,3.8934475000000015,1.9554974137931027,3.19105888586196,1.636105167659187,254.0,249.0,127.0,501.3333333333333,322.0,50.0,44,4,3,5,3,4.0,504.0,5369.287699999996,949.4838,4546.9644,181,11,0,32,0.6190068960889961,0.7599306829890871,0.19010757936355605,52,1715.1662000000006,1277.2973000000002,9,6,40.0,0,0,4,0.0,0,0.0,182910.17480000012,0.0,0,0,0,1.5,0,0.0,0,0,0.0,0,0.0,0,0,155.73790000000005,16.0,159.0348,1,92.9576,64.99410000000002,NaN,1280.0,100.0,1.7817984635416664,0,0,0.0,0,0.0,1280.0,0,0.0,0,0,0,0.0,0.0,0.0,0.0,0.0,0.0,0.0,0.0,0,0,0,0,44,0.0,0,6,0.0,0,0.0,662.9228,1.4843,990.4418637511005,0.0,990.4418637511005,0.0,92.9576,2319.7316,5655.483,0.7921868367841263,95,4804.647999999998,32,178105.52680000002,1,0.0,4,8321.571100000001,2,-3484.0791,-5430.2227,771.612173913043,780.6369,0,9,127,127,11 + fiscal policy and VAT,debt,9,-7.275957614183426e-12
89,127,1,4,11005.940400000003,204.4932,7729.901500000002,0.0,52561.1087,,0.0,4971.6193,47589.4894,0.0,4526.286899999999,174.94854249999992,0.00375,16.1201,1930.3432935347091,0.0,0.023647991313300216,630.6340066860339,898.6778540231396,0.02,175.79349999999997,2.0,0.0,0.0,2.0,0.0,48,0,0.9375,0.7601094936151247,0.0,0.0,1.0,0.0,2.0,3,0,0,0.28035246559372584,22,604.6409958716375,-3.8887023525256144,600.752293519112,18.89976661598734,0.5830411303135624,19.482807746300903,978.9944000000028,983.4678999999966,978.9944000000028,0.0,14,5,1169.5898999999945,10277.3009,181.09000000000003,2.0,2.0,0.0,0.0,0.0,0.12,0.5,0.25,114.50099999999571,5755.8895000006605,3490.207800000002,178,727.0758000000001,773.7607999999981,183.083,372.71009999999995,0.0,0.0,0.0,0.0,0.0,8,0.0,0.0,0.0,0.0,0.0,489.04250000000013,0.0,0.015,5.076694163424123,6.45697723577237,4.005895,1.8944531531531539,3.1482901385384126,1.5870220126294114,246.0,257.0,123.0,497.6666666666667,314.0,50.0,47,2,1,2,7,4.0,506.0,6101.209799999997,729.7155,3937.1916,180,12,0,32,0.6023856799963223,0.7601094936151247,0.17284995729824426,50,1683.4561999999983,1304.7103999999997,13,6,40.0,0,0,2,0.0,0,0.0,183249.42100000012,0.0,0,0,0,1.5,0,0.0,0,0,0.0,0,0.0,0,0,160.23579999999998,16.0,221.7034,1,54.764100000000006,37.613600000000005,NaN,1280.0,100.0,1.7300192838541666,0,0,0.0,0,0.0,1280.0,0,0.0,0,0,0,0.0,0.0,0.0,0.0,0.0,0.0,0.0,0.0,0,0,0,0,47,0.0,0,6,0.0,0,0.0,662.9228,0.9663,1169.363774572718,0.0,1169.363774572718,0.0,54.764100000000006,2747.7024,4888.6105,0.7912981872464866,95,4774.746499999998,32,178474.67450000005,1,0.0,4,9002.6512,2,-3480.5424999999996,-4955.4992,771.612173913043,781.41795,0,9,123,123,11 + fiscal policy and VAT,debt,9,-7.275957614183426e-12
90,127,1,4,10913.3098,204.4932,7642.8955,0.0,52983.22360000004,,0.0,4965.4319,48017.791700000045,0.0,4256.779000000001,178.45463587499992,0.00375,12.8653,1907.0131978705726,0.0,0.022673694071192248,593.9757032076673,886.7179819137153,0.02,173.56410000000005,2.0,0.0,0.0,2.0,0.0,50,0,0.9375,0.7605555073060384,180.0,0.0,0.0,0.0,2.0,3,0,0,0.27497480473670954,22,612.2386226652883,-3.9637362967527277,608.2748863685355,25.726162997845822,0.5643148383438492,26.29047783618967,1003.5048999999995,978.9944000000019,1003.5048999999995,0.0,14,5,1169.5898999999945,10277.3009,175.83790000000002,2.0,2.0,0.0,0.0,0.0,0.12,0.5,0.25,120.1255999999958,5821.246300000698,3490.207800000002,178,675.2467,767.8772999999998,615.5145,371.9248999999994,0.0,0.0,0.0,0.0,0.0,11,0.0,0.0,0.0,0.0,0.0,453.86959999999976,0.0,0.015,5.062158730158728,6.387540310077507,4.26739,1.8879811965811975,3.1114397962447615,1.5394113522505288,258.0,252.0,129.0,503.6666666666667,326.0,50.0,44,3,2,4,6,4.0,505.0,5975.575999999999,737.1264,4035.5458000000003,180,12,0,32,0.6691802686060564,0.7605555073060384,0.18722805895553396,52,1684.7093999999984,1275.6639999999995,13,7,40.0,0,0,3,0.0,0,0.0,183461.93389999997,0.0,0,0,0,1.5,0,0.0,0,0,0.0,0,0.0,0,0,170.69559999999998,16.0,152.1963,1,42.9007,30.0193,NaN,1280.0,100.0,1.7457965104166666,0,0,0.0,0,0.0,1280.0,0,0.0,0,0,0,0.0,0.0,0.0,0.0,0.0,0.0,0.0,0.0,0,0,0,0,44,0.0,0,6,0.0,0,0.0,662.9228,0.563,1281.152721818471,0.0,1281.152721818471,0.0,42.9007,3312.9883999999997,4924.8685,0.7914184075072388,95,4696.688000000001,32,178765.2459,1,0.0,4,8954.9518,2,-3474.9172000000003,-4952.566599999999,757.7812612612615,781.41795,0,9,129,129,11 + fiscal policy and VAT,debt,9,-7.275957614183426e-12
91,127,1,4,10985.592200000005,204.4932,7717.087100000001,0.0,53420.32409999999,,0.0,5094.9982,48325.32589999999,0.0,4093.865,180.06064299999997,0.00375,26.8124,1890.9753944411955,0.0,0.021739537875459125,598.6806307131046,871.0824629607971,0.02,173.40880000000013,2.0,0.0,0.0,2.0,0.0,50,0,0.9375,0.7605300509716728,180.0,0.0,0.0,0.0,2.0,3,0,0,0.250176,22,614.4956970945811,-3.943825212715769,610.5518718818654,18.216972759646385,0.5844762474227602,18.80144900706915,946.5335000000002,1003.504899999997,946.5335000000002,0.0,14,5,1169.5898999999945,10277.3009,163.72969999999998,2.0,2.0,0.0,0.0,0.0,0.12,0.5,0.25,122.03479999999584,5885.516300000735,3490.207800000002,178,846.2005999999999,773.9181999999995,783.8398,380.4205000000003,0.0,0.0,0.0,0.0,0.0,11,0.0,0.0,0.0,0.0,0.0,458.995,0.0,0.015,5.080911199999995,6.185425396825397,4.371077499999999,1.8832421052631587,3.120890123175751,1.4932290116830131,252.0,250.0,126.0,500.0,320.0,50.0,45,1,1,5,6,1.0,507.0,5619.7166,794.489,4393.6885,180,12,0,32,0.6058265317725866,0.7605300509716728,0.1852582198098398,49,1668.2427999999986,1270.2277999999988,8,2,40.0,0,0,1,0.0,0,0.0,183693.03379999995,0.0,0,0,0,1.5,0,0.0,0,0,0.0,0,0.0,0,0,174.84309999999996,16.0,150.8857,1,89.3986,62.5632,NaN,1280.0,100.0,1.8101461979166666,0,0,0.0,0,0.0,1280.0,0,0.0,0,0,0,0.0,0.0,0.0,0.0,0.0,0.0,0.0,0.0,0,0,0,0,45,0.0,0,6,0.0,0,0.0,662.9228,0.2731,1095.2921352882126,0.0,1095.2921352882126,0.0,89.3986,2123.8310000000006,5339.0632,0.791873984148951,95,4701.745699999998,32,178991.2881,1,0.0,4,8580.714300000001,2,-3473.0072999999998,-5068.1858,755.1924786324789,781.41795,0,9,126,126,11 + fiscal policy and VAT,debt,9,-7.275957614183426e-12
92,127,1,4,10733.991299999998,204.4932,7466.631300000001,0.0,53857.289299999975,,0.0,4921.3026,48935.98669999997,0.0,4366.706700000002,181.2134353750001,0.00375,8.497,1877.310240247813,0.0,0.02084386891499021,600.1992380477514,871.7007184985421,0.02,175.28230000000002,2.0,0.0,0.0,2.0,0.0,49,0,0.9375,0.7605362375522808,180.0,0.0,0.0,0.0,2.0,3,0,0,0.27983755967511936,22,612.771368950212,-3.839069865445217,608.9322990847669,23.928667482987056,0.5719666067892589,24.500634089776316,996.2334000000008,946.5335,996.2334000000008,0.0,14,5,1169.5898999999945,10277.3009,182.5852,2.0,2.0,0.0,0.0,0.0,0.12,0.5,0.25,123.17989999999602,5950.014400000768,3490.207800000002,178,553.8025000000001,805.4033999999995,490.4495000000001,351.61330000000055,0.0,0.0,0.0,0.0,0.0,4,0.0,0.0,0.0,0.0,0.0,460.01639999999986,0.0,0.015,5.0329999999999995,6.4313571428571485,4.5575825000000005,1.8640307017543862,3.133736194935921,1.4484321413325227,252.0,254.0,126.0,500.33333333333337,320.0,50.0,45,3,2,3,7,1.0,505.0,5987.6186000000025,814.8859,3769.96,180,12,0,32,0.6578092187411244,0.7605362375522808,0.19398964947076935,51,1671.3505000000011,1278.3819999999998,10,3,40.0,0,0,3,0.0,0,0.0,183868.53080000024,0.0,0,0,0,1.5,0,0.0,0,0,0.0,0,0.0,0,0,182.30330000000004,16.0,153.0298,1,28.372500000000002,19.827299999999997,NaN,1280.0,100.0,1.7422846484374999,0,0,0.0,0,0.0,1280.0,0,0.0,0,0,0,0.0,0.0,0.0,0.0,0.0,0.0,0.0,0.0,0,0,0,0,45,0.0,0,6,0.0,0,0.0,662.9228,0.0773,1076.676082349908,0.0,1076.676082349908,0.0,28.372500000000002,2894.931599999999,4737.8757000000005,0.7905633112252819,95,4695.334699999999,32,179173.1961,1,0.0,4,9305.646,2,-3471.8615,-4912.8056,753.2968421052635,781.41795,0,9,126,126,11 + fiscal policy and VAT,debt,9,-7.275957614183426e-12
93,127,1,4,11193.893699999995,204.4932,7924.555000000001,0.0,54288.463399999986,,0.0,5436.5405,48851.92289999998,0.0,4128.9702000000025,183.503566875,0.00375,31.0192,1861.3482271688636,0.0,0.019985101515692615,594.3464078662942,852.4629597792425,0.02,176.27529999999993,2.0,0.0,0.0,2.0,0.0,50,0,0.9375,0.7608002920734505,180.0,0.0,0.0,0.0,2.0,3,0,0,0.27983755967511936,22,619.7640022008591,-3.886204129667273,615.8777980711919,20.88026257469929,0.5628444573507162,21.44310703205001,986.7326000000006,996.2334000000023,986.7326000000006,0.0,14,5,1169.5898999999945,10277.3009,184.8643,2.0,2.0,0.0,0.0,0.0,0.12,0.5,0.25,121.20119999999605,6012.0681000008,3490.207800000002,178,1255.6574999999998,795.7550999999997,1191.6250999999997,393.8109000000009,0.0,0.0,0.0,0.0,0.0,12,0.0,0.0,0.0,0.0,0.0,455.5049999999998,0.0,0.015,5.053938976377952,6.289279527559057,4.631602500000001,1.8986469565217372,3.0603344702320574,1.4049791770925468,254.0,254.0,127.0,501.33333333333337,322.0,50.0,45,4,4,4,8,5.0,503.0,5552.6329,883.7842,4568.3562,180,12,0,32,0.6373628271282992,0.7608002920734505,0.1886930963488347,52,1655.5129999999995,1283.7005,16,8,40.0,0,0,4,0.0,0,0.0,184071.13560000007,0.0,0,0,0,1.5,0,0.0,0,0,0.0,0,0.0,0,0,185.26410000000007,16.0,158.1012,1,103.51350000000001,72.37839999999996,NaN,1280.0,100.0,1.8636085937500002,0,0,0.0,0,0.0,1280.0,0,0.0,0,0,0,0.0,0.0,0.0,0.0,0.0,0.0,0.0,0.0,0,0,0,0,45,0.0,0,6,0.0,0,0.0,662.9228,0.0,1020.3649876390068,0.0,1020.3649876390068,0.0,103.51350000000001,2835.811499999999,5610.2416,0.7919147035249854,95,4686.0303,32,179385.10530000002,1,0.0,4,8506.987799999999,2,-3473.8394999999996,-5405.5213,745.6122807017545,781.41795,0,9,127,127,11 + fiscal policy and VAT,debt,9,-7.275957614183426e-12
94,127,1,4,11722.394799999996,204.4932,8454.786699999999,0.0,54700.56359999999,,0.0,6027.4622,48673.101399999985,0.0,4519.835899999998,183.18805250000005,0.00375,21.9516,1844.69529802223,0.0,0.01916171533324608,595.469273102079,844.4174903481535,0.02,174.12809999999996,2.0,0.0,0.0,2.0,0.0,52,0,0.9375,0.7606521192637872,0.0,1.0,0.0,0.0,2.0,3,0,0,0.2822814310909549,22,617.9010613876417,-3.7377289149011608,614.1633324727404,24.83338635812278,0.5762009848151437,25.409587342937925,975.1627999999995,986.7326000000007,975.1627999999995,0.0,14,5,1169.5898999999945,10277.3009,184.68880000000001,2.0,2.0,0.0,0.0,0.0,0.12,0.5,0.25,122.93179999999603,6076.387900000817,3490.207800000002,178,1379.4026000000001,850.9014999999997,1316.8134,384.67900000000003,0.0,0.0,0.0,0.0,0.0,1,0.0,0.0,0.0,0.0,0.0,456.06819999999993,0.0,0.015,4.983248412698413,6.25024920634921,4.882304999999999,1.8584640350877188,3.0385592102987315,1.3628298017797704,252.0,252.0,126.0,497.66666666666674,320.00000000000006,50.0,45,5,3,8,14,3.0,502.0,6395.701100000004,963.0696,4181.0328,180,12,0,32,0.6612511866341413,0.7606521192637872,0.1809378959942467,53,1636.7241999999994,1255.7786,26,12,40.0,0,0,5,0.0,0,0.0,184255.6531999999,0.0,0,0,0,1.5,0,0.0,0,0,0.0,0,0.0,0,0,195.29219999999995,16.0,160.6397,1,73.3795,51.2211,NaN,1280.0,100.0,1.8312586588541668,0,0,0.0,0,0.0,1280.0,0,0.0,0,0,0,0.0,0.0,0.0,0.0,0.0,0.0,0.0,0.0,0,0,0,0,45,0.0,0,6,0.0,0,0.0,662.9228,0.0,911.4253793129344,0.0,911.4253793129344,0.0,73.3795,2948.609400000001,5304.7420999999995,0.7910214540153713,95,4687.666899999998,32,179567.9863,1,0.0,4,8901.596000000001,2,-3472.1081999999997,-6005.5106,759.4587826086948,781.41795,0,9,126,126,11 + fiscal policy and VAT,debt,9,-7.275957614183426e-12
95,127,1,4,11182.366400000004,204.4932,7915.656700000001,0.0,55097.46429999999,,0.0,5522.2857,49575.17859999999,0.0,5037.562700000001,182.51761125000002,0.00375,19.263,1826.5472191301697,0.0,0.01837225266151634,569.1210093104248,832.2551794201133,0.02,174.72129999999993,2.0,0.0,0.0,2.0,0.0,51,0,0.9375,0.761111919341301,180.0,0.0,0.0,0.0,2.0,3,0,0,0.2779155558311116,22,627.8661077064675,-4.0235725530697115,623.8425351533978,23.49833997563191,0.5367799216052405,24.035119897237152,976.185700000002,975.1627999999993,976.185700000002,0.0,14,5,1169.5898999999945,10277.3009,182.61020000000002,2.0,2.0,0.0,0.0,0.0,0.12,0.5,0.25,123.83019999999607,6140.748700000836,3490.207800000002,178,268.52410000000003,808.5525000000005,205.06169999999997,382.1931999999988,0.0,0.0,0.0,0.0,0.0,43,0.0,0.0,0.0,0.0,0.0,431.6872999999998,0.0,0.015,4.925996062992126,6.275711111111111,5.120279999999998,1.882490350877191,3.039702665755328,1.3219449077263772,252.0,254.0,126.0,492.3333333333334,320.0,50.0,43,1,0,6,6,3.0,506.0,5902.0501,1022.7662,4069.9449,180,12,0,32,0.6562759114263399,0.761111919341301,0.202945264969018,55,1615.5823000000003,1251.203,14,8,40.0,0,0,1,0.0,0,0.0,184406.7921000001,0.0,0,0,0,1.5,0,0.0,0,0,0.0,0,0.0,0,0,204.81119999999993,16.0,168.3422,1,64.5475,44.946299999999994,NaN,1280.0,100.0,1.8328972395833334,0,0,0.0,0,0.0,1280.0,0,0.0,0,0,0,0.0,0.0,0.0,0.0,0.0,0.0,0.0,0.0,0,0,0,0,43,0.0,0,6,0.0,0,0.0,662.9228,0.0,828.3085867560781,0.0,828.3085867560781,0.0,64.5475,2843.1388,5261.0533000000005,0.7910614921823309,95,4624.1476999999995,32,179782.6444,1,0.0,4,9044.753099999998,2,-3471.209099999999,-5503.0227,743.3856140350875,781.41795,0,9,126,126,11 + fiscal policy and VAT,debt,9,-7.275957614183426e-12
96,127,1,4,11183.0542,204.4932,7808.667099999999,0.0,55512.85469999997,,0.0,5483.5412,50029.31349999997,0.0,4378.990399999999,185.90058012499998,0.00375,9.7973,1811.040586672762,0.0,0.017615315851861865,575.7813115049396,826.8425327818413,0.02,168.64929999999998,2.0,0.0,0.0,2.0,0.0,51,0,0.9375,0.7608194024126358,0.0,1.0,0.0,0.0,2.0,3,0,0,0.29069078223170586,22,635.784269342262,-3.855146121219092,631.9291232210429,24.896208098556716,0.5836593877436971,25.479867486300414,971.0718999999997,976.1856999999999,971.0718999999997,0.0,14,5,1169.5898999999945,10277.3009,183.1908,2.0,2.0,0.0,0.0,0.0,0.12,0.5,0.25,16.15279999999619,6203.7343000008805,3490.207800000002,178,806.7580999999994,806.0703000000003,636.0951,364.4439000000008,0.0,106.28610000000002,0.0,0.0,0.0,8,0.0,0.0,0.0,0.0,0.0,439.9427999999998,0.0,0.015,4.9153847736625496,6.1823818897637794,5.274274999999998,1.837858260869569,3.028538434778745,1.282286560494586,254.0,243.0,127.0,498.66666666666674,322.0,50.0,44,5,4,7,3,4.0,502.0,6115.085599999999,1087.2325,3792.2789000000002,180,12,0,32,0.6604235030730079,0.7608194024126358,0.19152987234391783,53,1729.5019000000002,1194.4384999999995,9,6,40.0,0,0,5,0.0,0,0.0,184706.94840000014,0.0,0,0,0,1.5,0,0.0,0,0,0.0,0,0.0,0,0,210.97099999999992,16.0,178.6599,1,33.1502,22.860500000000002,NaN,1280.0,100.0,1.8137860807291666,0,0,0.0,0,0.0,1280.0,0,0.0,0,0,0,0.0,0.0,0.0,0.0,0.0,0.0,0.0,0.0,0,0,0,0,44,0.0,0,6,0.0,0,0.0,662.9228,0.6212,811.1065619161678,0.0,811.1065619161678,0.0,33.1502,3099.5823,5058.171299999999,0.7910785575681134,95,4695.440599999998,32,180011.50780000005,1,0.0,4,9329.7795,2,-3578.8858,-5473.7438999999995,752.9961403508764,781.41795,0,9,127,127,11 + fiscal policy and VAT,debt,9,-7.275957614183426e-12
97,127,1,4,11040.4893,204.4932,7716.9578,0.0,55957.179799999954,,0.0,5441.9742,50515.20559999996,0.0,4375.7809,187.60339562499996,0.00375,25.6392,1806.1049951979048,0.0,0.016889564838765154,602.0670772051634,817.7957801319367,0.02,176.67859999999988,2.0,0.0,0.0,2.0,0.0,52,0,0.9375,0.7613151608497302,180.0,0.0,0.0,0.0,2.0,3,0,0,0.25237323805053824,22,637.5856923019609,-3.9710084793302154,633.6146838226307,17.97778424113732,0.5311580423643542,18.50894228350168,927.1283000000018,971.0718999999996,927.1283000000018,0.0,14,5,1169.5898999999945,10277.3009,179.3793,2.0,2.0,0.0,0.0,0.0,0.12,0.5,0.25,67.00839999999621,6264.919700000911,3490.207800000002,178,664.0170000000002,806.5818999999985,653.6872,388.6121999999991,0.0,0.0,0.0,0.0,0.0,20,0.0,0.0,0.0,0.0,0.0,466.5366,0.0,0.015,4.8694891050583635,6.1593157024793435,5.521487500000001,1.836520183486239,2.8425231021404334,1.2438179636797482,242.0,257.0,121.0,493.3333333333333,310.00000000000006,50.0,47,3,1,8,11,6.0,504.0,5573.5833999999995,1177.9393,4083.3244000000004,180,12,0,32,0.6079628056834683,0.7613151608497302,0.16120601684830982,53,1545.0426999999995,1251.4586999999995,16,5,40.0,0,0,3,0.0,0,0.0,184785.71889999998,0.0,0,0,0,1.5,0,0.0,0,0,0.0,0,0.0,0,0,220.85950000000005,16.0,180.003,1,85.98600000000002,59.82590000000001,NaN,1280.0,100.0,1.8709419270833332,0,0,0.0,0,0.0,1280.0,0,0.0,0,0,0,0.0,0.0,0.0,0.0,0.0,0.0,0.0,0.0,0,0,0,0,47,0.0,0,6,0.0,0,0.0,662.9228,0.7338,588.5627005203382,0.0,588.5627005203382,0.0,85.98600000000002,2572.1328999999996,5441.2667,0.791297551557014,95,4608.3036999999995,32,180177.41519999996,1,0.0,4,9075.559799999999,2,-3528.0294999999996,-5416.335,735.1433043478276,781.41795,0,9,121,121,11 + fiscal policy and VAT,debt,9,-7.275957614183426e-12
98,127,1,4,10664.33,204.4932,7365.024400000002,0.0,56351.8560999999,,0.0,4936.6384,51415.21769999991,0.0,4357.994300000001,189.42578612499992,0.00375,22.2579,1788.1817066152466,0.0,0.016193714767408027,557.8567180785133,807.632996076831,0.02,171.90219999999988,2.0,0.0,0.0,2.0,0.0,51,0,0.9322916666666666,0.7613867234854592,180.0,0.0,1.0,0.0,2.0,3,0,0,0.27639876776181027,22,629.851082617552,-4.027441933284613,625.8236406842674,17.33517902256476,0.5407066999863074,17.875885722551065,950.9149999999994,927.1283000000029,950.9149999999994,0.0,14,5,1169.5898999999945,10277.3009,183.67329999999998,2.0,2.0,0.0,0.0,0.0,0.12,0.5,0.25,91.2342999999962,6324.880400000949,3490.207800000002,178,417.4587,793.6180000000003,174.6676,376.44170000000076,0.0,0.0,0.0,0.0,0.0,25,0.0,0.0,0.0,0.0,0.0,423.60619999999983,0.0,0.015,4.825422088353416,5.974825000000001,5.7747875,1.8315713043478263,2.876731790237043,1.2065034247693558,256.0,249.0,128.0,494.33333333333337,324.0,50.0,43,6,4,5,8,6.0,501.0,5690.5632000000005,682.674,4079.5596,179,13,0,32,0.5904433058632044,0.7613867234854592,0.17616840992195337,51,1563.4035000000008,1201.5301000000006,17,9,40.0,0,0,6,0.0,0,0.0,180755.67265,0.0,0,0,0,1.5,0,0.0,0,0,0.0,0,0.0,0,0,230.9915,16.0,189.2753,1,74.9882,51.9363,NaN,1280.0,100.0,1.8502750195312496,0,0,0.0,0,0.0,1280.0,0,0.0,0,0,0,0.0,0.0,0.0,0.0,0.0,0.0,0.0,0.0,0,0,0,0,43,0.0,0,6,0.0,0,0.0,662.9228,2.651,1114.0786216806423,0.0,1114.0786216806423,0.0,74.9882,2033.9950999999996,4951.5089,0.7912533662263352,95,4593.042600000002,32,176162.63005,1,0.0,4,9105.063600000001,2,-3503.8028999999997,-4914.3805,734.6080733944956,758.40355,0,9,128,128,11 + fiscal policy and VAT,debt,9,-7.275957614183426e-12
99,126,1,4,10087.531799999997,204.4932,6784.889199999997,0.0,56761.9123999999,,0.0,4452.3778,52309.5345999999,0.0,4036.1971000000012,192.80116499999997,0.00375,26.0536,1775.1615697793877,0.0,0.015526533718990815,572.9586490178738,797.2600548529251,0.02,171.5585999999999,2.0,0.0,0.0,2.0,0.0,49,0,0.9322916666666666,0.7592493124527631,179.0,0.0,0.0,0.0,2.0,3,0,0,0.284864,22,636.1365615649321,-4.025817612443946,632.1107439524881,13.599411367222501,0.5703670037703781,14.16977837099288,942.9082999999978,950.9149999999986,942.9082999999978,0.0,14,5,1169.5898999999945,10277.3009,186.538,2.0,2.0,0.0,0.0,0.0,0.12,0.5,0.25,104.26709999999632,6385.60700000099,3506.5776000000023,178,214.19479999999993,790.9930000000002,166.50099999999995,384.1880000000009,0.0,0.0,0.0,0.0,0.0,4,0.0,0.0,0.0,0.0,0.0,439.93589999999995,0.0,0.015,4.728688399999999,6.032687999999997,6.187134999999999,1.8122901785714276,2.8851172726235492,1.170308322026275,250.0,250.0,125.0,494.0,316.6666666666667,50.0,45,3,3,3,8,5.0,501.0,5072.0891,742.9919,4059.2797,179,13,0,32,0.5557049653601409,0.7592493124527631,0.16541270498202287,54,1554.1207999999992,1182.1720999999998,14,6,40.0,0,0,3,0.0,0,0.0,180916.51175000003,0.0,0,0,0,1.5,0,0.0,0,0,0.0,0,0.0,0,0,247.48539999999994,16.0,187.1175,1,87.5826,60.792,NaN,1280.0,100.0,1.8638289908854164,0,0,0.0,0,0.0,1280.0,0,0.0,0,0,0,0.0,0.0,0.0,0.0,0.0,0.0,0.0,0.0,0,0,0,0,45,0.0,0,6,0.0,0,0.0,662.9228,4.4578,1022.6217604693261,0.0,1022.6217604693261,0.0,87.5826,2025.5162,4989.3891,0.7889360752676324,94,4610.559399999999,32,176305.95235,1,0.0,4,9106.6718,2,-3507.1391999999996,-4426.3242,732.6285217391305,758.40355,1,9,125,125,11 + fiscal policy and VAT,debt,9,-7.275957614183426e-12
100,126,1,4,11165.7004,204.4932,7865.595799999999,0.0,57155.810999999914,,0.0,4984.7825,52171.02849999991,0.0,4092.059400000001,196.154513875,0.00375,31.7855,1763.1433704500462,0.0,0.014886840529768394,561.4834570603398,786.2689136333641,0.02,170.70230000000006,2.0,0.0,0.0,2.0,0.0,51,0,0.9270833333333334,0.7593702702236402,179.0,0.0,1.0,0.0,2.0,3,0,0,0.28600700641152754,22,634.6613991638457,-3.9962341679875033,630.6651649958582,23.70423444723879,0.570761618835753,24.274996066074543,940.4635000000018,942.9082999999964,940.4635000000018,0.0,14,5,1169.5898999999945,10277.3009,189.8445,2.0,2.0,0.0,0.0,0.0,0.12,0.5,0.25,106.80509999999627,6442.436000001026,3506.5776000000023,178,1817.3428,739.1741999999995,1161.827,391.7402999999997,0.0,0.0,0.0,0.0,0.0,9,0.0,0.0,0.0,0.0,0.0,431.1419000000001,0.0,0.015,4.698630487804876,6.036124999999995,6.6664625,1.7591990909090904,2.8811714010782064,1.1351990723654868,248.0,246.0,124.0,497.0,316.0,50.0,45,2,1,5,4,2.0,502.0,6029.8361,679.8554,4187.639499999999,178,14,0,32,0.6403371143724286,0.7593702702236402,0.17423796099526245,50,1532.5343000000003,1155.8630999999996,11,7,40.0,0,0,2,0.0,0,0.0,176791.441,0.0,0,0,0,1.5,0,0.0,0,0,0.0,0,0.0,0,0,266.6585,16.0,236.5839,1,107.4266,74.16620000000002,NaN,1280.0,100.0,1.8644730598958335,0,0,0.0,0,0.0,1280.0,0,0.0,0,0,0,0.0,0.0,0.0,0.0,0.0,0.0,0.0,0.0,0,0,0,0,45,0.0,0,6,0.0,0,0.0,662.9228,5.3231,1067.5801718445314,0.0,1067.5801718445314,0.0,107.4266,2734.3214000000003,5104.078799999999,0.78946284767821,94,4570.6781,32,172220.7629,1,0.0,4,8939.5245,2,-3504.6005,-4952.997,724.9160714285711,734.6081,0,9,124,124,11 + fiscal policy and VAT,debt,9,-7.275957614183426e-12
101,126,1,4,11241.341100000003,204.4932,7953.172899999999,0.0,57510.764799999975,,0.0,5164.1062,52346.65859999997,0.0,4701.916999999999,195.63494325000008,0.00375,36.4341,1740.3138617268028,0.0,0.014273502699941936,539.3159717930599,766.4274661512018,0.02,180.74609999999998,2.0,0.0,0.0,2.0,0.0,50,0,0.9270833333333334,0.7598280646373332,178.0,0.0,0.0,0.0,2.0,3,0,0,0.2723329815379722,22,639.0447084088077,-3.962812644241615,635.081895764566,28.172190966746314,0.4861334689735651,28.65832443571988,930.8425999999989,940.4635000000007,930.8425999999989,0.0,14,5,1169.5898999999945,10277.3009,190.9675,2.0,2.0,0.0,0.0,0.0,0.12,0.5,0.25,118.7414999999962,6509.912700001069,3506.5776000000023,178,854.2036,778.5628999999988,798.6632999999999,409.5769999999993,0.0,0.0,0.0,0.0,0.0,8,0.0,0.0,0.0,0.0,0.0,409.8156999999998,0.0,0.015,4.686471863117873,5.9025567999999975,6.8418825,1.7869306306306327,2.853998905712318,1.1011431001945222,250.0,263.0,125.0,495.6666666666667,318.0,50.0,43,3,2,3,10,10.0,501.0,5937.998699999996,690.8692,4432.8816,178,14,0,32,0.6835099267282101,0.7598280646373332,0.1934825247024512,52,1513.268099999999,1232.5421000000006,16,6,40.0,0,0,3,0.0,0,0.0,176833.04549999995,0.0,0,0,0,1.5,0,0.0,0,0,0.0,0,0.0,0,0,273.6753,16.0,143.1575,1,121.5204,85.01329999999999,NaN,1280.0,100.0,1.8982106901041667,0,0,0.0,0,0.0,1280.0,0,0.0,0,0,0,0.0,0.0,0.0,0.0,0.0,0.0,0.0,0.0,0,0,0,0,43,0.0,0,6,0.0,0,0.0,662.9228,5.9542,1049.2697344952362,0.0,1049.2697344952362,0.0,121.5204,3053.0146999999997,5266.9083,0.7896719688563434,94,4474.369299999999,32,172358.6762,1,0.0,4,8716.3273,2,-3492.6633999999995,-5127.6721,703.6796363636362,734.6081,0,9,125,125,11 + fiscal policy and VAT,debt,9,-7.275957614183426e-12
102,126,1,4,10979.629800000002,204.4932,7697.455,0.0,57891.50729999996,,0.0,5007.5394,52883.96789999996,0.0,4794.088300000001,196.29345137500005,0.00375,15.9002,1727.886170745596,0.0,0.013685434388704327,544.2649392828409,765.5550221637304,0.02,155.77690000000004,2.0,0.0,0.0,2.0,0.0,52,0,0.9270833333333334,0.7595974865054651,0.0,1.0,1.0,0.0,2.0,3,0,0,0.28173526373837987,22,634.8673361527177,-3.9739875354421472,630.8933486172756,21.38390830937632,0.5449630171159762,21.928871326492295,923.6149999999973,930.8426000000006,923.6149999999973,0.0,14,5,1169.5898999999945,10277.3009,166.2056,2.0,2.0,0.0,0.0,0.0,0.12,0.5,0.25,124.73489999999606,6577.533900001127,3506.5776000000023,178,538.9319,800.6432000000024,477.30410000000006,365.10830000000055,0.0,0.0,0.0,0.0,0.0,0,0.0,0.0,0.0,0.0,0.0,415.1092000000001,0.0,0.015,4.641089958158997,5.90195,7.266303846153846,1.7481201754385953,2.7980410472219495,1.0681088071886864,256.0,239.0,128.0,497.33333333333337,324.0,50.0,44,4,2,8,6,3.0,500.0,6260.697600000002,707.269,3730.7925000000005,178,14,0,32,0.6147950742792219,0.7595974865054651,0.17927868400371683,49,1518.592700000002,1109.2205000000001,16,10,26.0,0,0,4,0.0,0,0.0,175339.75360000005,0.0,0,0,0,1.5,0,0.0,0,0,0.0,0,0.0,0,0,188.9239,16.0,264.9705,1,54.9255,37.100699999999996,NaN,1280.0,100.0,1.8196573307291668,0,0,0.0,0,0.0,1280.0,0,0.0,0,0,0,0.0,0.0,0.0,0.0,0.0,0.0,0.0,0.0,0,0,0,0,44,0.0,0,6,0.0,0,0.0,662.9228,6.4986,1074.847941955693,0.0,1074.847941955693,0.0,54.9255,2959.2394999999997,4703.032,0.788525197349234,94,4510.1466,32,170829.607,1,0.0,4,9397.1807,2,-3486.6693000000005,-4991.6392,714.7722522522531,724.9161,0,9,128,128,11 + fiscal policy and VAT,debt,9,-7.275957614183426e-12
103,126,1,4,10759.80960000001,204.4932,7477.581800000001,0.0,58309.06339999997,,0.0,4858.3675,53450.69589999997,0.0,4660.593000000001,198.30846550000018,0.00375,18.3781,1715.8416814128732,0.0,0.013121594491889708,550.5026733822137,758.5029959419153,0.02,171.8388,2.0,0.0,0.0,2.0,0.0,50,0,0.9270833333333334,0.7597555781242407,178.0,0.0,0.0,0.0,2.0,3,0,0,0.291648,22,641.7911218318144,-4.152584717063781,637.6385371147506,28.222653354661777,0.5280871567014853,28.750740511363258,906.8169000000009,923.6150000000006,906.8169000000009,0.0,14,5,1169.5898999999945,10277.3009,192.60060000000001,2.0,2.0,0.0,0.0,0.0,0.12,0.5,0.25,124.68189999999609,6642.007400001175,3506.5776000000023,178,554.4407,774.2608999999992,489.9142,358.7773,0.0,0.0,0.0,0.0,0.0,15,0.0,0.0,0.0,0.0,0.0,422.6104999999999,0.0,0.015,4.586483199999998,5.839342622950819,7.134235000000002,1.7615564814814808,2.8411335904053474,1.0360655429730257,244.0,250.0,122.0,490.0000000000001,312.0,50.0,45,4,2,7,7,5.0,500.0,6078.090800000002,783.0191,3676.309,178,14,0,32,0.6679029960453298,0.7597555781242407,0.18258388178777252,46,1497.080700000001,1146.6207999999995,15,8,40.0,0,0,4,0.0,0,0.0,175406.56829999998,0.0,0,0,0,1.5,0,0.0,0,0,0.0,0,0.0,0,0,285.3694000000001,16.0,204.0126,1,62.307900000000004,42.881600000000006,NaN,1280.0,100.0,1.8229162890625001,0,0,0.0,0,0.0,1280.0,0,0.0,0,0,0,0.0,0.0,0.0,0.0,0.0,0.0,0.0,0.0,0,0,0,0,45,0.0,0,6,0.0,0,0.0,662.9228,6.1207,880.8759074937593,0.0,880.8759074937593,0.0,62.307900000000004,3373.6515,4663.3407,0.7880839227174088,94,4467.6764,32,170938.89190000005,1,0.0,4,9467.536499999998,2,-3486.7216,-4839.9894,699.2480701754381,724.9161,0,9,122,122,11 + fiscal policy and VAT,debt,9,-7.275957614183426e-12
104,126,1,4,10991.652799999994,204.4932,7708.059000000002,0.0,58688.4783,,0.0,5158.774,53529.704300000005,0.0,4445.715099999999,200.43372250000002,0.00375,33.086,1701.8123334023603,0.0,0.012580984798823852,544.0818460056969,739.8729472682401,0.02,176.22890000000007,2.0,0.0,0.0,2.0,0.0,48,0,0.9270833333333334,0.7599132032932474,0.0,1.0,0.0,0.0,2.0,3,0,0,0.2732062559614832,22,649.6670418583294,-4.310996176430244,645.3560456818992,20.271180089153486,0.5314395268118418,20.802619615965327,916.5588999999991,906.816899999999,916.5588999999991,0.0,14,5,1169.5898999999945,10277.3009,193.0349,2.0,2.0,0.0,0.0,0.0,0.12,0.5,0.25,123.31519999999614,6704.977100001219,3506.5776000000023,178,1009.1200000000001,777.2767999999985,944.7836,404.1075000000019,0.0,0.0,0.0,0.0,0.0,8,0.0,0.0,0.0,0.0,0.0,417.7052,0.0,0.015,4.570092217898832,5.820975000000003,7.351437500000003,1.7068690909090904,2.780220342460771,1.004983576683835,248.0,257.0,124.0,491.3333333333334,316.0,50.0,45,3,3,2,8,10.0,500.0,5758.064400000003,830.9385,4156.8652,178,14,0,32,0.6112461785452523,0.7599132032932474,0.17523866627207574,51,1481.9122000000011,1174.5137,13,5,40.0,0,0,3,0.0,0,0.0,175452.2617000001,0.0,0,0,0,1.5,0,0.0,0,0,0.0,0,0.0,0,0,294.0575000000001,16.0,212.6987,1,111.43390000000001,77.19980000000001,NaN,1280.0,100.0,1.9012863151041668,0,0,0.0,0,0.0,1280.0,0,0.0,0,0,0,0.0,0.0,0.0,0.0,0.0,0.0,0.0,0.0,0,0,0,0,45,0.0,0,6,0.0,0,0.0,662.9228,6.3746,881.2622067419,0.0,881.2622067419,0.0,111.43390000000001,2224.6536,5200.5024,0.7887209231535004,94,4419.6266,32,171032.63510000004,1,0.0,4,9011.4524,2,-3488.0883000000003,-5125.688,704.6225925925924,724.9161,0,9,124,124,11 + fiscal policy and VAT,debt,9,-7.275957614183426e-12
105,126,1,4,10894.01110000001,204.4932,7609.785000000002,0.0,59041.09790000002,,0.0,4665.2887,54375.809200000025,0.0,4975.075100000001,200.730464,0.00375,13.6423,1683.8252333365645,0.0,0.01206264822511231,522.3980076031123,735.774897224376,0.02,168.10770000000016,2.0,0.0,0.0,2.0,0.0,48,0,0.921875,0.7598944369622074,178.0,0.0,1.0,0.0,2.0,3,0,0,0.28483157969069983,22,649.4910733693445,-4.278475354719804,645.2125980146246,27.34032189073395,0.5239138514551565,27.86423574218911,934.5557000000006,916.5588999999989,934.5557000000006,0.0,14,5,1169.5898999999945,10277.3009,188.73669999999998,2.0,2.0,0.0,0.0,0.0,0.12,0.5,0.25,122.68289999999621,6767.954900001261,3506.5776000000023,178,696.3797000000001,794.0214000000001,238.00900000000001,376.86550000000017,0.0,0.0,0.0,0.0,0.0,21,0.0001,0.0,0.0,0.0,0.0,396.48349999999994,0.0,0.015,4.580647478991595,5.859144094488189,7.767597499999999,1.7233866071428579,2.799704005670864,0.9748340693833201,254.0,238.0,127.0,497.33333333333337,322.0,50.0,43,5,3,6,3,5.0,498.0,6402.514799999998,645.869,3617.3839,177,15,0,32,0.6560113349448846,0.7598944369622074,0.18318162228408963,51,1488.942100000002,1090.1940999999995,9,6,40.0,0,0,5,0.0,0,0.0,174597.39280000003,0.0,0,0,0,1.5,0,0.0,0,0,0.0,0,0.0,0,0,310.7039,16.0,214.601,1,46.69540000000001,31.83269999999999,NaN,1280.0,100.0,1.8392972526041669,0,0,0.0,0,0.0,1280.0,0,0.0,0,0,0,0.0,0.0,0.0,0.0,0.0,0.0,0.0,0.0,0,0,0,0,43,0.0,0,6,0.0,0,0.0,662.9228,7.8343,1063.7120741139174,0.0,1063.7120741139174,0.0,46.69540000000001,3113.4868,4477.8539,0.7874791734203355,94,4447.893700000001,32,170149.49910000002,1,0.0,4,9543.5488,2,-3488.7206000000006,-4651.6464,682.7476363636362,719.8442,0,9,127,127,11 + fiscal policy and VAT,debt,9,-7.275957614183426e-12
106,125,1,4,11050.432799999999,204.4932,7752.439000000005,0.0,59441.8043,,0.0,4937.6316,54504.1727,0.0,4648.1994,203.90344225,0.00375,39.6209,1671.5821936039215,0.0,0.011565667118237682,546.497114171506,717.7594707359476,0.02,168.60169999999997,2.0,0.0,0.0,2.0,0.0,48,0,0.921875,0.7575880533314532,0.0,1.0,1.0,0.0,2.0,3,0,0,0.30463402251361144,22,648.2733839016988,-4.116579607246089,644.1568042944527,24.682336689708137,0.5398972913783581,25.222233981086497,897.443599999996,934.5556999999992,897.443599999996,0.0,14,5,1169.5898999999945,10277.3009,199.8286,2.0,2.0,0.0,0.0,0.0,0.12,0.5,0.25,126.61549999999647,6835.031600001315,3524.277900000002,178,978.5683999999999,822.1467000000018,915.4242999999999,399.0053999999977,0.0,0.0,0.0,0.0,0.0,5,0.0,0.0,0.0,0.0,0.0,422.8250999999999,0.0,0.015,4.519853138075315,5.800799999999998,8.119147499999993,1.7047142857142867,2.7601218949013786,0.9455890473018204,240.0,239.0,120.0,489.66666666666674,305.6666666666667,49.0,46,5,3,8,5,3.0,495.0,5842.2937999999995,713.2321,4220.6184,177,15,0,32,0.638678191500742,0.7575880533314532,0.18265905244737612,49,1444.1751999999994,1080.2449000000004,11,6,40.0,0,0,5,0.0,0,0.0,173816.68469999993,0.0,0,0,0,1.5,0,0.0,0,0,0.0,0,0.0,0,0,324.76589999999976,16.0,234.6676,1,133.5786,92.44969999999998,NaN,1280.0,100.0,1.9307887890624995,0,0,0.0,0,0.0,1280.0,0,0.0,0,0,0,0.0,0.0,0.0,0.0,0.0,0.0,0.0,0.0,0,0,0,0,46,0.0,0,6,0.0,0,0.0,662.9228,8.7146,915.0805206129398,0.0,915.0805206129398,0.0,133.5786,2998.2527000000005,5168.518099999999,0.7863224090494749,93,4479.904600000002,32,169336.7801,1,0.0,4,8845.4105,2,-3502.4884,-4898.0107,689.3546428571432,714.7723,1,9,120,120,11 + fiscal policy and VAT,debt,9,-7.275957614183426e-12
107,125,1,4,11366.8017,204.4932,8067.657600000001,0.0,59789.28329999999,,0.0,5342.0053,54447.27799999999,0.0,4980.668,204.384448,0.00375,25.714,1662.706659450937,0.0,0.011089161632966289,533.618872698487,714.8848479672911,0.02,173.92559999999992,2.0,0.0,0.0,2.0,0.0,48,0,0.921875,0.7577771045729098,177.0,0.0,0.0,0.0,2.0,3,0,0,0.2924037460978147,22,657.3062518277104,-4.393485302885175,652.9127665248252,30.18223343382597,0.5066978793419898,30.68893131316796,904.4403999999996,897.4435999999974,904.4403999999996,0.0,14,5,1169.5898999999945,10277.3009,202.33350000000002,2.0,2.0,0.0,0.0,0.0,0.12,0.5,0.25,125.46519999999657,6898.995800001358,3524.277900000002,178,1146.0810000000001,829.7121000000016,1080.9665,401.3120000000003,0.0,0.0,0.0,0.0,0.0,58,0.0,0.0,0.0,0.0,0.0,411.5969999999998,0.0,0.015,4.4900790322580635,5.83885,8.3958625,1.6581628571428575,2.753740710576285,0.9172213758827658,240.0,248.0,120.0,485.00000000000006,307.0,49.0,45,2,1,5,5,3.0,498.0,6596.545399999997,741.8405,3758.0479,177,15,0,32,0.6675183567447283,0.7577771045729098,0.18612880467619441,52,1429.3332000000016,1113.5395999999998,13,8,40.0,0,0,2,0.0,0,0.0,173821.4144,0.0,0,0,0,1.5,0,0.0,0,0,0.0,0,0.0,0,0,335.8345,16.0,244.6539,1,87.39959999999999,59.99920000000001,NaN,1280.0,100.0,1.8870509635416666,0,0,0.0,0,0.0,1280.0,0,0.0,0,0,0,0.0,0.0,0.0,0.0,0.0,0.0,0.0,0.0,0,0,0,0,45,0.0,0,6,0.0,0,0.0,662.9228,9.6664,865.5005250216393,0.0,865.5005250216393,0.0,87.39959999999999,3118.7311999999993,4744.5423,0.7853894243158781,93,4489.5117,32,169331.90270000004,1,0.0,4,9329.434,2,-3503.6387,-5316.2913,681.8857142857147,714.7723,0,9,120,120,11 + fiscal policy and VAT,debt,9,-7.275957614183426e-12
108,125,1,4,10944.294699999993,204.4932,7544.481900000001,0.0,60130.892199999995,,0.0,4933.5619,55197.330299999994,0.0,5129.0427,204.1716748749998,0.00375,20.8787,1648.7869926969424,0.0,0.010632288173688076,520.1026444889625,703.8749367979615,0.02,179.58000000000004,2.0,0.0,0.0,2.0,0.0,48,0,0.921875,0.7574241366537311,177.0,0.0,0.0,0.0,2.0,3,0,0,0.2732062559614832,22,661.5433324209278,-4.342383662571739,657.2009487583559,28.16036364280774,0.5419930582920747,28.702356701099816,909.3523000000023,904.4404000000001,909.3523000000023,0.0,14,5,1169.5898999999945,10277.3009,199.854,2.0,2.0,0.0,0.0,0.0,0.12,0.5,0.25,24.79649999999679,6965.367700001404,3524.277900000002,178,391.94770000000017,814.4546999999997,224.9071,404.54670000000027,0.0,102.38080000000002,0.0,0.0,0.0,19,0.0,0.0,0.0,0.0,0.0,398.89470000000006,0.0,0.015,4.483749805447474,5.7104,8.604337500000003,1.663033027522937,2.7026651203952268,0.8897047346062829,248.0,257.0,124.0,491.6666666666667,315.0,49.0,44,7,7,3,14,13.0,492.0,6182.829200000005,766.812,3716.646,177,15,0,32,0.6588756624232803,0.7574241366537311,0.17918089090389122,50,1532.1669000000002,1152.3237000000008,20,6,40.0,0,0,7,0.0,0,0.0,173860.39700000003,0.0,0,0,0,1.5,0,0.0,0,0,0.0,0,0.0,0,0,344.1735000000001,16.0,257.1288,1,71.4748,48.7175,NaN,1280.0,100.0,1.89800328125,0,0,0.0,0,0.0,1280.0,0,0.0,0,0,0,0.0,0.0,0.0,0.0,0.0,0.0,0.0,0.0,0,0,0,0,44,0.0,0,6,0.0,0,0.0,662.9228,11.8125,874.4161271915212,0.0,874.4161271915212,0.0,71.4748,2941.1444,4740.5868,0.7855116031993596,93,4508.612099999999,32,169351.78490000003,1,0.0,4,9440.0691,2,-3604.3074000000006,-4912.6831999999995,663.265142857143,714.7723,0,9,124,124,11 + fiscal policy and VAT,debt,9,-7.275957614183426e-12
109,125,1,4,10909.958099999994,204.4932,7559.469799999998,0.0,60485.26539999999,,0.0,5041.3561,55443.90929999999,0.0,4622.3598999999995,206.98416174999997,0.00375,18.0318,1627.4849829140885,0.0,0.010194237900932126,516.8590380737495,690.3988386093922,0.02,171.78410000000002,2.0,0.0,0.0,2.0,0.0,49,0,0.921875,0.7579588419754459,0.0,1.0,0.0,0.0,2.0,3,0,0,0.2759339029729539,22,662.800024112871,-4.343843697449478,658.4561804154216,30.013284454417317,0.5171015929233539,30.530386047340674,895.8852999999981,909.3523000000016,895.8852999999981,0.0,14,5,1169.5898999999945,10277.3009,195.4884,2.0,2.0,0.0,0.0,0.0,0.12,0.5,0.25,74.12099999999685,7027.976000001431,3524.277900000002,178,747.9366,782.2731999999996,734.6528,391.2968999999993,0.0,0.0,0.0,0.0,0.0,21,0.0,0.0,0.0,0.0,0.0,395.82919999999973,2.2328,0.015,4.496944957983196,5.683417073170737,9.031559999999999,1.6978046296296294,2.5293536142557773,0.8630135925680943,246.0,238.0,123.0,488.00000000000006,313.0,49.0,44,4,3,2,7,2.0,496.0,6292.2198,802.7162,3521.755,177,15,0,32,0.6764219747059694,0.7579588419754459,0.16028637955602143,52,1367.0919999999996,1070.2729000000006,12,5,40.0,0,0,4,0.0,0,0.0,173802.41829999993,0.0,0,0,0,1.5,0,0.0,0,0,0.0,0,0.0,0,0,361.26239999999996,16.0,275.2353,1,62.2948,42.0752,NaN,1280.0,100.0,1.8911267057291665,0,0,0.0,0,0.0,1280.0,0,0.0,0,0,0,0.0,0.0,0.0,0.0,0.0,0.0,0.0,0.0,0,0,0,0,44,0.0,0,6,0.0,0,0.0,662.9228,11.5752,808.2264165818025,0.0,808.2264165818025,0.0,62.2948,3328.7655000000004,4599.7065,0.7848485278204744,93,4391.446,32,169410.9722999999,1,0.0,4,9634.1953,2,-3554.9865,-5023.3243,665.2132110091748,714.7723,0,9,123,123,11 + fiscal policy and VAT,debt,9,-7.275957614183426e-12
110,125,1,4,10928.272900000002,204.4932,7599.1324,0.0,60835.50369999994,,0.0,5163.6226,55671.88109999994,0.0,4585.9661000000015,207.9084751250001,0.00375,26.2094,1615.1699582266551,0.0,0.009774235299413722,508.59661932877947,677.5282721511035,0.02,176.3778999999999,2.0,0.0,0.0,2.0,0.0,49,0,0.921875,0.7576699061782104,0.0,1.0,0.0,0.0,2.0,3,0,0,0.28385881419789805,22,660.7990569741601,-4.146817118637061,656.652239855523,27.325530884070144,0.5312134176246073,27.85674430169475,914.8852000000009,895.8852999999993,914.8852000000009,0.0,14,5,1169.5898999999945,10277.3009,199.88240000000002,2.0,2.0,0.0,0.0,0.0,0.12,0.5,0.25,95.46879999999689,7090.385300001434,3524.277900000002,178,809.7385,791.4236999999996,768.677,399.65789999999953,0.0,0.0,0.0,0.0,0.0,4,0.0,0.0,0.0,0.0,0.0,387.21930000000003,0.0,0.015,4.460019105691058,5.708947199999999,9.316284999999997,1.6405136363636381,2.794666152878266,2.084238920111506,250.0,246.0,125.0,493.6666666666667,317.0,49.0,43,7,5,5,8,5.0,493.0,6033.444199999995,856.4379,3726.4924,177,15,0,32,0.6652425582058086,0.7576699061782104,0.190169845784663,49,1454.1873999999991,1097.1647000000003,15,7,40.0,0,0,7,0.0,0,0.0,173806.51139999993,0.0,0,0,0,1.5,0,0.0,0,0,0.0,0,0.0,0,0,372.6513999999999,16.0,285.689,1,89.83479999999999,61.15500000000001,NaN,1280.0,100.0,1.9344438932291668,0,0,0.0,0,0.0,1280.0,0,0.0,0,0,0,0.0,0.0,0.0,0.0,0.0,0.0,0.0,0.0,0,0,0,0,43,0.0,0,6,0.0,0,0.0,662.9228,11.2316,728.7464414570276,0.0,728.7464414570276,0.0,89.83479999999999,3284.0535,4868.6193,0.7844398279642568,93,4414.048099999999,32,169392.4633,1,0.0,4,9438.3331,2,-3533.6386,-5137.4132,679.1218518518517,714.7723,0,9,125,125,11 + fiscal policy and VAT,debt,9,-7.275957614183426e-12
111,125,1,4,10485.720499999996,204.4932,7168.368,0.0,61180.86109999996,,0.0,4820.0853,56360.77579999996,0.0,4725.0918,208.76293875000005,0.00375,25.9236,1600.7041164811938,0.0,0.009371536805077876,515.0952820360268,666.3253443207959,0.02,176.60020000000006,2.0,0.0,0.0,2.0,0.0,50,0,0.921875,0.7574864590102424,177.0,0.0,0.0,0.0,2.0,3,0,0,0.29427634724404067,22,666.3518726951385,-4.026218739082655,662.3256539560558,20.12418976385223,0.514002842964233,20.63819260681646,886.5673000000036,914.8852000000006,886.5673000000036,0.0,14,5,1169.5898999999945,10277.3009,202.08689999999999,2.0,2.0,0.0,0.0,0.0,0.12,0.5,0.25,107.25679999999689,7151.6812000014415,3524.277900000002,178,346.22510000000005,788.7775,296.71720000000005,404.0395999999997,0.0,0.0,0.0,0.0,0.0,31,0.0,0.0,0.0,0.0,0.0,394.72169999999994,0.0,0.015,4.481450413223142,5.645982644628096,9.678904999999999,1.7151150943396232,2.868826859118394,2.247359342934025,242.0,242.0,121.0,487.00000000000006,309.0,49.0,44,6,2,10,8,3.0,494.0,5508.263599999999,924.7708,3705.6671,177,15,0,32,0.6108280107727593,0.7574864590102424,0.20731571350242817,52,1461.4252999999992,1084.5110000000002,13,5,40.0,0,0,6,0.0,0,0.0,173816.78460000007,0.0,0,0,0,1.5,0,0.0,0,0,0.0,0,0.0,0,0,387.15619999999996,16.0,321.0954,1,89.22189999999999,60.487199999999994,NaN,1280.0,100.0,1.9535424869791667,0,0,0.0,0,0.0,1280.0,0,0.0,0,0,0,0.0,0.0,0.0,0.0,0.0,0.0,0.0,0.0,0,0,0,0,44,0.0,0,6,0.0,0,0.0,662.9228,12.3402,685.1994634948112,0.0,685.1994634948112,0.0,89.22189999999999,2112.0386000000008,4951.5333,0.7839120271786446,93,4398.5969,32,169418.18769999998,1,0.0,4,9451.6582,2,-3521.8504,-4794.1617,656.2054545454553,714.7723,0,9,121,121,11 + fiscal policy and VAT,debt,9,-7.275957614183426e-12
112,125,1,4,10738.92089999999,204.4932,7424.400799999998,0.0,61532.50759999996,,0.0,5143.7957,56388.71189999996,0.0,4119.995500000001,211.34633100000013,0.00375,26.6134,1591.384181951138,0.0,0.008985429488708667,524.2037189401174,658.4687963007589,0.02,178.435,2.0,0.0,0.0,2.0,0.0,51,0,0.921875,0.7574230245565015,0.0,0.0,0.0,0.0,2.0,3,0,0,0.30142645293411485,22,663.5557317691258,-3.95077542628275,659.6049563428431,21.853686523234888,0.5263065412276439,22.379993064462532,904.2972999999993,886.5673000000011,904.2972999999993,0.0,14,5,1169.5898999999945,10277.3009,209.7328,2.0,2.0,0.0,0.0,0.0,0.12,0.5,0.25,110.08919999999702,7210.0323000014705,3524.277900000002,178,1019.0229999999999,765.8225999999992,963.5043000000001,408.7002000000003,0.0,0.0,0.0,0.0,0.0,16,0.0,0.0,0.0,0.0,0.0,403.2581999999999,0.0,0.015,4.5081991596638655,5.682531147540984,10.350120000000002,1.6524925233644876,2.9624456747961547,2.5243019927959502,244.0,238.0,122.0,482.00000000000006,310.99999999999994,49.0,45,4,2,8,2,1.0,496.0,5662.823100000007,966.8211,3744.4009,177,15,0,32,0.619686181332417,0.7574230245565015,0.20248078446689144,53,1499.8517000000006,1072.9514,9,7,40.0,0,0,4,0.0,0,0.0,173852.15909999987,0.0,0,0,0,1.5,0,0.0,0,0,0.0,0,0.0,0,0,414.0048000000001,16.0,338.2624,1,91.7248,62.09630000000001,NaN,1280.0,100.0,1.9745990364583328,0,0,0.0,0,0.0,1280.0,0,0.0,0,0,0,0.0,0.0,0.0,0.0,0.0,0.0,0.0,0.0,0,0,0,0,45,0.0,0,6,0.0,0,0.0,662.9228,12.0991,710.9016549656343,0.0,710.9016549656343,0.0,91.7248,2673.4198,5049.4844,0.78358612141377,93,4433.9156,32,169418.24349999995,1,0.0,4,9410.7179,2,-3519.0177999999996,-5117.1822999999995,656.2054545454553,714.7723,0,9,122,122,11 + fiscal policy and VAT,debt,9,-7.275957614183426e-12
113,125,1,4,11477.914700000007,204.4932,8165.285500000002,0.0,61879.92359999993,,0.0,5952.4916,55927.43199999993,0.0,4240.637099999997,211.45048150000014,0.00375,36.7563,1590.210335777375,0.0,0.00861522979377387,534.6205870980066,652.2263488515832,0.02,186.49819999999997,2.0,0.0,0.0,2.0,0.0,54,0,0.921875,0.757182379287034,0.0,1.0,0.0,0.0,2.0,3,0,0,0.2933017209399848,22,659.1844878450847,-3.833066941957172,655.3514209031276,26.356161471992117,0.5493749452833248,26.90553641727544,892.1408000000002,904.2973000000006,892.1408000000002,0.0,14,5,1169.5898999999945,10277.3009,213.24079999999998,2.0,2.0,0.0,0.0,0.0,0.12,0.5,0.25,111.98009999999718,7268.961100001468,3524.277900000002,178,1531.3195,792.3257000000002,1474.2816,434.524000000001,0.0,0.0,0.0,0.0,0.0,16,0.0,0.0,0.0,0.0,0.0,412.96089999999987,0.0,0.015,4.538697188755022,5.647100000000008,10.600405,1.6712666666666676,3.0273430262041785,2.6750712652365802,240.0,249.0,120.0,486.00000000000006,307.0,49.0,46,3,3,7,9,4.0,496.0,6028.5169,1017.8557,4001.7998,177,15,0,32,0.6524279078988731,0.757182379287034,0.21516001653709105,52,1516.348899999999,1130.1356000000005,15,6,40.0,0,0,3,0.0,0,0.0,173852.0641,0.0,0,0,0,1.5,0,0.0,0,0,0.0,0,0.0,0,0,424.0162,16.0,392.986,1,126.2917,85.76450000000001,NaN,1280.0,100.0,2.0301876171875,0,0,0.0,0,0.0,1280.0,0,0.0,0,0,0,0.0,0.0,0.0,0.0,0.0,0.0,0.0,0.0,0,0,0,0,46,0.0,0,6,0.0,0,0.0,662.9228,14.2648,643.5220513378312,0.0,643.5220513378312,0.0,126.2917,2786.5117999999998,5412.6415,0.7835986134042496,93,4437.1455,32,169414.9186,1,0.0,4,9170.411399999999,2,-3517.1267,-5915.7353,660.997009345795,714.7723,0,9,120,120,11 + fiscal policy and VAT,debt,9,-7.275957614183426e-12
114,125,1,4,11704.433100000002,204.4932,8396.340600000001,0.0,62194.76369999995,,0.0,6225.4423,55969.32139999995,0.0,4835.9776999999995,209.72111199999986,0.00375,35.2904,1584.1504061247988,0.0,0.008260282326270386,520.0252206725362,642.1665874165324,0.02,193.19779999999994,2.0,0.0,0.0,2.0,0.0,53,0,0.921875,0.7570982381006912,0.0,0.0,0.0,0.0,2.0,3,0,0,0.2500120965790874,22,654.5549272804076,-3.868127262781562,650.686800017626,30.744439251360614,0.536082616988616,31.280521868349233,925.7261000000004,892.1408000000005,925.7261000000004,0.0,14,5,1169.5898999999945,10277.3009,206.2072,2.0,2.0,0.0,0.0,0.0,0.12,0.5,0.25,116.51679999999713,7331.26550000147,3524.277900000002,178,1035.744,809.2256000000001,977.9763,443.20960000000025,0.0,0.0,0.0,0.0,0.0,10,0.0,0.0,0.0,0.0,0.0,397.54859999999996,0.0,0.015,4.654962248995984,5.83960243902439,11.272402499999995,1.6361981481481505,3.094068892270244,3.2106690867957113,246.0,249.0,123.0,486.66666666666674,312.99999999999994,49.0,44,3,2,7,10,4.0,496.0,6191.922099999999,1058.8481,4183.445100000001,177,15,0,32,0.6800575375455704,0.7570982381006912,0.2275201651053731,50,1541.2217999999991,1159.0856,15,5,40.0,0,0,3,0.0,0,0.0,173809.2174000001,0.0,0,0,0,1.5,0,0.0,0,0,0.0,0,0.0,0,0,450.8960999999998,16.0,234.9274,1,118.98250000000002,82.34489999999995,NaN,1280.0,100.0,2.0468988541666664,0,0,0.0,0,0.0,1280.0,0,0.0,0,0,0,0.0,0.0,0.0,0.0,0.0,0.0,0.0,0.0,0,0,0,0,44,0.0,0,6,0.0,0,0.0,662.9228,15.8948,674.9388766693421,0.0,674.9388766693421,0.0,118.98250000000002,3210.2901999999995,5477.2206,0.7831863526344331,93,4466.701199999999,32,169342.51620000004,1,0.0,4,9019.4672,2,-3512.5898,-6190.1519,660.997009345795,714.7723,0,9,123,123,11 + fiscal policy and VAT,debt,9,-7.275957614183426e-12
115,125,1,4,11722.585399999998,204.4932,8416.907299999999,0.0,62522.73929999998,,0.0,6257.969,56264.77029999998,0.0,4956.0419,209.87763187499985,0.00375,26.6219,1578.1567688781415,0.0,0.007919958694428046,526.5281243955858,635.0504375854277,0.02,196.58889999999982,2.0,0.0,0.0,2.0,0.0,51,0,0.921875,0.7573484766554772,177.0,0.0,0.0,0.0,2.0,3,0,0,0.2501124531445231,22,638.3367780925757,-3.9745685737101732,634.3622095188655,22.51848999547574,0.5209798784490118,23.03946987392475,943.9894000000011,925.7261000000004,943.9894000000011,0.0,14,5,1169.5898999999945,10277.3009,208.6681,2.0,2.0,0.0,0.0,0.0,0.12,0.5,0.25,118.93119999999735,7393.947600001486,3524.277900000002,178,807.2076999999999,789.0554000000009,746.9399999999999,430.89599999999973,0.0,0.0,0.0,0.0,0.0,20,0.0,0.0,0.0,0.0,0.0,400.92130000000014,0.0,0.015,4.763238367346939,5.9201500000000005,11.781032499999998,1.724937614678897,3.127831846037956,3.11434901419184,248.0,245.0,124.0,487.3333333333334,315.0,49.0,44,3,2,2,3,2.0,496.0,6268.721600000001,1110.2035,3859.0510000000004,177,15,0,32,0.6209287737391302,0.7573484766554772,0.22966604478489772,54,1572.753399999998,1166.9934,7,4,40.0,0,0,3,0.0,0,0.0,173745.3716000002,0.0,0,0,0,1.5,0,0.0,0,0,0.0,0,0.0,0,0,471.24129999999997,16.0,457.9874,1,93.3939,62.11900000000001,NaN,1280.0,100.0,2.0486937109374996,0,0,0.0,0,0.0,1280.0,0,0.0,0,0,0,0.0,0.0,0.0,0.0,0.0,0.0,0.0,0.0,0,0,0,0,44,0.0,0,6,0.0,0,0.0,662.9228,17.2563,649.4558390356426,0.0,649.4558390356426,0.0,93.3939,3001.8732,5427.241900000001,0.7827898245736022,93,4439.1513,32,169306.22030000002,1,0.0,4,9405.8349,2,-3510.1752000000006,-6231.3471,654.4792592592602,714.7723,0,9,124,124,11 + fiscal policy and VAT,debt,9,-7.275957614183426e-12
116,125,1,4,11683.742400000003,204.4932,8379.530700000001,0.0,62860.226500000004,,0.0,6240.2495,56619.977000000006,0.0,4800.9218,210.9853601249999,0.00375,26.7718,1575.9013013250274,0.0,0.007593656396217611,535.0599757932389,630.5053258833518,0.02,203.11689999999984,2.0,0.0,0.0,2.0,0.0,50,0,0.921875,0.7575860526553582,0.0,0.0,0.0,0.0,2.0,3,0,0,0.2501124531445231,22,624.5419169501445,-3.9019471068416784,620.6399698433028,28.996116055583517,0.5205772086343133,29.51669326421783,957.1564999999994,943.989400000002,957.1564999999994,0.0,14,5,1169.5898999999945,10277.3009,213.503,2.0,2.0,0.0,0.0,0.0,0.12,0.5,0.25,120.39759999999734,7456.799300001491,3524.277900000002,178,783.7333,822.5763000000002,722.348,440.00549999999964,0.0,0.0,0.0,0.0,0.0,14,0.0,0.0,0.0,0.0,0.0,406.5380000000002,0.0,0.015,4.85220612244898,5.987174999999995,12.596295000000003,1.743898165137616,3.3255461077956365,3.837713881064571,248.0,245.0,124.0,494.0,315.0,49.0,44,4,3,3,5,1.0,496.0,6138.369300000002,1162.8328,3962.0071999999996,177,15,0,32,0.6625702742257618,0.7575860526553582,0.23947859119524129,52,1642.7002999999986,1188.7905,6,1,40.0,0,0,4,0.0,0,0.0,173689.58910000004,0.0,0,0,0,1.5,0,0.0,0,0,0.0,0,0.0,0,0,503.85180000000014,16.0,393.7613,1,92.9023,62.467600000000004,NaN,1280.0,100.0,2.0688919661458334,0,0,0.0,0,0.0,1280.0,0,0.0,0,0,0,0.0,0.0,0.0,0.0,0.0,0.0,0.0,0.0,0,0,0,0,44,0.0,0,6,0.0,0,0.0,662.9228,18.9063,642.3974393866697,0.0,642.3974393866697,0.0,92.9023,3410.069500000001,5518.6013,0.7827605265651874,93,4409.4432000000015,32,169280.1459,1,0.0,4,9357.5478,2,-3508.7086,-6213.4776999999995,654.4792592592602,714.7723,0,9,124,124,11 + fiscal policy and VAT,debt,9,-7.275957614183426e-12
117,125,1,4,12386.261500000002,204.4932,9082.893,0.0,63192.93549999996,,0.0,6965.6943,56227.24119999996,0.0,4582.339299999997,212.317401125,0.00375,34.9925,1582.3863338979422,0.0,0.007280797752693445,548.3381378947726,624.5459225986283,0.02,217.4164000000001,2.0,0.0,0.0,2.0,0.0,51,0,0.921875,0.7578828391687757,0.0,1.0,0.0,0.0,2.0,3,0,0,0.2515976331360947,22,613.3325414044779,-4.02047876251815,609.3120626419598,25.109185957632285,0.5327241742762918,25.641910131908578,1009.6589999999998,957.1565000000004,1009.6589999999998,0.0,14,5,1169.5898999999945,10277.3009,237.3304,2.0,2.0,0.0,0.0,0.0,0.12,0.5,0.25,121.24079999999722,7519.7191000015055,3524.277900000002,178,1523.9609999999998,821.4418999999995,1461.8844,467.37580000000094,0.0,0.0,0.0,0.0,0.0,5,0.0,0.0,0.0,0.0,0.0,417.4220000000002,0.0,0.015,4.973898461538464,6.2188250000000025,13.297041025641025,1.7672871559633043,3.3253415071532144,3.7225824646326338,248.0,260.0,124.0,492.33333333333337,314.99999999999994,49.0,44,2,2,3,11,7.0,498.0,6410.738499999999,1226.1997,4284.7155,177,15,0,32,0.6430708808977315,0.7578828391687757,0.23029536746096668,48,1656.1242000000002,1293.2136000000005,20,9,39.0,0,0,2,0.0,0,0.0,173532.28880000013,0.0,0,0,0,1.5,0,0.0,0,0,0.0,0,0.0,0,0,518.5846,16.0,429.6153,1,120.70150000000001,81.64940000000001,NaN,1280.0,100.0,2.1321331640625,0,0,0.0,0,0.0,1280.0,0,0.0,0,0,0,0.0,0.0,0.0,0.0,0.0,0.0,0.0,0.0,0,0,0,0,44,0.0,0,6,0.0,0,0.0,662.9228,21.9032,659.6335695311702,0.0,659.6335695311702,0.0,120.70150000000001,2954.7605999999996,5940.530500000001,0.7831978484086468,93,4345.7903,32,169186.4985,1,0.0,4,9152.4422,2,-3507.8651999999993,-6930.7018,693.7480148148159,714.7723,0,9,124,124,11 + fiscal policy and VAT,debt,9,-7.275957614183426e-12
118,125,1,4,12205.703300000005,204.4932,8904.1846,0.0,63499.81450000001,,0.0,6828.9462,56670.86830000001,0.0,5091.8264999999965,210.84418424999993,0.00375,23.8043,1584.042125793428,0.0,0.0069808288852824755,553.1202817534502,622.5684838622853,0.02,218.18880000000016,2.0,0.0,0.0,2.0,0.0,51,0,0.921875,0.758442490627592,0.0,1.0,0.0,0.0,2.0,3,0,0,0.2501071411564896,22,598.1207694537078,-3.948104486889609,594.1726649668183,26.257205692856914,0.5332931208476824,26.7904988137046,1011.7413999999974,1009.6589999999986,1011.7413999999974,0.0,14,5,1169.5898999999945,10277.3009,234.8025,2.0,2.0,0.0,0.0,0.0,0.12,0.5,0.25,123.09059999999737,7584.679200001512,3524.277900000002,178,682.9589999999998,863.517199999998,619.8487,480.7338000000007,0.0,0.0,0.0,0.0,0.0,32,0.0,0.0,0.0,0.0,0.0,418.9277000000002,0.0,0.015,5.053452589641434,6.156852380952379,13.745709999999999,1.836068468468468,3.3527900265886563,3.610904990693655,252.0,251.0,126.0,494.00000000000006,319.0,49.0,43,3,2,3,9,6.0,497.0,6368.772900000002,1289.162,4081.4838,177,15,0,32,0.6496849051722347,0.758442490627592,0.24614902506642533,50,1690.8793000000007,1268.4166,16,7,40.0,0,0,3,0.0,0,0.0,173375.59309999997,0.0,0,0,0,1.5,0,0.0,0,0,0.0,0,0.0,0,0,549.8284,16.0,442.4803,1,83.60000000000001,55.542599999999986,NaN,1280.0,100.0,2.123846588541667,0,0,0.0,0,0.0,1280.0,0,0.0,0,0,0,0.0,0.0,0.0,0.0,0.0,0.0,0.0,0.0,0,0,0,0,43,0.0,0,6,0.0,0,0.0,662.9228,23.4072,635.8516346580441,0.0,635.8516346580441,0.0,83.60000000000001,2429.6167,5813.1261,0.7829332551214381,93,4269.786700000002,32,169105.80640000006,1,0.0,4,9434.6188,2,-3506.0152,-6805.1419000000005,706.9148623853217,714.7723,0,9,126,126,11 + fiscal policy and VAT,debt,9,-7.275957614183426e-12
119,125,1,4,12609.89589999999,204.4932,9307.185000000003,0.0,63823.18110000001,,0.0,7278.7521,56544.42900000001,0.0,4854.2287,212.5078356250002,0.00375,49.5026,1590.0231661474882,0.0,0.006693218735208837,557.5430341147265,609.2211440983252,0.02,220.8448,2.0,0.0,0.0,2.0,0.0,51,0,0.921875,0.7584504699385339,0.0,1.0,0.0,0.0,2.0,3,0,0,0.2502701569329527,22,588.865523398096,-3.960980071531702,584.9045433265642,22.660819931585046,0.5027198312972777,23.163539762882323,1026.867099999999,1011.7413999999956,1026.867099999999,0.0,14,5,1169.5898999999945,10277.3009,238.28879999999998,2.0,2.0,0.0,0.0,0.0,0.12,0.5,0.25,121.89839999999738,7646.993000001516,3524.277900000002,178,1272.9728,868.7801999999997,1209.4668,506.5352000000006,0.0,0.0,0.0,0.0,0.0,53,0.0,0.0,0.0,0.0,0.0,421.2103000000001,0.0,0.015,5.077611646586345,6.24946984126985,14.401255000000003,1.7763810810810803,3.4377373204140884,3.5905005271246773,252.0,249.0,126.0,493.3333333333333,319.0,49.0,43,3,2,7,9,7.0,497.0,5912.6023,1360.212,4814.4925,177,15,0,32,0.6394285586229944,0.7584504699385339,0.24337317897545518,51,1713.6713,1264.3252999999997,12,3,40.0,0,0,3,0.0,0,0.0,173277.52269999986,0.0,0,0,0,1.5,0,0.0,0,0,0.0,0,0.0,0,0,576.0502000000001,16.0,473.0865,1,169.7007,115.5049,NaN,1280.0,100.0,2.2394813932291666,0,0,0.0,0,0.0,1280.0,0,0.0,0,0,0,0.0,0.0,0.0,0.0,0.0,0.0,0.0,0.0,0,0,0,0,43,0.0,0,6,0.0,0,0.0,662.9228,24.8999,601.1765111315931,0.0,601.1765111315931,0.0,169.7007,3132.5575,6647.791000000001,0.7839927891885727,93,4293.657500000002,32,168983.8652,1,0.0,4,8688.518,2,-3507.2072,-7229.2495,734.4273873873872,714.7723,0,9,126,126,11 + fiscal policy and VAT,debt,9,-7.275957614183426e-12
120,125,1,4,12916.262199999994,204.4932,9502.8274,0.0,64128.155400000025,,0.0,7507.151,56621.00440000003,0.0,5205.618099999999,212.034096625,0.00375,31.3129,1601.3882629351856,0.0,0.006417458123318233,565.5630316397518,615.6705002901236,0.02,219.8864999999999,2.0,0.0,0.0,2.0,0.0,53,0,0.921875,0.7583655510719749,177.0,0.0,0.0,0.0,2.0,3,0,0,0.2522951561792666,22,586.5441666199356,-3.857305631707284,582.6868609882283,26.76069173020583,0.531947108469632,27.292638838675465,1032.0941999999995,1026.8670999999988,1032.0941999999995,0.0,14,5,1169.5898999999945,10277.3009,235.7758,2.0,2.0,0.0,0.0,0.0,0.12,0.5,0.25,11.174499999997428,7712.674900001513,3524.277900000002,178,1236.6458000000002,930.2795000000003,1060.24,490.8339999999999,0.0,113.23450000000004,0.0,0.0,0.0,18,0.0,0.0,0.0,0.0,0.0,428.58329999999995,0.0,0.014333104112703096,5.20632255319149,6.412949999999997,15.222552500000003,1.8841550458715592,3.500750979670157,3.897472266844258,248.0,235.0,124.0,488.00000000000006,314.99999999999994,49.0,43,5,3,10,5,3.0,495.0,6686.769399999998,1440.7427,4263.9636,177,15,0,32,0.6549854786378602,0.7583655510719749,0.25017418897859645,53,1848.6140999999998,1223.4858000000002,11,6,40.0,0,0,5,0.0,0,0.0,173280.3481000001,0.0,0,0,0,1.5,0,0.0,0,0,0.0,0,0.0,0,0,608.9021000000001,16.0,493.4736,1,109.31620000000001,73.0648,NaN,1280.0,100.0,2.1878928645833335,0,0,0.0,0,0.0,1280.0,0,0.0,0,0,0,0.0,0.0,0.0,0.0,0.0,0.0,0.0,0.0,0,0,0,0,43,0.0,0,6,0.0,0,0.0,662.9228,27.2506,498.9093453562027,0.0,498.9093453562027,0.0,109.31620000000001,3143.9771,6198.1799,0.7840320734176038,93,4335.2302,32,168945.11790000004,1,0.0,4,9238.396400000001,2,-3617.9309000000003,-7475.8381,710.552432432432,714.7723,0,9,124,124,11 + fiscal policy and VAT,debt,9,-7.275957614183426e-12
