round,persons_alive,farms_open,bakeries_open,money_in_circulation,money_in_dead_balances,outstanding_debt,peer_lent,government_debt,termination,government_peer_debt,government_bank_debt,bonds_outstanding,government_arrears,bonds_issued,coupons,bond_rate,government_cash,government_reserve_target,surplus_redistributed,tax_scale,government_outlay,tax_shortfall,tax_policy_step,consumption_tax,consumption_tax_scale,wealth_tax,wealth_tax_base,wealth_tax_scale,clearing_residue,negative_wealth_persons,zero_cash_persons,land_households_share,gini_wealth_attributed,land_supply,land_demand,land_sold,land_levy,land_levy_scale,new_firms,entries,coops_open,hhi_bread,owners,wealth_gap_meals,wealth_bottom10_meals,wealth_top10_meals,cash_gap_meals,cash_bottom10_meals,cash_top10_meals,invoices_issued,invoices_paid,invoices_open,invoices_overdue,liquidations,refoundings,bad_debt,bank_bailouts,profit_tax,profit_tax_scale,parking_tax_scale,income_tax_accrued,income_tax_charged,wealth_tax_arrears,consumption_tax_rate_now,bracket_top_rate,bracket_bottom_rate,bank_retained_interest,cumulative_interest_paid,cumulative_write_offs,cumulative_credit_refusals,money_created,money_destroyed,credit_demand,tax,enterprise_tax,deposit_interest,buffer_pool,insurance_premiums,insurance_payouts,missed_payments,cash_banks,gi_created,demurrage_destroyed,demurrage_tax,account_fees,fees,trade_arrears,interest_rate,price_bread,price_grain,price_ticket,price_rent,price_wage,wage_bid_producers,bread_baked,bread_sold,grain_harvested,labour_offered,labour_sold,government_labour,unemployed,hungry,without_bread,half_meals,gluttons,bread_stocked,total_capacity,cash_persons,cash_farms,cash_bakeries,land_persons,land_farms,land_banks,landholders,gini_cash_persons,gini_net_wealth_persons,gini_income_persons,persons_below_meal,persons_income,bread_bill,gluttony_attempted,gluttony_refused,tickets_sold,n_greedy,hungry_greedy,hungry_others,cash_greedy,land_greedy,wealth_greedy,wealth_persons,bread_greedy,greedy_loaves,greedy_tickets,ration,tier_multiplier,tier_sold,tier_revenue,n_consumers,n_hoarders,wealth_hoarders,land_hoarders,shares_hoarders,greedy_land,greedy_shares,ticket_revenue,theatre_labour,cash_theatres,theatres_open,dividends,dividend_income_persons,share_price_mean,share_units_per_firm,founders_stake_pct,book_per_unit_mean,share_trades,share_trades_deferred,share_contracts_outstanding,share_seizures,share_volume,founders_stake_mean,outside_holders,forward_value_mean,coop_worker_open,coop_consumer_open,coop_member_open,coop_retained_reserve,coop_buffer_pledged,buffer_pledged_persons,patronage_wages,rebates,membership_capital,reserved_labour,coop_worker_hours,coop_members_worker,coop_members_consumer,worker_members,unemployed_members,unemployed_nonmembers,rebate_income_persons,coop_open,forprofit_open,cash_coops,coop_members,coop_capital,founder_capital,founder_debt,reserve_shortfall_owned,reserve_shortfall_coops,reserve_shortfall_forprofit,dividends_coops,dividends_forprofit,founders_cash,cash_forprofit,gini_net_wealth_all,n_workers,wealth_workers,n_landowners,wealth_landowners,n_farms,wealth_farms,n_bakeries,wealth_bakeries,n_banks,wealth_banks,wealth_government,land_price,land_price_traded,deaths,closures,production_target_farms,production_target_bakeries,rung,system,seed,identity
1,128,4,4,6015.067999999998,0.0,6036.397599999999,0.0,943.4339999999995,,0.0,0.0,943.4339999999995,0.0,943.4339999999995,0.0,0.00375,0.0,2925.0009,0.0,0.9588,975.0003,1918.4343,0.02,5.64,1.02,0.0,0.0,1.02,0.0,0,0,0.9791666666666666,0.3048960696598382,0.0,128.0,0.0,0.0,1.02,0,0,0,1.0,48,10.105630769230773,1.448676923076923,11.554307692307695,2.6282461538461535,1.448676923076923,4.076923076923077,300.4692000000007,0.0,300.4692000000007,0.0,0,0,0.0,0.0,10.8032,1.02,1.02,0.0,0.0,0.0,0.0612,0.5,0.25,21.3296,21.3296,0.0,4,1.176,92.428,157.40599999999998,31.566300000000016,0.0,0.0,0.0,0.0,0.0,4,0.0,0.0,0.0,0.0,0.0,810.0,162.89399999999986,0.005,5.0,5.199999999999997,2.0,0.75,3.73124324324325,3.9200000000000013,80.0,16.0,40.0,512.0,185.0,51.0,81,0,0,0,9,7.0,512.0,4401.576,0.0,1042.9548,188,4,0,32,0.11999243282406113,0.3048960696598382,0.08492204420533533,0,1256.7939999999994,80.0,11,2,7.0,0,0,0,0.0,0,0.0,6872.554,0.0,0,0,0,1.5,0,0.0,0,0,0.0,0,0.0,0,0,14.0,52.0,570.5372,4,0.0,0.0,NaN,1280.0,100.0,-0.2849433333333334,0,0,0.0,0,0.0,1280.0,0,0.0,0,0,0,0.0,0.0,0.0,0.0,0.0,0.0,0.0,0.0,0,0,0,0,81,0.0,0,12,0.0,0,0.0,1200.0,0.0,652.828,0.0,652.828,0.0,0.0,1433.348,1613.4919999999997,0.3310363113177346,96,3402.9740000000015,32,3469.5800000000004,4,0.0,4,346.72,2,20.15360000000003,0.0,11.925,11.25,0,0,40,40,11 + fiscal policy and VAT,debt,4,3.637978807091713e-12
2,128,4,4,5946.916199999994,0.0,5993.7666,0.0,1371.8896999999997,,0.0,59.7126,1312.1770999999997,0.0,368.7430999999999,3.537375,0.00375,0.0,2338.2145500000006,0.0,0.91929744,583.8094000000001,1463.5807500000005,0.02,79.66699999999992,1.0404,0.0,0.0,1.0404,0.0,0,0,0.9791666666666666,0.32225143602589235,0.0,90.0,0.0,0.0,1.0404,0,0,0,0.2553564362032901,48,10.257293846153846,1.4463738461538465,11.703667692307693,2.7932830769230783,1.4252407692307694,4.218523846153848,861.0219000000039,262.6391999999997,898.8519000000045,0.0,0,0,0.0,0.0,76.5312,1.0404,1.0404,0.0,0.0,0.0,0.062424,0.5,0.25,46.85039999999999,60.710600000000014,0.0,15,73.5728,141.7246,661.1498999999999,158.89159999999947,0.0,0.0,0.0,0.0,0.0,0,0.0,0.0,0.0,0.0,0.0,420.0,446.43449999999905,0.003662440143685384,4.894000000000005,5.528712499999999,NaN,1.1286574074074072,3.5140674842334763,3.802399999999999,224.0,266.0,112.0,512.0,341.0,51.0,42,0,0,0,10,7.0,512.0,3919.488499999999,2.1796,1720.6779999999999,188,4,0,32,0.13094008691280745,0.32225143602589235,0.2746554723859078,2,1266.791600000001,1301.8040000000012,11,1,0.0,0,0,0,0.0,0,0.0,6759.2096000000065,0.0,0,0,0,1.5,0,0.0,0,0,0.0,0,0.0,0,0,0.0,64.0,304.5701,4,0.0,0.0,NaN,1280.0,100.0,-0.25133522786458334,0,0,0.0,0,0.0,1280.0,0,0.0,0,0,0,0.0,0.0,0.0,0.0,0.0,0.0,0.0,0.0,0,0,0,0,42,0.0,0,12,0.0,0,0.0,1200.0,0.0,3195.5664621621668,0.0,3195.5664621621668,0.0,0.0,1313.2304,2027.4277,0.34228938868898506,96,3307.458699999998,32,3451.7508999999995,4,0.0,4,346.72,2,45.73319999999981,-59.7126,12.640500000000001,11.25,0,0,112,112,11 + fiscal policy and VAT,debt,4,3.637978807091713e-12
3,128,4,4,6529.726099999999,0.0,6587.6185000000005,0.0,1539.9943999999998,,0.0,56.727,1483.2673999999997,0.0,171.0903,4.919399374999994,0.00375,0.0,2116.3484000000003,0.0,0.8814223854719999,557.5387000000001,1215.8618666666682,0.02,90.4582,1.061208,0.0,0.0,1.061208,0.0,0,0,0.9791666666666666,0.32395173988919224,0.0,247.0,0.0,0.0,1.061208,0,0,0,0.25027679039683004,48,11.458290371255213,1.6557401527773394,13.114030524032554,3.174724152022882,1.6688708308446747,4.843594982867557,971.1003000000047,898.8519000000017,971.1003000000047,0.0,0,0,0.0,0.0,80.77720000000001,1.061208,1.061208,0.0,0.0,0.0,0.06367247999999999,0.5,0.25,57.892399999999995,90.67680000000001,0.0,17,718.1121000000002,135.3022,922.041,394.65329999999676,0.0,0.0,0.0,0.0,0.0,0,0.0,0.0,0.0,0.0,0.0,398.30400000000003,0.0,0.007129629520773072,5.476535877862595,5.441590225563915,1.77985,1.3401116279069774,3.466878985940748,3.688327999999999,266.0,262.0,133.0,512.0,350.0,51.0,40,0,0,2,10,5.0,512.0,4263.1056,132.5421,1978.5669,188,4,0,32,0.1454479764265042,0.32395173988919224,0.20990087011165004,0,2039.8704000000014,1434.8524,10,0,8.0,0,0,0,0.0,0,0.0,7262.248400000002,0.0,0,0,0,1.5,0,0.0,0,0,0.0,0,0.0,0,0,14.2388,31.0,155.5115,4,0.0,0.0,NaN,1280.0,100.0,-0.27386354166666665,0,0,0.0,0,0.0,1280.0,0,0.0,0,0,0,0.0,0.0,0.0,0.0,0.0,0.0,0.0,0.0,0,0,0,0,40,0.0,0,12,0.0,0,0.0,1200.0,11.668600000000001,3520.704221507583,0.0,3520.704221507583,0.0,0.0,1578.5665000000006,2266.620500000001,0.3423079005805345,96,3464.0860999999995,32,3798.162300000001,4,0.0,4,346.72,2,56.833999999999726,-56.727,13.398930000000002,11.25,0,0,133,133,11 + fiscal policy and VAT,debt,4,3.637978807091713e-12
4,128,4,4,6430.1610999999975,0.0,6491.688299999999,0.0,1792.9787000000001,,0.0,53.7414,1739.2373,0.0,255.96990000000002,5.560991874999993,0.00375,0.0,1961.535461450382,0.0,0.8451077831905535,499.0322152671757,1098.4390076335887,0.02,97.79039999999993,1.08243216,0.0,0.0,1.08243216,0.0,0,0,0.9791666666666666,0.3759121020869267,0.0,125.0,0.0,0.0,1.08243216,0,0,0,0.2639533775411555,48,10.863990658015258,1.0621712996134924,11.92616195762875,3.068950109968964,0.7709906018100646,3.839940711779028,1007.9698000000045,851.1149000000016,1127.9552000000012,0.0,0,0,0.0,0.0,90.7844,1.08243216,1.08243216,0.0,0.0,0.0,0.0649459296,0.5,0.25,61.52719999999999,119.44649999999997,0.0,25,41.74300000000001,141.30800000000002,551.8685,251.89400000000077,0.0,0.0,0.0,0.0,0.0,4,0.0,0.0,0.0,0.0,0.0,322.0113,415.2749999999993,0.008139523013428011,5.597133210332103,5.663703787878795,1.7270909090909092,1.4481265625000004,3.464830210385092,3.5776781599999983,264.0,271.0,132.0,509.33333333333337,375.00000000000006,51.0,32,0,0,2,13,9.0,512.0,3571.3288000000025,644.4357,2213.4937,188,4,0,32,0.18997996103019155,0.3759121020869267,0.3064990411296211,7,1195.1106999999997,1516.8231,13,0,11.0,0,0,0,0.0,0,0.0,6827.024999999998,0.0,0,0,0,1.5,0,0.0,0,0,0.0,0,0.0,0,0,18.998,58.0,0.9029,4,0.0,0.0,NaN,1280.0,100.0,-0.22929882161458334,0,0,0.0,0,0.0,1280.0,0,0.0,0,0,0,0.0,0.0,0.0,0.0,0.0,0.0,0.0,0.0,0,0,0,0,32,0.0,0,12,0.0,0,0.0,1200.0,11.0851,3175.7267343932363,0.0,3175.7267343932363,0.0,0.0,1310.3008000000002,2858.8322999999996,0.38900937579890726,96,3020.0209000000013,32,3807.0041,4,0.0,4,346.72,2,60.52759999999999,-53.7414,14.202865800000003,11.25,0,0,132,132,11 + fiscal policy and VAT,debt,4,3.637978807091713e-12
5,128,4,4,6447.016400000003,0.0,6506.205999999998,0.0,2121.8632,,0.0,136.8308,1985.0323999999996,0.0,245.79510000000002,6.520506124999992,0.00375,0.0,1953.6521515771392,0.0,0.8102893425231027,640.7063040280561,1071.3110277180936,0.02,95.81899999999999,1.1040808032,0.0,0.0,1.1040808032,0.0,0,0,0.9791666666666666,0.3599432905421429,0.0,106.0,0.0,0.0,1.1040808032,0,0,0,0.26035927456382,48,10.92088121294688,1.3512088902735646,12.272090103220444,2.2654427077021904,1.4456315409388316,3.711074248641022,975.5336000000055,944.1844000000015,1159.3043999999952,0.0,0,0,0.0,0.0,86.3867,1.1040808032,1.1040808032,0.0,0.0,0.0,0.066244848192,0.5,0.25,59.189599999999984,144.20470000000003,0.0,39,150.38369999999998,133.52840000000003,565.5334,318.6134999999998,0.0,0.0,0.0,0.0,0.0,8,0.0,0.0,0.0,0.0,0.0,460.9157,49.34859999999998,0.009335522613879727,5.569048863636364,5.625639393939392,1.708,1.5843343750000005,3.4527731238281554,3.4703478152,264.0,264.0,132.0,509.33333333333337,336.0,51.0,43,0,0,0,9,8.0,512.0,3812.2200999999995,253.436,2380.4574000000002,188,4,0,32,0.13253197694599272,0.3599432905421429,0.1926698639904878,0,2016.9876000000006,1470.2289,12,3,3.0,0,0,0,0.0,0,0.0,7277.081999999997,0.0,0,0,0,1.5,0,0.0,0,0,0.0,0,0.0,0,0,5.124,19.0,0.9029,4,0.0,0.0,NaN,1280.0,100.0,-0.23703929687500003,0,0,0.0,0,0.0,1280.0,0,0.0,0,0,0,0.0,0.0,0.0,0.0,0.0,0.0,0.0,0.0,0,0,0,0,43,0.0,0,12,0.0,0,0.0,1200.0,43.805800000000005,3123.129367366946,0.0,3123.129367366946,0.0,0.0,1445.6186000000002,2634.7962999999995,0.3749254437009497,96,3239.5919999999996,32,4037.489999999999,4,0.0,4,346.72,2,58.24880000000016,-136.8308,15.055037748000004,11.25,0,0,132,132,11 + fiscal policy and VAT,debt,4,3.637978807091713e-12
6,128,4,4,6598.662800000003,0.0,6655.893000000001,0.0,2554.8893,,0.0,394.1631,2160.7262,0.0,175.69379999999995,7.441823749999992,0.00375,0.0,1956.5376481707626,0.0,0.7769054216111508,656.9883770462928,1073.073548780509,0.02,97.22410000000004,1.126162419264,0.0,0.0,1.126162419264,0.0,0,0,0.9791666666666666,0.38511302501028943,0.0,109.0,0.0,0.0,1.126162419264,0,0,0,0.25917236700774493,48,11.123949663159983,1.2553317482635629,12.379281411423547,1.726344370332663,1.2846959670440015,3.0110403373766648,969.7234000000057,852.578400000003,1276.449399999988,39.943,0,0,0.0,0.0,85.3055,1.126162419264,1.126162419264,0.0,0.0,0.0,0.06756974515584001,0.5,0.25,57.230199999999996,169.11770000000004,0.0,60,291.49409999999995,139.8477,1022.5377000000002,232.0905999999993,0.0,0.0,0.0,0.0,0.0,8,0.0,0.0,0.0,0.0,0.0,479.1631000000002,442.00649999999905,0.00931129544390136,5.517436090225567,5.568746616541351,NaN,1.7700736434108524,3.409193571056134,3.3662373807439985,266.0,266.0,133.0,512.0,340.0,51.0,43,0,0,1,10,9.0,512.0,3379.3720000000008,664.0843,2554.3036,188,4,0,32,0.11078041876197697,0.38511302501028943,0.2046936878813037,1,1305.323599999998,1467.6380000000006,10,0,0.0,0,0,0,0.0,0,0.0,7022.371899999998,0.0,0,0,0,1.5,0,0.0,0,0,0.0,0,0.0,0,0,0.0,21.0,0.9029,4,0.0,0.0,NaN,1280.0,100.0,-0.1921410677083333,0,0,0.0,0,0.0,1280.0,0,0.0,0,0,0,0.0,0.0,0.0,0.0,0.0,0.0,0.0,0.0,0,0,0,0,43,0.0,0,12,0.0,0,0.0,1200.0,41.557,2630.326393422859,0.0,2630.326393422859,0.0,0.0,1260.5824000000002,3219.2907999999993,0.39808687092823236,96,3012.2626999999993,32,4010.1092,4,0.0,4,346.72,2,56.34819999999951,-394.1631,15.958340012880004,11.25,0,0,133,133,11 + fiscal policy and VAT,debt,4,3.637978807091713e-12
7,128,1,4,20642.591900000007,0.6378,17351.945099999997,0.0,16856.6238,,0.0,14587.261,2269.3628000000012,0.0,108.63660000000003,8.100330499999995,0.00375,0.008,1975.0469896344011,0.0,0.7448969182407714,695.3676794720767,1077.772454994363,0.02,97.15000000000002,1.14868566764928,0.0,0.0,1.14868566764928,0.0,0,0,0.9791666666666666,0.39855993397220146,0.0,101.0,0.0,0.0,1.14868566764928,2,0,0,0.26336942850120715,23,11.911119808730861,0.9122687663390476,12.82338857506991,2.0159684210537336,1.3281949531256234,3.3441633741793573,933.4551999999991,904.7103000000025,103.718,0.0,8,0,453.5253999999991,13881.034900000002,51.3801,1.14868566764928,1.14868566764928,0.0,0.0,0.0,0.0689211400589568,0.5,0.25,46.6889,182.16710000000006,3294.0784000000003,80,14860.8563,816.2894,14947.4575,284.75080000000116,0.0,0.0,0.0,0.0,0.0,0,13877.8622,0.0,0.0,0.0,0.0,520.1902999999999,10.4355,0.007983522498122567,5.466831558935362,5.623690977443612,NaN,1.9477775193798466,3.41037421438767,3.2652502593216792,266.0,263.0,133.0,510.6666666666667,323.0,51.0,47,0,0,1,11,6.0,512.0,3469.9122000000007,65.7109,2697.0258,188,0,4,32,0.1222269984597879,0.39855993397220146,0.1566627470876214,1,1820.7711000000022,1437.7767000000001,11,0,0.0,0,0,0,0.0,0,0.0,6626.5309,0.0,0,0,0,1.5,0,0.0,0,0,0.0,0,0.0,0,0,0.0,0.0,532.0728,1,0.0265,0.0184,NaN,1280.0,100.0,0.15250477864583334,0,0,0.0,0,0.0,1280.0,0,0.0,0,0,0,0.0,0.0,0.0,0.0,0.0,0.0,0.0,0.0,0,0,0,0,47,0.0,0,6,0.0,0,0.0,1087.212,597.462,974.8394512854065,0.0,974.8394512854065,0.0,0.0265,717.3059000000001,3294.8095,0.7448175073270389,96,3021.3021999999996,32,3605.2287,1,0.0,4,346.72,2,10630.7544,-14587.253,16.915840413652806,11.25,0,8,10,133,11 + fiscal policy and VAT,debt,4,3.637978807091713e-12
8,128,1,4,20780.16479999999,0.6378,17645.948561654608,0.0,17407.544200000004,,0.0,14323.7096,3083.834600000002,0.0,814.4717999999998,8.50768512499999,0.00375,0.0,1987.7713094044166,0.0,0.7142071652092515,692.2805159315083,1088.273397936278,0.02,96.96160000000005,1.1716593810022657,0.0,0.0,1.1716593810022657,0.0,0,0,0.9791666666666666,0.4440345816188538,4.0,246.0,4.0,0.0,1.1716593810022657,2,0,0,0.26875739644970414,23,15.842607769880244,1.1733593075175879,17.015967077397832,2.3290702261666594,1.3378315979108577,3.666901824077517,956.5295999999997,103.71799999999998,956.5295999999997,0.0,8,0,453.5253999999991,13881.034900000002,84.6963,1.1716593810022657,1.1716593810022657,0.0,0.0,0.0,0.07029956286013594,0.5,0.25,135.4561,270.93430000000006,3294.0784000000003,80,1010.8847999999999,873.3118999999998,467.65,222.79969999999992,0.0,0.0,0.0,0.0,0.0,0,13852.4679,0.0,0.0,0.0,0.0,519.6478999999999,0.0,0.0015385466999269593,5.410973461538463,5.597930827067665,NaN,1.9869860465116282,3.3468791979535366,23.67271276926631,266.0,260.0,133.0,510.6666666666667,323.0,51.0,47,0,0,2,7,5.0,512.0,3453.804400000001,0.0,3434.2205999999996,188,4,0,32,0.13158631455432168,0.4440345816188538,0.13250670098069306,0,1710.7897000000003,1406.8531000000003,9,2,0.0,0,0,0,0.0,0,0.0,7899.857497766735,0.0,0,0,0,1.5,0,0.0,0,0,0.0,0,0.0,0,0,0.0,4.0,39.6719,1,0.0,0.0,NaN,1280.0,100.0,0.11041242187499996,0,0,0.0,0,0.0,1280.0,0,0.0,0,0,0,0.0,0.0,0.0,0.0,0.0,0.0,0.0,0.0,0,0,0,0,47,0.0,0,6,0.0,0,0.0,1087.212,587.5042000000001,2309.5265438865727,0.0,2309.5265438865727,0.0,0.0,729.0101999999999,3473.8924999999995,0.7419058214003855,96,2982.5805999999984,32,4917.276897766728,1,0.0,4,472.3350000000001,2,10716.849461654612,-14323.7096,17.930790838471975,16.915840413652806,0,8,133,133,11 + fiscal policy and VAT,debt,4,3.637978807091713e-12
9,128,1,4,21196.051999999974,1.2756,18146.89419999999,0.0,17926.972400000002,,0.0,14316.4742,3610.4982000000014,0.0,526.6635999999999,11.56156449999999,0.00375,0.0,1988.617369046909,0.0,0.6847818300026304,665.1286153956161,1089.7290238090507,0.02,99.79259999999998,1.195092568622311,0.0,0.0,1.195092568622311,0.0,0,0,0.9791666666666666,0.4629581290918947,0.0,243.0,0.0,0.0,1.195092568622311,2,0,0,0.2664367686132625,23,17.215929448764854,1.114761733119115,18.330691181883967,2.0661112379110507,1.2602417409465136,3.3263529788575643,957.8672000000025,848.504899999999,1065.8919000000028,0.0,8,0,453.5253999999991,13881.034900000002,87.0232,1.195092568622311,1.195092568622311,0.0,0.0,0.0,0.07170555411733866,0.5,0.25,223.26010000000005,358.8642999999998,3294.0784000000003,81,1339.4179,922.8929000000002,855.3732,228.8832000000001,0.0,0.0,0.0,0.0,0.0,0,13791.512299999999,0.0,0.0,0.0,0.0,495.1391000000001,0.0,0.01149906893291143,5.336562406015037,5.775887692307702,NaN,1.9876999999999998,3.4176114521751098,22.962531386188328,260.0,266.0,130.0,509.3333333333333,323.0,51.0,45,0,0,1,10,6.0,512.0,3315.859099999999,713.1906,3366.3804,188,4,0,32,0.1340910732511973,0.4629581290918947,0.16201123900859837,0,1704.3890999999987,1419.5256,10,0,0.0,0,0,0,0.0,0,0.0,8086.996997766723,0.0,0,0,0,1.5,0,0.0,0,0,0.0,0,0.0,0,0,0.0,10.0,9.1096,1,0.0,0.0,NaN,1280.0,100.0,0.12267104969461086,0,0,0.0,0,0.0,1280.0,0,0.0,0,0,0,0.0,0.0,0.0,0.0,0.0,0.0,0.0,0.0,0,0,0,0,45,0.0,0,6,0.0,0,0.0,1087.212,577.5464,1580.4091310382892,0.0,1580.4091310382892,0.0,0.0,712.4122,4088.6806000000006,0.7450942887171803,96,2905.8051000000005,32,5181.1918977667265,1,0.0,4,686.3158,2,10740.373300000003,-14316.4742,19.006638288780294,16.915840413652806,0,8,130,130,11 + fiscal policy and VAT,debt,4,3.637978807091713e-12
10,128,1,4,21045.828999999987,1.9134000000000002,18085.89940000001,0.0,18235.865100000003,,0.0,14252.268,3983.597100000001,0.0,373.09890000000007,13.536170499999992,0.00375,0.0,1990.5410760190248,0.0,0.656568818606522,669.2848129226887,1070.0616640126832,0.02,102.26320000000003,1.2189944199947573,0.0,0.0,1.2189944199947573,0.0,1,0,0.9791666666666666,0.48013454093499375,0.0,122.0,0.0,0.0,1.2189944199947573,2,0,0,0.2623078636667409,23,18.709938907715834,0.9863588175568601,19.696297725272693,1.854197806539138,1.2469068376949854,3.1011046442341237,985.4329000000004,1065.8919000000024,985.4329000000004,0.0,8,0,453.5253999999991,13881.034900000002,89.21,1.2189944199947573,1.2189944199947573,0.0,0.0,0.0,0.07313966519968544,0.5,0.25,315.23370000000006,450.95749999999975,3294.0784000000003,81,843.1388999999999,992.7240999999999,739.7699,445.5142000000003,0.0,0.0,0.0,0.0,0.0,1,13687.003,0.0,0.0,0.0,0.0,502.4589999999998,0.0,0.014153257405402766,5.321502985074626,5.876287218045115,NaN,1.9756488372093022,3.4964450564133776,22.273655444602678,266.0,268.0,133.0,510.6666666666667,325.0,51.0,46,0,0,1,13,6.0,512.0,3221.1279999999997,685.2318,3450.4123,188,4,0,32,0.13215784627698746,0.48013454093499375,0.17387549280004433,1,1750.7608,1426.1627999999998,15,2,0.0,0,0,0,0.0,0,0.0,8312.673297766727,0.0,0,0,0,1.5,0,0.0,0,0,0.0,0,0.0,0,0,0.0,6.0,2.0539,1,0.0,0.0,NaN,1280.0,100.0,0.1270128726112775,0,0,0.0,0,0.0,1280.0,0,0.0,0,0,0,0.0,0.0,0.0,0.0,0.0,0.0,0.0,0.0,0,0,0,0,46,0.0,0,6,0.0,0,0.0,1087.212,567.5886,1748.7444342056617,0.0,1748.7444342056617,0.0,0.0,698.1853,4137.697999999999,0.7476611236901107,96,2852.7648999999988,32,5459.908397766727,1,0.0,4,751.4093000000001,2,10724.513200000001,-14252.268,20.147036586107113,16.915840413652806,0,8,133,133,11 + fiscal policy and VAT,debt,4,3.637978807091713e-12
11,128,1,4,20955.206399999995,2.5512,18084.991099999996,0.0,18638.0536,,0.0,14338.0045,4300.049099999999,0.0,316.4519999999999,14.93503637499999,0.00375,0.0,1987.7337559286827,0.0,0.6295181832799333,653.2201850084216,1060.8932281948796,0.02,103.90809999999999,1.2433743083946525,0.0,0.0,1.2433743083946525,0.0,1,0,0.9791666666666666,0.4941325591287291,0.0,118.0,0.0,0.0,1.2433743083946525,2,0,0,0.25009468501451837,23,19.509898869247106,1.0158227593436255,20.52572162859073,1.9939515697970487,1.2731307771077427,3.267082346904791,1004.8264999999988,983.4210999999991,1006.8382999999988,0.0,8,0,453.5253999999991,13881.034900000002,88.21470000000002,1.2433743083946525,1.2433743083946525,0.0,0.0,0.0,0.07460245850367915,0.5,0.25,407.6933999999999,543.5303999999994,3294.0784000000003,83,944.7811,1034.7658999999999,925.8642,337.2314999999998,0.0,0.0,0.0,0.0,0.0,3,13536.6976,0.0,0.0,0.0,0.0,487.64480000000026,9.752500000000001,0.015,5.320907490636702,6.021561194029847,NaN,2.002209230769229,3.6096512351367935,21.605445781264592,268.0,267.0,134.0,510.6666666666667,325.0,51.0,45,0,0,2,12,7.0,512.0,3142.4506999999994,709.6451,3564.3591,188,4,0,32,0.14932907424967712,0.4941325591287291,0.19432842746895673,0,1770.1455,1420.6822999999995,16,4,0.0,0,0,0,0.0,0,0.0,8562.825197766733,0.0,0,0,0,1.5,0,0.0,0,0,0.0,0,0.0,0,0,0.0,4.0,2.0539,1,0.0,0.0,NaN,1280.0,100.0,0.15469111479877748,0,0,0.0,0,0.0,1280.0,0,0.0,0,0,0,0.0,0.0,0.0,0.0,0.0,0.0,0.0,0.0,0,0,0,0,45,0.0,0,6,0.0,0,0.0,1087.212,557.6308,1733.519360245592,0.0,1733.519360245592,0.0,0.0,713.7259,4276.058099999999,0.7486091122683778,96,2778.6578999999992,32,5784.167297766729,1,0.0,4,751.4092999999999,2,10663.3431,-14338.0045,21.35585878127354,16.915840413652806,0,8,134,134,11 + fiscal policy and VAT,debt,4,3.637978807091713e-12
12,128,1,4,20898.8211,3.189,18030.1108,0.0,19052.785999999996,,0.0,14402.0068,4650.779199999998,0.0,350.73010000000005,16.121371249999985,0.00375,0.0,1987.3214472453628,0.0,0.6035820341288001,660.9286839096154,1054.8059898302422,0.02,102.93500000000002,1.2682417945625455,0.0,0.0,1.2682417945625455,0.0,1,0,0.9791666666666666,0.5104911392363725,0.0,123.0,0.0,0.0,1.2682417945625455,2,0,0,0.25040562466197946,23,21.402958029790813,0.9351238864918318,22.338081916282643,2.442344371595796,1.2140843983096123,3.6564287699054083,990.1086999999982,1003.536499999998,993.4104999999981,0.0,8,0,453.5253999999991,13881.034900000002,86.6108,1.2682417945625455,1.2682417945625455,0.0,0.0,0.0,0.07609450767375273,0.5,0.25,411.9437999999997,636.3494999999997,3294.0784000000003,87,1026.5097,1082.2572,973.7643,334.0110000000002,0.0,88.46150000000002,0.0,0.0,0.0,3,13340.3357,0.0,0.0,0.0,0.0,496.11389999999966,22.661599999999996,0.015,5.348018217054265,6.061824999999986,NaN,2.0002031250000014,3.735777687095036,20.957282407826657,264.0,258.0,132.0,509.3333333333333,322.00000000000006,51.0,46,0,0,0,6,3.0,512.0,3223.2720000000004,736.5334,3596.6261,188,4,0,32,0.16570745067046766,0.5104911392363725,0.22665692013992267,0,1892.8468000000014,1379.7887000000003,8,2,0.0,0,0,0,0.0,0,0.0,8978.831897766724,0.0,0,0,0,1.5,0,0.0,0,0,0.0,0,0.0,0,0,0.0,5.0,2.0539,1,0.0,0.0,NaN,1280.0,100.0,0.17625093250711085,0,0,0.0,0,0.0,1280.0,0,0.0,0,0,0,0.0,0.0,0.0,0.0,0.0,0.0,0.0,0.0,0,0,0,0,46,0.0,0,6,0.0,0,0.0,1087.212,547.6729999999999,1755.1882349758268,0.0,1755.1882349758268,0.0,0.0,742.5033000000001,4335.2134,0.7472323868110238,96,2779.0993999999996,32,6199.732497766726,1,0.0,4,779.3537,2,10467.907200000001,-14402.0068,22.637210308149953,16.915840413652806,0,8,132,132,11 + fiscal policy and VAT,debt,4,3.637978807091713e-12
13,128,1,4,20699.4283,3.8268000000000004,17921.226999999988,0.0,19460.6376,,0.0,14446.467,5014.170599999998,0.0,363.3914000000001,17.436555624999983,0.00375,0.0,1907.8589877677668,0.0,0.5787144543226935,657.1504620896148,976.2325085118448,0.02,109.53959999999998,1.2936066304537963,0.0,0.0,1.2936066304537963,0.0,1,0,0.9791666666666666,0.531194974223913,0.0,124.0,0.0,0.0,1.2936066304537963,2,0,0,0.25025911748041074,21,22.984180757430156,0.8990217348273908,23.883202492257546,2.5935444708643813,1.083920564180476,3.6774650350448574,1010.0387000000011,995.8480999999967,1007.6011000000011,0.0,9,1,453.5253999999991,13881.034900000002,95.9511,1.2936066304537963,1.2936066304537963,0.0,0.0,0.0,0.07761639782722778,0.5,0.25,505.19819999999976,729.7047000000001,3294.0784000000003,92,965.6560000000001,1164.411,1047.2453,338.74839999999966,0.0,0.0,0.0,0.0,0.0,0,13138.457,0.0,0.0,0.0,0.0,492.2039000000003,45.0917,0.015,5.35138215613383,6.168000000000005,NaN,2.0145078124999993,3.74125367752475,20.328563935591855,264.0,269.0,132.0,512.0,325.0,51.0,46,0,0,3,13,6.0,512.0,3092.4568000000004,755.9446,3710.5159999999996,188,4,0,32,0.1827130793508578,0.531194974223913,0.21891206976802802,2,1810.1048999999991,1439.5218000000004,14,1,0.0,0,0,0,0.0,0,0.0,9204.178497766723,0.0,0,0,0,1.5,0,0.0,0,0,0.0,0,0.0,0,0,0.0,8.0,2.0539,1,0.0,0.0,NaN,1280.0,100.0,0.21198453927794417,0,0,0.0,0,0.0,1280.0,0,0.0,0,0,0,0.0,0.0,0.0,0.0,0.0,0.0,0.0,0.0,0,0,0,0,46,0.0,0,6,0.0,0,0.0,598.2692999999999,199.24079999999998,1772.443230169545,0.0,1772.443230169545,0.0,0.0,663.8095000000001,4468.514499999999,0.7518602946164494,96,2670.926000000001,32,6533.252497766727,1,0.0,4,798.7355000000002,2,10355.9585,-14446.467,23.99544292663895,16.915840413652806,0,8,132,132,11 + fiscal policy and VAT,debt,4,3.637978807091713e-12
14,128,1,4,20421.985500000003,4.4646,17732.976699999996,0.0,19848.734399999998,,0.0,14298.9027,5549.831699999997,0.0,535.6611000000001,18.798872374999977,0.00375,0.0,1920.611665647477,0.0,0.5548714188045984,634.8201115188394,969.8286270983181,0.02,108.20849999999997,1.3194787630628724,0.0,0.0,1.3194787630628724,0.0,1,0,0.9791666666666666,0.5556045607077504,0.0,121.0,0.0,0.0,1.3194787630628724,2,0,0,0.2502795128277754,21,25.747475121980496,0.8064631121037767,26.55393823408427,2.4791503170866016,1.0547368577537344,3.533887174840336,991.1246999999993,1007.6011000000012,991.1246999999993,0.0,9,1,453.5253999999991,13881.034900000002,92.0162,1.3194787630628724,1.3194787630628724,0.0,0.0,0.0,0.07916872578377233,0.5,0.25,597.1360999999998,821.737,3294.0784000000003,92,899.8634,1176.6684000000002,899.8634,337.75959999999975,0.0,0.0,0.0,0.0,0.0,1,12890.0812,0.0,0.0,0.0,0.0,470.4453000000003,0.0,0.015,5.3828223938223925,6.083224999999994,NaN,2.022140625000001,3.879356594707415,19.7187070175241,264.0,259.0,132.0,508.0,326.0,51.0,44,0,0,1,7,3.0,512.0,3002.8256000000006,785.7445,3741.2803,188,4,0,32,0.18761663077436186,0.5556045607077504,0.2537912548757262,0,1906.792800000001,1394.1509999999996,7,0,0.0,0,0,0,0.0,0,0.0,9617.192897766723,0.0,0,0,0,1.5,0,0.0,0,0,0.0,0,0.0,0,0,0.0,9.0,2.0539,1,0.0,0.0,NaN,1280.0,100.0,0.22445723459044417,0,0,0.0,0,0.0,1280.0,0,0.0,0,0,0,0.0,0.0,0.0,0.0,0.0,0.0,0.0,0.0,0,0,0,0,44,0.0,0,6,0.0,0,0.0,598.2692999999999,195.55110000000002,1775.2811556427719,0.0,1775.2811556427719,0.0,0.0,663.961,4529.0787,0.7557870146811208,96,2580.0505000000003,32,7037.142397766727,1,0.0,4,837.1521,2,10196.196200000002,-14298.9027,25.43516950223729,16.915840413652806,0,8,132,132,11 + fiscal policy and VAT,debt,4,3.637978807091713e-12
15,128,1,4,20223.8453,5.1024,17622.735999999994,0.0,20258.9511,,0.0,14304.021,5954.930099999996,0.0,576.1887,20.80721112499998,0.00375,0.0,1945.534086915141,0.0,0.532010716349849,657.2283850706583,991.0549662767605,0.02,115.36370000000001,1.3458683383241299,0.0,0.0,1.3458683383241299,0.0,1,0,0.9791666666666666,0.5785571847035211,0.0,120.0,0.0,0.0,1.3458683383241299,2,0,0,0.25009468501451837,21,28.244931912424843,0.7154403730574821,28.96037228548233,3.000367645862002,0.9992312994680028,3.9995989453300047,997.5782000000011,988.4481000000006,1000.2548000000011,0.0,9,1,453.5253999999991,13881.034900000002,102.6945,1.3458683383241299,1.3458683383241299,0.0,0.0,0.0,0.0807521002994478,0.5,0.25,687.781,912.4699000000002,3294.0784000000003,94,1019.3062,1216.8086,1046.4908,339.31660000000016,0.0,0.0,0.0,0.0,0.0,3,12595.73,0.0,0.0,0.0,0.0,492.53130000000016,24.508,0.015,5.451064044943821,6.133096946564894,1.7557,2.0251181102362197,4.024763151027222,19.127145806998374,262.0,267.0,131.0,510.6666666666667,324.0,51.0,46,0,0,0,11,3.0,512.0,3009.579599999999,811.6729,3804.8089,188,4,0,32,0.21856885395637993,0.5785571847035211,0.24463088847950964,6,1899.297599999999,1455.4341000000002,15,4,1.0,0,0,0,0.0,0,0.0,9954.378097766725,0.0,0,0,0,1.5,0,0.0,0,0,0.0,0,0.0,0,0,1.7557,9.0,2.0539,1,0.0,0.0,NaN,1280.0,100.0,0.24996258615294417,0,0,0.0,0,0.0,1280.0,0,0.0,0,0,0,0.0,0.0,0.0,0.0,0.0,0.0,0.0,0.0,0,0,0,0,46,0.0,0,6,0.0,0,0.0,598.2692999999999,191.86139999999997,1720.7899021221267,0.0,1720.7899021221267,0.0,0.0,696.1604000000001,4618.535699999999,0.7602411610763329,96,2490.9464999999996,32,7463.431597766726,1,0.0,4,920.6954000000001,2,9989.165499999997,-14304.021,26.96127967237153,16.915840413652806,0,8,131,131,11 + fiscal policy and VAT,debt,4,3.637978807091713e-12
16,128,1,4,20061.401599999994,5.7402,17547.609400000005,0.0,20643.75499999999,,0.0,14328.3995,6315.355499999992,0.0,616.3953,22.32649937499998,0.00375,0.0,1981.1098399848956,0.0,0.5100918748362352,641.335227546195,1006.5648433232637,0.02,118.3714,1.3727857050906125,0.0,0.0,1.3727857050906125,0.0,1,0,0.9791666666666666,0.6007501561634931,0.0,117.0,0.0,0.0,1.3727857050906125,2,0,0,0.2505325443786982,21,30.85869048265218,0.6182970692122292,31.476987551864408,3.449394297285864,1.011606307276032,4.461000604561896,1039.0688999999982,995.0078000000005,1044.3158999999982,0.0,9,1,453.5253999999991,13881.034900000002,102.2673,1.3727857050906125,1.3727857050906125,0.0,0.0,0.0,0.08236714230543675,0.5,0.25,777.8434999999996,1002.6144,3294.0784000000003,98,1105.3855,1267.1914000000006,1180.4958000000001,350.38149999999933,0.0,0.0,0.0,0.0,0.0,3,12258.5654,0.0,0.0,0.0,0.0,475.1723000000002,45.3553,0.015,5.589090000000001,6.3625135338345755,1.8149571428571427,2.031199999999999,4.181462638618711,18.553331432788422,266.0,260.0,133.0,512.0,330.0,51.0,44,0,0,1,8,0.0,512.0,3085.7144999999987,822.1859,3892.8819,188,4,0,32,0.2454753664528102,0.6007501561634931,0.2714523128311388,6,1965.206700000001,1453.1634000000001,10,2,7.0,0,0,0,0.0,0,0.0,10347.040397766732,0.0,0,0,0,1.5,0,0.0,0,0,0.0,0,0.0,0,0,12.704699999999999,11.0,2.0539,1,0.0,0.0,NaN,1280.0,100.0,0.27665660959044414,0,0,0.0,0,0.0,1280.0,0,0.0,0,0,0,0.0,0.0,0.0,0.0,0.0,0.0,0.0,0.0,0,0,0,0,44,0.0,0,6,0.0,0,0.0,598.2692999999999,188.1717,1882.5842861672663,0.0,1882.5842861672663,0.0,0.0,740.6912,4717.1217,0.763946527669171,96,2390.8298000000004,32,7956.210597766729,1,0.0,4,957.6156000000001,2,9738.739000000001,-14328.3995,28.578956452713822,16.915840413652806,0,8,133,133,11 + fiscal policy and VAT,debt,4,3.637978807091713e-12
17,128,1,4,19700.77340000001,6.378,17276.186599999997,0.0,21021.081299999998,,0.0,14220.1885,6800.892799999997,0.0,731.3323999999999,23.67777699999997,0.00375,0.0,1985.3263418406727,0.0,0.4890760895929823,657.5723114511645,1004.6294195604487,0.02,131.22219999999987,1.4002414191924248,0.0,0.0,1.4002414191924248,0.0,1,0,0.9791666666666666,0.624148617684025,0.0,122.0,0.0,0.0,1.4002414191924248,2,0,0,0.25037037037037035,23,32.62781840132306,0.5274458467643762,33.155264248087434,2.8370044277195534,1.0046034740484102,3.8416079017679636,1073.5983000000022,1048.1994999999959,1069.714700000002,0.0,10,2,453.5253999999991,13881.034900000002,119.2147,1.4002414191924248,1.4002414191924248,0.0,0.0,0.0,0.08401448515154548,0.5,0.25,869.7942999999999,1094.6408000000001,3294.0784000000003,102,1034.3032,1394.2936000000002,1118.2893,375.5705999999993,0.0,0.0,0.0,0.0,0.0,2,11878.0663,0.0,0.0,0.0,0.0,487.80860000000024,70.1519,0.015,5.826331481481483,6.554300000000011,1.8208999999999995,2.086967187499999,4.388437458456882,17.99673148980477,264.0,270.0,132.0,510.6666666666667,331.0,51.0,45,0,0,2,11,5.0,512.0,2916.3133999999986,855.7347,4048.6051000000007,188,4,0,32,0.2324222316949882,0.624148617684025,0.2833821545317601,4,2051.1379000000006,1573.1095000000003,12,1,11.0,0,0,0,0.0,0,0.0,10602.23589776673,0.0,0,0,0,1.5,0,0.0,0,0,0.0,0,0.0,0,0,20.029899999999994,14.0,2.0539,1,0.0,0.0,NaN,1280.0,100.0,0.3242660627154442,0,0,0.0,0,0.0,1280.0,0,0.0,0,0,0,0.0,0.0,0.0,0.0,0.0,0.0,0.0,0.0,0,0,0,0,45,0.0,0,6,0.0,0,0.0,639.6768,289.1843,1904.8567000064957,0.0,1904.8567000064957,0.0,0.0,752.7528,4906.3937000000005,0.7701466792502143,96,2247.434399999999,32,8354.80149776673,1,0.0,4,1005.3407,2,9446.866300000002,-14220.1885,30.293693839876653,16.915840413652806,0,8,132,132,11 + fiscal policy and VAT,debt,4,3.637978807091713e-12
18,128,1,4,19360.729199999987,7.0158000000000005,17022.472600000005,0.0,21414.4234,,0.0,14051.0763,7363.347099999997,0.0,738.1481,25.49910037499997,0.00375,0.0,1991.5726106559575,0.0,0.4689261547017515,681.9734523074312,996.0314654373051,0.02,134.01740000000007,1.4282462475762734,0.0,0.0,1.4282462475762734,0.0,1,0,0.9791666666666666,0.6495394865832507,0.0,115.0,0.0,0.0,1.4282462475762734,2,0,0,0.2502795128277754,23,34.61719812578765,0.4090560520665989,35.026254177854256,2.7227114147538307,0.9747431880811661,3.697454602834997,1109.3335999999995,1071.9259000000027,1107.1223999999995,0.0,11,3,453.5253999999991,13881.034900000002,121.6831,1.4282462475762734,1.4282462475762734,0.0,0.0,0.0,0.0856947748545764,0.5,0.25,958.8698999999993,1183.7856,3294.0784000000003,105,1035.8414,1375.2478000000008,1135.8535000000002,385.2361999999998,0.0,0.0,0.0,0.0,0.0,0,11451.781299999999,0.0,0.0,0.0,0.0,505.6071000000001,92.3282,0.015,6.144699613899615,6.827599999999997,1.8481,2.12028125,4.65369797165522,17.456829545110626,264.0,259.0,132.0,509.33333333333337,324.99999999999994,51.0,45,0,0,3,7,4.0,512.0,2842.1872999999996,886.9404,4177.7663,188,4,0,32,0.23995767081615282,0.6495394865832507,0.29867243069988514,5,2136.410600000002,1591.4772000000003,13,6,2.0,0,0,0,0.0,0,0.0,11019.389797766733,0.0,0,0,0,1.5,0,0.0,0,0,0.0,0,0.0,0,0,3.6962,8.0,2.0539,1,0.0,0.0,NaN,1280.0,100.0,0.3592725470904441,0,0,0.0,0,0.0,1280.0,0,0.0,0,0,0,0.0,0.0,0.0,0.0,0.0,0.0,0.0,0.0,0,0,0,0,45,0.0,0,6,0.0,0,0.0,559.7252,283.06300000000005,1936.1461723508203,0.0,1936.1461723508203,0.0,0.0,726.9751,5066.7606,0.776274013568844,96,2116.1276000000003,32,8903.262197766724,1,0.0,4,1052.5751,2,9106.3325,-14051.0763,32.111315470269254,16.915840413652806,0,8,132,132,11 + fiscal policy and VAT,debt,4,3.637978807091713e-12
19,128,1,4,18997.366300000016,7.653600000000001,16744.401699999995,0.0,21836.872,,0.0,13703.9426,8132.929399999999,0.0,878.2189000000001,27.60828049999999,0.00375,0.0,1999.1438466028658,0.0,0.44960639712803935,725.6526232597097,991.3855060685773,0.02,148.81429999999997,1.4568111725277988,0.0,0.0,1.4568111725277988,0.0,2,0,0.9791666666666666,0.6786752286233166,0.0,235.0,0.0,0.0,1.4568111725277988,2,0,0,0.25094675874359545,23,36.3765866859325,0.23332867438164703,36.60991536031415,2.577896560503662,0.8949983724844778,3.47289493298814,1140.1894000000002,1107.1223999999993,1140.1894000000002,0.0,11,3,453.5253999999991,13881.034900000002,143.04510000000002,1.4568111725277988,1.4568111725277988,0.0,0.0,0.0,0.08740867035166792,0.5,0.25,1046.9072999999992,1271.885799999999,3294.0784000000003,105,1061.2175,1423.9426,1061.2175,401.0721999999999,0.0,0.0,0.0,0.0,0.0,0,10981.2052,0.0,0.0,0.0,0.0,540.2538000000001,0.0,0.015,6.47970634328358,7.071265891472868,NaN,2.2184656000000005,4.952747252900492,16.933124658757308,258.0,268.0,129.0,508.0,321.00000000000006,51.0,46,0,0,2,12,6.0,512.0,2704.048300000001,941.3068,4368.752100000001,188,4,0,32,0.2516454295930104,0.6786752286233166,0.32517211196920104,17,2368.3919,1736.5612999999996,15,3,0.0,0,0,0,0.0,0,0.0,11517.96919776672,0.0,0,0,0,1.5,0,0.0,0,0,0.0,0,0.0,0,0,0.0,10.0,2.0539,1,0.0,0.0,NaN,1280.0,100.0,0.3885053595904442,0,0,0.0,0,0.0,1280.0,0,0.0,0,0,0,0.0,0.0,0.0,0.0,0.0,0.0,0.0,0.0,0,0,0,0,46,0.0,0,6,0.0,0,0.0,559.7252,278.8751,1892.290412960796,0.0,1892.290412960796,0.0,0.0,709.2125,5312.1128,0.7839512496068075,96,1903.2418000000002,32,9614.727397766726,1,0.0,4,1137.1616,2,8720.469400000002,-13703.9426,34.03799439848541,16.915840413652806,0,8,129,129,11 + fiscal policy and VAT,debt,4,3.637978807091713e-12
20,128,1,4,18504.930199999984,8.2914,16335.772399999998,0.0,22256.1336,,0.0,13258.0945,8998.0391,0.0,865.1097000000001,30.493676124999983,0.00375,0.0,2014.4721468849089,0.0,0.4310826135663641,753.5937170596803,984.0585145899395,0.02,157.30109999999996,1.485947395978355,0.0,0.0,1.485947395978355,0.0,4,0,0.9791666666666666,0.7053450478735985,0.0,251.0,0.0,0.0,1.485947395978355,2,0,0,0.2511014549803933,23,37.67908116362669,0.044305782751410894,37.7233869463781,1.6944316067887462,0.872218420303478,2.566650027092224,1248.7739999999985,1140.189399999999,1248.7739999999985,0.0,11,3,453.5253999999991,13881.034900000002,145.62709999999998,1.485947395978355,1.485947395978355,0.0,0.0,0.0,0.0891568437587013,0.5,0.25,1133.4594999999993,1358.4948000000002,3294.0784000000003,105,977.3565,1469.154799999999,977.3565,433.3499999999998,0.0,0.0,0.0,0.0,0.0,2,10466.9658,0.0,0.0,0.0,0.0,558.6931000000002,0.0,0.015,6.994582101167318,7.633034586466157,1.9905,2.340296899224805,5.243930498611745,16.425130918994586,266.0,257.0,133.0,509.3333333333333,327.0,51.0,45,0,0,2,6,3.0,512.0,2452.2715999999996,947.2173,4636.4216,188,4,0,32,0.21213498537437658,0.7053450478735985,0.31568826715080234,25,2439.3509,1797.6076000000007,20,14,1.0,0,0,0,0.0,0,0.0,12017.742397766733,0.0,0,0,0,1.5,0,0.0,0,0,0.0,0,0.0,0,0,1.9905,8.0,2.0539,1,0.0,0.0,NaN,1280.0,100.0,0.43405420073627754,0,0,0.0,0,0.0,1280.0,0,0.0,0,0,0,0.0,0.0,0.0,0.0,0.0,0.0,0.0,0.0,0,0,0,0,45,0.0,0,6,0.0,0,0.0,559.7252,273.01869999999997,2192.0683069818792,0.0,2192.0683069818792,0.0,0.0,631.7822,5585.6928,0.7909379702291506,96,1686.234,32,10331.50839776673,1,0.0,4,1137.2087000000001,2,8289.457799999998,-13258.0945,36.08027406239454,16.915840413652806,0,8,133,133,11 + fiscal policy and VAT,debt,4,3.637978807091713e-12
21,128,1,4,18673.769100000016,8.9292,16587.41690000001,0.0,22743.8978,,0.0,12572.8747,10171.023099999999,0.0,1699.6476,33.73779987499999,0.00375,4.412,2057.755526052369,0.0,0.4133220098874299,838.2621320654583,992.605059034913,0.02,169.4140000000001,1.515666343897922,0.0,0.0,1.515666343897922,0.0,8,0,0.9739583333333334,0.7524784206701551,0.0,237.0,1.0,0.0,1.515666343897922,2,0,0,0.25019607843137254,23,430.88430646761987,-0.12732437139913483,430.7569820962207,3.3458429307760085,0.801104658812592,4.1469475895886,1290.6736999999994,1246.5004000000015,1292.9472999999996,0.0,11,3,453.5253999999991,13881.034900000002,158.5695,1.515666343897922,1.515666343897922,0.0,0.0,0.0,0.09093998063387532,0.5,0.25,1219.0104999999983,1444.0961999999997,3294.0784000000003,107,1684.9888,1515.5120999999997,824.3321999999998,454.94369999999947,0.0,0.0,0.0,0.0,0.0,4,9909.7771,0.0,0.0,0.0,0.0,628.5010999999998,1.7377,0.015,7.433620392156862,8.108461240310081,2.3053,2.515016129032256,5.7195198807790835,15.932376991424748,258.0,255.0,129.0,509.33333333333337,313.00000000000006,51.0,48,0,0,2,3,1.0,512.0,2806.6548,944.9552,5005.9161,187,5,0,32,0.29985719676855194,0.7524784206701551,0.3229052978307396,33,2592.9115,1895.5731999999998,10,7,2.0,0,0,0,0.0,0,0.0,185380.28479999994,0.0,0,0,0,1.5,0,0.0,0,0,0.0,0,0.0,0,0,4.6106,2.0,2.0539,1,14.7059,10.294,NaN,1280.0,100.0,0.9837832682291667,0,0,0.0,0,0.0,1280.0,0,0.0,0,0,0,0.0,0.0,0.0,0.0,0.0,0.0,0.0,0.0,0,0,0,0,48,0.0,0,6,0.0,0,0.0,559.7252,271.2768,2129.372382289373,0.0,2129.372382289373,0.0,14.7059,852.7874000000002,5952.925200000001,0.7538781794589688,96,1464.6396000000004,32,183915.6452,1,0.0,4,997.3917999999999,2,7814.4956999999995,-12568.4627,38.24509050613821,936.1188,0,8,129,129,11 + fiscal policy and VAT,debt,4,3.637978807091713e-12
22,128,1,4,18153.968800000006,9.567,16161.937299999996,0.0,23210.7272,,0.0,12073.958,11136.769199999999,0.0,1338.8450000000003,38.13660337499999,0.00375,1.3704,2103.6369647743654,0.0,0.3962931430800678,852.8105678106731,1021.004001516244,0.02,187.32550000000015,1.5459796707758806,0.0,0.0,1.5459796707758806,0.0,11,0,0.9739583333333334,0.7533619177713404,0.0,118.0,0.0,0.0,1.5459796707758806,2,0,0,0.25010062461799915,23,406.2821331563455,-0.3422066881527324,405.93992646819277,2.6191896426409134,0.7400442048550072,3.3592338474959202,1388.7018999999998,1290.075199999999,1391.5739999999998,0.0,11,3,453.5253999999991,13881.034900000002,176.2847,1.5459796707758806,1.5459796707758806,0.0,0.0,0.0,0.09275878024655283,0.5,0.25,1316.0765999999971,1541.2063000000007,3294.0784000000003,110,1091.1756,1610.3380999999993,1138.7386000000001,483.9448,0.0,0.0,0.0,0.0,0.0,6,9310.224400000001,0.0,0.0,0.0,0.0,630.515,44.6909,0.015,7.934130888030886,8.765724999999994,2.4714,2.6948642276422756,6.09992779815738,15.454405681682005,256.0,259.0,128.0,509.33333333333337,320.0,51.0,46,0,0,2,5,1.0,512.0,2678.2430999999983,939.4979,5222.579100000001,187,5,0,32,0.2635723195156363,0.7533619177713404,0.3239012957683587,43,2729.4374999999986,2054.9398999999994,13,8,2.0,0,0,0,0.0,0,0.0,185886.88190000012,0.0,0,0,0,1.5,0,0.0,0,0,0.0,0,0.0,0,0,4.9428,11.0,2.0539,1,4.5681,3.1976,NaN,1280.0,100.0,1.0307706640625003,0,0,0.0,0,0.0,1280.0,0,0.0,0,0,0,0.0,0.0,0.0,0.0,0.0,0.0,0.0,0.0,0,0,0,0,46,0.0,0,6,0.0,0,0.0,559.7252,270.2665,2537.7331467069434,0.0,2537.7331467069434,0.0,4.5681,806.0010000000001,6164.130899999999,0.7552899220148712,96,1236.2249,32,184650.65699999998,1,0.0,4,1105.0345,2,7308.625899999999,-12072.5876,40.53979593650651,936.1188,0,8,128,128,11 + fiscal policy and VAT,debt,4,3.637978807091713e-12
23,128,1,4,17985.974900000016,10.2048,16094.711599999997,0.0,23730.97169999999,,0.0,12011.7151,11719.256599999992,0.0,898.9393999999999,41.75827462499999,0.00375,0.0,2174.757131275282,0.0,0.379965865585169,937.700851012088,1053.7919291835217,0.02,194.985,1.5768992641913981,0.0,0.0,1.5768992641913981,0.0,11,0,0.9739583333333334,0.7548817850681826,0.0,118.0,0.0,0.0,1.5768992641913981,2,0,0,0.25056689342403626,23,383.70127024152885,-0.37571174409828445,383.32555849743056,2.9144329270614238,0.735754572152245,3.650187499213669,1439.5757000000017,1392.4941000000017,1438.6556000000016,0.0,12,4,453.5253999999991,13881.034900000002,176.74949999999998,1.5768992641913981,1.5768992641913981,0.0,0.0,0.0,0.09461395585148388,0.5,0.25,1419.590199999996,1644.7575000000013,3294.0784000000003,115,1657.0486,1824.4046999999966,1752.7576000000001,518.2192999999993,0.0,0.0,0.0,0.0,0.0,2,8662.8281,0.0,0.0,0.0,0.0,701.0832999999997,51.8892,0.015,8.320466269841269,9.086358139534886,2.6522,2.838211290322578,6.563922646869339,14.990773511231543,258.0,252.0,129.0,509.33333333333337,314.00000000000006,51.0,48,1,1,1,0,0.0,511.0,2887.9971,996.9557,5436.1401,187,5,0,32,0.2821911596729958,0.7548817850681826,0.32268307188073164,46,2963.456200000002,2096.7574999999997,12,12,2.0,0,0,1,0.0,0,0.0,186415.57879999996,0.0,0,0,0,1.5,0,0.0,0,0,0.0,0,0.0,0,0,5.3044,3.0,2.0539,1,0.0,0.0,NaN,1280.0,100.0,1.0980856901041667,0,0,0.0,0,0.0,1280.0,0,0.0,0,0,0,0.0,0.0,0.0,0.0,0.0,0.0,0.0,0.0,0,0,0,0,48,0.0,0,6,0.0,0,0.0,720.0057999999999,176.7524,2776.3417970547875,0.0,2776.3417970547875,0.0,0.0,784.9792000000001,6435.1497,0.7574621286260581,96,1028.8781000000001,32,185386.7007,1,0.0,4,1127.6011999999998,2,6761.36,-12011.7151,42.9721836926969,936.1188,0,8,129,129,11 + fiscal policy and VAT,debt,4,3.637978807091713e-12
24,128,1,4,17328.943599999995,10.8426,15469.763600000004,0.0,24306.308199999996,,0.0,11118.0598,13188.248399999995,0.0,1819.7218999999998,43.942274000000005,0.00375,0.0424,2262.113911182491,0.0,0.36431127192306,1010.3558035384511,1094.9276407883276,0.02,217.16439999999992,1.6084372494752261,0.0,0.0,1.6084372494752261,0.0,29,0,0.96875,0.7575414608514874,0.0,120.0,0.0,0.0,1.6084372494752261,2,0,0,0.25010062461799915,23,366.10053697013313,-0.9547777607898057,365.14575920934334,3.4777091331221226,0.00989959313551813,3.487608726257641,1540.4014000000009,1439.8993000000037,1539.157700000001,0.0,13,5,453.5253999999991,13881.034900000002,204.8493,1.6084372494752261,1.6084372494752261,0.0,0.0,0.0,0.09650623496851357,0.5,0.25,1454.4188999999974,1741.9695000000045,3294.0784000000003,120,1083.5812999999996,1739.9747999999997,1897.8462,539.0670999999999,0.0,62.351700000000015,0.0,0.0,0.0,17,7964.4984,0.0,0.0,0.0,0.0,762.8600999999998,953.1961000000009,0.015,8.819052895752897,9.804257480314956,2.78295,2.9910206611570236,6.98934446387615,14.541050305894595,254.0,259.0,127.0,509.6666666666667,311.0,51.0,49,1,0,1,2,2.0,511.0,2505.487299999999,1044.5451,5812.3165,186,6,0,32,0.40156533590042565,0.7575414608514874,0.49649566565603775,59,2314.992200000002,2284.1347,12,10,4.0,0,0,1,0.0,0,0.0,186293.4756,0.0,0,0,0,1.5,0,0.0,0,0,0.0,0,0.0,0,0,11.1318,4.0,2.0539,1,0.142,0.0996,NaN,1280.0,100.0,1.2782077604166668,0,0,0.0,0,0.0,1280.0,0,0.0,0,0,0,0.0,0.0,0.0,0.0,0.0,0.0,0.0,0.0,0,0,0,0,49,0.0,0,6,0.0,0,0.0,563.1702999999999,281.0319,2766.0993259577563,0.0,2766.0993259577563,0.0,0.142,864.3961999999999,6858.9155,0.7608496521665706,96,1081.5721999999996,32,185211.90339999995,1,0.0,4,1107.9074,2,6094.475799999999,-11118.0174,45.55051471425872,936.1188,0,8,127,127,11 + fiscal policy and VAT,debt,4,3.637978807091713e-12
25,128,1,4,16800.09749999999,11.4804,15034.8762,0.0,24936.424499999994,,0.0,10279.407,14657.017499999994,0.0,1832.1605,49.45151287500001,0.00375,0.0,2367.376107363739,0.0,0.3493016475198299,1078.1992468146075,1147.2550549091595,0.02,205.29240000000007,1.6406059944647307,0.0,0.0,1.6406059944647307,0.0,34,7,0.9635416666666666,0.7573889571453003,0.0,110.0,0.0,0.0,1.6406059944647307,2,0,0,0.2595841209829868,23,346.97932742657076,-1.0625774710558544,345.9167499555149,4.629916319329556,0.000815105842252446,4.630731425171809,1585.6105000000014,1539.1576999999966,1585.6105000000014,0.0,13,5,453.5253999999991,13881.034900000002,187.92770000000002,1.6406059944647307,1.6406059944647307,0.0,0.0,0.0,0.09843635966788383,0.5,0.25,1551.122999999998,1838.6988000000038,3294.0784000000003,121,1297.2056999999995,1825.4139999999968,2095.0538999999994,553.0865999999994,0.0,0.0,0.0,0.0,0.0,16,7245.4846,0.0,0.0,0.0,0.0,816.5245,942.6185000000003,0.015,9.223526956521741,10.210625000000006,2.9163,3.153305785123965,7.299159209325321,14.104818796717758,256.0,230.0,128.0,510.0,310.0,51.0,49,12,12,2,2,0.0,500.0,3441.7955000000015,215.8918,5894.871700000001,185,7,0,32,0.433173190644607,0.7573889571453003,0.44907798094663165,58,3326.8920000000007,2121.4112000000005,20,18,2.0,0,0,12,0.0,0,0.0,187420.6007000001,0.0,0,0,0,1.5,0,0.0,0,0,0.0,0,0.0,0,0,5.8326,1.0,2.0539,1,0.0,0.0,NaN,1280.0,100.0,1.2974096484375004,0,0,0.0,0,0.0,1280.0,0,0.0,0,0,0,0.0,0.0,0.0,0.0,0.0,0.0,0.0,0.0,0,0,0,0,49,0.0,0,6,0.0,0,0.0,563.1702999999999,282.23060000000004,4189.353987973752,0.0,4189.353987973752,0.0,0.0,1163.8700000000003,6112.817400000001,0.761579801681983,96,1627.6676000000004,32,185792.93310000002,1,0.0,4,1088.5256000000002,2,5468.7829,-10279.407,48.28354559711424,936.1188,0,8,128,128,11 + fiscal policy and VAT,debt,4,3.637978807091713e-12
26,128,1,4,16508.713299999992,12.118199999999998,14842.112299999999,0.0,25610.31609999999,,0.0,9855.5342,15754.78189999999,0.0,1633.4255,54.95942000000001,0.00375,0.2144,2489.8836437806476,0.0,0.3349104196420129,1124.8502571864738,1210.5406708537655,0.02,224.53590000000003,1.6734181143540252,0.0,0.0,1.6734181143540252,0.0,27,0,0.9583333333333334,0.755595975287088,0.0,105.0,0.0,0.0,1.6734181143540252,2,0,0,0.2501201730491909,23,331.42504394824897,-0.7497661679894243,330.67527778025953,4.280548848441438,0.5402734709365595,4.820822319377997,1552.7272999999989,1585.6104999999995,1552.7272999999989,0.0,13,5,453.5253999999991,13881.034900000002,209.541,1.6734181143540252,1.6734181143540252,0.0,0.0,0.0,0.10040508686124151,0.5,0.25,1652.4886999999983,1940.0833000000027,3294.0784000000003,122,1607.1633000000002,1897.9096999999974,2346.0647,557.5348999999997,0.0,0.0,0.0,0.0,0.0,7,6483.3760999999995,0.0,0.0,0.0,0.0,857.1798999999996,890.2022000000007,0.015,9.547587341772148,10.741734188034185,3.042716666666667,3.2725073394495428,7.751820834675669,13.681674232816226,234.0,237.0,117.0,497.3333333333333,300.0,50.0,49,15,11,5,5,3.0,497.0,3991.9841999999994,220.758,5810.3267,184,8,0,32,0.35821311695697555,0.755595975287088,0.4018598181825448,44,3451.307800000001,2262.7781999999993,13,8,6.0,0,0,15,0.0,0,0.0,187668.5002999999,0.0,0,0,0,1.5,0,0.0,0,0,0.0,0,0.0,0,0,18.256300000000003,14.0,2.0539,1,0.7139,0.49960000000000004,NaN,1280.0,100.0,1.4033169921874997,0,0,0.0,0,0.0,1280.0,0,0.0,0,0,0,0.0,0.0,0.0,0.0,0.0,0.0,0.0,0.0,0,0,0,0,49,0.0,0,6,0.0,0,0.0,563.1702999999999,277.6413,4094.6011260546666,0.0,4094.6011260546666,0.0,0.7139,1053.6886000000002,6033.138599999999,0.7601355218233632,96,2619.9007000000024,32,185048.59960000002,1,0.0,4,1364.423,2,4804.6569,-9855.3198,51.1805583329411,936.1188,0,8,117,117,11 + fiscal policy and VAT,debt,4,3.637978807091713e-12
27,128,1,4,16527.649699999998,12.756,14962.160699999995,0.0,26416.504999999997,,0.0,9297.6616,17118.843399999998,0.0,1940.2502,59.07616575000004,0.00375,1.6032,2613.559781965424,0.0,0.32111211035276194,1151.9329378097652,1282.8472296436164,0.02,253.98889999999983,1.7068864766411058,0.0,0.0,1.7068864766411058,0.0,26,0,0.9583333333333334,0.7562910753075669,0.0,115.0,0.0,0.0,1.7068864766411058,2,0,0,0.2525281850292737,23,324.21526555106203,-0.7845348899657275,323.4307306610963,4.731210973307062,0.7599954645270888,5.49120643783415,1656.5343,1402.0897999999997,1807.1717999999996,0.0,13,5,453.5253999999991,13881.034900000002,250.1633,1.7068864766411058,1.7068864766411058,0.0,0.0,0.0,0.10241318859846635,0.5,0.25,1756.3461,2043.9531000000036,3294.0784000000003,126,1950.2517,1930.6774999999984,2348.0199000000002,455.49180000000007,0.0,0.0,0.0,0.0,0.0,4,5670.9726,0.0,0.0,0.0,0.0,881.0163999999994,55.2909,0.015,10.106838152610441,11.291905982905977,3.2609,3.4141954128440353,8.117624040009005,13.271224005831735,234.0,249.0,117.0,491.6666666666667,297.0,49.0,48,7,3,5,6,1.0,505.0,4337.494999999999,214.4306,6301.0944,184,8,0,32,0.3693714736991054,0.7562910753075669,0.41326579856795886,44,4359.198500000001,2516.6027,11,5,4.0,0,0,7,0.0,0,0.0,189268.97609999988,0.0,0,0,0,1.5,0,0.0,0,0,0.0,0,0.0,0,0,13.0436,12.0,2.0539,1,5.344900000000001,3.741600000000001,NaN,1280.0,100.0,1.3981136328124997,0,0,0.0,0,0.0,1280.0,0,0.0,0,0,0,0.0,0.0,0.0,0.0,0.0,0.0,0.0,0.0,0,0,0,0,48,0.0,0,6,0.0,0,0.0,563.1702999999999,275.7562,4170.36802614203,0.0,4170.36802614203,0.0,5.344900000000001,1551.4377999999997,6517.5788999999995,0.7644504839140134,96,3232.4532000000013,32,186036.52289999998,1,0.0,4,1320.0006,2,4092.727600000001,-9296.0584,54.25139183291756,936.1188,0,8,117,117,11 + fiscal policy and VAT,debt,4,3.637978807091713e-12
28,128,1,4,16730.885699999988,13.393799999999999,14538.742199999991,0.0,26873.6231,,0.0,8593.0386,18280.5845,0.0,1778.1363999999999,64.19091050000003,0.00375,0.0,2742.0005909505476,0.0,0.30788229140622814,1155.0984634866884,1330.9521106336988,0.02,273.23649999999986,1.741024206173928,0.0,0.0,1.741024206173928,0.0,38,4,0.9583333333333334,0.7597095707486623,0.0,116.0,0.0,0.0,1.741024206173928,2,0,0,0.25004365010079205,23,309.0043161254961,-1.310731387993822,307.6935847375022,3.521316215767331,0.1505835013821793,3.67189971714951,1828.2666999999983,1799.152900000001,1836.2855999999983,0.0,13,5,453.5253999999991,13881.034900000002,255.03809999999996,1.741024206173928,1.741024206173928,0.0,0.0,0.0,0.10446145237043568,0.5,0.25,1132.4362,2152.5786000000016,3294.0784000000003,131,1503.5598999999997,1299.6861,1521.7638,807.0621999999985,0.0,0.0,0.0,0.0,0.0,25,5539.8873,0.0,0.0,0.0,0.0,863.0970000000001,988.3836000000001,0.015,10.588937450199197,11.834167199999985,3.3845000000000005,3.559746153846157,8.469111108844743,12.873087285656785,250.0,251.0,125.0,499.6666666666667,318.0,50.0,45,4,2,3,4,0.0,508.0,3304.435199999999,1124.9901,6759.519200000001,184,8,0,32,0.3407901172869119,0.7597095707486623,0.45492268699081095,59,2889.887999999999,2657.823299999998,15,11,3.0,0,0,4,0.0,0,0.0,189245.4551,0.0,0,0,0,1.5,0,0.0,0,0,0.0,0,0.0,0,0,10.153500000000001,16.0,2.0539,1,0.0,0.0,NaN,1280.0,100.0,1.5643769531250002,0,0,0.0,0,0.0,1280.0,0,0.0,0,0,0,0.0,0.0,0.0,0.0,0.0,0.0,0.0,0.0,0,0,0,0,45,0.0,0,6,0.0,0,0.0,563.1702999999999,277.781,4106.088807333441,0.0,4106.088807333441,0.0,0.0,1072.3683,7886.5632,0.7739440815259919,96,3494.3431000000005,32,185751.11199999996,1,0.0,4,1283.0803999999998,2,3334.349999999999,-8593.0386,57.50647534289262,936.1188,0,8,125,125,11 + fiscal policy and VAT,debt,4,3.637978807091713e-12
29,128,1,4,17403.755799999988,14.031600000000001,14897.37,0.0,27610.650099999984,,0.0,8937.0698,18673.580299999987,0.0,1124.3282000000002,68.54765300000001,0.00375,0.0,2900.587781554014,0.0,0.2951975410002915,1291.9210738650295,1412.4400543693428,0.02,268.71779999999984,1.7758446902974065,0.0,0.0,1.7758446902974065,0.0,37,0,0.9583333333333334,0.7574606521821821,0.0,111.0,0.0,0.0,1.7758446902974065,2,0,0,0.2551683833735116,23,296.04702979053474,-0.8111284538163824,295.23590133671837,4.572689498322818,0.7352491908582607,5.307938689181079,1888.6849000000004,1836.8859999999986,1888.0845000000004,0.0,14,6,453.5253999999991,13881.034900000002,239.9656,1.7758446902974065,1.7758446902974065,0.0,0.0,0.0,0.10655068141784439,0.5,0.25,817.5560999999989,2270.499900000005,3294.0784000000003,136,2151.3557,1477.8478000000014,1892.4301,666.4128000000001,0.0,0.0,0.0,0.0,0.0,0,5410.112,0.0,0.0,0.0,0.0,986.6274,147.42339999999996,0.015,10.961242735042731,12.3817126984127,3.7401,3.6996288135593245,7.6807150960772095,12.48689466708708,252.0,234.0,126.0,504.6666666666667,306.0,50.0,49,13,12,2,3,1.0,498.0,4568.588900000002,452.1703,6970.8306999999995,184,8,0,32,0.36594951140848964,0.7574606521821821,0.3355720909527016,54,4485.739200000002,2564.930799999999,15,12,2.0,0,0,13,0.0,0,0.0,190787.20269999988,0.0,0,0,0,1.5,0,0.0,0,0,0.0,0,0.0,0,0,7.4802,2.0,2.0539,1,0.0,0.0,NaN,1280.0,100.0,1.5236246223958334,0,0,0.0,0,0.0,1280.0,0,0.0,0,0,0,0.0,0.0,0.0,0.0,0.0,0.0,0.0,0.0,0,0,0,0,49,0.0,0,6,0.0,0,0.0,684.4165999999999,209.0957,4847.307012693536,0.0,4847.307012693536,0.0,0.0,1366.4210999999998,7425.0549,0.7749479843313984,96,4191.473299999999,32,186595.72939999995,1,0.0,4,1235.3552999999997,2,2889.6946000000007,-8937.0698,60.95686386346618,936.1188,0,8,126,126,11 + fiscal policy and VAT,debt,4,3.637978807091713e-12
30,128,1,4,17217.65,14.6694,14569.300400000006,0.0,28364.271299999993,,0.0,8265.4334,20098.83789999999,0.0,2163.4057000000003,70.02142350000003,0.00375,0.5132,3051.61537245441,0.0,0.2830354023110795,1286.0838159090165,1491.0830566362738,0.02,287.56669999999997,1.8113615841033548,0.0,0.0,1.8113615841033548,0.0,47,2,0.9583333333333334,0.7591189880776188,0.0,112.0,0.0,0.0,1.8113615841033548,2,0,0,0.2511421660843859,23,286.62108771121626,-1.076948352758679,285.5441393584576,3.837956174100292,0.2874214384263311,4.1253776125266235,1789.1369999999986,1888.0844999999981,1789.1369999999986,0.0,14,6,453.5253999999991,13881.034900000002,269.0963,1.8113615841033548,1.8113615841033548,0.0,0.0,0.0,0.10868169504620129,0.5,0.25,674.9544999999983,2387.273900000002,3294.0784000000003,137,1125.5775,1311.0454999999984,1291.135,647.6881,0.0,0.0,0.0,0.0,0.0,10,5264.504,0.0,0.0,0.0,0.0,976.9928000000001,605.8639999999999,0.015,10.943947950819673,12.272861538461532,3.568825,3.870847706422016,7.379846139636064,12.112287827074468,234.0,244.0,117.0,495.6666666666667,297.0,49.0,48,3,1,10,1,0.0,508.0,3817.2328000000007,1398.3834,6734.9627,184,8,0,32,0.362880226924462,0.7591189880776188,0.31038181461683,68,3016.5535000000013,2670.3233000000005,13,12,8.0,0,0,3,0.0,0,0.0,190844.9736999999,0.0,0,0,0,1.5,0,0.0,0,0,0.0,0,0.0,0,0,28.5506,12.0,2.0539,1,1.7101000000000002,1.1968,NaN,1280.0,100.0,1.589304596354167,0,0,0.0,0,0.0,1280.0,0,0.0,0,0,0,0.0,0.0,0.0,0.0,0.0,0.0,0.0,0.0,0,0,0,0,48,0.0,0,6,0.0,0,0.0,684.4165999999999,200.4634,3192.909973861825,0.0,3192.909973861825,0.0,1.7101000000000002,974.4538000000001,8135.4,0.7773871442111113,96,4177.454000000001,32,186667.51969999995,1,0.0,4,1713.8419000000001,2,2601.4850000000006,-8264.9202,64.61427569527416,936.1188,0,8,117,117,11 + fiscal policy and VAT,debt,4,3.637978807091713e-12
31,128,1,4,16685.41010000001,15.307200000000002,13979.174200000003,0.0,29180.732199999995,,0.0,7523.4087,21657.323499999995,0.0,2436.7045,75.36574712500003,0.00375,1.0292,3210.778975402577,0.0,0.271374343735863,1362.307035052378,1575.1877586017183,0.02,281.8467,1.847588815785422,0.0,0.0,1.847588815785422,0.0,55,4,0.953125,0.760114921932274,0.0,107.0,0.0,0.0,1.847588815785422,2,0,0,0.3219405409222512,23,287.914882159083,-1.4391610702949484,286.4757210887881,5.111297433823547,0.030110424917750307,5.141407858741298,1895.521999999996,1788.567899999999,1896.0910999999962,0.0,14,6,453.5253999999991,13881.034900000002,307.0197,1.847588815785422,1.847588815785422,0.0,0.0,0.0,0.11085532894712531,0.5,0.25,616.4303999999987,2497.8268000000035,3294.0784000000003,140,765.1610999999999,1296.7631999999978,2181.2142,663.0606000000013,0.0,0.0,0.0,0.0,0.0,33,5099.1637,0.0,0.0,0.0,0.0,1048.0051999999996,1141.6761000000004,0.015,10.835737815126041,12.34117868852457,3.60375,3.9569389380531,7.227150917635162,11.748919192262235,244.0,238.0,122.0,495.66666666666674,298.0,50.0,49,7,6,10,4,0.0,504.0,4153.2665,663.7293,6766.1675000000005,183,9,0,32,0.4527193300366712,0.760114921932274,0.39949550411620205,68,3002.5979000000016,2578.905599999998,13,9,4.0,0,0,7,0.0,0,0.0,191470.4903,0.0,0,0,0,1.5,0,0.0,0,0,0.0,0,0.0,0,0,14.415,2.0,2.0539,1,3.431,2.402,NaN,1280.0,100.0,1.6212236458333338,0,0,0.0,0,0.0,1280.0,0,0.0,0,0,0,0.0,0.0,0.0,0.0,0.0,0.0,0.0,0.0,0,0,0,0,49,0.0,0,6,0.0,0,0.0,684.4165999999999,203.6961,3953.8522065526417,0.0,3953.8522065526417,0.0,3.431,1591.2608000000005,7431.9507,0.7789549923742034,96,4220.094,32,187250.3963,1,0.0,4,1882.3584999999998,2,2377.6205999999993,-7522.3795,68.49113223699061,936.1188,0,8,122,122,11 + fiscal policy and VAT,debt,4,3.637978807091713e-12
32,128,1,4,16365.215600000001,15.945,13643.176999999998,0.0,29983.762300000002,,0.0,7243.2541,22740.5082,0.0,1948.2944,81.21000625000005,0.00375,0.0,3362.326802845153,0.0,0.2601937207739454,1359.7850268299844,1656.4619685634357,0.02,261.5067000000001,1.8845405921011305,0.0,0.0,1.8845405921011305,0.0,50,2,0.9479166666666666,0.7595050123964018,0.0,97.0,0.0,0.0,1.8845405921011305,2,0,0,0.3731167410150661,23,291.91961112377425,-1.6160235685901936,290.30358755518404,6.115480052409118,0.0011205796872786786,6.116600632096396,1846.1553000000006,1893.5817999999967,1848.6646000000007,0.0,14,6,453.5253999999991,13881.034900000002,296.6858,1.8845405921011305,1.8845405921011305,0.0,0.0,0.0,0.11307243552606783,0.5,0.25,599.9898999999991,2603.322100000005,3294.0784000000003,143,1025.6339,1345.1905999999992,1866.6877,674.5588999999997,0.0,0.0,0.0,0.0,0.0,48,4915.267,0.0,0.0,0.0,0.0,1049.1587000000004,1129.8262999999986,0.015,10.683894036697245,12.359710924369756,3.322322222222222,3.9723917431192652,7.0766843778511905,11.396451616494367,238.0,218.0,119.0,491.3333333333334,299.0,50.0,49,18,16,10,2,2.0,492.0,4813.501,190.594,6443.7997,182,10,0,32,0.49826717373955076,0.7595050123964018,0.40857461186280175,57,3506.169999999999,2329.0888999999993,12,10,9.0,0,0,18,0.0,0,0.0,192123.9621,0.0,0,0,0,1.5,0,0.0,0,0,0.0,0,0.0,0,0,29.9009,9.0,2.0539,1,0.0,0.0,NaN,1280.0,100.0,1.6411889192708333,0,0,0.0,0,0.0,1280.0,0,0.0,0,0,0,0.0,0.0,0.0,0.0,0.0,0.0,0.0,0.0,0,0,0,0,49,0.0,0,6,0.0,0,0.0,684.4165999999999,188.5009,4537.299222655883,0.0,4537.299222655883,0.0,0.0,1332.167,6636.4475999999995,0.7784691395377132,96,4685.806,32,187438.15609999996,1,0.0,4,2079.3120999999996,2,2177.283400000001,-7243.2541,72.60060017121005,936.1188,0,8,119,119,11 + fiscal policy and VAT,debt,4,3.637978807091713e-12
33,128,1,4,16532.049899999998,16.5828,13830.203099999997,0.0,30998.183899999993,,0.0,7937.9785,23060.20539999999,0.0,2019.3448,85.27166650000002,0.00375,0.8144,3501.9572268308157,0.0,0.24947373947805884,1396.7838280081078,1745.1335595538771,0.02,265.29800000000006,1.9222314039431532,0.0,0.0,1.9222314039431532,0.0,38,0,0.9479166666666666,0.7562547368170063,0.0,96.0,0.0,0.0,1.9222314039431532,2,0,0,0.3972908093278464,23,296.11695639705033,-1.1609120696872568,294.9560443273631,8.592644908025228,0.3618268037375871,8.954471711762816,1719.9454999999998,1686.0439000000033,1882.5661999999998,0.0,15,7,453.5253999999991,13881.034900000002,313.603,1.9222314039431532,1.9222314039431532,0.0,0.0,0.0,0.11533388423658919,0.5,0.25,619.5438999999989,2719.4782000000055,3294.0784000000003,150,1777.0358,1609.563699999999,2717.9376,504.6704,0.0,0.0,0.0,0.0,0.0,18,4713.993,0.0,0.0,0.0,0.0,1097.1592999999996,828.7707000000001,0.015,10.537931944444445,12.27323853211009,3.1848681818181817,3.891489898989897,6.908383953950765,11.054558067999537,218.0,216.0,109.0,479.6666666666668,285.0,49.0,51,21,21,1,3,2.0,491.0,5741.035600000001,184.6831,5889.4699,182,10,0,32,0.49003687048204303,0.7562547368170063,0.3616550387543165,46,3660.4826000000003,2276.1933,13,10,22.0,0,0,21,0.0,0,0.0,193101.32180000003,0.0,0,0,0,1.5,0,0.0,0,0,0.0,0,0.0,0,0,70.0671,16.0,2.0539,1,2.7143,1.9,NaN,1280.0,100.0,1.6184344791666667,0,0,0.0,0,0.0,1280.0,0,0.0,0,0,0,0.0,0.0,0.0,0.0,0.0,0.0,0.0,0.0,0,0,0,0,51,0.0,0,6,0.0,0,0.0,765.1511999999999,162.4457,4256.651680653989,0.0,4256.651680653989,0.0,2.7143,2597.3208,6076.2069,0.7749149556329484,96,5419.190599999998,32,187682.13120000003,1,0.0,4,2471.3959,2,1995.5634,-7937.1641,76.95663618148265,936.1188,0,8,109,109,11 + fiscal policy and VAT,debt,4,3.637978807091713e-12
34,128,1,4,15904.397899999996,17.220599999999997,13227.302700000002,0.0,32061.12369999999,,0.0,7501.6094,24559.514299999988,0.0,2838.1539000000016,86.47026612500002,0.00375,2.8424,3657.266519714082,0.0,0.2391954214115628,1474.0477393437384,1843.383904809388,0.02,287.66740000000027,1.9606760320220162,0.0,0.0,1.9606760320220162,0.0,44,0,0.9479166666666666,0.7566756642638441,0.0,118.0,0.0,0.0,1.9606760320220162,2,0,0,0.3393055555555556,22,301.4010424266758,-1.3727313932432716,300.02831103343254,6.4509238161938045,0.21849273183771006,6.669416548031514,1698.4773999999995,1564.0175999999976,2017.0259999999998,0.0,16,8,453.5253999999991,13881.034900000002,337.53,1.9606760320220162,1.9606760320220162,0.0,0.0,0.0,0.11764056192132097,0.5,0.25,643.6576999999995,2828.001300000013,3294.0784000000003,155,700.3047000000001,1327.3189000000007,1760.5226,539.3029999999994,0.0,0.0,0.0,0.0,0.0,29,4490.6161,0.0,0.0,0.0,0.0,1179.0115,801.1984,0.015,10.27670916666667,12.01689999999999,3.0895999999999995,3.8376051020408175,6.9081010722795275,10.722921325959552,216.0,240.0,108.0,489.6666666666667,277.0,49.0,55,6,6,7,5,0.0,505.0,5074.971600000003,380.3625,5953.5514,182,10,0,32,0.4599454350271639,0.7566756642638441,0.37610757051612453,46,3410.5319999999983,2466.4102000000007,19,14,9.0,0,0,6,0.0,0,0.0,193766.45290000003,0.0,0,0,0,1.5,0,0.0,0,0,0.0,0,0.0,0,0,27.806399999999996,10.0,2.0539,1,9.4751,6.6328,NaN,1280.0,100.0,1.6711065234374998,0,0,0.0,0,0.0,1280.0,0,0.0,0,0,0,0.0,0.0,0.0,0.0,0.0,0.0,0.0,0.0,0,0,0,0,55,0.0,0,6,0.0,0,0.0,567.2565999999999,157.78369999999998,3670.5642110840845,0.0,3670.5642110840845,0.0,9.4751,1389.9873,6335.9678,0.775219697985341,96,5580.729100000002,32,188185.7238,1,0.0,4,2661.2806,2,1796.300299999999,-7498.767,81.57403435237161,936.1188,0,8,108,108,11 + fiscal policy and VAT,debt,4,3.637978807091713e-12
35,128,1,4,14729.781299999999,17.8584,11570.687899999997,0.0,32906.02199999998,,0.0,7553.8337,25352.188299999983,0.0,1691.6133999999995,92.09238787500003,0.00375,0.0,3744.908153073173,0.0,0.22934057004940642,1288.2673844484498,1898.4329770487818,0.02,299.3220999999999,1.9998895526624565,0.0,0.0,1.9998895526624565,0.0,40,1,0.9479166666666666,0.7569893313957092,0.0,110.0,0.0,0.0,1.9998895526624565,3,0,0,0.3211502284332169,20,309.22667969953926,-1.4414559015615234,307.7852237979777,5.523277390073917,0.22790407008409344,5.751181460158011,1711.7612000000015,1546.640599999998,223.5992,0.0,17,8,963.5450999999972,13881.034900000002,195.1812,1.9998895526624565,1.9998895526624565,0.0,0.0,0.0,0.11999337315974738,0.5,0.25,645.6806999999992,2905.372600000008,3412.5425,160,1249.9354,2423.9141999999974,3689.3987,570.1330999999999,0.0,0.0,0.0,0.0,0.0,15,4246.0515,0.0,0.0,0.0,0.0,995.1413000000002,1133.0682,0.015,10.268734836065574,11.971303305785138,2.9848538461538463,3.7325945945945946,6.781236201523491,10.401233686180763,242.0,244.0,121.0,495.66666666666674,309.0,50.0,47,11,11,0,5,5.0,501.0,4306.461000000001,0.0,6175.214899999999,182,0,10,32,0.4336142727607426,0.7569893313957092,0.33367033408205504,54,3082.943199999997,2505.5713,14,9,13.0,0,0,11,0.0,0,0.0,193728.03660000008,0.0,0,0,0,1.5,0,0.0,0,0,0.0,0,0.0,0,0,38.8031,15.0,2.0539,1,0.0,0.0,NaN,1280.0,100.0,0.6583391276041667,0,0,0.0,0,0.0,1280.0,0,0.0,0,0,0,0.0,0.0,0.0,0.0,0.0,0.0,0.0,0.0,0,0,0,0,47,0.0,0,6,0.0,0,0.0,734.2498,139.5571,1325.742322719655,0.0,1325.742322719655,0.0,0.0,1051.8929,6177.268799999999,0.7542112874994162,96,5543.428100000004,32,188184.6085,1,0.0,4,2690.866,2,10430.287699999999,-7553.8337,86.46847641351391,936.1188,0,9,10,121,11 + fiscal policy and VAT,debt,4,3.637978807091713e-12
36,128,1,4,15518.525700000002,18.4962,13180.749864135129,0.0,33878.63159999998,,0.0,7293.7488,26584.882799999978,0.0,3052.4164000000005,95.064737125,0.00375,0.0008,3833.920297423515,0.0,0.21989173856337085,1366.40438093982,1958.8100066156767,0.02,285.3116000000003,2.0,0.0,0.0,2.0,0.0,43,0,0.9479166666666666,0.7548336268814684,10.0,236.0,11.0,0.0,2.0,3,0,0,0.335909631391201,20,69.20253298156045,-1.1261693675026714,68.07636361405778,8.191589604887563,0.7009975237675642,8.892587128655126,1796.6224000000009,220.22440000000003,1799.997200000001,0.0,17,8,963.5450999999972,13881.034900000002,323.7931,2.0,2.0,0.0,0.0,0.0,0.12,0.5,0.25,601.6756999999997,2987.862700000022,3412.5425,164,1933.2614999999996,1143.8792999999998,3057.7798000000003,526.6367000000004,0.0,70.75329999999995,0.0,0.0,0.0,7,3980.908,0.0,0.0,0.0,0.0,1073.9543,1160.4395999999995,0.015,10.171677155172409,11.8533705882353,2.983166666666666,3.7406513761467886,6.764908168268128,10.08919667559534,238.0,232.0,119.0,501.0,298.0,50.0,51,11,9,5,2,2.0,501.0,5073.329500000001,0.0,6462.2335,182,10,0,32,0.4694806064057637,0.7548336268814684,0.20309306817664807,55,3457.6321999999964,2359.829099999999,9,7,6.0,0,0,11,0.0,0,0.0,39928.78620725953,0.0,0,0,0,1.5,0,0.0,0,0,0.0,0,0.0,0,0,17.898999999999997,8.0,2.0539,1,0.0024,0.0016,NaN,1280.0,100.0,0.5646832161458333,0,0,0.0,0,0.0,1280.0,0,0.0,0,0,0,0.0,0.0,0.0,0.0,0.0,0.0,0.0,0.0,0,0,0,0,51,0.0,0,6,0.0,0,0.0,734.2498,132.3436,4146.577711502124,0.0,4146.577711502124,0.0,0.0024,1689.1510000000003,6464.2874,0.7969348362288136,96,5951.727400000002,32,33977.05880725952,1,0.0,4,3854.1543999999994,2,1624.6359641351382,-7293.7480000000005,91.65658499832475,86.46847641351391,0,9,119,119,11 + fiscal policy and VAT,debt,4,3.637978807091713e-12
37,128,1,4,16326.7014,19.134,14015.182700000005,0.0,34840.05959999998,,0.0,7246.1048,27593.954799999978,0.0,2841.232499999999,99.68672737500002,0.00375,0.0,3906.150351052587,0.0,0.21083219893455998,1367.1194613309,2007.8996840350585,0.02,308.3457999999999,2.0,0.0,0.0,2.0,0.0,32,0,0.9479166666666666,0.7391210981658238,0.0,225.0,0.0,0.0,2.0,3,0,0,0.3039808515998992,20,70.66280336519442,-0.8293859532846294,69.83341741190979,9.502879952685495,0.7907224102991843,10.29360236298468,1759.352000000001,1624.6582000000024,1934.691000000001,0.0,17,8,963.5450999999972,13881.034900000002,327.6701,2.0,2.0,0.0,0.0,0.0,0.12,0.5,0.25,670.5287999999988,3093.1868000000354,3412.5425,168,1979.0346000000002,1170.2211000000036,1141.0079999999998,541.8540999999999,0.0,0.0,0.0,0.0,0.0,4,3761.6788,0.0,0.0,0.0,0.0,1077.8582999999999,33.1787,0.015,10.135736507936505,11.74611880341881,3.06856,3.6968224299065437,6.66377404406843,9.78652077532748,234.0,252.0,117.0,495.00000000000006,290.0,50.0,52,2,2,3,3,2.0,510.0,6121.0779999999995,158.7014,6283.1893,182,10,0,32,0.47668855112204067,0.7391210981658238,0.28207274874265287,36,4456.386899999998,2554.2055999999993,14,11,5.0,0,0,2,0.0,0,0.0,41548.97520725953,0.0,0,0,0,1.5,0,0.0,0,0,0.0,0,0.0,0,0,15.3428,4.0,2.0539,1,0.0,0.0,NaN,1280.0,100.0,0.4471205031425962,0,0,0.0,0,0.0,1280.0,0,0.0,0,0,0,0.0,0.0,0.0,0.0,0.0,0.0,0.0,0.0,0,0,0,0,52,0.0,0,6,0.0,0,0.0,734.2498,125.55839999999999,3859.7015416415566,0.0,3859.7015416415566,0.0,0.0,2092.4115,6443.9446,0.776098655066874,96,6715.2231999999985,32,34833.75200725953,1,0.0,4,4291.2479,2,1431.0261,-7246.1048,97.15598009822423,86.46847641351391,0,9,117,117,11 + fiscal policy and VAT,debt,4,3.637978807091713e-12
38,128,1,4,15833.2839,19.7718,13588.318199999998,0.0,35675.163199999995,,0.0,7158.4581,28516.705099999992,0.0,2556.1757999999986,103.47102025000004,0.00375,4.4104,3940.7558121937395,0.0,0.2021459123384561,1263.2721017510773,2028.2704414624932,0.02,317.8024,2.0,0.0,0.0,2.0,0.0,51,3,0.9479166666666666,0.7595394610531205,0.0,123.0,0.0,0.0,2.0,3,0,0,0.27514792899408286,19,72.18235116590508,-1.4350055815035774,70.7473455844015,6.653075780346196,0.008838490948779958,6.661914271294975,1809.6082999999985,1604.5315000000005,2139.7677999999983,0.0,18,9,963.5450999999972,13881.034900000002,300.8091,2.0,2.0,0.0,0.0,0.0,0.12,0.5,0.25,779.677999999998,3209.5240000000445,3412.5425,174,802.8988,1295.6784999999975,2162.3107,572.2878999999997,0.0,0.0,0.0,0.0,0.0,36,3478.3494,0.0,0.0,0.0,0.0,969.6813999999998,999.3056000000007,0.015,10.022979230769229,11.402024409448813,3.026885714285714,3.7714427350427377,6.667156264199796,9.492925152067656,254.0,260.0,127.0,506.0,316.0,51.0,47,1,1,1,9,0.0,511.0,4320.431600000001,1190.5302,6837.508400000001,182,10,0,32,0.5069522401708662,0.7595394610531205,0.3833975707846149,53,2471.0524999999993,2605.9745999999996,15,6,14.0,0,0,1,0.0,0,0.0,40975.20960725951,0.0,0,0,0,1.5,0,0.0,0,0,0.0,0,0.0,0,0,42.3764,9.0,2.0539,1,14.702,10.292,NaN,1280.0,100.0,0.6944253599134296,0,0,0.0,0,0.0,1280.0,0,0.0,0,0,0,0.0,0.0,0.0,0.0,0.0,0.0,0.0,0.0,0,0,0,0,47,0.0,0,6,0.0,0,0.0,862.5378000000001,112.74969999999999,3243.7039039494007,0.0,3243.7039039494007,0.0,14.702,850.5967,8030.0925,0.7922591445203215,96,5941.035100000002,32,35034.17450725953,1,0.0,4,4013.1818,2,1213.6119,-7154.0477,102.9853389041177,86.46847641351391,0,9,127,127,11 + fiscal policy and VAT,debt,4,3.637978807091713e-12
39,128,1,4,15904.283399999995,20.4096,12941.419700000004,0.0,36022.81809999998,,0.0,8273.5667,27749.251399999983,0.0,1172.7964999999995,106.93136787499999,0.00375,0.1648,3959.0763752557195,0.0,0.1938175007501117,1225.2151900576878,1995.186466837147,0.02,267.07439999999986,2.0,0.0,0.0,2.0,0.0,35,1,0.9427083333333334,0.7554612406243764,0.0,108.0,0.0,0.0,2.0,3,0,0,0.34104543314018965,20,73.64037436915685,-1.688255518683874,71.95211885047298,8.231920219022857,0.014096453587843876,8.246016672610702,1865.1919999999964,2176.296100000015,1828.6636999999967,0.0,20,11,963.5450999999972,13881.034900000002,299.8659,2.0,2.0,0.0,0.0,0.0,0.12,0.5,0.25,839.3591999999989,3281.07300000005,3412.5425,180,3094.367600000001,3022.730299999998,3944.0294000000004,1016.0463999999962,0.0,0.0,0.0,0.0,0.0,38,3880.0325999999995,0.0,0.0,0.0,0.0,935.2807000000003,1145.5058,0.015,9.977509954751136,11.58999230769229,2.941457142857143,3.628827731092437,6.812475228738445,9.208137397505626,260.0,221.0,130.0,509.6666666666667,320.0,51.0,46,17,17,5,3,1.0,495.0,5572.273199999997,0.0,6449.7589,181,11,0,32,0.49751742279299904,0.7554612406243764,0.4263510134571282,39,3321.7081,2205.029700000001,10,7,7.0,0,0,17,0.0,0,0.0,41296.43083084602,0.0,0,0,0,1.5,0,0.0,0,0,0.0,0,0.0,0,0,20.590200000000003,7.0,2.0539,1,0.5497,0.3848,NaN,1280.0,100.0,0.7255865938214394,0,0,0.0,0,0.0,1280.0,0,0.0,0,0,0,0.0,0.0,0.0,0.0,0.0,0.0,0.0,0.0,0,0,0,0,46,0.0,0,6,0.0,0,0.0,2174.9701,88.72680000000001,4811.17886728453,0.0,4811.17886728453,0.0,0.5497,1400.4310999999998,6451.8128,0.7890492669934464,96,5851.169300000001,32,35445.26153084602,1,0.0,4,4120.757599999999,2,896.7592999999999,-8273.401899999999,109.16445923836477,86.46847641351391,0,9,130,130,11 + fiscal policy and VAT,debt,4,3.637978807091713e-12
40,128,1,4,15819.570000000003,21.0474,12956.3324,0.0,36853.1717,,0.0,7505.7866,29347.385099999996,0.0,3376.2700999999993,104.05331262499993,0.00375,0.0,3997.138432883833,0.0,0.18583221971920708,1307.3466939991433,2036.0166385892226,0.02,280.0955999999999,2.0,0.0,0.0,2.0,0.0,24,0,0.9427083333333334,0.738524729919112,0.0,204.0,1.0,0.0,2.0,3,0,0,0.3935065691164199,20,76.13173644302232,-0.7676283226479893,75.36410812037434,8.51870861421957,0.8215677094961572,9.340276323715726,1643.5948999999991,1828.663699999996,1643.5948999999991,0.0,20,11,963.5450999999972,13881.034900000002,338.00820000000004,2.0,2.0,0.0,0.0,0.0,0.12,0.5,0.25,938.3475000000002,3380.0613000000612,3412.5425,181,1193.8198000000002,1277.8953999999972,1244.1325,622.2558000000001,0.0,0.0,0.0,0.0,0.0,1,3462.3328,0.0,0.0,0.0,0.0,1030.4012000000002,0.0,0.015,9.830707488986784,11.324811711711709,2.9302085714285715,3.6397509999999977,6.92048831751629,8.931893275580457,222.0,227.0,111.0,488.3333333333334,289.0,49.0,51,14,14,5,3,2.0,497.0,6329.259500000001,317.8472,5708.0766,181,11,0,33,0.4564531661691624,0.738524729919112,0.33782883615531323,29,4471.175199999998,2231.5706,12,9,35.0,0,0,14,0.0,0,0.0,43200.183730845994,0.0,0,0,0,1.5,0,0.0,0,0,0.0,0,0.0,0,0,102.5573,16.0,2.0539,1,0.0,0.0,NaN,1280.0,100.0,0.5409782604881059,0,0,0.0,0,0.0,1280.0,0,0.0,0,0,0,0.0,0.0,0.0,0.0,0.0,0.0,0.0,0.0,0,0,0,0,51,0.0,0,6,0.0,0,0.0,2174.9701,85.1825,3903.996686234564,0.0,3903.996686234564,0.0,0.0,1338.1123,6027.9777,0.772068838334024,95,6089.763099999998,33,37110.42063084601,1,0.0,4,4783.3888,2,578.0478000000003,-7505.7866,115.71432679266667,86.46847641351391,0,9,111,111,11 + fiscal policy and VAT,debt,4,3.637978807091713e-12
41,128,1,4,14747.664599999995,21.6852,11991.604999999998,0.0,37724.38719999999,,0.0,6778.6602,30945.72699999999,0.0,2722.6701000000003,110.04606712499995,0.00375,0.0728,3997.779217053312,0.0,0.17817593226677572,1294.4842105429418,2044.376986368875,0.02,321.45920000000007,2.0,0.0,0.0,2.0,0.0,34,0,0.9427083333333334,0.7453451366866413,0.0,117.0,0.0,0.0,2.0,3,0,0,0.25843482314550437,20,77.35237749126216,-1.1330583680873427,76.21931912317483,5.945964964696235,0.3945036513745073,6.340468616070742,1671.6656000000016,1485.8302000000028,1829.4303000000027,0.0,20,11,963.5450999999972,13881.034900000002,325.4435,2.0,2.0,0.0,0.0,0.0,0.12,0.5,0.25,1044.8877,3486.6015000000793,3412.5425,185,120.0477,1191.3153000000034,898.0133999999999,570.9237000000003,0.0,0.0,0.0,0.0,0.0,9,2995.307,0.0,0.0,0.0,0.0,1021.9504000000001,620.2009999999999,0.015,9.906969083969472,11.500905309734524,2.971396428571428,3.560999019607845,6.99269835566929,8.663936477313042,226.0,262.0,113.0,490.33333333333337,293.0,49.0,51,1,0,3,7,4.0,511.0,4601.756100000001,1125.622,6022.8528,181,11,0,33,0.4320653914668031,0.7453451366866413,0.33485486122324515,49,2746.5964999999983,2595.6259000000014,19,12,28.0,0,0,1,0.0,0,0.0,43000.814530846,0.0,0,0,0,1.5,0,0.0,0,0,0.0,0,0.0,0,0,83.19909999999999,16.0,2.0539,1,0.2432,0.1704,NaN,1280.0,100.0,0.7055326615297725,0,0,0.0,0,0.0,1280.0,0,0.0,0,0,0,0.0,0.0,0.0,0.0,0.0,0.0,0.0,0.0,0,0,0,0,51,0.0,0,6,0.0,0,0.0,2174.9701,81.6893,2948.9218752442584,0.0,2948.9218752442584,0.0,0.2432,1273.0465,7150.5287,0.7785036683519153,95,6096.638200000002,33,36904.17633084602,1,0.0,4,4949.9707,2,217.5622000000012,-6778.5874,122.65718640022668,86.46847641351391,0,9,113,113,11 + fiscal policy and VAT,debt,4,3.637978807091713e-12
42,128,1,4,15218.525099999997,22.323,12564.170700000004,0.0,38257.11529999999,,0.0,7212.4546,31044.660699999993,0.0,2262.3394000000003,116.04061824999997,0.00375,1.2608,3977.333665591157,0.0,0.17083508385738458,1204.3016100603977,2015.7662020607718,0.02,293.70040000000006,2.0,0.0,0.0,2.0,0.0,31,0,0.9427083333333334,0.7370342642133576,0.0,115.0,0.0,0.0,2.0,3,0,0,0.28638754183457416,20,77.64720527124938,-1.010952677674449,76.63625259357492,6.6952973491643375,0.7593104733502734,7.454607822514611,1822.7549000000015,1805.797200000001,1846.3880000000017,0.0,20,11,963.5450999999972,13881.034900000002,297.2055,2.0,2.0,0.0,0.0,0.0,0.12,0.5,0.25,1145.9550999999979,3587.6689000000947,3412.5425,188,1671.3435,1199.8452,1485.2029,822.7010999999994,0.0,0.0,0.0,0.0,0.0,4,2474.6940999999997,0.0,0.0,0.0,0.0,918.7804,53.75880000000001,0.015,10.014877272727272,11.43127054263567,2.9879374999999997,3.5838550847457644,7.084670712451147,8.404018382993652,258.0,242.0,129.0,507.33333333333337,323.00000000000006,51.0,46,6,6,5,3,4.0,506.0,5438.942299999999,557.0554,6744.518600000001,181,11,0,33,0.43427881318602135,0.7370342642133576,0.3137124405026215,46,4124.005200000003,2423.6003,17,14,8.0,0,0,6,0.0,0,0.0,44446.18993084601,0.0,0,0,0,1.5,0,0.0,0,0,0.0,0,0.0,0,0,23.903499999999998,12.0,2.0539,1,4.2021,2.9412000000000003,NaN,1280.0,100.0,0.7095422188214391,0,0,0.0,0,0.0,1280.0,0,0.0,0,0,0,0.0,0.0,0.0,0.0,0.0,0.0,0.0,0.0,0,0,0,0,46,0.0,0,6,0.0,0,0.0,2174.9701,78.3397,4227.233628793878,0.0,4227.233628793878,0.0,4.2021,1665.7613,7303.6279,0.7705001768337671,95,6793.0525,33,37653.137430846014,1,0.0,4,4424.2497,2,-201.98330000000146,-7211.1938,130.0166175842403,86.46847641351391,0,9,129,129,11 + fiscal policy and VAT,debt,4,3.637978807091713e-12
43,128,1,4,15106.183799999997,22.9608,12558.575000000006,0.0,38940.3941,,0.0,7252.5687,31687.825399999998,0.0,3079.8692,116.41109849999994,0.00375,3.0948,3946.992278545147,0.0,0.16379667840246034,1240.9414868683407,1990.8508690300987,0.02,312.72089999999963,2.0,0.0,0.0,2.0,0.0,36,1,0.9375,0.7391011320421046,0.0,120.0,1.0,0.0,2.0,3,0,0,0.291648,20,76.54243711810281,-1.1876795951365922,75.35475752296622,9.802142085887677,0.4270746294263126,10.22921671531399,1765.298800000001,1848.9322000000057,1762.754600000001,0.0,21,12,963.5450999999972,13881.034900000002,324.3928,2.0,2.0,0.0,0.0,0.0,0.12,0.5,0.25,1252.0628999999974,3693.7767000001063,3412.5425,192,1126.5061,1238.2095999999995,2055.4199,711.9775000000003,0.0,0.0,0.0,0.0,0.0,11,1904.1290999999999,0.0,0.0,0.0,0.0,958.2900000000003,1062.9891000000002,0.015,9.996598799999997,11.527137190082646,3.053074285714286,3.539939449541291,7.313755680128817,8.151897831503842,242.0,250.0,121.0,499.33333333333337,310.0,50.0,48,1,1,2,1,1.0,511.0,5214.6431,1329.1217,6653.1412,180,12,0,33,0.5362012162742738,0.7391011320421046,0.40752193323861396,61,2534.191699999999,2499.1496999999995,10,9,35.0,0,0,1,0.0,0,0.0,44547.950354432476,0.0,0,0,0,1.5,0,0.0,0,0,0.0,0,0.0,0,0,106.85760000000002,16.0,2.0539,1,10.3156,7.220800000000001,NaN,1280.0,100.0,0.8140712261669486,0,0,0.0,0,0.0,1280.0,0,0.0,0,0,0,0.0,0.0,0.0,0.0,0.0,0.0,0.0,0.0,0,0,0,0,48,0.0,0,6,0.0,0,0.0,2229.748,90.4255,3042.5490844957626,0.0,3042.5490844957626,0.0,10.3156,666.847,7984.3168000000005,0.7770934539452319,95,6988.9223,33,37559.028054432485,1,0.0,4,4664.9707,2,-666.4405000000008,-7249.4739,137.81761463929473,86.46847641351391,0,9,121,121,11 + fiscal policy and VAT,debt,4,3.637978807091713e-12
44,128,1,4,14449.67530000001,23.5986,12009.820000000005,0.0,39659.2452,,0.0,6803.0721,32856.1731,0.0,3116.642100000001,118.82313249999994,0.00375,1.2248,3918.2533152706696,0.0,0.15704825525227897,1244.8291737320749,1971.9280935137804,0.02,287.6078,2.0,0.0,0.0,2.0,0.0,33,0,0.9375,0.7390786986874462,0.0,113.0,0.0,0.0,2.0,3,0,0,0.2553863832232117,20,80.44194489937206,-1.1144313480824177,79.32751355128966,8.611689007665289,0.760901490122513,9.372590497787803,1770.4759000000004,1762.7546000000016,1770.4759000000004,0.0,21,12,963.5450999999972,13881.034900000002,252.23809999999997,2.0,2.0,0.0,0.0,0.0,0.12,0.5,0.25,1359.1785999999984,3800.892400000117,3412.5425,192,560.5719,1216.4426000000003,560.5719,679.2005000000001,0.0,0.0,0.0,0.0,0.0,1,1280.0487,0.0,0.0,0.0,0.0,957.3614,0.0,0.015,10.101121610169495,11.59869133858268,3.2162499999999996,3.6220739130434767,7.531882355911452,7.907340896558726,254.0,236.0,127.0,508.3333333333333,310.0,51.0,48,7,6,7,0,0.0,505.0,5987.530199999998,317.5554,6861.262299999999,180,12,0,33,0.49386199207604786,0.7390786986874462,0.3784883237687737,57,4704.171999999997,2383.8647000000005,15,15,4.0,0,0,7,0.0,0,0.0,46633.2230544325,0.0,0,0,0,1.5,0,0.0,0,0,0.0,0,0.0,0,0,12.864999999999998,3.0,2.0539,1,4.0819,2.8572,NaN,1280.0,100.0,0.7216886220002822,0,0,0.0,0,0.0,1280.0,0,0.0,0,0,0,0.0,0.0,0.0,0.0,0.0,0.0,0.0,0.0,0,0,0,0,48,0.0,0,6,0.0,0,0.0,2229.748,84.9644,4235.326813535736,0.0,4235.326813535736,0.0,4.0819,1926.9489999999998,7180.8715999999995,0.7817574933421201,95,7173.730800000003,33,39459.49225443251,1,0.0,4,4526.2444,2,-1183.4052000000004,-6801.8473,146.08667151765243,86.46847641351391,0,9,127,127,11 + fiscal policy and VAT,debt,4,3.637978807091713e-12
45,128,1,4,13989.280199999994,24.236399999999996,11471.513899999994,0.0,40393.48870000004,,0.0,6134.8098,34258.678900000035,0.0,3421.8505999999998,123.20434562499989,0.00375,13.6396,3876.0020986242794,0.0,0.15057786713588509,1227.7789614225483,1926.4135740828533,0.02,329.4478,2.0,0.0,0.0,2.0,0.0,41,3,0.9375,0.7480410517568628,0.0,113.0,0.0,0.0,2.0,3,0,0,0.25259515570934254,20,80.11993993034244,-1.8428985439548577,78.27704138638758,6.612411537514624,0.0011209722405160633,6.61353250975514,1784.7469000000006,1770.4758999999997,1784.7469000000006,0.0,21,12,963.5450999999972,13881.034900000002,320.5924,2.0,2.0,0.0,0.0,0.0,0.12,0.5,0.25,1280.6298,3896.8132000001237,3412.5425,193,655.1513,1114.9086000000016,1028.3566,663.1757000000007,0.0,0.0,0.0,0.0,0.0,50,777.661,0.0,0.0,0.0,0.0,943.2959999999998,710.4042999999998,0.015,10.255717254901963,11.943010924369744,3.338228205128208,3.686119626168224,7.809129407979363,7.670120669661966,238.0,255.0,119.0,496.00000000000006,305.99999999999994,50.0,47,2,0,6,3,2.0,510.0,4651.135800000003,1320.4025,7198.1275,180,12,0,33,0.5010812617667495,0.7480410517568628,0.43825893803753946,64,2951.3176,2615.207900000001,12,9,39.0,0,0,2,0.0,0,0.0,46617.05455443246,0.0,0,0,0,1.5,0,0.0,0,0,0.0,0,0.0,0,0,130.1909000000001,16.0,28.3138,1,45.4646,31.824800000000003,NaN,1280.0,100.0,0.900039832937782,0,0,0.0,0,0.0,1280.0,0,0.0,0,0,0,0.0,0.0,0.0,0.0,0.0,0.0,0.0,0.0,0,0,0,0,47,0.0,0,6,0.0,0,0.0,2229.748,79.9609,3035.4447850261217,0.0,3035.4447850261217,0.0,45.4646,1578.7705999999998,8546.843799999999,0.7997226773369879,95,7182.887999999997,33,39434.16655443249,1,0.0,4,4474.803000000001,2,-1764.3417,-6121.1702,154.8518718087116,86.46847641351391,0,9,119,119,11 + fiscal policy and VAT,debt,4,3.637978807091713e-12
46,128,1,4,14175.106800000003,24.8742,11575.659100000012,0.0,41041.793400000024,,0.0,6185.592,34856.20140000003,0.0,3435.6764000000007,128.4642398749999,0.00375,5.6864,3803.3179934374675,0.0,0.14437405900988662,1183.3113185964878,1868.3674122916455,0.02,295.93069999999994,2.0,0.0,0.0,2.0,0.0,38,1,0.9322916666666666,0.744222984824642,0.0,100.0,0.0,0.0,2.0,3,0,0,0.25931055709449063,20,83.61887694690695,-1.5026725320472898,82.11620441485967,10.502442500328115,0.04073262720777894,10.543175127535894,1843.6297000000022,1784.7468999999983,1843.6297000000022,0.0,21,12,963.5450999999972,13881.034900000002,271.3016,2.0,2.0,0.0,0.0,0.0,0.12,0.5,0.25,1198.3106000000002,3992.3034000001285,3412.5425,195,1390.8979,1204.4334999999976,2860.5958,686.1968999999992,0.0,0.0,0.0,0.0,0.0,31,317.7734,0.0,0.0,0.0,0.0,888.9896999999996,1095.5120999999997,0.015,10.463320614035089,12.132719047619064,3.351866666666666,3.6961212389380496,7.616384716813065,7.440017049572106,252.0,228.0,126.0,502.66666666666674,320.99999999999994,51.0,44,14,14,1,1,2.0,497.0,5961.3042,549.4512,7338.8377,179,13,0,33,0.5597804915428573,0.744222984824642,0.43870255690154814,54,3301.7467000000015,2385.6371000000004,7,6,24.0,0,0,14,0.0,0,0.0,48481.316578018974,0.0,0,0,0,1.5,0,0.0,0,0,0.0,0,0.0,0,0,80.44479999999999,16.0,2.0539,1,18.9551,13.2688,NaN,1280.0,100.0,0.8258500902832918,0,0,0.0,0,0.0,1280.0,0,0.0,0,0,0,0.0,0.0,0.0,0.0,0.0,0.0,0.0,0.0,0,0,0,0,44,0.0,0,6,0.0,0,0.0,2229.748,75.1067,4466.604541210293,0.0,4466.604541210293,0.0,18.9551,2536.2286000000004,7890.3428,0.8081802971490166,95,7760.690899999997,33,40720.625678018994,1,0.0,4,4378.1451,2,-2306.548499999999,-6179.9056,164.1429841172343,86.46847641351391,0,9,126,126,11 + fiscal policy and VAT,debt,4,3.637978807091713e-12
47,127,1,4,13665.793799999996,25.512,10877.332599999998,0.0,41863.800400000015,,0.0,5567.2753,36296.52510000001,0.0,3131.9371,130.70486599999995,0.00375,1.2428,3804.4411483343056,0.0,0.13842584777867928,1292.7600040358047,1865.7795905562039,0.02,300.59190000000024,2.0,0.0,0.0,2.0,0.0,38,0,0.9322916666666666,0.7326120271423604,0.0,104.0,0.0,0.0,2.0,3,0,0,0.25034699393673754,20,82.59830808906996,-1.249032444398831,81.34927564467112,9.177749044640784,0.42067502800243745,9.598424072643223,1727.594799999999,1835.687000000001,1735.537499999999,0.0,21,12,963.5450999999972,13881.034900000002,281.9595,2.0,2.0,0.0,0.0,0.0,0.12,0.5,0.25,1020.1447999999991,4092.322100000141,3424.0279999999993,199,685.0695,1193.7446999999988,1809.7406999999998,627.9466000000008,0.0,0.0,0.0,0.0,0.0,18,0.0,0.0,0.0,0.0,0.0,1004.5305999999996,470.57849999999985,0.015,10.504134615384613,12.34936754385965,3.3545357142857135,3.7398247524752453,7.687034798865445,7.216816538084942,228.0,234.0,114.0,493.66666666666663,291.0,49.0,49,12,10,8,6,4.0,496.0,6675.770599999999,263.5187,6723.2078,179,13,0,33,0.5151375432435819,0.7326120271423604,0.4121852291808268,51,4193.267099999998,2457.9674999999993,14,8,14.0,0,0,12,0.0,0,0.0,49956.74567801899,0.0,0,0,0,1.5,0,0.0,0,0,0.0,0,0.0,0,0,46.96349999999999,14.0,2.0539,1,4.1428,2.9,NaN,1280.0,100.0,0.7094362230957918,0,0,0.0,0,0.0,1280.0,0,0.0,0,0,0,0.0,0.0,0.0,0.0,0.0,0.0,0.0,0.0,0,0,0,0,49,0.0,0,6,0.0,0,0.0,2229.748,71.3301,3991.463354903223,0.0,3991.463354903223,0.0,4.1428,1671.4235999999999,6988.7804,0.8122033111900602,94,8503.282200000001,33,41453.46347801899,1,0.0,4,5118.1822,2,-2813.9731999999995,-5566.0325,173.99156316426837,86.46847641351391,1,9,114,114,11 + fiscal policy and VAT,debt,4,3.637978807091713e-12
48,127,1,4,14378.619100000002,35.5848,11094.722999999998,0.0,42624.84320000001,,0.0,5808.3788,36816.46440000001,0.0,3572.355699999999,136.10654449999987,0.00375,34.72,3779.830746290937,0.0,0.1327227028501977,1267.962772766342,1823.404530860625,0.02,325.22510000000017,2.0,0.0,0.0,2.0,0.0,39,0,0.9322916666666666,0.7296380590179237,0.0,102.0,0.0,0.0,2.0,3,0,0,0.2512806502288095,20,82.4745492984721,-1.2932303213935907,81.1813189770785,7.1640566443616525,0.5907618794796923,7.754818523841345,1756.892300000001,1735.5375000000015,1756.892300000001,0.0,21,12,963.5450999999972,13881.034900000002,317.53249999999997,2.0,2.0,0.0,0.0,0.0,0.12,0.5,0.25,514.637099999999,4189.19130000016,3424.0279999999993,203,1823.7242999999999,1100.8261999999975,2298.7471,704.3454000000012,0.0,87.62650000000001,0.0,0.0,0.0,19,0.0,0.0,0.0,0.0,0.0,978.8737999999995,765.9349000000008,0.015,10.67563388429752,12.192363478260878,3.424535135135134,3.7688303921568584,7.450577341668139,7.000312041942394,230.0,242.0,115.0,486.00000000000006,297.0,49.0,47,8,7,5,8,3.0,499.0,5598.956200000001,797.477,7945.412,179,13,0,33,0.459037350090868,0.7296380590179237,0.3298540004486721,50,3305.0665999999987,2583.5034,16,8,37.0,0,0,8,0.0,0,0.0,50386.17617801897,0.0,0,0,0,1.5,0,0.0,0,0,0.0,0,0.0,0,0,126.70779999999995,16.0,2.0539,1,115.73310000000001,81.01320000000001,NaN,1280.0,100.0,0.9417655329916249,0,0,0.0,0,0.0,1280.0,0,0.0,0,0,0,0.0,0.0,0.0,0.0,0.0,0.0,0.0,0.0,0,0,0,0,47,0.0,0,6,0.0,0,0.0,2229.748,67.7182,3520.4581123469875,0.0,3520.4581123469875,0.0,115.73310000000001,1593.2893000000001,8744.9429,0.8254357782583226,94,8875.833200000001,33,41510.34297801899,1,0.0,4,4127.4631,2,-3319.4809000000005,-5773.6588,184.43105695412447,86.46847641351391,0,9,115,115,11 + fiscal policy and VAT,debt,4,3.637978807091713e-12
49,127,1,4,14065.3883,36.267,10620.778599999996,0.0,43294.44550000003,,0.0,5414.9348,37879.51070000003,0.0,3904.2788000000005,138.05600687499992,0.00375,8.1232,3742.14072236606,0.0,0.12725452749276953,1216.3593656313956,1795.025939910707,0.02,311.15809999999993,2.0,0.0,0.0,2.0,0.0,41,2,0.9322916666666666,0.7315354000518357,0.0,102.0,0.0,0.0,2.0,3,0,0,0.2514984155726573,21,82.55843461593896,-1.4989046894764924,81.05952992646247,10.348480082094367,0.315523688908992,10.66400377100336,1816.303700000002,1759.0424000000005,1814.1536000000017,0.0,22,13,963.5450999999972,13881.034900000002,277.71229999999997,2.0,2.0,0.0,0.0,0.0,0.12,0.5,0.25,353.2412999999992,4289.882300000162,3424.0279999999993,208,887.1686999999998,1199.7173,847.2397999999998,687.264199999999,0.0,0.0,0.0,0.0,0.0,13,0.0,0.0,0.0,0.0,0.0,922.8068000000001,332.7292,0.015,10.691640851063829,12.296780327868849,3.3521291666666664,3.7947532110091786,6.655989588227077,6.790302680684121,244.0,235.0,122.0,492.6666666666667,311.0,49.0,44,6,4,10,2,0.0,500.0,6155.965599999996,472.3386,7426.907,179,13,0,33,0.5513387639084479,0.7315354000518357,0.36215977392638443,56,3790.2073999999957,2512.5355999999997,13,11,24.0,0,0,6,0.0,0,0.0,51346.33057801902,0.0,0,0,0,1.5,0,0.0,0,0,0.0,0,0.0,0,0,80.4511,16.0,2.0539,1,27.0778,18.954399999999996,NaN,1280.0,100.0,0.8470901293457919,0,0,0.0,0,0.0,1280.0,0,0.0,0,0,0,0.0,0.0,0.0,0.0,0.0,0.0,0.0,0.0,0,0,0,0,44,0.0,0,6,0.0,0,0.0,2264.2089,96.2649,3995.648016773631,0.0,3995.648016773631,0.0,27.0778,1950.7418000000005,7901.2995,0.8338552174931364,94,8902.667199999993,33,42443.663378018995,1,0.0,4,4751.3285,2,-3480.8767000000007,-5406.8116,195.49692037137194,86.46847641351391,0,9,122,122,11 + fiscal policy and VAT,debt,4,3.637978807091713e-12
50,126,1,4,13517.103600000008,36.9492,9986.843199999996,0.0,44120.93680000001,,0.0,4861.9365,39259.00030000001,0.0,3935.6654000000003,142.0423216249999,0.00375,0.0,3744.9495650322106,0.0,0.12201164096006742,1274.5074724156761,1796.5455266881404,0.02,291.17040000000014,2.0,0.0,0.0,2.0,0.0,40,2,0.9322916666666666,0.7267927150406499,0.0,98.0,0.0,0.0,2.0,3,0,0,0.34596428102921606,21,82.66362188437373,-1.4276408354480323,81.23598104892568,10.635283428728028,0.3475198750188088,10.982803303746838,1792.7542000000005,1808.8601000000006,1798.0477000000005,0.0,22,13,963.5450999999972,13881.034900000002,326.50379999999996,2.0,2.0,0.0,0.0,0.0,0.12,0.5,0.25,266.908399999999,4385.440900000168,3424.0279999999993,213,577.2074,1124.8098999999995,976.8732999999997,609.0163999999994,0.0,0.0,0.0,0.0,0.0,15,0.0,0.0,0.0,0.0,0.0,974.7667999999999,693.7989000000007,0.015,10.272913852813858,12.017736134453777,3.1398705882352944,3.8849528301886775,6.436568783476099,6.586593600263598,238.0,231.0,119.0,486.3333333333333,303.66666666666663,50.0,46,9,7,10,3,0.0,493.0,6194.642799999999,1019.2451,6301.1618,179,13,0,33,0.5444821361522965,0.7267927150406499,0.2803963476648874,49,2886.406499999997,2373.0431000000012,11,8,17.0,0,0,9,0.0,0,0.0,51646.635678019,0.0,0,0,0,1.5,0,0.0,0,0,0.0,0,0.0,0,0,53.37780000000001,15.0,2.0539,1,0.0,0.0,NaN,1280.0,100.0,0.7768056631999584,0,0,0.0,0,0.0,1280.0,0,0.0,0,0,0,0.0,0.0,0.0,0.0,0.0,0.0,0.0,0.0,0,0,0,0,46,0.0,0,6,0.0,0,0.0,2264.2089,91.36800000000001,3474.112770843806,0.0,3474.112770843806,0.0,0.0,2510.1013,7322.4608,0.8253270127671144,93,8967.624800000003,33,42679.010878018984,1,0.0,4,5899.2435000000005,2,-3567.209599999999,-4861.9365,207.22673559365427,86.46847641351391,1,9,119,119,11 + fiscal policy and VAT,debt,4,3.637978807091713e-12
51,126,1,4,12770.230500000009,37.675799999999995,9195.002700000006,0.0,45025.970100000006,,0.0,4319.0038,40706.96630000001,0.0,2620.7625,147.2155454999999,0.00375,16.6512,3753.691311443403,0.0,0.11698476135251264,1260.1821757024584,1836.2159492956018,0.02,299.3678999999999,2.0,0.0,0.0,2.0,0.0,37,0,0.9270833333333334,0.7393492734915588,0.0,93.0,1.0,0.0,2.0,3,0,0,0.32630967830066254,20,229.4850512050895,-1.6254368834553528,227.85961432163413,7.594022079141266,0.44162288433005625,8.035644963471322,1681.4285,1649.7296999999996,1829.7464999999997,0.0,23,14,963.5450999999972,13881.034900000002,329.5416000000001,2.0,2.0,0.0,0.0,0.0,0.12,0.5,0.25,221.21439999999896,4478.057800000178,3424.0279999999993,220,346.1445,1092.2910000000006,1542.7503000000002,543.3305000000012,0.0,0.0,0.0,0.0,0.0,13,0.0,0.0,0.0,0.0,0.0,978.1657999999998,1079.8767999999998,0.015,10.013919008264462,11.5800149122807,3.1027956521739135,3.6857799999999985,6.1419508177002875,6.388995792255689,228.0,242.0,114.0,480.66666666666674,291.0,49.0,47,7,7,4,4,4.0,497.0,5613.94,622.0817,6515.503699999999,178,14,0,33,0.4688028632354011,0.7393492734915588,0.33304880773006973,49,2708.515699999999,2423.3684,10,6,23.0,0,0,7,0.0,0,0.0,146034.17190000002,0.0,0,0,0,1.5,0,0.0,0,0,0.0,0,0.0,0,0,71.36430000000001,12.0,2.0539,1,55.5029,38.85160000000002,NaN,1280.0,100.0,1.7489334895833337,0,0,0.0,0,0.0,1280.0,0,0.0,0,0,0,0.0,0.0,0.0,0.0,0.0,0.0,0.0,0.0,0,0,0,0,47,0.0,0,6,0.0,0,0.0,2178.6478,53.257099999999994,3432.9367959383926,0.0,3432.9367959383926,0.0,55.5029,1947.4294,7139.6393,0.7814070801091741,93,9085.568300000003,33,136948.6036,1,0.0,4,5752.5468,2,-3612.9035999999996,-4302.3526,219.66033972927355,611.3301,0,9,114,114,11 + fiscal policy and VAT,debt,4,3.637978807091713e-12
52,126,1,4,13824.231800000003,38.4024,10217.989199999996,0.0,45900.412999999986,,0.0,5494.0414,40406.371599999984,0.0,3075.675400000001,152.64536974999993,0.00375,13.8632,3736.738671609144,0.0,0.11216498918478911,1239.5361346621075,1832.9856144060961,0.02,294.4490000000003,2.0,0.0,0.0,2.0,0.0,39,2,0.9270833333333334,0.7400257770007428,0.0,89.0,0.0,0.0,2.0,3,0,0,0.30750512070867103,20,237.95651927800483,-1.8758132847079865,236.08070599329685,10.497435917962529,0.171763230310086,10.669199148272615,1698.3552000000002,1541.5138000000045,1986.5878999999986,0.0,23,14,963.5450999999972,13881.034900000002,308.52049999999997,2.0,2.0,0.0,0.0,0.0,0.12,0.5,0.25,189.47299999999876,4561.78370000019,3424.0279999999993,222,2113.2793,1058.5514,2689.6711,536.5507000000006,0.0,0.0,0.0,0.0,0.0,30,0.0,0.0,0.0,0.0,0.0,964.8401999999996,403.6264,0.015,9.874904184100421,11.413599159663864,2.92624375,3.6722438095238084,5.922479323053317,6.197325918488018,238.0,239.0,119.0,491.6666666666667,305.0,49.0,47,4,4,8,4,3.0,500.0,6945.549899999995,129.812,6732.9528,178,14,0,33,0.5369132304595472,0.7400257770007428,0.3890379645028097,44,3794.569499999997,2360.1021000000005,12,8,32.0,0,0,4,0.0,0,0.0,147209.49899999995,0.0,0,0,0,1.5,0,0.0,0,0,0.0,0,0.0,0,0,93.6398,16.0,2.0539,1,46.2115,32.3484,NaN,1280.0,100.0,1.7281843749999999,0,0,0.0,0,0.0,1280.0,0,0.0,0,0,0,0.0,0.0,0.0,0.0,0.0,0.0,0.0,0.0,0,0,0,0,47,0.0,0,6,0.0,0,0.0,2178.6478,50.5795,3681.1399753752503,0.0,3681.1399753752503,0.0,46.2115,2101.3124,6864.818700000001,0.7823095708687771,93,9186.073700000003,33,138023.42529999997,1,0.0,4,5644.8186000000005,2,-3644.645,-5480.1782,232.83996011302997,611.3301,0,9,119,119,11 + fiscal policy and VAT,debt,4,3.637978807091713e-12
53,126,1,4,13417.295400000005,39.129000000000005,9393.690299999997,0.0,48226.41920000001,,0.0,6462.9805,41763.43870000001,0.0,4079.7372000000005,151.51805675,0.00375,4.7288,3720.6478224651837,0.0,0.10754379163037579,1230.1208139670973,1831.6544483101225,0.02,284.7914000000003,2.0,0.0,0.0,2.0,0.0,36,1,0.9427083333333334,0.7349701544546432,0.0,82.0,0.0,0.0,2.0,4,0,0,0.32223543400713434,21,240.94559550883574,-1.9049812880813661,239.04061422075438,10.84559384104611,0.11206729964384557,10.957661140689957,1544.281499999999,1557.0835999999995,211.00150000000002,0.0,24,14,1410.4153999999928,15301.769600000003,198.38670000000002,2.0,2.0,0.0,0.0,0.0,0.12,0.5,0.25,151.74539999999905,4622.8663000002225,3424.0279999999993,226,1927.1914999999997,2333.4013000000045,3696.1494,494.70850000000024,0.0,0.0,0.0,0.0,0.0,29,1419.9517,0.0,0.0,0.0,0.0,953.9129000000003,884.9279999999994,0.015,9.755599999999996,10.96594999999999,2.7490600000000005,3.5576528301886836,5.781143759633866,6.011406140933378,240.0,232.0,120.0,489.33333333333337,308.0,50.0,47,11,11,4,8,1.0,493.0,6065.968800000002,0.0,5920.326800000001,181,0,11,34,0.5469617072203952,0.7349701544546432,0.36316622042332414,38,2594.0114000000003,2263.299199999999,13,5,40.0,0,0,11,0.0,0,0.0,148799.62829999998,0.0,0,0,0,1.5,0,0.0,0,0,0.0,0,0.0,0,0,109.96240000000002,16.0,6.3193,1,15.763,11.033999999999999,NaN,1280.0,100.0,0.7087219661458332,0,0,0.0,0,0.0,1280.0,0,0.0,0,0,0,0.0,0.0,0.0,0.0,0.0,0.0,0.0,0.0,0,0,0,0,47,0.0,0,6,0.0,0,0.0,700.4475,79.32960000000001,1028.3302283729654,0.0,1028.3302283729654,0.0,15.763,1139.6292999999998,5926.646100000001,0.7267856732479412,92,9246.347500000002,34,139553.2808,1,0.0,4,6492.080899999999,2,4081.8487000000005,-6458.2517,246.81035771981178,611.3301,0,10,10,120,11 + fiscal policy and VAT,debt,4,3.637978807091713e-12
54,126,1,4,13500.39559999999,39.8556,12221.225734917922,0.0,49122.50750000003,,0.0,5861.655,43260.85250000003,0.0,3759.7531999999997,156.6074733749999,0.00375,0.0,3721.65815064867,0.0,0.1031129874152043,1208.3429227943425,1861.0916004324465,0.02,279.8415999999999,2.0,0.0,0.0,2.0,0.0,34,0,0.9479166666666666,0.7240407755128213,11.0,83.0,11.0,0.0,2.0,4,0,0,0.33420994959456496,21,138.92431368061042,-1.7453131455858104,137.17900053502464,9.501969283125753,0.251811188524461,9.753780471650213,1655.9687000000008,211.00149999999988,1655.9687000000008,0.0,24,14,1410.4153999999928,15301.769600000003,318.5821,2.0,2.0,0.0,0.0,0.0,0.12,0.5,0.25,180.54009999999914,4688.995400000251,3424.0279999999993,227,1068.5946999999994,984.7679000000012,1119.355,496.4531000000003,0.0,0.0,0.0,0.0,0.0,20,1376.7473,0.0,0.0,0.0,0.0,941.1184,973.0226999999992,0.015,9.529867948717948,11.19485299145299,2.757443243243243,3.5751261682243043,5.566092463968014,5.831063956705376,234.0,234.0,117.0,487.66666666666663,301.0,49.0,47,12,12,0,6,1.0,492.0,6259.977600000004,0.0,5861.6168,182,10,0,35,0.5113235450068123,0.7240407755128213,0.35952172972397856,35,2877.7571000000003,2229.9891,14,8,37.0,0,0,12,0.0,0,0.0,83185.87704728592,0.0,0,0,0,1.5,0,0.0,0,0,0.0,0,0.0,0,0,102.0254,16.0,2.0539,1,0.0,0.0,NaN,1280.0,100.0,0.5906203255208333,0,0,0.0,0,0.0,1280.0,0,0.0,0,0,0,0.0,0.0,0.0,0.0,0.0,0.0,0.0,0.0,0,0,0,0,47,0.0,0,6,0.0,0,0.0,700.4475,74.1781,3569.971713121624,0.0,3569.971713121624,0.0,0.0,1951.8221000000003,5863.6707,0.7112736538997482,91,8583.966399999998,35,74601.91064728594,1,0.0,4,7949.279599999999,2,57.721834917929755,-5861.655,261.6189791830005,246.81035771981178,0,10,117,117,11 + fiscal policy and VAT,debt,4,3.637978807091713e-12
55,126,1,4,14557.890599999997,40.5822,13192.256799999996,0.0,50012.93970000003,,0.0,6160.4002,43852.539500000035,0.0,3671.5561999999995,162.22257262499983,0.00375,10.0924,3708.6239511516355,0.0,0.09886473233369789,1188.8046888802041,1866.7027591010901,0.02,278.99829999999974,2.0,0.0,0.0,2.0,0.0,26,0,0.9479166666666666,0.7191923465136947,0.0,49.0,0.0,0.0,2.0,4,0,0,0.3247652001977262,21,143.47507545348978,-1.6252965541401077,141.84977889934967,10.76985380780561,0.7263051644512521,11.496158972256863,1633.0813999999996,1515.2059000000024,1773.8441999999986,0.0,24,14,1410.4153999999928,15301.769600000003,310.01329999999996,2.0,2.0,0.0,0.0,0.0,0.12,0.5,0.25,229.09569999999917,4793.997100000291,3424.0279999999993,228,2056.2142,997.9926,1209.9992,500.00040000000007,0.0,0.0,0.0,0.0,0.0,2,1474.1236999999999,0.0,0.0,0.0,0.0,927.9387000000005,0.0,0.015,9.345665126050418,11.087288888888882,2.650407894736842,3.4199579439252346,5.519714027716773,5.656132038004215,234.0,238.0,117.0,492.0,301.0,49.0,47,6,6,3,2,0.0,498.0,7024.768400000003,124.6864,5922.1658,182,10,0,35,0.48955497395631076,0.7191923465136947,0.2924458922066753,23,3896.974200000001,2224.2682999999997,11,9,38.0,0,0,6,0.0,0,0.0,84597.23650500574,0.0,0,0,0,1.5,0,0.0,0,0,0.0,0,0.0,0,0,100.71549999999999,16.0,2.0539,1,33.6412,23.5488,NaN,1280.0,100.0,0.518455309531005,0,0,0.0,0,0.0,1280.0,0,0.0,0,0,0,0.0,0.0,0.0,0.0,0.0,0.0,0.0,0.0,0,0,0,0,47,0.0,0,6,0.0,0,0.0,700.4475,69.3017,3612.6961874132235,0.0,3612.6961874132235,0.0,33.6412,2174.9912,6048.9061,0.7061136997626212,91,9002.8127,35,75594.42380500572,1,0.0,4,7961.574799999999,2,67.90769999999998,-6150.3078,277.31611793398054,246.81035771981178,0,10,117,117,11 + fiscal policy and VAT,debt,4,3.637978807091713e-12
56,126,1,4,14935.678800000002,41.308800000000005,13525.8478,0.0,50838.37270000003,,0.0,6854.85,43983.52270000003,0.0,3247.6253000000006,164.44101274999977,0.00375,0.0,3683.329268026405,0.0,0.09479150536154952,1143.6504412311529,1867.8560370176028,0.02,299.51090000000005,2.0,0.0,0.0,2.0,0.0,28,1,0.9479166666666666,0.7233105523336714,0.0,37.0,0.0,0.0,2.0,4,0,0,0.2868323370253872,21,146.50035118289293,-1.977868856918026,144.5224823259749,13.859134173558251,0.3777246898884249,14.236858863446678,1601.3572000000001,1495.518700000001,1879.6827000000017,0.0,24,14,1410.4153999999928,15301.769600000003,297.2389,2.0,2.0,0.0,0.0,0.0,0.12,0.5,0.25,319.91739999999965,4907.3864000003205,3424.0279999999993,230,1380.1414,1001.6265999999996,2521.0771,503.37329999999974,0.0,0.0,0.0,0.0,0.0,30,1513.41,0.0,0.0,0.0,0.0,887.9922,862.6102000000008,0.015,9.238591505791511,10.568043801652898,2.5783525,3.442368468468465,5.515640757903115,5.486448076864089,242.0,259.0,121.0,494.0,309.0,49.0,46,1,1,1,7,3.0,503.0,6397.3654000000015,1026.6672,5994.8743,182,10,0,35,0.5794816040196897,0.7233105523336714,0.2867877430339778,32,2080.8769,2392.7952000000014,10,3,40.0,0,0,1,0.0,0,0.0,83983.2924050058,0.0,0,0,0,1.5,0,0.0,0,0,0.0,0,0.0,0,0,103.13409999999999,16.0,3.3619,1,0.0,0.0,NaN,1280.0,100.0,0.6802012730726715,0,0,0.0,0,0.0,1280.0,0,0.0,0,0,0,0.0,0.0,0.0,0.0,0.0,0.0,0.0,0.0,0,0,0,0,46,0.0,0,6,0.0,0,0.0,700.4475,64.4253,2513.485857764306,0.0,2513.485857764306,0.0,0.0,2680.5975000000003,7024.9034,0.7102079607736307,91,8708.144399999997,35,75275.14800500574,1,0.0,4,8173.746199999999,2,62.27020000000016,-6854.85,293.9550850100194,246.81035771981178,0,10,121,121,11 + fiscal policy and VAT,debt,4,3.637978807091713e-12
57,126,1,4,13758.725599999994,42.0354,9653.926899999995,0.0,51987.22340000004,,0.0,7134.4614,44852.76200000004,0.0,4291.089899999998,164.93199737499992,0.00375,10.9576,3658.6161063451345,0.0,0.09088609534065367,1128.9263146974695,1862.602804230089,0.02,264.1658,2.0,0.0,0.0,2.0,0.0,27,0,0.9479166666666666,0.71988779861704,0.0,31.0,0.0,0.0,2.0,5,0,0,0.29904395663088174,21,148.493563763508,-1.8215076804798758,146.67205608302814,11.386001352984733,0.6846181789012663,12.070619531885999,1532.1520000000007,1482.2819999999979,158.6683,0.0,25,14,1822.5177999999976,15596.202700000002,148.73539999999997,2.0,2.0,0.0,0.0,0.0,0.12,0.5,0.25,385.72850000000005,4975.141100000345,3968.344399999999,233,1055.8671,2232.093700000001,2180.5072,484.6787999999997,0.0,0.0,0.0,0.0,0.0,9,1157.8514,0.0,0.0,0.0,0.0,871.2000000000003,593.8698000000003,0.015,9.160545569620252,10.699070866141733,2.5281000000000002,3.331443589743591,5.603773647225916,5.321854634558165,254.0,237.0,127.0,501.66666666666663,315.0,50.0,46,7,7,4,4,2.0,497.0,6502.5834,0.0,6085.2793,182,0,10,35,0.5347554874199008,0.71988779861704,0.2363688462910094,37,3264.2670999999978,2171.0492999999997,16,12,12.0,0,0,7,0.0,0,0.0,85137.22960500572,0.0,0,0,0,1.5,0,0.0,0,0,0.0,0,0.0,0,0,30.337200000000003,9.0,2.0539,1,36.5263,25.5684,NaN,1280.0,100.0,0.7628132682291667,0,0,0.0,0,0.0,1280.0,0,0.0,0,0,0,0.0,0.0,0.0,0.0,0.0,0.0,0.0,0.0,0,0,0,0,46,0.0,0,6,0.0,0,0.0,681.3463,46.596999999999994,786.9500412932408,0.0,786.9500412932408,0.0,36.5263,1787.3312999999998,6087.3332,0.7171886347274923,91,9238.398299999999,35,75898.83130500576,1,0.0,4,8105.664699999999,2,-520.8791228018824,-7123.5038,311.59239011062056,246.81035771981178,0,11,10,127,11 + fiscal policy and VAT,debt,4,3.637978807091713e-12
58,126,1,4,13923.657299999999,42.76199999999999,12992.638201106207,0.0,52868.2472,,0.0,6502.0403,46366.2069,0.0,4949.121299999999,168.19150787499993,0.00375,7.8876,3646.7902114891203,0.0,0.08714158821261873,1136.0077391724324,1874.9433076594134,0.02,283.1278999999998,2.0,0.0,0.0,2.0,0.0,31,0,0.953125,0.7205331953514336,10.0,38.0,10.0,0.0,2.0,5,0,0,0.2927731305852288,21,159.90884917344513,-1.762366901075474,158.14648227236967,14.251932898210876,0.7010604450398886,14.952993343250766,1579.0982999999992,158.66829999999996,1579.0982999999992,0.0,25,14,1822.5177999999976,15596.202700000002,297.0011,2.0,2.0,0.0,0.0,0.0,0.12,0.5,0.25,455.1981000000005,5046.446400000383,3968.344399999999,234,1114.3075,948.6491999999995,753.6351000000001,455.78369999999967,0.0,0.0,0.0,0.0,0.0,1,974.8466,0.0,0.0,0.0,0.0,885.7188000000002,593.8698000000003,0.015,9.01048725099602,10.585404201680669,2.4441975000000005,3.3520690909090956,5.653827223433746,5.16219899552142,238.0,251.0,119.0,491.6666666666667,305.0,49.0,47,3,2,3,7,2.0,499.0,6882.098299999996,0.0,6050.0153,183,9,0,35,0.5796046565374655,0.7205331953514336,0.19165050118517946,44,2950.3291999999997,2261.632300000001,12,5,40.0,0,0,3,0.0,0,0.0,91429.08743637397,0.0,0,0,0,1.5,0,0.0,0,0,0.0,0,0.0,0,0,97.76790000000003,16.0,8.8095,1,26.2923,18.404799999999998,NaN,1280.0,100.0,0.6029038221668437,0,0,0.0,0,0.0,1280.0,0,0.0,0,0,0,0.0,0.0,0.0,0.0,0.0,0.0,0.0,0.0,0,0,0,0,47,0.0,0,6,0.0,0,0.0,681.3463,354.0609901106206,3456.775367531032,0.0,3456.775367531032,0.0,26.2923,3480.5797,6058.8248,0.70796217037034,91,9344.303399999997,35,82084.78403637394,1,0.0,4,9622.409099999999,2,1.0655011062051472,-6494.1527,330.2879335172578,279.20137391521615,0,11,119,119,11 + fiscal policy and VAT,debt,4,3.637978807091713e-12
59,126,1,4,14224.99230000001,43.4886,13155.577700000007,0.0,53659.43089999998,,0.0,5954.3858,47705.045099999974,0.0,4470.775299999999,173.86670937499997,0.00375,19.7316,3589.2903378111205,0.0,0.08355135477825884,1062.7605093238053,1844.1738835407468,0.02,275.8690000000001,2.0,0.0,0.0,2.0,0.0,24,0,0.953125,0.7161646204753669,0.0,26.0,0.0,0.0,2.0,5,0,0,0.282076095546846,21,163.48267826887863,-1.7103258460374282,161.77235242284118,12.239042727611444,0.7815461408796848,13.02058886849113,1628.2997000000003,1447.6201999999992,1759.777800000001,0.0,25,14,1822.5177999999976,15596.202700000002,276.6928,2.0,2.0,0.0,0.0,0.0,0.12,0.5,0.25,484.21240000000057,5152.61880000042,3968.344399999999,236,1271.1966999999997,969.1350999999986,953.6519,489.80469999999997,0.0,0.0,0.0,0.0,0.0,4,988.2254,0.0,0.0,0.0,0.0,816.7122000000002,0.0,0.015,8.945358232931733,10.634190400000003,2.554132142857143,3.2808267241379294,5.696649507302734,5.007333025655778,250.0,249.0,125.0,495.3333333333333,317.0,49.0,44,2,1,9,6,4.0,500.0,6197.5463,438.9941,6578.441,183,9,0,35,0.5329346962300074,0.7161646204753669,0.26356366100713413,37,3568.415499999999,2227.3942000000015,14,8,28.0,0,0,2,0.0,0,0.0,92569.36382648456,0.0,0,0,0,1.5,0,0.0,0,0,0.0,0,0.0,0,0,71.51570000000001,16.0,2.0539,1,65.7732,46.0416,NaN,1280.0,100.0,0.6259482376610606,0,0,0.0,0,0.0,1280.0,0,0.0,0,0,0,0.0,0.0,0.0,0.0,0.0,0.0,0.0,0.0,0,0,0,0,44,0.0,0,6,0.0,0,0.0,681.3463,334.6449,3310.7754471390253,0.0,3310.7754471390253,0.0,65.7732,2511.6178999999997,7019.489,0.7058344571267168,91,9756.282600000002,35,82813.08122648456,1,0.0,4,9209.508,2,-124.67780000000016,-5934.6542,350.10520952829324,279.20137391521615,0,11,125,125,11 + fiscal policy and VAT,debt,4,3.637978807091713e-12
60,126,1,4,14611.2934,44.2152,13355.938799999993,0.0,54535.488399999944,,0.0,6475.5246,48059.96379999995,0.0,3927.2743999999993,178.88701124999983,0.00375,2.6424,3550.6142206528475,0.0,0.08010903896139458,1113.258304133249,1847.0502471018983,0.02,265.0364999999998,2.0,0.0,0.0,2.0,0.0,31,0,0.953125,0.7199461837307974,0.0,24.0,0.0,0.0,2.0,5,0,0,0.28600700641152754,21,165.6806287875429,-2.0595331185997163,163.62109566894318,11.478157938649007,0.23167451593297794,11.709832454581985,1581.3546999999978,1484.1601000000007,1856.972399999998,0.0,25,14,1822.5177999999976,15596.202700000002,264.2097,2.0,2.0,0.0,0.0,0.0,0.12,0.5,0.25,465.68230000000074,5264.158300000455,3968.344399999999,240,1293.2510999999981,906.2233999999993,2027.7071999999998,428.7768999999998,0.0,102.54889999999996,0.0,0.0,0.0,29,937.3777,0.0,0.0,0.0,0.0,864.1378000000003,561.3872999999995,0.015,8.892993902439027,10.456349999999988,2.619675,3.2286756521739157,5.729359930947556,4.857113034886104,248.0,246.0,124.0,488.66666666666674,308.00000000000006,50.0,47,0,0,4,2,0.0,504.0,6485.889100000001,1039.76,6143.570299999999,183,9,0,35,0.5604870008284726,0.7199461837307974,0.34754405823343215,45,2514.4711999999977,2187.6765000000005,10,8,8.0,0,0,0,0.0,0,0.0,92728.17222648457,0.0,0,0,0,1.5,0,0.0,0,0,0.0,0,0.0,0,0,20.9574,8.0,2.0539,1,8.8076,6.165199999999998,NaN,1280.0,100.0,0.6836508678693939,0,0,0.0,0,0.0,1280.0,0,0.0,0,0,0,0.0,0.0,0.0,0.0,0.0,0.0,0.0,0.0,0,0,0,0,47,0.0,0,6,0.0,0,0.0,681.3463,315.501,2445.297857650347,0.0,2445.297857650347,0.0,8.8076,1659.4759000000001,7185.3841999999995,0.713129362965155,91,9555.888600000002,35,83172.28362648454,1,0.0,4,9737.477799999999,2,-362.1921000000002,-6472.8822,371.11152209999085,279.20137391521615,0,11,124,124,11 + fiscal policy and VAT,debt,4,3.637978807091713e-12
61,126,1,4,15581.011299999993,214.99380000000002,14416.336999999998,0.0,55334.996099999946,,0.0,7866.78,47468.21609999995,0.0,4255.9651,180.21817199999995,0.00375,41.11,3512.5669534932667,0.0,0.07680854655618512,1064.1702969930716,1823.1571106621775,0.02,254.1940999999999,2.0,0.0,0.0,2.0,0.0,24,0,0.953125,0.7149641597950775,0.0,1.0,0.0,0.0,2.0,5,0,0,0.32809073724007565,21,167.61175111109625,-1.7480225463654455,165.86372856473082,10.46336729331852,0.7906803335024095,11.25404762682093,1596.948400000001,1511.189299999997,1942.7315000000042,78.958,25,14,1822.5177999999976,15596.202700000002,277.1902,2.0,2.0,0.0,0.0,0.0,0.12,0.5,0.25,553.7205000000006,5378.246200000479,3968.344399999999,242,2124.8285,984.3319999999984,2477.2470000000003,515.7332999999996,0.0,0.0,0.0,0.0,0.0,6,894.1957,0.0,0.0,0.0,0.0,816.6395000000002,6.6354,0.015,8.774301739130435,10.395816800000011,2.5048325,3.2342267241379252,5.652509209809154,4.7113996438395205,250.0,230.0,125.0,498.66666666666674,318.0,50.0,45,9,9,6,2,0.0,495.0,7155.707400000002,466.8332,6950.4271,183,9,0,35,0.4863790902847087,0.7149641597950775,0.26299036955047295,29,3517.9507999999996,2018.0893999999998,7,5,40.0,0,0,9,0.0,0,0.0,94077.93372648452,0.0,0,0,0,1.5,0,0.0,0,0,0.0,0,0.0,0,0,100.1933,16.0,72.7379,1,137.03289999999998,95.92320000000001,NaN,1280.0,100.0,0.7542620397443939,0,0,0.0,0,0.0,1280.0,0,0.0,0,0,0,0.0,0.0,0.0,0.0,0.0,0.0,0.0,0.0,0,0,0,0,45,0.0,0,6,0.0,0,0.0,681.3463,296.6291,3447.211343934156,0.0,3447.211343934156,0.0,137.03289999999998,2192.7693,7489.9982,0.7111821836641361,91,10026.804399999999,35,84051.12932648456,1,0.0,4,8799.7003,2,-485.4724000000017,-7825.67,393.37821342599034,279.20137391521615,0,11,125,125,11 + fiscal policy and VAT,debt,4,3.637978807091713e-12
62,126,1,4,14585.6325,238.7422,10910.498800000001,0.0,57006.943399999975,,0.0,8444.3775,48562.56589999997,0.0,5398.7583,177.9991356249999,0.00375,36.5152,3473.13982218383,0.0,0.07364403443807029,1116.7989471779294,1807.57001478922,0.02,287.1026999999997,2.0,0.0,0.0,2.0,0.0,27,0,0.953125,0.7164204400133816,0.0,0.0,0.0,0.0,2.0,6,0,0,0.29759338033914107,23,170.11409458784442,-1.9557164392145439,168.15837814862988,13.246383016454153,0.6456301611887881,13.892013177642943,1416.2985999999999,1468.8902000000044,192.9915,0.0,27,15,2307.863499999983,16437.63,186.6097,2.0,2.0,0.0,0.0,0.0,0.12,0.5,0.25,624.6772000000011,5452.924100000506,4447.046299999999,248,1357.6130999999998,2329.2435000000055,2541.6735,499.02370000000025,0.0,0.0,0.0,0.0,0.0,19,1128.2833,0.0,0.0,0.0,0.0,877.5748999999998,441.7602000000003,0.015,8.732429389312975,10.446574999999996,2.6155975000000007,3.21517102803738,5.78114345938878,4.5700576545243345,232.0,262.0,116.0,487.0000000000001,299.0,49.0,49,0,0,1,6,5.0,504.0,6472.1799,266.602,6680.2633000000005,183,0,9,35,0.5302557571328637,0.7164204400133816,0.2384309605737105,27,2491.1567,2287.8964999999994,11,5,40.0,0,0,0,0.0,0,0.0,94167.86772648459,0.0,0,0,0,1.5,0,0.0,0,0,0.0,0,0.0,0,0,104.62390000000003,16.0,1.7888,1,121.7162,85.20079999999999,NaN,1280.0,100.0,0.8763194401041666,0,0,0.0,0,0.0,1280.0,0,0.0,0,0,0,0.0,0.0,0.0,0.0,0.0,0.0,0.0,0.0,0,0,0,0,49,0.0,0,6,0.0,0,0.0,707.7303999999999,306.96320000000003,269.53172008925185,0.0,269.53172008925185,0.0,121.7162,2030.4930000000002,6948.6541,0.7136458687183493,91,10195.089399999993,35,83972.77832648456,1,0.0,4,9236.126600000001,2,-486.3560347630548,-8407.8623,393.37821342599034,279.20137391521615,0,12,10,116,11 + fiscal policy and VAT,debt,4,3.637978807091713e-12
63,126,1,4,14933.115299999994,238.7422,11299.485300000006,0.0,57760.572900000014,,0.0,7778.8697,49981.70320000001,0.0,4039.899800000001,182.10322824999986,0.00375,1.0392,3413.952942739045,0.0,0.0706099002192218,1023.434657923317,1786.993170159363,0.02,270.7669000000001,2.0,0.0,0.0,2.0,0.0,25,0,0.9635416666666666,0.7190932907137018,9.0,2.0,3.0,0.0,2.0,6,0,0,0.2757544224765869,23,184.5074642086121,-1.9063960884863194,182.60106812012577,15.810758777431925,0.7622295111554352,16.57298828858736,1586.6454,180.6737,1598.9631999999997,0.0,27,15,2307.863499999983,16437.63,259.9055,2.0,2.0,0.0,0.0,0.0,0.12,0.5,0.25,694.1010000000017,5525.824800000544,4447.046299999999,252,1287.4007000000001,939.9179000000008,569.6177,458.6616000000004,0.0,0.0,0.0,0.0,0.0,2,1629.6619,0.0,0.0,0.0,0.0,780.6117999999999,7.1685,0.015,8.773523387096775,10.112424999999995,2.777737931034483,3.15715625,5.814259828185717,4.432955924888605,256.0,248.0,128.0,502.66666666666663,323.0,50.0,44,3,3,4,7,4.0,501.0,7038.009100000004,0.0001,6262.6161999999995,185,0,7,36,0.5715381495626439,0.7190932907137018,0.2935994068022698,31,3458.793699999999,2175.8338000000003,13,6,29.0,0,0,3,0.0,0,0.0,100980.92127046482,0.0,0,0,0,1.5,0,0.0,0,0,0.0,0,0.0,0,0,80.5544,15.0,1.7888,1,3.4636,2.4240000000000004,NaN,1280.0,100.0,0.6337050390625,0,0,0.0,0,0.0,1280.0,0,0.0,0,0,0,0.0,0.0,0.0,0.0,0.0,0.0,0.0,0.0,0,0,0,0,44,0.0,0,6,0.0,0,0.0,707.7303999999999,283.4031,3712.94731884414,0.0,3712.94731884414,0.0,3.4636,3454.7838,6264.4051,0.7114680533545945,90,8948.438900000001,36,92032.48237046479,1,0.0,4,11083.315600000002,2,-275.13936922565654,-7777.8305,369.7755206204309,311.59239011062056,0,12,128,128,11 + fiscal policy and VAT,debt,4,3.637978807091713e-12
64,126,1,4,15526.510099999996,238.7422,11942.645599999994,0.0,58455.094600000026,,0.0,8401.3521,50053.74250000002,0.0,3147.714699999999,187.42514624999984,0.00375,17.5308,3359.0015527479327,0.0,0.06770077233018985,1019.7305746976557,1742.2388351652883,0.02,274.0671000000003,2.0,0.0,0.0,2.0,0.0,29,6,0.9791666666666666,0.7217860005701229,7.0,3.0,3.0,0.0,2.0,6,0,0,0.27728913121592275,23,183.05430185072643,-2.38154166992831,180.67276018079812,9.595677390433035,0.09995940230078516,9.69563679273382,1606.2163999999996,1577.9890999999984,1627.1904999999995,0.0,27,15,2307.863499999983,16437.63,265.0021,2.0,2.0,0.0,0.0,0.0,0.12,0.5,0.25,771.7866000000017,5606.743000000564,4447.046299999999,256,1513.8836,920.4888000000008,2389.6046,568.0252000000004,0.0,0.0,0.0,0.0,0.0,43,2432.548,0.0,0.0,0.0,0.0,775.8746000000003,994.4448000000001,0.015,8.730924110671939,10.614324999999992,2.677421428571428,3.087400806451616,5.9709416971499465,4.299967247141947,248.0,253.0,124.0,495.66666666666674,316.00000000000006,50.0,44,0,0,5,9,1.0,504.0,5494.684200000001,1217.7535,6362.2047999999995,188,0,4,36,0.5422657070443493,0.7217860005701229,0.39511999536667064,45,2026.9151000000006,2208.9238000000005,17,8,28.0,0,0,0,0.0,0,0.0,100435.97534079666,0.0,0,0,0,1.5,0,0.0,0,0,0.0,0,0.0,0,0,74.96779999999998,16.0,1.7888,1,58.4365,40.90520000000001,NaN,1280.0,100.0,0.7947200781250001,0,0,0.0,0,0.0,1280.0,0,0.0,0,0,0,0.0,0.0,0.0,0.0,0.0,0.0,0.0,0.0,0,0,0,0,44,0.0,0,6,0.0,0,0.0,707.7303999999999,260.0634,2485.3606418592726,0.0,2485.3606418592726,0.0,58.4365,1986.7802999999997,7581.7471000000005,0.7151030229757438,90,8793.649699999998,36,91642.32564079668,1,0.0,4,11151.8217,2,-357.2649395575181,-8383.8213,347.588989383205,311.59239011062056,0,12,124,124,11 + fiscal policy and VAT,debt,4,3.637978807091713e-12
65,126,1,4,16367.061000000002,238.7422,14230.075357532816,0.0,59098.48310000007,,0.0,9236.6031,49861.88000000007,0.0,3887.8746999999994,187.6959173749999,0.00375,22.8096,3301.073116820171,0.0,0.06491150051018603,998.4070702560525,1693.9188945467804,0.02,264.2318,2.0,0.0,0.0,2.0,0.0,29,0,0.9791666666666666,0.7173224258334328,4.0,25.0,4.0,0.0,2.0,6,0,0,0.2542899512746275,23,185.49097184529094,-1.7062825066494087,183.78468933864153,11.185502895816715,0.5960607917895443,11.781563687606258,1579.1730000000025,1620.0912999999935,1586.2722000000024,0.0,27,15,2307.863499999983,16437.63,227.8392,2.0,2.0,0.0,0.0,0.0,0.12,0.5,0.25,856.2296000000026,5694.174300000595,4447.046299999999,260,1891.7485000000001,1051.1975999999988,3776.468,590.0051000000004,0.0,0.0,0.0,0.0,0.0,13,2080.5101,0.0,0.0,0.0,0.0,755.8427000000004,1038.2706,0.015,8.8197512605042,10.420800000000016,2.5707125,3.232104838709676,6.026112886625621,4.170968229727688,256.0,238.0,128.0,497.3333333333333,324.0,50.0,43,10,10,5,9,3.0,494.0,6956.5284,252.4016,7053.0225,188,4,0,35,0.52174248019348,0.7173224258334328,0.3455276320999272,35,3041.359600000001,2099.1007999999997,19,10,40.0,0,0,10,0.0,0,0.0,102052.12505141347,0.0,0,0,0,1.5,0,0.0,0,0,0.0,0,0.0,0,0,102.82849999999999,16.0,1.7888,1,76.03099999999999,53.22120000000001,NaN,1280.0,100.0,0.7758935797256338,0,0,0.0,0,0.0,1280.0,0,0.0,0,0,0,0.0,0.0,0.0,0.0,0.0,0.0,0.0,0.0,0,0,0,0,43,0.0,0,6,0.0,0,0.0,707.7303999999999,584.6301893832049,3510.818322846197,0.0,3510.818322846197,0.0,76.03099999999999,2628.2342000000003,7307.2129,0.7123393783494523,91,10393.351999999993,35,91658.77305141345,1,0.0,4,10469.897799999999,2,-508.7935424671798,-9213.7935,352.84580645161327,311.59239011062056,0,12,128,128,11 + fiscal policy and VAT,debt,4,3.637978807091713e-12
66,126,1,4,16101.0425,238.7422,13959.1015,0.0,59989.80900000005,,0.0,8482.1522,51507.656800000055,0.0,5405.53,186.97574500000002,0.00375,41.346,3270.39652211933,0.0,0.06223714668916636,1085.636543990978,1671.4924397462198,0.02,274.95609999999994,2.0,0.0,0.0,2.0,0.0,26,0,0.9791666666666666,0.7142725625661119,0.0,17.0,0.0,0.0,2.0,6,0,0,0.3026469823100937,23,186.0179455719358,-1.7697381183409584,184.24820745359486,12.041516985969203,0.750099647063528,12.791616633032733,1548.7216999999998,1457.0283000000002,1677.9656,0.0,28,16,2307.863499999983,16437.63,290.0338,2.0,2.0,0.0,0.0,0.0,0.12,0.5,0.25,948.7123000000017,5801.56660000064,4447.046299999999,262,850.6558,1116.6743000000008,322.815,446.0121999999997,0.0,0.0,0.0,0.0,0.0,0,1760.7873,0.0,0.0,0.0,0.0,845.6076,0.0,0.015,8.796632661290323,10.536447457627121,2.7432425,3.150296491228074,6.247803619527069,4.045839182835857,236.0,248.0,118.0,487.3333333333334,303.00000000000006,49.0,48,3,3,2,6,2.0,501.0,7077.616900000002,156.915,7062.5885,188,4,0,35,0.5200805669938791,0.7142725625661119,0.3625519968213389,33,4114.164800000002,2181.5649,8,2,40.0,0,0,3,0.0,0,0.0,103810.78874079665,0.0,0,0,0,1.5,0,0.0,0,0,0.0,0,0.0,0,0,109.7297,16.0,1.7888,1,137.8201,96.47360000000002,NaN,1280.0,100.0,0.692680750057615,0,0,0.0,0,0.0,1280.0,0,0.0,0,0,0,0.0,0.0,0.0,0.0,0.0,0.0,0.0,0.0,0,0,0,0,48,0.0,0,6,0.0,0,0.0,666.8992,544.5383,3407.9586933267256,0.0,3407.9586933267256,0.0,137.8201,1626.4723,7221.2923,0.7157361712911574,91,10903.931199999997,35,92906.85754079666,1,0.0,4,10547.7763,2,-833.4717,-8440.8062,369.38341013824873,311.59239011062056,0,12,118,118,11 + fiscal policy and VAT,debt,4,3.637978807091713e-12
67,126,1,4,15552.956099999996,238.7422,13410.772499999997,0.0,60722.30540000007,,0.0,8157.5378,52564.76760000007,0.0,4728.6669999999995,193.14744550000003,0.00375,16.3704,3227.4695255845027,0.0,0.059672976245572704,1017.0967027408943,1651.6005587230018,0.02,292.40459999999996,2.0,0.0,0.0,2.0,0.0,28,0,0.9791666666666666,0.7132595604713121,0.0,0.0,0.0,0.0,2.0,6,0,0,0.2510059171597634,23,186.05815340766733,-1.863193724270697,184.19495968339663,10.01303824114092,0.7453319685966993,10.758370209737619,1637.1285,1423.010300000004,1892.0838,0.0,28,16,2307.863499999983,16437.63,274.3221,2.0,2.0,0.0,0.0,0.0,0.12,0.5,0.25,1045.9074,5912.81860000065,4447.046299999999,264,554.2854,1102.3717999999994,1641.5476,495.1894000000001,0.0,0.0,0.0,0.0,0.0,0,1398.3022,0.0,0.0,0.0,0.0,772.9095,832.3069,0.015,8.935016538461534,10.776618400000006,2.8399324999999993,3.1973347107438026,6.340512967697429,3.9244640073507813,250.0,260.0,125.0,498.3333333333333,318.0,50.0,44,0,0,3,8,5.0,504.0,6292.124300000002,1047.2651,6785.2006,188,4,0,35,0.5032842069085057,0.7132595604713121,0.3724442506720722,37,2321.3295000000007,2323.104299999999,16,8,40.0,0,0,0,0.0,0,0.0,103562.00124079663,0.0,0,0,0,1.5,0,0.0,0,0,0.0,0,0.0,0,0,113.59729999999998,16.0,13.6935,1,54.5673,38.1968,NaN,1280.0,100.0,0.7947743307867815,0,0,0.0,0,0.0,1280.0,0,0.0,0,0,0,0.0,0.0,0.0,0.0,0.0,0.0,0.0,0.0,0,0,0,0,44,0.0,0,6,0.0,0,0.0,666.8992,504.83070000000004,2763.2235152704775,0.0,2763.2235152704775,0.0,54.5673,1738.9897,7846.159200000001,0.7201262410898026,91,11133.1319,35,92428.86934079666,1,0.0,4,11132.684799999999,2,-1196.1993999999997,-8141.1674,369.38341013824873,311.59239011062056,0,12,125,125,11 + fiscal policy and VAT,debt,4,3.637978807091713e-12
68,126,1,4,16047.363200000003,238.7422,13673.311099999994,0.0,61115.60790000006,,0.0,8230.4475,52885.16040000006,0.0,4382.4899,197.11231887499997,0.00375,12.1662,3193.4974657674675,0.0,0.057214449624255106,1007.7622019630109,1601.6216605116447,0.02,284.15940000000006,2.0,0.0,0.0,2.0,0.0,32,0,0.9791666666666666,0.7134475149714539,0.0,0.0,0.0,0.0,2.0,6,0,0,0.25078043704474506,23,185.47204294016063,-2.0117848346283904,183.46025810553223,11.986650362620402,0.647891272036301,12.634541634656703,1650.9150999999986,1892.0837999999987,1650.9150999999986,0.0,28,16,2307.863499999983,16437.63,254.36419999999998,2.0,2.0,0.0,0.0,0.0,0.12,0.5,0.25,911.4765999999997,6019.084700000667,4447.046299999999,265,1596.3988,1101.9916999999998,1840.8834000000002,848.1604000000007,0.0,0.0,0.0,0.0,0.0,4,1221.4708,0.0,0.0,0.0,0.0,759.8290000000003,0.0,0.015,9.068378225806454,10.788875000000003,2.97599,3.2047435483870923,6.498074945966528,3.806730087130257,256.0,248.0,128.0,500.0,324.0,50.0,43,0,0,5,5,1.0,504.0,7148.139599999997,320.7853,6846.551100000001,188,4,0,35,0.5330244203214312,0.7134475149714539,0.37787843977311386,42,4072.497399999998,2248.9578000000006,7,2,40.0,0,0,0,0.0,0,0.0,105134.59294079676,0.0,0,0,0,1.5,0,0.0,0,0,0.0,0,0.0,0,0,119.0396,16.0,498.2502,1,55.99900000000001,28.387200000000007,NaN,1280.0,100.0,0.7450750078701148,0,0,0.0,0,0.0,1280.0,0,0.0,0,0,0,0.0,0.0,0.0,0.0,0.0,0.0,0.0,0.0,0,0,0,0,43,0.0,0,6,0.0,0,0.0,666.8992,469.31639999999993,3393.7071198203867,0.0,3393.7071198203867,0.0,55.99900000000001,2434.8006999999993,7665.5866000000005,0.7285630420916567,91,11515.013199999994,35,93619.57974079667,1,0.0,4,11224.992900000001,2,-1604.8993,-8218.2813,369.38341013824873,311.59239011062056,0,12,128,128,11 + fiscal policy and VAT,debt,4,3.637978807091713e-12
69,126,1,4,16573.160499999994,238.7422,14013.0673,0.0,61969.00710000002,,0.0,8735.4216,53233.585500000016,0.0,4639.515000000001,198.3138444999999,0.00375,11.6644,3175.302414740575,0.0,0.05485721429973579,1056.146110589903,1593.238993160383,0.02,291.50490000000013,2.0,0.0,0.0,2.0,0.0,36,0,0.9791666666666666,0.7160911497677473,0.0,1.0,0.0,0.0,2.0,6,0,0,0.2500429627083691,23,184.2864125305156,-2.067641355407448,182.21877117510815,15.83850033181523,0.7069027535947813,16.54540308541001,1656.9037999999987,1513.4695999999965,1794.349299999999,0.0,28,16,2307.863499999983,16437.63,265.3415,2.0,2.0,0.0,0.0,0.0,0.12,0.5,0.25,822.8731999999981,6129.633100000706,4447.046299999999,267,1659.4031,1133.605799999999,2309.1733999999997,441.71760000000035,0.0,0.0,0.0,0.0,0.0,2,1064.089,0.0,0.0,0.0,0.0,804.6082,699.1247000000005,0.015,9.108304743083,10.92534920634921,3.1201299999999996,3.2623295081967187,6.411887455209272,3.69252818451635,252.0,253.0,126.0,497.33333333333337,319.99999999999994,50.0,45,0,0,3,3,2.0,504.0,7136.451100000002,1165.6203,6884.4041,188,4,0,35,0.5912506382143243,0.7160911497677473,0.3069952289519331,42,2534.2683000000015,2304.401099999999,12,9,40.0,0,0,0,0.0,0,0.0,105101.29994079667,0.0,0,0,0,1.5,0,0.0,0,0,0.0,0,0.0,0,0,124.80519999999999,16.0,310.9316,1,38.8819,27.2172,NaN,1280.0,100.0,0.8586945000576148,0,0,0.0,0,0.0,1280.0,0,0.0,0,0,0,0.0,0.0,0.0,0.0,0.0,0.0,0.0,0.0,0,0,0,0,45,0.0,0,6,0.0,0,0.0,666.8992,433.89220000000006,2503.021088272061,0.0,2503.021088272061,0.0,38.8819,2326.8024,8360.956,0.7347056880763683,91,11269.2018,35,93832.09814079666,1,0.0,4,11384.451600000002,2,-1948.3221999999996,-8723.7572,391.5464147465437,311.59239011062056,0,12,126,126,11 + fiscal policy and VAT,debt,4,3.637978807091713e-12
70,126,1,4,17047.698499999995,238.7422,14378.2122,0.0,62554.720499999974,,0.0,9146.8874,53407.833099999974,0.0,5123.3688999999995,199.62007887499985,0.00375,54.762,3156.710106032054,0.0,0.05259709707058667,1061.6385043383464,1540.9330790213692,0.02,284.3599999999999,2.0,0.0,0.0,2.0,0.0,37,0,0.9791666666666666,0.7177665962631146,0.0,2.0,0.0,0.0,2.0,6,0,0,0.2500629881582262,23,187.01802365093434,-2.1711829711082324,184.8468406798261,13.06342730939439,0.6886800419223228,13.752107351316713,1656.2604,1794.3492999999992,1656.2604,0.0,28,16,2307.863499999983,16437.63,251.85600000000002,2.0,2.0,0.0,0.0,0.0,0.12,0.5,0.25,810.9177999999972,6240.528000000741,4447.046299999999,268,1658.617,1184.0790000000013,2112.6225999999997,762.3257999999996,0.0,0.0,0.0,0.0,0.0,3,874.8465,0.0,0.0,0.0,0.0,809.0821999999998,0.0,0.015,9.059659126984123,11.031611111111117,3.2084666666666672,3.354254918032789,6.267096446432852,3.581752338980859,252.0,252.0,126.0,500.0,320.0,50.0,45,0,0,4,4,2.0,504.0,7177.172799999997,464.4348,8196.3346,188,4,0,35,0.5612718055928565,0.7177665962631146,0.34296305793199466,48,3903.0267000000044,2283.034099999999,16,12,27.0,0,0,0,0.0,0,0.0,106603.82444079671,0.0,0,0,0,1.5,0,0.0,0,0,0.0,0,0.0,0,0,86.62860000000002,16.0,280.1478,1,182.5399,127.77799999999999,NaN,1280.0,100.0,0.9398691615159481,0,0,0.0,0,0.0,1280.0,0,0.0,0,0,0,0.0,0.0,0.0,0.0,0.0,0.0,0.0,0.0,0,0,0,0,45,0.0,0,6,0.0,0,0.0,666.8992,399.1252999999999,3220.0420100175093,0.0,3220.0420100175093,0.0,182.5399,1972.4797000000003,8940.917200000002,0.7408075031830721,91,11246.328499999996,35,95357.49594079668,1,0.0,4,10099.7571,2,-2246.9578000000006,-9092.125399999999,415.0391996313363,311.59239011062056,0,12,126,126,11 + fiscal policy and VAT,debt,4,3.637978807091713e-12
71,126,1,4,16208.925700000003,238.7422,13469.475599999996,0.0,63229.82649999996,,0.0,8295.006,54934.82049999996,0.0,5997.762699999999,200.27352599999986,0.00375,12.5148,3152.617080061753,0.0,0.0504300966712785,1046.3884054426014,1545.1831283745018,0.02,291.09070000000037,2.0,0.0,0.0,2.0,0.0,38,4,0.9791666666666666,0.7215062250230644,0.0,2.0,0.0,0.0,2.0,6,0,0,0.2500730488273741,23,190.07891136217185,-2.296882563157781,187.78202879901406,14.992828056178542,0.28518733031626653,15.278015386494808,1643.1976999999988,1656.2604000000001,1643.1976999999988,0.0,28,16,2307.863499999983,16437.63,265.4944,2.0,2.0,0.0,0.0,0.0,0.12,0.5,0.25,838.3916999999976,6351.411400000748,4447.046299999999,269,403.47999999999996,1242.2527999999986,751.3285,575.0487000000005,0.0,0.0,0.0,0.0,0.0,16,652.0564,0.0,0.0,0.0,0.0,795.2667999999998,556.8275000000002,0.015,9.020649019607843,10.825219047619038,3.137235,3.2594950819672186,6.240018546407319,3.474299768811434,252.0,255.0,126.0,498.6666666666667,320.0,50.0,44,0,0,7,7,5.0,504.0,7159.2967,1170.5743,6914.3573,188,4,0,35,0.6051222478186666,0.7215062250230644,0.33732328235110876,43,2614.011600000001,2300.2655,14,7,40.0,0,0,0,0.0,0,0.0,106663.14854079671,0.0,0,0,0,1.5,0,0.0,0,0,0.0,0,0.0,0,0,125.4894,16.0,300.1262,1,41.7163,29.201599999999996,NaN,1280.0,100.0,0.8737026120367816,0,0,0.0,0,0.0,1280.0,0,0.0,0,0,0,0.0,0.0,0.0,0.0,0.0,0.0,0.0,0.0,0,0,0,0,44,0.0,0,6,0.0,0,0.0,666.8992,364.3578,2466.9909451967897,0.0,2466.9909451967897,0.0,41.7163,1844.2186000000002,8385.0578,0.7480716276257204,91,10880.078800000001,35,95783.06974079665,1,0.0,4,11558.699200000001,2,-2539.7117,-8282.491199999999,439.9415516092165,311.59239011062056,0,12,126,126,11 + fiscal policy and VAT,debt,4,3.637978807091713e-12
72,126,1,4,15598.9153,238.7422,12688.338699999995,0.0,63955.92969999994,,0.0,7742.3508,56213.57889999994,0.0,5206.032800000001,205.9998453749999,0.00375,20.7772,3135.429149306731,0.0,0.04835237668842182,1044.5065811131626,1518.8562245378205,0.02,269.1001000000001,2.0,0.0,0.0,2.0,0.0,34,0,0.9791666666666666,0.7141715476329589,0.0,1.0,0.0,0.0,2.0,6,0,0,0.29578425739729963,23,189.40433742704337,-2.1537082433444183,187.25062918369895,14.001777788092458,0.715568928556625,14.717346716649082,1655.848900000001,1643.197699999995,1655.848900000001,0.0,28,16,2307.863499999983,16437.63,274.61940000000004,2.0,2.0,0.0,0.0,0.0,0.12,0.5,0.25,764.7028999999964,6459.4922000007655,4447.046299999999,269,677.9855999999995,1287.9960000000005,506.01019999999994,574.1467000000002,0.0,117.05989999999997,0.0,0.0,0.0,1,396.7107,0.0,0.0,0.0,0.0,794.5481999999996,0.0,0.015,8.956691525423723,10.857859523809532,3.2180875,3.23462786885246,6.279602387429519,3.3700707757470902,252.0,236.0,126.0,494.66666666666674,320.0,50.0,44,6,6,4,2,3.0,498.0,7204.586400000004,603.5327,7073.9842,188,4,0,35,0.5541863611539062,0.7141715476329589,0.3104409353988833,33,3854.344400000001,2113.7791999999986,14,12,40.0,0,0,6,0.0,0,0.0,108185.73644079658,0.0,0,0,0,1.5,0,0.0,0,0,0.0,0,0.0,0,0,128.7235,16.0,299.3241,1,69.25829999999999,48.4812,NaN,1280.0,100.0,0.8453836927659483,0,0,0.0,0,0.0,1280.0,0,0.0,0,0,0,0.0,0.0,0.0,0.0,0.0,0.0,0.0,0.0,0,0,0,0,44,0.0,0,6,0.0,0,0.0,666.8992,330.0572,2987.480241753127,0.0,2987.480241753127,0.0,69.25829999999999,3300.6922,7976.841,0.7465119564630478,91,11569.738299999997,35,96615.99814079666,1,0.0,4,11385.537499999999,2,-2966.1839,-7721.5736,466.3380447057695,311.59239011062056,0,12,126,126,11 + fiscal policy and VAT,debt,4,3.637978807091713e-12
73,126,1,4,15177.530999999994,238.7422,12249.0669,0.0,64679.20899999999,,0.0,7421.2365,57257.97249999999,0.0,5300.358700000001,210.7955542499999,0.00375,15.3776,3137.488570871958,0.0,0.04636025876885884,1072.407983253981,1515.5699889146385,0.02,285.5841000000001,2.0,0.0,0.0,2.0,0.0,36,0,0.9791666666666666,0.7134086400610633,0.0,3.0,0.0,0.0,2.0,6,0,0,0.28926157852315704,23,190.96437259101566,-2.2683375822791723,188.6960350087365,11.901535774990496,0.6932715292408683,12.594807304231363,1575.8050000000019,1655.8489000000004,1575.8050000000019,0.0,28,16,2307.863499999983,16437.63,289.3024,2.0,2.0,0.0,0.0,0.0,0.12,0.5,0.25,844.2530999999968,6561.8880000007875,4447.046299999999,270,757.0624000000001,1178.4466999999993,950.5496,593.2418999999996,0.0,0.0,0.0,0.0,0.0,7,136.7857,0.0,0.0,0.0,0.0,829.2614000000002,341.01669999999984,0.015,8.955840157480315,10.711789075630266,3.283971875,3.235319130434786,6.158317515209823,3.2689686524746775,238.0,254.0,119.0,492.6666666666667,305.0,49.0,46,1,1,3,7,3.0,503.0,7016.504999999997,1144.7726,6579.4115,188,4,0,35,0.5407678950820298,0.7134086400610633,0.24234088914710772,40,2722.272299999998,2274.7834000000003,14,7,32.0,0,0,1,0.0,0,0.0,108415.5864407966,0.0,0,0,0,1.5,0,0.0,0,0,0.0,0,0.0,0,0,105.0871,16.0,284.6786,1,51.259800000000006,35.881999999999984,NaN,1280.0,100.0,0.8569883542242817,0,0,0.0,0,0.0,1280.0,0,0.0,0,0,0,0.0,0.0,0.0,0.0,0.0,0.0,0.0,0.0,0,0,0,0,46,0.0,0,6,0.0,0,0.0,666.8992,296.544,2268.549916089283,0.0,2268.549916089283,0.0,51.259800000000006,1839.681,8008.862700000001,0.7494625795741765,91,11732.5088,35,96683.07764079665,1,0.0,4,12073.055100000001,2,-3243.9964,-7405.8589,494.3183273881157,311.59239011062056,0,12,119,119,11 + fiscal policy and VAT,debt,4,3.637978807091713e-12
74,126,1,4,16577.6098,238.7422,13359.997600000002,0.0,65362.190599999994,,0.0,8723.3975,56638.793099999995,0.0,4779.578900000002,214.7116293750001,0.00375,49.8456,3118.427906689042,0.0,0.044450216107581854,1040.5562904462663,1479.3033044593612,0.02,288.2722999999999,2.0,0.0,0.0,2.0,0.0,36,0,0.9791666666666666,0.7127125661674469,0.0,0.0,0.0,0.0,2.0,6,0,0,0.2716647443291042,23,192.8774573093541,-2.364992650762672,190.51246465859143,10.884636580209047,0.7214763561495738,11.606112936358622,1624.7732,1575.8050000000007,1624.7732,0.0,28,16,2307.863499999983,16437.63,275.5705,2.0,2.0,0.0,0.0,0.0,0.12,0.5,0.25,652.542699999998,6661.61000000079,4447.046299999999,270,2529.6274,1129.548599999999,2246.2838,643.866600000002,0.0,0.0,0.0,0.0,0.0,6,105.5265,0.0,0.0,0.0,0.0,792.5465999999997,0.0,0.015,8.92242980392157,10.52875905511811,3.17641,3.1790617886178882,6.2427430975979235,3.170899592900437,254.0,255.0,127.0,499.0,322.0,50.0,44,0,0,5,7,4.0,504.0,7490.882600000003,713.0135,7922.8697999999995,188,4,0,35,0.5227673341168275,0.7127125661674469,0.30595607459791463,42,3518.0540000000005,2275.2196000000004,9,2,40.0,0,0,0,0.0,0,0.0,109498.42314079664,0.0,0,0,0,1.5,0,0.0,0,0,0.0,0,0.0,0,0,127.05640000000001,16.0,295.4718,1,166.15109999999999,116.3052,NaN,1280.0,100.0,1.0028088229742815,0,0,0.0,0,0.0,1280.0,0,0.0,0,0,0,0.0,0.0,0.0,0.0,0.0,0.0,0.0,0.0,0,0,0,0,44,0.0,0,6,0.0,0,0.0,666.8992,263.0311,2866.0895027206675,0.0,2866.0895027206675,0.0,166.15109999999999,3207.7918999999997,8931.3551,0.7531124024963993,91,12033.954400000002,35,97464.46874079668,1,0.0,4,10834.5599,2,-3564.403699999999,-8673.551899999999,494.3183273881157,311.59239011062056,0,12,127,127,11 + fiscal policy and VAT,debt,4,3.637978807091713e-12
75,126,1,4,16199.733400000001,238.7422,12768.61190000001,0.0,66025.7765,,0.0,7896.0819,58129.6946,0.0,5530.801300000001,212.38914849999995,0.00375,57.6361,3122.120079905032,0.0,0.04261886720394948,1038.2033507872789,1464.1879699366878,0.02,289.3111,2.0,0.0,0.0,2.0,0.0,37,0,0.9791666666666666,0.7151444155632651,0.0,0.0,0.0,0.0,2.0,6,0,0,0.2747543461829176,23,195.89097760190586,-2.443049588572596,193.44792801333327,12.142714234299369,0.7012543046225244,12.843968538921894,1690.7513000000004,1624.7731999999992,1690.7513000000004,0.0,28,16,2307.863499999983,16437.63,286.3379,2.0,2.0,0.0,0.0,0.0,0.12,0.5,0.25,524.1308999999994,6765.687500000818,4447.046299999999,270,855.8352,1233.7116000000024,210.66259999999994,638.4209999999995,0.0,0.0,0.0,0.0,0.0,7,92.334,0.0,0.0,0.0,0.0,791.1901000000004,0.0,0.015,9.03913134920635,10.96778188976378,3.326555,3.1658528455284562,5.944299354266235,3.0757726051134235,254.0,252.0,127.0,497.33333333333337,322.0,50.0,44,1,1,2,5,3.0,503.0,6514.046100000001,1110.2962,8117.323700000001,188,4,0,35,0.5443641001636128,0.7151444155632651,0.23682381768703342,46,3079.2963000000013,2277.8611,14,9,40.0,0,0,1,0.0,0,0.0,110152.82164079667,0.0,0,0,0,1.5,0,0.0,0,0,0.0,0,0.0,0,0,133.0622,16.0,308.0973,1,192.79489999999998,134.48560000000003,NaN,1280.0,100.0,1.0525290182867817,0,0,0.0,0,0.0,1280.0,0,0.0,0,0,0,0.0,0.0,0.0,0.0,0.0,0.0,0.0,0.0,0,0,0,0,44,0.0,0,6,0.0,0,0.0,666.8992,229.53890000000004,2479.4114616482248,0.0,2479.4114616482248,0.0,192.79489999999998,1993.6951,9535.7172,0.7608651252432519,91,11883.959,35,98268.86264079667,1,0.0,4,10680.807499999999,2,-3791.1055,-7838.4458,494.3183273881157,311.59239011062056,0,12,127,127,11 + fiscal policy and VAT,debt,4,3.637978807091713e-12
76,126,1,4,15423.933300000004,238.7422,11830.889500000005,0.0,66694.11529999998,,0.0,7112.8327,59581.28259999998,0.0,4599.3027,217.9805511249999,0.00375,20.0358,3132.288428875424,0.0,0.04086296987514676,1060.4039705792218,1479.8413442502824,0.02,290.7507000000001,2.0,0.0,0.0,2.0,0.0,38,0,0.9791666666666666,0.7161735680488379,0.0,1.0,0.0,0.0,2.0,6,0,0,0.2503987716342929,23,194.23033605162635,-2.420549982680615,191.80978606894573,13.133117811536174,0.6684211038018212,13.801538915337995,1594.287599999999,1690.7512999999972,1594.287599999999,0.0,28,16,2307.863499999983,16437.63,264.78180000000003,2.0,2.0,0.0,0.0,0.0,0.12,0.5,0.25,447.30579999999867,6869.6343000008355,4447.046299999999,270,438.1265,1213.9265999999998,209.52570000000003,611.932699999999,0.0,0.0,0.0,0.0,0.0,5,91.589,0.0,0.0,0.0,0.0,810.2300000000002,0.0,0.015,8.881597297297303,10.463330158730153,3.40533888888889,3.2674688524590167,5.8082792953824,2.983499426960021,252.0,259.0,126.0,500.33333333333337,319.99999999999994,50.0,45,0,0,5,9,6.0,504.0,6876.278799999996,1141.3812,6989.883,188,4,0,35,0.5592850979085899,0.7161735680488379,0.2224386211314726,48,3053.0807000000013,2300.3337000000015,13,4,36.0,0,0,0,0.0,0,0.0,110685.65144079666,0.0,0,0,0,1.5,0,0.0,0,0,0.0,0,0.0,0,0,122.59220000000003,16.0,304.7655,1,68.33409999999999,46.749700000000004,NaN,1280.0,100.0,0.9307056589117816,0,0,0.0,0,0.0,1280.0,0,0.0,0,0,0,0.0,0.0,0.0,0.0,0.0,0.0,0.0,0.0,0,0,0,0,45,0.0,0,6,0.0,0,0.0,666.8992,196.0911,2302.2563315223933,0.0,2302.2563315223933,0.0,68.33409999999999,3092.8158000000003,8436.0297,0.7624486948521756,91,11785.6851,35,98899.96634079663,1,0.0,4,11952.1875,2,-3953.7727999999993,-7092.7969,523.9774270314026,311.59239011062056,0,12,126,126,11 + fiscal policy and VAT,debt,4,3.637978807091713e-12
77,126,1,4,14620.352999999988,238.7422,10900.435799999997,0.0,67393.26419999999,,0.0,6408.2455,60985.01869999999,0.0,5291.610799999998,223.42392274999992,0.00375,7.262,3136.1788824365694,0.0,0.03917941551629071,1013.9688845006326,1489.1065966243796,0.02,274.96579999999983,2.0,0.0,0.0,2.0,0.0,40,0,0.9791666666666666,0.7169802643900476,0.0,1.0,0.0,0.0,2.0,6,0,0,0.276329827770157,23,198.791124251502,-2.518387959237257,196.27273629226477,14.002515069878767,0.6654719470283139,14.66798701690708,1623.600800000002,1594.2876000000006,1623.600800000002,0.0,28,16,2307.863499999983,16437.63,268.4059,2.0,2.0,0.0,0.0,0.0,0.12,0.5,0.25,402.9198999999979,6967.401283701518,4447.046299999999,270,346.39719999999994,1149.9774999999988,209.78579999999997,561.0408999999987,0.0,0.0,0.0,0.0,0.0,13,88.0289,0.0,0.0,0.0,0.0,768.2196,0.0,0.015,8.884707818930039,10.504325000000009,3.3098450000000006,3.184956451612902,5.6014291307522655,2.8939944441512204,256.0,243.0,128.0,497.33333333333337,324.0,50.0,43,2,2,6,6,1.0,502.0,6713.378100000002,1066.7998,6466.1621,188,4,0,35,0.5741632452295817,0.7169802643900476,0.2182456841655691,48,2964.4706,2158.9839999999995,13,7,40.0,0,0,2,0.0,0,0.0,111248.20374079666,0.0,0,0,0,1.5,0,0.0,0,0,0.0,0,0.0,0,0,132.39380000000003,16.0,278.7221,1,24.207100000000004,16.945200000000003,NaN,1280.0,100.0,0.8782024167242816,0,0,0.0,0,0.0,1280.0,0,0.0,0,0,0,0.0,0.0,0.0,0.0,0.0,0.0,0.0,0.0,0,0,0,0,43,0.0,0,6,0.0,0,0.0,666.8992,165.25300000000001,2418.3627949494594,0.0,2418.3627949494594,0.0,24.207100000000004,2061.5085,7811.683999999999,0.764200396567603,91,11728.0803,35,99520.12344079665,1,0.0,4,12595.387299999999,2,-4084.2062999999994,-6400.9835,555.4160726532868,311.59239011062056,0,12,128,128,11 + fiscal policy and VAT,debt,4,3.637978807091713e-12
78,126,1,4,16122.739599999999,238.7422,12287.35850000001,0.0,68156.02620000001,,0.0,7991.3206,60164.7056,0.0,4585.216900000001,228.68751324999985,0.00375,44.3618,3131.179703048785,0.0,0.037565223597019526,1065.6398264398404,1460.5155103658565,0.02,274.64850000000007,2.0,0.0,0.0,2.0,0.0,40,0,0.9791666666666666,0.7207345562910874,0.0,1.0,0.0,0.0,2.0,6,0,0,0.284864,23,202.68301693605716,-2.572711761999733,200.11030517405743,12.283233678790227,0.7125635822576376,12.995797261047864,1571.5316999999973,1623.600800000003,1571.5316999999973,0.0,28,16,2307.863499999983,16437.63,274.0878,2.0,2.0,0.0,0.0,0.0,0.12,0.5,0.25,372.55319999999824,7059.95978370152,4447.046299999999,270,2616.9795000000004,1114.5928999999999,2449.1709,600.7126000000004,0.0,0.0,0.0,0.0,0.0,0,90.1227,0.0,0.0,0.0,0.0,819.8661000000005,0.0,0.015,8.664049599999997,10.383549999999987,3.229626315789473,3.1832108333333307,5.54258045282861,2.8071746108266837,248.0,250.0,124.0,494.00000000000006,316.0,50.0,46,2,1,5,6,0.0,502.0,7301.720599999997,1095.4136,7322.1685,188,4,0,36,0.5531979916389256,0.7207345562910874,0.20007954903413228,44,2940.767800000001,2166.012399999999,11,5,38.0,0,0,2,0.0,0,0.0,111877.97214079661,0.0,0,0,0,1.5,0,0.0,0,0,0.0,0,0.0,0,0,122.72579999999996,16.0,268.9524,1,147.8784,103.51010000000004,NaN,1280.0,100.0,1.014408458390948,0,0,0.0,0,0.0,1280.0,0,0.0,0,0,0,0.0,0.0,0.0,0.0,0.0,0.0,0.0,0.0,0,0,0,0,46,0.0,0,6,0.0,0,0.0,666.8992,131.8052,2173.1218366398425,0.0,2173.1218366398425,0.0,147.8784,2820.1809,8686.5345,0.7681157036109565,90,10323.537600000003,36,101554.43454079669,1,0.0,4,11746.561799999998,2,-4197.5764,-7946.9588,588.7410370124841,311.59239011062056,0,12,124,124,11 + fiscal policy and VAT,debt,4,3.637978807091713e-12
79,126,1,4,15333.820899999993,238.7422,11421.673799999999,0.0,68837.23069999996,,0.0,7355.2754,61481.95529999995,0.0,6045.9167,225.61153262500002,0.00375,34.0533,3130.971682342927,0.0,0.03601753638482232,1016.2646199174607,1455.8849465619512,0.02,269.87640000000033,2.0,0.0,0.0,2.0,0.0,41,0,0.9791666666666666,0.7221442403469875,0.0,0.0,0.0,0.0,2.0,6,0,0,0.284864,23,209.82864604959997,-2.729860428528267,207.09878562107173,13.535149624756043,0.6851614834849374,14.22031110824098,1588.346900000002,1571.5317000000016,1588.346900000002,0.0,28,16,2307.863499999983,16437.63,267.5484,2.0,2.0,0.0,0.0,0.0,0.12,0.5,0.25,365.30519999999876,7157.614083701534,4447.046299999999,270,441.64369999999997,1230.5624000000028,313.0925,590.3260000000012,0.0,0.0,0.0,0.0,0.0,4,73.7988,0.0,0.0,0.0,0.0,776.6534999999999,0.0,0.015,8.502536400000002,10.406964285714302,3.0833125000000003,3.217364754098361,5.398727051248103,2.722959372501883,252.0,250.0,126.0,495.6666666666667,320.0,50.0,44,2,0,6,4,0.0,502.0,6879.983200000005,1038.1557,7041.6467999999995,188,4,0,36,0.5575077954647722,0.7221442403469875,0.21105628782409602,44,2884.818600000001,2125.6341000000007,11,7,40.0,0,0,2,0.0,0,0.0,112472.92164079665,0.0,0,0,0,1.5,0,0.0,0,0,0.0,0,0.0,0,0,123.33250000000001,16.0,266.1831,1,113.5219,79.45779999999999,NaN,1280.0,100.0,0.9955461667242815,0,0,0.0,0,0.0,1280.0,0,0.0,0,0,0,0.0,0.0,0.0,0.0,0.0,0.0,0.0,0.0,0,0,0,0,44,0.0,0,6,0.0,0,0.0,666.8992,113.9366,2260.1934061692136,0.0,2260.1934061692136,0.0,113.5219,1462.3586000000003,8345.985599999998,0.7711891327154712,90,10234.2021,36,102238.71954079666,1,0.0,4,12069.117700000003,2,-4290.666300000001,-7321.222100000001,588.7410370124841,311.59239011062056,0,12,126,126,11 + fiscal policy and VAT,debt,4,3.637978807091713e-12
80,126,1,4,15014.325299999997,238.7422,11007.873000000005,0.0,69540.98419999996,,0.0,7141.908,62399.07619999997,0.0,5299.610800000001,230.55091449999995,0.00375,16.0101,3134.258137271988,0.0,0.034533613885767644,1020.908021679255,1487.5665331813248,0.02,271.08680000000004,2.0,0.0,0.0,2.0,0.0,40,0,0.9791666666666666,0.722888929619609,0.0,0.0,0.0,0.0,2.0,6,0,0,0.2838985677971356,23,215.48124708699598,-2.7812922343429727,212.699954852653,13.674077121450305,0.6910385904646956,14.365115711915,1542.6983999999968,1588.3469000000014,1542.6983999999968,0.0,28,16,2307.863499999983,16437.63,265.6988,2.0,2.0,0.0,0.0,0.0,0.12,0.5,0.25,340.5175999999985,7249.559883701553,4447.046299999999,270,915.7328000000001,1235.228399999999,742.1009000000001,566.4458000000008,0.0,0.0,0.0,0.0,0.0,0,73.1901,0.0,0.0,0.0,0.0,785.8187999999999,0.0,0.015,8.39807244094488,10.144760799999991,3.1487475000000016,3.1118975206611545,5.325245978853701,2.6412705913268266,250.0,254.0,125.0,494.66666666666674,318.0,50.0,45,1,1,5,5,4.0,503.0,7195.318200000003,1063.0744,6407.399399999999,188,4,0,36,0.5647283969593464,0.722888929619609,0.19060770938196447,40,2844.6027999999997,2133.1103999999996,10,5,40.0,0,0,1,0.0,0,0.0,112977.85514079662,0.0,0,0,0,1.5,0,0.0,0,0,0.0,0,0.0,0,0,125.94990000000006,16.0,259.3331,1,53.3827,37.3575,NaN,1280.0,100.0,0.9367262448492815,0,0,0.0,0,0.0,1280.0,0,0.0,0,0,0,0.0,0.0,0.0,0.0,0.0,0.0,0.0,0.0,0,0,0,0,45,0.0,0,6,0.0,0,0.0,666.8992,96.0684,2167.9600270049236,0.0,2167.9600270049236,0.0,53.3827,1972.7502000000002,7729.8069,0.7731712690521599,90,10210.782600000002,36,102767.07254079667,1,0.0,4,12817.271400000001,2,-4385.5801999999985,-7125.8979,588.7410370124841,311.59239011062056,0,12,125,125,11 + fiscal policy and VAT,debt,4,3.637978807091713e-12
81,126,1,4,15050.390900000004,238.7422,10958.322900000005,0.0,70255.51499999994,,0.0,7293.2765,62962.23849999994,0.0,5202.6772999999985,233.99037600000003,0.00375,17.9458,3122.1774872390924,0.0,0.03311082899367401,1007.8235104583218,1468.5995331593945,0.02,270.2779000000001,2.0,0.0,0.0,2.0,0.0,42,0,0.9791666666666666,0.7243962012086893,0.0,0.0,0.0,0.0,2.0,6,0,0,0.27138942300413327,23,220.13799941660696,-2.9656732109274655,217.1723262056795,14.25107378408544,0.668046154573153,14.919119938658593,1510.6089000000009,1542.6983999999936,1510.6089000000009,0.0,28,16,2307.863499999983,16437.63,256.3499,2.0,2.0,0.0,0.0,0.0,0.12,0.5,0.25,324.4194999999984,7337.868283701592,4447.046299999999,270,1249.4122,1213.3465999999985,1125.5517,564.933600000001,0.0,0.0,0.0,0.0,0.0,0,72.582,0.0,0.0,0.0,0.0,775.6726000000002,0.0,0.015,8.272896887159527,9.966559999999989,3.1545875,3.033027272727271,5.247800638871737,2.562032473587022,250.0,257.0,125.0,496.33333333333337,318.0,50.0,45,0,0,1,6,4.0,504.0,7190.749899999997,1018.9924,6300.0762,188,4,0,36,0.5677724407336953,0.7243962012086893,0.19677589695427367,43,2800.9244000000017,2126.1344999999988,15,9,40.0,0,0,0,0.0,0,0.0,113452.18444079661,0.0,0,0,0,1.5,0,0.0,0,0,0.0,0,0.0,0,0,126.1835,16.0,450.0446,1,75.3077,41.874400000000016,NaN,1280.0,100.0,0.968605046932615,0,0,0.0,0,0.0,1280.0,0,0.0,0,0,0,0.0,0.0,0.0,0.0,0.0,0.0,0.0,0.0,0,0,0,0,45,0.0,0,6,0.0,0,0.0,666.8992,78.2005,2144.936412318071,0.0,2144.936412318071,0.0,75.3077,2720.7752,7769.113200000001,0.7759890711130788,90,10118.7117,36,103333.47274079666,1,0.0,4,13083.1666,2,-4471.804,-7275.3306999999995,588.7410370124841,311.59239011062056,0,12,125,125,11 + fiscal policy and VAT,debt,4,3.637978807091713e-12
82,126,1,4,15443.378700000007,238.7422,11271.973399999997,0.0,70960.79539999996,,0.0,7769.4442,63191.35119999996,0.0,5352.4816,236.1021957500001,0.00375,16.412,3103.2629284102654,0.0,0.031746662839134646,985.9802690230374,1474.0498106068435,0.02,268.5786999999999,2.0,0.0,0.0,2.0,0.0,40,0,0.9791666666666666,0.7245274920191869,0.0,0.0,0.0,0.0,2.0,6,0,0,0.2645574184243735,23,224.32920450444652,-3.085528791985935,221.2436757124606,20.18975595961014,0.6840790429044609,20.8738350025146,1521.4866000000027,1510.6088999999988,1521.4866000000027,0.0,28,16,2307.863499999983,16437.63,249.84480000000002,2.0,2.0,0.0,0.0,0.0,0.12,0.5,0.25,314.5997999999988,7424.35228370161,4447.046299999999,270,1556.3386,1163.3508000000004,1383.0219,551.7412000000008,0.0,0.0,0.0,0.0,0.0,0,71.9736,0.0,0.0,0.0,0.0,757.3405999999997,0.0,0.015,8.180036046511624,9.870525000000013,3.1925825000000003,2.9925862903225777,5.178909674546256,2.485171499379411,256.0,258.0,128.0,502.66666666666663,323.99999999999994,50.0,44,0,0,3,10,3.0,504.0,7770.498900000005,998.3371,6334.6818,188,4,0,36,0.6352051747803171,0.7245274920191869,0.1981019485920139,45,2796.2115000000017,2110.449299999999,15,5,40.0,0,0,0,0.0,0,0.0,113935.72374079666,0.0,0,0,0,1.5,0,0.0,0,0,0.0,0,0.0,0,0,127.70330000000001,16.0,251.4753,1,54.7074,38.295599999999986,NaN,1280.0,100.0,0.964058067765948,0,0,0.0,0,0.0,1280.0,0,0.0,0,0,0,0.0,0.0,0.0,0.0,0.0,0.0,0.0,0.0,0,0,0,0,44,0.0,0,6,0.0,0,0.0,666.8992,60.3875,2181.919948719862,0.0,2181.919948719862,0.0,54.7074,2518.2939,7584.494199999999,0.7757427824166039,90,10202.052600000005,36,103733.67114079666,1,0.0,4,13216.560700000002,2,-4551.7497,-7753.0322,588.7410370124841,311.59239011062056,0,12,128,128,11 + fiscal policy and VAT,debt,4,3.637978807091713e-12
83,126,1,4,16341.1558,238.7422,12095.4899,0.0,71641.5466,,0.0,8717.9549,62923.591700000004,0.0,5730.0032,236.96105025000008,0.00375,56.6332,3077.4841744435307,0.0,0.0304387003301623,943.2733895756651,1443.16444962902,0.02,262.0205000000001,2.0,0.0,0.0,2.0,0.0,42,0,0.9791666666666666,0.7249685083067461,0.0,1.0,0.0,0.0,2.0,6,0,0,0.266143798828125,23,228.11864643512118,-3.205872180866891,224.9127742542543,16.03500127820031,0.6570626490256402,16.69206392722595,1522.9689000000005,1521.4866000000038,1522.9689000000005,0.0,28,16,2307.863499999983,16437.63,240.6456,2.0,2.0,0.0,0.0,0.0,0.12,0.5,0.25,309.8567999999986,7510.939583701635,4447.046299999999,270,2064.9970000000003,1167.2199,1855.8762,578.5582000000002,0.0,0.0,0.0,0.0,0.0,2,71.3653,0.0,0.0,0.0,0.0,717.2459,0.0,0.015,8.071711718749997,9.8026276923077,3.2539138888888886,3.015910317460316,5.1334096544020165,2.410616354398029,260.0,256.0,130.0,500.0,327.99999999999994,50.0,43,0,0,2,8,2.0,504.0,7387.127700000001,1013.8775,7568.293000000001,188,4,0,36,0.5984731655859084,0.7249685083067461,0.2011560767849192,42,2771.1823000000004,2066.358199999999,14,6,36.0,0,0,0,0.0,0,0.0,114549.24464079674,0.0,0,0,0,1.5,0,0.0,0,0,0.0,0,0.0,0,0,117.14089999999999,16.0,243.8591,1,188.7792,132.1456,NaN,1280.0,100.0,1.1404954896409483,0,0,0.0,0,0.0,1280.0,0,0.0,0,0,0,0.0,0.0,0.0,0.0,0.0,0.0,0.0,0.0,0,0,0,0,43,0.0,0,6,0.0,0,0.0,666.8992,42.5745,2177.734490677066,0.0,2177.734490677066,0.0,188.7792,2512.8634,8826.0296,0.7773041056315089,90,10301.4567,36,104247.78794079667,1,0.0,4,11963.399300000001,2,-4626.6186,-8661.3217,624.0654992332331,311.59239011062056,0,12,130,130,11 + fiscal policy and VAT,debt,4,3.637978807091713e-12
84,126,1,4,15637.021099999998,238.7422,11200.0676,0.0,72282.4465,,0.0,7918.2965,64364.15,0.0,6646.5911000000015,235.9570588750002,0.00375,17.5657,3047.3805559167718,0.0,0.029184625876559612,924.0921070061269,1440.3236706111811,0.02,255.7393000000001,2.0,0.0,0.0,2.0,0.0,43,0,0.9791666666666666,0.7256627603061112,0.0,0.0,0.0,0.0,2.0,6,0,0,0.2777257503849145,23,233.09316595286396,-3.2558226128684544,229.83734333999553,18.25541106012576,0.6838531375932494,18.93926419771901,1516.5188,1522.9688999999987,1516.5188,0.0,28,16,2307.863499999983,16437.63,248.62770000000003,2.0,2.0,0.0,0.0,0.0,0.12,0.5,0.25,185.29759999999862,7600.77010347416,4447.046299999999,270,500.5392999999999,1204.673999999999,206.79770000000005,523.6770999999992,0.0,125.53110000000001,0.0,0.0,0.0,2,67.9152,0.0,0.0,0.0,0.0,701.1012999999999,0.0,0.015,7.9717509960159365,9.770682170542639,3.2562849999999997,2.9384567999999995,5.065112480744887,2.338297863766088,258.0,251.0,129.0,501.33333333333337,326.00000000000006,50.0,43,1,1,0,2,1.0,503.0,7901.067899999999,1079.1282,6302.6881,188,4,0,36,0.6094198721773469,0.7256627603061112,0.20949843007522695,44,2835.9480999999987,2000.9095,8,6,40.0,0,0,1,0.0,0,0.0,115198.80964079667,0.0,0,0,0,1.5,0,0.0,0,0,0.0,0,0.0,0,0,130.2514,16.0,268.656,1,60.3247,40.9865,NaN,1280.0,100.0,1.0004010885992816,0,0,0.0,0,0.0,1280.0,0,0.0,0,0,0,0.0,0.0,0.0,0.0,0.0,0.0,0.0,0.0,0,0,0,0,43,0.0,0,6,0.0,0,0.0,666.8992,27.5507,2074.6586291107224,0.0,2074.6586291107224,0.0,60.3247,1988.1501,7650.472299999999,0.7811855981184304,90,10265.694899999997,36,104933.11474079668,1,0.0,4,13276.840500000002,2,-4821.3562999999995,-7900.7308,624.0654992332331,311.59239011062056,0,12,129,129,11 + fiscal policy and VAT,debt,4,3.637978807091713e-12
85,126,1,4,15467.271700000008,238.7422,11016.171000000004,0.0,72982.03670000003,,0.0,7935.6194,65046.41730000002,0.0,5982.625999999998,241.35920925000016,0.00375,33.783,3018.232998127998,0.0,0.027982219290445354,955.8177520988875,1418.8061904186652,0.02,262.1311,2.0,0.0,0.0,2.0,0.0,43,0,0.9791666666666666,0.7419533937855938,0.0,1.0,1.0,0.0,2.0,6,0,0,0.27137113221840214,23,571.2450157252528,-3.3526853874738913,567.892330337779,17.567915765305724,0.6314335171465392,18.199349282452264,1468.9403000000011,1516.5187999999969,1468.9403000000011,0.0,28,16,2307.863499999983,16437.63,246.13330000000005,2.0,2.0,0.0,0.0,0.0,0.12,0.5,0.25,240.66799999999887,7685.583403474197,4447.046299999999,270,968.9952999999999,1138.744699999998,940.208,553.4019999999997,0.0,0.0,0.0,0.0,0.0,0,70.1732,0.0,0.0,0.0,0.0,735.6303999999997,0.0,0.015,7.829840076335877,9.64941111111111,3.325135000000001,2.9812672131147533,4.838239887353401,2.268148927853105,252.0,262.0,126.0,503.0,320.0,50.0,45,1,0,4,11,4.0,503.0,7423.459699999998,1075.0416,6621.359399999999,188,4,0,36,0.6024368364233361,0.7419533937855938,0.1856633970645456,44,2639.2138999999993,2051.4181,16,5,40.0,0,0,1,0.0,0,0.0,277571.5603999997,0.0,0,0,0,1.5,0,0.0,0,0,0.0,0,0.0,0,0,133.00540000000004,16.0,243.4548,1,112.63700000000001,78.82799999999999,NaN,1280.0,100.0,1.5097966145833333,0,0,0.0,0,0.0,1280.0,0,0.0,0,0,0,0.0,0.0,0.0,0.0,0.0,0.0,0.0,0.0,0,0,0,0,45,0.0,0,6,0.0,0,0.0,666.8992,9.7377,1950.3075881215668,0.0,1950.3075881215668,0.0,112.63700000000001,3390.7334,7939.8558,0.7702488744546157,90,10192.303899999999,36,267379.25649999996,1,0.0,4,13040.0578,2,-4833.245499999999,-7901.836399999999,661.5094291872272,1172.9826,0,12,126,126,11 + fiscal policy and VAT,debt,4,3.637978807091713e-12
86,126,1,4,15692.84179999999,238.7422,11264.645400000003,0.0,73633.72630000007,,0.0,7236.458,66397.26830000007,0.0,6130.429900000001,243.91789037500007,0.00375,14.6487,2984.6436704010357,0.0,0.026829351855679005,906.1989795384187,1413.198855267357,0.02,249.7846000000001,2.0,0.0,0.0,2.0,0.0,43,0,0.9739583333333334,0.741466632697406,0.0,1.0,2.0,0.0,2.0,6,0,0,0.272064,23,552.5887423736482,-3.429215830296576,549.1595265433516,16.81856042750285,0.6342054083690468,17.452765835871897,1479.5090000000007,1468.9402999999975,1479.5090000000007,0.0,28,16,2307.863499999983,16437.63,237.67110000000002,2.0,2.0,0.0,0.0,0.0,0.12,0.5,0.25,268.97479999999877,7768.100903474239,4447.046299999999,270,1316.9062,1091.3361000000007,190.06079999999997,518.9771999999997,0.0,0.0,0.0,0.0,0.0,1,5.4497,0.0,0.0,0.0,0.0,689.9701999999999,0.0,0.015,7.790993200000002,9.57425891472868,3.344787500000001,2.913658870967741,4.875509152660987,2.200104460017512,258.0,250.0,129.0,498.0,325.99999999999994,50.0,43,2,1,3,5,2.0,502.0,8291.508400000004,1086.1638,6041.906799999999,187,5,0,36,0.590688364748595,0.741466632697406,0.20254765946890418,46,2632.4924999999985,1947.7483000000004,11,6,40.0,0,0,2,0.0,0,0.0,263998.19619999995,0.0,0,0,0,1.5,0,0.0,0,0,0.0,0,0.0,0,0,133.79150000000004,16.0,253.1644,1,50.4941,34.17840000000001,NaN,1280.0,100.0,1.4168460546875001,0,0,0.0,0,0.0,1280.0,0,0.0,0,0,0,0.0,0.0,0.0,0.0,0.0,0.0,0.0,0.0,0,0,0,0,43,0.0,0,6,0.0,0,0.0,666.8992,3.9043,1939.985447881176,0.0,1939.985447881176,0.0,50.4941,2403.7603999999997,7381.234999999999,0.7701450391749087,90,10140.788400000005,36,253857.40780000002,1,0.0,4,13696.923599999998,2,-4875.0647,-7221.8093,701.1999949384608,1098.2551,0,12,129,129,11 + fiscal policy and VAT,debt,4,3.637978807091713e-12
87,126,1,4,15529.937200000004,238.7422,11061.247099999997,0.0,74341.80180000007,,0.0,7167.4346,67174.36720000008,0.0,6307.900200000003,248.98387175,0.00375,49.3134,2956.9143042053306,0.0,0.025723982559225027,927.2858860044566,1391.4388444702204,0.02,243.88170000000008,2.0,0.0,0.0,2.0,0.0,42,0,0.9739583333333334,0.7414146956959777,0.0,0.0,0.0,0.0,2.0,6,0,0,0.28600700641152754,23,556.9737220113643,-3.4539439523774504,553.519778058987,15.4233075977251,0.6219351221731663,16.04524271989827,1452.3719000000012,1479.5090000000052,1452.3719000000012,0.0,28,16,2307.863499999983,16437.63,238.698,2.0,2.0,0.0,0.0,0.0,0.12,0.5,0.25,228.48109999999878,7860.443803474258,4447.046299999999,270,954.2674,1117.171999999997,821.4308,539.0474000000005,0.0,0.0,0.0,0.0,0.0,16,0.0,0.0,0.0,0.0,0.0,712.1686999999997,0.0,0.015,7.703142682926829,9.582313492063502,3.4344325000000007,2.8878057851239674,4.907842920675568,2.1341013262169866,252.0,246.0,126.0,498.3333333333333,320.0,50.0,45,2,1,6,2,2.0,502.0,7192.522299999997,1111.6984,6941.1675000000005,187,5,0,36,0.5861799330780235,0.7414146956959777,0.19662291329736048,44,2624.377300000001,1894.9731,6,4,40.0,0,0,2,0.0,0,0.0,264628.2962999999,0.0,0,0,0,1.5,0,0.0,0,0,0.0,0,0.0,0,0,137.37730000000002,16.0,235.2356,1,164.4745,115.0648,NaN,1280.0,100.0,1.552840611979167,0,0,0.0,0,0.0,1280.0,0,0.0,0,0,0,0.0,0.0,0.0,0.0,0.0,0.0,0.0,0.0,0,0,0,0,45,0.0,0,6,0.0,0,0.0,666.8992,3.4707,1832.607112931659,0.0,1832.607112931659,0.0,164.4745,3261.2001,8288.1015,0.7712328357554215,90,10181.382599999997,36,254446.9137,1,0.0,4,12718.0923,2,-4921.0081,-7118.1212,701.1999949384608,1098.2551,0,12,126,126,11 + fiscal policy and VAT,debt,4,3.637978807091713e-12
88,126,1,4,14711.339199999991,238.7422,10215.660200000004,0.0,75024.56580000004,,0.0,6456.5383,68568.02750000004,0.0,5992.963000000001,251.89745075000002,0.00375,53.6628,2926.027193399972,0.0,0.024664154477784955,936.8555273577865,1374.8768455999812,0.02,246.24359999999996,2.0,0.0,0.0,2.0,0.0,43,0,0.9739583333333334,0.7413552817514382,0.0,0.0,0.0,0.0,2.0,6,0,0,0.2864701436130007,23,564.6672845849166,-3.3919303007114334,561.2753542842052,16.005342194770268,0.6619765737043972,16.667318768474665,1416.3531999999968,1452.371900000004,1416.3531999999968,0.0,28,16,2307.863499999983,16437.63,239.59609999999998,2.0,2.0,0.0,0.0,0.0,0.12,0.5,0.25,201.49219999999883,7951.4843034742635,4447.046299999999,270,316.60020000000003,1135.1981999999991,198.57080000000002,546.1822000000003,0.0,0.0,0.0,0.0,0.0,0,0.0,0.0,0.0,0.0,0.0,724.1983999999998,0.0,0.015,7.57534722222222,9.51897804878047,3.5760875000000008,2.9122440677966104,4.846849622461106,2.0700782864304768,246.0,252.0,123.0,494.3333333333334,314.0,50.0,46,2,1,5,8,1.0,502.0,6325.768900000003,1132.7193,6954.9937,187,5,0,36,0.5746764680836001,0.7413552817514382,0.18893065555314492,39,2582.5563,1908.9874999999995,14,6,40.0,0,0,2,0.0,0,0.0,265210.0709999999,0.0,0,0,0,1.5,0,0.0,0,0,0.0,0,0.0,0,0,143.04350000000002,16.0,244.1945,1,179.5619,125.2128,NaN,1280.0,100.0,1.5764575,0,0,0.0,0,0.0,1280.0,0,0.0,0,0,0,0.0,0.0,0.0,0.0,0.0,0.0,0.0,0.0,0,0,0,0,46,0.0,0,6,0.0,0,0.0,666.8992,3.0371,1743.875072440029,0.0,1743.875072440029,0.0,179.5619,2129.0173000000004,8331.9075,0.7715541425702219,90,10233.572100000003,36,254976.49890000004,1,0.0,4,12660.3434,2,-4947.997000000001,-6402.8755,701.1999949384608,1098.2551,0,12,123,123,11 + fiscal policy and VAT,debt,4,3.637978807091713e-12
89,126,1,4,15232.284000000003,238.7422,10716.342200000005,0.0,75662.15289999997,,0.0,7107.3235,68554.82939999997,0.0,5278.412699999999,257.1238220000001,0.00375,30.7606,2896.443156564329,0.0,0.023647991313300216,895.6327371580609,1365.8285793762188,0.02,247.11630000000005,2.0,0.0,0.0,2.0,0.0,43,0,0.9739583333333334,0.7417856021613312,0.0,0.0,0.0,0.0,2.0,6,0,0,0.27005917159763315,23,576.0192583200824,-3.450764901047525,572.5684934190348,17.93136795935422,0.6143958028495776,18.545763762203794,1420.9372000000005,1416.353199999996,1420.9372000000005,0.0,28,16,2307.863499999983,16437.63,228.7364,2.0,2.0,0.0,0.0,0.0,0.12,0.5,0.25,181.2293999999991,8035.833403474271,4447.046299999999,270,1586.906,1065.9612000000002,1482.2941,524.556600000001,0.0,0.0,0.0,0.0,0.0,9,0.0,0.0,0.0,0.0,0.0,686.5379999999999,0.0,0.015,7.562696538461537,9.341859842519687,3.7201160000000004,2.8621606557377017,4.743825746248565,2.007975937837563,254.0,260.0,127.0,495.6666666666667,322.00000000000006,50.0,44,1,0,5,9,5.0,503.0,7444.6709000000055,1118.3105,6393.716899999999,187,5,0,36,0.608137621818744,0.7417856021613312,0.20347260322722804,44,2556.2875,1966.3010999999997,18,9,25.0,0,0,1,0.0,0,0.0,265710.50940000016,0.0,0,0,0,1.5,0,0.0,0,0,0.0,0,0.0,0,0,93.00290000000001,16.0,244.8251,1,103.5049,71.7747,NaN,1280.0,100.0,1.5171476302083338,0,0,0.0,0,0.0,1280.0,0,0.0,0,0,0,0.0,0.0,0.0,0.0,0.0,0.0,0.0,0.0,0,0,0,0,44,0.0,0,6,0.0,0,0.0,666.8992,2.6035,1837.9041959881897,0.0,1837.9041959881897,0.0,103.5049,3635.385599999999,7756.8525,0.77138205080278,90,10159.9346,36,255550.57480000006,1,0.0,4,13335.985900000001,2,-4968.2598,-7076.562900000001,701.1999949384608,1098.2551,0,12,127,127,11 + fiscal policy and VAT,debt,4,3.637978807091713e-12
90,126,1,4,14524.701799999999,238.7422,10000.881000000001,0.0,76320.98579999998,,0.0,6518.019,69802.96679999998,0.0,5833.354300000001,257.0747285,0.00375,22.1752,2846.9160441773724,0.0,0.022673694071192248,867.5313768920132,1344.6707961182478,0.02,234.96030000000005,2.0,0.0,0.0,2.0,0.0,42,0,0.9739583333333334,0.7416684492261751,0.0,1.0,0.0,0.0,2.0,6,0,0,0.28365548801311385,23,578.3040740810247,-3.3264396790501727,574.9776344019746,17.769601003630626,0.635102121440099,18.404703125070725,1436.3614999999993,1420.9372000000044,1436.3614999999993,0.0,28,16,2307.863499999983,16437.63,231.31019999999998,2.0,2.0,0.0,0.0,0.0,0.12,0.5,0.25,173.3503999999993,8122.1869034742895,4447.046299999999,270,373.8049000000001,1081.3870999999992,279.5724,492.73070000000007,0.0,0.0,0.0,0.0,0.0,0,0.0,0.0,0.0,0.0,0.0,658.8168000000002,0.0,0.015,7.476990909090908,9.371699999999995,3.714217500000001,2.808871544715451,4.632806296194442,1.9477366597024355,256.0,242.0,128.0,496.6666666666667,324.0,50.0,43,4,3,5,4,2.0,500.0,7051.855500000006,1138.5156,6071.5389000000005,187,5,0,36,0.607311662146315,0.7416684492261751,0.19109539561784072,45,2498.7897999999996,1809.4317999999998,9,5,40.0,0,0,4,0.0,0,0.0,266243.89989999996,0.0,0,0,0,1.5,0,0.0,0,0,0.0,0,0.0,0,0,148.56870000000004,16.0,240.6166,1,74.94669999999999,51.7427,NaN,1280.0,100.0,1.4928473567708336,0,0,0.0,0,0.0,1280.0,0,0.0,0,0,0,0.0,0.0,0.0,0.0,0.0,0.0,0.0,0.0,0,0,0,0,43,0.0,0,6,0.0,0,0.0,666.8992,2.1699,1782.1831783627265,0.0,1782.1831783627265,0.0,74.94669999999999,3271.5865,7450.6711000000005,0.7708871349771182,90,10207.745900000002,36,256036.15399999998,1,0.0,4,13631.305499999999,2,-4976.1388,-6495.843800000001,743.2719946347685,1098.2551,0,12,128,128,11 + fiscal policy and VAT,debt,4,3.637978807091713e-12
91,126,1,4,15824.641299999994,238.7422,11291.576199999994,0.0,77017.21929999997,,0.0,7915.5442,69101.67509999996,0.0,5344.624999999999,261.75522637500006,0.00375,43.7132,2818.940208985109,0.0,0.021739537875459125,904.3612791484057,1324.3665976567393,0.02,242.51279999999997,2.0,0.0,0.0,2.0,0.0,42,0,0.9739583333333334,0.7416737235996811,0.0,1.0,0.0,0.0,2.0,6,0,0,0.28886369362559833,23,586.2818205352984,-3.3540415879130165,582.9277789473854,16.725362667398173,0.6010022636345331,17.326364931032707,1359.573100000003,1436.3615000000032,1359.573100000003,0.0,28,16,2307.863499999983,16437.63,243.65220000000002,2.0,2.0,0.0,0.0,0.0,0.12,0.5,0.25,164.1060999999992,8203.068103474285,4447.046299999999,270,2302.0157,1002.0761999999976,2211.8902,524.0176999999996,0.0,0.0,0.0,0.0,0.0,9,0.0,0.0,0.0,0.0,0.0,698.0432,0.0,0.015,7.432130952380952,9.106485245901649,3.7011125000000007,2.747149572649573,4.565394290340393,1.8893045599113625,244.0,252.0,122.0,493.66666666666674,312.00000000000006,50.0,46,1,0,5,5,2.0,503.0,7874.4518000000035,1236.7363,6434.396100000001,187,5,0,36,0.5970603455466468,0.7416737235996811,0.18432895323405663,43,2437.925100000001,1872.897,8,3,40.0,0,0,1,0.0,0,0.0,266700.3672999999,0.0,0,0,0,1.5,0,0.0,0,0,0.0,0,0.0,0,0,148.04450000000003,16.0,235.3439,1,146.74269999999999,101.99680000000004,NaN,1280.0,100.0,1.5668932421875004,0,0,0.0,0,0.0,1280.0,0,0.0,0,0,0,0.0,0.0,0.0,0.0,0.0,0.0,0.0,0.0,0,0,0,0,46,0.0,0,6,0.0,0,0.0,666.8992,1.7363,1486.917789773021,0.0,1486.917789773021,0.0,146.74269999999999,3294.8650000000007,7906.476299999999,0.771230827369882,90,10247.2916,36,256453.07570000002,1,0.0,4,13264.669599999997,2,-4985.383099999999,-7871.831,787.8683143128546,1098.2551,0,12,122,122,11 + fiscal policy and VAT,debt,4,3.637978807091713e-12
92,126,1,4,15847.7423,238.7422,11315.997299999997,0.0,77646.20099999996,,0.0,7196.6148,70449.58619999996,0.0,6647.521900000001,259.1252423750002,0.00375,38.9721,2780.611832126181,0.0,0.02084386891499021,867.5945142435424,1303.2167130841206,0.02,244.07970000000006,2.0,0.0,0.0,2.0,0.0,42,0,0.96875,0.7420753749986044,0.0,0.0,1.0,0.0,2.0,6,0,0,0.27047653386214776,23,591.2568040560446,-3.453846880815369,587.8029571752293,19.00285511614442,0.5922905284413152,19.595145644585735,1390.9315,1359.573100000004,1390.9315,0.0,28,16,2307.863499999983,16437.63,232.52769999999998,2.0,2.0,0.0,0.0,0.0,0.12,0.5,0.25,165.42619999999943,8290.041803474203,4447.046299999999,270,1129.9768,1106.875800000003,1044.3232,532.5817999999996,0.0,0.0,0.0,0.0,0.0,0,0.0,0.0,0.0,0.0,0.0,662.5431000000002,0.0,0.015,7.295702325581395,9.15536031746032,3.7925825000000004,2.782825000000002,4.493421132513197,1.8326254231140215,252.0,258.0,126.0,496.6666666666667,320.0,50.0,44,1,1,2,9,3.0,503.0,8219.703799999997,987.6787,6325.6091,186,6,0,36,0.6093574577603531,0.7420753749986044,0.18859089114890737,45,2428.6004999999986,1882.2912,15,6,40.0,0,0,1,0.0,0,0.0,267176.5216000001,0.0,0,0,0,1.5,0,0.0,0,0,0.0,0,0.0,0,0,151.7033,16.0,275.7786,1,134.4185,90.93470000000005,NaN,1280.0,100.0,1.5727069791666668,0,0,0.0,0,0.0,1280.0,0,0.0,0,0,0,0.0,0.0,0.0,0.0,0.0,0.0,0.0,0.0,0,0,0,0,44,0.0,0,6,0.0,0,0.0,666.8992,1.3027,1776.462880210207,0.0,1776.462880210207,0.0,134.4185,2188.9076,7589.0664,0.7713933377188751,90,10171.221699999998,36,257005.29989999998,1,0.0,4,13449.680099999998,2,-4984.063,-7157.6427,787.8683143128546,1098.55745,0,12,126,126,11 + fiscal policy and VAT,debt,4,3.637978807091713e-12
93,126,1,4,15056.778400000001,238.7422,10532.402600000005,0.0,78272.0942,,0.0,6492.6481,71779.4461,0.0,6532.537199999998,264.1801906250002,0.00375,25.0662,2742.4058150530154,0.0,0.019985101515692615,854.9994421656598,1286.51165170201,0.02,252.0485000000001,2.0,0.0,0.0,2.0,0.0,43,0,0.96875,0.7427732799091151,0.0,0.0,0.0,0.0,2.0,6,0,0,0.2622143668728696,23,603.4586835754703,-3.683355513339684,599.7753280621306,18.26468802816155,0.5678311337554179,18.83251916191697,1397.5313999999973,1390.9315000000026,1397.5313999999973,0.0,28,16,2307.863499999983,16437.63,229.88299999999995,2.0,2.0,0.0,0.0,0.0,0.12,0.5,0.25,172.79539999999957,8383.851903474133,4447.046299999999,270,343.04089999999997,1134.0048000000006,256.59999999999997,515.3697999999999,0.0,0.0,0.0,0.0,0.0,10,0.0,0.0,0.0,0.0,0.0,653.7386000000002,0.0,0.015,7.278527715355809,9.01509612403101,3.9259325000000005,2.7796243902439026,4.4455204689158485,1.7776466604206007,258.0,267.0,129.0,500.3333333333333,326.0,50.0,44,0,0,1,12,7.0,504.0,7794.3359,976.9899,6031.3383,186,6,0,36,0.6079094220894026,0.7427732799091151,0.19155385579276318,47,2439.2721999999976,1943.366900000001,15,3,40.0,0,0,0,0.0,0,0.0,267504.7371999999,0.0,0,0,0,1.5,0,0.0,0,0,0.0,0,0.0,0,0,157.03730000000002,16.0,229.0481,1,84.61760000000001,58.48710000000001,NaN,1280.0,100.0,1.5435163671875,0,0,0.0,0,0.0,1280.0,0,0.0,0,0,0,0.0,0.0,0.0,0.0,0.0,0.0,0.0,0.0,0,0,0,0,44,0.0,0,6,0.0,0,0.0,666.8992,0.8691,1838.9173532826085,0.0,1838.9173532826085,0.0,84.61760000000001,2483.4763000000003,7237.3763,0.7714815121451561,90,9995.794000000002,36,257508.9432,1,0.0,4,13898.556799999998,2,-4976.693800000001,-6467.5819,787.8683143128546,1098.55745,0,12,129,129,11 + fiscal policy and VAT,debt,4,3.637978807091713e-12
94,126,1,4,14832.119399999998,238.7422,10305.498700000004,0.0,78911.70549999994,,0.0,6258.4617,72653.24379999994,0.0,6226.279300000002,269.1674516250002,0.00375,18.8775,2704.8193682763113,0.0,0.01916171533324608,835.6344819162201,1268.5393455175408,0.02,237.13930000000013,2.0,0.0,0.0,2.0,0.0,43,1,0.9635416666666666,0.7436095387428601,0.0,0.0,1.0,0.0,2.0,6,0,0,0.264544,23,604.5232570161527,-3.7904796982850875,600.7327773178677,17.94627997064111,0.4607731303852091,18.407053101026317,1411.9624999999996,1397.5314000000028,1411.9624999999996,0.0,28,16,2307.863499999983,16437.63,220.277,2.0,2.0,0.0,0.0,0.0,0.12,0.5,0.25,170.55049999999977,8471.663503474116,4447.046299999999,271,871.182,1095.840999999998,1599.5472,491.4720999999999,0.0,0.0,0.0,0.0,0.0,33,0.0,0.0,0.0,0.0,0.0,634.8746000000001,923.7117999999998,0.015,7.261675999999997,9.061848091603043,4.0185075,2.781359677419352,4.468749235027254,1.7243172606079826,262.0,250.0,131.0,502.6666666666667,330.0,50.0,43,2,2,4,8,5.0,502.0,7588.829300000004,993.9177,5815.2865,185,7,0,36,0.6134571998110725,0.7436095387428601,0.28959234439974746,45,1525.283899999999,1815.4189999999992,14,6,40.0,0,0,2,0.0,0,0.0,266869.7485,0.0,0,0,0,1.5,0,0.0,0,0,0.0,0,0.0,0,0,160.74030000000002,16.0,415.2084,1,79.0014,44.04770000000001,NaN,1280.0,100.0,1.6894542317708332,0,0,0.0,0,0.0,1280.0,0,0.0,0,0,0,0.0,0.0,0.0,0.0,0.0,0.0,0.0,0.0,0,0,0,0,43,0.0,0,6,0.0,0,0.0,666.8992,0.4355,1845.5642296497822,0.0,1845.5642296497822,0.0,79.0014,2989.3042,7224.4126,0.7723771025384367,90,9843.8322,36,257025.91630000004,1,0.0,4,14154.916700000002,2,-4978.938700000001,-6239.5842,787.8683143128546,1098.2551,0,12,131,131,11 + fiscal policy and VAT,debt,4,3.637978807091713e-12
95,126,1,4,14912.669299999992,238.7422,10385.582499999997,0.0,79601.37179999995,,0.0,6475.4014,73125.97039999995,0.0,6202.729799999996,272.44422100000014,0.00375,15.8655,2684.2217627509217,0.0,0.01837225266151634,860.8829674741074,1264.6958085006147,0.02,230.39000000000007,2.0,0.0,0.0,2.0,0.0,43,0,0.9635416666666666,0.743302822059728,0.0,0.0,0.0,0.0,2.0,6,0,0,0.28329862557267804,23,608.6928152250679,-3.685038783375588,605.0077764416923,25.90381127103229,0.5851981320523295,26.48900940308462,1369.9064000000003,1411.962500000001,1369.9064000000003,0.0,28,16,2307.863499999983,16437.63,227.8381,2.0,2.0,0.0,0.0,0.0,0.12,0.5,0.25,170.08439999999985,8560.122403474097,4447.046299999999,271,1133.859,1053.309100000001,1044.934,471.94779999999946,0.0,0.0,0.0,0.0,0.0,0,0.0,0.0,0.0,0.0,0.0,660.6128000000004,0.0,0.015,7.1545848979591815,9.030919047619053,4.1761125,2.706074789915965,4.434248091021657,1.6725877427897429,252.0,245.0,126.0,496.66666666666674,320.00000000000006,50.0,45,3,3,1,4,1.0,501.0,9045.581200000004,104.1193,5531.5591,185,7,0,36,0.6602664345790235,0.743302822059728,0.329422808741046,46,3320.3021000000017,1752.8732999999995,9,5,40.0,0,0,3,0.0,0,0.0,268263.7513,0.0,0,0,0,1.5,0,0.0,0,0,0.0,0,0.0,0,0,167.0445,16.0,215.5442,1,52.969,37.02009999999999,NaN,1280.0,100.0,1.5299086458333333,0,0,0.0,0,0.0,1280.0,0,0.0,0,0,0,0.0,0.0,0.0,0.0,0.0,0.0,0.0,0.0,0,0,0,0,45,0.0,0,6,0.0,0,0.0,666.8992,0.0,2695.188520281435,0.0,2695.188520281435,0.0,52.969,3020.4586000000004,5851.222600000001,0.771247535027882,90,10020.164699999998,36,258243.58660000004,1,0.0,4,14434.0163,2,-4979.4048,-6459.5359,787.8683143128546,1098.2551,0,12,126,126,11 + fiscal policy and VAT,debt,4,3.637978807091713e-12
96,126,1,4,16115.227199999992,238.7422,11456.390300000003,0.0,80270.06979999997,,0.0,7526.3805,72743.68929999997,0.0,6264.309999999998,274.2165518750002,0.00375,57.1088,2666.4705163558483,0.0,0.017615315851861865,853.0871214258339,1238.4008692372322,0.02,242.32670000000007,2.0,0.0,0.0,2.0,0.0,42,0,0.9635416666666666,0.7435362694475998,0.0,1.0,0.0,0.0,2.0,6,0,0,0.2510059171597634,23,617.9502178267492,-3.9110385985201477,614.039179228229,20.15788774439001,0.5748309624853356,20.732718706875346,1328.408399999995,1369.9063999999998,1328.408399999995,0.0,28,16,2307.863499999983,16437.63,225.74030000000002,2.0,2.0,0.0,0.0,0.0,0.12,0.5,0.25,38.33429999999994,8646.294603474049,4447.046299999999,272,2244.8708000000006,1042.312900000001,2662.8795,532.2332000000007,0.0,129.6146,0.0,0.0,0.0,27,0.0,0.0,0.0,0.0,0.0,655.7934999999999,741.2300000000007,0.015,7.112766538461541,8.790212000000007,4.251664999999999,2.7264669491525426,4.327842129475623,1.6224101105060507,250.0,260.0,125.0,499.66666666666663,318.0,50.0,45,0,0,2,7,4.0,504.0,8093.640700000007,987.375,6762.314799999999,185,7,0,36,0.6209416974050308,0.7435362694475998,0.24209568185916508,44,1737.4764999999998,1849.3193000000006,15,8,40.0,0,0,0,0.0,0,0.0,268060.7175,0.0,0,0,0,1.5,0,0.0,0,0,0.0,0,0.0,0,0,170.06659999999997,16.0,214.7879,1,190.51850000000002,133.25469999999999,NaN,1280.0,100.0,1.8078827213541666,0,0,0.0,0,0.0,1280.0,0,0.0,0,0,0,0.0,0.0,0.0,0.0,0.0,0.0,0.0,0.0,0,0,0,0,45,0.0,0,6,0.0,0,0.0,666.8992,0.0,1690.2460803516083,0.0,1690.2460803516083,0.0,190.51850000000002,3050.5459000000005,7964.4776999999995,0.7734541121699607,90,9949.679899999997,36,258111.03759999998,1,0.0,4,13209.784900000002,2,-5111.1548999999995,-7469.2717,835.1404131716259,1098.2551,0,12,125,125,11 + fiscal policy and VAT,debt,4,3.637978807091713e-12
97,126,1,4,15318.639199999996,238.7422,10729.670100000001,0.0,80874.60609999996,,0.0,6902.635,73971.97109999997,0.0,7210.9078,272.78298525000014,0.00375,29.3455,2631.27572980493,0.0,0.016889564838765154,815.038605895216,1229.2123032032869,0.02,233.60349999999985,2.0,0.0,0.0,2.0,0.0,42,0,0.9635416666666666,0.7436615227487016,0.0,0.0,0.0,0.0,2.0,6,0,0,0.27035260666468774,23,623.9847591489473,-3.9421915944964168,620.0425675544509,23.25813449305373,0.572692341446931,23.830826834500662,1354.4276000000048,1328.408400000003,1354.4276000000048,0.0,28,16,2307.863499999983,16437.63,224.0906,2.0,2.0,0.0,0.0,0.0,0.12,0.5,0.25,108.20209999999999,8738.91630347401,4447.046299999999,272,348.0097,1144.597700000002,325.2558,493.159699999999,0.0,0.0,0.0,0.0,0.0,8,0.0,0.0,0.0,0.0,0.0,618.9198000000002,0.0,0.015,6.966356916996047,8.8011,4.605117500000003,2.7393950413223154,4.088118678850586,1.573737807190869,256.0,253.0,128.0,501.3333333333333,323.99999999999994,50.0,43,2,2,2,9,2.0,502.0,8906.793100000004,228.8383,5910.4888,185,7,0,36,0.6392216924320173,0.7436615227487016,0.3024190276981933,44,3011.791600000002,1762.4883,16,7,40.0,0,0,2,0.0,0,0.0,269150.0781000001,0.0,0,0,0,1.5,0,0.0,0,0,0.0,0,0.0,0,0,184.20470000000012,16.0,243.1735,1,100.64110000000001,68.4728,NaN,1280.0,100.0,1.6187493880208335,0,0,0.0,0,0.0,1280.0,0,0.0,0,0,0,0.0,0.0,0.0,0.0,0.0,0.0,0.0,0.0,0,0,0,0,43,0.0,0,6,0.0,0,0.0,666.8992,0.0,2480.0163861932156,0.0,2480.0163861932156,0.0,100.64110000000001,3693.2985999999996,6382.5006,0.7721662056763634,90,9974.9745,36,259175.10359999997,1,0.0,4,14098.2651,2,-5041.287099999999,-6873.2895,835.1404131716259,1098.2551,0,12,128,128,11 + fiscal policy and VAT,debt,4,3.637978807091713e-12
98,126,1,4,15325.31019999999,238.7422,10767.194,0.0,81502.75239999997,,0.0,6320.8359,75181.91649999996,0.0,7340.375300000001,277.3886942499998,0.00375,30.0766,2608.6041893213187,0.0,0.016193714767408027,815.5128176039731,1215.4351845475458,0.02,241.4101,2.0,0.0,0.0,2.0,0.0,42,0,0.9635416666666666,0.7441633982560825,0.0,1.0,0.0,0.0,2.0,6,0,0,0.26771480160302985,23,638.6766651291114,-4.0594614989239055,634.6172036301875,27.03705967645507,0.5619486141793439,27.599008290634412,1354.8889999999944,1354.427599999998,1354.8889999999944,0.0,28,16,2307.863499999983,16437.63,233.56219999999996,2.0,2.0,0.0,0.0,0.0,0.12,0.5,0.25,139.055,8827.435703473988,4447.046299999999,272,1156.5643,1149.8932999999959,1098.8978,500.00590000000034,0.0,0.0,0.0,0.0,0.0,2,0.0,0.0,0.0,0.0,0.0,623.4517000000001,0.0,0.015,6.9664130268199225,8.732199999999999,4.837872500000001,2.6446702479338846,4.176792973907958,1.5265256729751426,256.0,261.0,128.0,499.33333333333337,324.0,50.0,44,3,2,1,11,5.0,501.0,8269.6909,975.7362,5851.3073,185,7,0,36,0.6796523489454844,0.7441633982560825,0.18270363054127503,46,2292.5000000000014,1818.2337999999997,15,4,40.0,0,0,3,0.0,0,0.0,269449.16899999994,0.0,0,0,0,1.5,0,0.0,0,0,0.0,0,0.0,0,0,193.51490000000004,16.0,198.4992,1,100.43740000000001,70.17989999999999,NaN,1280.0,100.0,1.6237460677083335,0,0,0.0,0,0.0,1280.0,0,0.0,0,0,0,0.0,0.0,0.0,0.0,0.0,0.0,0.0,0.0,0,0,0,0,44,0.0,0,6,0.0,0,0.0,666.8992,0.0,1646.029068546394,0.0,1646.029068546394,0.0,100.43740000000001,3180.8357999999994,7025.5427,0.7720860049360165,90,9880.140699999998,36,259569.02829999995,1,0.0,4,14237.8063,2,-5010.434200000001,-6290.7593,885.2488379619235,1098.2551,0,12,128,128,11 + fiscal policy and VAT,debt,4,3.637978807091713e-12
99,126,1,4,15314.011999999995,238.7422,10777.209999999995,0.0,82127.21199999993,,0.0,6467.897,75659.31499999993,0.0,6785.2986999999985,281.92567300000013,0.00375,16.418,2576.574798894574,0.0,0.015526533718990815,799.1683242974782,1204.0068992630493,0.02,220.3574,2.0,0.0,0.0,2.0,0.0,42,0,0.9635416666666666,0.7444225533945965,0.0,2.0,0.0,0.0,2.0,6,0,0,0.28073295060034886,23,640.2773755773321,-4.142249263670475,636.1351263136617,19.959144221335944,0.5232965639512368,20.48244078528718,1332.567100000004,1354.8889999999935,1332.567100000004,0.0,28,16,2307.863499999983,16437.63,216.85649999999998,2.0,2.0,0.0,0.0,0.0,0.12,0.5,0.25,160.36920000000003,8921.623803473969,4447.046299999999,272,1066.4766000000002,1077.7747999999995,993.6027,474.5861000000007,0.0,0.0,0.0,0.0,0.0,14,0.0,0.0,0.0,0.0,0.0,607.1254,0.0,0.015,6.847613580246914,8.622315503875974,4.92420857142857,2.659681147540985,4.1524258935177505,1.4807299027858887,258.0,243.0,129.0,500.0,326.0,50.0,43,3,1,5,3,0.0,501.0,8645.071799999996,943.1413,5483.0625,185,7,0,36,0.6100802026370169,0.7444225533945965,0.1884455451522895,45,2281.221800000001,1663.9701,7,4,35.0,0,0,3,0.0,0,0.0,269905.65260000003,0.0,0,0,0,1.5,0,0.0,0,0,0.0,0,0.0,0,0,172.34729999999996,16.0,226.3184,1,56.784099999999995,38.3088,NaN,1280.0,100.0,1.5964832942708334,0,0,0.0,0,0.0,1280.0,0,0.0,0,0,0,0.0,0.0,0.0,0.0,0.0,0.0,0.0,0.0,0,0,0,0,43,0.0,0,6,0.0,0,0.0,666.8992,0.0,1696.7649668527931,0.0,1696.7649668527931,0.0,56.784099999999995,2641.3870999999995,6652.522199999999,0.7717895435428708,90,9850.4687,36,260055.1839,1,0.0,4,14581.0862,2,-4989.120000000001,-6451.479,938.363768239639,1098.2551,0,12,129,129,11 + fiscal policy and VAT,debt,4,3.637978807091713e-12
100,126,1,4,15032.863200000007,238.7422,10506.019700000003,0.0,82791.46539999991,,0.0,6342.7171,76448.74829999992,0.0,6782.396300000002,283.71568662500005,0.00375,56.4266,2546.51004036729,0.0,0.014886840529768394,816.5964932486489,1173.7749602448603,0.02,231.06350000000012,2.0,0.0,0.0,2.0,0.0,42,0,0.9635416666666666,0.7445681001627948,0.0,0.0,0.0,0.0,2.0,6,0,0,0.283477783203125,23,652.6125586469834,-4.227119481848308,648.3854391651352,18.950131370934905,0.5590055281734838,19.50913689910839,1300.1951999999942,1332.567100000003,1300.1951999999942,0.0,28,16,2307.863499999983,16437.63,233.9902,2.0,2.0,0.0,0.0,0.0,0.12,0.5,0.25,170.32769999999988,9015.103703473924,4447.046299999999,272,832.4124000000002,1113.5612000000012,748.8910000000001,508.4129999999997,0.0,0.0,0.0,0.0,0.0,3,0.0,0.0,0.0,0.0,0.0,627.8472,0.0,0.015,6.768147265625,8.573324999999995,4.8221074999999995,2.6041333333333334,4.12911318365387,1.4363080057023119,248.0,256.0,124.0,495.0,316.0,50.0,45,4,1,5,7,4.0,500.0,7405.279600000003,963.7576,6405.2783,185,7,0,36,0.6146564120129763,0.7445681001627948,0.17766641375749526,45,2233.5831,1732.6457,11,4,40.0,0,0,4,0.0,0,0.0,270307.32420000015,0.0,0,0,0,1.5,0,0.0,0,0,0.0,0,0.0,0,0,192.88429999999997,16.0,202.1211,1,188.3112,131.6612,NaN,1280.0,100.0,1.7372228776041665,0,0,0.0,0,0.0,1280.0,0,0.0,0,0,0,0.0,0.0,0.0,0.0,0.0,0.0,0.0,0.0,0,0,0,0,45,0.0,0,6,0.0,0,0.0,666.8992,0.0,1609.4910692314663,0.0,1609.4910692314663,0.0,188.3112,3398.9402,7571.157000000001,0.7726072583950563,90,9819.9856,36,260487.33859999993,1,0.0,4,13607.355800000001,2,-4979.161499999999,-6286.2905,938.363768239639,1098.2551,0,12,124,124,11 + fiscal policy and VAT,debt,4,3.637978807091713e-12
101,126,1,4,14273.105700000006,238.7422,9748.1838,0.0,83379.51859999997,,0.0,5750.683,77628.83559999996,0.0,6458.499999999998,286.67608112499977,0.00375,51.0757,2520.971345525899,0.0,0.014273502699941936,793.4779577924942,1159.0400136839328,0.02,229.67779999999993,2.0,0.0,0.0,2.0,0.0,41,0,0.9635416666666666,0.7446115585331619,0.0,0.0,0.0,0.0,2.0,6,0,0,0.25004650009300017,23,661.29459768243,-4.218264392736762,657.0763332896933,19.441860786834663,0.5529100913751104,19.994770878209774,1291.2806000000073,1300.1951999999949,1291.2806000000073,0.0,28,16,2307.863499999983,16437.63,214.4311,2.0,2.0,0.0,0.0,0.0,0.12,0.5,0.25,172.2492999999997,9105.380803473856,4447.046299999999,272,350.4979,1110.2553999999989,262.14240000000007,518.4699999999997,0.0,0.0,0.0,0.0,0.0,6,0.0,0.0,0.0,0.0,0.0,606.9377,0.0,0.015,6.761626771653542,8.52281904761905,4.913377500000001,2.525563865546222,4.082413957798913,1.3932187655312422,252.0,254.0,126.0,494.33333333333337,319.99999999999994,50.0,44,3,1,6,8,6.0,501.0,6740.848900000002,946.6589,6333.1334,185,7,0,36,0.6144625320608113,0.7446115585331619,0.1775076061077998,47,2210.2637,1717.4531999999995,14,6,40.0,0,0,3,0.0,0,0.0,270692.47729999997,0.0,0,0,0,1.5,0,0.0,0,0,0.0,0,0.0,0,0,196.53510000000003,16.0,201.3888,1,170.5055,119.1753,NaN,1280.0,100.0,1.7462387760416667,0,0,0.0,0,0.0,1280.0,0,0.0,0,0,0,0.0,0.0,0.0,0.0,0.0,0.0,0.0,0.0,0,0,0,0,44,0.0,0,6,0.0,0,0.0,666.8992,0.0,1598.508283421163,0.0,1598.508283421163,0.0,170.5055,2518.2783,7481.1811,0.7726069873974375,90,9807.442700000001,36,260885.03460000007,1,0.0,4,13660.427300000003,2,-4977.2399000000005,-5699.6073,938.363768239639,1098.2551,0,12,126,126,11 + fiscal policy and VAT,debt,4,3.637978807091713e-12
102,126,1,4,14801.645100000003,238.7422,10271.070800000005,0.0,83978.31989999996,,0.0,6397.2299,77581.08999999995,0.0,5785.608699999999,291.10144850000006,0.00375,31.3074,2498.0892643660964,0.0,0.013685434388704327,776.0030522528024,1151.6610095773979,0.02,227.9925000000001,2.0,0.0,0.0,2.0,0.0,42,0,0.9635416666666666,0.7448491528194696,0.0,0.0,0.0,0.0,2.0,6,0,0,0.2713214915595868,23,663.1778691799626,-4.260661645349684,658.9172075346129,21.282308501018573,0.5242041888177574,21.80651268983633,1299.4827,1291.2806000000003,1299.4827,0.0,28,16,2307.863499999983,16437.63,225.98960000000002,2.0,2.0,0.0,0.0,0.0,0.12,0.5,0.25,166.5968999999995,9189.054203473792,4447.046299999999,272,1583.0968,1054.5573999999992,1493.771,477.295299999998,0.0,0.0,0.0,0.0,0.0,21,0.0,0.0,0.0,0.0,0.0,589.6596999999998,0.0,0.015,6.730240873015875,8.497064285714277,5.097902499999999,2.5444294117647037,4.094785008819613,1.351422202565305,252.0,252.0,126.0,493.66666666666674,320.0,50.0,43,3,1,5,9,4.0,501.0,7901.327899999995,931.0174,5694.296700000001,185,7,0,36,0.625774667029612,0.7448491528194696,0.19244987946290348,45,2199.3249000000014,1696.0207000000005,16,7,40.0,0,0,3,0.0,0,0.0,271041.4711000001,0.0,0,0,0,1.5,0,0.0,0,0,0.0,0,0.0,0,0,203.91609999999997,16.0,243.6957,1,108.1617,73.0514,NaN,1280.0,100.0,1.6871139583333334,0,0,0.0,0,0.0,1280.0,0,0.0,0,0,0,0.0,0.0,0.0,0.0,0.0,0.0,0.0,0.0,0,0,0,0,43,0.0,0,6,0.0,0,0.0,666.8992,0.0,1566.7982172244608,0.0,1566.7982172244608,0.0,108.1617,3893.6263000000004,6869.009800000001,0.771984299401264,90,9787.749000000003,36,261253.72210000007,1,0.0,4,14340.898699999998,2,-4982.8923,-6365.922500000001,938.363768239639,1098.2551,0,12,126,126,11 + fiscal policy and VAT,debt,4,3.637978807091713e-12
103,126,1,4,14377.214200000002,238.7422,9846.332999999999,0.0,84594.52609999997,,0.0,6123.5797,78470.94639999997,0.0,6234.4814000000015,290.9225655000002,0.00375,32.3042,2464.94633990159,0.0,0.013121594491889708,771.789581290382,1132.9436432677269,0.02,217.78019999999992,2.0,0.0,0.0,2.0,0.0,43,0,0.9635416666666666,0.7447364018433054,0.0,0.0,0.0,0.0,2.0,6,0,0,0.28919956612317277,23,667.5781429844757,-4.236470272398842,663.3416727120768,20.704717868306496,0.5473983987250952,21.25211626703159,1298.6582000000033,1299.4826999999948,1298.6582000000033,0.0,28,16,2307.863499999983,16437.63,231.0205,2.0,2.0,0.0,0.0,0.0,0.12,0.5,0.25,166.28999999999942,9275.135103473745,4447.046299999999,272,640.3756999999998,1064.8065999999992,553.9879,479.49550000000073,0.0,0.0,0.0,0.0,0.0,9,0.0,0.0,0.0,0.0,0.0,586.3272,0.0,0.015,6.639936929460583,8.385344881889772,5.365139999999999,2.489465,3.9962393703483285,1.3108795364883459,254.0,241.0,127.0,495.00000000000006,322.0,50.0,43,6,4,4,4,1.0,497.0,7408.7994,940.8894,5758.4238,185,7,0,36,0.6193984331229887,0.7447364018433054,0.18119832664824176,44,2168.5946000000004,1600.2248000000004,6,2,40.0,0,0,6,0.0,0,0.0,271452.91719999985,0.0,0,0,0,1.5,0,0.0,0,0,0.0,0,0.0,0,0,214.60559999999998,16.0,236.7974,1,110.88569999999999,75.37530000000002,NaN,1280.0,100.0,1.7159185546874998,0,0,0.0,0,0.0,1280.0,0,0.0,0,0,0,0.0,0.0,0.0,0.0,0.0,0.0,0.0,0.0,0,0,0,0,43,0.0,0,6,0.0,0,0.0,666.8992,0.0,1588.6512942426248,0.0,1588.6512942426248,0.0,110.88569999999999,3477.0235999999995,6936.1106,0.7718419829401661,90,9810.400299999998,36,261642.51689999993,1,0.0,4,14214.460500000001,2,-4983.1992,-6091.275500000001,938.363768239639,1098.2551,0,12,127,127,11 + fiscal policy and VAT,debt,4,3.637978807091713e-12
104,126,1,4,15363.678000000005,238.7422,10828.672000000002,0.0,85232.57200000004,,0.0,7267.1952,77965.37680000004,0.0,6141.9523,294.2589278750002,0.00375,44.2729,2447.935522448741,0.0,0.012580984798823852,799.5512444321462,1120.4654566324941,0.02,219.84379999999982,2.0,0.0,0.0,2.0,0.0,41,0,0.9635416666666666,0.7448222109473768,0.0,1.0,0.0,0.0,2.0,6,0,0,0.29777248992002114,23,677.9450997303145,-4.281384503938734,673.6637152263759,26.236248396042658,0.542727004067467,26.778975400110127,1265.757900000004,1298.6582000000012,1265.757900000004,0.0,28,16,2307.863499999983,16437.63,236.6307,2.0,2.0,0.0,0.0,0.0,0.12,0.5,0.25,162.1651999999994,9357.244603473704,4447.046299999999,272,1976.8091,990.3453000000004,1890.5747999999999,498.35869999999943,0.0,0.0,0.0,0.0,0.0,15,0.0,0.0,0.0,0.0,0.0,620.2524999999997,0.0,0.015,6.581688617886178,8.414809836065569,5.3234375000000025,2.476851304347826,4.05715488949422,1.2715531503936954,244.0,246.0,122.0,492.33333333333337,311.0,49.0,46,5,2,6,3,2.0,498.0,8302.215399999997,962.2776,5859.0131,185,7,0,36,0.6688210600705333,0.7448222109473768,0.17675507921430977,44,2163.8229,1619.0954,7,4,40.0,0,0,5,0.0,0,0.0,271871.94599999994,0.0,0,0,0,1.5,0,0.0,0,0,0.0,0,0.0,0,0,212.9375000000001,16.0,195.899,1,147.9009,103.30330000000001,NaN,1280.0,100.0,1.7457644140625,0,0,0.0,0,0.0,1280.0,0,0.0,0,0,0,0.0,0.0,0.0,0.0,0.0,0.0,0.0,0.0,0,0,0,0,46,0.0,0,6,0.0,0,0.0,666.8992,0.0,1411.4901995474888,0.0,1411.4901995474888,0.0,147.9009,3308.2727,7017.1897,0.7719160068064372,90,9824.613700000004,36,262047.33229999998,1,0.0,4,14054.1085,2,-4987.324,-7222.9223,994.6655943340173,1098.2551,0,12,122,122,11 + fiscal policy and VAT,debt,4,3.637978807091713e-12
105,125,1,4,15273.948300000007,238.7422,10706.260900000007,0.0,85841.45640000005,,0.0,7371.3135,78470.14290000005,0.0,7037.303300000003,292.362858,0.00375,38.8499,2432.1309313673196,0.0,0.01206264822511231,791.7810778399754,1112.5024959115467,0.02,227.686,2.0,0.0,0.0,2.0,0.0,40,0,0.9635416666666666,0.7412921224426712,185.0,0.0,1.0,0.0,2.0,6,0,0,0.2842889370013172,23,634.5573100572084,-4.138103443441319,630.4192066137671,22.928585214929274,0.5434060123943284,23.471991227323603,1269.5083999999968,1265.7579,1269.5083999999968,0.0,28,16,2307.863499999983,16437.63,237.8234,2.0,2.0,0.0,0.0,0.0,0.12,0.5,0.25,163.79829999999941,9442.579803473654,4481.360799999999,272,998.1475,1087.8772000000013,914.4454000000001,506.1805999999989,0.0,0.0,0.0,0.0,0.0,11,0.0,0.0,0.0,0.0,0.0,614.0699000000001,0.0,0.015,6.527322957198446,8.36816829268293,5.496554999999999,2.516173275862073,3.9677411399845055,1.2334065558818847,246.0,257.0,123.0,490.0,311.6666666666667,49.0,46,6,4,4,12,9.0,493.0,8237.041100000002,960.4482,5748.4475,185,7,0,36,0.6372286403669882,0.7412921224426712,0.18476888544568193,42,2139.2200999999995,1677.5220000000006,16,4,40.0,0,0,6,0.0,0,0.0,251056.8857,0.0,0,0,0,1.5,0,0.0,0,0,0.0,0,0.0,0,0,219.86219999999994,16.0,289.1616,1,137.02110000000002,90.65010000000001,NaN,1280.0,100.0,1.6577758463541665,0,0,0.0,0,0.0,1280.0,0,0.0,0,0,0,0.0,0.0,0.0,0.0,0.0,0.0,0.0,0.0,0,0,0,0,46,0.0,0,6,0.0,0,0.0,666.8992,0.0,1450.600085527715,0.0,1450.600085527715,0.0,137.02110000000002,2374.5585999999994,6998.057300000001,0.769639167573055,89,9884.492500000004,36,241172.39320000002,1,0.0,4,14212.834700000001,2,-5020.0054,-7332.4636,990.7405217391304,983.8652,1,12,123,123,11 + fiscal policy and VAT,debt,4,3.637978807091713e-12
106,125,1,4,15054.851199999994,238.7422,10484.103000000001,0.0,86436.8605,,0.0,7314.9194,79121.9411,0.0,6878.077499999999,294.2556858749998,0.00375,28.6122,2412.778484175392,0.0,0.011565667118237682,758.2246931485105,1103.6609394502616,0.02,214.39459999999997,2.0,0.0,0.0,2.0,0.0,40,0,0.9635416666666666,0.7411099392286755,0.0,0.0,0.0,0.0,2.0,6,0,0,0.28221876986088557,23,641.0263215773024,-4.06650056601344,636.959821011289,26.672635214818833,0.5503257905609185,27.222961005379748,1241.5787999999975,1269.5083999999963,1241.5787999999975,0.0,28,16,2307.863499999983,16437.63,223.187,2.0,2.0,0.0,0.0,0.0,0.12,0.5,0.25,160.73749999999956,9524.014403473622,4481.360799999999,272,839.0979000000001,1058.1949999999997,754.6025,483.7019999999998,0.0,0.0,0.0,0.0,0.0,27,0.0,0.0,0.0,0.0,0.0,581.9944,0.0,0.015,6.5152004201680676,8.260921951219503,5.900229999999999,2.4977594827586245,3.9676930484876354,1.196404359205428,246.0,238.0,123.0,488.3333333333333,313.0,49.0,44,7,2,9,6,4.0,492.0,8422.914400000001,957.8984,5398.9088,185,7,0,36,0.6541969437086999,0.7411099392286755,0.19002358564107813,45,2110.852099999999,1550.6177,10,4,40.0,0,0,7,0.0,0,0.0,251439.1962999999,0.0,0,0,0,1.5,0,0.0,0,0,0.0,0,0.0,0,0,236.00919999999996,16.0,246.5174,1,99.83980000000001,66.762,NaN,1280.0,100.0,1.625142604166667,0,0,0.0,0,0.0,1280.0,0,0.0,0,0,0,0.0,0.0,0.0,0.0,0.0,0.0,0.0,0.0,0,0,0,0,44,0.0,0,6,0.0,0,0.0,666.8992,0.0,1434.6660194473875,0.0,1434.6660194473875,0.0,99.83980000000001,2473.7922999999996,6603.3246,0.768924413258562,89,9912.537900000003,36,241526.65840000004,1,0.0,4,14520.0706,2,-5023.0662,-7286.3072,990.7405217391304,983.8652,0,12,123,123,11 + fiscal policy and VAT,debt,4,3.637978807091713e-12
107,124,1,4,14848.224400000001,238.7422,10237.4961,0.0,87018.0566,,0.0,7215.78,79802.2766,0.0,6883.065300000005,296.7000031249997,0.00375,29.2218,2380.0409786807613,0.0,0.011089161632966289,729.9329454955836,1080.742644120508,0.02,227.4727999999998,2.0,0.0,0.0,2.0,0.0,38,0,0.9635416666666666,0.7390548214479324,0.0,0.0,0.0,0.0,2.0,6,0,0,0.278045654296875,23,643.3952661467318,-3.955449436913646,639.4398167098183,22.406991049437906,0.5543152577195526,22.96130630715746,1247.8533000000025,1241.5788000000007,1247.8533000000025,0.0,28,16,2307.863499999983,16437.63,238.1938,2.0,2.0,0.0,0.0,0.0,0.12,0.5,0.25,156.98669999999947,9603.206903473581,4517.590099999999,272,825.962,1032.5888000000011,743.0187000000001,482.6288999999988,0.0,0.0,0.0,0.0,0.0,24,0.0,0.0,0.0,0.0,0.0,554.0431,0.0,0.015,6.459009375000001,8.258546721311495,6.0526,2.438844347826087,3.8514877612351075,1.160512228429265,244.0,256.0,122.0,480.6666666666667,309.66666666666663,49.0,42,5,2,4,15,5.0,491.0,8036.813899999992,1044.0981,5302.4295999999995,185,7,0,36,0.6326734164216581,0.7390548214479324,0.20333649958155875,46,2024.9399000000003,1653.5064000000002,21,6,40.0,0,0,5,0.0,0,0.0,251656.45559999987,0.0,0,0,0,1.5,0,0.0,0,0,0.0,0,0.0,0,0,242.104,16.0,435.661,1,116.93740000000001,68.18349999999998,NaN,1280.0,100.0,1.6602128515624999,0,0,0.0,0,0.0,1280.0,0,0.0,0,0,0,0.0,0.0,0.0,0.0,0.0,0.0,0.0,0.0,0,0,0,0,42,0.0,0,6,0.0,0,0.0,666.8992,0.0,1322.2575264361315,0.0,1322.2575264361315,0.0,116.93740000000001,3335.1879,6782.188700000001,0.7670428519691028,88,9856.163099999998,36,241800.29249999995,1,0.0,4,14715.1397,2,-5063.0463,-7186.5581999999995,990.7405217391304,983.8652,1,12,122,122,11 + fiscal policy and VAT,debt,4,3.637978807091713e-12
108,124,1,4,15057.554599999998,238.7422,10307.150500000003,0.0,87579.17919999998,,0.0,6556.9448,81022.23439999999,0.0,7484.2678,299.2511287499995,0.00375,19.1047,2347.160161168281,0.0,0.010632288173688076,721.5638513759136,1066.075482445521,0.02,225.81979999999993,2.0,0.0,0.0,2.0,0.0,37,0,0.9583333333333334,0.7388946972747772,185.0,0.0,1.0,0.0,2.0,6,0,0,0.27164844531134746,23,649.8414801418367,-4.10581989078885,645.7356602510478,30.901413706855525,0.5776866260289849,31.47910033288451,1264.3955999999944,1247.853300000001,1264.3955999999944,0.0,28,16,2307.863499999983,16437.63,224.16859999999997,2.0,2.0,0.0,0.0,0.0,0.12,0.5,0.25,17.310899999999734,9680.159003473527,4517.590099999999,272,1228.0684,1018.7382000000002,225.74309999999994,485.661,0.0,135.1253,0.0,0.0,0.0,18,0.0,0.0,0.0,0.0,0.0,547.2029000000001,0.0,0.015,6.583369230769231,8.237736507936503,6.393525,2.4150288135593208,4.184592254348201,3.3410816618956063,252.0,247.0,126.0,486.6666666666667,319.0,49.0,42,3,2,4,7,5.0,491.0,8856.854400000006,906.4888,5034.6882,184,8,0,36,0.674799517331294,0.7388946972747772,0.19836329211170245,44,2299.4884999999995,1626.0922,10,3,40.0,0,0,3,0.0,0,0.0,251959.5474000001,0.0,0,0,0,1.5,0,0.0,0,0,0.0,0,0.0,0,0,255.741,16.0,240.4185,1,68.10719999999999,44.5778,NaN,1280.0,100.0,1.6188380078125004,0,0,0.0,0,0.0,1280.0,0,0.0,0,0,0,0.0,0.0,0.0,0.0,0.0,0.0,0.0,0.0,0,0,0,0,42,0.0,0,6,0.0,0,0.0,666.8992,0.0,1576.0052441019654,0.0,1576.0052441019654,0.0,68.10719999999999,3051.6865,6181.595499999999,0.7671037411621042,88,9920.971,36,242038.57640000002,1,0.0,4,15067.213199999998,2,-5202.722099999999,-6537.8401,975.5377391304348,983.1391,0,12,126,126,11 + fiscal policy and VAT,debt,4,3.637978807091713e-12
109,124,1,4,15761.186599999983,238.7422,11083.535300000007,0.0,88185.73679999993,,0.0,7459.4512,80726.28559999993,0.0,6914.959000000002,303.82593724999987,0.00375,53.3883,2328.760630664309,0.0,0.010194237900932126,741.4404838793278,1041.329270442873,0.02,225.65300000000002,2.0,0.0,0.0,2.0,0.0,38,0,0.9583333333333334,0.7392251838426758,184.0,0.0,1.0,0.0,2.0,6,0,0,0.25,23,635.3350837619581,-4.054263968959859,631.2808197929982,23.581242302865732,0.5338230385501306,24.115065341415864,1229.6311000000007,1264.3955999999973,1229.6311000000007,0.0,28,16,2307.863499999983,16437.63,207.1871,2.0,2.0,0.0,0.0,0.0,0.12,0.5,0.25,90.0636999999997,9764.530803473484,4517.590099999999,272,1773.7633,1070.1313000000007,1762.1443,505.7835999999992,0.0,0.0,0.0,0.0,0.0,18,0.0,0.0,0.0,0.0,0.0,563.7348,0.0,0.015,6.52625846774194,8.228000000000007,6.548455,2.4612887931034444,4.016895595949134,3.240849212038738,248.0,248.0,124.0,486.0,314.99999999999994,49.0,43,2,1,5,7,5.0,494.0,8293.664100000002,930.3384,6207.3997,184,8,0,36,0.6411643277107746,0.7392251838426758,0.18793967139548617,47,2112.0924000000005,1618.512100000001,16,9,40.0,0,0,2,0.0,0,0.0,250902.15259999988,0.0,0,0,0,1.5,0,0.0,0,0,0.0,0,0.0,0,0,261.9382,16.0,276.3961,1,183.97910000000002,124.57410000000002,NaN,1280.0,100.0,1.7883025651041666,0,0,0.0,0,0.0,1280.0,0,0.0,0,0,0,0.0,0.0,0.0,0.0,0.0,0.0,0.0,0.0,0,0,0,0,43,0.0,0,6,0.0,0,0.0,666.8992,0.0,1524.7206372615979,0.0,1524.7206372615979,0.0,183.97910000000002,3317.4177999999997,7414.1341999999995,0.7682946616107973,88,9826.651200000002,36,241075.50139999995,1,0.0,4,13841.8488,2,-5129.9693,-7406.062900000001,966.0115254237282,975.5377,0,12,124,124,11 + fiscal policy and VAT,debt,4,3.637978807091713e-12
110,124,1,4,15857.576600000008,238.7422,11219.0452,0.0,88780.4231,,0.0,7725.0191,81055.404,0.0,7669.4937,302.7164591249999,0.00375,37.746,2309.3252678346844,0.0,0.009774235299413722,737.771366285475,1036.29838688979,0.02,220.01479999999987,2.0,0.0,0.0,2.0,0.0,37,0,0.9583333333333334,0.7392457215135708,0.0,0.0,0.0,0.0,2.0,6,0,0,0.28152777777777777,23,642.0409048121005,-3.881082878527752,638.1598219335727,27.159962844886962,0.5432170695541908,27.703179914441154,1239.366699999999,1229.6310999999969,1239.366699999999,0.0,28,16,2307.863499999983,16437.63,225.51809999999998,2.0,2.0,0.0,0.0,0.0,0.12,0.5,0.25,129.18359999999964,9851.600403473425,4517.590099999999,272,1186.3819,1089.991899999998,1138.4322,467.46279999999916,0.0,0.0,0.0,0.0,0.0,19,0.0,0.0,0.0,0.0,0.0,561.6181,0.0,0.015,6.470660416666665,8.226046341463414,7.012490000000002,2.4566982608695676,4.08928666471149,3.143623735677576,246.0,240.0,123.0,487.6666666666667,313.00000000000006,49.0,43,5,4,5,8,2.0,490.0,8920.3977,957.9796,5625.7336000000005,184,8,0,36,0.6611856048966904,0.7392457215135708,0.2116535229038221,47,2121.6977,1552.9584999999997,12,4,40.0,0,0,5,0.0,0,0.0,251272.4238999998,0.0,0,0,0,1.5,0,0.0,0,0,0.0,0,0.0,0,0,280.4996000000001,16.0,315.7197,1,135.60940000000002,88.07330000000002,NaN,1280.0,100.0,1.7381800390625,0,0,0.0,0,0.0,1280.0,0,0.0,0,0,0,0.0,0.0,0.0,0.0,0.0,0.0,0.0,0.0,0,0,0,0,43,0.0,0,6,0.0,0,0.0,666.8992,0.0,1432.4704395604012,0.0,1432.4704395604012,0.0,135.60940000000002,3814.1093000000005,6899.432900000001,0.7674157542149025,88,9803.998400000002,36,241468.42550000004,1,0.0,4,14389.623200000002,2,-5090.849400000001,-7687.2731,966.0115254237282,975.5377,0,12,123,123,11 + fiscal policy and VAT,debt,4,3.637978807091713e-12
111,124,1,4,15210.686300000001,238.7422,10591.967699999996,0.0,89376.22680000002,,0.0,7210.764,82165.46280000002,0.0,7895.357499999999,303.95046462500017,0.00375,29.49,2296.3270404425866,0.0,0.009371536805077876,747.175414729086,1029.4589436283916,0.02,228.29009999999988,2.0,0.0,0.0,2.0,0.0,37,0,0.9583333333333334,0.7393183920456963,0.0,1.0,0.0,0.0,2.0,6,0,0,0.2855098855359001,23,648.3540751410937,-3.9873396488058126,644.3667354922881,31.096997118725326,0.5266747308443851,31.623671849569714,1227.4318000000003,1239.3667000000016,1227.4318000000003,0.0,28,16,2307.863499999983,16437.63,235.22090000000003,2.0,2.0,0.0,0.0,0.0,0.12,0.5,0.25,148.99639999999954,9938.578403473392,4517.590099999999,272,491.3627,1138.2530000000002,424.1975,485.69760000000036,0.0,0.0,0.0,0.0,0.0,13,0.0,0.0,0.0,0.0,0.0,572.5335,0.0,0.015,6.497552016129032,8.116922950819673,7.2756050000000005,2.432264912280701,4.153462522836995,3.049315023607249,244.0,248.0,122.0,483.6666666666667,311.0,49.0,44,3,3,3,6,5.0,492.0,8566.886599999998,982.0212,5380.907999999999,184,8,0,36,0.6917609844473158,0.7393183920456963,0.2094159044306083,46,2139.2382999999986,1611.3929,12,6,40.0,0,0,3,0.0,0,0.0,251562.24940000003,0.0,0,0,0,1.5,0,0.0,0,0,0.0,0,0.0,0,0,291.0242,16.0,251.3805,1,102.6892,68.8107,NaN,1280.0,100.0,1.7179504947916664,0,0,0.0,0,0.0,1280.0,0,0.0,0,0,0,0.0,0.0,0.0,0.0,0.0,0.0,0.0,0.0,0,0,0,0,44,0.0,0,6,0.0,0,0.0,666.8992,0.0,1413.809282762667,0.0,1413.809282762667,0.0,102.6892,3445.8275000000003,6614.3097,0.766811447227439,88,9791.3882,36,241770.86119999998,1,0.0,4,14684.5503,2,-5071.036599999999,-7181.274,982.679304347827,975.5377,0,12,122,122,11 + fiscal policy and VAT,debt,4,3.637978807091713e-12
112,124,1,4,15394.280200000007,238.7422,10779.9917,0.0,89963.20110000003,,0.0,7505.57,82457.63110000004,0.0,7074.564600000001,308.1135520000001,0.00375,26.7945,2275.9490131126863,0.0,0.008985429488708667,735.0843839290503,1018.3408254084579,0.02,225.2715,2.0,0.0,0.0,2.0,0.0,38,0,0.9583333333333334,0.7393406727771119,184.0,0.0,0.0,0.0,2.0,6,0,0,0.2836457857033989,23,646.9233012010914,-4.062525512348148,642.8607756887432,22.598354421610438,0.5192776179333213,23.117632039543757,1247.4528999999989,1227.4318000000012,1247.4528999999989,0.0,28,16,2307.863499999983,16437.63,236.37320000000003,2.0,2.0,0.0,0.0,0.0,0.12,0.5,0.25,153.42649999999958,10020.423403473325,4517.590099999999,272,1218.7316,1035.1377000000007,1141.3167,489.5882000000018,0.0,0.0,0.0,0.0,0.0,19,0.0,0.0,0.0,0.0,0.0,559.7285999999998,0.0,0.015,6.470344444444444,8.205022764227625,7.624200000000002,2.4130530434782616,4.154220647884184,2.957835572899031,246.0,243.0,123.0,488.00000000000006,313.00000000000006,49.0,43,2,1,6,6,2.0,493.0,8757.160999999996,991.8548,5309.2663999999995,184,8,0,36,0.6208175932963931,0.7393406727771119,0.2031460621867871,42,2135.2835000000005,1572.2937,12,6,40.0,0,0,2,0.0,0,0.0,251873.0958,0.0,0,0,0,1.5,0,0.0,0,0,0.0,0,0.0,0,0,304.9680000000001,16.0,309.2035,1,98.0647,62.521300000000004,NaN,1280.0,100.0,1.7343274609375001,0,0,0.0,0,0.0,1280.0,0,0.0,0,0,0,0.0,0.0,0.0,0.0,0.0,0.0,0.0,0.0,0,0,0,0,43,0.0,0,6,0.0,0,0.0,666.8992,0.0,1438.27862355843,0.0,1438.27862355843,0.0,98.0647,2785.3114,6610.324699999999,0.7665663437162458,88,9832.148799999999,36,242040.94700000007,1,0.0,4,14785.4117,2,-5066.6065,-7478.7755,972.9059649122804,975.5377,0,12,123,123,11 + fiscal policy and VAT,debt,4,3.637978807091713e-12
113,124,1,4,14957.066799999997,238.7422,10344.0212,0.0,90549.47590000008,,0.0,7151.1719,83398.30400000008,0.0,7399.172899999999,309.2092394999999,0.00375,52.891,2260.568496200405,0.0,0.00861522979377387,731.9558901433687,999.3840141336038,0.02,227.05260000000015,2.0,0.0,0.0,2.0,0.0,38,0,0.9583333333333334,0.7395654044424591,184.0,0.0,0.0,0.0,2.0,6,0,0,0.2978125,23,651.2514555725181,-4.192008282231241,647.0594472902869,21.48808774562921,0.5040631960173854,21.992150941646592,1255.1617999999987,1247.4528999999973,1255.1617999999987,0.0,28,16,2307.863499999983,16437.63,245.844,2.0,2.0,0.0,0.0,0.0,0.12,0.5,0.25,154.66939999999983,10101.576803473225,4517.590099999999,272,604.91,1042.123400000001,524.9995,518.5216000000005,0.0,0.0,0.0,0.0,0.0,36,0.0,0.0,0.0,0.0,0.0,557.3444999999997,0.0,0.015,6.513011249999996,8.191267479674789,8.224585000000001,2.4092686956521754,4.17220839032621,2.8691005057120598,246.0,240.0,123.0,485.6666666666667,312.99999999999994,49.0,43,6,4,4,4,2.0,489.0,7648.893800000003,1050.8149,5916.0271999999995,184,8,0,36,0.6223507956059584,0.7395654044424591,0.21055381293206832,44,2138.177100000002,1563.1226999999992,13,9,40.0,0,0,6,0.0,0,0.0,252231.86039999986,0.0,0,0,0,1.5,0,0.0,0,0,0.0,0,0.0,0,0,328.9834000000001,16.0,288.4399,1,183.3973,123.41379999999998,NaN,1280.0,100.0,1.8297069921875002,0,0,0.0,0,0.0,1280.0,0,0.0,0,0,0,0.0,0.0,0.0,0.0,0.0,0.0,0.0,0.0,0,0,0,0,43,0.0,0,6,0.0,0,0.0,666.8992,0.0,1585.6731992028049,0.0,1585.6731992028049,0.0,183.3973,3612.1058,7255.282000000001,0.7672087005253749,88,9889.3322,36,242342.5282,1,0.0,4,14101.654900000001,2,-5065.363600000001,-7098.280900000001,965.2212173913045,975.5377,0,12,123,123,11 + fiscal policy and VAT,debt,4,3.637978807091713e-12
114,124,1,4,14442.178300000001,238.7422,9828.970099999993,0.0,91122.54990000004,,0.0,6718.8266,84403.72330000004,0.0,6791.028000000002,312.73630675,0.00375,47.0603,2255.7383291475094,0.0,0.008260282326270386,756.6823840412178,994.0256944316732,0.02,231.25500000000002,2.0,0.0,0.0,2.0,0.0,37,0,0.9583333333333334,0.7392366754620017,184.0,0.0,0.0,0.0,2.0,6,0,0,0.250201558720774,23,647.4359869509927,-4.091306459819184,643.3446804911737,20.805140888811877,0.5421756078393593,21.347316496651235,1218.1312,1255.1617999999994,1218.1312,0.0,28,16,2307.863499999983,16437.63,227.5723,2.0,2.0,0.0,0.0,0.0,0.12,0.5,0.25,154.50679999999983,10181.299803473143,4517.590099999999,272,543.6396000000001,1058.5280999999986,463.754,526.2765999999995,0.0,0.0,0.0,0.0,0.0,9,0.0,0.0,0.0,0.0,0.0,584.5153999999999,0.0,0.015,6.492966803278689,8.2408,8.570807499999999,2.4029499999999984,4.145376964360924,2.783027490540698,240.0,244.0,120.0,484.66666666666663,306.0,48.0,45,5,3,5,7,2.0,489.0,7111.040700000005,1141.94,5842.441199999999,184,8,0,36,0.6117215541388177,0.7392366754620017,0.19890734432295076,41,2120.1433000000015,1584.2839000000001,9,2,40.0,0,0,5,0.0,0,0.0,252523.6422,0.0,0,0,0,1.5,0,0.0,0,0,0.0,0,0.0,0,0,342.8323,16.0,299.6961,1,164.7889,109.80859999999998,NaN,1280.0,100.0,1.8447219401041668,0,0,0.0,0,0.0,1280.0,0,0.0,0,0,0,0.0,0.0,0.0,0.0,0.0,0.0,0.0,0.0,0,0,0,0,45,0.0,0,6,0.0,0,0.0,666.8992,0.0,1227.3917509522184,0.0,1227.3917509522184,0.0,164.7889,2729.0546,7284.0773,0.7668253285811013,88,9969.436600000006,36,242554.20560000004,1,0.0,4,14140.2438,2,-5065.5262,-6671.7663,963.7074782608702,975.5377,0,12,120,120,11 + fiscal policy and VAT,debt,4,3.637978807091713e-12
115,124,1,4,15076.079099999992,238.7422,10456.324999999995,0.0,91696.5626,,0.0,7433.6817,84262.8809,0.0,6093.638999999998,316.5064057499999,0.00375,30.2321,2245.3020749498237,0.0,0.007919958694428046,730.0445644996424,991.8596332998827,0.02,229.53179999999998,2.0,0.0,0.0,2.0,0.0,38,0,0.9583333333333334,0.7394982615027219,184.0,0.0,0.0,0.0,2.0,6,0,0,0.25028839035140577,23,650.7771548079231,-4.162054751255967,646.6151000566671,24.04631948646746,0.505524556972817,24.551844043440276,1248.7338000000077,1218.1312000000014,1248.7338000000077,0.0,28,16,2307.863499999983,16437.63,222.8307,2.0,2.0,0.0,0.0,0.0,0.12,0.5,0.25,147.96089999999987,10255.039403473103,4517.590099999999,272,1662.4955,1028.5947000000008,1582.2099999999998,489.3109999999986,0.0,0.0,0.0,0.0,0.0,47,0.0,0.0,0.0,0.0,0.0,558.4174,0.0,0.015,6.486498755186721,8.39586885245901,8.737979999999997,2.452492982456141,4.0927328280609965,2.6995366658244766,244.0,241.0,122.0,483.33333333333337,310.00000000000006,48.0,43,5,0,14,5,4.0,489.0,8077.907300000001,1208.0736,5409.5226,184,8,0,36,0.633910543546107,0.7394982615027219,0.20996190683353566,41,2104.8292999999994,1563.2461999999998,8,3,40.0,0,0,5,0.0,0,0.0,252782.56799999997,0.0,0,0,0,1.5,0,0.0,0,0,0.0,0,0.0,0,0,349.51919999999984,16.0,350.3435,1,112.83220000000001,70.54329999999997,NaN,1280.0,100.0,1.8141382552083334,0,0,0.0,0,0.0,1280.0,0,0.0,0,0,0,0.0,0.0,0.0,0.0,0.0,0.0,0.0,0.0,0,0,0,0,43,0.0,0,6,0.0,0,0.0,666.8992,0.0,1188.6140689560978,0.0,1188.6140689560978,0.0,112.83220000000001,4079.1497999999997,6967.9397,0.7663778935269911,88,9959.064100000001,36,242823.5039,1,0.0,4,14614.048999999999,2,-5072.072099999999,-7403.4496,961.1799999999994,975.5377,0,12,122,122,11 + fiscal policy and VAT,debt,4,3.637978807091713e-12
116,123,1,4,14858.14939999999,238.7422,10220.546900000001,0.0,92285.42529999994,,0.0,6730.7236,85554.70169999995,0.0,7433.773099999998,315.97834837500017,0.00375,40.8348,2227.79737893403,0.0,0.007593656396217611,729.5324603689695,976.1499692893535,0.02,238.85830000000004,2.0,0.0,0.0,2.0,0.0,38,0,0.953125,0.7374471791988646,0.0,0.0,1.0,0.0,2.0,6,0,0,0.2504461629982153,23,653.5921656286453,-4.170041782819197,649.422123845826,23.955629099455567,0.5182187073283787,24.473847806783947,1231.661500000001,1248.7338000000009,1231.661500000001,0.0,28,16,2307.863499999983,16437.63,243.89729999999997,2.0,2.0,0.0,0.0,0.0,0.12,0.5,0.25,147.24299999999982,10331.386103473049,4534.7206000000015,272,848.0951,1066.0247999999988,185.53079999999994,504.42629999999906,0.0,0.0,0.0,0.0,0.0,44,0.0,0.0,0.0,0.0,0.0,558.0848,0.0,0.015,6.552640650406505,8.287957983193275,9.463447500000001,2.3948745454545484,4.094928987068669,2.618550565849742,238.0,246.0,119.0,471.3333333333334,302.6666666666667,48.0,43,4,3,6,10,6.0,487.0,7886.282300000003,933.6507,5653.4792,183,9,0,36,0.6271947353238163,0.7374471791988646,0.20612075646893158,43,2061.1745,1611.9496000000001,15,5,40.0,0,0,4,0.0,0,0.0,253458.14535000012,0.0,0,0,0,1.5,0,0.0,0,0,0.0,0,0.0,0,0,378.53790000000004,16.0,343.9024,1,147.86169999999998,95.2813,NaN,1280.0,100.0,1.8738976627604165,0,0,0.0,0,0.0,1280.0,0,0.0,0,0,0,0.0,0.0,0.0,0.0,0.0,0.0,0.0,0.0,0,0,0,0,43,0.0,0,6,0.0,0,0.0,666.8992,0.0,1402.9949143546182,0.0,1402.9949143546182,0.0,147.86169999999998,3836.0072,6931.0323,0.7644145177501287,87,9964.3949,36,243493.75045,1,0.0,4,14411.472799999998,2,-5089.9205,-6689.888800000001,961.1799999999994,978.26745,1,12,119,119,11 + fiscal policy and VAT,debt,4,3.637978807091713e-12
117,122,1,4,15745.589500000004,238.7422,11068.793299999998,0.0,92858.90359999999,,0.0,7754.1808,85104.72279999999,0.0,6587.3244,320.8231145000002,0.00375,43.7891,2213.3695830048027,0.0,0.007280797752693445,734.0698941230653,964.5592553365354,0.02,228.56229999999985,2.0,0.0,0.0,2.0,0.0,35,0,0.953125,0.7344986928668424,183.0,0.0,1.0,0.0,2.0,6,0,0,0.301920253236971,23,643.8571600501655,-3.953630637707283,639.9035294124582,28.06479755942741,0.5581553852552213,28.62295294468263,1262.4089000000017,1231.661499999998,1262.4089000000017,0.0,28,16,2307.863499999983,16437.63,260.025,2.0,2.0,0.0,0.0,0.0,0.12,0.5,0.25,152.55879999999974,10412.880303472988,4579.2301000000025,272,1906.943,1019.5029000000006,1830.7646,518.0296000000001,0.0,0.0,0.0,0.0,0.0,15,0.0,0.0,0.0,0.0,0.0,560.8834999999999,0.0,0.015,6.544952401746724,8.27197768595041,10.147257499999997,2.448008035714288,4.1233030785776315,2.5399940488742496,242.0,229.0,121.0,477.33333333333337,305.99999999999994,48.0,43,7,7,2,5,2.0,479.0,8645.644600000001,959.6081,5785.3399,183,9,0,36,0.6586316330087725,0.7344986928668424,0.20321076257831283,39,2098.0755999999988,1498.7940999999998,12,7,40.0,0,0,7,0.0,0,0.0,252430.39069999996,0.0,0,0,0,1.5,0,0.0,0,0,0.0,0,0.0,0,0,405.89029999999985,16.0,311.2078,1,155.0967,102.17470000000003,NaN,1280.0,100.0,1.8951154557291663,0,0,0.0,0,0.0,1280.0,0,0.0,0,0,0,0.0,0.0,0.0,0.0,0.0,0.0,0.0,0.0,0,0,0,0,43,0.0,0,6,0.0,0,0.0,666.8992,0.0,1396.1905823059278,0.0,1396.1905823059278,0.0,155.0967,3495.5203999999994,7056.1558,0.7617432807314044,86,10095.823400000001,36,242334.56729999997,1,0.0,4,14206.7886,2,-5129.114199999998,-7710.3917,957.9498181818193,970.7746,1,12,121,121,11 + fiscal policy and VAT,debt,4,3.637978807091713e-12
118,122,1,4,15397.748800000005,238.7422,10725.247700000002,0.0,93404.74719999995,,0.0,7490.4934,85914.25379999995,0.0,7687.608499999998,319.1360985000002,0.00375,38.9895,2209.7088314786242,0.0,0.0069808288852824755,743.5816870437968,958.1228043190829,0.02,250.0921000000001,2.0,0.0,0.0,2.0,0.0,36,0,0.953125,0.7346880425148259,0.0,1.0,0.0,0.0,2.0,6,0,0,0.281524658203125,23,644.6393538895704,-4.016272523690881,640.6230813658794,23.10791633253694,0.4907426827340727,23.598659015271014,1246.4058999999997,1262.4088999999994,1246.4058999999997,0.0,28,16,2307.863499999983,16437.63,269.9599,2.0,2.0,0.0,0.0,0.0,0.12,0.5,0.25,156.85389999999973,10496.03780347293,4579.2301000000025,272,714.9579000000001,1062.7986000000017,636.0955,550.8518000000007,0.0,0.0,0.0,0.0,0.0,36,0.0,0.0,0.0,0.0,0.0,574.2097999999999,0.0,0.015,6.505560546875002,8.406049999999999,10.467017499999999,2.426481308411214,4.103687971055743,2.4637942274080222,232.0,256.0,116.0,476.33333333333337,297.0,47.0,44,4,1,4,11,9.0,482.0,8449.231399999999,1047.3094,5437.0081,183,9,0,36,0.6245317371630308,0.7346880425148259,0.20119587017140717,36,2051.0233999999978,1665.4235000000006,16,5,40.0,0,0,4,0.0,0,0.0,252464.96720000004,0.0,0,0,0,1.5,0,0.0,0,0,0.0,0,0.0,0,0,418.68069999999994,16.0,425.2104,1,148.07070000000002,90.97630000000002,NaN,1280.0,100.0,1.8897298437499999,0,0,0.0,0,0.0,1280.0,0,0.0,0,0,0,0.0,0.0,0.0,0.0,0.0,0.0,0.0,0.0,0,0,0,0,44,0.0,0,6,0.0,0,0.0,666.8992,0.0,1239.506867773588,0.0,1239.506867773588,0.0,148.07070000000002,2521.4842,6909.5279,0.7612909343437495,86,10044.513700000001,36,242420.45350000003,1,0.0,4,14656.0571,2,-5124.8191,-7451.503900000001,979.2032142857153,970.7746,0,12,116,116,11 + fiscal policy and VAT,debt,4,3.637978807091713e-12
119,121,1,4,15586.43369999999,238.7422,10914.457299999998,0.0,93925.86239999997,,0.0,7023.5995,86902.26289999997,0.0,7871.0744,322.1710948749999,0.00375,33.7194,2203.7985271042335,0.0,0.006693218735208837,706.2917279980197,951.1969514028224,0.02,234.2483999999999,2.0,0.0,0.0,2.0,0.0,36,0,0.9479166666666666,0.732421426614901,183.0,0.0,1.0,0.0,2.0,6,0,0,0.2811720226843101,23,649.0234685251727,-3.9594948271916013,645.063973697981,27.2454750398322,0.5584696825362037,27.803944722368406,1273.1575000000014,1246.4058999999993,1273.1575000000014,0.0,28,16,2307.863499999983,16437.63,251.8628,2.0,2.0,0.0,0.0,0.0,0.12,0.5,0.25,157.37859999999984,10577.856403472919,4579.2301000000025,272,1280.0905999999998,1091.4056999999993,1198.7966999999999,539.5371,0.0,0.0,0.0,0.0,0.0,10,0.0,0.0,0.0,0.0,0.0,534.365,0.0,0.015,6.629458260869564,8.22475,10.682425,2.4449394736842116,4.257353377500174,3.1446185449832047,248.0,230.0,124.0,477.0,312.6666666666667,48.0,41,4,3,5,6,2.0,479.0,8646.1183,892.745,5626.4546,182,10,0,36,0.6445116112236906,0.732421426614901,0.2080520648242683,35,2144.5176999999985,1524.7753999999998,11,5,40.0,0,0,4,0.0,0,0.0,252698.38140000013,0.0,0,0,0,1.5,0,0.0,0,0,0.0,0,0.0,0,0,427.297,16.0,387.3964,1,127.56480000000002,78.67759999999998,NaN,1280.0,100.0,1.9223692057291666,0,0,0.0,0,0.0,1280.0,0,0.0,0,0,0,0.0,0.0,0.0,0.0,0.0,0.0,0.0,0.0,0,0,0,0,41,0.0,0,6,0.0,0,0.0,666.8992,0.0,1536.4779719617081,0.0,1536.4779719617081,0.0,127.56480000000002,2617.628399999999,6906.596,0.7590374894953684,85,10037.164400000001,36,242661.21700000006,1,0.0,4,14434.0773,2,-5124.294399999999,-6989.8801,970.5925233644855,970.5925,1,12,124,124,11 + fiscal policy and VAT,debt,4,3.637978807091713e-12
120,121,1,4,16220.539500000003,238.7422,11413.7153,0.0,94484.58479999994,,0.0,7628.9687,86855.61609999994,0.0,7437.620999999999,325.8758580000001,0.00375,32.9013,2207.7201351673425,0.0,0.006417458123318233,737.2502836283503,949.663223444895,0.02,252.26659999999995,2.0,0.0,0.0,2.0,0.0,36,0,0.9479166666666666,0.7324009043707433,0.0,0.0,0.0,0.0,2.0,6,0,0,0.281568,23,637.3871514672478,-3.829937756734534,633.5572137105133,28.066150758990478,0.5932284628061726,28.65937922179665,1292.3184000000024,1273.1574999999996,1292.3184000000024,0.0,28,16,2307.863499999983,16437.63,272.2307,2.0,2.0,0.0,0.0,0.0,0.12,0.5,0.25,22.53079999999986,10668.085903472871,4579.2301000000025,272,1706.4082000000003,1072.302399999999,1481.3309,538.7109999999999,0.0,143.46810000000008,0.0,0.0,0.0,0,0.0,0.0,0.0,0.0,0.0,565.7058999999997,0.0,0.015,6.705281200000005,8.633744915254237,10.647472499999996,2.4278638888888913,4.291319456232248,3.0502799886337084,236.0,250.0,118.0,473.00000000000006,301.00000000000006,47.0,43,3,1,5,10,7.0,480.0,9381.646500000004,964.5479,5346.5996,182,10,0,36,0.6489222330743558,0.7324009043707433,0.20232684499783238,36,2261.5105000000003,1676.3203000000012,15,5,40.0,0,0,3,0.0,0,0.0,252912.016,0.0,0,0,0,1.5,0,0.0,0,0,0.0,0,0.0,0,0,425.89889999999986,16.0,494.8442,1,132.8097,76.76959999999998,NaN,1280.0,100.0,1.923300325520833,0,0,0.0,0,0.0,1280.0,0,0.0,0,0,0,0.0,0.0,0.0,0.0,0.0,0.0,0.0,0.0,0,0,0,0,43,0.0,0,6,0.0,0,0.0,666.8992,0.0,1408.0637693192725,0.0,1408.0637693192725,0.0,132.8097,4427.242900000001,6805.9917000000005,0.7593857978788761,85,10030.344400000002,36,242881.67160000003,1,0.0,4,14820.843299999999,2,-5259.142199999999,-7596.0674,970.5925233644855,970.5925,0,12,118,118,11 + fiscal policy and VAT,debt,4,3.637978807091713e-12
