round,persons_alive,farms_open,bakeries_open,money_in_circulation,money_in_dead_balances,outstanding_debt,peer_lent,government_debt,termination,government_peer_debt,government_bank_debt,bonds_outstanding,government_arrears,bonds_issued,coupons,bond_rate,government_cash,government_reserve_target,surplus_redistributed,tax_scale,government_outlay,tax_shortfall,tax_policy_step,consumption_tax,consumption_tax_scale,wealth_tax,wealth_tax_base,wealth_tax_scale,clearing_residue,negative_wealth_persons,zero_cash_persons,land_households_share,gini_wealth_attributed,land_supply,land_demand,land_sold,land_levy,land_levy_scale,new_firms,entries,coops_open,hhi_bread,owners,wealth_gap_meals,wealth_bottom10_meals,wealth_top10_meals,cash_gap_meals,cash_bottom10_meals,cash_top10_meals,invoices_issued,invoices_paid,invoices_open,invoices_overdue,liquidations,refoundings,bad_debt,bank_bailouts,profit_tax,profit_tax_scale,parking_tax_scale,income_tax_accrued,income_tax_charged,wealth_tax_arrears,consumption_tax_rate_now,bracket_top_rate,bracket_bottom_rate,bank_retained_interest,cumulative_interest_paid,cumulative_write_offs,cumulative_credit_refusals,money_created,money_destroyed,credit_demand,tax,enterprise_tax,deposit_interest,buffer_pool,insurance_premiums,insurance_payouts,missed_payments,cash_banks,gi_created,demurrage_destroyed,demurrage_tax,account_fees,fees,trade_arrears,interest_rate,price_bread,price_grain,price_ticket,price_rent,price_wage,wage_bid_producers,bread_baked,bread_sold,grain_harvested,labour_offered,labour_sold,government_labour,unemployed,hungry,without_bread,half_meals,gluttons,bread_stocked,total_capacity,cash_persons,cash_farms,cash_bakeries,land_persons,land_farms,land_banks,landholders,gini_cash_persons,gini_net_wealth_persons,gini_income_persons,persons_below_meal,persons_income,bread_bill,gluttony_attempted,gluttony_refused,tickets_sold,n_greedy,hungry_greedy,hungry_others,cash_greedy,land_greedy,wealth_greedy,wealth_persons,bread_greedy,greedy_loaves,greedy_tickets,ration,tier_multiplier,tier_sold,tier_revenue,n_consumers,n_hoarders,wealth_hoarders,land_hoarders,shares_hoarders,greedy_land,greedy_shares,ticket_revenue,theatre_labour,cash_theatres,theatres_open,dividends,dividend_income_persons,share_price_mean,share_units_per_firm,founders_stake_pct,book_per_unit_mean,share_trades,share_trades_deferred,share_contracts_outstanding,share_seizures,share_volume,founders_stake_mean,outside_holders,forward_value_mean,coop_worker_open,coop_consumer_open,coop_member_open,coop_retained_reserve,coop_buffer_pledged,buffer_pledged_persons,patronage_wages,rebates,membership_capital,reserved_labour,coop_worker_hours,coop_members_worker,coop_members_consumer,worker_members,unemployed_members,unemployed_nonmembers,rebate_income_persons,coop_open,forprofit_open,cash_coops,coop_members,coop_capital,founder_capital,founder_debt,reserve_shortfall_owned,reserve_shortfall_coops,reserve_shortfall_forprofit,dividends_coops,dividends_forprofit,founders_cash,cash_forprofit,gini_net_wealth_all,n_workers,wealth_workers,n_landowners,wealth_landowners,n_farms,wealth_farms,n_bakeries,wealth_bakeries,n_banks,wealth_banks,wealth_government,land_price,land_price_traded,deaths,closures,production_target_farms,production_target_bakeries,rung,system,seed,identity
1,128,4,4,6015.067999999998,0.0,6036.397599999999,0.0,949.0739999999996,,0.0,0.0,949.0739999999996,0.0,949.0739999999996,0.0,0.00375,0.0,2925.0009,0.0,1.0,975.0003,1924.0743000000002,0.0,0.0,1.0,0.0,0.0,1.0,0.0,0,0,0.9791666666666666,0.31301406231249573,0.0,128.0,0.0,0.0,1.0,0,0,0,1.0,48,10.188953846153844,1.4230153846153846,11.611969230769228,2.653907692307692,1.4230153846153846,4.076923076923077,299.9692000000007,0.0,299.9692000000007,0.0,0,0,0.0,0.0,10.3032,1.0,1.0,0.0,0.0,0.0,0.0,0.5,0.25,21.3296,21.3296,0.0,4,1.176,92.428,157.40599999999998,25.926299999999998,0.0,0.0,0.0,0.0,0.0,4,0.0,0.0,0.0,0.0,0.0,810.0,162.89399999999986,0.005,5.0,5.199999999999997,2.0,0.75,3.73124324324325,3.9200000000000013,80.0,15.0,40.0,512.0,185.0,51.0,81,0,0,0,9,6.0,512.0,4401.576,0.0,1042.9548,188,4,0,32,0.12021830362579222,0.31301406231249573,0.09038229166832457,0,1256.7939999999996,75.0,9,0,7.0,0,0,0,0.0,0,0.0,6883.194000000002,0.0,0,0,0,1.5,0,0.0,0,0,0.0,0,0.0,0,0,14.0,52.0,570.5372,4,0.0,0.0,NaN,1280.0,100.0,-0.2849433333333334,0,0,0.0,0,0.0,1280.0,0,0.0,0,0,0,0.0,0.0,0.0,0.0,0.0,0.0,0.0,0.0,0,0,0,0,81,0.0,0,12,0.0,0,0.0,1200.0,0.0,652.828,0.0,652.828,0.0,0.0,1452.3419999999999,1613.4919999999997,0.33795770888282695,96,3357.818,32,3525.3760000000007,4,0.0,4,341.72,2,20.15360000000003,0.0,11.925,11.25,0,0,40,40,"N10 step 10, market entry",debt,2,7.275957614183426e-12
2,128,4,4,5971.597399999999,0.0,6018.4478,0.0,1457.6735999999983,,0.0,84.3938,1373.2797999999982,0.0,424.20579999999956,3.558449999999999,0.00375,0.0,2340.0009,0.0,1.0,585.0003,1507.0576,0.0,0.0,1.0,0.0,0.0,1.0,0.0,0,0,0.9791666666666666,0.32669503498677765,0.0,91.0,0.0,0.0,1.0,0,0,0,0.25695036793939474,48,10.177592307692306,1.5772846153846152,11.754876923076921,2.553045384615385,1.5772846153846152,4.13033,859.6382000000065,262.1391999999996,897.4682000000065,0.0,0,0,0.0,0.0,73.56569999999999,1.0,1.0,0.0,0.0,0.0,0.0,0.5,0.25,46.85039999999999,60.710600000000014,0.0,13,98.254,141.7246,604.4575999999998,79.9596999999999,0.0,0.0,0.0,0.0,0.0,0,0.0,0.0,0.0,0.0,0.0,420.0,443.1762000000012,0.003662440143685384,4.894000000000005,5.479325,1.85,1.1283361111111114,3.517560117302041,3.802399999999999,224.0,263.0,112.0,512.0,341.0,51.0,42,0,0,2,9,6.0,512.0,3950.7808,2.1796,1708.9525,188,4,0,32,0.11931821726859648,0.32669503498677765,0.28053497120776383,1,1262.8577999999995,1287.1220000000012,9,0,2.0,0,0,0,0.0,0,0.0,6856.604600000006,0.0,0,0,0,1.5,0,0.0,0,0,0.0,0,0.0,0,0,3.7,64.0,309.6845,4,0.0,0.0,NaN,1280.0,100.0,-0.25176563802083335,0,0,0.0,0,0.0,1280.0,0,0.0,0,0,0,0.0,0.0,0.0,0.0,0.0,0.0,0.0,0.0,0,0,0,0,42,0.0,0,12,0.0,0,0.0,1200.0,0.0,3202.177562162167,0.0,3202.177562162167,0.0,0.0,1328.6042,2020.8165999999999,0.3458420071996646,96,3310.3635999999997,32,3546.241,4,0.0,4,341.72,2,45.73319999999981,-84.3938,12.640500000000001,11.25,0,0,112,112,"N10 step 10, market entry",debt,2,7.275957614183426e-12
3,128,4,4,6533.315399999997,0.0,6591.290000000002,0.0,1721.7827999999984,,0.0,80.1741,1641.6086999999984,0.0,268.32890000000003,5.148364125000012,0.00375,0.0,2129.3824000000004,0.0,1.0,569.3818000000001,1280.6781000000003,0.0,0.0,1.0,0.0,0.0,1.0,0.0,0,0,0.9791666666666666,0.31261719698362356,0.0,246.0,0.0,0.0,1.0,0,0,0,0.25,48,11.569345509414967,1.830794379302755,13.400139888717723,2.913085882241989,1.830794379302755,4.743880261544744,959.0172000000074,897.4682000000068,959.0172000000074,0.0,0,0,0.0,0.0,63.0141,1.0,1.0,0.0,0.0,0.0,0.0,0.5,0.25,57.97459999999999,90.80020000000003,0.0,15,698.3777000000002,136.6597,900.9957000000002,310.84449999999987,0.0,0.0,0.0,0.0,0.0,0,0.0,0.0,0.0,0.0,0.0,407.8800000000001,0.0,0.007231034757273351,4.847345454545462,5.472901526717561,1.7769333333333333,1.3422236220472448,3.4788716763006033,3.688327999999999,262.0,264.0,131.0,509.33333333333337,346.0,51.0,41,0,0,1,10,5.0,512.0,4413.293900000003,130.26909999999998,1828.2031,188,4,0,32,0.1298133204217935,0.31261719698362356,0.1958593223735261,0,2019.0943,1279.699200000002,10,0,9.0,0,0,0,0.0,0,0.0,7582.973000000005,0.0,0,0,0,1.5,0,0.0,0,0,0.0,0,0.0,0,0,15.9924,31.0,161.5493,4,0.0,0.0,NaN,1280.0,100.0,-0.2825886979166667,0,0,0.0,0,0.0,1280.0,0,0.0,0,0,0,0.0,0.0,0.0,0.0,0.0,0.0,0.0,0.0,0,0,0,0,41,0.0,0,12,0.0,0,0.0,1200.0,4.4736,3568.724659775161,0.0,3568.724659775161,0.0,0.0,1573.3970000000002,2120.0215,0.3309274689556323,96,3695.6774000000014,32,3887.2956000000004,4,0.0,4,341.72,2,56.91620000000001,-80.1741,13.398930000000002,11.25,0,0,131,131,"N10 step 10, market entry",debt,2,7.275957614183426e-12
4,128,4,4,6424.376600000002,0.0,6487.368799999999,0.0,2052.627399999998,,0.0,75.9544,1976.6729999999982,0.0,335.06429999999995,6.154329625000009,0.00375,0.0,1948.8028431818184,0.0,1.0,469.02139090909094,1158.8358454545457,0.0,0.0,1.0,0.0,0.0,1.0,0.0,0,0,0.9739583333333334,0.49906960100520226,0.0,127.0,1.0,0.0,1.0,0,0,0,0.2647582980619292,48,25.711586573806343,1.2005032240268751,26.912089797833218,3.0139247867479577,1.1975523623051398,4.211477149053097,1001.545799999997,833.9649000000051,1126.5980999999958,0.0,0,0,0.0,0.0,83.7306,1.0,1.0,0.0,0.0,0.0,0.0,0.5,0.25,62.9922,120.71019999999997,0.0,23,38.295100000000005,147.2339,573.8614000000001,144.7336999999998,0.0,0.0,0.0,0.0,0.0,3,0.0,0.0,0.0,0.0,0.0,309.05870000000004,435.4063000000006,0.008245316579994836,5.43382014925373,5.4466556390977425,1.7372714285714286,1.4454882812499998,3.374958115183241,3.5776781599999983,266.0,268.0,133.0,510.6666666666667,381.99999999999994,51.0,31,0,0,3,14,6.0,512.0,3712.9515000000006,638.3063,2026.2717,187,5,0,32,0.15246095596892406,0.49906960100520226,0.27679820949234824,5,1126.7803000000004,1456.2637999999997,14,0,42.0,0,0,0,0.0,0,0.0,11358.9288,0.0,0,0,0,1.5,0,0.0,0,0,0.0,0,0.0,0,0,72.9654,63.0,46.847100000000005,4,0.0,0.0,NaN,1280.0,100.0,-0.2296527864583333,0,0,0.0,0,0.0,1280.0,0,0.0,0,0,0,0.0,0.0,0.0,0.0,0.0,0.0,0.0,0.0,0,0,0,0,31,0.0,0,12,0.0,0,0.0,1200.0,4.2499,3441.4561788658525,0.0,3441.4561788658525,0.0,0.0,1242.8969,2711.4250999999995,0.5082289902887112,96,3314.1435000000015,32,8044.785299999999,4,0.0,4,341.72,2,61.99259999999968,-75.9544,14.202865800000003,33.4546,0,0,133,133,"N10 step 10, market entry",debt,2,7.275957614183426e-12
5,128,4,4,6368.650599999998,0.0,6430.090800000001,0.0,2377.7265999999986,,0.0,109.4053,2268.3212999999987,0.0,291.6483000000002,7.410327500000012,0.00375,0.0,1900.0965106648575,0.0,1.0,568.4237268656717,1104.214987109905,0.0,0.0,1.0,0.0,0.0,1.0,0.0,0,0,0.9739583333333334,0.4914169792034291,0.0,100.0,0.0,0.0,1.0,0,0,0,0.2623078636667409,48,23.56052682424498,1.4925432413465833,25.053070065591566,2.3282954006631966,1.4954580344577681,3.8237534351209646,1007.2193999999995,944.3490999999963,1189.4683999999993,0.0,0,0,0.0,0.0,83.1384,1.0,1.0,0.0,0.0,0.0,0.0,0.5,0.25,61.440200000000004,147.717,0.0,35,84.06250000000001,139.78849999999997,516.82,251.11590000000038,0.0,0.0,0.0,0.0,0.0,8,0.0,0.0,0.0,0.0,0.0,389.1067999999999,75.86399999999999,0.009761459158392037,5.601280597014925,5.58062706766917,NaN,1.5756156250000006,3.4228496205768812,3.4703478152,266.0,268.0,133.0,508.00000000000006,356.00000000000006,51.0,37,0,0,2,13,7.0,512.0,3898.8000999999977,210.7518,2258.1958,187,5,0,32,0.12744173341145348,0.4914169792034291,0.22666528470520486,1,1955.8326999999995,1501.1431999999998,15,2,0.0,0,0,0,0.0,0,0.0,11818.816300000008,0.0,0,0,0,1.5,0,0.0,0,0,0.0,0,0.0,0,0,0.0,37.0,0.9029,4,0.0,0.0,NaN,1280.0,100.0,-0.23833085286458336,0,0,0.0,0,0.0,1280.0,0,0.0,0,0,0,0.0,0.0,0.0,0.0,0.0,0.0,0.0,0.0,0,0,0,0,37,0.0,0,12,0.0,0,0.0,1200.0,21.8593,3347.9518509203162,0.0,3347.9518509203162,0.0,0.0,1438.8932999999995,2469.8504999999996,0.5016377990189618,96,3479.468699999999,32,8339.3476,4,0.0,4,341.72,2,60.49940000000001,-109.4053,15.055037748000004,33.4546,0,0,133,133,"N10 step 10, market entry",debt,2,7.275957614183426e-12
6,128,4,4,6526.756399999998,0.0,6583.932900000001,0.0,2866.1563999999985,,0.0,363.8291,2502.3272999999986,0.0,234.00599999999994,8.503576875000011,0.00375,0.0,1898.71370963365,0.0,1.0,630.599901492537,1105.1750730891,0.0,0.0,1.0,0.0,0.0,1.0,0.0,0,0,0.9739583333333334,0.5128748605101667,0.0,109.0,0.0,0.0,1.0,0,0,0,0.26119402985074625,48,23.169203085713917,1.3864954389428008,24.55569852465672,1.482325859794978,1.4007792604586038,2.883105120253582,1017.144299999996,861.4105000000009,1345.2022000000095,35.0148,0,0,0.0,0.0,80.353,1.0,1.0,0.0,0.0,0.0,0.0,0.5,0.25,57.176500000000004,172.25459999999993,0.0,56,294.43409999999994,136.32830000000004,1148.5582999999997,151.22429999999994,0.0,0.0,0.0,0.0,0.0,8,0.0,0.0,0.0,0.0,0.0,445.7590000000002,504.29080000000005,0.010085342452683636,5.59294067164179,5.644209701492541,NaN,1.7314472868217052,3.448863467345377,3.3662373807439985,268.0,268.0,134.0,509.3333333333333,346.00000000000006,51.0,40,0,0,0,12,7.0,512.0,3397.4943000000003,664.3729000000001,2463.9863,187,5,0,32,0.10107352796920055,0.5128748605101667,0.23607745652771572,0,1221.4909000000002,1498.9080999999996,12,0,0.0,0,0,0,0.0,0,0.0,11547.526200000006,0.0,0,0,0,1.5,0,0.0,0,0,0.0,0,0.0,0,0,0.0,25.0,0.9029,4,0.0,0.0,NaN,1280.0,100.0,-0.18859616536458332,0,0,0.0,0,0.0,1280.0,0,0.0,0,0,0,0.0,0.0,0.0,0.0,0.0,0.0,0.0,0.0,0,0,0,0,40,0.0,0,12,0.0,0,0.0,1200.0,25.8496,2756.2322789400855,0.0,2756.2322789400855,0.0,0.0,1241.1283999999998,3129.2621,0.5221300339341071,96,3206.4507000000003,32,8341.075500000003,4,0.0,4,341.72,2,56.29450000000003,-363.8291,15.958340012880004,33.4546,0,0,134,134,"N10 step 10, market entry",debt,2,7.275957614183426e-12
7,128,1,4,16104.703300000001,0.6378,13288.9507,0.0,13245.736799999999,,0.0,10647.1235,2598.6132999999995,0.0,96.286,9.380863750000007,0.00375,0.0,1926.2215422659426,0.0,1.0,697.0895126865666,1115.270209129676,0.0,0.0,1.0,0.0,0.0,1.0,0.0,0,0,0.9739583333333334,0.517607049509839,0.0,96.0,0.0,0.0,1.0,1,0,0,0.2629999018081331,24,23.840596590585868,1.2908277596307507,25.13142435021662,2.2659677298530743,1.2523156125346284,3.518283342387703,979.5460000000016,942.7756999999997,128.69359999999998,0.0,7,0,500.6282999999976,9889.6253,50.5707,1.0,1.0,0.0,0.0,0.0,0.0,0.5,0.25,46.10860000000001,184.99289999999993,2796.0874000000003,77,10407.7793,829.1945999999996,11082.109600000002,218.3379999999996,0.0,0.0,0.0,0.0,0.0,1,9885.3632,0.0,0.0,0.0,0.0,512.5237000000001,30.016599999999997,0.008103344946237784,5.6159441947565565,5.616795522388067,NaN,1.9218790697674417,3.508150898966704,3.2652502593216792,268.0,267.0,134.0,512.0,325.0,51.0,46,0,0,1,9,10.0,512.0,3499.5791000000004,71.2368,2648.2591,187,0,5,32,0.13154518866818865,0.517607049509839,0.1441066877661814,2,1766.0911999999996,1499.4571000000005,9,0,0.0,0,0,0,0.0,0,0.0,11665.718700000007,0.0,0,0,0,1.5,0,0.0,0,0,0.0,0,0.0,0,0,0.0,1.0,0.2651,1,0.0,0.0,NaN,1280.0,100.0,0.02406053385416665,0,0,0.0,0,0.0,1280.0,0,0.0,0,0,0,0.0,0.0,0.0,0.0,0.0,0.0,0.0,0.0,0,0,0,0,46,0.0,0,6,0.0,0,0.0,655.4092,88.3326,1101.4103268998917,0.0,1101.4103268998917,0.0,0.0,703.8652,2719.761,0.6796467975509399,96,3202.310700000001,32,8463.408000000001,1,0.0,4,341.72,2,7235.4226,-10647.1235,16.915840413652806,33.4546,0,7,10,134,"N10 step 10, market entry",debt,2,7.275957614183426e-12
8,128,1,4,17343.917899999986,0.6378,14239.78490206826,0.0,13857.512999999999,,0.0,11013.4641,2844.0489000000002,0.0,245.43559999999988,9.741551500000003,0.00375,0.0,1948.0239398839242,0.0,1.0,700.2135744032645,1131.9875265892829,0.0,0.0,1.0,0.0,0.0,1.0,0.0,0,0,0.9739583333333334,0.43365087541897673,5.0,227.0,5.0,0.0,1.0,2,0,0,0.25,22,15.833205977411557,1.4029163621953566,17.23612233960691,2.247373991867815,1.2649499737143317,3.512323965582147,989.8444999999999,119.6949,985.8405,0.0,8,0,513.6309999999976,9889.6253,76.8892,1.0,1.0,0.0,0.0,0.0,0.0,0.5,0.25,110.7375,249.62179999999998,3238.0517000000004,80,1880.4602999999997,641.2457,981.6384,151.41840000000008,0.0,0.0,0.0,0.0,0.0,0,9859.1374,0.0,0.0,0.0,0.0,514.8879000000001,22.423600000000004,0.002275853168649843,5.595178409090907,5.628799999999999,NaN,1.997046825396824,3.499769840331168,3.167292751542029,262.0,264.0,131.0,510.66666666666663,323.0,51.0,46,0,0,2,11,9.0,512.0,3465.516400000001,0.0,3493.8561,187,5,0,32,0.1310691275151663,0.43365087541897673,0.13367122486691385,1,1689.9785000000008,1477.1270999999995,12,1,0.0,0,0,0,0.0,0,0.0,8245.20655735307,0.0,0,0,0,1.5,0,0.0,0,0,0.0,0,0.0,0,0,0.0,0.0,525.408,1,0.0,0.0,NaN,1280.0,100.0,0.18801791666666665,0,0,0.0,0,0.0,1280.0,0,0.0,0,0,0,0.0,0.0,0.0,0.0,0.0,0.0,0.0,0.0,0,0,0,0,46,0.0,0,6,0.0,0,0.0,1102.6808,542.3122,2248.1131615437503,0.0,2248.1131615437503,0.0,0.0,663.8140000000001,4019.2641,0.6635989783391252,96,3187.387799999999,32,5057.818757353074,1,0.0,4,421.19419999999997,2,6753.602202068265,-11013.4641,17.930790838471975,16.915840413652806,0,8,131,131,"N10 step 10, market entry",debt,2,7.275957614183426e-12
9,128,1,4,17511.302499999998,1.2756,14471.314000000002,0.0,14458.3033,,0.0,10723.5302,3734.7731000000013,0.0,890.7242000000001,10.661375125000003,0.00375,0.008,1961.15132554994,0.0,1.0,688.723470292689,1142.1831281444047,0.0,0.0,1.0,0.0,0.0,1.0,0.0,0,0,0.9739583333333334,0.44912744463002396,0.0,238.0,1.0,0.0,1.0,2,0,0,0.26378062565141436,22,17.372605253585995,1.2512785850942065,18.6238838386802,1.9742430893257397,1.2562835812009163,3.2305266705266558,1036.7268999999994,855.4265999999999,1167.1407999999988,0.0,8,0,513.6309999999976,9889.6253,73.99539999999999,1.0,1.0,0.0,0.0,0.0,0.0,0.5,0.25,178.4734,317.5181999999999,3238.0517000000004,81,890.9901,722.9677,419.7605,153.67500000000004,0.0,0.0,0.0,0.0,0.0,0,9810.6825,0.0,0.0,0.0,0.0,504.0844000000002,0.0,0.010895304885102429,5.563010344827587,5.889873684210523,NaN,2.00991875,3.596372642711523,12.336844674507573,266.0,261.0,133.0,509.33333333333337,326.99999999999994,51.0,45,0,0,0,10,4.0,512.0,3401.2305000000006,706.4401,3508.7082,187,5,0,32,0.12219828580237335,0.44912744463002396,0.1547742963267411,0,1744.7994999999999,1451.9457000000002,10,0,0.0,0,0,0,0.0,0,0.0,8544.553857353074,0.0,0,0,0,1.5,0,0.0,0,0,0.0,0,0.0,0,0,0.0,8.0,84.2332,1,0.0265,0.0184,NaN,1280.0,100.0,0.15522492214430525,0,0,0.0,0,0.0,1280.0,0,0.0,0,0,0,0.0,0.0,0.0,0.0,0.0,0.0,0.0,0.0,0,0,0,0,45,0.0,0,6,0.0,0,0.0,1102.6808,533.251,1620.3809159176044,0.0,1620.3809159176044,0.0,0.0265,667.9902999999999,4299.3815,0.6704813159543792,96,3184.4752999999996,32,5360.078557353075,1,0.0,4,563.4971,2,6768.712800000001,-10723.5222,19.006638288780294,16.915840413652806,0,8,133,133,"N10 step 10, market entry",debt,2,7.275957614183426e-12
10,128,1,4,17487.281099999997,1.9134000000000002,14513.803899999999,0.0,14799.151500000002,,0.0,10711.1738,4087.977700000001,0.0,353.2046000000001,14.001272000000002,0.00375,0.0,1974.2523561705636,0.0,1.0,697.3872105853914,1125.0292374470425,0.0,0.0,1.0,0.0,0.0,1.0,0.0,0,0,0.9739583333333334,0.4645899506161497,0.0,114.0,0.0,0.0,1.0,2,0,0,0.2647582980619292,22,18.522992501219278,1.2471809935931006,19.77017349481238,2.0286629679587342,1.2263006275488972,3.2549635955076317,1083.7360999999996,1167.1407999999979,1083.7360999999996,0.0,8,0,513.6309999999976,9889.6253,78.76100000000001,1.0,1.0,0.0,0.0,0.0,0.0,0.5,0.25,248.5759,387.77320000000003,3238.0517000000004,81,746.5002,769.8838000000002,581.3913,424.15420000000006,0.0,0.0,0.0,0.0,0.0,0,9729.474900000001,0.0,0.0,0.0,0.0,513.8076999999998,0.0,0.013798722166443685,5.608611940298509,6.211455639097748,NaN,2.051454687500003,3.6888078196286447,11.966739334272345,266.0,268.0,133.0,512.0,325.0,51.0,46,0,0,0,11,5.0,512.0,3366.8696999999993,718.2943,3608.417,187,5,0,32,0.12956495776143373,0.4645899506161497,0.15592409155328402,0,1756.038599999999,1503.1080000000004,11,0,0.0,0,0,0,0.0,0,0.0,8805.321557353078,0.0,0,0,0,1.5,0,0.0,0,0,0.0,0,0.0,0,0,0.0,6.0,64.2252,1,0.0,0.0,NaN,1280.0,100.0,0.15863691433180524,0,0,0.0,0,0.0,1280.0,0,0.0,0,0,0,0.0,0.0,0.0,0.0,0.0,0.0,0.0,0.0,0,0,0,0,46,0.0,0,6,0.0,0,0.0,1102.6808,524.1898,1695.720757702601,0.0,1695.720757702601,0.0,0.0,680.8470999999997,4390.9365,0.6736403343871078,96,3154.2102000000014,32,5651.111357353076,1,0.0,4,632.0190000000001,2,6753.4375,-10711.1738,20.147036586107113,16.915840413652806,0,8,133,133,"N10 step 10, market entry",debt,2,7.275957614183426e-12
11,128,1,4,17503.452500000003,2.5512,14598.031700000001,0.0,15265.5096,,0.0,10879.2623,4386.247299999999,0.0,298.2696000000001,15.325095250000004,0.00375,0.0,1985.931363030711,0.0,1.0,700.9071438773955,1122.606542020474,0.0,0.0,1.0,0.0,0.0,1.0,0.0,0,0,0.9739583333333334,0.4788059988811213,0.0,113.0,0.0,0.0,1.0,2,0,0,0.2505325443786982,22,19.65818021920476,1.2148638687306563,20.873044087935416,2.281537362277668,1.2016396999775434,3.4831770622552116,1060.2389999999998,1083.7360999999994,1060.2389999999998,0.0,8,0,513.6309999999976,9889.6253,72.944,1.0,1.0,0.0,0.0,0.0,0.0,0.5,0.25,320.22349999999994,459.5653,3238.0517000000004,81,825.5631,808.7538999999998,790.9058,303.4347,0.0,0.0,0.0,0.0,0.0,0,9613.3936,0.0,0.0,0.0,0.0,515.8229,0.0,0.015,5.663428461538461,6.0648052631578935,NaN,2.1086445312499986,3.8156393662456893,11.607737154244175,266.0,260.0,133.0,512.0,325.0,51.0,46,0,0,3,8,4.0,512.0,3393.918800000001,750.975,3700.3343,187,5,0,32,0.14224694879264677,0.4788059988811213,0.16739098727348312,1,1799.314,1472.4913999999999,11,3,0.0,0,0,0,0.0,0,0.0,9141.086057353074,0.0,0,0,0,1.5,0,0.0,0,0,0.0,0,0.0,0,0,0.0,6.0,44.8308,1,0.0,0.0,NaN,1280.0,100.0,0.18188687526930522,0,0,0.0,0,0.0,1280.0,0,0.0,0,0,0,0.0,0.0,0.0,0.0,0.0,0.0,0.0,0.0,0,0,0,0,46,0.0,0,6,0.0,0,0.0,1102.6808,515.1286,1810.8283011294764,0.0,1810.8283011294764,0.0,0.0,708.3235,4496.1401,0.6753290414951265,96,3164.0086999999994,32,5977.077357353075,1,0.0,4,632.0190000000001,2,6704.8336,-10879.2623,21.35585878127354,16.915840413652806,0,8,133,133,"N10 step 10, market entry",debt,2,7.275957614183426e-12
12,128,1,4,17380.654200000008,3.189,14452.231500000002,0.0,15725.211799999997,,0.0,10853.713,4871.4987999999985,0.0,485.2515,16.443463375000004,0.00375,0.0,1993.9169908491524,0.0,1.0,693.9196322840023,1119.2873355661018,0.0,0.0,1.0,0.0,0.0,1.0,0.0,0,0,0.9739583333333334,0.48975424326583794,0.0,120.0,0.0,0.0,1.0,2,0,0,0.2521678806798474,22,20.730995456169854,1.2806723353358804,22.011667791505737,1.8504237104542685,1.2347800469327022,3.085203757386971,1117.1895000000002,1060.2389999999987,1117.1895000000002,0.0,8,0,513.6309999999976,9889.6253,84.5032,1.0,1.0,0.0,0.0,0.0,0.0,0.5,0.25,300.81280000000004,532.1324999999996,3238.0517000000004,81,728.6547,850.8152000000001,636.8133,305.0632000000003,0.0,91.84140000000001,0.0,0.0,0.0,0,9461.6333,0.0,0.0,0.0,0.0,507.0273000000003,0.0,0.015,5.6560745519713205,6.508144274809163,NaN,2.072844444444443,3.970804455822819,11.25950503961685,262.0,279.0,131.0,508.0,323.0,51.0,45,0,0,2,16,13.0,512.0,3342.3338,738.396,3819.3932999999997,187,5,0,32,0.13523087987950255,0.48975424326583794,0.19486331884029973,0,1911.0544999999997,1578.0447999999985,18,2,0.0,0,0,0,0.0,0,0.0,9484.193857353077,0.0,0,0,0,1.5,0,0.0,0,0,0.0,0,0.0,0,0,0.0,8.0,18.8978,1,0.0,0.0,NaN,1280.0,100.0,0.2066646487068052,0,0,0.0,0,0.0,1280.0,0,0.0,0,0,0,0.0,0.0,0.0,0.0,0.0,0.0,0.0,0.0,0,0,0,0,45,0.0,0,6,0.0,0,0.0,1102.6808,506.0674,1726.1465558613102,0.0,1726.1465558613102,0.0,0.0,671.0186,4576.6871,0.6732224854493953,96,3172.259699999999,32,6311.934157353076,1,0.0,4,733.0235,2,6529.4924,-10853.713,22.637210308149953,16.915840413652806,0,8,131,131,"N10 step 10, market entry",debt,2,7.275957614183426e-12
13,128,1,4,16927.90130000001,3.8268000000000004,14067.512400000003,0.0,16176.655999999999,,0.0,10446.0306,5730.625399999998,0.0,859.1266000000002,18.262572625000004,0.00375,0.0,1923.6711618063218,0.0,1.0,694.0169838286774,1048.3582495375479,0.0,0.0,1.0,0.0,0.0,1.0,0.0,1,0,0.96875,0.5517540663710698,0.0,115.0,1.0,0.0,1.0,2,0,0,0.251487290427258,22,26.631343780278563,0.7948146241573028,27.42615840443587,2.303015422336847,0.6365756316833441,2.939591054020191,1128.8045999999981,1117.1894999999981,1128.8045999999981,0.0,8,0,513.6309999999976,9889.6253,72.7325,1.0,1.0,0.0,0.0,0.0,0.0,0.5,0.25,372.43779999999987,603.886,3238.0517000000004,82,429.05129999999997,881.1664000000001,912.0208,315.10870000000006,0.0,0.0,0.0,0.0,0.0,3,9316.008399999999,0.0,0.0,0.0,0.0,507.3651999999999,625.4998,0.015,5.75697596899225,6.509567164179092,1.7713,2.1375164062500027,3.963845210918113,10.921719888428342,268.0,258.0,134.0,509.33333333333337,325.00000000000006,51.0,45,0,0,1,9,7.0,512.0,2944.091499999999,775.8911,3884.5195,186,6,0,32,0.18179550439201697,0.5517540663710698,0.35623202837987344,8,1209.4416000000003,1485.2998000000005,16,7,2.0,0,0,0,0.0,0,0.0,9937.924316939423,0.0,0,0,0,1.5,0,0.0,0,0,0.0,0,0.0,0,0,3.5426,4.0,7.3908,1,0.0,0.0,NaN,1280.0,100.0,0.21646231021899962,0,0,0.0,0,0.0,1280.0,0,0.0,0,0,0,0.0,0.0,0.0,0.0,0.0,0.0,0.0,0.0,0,0,0,0,45,0.0,0,6,0.0,0,0.0,1102.6808,497.0062,2021.9325010913694,0.0,2021.9325010913694,0.0,0.0,575.2592999999999,4667.8014,0.7012305371777905,96,2886.936799999999,32,7050.987516939422,1,0.0,4,733.0235,2,6451.3223,-10446.0306,23.99544292663895,16.915840413652806,0,8,134,134,"N10 step 10, market entry",debt,2,7.275957614183426e-12
14,128,1,4,16898.04390000001,4.4646,14105.191699999998,0.0,16663.517799999994,,0.0,10599.0677,6064.450099999996,0.0,333.82470000000006,21.48418950000001,0.00375,0.0,1958.922479540811,0.0,1.0,726.0055709379574,1052.4503280272074,0.0,0.0,1.0,0.0,0.0,1.0,0.0,0,0,0.96875,0.5401648659120448,0.0,101.0,0.0,0.0,1.0,2,0,0,0.2522301551344342,22,28.514525917061135,1.3710329674236081,29.885558884484745,2.837962301254964,1.3110321825004876,4.148994483755451,1109.0836999999985,1128.8045999999997,1109.0836999999985,0.0,8,0,513.6309999999976,9889.6253,69.6432,1.0,1.0,0.0,0.0,0.0,0.0,0.5,0.25,443.5656999999998,675.1343999999996,3238.0517000000004,82,881.4395000000001,910.6590999999999,881.4395000000001,312.8652999999996,0.0,0.0,0.0,0.0,0.0,0,9134.6634,0.0,0.0,0.0,0.0,536.0269000000002,0.0,0.015,5.731790513833993,6.44803684210526,1.7748,2.1087259842519703,4.112595037310728,10.594068291775493,266.0,253.0,133.0,510.66666666666663,321.0,51.0,47,4,4,2,9,5.0,508.0,3686.1101000000003,168.1371,3906.8896,186,6,0,32,0.17424924172605505,0.5401648659120448,0.2921858330237972,0,2511.2835999999993,1450.1430000000003,10,1,1.0,0,0,4,0.0,0,0.0,11012.193816939416,0.0,0,0,0,1.5,0,0.0,0,0,0.0,0,0.0,0,0,1.7748,2.0,2.2437,1,0.0,0.0,NaN,1280.0,100.0,0.1547880654273329,0,0,0.0,0,0.0,1280.0,0,0.0,0,0,0,0.0,0.0,0.0,0.0,0.0,0.0,0.0,0.0,0,0,0,0,47,0.0,0,6,0.0,0,0.0,1102.6808,487.945,2559.847494179372,0.0,2559.847494179372,0.0,0.0,839.2277999999999,4077.2704,0.6818979777659766,96,3232.0342000000014,32,7780.1596169394215,1,0.0,4,733.0235,2,6336.935,-10599.0677,25.43516950223729,16.915840413652806,0,8,133,133,"N10 step 10, market entry",debt,2,7.275957614183426e-12
15,128,1,4,17038.07670000002,5.1024,14313.1194,0.0,17124.425199999994,,0.0,10758.0728,6366.352399999994,0.0,570.2312,22.73614037500002,0.00375,0.0,1990.9769442235406,0.0,1.0,697.5996587309189,1073.6878628156937,0.0,0.0,1.0,0.0,0.0,1.0,0.0,0,0,0.96875,0.5545190145191716,0.0,116.0,0.0,0.0,1.0,2,0,0,0.2532367201236081,22,28.55929870425575,1.064601552027309,29.62390025628306,2.82237152049567,0.8841357263493215,3.7065072468449918,1091.3425999999997,1109.0836999999963,1091.3425999999997,0.0,8,0,513.6309999999976,9889.6253,86.84479999999999,1.0,1.0,0.0,0.0,0.0,0.0,0.5,0.25,515.0517999999997,746.7329999999998,3238.0517000000004,83,1087.2226,946.5520000000002,1365.5155,312.42979999999983,0.0,0.0,0.0,0.0,0.0,0,8918.1528,0.0,0.0,0.0,0.0,512.1601,423.0806999999998,0.015,5.80230912408759,6.476171653543305,1.8054,2.1131876033057853,4.236153979285477,10.276246243022227,254.0,274.0,127.0,505.3333333333333,322.00000000000006,50.0,45,0,0,0,16,7.0,512.0,3375.057299999999,772.507,3970.6124,186,6,0,32,0.18745725975341165,0.5545190145191716,0.29216457975223764,6,1465.8573000000008,1589.8326999999997,17,1,10.0,0,0,0,0.0,0,0.0,10886.054416939427,0.0,0,0,0,1.5,0,0.0,0,0,0.0,0,0.0,0,0,18.054,16.0,1.7472,1,0.0,0.0,NaN,1280.0,100.0,0.2339363857398329,0,0,0.0,0,0.0,1280.0,0,0.0,0,0,0,0.0,0.0,0.0,0.0,0.0,0.0,0.0,0.0,0,0,0,0,45,0.0,0,6,0.0,0,0.0,1102.6808,478.88379999999995,1846.462017063794,0.0,1846.462017063794,0.0,0.0,674.536,4744.866599999999,0.6888988380383023,96,3224.0794,32,7661.975016939425,1,0.0,4,860.7680999999999,2,6187.7402999999995,-10758.0728,26.96127967237153,16.915840413652806,0,8,127,127,"N10 step 10, market entry",debt,2,7.275957614183426e-12
16,128,1,4,16786.263600000002,5.7402,14131.445400000006,0.0,17562.90809999999,,0.0,10526.5453,7036.362799999991,0.0,1005.0747,23.868031375000008,0.00375,0.0,2047.9548373043283,0.0,1.0,696.9329632322406,1095.724716536219,0.0,0.0,1.0,0.0,0.0,1.0,0.0,1,1,0.9635416666666666,0.5900619469851078,0.0,116.0,0.0,0.0,1.0,2,0,0,0.2513321883119743,22,32.9020359712137,0.9183823797696065,33.8204183509833,3.9802045063754683,0.8138656350444925,4.794070141419961,1167.563099999997,1091.3425999999995,1167.563099999997,0.0,8,0,513.6309999999976,9889.6253,75.97500000000001,1.0,1.0,0.0,0.0,0.0,0.0,0.5,0.25,588.7820999999997,820.5677999999998,3238.0517000000004,85,750.3606,1001.5359,1675.9594,336.11460000000017,0.0,0.0,0.0,0.0,0.0,1,8665.6003,0.0,0.0,0.0,0.0,505.4575000000002,640.7674000000002,0.015,5.8944314176245225,6.60349999999999,1.8485999999999998,2.1185620155038745,4.36038393183003,9.967958855731561,272.0,261.0,136.0,512.0,336.0,51.0,44,1,1,2,9,7.0,511.0,3713.4789999999994,305.3826,4100.0545,185,7,0,32,0.24930147082089293,0.5900619469851078,0.3796004478195234,9,1765.3958999999986,1538.4466000000004,10,1,4.0,0,0,1,0.0,0,0.0,11877.793476525772,0.0,0,0,0,1.5,0,0.0,0,0,0.0,0,0.0,0,0,7.394399999999999,11.0,1.7472,1,0.0,0.0,NaN,1280.0,100.0,0.18564191183536063,0,0,0.0,0,0.0,1280.0,0,0.0,0,0,0,0.0,0.0,0.0,0.0,0.0,0.0,0.0,0.0,0,0,0,0,44,0.0,0,6,0.0,0,0.0,1102.6808,469.82259999999997,2693.7690052077983,0.0,2693.7690052077983,0.0,0.0,932.6723999999999,4407.1843,0.6985117745530764,96,3294.864900000001,32,8582.92857652577,1,0.0,4,860.7681,2,6004.7478999999985,-10526.5453,28.578956452713822,16.915840413652806,0,8,136,136,"N10 step 10, market entry",debt,2,7.275957614183426e-12
17,128,1,4,16716.285599999996,6.378,14131.856700000002,0.0,18012.9053,,0.0,10487.6756,7525.229699999996,0.0,780.5152000000002,26.380689750000013,0.00375,0.0,2082.544189363511,0.0,1.0,706.7811351024036,1111.726934575674,0.0,0.0,1.0,0.0,0.0,1.0,0.0,0,0,0.9635416666666666,0.5765147975412666,0.0,116.0,0.0,0.0,1.0,2,0,0,0.2510707986898463,22,33.093911795819444,1.1912220917665108,34.285133887585964,3.866376702517781,1.2210618590106508,5.087438561528432,1165.776299999999,1161.1841999999967,1172.155199999999,0.0,8,0,513.6309999999976,9889.6253,78.42869999999999,1.0,1.0,0.0,0.0,0.0,0.0,0.5,0.25,662.7625999999997,894.6448,3238.0517000000004,88,968.2075,1037.5477000000003,1158.4248,335.80409999999983,0.0,0.0,0.0,0.0,0.0,3,8379.741399999999,0.0,0.0,0.0,0.0,512.2656000000003,334.4286999999997,0.015,6.111958730158728,6.89578538461538,1.8395937500000004,2.1414162601626,4.540730608252104,9.668920090059613,260.0,252.0,130.0,508.33333333333337,329.0,51.0,44,1,0,4,6,1.0,511.0,4074.4207999999994,154.9032,4105.473,185,7,0,32,0.21350594060203543,0.5765147975412666,0.32402939962585875,2,2312.3077,1540.2135999999994,10,4,16.0,0,0,1,0.0,0,0.0,12639.44417652577,0.0,0,0,0,1.5,0,0.0,0,0,0.0,0,0.0,0,0,29.433500000000006,16.0,1.7472,1,0.0,0.0,NaN,1280.0,100.0,0.1642061696478606,0,0,0.0,0,0.0,1280.0,0,0.0,0,0,0,0.0,0.0,0.0,0.0,0.0,0.0,0.0,0.0,0,0,0,0,44,0.0,0,6,0.0,0,0.0,1102.6808,460.7614,2749.878681601772,0.0,2749.878681601772,0.0,0.0,981.0628,4262.1233999999995,0.6808887711236611,96,3734.2173999999995,32,8905.226776525771,1,0.0,4,929.1519000000001,2,5788.699300000001,-10487.6756,30.293693839876653,16.915840413652806,0,8,130,130,"N10 step 10, market entry",debt,2,7.275957614183426e-12
18,128,1,4,16646.587600000003,7.0158000000000005,14134.139099999999,0.0,18612.614999999994,,0.0,10639.2249,7973.390099999995,0.0,682.1664,28.213635375,0.00375,0.0,2102.4129636715875,0.0,1.0,710.0749987248423,1121.6562007810585,0.0,0.0,1.0,0.0,0.0,1.0,0.0,0,0,0.9635416666666666,0.5992030963289978,0.0,119.0,0.0,0.0,1.0,2,0,0,0.25215290905272003,22,33.87560774529625,1.0248389024643179,34.90044664776057,3.204391980237228,1.065271616072752,4.2696635963099805,1187.9379000000008,1008.2825999999997,1351.8105000000012,0.0,8,0,513.6309999999976,9889.6253,98.2588,1.0,1.0,0.0,0.0,0.0,0.0,0.5,0.25,738.3341999999997,970.3044000000001,3238.0517000000004,94,1018.4889999999999,1087.5492000000002,1722.3986,191.0233,0.0,0.0,0.0,0.0,0.0,3,8057.7431,0.0,0.0,0.0,0.0,508.3803000000002,517.3934000000003,0.015,6.345554347826089,6.871103846153851,1.926565217391304,2.2337837398373996,4.750023925314808,9.378852487357824,260.0,276.0,130.0,506.0,329.00000000000006,51.0,43,0,0,3,14,10.0,512.0,3749.9145999999996,473.1682,4364.0145,185,7,0,32,0.21282660927131514,0.5992030963289978,0.31610016509823624,5,1887.3006000000005,1751.3730000000005,14,0,23.0,0,0,0,0.0,0,0.0,12751.216476525777,0.0,0,0,0,1.5,0,0.0,0,0,0.0,0,0.0,0,0,44.31099999999999,16.0,1.7472,1,0.0,0.0,NaN,1280.0,100.0,0.25735209412702725,0,0,0.0,0,0.0,1280.0,0,0.0,0,0,0,0.0,0.0,0.0,0.0,0.0,0.0,0.0,0.0,0,0,0,0,43,0.0,0,6,0.0,0,0.0,1102.6808,451.70020000000005,2445.303685096154,0.0,2445.303685096154,0.0,0.0,873.0634,4838.9299,0.6909317518674072,96,3524.973900000001,32,9226.24257652577,1,0.0,4,951.6877000000001,2,5538.102400000001,-10639.2249,32.111315470269254,16.915840413652806,0,8,130,130,"N10 step 10, market entry",debt,2,7.275957614183426e-12
19,128,1,4,16260.041399999987,7.653600000000001,13821.748399999993,0.0,19174.50559999999,,0.0,10328.8867,8845.61889999999,0.0,968.5148000000002,29.893877624999995,0.00375,0.0,2112.1141500165163,0.0,1.0,735.8942580662817,1124.8934916776775,0.0,0.0,1.0,0.0,0.0,1.0,0.0,0,0,0.9635416666666666,0.6050070822473352,0.0,110.0,0.0,0.0,1.0,2,0,0,0.25296423866287837,23,35.43200150608828,1.0035420737374003,36.435543579825676,3.179137897479906,1.093870606749017,4.2730085042289225,1272.8864999999987,1064.3598000000018,1560.3371999999972,0.0,9,1,513.6309999999976,9889.6253,84.1836,1.0,1.0,0.0,0.0,0.0,0.0,0.5,0.25,816.0808999999995,1048.1311000000003,3238.0517000000004,101,820.1001,1206.0085,1539.7991,257.10000000000014,0.0,0.0,0.0,0.0,0.0,2,7698.174499999999,0.0,0.0,0.0,0.0,526.4909000000002,69.58419999999998,0.015,6.673902390438252,7.354197744360909,2.0708555555555557,2.3077238095238095,5.034103164611726,9.09748691273709,266.0,251.0,133.0,508.00000000000006,335.00000000000006,51.0,43,0,0,2,5,2.0,512.0,3818.642,297.3255,4444.1521999999995,185,7,0,32,0.209023488831239,0.6050070822473352,0.3383852330217456,4,2654.9195999999997,1675.1495000000014,6,1,9.0,0,0,0,0.0,0,0.0,13637.872676525767,0.0,0,0,0,1.5,0,0.0,0,0,0.0,0,0.0,0,0,18.637700000000002,16.0,1.7472,1,0.0,0.0,NaN,1280.0,100.0,0.24421636496036062,0,0,0.0,0,0.0,1280.0,0,0.0,0,0,0,0.0,0.0,0.0,0.0,0.0,0.0,0.0,0.0,0,0,0,0,43,0.0,0,6,0.0,0,0.0,660.2755000000001,257.8946,2908.145487626838,0.0,2908.145487626838,0.0,0.0,908.5979,4743.224899999999,0.6848157791650278,96,3618.7814999999987,32,10019.091176525768,1,0.0,4,1013.1587999999999,2,5252.1103,-10328.8867,34.03799439848541,16.915840413652806,0,8,133,133,"N10 step 10, market entry",debt,2,7.275957614183426e-12
20,128,1,4,15292.9034,8.2914,12534.0655,0.0,19829.05599999999,,0.0,10328.9654,9500.09059999999,0.0,654.4716999999999,33.16452687499999,0.00375,0.0,2133.3970227018344,0.0,1.0,785.345065144538,1133.7327568012229,0.0,0.0,1.0,0.0,0.0,1.0,0.0,1,0,0.9635416666666666,0.6338786843696214,0.0,111.0,0.0,0.0,1.0,3,0,0,0.25118944636678203,22,35.39696701079377,0.4718805327294895,35.86884754352326,2.039884839669992,0.6818960521250371,2.7217808917950292,1274.9686999999974,1100.3133000000016,157.36179999999996,0.0,10,1,1096.6981999999969,9889.6253,64.9107,1.0,1.0,0.0,0.0,0.0,0.0,0.5,0.25,877.8744999999994,1109.9246999999998,3414.7394999999997,106,1071.5981,2038.0982999999999,2085.2077,215.61020000000002,0.0,0.0,0.0,0.0,0.0,4,7295.6492,0.0,0.0,0.0,0.0,565.1066000000003,517.1083,0.015,7.0739441176470566,7.650489230769213,2.31578,2.403947967479673,5.360632559932511,8.824562305354975,260.0,272.0,130.0,509.3333333333333,329.0,51.0,44,0,0,1,16,3.0,512.0,3050.1946000000003,220.2548,4725.0576,185,0,7,32,0.1936215341186751,0.6338786843696214,0.37283148096392327,10,1868.0163000000007,1924.1127999999994,19,3,5.0,0,0,0,0.0,0,0.0,13374.89307652577,0.0,0,0,0,1.5,0,0.0,0,0,0.0,0,0.0,0,0,11.5789,16.0,1.7472,1,0.0,0.0,NaN,1280.0,100.0,0.4377165625000001,0,0,0.0,0,0.0,1280.0,0,0.0,0,0,0,0.0,0.0,0.0,0.0,0.0,0.0,0.0,0.0,0,0,0,0,44,0.0,0,6,0.0,0,0.0,725.1211,300.3367,346.2695156247561,0.0,346.2695156247561,0.0,0.0,643.7731,4947.0596,0.6976105570647797,96,3264.7641,32,10110.128976525768,1,0.0,4,1049.2078000000001,2,4646.871982895569,-10328.9654,36.08027406239454,16.915840413652806,0,9,10,130,"N10 step 10, market entry",debt,2,7.275957614183426e-12
21,128,1,4,16060.094499999997,8.9292,13618.076018436763,0.0,20529.16829999999,,0.0,10391.0461,10138.122199999993,0.0,1528.7557999999997,35.61852974999999,0.00375,7.0168,2179.1168358330156,0.0,1.0,871.6027228174132,1152.5317905553438,0.0,0.0,1.0,0.0,0.0,1.0,0.0,0,0,0.9947916666666666,0.6612054361453952,7.0,103.0,7.0,0.0,1.0,3,0,0,0.2524106113033449,23,43.76167390813575,0.5968767927343331,44.35855070087008,3.129128588111244,0.9859253413993034,4.115053929510547,1411.0883000000003,158.78999999999994,1409.6601000000003,0.0,11,2,1096.6981999999969,9889.6253,99.5523,1.0,1.0,0.0,0.0,0.0,0.0,0.5,0.25,941.4941999999992,1173.544399999999,3414.7394999999997,111,1884.3211999999999,1116.4923000000003,1652.9563,265.7778999999999,0.0,0.0,0.0,0.0,0.0,0,6862.56,0.0,0.0,0.0,0.0,638.1633000000002,520.9542,0.015,7.527054509803923,8.097706716417905,2.5005,2.49489097744361,5.709823083227101,8.559825436194325,268.0,255.0,134.0,510.6666666666667,323.0,51.0,47,1,1,5,8,1.0,511.0,3487.705700000001,0.0,5318.275,191,1,0,34,0.24270242796181174,0.6612054361453952,0.25506261319965895,7,2483.9959999999996,1919.3989000000004,12,4,1.0,0,0,1,0.0,0,0.0,17703.33432748059,0.0,0,0,0,1.5,0,0.0,0,0,0.0,0,0.0,0,0,2.5005,2.0,384.537,1,47.4268,16.372500000000006,NaN,1280.0,100.0,0.44620046537270763,0,0,0.0,0,0.0,1280.0,0,0.0,0,0,0,0.0,0.0,0.0,0.0,0.0,0.0,0.0,0.0,0,0,0,0,47,0.0,0,6,0.0,0,0.0,634.8953999999999,402.7851221871837,3132.063029299168,0.0,3132.063029299168,0.0,47.4268,854.3556,5702.812,0.7006544340081198,94,3376.594425937607,34,14326.739901542995,1,0.0,4,1658.1327,2,4411.6123184367625,-10384.0293,38.24509050613821,36.08027406239454,0,9,134,134,"N10 step 10, market entry",debt,2,7.275957614183426e-12
22,128,1,4,16196.8951,9.567,13818.813700000002,0.0,21069.4323,,0.0,9705.0314,11364.400899999999,0.0,1579.4833000000003,38.01108337499998,0.00375,0.0014,2226.9591863232467,0.0,1.0,888.7566125463147,1186.1571492154978,0.0,0.0,1.0,0.0,0.0,1.0,0.0,0,0,0.9947916666666666,0.652001945965442,0.0,232.0,0.0,0.0,1.0,3,0,0,0.27849112426035505,23,42.10177954128495,0.8100497284292012,42.911829269714154,3.1306918836372715,0.9317364129748359,4.062428296612107,1474.2723000000015,1409.6600999999966,1474.2723000000015,0.0,11,2,1096.6981999999969,9889.6253,120.7809,1.0,1.0,0.0,0.0,0.0,0.0,0.5,0.25,1017.4212999999995,1251.6814000000008,3414.7394999999997,112,1356.1012,1218.6628000000005,792.5812000000001,431.4503000000001,0.0,0.0,0.0,0.0,0.0,0,6413.2499,0.0,0.0,0.0,0.0,640.3635,0.0,0.015,8.056501153846154,8.718349999999996,2.6062666666666665,2.648829133858264,6.124238954656859,8.303030673108497,256.0,260.0,128.0,504.33333333333337,320.0,51.0,46,1,0,6,9,2.0,511.0,3827.5264000000006,635.2125,5132.349099999999,191,1,0,33,0.24473046417132482,0.652001945965442,0.32735110702951453,8,3113.0515999999984,2094.6903,18,9,3.0,0,0,1,0.0,0,0.0,18737.84474591735,0.0,0,0,0,1.5,0,0.0,0,0,0.0,0,0.0,0,0,7.8187999999999995,11.0,188.5558,1,0.0136,0.0032,NaN,1280.0,100.0,0.36390757474770763,0,0,0.0,0,0.0,1280.0,0,0.0,0,0,0,0.0,0.0,0.0,0.0,0.0,0.0,0.0,0.0,0,0,0,0,46,0.0,0,6,0.0,0,0.0,634.8953999999999,391.58079999999995,2685.1400423612354,0.0,2685.1400423612354,0.0,0.0136,973.5758999999998,5956.1174,0.6888102829065466,95,3932.5819,33,14805.26284591736,1,0.0,4,2152.7780000000002,2,4025.601499999999,-9705.03,40.53979593650651,36.08027406239454,0,9,128,128,"N10 step 10, market entry",debt,2,7.275957614183426e-12
23,128,1,4,15776.598500000007,10.2048,13472.967999999997,0.0,21828.482000000004,,0.0,9467.8479,12360.634100000001,0.0,1294.5028,42.609596874999966,0.00375,0.0,2290.684151137955,0.0,1.0,955.8070031362283,1229.93568409197,0.0,0.0,1.0,0.0,0.0,1.0,0.0,2,1,0.9947916666666666,0.6786096126791137,0.0,105.0,0.0,0.0,1.0,3,0,0,0.2709194214876033,23,42.09018528594713,0.351097248123028,42.441282534070154,2.7967026915625666,0.5049419477428239,3.3016446393053904,1573.0529999999997,1288.7549,1758.5703999999992,0.0,11,2,1096.6981999999969,9889.6253,128.0475,1.0,1.0,0.0,0.0,0.0,0.0,0.5,0.25,1103.862399999999,1340.2218000000005,3414.7394999999997,114,872.7219,1292.3807,1265.7638,287.8976,0.0,0.0,0.0,0.0,0.0,1,5926.5641,0.0,0.0,0.0,0.0,689.9425999999999,207.5245,0.015,8.60100568181818,9.15257615384615,2.6124,2.7959038759689934,6.505361331513134,8.053939752915241,260.0,264.0,130.0,503.33333333333337,324.00000000000006,51.0,45,0,0,0,9,1.0,512.0,3272.5065999999997,1003.9436,5435.9421999999995,191,1,0,33,0.2661906945237331,0.6786096126791137,0.35086050119500944,26,2580.5644000000007,2270.665499999999,16,7,3.0,0,0,0,0.0,0,0.0,19066.32174591736,0.0,0,0,0,1.5,0,0.0,0,0,0.0,0,0.0,0,0,7.8372,11.0,137.642,1,0.0,0.0,NaN,1280.0,100.0,0.4612493586018742,0,0,0.0,0,0.0,1280.0,0,0.0,0,0,0,0.0,0.0,0.0,0.0,0.0,0.0,0.0,0.0,0,0,0,0,45,0.0,0,6,0.0,0,0.0,634.8953999999999,380.37640000000005,2834.678332340747,0.0,2834.678332340747,0.0,0.0,848.3947000000001,6577.527799999999,0.7238864756557408,95,3977.353600000001,33,15088.968145917357,1,0.0,4,2248.0021,2,3612.7288,-9467.8479,42.9721836926969,36.08027406239454,0,9,130,130,"N10 step 10, market entry",debt,2,7.275957614183426e-12
24,128,1,4,16050.246799999994,10.8426,13687.669899999997,0.0,22279.312499999993,,0.0,9389.3566,12889.955899999995,0.0,1014.5733000000001,46.34550362499997,0.00375,1.8357,2379.7444248667575,0.0,1.0,1050.1607271992136,1256.214458244505,0.0,0.0,1.0,0.0,0.0,1.0,0.0,0,0,0.9947916666666666,0.6744867123315246,0.0,111.0,0.0,0.0,1.0,3,0,0,0.2514177693761815,23,41.559799150598934,0.5274275892989219,42.08722673989786,2.8621697708650418,0.9220889511162123,3.7842587219812542,1675.2816999999986,1758.570399999997,1675.2816999999986,0.0,11,2,1096.6981999999969,9889.6253,123.99340000000001,1.0,1.0,0.0,0.0,0.0,0.0,0.5,0.25,1056.9061999999992,1426.5429000000022,3414.7394999999997,114,1611.4144999999992,1337.1284000000005,1194.9331,694.8573000000006,0.0,77.5823,0.0,0.0,0.0,0,5450.144899999999,0.0,0.0,0.0,0.0,766.3275999999998,0.0,0.015,9.289280632411069,9.799336641221366,2.7258,2.9644969230769256,7.025314787066233,11.050021301964856,262.0,253.0,131.0,512.0,317.0,51.0,48,1,1,2,2,0.0,511.0,3822.839200000001,871.6042,5864.405999999999,191,1,0,33,0.24477477245511636,0.6744867123315246,0.2823378918818995,12,3271.9821999999986,2350.1880000000006,7,5,2.0,0,0,1,0.0,0,0.0,20016.277745917356,0.0,0,0,0,1.5,0,0.0,0,0,0.0,0,0.0,0,0,5.4516,2.0,39.4168,1,6.1447,4.282699999999999,NaN,1280.0,100.0,0.46631197578937433,0,0,0.0,0,0.0,1280.0,0,0.0,0,0,0,0.0,0.0,0.0,0.0,0.0,0.0,0.0,0.0,0,0,0,0,48,0.0,0,6,0.0,0,0.0,634.8953999999999,369.17199999999997,3127.900536185537,0.0,3127.900536185537,0.0,6.1447,1051.8027000000002,6775.427000000001,0.7456626661780228,95,4145.357099999999,33,15870.920645917357,1,0.0,4,2158.257,2,3076.7254000000003,-9387.5209,45.55051471425872,36.08027406239454,0,9,131,131,"N10 step 10, market entry",debt,2,7.275957614183426e-12
25,128,1,4,16366.329700000002,11.4804,13625.619299999993,0.0,23027.885500000004,,0.0,9222.1273,13805.758200000004,0.0,1774.9288999999999,48.32997687499996,0.00375,0.0,2499.177375368282,0.0,1.0,1171.7487858347731,1319.655266912188,0.0,0.0,1.0,0.0,0.0,1.0,0.0,4,0,0.9895833333333334,0.696547344322137,0.0,108.0,0.0,0.0,1.0,3,0,0,0.25001135520598344,23,40.51224129759131,-0.04869922517491564,40.463542072416395,5.459198917114453,0.1390742783130541,5.598273195427506,1714.8503000000012,1675.2816999999948,1714.8503000000012,0.0,11,2,1096.6981999999969,9889.6253,136.653,1.0,1.0,0.0,0.0,0.0,0.0,0.5,0.25,690.7628999999991,1516.550100000004,3414.7394999999997,115,1723.1849,1406.4641999999994,1991.8901999999998,516.6253999999998,0.0,0.0,0.0,0.0,0.0,9,5391.755499999999,0.0,0.0,0.0,0.0,865.2042000000005,936.2645000000003,0.015,9.767726848249028,10.227169291338587,2.96495,3.1392368000000004,7.383409169453725,10.718520662905911,254.0,257.0,127.0,508.3333333333333,312.0,51.0,49,0,0,3,3,1.0,512.0,3719.5606999999986,1155.7683,6069.3885,190,2,0,32,0.4203342516446231,0.696547344322137,0.41414581921154436,37,2220.5638000000017,2510.3058,8,5,6.0,0,0,0,0.0,0,0.0,20574.30497185496,0.0,0,0,0,1.5,0,0.0,0,0,0.0,0,0.0,0,0,17.7897,5.0,29.8567,1,0.0,0.0,NaN,1280.0,100.0,0.523970058349582,0,0,0.0,0,0.0,1280.0,0,0.0,0,0,0,0.0,0.0,0.0,0.0,0.0,0.0,0.0,0.0,0,0,0,0,49,0.0,0,6,0.0,0,0.0,634.8953999999999,357.9676,3066.676677548113,0.0,3066.676677548113,0.0,0.0,1370.0137000000002,7255.0135,0.7873902710404812,96,4909.016199999996,32,15665.28877185496,1,0.0,4,2344.3473000000004,2,2639.5646999999994,-9222.1273,48.28354559711424,36.08027406239454,0,9,127,127,"N10 step 10, market entry",debt,2,7.275957614183426e-12
26,128,1,4,15552.4075,12.118199999999998,12618.393499999998,0.0,23828.995,,0.0,8022.8911,15806.1039,0.0,2334.1703999999995,51.76461525000003,0.00375,0.0,2622.484562776583,0.0,1.0,1219.2343205711647,1384.9314668510553,0.0,0.0,1.0,0.0,0.0,1.0,0.0,8,4,0.984375,0.7107288601323178,0.0,101.0,0.0,0.0,1.0,3,0,0,0.25662941047556437,23,44.112869153297055,-0.17469421607764038,43.938174937219415,3.8329191913284335,0.11519529275615008,3.948114484084584,1837.9281999999964,1714.850299999998,1837.9281999999964,0.0,11,2,1096.6981999999969,9889.6253,125.53339999999999,1.0,1.0,0.0,0.0,0.0,0.0,0.5,0.25,509.44949999999903,1606.834800000003,3414.7394999999997,116,680.0454,1493.3298000000007,1185.3197,516.0083999999996,0.0,0.0,0.0,0.0,0.0,9,5331.5946,0.0,0.0,0.0,0.0,896.9004000000002,992.8094000000006,0.015,10.223241025641027,11.094124999999988,3.0719,3.3126104,7.079171873501235,10.396965043018733,256.0,234.0,128.0,508.0,311.0,51.0,49,7,7,7,1,0.0,505.0,3819.5447000000017,222.2906,6149.0801,189,3,0,32,0.3475633518816392,0.7107288601323178,0.3700573236963016,34,3063.699199999999,2392.2384,9,8,5.0,0,0,7,0.0,0,0.0,22383.24029779256,0.0,0,0,0,1.5,0,0.0,0,0,0.0,0,0.0,0,0,15.359499999999999,2.0,29.8975,1,0.0,0.0,NaN,1280.0,100.0,0.4088304976806229,0,0,0.0,0,0.0,1280.0,0,0.0,0,0,0,0.0,0.0,0.0,0.0,0.0,0.0,0.0,0.0,0,0,0,0,49,0.0,0,6,0.0,0,0.0,634.8953999999999,346.7632,4446.190436231201,0.0,4446.190436231201,0.0,0.0,1090.0962000000002,6401.2682,0.804720361014094,96,4968.303799999997,32,17414.93649779256,1,0.0,4,2474.2578,2,2385.4624,-8022.8911,51.1805583329411,36.08027406239454,0,9,128,128,"N10 step 10, market entry",debt,2,7.275957614183426e-12
27,128,1,4,15981.699099999993,12.756,12951.387500000003,0.0,24953.4197,,0.0,8454.0496,16499.3701,0.0,1263.4973999999997,59.26597012500002,0.00375,3.0176,2771.9008386639644,0.0,1.0,1295.2647622804448,1486.8017591093094,0.0,0.0,1.0,0.0,0.0,1.0,0.0,3,1,0.984375,0.6918588456301387,0.0,95.0,0.0,0.0,1.0,3,0,0,0.25056386770200234,23,42.31692104489991,0.21423847221915673,42.531159517119065,3.4984494856365487,0.43987856728660485,3.9383280529231532,1744.6755999999978,1602.7021999999977,1979.901599999997,0.0,11,2,1096.6981999999969,9889.6253,136.1324,1.0,1.0,0.0,0.0,0.0,0.0,0.5,0.25,425.1420999999989,1695.5297000000023,3414.7394999999997,118,1950.4701,1520.5407000000005,2734.8554999999997,273.24609999999996,0.0,0.0,0.0,0.0,0.0,2,5264.1461,0.0,0.0,0.0,0.0,964.5133000000004,720.5041000000006,0.015,10.442032365145225,11.334572649572642,3.5477,3.515770175438599,7.0501017595066315,10.085056091728172,234.0,241.0,117.0,495.6666666666667,293.00000000000006,50.0,50,9,7,10,7,2.0,503.0,4373.3218,274.4652,6066.030400000001,189,3,0,32,0.30934435917510106,0.6918588456301387,0.31326736481393347,27,3333.3242999999993,2516.5297999999993,13,6,1.0,0,0,9,0.0,0,0.0,23240.677197792582,0.0,0,0,0,1.5,0,0.0,0,0,0.0,0,0.0,0,0,3.5477,7.0,0.718,1,10.0587,7.0412,NaN,1280.0,100.0,0.4208608362222896,0,0,0.0,0,0.0,1280.0,0,0.0,0,0,0,0.0,0.0,0.0,0.0,0.0,0.0,0.0,0.0,0,0,0,0,50,0.0,0,6,0.0,0,0.0,634.8953999999999,335.5588,3924.319915337065,0.0,3924.319915337065,0.0,10.0587,1073.4315000000001,6341.2136,0.7929072267493396,96,5489.283000000001,32,17751.39419779257,1,0.0,4,2809.5811000000003,2,2221.0785000000005,-8451.032000000001,54.25139183291756,36.08027406239454,0,9,117,117,"N10 step 10, market entry",debt,2,7.275957614183426e-12
28,128,1,4,16759.576799999995,13.393799999999999,13686.958499999995,0.0,26053.559500000007,,0.0,9283.5256,16770.033900000006,0.0,1275.7385000000002,61.86568212500003,0.00375,0.0,2917.506368895336,0.0,1.0,1279.3550841577248,1589.5256875968905,0.0,0.0,1.0,0.0,0.0,1.0,0.0,3,0,0.984375,0.6949348982229668,0.0,101.0,0.0,0.0,1.0,3,0,0,0.3112565271994183,23,42.420943780924304,0.09653587864710184,42.5174796595714,6.051951097346588,0.3670741351840937,6.419025232530681,1814.5416999999998,1524.2191999999989,2270.2241000000004,0.0,11,2,1096.6981999999969,9889.6253,152.963,1.0,1.0,0.0,0.0,0.0,0.0,0.5,0.25,393.02159999999867,1785.257200000002,3414.7394999999997,120,1836.6649,1058.1494,2889.6495999999997,280.3420999999999,0.0,0.0,0.0,0.0,0.0,5,5186.1981,0.0,0.0,0.0,0.0,941.5265000000002,717.8242999999998,0.015,10.305534959349595,11.3674,3.25875,3.6501632478632473,7.015528862907818,9.782504408976326,240.0,246.0,120.0,490.33333333333337,299.99999999999994,50.0,47,4,4,4,4,0.0,508.0,4907.169399999999,454.7037,6210.7876,189,3,0,32,0.4009649015402852,0.6949348982229668,0.33610194180595654,27,3096.175100000002,2535.1616000000004,11,7,2.0,0,0,4,0.0,0,0.0,23832.753397792567,0.0,0,0,0,1.5,0,0.0,0,0,0.0,0,0.0,0,0,6.5175,8.0,0.718,1,0.0,0.0,NaN,1280.0,100.0,0.4785488700764562,0,0,0.0,0,0.0,1280.0,0,0.0,0,0,0,0.0,0.0,0.0,0.0,0.0,0.0,0.0,0.0,0,0,0,0,47,0.0,0,6,0.0,0,0.0,634.8953999999999,326.15840000000003,3925.189826076981,0.0,3925.189826076981,0.0,0.0,855.9440999999999,6666.2092999999995,0.7961200994056199,96,5598.745899999999,32,18234.007497792565,1,0.0,4,2997.8729000000003,2,2100.1859999999992,-9283.5256,57.50647534289262,36.08027406239454,0,9,120,120,"N10 step 10, market entry",debt,2,7.275957614183426e-12
29,128,1,4,17585.268400000008,14.031600000000001,14069.166100000006,0.0,28987.237500000003,,0.0,11310.7908,17676.446700000004,0.0,1686.9280000000003,62.88040025000002,0.00375,1.0792,3067.6012748486796,0.0,1.0,1307.1607589157795,1692.6992248991196,0.0,0.0,1.0,0.0,0.0,1.0,0.0,6,0,0.984375,0.7088847847013413,0.0,100.0,0.0,0.0,1.0,4,0,0,0.29709052237266076,22,42.87332891912537,0.05830362056604201,42.931632539691414,4.274821564401684,0.26402690129830836,4.538848465699991,1842.4272999999994,1577.820000000001,231.75390000000004,0.0,12,2,1964.2897000000016,11699.9206,99.9482,1.0,1.0,0.0,0.0,0.0,0.0,0.5,0.25,375.0088999999987,1850.5756000000029,3652.4714,126,3126.886,2300.5566,4855.1416,294.1641000000002,0.0,0.0,0.0,0.0,0.0,17,6895.045399999999,0.0,0.0,0.0,0.0,973.7484999999996,1001.0654999999999,0.015,10.522721115537848,11.5765,3.17985,3.756049586776859,6.9318639422611055,9.489029276707035,248.0,251.0,124.0,502.6666666666667,306.0,50.0,48,4,4,4,6,1.0,508.0,4203.2201000000005,0.0,6485.2057,189,0,3,32,0.36637586408899936,0.7088847847013413,0.37616330595720604,40,2879.7931000000017,2641.203,11,5,4.0,0,0,4,0.0,0,0.0,23778.892897792575,0.0,0,0,0,1.5,0,0.0,0,0,0.0,0,0.0,0,0,12.7194,6.0,0.718,1,3.5981,2.5187999999999997,NaN,1280.0,100.0,0.6778222786458333,0,0,0.0,0,0.0,1280.0,0,0.0,0,0,0,0.0,0.0,0.0,0.0,0.0,0.0,0.0,0.0,0,0,0,0,48,0.0,0,6,0.0,0,0.0,734.6114,394.8149,831.158651356327,0.0,831.158651356327,0.0,3.5981,890.9148000000001,6485.9237,0.7226416285962545,96,5288.640200000002,32,18490.25269779257,1,0.0,4,3080.3083000000006,2,3473.1523221871835,-11309.7116,60.95686386346618,36.08027406239454,0,10,10,124,"N10 step 10, market entry",debt,2,7.275957614183426e-12
30,128,1,4,17806.57099999999,14.6694,14539.015191590399,0.0,30165.9041,,0.0,10562.6306,19603.2735,0.0,2608.993199999999,66.27971775000003,0.00375,0.2484,3228.545500135753,0.0,1.0,1353.8518998731365,1791.4247084238355,0.0,0.0,1.0,0.0,0.0,1.0,0.0,1,0,0.984375,0.7018458794242008,3.0,222.0,3.0,0.0,1.0,4,0,0,0.3127250900360144,22,43.14002651368517,0.2026318514124639,43.342658365097634,3.210527048877699,0.883597858772921,4.094124907650619,1885.9270999999974,217.87810000000002,1899.8028999999974,0.0,12,2,1964.2897000000016,11699.9206,158.3769,1.0,1.0,0.0,0.0,0.0,0.0,0.5,0.25,452.6749999999987,1929.599100000003,3652.4714,131,1343.9525,1122.0120999999997,2310.8942,297.1945,0.0,0.0,0.0,0.0,0.0,4,6722.352,0.0,0.0,0.0,0.0,1013.4099999999996,1027.3161999999998,0.015,10.569107983193279,11.39419999999999,3.06453,3.779291735537192,6.992379604088392,9.204358398405825,248.0,238.0,124.0,502.66666666666674,310.0,50.0,49,8,8,5,2,2.0,504.0,4306.4486,0.0,6776.804,189,3,0,33,0.27676654240398957,0.7018458794242008,0.16323252658144316,26,3218.354200000001,2515.4477,8,6,10.0,0,0,8,0.0,0,0.0,24488.77739779257,0.0,0,0,0,1.5,0,0.0,0,0,0.0,0,0.0,0,0,30.6453,10.0,0.718,1,0.8276,0.5792,NaN,1280.0,100.0,0.5739587539839563,0,0,0.0,0,0.0,1280.0,0,0.0,0,0,0,0.0,0.0,0.0,0.0,0.0,0.0,0.0,0.0,0,0,0,0,49,0.0,0,6,0.0,0,0.0,734.6114,383.3021,4298.897590960803,0.0,4298.897590960803,0.0,0.8276,1192.807,6777.522,0.7229699965861625,95,5247.305300000002,33,19241.472097792575,1,0.0,4,4379.9808,2,3440.126791590399,-10562.3822,64.61427569527416,36.08027406239454,0,10,124,124,"N10 step 10, market entry",debt,2,7.275957614183426e-12
31,128,1,4,18695.01639999999,15.307200000000002,15498.7549,0.0,31350.398800000006,,0.0,10712.8161,20637.582700000006,0.0,2002.8240000000003,73.50486399999996,0.00375,0.7308,3392.269038250037,0.0,1.0,1390.7884105234132,1894.079483833358,0.0,0.0,1.0,0.0,0.0,1.0,0.0,1,0,0.984375,0.6775166442058458,0.0,231.0,0.0,0.0,1.0,4,0,0,0.2877218934911243,22,43.54523828733493,0.4518163842624852,43.99705467159742,3.885803512310077,0.9454680434757659,4.831271555785843,1806.1688000000022,1660.226999999997,2045.7447000000025,0.0,13,3,1964.2897000000016,11699.9206,157.796,1.0,1.0,0.0,0.0,0.0,0.0,0.5,0.25,545.1030999999986,2024.8742000000054,3652.4714,137,2080.9566999999997,1191.8734999999997,2393.395,333.10140000000007,0.0,0.0,0.0,0.0,0.0,0,6522.082699999999,0.0,0.0,0.0,0.0,1048.8469999999995,53.9954,0.015,10.526661153846153,11.378583193277322,2.9698000000000007,3.769719827586209,7.138858119003471,8.92822764645365,238.0,260.0,119.0,497.33333333333337,292.99999999999994,50.0,50,0,0,2,6,2.0,512.0,5375.113400000002,353.65,6442.7215,189,3,0,33,0.2820731925162734,0.6775166442058458,0.2445212593200896,12,4171.794399999999,2736.9318999999996,14,8,3.0,0,0,0,0.0,0,0.0,25933.69289779257,0.0,0,0,0,1.5,0,0.0,0,0,0.0,0,0.0,0,0,8.909400000000002,3.0,0.718,1,2.4357,1.7052,NaN,1280.0,99.99999998697916,0.46647756799312284,0,0,0.0,0,0.0,1279.9999998333333,0,0.0,0,0,0,0.0,0.0,0.0,0.0,0.0,0.0,0.0,0.0,0,0,0,0,50,0.0,0,6,0.0,0,0.0,800.356,371.78929999999997,3697.2586746067727,0.0,3697.2586746067727,0.0,2.4357,1459.6965999999998,6797.089499999999,0.7050829672239671,95,6046.4855000000025,33,19887.20739779257,1,0.0,4,5073.508100000001,2,3310.5139999999983,-10712.0853,68.49113223699061,36.08027406239454,0,10,119,119,"N10 step 10, market entry",debt,2,7.275957614183426e-12
32,128,1,4,18653.910599999985,15.945,15541.952000000003,0.0,32437.89099999999,,0.0,10878.0329,21559.858099999987,0.0,1576.7471000000003,77.38378349999995,0.00375,0.3556,3513.431985199616,0.0,1.0,1269.996852942859,1966.8570484664108,0.0,0.0,1.0,0.0,0.0,1.0,0.0,3,1,0.9791666666666666,0.6968543627142023,0.0,118.0,1.0,0.0,1.0,4,0,0,0.26629543784272713,22,44.61956101965293,0.09092845897992569,44.71048947863285,3.4773451981030297,0.2253395490037586,3.7026847471067885,2056.9269000000018,1573.9064999999991,2528.7651000000033,0.0,13,3,1964.2897000000016,11699.9206,155.9686,1.0,1.0,0.0,0.0,0.0,0.0,0.5,0.25,648.7355999999987,2131.005600000006,3652.4714,139,1167.3293,1207.7972999999995,2748.3886999999995,313.0838000000001,0.0,0.0,0.0,0.0,0.0,16,6272.7727,0.0,0.0,0.0,0.0,922.6159999999998,1109.2212000000009,0.015,10.87663646616541,11.967792366412224,3.0249769230769226,3.731525984251968,7.281331747928999,8.66038081706004,262.0,266.0,131.0,509.3333333333333,325.0,51.0,44,0,0,4,10,6.0,512.0,4224.542299999999,1210.7734,6944.7486,188,4,0,33,0.29515436260248773,0.6968543627142023,0.36532529344320697,26,2281.6766,2893.185299999999,16,6,13.0,0,0,0,0.0,0,0.0,25642.95422373017,0.0,0,0,0,1.5,0,0.0,0,0,0.0,0,0.0,0,0,39.32469999999999,10.0,0.718,1,1.1853,0.8296,NaN,1280.0,99.99999998697916,0.6585331765949972,0,0,0.0,0,0.0,1279.9999998333333,0,0.0,0,0,0,0.0,0.0,0.0,0.0,0.0,0.0,0.0,0.0,0,0,0,0,44,0.0,0,6,0.0,0,0.0,800.356,360.27649999999994,3633.0187223904013,0.0,3633.0187223904013,0.0,1.1853,1108.8316000000002,8156.24,0.7230420550018555,95,5605.014800000004,33,20037.93942373017,1,0.0,4,5142.1342,2,3144.8691,-10877.6773,72.60060017121005,36.08027406239454,0,10,131,131,"N10 step 10, market entry",debt,2,7.275957614183426e-12
33,128,1,4,18790.88700000001,16.5828,15247.892600000005,0.0,34038.89979999996,,0.0,12589.5251,21449.374699999964,0.0,1418.2723999999992,80.84204349999992,0.00375,20.848,3642.280033864272,0.0,1.0,1386.994917476034,2033.4779142428479,0.0,0.0,1.0,0.0,0.0,1.0,0.0,0,0,0.9791666666666666,0.6890814233111184,0.0,101.0,0.0,0.0,1.0,5,0,0,0.2620392390011891,23,44.12714152057479,0.32698598536147905,44.45412750593627,3.940793020917652,0.8894131110307866,4.830206131948438,1945.2105000000024,1859.6915999999978,216.47929999999997,0.0,14,3,2823.2493999999965,12173.3445,74.0025,1.0,1.0,0.0,0.0,0.0,0.0,0.5,0.25,723.551199999999,2206.8633000000077,3838.5061999999994,144,2852.2262,2714.6120000000014,4341.1887,415.1423000000003,0.0,0.0,0.0,0.0,0.0,3,6436.2397,0.0,0.0,0.0,0.0,1028.0660999999993,786.650800000001,0.015,11.134914224137932,11.837269230769245,3.0604999999999998,3.891787301587299,7.62006467315441,8.400569392548237,260.0,232.0,130.0,506.6666666666667,316.0,51.0,48,9,9,4,2,2.0,503.0,4802.831000000002,0.0,7530.2503,188,0,4,33,0.2952793928986879,0.6890814233111184,0.2471137122287015,20,3814.1956999999984,2583.3001,8,6,3.0,0,0,9,0.0,0,0.0,26627.21092373018,0.0,0,0,0,1.5,0,0.0,0,0,0.0,0,0.0,0,0,9.1815,3.0,0.718,1,69.4926,48.64480000000001,NaN,1280.0,99.99999998697916,0.8319215104166666,0,0,0.0,0,0.0,1279.9999998333333,0,0.0,0,0,0,0.0,0.0,0.0,0.0,0.0,0.0,0.0,0.0,0,0,0,0,48,0.0,0,6,0.0,0,0.0,810.7708,386.83140000000003,997.5413326735475,0.0,997.5413326735475,0.0,69.4926,1414.1558000000005,7530.9682999999995,0.7113230716348102,95,5838.614100000004,33,20788.59682373017,1,0.0,4,4530.0192,2,3020.983596249579,-12568.6771,76.95663618148265,36.08027406239454,0,11,10,130,"N10 step 10, market entry",debt,2,7.275957614183426e-12
34,128,1,4,18638.334699999985,17.220599999999997,15476.374544725928,0.0,35295.99509999997,,0.0,11546.5307,23749.46439999997,0.0,3879.5729999999994,80.42764362500003,0.00375,16.2612,3781.402509477245,0.0,1.0,1445.2465149982067,2136.46379798483,0.0,0.0,1.0,0.0,0.0,1.0,0.0,1,0,0.9791666666666666,0.6970706278451673,4.0,232.0,4.0,0.0,1.0,5,0,0,0.25327050654101313,23,52.99141892719373,0.21748846339253006,53.20890739058626,4.469658278154783,0.7243812493353574,5.19403952749014,1889.789100000001,202.64159999999987,1903.626800000001,0.0,14,3,2823.2493999999965,12173.3445,159.6594,1.0,1.0,0.0,0.0,0.0,0.0,0.5,0.25,808.7490999999987,2292.9927000000093,3838.5061999999994,149,1084.7813,1236.695800000001,878.164,326.9467000000001,0.0,0.0,0.0,0.0,0.0,4,6089.7562,0.0,0.0,0.0,0.0,1084.9984000000002,803.5186000000012,0.015,11.162722440944876,12.057520338983062,3.4839,3.954606140350876,7.912685750507095,8.148552310771791,236.0,254.0,118.0,497.6666666666667,293.00000000000006,50.0,50,2,0,5,3,2.0,510.0,5127.1626000000015,0.0,7368.9306,188,4,0,33,0.32930241596980014,0.6970706278451673,0.21945722508762255,19,3421.986699999998,2835.3314999999984,8,5,3.0,0,0,2,0.0,0,0.0,34970.3666021187,0.0,0,0,0,1.5,0,0.0,0,0,0.0,0,0.0,0,0,10.4517,5.0,36.2241,1,54.204800000000006,37.9436,NaN,1280.0,99.99999998697916,0.6863447786458333,0,0,0.0,0,0.0,1279.9999998333333,0,0.0,0,0,0,0.0,0.0,0.0,0.0,0.0,0.0,0.0,0.0,0,0,0,0,50,0.0,0,6,0.0,0,0.0,810.7708,375.455,4160.081118797239,0.0,4160.081118797239,0.0,54.204800000000006,1265.3857000000003,7405.1547,0.7146671640362998,95,6044.978500000003,33,28925.38810211874,1,0.0,4,6560.1129,2,2910.5754447259305,-11530.269499999999,81.57403435237161,76.95663618148265,0,11,118,118,"N10 step 10, market entry",debt,2,7.275957614183426e-12
35,128,1,4,19182.08519999999,17.8584,16090.1007,0.0,36196.59539999998,,0.0,10984.0124,25212.58299999998,0.0,2757.6213999999995,89.05336900000002,0.00375,0.0,3886.845394410771,0.0,1.0,1377.578542870334,2185.5451879405136,0.0,0.0,1.0,0.0,0.0,1.0,0.0,0,0,0.9791666666666666,0.6874402407850482,0.0,235.0,0.0,0.0,1.0,5,0,0,0.2779155558311116,22,54.093141761883075,0.30924975954853423,54.40239152143161,4.809054998710709,0.83605673079687,5.645111729507579,2121.9012999999954,1914.5479000000028,2110.980199999996,0.0,15,4,2823.2493999999965,12173.3445,167.3089,1.0,1.0,0.0,0.0,0.0,0.0,0.5,0.25,906.1062999999988,2393.864400000008,3838.5061999999994,153,1874.9208000000003,1330.5325,569.4181,607.5087999999995,0.0,0.0,0.0,0.0,0.0,3,5718.0075,0.0,0.0,0.0,0.0,1009.2067999999994,24.683,0.015,11.438935826771662,12.690482677165331,3.316211111111111,3.920855284552844,8.124253545377018,7.904095741448637,254.0,254.0,127.0,504.0,317.0,51.0,46,1,1,5,6,1.0,511.0,5662.597399999999,558.8008,7242.0946,188,4,0,33,0.33686928695257423,0.6874402407850482,0.28628951183502216,18,4387.047100000001,2905.489700000002,13,7,9.0,0,0,1,0.0,0,0.0,36413.31350211876,0.0,0,0,0,1.5,0,0.0,0,0,0.0,0,0.0,0,0,29.8459,10.0,0.5849,1,0.0,0.0,NaN,1280.0,99.99999998697916,0.5817775188445222,0,0,0.0,0,0.0,1279.9999998333333,0,0.0,0,0,0,0.0,0.0,0.0,0.0,0.0,0.0,0.0,0.0,0,0,0,0,46,0.0,0,6,0.0,0,0.0,829.2327,366.8085,4565.98700302785,0.0,4565.98700302785,0.0,0.0,1843.0560999999998,7801.480299999999,0.7112336789536866,95,6709.402299999999,33,29703.911202118743,1,0.0,4,7138.8771,2,2608.164600000001,-10984.0124,86.46847641351391,76.95663618148265,0,11,127,127,"N10 step 10, market entry",debt,2,7.275957614183426e-12
36,128,1,4,18884.5151,18.4962,15796.862099999998,0.0,37120.37099999999,,0.0,10616.7175,26503.653499999993,0.0,2305.6438000000003,94.53998124999998,0.00375,0.1224,3977.470624216487,0.0,1.0,1412.6616464220754,2250.6196661443246,0.0,0.0,1.0,0.0,0.0,1.0,0.0,5,0,0.9791666666666666,0.7021737283387224,0.0,107.0,0.0,0.0,1.0,5,0,0,0.2781722660449061,21,54.68193860014158,-0.021354191899349922,54.66058440824223,4.549449221536096,0.15236422703811064,4.701813448574207,2211.7701999999995,2125.6415999999995,2197.1087999999995,0.0,16,5,2823.2493999999965,12173.3445,172.8229,1.0,1.0,0.0,0.0,0.0,0.0,0.5,0.25,937.8191999999983,2508.1441000000077,3838.5061999999994,157,1025.1689999999999,1322.1013000000005,1368.7143999999998,638.4758,0.0,79.2977,0.0,0.0,0.0,8,5297.4266,0.0,0.0,0.0,0.0,1035.1763999999994,688.9695999999999,0.015,11.85097431906615,13.1316,3.541733333333333,4.119903225806452,8.403192491563553,7.6669728692051775,256.0,257.0,128.0,504.33333333333337,322.0,51.0,46,1,1,2,6,1.0,511.0,4494.348400000003,1437.935,7568.8292,188,4,0,33,0.3583214907749477,0.7021737283387224,0.31559499227548216,29,3184.378399999999,3045.7004000000006,10,4,12.0,0,0,1,0.0,0,0.0,36543.163402118735,0.0,0,0,0,1.5,0,0.0,0,0,0.0,0,0.0,0,0,42.5008,13.0,85.8535,1,0.4076,0.2848,NaN,1280.0,100.0,0.7379495631153555,0,0,0.0,0,0.0,1280.0,0,0.0,0,0,0,0.0,0.0,0.0,0.0,0.0,0.0,0.0,0.0,0,0,0,0,46,0.0,0,6,0.0,0,0.0,747.1944000000001,381.4012,3846.0769336909025,0.0,3846.0769336909025,0.0,0.4076,1593.8724000000002,9092.6177,0.7304388388519003,95,6300.5288,33,30242.634602118735,1,0.0,4,7234.7971,2,2191.2774,-10616.5951,91.65658499832475,76.95663618148265,0,11,128,128,"N10 step 10, market entry",debt,2,7.275957614183426e-12
37,128,1,4,18970.997900000013,19.134,15969.522099999995,0.0,38428.21309999999,,0.0,10970.3747,27457.838399999993,0.0,2729.1137999999996,99.38155912500004,0.00375,5.26,4065.1674054381847,0.0,1.0,1522.5359107215652,2319.398578625456,0.0,0.0,1.0,0.0,0.0,1.0,0.0,6,0,0.9739583333333334,0.7025092378977369,0.0,100.0,0.0,0.0,1.0,5,0,0,0.2559891353553644,21,56.23308969988691,-0.006787173207793574,56.22630252667911,7.1428197208002535,0.1186062818260128,7.261426002626267,2201.7963000000004,1918.9147999999977,2479.9903000000018,0.0,16,5,2823.2493999999965,12173.3445,144.6607,1.0,1.0,0.0,0.0,0.0,0.0,0.5,0.25,1047.7697999999982,2620.944800000007,3838.5061999999994,159,1454.8766,1367.7560000000005,2938.4925000000003,372.3023000000002,0.0,0.0,0.0,0.0,0.0,14,4855.957899999999,0.0,0.0,0.0,0.0,1131.4525,1205.4218999999996,0.015,12.19488170212766,13.392669291338581,3.5202666666666667,4.231145081967211,8.713864377764486,7.436963683129022,254.0,235.0,127.0,508.3333333333333,312.0,51.0,49,10,10,4,3,1.0,502.0,5473.748200000002,867.2428,7758.836599999999,187,5,0,33,0.4650086625627936,0.7025092378977369,0.3750183168532202,36,3364.6865,2865.7972,15,12,6.0,0,0,10,0.0,0,0.0,38450.58986593725,0.0,0,0,0,1.5,0,0.0,0,0,0.0,0,0.0,0,0,21.1216,5.0,9.9524,1,17.5342,12.274400000000002,NaN,1280.0,100.0,0.7131287605348193,0,0,0.0,0,0.0,1280.0,0,0.0,0,0,0,0.0,0.0,0.0,0.0,0.0,0.0,0.0,0.0,0,0,0,0,49,0.0,0,6,0.0,0,0.0,747.1944000000001,369.2334,4623.879557406836,0.0,4623.879557406836,0.0,17.5342,1062.8015,8636.031799999999,0.7338071988258112,95,6686.220499999997,33,31764.36936593726,1,0.0,4,7175.9904,2,1835.3480999999992,-10965.1147,97.15598009822423,76.95663618148265,0,11,127,127,"N10 step 10, market entry",debt,2,7.275957614183426e-12
38,128,1,4,18782.9154,19.7718,15865.337100000002,0.0,39771.07140000001,,0.0,11020.9425,28750.128900000007,0.0,3626.460899999999,102.95929662499996,0.00375,3.5724,4146.618484996951,0.0,1.0,1545.0386388062327,2387.403248331301,0.0,0.0,1.0,0.0,0.0,1.0,0.0,2,0,0.96875,0.691433741735179,0.0,101.0,0.0,0.0,1.0,5,0,0,0.25061374412023757,21,56.18511417767152,0.19725141670607668,56.382365594377596,9.277451462049347,0.4545737476039557,9.732025209653303,2130.4894999999974,1919.4641999999974,2691.0155999999947,0.0,16,5,2823.2493999999965,12173.3445,152.6301,1.0,1.0,0.0,0.0,0.0,0.0,0.5,0.25,1159.0486999999966,2735.0340000000115,3838.5061999999994,161,1232.4064,1419.8510999999999,2908.5344999999998,358.31139999999994,0.0,0.0,0.0,0.0,0.0,2,4373.7034,0.0,0.0,0.0,0.0,1150.4985,1115.6020000000008,0.015,12.547568831168832,13.8877661016949,3.8783888888888884,4.225315178571429,9.104974291766732,7.213854772635152,236.0,231.0,118.0,496.6666666666667,296.0,50.0,49,11,9,9,2,1.0,501.0,6728.831100000003,308.28,7368.2634,186,6,0,33,0.49411856673089183,0.691433741735179,0.35628490279922187,33,3933.379,2898.4884,8,6,9.0,0,0,11,0.0,0,0.0,40307.53722975578,0.0,0,0,0,1.5,0,0.0,0,0,0.0,0,0.0,0,0,34.905499999999996,8.0,0.2651,1,11.909,8.336799999999998,NaN,1280.0,100.0,0.6210231142042834,0,0,0.0,0,0.0,1280.0,0,0.0,0,0,0,0.0,0.0,0.0,0.0,0.0,0.0,0.0,0.0,0,0,0,0,49,0.0,0,6,0.0,0,0.0,747.1944000000001,357.0656,5047.751823023335,0.0,5047.751823023335,0.0,11.909,2920.1474000000007,7676.8085,0.732083094379685,95,7306.877199999999,33,33000.660029755774,1,0.0,4,7769.317300000001,2,1436.3533000000002,-11017.3701,102.9853389041177,76.95663618148265,0,11,118,118,"N10 step 10, market entry",debt,2,7.275957614183426e-12
39,128,1,4,17639.175100000015,20.4096,14541.221599999999,0.0,40149.32490000001,,0.0,11000.4701,29148.854800000005,0.0,1662.2232999999994,107.80505374999994,0.00375,13.6388,4227.238742280337,0.0,1.0,1617.7457914139884,2342.858836520224,0.0,0.0,1.0,0.0,0.0,1.0,0.0,5,0,0.96875,0.6849938256779218,0.0,106.0,0.0,0.0,1.0,5,0,0,0.2542975508325265,21,51.011713097979815,-0.10038720660263944,50.91132589137718,4.613730112405646,0.2954761788672596,4.9092062912729055,2158.621200000003,2891.4527000000026,1958.184100000002,0.0,17,6,2823.2493999999965,12173.3445,186.25789999999998,1.0,1.0,0.0,0.0,0.0,0.0,0.5,0.25,1235.121299999998,2811.453900000015,3838.5061999999994,164,2302.206800000001,3445.3092999999976,3120.7715000000003,1412.4755000000018,0.0,0.0,0.0,0.0,0.0,13,4062.8179,0.0,0.0,0.0,0.0,1211.7938,827.5441999999998,0.015,12.846446613545824,14.055525000000012,3.9696800000000003,4.386492727272724,9.556033642422475,6.997439129456097,232.0,251.0,116.0,489.66666666666663,290.0,50.0,50,4,2,9,6,3.0,508.0,5497.5627,0.0,8064.8906,186,6,0,32,0.37240947290037285,0.6849938256779218,0.3962322474443578,34,4265.5531,3224.4581000000017,15,9,5.0,0,0,4,0.0,0,0.0,39546.811729755784,0.0,0,0,0,1.5,0,0.0,0,0,0.0,0,0.0,0,0,19.8484,6.0,0.2651,1,45.4621,31.823200000000007,NaN,1280.0,100.0,0.8511406793084499,0,0,0.0,0,0.0,1280.0,0,0.0,0,0,0,0.0,0.0,0.0,0.0,0.0,0.0,0.0,0.0,0,0,0,0,50,0.0,0,6,0.0,0,0.0,2291.4172,203.8002,5148.307387160644,0.0,5148.307387160644,0.0,45.4621,1347.3819999999998,8065.155699999999,0.738266335223593,96,7787.7502,32,31759.061529755774,1,0.0,4,7622.1877,2,944.4548,-10986.8313,109.16445923836477,76.95663618148265,0,11,116,116,"N10 step 10, market entry",debt,2,7.275957614183426e-12
40,128,1,4,18581.069899999995,21.0474,15565.952700000002,0.0,41345.59630000001,,0.0,10743.6726,30601.923700000014,0.0,2728.807399999999,109.30024474999998,0.00375,4.7548,4287.310646465859,0.0,1.0,1519.6427008998087,2369.3301643105724,0.0,0.0,1.0,0.0,0.0,1.0,0.0,1,0,0.96875,0.6699255587635926,0.0,219.0,0.0,0.0,1.0,5,0,0,0.250048,21,50.8966823896263,0.3494836519375741,51.24616604156387,3.3169312924478436,0.894084713382954,4.211016005830798,2384.3405000000025,1951.140300000006,2391.3843000000024,0.0,17,6,2823.2493999999965,12173.3445,177.7063,1.0,1.0,0.0,0.0,0.0,0.0,0.5,0.25,1329.947799999998,2906.596200000015,3838.5061999999994,167,2287.5141,1344.9814999999987,1824.885,478.7973999999997,0.0,0.0,0.0,0.0,0.0,4,3469.0913,0.0,0.0,0.0,0.0,1104.0221999999999,47.16400000000001,0.015,13.2443796,14.529643199999999,4.276481818181818,4.492126890756303,9.811403380787453,6.787515955572413,250.0,250.0,125.0,496.66666666666674,314.99999999999994,50.0,45,5,5,5,5,7.0,507.0,5805.947700000003,730.3826,8570.6284,186,6,0,33,0.2854075128800677,0.6699255587635926,0.2948974437156471,18,4965.785099999999,3311.0949,11,6,11.0,0,0,5,0.0,0,0.0,41226.12672975578,0.0,0,0,0,1.5,0,0.0,0,0,0.0,0,0.0,0,0,47.04129999999999,13.0,0.2651,1,15.849499999999999,11.094800000000003,NaN,1280.0,100.0,0.8494600282667834,0,0,0.0,0,0.0,1280.0,0,0.0,0,0,0,0.0,0.0,0.0,0.0,0.0,0.0,0.0,0.0,0,0,0,0,45,0.0,0,6,0.0,0,0.0,2291.4172,195.1335,5296.836308180759,0.0,5296.836308180759,0.0,15.849499999999999,1330.6109999999999,9301.276100000001,0.7335228501650333,95,8435.625699999997,33,32790.50102975577,1,0.0,4,7671.8258000000005,2,432.9267,-10738.9178,115.71432679266667,76.95663618148265,0,11,125,125,"N10 step 10, market entry",debt,2,7.275957614183426e-12
41,128,1,4,18935.6988,21.6852,15744.348199999997,0.0,42461.37939999999,,0.0,10813.7745,31647.60489999999,0.0,2732.6091999999994,114.74976362499993,0.00375,4.3588,4376.936931654001,0.0,1.0,1665.6658996683504,2393.8964044360005,0.0,0.0,1.0,0.0,0.0,1.0,0.0,6,0,0.96875,0.6777815873697597,0.0,108.0,0.0,0.0,1.0,5,0,0,0.250048,21,50.190991126911385,0.04247868629149269,50.23346981320287,4.9386774772575395,0.4232445541247956,5.361922031382336,2430.616099999997,2367.6689000000033,2454.331499999997,0.0,17,6,2823.2493999999965,12173.3445,185.4008,1.0,1.0,0.0,0.0,0.0,0.0,0.5,0.25,1164.4286999999974,3019.975325046724,3838.5061999999994,172,1742.8045,1387.5377999999992,1892.3615,717.9634999999997,0.0,0.0,0.0,0.0,0.0,9,3106.8922,0.0,0.0,0.0,0.0,1237.1720000000005,660.2784000000003,0.015,13.703042800000006,15.060279674796748,4.311699999999999,4.619010256410258,10.223915105019353,6.58389047690524,246.0,250.0,123.0,500.33333333333337,309.00000000000006,50.0,48,0,0,5,4,2.0,512.0,5371.377399999999,1657.1432,8795.662100000001,186,6,0,33,0.374605174305477,0.6777815873697597,0.3490562796847365,35,3768.729800000003,3425.7607000000016,17,13,6.0,0,0,0,0.0,0,0.0,41618.84172975578,0.0,0,0,0,1.5,0,0.0,0,0,0.0,0,0.0,0,0,25.870199999999997,11.0,0.2651,1,14.5305,10.1716,NaN,1280.0,100.0,0.9811618121209499,0,0,0.0,0,0.0,1280.0,0,0.0,0,0,0,0.0,0.0,0.0,0.0,0.0,0.0,0.0,0.0,0,0,0,0,48,0.0,0,6,0.0,0,0.0,2291.4172,188.80700000000002,4261.329806049736,0.0,4261.329806049736,0.0,14.5305,1614.4218,10453.0704,0.7512821165400745,95,8480.799399999994,33,33138.04232975578,1,0.0,4,7922.2527,2,-106.14359999999965,-10809.4157,122.65718640022668,76.95663618148265,0,11,123,123,"N10 step 10, market entry",debt,2,7.275957614183426e-12
42,128,1,4,19593.570599999985,22.323,16195.144899999998,0.0,43622.8365,,0.0,11064.955,32557.8815,0.0,3519.269800000002,118.67081624999992,0.00375,39.2592,4477.322342172711,0.0,1.0,1755.3935419479744,2407.1540197818067,0.0,0.0,1.0,0.0,0.0,1.0,0.0,6,0,0.9635416666666666,0.6918412752257437,0.0,104.0,0.0,0.0,1.0,5,0,0,0.25114216608438594,22,53.98308401039025,-0.08427830574748191,53.89880570464277,3.812121315016364,0.3050470715105025,4.117168386526866,2558.7104999999974,2459.8402999999967,2553.2016999999973,0.0,18,7,2823.2493999999965,12173.3445,182.26479999999998,1.0,1.0,0.0,0.0,0.0,0.0,0.5,0.25,965.2082999999975,3135.789025046723,3838.5061999999994,177,2114.5166,1456.007,3564.2203999999992,801.5848000000008,0.0,0.0,0.0,0.0,0.0,11,2849.9552,0.0,0.0,0.0,0.0,1303.1936,1478.301799999998,0.015,14.225966393442622,15.628770634920624,4.3824000000000005,4.840399159663871,10.263635746709822,6.386373762598083,252.0,244.0,126.0,505.33333333333337,309.0,51.0,49,4,4,9,4,3.0,508.0,5328.763100000001,1117.5441,10257.7839,185,7,0,33,0.34944644198364716,0.6918412752257437,0.397154787817378,45,3670.5209000000004,3471.1358,13,9,9.0,0,0,4,0.0,0,0.0,43445.74229357427,0.0,0,0,0,1.5,0,0.0,0,0,0.0,0,0.0,0,0,39.4416,4.0,0.2651,1,130.8639,91.60439999999997,NaN,1280.0,100.0,1.1000400980820808,0,0,0.0,0,0.0,1280.0,0,0.0,0,0,0,0.0,0.0,0.0,0.0,0.0,0.0,0.0,0.0,0,0,0,0,49,0.0,0,6,0.0,0,0.0,2353.1742,269.0135,5092.920382403521,0.0,5092.920382403521,0.0,130.8639,1427.1173,11375.5931,0.7632648503097428,95,8597.2861,33,34848.45619357428,1,0.0,4,6772.9357,2,-570.7935000000007,-11025.6958,130.0166175842403,76.95663618148265,0,11,126,126,"N10 step 10, market entry",debt,2,7.275957614183426e-12
43,128,1,4,19230.232299999985,22.9608,15749.552599999999,0.0,44809.89610000002,,0.0,10300.6586,34509.23750000002,0.0,3954.1799999999994,122.08459187499986,0.00375,8.79,4573.079306229772,0.0,1.0,1773.816266751659,2447.7648374865144,0.0,0.0,1.0,0.0,0.0,1.0,0.0,6,0,0.9583333333333334,0.6886384459187445,0.0,104.0,1.0,0.0,1.0,5,0,0,0.25057334430419637,22,55.185991220776586,-0.07110886387012662,55.114882356906456,5.638827409837349,0.3636600313494373,6.002487441186786,2544.235699999999,2553.201699999994,2544.235699999999,0.0,18,7,2823.2493999999965,12173.3445,181.3052,1.0,1.0,0.0,0.0,0.0,0.0,0.5,0.25,884.1210999999962,3255.195825046732,3838.5061999999994,179,1162.8892,1525.5896999999998,3368.3421,733.7041000000005,0.0,0.0,0.0,0.0,0.0,10,2572.9203,0.0,0.0,0.0,0.0,1313.5645000000006,1356.0695999999991,0.015,14.497053974895392,16.038913934426226,4.8531,4.928126315789468,10.217444880481787,6.1947825497201405,244.0,239.0,122.0,496.0000000000001,302.0,50.0,48,7,7,10,8,2.0,505.0,6513.5157,398.5016,9736.2396,184,8,0,33,0.41340589918954973,0.6886384459187445,0.35116610319929364,49,4536.150700000002,3464.7958999999987,15,7,3.0,0,0,7,0.0,0,0.0,45640.18765739278,0.0,0,0,0,1.5,0,0.0,0,0,0.0,0,0.0,0,0,14.5593,6.0,0.2651,1,29.2999,20.51,NaN,1280.0,100.0,0.9133423944598777,0,0,0.0,0,0.0,1280.0,0,0.0,0,0,0,0.0,0.0,0.0,0.0,0.0,0.0,0.0,0.0,0,0,0,0,48,0.0,0,6,0.0,0,0.0,2353.1742,257.23330000000004,5318.135612665181,0.0,5318.135612665181,0.0,29.2999,1529.3006,10135.006300000001,0.7652846117474388,95,9074.994900000002,33,36565.19275739281,1,0.0,4,7589.1464,2,-930.7201999999984,-10291.8686,137.81761463929473,76.95663618148265,0,11,122,122,"N10 step 10, market entry",debt,2,7.275957614183426e-12
44,128,1,4,18414.428199999984,23.5986,14904.6577,0.0,46371.67950000006,,0.0,9647.9002,36723.77930000005,0.0,3791.288899999999,129.40227874999988,0.00375,0.116,4701.154536524333,0.0,1.0,1782.2977741211012,2529.400516016222,0.0,0.0,1.0,0.0,0.0,1.0,0.0,5,0,0.9583333333333334,0.6850890442361675,0.0,106.0,0.0,0.0,1.0,5,0,0,0.30834820543327385,22,54.786403873257306,0.00044704042917904533,54.78685091368648,5.461247250023944,0.3873131747818105,5.848560424805755,2619.6952999999994,2213.182600000001,2950.7484000000004,0.0,18,7,2823.2493999999965,12173.3445,224.7888,1.0,1.0,0.0,0.0,0.0,0.0,0.5,0.25,856.1970999999965,3375.0082250467376,3838.5061999999994,183,707.0036,1522.1699,3224.019,392.75350000000003,0.0,0.0,0.0,0.0,0.0,9,2283.4703,0.0,0.0,0.0,0.0,1313.2754999999997,977.6133000000004,0.015,14.482471544715436,16.290719834710746,4.7411375,5.161662831858402,10.22599513359929,6.008939073228536,242.0,246.0,121.0,491.6666666666667,308.00000000000006,50.0,47,7,6,4,4,4.0,505.0,6572.484600000006,387.0463,9171.045900000001,184,8,0,33,0.3997361826739765,0.6850890442361675,0.35949024762365367,38,4864.674599999999,3562.6879999999974,12,8,24.0,0,0,7,0.0,0,0.0,46907.6309573928,0.0,0,0,0,1.5,0,0.0,0,0,0.0,0,0.0,0,0,113.7873,14.0,0.2651,1,0.386,0.27,NaN,1280.0,100.0,0.8655147512307111,0,0,0.0,0,0.0,1280.0,0,0.0,0,0,0,0.0,0.0,0.0,0.0,0.0,0.0,0.0,0.0,0,0,0,0,47,0.0,0,6,0.0,0,0.0,2353.1742,247.8699,5903.150009251864,0.0,5903.150009251864,0.0,0.386,2357.9629000000004,9558.357300000001,0.7621246004869693,95,9597.8261,33,37309.8048573928,1,0.0,4,8578.0176,2,-1249.8988000000013,-9647.7842,146.08667151765243,76.95663618148265,0,11,121,121,"N10 step 10, market entry",debt,2,7.275957614183426e-12
45,128,1,4,18040.610000000004,24.236399999999996,14531.531299999999,0.0,47986.225200000015,,0.0,9494.0438,38492.181400000016,0.0,3186.6745,137.70673974999985,0.00375,4.0188,4819.678343551281,0.0,1.0,1861.0901455838248,2605.3439623675204,0.0,0.0,1.0,0.0,0.0,1.0,0.0,4,0,0.9583333333333334,0.6769245308115659,0.0,108.0,0.0,0.0,1.0,5,0,0,0.31671933352484916,22,55.45923833726087,0.13328154299398492,55.592519880254855,4.210296285794929,0.45548403772225265,4.665780323517181,2614.4433999999997,2269.473499999999,3295.718300000003,0.0,18,7,2823.2493999999965,12173.3445,223.93619999999999,1.0,1.0,0.0,0.0,0.0,0.0,0.5,0.25,856.2513999999973,3489.525625046737,3838.5061999999994,188,1093.8057000000001,1466.9861000000003,3656.0396,436.40019999999987,0.0,0.0,0.0,0.0,0.0,13,1972.5839999999998,0.0,0.0,0.0,0.0,1392.5393999999997,1017.8087000000004,0.015,14.801726694915262,16.284629752066113,4.610538461538462,5.125740707964601,10.213599835987166,5.828670901031679,242.0,236.0,121.0,500.00000000000006,305.0,50.0,49,6,6,6,1,1.0,506.0,6207.570699999998,782.4785,9073.6929,184,8,0,33,0.3492283051292917,0.6769245308115659,0.2930700085673543,35,4492.548099999999,3493.207500000002,8,7,13.0,0,0,6,0.0,0,0.0,47939.26905739283,0.0,0,0,0,1.5,0,0.0,0,0,0.0,0,0.0,0,0,59.937,11.0,0.2651,1,13.3957,9.3768,NaN,1280.0,100.0,0.9315840090432114,0,0,0.0,0,0.0,1280.0,0,0.0,0,0,0,0.0,0.0,0.0,0.0,0.0,0.0,0.0,0.0,0,0,0,0,49,0.0,0,6,0.0,0,0.0,2353.1742,238.9395,5812.869928017821,0.0,5812.869928017821,0.0,13.3957,1692.7294,9856.436500000002,0.7564605860306997,95,10138.496199999996,33,37800.772857392825,1,0.0,4,8959.805,2,-1560.7311000000016,-9490.025,154.8518718087116,76.95663618148265,0,11,121,121,"N10 step 10, market entry",debt,2,7.275957614183426e-12
46,128,1,4,21295.357199999984,24.8742,17164.579800000003,0.0,52043.97499999997,,0.0,14837.3687,37206.60629999997,0.0,2593.9979000000017,144.33794999999984,0.00375,73.2664,4939.617603145869,0.0,1.0,1925.0035533765615,2641.864035430579,0.0,0.0,1.0,0.0,0.0,1.0,0.0,5,1,0.9583333333333334,0.6810353174415684,0.0,102.0,0.0,0.0,1.0,6,0,0,0.2500129130008092,19,54.62077986552452,-0.09379674917459319,54.52698311634993,5.335177188652768,0.11313986666100727,5.448317055313774,2511.8954000000026,2332.7442999999957,267.0464999999999,0.0,20,8,4044.883300000001,14616.255799999999,104.73519999999999,1.0,1.0,0.0,0.0,0.0,0.0,0.5,0.25,848.7710999999974,3564.226725046737,3838.5061999999994,198,6608.647199999999,3353.262199999998,10052.8872,571.2294999999997,0.0,0.0,0.0,0.0,0.0,16,4072.1661000000004,0.0,0.0,0.0,0.0,1446.1245,1217.9426,0.015,14.84459253112033,16.551575000000003,4.53636,5.167007142857149,10.440536643569292,5.653810774000728,240.0,241.0,120.0,498.00000000000006,300.0,50.0,50,5,5,7,3,0.0,507.0,5858.539100000001,0.0,11291.1205,184,0,8,33,0.4159209779309574,0.6810353174415684,0.3595675428140439,49,4400.226700000002,3577.5467999999996,9,6,5.0,0,0,5,0.0,0,0.0,48386.22465739279,0.0,0,0,0,1.5,0,0.0,0,0,0.0,0,0.0,0,0,22.6818,8.0,0.2651,1,244.2231,170.95639999999995,NaN,1280.0,99.99999998697916,1.3975654687499999,0,0,0.0,0,0.0,1279.9999998333333,0,0.0,0,0,0,0.0,0.0,0.0,0.0,0.0,0.0,0.0,0.0,0,0,0,0,50,0.0,0,6,0.0,0,0.0,1059.4071,206.50730000000001,1151.2917753070396,0.0,1151.2917753070396,0.0,244.2231,1239.7473000000002,11291.385600000001,0.678469438261359,95,10064.5148,33,38321.70985739281,1,0.0,4,6829.0775,2,532.1675894518614,-14764.1023,164.1429841172343,76.95663618148265,0,12,10,120,"N10 step 10, market entry",debt,2,7.275957614183426e-12
47,128,1,4,21358.052800000012,25.512,18641.35647293788,0.0,53659.85289999997,,0.0,13519.4028,40140.45009999997,0.0,5691.4652,139.5169274999998,0.00375,20.3064,5067.91063771122,0.0,1.0,1890.7506811317369,2759.3697168074796,0.0,0.0,1.0,0.0,0.0,1.0,0.0,2,0,0.9583333333333334,0.690017130628187,8.0,231.0,8.0,0.0,1.0,6,0,0,0.2502232103779696,21,70.91999235362377,0.21477388231081018,71.13476623593458,6.087210117537269,0.745472699121859,6.832682816659127,2601.6515000000013,280.0110999999999,2588.686900000001,0.0,21,9,4044.883300000001,14616.255799999999,194.6839,1.0,1.0,0.0,0.0,0.0,0.0,0.5,0.25,949.0704999999973,3664.5261250467433,3838.5061999999994,202,1666.2156,1602.8822000000002,1549.3361000000002,435.6249,0.0,0.0,0.0,0.0,0.0,1,3650.3832,0.0,0.0,0.0,0.0,1410.4849000000004,1217.9426,0.015,14.992252301255228,16.36589008264464,4.6803888888888885,5.229492920353987,10.41503694922336,5.484196450780707,242.0,239.0,121.0,497.6666666666667,303.0,50.0,48,9,7,5,2,0.0,503.0,7283.576999999997,0.0,10403.5211,184,8,0,33,0.40777840896375506,0.690017130628187,0.19681465010468813,39,4595.171599999996,3583.1482999999994,12,10,18.0,0,0,9,0.0,0,0.0,65493.112977571145,0.0,0,0,0,1.5,0,0.0,0,0,0.0,0,0.0,0,0,84.24699999999999,9.0,0.2651,1,67.688,47.38159999999999,NaN,1280.0,99.99999998697916,1.1036980989583334,0,0,0.0,0,0.0,1279.9999998333333,0,0.0,0,0,0,0.0,0.0,0.0,0.0,0.0,0.0,0.0,0.0,0,0,0,0,48,0.0,0,6,0.0,0,0.0,866.1509,200.21929999999998,5950.974831770405,0.0,5950.974831770405,0.0,67.688,1549.6327999999999,10403.7862,0.6918260667738994,95,10544.739300000003,33,54948.37367757113,1,0.0,4,10011.0622,2,908.1748729378749,-13499.0964,173.99156316426837,164.1429841172343,0,12,121,121,"N10 step 10, market entry",debt,2,7.275957614183426e-12
48,128,1,4,21730.920499999986,26.1498,18962.32519999999,0.0,54982.11360000002,,0.0,12282.3052,42699.808400000016,0.0,4865.0021,150.51924774999986,0.00375,2.3444,5183.8436057207155,0.0,1.0,1876.3935184600605,2832.994112147144,0.0,0.0,1.0,0.0,0.0,1.0,0.0,0,0,0.9583333333333334,0.6762224965554611,0.0,113.0,0.0,0.0,1.0,6,0,0,0.3131528529779259,21,71.04416578830569,0.594660996437557,71.63882678474324,5.9350614353047275,0.8861182046139533,6.8211796399186815,2627.276599999999,2588.6869000000033,2627.276599999999,0.0,21,9,4044.883300000001,14616.255799999999,237.37449999999998,1.0,1.0,0.0,0.0,0.0,0.0,0.5,0.25,962.1911999999975,3793.1448250467433,3838.5061999999994,202,1970.565999999999,1597.0604999999987,134.8189,754.2948,0.0,104.00760000000001,0.0,0.0,0.0,0,3255.6647,0.0,0.0,0.0,0.0,1391.3500000000006,0.0,0.015,14.96613469387755,16.464819327731078,4.624896666666666,5.311715315315315,10.650989221947322,5.319670557257285,238.0,245.0,119.0,497.0,304.0,50.0,47,6,2,10,2,1.0,505.0,8647.740700000006,663.3213,9161.5843,184,8,0,33,0.369877081829159,0.6762224965554611,0.2598208732721943,14,5966.6767999999975,3666.7029999999995,5,3,30.0,0,0,6,0.0,0,0.0,67746.12527757113,0.0,0,0,0,1.5,0,0.0,0,0,0.0,0,0.0,0,0,138.74689999999998,14.0,0.2651,1,7.8154,5.470799999999999,NaN,1280.0,99.99999998697916,0.8190414808512857,0,0,0.0,0,0.0,1279.9999998333333,0,0.0,0,0,0,0.0,0.0,0.0,0.0,0.0,0.0,0.0,0.0,0,0,0,0,47,0.0,0,6,0.0,0,0.0,866.1509,198.3739,5828.488199947132,0.0,5828.488199947132,0.0,7.8154,2274.8537000000006,9825.1707,0.6850663867128035,95,11880.275699999998,33,55865.8495775711,1,0.0,4,11731.0529,2,460.9196000000011,-12279.9608,184.43105695412447,164.1429841172343,0,12,119,119,"N10 step 10, market entry",debt,2,7.275957614183426e-12
49,128,1,4,21212.207999999988,26.787599999999998,18513.080700000017,0.0,56512.01879999997,,0.0,12112.6628,44399.35599999997,0.0,4428.6614,160.11664674999997,0.00375,3.9632,5251.840019478415,0.0,1.0,1794.5215657523613,2868.1629963189434,0.0,0.0,1.0,0.0,0.0,1.0,0.0,2,0,0.9583333333333334,0.6833903096085361,0.0,108.0,0.0,0.0,1.0,6,0,0,0.2855653909954346,21,72.40150167048652,0.3363658190184227,72.73786748950495,7.304640566953264,0.651986854088306,7.95662742104157,2796.464999999995,2298.5841000000005,3125.1574999999943,0.0,21,9,4044.883300000001,14616.255799999999,237.21560000000002,1.0,1.0,0.0,0.0,0.0,0.0,0.5,0.25,1096.6781999999973,3938.547025046743,3838.5061999999994,204,1092.8167,1610.8914,2210.9301,487.77180000000004,0.0,0.0,0.0,0.0,0.0,4,2852.8498,0.0,0.0,0.0,0.0,1310.3237000000008,789.4209000000003,0.015,15.207378544061301,16.996149999999997,4.939124999999999,5.2037672413793095,10.669146019167146,5.160080440539567,248.0,261.0,124.0,493.0000000000001,316.0,50.0,44,1,1,1,6,3.0,511.0,7005.040000000003,1679.4118,9670.6781,184,8,0,33,0.4465871474324199,0.6833903096085361,0.2872214012643326,44,3899.725499999999,3969.1258,16,10,20.0,0,0,1,0.0,0,0.0,67677.82597757108,0.0,0,0,0,1.5,0,0.0,0,0,0.0,0,0.0,0,0,98.78249999999998,16.0,0.2651,1,13.210099999999999,9.2472,NaN,1280.0,99.99999998697916,1.0436192673096192,0,0,0.0,0,0.0,1279.9999998333333,0,0.0,0,0,0,0.0,0.0,0.0,0.0,0.0,0.0,0.0,0.0,0,0,0,0,44,0.0,0,6,0.0,0,0.0,866.1509,191.5506,5304.989765635263,0.0,5304.989765635263,0.0,13.210099999999999,1335.9868999999997,11350.355000000001,0.698636117828324,95,11455.547600000002,33,56222.27837757111,1,0.0,4,11936.2281,2,126.9349000000002,-12108.6996,195.49692037137194,164.1429841172343,0,12,124,124,"N10 step 10, market entry",debt,2,7.275957614183426e-12
50,128,1,4,21407.504800000002,27.4254,18769.831800000018,0.0,58226.513299999984,,0.0,12651.4494,45575.06389999999,0.0,4802.1687999999995,166.48953437499992,0.00375,21.3292,5359.54379185854,0.0,1.0,1975.853728326731,2921.8871945723595,0.0,0.0,1.0,0.0,0.0,1.0,0.0,6,0,0.953125,0.6872292688285806,0.0,104.0,0.0,0.0,1.0,6,0,0,0.2553863832232117,21,73.72844880844912,-0.016198361517134253,73.71225044693199,8.424756772734343,0.16786891616129834,8.592625688895641,2768.610999999998,2434.709499999999,3459.058999999995,0.0,21,9,4044.883300000001,14616.255799999999,183.74390000000002,1.0,1.0,0.0,0.0,0.0,0.0,0.5,0.25,1223.1514999999968,4075.361125046749,3838.5061999999994,208,1702.8925,1506.9579000000008,4710.3871,505.7872000000003,0.0,0.0,0.0,0.0,0.0,20,2382.2138,0.0,0.0,0.0,0.0,1474.0110000000006,1527.6255000000008,0.015,15.394984322033903,16.777923622047236,4.846154545454545,5.30197627118644,11.057632773356918,5.00527802732338,254.0,236.0,127.0,509.6666666666667,312.0,51.0,49,4,4,9,0,0.0,508.0,7567.333600000001,1041.1327,10395.2304,183,9,0,33,0.5090743046698774,0.6872292688285806,0.3897041011147313,58,4200.079399999998,3633.216300000001,6,6,11.0,0,0,4,0.0,0,0.0,69857.26719345387,0.0,0,0,0,1.5,0,0.0,0,0,0.0,0,0.0,0,0,53.3077,5.0,0.2651,1,71.09700000000001,49.76759999999999,NaN,1280.0,99.99999998697916,1.1103990438873839,0,0,0.0,0,0.0,1279.9999998333333,0,0.0,0,0,0,0.0,0.0,0.0,0.0,0.0,0.0,0.0,0.0,0,0,0,0,49,0.0,0,6,0.0,0,0.0,866.1509,185.9267,5951.34107233825,0.0,5951.34107233825,0.0,71.09700000000001,2028.9666000000004,11436.628200000001,0.7061458140186061,95,11746.722999999998,33,58110.544193453876,1,0.0,4,11350.2284,2,-282.8846000000012,-12630.1202,207.22673559365427,164.1429841172343,0,12,127,127,"N10 step 10, market entry",debt,2,7.275957614183426e-12
51,128,1,4,18374.272800000006,28.063200000000002,13872.242399999996,0.0,61208.56879999998,,0.0,11512.5908,49695.97799999998,0.0,5783.1374,170.89915575000003,0.00375,9.5888,5459.510875973134,0.0,1.0,2017.6141278723612,3071.1580256487555,0.0,0.0,1.0,0.0,0.0,1.0,0.0,7,0,0.9479166666666666,0.689032495353088,0.0,101.0,1.0,0.0,1.0,7,0,0,0.2502154553289284,22,75.1763238631445,-0.05491548800819983,75.12140837513631,4.9587466493107355,0.06884210173609705,5.0275887510468324,2660.2617999999984,2423.1034,288.2310999999999,0.0,22,9,5331.200600000013,15826.1963,104.661,1.0,1.0,0.0,0.0,0.0,0.0,0.5,0.25,1034.2871999999961,4159.931825046751,4080.923,213,497.7059,3530.300099999998,4062.8755,467.92380000000037,0.0,0.0,0.0,0.0,0.0,19,2562.5379000000003,0.0,0.0,0.0,0.0,1519.5429,2473.956400000003,0.015,15.673201271186441,17.680574999999994,4.83066,5.339991818181812,11.450790119183846,4.855119686503678,240.0,236.0,120.0,496.00000000000006,298.0,50.0,50,10,10,4,4,0.0,502.0,6194.263999999999,0.0,9607.617,182,0,10,33,0.4083314145554662,0.689032495353088,0.40037768246727024,48,3972.9864999999977,3698.8755,12,8,15.0,0,0,10,0.0,0,0.0,71269.87290933666,0.0,0,0,0,1.5,0,0.0,0,0,0.0,0,0.0,0,0,72.4599,6.0,0.2651,1,31.962400000000002,22.373600000000003,NaN,1280.0,99.99999998697916,1.1807724088541665,0,0,0.0,0,0.0,1279.9999998333333,0,0.0,0,0,0,0.0,0.0,0.0,0.0,0.0,0.0,0.0,0.0,0,0,0,0,50,0.0,0,6,0.0,0,0.0,896.7589,195.96949999999998,1390.405536843099,0.0,1390.405536843099,0.0,31.962400000000002,1581.2118,9607.8821,0.7047906578071594,95,12271.922500000002,33,58997.95040933665,1,0.0,4,12433.5546,2,-394.7409588276573,-11503.002,219.66033972927355,164.1429841172343,0,13,10,120,"N10 step 10, market entry",debt,2,7.275957614183426e-12
52,128,1,4,19501.547000000006,28.701,17284.977497292755,0.0,63007.28209999998,,0.0,11414.826,51592.45609999998,0.0,4625.285500000001,186.3523523750001,0.00375,7.3748,5585.230069981211,0.0,1.0,2022.519476932119,3156.8156299874745,0.0,0.0,1.0,0.0,0.0,1.0,0.0,5,0,0.96875,0.6906131159522397,10.0,115.0,10.0,0.0,1.0,7,0,0,0.2502008912265322,23,84.88224817307896,-0.014653723565742696,84.86759444951322,4.853974249949541,0.7191557667063534,5.573130016655894,2734.980700000004,303.3104999999999,2719.9013000000045,0.0,23,10,5331.200600000013,15826.1963,201.4789,1.0,1.0,0.0,0.0,0.0,0.0,0.5,0.25,1122.5068999999944,4248.151525046764,4080.923,217,2615.3592,1487.4471999999994,3700.5454,465.51570000000004,0.0,0.0,0.0,0.0,0.0,2,2037.4105,0.0,0.0,0.0,0.0,1515.4462999999994,2490.123900000003,0.015,15.867091025641026,17.752571186440694,5.308969230769231,5.410963392857144,11.244420778882594,4.709466095908568,236.0,234.0,118.0,496.6666666666667,298.0,50.0,49,13,12,7,6,3.0,498.0,7128.805700000001,0.0,10327.6909,186,6,0,37,0.3843929661273766,0.6906131159522397,0.2118733345702022,58,4862.614899999998,3712.8993,12,6,13.0,0,0,13,0.0,0,0.0,82563.54693072775,0.0,0,0,0,1.5,0,0.0,0,0,0.0,0,0.0,0,0,69.0166,10.0,0.2651,1,24.5827,17.208000000000002,NaN,1280.0,100.0,1.1066035416666666,0,0,0.0,0,0.0,1280.0,0,0.0,0,0,0,0.0,0.0,0.0,0.0,0.0,0.0,0.0,0.0,0,0,0,0,49,0.0,0,6,0.0,0,0.0,1037.0961,215.5501,6493.251874771953,0.0,6493.251874771953,0.0,24.5827,1839.0006000000003,10327.956,0.702452747143258,91,11660.968660270732,37,70902.57827045706,1,0.0,4,14050.8534,2,-276.47510270726536,-11407.4512,232.83996011302997,219.66033972927355,0,13,118,118,"N10 step 10, market entry",debt,2,7.275957614183426e-12
53,128,1,4,20819.956000000024,29.3388,18644.62500000001,0.0,64434.86979999997,,0.0,11057.7101,53377.159699999975,0.0,4517.312799999999,193.463708375,0.00375,12.4608,5660.93891340857,0.0,1.0,1968.5012733777894,3199.0442922723805,0.0,0.0,1.0,0.0,0.0,1.0,0.0,3,0,0.96875,0.6766695117578023,0.0,215.0,0.0,0.0,1.0,7,0,0,0.2518140284869658,23,85.05279735834017,0.20479324607591695,85.2575906044161,5.455883007653884,0.8324891278360282,6.2883721354899125,2709.7224000000015,2718.026100000001,2711.5976000000014,0.0,23,10,5331.200600000013,15826.1963,218.8614,1.0,1.0,0.0,0.0,0.0,0.0,0.5,0.25,1207.0399999999936,4340.37262504676,4080.923,223,2656.9914,1337.9445999999998,3805.1585999999998,796.5463000000004,0.0,0.0,0.0,0.0,0.0,8,1519.6947,0.0,0.0,0.0,0.0,1465.4217,432.65880000000004,0.015,15.897440983606561,17.63257499999998,5.468484210526316,5.595298181818187,11.46090285844721,4.568182113031312,232.0,244.0,116.0,489.0,299.0,49.0,47,7,0,18,8,2.0,504.0,8825.337399999997,0.0,10462.198,186,6,0,37,0.37168193546203687,0.6766695117578023,0.312608530651568,40,6958.8348000000005,3878.975600000001,21,13,19.0,0,0,7,0.0,0,0.0,85674.89418964485,0.0,0,0,0,1.5,0,0.0,0,0,0.0,0,0.0,0,0,103.9012,16.0,0.2651,1,41.5356,29.074799999999996,NaN,1280.0,100.0,0.897956359163495,0,0,0.0,0,0.0,1280.0,0,0.0,0,0,0,0.0,0.0,0.0,0.0,0.0,0.0,0.0,0.0,0,0,0,0,47,0.0,0,6,0.0,0,0.0,1037.0961,209.77079999999998,6338.116490134919,0.0,6338.116490134919,0.0,41.5356,2047.3123,10462.4631,0.6984944080409206,91,13177.8151,37,72497.07908964489,1,0.0,4,14440.895499999999,2,-753.5902,-11045.2493,246.81035771981178,219.66033972927355,0,13,116,116,"N10 step 10, market entry",debt,2,7.275957614183426e-12
54,128,1,4,21595.271599999996,29.9766,19463.086600000024,0.0,65995.72059999996,,0.0,12189.3369,53806.383699999955,0.0,3948.4937999999984,200.1561311250001,0.00375,5.6532,5681.095226216173,0.0,1.0,1836.0187931783848,3237.898592477449,0.0,0.0,1.0,0.0,0.0,1.0,0.0,1,0,0.96875,0.6773706968690061,0.0,102.0,1.0,0.0,1.0,7,0,0,0.25018896447467875,21,84.59735707863878,0.4354479252004258,85.0328050038392,8.226839787288169,0.7066599352039866,8.933499722492154,2926.9866999999986,2395.2325999999975,3243.351699999997,0.0,24,11,5331.200600000013,15826.1963,220.3542,1.0,1.0,0.0,0.0,0.0,0.0,0.5,0.25,1359.378199999994,4511.546425046756,4080.923,227,2255.9198,1479.9664,4191.6026999999995,523.8141000000007,0.0,0.0,0.0,0.0,0.0,2,1040.6389000000001,0.0,0.0,0.0,0.0,1321.6907,1552.6746000000003,0.015,16.094768650793654,17.949450000000002,5.2848749999999995,5.526921186440677,11.632515842823967,4.431136649640371,248.0,252.0,124.0,482.6666666666667,315.99999999999994,50.0,42,1,0,11,8,2.0,511.0,8222.016299999997,1354.3493,10972.3488,186,6,0,38,0.47141726136340134,0.6773706968690061,0.3942020155627006,52,3880.5186999999987,4055.881700000001,12,4,28.0,0,0,1,0.0,0,0.0,85435.35458964485,0.0,0,0,0,1.5,0,0.0,0,0,0.0,0,0.0,0,0,147.9765,16.0,0.2651,1,18.8439,13.190800000000001,NaN,1280.0,100.0,1.1694588721843282,0,0,0.0,0,0.0,1280.0,0,0.0,0,0,0,0.0,0.0,0.0,0.0,0.0,0.0,0.0,0.0,0,0,0,0,42,0.0,0,6,0.0,0,0.0,944.9355,175.9273,5560.434665019782,0.0,5560.434665019782,0.0,18.8439,1934.7242999999999,12326.963200000002,0.7071329550014849,90,12451.091300000007,38,72984.26328964486,1,0.0,4,14598.864,2,-1190.1377999999995,-12183.6837,261.6189791830005,219.66033972927355,0,13,124,124,"N10 step 10, market entry",debt,2,7.275957614183426e-12
55,128,1,4,22100.731400000015,30.614400000000003,19557.841200000003,0.0,67787.05339999995,,0.0,12589.4658,55197.58759999995,0.0,5345.383899999997,201.7651207500001,0.00375,47.6252,5744.092985922087,0.0,1.0,2025.8073055753152,3282.1178906147243,0.0,0.0,1.0,0.0,0.0,1.0,0.0,4,0,0.9635416666666666,0.6793389501173659,0.0,98.0,1.0,0.0,1.0,7,0,0,0.2500766116675537,21,85.61353275477275,0.018220683917269657,85.63175343869001,7.184214671592767,0.1463643281311681,7.330578999723935,2959.6464999999966,2535.9492000000027,3667.048999999995,0.0,24,11,5331.200600000013,15826.1963,218.49409999999997,1.0,1.0,0.0,0.0,0.0,0.0,0.5,0.25,1057.8651999999936,4658.665225046757,4080.923,229,2061.2409000000002,1555.1432999999995,3940.0786,539.1666000000001,0.0,0.0,0.0,0.0,0.0,18,921.4049,0.0,0.0,0.0,0.0,1494.6798999999996,1602.1923999999995,0.015,16.493173092369474,18.138231999999974,5.505333333333333,5.565234745762721,12.128377447089955,4.298202550151161,250.0,249.0,125.0,496.66666666666674,306.00000000000006,51.0,47,3,2,13,9,3.0,509.0,8242.7574,385.8237,12502.8551,185,7,0,37,0.4765871705216629,0.6793389501173659,0.42997974905860725,48,5157.945399999998,4106.8000999999995,13,4,6.0,0,0,3,0.0,0,0.0,87817.15294991556,0.0,0,0,0,1.5,0,0.0,0,0,0.0,0,0.0,0,0,33.032,3.0,0.2651,1,158.7497,111.12440000000001,NaN,1280.0,100.0,1.3063423539199108,0,0,0.0,0,0.0,1280.0,0,0.0,0,0,0,0.0,0.0,0.0,0.0,0.0,0.0,0.0,0.0,0,0,0,0,47,0.0,0,6,0.0,0,0.0,944.9355,173.7231,6172.521851942285,0.0,6172.521851942285,0.0,158.7497,2704.809,12888.943900000002,0.7130999332815899,91,13865.4232,37,73951.7297499156,1,0.0,4,13445.1005,2,-1720.7147999999997,-12541.8406,277.31611793398054,219.66033972927355,0,13,125,125,"N10 step 10, market entry",debt,2,7.275957614183426e-12
56,128,1,4,22279.63299999999,31.252200000000002,17752.13690000001,0.0,71935.34479999995,,0.0,14840.5567,57094.78809999995,0.0,5688.489399999999,206.98194350000014,0.00375,26.9384,5798.6536933504585,0.0,1.0,2000.5406038345895,3316.9271289003054,0.0,0.0,1.0,0.0,0.0,1.0,0.0,3,0,0.9635416666666666,0.676144778680408,0.0,93.0,0.0,0.0,1.0,8,0,0,0.2516156598835657,21,83.49589498130715,0.09840108660455438,83.5942960679117,5.890972832895074,0.32383258777220597,6.214805420667281,2882.6755000000044,2575.3095999999973,320.3185999999999,0.0,25,11,6700.020300000002,18218.9725,102.15870000000001,1.0,1.0,0.0,0.0,0.0,0.0,0.5,0.25,922.5425999999935,4752.224625046759,4388.9644,236,3877.0346999999997,3697.4953000000023,9061.172999999999,494.2755,0.0,0.0,0.0,0.0,0.0,14,2498.8135,0.0,0.0,0.0,0.0,1466.9367000000007,2370.7982000000015,0.015,16.58727932489452,18.42965000000002,5.5623818181818185,5.6797427350427405,11.743208969960138,4.169256473646626,248.0,237.0,124.0,492.0000000000001,315.0,50.0,45,10,7,11,6,3.0,502.0,7686.292899999998,0.0,12067.3231,185,0,7,36,0.43717223237501823,0.676144778680408,0.3101553780870612,60,4407.424699999999,3931.1852000000017,11,5,11.0,0,0,10,0.0,0,0.0,88450.03744991565,0.0,0,0,0,1.5,0,0.0,0,0,0.0,0,0.0,0,0,61.18620000000001,15.0,0.2651,1,89.79390000000001,62.855599999999995,NaN,1280.0,100.0,1.5347099609375,0,0,0.0,0,0.0,1280.0,0,0.0,0,0,0,0.0,0.0,0.0,0.0,0.0,0.0,0.0,0.0,0,0,0,0,45,0.0,0,6,0.0,0,0.0,984.9555,344.12010000000004,1076.3202509046282,0.0,1076.3202509046282,0.0,89.79390000000001,1713.3465,12067.5882,0.6957008466673247,92,14638.754500000001,36,73811.2829499156,1,0.0,4,14096.905900000002,2,-590.9275218950847,-14813.618299999998,293.9550850100194,219.66033972927355,0,14,10,124,"N10 step 10, market entry",debt,2,7.275957614183426e-12
57,128,1,4,22435.923100000007,31.89,20024.91489507013,0.0,73773.92179999992,,0.0,13555.1997,60218.72209999992,0.0,6310.6084999999985,214.09669850000006,0.00375,16.1432,5844.802734326254,0.0,1.0,2045.6863094870043,3347.2730312175017,0.0,0.0,1.0,0.0,0.0,1.0,0.0,1,0,0.9739583333333334,0.6699899993298026,7.0,100.0,7.0,0.0,1.0,8,0,0,0.25061374412023757,21,83.24822361592267,0.26041642606916604,83.50864004199184,7.091820971994359,0.7285367341439616,7.820357706138321,2878.134000000003,319.3429000000004,2879.109700000003,0.0,25,11,6700.020300000002,18218.9725,206.4213,1.0,1.0,0.0,0.0,0.0,0.0,0.5,0.25,1024.6390999999924,4860.4715250467725,4388.9644,240,1741.2401,1584.3122,4864.1256,484.6225000000005,0.0,0.0,0.0,0.0,0.0,1,2091.3032000000003,0.0,0.0,0.0,0.0,1509.0389000000005,2370.7982000000015,0.015,16.49081255411255,18.62490254237291,5.596751724137932,5.783407079646017,11.591216022988936,4.044178779437227,236.0,231.0,118.0,488.3333333333334,302.0,50.0,46,13,6,15,3,2.0,498.0,9167.431499999999,0.0,11160.7801,187,5,0,38,0.43151521716101704,0.6699899993298026,0.2160904635917913,40,5040.0008,3809.377699999999,13,10,29.0,0,0,13,0.0,0,0.0,89534.51945935411,0.0,0,0,0,1.5,0,0.0,0,0,0.0,0,0.0,0,0,162.30580000000003,14.0,0.2651,1,53.811,37.668,NaN,1280.0,100.0,1.1727309991661812,0,0,0.0,0,0.0,1280.0,0,0.0,0,0,0,0.0,0.0,0.0,0.0,0.0,0.0,0.0,0.0,0,0,0,0,46,0.0,0,6,0.0,0,0.0,984.9555,324.6646,6665.385410695878,0.0,6665.385410695878,0.0,53.811,2923.9528000000005,11161.0452,0.6929280050372588,90,14772.7274,38,74761.79205935413,1,0.0,4,17470.439300000002,2,-420.2101049298626,-13539.056499999999,311.59239011062056,219.66033972927355,0,14,118,118,"N10 step 10, market entry",debt,2,7.275957614183426e-12
58,128,1,4,22849.46279999999,32.5278,20467.358499999984,0.0,75222.31019999993,,0.0,12336.4471,62885.86309999994,0.0,5261.1389,225.8119815000001,0.00375,14.654,5871.977325345508,0.0,1.0,2033.701917453573,3340.3699752303382,0.0,0.0,1.0,0.0,0.0,1.0,0.0,1,0,0.9739583333333334,0.6583712990963746,0.0,93.0,0.0,0.0,1.0,8,0,0,0.2527659853464243,22,85.27624289440111,0.48544792701766165,85.76169082141877,5.185102760202298,0.8844677762136645,6.069570536415962,2875.2851000000014,2905.5842999999973,2848.8105000000014,0.0,26,12,6700.020300000002,18218.9725,237.88310000000004,1.0,1.0,0.0,0.0,0.0,0.0,0.5,0.25,1123.481199999993,4969.862687210235,4388.9644,244,1973.9736,1559.7960999999993,291.5135,877.4197000000013,0.0,0.0,0.0,0.0,0.0,10,1662.4832999999999,0.0,0.0,0.0,0.0,1510.8453000000006,173.05969999999996,0.015,16.536827125506086,18.69914999999999,5.287464705882352,5.836891891891896,11.728775014755065,3.9228534160541098,232.0,247.0,116.0,480.3333333333334,299.0,49.0,46,8,0,13,4,2.0,503.0,10217.815700000001,0.0,10954.2447,187,5,0,38,0.3320041481719278,0.6583712990963746,0.29599185039891895,17,7240.161899999998,4084.596300000003,10,6,34.0,0,0,8,0.0,0,0.0,92628.66962937416,0.0,0,0,0,1.5,0,0.0,0,0,0.0,0,0.0,0,0,179.77379999999997,16.0,0.2651,1,48.845600000000005,34.1916,NaN,1280.0,100.0,0.913274465969579,0,0,0.0,0,0.0,1280.0,0,0.0,0,0,0,0.0,0.0,0.0,0.0,0.0,0.0,0.0,0.0,0,0,0,0,46,0.0,0,6,0.0,0,0.0,1014.1447000000001,309.9651,6603.057024006914,0.0,6603.057024006914,0.0,48.845600000000005,2436.4969,10954.5098,0.6896708221634038,90,16224.751399999997,38,76403.91822937415,1,0.0,4,18218.7089,2,-820.7639000000011,-12321.793099999999,330.2879335172578,219.66033972927355,0,14,116,116,"N10 step 10, market entry",debt,2,7.275957614183426e-12
59,128,1,4,25231.5563,33.1656,22868.73060000001,0.0,77009.45889999997,,0.0,15186.9865,61822.47239999996,0.0,4628.074500000001,235.81343987500009,0.00375,116.0928,5895.828987444199,0.0,1.0,1986.1573295265027,3308.930833296132,0.0,0.0,1.0,0.0,0.0,1.0,0.0,3,0,0.9739583333333334,0.664989831116771,0.0,91.0,0.0,0.0,1.0,8,0,0,0.2501930385017184,22,85.21478009025356,0.05273172283880288,85.26751181309236,5.687296698084945,0.2450258425783716,5.932322540663317,3136.517199999995,2486.7775,3498.5501999999933,0.0,26,12,6700.020300000002,18218.9725,232.8614,1.0,1.0,0.0,0.0,0.0,0.0,0.5,0.25,1284.5771999999934,5153.577618790989,4388.9644,248,4067.3116,1684.5802999999996,6255.4299,597.9527,0.0,0.0,0.0,0.0,0.0,14,1268.0153,0.0,0.0,0.0,0.0,1451.1434,1731.157399999998,0.015,16.69942840466926,18.992942063492052,5.428793333333331,5.774951239669424,11.873188735115509,3.8051678135724867,252.0,257.0,126.0,488.6666666666667,319.99999999999994,50.0,44,1,0,6,7,2.0,511.0,7142.516299999997,1738.4146,14966.252199999999,187,5,0,38,0.421659785121002,0.664989831116771,0.3751654557141597,58,3716.5061999999984,4291.7531,11,4,30.0,0,0,1,0.0,0,0.0,92293.6716293741,0.0,0,0,0,1.5,0,0.0,0,0,0.0,0,0.0,0,0,162.86379999999994,16.0,0.2651,1,386.9759,270.8832,NaN,1280.0,100.0,1.699535781073746,0,0,0.0,0,0.0,1280.0,0,0.0,0,0,0,0.0,0.0,0.0,0.0,0.0,0.0,0.0,0.0,0,0,0,0,44,0.0,0,6,0.0,0,0.0,1014.1447000000001,294.5434,5482.410317793014,0.0,5482.410317793014,0.0,386.9759,2189.6178,16704.9319,0.6913943149509125,90,16009.590399999997,38,76284.0812293741,1,0.0,4,14576.1193,2,-1196.5911000000015,-15070.8937,350.10520952829324,219.66033972927355,0,14,126,126,"N10 step 10, market entry",debt,2,7.275957614183426e-12
60,128,1,4,23830.785599999992,33.803399999999996,21350.334199999998,0.0,78750.66059999999,,0.0,13869.5839,64881.07669999999,0.0,7923.606400000001,231.82503075000014,0.00375,51.2312,5946.639096891658,0.0,1.0,2079.633956249894,3378.8375729277714,0.0,0.0,1.0,0.0,0.0,1.0,0.0,4,0,0.96875,0.6635544985460156,0.0,99.0,0.0,0.0,1.0,8,0,0,0.2516904583020286,22,86.900650463637,-0.06743459736947405,86.83321586626752,8.505478820800256,0.11146420203328675,8.616943022833544,3048.327599999998,2744.5012000000056,3802.3765999999973,0.0,26,12,6700.020300000002,18218.9725,213.91700000000006,1.0,1.0,0.0,0.0,0.0,0.0,0.5,0.25,1306.3395999999934,5320.973515439644,4388.9644,251,439.75560000000013,1839.8884999999977,2819.8435999999997,581.3412000000003,0.0,124.51100000000002,0.0,0.0,0.0,24,788.7807,0.0,0.0,0.0,0.0,1528.5547999999997,1750.5500000000013,0.015,16.942579752066116,18.487597619047598,5.5784863636363635,5.859369166666659,12.276518165671181,3.691012779165312,252.0,242.0,126.0,503.33333333333337,314.0,51.0,46,5,5,9,6,1.0,506.0,9360.651200000004,425.5255,13204.3319,186,6,0,37,0.49264591378669276,0.6635544985460156,0.3816706514672139,42,5507.930799999999,4100.1043,15,9,22.0,0,0,5,0.0,0,0.0,95362.94858964482,0.0,0,0,0,1.5,0,0.0,0,0,0.0,0,0.0,0,0,122.7267,9.0,0.2651,1,170.7705,119.5392,NaN,1280.0,100.0,1.365281007600995,0,0,0.0,0,0.0,1280.0,0,0.0,0,0,0,0.0,0.0,0.0,0.0,0.0,0.0,0.0,0.0,0,0,0,0,46,0.0,0,6,0.0,0,0.0,1014.1447000000001,277.90430000000003,6565.782406316824,0.0,6565.782406316824,0.0,170.7705,2234.7426,13630.1225,0.7062336947441439,91,17712.835999999996,37,77650.11258964486,1,0.0,4,16476.842600000004,2,-1794.0892000000008,-13818.3527,371.11152209999085,219.66033972927355,0,14,126,126,"N10 step 10, market entry",debt,2,7.275957614183426e-12
61,128,1,4,23970.24059999999,204.4932,19591.760400000006,0.0,82833.73439999997,,0.0,16606.5597,66227.17469999997,0.0,6723.833400000001,243.2955218749999,0.00375,22.0784,6019.83790489494,0.0,1.0,2087.3167977654907,3433.8464532632934,0.0,0.0,1.0,0.0,0.0,1.0,0.0,2,0,0.9635416666666666,0.6716067440693092,0.0,94.0,2.0,0.0,1.0,9,0,0,0.25215052773121627,22,96.43056479823046,0.21670480619049315,96.64726960442096,7.444285907931284,0.354287386899289,7.798573294830573,2889.300400000001,2657.507800000003,328.03610000000003,0.0,27,12,8129.952299999999,20461.0959,112.8489,1.0,1.0,0.0,0.0,0.0,0.0,0.5,0.25,1373.214899999993,5424.460515439655,4653.5239,256,4208.119900000001,3897.975099999997,8507.0847,529.8668999999995,0.0,0.0,0.0,0.0,0.0,19,2490.8649,0.0,0.0,0.0,0.0,1539.1754999999991,2819.567499999999,0.015,16.975459227467805,18.657386065573768,5.55651,5.8465121739130455,12.414044971370606,3.580282395790352,244.0,233.0,122.0,494.0000000000001,311.0,50.0,46,12,10,8,5,1.0,499.0,9464.310900000002,0.0,11922.0373,185,0,7,37,0.47054962446803716,0.6716067440693092,0.35469827423246936,46,4323.306800000001,3955.281999999999,11,6,30.0,0,0,12,0.0,0,0.0,106828.40216342687,0.0,0,0,0,1.5,0,0.0,0,0,0.0,0,0.0,0,0,166.6953,15.0,70.9491,1,73.5967,51.518000000000015,NaN,1280.0,100.0,1.5523389973958333,0,0,0.0,0,0.0,1280.0,0,0.0,0,0,0,0.0,0.0,0.0,0.0,0.0,0.0,0.0,0.0,0,0,0,0,46,0.0,0,6,0.0,0,0.0,1027.4131,380.9561,1025.5708374253384,0.0,1025.5708374253384,0.0,73.5967,2802.3409999999994,11992.9864,0.6854478784352396,91,17365.351099999993,37,89463.05106342678,1,0.0,4,17990.4125,2,-191.58550246492996,-16584.481300000003,393.37821342599034,281.3054425050097,0,15,10,122,"N10 step 10, market entry",debt,2,7.275957614183426e-12
62,127,1,4,23936.1953,204.4932,22345.49719398192,0.0,84749.84179999998,,0.0,15181.2688,69568.57299999997,0.0,8567.772899999998,248.34353174999978,0.00375,8.4304,6055.24076236557,0.0,1.0,2117.465158209252,3460.8886999103797,0.0,0.0,1.0,0.0,0.0,1.0,0.0,1,0,0.9947916666666666,0.6666390304884977,7.0,83.0,7.0,0.0,1.0,9,0,0,0.35090491238149957,22,98.7014933691016,0.3952332184191634,99.09672658752076,11.30115501343423,0.8100537623827117,12.11120877581694,3018.1219999999976,328.0361000000002,3018.1219999999976,0.0,27,12,8129.952299999999,20461.0959,276.02570000000003,1.0,1.0,0.0,0.0,0.0,0.0,0.5,0.25,1483.862999999994,5543.249853965019,4659.8656,259,1712.6202,1746.6654999999998,5676.5199999999995,519.0950999999995,0.0,0.0,0.0,0.0,0.0,3,1889.8769000000002,0.0,0.0,0.0,0.0,1579.2436999999995,2783.079199999999,0.015,16.873220762711863,19.269420512820506,5.7439230769230765,5.8955646551724135,12.571894506599929,3.472873923916642,234.0,236.0,117.0,488.0000000000001,299.66666666666674,49.0,47,9,7,11,6,2.0,498.0,10878.906800000002,0.0,11158.981199999998,191,1,0,42,0.5057383866206431,0.6666390304884977,0.22878578919319947,25,5403.867199999996,3982.0801,12,6,26.0,0,0,9,0.0,0,0.0,109996.31635635777,0.0,0,0,0,1.5,0,0.0,0,0,0.0,0,0.0,0,0,149.34199999999998,16.0,0.0,1,28.101,19.6704,NaN,1280.0,100.0,1.2260344624458372,0,0,0.0,0,0.0,1280.0,0,0.0,0,0,0,0.0,0.0,0.0,0.0,0.0,0.0,0.0,0.0,0,0,0,0,47,0.0,0,6,0.0,0,0.0,1027.4131,356.2941,7005.329716620351,0.0,7005.329716620351,0.0,28.101,3319.993499999999,11158.981199999998,0.6845953704104606,85,16630.915286574007,42,93365.40106978374,1,0.0,4,21440.340599999996,2,26.07049398193351,-15172.8384,416.9809062315498,293.9550850100194,1,15,117,117,"N10 step 10, market entry",debt,2,7.275957614183426e-12
63,127,1,4,24819.68320000001,231.8044,23175.29979999997,0.0,86261.50329999991,,0.0,14284.0509,71977.45239999991,0.0,8192.016800000003,260.87404737499963,0.00375,43.9276,6089.556954287182,0.0,1.0,2154.878895558814,3426.3022195247877,0.0,0.0,1.0,0.0,0.0,1.0,0.0,1,0,0.9947916666666666,0.6565207813408243,0.0,86.0,0.0,0.0,1.0,9,0,0,0.30713025951121187,22,99.61858855526539,0.5467008329873394,100.16528938825272,11.03995808622735,0.7451687102697138,11.785126796497062,2967.3087999999966,3036.9498999999964,2948.480899999997,0.0,28,13,8129.952299999999,20461.0959,271.5431,1.0,1.0,0.0,0.0,0.0,0.0,0.5,0.25,1587.3171999999938,5674.605251980774,4659.8656,264,2535.8473999999997,1625.0483000000017,3934.870099999999,1015.5022999999999,0.0,0.0,0.0,0.0,0.0,3,1376.2304,0.0,0.0,0.0,0.0,1619.8973999999998,549.1787,0.015,17.235456349206355,19.11107499999999,5.640370000000001,5.998382608695655,12.801715030899372,3.3686877061991427,232.0,252.0,116.0,484.00000000000017,294.0,49.0,48,3,0,6,4,2.0,505.0,11580.853599999999,0.0,11818.671600000001,191,1,0,41,0.4950887305134932,0.6565207813408243,0.33730277065934455,35,7612.085899999996,4343.335000000002,12,8,10.0,0,0,3,0.0,0,0.0,113395.81693691373,0.0,0,0,0,1.5,0,0.0,0,0,0.0,0,0.0,0,0,56.40370000000001,11.0,0.0,1,146.42579999999998,102.49800000000002,NaN,1280.0,100.0,1.054190401694013,0,0,0.0,0,0.0,1280.0,0,0.0,0,0,0,0.0,0.0,0.0,0.0,0.0,0.0,0.0,0.0,0,0,0,0,48,0.0,0,6,0.0,0,0.0,997.9374,453.6219,7421.486113704151,0.0,7421.486113704151,0.0,146.42579999999998,2653.3172000000004,11818.671600000001,0.681020035448296,86,19834.356699999993,41,93561.46023691371,1,0.0,4,21404.0985,2,-568.5725000000001,-14240.1233,441.9997606054428,293.9550850100194,0,15,116,116,"N10 step 10, market entry",debt,2,7.275957614183426e-12
64,127,1,4,23807.556999999986,242.3833,22145.9227,0.0,88099.29029999985,,0.0,13522.703,74576.58729999985,0.0,7224.420399999997,269.9072819999996,0.00375,57.6028,6108.886157645942,0.0,1.0,2099.8362903671596,3422.001263430628,0.0,0.0,1.0,0.0,0.0,1.0,0.0,2,0,0.9947916666666666,0.6570491986756495,0.0,91.0,0.0,0.0,1.0,9,0,0,0.25001153402537485,22,97.05830365614621,0.5324741294597175,97.59077778560592,5.247415007485827,0.47350534873459055,5.720920356220418,3313.7953999999995,2575.901399999994,3686.3749,0.0,28,13,8129.952299999999,20461.0959,238.1149,1.0,1.0,0.0,0.0,0.0,0.0,0.5,0.25,1760.0702999999953,5876.255254188496,4659.8656,266,867.3337,1868.8809999999996,3010.5957999999996,617.0600000000003,0.0,0.0,0.0,0.0,0.0,12,827.0569,0.0,0.0,0.0,0.0,1542.2185000000009,1770.682600000002,0.015,17.825274901960782,19.938057480314953,5.7596,6.026712698412697,13.04522703545187,3.2676270750131686,254.0,255.0,127.0,498.00000000000006,322.0,50.0,45,0,0,7,8,2.0,508.0,8160.524,1438.0586,13324.314699999999,191,1,0,40,0.39156767094587974,0.6570491986756495,0.4062167588516683,44,4536.655599999996,4545.445099999999,12,4,18.0,0,0,0,0.0,0,0.0,113556.97173691366,0.0,0,0,0,1.5,0,0.0,0,0,0.0,0,0.0,0,0,103.6728,16.0,0.0,1,192.0086,134.40560000000002,NaN,1280.0,100.0,1.4498175240898459,0,0,0.0,0,0.0,1280.0,0,0.0,0,0,0,0.0,0.0,0.0,0.0,0.0,0.0,0.0,0.0,0,0,0,0,45,0.0,0,6,0.0,0,0.0,997.9374,422.5534,6901.796395042514,0.0,6901.796395042514,0.0,192.0086,1738.3318,14762.3733,0.6868301819316578,87,19982.4436,40,93574.52813691368,1,0.0,4,20605.533699999996,2,-1145.5758000000005,-13465.100199999999,468.5197462417694,293.9550850100194,0,15,127,127,"N10 step 10, market entry",debt,2,7.275957614183426e-12
65,127,1,4,23749.15510000002,242.4528,21548.3,0.0,90009.00469999984,,0.0,13276.9536,76732.05109999985,0.0,6672.776599999996,279.65439487499975,0.00375,24.2012,6160.009693458103,0.0,1.0,2172.9954166264342,3485.500187305402,0.0,0.0,1.0,0.0,0.0,1.0,0.0,1,0,0.9895833333333334,0.6522763810232173,0.0,92.0,0.0,0.0,1.0,9,0,0,0.25039021852237253,22,95.39012096152342,0.7491538363570566,96.13927479788047,6.136599501469149,0.4646822283019782,6.601281729771128,3280.865899999995,2868.8433999999925,4098.397399999986,0.0,28,13,8129.952299999999,20461.0959,238.31660000000002,1.0,1.0,0.0,0.0,0.0,0.0,0.5,0.25,1430.5124999999948,6047.159848402197,4659.8656,271,1829.8119,1888.1443000000002,5754.241300000001,577.1539000000005,0.0,0.0,0.0,0.0,0.0,13,672.3346,0.0,0.0,0.0,0.0,1596.2941999999996,1808.245699999998,0.015,18.207106451612887,19.795461111111084,5.9253904761904765,6.108540322580648,13.689692020055377,3.1695982627627735,252.0,248.0,126.0,498.6666666666668,317.00000000000006,50.0,46,5,5,6,8,4.0,503.0,9928.095400000004,507.98,12616.5439,190,2,0,39,0.4360305436474423,0.6522763810232173,0.3747756520931824,46,5891.258599999999,4515.362399999996,12,4,21.0,0,0,5,0.0,0,0.0,116161.47095190361,0.0,0,0,0,1.5,0,0.0,0,0,0.0,0,0.0,0,0,124.4332,13.0,0.0,1,80.6699,56.46840000000001,NaN,1280.0,100.0,1.3008778085963593,0,0,0.0,0,0.0,1280.0,0,0.0,0,0,0,0.0,0.0,0.0,0.0,0.0,0.0,0.0,0.0,0,0,0,0,46,0.0,0,6,0.0,0,0.0,997.9374,399.28550000000007,7787.144633749745,0.0,7787.144633749745,0.0,80.6699,2447.3444000000004,13124.5239,0.692730605628078,88,21732.06209999999,39,94429.40885190364,1,0.0,4,21781.9506,2,-1839.5883999999983,-13252.752400000001,496.63093101627555,293.9550850100194,0,15,126,126,"N10 step 10, market entry",debt,2,7.275957614183426e-12
66,127,1,4,24087.862000000016,242.5223,20556.939200000015,0.0,94469.95139999989,,0.0,15838.9445,78631.00689999989,0.0,5847.449599999999,287.73756612499983,0.00375,11.9192,6245.392742263564,0.0,1.0,2177.550988400232,3539.8102031757094,0.0,0.0,1.0,0.0,0.0,1.0,0.0,1,0,0.984375,0.6501715560274834,0.0,80.0,0.0,0.0,1.0,10,0,0,0.2506327370396515,22,93.39274789450552,0.6663374520997648,94.05908534660527,5.620020501906665,0.6399675710840641,6.259988072990729,3250.6779,2891.5486999999907,371.02909999999986,0.0,29,13,9652.418099999968,23006.930800000002,133.6747,1.0,1.0,0.0,0.0,0.0,0.0,0.5,0.25,1282.127899999995,6164.562876769472,4699.9995,276,4488.7912,4150.0147999999945,10535.784599999999,604.2863000000011,0.0,0.0,0.0,0.0,0.0,6,2930.7751,0.0,0.0,0.0,0.0,1588.4962999999998,2995.0418000000027,0.015,18.43979294605808,20.67767500000001,6.312342500000003,6.268939669421487,13.380563113996114,3.07451031487989,248.0,241.0,124.0,495.00000000000006,316.0,50.0,45,5,3,13,8,2.0,503.0,8952.752199999995,0.0,12181.1803,189,0,3,39,0.419777533638793,0.6501715560274834,0.31711741908689506,54,4640.4822,4443.990099999997,11,3,40.0,0,0,5,0.0,0,0.0,115912.85826689372,0.0,0,0,0,1.5,0,0.0,0,0,0.0,0,0.0,0,0,252.49370000000013,16.0,11.2352,1,39.7307,27.811199999999996,NaN,1280.0,100.0,1.5619795182291665,0,0,0.0,0,0.0,1280.0,0,0.0,0,0,0,0.0,0.0,0.0,0.0,0.0,0.0,0.0,0.0,0,0,0,0,45,0.0,0,6,0.0,0,0.0,1047.8074000000001,249.5637,1872.6908284402202,0.0,1872.6908284402202,0.0,39.7307,2991.3354,12192.4155,0.6711465018277554,88,22030.303399999993,39,93882.55486689367,1,0.0,4,22688.2928,2,-29.41984496994087,-15827.0253,526.4287868772522,293.9550850100194,0,16,10,124,"N10 step 10, market entry",debt,2,7.275957614183426e-12
67,127,1,4,25057.129600000015,242.5918,23031.213460631756,0.0,96455.38189999993,,0.0,15040.4143,81414.96759999993,0.0,8129.344600000001,294.8576582499999,0.00375,15.0752,6283.806975065689,0.0,1.0,2179.46423678381,3561.694041710459,0.0,0.0,1.0,0.0,0.0,1.0,0.0,1,0,0.984375,0.6592153439717718,3.0,45.0,3.0,0.0,1.0,10,0,0,0.2501388888888889,22,110.10376198736783,0.8093946214271238,110.91315660879495,9.904887414474324,0.694801102106589,10.599688516580912,3253.0389000000073,371.0291000000001,3253.0389000000073,0.0,29,13,9652.418099999968,23006.930800000002,236.2072,1.0,1.0,0.0,0.0,0.0,0.0,0.5,0.25,1390.6741999999958,6294.143243446923,4699.9995,277,2523.9316,1554.5945,3746.4354000000003,571.2503999999998,0.0,0.0,0.0,0.0,0.0,5,2496.9812,0.0,0.0,0.0,0.0,1582.8825999999997,2995.0418000000027,0.015,18.58598083333334,20.40481983471078,6.2669,6.326172033898304,13.355277859645518,2.982275005433493,242.0,240.0,121.0,486.3333333333335,310.0,50.0,44,4,3,16,9,2.0,502.0,9729.658699999996,0.0,12815.4145,189,3,0,38,0.5306228054305329,0.6592153439717718,0.2288391229207949,65,5736.512200000008,4460.635400000002,13,4,16.0,0,0,4,0.0,0,0.0,136073.9433375121,0.0,0,0,0,1.5,0,0.0,0,0,0.0,0,0.0,0,0,100.2704,16.0,0.0,1,50.2526,35.177199999999985,NaN,1280.0,100.0,1.3467749713081008,0,0,0.0,0,0.0,1280.0,0,0.0,0,0,0,0.0,0.0,0.0,0.0,0.0,0.0,0.0,0.0,0,0,0,0,44,0.0,0,6,0.0,0,0.0,1047.8074000000001,236.77259999999998,7775.036539852403,0.0,7775.036539852403,0.0,50.2526,3275.4794000000006,12815.4145,0.6746458765066365,89,23479.665800000002,38,112594.27753751216,1,0.0,4,25062.1463,2,159.85816063175594,-15025.339100000001,558.0145140898873,393.37821342599034,0,16,121,121,"N10 step 10, market entry",debt,2,7.275957614183426e-12
68,127,1,4,27115.72469999999,261.19849999999997,25025.852299999988,0.0,98645.32579999998,,0.0,15352.6995,83292.62629999997,0.0,7811.583699999999,305.2977746250004,0.00375,47.8932,6375.531800197725,0.0,1.0,2367.4399043627345,3603.858966798483,0.0,0.0,1.0,0.0,0.0,1.0,0.0,1,0,0.984375,0.6559108062751022,0.0,28.0,0.0,0.0,1.0,10,0,0,0.30381617844665415,22,111.45698490403859,0.9112298216527623,112.36821472569136,7.069588199164488,0.6920073108177158,7.761595509982204,3265.0496000000057,2817.989300000001,3700.0992000000083,0.0,29,13,9652.418099999968,23006.930800000002,283.4382,1.0,1.0,0.0,0.0,0.0,0.0,0.5,0.25,1495.214799999997,6418.772390088034,4699.9995,280,3647.1194,1569.9176000000011,2830.6404,590.8229999999996,0.0,0.0,0.0,0.0,0.0,11,2012.658,0.0,0.0,0.0,0.0,1766.1296000000002,526.0586000000002,0.015,18.619122131147535,20.630684873949598,6.002645454545455,6.534327586206889,13.712695518444662,2.892806755270488,238.0,244.0,119.0,481.0000000000001,295.0,50.0,48,3,0,15,5,2.0,503.0,11566.023999999998,0.0,13489.1495,189,3,0,38,0.4465041235820377,0.6559108062751022,0.3575300208709309,39,8317.856199999991,4543.0657999999985,10,5,11.0,0,0,3,0.0,0,0.0,140056.2816375121,0.0,0,0,0,1.5,0,0.0,0,0,0.0,0,0.0,0,0,66.0291,5.0,0.0,1,159.64380000000003,111.75040000000004,NaN,1280.0,100.0,1.2030441979528608,0,0,0.0,0,0.0,1280.0,0,0.0,0,0,0,0.0,0.0,0.0,0.0,0.0,0.0,0.0,0.0,0,0,0,0,48,0.0,0,6,0.0,0,0.0,1047.8074000000001,218.50169999999997,7226.6067798898275,0.0,7226.6067798898275,0.0,159.64380000000003,2745.1136,13489.1495,0.6747748897310639,89,23471.1671,38,116585.11453751219,1,0.0,4,24907.602899999998,2,-407.0279999999984,-15304.8063,591.4953849352805,393.37821342599034,0,16,119,119,"N10 step 10, market entry",debt,2,7.275957614183426e-12
69,127,1,4,27387.85870000001,261.19849999999997,25226.973299999998,0.0,100639.14579999997,,0.0,16023.2386,84615.90719999997,0.0,7633.889400000002,312.3381013750002,0.00375,113.8844,6430.343100313887,0.0,1.0,2264.931509951655,3598.270233542591,0.0,0.0,1.0,0.0,0.0,1.0,0.0,1,0,0.984375,0.6518114897463132,0.0,21.0,1.0,0.0,1.0,10,0,0,0.30112872883633435,22,110.59001422396948,0.9053221589838164,111.4953363829533,5.510492181123764,0.6592831278757246,6.169775308999489,3513.033099999995,2865.257000000005,4347.875299999992,0.0,29,13,9652.418099999968,23006.930800000002,290.4891,1.0,1.0,0.0,0.0,0.0,0.0,0.5,0.25,1691.5789999999984,6647.609864225909,4699.9995,283,2218.9507000000003,1946.816699999998,5439.3351,726.2129000000003,0.0,0.0,0.0,0.0,0.0,2,1567.4062,0.0,0.0,0.0,0.0,1662.5473,1859.4834,0.015,18.970952868852457,21.56077398373982,6.259644999999998,6.63995499999999,13.867796379192807,2.8060225526123737,246.0,244.0,123.0,484.6666666666668,314.00000000000006,50.0,45,1,0,14,4,2.0,507.0,8014.7657,1574.1994,16089.226499999999,189,3,0,38,0.40432318387383037,0.6518114897463132,0.3589517918890135,64,4707.7134,4628.912499999999,11,7,40.0,0,0,1,0.0,0,0.0,140319.82763751227,0.0,0,0,0,1.5,0,0.0,0,0,0.0,0,0.0,0,0,250.38579999999993,16.0,28.3765,1,379.61330000000004,265.7288,NaN,1280.0,100.0,1.7860349271195275,0,0,0.0,0,0.0,1280.0,0,0.0,0,0,0,0.0,0.0,0.0,0.0,0.0,0.0,0.0,0.0,0,0,0,0,45,0.0,0,6,0.0,0,0.0,1047.8074000000001,202.15510000000003,6526.785010501766,0.0,6526.785010501766,0.0,379.61330000000004,1928.3482000000001,17691.802399999997,0.6727827284578916,89,24905.030699999992,38,115414.79693751219,1,0.0,4,22610.7817,2,-923.2928000000012,-15909.3542,626.9851080313974,393.37821342599034,0,16,123,123,"N10 step 10, market entry",debt,2,7.275957614183426e-12
70,127,1,4,26972.238799999996,261.19849999999997,23257.1771,0.0,101025.48839999994,,0.0,17102.0049,83923.48349999994,0.0,4568.715199999999,317.3001592500001,0.00375,38.868,6506.750809518327,0.0,1.0,2339.332754271332,3557.715881345551,0.0,0.0,1.0,0.0,0.0,1.0,0.0,1,0,0.9791666666666666,0.6552921662240301,0.0,19.0,0.0,0.0,1.0,10,0,0,0.28625457250914504,21,111.2770724160972,0.5333787878819352,111.81045120397914,8.63327078029002,0.1520612155746002,8.78533199586462,3465.2911000000017,4669.956099999996,3143.210300000001,0.0,30,14,9652.418099999968,23006.930800000002,304.93000000000006,1.0,1.0,0.0,0.0,0.0,0.0,0.5,0.25,1802.3120999999974,6772.641276407801,4699.9995,286,4654.683300000001,5070.303200000011,6309.404200000001,2275.3991999999957,0.0,0.0,0.0,0.0,0.0,26,2403.3778,0.0,0.0,0.0,0.0,1725.5660000000007,1825.1185000000005,0.015,19.38773503937007,21.52308677685951,6.591450000000002,6.440088034188041,14.413793645623906,2.721841876034002,242.0,254.0,121.0,488.66666666666674,305.99999999999994,50.0,46,0,0,13,12,4.0,508.0,10434.773299999997,68.6151,14026.6046,188,4,0,38,0.5380611336502252,0.6552921662240301,0.392844278314167,59,6149.424299999996,4924.484699999998,15,3,24.0,0,0,0,0.0,0,0.0,142203.33942408618,0.0,0,0,0,1.5,0,0.0,0,0,0.0,0,0.0,0,0,158.19480000000004,12.0,0.0,1,129.5593,90.69159999999998,NaN,1280.0,100.0,1.76218690803437,0,0,0.0,0,0.0,1280.0,0,0.0,0,0,0,0.0,0.0,0.0,0.0,0.0,0.0,0.0,0.0,0,0,0,0,46,0.0,0,6,0.0,0,0.0,4331.8359,131.6958,7874.939320297925,0.0,7874.939320297925,0.0,129.5593,3096.7861,14095.2197,0.6812451639939463,89,24536.1439,38,117667.19552408619,1,0.0,4,22089.9864,2,-1641.4974999999997,-17063.1369,664.6042145132814,393.37821342599034,0,16,121,121,"N10 step 10, market entry",debt,2,7.275957614183426e-12
71,127,1,4,27322.279400000003,261.19849999999997,23580.48900000001,0.0,102924.93409999994,,0.0,15623.3127,87301.62139999995,0.0,8006.2124,314.70390625000016,0.00375,8.4104,6586.686041863839,0.0,1.0,2305.898258908553,3606.3030779092264,0.0,0.0,1.0,0.0,0.0,1.0,0.0,1,0,0.9791666666666666,0.6518511968499598,0.0,19.0,0.0,0.0,1.0,10,0,0,0.2570603999175428,21,111.61580965999063,0.9566712369379015,112.57248089692854,6.154548607663695,0.7605041958853235,6.915052803549019,3551.4022999999993,3143.2102999999966,3551.4022999999993,0.0,30,14,9652.418099999968,23006.930800000002,246.70839999999998,1.0,1.0,0.0,0.0,0.0,0.0,0.5,0.25,1950.4293999999995,6934.823569263293,4699.9995,286,2351.8986000000004,2001.857999999999,363.8684000000001,776.2186000000005,0.0,0.0,0.0,0.0,0.0,2,1693.596,0.0,0.0,0.0,0.0,1678.6488000000002,0.0,0.015,19.60812424242424,21.488579365079367,6.505327499999998,6.608260655737696,14.689426201897074,2.640186619752982,252.0,231.0,126.0,490.66666666666674,320.0,50.0,44,9,9,10,5,4.0,499.0,11222.1651,658.3085,13696.5042,188,4,0,37,0.38415595949259407,0.6518511968499598,0.33279710116153827,26,8184.5668999999925,4529.476699999999,15,10,40.0,0,0,9,0.0,0,0.0,145804.1135240861,0.0,0,0,0,1.5,0,0.0,0,0,0.0,0,0.0,0,0,260.21309999999994,16.0,43.2952,1,28.0346,19.624000000000002,NaN,1280.0,100.0,1.5566597075135367,0,0,0.0,0,0.0,1280.0,0,0.0,0,0,0,0.0,0.0,0.0,0.0,0.0,0.0,0.0,0.0,0,0,0,0,44,0.0,0,6,0.0,0,0.0,4331.8359,124.30050000000003,8012.974149249822,0.0,8012.974149249822,0.0,28.0346,2349.8082999999997,14398.107899999999,0.6856034880323487,90,26226.235700000005,37,119577.87782408616,1,0.0,4,22734.074999999997,2,-2378.008,-15614.9023,704.4804673840782,393.37821342599034,0,16,126,126,"N10 step 10, market entry",debt,2,7.275957614183426e-12
72,127,1,4,29490.4475,261.19849999999997,25299.85149999998,0.0,104667.22979999984,,0.0,17239.1592,87428.07059999985,0.0,8050.055600000003,327.37190400000014,0.00375,114.3944,6673.565659870026,0.0,1.0,2427.152428274641,3577.645139913351,0.0,0.0,1.0,0.0,0.0,1.0,0.0,1,0,0.9739583333333334,0.6512097673583155,0.0,15.0,1.0,0.0,1.0,10,0,0,0.2566598589764613,21,109.79880610811738,0.8820519699668278,110.6808580780842,7.261719004894182,0.6028762838694438,7.864595288763627,3480.1471,3551.402300000003,3480.1471,0.0,30,14,9652.418099999968,23006.930800000002,305.45399999999995,1.0,1.0,0.0,0.0,0.0,0.0,0.5,0.25,1653.5714000000012,7113.343509321184,4699.9995,287,4191.737099999998,2023.5689999999993,5062.432199999999,1196.3374000000006,0.0,159.04919999999993,0.0,0.0,0.0,15,1196.2237,0.0,0.0,0.0,0.0,1805.4590000000005,1791.7032999999994,0.015,20.047516216216223,22.35037606837606,6.6778375,6.715233928571431,15.171302149697087,2.560981021160393,234.0,259.0,117.0,485.6666666666667,301.0,49.0,47,0,0,3,10,2.0,508.0,9590.650299999998,2458.8673,16130.311800000001,187,5,0,37,0.4690983490501417,0.6512097673583155,0.4017643222634455,54,4693.671699999999,5192.306700000002,19,9,24.0,0,0,0,0.0,0,0.0,145875.10361066033,0.0,0,0,0,1.5,0,0.0,0,0,0.0,0,0.0,0,0,160.2681,16.0,0.0,1,381.3145999999999,266.9200000000001,NaN,1280.0,100.0,2.1180902561367128,0,0,0.0,0,0.0,1280.0,0,0.0,0,0,0,0.0,0.0,0.0,0.0,0.0,0.0,0.0,0.0,0,0,0,0,47,0.0,0,6,0.0,0,0.0,4331.8359,115.8064,5721.713244720864,0.0,5721.713244720864,0.0,381.3145999999999,2080.4244,18589.1791,0.6911389973182973,90,26475.8396,37,119399.26401066022,1,0.0,4,20933.7879,2,-3324.1859000000018,-17124.764799999997,746.749295427123,393.37821342599034,0,16,117,117,"N10 step 10, market entry",debt,2,7.275957614183426e-12
73,127,1,4,28383.515400000004,261.19849999999997,24024.39359999998,0.0,106299.84929999994,,0.0,15655.1916,90644.65769999994,0.0,9940.420499999998,327.84589125,0.00375,46.6888,6747.567965218292,0.0,1.0,2383.326019158549,3602.283193478861,0.0,0.0,1.0,0.0,0.0,1.0,0.0,1,0,0.96875,0.6554099640833706,0.0,17.0,0.0,0.0,1.0,10,0,0,0.2572558435138762,21,110.70691628742433,0.5066710531267641,111.21358734055111,8.137989906371402,0.1478894119670135,8.285879318338415,3913.720899999994,3444.4828999999986,3949.385099999994,0.0,30,14,9652.418099999968,23006.930800000002,261.8699,1.0,1.0,0.0,0.0,0.0,0.0,0.5,0.25,1595.6577000000011,7294.615030947324,4699.9995,290,1034.7806,2141.712700000001,2493.0887000000002,1097.0511,0.0,0.0,0.0,0.0,0.0,57,722.1321,0.0,0.0,0.0,0.0,1734.7289000000005,2083.5347000000006,0.015,20.821216806722695,23.29255307692304,6.992841666666666,6.743443548387096,14.845500762262876,2.484151590525581,260.0,238.0,130.0,504.0,323.0,50.0,44,1,1,15,3,0.0,507.0,11032.727700000003,547.8399,16034.126900000001,186,6,0,37,0.507882193957012,0.6554099640833706,0.41928357448848574,51,6229.488900000004,4955.449600000002,11,8,12.0,0,0,1,0.0,0,0.0,149454.2099972342,0.0,0,0,0,1.5,0,0.0,0,0,0.0,0,0.0,0,0,83.91409999999999,11.0,0.0,1,155.6303,108.94120000000005,NaN,1280.0,100.0,1.880107510489055,0,0,0.0,0,0.0,1280.0,0,0.0,0,0,0,0.0,0.0,0.0,0.0,0.0,0.0,0.0,0.0,0,0,0,0,44,0.0,0,6,0.0,0,0.0,4331.8359,111.6611,8488.562141464727,0.0,8488.562141464727,0.0,155.6303,2465.8264,16581.9668,0.701362585331202,90,26267.32660000001,37,123186.88339723421,1,0.0,4,21525.331500000004,2,-3966.803299999999,-15608.5028,767.4553061224493,393.37821342599034,0,16,130,130,"N10 step 10, market entry",debt,2,7.275957614183426e-12
74,127,1,4,30064.214499999995,261.19849999999997,25602.4188,0.0,108566.91679999986,,0.0,17734.2003,90832.71649999986,0.0,8755.831699999997,339.9076932499996,0.00375,110.0368,6853.381030487966,0.0,1.0,2540.7174192879506,3632.034653658644,0.0,0.0,1.0,0.0,0.0,1.0,0.0,1,0,0.9635416666666666,0.6490626693105799,0.0,19.0,0.0,0.0,1.0,10,0,0,0.25207756232686973,21,107.77479020285698,0.8972746489037036,108.6720648517607,7.663444453929293,0.5248385348712469,8.188282988800541,3696.161699999998,3452.9055999999914,4192.6412,0.0,30,14,9652.418099999968,23006.930800000002,251.58329999999998,1.0,1.0,0.0,0.0,0.0,0.0,0.5,0.25,1626.0152999999993,7480.458179101548,4699.9995,294,4001.4125000000004,2320.7134000000046,8397.146300000002,755.1901,0.0,0.0,0.0,0.0,0.0,18,215.7438,0.0,0.0,0.0,0.0,1867.0886999999996,1961.0401999999985,0.015,20.758338596491225,23.670249999999992,7.00461081081081,7.033325663716814,15.264364943410534,2.4096270428098134,240.0,228.0,120.0,487.0000000000001,308.00000000000006,50.0,46,11,11,13,8,1.0,497.0,12032.578000000005,675.0597,17030.796199999997,185,7,0,36,0.4886928151014709,0.6490626693105799,0.3711275117646786,50,6661.345400000001,4732.901199999999,15,7,37.0,0,0,11,0.0,0,0.0,151751.3545838082,0.0,0,0,0,1.5,0,0.0,0,0,0.0,0,0.0,0,0,259.1706,16.0,0.0,1,366.7886,256.752,NaN,1280.0,100.0,2.1087714705705642,0,0,0.0,0,0.0,1280.0,0,0.0,0,0,0,0.0,0.0,0.0,0.0,0.0,0.0,0.0,0.0,0,0,0,0,46,0.0,0,6,0.0,0,0.0,4331.8359,110.3678,7809.544288422609,0.0,7809.544288422609,0.0,366.7886,3443.0335,17705.8559,0.7022679681015009,91,28126.97249999999,36,123624.38208380819,1,0.0,4,20284.8294,2,-4575.8655,-17624.1635,770.679262672811,393.37821342599034,0,16,120,120,"N10 step 10, market entry",debt,2,7.275957614183426e-12
75,127,1,4,29128.422700000017,261.19849999999997,24115.650599999997,0.0,110864.09349999989,,0.0,16762.6721,94101.42139999989,0.0,11460.721700000004,340.6129876249999,0.00375,43.1724,6968.031477021466,0.0,1.0,2613.480681692813,3758.8205430143107,0.0,0.0,1.0,0.0,0.0,1.0,0.0,1,0,0.9583333333333334,0.6454765722477604,0.0,17.0,0.0,0.0,1.0,10,0,0,0.25174775792670007,21,108.46267752604034,1.0163218866523303,109.47899941269267,11.23905029557119,0.608019794578559,11.84707009014975,3511.793199999998,3255.9634,4448.470999999997,0.0,31,15,9652.418099999968,23006.930800000002,296.6874,1.0,1.0,0.0,0.0,0.0,0.0,0.5,0.25,1222.4478999999994,7680.777279101556,4699.9995,297,1536.0567999999998,2471.8485999999994,3775.855,678.7327999999997,0.0,0.0,0.0,0.0,0.0,5,158.3522,0.0,0.0,0.0,0.0,1955.3183999999992,1793.3922999999993,0.015,20.911061764705877,23.493034513274317,7.158229999999998,7.016715238095241,15.242496045675322,2.337338231525519,226.0,238.0,113.0,479.6666666666668,293.0,49.0,48,3,3,12,3,0.0,505.0,13850.053999999991,582.8278,14494.0163,184,8,0,34,0.5409245784924186,0.6454765722477604,0.3577713511051439,48,6545.3530999999975,4976.832699999999,5,2,40.0,0,0,3,0.0,0,0.0,153619.56757038226,0.0,0,0,0,1.5,0,0.0,0,0,0.0,0,0.0,0,0,286.3291999999999,16.0,0.0,1,143.9091,100.7364,NaN,1280.0,99.99999998697916,1.8735696624229068,0,0,0.0,0,0.0,1279.9999998333333,0,0.0,0,0,0,0.0,0.0,0.0,0.0,0.0,0.0,0.0,0.0,0,0,0,0,48,0.0,0,6,0.0,0,0.0,4426.9438,80.1734,7708.778833099876,0.0,7708.778833099876,0.0,143.9091,4043.5175,15076.8441,0.7052370649654898,93,30632.556400000005,34,122987.01117038222,1,0.0,4,23195.3754,2,-5184.233499999998,-16719.4997,803.8086472819216,393.37821342599034,0,16,113,113,"N10 step 10, market entry",debt,2,7.275957614183426e-12
76,127,1,4,28265.23130000001,261.19849999999997,22802.642600000003,0.0,111551.66369999993,,0.0,17392.1906,94159.47309999993,0.0,7282.472100000002,352.8706467499996,0.00375,34.3092,7098.784690122626,0.0,1.0,2622.8491427717927,3703.4397184150844,0.0,0.0,1.0,0.0,0.0,1.0,0.0,1,0,0.9583333333333334,0.6456519725091752,0.0,1.0,0.0,0.0,1.0,10,0,0,0.25078043704474506,22,109.25463443548995,0.8939712708940676,110.148605706384,9.305806211618519,0.5408074357752134,9.846613647393731,3714.747,4788.708599999994,3374.5094,0.0,32,16,9652.418099999968,23006.930800000002,292.48969999999997,1.0,1.0,0.0,0.0,0.0,0.0,0.5,0.25,876.480299999999,7804.947180018809,4699.9995,301,4783.838099999999,5647.029499999992,5822.5388,2363.108399999998,0.0,0.0,0.0,0.0,0.0,13,110.1835,0.0,0.0,0.0,0.0,1946.3143000000005,1392.3239,0.015,20.816237500000003,23.453525000000006,7.110888461538461,7.076824999999995,14.799697244191782,2.267218084579753,240.0,248.0,120.0,489.0000000000001,308.0,50.0,47,1,1,10,5,1.0,507.0,13078.050100000004,68.6151,14974.073400000001,184,8,0,35,0.49274753850924524,0.6456519725091752,0.34120118848287917,38,6895.655500000002,5162.4269,11,6,26.0,0,0,1,0.0,0,0.0,153316.31457038227,0.0,0,0,0,1.5,0,0.0,0,0,0.0,0,0.0,0,0,184.88309999999998,16.0,0.0,1,114.36460000000001,80.05520000000001,NaN,1280.0,99.99999998697916,2.125036915027073,0,0,0.0,0,0.0,1279.9999998333333,0,0.0,0,0,0,0.0,0.0,0.0,0.0,0.0,0.0,0.0,0.0,0,0,0,0,47,0.0,0,6,0.0,0,0.0,3469.0171,101.1854,8676.340772349819,0.0,8676.340772349819,0.0,114.36460000000001,3626.1749,15042.6885,0.7098593089531526,92,28922.24750000001,35,124394.06707038221,1,0.0,4,22761.7786,2,-5682.2188,-17357.881400000002,852.0371661188369,393.37821342599034,0,16,120,120,"N10 step 10, market entry",debt,2,7.275957614183426e-12
77,127,1,4,28936.193699999996,261.19849999999997,23137.118699999985,0.0,113801.7553999999,,0.0,15870.5268,97931.2285999999,0.0,10444.532099999999,353.0881642499999,0.00375,48.756,7191.421024476333,0.0,1.0,2543.5407540412684,3746.1482246508886,0.0,0.0,1.0,0.0,0.0,1.0,0.0,1,0,0.9583333333333334,0.6431185735124263,0.0,0.0,0.0,0.0,1.0,10,0,0,0.2985952892196233,22,111.5850713514412,1.0745293279973238,112.65960067943853,7.363800642499539,0.7021118452879355,8.065912487787475,3785.127099999997,3345.0211999999974,3814.6152999999968,0.0,32,16,9652.418099999968,23006.930800000002,322.4545,1.0,1.0,0.0,0.0,0.0,0.0,0.5,0.25,687.4029999999989,7964.971880018816,4699.9995,302,2673.5145,2002.5520999999994,263.69079999999997,747.9553000000001,0.0,0.0,0.0,0.0,0.0,1,156.1537,0.0,0.0,0.0,0.0,1870.0747999999994,0.0,0.015,20.770820242914976,22.88204999999998,6.968014814814813,7.135263793103449,14.12963082495657,2.1992015420423607,248.0,247.0,124.0,493.6666666666668,316.0,50.0,45,4,4,5,7,1.0,504.0,11732.873199999996,1305.5286,15692.882199999998,184,8,0,34,0.4299978576566801,0.6431185735124263,0.2672281237505183,31,7761.152999999997,5130.392599999999,15,8,27.0,0,0,4,0.0,0,0.0,156094.2811703822,0.0,0,0,0,1.5,0,0.0,0,0,0.0,0,0.0,0,0,188.13639999999995,16.0,0.0,1,162.5204,113.76440000000002,NaN,1280.0,99.99999998697916,2.11806260513124,0,0,0.0,0,0.0,1279.9999998333333,0,0.0,0,0,0,0.0,0.0,0.0,0.0,0.0,0.0,0.0,0.0,0,0,0,0,45,0.0,0,6,0.0,0,0.0,3469.0171,110.7083,7542.923142560547,0.0,7542.923142560547,0.0,162.5204,2017.0442000000003,16998.4108,0.7083664881893343,93,30189.9238,34,125904.35737038217,1,0.0,4,22563.5357,2,-5972.7349,-15821.7708,852.0371661188369,393.37821342599034,0,16,124,124,"N10 step 10, market entry",debt,2,7.275957614183426e-12
78,127,1,4,27714.529500000015,261.19849999999997,21753.598500000007,0.0,115744.46269999989,,0.0,14348.863,101395.59969999989,0.0,9311.8207,367.2331652499998,0.00375,39.6548,7303.017862284472,0.0,1.0,2623.938339632792,3780.7100665229827,0.0,0.0,1.0,0.0,0.0,1.0,0.0,2,0,0.953125,0.643228621205532,0.0,0.0,0.0,0.0,1.0,10,0,0,0.2871049596309112,22,111.48964603340367,0.9132506642863941,112.40289669769007,4.7008502429229315,0.3969809152617287,5.09783115818466,3802.3326000000006,3762.44109999999,3854.5067999999997,0.0,32,16,9652.418099999968,23006.930800000002,317.3846,1.0,1.0,0.0,0.0,0.0,0.0,0.5,0.25,659.5346999999989,8143.084680018824,4699.9995,304,843.6210000000001,2065.2851999999993,2204.7603999999997,1118.7237000000005,0.0,0.0,0.0,0.0,0.0,29,141.4426,0.0,0.0,0.0,0.0,1951.94,1987.3844999999992,0.015,20.611436862745098,23.371378861788607,6.808279166666665,6.902257017543862,13.808607133032284,2.13322549578109,246.0,255.0,123.0,497.33333333333337,312.0,50.0,47,0,0,6,7,1.0,508.0,10100.770299999991,2585.7168,14846.945,183,9,0,34,0.37735601682221165,0.643228621205532,0.29749875309648965,36,4295.428000000003,5255.9164,16,9,24.0,0,0,0,0.0,0,0.0,156215.97895695613,0.0,0,0,0,1.5,0,0.0,0,0,0.0,0,0.0,0,0,163.39869999999996,14.0,0.0,1,132.1817,92.52680000000001,NaN,1280.0,99.99999998697916,2.1886815391710823,0,0,0.0,0,0.0,1279.9999998333333,0,0.0,0,0,0,0.0,0.0,0.0,0.0,0.0,0.0,0.0,0.0,0,0,0,0,47,0.0,0,6,0.0,0,0.0,3469.0171,105.10230000000001,5854.473808712322,0.0,5854.473808712322,0.0,132.1817,1865.4741000000001,17432.661799999998,0.7120785476428813,93,29943.228000000006,34,126272.75095695621,1,0.0,4,24027.8601,2,-6149.301999999999,-14309.2082,852.0371661188369,393.37821342599034,0,16,123,123,"N10 step 10, market entry",debt,2,7.275957614183426e-12
79,127,1,4,29834.859,261.19849999999997,23713.042400000002,0.0,117488.83819999984,,0.0,16369.9017,101118.93649999984,0.0,7852.681400000002,380.2247998749999,0.00375,73.8712,7381.488430678082,0.0,1.0,2493.346510358249,3766.2920371187224,0.0,0.0,1.0,0.0,0.0,1.0,0.0,2,0,0.9479166666666666,0.6472232513056406,0.0,0.0,0.0,0.0,1.0,10,0,0,0.289350751528463,22,116.20355306483182,0.867226890911267,117.07077995574308,7.704032936614501,0.27547905896032776,7.979511995574828,3821.383499999997,3884.6500999999976,3791.2401999999965,0.0,33,17,9652.418099999968,23006.930800000002,292.7964,1.0,1.0,0.0,0.0,0.0,0.0,0.5,0.25,623.475199999999,8313.850480018806,4699.9995,308,4353.8359,2233.506400000001,5929.8544999999995,1235.1656999999998,0.0,0.0,0.0,0.0,0.0,27,131.1085,0.0,0.0,0.0,0.0,1826.5068999999996,2146.248299999999,0.015,20.46727125506073,22.592149999999986,6.810926666666668,6.987414406779668,13.671594046449375,2.069228730907657,256.0,247.0,128.0,500.0,324.0,50.0,44,7,7,4,8,4.0,501.0,12529.274100000004,607.3638,16493.241400000003,182,10,0,34,0.4870833832981305,0.6472232513056406,0.3580374481894424,46,6133.638000000003,5055.416,14,6,15.0,0,0,7,0.0,0,0.0,159721.9794435301,0.0,0,0,0,1.5,0,0.0,0,0,0.0,0,0.0,0,0,102.16390000000001,16.0,0.0,1,246.2364,172.36520000000002,NaN,1280.0,100.00000001302082,2.164030720606758,0,0,0.0,0,0.0,1280.0000001666665,0,0.0,0,0,0,0.0,0.0,0.0,0.0,0.0,0.0,0.0,0.0,0,0,0,0,44,0.0,0,6,0.0,0,0.0,3443.4504,97.25040000000001,8008.42117620679,0.0,8008.42117620679,0.0,246.2364,3332.5788,17100.6052,0.7129040318708486,93,30002.888800000004,34,129719.09064353026,1,0.0,4,22592.556700000005,2,-6320.521699999998,-16296.0305,852.0371661188369,393.37821342599034,0,16,128,128,"N10 step 10, market entry",debt,2,7.275957614183426e-12
80,127,1,4,28404.940600000005,261.19849999999997,22152.380999999998,0.0,119874.52109999998,,0.0,15215.3769,104659.14419999998,0.0,11351.791400000002,379.18760387500015,0.00375,36.9212,7429.487628691848,0.0,1.0,2559.436696417798,3810.0227524612324,0.0,0.0,1.0,0.0,0.0,1.0,0.0,2,1,0.9479166666666666,0.6426723119878106,0.0,0.0,0.0,0.0,1.0,10,0,0,0.319843435794312,22,118.3464469519304,0.9491466676530675,119.29559361958347,9.488472778501313,0.4853775436086762,9.973850322109989,3669.8550000000046,3304.9958,4156.0994000000055,0.0,33,17,9652.418099999968,23006.930800000002,319.55490000000003,1.0,1.0,0.0,0.0,0.0,0.0,0.5,0.25,609.7689999999992,8496.83171587967,4699.9995,311,817.2248999999999,2247.1432999999984,2511.1258,597.8479999999997,0.0,0.0,0.0,0.0,0.0,15,122.1665,0.0,0.0,0.0,0.0,1897.2591000000007,1330.5675000000003,0.015,20.398704661016954,22.55507213114753,6.357967567567565,6.879235714285723,13.477278599223869,2.007151868980427,244.0,236.0,122.0,495.6666666666667,312.0,50.0,46,12,10,6,10,2.0,496.0,13354.237899999995,506.5864,14380.1693,182,10,0,34,0.48989736832152775,0.6426723119878106,0.3537283048821771,37,6942.017599999999,4814.094300000001,17,7,37.0,0,0,12,0.0,0,0.0,161959.3456435304,0.0,0,0,0,1.5,0,0.0,0,0,0.0,0,0.0,0,0,235.2447999999999,16.0,4.8593,1,123.0709,86.14999999999998,NaN,1280.0,100.00000001302082,1.9080253169609251,0,0,0.0,0,0.0,1280.0000001666665,0,0.0,0,0,0,0.0,0.0,0.0,0.0,0.0,0.0,0.0,0.0,0,0,0,0,46,0.0,0,6,0.0,0,0.0,3443.4504,91.8123,7705.9879081113995,0.0,7705.9879081113995,0.0,123.0709,4053.8225,14891.615,0.7131195855926298,93,31025.6228,34,130933.72284353025,1,0.0,4,24883.6299,2,-6460.206700000001,-15178.455699999999,852.0371661188369,393.37821342599034,0,16,122,122,"N10 step 10, market entry",debt,2,7.275957614183426e-12
81,127,1,4,27749.785200000006,261.19849999999997,21355.589300000007,0.0,122282.44300000001,,0.0,14731.2692,107551.17380000002,0.0,10525.919000000007,392.4633915000003,0.00375,32.6048,7508.4275659845025,0.0,1.0,2580.691259122271,3871.522452323002,0.0,0.0,1.0,0.0,0.0,1.0,0.0,1,0,0.9479166666666666,0.6706013772212402,0.0,0.0,1.0,0.0,1.0,10,0,0,0.30665967316297593,22,163.37318847125772,1.041453195527909,164.41464166678563,6.442638160651287,0.5282660093748858,6.970904170026172,3613.4179,3211.7335000000057,4557.7837999999965,0.0,33,17,9652.418099999968,23006.930800000002,318.202,1.0,1.0,0.0,0.0,0.0,0.0,0.5,0.25,585.6590999999992,8670.484463444447,4699.9995,313,1515.0035,2170.1589,3647.7189,637.0016000000002,0.0,0.0,0.0,0.0,0.0,10,121.6663,0.0,0.0,0.0,0.0,1933.9327999999996,1381.9721999999995,0.015,20.033412145748986,22.806504201680678,6.406437931034485,6.894317431192659,13.396761410277364,1.9469373129110146,238.0,247.0,119.0,488.6666666666667,305.0,49.0,47,2,2,7,4,2.0,506.0,12636.644199999995,1117.1806,13841.6893,182,10,0,33,0.4416225279101804,0.6706013772212402,0.28480266518012387,44,5994.396400000001,4948.252799999999,7,3,29.0,0,0,2,0.0,0,0.0,213108.17729999984,0.0,0,0,0,1.5,0,0.0,0,0,0.0,0,0.0,0,0,185.78670000000005,16.0,0.0,1,108.6823,76.07719999999999,NaN,1280.0,100.00000001302082,2.3050716796874995,0,0,0.0,0,0.0,1280.0000001666665,0,0.0,0,0,0,0.0,0.0,0.0,0.0,0.0,0.0,0.0,0.0,0,0,0,0,47,0.0,0,6,0.0,0,0.0,3443.4504,86.3742,6797.004382685671,0.0,6797.004382685671,0.0,108.6823,3375.6863000000003,14958.8699,0.7169141041605511,94,33159.78229999999,33,179948.395,1,0.0,4,25933.592,2,-6602.343200000004,-14698.664400000001,852.0371661188369,667.82475,0,16,119,119,"N10 step 10, market entry",debt,2,7.275957614183426e-12
82,127,1,4,27773.14050000001,261.19849999999997,20090.4648,0.0,129233.79800000007,,0.0,17376.6193,111857.17870000008,0.0,8874.720100000004,403.3079837500001,0.00375,16.0608,7543.30871133077,0.0,1.0,2478.857335656399,4039.2060075538466,0.0,0.0,1.0,0.0,0.0,1.0,0.0,1,0,0.9739583333333334,0.6657330860705439,0.0,0.0,1.0,0.0,1.0,11,0,0,0.30202415660141607,22,166.89369271917556,1.1786363461462601,168.0723290653218,5.493924118024043,0.5311104153773226,6.025034533401365,3528.2677000000035,3163.5660999999986,453.7961,0.0,34,17,11392.161899999961,27627.4221,200.4551,1.0,1.0,0.0,0.0,0.0,0.0,0.5,0.25,555.8406999999995,8780.06241824014,4699.9995,317,4425.3094,4401.954100000003,8900.5669,608.4217000000003,0.0,0.0,0.0,0.0,0.0,11,4689.8146,0.0,0.0,0.0,0.0,1830.7162000000003,2731.232100000002,0.015,19.841995510204075,22.007625000000004,6.332522500000001,6.8937716814159264,13.181183770196444,1.888529193523684,248.0,245.0,124.0,496.6666666666667,315.99999999999994,50.0,45,2,2,7,3,1.0,506.0,9711.097199999998,0.0,13301.4405,187,0,5,34,0.41039830558183166,0.6657330860705439,0.3049333210329759,44,4684.071000000003,4861.288899999999,7,4,40.0,0,0,2,0.0,0,0.0,218612.45880000002,0.0,0,0,0,1.5,0,0.0,0,0,0.0,0,0.0,0,0,253.30090000000007,16.0,54.7274,1,53.5355,37.4744,NaN,1280.0,100.00000001302082,1.7295529296875,0,0,0.0,0,0.0,1280.0000001666665,0,0.0,0,0,0,0.0,0.0,0.0,0.0,0.0,0.0,0.0,0.0,0,0,0,0,45,0.0,0,6,0.0,0,0.0,1132.1342,86.0265,1845.0441148495122,0.0,1845.0441148495122,0.0,53.5355,2382.9733999999994,13356.1679,0.6654643877204649,93,32985.64630000001,34,185626.8125,1,0.0,4,26977.939999999995,2,64.03030000000058,-17360.5585,852.0371661188369,677.341,0,17,10,124,"N10 step 10, market entry",debt,2,7.275957614183426e-12
83,127,1,4,30631.054900000006,261.19849999999997,22962.127000000004,0.0,131667.4531000001,,0.0,18299.2585,113368.1946000001,0.0,9517.228299999997,419.45513975000006,0.00375,28.7588,7601.042882790433,0.0,1.0,2536.8349447472096,4086.295571860289,0.0,0.0,1.0,0.0,0.0,1.0,0.0,1,0,0.9739583333333334,0.6648358660842502,5.0,0.0,0.0,0.0,1.0,11,0,0,0.25052821728681796,22,169.54553257628703,1.201030332321316,170.74656290860835,8.767511462617696,0.6438988686882864,9.411410331305984,3559.957300000005,453.79610000000025,3559.957300000005,0.0,34,17,11392.161899999961,27627.4221,262.9642,1.0,1.0,0.0,0.0,0.0,0.0,0.5,0.25,678.0394999999999,8904.066953076981,4699.9995,319,4783.194799999999,1925.2804000000006,8296.7105,622.2252000000002,0.0,0.0,0.0,0.0,0.0,1,4510.8861,0.0,0.0,0.0,0.0,1894.8872999999994,2731.232100000002,0.015,19.68977670682731,22.01535573770494,6.628544444444445,6.70222950819672,13.121024052193224,1.8318733177179736,244.0,249.0,122.0,496.6666666666667,311.0,50.0,47,2,2,4,4,0.0,506.0,12349.529000000002,0.0,13741.881,187,0,5,34,0.5135941291466246,0.6648358660842502,0.150832136487818,63,6042.408400000004,4902.7544,13,9,18.0,0,0,2,0.0,0,0.0,219981.07819999993,0.0,0,0,0,1.5,0,0.0,0,0,0.0,0,0.0,0,0,119.3138,15.0,0.0,1,95.86399999999999,67.1048,NaN,1280.0,100.00000001302082,1.5229959765625,0,0,0.0,0,0.0,1280.0000001666665,0,0.0,0,0,0,0.0,0.0,0.0,0.0,0.0,0.0,0.0,0.0,0,0,0,0,47,0.0,0,6,0.0,0,0.0,1132.1342,80.30559999999998,7940.586964948969,0.0,7940.586964948969,0.0,95.86399999999999,3301.4745000000003,13741.881,0.6678987760948576,93,33445.776399999995,34,186535.30179999996,1,0.0,4,29781.8158,2,-101.15040000000022,-18270.4997,800.9149361517067,677.341,0,17,122,122,"N10 step 10, market entry",debt,2,7.275957614183426e-12
84,127,1,4,33255.62710000002,261.19849999999997,25462.41890000002,0.0,134082.96350000025,,0.0,18700.856,115382.10750000023,0.0,10063.968499999999,425.1214795,0.00375,52.274,7612.958891678214,0.0,1.0,2474.8164638257645,4136.1418694521435,0.0,0.0,1.0,0.0,0.0,1.0,0.0,1,0,0.9739583333333334,0.6615185797984666,5.0,0.0,0.0,0.0,1.0,11,0,0,0.28921600000000003,22,173.794219603137,1.3763122443046427,175.17053184744165,9.60168797862185,0.6714038713861303,10.273091850007981,3711.7868999999973,3085.0354000000066,4186.7087999999985,0.0,34,17,11392.161899999961,27627.4221,301.44710000000003,1.0,1.0,0.0,0.0,0.0,0.0,0.5,0.25,611.4182999999999,9034.050815142074,4699.9995,321,4632.249200000001,2007.676999999998,2977.5577000000003,599.4491000000003,0.0,195.79240000000001,0.0,0.0,0.0,2,4219.6288,0.0,0.0,0.0,0.0,1837.7947999999997,45.3587,0.015,19.578109599999998,22.30981839999999,6.278360000000001,6.656955200000004,13.150809814173453,1.7769171181864343,250.0,250.0,125.0,500.6666666666667,318.0,50.0,46,0,0,9,4,1.0,508.0,14179.620400000003,0.0,14744.377199999999,187,0,5,34,0.4789903702356415,0.6615185797984666,0.32056444875720835,30,8963.912100000003,4894.527399999999,9,5,40.0,0,0,0,0.0,0,0.0,224196.74690000014,0.0,0,0,0,1.5,0,0.0,0,0,0.0,0,0.0,0,0,251.13440000000003,16.0,59.7267,1,174.2482,121.97399999999999,NaN,1280.0,100.00000001302082,1.4037842838541665,0,0,0.0,0,0.0,1280.0000001666665,0,0.0,0,0,0,0.0,0.0,0.0,0.0,0.0,0.0,0.0,0.0,0,0,0,0,46,0.0,0,6,0.0,0,0.0,1132.1342,79.2701,8003.802539651504,0.0,8003.802539651504,0.0,174.2482,4251.285,14804.103899999998,0.6668871759144785,93,34765.873700000004,34,189430.87320000006,1,0.0,4,29289.225699999995,2,-516.6879999999987,-18648.582,752.8600399826042,677.341,0,17,125,125,"N10 step 10, market entry",debt,2,7.275957614183426e-12
85,127,1,4,35207.2542,261.19849999999997,31378.181199913015,0.0,136435.9658000001,,0.0,21080.6255,115355.34030000008,0.0,9913.653299999998,432.6731772499999,0.00375,86.674,7630.8945677294905,0.0,1.0,2455.068723363656,4172.832145152994,0.0,0.0,1.0,0.0,0.0,1.0,0.0,1,0,1.0,0.670208742639889,5.0,20.0,5.0,0.0,1.0,11,0,0,0.2689008471415632,22,187.77687146777043,1.3245837664452627,189.1014552342157,12.285176045644521,0.5035950182615416,12.788771063906063,3668.0789000000022,3222.101499999997,4632.6862000000065,0.0,34,17,11392.161899999961,27627.4221,303.76300000000003,1.0,1.0,0.0,0.0,0.0,0.0,0.5,0.25,830.9221999999991,9254.12701514207,4699.9995,324,4322.9353,2371.3081999999995,7337.1277,662.6532000000001,0.0,0.0,0.0,0.0,0.0,14,3922.5786,0.0,0.0,0.0,0.0,1821.658399999999,2004.226400000001,0.015,19.36973686131385,22.08589920000001,6.341215000000002,6.765598400000002,12.98380805524726,1.7236096046408413,250.0,274.0,125.0,496.0000000000001,318.0,50.0,46,0,0,2,11,12.0,508.0,12740.212399999999,2453.6771,15897.9503,192,0,0,34,0.5706361087313156,0.670208742639889,0.3124837078439693,51,4091.158299999999,5307.307899999995,16,5,40.0,0,0,0,0.0,0,0.0,237336.07427674698,0.0,0,0,0,1.5,0,0.0,0,0,0.0,0,0.0,0,0,253.64860000000007,16.0,106.1618,1,288.9128,202.23919999999998,NaN,1280.0,100.00000001302082,1.9059498567708335,0,0,0.0,0,0.0,1280.0000001666665,0,0.0,0,0,0,0.0,0.0,0.0,0.0,0.0,0.0,0.0,0.0,0,0,0,0,46,0.0,0,6,0.0,0,0.0,1132.1342,2332.3991199478132,5499.311851395371,0.0,5499.311851395371,0.0,288.9128,3281.5801999999994,18457.789200000003,0.6703875135949016,93,34135.20880000001,34,203200.86547674693,1,0.0,4,28831.144699999997,2,-236.30800008697793,-20993.9515,760.7948800000005,752.8600399826042,0,17,125,125,"N10 step 10, market entry",debt,2,7.275957614183426e-12
86,127,1,4,33150.787599999996,261.19849999999997,29258.10890000002,0.0,136887.07400000002,,0.0,20830.4,116056.67400000001,0.0,9457.165399999998,432.57248324999983,0.00375,73.6432,7583.264574966099,0.0,1.0,2350.1974482343794,4006.3511499773986,0.0,0.0,1.0,0.0,0.0,1.0,0.0,1,0,0.9947916666666666,0.6716561205970715,0.0,15.0,1.0,0.0,1.0,11,0,0,0.26712656239327914,24,191.76523418569136,1.176985926837279,192.94222011252864,9.910391571011575,0.3376625434931683,10.248054114504743,3726.625800000004,4992.571299999975,3366.7407000000035,0.0,35,18,11392.161899999961,27627.4221,259.3454,1.0,1.0,0.0,0.0,0.0,0.0,0.5,0.25,970.7012999999994,9426.976315142054,4699.9995,327,3964.791600000001,6021.2582,5900.2144,2424.0453000000025,0.0,0.0,0.0,0.0,0.0,40,3771.5342,0.0,0.0,0.0,0.0,1723.5310999999992,2039.3549999999998,0.015,19.47987685950414,21.93919000000001,6.590449999999999,6.5424007751938,13.183231265885224,1.671901316501616,260.0,242.0,130.0,505.3333333333333,327.0,50.0,44,2,2,7,7,4.0,506.0,13297.335100000006,68.6151,15886.488400000002,191,1,0,34,0.5021553699712096,0.6716561205970715,0.32712393577429033,36,6070.055900000003,4714.130200000002,13,6,22.0,0,0,2,0.0,0,0.0,238278.6278366775,0.0,0,0,0,1.5,0,0.0,0,0,0.0,0,0.0,0,0,144.98989999999998,15.0,53.1716,1,245.4781,171.8348,NaN,1280.0,100.0,1.9094815677060684,0,0,0.0,0,0.0,1279.9999999999998,0,0.0,0,0,0,0.0,0.0,0.0,0.0,0.0,0.0,0.0,0.0,0,0,0,0,44,0.0,0,6,0.0,0,0.0,3343.13,2259.4221000000002,8164.753180032559,0.0,8164.753180032559,0.0,245.4781,4045.7663,16008.2751,0.6726285033118391,93,33983.12359999999,34,204295.50423667746,1,0.0,4,28540.256700000005,2,-450.95809999999824,-20756.756800000003,806.4425728000006,752.8600399826042,0,17,130,130,"N10 step 10, market entry",debt,2,7.275957614183426e-12
87,127,1,4,36231.10269999999,261.19849999999997,32303.4387,0.0,139108.21569999994,,0.0,22293.3207,116814.89499999995,0.0,12218.942699999994,435.20221637499975,0.00375,131.418,7539.65379959571,0.0,1.0,2439.0375802112576,3946.6604247304726,0.0,0.0,1.0,0.0,0.0,1.0,0.0,1,0,0.9947916666666666,0.6681867886249069,0.0,0.0,0.0,0.0,1.0,11,0,0,0.28402405975279266,24,192.9999225580715,1.7392003007338355,194.73912285880533,9.330351983392067,0.6781763767283171,10.008528360120383,3656.9631000000027,3366.7407000000044,3656.9631000000027,0.0,35,18,11392.161899999961,27627.4221,292.234,1.0,1.0,0.0,0.0,0.0,0.0,0.5,0.25,1143.5998999999993,9631.565615142026,4699.9995,328,5498.4411,2418.1259999999984,5506.0791,815.0361000000004,0.0,0.0,0.0,0.0,0.0,0,3514.8602,0.0,0.0,0.0,0.0,1808.8072,0.0,0.015,19.382595528455287,21.94574523809526,6.660825641025642,6.5397719999999975,13.456572323417998,1.6217442770065675,252.0,246.0,126.0,496.66666666666674,320.0,50.0,46,7,7,4,11,3.0,501.0,14562.252900000009,682.465,17218.810600000004,191,1,0,34,0.4856365585215989,0.6681867886249069,0.29103357377796724,36,8203.199400000001,4768.1185000000005,12,1,39.0,0,0,7,0.0,0,0.0,242018.74223667735,0.0,0,0,0,1.5,0,0.0,0,0,0.0,0,0.0,0,0,259.77220000000005,16.0,121.296,1,438.0594,306.6412,NaN,1280.0,100.0,1.9204453307269016,0,0,0.0,0,0.0,1279.9999999999998,0,0.0,0,0,0,0.0,0.0,0.0,0.0,0.0,0.0,0.0,0.0,0,0,0,0,46,0.0,0,6,0.0,0,0.0,3343.13,2139.9698,7285.323012290361,0.0,7285.323012290361,0.0,438.0594,4473.450900000001,18022.5716,0.6712435757115911,93,35133.49560000001,34,206885.24663667742,1,0.0,4,27170.966800000002,2,-742.6173999999987,-22161.9027,806.4425728000006,752.8600399826042,0,17,126,126,"N10 step 10, market entry",debt,2,7.275957614183426e-12
88,127,1,4,34421.06900000001,261.19849999999997,30494.9002,0.0,140794.17629999988,,0.0,20381.2046,120412.97169999986,0.0,10880.548800000002,438.04546224999996,0.00375,21.7488,7469.198731476174,0.0,1.0,2341.02887029365,4041.928954317448,0.0,0.0,1.0,0.0,0.0,1.0,0.0,1,0,0.9895833333333334,0.6679676473422766,0.0,0.0,0.0,0.0,1.0,11,0,0,0.28093263625984016,24,193.284850309397,1.6182928307288051,194.90314314012582,8.853239760004994,0.8296005307883052,9.682840290793301,3654.7942999999964,3656.9630999999977,3654.7942999999964,0.0,35,18,11392.161899999961,27627.4221,304.96549999999996,1.0,1.0,0.0,0.0,0.0,0.0,0.5,0.25,1352.9789999999994,9870.816815141994,4699.9995,329,736.6256,2546.6593000000025,2218.5652999999998,1094.9222999999993,0.0,0.0,0.0,0.0,0.0,0,3170.5377,0.0,0.0,0.0,0.0,1713.9458,1947.1986000000006,0.015,19.498142635658912,22.077461599999978,6.423265000000001,6.643796747967485,13.60467832173826,1.5730919486963704,250.0,258.0,125.0,495.66666666666663,318.0,50.0,44,0,0,2,5,4.0,508.0,14608.431799999993,2504.3309,13928.3314,190,2,0,34,0.44276219402007433,0.6679676473422766,0.362159157222375,19,4138.7013,5030.520799999999,9,4,40.0,0,0,0,0.0,0,0.0,241118.09119669482,0.0,0,0,0,1.5,0,0.0,0,0,0.0,0,0.0,0,0,256.9306,16.0,187.6884,1,72.4959,50.74719999999998,NaN,1280.0,100.0,1.8017719244746366,0,0,0.0,0,0.0,1279.9999999999998,0,0.0,0,0,0,0.0,0.0,0.0,0.0,0.0,0.0,0.0,0.0,0,0,0,0,44,0.0,0,6,0.0,0,0.0,3343.13,2020.5175000000002,5452.525292805812,0.0,5452.525292805812,0.0,72.4959,4909.463499999999,16620.3507,0.6754259529605113,93,35165.28900000002,34,205952.80219669486,1,0.0,4,31121.4867,2,-1085.4446999999989,-20359.4558,806.4425728000006,752.8600399826042,0,17,125,125,"N10 step 10, market entry",debt,2,7.275957614183426e-12
89,127,1,4,35033.37040000002,261.19849999999997,31117.080800000003,0.0,142656.50789999994,,0.0,21564.1909,121092.31699999994,0.0,11123.8774,451.5383946250001,0.00375,56.5848,7438.697389211833,0.0,1.0,2421.5353849839007,3976.6877178078885,0.0,0.0,1.0,0.0,0.0,1.0,0.0,1,0,0.9895833333333334,0.6678023182254202,0.0,0.0,0.0,0.0,1.0,11,0,0,0.25010062461799915,24,194.8247428643706,1.6852725528476562,196.51001541721823,11.35843770352305,0.691386958766392,12.049824662289442,3669.5692000000063,3654.7943000000023,3669.5692000000063,0.0,35,18,11392.161899999961,27627.4221,287.1787,1.0,1.0,0.0,0.0,0.0,0.0,0.5,0.25,1557.4711999999997,10103.362015141975,4699.9995,329,3101.8102,2489.508799999999,3101.8102,1147.4954000000002,0.0,0.0,0.0,0.0,0.0,0,2718.7012999999997,0.0,0.0,0.0,0.0,1790.7138000000002,0.0,0.015,19.57681467181468,21.899732283464598,6.758807499999999,6.430669599999996,14.003051123422043,1.5258991902354795,254.0,259.0,127.0,505.33333333333337,322.0,50.0,46,0,0,3,7,5.0,508.0,16106.070600000001,606.6401,15292.447100000001,190,2,0,34,0.5117502807407968,0.6678023182254202,0.3201711937720402,30,8253.805299999996,5070.395000000002,11,4,40.0,0,0,0,0.0,0,0.0,244430.68189669482,0.0,0,0,0,1.5,0,0.0,0,0,0.0,0,0.0,0,0,270.35229999999996,16.0,252.9265,1,188.61669999999998,132.0312,NaN,1280.0,100.0,1.7702789427038033,0,0,0.0,0,0.0,1279.9999999999998,0,0.0,0,0,0,0.0,0.0,0.0,0.0,0.0,0.0,0.0,0.0,0,0,0,0,46,0.0,0,6,0.0,0,0.0,3343.13,1901.0662,7508.126961001327,0.0,7508.126961001327,0.0,188.61669999999998,4673.162699999999,16152.0137,0.6772667108722135,93,36043.9881,34,208386.69379669477,1,0.0,4,30320.2149,2,-1527.401900000002,-21507.6061,806.4425728000006,752.8600399826042,0,17,127,127,"N10 step 10, market entry",debt,2,7.275957614183426e-12
90,127,1,4,34609.390699999996,193.0341,30641.63429999999,0.0,144372.54939999996,,0.0,21001.9023,123370.64709999994,0.0,11590.150800000001,454.0856966250003,0.00375,84.4568,7360.341383454459,0.0,1.0,2310.514316603308,3909.698188969639,0.0,0.0,1.0,0.0,0.0,1.0,0.0,1,0,0.984375,0.6692829118860488,0.0,0.0,0.0,0.0,1.0,11,1,0,0.2501815592737629,26,193.0836026933647,1.6937512257238028,194.7773539190885,9.586735207323777,0.651872961346434,10.23860816867021,3851.5307000000057,3669.5692000000095,3851.5307000000057,0.0,35,18,11392.161899999961,27627.4221,300.8335,1.0,1.0,0.0,0.0,0.0,0.0,0.5,0.25,1762.3837999999992,10334.624615141976,4699.9995,330,2042.6799,2534.8239999999983,3599.8867,1184.2620000000006,0.0,0.0,0.0,0.0,0.0,0,2156.6196,0.0,0.0,0.0,0.0,1677.146800000001,2019.883400000002,0.015,19.86937811320755,22.54296846153849,7.120954999999998,6.534635433070866,14.372531911076882,1.7351405066417382,260.0,265.0,130.0,504.0,328.0,50.0,43,0,0,2,11,7.0,508.0,11917.072199999995,2496.594,16535.7901,189,3,0,34,0.5085158876549809,0.6692829118860488,0.380841350789896,47,4369.739199999999,5265.385200000001,15,4,40.0,0,0,0,0.0,0,0.0,242485.66015671243,0.0,0,0,0,1.5,0,0.0,0,0,0.0,0,0.0,0,0,284.8381999999999,16.0,1418.8580000000002,2,281.5227,197.066,NaN,1280.0,100.0,2.0548688638334616,0,0,0.0,0,0.0,1280.0,0,0.0,0,0,0,0.0,0.0,0.0,0.0,0.0,0.0,0.0,0.0,0,0,0,0,43,0.0,0,7,0.0,0,0.0,4435.368,2371.4071,5818.083536058854,0.0,5818.083536058854,0.0,281.5227,2599.8521000000005,20451.2421,0.6834068448422801,93,35335.63859999999,34,207150.02155671225,1,0.0,4,29682.907499999998,2,-2072.785999999998,-20917.4455,806.4425728000006,752.8600399826042,0,17,130,130,"N10 step 10, market entry",debt,2,7.275957614183426e-12
91,127,1,4,32443.801299999996,193.0341,28491.16200000001,0.0,146528.7916,,0.0,19181.9332,127346.85839999998,0.0,11828.892700000002,462.6292137500004,0.00375,43.2996,7321.757984895217,0.0,1.0,2339.01291612128,3941.5201149301447,0.0,0.0,1.0,0.0,0.0,1.0,0.0,1,0,0.9791666666666666,0.6722509111396571,0.0,1.0,1.0,0.0,1.0,11,1,0,0.25683097742807465,26,194.97292738718647,1.5825444006232656,196.55547178780975,9.893293068823558,0.4881380758239681,10.381431144647527,3805.944700000007,3368.2940000000085,4289.181400000007,0.0,35,18,11392.161899999961,27627.4221,253.2942,1.0,1.0,0.0,0.0,0.0,0.0,0.5,0.25,1965.7159,10562.659715141948,4699.9995,332,318.4322000000001,2484.0215999999987,2875.5318,709.2641999999998,0.0,0.0,0.0,0.0,0.0,22,1490.6608999999999,0.0,0.0,0.0,0.0,1696.1817000000005,2073.8629000000005,0.015,20.290913278008293,22.260985496183224,6.6109285714285715,6.643425196850391,14.912307943362581,16.7339941488159,262.0,241.0,131.0,505.33333333333337,330.0,50.0,43,0,0,13,4,3.0,508.0,14070.7312,599.3325,15694.3797,188,4,0,34,0.48394770682832755,0.6722509111396571,0.3870923025727584,26,6542.260599999998,4890.110099999999,11,7,21.0,0,0,0,0.0,0,0.0,246135.2397167297,0.0,0,0,0,1.5,0,0.0,0,0,0.0,0,0.0,0,0,138.8295,16.0,545.3974,2,144.3328,101.03319999999997,NaN,1280.0,100.0,1.7636113013315196,0,0,0.0,0,0.0,1280.0,0,0.0,0,0,0,0.0,0.0,0.0,0.0,0.0,0.0,0.0,0.0,0,0,0,0,43,0.0,0,7,0.0,0,0.0,4435.368,2214.059,7874.074767886984,0.0,7874.074767886984,0.0,144.3328,6314.974600000001,16839.1096,0.6881846049533769,93,35311.56849999999,34,210823.67121672962,1,0.0,4,30701.2526,2,-2723.627600000001,-19138.6336,854.8291271680006,752.8600399826042,0,17,131,131,"N10 step 10, market entry",debt,2,7.275957614183426e-12
92,127,1,4,33907.36719999997,193.0341,29958.31859999999,0.0,148693.73789999995,,0.0,21265.2332,127428.50469999996,0.0,11433.437699999999,477.54032662500026,0.00375,122.2948,7252.10314963983,0.0,1.0,2280.8173553962497,3854.5452747598865,0.0,0.0,1.0,0.0,0.0,1.0,0.0,1,0,0.9791666666666666,0.6720940567338201,0.0,1.0,0.0,0.0,1.0,11,1,0,0.25001229326820634,26,193.41366297702874,1.6481176120695593,195.0617805890983,8.703101078361284,0.6539122582253393,9.357013336586622,3730.1435000000056,3318.8435000000054,4700.481400000002,0.0,35,18,11392.161899999961,27627.4221,283.2683,1.0,1.0,0.0,0.0,0.0,0.0,0.5,0.25,2157.5216,10777.521915141953,4699.9995,334,4039.1543,2575.5884,6379.840899999999,768.3265999999996,0.0,0.0,0.0,0.0,0.0,13,735.8837000000001,0.0,0.0,0.0,0.0,1624.346100000001,1370.348700000001,0.015,20.586036437246968,22.91309918699189,6.827899999999999,6.613852941176476,15.512046883848583,16.23197432435142,246.0,247.0,123.0,490.66666666666674,324.0,50.0,41,6,6,2,8,2.0,502.0,14650.314199999995,534.6791,17385.7823,188,4,0,34,0.4746533077419042,0.6720940567338201,0.4055621071511766,36,7268.870999999996,5084.751000000001,10,2,37.0,0,0,6,0.0,0,0.0,248652.0311167297,0.0,0,0,0,1.5,0,0.0,0,0,0.0,0,0.0,0,0,252.63229999999996,26.0,478.4131,2,407.6486,285.35360000000003,NaN,1280.0,100.0,1.9655498727600913,0,0,0.0,0,0.0,1280.0,0,0.0,0,0,0,0.0,0.0,0.0,0.0,0.0,0.0,0.0,0.0,0,0,0,0,41,0.0,0,7,0.0,0,0.0,4435.368,2057.1184,8104.133348320869,0.0,8104.133348320869,0.0,407.6486,4630.762900000001,18398.874499999998,0.6908967128915082,93,35643.6158,34,213008.4153167296,1,0.0,4,29212.229199999998,2,-3474.8140999999987,-21142.9384,906.1188747980807,752.8600399826042,0,17,123,123,"N10 step 10, market entry",debt,2,7.275957614183426e-12
93,127,1,4,32454.341900000003,193.0341,27959.314899999998,0.0,149073.6600999998,,0.0,21887.2644,127186.39569999979,0.0,10283.810000000003,477.8467777499999,0.00375,82.7136,7208.709412963442,0.0,1.0,2407.1163124167138,3677.576925308962,0.0,0.0,1.0,0.0,0.0,1.0,0.0,1,0,0.9739583333333334,0.6698222316691611,0.0,0.0,0.0,0.0,1.0,11,1,0,0.2504185008370017,25,190.2558941776022,1.704284998419784,191.96017917602197,9.68202741884509,0.6533997731649002,10.33542719200999,3798.9770000000026,5048.586600000008,3450.8718000000017,0.0,36,19,11392.161899999961,27627.4221,322.53159999999997,1.0,1.0,0.0,0.0,0.0,0.0,0.5,0.25,1783.8378999999995,10939.390581179547,4699.9995,337,4552.566400000001,6005.591700000008,6560.7,2571.7966999999967,0.0,0.0,0.0,0.0,0.0,1,384.3632,0.0,0.0,0.0,0.0,1741.0982000000004,1972.6012999999984,0.015,20.962711023622052,22.90637500000001,7.105782758620692,6.570398319327726,15.852838611348405,15.745015094620877,248.0,254.0,124.0,499.3333333333333,327.0,50.0,43,0,0,13,9,6.0,508.0,14608.321599999997,68.6151,16775.5632,187,5,0,34,0.47363375147797404,0.6698222316691611,0.3362503738859879,30,6209.7386,5324.5286000000015,10,1,58.0,0,0,0,0.0,0,0.0,248927.65457674692,0.0,0,0,0,1.5,0,0.0,0,0,0.0,0,0.0,0,0,412.1354000000001,27.0,534.7651999999999,2,275.71209999999996,192.99800000000005,NaN,1280.0,100.00000001116071,2.197620647311721,0,0,0.0,0,0.0,1280.0000001428573,0,0.0,0,0,0,0.0,0.0,0.0,0.0,0.0,0.0,0.0,0.0,0,0,0,0,43,0.0,0,7,0.0,0,0.0,4368.0099,1898.5600999999997,8883.930232501058,0.0,8883.930232501058,0.0,275.71209999999996,3735.9222,17378.9435,0.6949049569268613,93,36514.065899999994,34,212413.588676747,1,0.0,4,28174.253899999996,2,-4372.312999999998,-21804.5508,906.1188747980807,752.8600399826042,0,17,124,124,"N10 step 10, market entry",debt,2,7.275957614183426e-12
94,127,1,4,32807.76620000001,193.0341,27785.52000000001,0.0,151088.31659999973,,0.0,19902.737,131185.57959999974,0.0,12873.903999999993,476.9382160000004,0.00375,55.2,7178.122044543108,0.0,1.0,2356.507861975069,3641.9980963620724,0.0,0.0,1.0,0.0,0.0,1.0,0.0,1,0,0.9739583333333334,0.6696962479752939,0.0,0.0,1.0,0.0,1.0,11,1,0,0.25060467616232196,25,189.46557026552648,1.6999702269056627,191.16554049243214,7.5665881107296515,0.7263030412466214,8.292891151976272,3884.7304000000004,3450.8718000000076,3884.7304000000004,0.0,36,19,11392.161899999961,27627.4221,282.9913,1.0,1.0,0.0,0.0,0.0,0.0,0.5,0.25,1444.8336999999997,11124.662981179546,4699.9995,337,2788.3496,2434.925300000002,169.97280000000003,900.7230999999991,0.0,0.0,0.0,0.0,0.0,0,208.1168,0.0,0.0,0.0,0.0,1678.3027000000006,0.0,0.015,21.005373360655717,23.559692799999997,7.203255882352939,6.798893333333337,15.639008201158317,15.272664641782251,250.0,244.0,125.0,490.66666666666674,328.00000000000006,50.0,41,0,0,15,8,3.0,508.0,15167.649099999993,778.7166,16190.7135,187,5,0,34,0.4219646223493827,0.6696962479752939,0.341976182551017,23,8704.546199999992,5125.311099999995,17,9,34.0,0,0,0,0.0,0,0.0,252703.7805767469,0.0,0,0,0,1.5,0,0.0,0,0,0.0,0,0.0,0,0,244.9106999999999,26.0,407.3702,2,184.0009,128.80080000000004,NaN,1280.0,100.00000001116071,1.969248225436721,0,0,0.0,0,0.0,1280.0000001428573,0,0.0,0,0,0,0.0,0.0,0.0,0.0,0.0,0.0,0.0,0.0,0,0,0,0,41,0.0,0,7,0.0,0,0.0,4368.0099,1758.8647,8459.148460688726,0.0,8459.148460688726,0.0,184.0009,4406.7791,17376.8003,0.6981894469006455,93,36930.34459999998,34,215773.43597674696,1,0.0,4,29189.980499999998,2,-5075.7786,-19847.537,906.1188747980807,752.8600399826042,0,17,125,125,"N10 step 10, market entry",debt,2,7.275957614183426e-12
95,127,1,4,32969.67029999998,193.0341,27433.70489999999,0.0,153304.9342999998,,0.0,18723.4834,134581.4508999998,0.0,12913.099600000003,491.9358375000004,0.00375,113.1244,7128.074530305373,0.0,1.0,2336.64488779626,3577.059520203582,0.0,0.0,1.0,0.0,0.0,1.0,0.0,1,0,0.9739583333333334,0.6707203333377583,0.0,1.0,0.0,0.0,1.0,11,1,0,0.2501071411564896,25,190.94433521285143,1.7215882443626784,192.6659234572141,5.116673375427663,0.6605205501949551,5.777193925622618,3951.957799999993,3391.471899999995,4445.216299999995,0.0,36,19,11392.161899999961,27627.4221,315.15840000000003,1.0,1.0,0.0,0.0,0.0,0.0,0.5,0.25,1119.3295,11328.216981179563,4699.9995,338,2541.2486,2379.344500000002,1264.478,769.4103999999992,0.0,0.0,0.0,0.0,0.0,1,206.4698,0.0,0.0,0.0,0.0,1657.0588000000007,0.0,0.015,21.314471713147412,23.975174999999968,7.377984375000001,6.826730252100835,15.096336170864747,14.814484702528782,248.0,251.0,124.0,488.0000000000001,331.99999999999994,50.0,40,0,0,7,7,0.0,508.0,11512.29600000001,2719.5066,17975.6459,187,5,0,34,0.36934353009117316,0.6707203333377583,0.21043072777915306,31,6607.769499999994,5349.932400000001,10,3,64.0,0,0,0,0.0,0,0.0,254080.02887674703,0.0,0,0,0,1.5,0,0.0,0,0,0.0,0,0.0,0,0,472.1910000000001,32.0,442.62760000000003,2,377.081,263.95680000000004,NaN,1280.0,100.00000001116071,2.2680632365974356,0,0,0.0,0,0.0,1280.0000001428573,0,0.0,0,0,0,0.0,0.0,0.0,0.0,0.0,0.0,0.0,0.0,0,0,0,0,40,0.0,0,7,0.0,0,0.0,4368.0099,1601.189,6686.109958142093,0.0,6686.109958142093,0.0,377.081,3337.983799999999,21137.7801,0.7021182415007832,93,36913.75839999999,34,217166.27047674695,1,0.0,4,27810.4092,2,-5591.144799999998,-18610.359,960.4860072859656,752.8600399826042,0,17,124,124,"N10 step 10, market entry",debt,2,7.275957614183426e-12
96,127,1,4,33903.91630000001,193.0341,27811.513700000007,0.0,155616.7224999998,,0.0,19516.3397,136100.3827999998,0.0,11582.900400000002,504.6699603750004,0.00375,46.1788,7135.273903016341,0.0,1.0,2503.6139546696404,3593.863677010894,0.0,0.0,1.0,0.0,0.0,1.0,0.0,1,0,0.96875,0.6689251061921755,0.0,0.0,0.0,0.0,1.0,11,1,0,0.25039021852237253,25,187.5454686684912,1.6677249805422418,189.21319364903343,8.04715554479213,0.6187356296890204,8.665891174481152,3869.713600000003,3460.651499999997,4854.278399999998,0.0,36,19,11392.161899999961,27627.4221,289.57820000000004,1.0,1.0,0.0,0.0,0.0,0.0,0.5,0.25,718.3589000000004,11534.720464973594,4699.9995,340,3375.2114000000015,2440.9653999999973,5855.2184,723.1766000000009,0.0,227.9984000000001,0.0,0.0,0.0,17,169.2094,0.0,0.0,0.0,0.0,1814.0264000000004,2089.173499999999,0.015,21.35199879032258,23.223695238095242,7.480922857142857,6.8973499999999905,14.795582148795303,14.370050161452918,252.0,248.0,126.0,498.66666666666674,324.0,50.0,43,0,0,14,8,0.0,508.0,14484.6359,2668.2302,16154.405999999999,186,6,0,33,0.459545148627472,0.6689251061921755,0.3425863209707065,35,4731.084300000001,5295.2957,11,3,35.0,0,0,0,0.0,0,0.0,255680.34503676448,0.0,0,0,0,1.5,0,0.0,0,0,0.0,0,0.0,0,0,261.8323,20.0,381.256,2,153.93050000000002,107.75160000000002,NaN,1280.0,100.00000001116071,2.162880406238351,0,0,0.0,0,0.0,1280.0000001428573,0,0.0,0,0,0,0.0,0.0,0.0,0.0,0.0,0.0,0.0,0.0,0,0,0,0,43,0.0,0,7,0.0,0,0.0,4368.0099,1476.6355999999998,6143.213078132874,0.0,6143.213078132874,0.0,153.93050000000002,4389.079900000001,19203.892200000002,0.704142267799786,94,39941.04330000001,33,215739.30173676438,1,0.0,4,30124.9626,2,-6184.842400000001,-19470.1609,960.4860072859656,752.8600399826042,0,17,126,126,"N10 step 10, market entry",debt,2,7.275957614183426e-12
97,127,1,4,31817.39960000001,193.0341,25464.097899999986,0.0,156200.9051999998,,0.0,19632.6297,136568.2754999998,0.0,10381.545999999995,510.3663306250002,0.00375,63.2128,7138.919502077924,0.0,1.0,2469.6511196099887,3436.6321680519495,0.0,0.0,1.0,0.0,0.0,1.0,0.0,1,0,0.9635416666666666,0.6681514403362026,0.0,0.0,0.0,0.0,1.0,11,1,0,0.30468971261974176,23,189.21527323975184,1.8927721768646033,191.10804541661645,9.742232589288932,0.6469363712049896,10.38916896049392,3925.3906000000025,5214.051999999994,3565.617000000002,0.0,37,20,11392.161899999961,27627.4221,347.2459,1.0,1.0,0.0,0.0,0.0,0.0,0.5,0.25,645.6747999999999,11679.814164973583,4699.9995,343,4399.134399999999,6485.651099999987,6114.243,2510.4601000000025,0.0,0.0,0.0,0.0,0.0,0,203.4628,0.0,0.0,0.0,0.0,1778.8506999999995,2038.72,0.015,21.22347346938776,23.576275000000024,7.320361224489796,6.83260085470085,14.195407957658611,13.938948656609329,248.0,245.0,124.0,489.3333333333334,326.0,50.0,42,1,1,12,4,1.0,507.0,15056.3365,68.6151,16039.557100000002,185,7,0,33,0.4841424312650777,0.6681514403362026,0.3032094064193722,29,6442.353999999995,5199.751000000001,12,8,49.0,0,0,1,0.0,0,0.0,257135.64269678178,0.0,0,0,0,1.5,0,0.0,0,0,0.0,0,0.0,0,0,358.6977,26.0,386.21529999999996,2,210.70949999999996,147.49679999999998,NaN,1280.0,100.0,2.1873508794506953,0,0,0.0,0,0.0,1280.0,0,0.0,0,0,0,0.0,0.0,0.0,0.0,0.0,0.0,0.0,0.0,0,0,0,0,42,0.0,0,7,0.0,0,0.0,4856.3392,1299.1712,8768.995766957882,0.0,8768.995766957882,0.0,210.70949999999996,4502.4058,16494.3875,0.7040026985849575,94,40213.54569999999,33,216922.09699678177,1,0.0,4,29244.203899999997,2,-6411.4881,-19569.4169,960.4860072859656,752.8600399826042,0,17,124,124,"N10 step 10, market entry",debt,2,7.275957614183426e-12
98,127,1,4,32114.19519999998,193.0341,25603.40530000001,0.0,158508.01719999977,,0.0,18008.926,140499.09119999976,0.0,13387.981099999999,512.1207843750001,0.00375,60.0104,7190.192987329856,0.0,1.0,2555.2913892421093,3602.6132582199043,0.0,0.0,1.0,0.0,0.0,1.0,0.0,1,0,0.9635416666666666,0.6673221261453728,0.0,0.0,0.0,0.0,1.0,11,1,0,0.296384,23,192.96382769486272,1.8839785715774586,194.84780626644016,11.962997569868842,0.6454605747911331,12.608458144659975,3873.7087000000006,3565.6170000000084,3873.7087000000006,0.0,37,20,11392.161899999961,27627.4221,339.9368,1.0,1.0,0.0,0.0,0.0,0.0,0.5,0.25,676.4015999999999,11854.706464973568,4699.9995,344,2686.3315000000002,2389.535900000001,2508.3076,855.2697,0.0,0.0,0.0,0.0,0.0,0,201.8159,0.0,0.0,0.0,0.0,1868.6485999999993,0.0,0.015,20.989254799999998,23.74640983606557,6.947104347826086,7.049152173913041,14.008604891138841,13.52078019691105,244.0,250.0,122.0,491.0000000000001,318.0,50.0,44,0,0,8,5,0.0,508.0,15093.226299999997,748.9418,15624.7403,185,7,0,33,0.5169117999130737,0.6673221261453728,0.29854777741958105,29,8382.946699999993,5247.3137,9,4,46.0,0,0,0,0.0,0,0.0,260445.7067967819,0.0,0,0,0,1.5,0,0.0,0,0,0.0,0,0.0,0,0,319.56679999999994,22.0,385.4605,2,200.03379999999999,140.02319999999997,NaN,1280.0,100.0,1.995882732129267,0,0,0.0,0,0.0,1280.0,0,0.0,0,0,0,0.0,0.0,0.0,0.0,0.0,0.0,0.0,0.0,0,0,0,0,44,0.0,0,7,0.0,0,0.0,4856.3392,1152.1581999999999,7498.745850529032,0.0,7498.745850529032,0.0,200.03379999999999,3577.6881,16759.142599999996,0.7043397641391103,94,41017.43640000001,33,219428.2703967818,1,0.0,4,30119.1439,2,-6570.623200000001,-17948.9156,960.4860072859656,752.8600399826042,0,17,122,122,"N10 step 10, market entry",debt,2,7.275957614183426e-12
99,127,1,4,34907.81300000001,193.0341,28238.61909999998,0.0,160509.90820000003,,0.0,20482.4296,140027.47860000003,0.0,11747.330100000003,526.8615288750004,0.00375,89.8164,7224.457395326986,0.0,1.0,2576.095212199772,3581.6967218846576,0.0,0.0,1.0,0.0,0.0,1.0,0.0,2,0,0.9635416666666666,0.6683741215078216,0.0,1.0,0.0,0.0,1.0,11,1,0,0.2777111133600312,23,195.53970304416683,1.6879986904244273,197.22770173459125,9.818820027122419,0.4382211137569598,10.257041140879378,3852.597000000001,3873.708700000003,3852.597000000001,0.0,37,20,11392.161899999961,27627.4221,314.5911,1.0,1.0,0.0,0.0,0.0,0.0,0.5,0.25,706.2126000000003,12045.340664973566,4699.9995,345,5295.363,2501.745200000001,6001.2398,1220.9257999999988,0.0,0.0,0.0,0.0,0.0,30,200.1689,0.0,0.0,0.0,0.0,1897.0307999999982,1338.7100000000016,0.015,20.774057034220533,22.96457063492064,6.690176000000003,7.030226890756311,13.942940142491782,13.115156791003717,252.0,263.0,126.0,497.33333333333337,321.99999999999994,50.0,45,0,0,4,8,5.0,508.0,14736.085099999993,2627.231,16965.889000000003,185,7,0,33,0.49483997341024555,0.6683741215078216,0.269094095805136,34,5085.611600000007,5463.577,20,12,25.0,0,0,0,0.0,0,0.0,260481.33679678178,0.0,0,0,0,1.5,0,0.0,0,0,0.0,0,0.0,0,0,167.25440000000006,18.0,288.62260000000003,2,299.3882,209.57160000000005,NaN,1280.0,100.0,2.3138307901649813,0,0,0.0,0,0.0,1280.0,0,0.0,0,0,0,0.0,0.0,0.0,0.0,0.0,0.0,0.0,0.0,0,0,0,0,45,0.0,0,7,0.0,0,0.0,4856.3392,997.5119,5800.443234711109,0.0,5800.443234711109,0.0,299.3882,4178.604,19881.7426,0.7054306186845676,94,40740.9354,33,219740.40139678182,1,0.0,4,29366.835300000006,2,-6730.6741999999995,-20392.6132,1018.1151677231236,752.8600399826042,0,17,126,126,"N10 step 10, market entry",debt,2,7.275957614183426e-12
100,127,1,4,33126.78710000001,193.0341,26299.704,0.0,162816.80409999992,,0.0,19075.3591,143741.44499999992,0.0,14594.5152,525.0925904999998,0.00375,129.1136,7238.4176440518495,0.0,1.0,2396.8698651931013,3606.0825543678993,0.0,0.0,1.0,0.0,0.0,1.0,0.0,0,0,0.9583333333333334,0.6667117551895108,0.0,0.0,0.0,0.0,1.0,11,1,0,0.2953904868612244,23,197.75617815142965,1.9017788135163805,199.65795696494604,9.812223396025097,0.44975382146447,10.261977217489568,3936.4709000000025,3365.5747999999926,4423.493100000005,0.0,37,20,11392.161899999961,27627.4221,302.02959999999996,1.0,1.0,0.0,0.0,0.0,0.0,0.5,0.25,736.5384000000006,12251.257864973577,4699.9995,348,910.1237000000001,2691.1496,4659.7351,756.7855000000004,0.0,0.0,0.0,0.0,0.0,23,198.5223,0.0,0.0,0.0,0.0,1724.767699999999,2089.1632,0.015,20.472144351464433,23.027844961240323,6.566380434782609,6.754057851239667,13.827303904438823,12.721702087273604,258.0,239.0,129.0,502.6666666666667,336.0,50.0,41,5,5,5,2,3.0,503.0,13125.999799999996,1256.6688,18156.6099,184,8,0,33,0.5464652996698378,0.6667117551895108,0.28826112685053773,54,5618.046699999998,4892.8425,7,5,46.0,0,0,5,0.0,0,0.0,263453.6454567991,0.0,0,0,0,1.5,0,0.0,0,0,0.0,0,0.0,0,0,302.0535,26.0,259.8727,2,430.3782,301.26440000000014,NaN,1280.0,100.0,2.400733194180897,0,0,0.0,0,0.0,1280.0,0,0.0,0,0,0,0.0,0.0,0.0,0.0,0.0,0.0,0.0,0.0,0,0,0,0,41,0.0,0,7,0.0,0,0.0,4856.3392,860.4585000000001,7687.6234729813705,0.0,7687.6234729813705,0.0,430.3782,4266.197000000001,19673.1514,0.7048996045671143,94,41136.072100000005,33,222317.57335679914,1,0.0,4,28043.015600000002,2,-6890.210000000001,-18946.2455,1018.1151677231236,752.8600399826042,0,17,129,129,"N10 step 10, market entry",debt,2,7.275957614183426e-12
101,127,1,4,32444.211599999995,193.0341,25432.977900000013,0.0,165278.52620000002,,0.0,18477.8796,146800.6466,0.0,14183.078999999996,539.020653874999,0.00375,30.8712,7278.810786540676,0.0,1.0,2583.1079549392107,3706.5875410271183,0.0,0.0,1.0,0.0,0.0,1.0,0.0,0,0,0.953125,0.6655515071611602,0.0,0.0,0.0,0.0,1.0,11,1,0,0.297216441207076,23,201.4695696473914,2.091707904100578,203.56127755149197,10.809504784087874,0.5233443348822601,11.332849118970135,3652.0572999999995,3441.009300000008,4634.541100000008,0.0,37,20,11392.161899999961,27627.4221,324.08910000000003,1.0,1.0,0.0,0.0,0.0,0.0,0.5,0.25,740.6028000000002,12444.871764973588,4699.9995,350,2002.532,2685.1075000000014,4713.0176,657.5502999999993,0.0,0.0,0.0,0.0,0.0,14,196.8753,0.0,0.0,0.0,0.0,1920.7737999999988,1908.8910000000003,0.015,20.244334677419356,22.987826890756317,6.3823590909090875,6.776920909090918,13.784824075624908,12.340051024655397,238.0,248.0,119.0,496.33333333333337,308.0,50.0,46,4,4,4,6,3.0,504.0,17258.490200000004,586.7661,14083.4211,183,9,0,33,0.5029584304719246,0.6655515071611602,0.3407727575968884,27,6343.554100000004,5020.595,12,6,44.0,0,0,4,0.0,0,0.0,265465.7871168167,0.0,0,0,0,1.5,0,0.0,0,0,0.0,0,0.0,0,0,280.82379999999984,18.0,287.7877,2,102.9036,72.03240000000002,NaN,1280.0,100.0,1.9846684553396692,0,0,0.0,0,0.0,1280.0,0,0.0,0,0,0,0.0,0.0,0.0,0.0,0.0,0.0,0.0,0.0,0,0,0,0,46,0.0,0,7,0.0,0,0.0,4856.3392,704.4179,7219.666757616917,0.0,7219.666757616917,0.0,102.9036,5417.840100000001,14957.9749,0.7054094943791827,94,41624.66830000001,33,223841.11881681666,1,0.0,4,32504.576100000006,2,-7076.007600000001,-18447.0084,1018.1151677231236,752.8600399826042,0,17,119,119,"N10 step 10, market entry",debt,2,7.275957614183426e-12
102,127,1,4,37467.457500000026,193.0341,29131.515200000005,0.0,173649.4616000001,,0.0,26272.5704,147376.8912000001,0.0,12166.395399999998,550.4924573749989,0.00375,50.4892,7297.925356442067,0.0,1.0,2386.9725962088723,3755.8339126280453,0.0,0.0,1.0,0.0,0.0,1.0,0.0,0,0,0.9791666666666666,0.6531131481303702,0.0,0.0,1.0,0.0,1.0,12,1,0,0.28704,24,184.7540605415524,2.085886130413442,186.83994667196586,10.243056763039192,0.4828672850375458,10.725924048076738,3654.23700000001,3197.369300000003,492.2147999999999,0.0,38,20,13177.951399999976,33616.6249,203.9374,1.0,1.0,0.0,0.0,0.0,0.0,0.5,0.25,736.1491999999996,12574.192499932331,4699.9995,354,10104.7265,5081.480600000002,15169.2012,667.7500999999991,0.0,0.0,0.0,0.0,0.0,21,6114.1793,0.0,0.0,0.0,0.0,1732.0091,3267.527900000003,0.015,20.185547200000002,22.50723600000003,6.514392647058826,6.68299130434782,13.554636543469483,11.969849493915735,250.0,250.0,125.0,498.66666666666674,332.99999999999994,50.0,42,4,4,5,9,3.0,504.0,15578.114899999991,0.0,15304.407899999998,188,0,4,34,0.5227947628656511,0.6531131481303702,0.2850106754548507,43,4863.272100000003,5046.3868,14,5,68.0,0,0,4,0.0,0,0.0,247652.65750000003,0.0,0,0,0,1.5,0,0.0,0,0,0.0,0,0.0,0,0,442.9787000000002,31.0,420.2662,2,168.29610000000002,117.8072,NaN,1280.0,100.00000001116071,1.7471990066964285,0,0,0.0,0,0.0,1280.0000001428573,0,0.0,0,0,0,0.0,0.0,0.0,0.0,0.0,0.0,0.0,0.0,0,0,0,0,42,0.0,0,7,0.0,0,0.0,2232.4922,594.2615,1478.574788574591,0.0,1478.574788574591,0.0,168.29610000000002,5591.3516,15724.674099999998,0.6557864054591218,93,40862.62149999998,34,206790.03599999996,1,0.0,4,31833.3263,2,72.12259999999674,-26222.0812,1018.1151677231236,638.8837,0,18,10,125,"N10 step 10, market entry",debt,2,7.275957614183426e-12
103,127,1,4,37073.69700000001,193.0341,28712.204400000006,0.0,176011.53350000002,,0.0,24022.949,151988.58450000003,0.0,16440.586000000003,552.6527601249986,0.00375,86.9144,7307.06106489681,0.0,1.0,2375.555749940257,3747.726734931207,0.0,0.0,1.0,0.0,0.0,1.0,0.0,0,0,0.9791666666666666,0.6510560344204699,4.0,0.0,0.0,0.0,1.0,12,1,0,0.29360386992743887,24,186.10295645284572,2.264484256644469,188.36744070949018,14.518302328860171,0.6433106219224477,15.161612950782619,3752.5125999999987,492.21480000000014,3752.5125999999987,0.0,38,20,13177.951399999976,33616.6249,310.13100000000003,1.0,1.0,0.0,0.0,0.0,0.0,0.5,0.25,898.813899999999,12742.333599932339,4699.9995,356,2334.1357,2727.8962,6853.057499999999,733.9352000000003,0.0,0.0,0.0,0.0,0.0,0,5928.8897,0.0,0.0,0.0,0.0,1722.4944,3267.527900000003,0.015,19.915102049180327,22.278568,6.539612068965517,6.661947199999992,13.528683698322697,11.610754009098262,250.0,244.0,125.0,497.33333333333337,332.0,50.0,42,4,4,8,6,3.0,504.0,14143.626,0.0,15767.5477,188,0,4,35,0.6049620895364933,0.6510560344204699,0.15627298353932018,59,6234.393800000002,4859.2849,10,4,58.0,0,0,4,0.0,0,0.0,249244.83250000008,0.0,0,0,0,1.5,0,0.0,0,0,0.0,0,0.0,0,0,379.29749999999996,30.0,1146.7192,2,289.7144,202.8,NaN,1280.0,100.00000001116071,1.6550800892857145,0,0,0.0,0,0.0,1280.0000001428573,0,0.0,0,0,0,0.0,0.0,0.0,0.0,0.0,0.0,0.0,0.0,0,0,0,0,42,0.0,0,7,0.0,0,0.0,2232.4922,436.28740000000005,8025.392887387616,0.0,8025.392887387616,0.0,289.7144,2290.4541,16914.2669,0.6594761884337219,92,39914.531899999994,35,209330.30059999996,1,0.0,4,34393.00750000001,2,-138.7173000000014,-23936.0346,957.0282576597361,638.8837,0,18,125,125,"N10 step 10, market entry",debt,2,7.275957614183426e-12
104,127,1,4,39314.68639999999,193.0341,30917.596700000024,0.0,178549.94699999987,,0.0,24302.9363,154247.01069999987,0.0,13691.863900000002,569.9466799999983,0.00375,71.38,7381.666242912001,0.0,1.0,2579.238067457011,3807.0553536080006,0.0,0.0,1.0,0.0,0.0,1.0,0.0,0,0,0.984375,0.6462499373125059,4.0,1.0,1.0,0.0,1.0,12,1,0,0.2927731305852288,24,190.92348756596166,2.548109347719677,193.47159691368134,13.186223011791464,0.7201676146596417,13.906390626451104,3576.441999999999,3263.1337000000044,4065.820900000001,0.0,38,20,13177.951399999976,33616.6249,297.8744,1.0,1.0,0.0,0.0,0.0,0.0,0.5,0.25,1051.4317999999982,12898.781199932324,4699.9995,358,4763.275900000001,2522.2865000000033,3795.2723,715.3621999999999,0.0,0.0,0.0,0.0,0.0,1,6617.8079,0.0,0.0,0.0,0.0,1934.9257000000018,482.7068999999999,0.015,19.637948207171316,22.15770082644628,6.486570588235295,6.651943801652901,13.743002253378535,20.123175015244463,242.0,251.0,121.0,493.3333333333334,306.99999999999994,50.0,48,0,0,6,5,1.0,508.0,17205.064300000013,0.0,14994.913700000001,189,0,3,35,0.49836776265781246,0.6462499373125059,0.30123165407792185,19,8980.578700000005,4929.125,13,8,17.0,0,0,0,0.0,0,0.0,253439.0740000001,0.0,0,0,0,1.5,0,0.0,0,0,0.0,0,0.0,0,0,110.27170000000001,13.0,425.52049999999997,2,237.93380000000002,166.55360000000005,NaN,1280.0,100.00000001116071,1.2718298437499997,0,0,0.0,0,0.0,1280.0000001428573,0,0.0,0,0,0,0.0,0.0,0.0,0.0,0.0,0.0,0.0,0.0,0,0,0,0,48,0.0,0,7,0.0,0,0.0,2232.4922,289.9424,7575.820333174764,0.0,7575.820333174764,0.0,237.93380000000002,6722.133100000001,15420.4342,0.6540585422319616,92,41722.33870000001,35,211716.7353,1,0.0,4,35552.9305,2,-124.27989999999818,-24231.5563,899.6065622001519,638.8837,0,18,121,121,"N10 step 10, market entry",debt,2,7.275957614183426e-12
105,127,1,4,39663.74699999999,193.0341,31323.47909999999,0.0,180885.85659999982,,0.0,25166.8922,155718.96439999982,0.0,11755.763700000012,578.4153976249984,0.00375,50.4732,7357.845132634403,0.0,1.0,2311.8318713063186,3957.8802134229354,0.0,0.0,1.0,0.0,0.0,1.0,0.0,0,0,0.9895833333333334,0.6576149526747659,3.0,1.0,1.0,0.0,1.0,12,1,0,0.2501775147928994,24,215.9297161390154,2.452551964871281,218.38226810388667,9.084388064662745,0.5226958014470503,9.607083866109797,3786.613800000001,3109.649200000001,4742.785500000006,0.0,38,20,13177.951399999976,33616.6249,283.37739999999997,1.0,1.0,0.0,0.0,0.0,0.0,0.5,0.25,1296.4685999999979,13146.000699932336,4699.9995,361,3184.2364,2835.1758000000013,6652.6669999999995,654.9567000000003,0.0,0.0,0.0,0.0,0.0,8,7170.3815,0.0,0.0,0.0,0.0,1676.4870000000005,2029.552000000001,0.015,19.664816538461537,22.337825,6.366980357142858,6.548846875000002,13.737595159201172,19.51947976478713,256.0,260.0,128.0,500.00000000000006,334.0,50.0,42,0,0,1,8,0.0,508.0,14825.61079999999,1905.6725,15233.3234,190,0,2,35,0.4644057134313766,0.6576149526747659,0.32282556809270346,32,4736.3399,5112.8523,9,1,56.0,0,0,0,0.0,0,0.0,277738.39070901443,0.0,0,0,0,1.5,0,0.0,0,0,0.0,0,0.0,0,0,356.55090000000007,26.0,478.28560000000004,2,168.2436,117.7704,NaN,1280.0,100.00000001116071,1.539683013392857,0,0,0.0,0,0.0,1280.0000001428573,0,0.0,0,0,0,0.0,0.0,0.0,0.0,0.0,0.0,0.0,0.0,0,0,0,0,42,0.0,0,7,0.0,0,0.0,2232.4922,131.7901,6586.393156558779,0.0,6586.393156558779,0.0,168.2436,4051.9370000000004,17617.2815,0.6597933339263002,92,41759.99190000001,35,235978.3988090144,1,0.0,4,36008.626,2,106.95466220015328,-25116.418999999998,845.6301684681428,769.2451311000759,0,18,128,128,"N10 step 10, market entry",debt,2,7.275957614183426e-12
106,127,1,4,41757.29339999998,193.0341,32440.236299999997,0.0,184688.76659999992,,0.0,30147.4459,154541.32069999992,0.0,11696.260299999994,583.934529374999,0.00375,86.5536,7335.276975901723,0.0,1.0,2266.235235044351,3945.382583934482,0.0,0.0,1.0,0.0,0.0,1.0,0.0,0,0,0.9895833333333334,0.6583898491897302,2.0,0.0,0.0,0.0,1.0,13,1,0,0.2500990883868411,25,217.9560657214899,2.4750376614634466,220.43110338295332,11.963231365005402,0.6511150341659586,12.61434639917136,3729.5558999999957,3306.1744999999996,452.8689,0.0,39,20,14991.180199999952,35133.26700000001,164.7236,1.0,1.0,0.0,0.0,0.0,0.0,0.5,0.25,1455.3621999999973,13305.430099932319,5774.446199999999,364,7499.0194,5405.473000000004,10665.3866,725.8278000000003,0.0,0.0,0.0,0.0,0.0,2,8102.7366,0.0,0.0,0.0,0.0,1630.019700000001,1420.9588000000008,0.015,19.76278582375479,22.137932824427466,6.475968518518518,6.68424045801527,14.007239043026113,18.933895371843516,262.0,261.0,131.0,506.6666666666667,342.0,50.0,41,4,4,4,13,6.0,504.0,16327.763200000005,0.0,16774.2432,190,0,2,35,0.5274994039542118,0.6583898491897302,0.2503742428535116,40,7047.620100000002,5158.0871,15,2,54.0,0,0,4,0.0,0,0.0,279284.58270901453,0.0,0,0,0,1.5,0,0.0,0,0,0.0,0,0.0,0,0,349.7023,28.0,465.9968,2,288.5114,201.958,NaN,1280.0,100.00000001116071,1.9164759933035715,0,0,0.0,0,0.0,1280.0000001428573,0,0.0,0,0,0,0.0,0.0,0.0,0.0,0.0,0.0,0.0,0.0,0,0,0,0,41,0.0,0,7,0.0,0,0.0,2224.233,38.1755,1296.5544543989336,0.0,1296.5544543989336,0.0,288.5114,6323.476500000001,17240.24,0.660446833350987,92,41781.93239999997,35,237502.65030901445,1,0.0,4,34897.6326,2,62.52056220015265,-30060.8923,794.8923583600541,769.2451311000759,0,19,10,131,"N10 step 10, market entry",debt,2,7.275957614183426e-12
107,127,1,4,41312.14350000002,193.0341,32179.03620000001,0.0,186938.00329999995,,0.0,27735.4724,159202.53089999995,0.0,17574.3098,579.5183681250005,0.00375,72.3796,7316.855534564207,0.0,1.0,2262.9591224461933,3941.1258230428048,0.0,0.0,1.0,0.0,0.0,1.0,0.0,0,0,0.9895833333333334,0.6575881710595548,2.0,0.0,0.0,0.0,1.0,13,1,0,0.2628187008875572,25,217.77796875058993,2.535773182718782,220.3137419333087,9.941349139654143,0.8801974580549743,10.821546597709117,3828.553999999996,452.8688999999997,3828.553999999996,0.0,39,20,14991.180199999952,35133.26700000001,304.77740000000006,1.0,1.0,0.0,0.0,0.0,0.0,0.5,0.25,1639.3119999999958,13489.379899932313,5774.446199999999,366,2355.0627,2800.212599999998,3173.4665000000005,729.8159999999995,0.0,0.0,0.0,0.0,0.0,0,7378.3377,0.0,0.0,0.0,0.0,1623.5755000000006,1420.9588000000008,0.015,19.921886842105256,22.61094251968501,6.3683760000000005,6.658848818897638,14.337388533449783,18.365878510688212,254.0,266.0,127.0,498.6666666666667,336.0,50.0,41,0,0,6,13,11.0,508.0,17515.6218,0.0,15942.689000000002,190,0,2,35,0.4484601978174032,0.6575881710595548,0.19755586620679,13,6429.857100000001,5299.221899999998,17,4,50.0,0,0,0,0.0,0,0.0,280678.81270901446,0.0,0,0,0,1.5,0,0.0,0,0,0.0,0,0.0,0,0,318.41880000000003,30.0,403.11539999999997,2,241.2644,168.8848,NaN,1280.0,100.00000001116071,1.5908119754464283,0,0,0.0,0,0.0,1280.0000001428573,0,0.0,0,0,0,0.0,0.0,0.0,0.0,0.0,0.0,0.0,0.0,0,0,0,0,41,0.0,0,7,0.0,0,0.0,2224.233,46.327299999999994,8740.989803769118,0.0,8740.989803769118,0.0,241.2644,5515.040800000001,16345.804400000003,0.6650612865592185,92,42492.957499999975,35,238185.85520901444,1,0.0,4,39225.212,2,-477.92853779984557,-27663.0928,747.1988168584509,769.2451311000759,0,19,127,127,"N10 step 10, market entry",debt,2,7.275957614183426e-12
108,127,1,4,41443.735700000005,193.0341,33774.199133716895,0.0,188585.67500000002,,0.0,25485.3503,163100.32470000003,0.0,15480.694199999994,596.9985613750009,0.00375,106.0196,7228.958508140586,0.0,1.0,2152.0258489751527,3825.4390637603906,0.0,0.0,1.0,0.0,0.0,1.0,0.0,0,0,0.9947916666666666,0.6529086828316317,2.0,21.0,2.0,0.0,1.0,13,1,0,0.2632372164552096,25,213.35301884054658,2.683596980965772,216.03661582151233,10.911130527701411,0.7590175397695218,11.670148067470933,3951.8828,3828.5539999999896,3951.8828,0.0,39,20,14991.180199999952,35133.26700000001,298.6488,1.0,1.0,0.0,0.0,0.0,0.0,0.5,0.25,1608.4850999999967,13693.15439993232,5774.446199999999,366,2886.0677000000014,2754.4755000000005,45.121100000000006,1273.6815000000004,0.0,234.60140000000004,0.0,0.0,0.0,5,6569.5578000000005,0.0,0.0,0.0,0.0,1507.4949000000004,0.0,0.015,20.248429019607848,22.740744274809174,6.537497142857142,6.720714615384619,14.690267918478634,17.814902155367562,262.0,255.0,131.0,500.00000000000006,346.00000000000006,50.0,38,0,0,6,11,7.0,508.0,15296.7033,1319.1025,17701.2879,191,1,0,35,0.45910167057826623,0.6529086828316317,0.2773202525863667,19,8226.098599999998,5163.349400000001,15,4,70.0,0,0,0,0.0,0,0.0,279755.3649031056,0.0,0,0,0,1.5,0,0.0,0,0,0.0,0,0.0,0,0,457.62479999999994,32.0,451.0646,2,353.3993,247.37959999999998,NaN,1280.0,100.00000001116071,1.6600620982142857,0,0,0.0,0,0.0,1280.0000001428573,0,0.0,0,0,0,0.0,0.0,0.0,0.0,0.0,0.0,0.0,0.0,0,0,0,0,38,0.0,0,7,0.0,0,0.0,2224.233,790.0962168584508,7857.743478683715,0.0,7857.743478683715,0.0,353.3993,4060.1020999999996,19471.454999999998,0.664899150603611,92,44080.4654,35,235674.8995031057,1,0.0,4,37793.0175,2,-1361.627966283098,-25379.3307,792.030745869958,747.1988168584509,0,19,131,131,"N10 step 10, market entry",debt,2,7.275957614183426e-12
109,127,1,4,39504.8813,193.0341,31987.118400000007,0.0,190868.90529999993,,0.0,24097.0783,166771.82699999993,0.0,14053.0483,611.6154842499997,0.00375,47.4652,7196.930623429675,0.0,1.0,2341.539580766345,3971.24285728645,0.0,0.0,1.0,0.0,0.0,1.0,0.0,0,0,0.9947916666666666,0.6556468584731607,0.0,0.0,0.0,0.0,1.0,13,1,0,0.25041790998140884,25,211.1666603487007,2.4813336206801075,213.64799396938082,9.623088812497143,0.6554333741642138,10.278522186661355,3914.725199999997,3451.8439999999987,4414.7639999999965,0.0,39,20,14991.180199999952,35133.26700000001,276.9723,1.0,1.0,0.0,0.0,0.0,0.0,0.5,0.25,1834.9785999999979,13932.723899932327,5774.446199999999,368,962.2079,2901.062300000001,2243.9764,738.8090999999998,0.0,0.0,0.0,0.0,0.0,11,5855.5376,0.0,0.0,0.0,0.0,1686.444500000001,781.7297000000003,0.015,20.4810490118577,23.115518604651133,6.768321212121214,6.799270312500001,14.891743042003927,17.280455090706536,258.0,253.0,129.0,500.00000000000006,333.00000000000006,50.0,42,0,0,8,8,6.0,508.0,14716.057199999994,2635.7164,15909.7608,191,1,0,36,0.47036942994625375,0.6556468584731607,0.31054549845396995,29,5859.58350000001,5181.705399999998,10,2,33.0,0,0,0,0.0,0,0.0,280750.54631996393,0.0,0,0,0,1.5,0,0.0,0,0,0.0,0,0.0,0,0,223.35460000000006,23.0,340.3441,2,158.21770000000004,110.75239999999998,NaN,1280.0,100.00000001116071,1.6247070889350947,0,0,0.0,0,0.0,1280.0000001428573,0,0.0,0,0,0,0.0,0.0,0.0,0.0,0.0,0.0,0.0,0.0,0,0,0,0,42,0.0,0,7,0.0,0,0.0,2224.233,756.8401,6323.618226980105,0.0,6323.618226980105,0.0,158.21770000000004,5088.3326,18885.821300000003,0.6719066726925609,91,40610.38930000001,36,240140.15701996404,1,0.0,4,40018.6482,2,-1923.8745000000022,-24049.613100000002,792.030745869958,747.1988168584509,0,19,129,129,"N10 step 10, market entry",debt,2,7.275957614183426e-12
110,127,1,4,41429.011099999996,193.0341,34050.634900000005,0.0,193250.99419999972,,0.0,26586.7398,166664.2543999997,0.0,13280.408500000003,625.3835406249993,0.00375,92.4232,7147.076890842949,0.0,1.0,2355.876458895209,3930.574702228633,0.0,0.0,1.0,0.0,0.0,1.0,0.0,0,0,0.9895833333333334,0.6541819551342107,0.0,1.0,0.0,0.0,1.0,13,1,0,0.25123934166170936,25,209.64407014504482,2.681509472062705,212.32557961710754,11.152706801450412,0.6863307181572963,11.83903751960771,3849.0282999999995,3419.6871999999935,4844.105100000003,0.0,39,20,14991.180199999952,35133.26700000001,275.1492,1.0,1.0,0.0,0.0,0.0,0.0,0.5,0.25,2049.0850999999975,14159.252599932319,5774.446199999999,371,4742.8901000000005,2818.760299999999,8586.6517,764.6256999999991,0.0,0.0,0.0,0.0,0.0,13,5042.5232,0.0,0.0,0.0,0.0,1693.2543999999998,2066.9550000000013,0.015,20.815027642276444,22.979885826771664,6.781447619047617,6.788263199999998,15.31262984110354,16.76204143798534,254.0,246.0,127.0,497.3333333333334,332.0,50.0,42,1,1,15,10,5.0,507.0,16891.516000000003,1860.6505,17253.4735,190,2,0,35,0.4960733150643599,0.6541819551342107,0.3903654829517218,25,5450.504800000001,5120.496800000005,16,6,42.0,0,0,1,0.0,0,0.0,283337.53430310567,0.0,0,0,0,1.5,0,0.0,0,0,0.0,0,0.0,0,0,284.8207999999999,26.0,288.4247,2,308.07849999999996,215.65559999999994,NaN,1280.0,100.00000001116071,1.7951429390309042,0,0,0.0,0,0.0,1280.0000001428573,0,0.0,0,0,0,0.0,0.0,0.0,0.0,0.0,0.0,0.0,0.0,0,0,0,0,42,0.0,0,7,0.0,0,0.0,2224.233,718.9888000000001,7276.756845342301,0.0,7276.756845342301,0.0,308.07849999999996,5656.036700000001,19402.5487,0.6728509299214538,92,44744.31940000003,35,238593.2149031057,1,0.0,4,38915.3136,2,-2597.5021999999994,-26494.3166,839.5525906221554,747.1988168584509,0,19,127,127,"N10 step 10, market entry",debt,2,7.275957614183426e-12
111,127,1,4,38996.33010000003,193.0341,30932.459800000008,0.0,193691.8656999995,,0.0,26259.3694,167432.4962999995,0.0,12515.571999999995,624.9798986249989,0.00375,68.9368,7081.883217922616,0.0,1.0,2315.3205205184413,3779.277470281743,0.0,0.0,1.0,0.0,0.0,1.0,0.0,0,0,0.9895833333333334,0.6535089095177322,0.0,0.0,0.0,0.0,1.0,13,1,0,0.25018896447467875,26,208.50475824689212,2.7237874728212943,211.2285457197134,13.385436870410388,0.6480408622730627,14.03347773268345,3854.9049999999993,5206.575299999976,3492.4347999999995,0.0,40,21,14991.180199999952,35133.26700000001,317.4275,1.0,1.0,0.0,0.0,0.0,0.0,0.5,0.25,2073.4298999999974,14327.298099932308,5774.446199999999,373,4514.932800000001,6947.613799999991,4166.7016,2608.8888000000097,0.0,0.0,0.0,0.0,0.0,0,4890.6733,0.0,0.0,0.0,0.0,1641.8945000000006,0.0,0.015,21.112355555555563,23.219525,6.907123529411761,6.9090893442623,15.879258049332863,16.25918019484578,248.0,252.0,124.0,487.0000000000002,329.00000000000006,50.0,40,0,0,9,8,4.0,508.0,17352.8093,0.0,16312.928,190,2,0,35,0.5324785132089818,0.6535089095177322,0.3413241832675722,26,8865.955700000004,5320.313600000002,12,4,68.0,0,0,0,0.0,0,0.0,286261.1637031057,0.0,0,0,0,1.5,0,0.0,0,0,0.0,0,0.0,0,0,469.68439999999975,29.0,370.9827,2,229.79039999999998,160.85359999999997,NaN,1280.0,100.00000001116071,1.797540539477333,0,0,0.0,0,0.0,1280.0000001428573,0,0.0,0,0,0,0.0,0.0,0.0,0.0,0.0,0.0,0.0,0.0,0,0,0,0,40,0.0,0,7,0.0,0,0.0,5541.0135,81.9057,9182.748307466523,0.0,9182.748307466523,0.0,229.79039999999998,4344.6606,16683.9107,0.6749342028106902,92,45370.396900000014,35,240890.76680310568,1,0.0,4,37271.9036,2,-3434.8462,-26190.4326,839.5525906221554,747.1988168584509,0,19,124,124,"N10 step 10, market entry",debt,2,7.275957614183426e-12
112,127,1,4,42555.51400000001,193.0341,34268.54890000003,0.0,195943.4161999995,,0.0,27444.4877,168498.9284999995,0.0,15660.947400000006,627.8608083749988,0.00375,101.686,7090.251574089465,0.0,1.0,2430.343289860495,3756.112824392976,0.0,0.0,1.0,0.0,0.0,1.0,0.0,0,0,0.9895833333333334,0.6530637331015321,0.0,1.0,0.0,0.0,1.0,13,1,0,0.2501071411564896,26,206.2844863700591,2.7853839061146832,209.0698702761738,13.526149835054252,0.648121572266833,14.174271407321086,4022.10470000001,3492.4348000000073,4022.10470000001,0.0,40,21,14991.180199999952,35133.26700000001,315.9019,1.0,1.0,0.0,0.0,0.0,0.0,0.5,0.25,1887.6949999999972,14523.055899932291,5774.446199999999,373,6438.344899999999,2879.1610000000005,3836.1733,970.7112999999999,0.0,0.0,0.0,0.0,0.0,5,4287.1648,0.0,0.0,0.0,0.0,1747.2975,0.0,0.015,21.629447410358576,24.074201587301648,7.172176666666668,6.89355,16.12175860237349,15.771404789000405,252.0,251.0,126.0,496.0000000000001,331.0,50.0,42,0,0,10,7,4.0,508.0,17177.9249,2749.329,17829.9233,190,2,0,35,0.5352342931327272,0.6530637331015321,0.23412771693496337,25,7009.734199999997,5428.991300000002,12,5,60.0,0,0,0,0.0,0,0.0,288100.21870310575,0.0,0,0,0,1.5,0,0.0,0,0,0.0,0,0.0,0,0,430.33060000000006,27.0,409.486,2,338.95369999999997,237.26760000000002,NaN,1280.0,100.00000001116071,2.040709300638047,0,0,0.0,0,0.0,1280.0000001428573,0,0.0,0,0,0,0.0,0.0,0.0,0.0,0.0,0.0,0.0,0.0,0,0,0,0,42,0.0,0,7,0.0,0,0.0,5541.0135,89.3074,6741.400216774933,0.0,6741.400216774933,0.0,338.95369999999997,6726.0878,20988.738299999997,0.6777092617713845,92,45447.63929999998,35,242652.5794031057,1,0.0,4,36299.4611,2,-4261.449500000001,-27342.8017,889.9257460594848,747.1988168584509,0,19,126,126,"N10 step 10, market entry",debt,2,7.275957614183426e-12
113,127,1,4,42004.19770000001,193.0341,33653.29929999997,0.0,197813.7272999998,,0.0,26555.5457,171258.1815999998,0.0,16942.33210000001,631.8588909999996,0.00375,166.976,7053.906713870838,0.0,1.0,2437.7285140647123,3648.098667580558,0.0,0.0,1.0,0.0,0.0,1.0,0.0,0,0,0.984375,0.6576228304254237,0.0,2.0,1.0,0.0,1.0,13,1,0,0.2500629881582262,26,213.6336892707467,2.577346330927497,216.21103560167415,10.125910740616693,0.6256461624974278,10.751556903114121,4064.1714999999967,4022.104700000007,4064.1714999999967,0.0,40,21,14991.180199999952,35133.26700000001,306.35519999999997,1.0,1.0,0.0,0.0,0.0,0.0,0.5,0.25,1861.121599999997,14755.943499932298,5774.446199999999,374,2466.5125,3017.8288,3857.4545,1401.8013000000005,0.0,0.0,0.0,0.0,0.0,14,3643.2943,0.0,0.0,0.0,0.0,1737.9527000000005,2149.9788999999987,0.015,21.75168412698414,24.446284920634913,7.332823913043475,7.068172357723578,16.172229887095487,15.298262645330393,252.0,252.0,126.0,494.66666666666674,327.0,50.0,41,0,0,12,9,5.0,508.0,14783.597699999997,2760.2508,20203.3592,189,3,0,35,0.5256407653360877,0.6576228304254237,0.40280116658355336,42,4822.023699999998,5481.4244000000035,15,6,46.0,0,0,0,0.0,0,0.0,304357.412321038,0.0,0,0,0,1.5,0,0.0,0,0,0.0,0,0.0,0,0,337.30989999999986,23.0,446.7197,2,556.5874,389.6116,NaN,1280.0,100.00000001116071,2.3818636014048993,0,0,0.0,0,0.0,1280.0000001428573,0,0.0,0,0,0,0.0,0.0,0.0,0.0,0.0,0.0,0.0,0.0,0,0,0,0,41,0.0,0,7,0.0,0,0.0,5541.0135,105.5197,6605.217495260949,0.0,6605.217495260949,0.0,556.5874,4266.474999999999,23410.329700000002,0.6824231999483894,92,45790.7134,35,258566.698921038,1,0.0,4,34129.4934,2,-4969.2533,-26388.5697,943.3212908230539,823.4026895293014,0,19,126,126,"N10 step 10, market entry",debt,2,7.275957614183426e-12
114,127,1,4,39535.442800000004,193.0341,31188.3807,0.0,200253.2425999998,,0.0,24212.8035,176040.43909999978,0.0,16948.65289999999,642.2063622500008,0.00375,45.6288,7094.357080692207,0.0,1.0,2548.7740634943434,3707.5847787948037,0.0,0.0,1.0,0.0,0.0,1.0,0.0,0,0,0.9791666666666666,0.6576126301985883,0.0,1.0,0.0,0.0,1.0,13,1,0,0.2500120965790874,26,213.88732020800938,2.6088047170310737,216.49612492504045,10.720184601315275,0.5344107861958146,11.254595387511088,4055.1905999999954,3552.8665999999876,4566.495499999993,0.0,40,21,14991.180199999952,35133.26700000001,312.5849999999999,1.0,1.0,0.0,0.0,0.0,0.0,0.5,0.25,1902.3177999999975,14988.318999932302,5774.446199999999,376,533.8312000000001,3002.5861000000004,2979.5847000000003,762.9085000000003,0.0,0.0,0.0,0.0,0.0,19,2944.5994,0.0,0.0,0.0,0.0,1845.043900000001,2120.724400000002,0.015,22.067728514056213,24.818749999999977,7.484393478260871,7.153681666666659,16.27002330327964,14.839314765970482,248.0,249.0,124.0,492.0000000000001,319.99999999999994,50.0,43,0,0,12,8,4.0,508.0,18951.945299999992,627.5103,16478.9466,188,4,0,34,0.4906279583827866,0.6576126301985883,0.384351831414818,20,7029.422399999992,5494.864399999997,18,10,46.0,0,0,0,0.0,0,0.0,308070.4488315086,0.0,0,0,0,1.5,0,0.0,0,0,0.0,0,0.0,0,0,344.28210000000007,20.0,486.81239999999997,2,152.09550000000002,106.46679999999999,NaN,1280.0,100.00000001116071,1.8512236113970093,0,0,0.0,0,0.0,1280.0000001428573,0,0.0,0,0,0,0.0,0.0,0.0,0.0,0.0,0.0,0.0,0.0,0,0,0,0,43,0.0,0,7,0.0,0,0.0,5541.0135,97.95270000000001,8501.440728298423,0.0,8501.440728298423,0.0,152.09550000000002,5968.1196999999975,17593.269300000004,0.6870530212226829,93,48832.57840000001,34,259237.87043150867,1,0.0,4,38426.7123,2,-5664.1119000000035,-24167.174700000003,999.9205682724372,823.4026895293014,0,19,124,124,"N10 step 10, market entry",debt,2,7.275957614183426e-12
115,127,1,4,43313.2277,193.0341,34992.26450000004,0.0,202760.20199999996,,0.0,28399.6715,174360.53049999996,0.0,14760.677399999997,660.1400924999999,0.00375,152.3432,7123.125161059992,0.0,1.0,2490.6280714114014,3679.719982373327,0.0,0.0,1.0,0.0,0.0,1.0,0.0,0,0,0.9791666666666666,0.6571338416020984,0.0,0.0,0.0,0.0,1.0,13,1,0,0.2502701569329527,26,213.12685895838172,2.615279800031239,215.74213875841295,10.651027735447503,0.6223815081419835,11.273409243589487,4123.097100000003,3547.4928999999906,5142.099699999998,0.0,40,21,14991.180199999952,35133.26700000001,316.0825,1.0,1.0,0.0,0.0,0.0,0.0,0.5,0.25,1965.7765999999965,15207.570999932295,5774.446199999999,379,6852.0599,3074.275000000003,11383.7288,871.5997999999997,0.0,0.0,0.0,0.0,0.0,2,2189.7848,0.0,0.0,0.0,0.0,1776.6731000000007,1543.1583999999996,0.015,22.271059839357417,24.623931746031747,7.642218333333336,7.089653278688531,16.397015191582827,14.394135322991366,252.0,249.0,126.0,492.00000000000006,335.0,50.0,41,4,4,7,10,4.0,504.0,19635.22849999999,657.605,20101.866400000003,188,4,0,34,0.4839945244495101,0.6571338416020984,0.3464982132961656,28,7758.489,5545.493899999997,16,6,60.0,0,0,4,0.0,0,0.0,310658.6474315087,0.0,0,0,0,1.5,0,0.0,0,0,0.0,0,0.0,0,0,458.53310000000016,31.0,576.3998,2,507.81210000000004,355.4684,NaN,1280.0,100.00000001116071,2.2882022051470097,0,0,0.0,0,0.0,1280.0000001428573,0,0.0,0,0,0,0.0,0.0,0.0,0.0,0.0,0.0,0.0,0.0,0,0,0,0,41,0.0,0,7,0.0,0,0.0,5541.0135,104.8551,9133.267845844706,0.0,9133.267845844706,0.0,507.81210000000004,6821.285800000001,21335.8712,0.6886090853465421,93,49400.19770000001,34,261258.44973150865,1,0.0,4,35052.146199999996,2,-6392.827600000002,-28247.3283,999.9205682724372,823.4026895293014,0,19,126,126,"N10 step 10, market entry",debt,2,7.275957614183426e-12
116,127,1,4,38483.76229999999,193.0341,30169.972099999995,0.0,203252.1772,,0.0,25971.0506,177281.12660000002,0.0,16612.460000000003,653.8406191250002,0.00375,112.9112,7109.3294500542,0.0,1.0,2524.0552234338343,3510.9054667027995,0.0,0.0,1.0,0.0,0.0,1.0,0.0,0,0,0.9739583333333334,0.6502121210121365,0.0,0.0,1.0,0.0,1.0,13,1,0,0.2506459948320413,25,198.81110346876306,2.613419717916589,201.42452318667966,12.574197795633129,0.6384786470160384,13.212676442649169,4197.578700000005,5523.4172,3816.2612000000036,0.0,41,22,14991.180199999952,35133.26700000001,358.7945,1.0,1.0,0.0,0.0,0.0,0.0,0.5,0.25,2010.3094999999948,15385.956399932273,5774.446199999999,382,2117.8099999999995,6947.2753999999995,4652.2666,2788.498699999995,0.0,0.0,0.0,0.0,0.0,0,1382.9593,0.0,0.0,0.0,0.0,1803.5218000000004,2160.7976000000003,0.015,22.525641085271314,25.07478400000004,7.6230246575342475,7.1598025,16.57376483708698,13.962311263301626,250.0,258.0,125.0,494.66666666666663,334.0,50.0,41,0,0,6,8,6.0,508.0,16876.860699999997,68.6151,18770.1861,187,5,0,34,0.5297866700704632,0.6502121210121365,0.28264808412107056,35,6621.473999999996,5811.615399999999,14,6,73.0,0,0,0,0.0,0,0.0,297245.7012525305,0.0,0,0,0,1.5,0,0.0,0,0,0.0,0,0.0,0,0,556.4808,32.0,1272.2298999999998,2,376.3702,263.45879999999994,NaN,1280.0,100.00000001116071,2.4696392281576176,0,0,0.0,0,0.0,1280.0000001428573,0,0.0,0,0,0,0.0,0.0,0.0,0.0,0.0,0.0,0.0,0.0,0,0,0,0,41,0.0,0,7,0.0,0,0.0,4443.3707,67.2658,9040.76913474371,0.0,9040.76913474371,0.0,376.3702,5387.8044,20111.0311,0.6896041073077468,93,50199.841100000005,34,247045.86015253034,1,0.0,4,34158.600999999995,2,-7192.480099999998,-25858.1394,999.9205682724372,747.1988168584509,0,19,125,125,"N10 step 10, market entry",debt,2,7.275957614183426e-12
117,127,1,4,38249.7019,193.0341,29967.12999999999,0.0,205635.1053000002,,0.0,23452.2878,182182.8175000002,0.0,16657.454600000012,664.7930624999998,0.00375,65.8016,7192.048742136203,0.0,1.0,2642.7090396343337,3552.390319757468,0.0,0.0,1.0,0.0,0.0,1.0,0.0,0,0,0.9739583333333334,0.6502075151082753,0.0,1.0,0.0,0.0,1.0,13,1,0,0.25,25,198.5034677178349,2.574269941961669,201.07773765979655,11.394749713717225,0.6098713131265734,12.004621026843799,4179.368599999994,3816.2612000000086,4179.368599999994,0.0,41,22,14991.180199999952,35133.26700000001,330.38439999999997,1.0,1.0,0.0,0.0,0.0,0.0,0.5,0.25,2078.8876999999943,15574.96379993229,5774.446199999999,383,2741.7598,2975.820200000002,2480.0312,1007.3311999999996,0.0,0.0,0.0,0.0,0.0,0,538.7403,0.0,0.0,0.0,0.0,1913.9382000000003,0.0,0.015,22.721838671875,24.723152755905506,7.720842105263155,7.391643442622951,16.838283558567895,13.543441925402576,254.0,256.0,127.0,500.00000000000006,330.0,50.0,43,0,0,6,10,4.0,508.0,17859.819999999992,873.2451,17842.1475,187,5,0,34,0.491527025732869,0.6502075151082753,0.3344242005576783,25,9564.390199999996,5816.7907,12,2,38.0,0,0,0,0.0,0,0.0,301355.7601525304,0.0,0,0,0,1.5,0,0.0,0,0,0.0,0,0.0,0,0,293.3919999999999,24.0,1069.9474,2,219.33900000000003,153.5372,NaN,1280.0,100.00000001116071,2.1852016500326177,0,0,0.0,0,0.0,1280.0000001428573,0,0.0,0,0,0,0.0,0.0,0.0,0.0,0.0,0.0,0.0,0.0,0,0,0,0,43,0.0,0,7,0.0,0,0.0,4443.3707,61.69199999999999,8292.607723700403,0.0,8292.607723700403,0.0,219.33900000000003,5959.9665,19785.34,0.6933682617181707,93,50669.9726,34,250685.78755253035,1,0.0,4,35748.1112,2,-8005.4808,-23386.4862,1059.9158023687835,747.1988168584509,0,19,127,127,"N10 step 10, market entry",debt,2,7.275957614183426e-12
118,127,1,4,37450.78070000001,193.0341,28840.9628,0.0,207597.63120000035,,0.0,21992.1117,185605.51950000034,0.0,15118.962299999996,683.175406625,0.00375,52.0292,7258.767627442607,0.0,1.0,2533.1107762699653,3548.8410099617377,0.0,0.0,1.0,0.0,0.0,1.0,0.0,0,0,0.9739583333333334,0.6512773371411038,0.0,1.0,0.0,0.0,1.0,13,1,0,0.25117336817148106,25,198.24524421216304,2.6271482393468015,200.87239245150982,7.794701500949658,0.6005709801983579,8.395272481148016,4321.354999999998,4179.368600000007,4321.354999999998,0.0,41,22,14991.180199999952,35133.26700000001,313.44589999999994,1.0,1.0,0.0,0.0,0.0,0.0,0.5,0.25,1789.0015999999946,15786.169099932285,5774.446199999999,384,2225.7177,3024.6389000000013,2593.188,1357.2602000000006,0.0,0.0,0.0,0.0,0.0,2,40.9558,0.0,0.0,0.0,0.0,1797.9928000000007,1394.046599999999,0.015,22.88698514056226,25.386821705426343,7.693158,7.219251612903236,17.049988195184685,13.137138667640498,258.0,249.0,129.0,500.00000000000006,338.0,50.0,40,0,0,9,5,3.0,508.0,15899.514999999998,2890.8012,17534.129,187,5,0,34,0.44636240781087944,0.6512773371411038,0.2996463836815131,30,6063.317999999997,5698.859300000003,11,6,50.0,0,0,0,0.0,0,0.0,301969.90245253,0.0,0,0,0,1.5,0,0.0,0,0,0.0,0,0.0,0,0,384.65790000000004,28.0,1033.3505,2,173.4312,121.40200000000002,NaN,1280.0,100.00000001116071,2.3350131678897603,0,0,0.0,0,0.0,1280.0000001428573,0,0.0,0,0,0,0.0,0.0,0.0,0.0,0.0,0.0,0.0,0.0,0,0,0,0,40,0.0,0,7,0.0,0,0.0,4443.3707,56.119,6978.2742545700075,0.0,6978.2742545700075,0.0,173.4312,4661.1192999999985,21458.280700000003,0.6990039407489221,93,50458.87439999999,34,251511.02805253028,1,0.0,4,36592.9865,2,-8830.511299999998,-21940.0825,1123.5107505109106,747.1988168584509,0,19,129,129,"N10 step 10, market entry",debt,2,7.275957614183426e-12
119,127,1,4,43624.29899999999,193.0341,34315.742799999985,0.0,209699.9685000002,,0.0,27714.0716,181985.8969000002,0.0,13954.6872,696.0093612500001,0.00375,201.3717,7353.553495683256,0.0,1.0,2642.102595408796,3498.4779221221706,0.0,0.0,1.0,0.0,0.0,1.0,0.0,0,0,0.9739583333333334,0.6504095548028028,0.0,0.0,0.0,0.0,1.0,13,1,0,0.2500766116675537,25,198.6831950757579,2.6481548529437204,201.33134992870166,12.19633888905559,0.56342804225076,12.75976693130635,4259.637200000002,4321.354999999995,4259.637200000002,0.0,41,22,14991.180199999952,35133.26700000001,324.26309999999995,1.0,1.0,0.0,0.0,0.0,0.0,0.5,0.25,1127.6231999999945,15995.067599932285,5774.446199999999,384,9267.832,3094.3137,8400.8241,1495.0900000000029,0.0,0.0,0.0,0.0,0.0,2,40.6289,0.0,0.0,0.0,0.0,1901.6423000000004,0.0,0.015,22.946784337349396,25.73369120000001,7.845949090909093,7.400666666666664,16.873666313959593,12.743024507611283,250.0,249.0,125.0,496.0000000000001,329.0,50.0,42,1,1,10,6,4.0,507.0,18684.317399999996,1708.1502,21954.7232,187,5,0,34,0.5618541763682268,0.6504095548028028,0.2919593634733977,48,8769.278999999993,5713.7492999999995,8,2,55.0,0,0,1,0.0,0,0.0,305586.3448525301,0.0,0,0,0,1.5,0,0.0,0,0,0.0,0,0.0,0,0,431.5272000000001,27.0,1035.1076,2,671.2478,469.8664,NaN,1280.0,100.00000001116071,2.721687900032618,0,0,0.0,0,0.0,1280.0000001428573,0,0.0,0,0,0,0.0,0.0,0.0,0.0,0.0,0.0,0.0,0.0,0,0,0,0,42,0.0,0,7,0.0,0,0.0,4443.3707,50.9629,7739.076767645173,0.0,7739.076767645173,0.0,671.2478,6986.438099999999,24697.981,0.7007922905609694,93,51076.3178,34,254510.0270525303,1,0.0,4,32158.337199999998,2,-9529.5765,-27512.6999,1123.5107505109106,747.1988168584509,0,19,125,125,"N10 step 10, market entry",debt,2,7.275957614183426e-12
120,127,1,4,42083.9323,193.0341,32157.35169999997,0.0,211743.2311000001,,0.0,25070.2405,186672.99060000008,0.0,20167.787899999996,682.436179625,0.00375,73.1474,7481.6714591371,0.0,1.0,2664.497702790523,3623.2689894247324,0.0,0.0,1.0,0.0,0.0,1.0,0.0,0,0,0.96875,0.649992438197861,0.0,0.0,0.0,0.0,1.0,13,1,0,0.2504610340823714,25,198.144703503539,2.741108390274289,200.8858118938133,10.108908459567063,0.8544885896147442,10.963397049181808,4201.7758,4259.637200000004,4201.7758,0.0,41,22,14991.180199999952,35133.26700000001,330.5722,1.0,1.0,0.0,0.0,0.0,0.0,0.5,0.25,546.958699999995,16228.426199932277,5774.446199999999,385,1763.0060000000005,3303.3727000000003,2630.7208,1314.029600000002,0.0,274.4002,0.0,0.0,0.0,9,40.302,0.0,0.0,0.0,0.0,1922.1026000000006,2213.3285000000005,0.015,23.240392561983466,25.483425000000008,7.861221428571426,7.42699830508474,15.808050702811254,12.360733772382943,248.0,242.0,124.0,493.66666666666674,328.0,50.0,42,1,1,11,3,2.0,507.0,19911.628200000003,2939.4525,18044.1089,186,6,0,34,0.461643397941079,0.649992438197861,0.33325123388004974,12,5135.385700000001,5624.174999999998,6,3,70.0,0,0,1,0.0,0,0.0,306205.2813356717,0.0,0,0,0,1.5,0,0.0,0,0,0.0,0,0.0,0,0,550.2854999999998,28.0,1075.2933,2,243.8335,170.6757,NaN,1280.0,100.00000001116071,2.4759786496819984,0,0,0.0,0,0.0,1280.0000001428573,0,0.0,0,0,0,0.0,0.0,0.0,0.0,0.0,0.0,0.0,0.0,0,0,0,0,42,0.0,0,7,0.0,0,0.0,4443.3707,49.838899999999995,6433.03445397927,0.0,6433.03445397927,0.0,243.8335,5495.5502,22058.8547,0.7036199299866301,93,50981.9968,34,255223.28453567185,1,0.0,4,36462.3098,2,-10147.927799999996,-24997.0931,1123.5107505109106,747.1988168584509,0,19,124,124,"N10 step 10, market entry",debt,2,7.275957614183426e-12
