round,persons_alive,farms_open,bakeries_open,money_in_circulation,money_in_dead_balances,outstanding_debt,peer_lent,government_debt,termination,government_peer_debt,government_bank_debt,bonds_outstanding,government_arrears,bonds_issued,coupons,bond_rate,government_cash,government_reserve_target,surplus_redistributed,tax_scale,government_outlay,tax_shortfall,tax_policy_step,consumption_tax,consumption_tax_scale,wealth_tax,wealth_tax_base,wealth_tax_scale,clearing_residue,negative_wealth_persons,zero_cash_persons,land_households_share,gini_wealth_attributed,land_supply,land_demand,land_sold,land_levy,land_levy_scale,new_firms,entries,coops_open,hhi_bread,owners,wealth_gap_meals,wealth_bottom10_meals,wealth_top10_meals,cash_gap_meals,cash_bottom10_meals,cash_top10_meals,invoices_issued,invoices_paid,invoices_open,invoices_overdue,liquidations,refoundings,bad_debt,bank_bailouts,profit_tax,profit_tax_scale,parking_tax_scale,income_tax_accrued,income_tax_charged,wealth_tax_arrears,consumption_tax_rate_now,bracket_top_rate,bracket_bottom_rate,bank_retained_interest,cumulative_interest_paid,cumulative_write_offs,cumulative_credit_refusals,money_created,money_destroyed,credit_demand,tax,enterprise_tax,deposit_interest,buffer_pool,insurance_premiums,insurance_payouts,missed_payments,cash_banks,gi_created,demurrage_destroyed,demurrage_tax,account_fees,fees,trade_arrears,interest_rate,price_bread,price_grain,price_ticket,price_rent,price_wage,wage_bid_producers,bread_baked,bread_sold,grain_harvested,labour_offered,labour_sold,government_labour,unemployed,hungry,without_bread,half_meals,gluttons,bread_stocked,total_capacity,cash_persons,cash_farms,cash_bakeries,land_persons,land_farms,land_banks,landholders,gini_cash_persons,gini_net_wealth_persons,gini_income_persons,persons_below_meal,persons_income,bread_bill,gluttony_attempted,gluttony_refused,tickets_sold,n_greedy,hungry_greedy,hungry_others,cash_greedy,land_greedy,wealth_greedy,wealth_persons,bread_greedy,greedy_loaves,greedy_tickets,ration,tier_multiplier,tier_sold,tier_revenue,n_consumers,n_hoarders,wealth_hoarders,land_hoarders,shares_hoarders,greedy_land,greedy_shares,ticket_revenue,theatre_labour,cash_theatres,theatres_open,dividends,dividend_income_persons,share_price_mean,share_units_per_firm,founders_stake_pct,book_per_unit_mean,share_trades,share_trades_deferred,share_contracts_outstanding,share_seizures,share_volume,founders_stake_mean,outside_holders,forward_value_mean,coop_worker_open,coop_consumer_open,coop_member_open,coop_retained_reserve,coop_buffer_pledged,buffer_pledged_persons,patronage_wages,rebates,membership_capital,reserved_labour,coop_worker_hours,coop_members_worker,coop_members_consumer,worker_members,unemployed_members,unemployed_nonmembers,rebate_income_persons,coop_open,forprofit_open,cash_coops,coop_members,coop_capital,founder_capital,founder_debt,reserve_shortfall_owned,reserve_shortfall_coops,reserve_shortfall_forprofit,dividends_coops,dividends_forprofit,founders_cash,cash_forprofit,gini_net_wealth_all,n_workers,wealth_workers,n_landowners,wealth_landowners,n_farms,wealth_farms,n_bakeries,wealth_bakeries,n_banks,wealth_banks,wealth_government,land_price,land_price_traded,deaths,closures,production_target_farms,production_target_bakeries,rung,system,seed,identity
1,128,4,4,6674.457999999997,0.0,140.25,140.25,140.25,,140.25,0.0,0.0,0.0,0.0,0.0,0.0025,35.3082,0.0,0.0,1.0,140.25,0.0,0.0,0.0,1.0,0.0,0.0,1.0,0.0,0,0,1.0,0.2754379421210058,0.0,168.0,0.0,0.0,1.0,0,0,0,1.0,48,7.510656153846154,1.5276307692307691,9.038286923076923,3.6585861538461537,1.0004123076923075,4.658998461538461,225.99999999999986,0.0,225.99999999999986,0.0,0,0,0.0,0.0,0.0,1.0,1.0,0.0,0.0,0.0,0.0,0.5,0.25,0.0,0.0,0.0,48,640.0,71.86199999999988,140.25,35.72349999999994,0.0,0.0,0.0,0.0,0.0,0,54.4752,640.0,71.86199999999988,35.72349999999994,82.0,0.0,0.0,0.0,5.0,5.199999999999997,2.0,0.75,3.597459459459462,3.9200000000000013,80.0,18.0,40.0,512.0,185.0,51.0,81,0,0,0,16,2.0,512.0,3654.499800000001,729.7116,1230.0131999999999,192,0,0,32,0.22924162947347826,0.2754379421210058,0.6557437538639601,4,1325.6223999999997,90.0,16,0,118.0,0,0,0,0.0,0,0.0,5814.499799999997,0.0,0,0,0,1.5,0,0.0,0,0,0.0,0,0.0,0,0,236.0,52.0,970.45,4,83.831,83.83119999999997,NaN,1280.0,100.0,0.19076658854166664,0,0,0.0,0,0.0,1280.0,0,0.0,0,0,0,0.0,0.0,0.0,0.0,0.0,0.0,0.0,0.0,0,0,0,0,81,0.0,0,12,0.0,0,0.0,1200.0,0.0,0.0,0.0,0.0,0.0,83.831,782.9609,2930.1748,0.3383758682293583,96,3157.1549000000005,32,2657.3448999999996,4,0.0,4,140.25,2,54.4752,-104.9418,11.925,11.25,0,0,40,40,"N8 step 8, market entry",sumsy,5,-1.4551915228366852e-11
2,128,4,4,7236.884000000006,0.0,381.1708,240.92079999999999,245.1918,,245.1918,0.0,0.0,0.0,0.0,0.0,0.0025,38.0838,0.0,0.0,1.0,140.25,0.0,0.0,0.0,1.0,0.0,0.0,1.0,0.0,0,0,0.9947916666666666,0.6724443924199435,0.0,242.0,1.0,0.0,1.0,0,0,0,0.2696280991735538,48,110.57338384615382,2.1074038461538462,112.68078769230767,3.245814615384615,1.378196153846154,4.624010769230769,643.6701999999998,225.99999999999983,643.6701999999998,0.0,0,0,0.0,0.0,0.0,1.0,1.0,0.0,0.0,0.0,0.0,0.5,0.25,0.0,0.0,0.0,48,640.0,77.57399999999996,240.92079999999999,38.551600000000015,0.0,0.0,0.0,0.0,0.0,1,110.3332,640.0,77.57399999999996,38.551600000000015,82.0,0.0,0.0,0.015,4.789015151515142,5.488335087719296,2.1138196428571425,1.1251566371681412,3.5377209003215295,10.739524107142858,228.0,264.0,114.0,512.0,311.0,51.0,50,0,0,2,10,2.0,512.0,4178.989,340.9154,1817.4427999999998,191,1,0,32,0.1645384849661009,0.6724443924199435,0.4331915743289392,4,1852.531900000002,1264.2999999999975,10,0,56.0,0,0,0,0.0,0,0.0,39129.159600000006,0.0,0,0,0,1.5,0,0.0,0,0,0.0,0,0.0,0,0,118.37389999999998,30.0,751.1197999999999,4,50.0643,50.06440000000002,NaN,1280.0,100.0,0.1924431575520833,0,0,0.0,0,0.0,1280.0,0,0.0,0,0,0,0.0,0.0,0.0,0.0,0.0,0.0,0.0,0.0,0,0,0,0,50,0.0,0,12,0.0,0,0.0,1200.0,0.0,2337.2040702702707,0.0,2337.2040702702707,0.0,50.0643,1194.4719000000005,2909.4779999999996,0.6982294609486481,96,3352.2282,32,35776.931399999994,4,0.0,4,140.25,2,110.3332,-207.108,12.640500000000001,182.4279,0,0,114,114,"N8 step 8, market entry",sumsy,5,-1.4551915228366852e-11
3,128,4,4,7791.143900000002,0.0,771.1010999999999,396.7293,341.4395,,341.4395,0.0,0.0,0.0,0.0,0.0,0.0025,42.0539,0.0,0.0,1.0,134.33149999999998,0.0,0.0,0.0,1.0,0.0,0.0,1.0,0.0,0,0,0.9947916666666666,0.6692502739289747,0.0,260.0,0.0,0.0,1.0,0,0,0,0.25927395358063876,48,116.30534062631212,2.408897401420067,118.71423802773218,3.4056664983359664,1.7753063963640603,5.180972894700027,743.9258999999997,643.6702000000004,743.9258999999997,0.0,0,0,0.0,0.0,0.0,1.0,1.0,0.0,0.0,0.0,0.0,0.5,0.25,0.0,-1.3598,0.0,48,640.0,85.74009999999997,396.7293,42.59759999999997,0.0,0.0,0.0,0.0,0.0,2,11.868699999999999,640.0,85.74009999999997,42.59759999999997,82.0,0.0,0.0,0.015,4.813169014084493,5.4580894736842085,1.8771333333333315,1.3433522727272729,3.533646244444458,10.417338383928572,266.0,284.0,133.0,509.3333333333333,375.0,51.0,32,0,0,2,18,14.0,512.0,4641.6381,601.6241,2023.2804,191,1,0,32,0.14836311590217433,0.6692502739289747,0.31124012449835736,0,2121.3141999999993,1366.939999999996,18,0,99.0,0,0,0,0.0,0,0.0,39623.11309999997,0.0,0,0,0,1.5,0,0.0,0,0,0.0,0,0.0,0,0,185.83619999999982,56.0,470.67869999999994,4,0.0,0.0,NaN,1280.0,100.0,0.18543942057291665,0,0,0.0,0,0.0,1280.0,0,0.0,0,0,0,0.0,0.0,0.0,0.0,0.0,0.0,0.0,0.0,0,0,0,0,32,0.0,0,12,0.0,0,0.0,1200.0,0.0,2960.638387940685,0.0,2960.638387940685,0.0,0.0,1501.9873000000002,3095.5832,0.6899801988443282,96,3588.9351,32,36034.178,4,0.0,4,140.24999999999994,2,142.1119,-299.3856,13.398930000000002,182.4279,0,0,133,133,"N8 step 8, market entry",sumsy,5,-1.4551915228366852e-11
4,128,4,4,8336.5483,0.0,884.109,134.831,434.3953,,434.3953,0.0,0.0,0.0,0.0,0.0,0.0025,46.4228,0.0,0.0,1.0,135.00969999999998,0.0,0.0,0.0,1.0,0.0,0.0,1.0,0.0,0,0,0.9947916666666666,0.665593545105257,0.0,263.0,0.0,0.0,1.0,0,0,0,0.2602145204290409,48,116.42625006330847,2.6142459688175013,119.04049603212597,3.3044125621404894,2.2665244774684905,5.57093703960898,759.5993000000007,743.9258999999995,759.5993000000007,0.0,0,0,0.0,0.0,0.0,1.0,1.0,0.0,0.0,0.0,0.0,0.5,0.25,0.0,-5.6564,0.0,48,640.0,94.59559999999992,134.831,47.00639999999996,0.0,0.0,0.0,0.0,0.0,4,4.3033,640.0,94.59559999999992,47.00639999999996,82.0,0.0,0.0,0.015,5.4473161417322835,5.452936029411769,1.8168411764705865,1.4412585185185192,3.3004734983163675,10.104818232410713,272.0,254.0,136.0,509.33333333333337,388.99999999999994,51.0,30,0,0,2,12,2.0,512.0,5030.335700000002,687.1475,2138.9664000000002,191,1,0,32,0.12538100386496054,0.665593545105257,0.276488120380987,0,2091.6545999999994,1383.6183,12,0,119.0,0,0,0,0.0,0,0.0,40037.52369999999,0.0,0,0,0,1.5,0,0.0,0,0,0.0,0,0.0,0,0,216.20409999999978,64.0,429.3726,4,0.0,0.0,NaN,1280.0,100.0,0.19454431640625,0,0,0.0,0,0.0,1280.0,0,0.0,0,0,0,0.0,0.0,0.0,0.0,0.0,0.0,0.0,0.0,0,0,0,0,30,0.0,0,12,0.0,0,0.0,1200.0,0.0,3081.417146935898,0.0,3081.417146935898,0.0,0.0,1773.2848000000001,3255.4865,0.6860855949653337,96,3743.995699999999,32,36293.528,4,0.0,4,140.25000000000006,2,215.36849999999998,-387.9725,14.202865800000003,182.4279,0,0,136,136,"N8 step 8, market entry",sumsy,5,-1.4551915228366852e-11
5,128,4,4,8872.2572,0.0,966.5667000000001,106.3746,540.7698,,540.7698,0.0,0.0,0.0,0.0,0.0,0.0025,51.1655,0.0,0.0,1.0,152.7973,0.0,0.0,0.0,1.0,0.0,0.0,1.0,0.0,0,0,0.9947916666666666,0.6638929691458333,0.0,261.0,0.0,0.0,1.0,0,0,0,0.26241322314049587,48,103.12851686936179,2.633250169556823,105.76176703891862,2.8375031888935975,2.4468153814253095,5.2843185703189075,768.6290999999997,759.5992999999996,768.6290999999997,0.0,0,0,0.0,0.0,0.0,1.0,1.0,0.0,0.0,0.0,0.0,0.5,0.25,0.0,-10.153325000000004,0.0,48,640.0,104.29110000000006,106.3746,51.8184,0.0,0.0,0.0,0.0,0.0,7,4.8191,640.0,104.29110000000006,51.8184,82.0,0.0,0.0,0.015,5.567126181818182,5.601709701492535,1.7663011235955022,1.5694105263157894,3.219507059157379,9.801673685438391,268.0,275.0,134.0,509.3333333333333,385.0,51.0,30,0,0,1,13,9.0,512.0,5294.208699999999,751.5217,2410.4108,191,1,0,32,0.12449009037578196,0.6638929691458333,0.2915715033301758,0,2057.3230999999982,1530.9597,13,0,89.0,0,0,0,0.0,0,0.0,40327.117199999986,0.0,0,0,0,1.5,0,0.0,0,0,0.0,0,0.0,0,0,157.2007999999997,64.0,360.1314,4,0.0,0.0,NaN,1280.0,100.0,0.21345669921875002,0,0,0.0,0,0.0,1280.0,0,0.0,0,0,0,0.0,0.0,0.0,0.0,0.0,0.0,0.0,0.0,0,0,0,0,30,0.0,0,12,0.0,0,0.0,1200.0,0.0,2536.673912591078,0.0,2536.673912591078,0.0,0.0,2006.2696,3522.0638999999996,0.6842866364621245,96,3813.519799999999,32,36513.5974,4,0.0,4,140.24990000000003,2,292.34860000000003,-489.6043,15.055037748000004,182.4279,0,0,134,134,"N8 step 8, market entry",sumsy,5,-1.4551915228366852e-11
6,128,4,4,9396.0518,0.0,1047.6426000000001,104.99270000000001,645.7625,,645.7625,0.0,0.0,0.0,0.0,0.0,0.0025,56.9917,0.0,0.0,1.0,156.1582,0.0,0.0,0.0,1.0,0.0,0.0,1.0,0.0,0,0,0.9947916666666666,0.6648622908309609,0.0,259.0,0.0,0.0,1.0,0,0,0,0.2543605403447026,48,102.08197273001623,2.3263577113402487,104.40833044135648,3.7547275964320845,2.032766101399815,5.787493697831899,759.8593999999998,768.6291000000012,759.8593999999998,0.0,0,0,0.0,0.0,0.0,1.0,1.0,0.0,0.0,0.0,0.0,0.5,0.25,0.0,-14.41102500000001,0.0,48,640.0,116.20539999999995,104.9927,57.73239999999998,0.0,0.0,0.0,0.0,0.0,10,83.1503,640.0,116.20539999999995,57.73239999999998,82.0,0.0,0.0,0.015,5.543308992805758,5.577890225563908,1.7120518181818205,1.74131893939394,3.142861068929506,9.507623474875238,266.0,278.0,133.0,510.6666666666667,383.0,51.0,32,0,0,2,21,12.0,512.0,5417.7708,810.2357,2698.8814,191,1,0,32,0.15155541607860168,0.6648622908309609,0.33190137702185774,0,2038.9568999999997,1541.0399000000007,21,0,110.0,0,0,0,0.0,0,0.0,40555.297,0.0,0,0,0,1.5,0,0.0,0,0,0.0,0,0.0,0,0,188.32570000000027,64.0,329.0219,4,0.0,0.0,NaN,1280.0,100.0,0.2355915885416667,0,0,0.0,0,0.0,1280.0,0,0.0,0,0,0,0.0,0.0,0.0,0.0,0.0,0.0,0.0,0.0,0,0,0,0,32,0.0,0,12,0.0,0,0.0,1200.0,0.0,2210.449959461327,0.0,2210.449959461327,0.0,0.0,2115.9363,3838.1389999999997,0.6849630340104351,96,3846.6171000000018,32,36708.679899999996,4,0.0,4,140.24990000000003,2,366.865,-588.7708,15.958340012880004,182.4279,0,0,133,133,"N8 step 8, market entry",sumsy,5,-1.4551915228366852e-11
7,128,4,4,9907.381700000009,0.0,1122.2241000000001,98.4983,744.2608,,744.2608,0.0,0.0,0.0,0.0,0.0,0.0025,63.1829,0.0,0.0,1.0,155.49,0.0,0.0,0.0,1.0,0.0,0.0,1.0,0.0,0,0,0.9947916666666666,0.6640252586462005,0.0,264.0,0.0,0.0,1.0,0,0,0,0.25729852572693895,48,103.8457085374622,1.9710068506337826,105.81671538809597,5.387632473171073,1.5737025018974817,6.961334975068555,782.4753999999996,759.8594000000007,782.4753999999996,0.0,0,0,0.0,0.0,0.0,1.0,1.0,0.0,0.0,0.0,0.0,0.5,0.25,0.0,-18.429725,0.0,48,640.0,128.67009999999993,98.4983,63.9503,0.0,0.0,0.0,0.0,0.0,13,26.5786,640.0,128.67009999999993,63.9503,82.0,0.0,0.0,0.015,5.487058778625955,5.5396768115942,1.65881794871795,1.9346029197080299,3.1817919013949414,9.222394770628982,276.0,262.0,138.0,509.33333333333337,393.0,51.0,29,0,0,1,13,6.0,512.0,5810.7342000000035,816.2597999999999,2878.8734999999997,191,1,0,32,0.19356115047819644,0.6640252586462005,0.31493649516491407,2,2110.7465999999986,1437.6094000000003,13,0,117.0,0,0,0,0.0,0,0.0,40947.885400000014,0.0,0,0,0,1.5,0,0.0,0,0,0.0,0,0.0,0,0,194.08170000000015,64.0,311.7527,4,0.0,0.0,NaN,1280.0,100.0,0.24813480468749996,0,0,0.0,0,0.0,1280.0,0,0.0,0,0,0,0.0,0.0,0.0,0.0,0.0,0.0,0.0,0.0,0,0,0,0,29,0.0,0,12,0.0,0,0.0,1200.0,0.0,2228.9848846006453,0.0,2228.9848846006453,0.0,0.0,2311.240799999999,4006.8859999999995,0.6839403015806922,96,4010.1635000000006,32,36937.72190000001,4,0.0,4,140.24990000000003,2,404.9768,-681.0779,16.915840413652806,182.4279,0,0,138,138,"N8 step 8, market entry",sumsy,5,-1.4551915228366852e-11
8,128,4,4,10406.014500000007,0.0,1189.036,90.7287,834.9895,,834.9895,0.0,0.0,0.0,0.0,0.0,0.0025,69.4289,0.0,0.0,1.0,153.9116,0.0,0.0,0.0,1.0,0.0,0.0,1.0,0.0,0,0,0.9947916666666666,0.6675129713841503,0.0,261.0,0.0,0.0,1.0,0,0,0,0.2591876987481383,48,106.58900832708264,1.356438484183962,107.9454468112666,6.82255732757023,0.9796231855467832,7.8021805131170145,756.092099999999,782.4754000000001,756.092099999999,0.0,0,0,0.0,0.0,0.0,1.0,1.0,0.0,0.0,0.0,0.0,0.5,0.25,0.0,-22.209024999999997,0.0,48,640.0,141.36720000000008,90.7287,70.26540000000004,0.0,0.0,0.0,0.0,0.0,15,94.35929999999999,640.0,141.36720000000008,70.26540000000004,82.0,0.0,0.0,0.015,5.442762637362641,5.5081499999999926,1.6164193750000018,1.9621661654135347,3.0554633733518357,8.945722927510113,268.0,273.0,134.0,510.6666666666667,384.99999999999994,51.0,31,0,0,1,13,11.0,512.0,5915.058899999998,866.1212,3096.5432,191,1,0,32,0.23423551821584576,0.6675129713841503,0.3210952887241063,6,2027.9557000000002,1485.8742000000009,13,0,160.0,0,0,0,0.0,0,0.0,41142.56380000001,0.0,0,0,0,1.5,0,0.0,0,0,0.0,0,0.0,0,0,258.62710000000027,64.0,364.50300000000004,4,0.0,0.0,NaN,1280.0,100.0,0.27054354166666666,0,0,0.0,0,0.0,1280.0,0,0.0,0,0,0,0.0,0.0,0.0,0.0,0.0,0.0,0.0,0.0,0,0,0,0,31,0.0,0,12,0.0,0,0.0,1200.0,0.0,1846.557785772858,0.0,1846.557785772858,0.0,0.0,2400.4244,4327.1674,0.6869684723027347,96,4005.7587000000003,32,37136.805100000005,4,0.0,4,140.24990000000003,2,468.94269999999995,-765.5606,17.930790838471975,182.4279,0,0,134,134,"N8 step 8, market entry",sumsy,5,-1.4551915228366852e-11
9,128,4,4,10893.931400000003,0.0,1730.2854000000002,565.1662,918.2304,,918.2304,0.0,0.0,0.0,0.0,0.0,0.0025,74.8918,0.0,0.0,1.0,152.66979999999998,0.0,0.0,0.0,1.0,0.0,0.0,1.0,0.0,0,0,0.9791666666666666,0.6771335089473389,0.0,259.0,1.0,0.0,1.0,0,0,0,0.25502103729524384,48,119.30931053920979,0.8637659567680757,120.17307649597785,10.450727793779576,0.586714911666142,11.037442705445718,754.8978000000003,756.0920999999996,754.8978000000003,0.0,0,0,0.0,0.0,0.0,1.0,1.0,0.0,0.0,0.0,0.0,0.5,0.25,0.0,-25.749324999999995,0.0,48,640.0,152.08309999999992,565.1662,75.65829999999998,0.0,0.0,0.0,0.0,0.0,17,131.8216,640.0,152.08309999999992,75.65829999999998,82.0,0.0,0.0,0.015,5.3951623616236155,5.540584962406017,1.5992850000000012,1.9481240310077523,3.0900328772271903,8.677351239684809,266.0,271.0,133.0,510.66666666666663,383.0,51.0,32,0,0,0,15,11.0,512.0,6687.257499999997,729.8099,2856.1381,188,4,0,32,0.2986899682670736,0.6771335089473389,0.35845053112355973,11,2008.6658000000004,1462.0889999999997,16,1,160.0,0,0,0,0.0,0,0.0,44996.99960000002,0.0,0,0,0,1.5,0,0.0,0,0,0.0,0,0.0,0,0,255.88560000000018,64.0,414.0125,4,0.0,0.0,NaN,1280.0,100.0,0.25995977213541666,0,0,0.0,0,0.0,1280.0,0,0.0,0,0,0,0.0,0.0,0.0,0.0,0.0,0.0,0.0,0.0,0,0,0,0,32,0.0,0,12,0.0,0,0.0,1200.0,0.0,2005.6043896183146,0.0,2005.6043896183146,0.0,0.0,3150.3633999999993,3999.9605000000006,0.6906409729275149,96,3975.4895,32,41021.51009999999,4,0.0,4,617.6752,2,502.5902,-843.3386,19.006638288780294,201.26915,0,0,133,133,"N8 step 8, market entry",sumsy,5,-1.4551915228366852e-11
10,128,4,4,11372.579899999993,0.0,1939.2111,256.9388,994.6734,,994.6734,0.0,0.0,0.0,0.0,0.0,0.0025,79.517,0.0,0.0,1.0,151.3348,0.0,0.0,0.0,1.0,0.0,0.0,1.0,0.0,3,3,0.9739583333333334,0.6790557599606064,0.0,261.0,0.0,0.0,1.0,0,0,0,0.25566736389846795,48,121.51508972646465,0.669244135248633,122.18433386171328,11.014829271942142,0.6458905926856922,11.660719864627834,762.0467999999989,754.897799999999,762.0467999999989,0.0,0,0,0.0,0.0,0.0,1.0,1.0,0.0,0.0,0.0,0.0,0.5,0.25,0.0,-33.869524999999996,0.0,48,640.0,161.35150000000016,256.9388,80.28990000000006,0.0,0.0,0.0,0.0,0.0,18,153.6157,640.0,161.35150000000016,80.28990000000006,82.0,0.0,0.0,0.015,5.322803383458647,5.4309985401459775,1.6334649999999988,1.934409848484849,3.1061171464029194,8.417030702494264,274.0,266.0,137.0,512.0,391.0,51.0,30,0,0,0,13,8.0,512.0,7082.862900000002,712.8443000000001,2881.9892,187,5,0,32,0.3100538187522659,0.6790557599606064,0.3434433870152307,8,2036.0639000000015,1415.8657,13,0,160.0,0,0,0,0.0,0,0.0,45256.61605,0.0,0,0,0,1.5,0,0.0,0,0,0.0,0,0.0,0,0,261.3543999999998,64.0,461.7508,4,0.0,0.0,NaN,1280.0,100.0,0.26906790039062495,0,0,0.0,0,0.0,1280.0,0,0.0,0,0,0,0.0,0.0,0.0,0.0,0.0,0.0,0.0,0.0,0,0,0,0,30,0.0,0,12,0.0,0,0.0,1200.0,14.490599999999999,2154.5684338014303,0.0,2154.5684338014303,0.0,0.0,3469.2735,4056.5843000000004,0.691900185198806,96,4027.7679999999996,32,41228.84805000001,4,0.0,4,770.3719,2,520.5695000000001,-915.1564000000001,20.147036586107113,201.26915,0,0,137,137,"N8 step 8, market entry",sumsy,5,-1.4551915228366852e-11
11,128,4,4,11841.385900000005,0.0,2133.9589999999994,251.4663,1064.4614,,1064.4614,0.0,0.0,0.0,0.0,0.0,0.0025,84.4286,0.0,0.0,1.0,149.305,0.0,0.0,0.0,1.0,0.0,0.0,1.0,0.0,5,2,0.96875,0.6824693784967495,0.0,256.0,0.0,0.0,1.0,0,1,0,0.26265495867768596,48,124.89246415434415,0.1874424356664727,125.07990659001062,11.307292036134609,0.4925997354344902,11.799891771569099,750.2876999999994,762.0467999999996,750.2876999999994,0.0,0,0,0.0,0.0,0.0,1.0,1.0,0.0,0.0,0.0,0.0,0.5,0.25,0.0,-43.25115000000002,0.0,48,640.0,171.19400000000005,251.4663,85.20790000000004,0.0,0.0,0.0,0.0,0.0,20,164.9424,640.0,171.19400000000005,85.20790000000004,82.0,0.0,0.0,0.015,5.205818560606061,5.505922556390973,1.717880625,1.9167251968503933,3.1105248953159452,8.883386281791438,266.0,264.0,133.0,512.0,383.0,51.0,32,0,0,2,10,8.0,512.0,7363.700600000003,735.0278999999999,2879.6543999999994,186,6,0,32,0.31454445693378674,0.6824693784967495,0.36416402862282093,9,1994.9233999999997,1374.3361,12,2,160.0,0,0,0,0.0,0,0.0,45377.5567,0.0,0,0,0,1.5,0,0.0,0,0,0.0,0,0.0,0,0,274.8609,64.0,613.6320000000001,5,1.1931,1.1932,NaN,1280.0,100.0,0.2649437019230769,0,0,0.0,0,0.0,1280.0,0,0.0,0,0,0,0.0,0.0,0.0,0.0,0.0,0.0,0.0,0.0,0,0,0,0,32,0.0,0,13,0.0,0,0.0,1302.502,36.955000000000005,1893.9840648065463,0.0,1893.9840648065463,0.0,1.1931,3725.5304,4228.314299999999,0.6968067801481796,96,3986.9700000000016,32,41390.5867,4,0.0,4,919.5485,2,528.0814,-980.0328,21.35585878127354,201.26915,0,0,133,133,"N8 step 8, market entry",sumsy,5,-1.4551915228366852e-11
12,128,4,4,12301.203599999992,0.0,2303.9534,235.2606,1126.0559999999998,,1126.0559999999998,0.0,0.0,0.0,0.0,0.0,0.0025,88.9118,0.0,0.0,1.0,146.02319999999997,0.0,0.0,0.0,1.0,0.0,0.0,1.0,0.0,5,1,0.9635416666666666,0.679838037651922,0.0,252.0,1.0,0.0,1.0,0,1,0,0.2657100591715976,48,123.79284984330866,0.14281135451510005,123.93566119782378,12.675981840361935,0.6009466512034988,13.276928491565432,745.0435000000011,750.2876999999991,745.0435000000011,0.0,0,0,0.0,0.0,0.0,1.0,1.0,0.0,0.0,0.0,0.0,0.5,0.25,0.0,-53.77505000000002,0.0,48,640.0,180.18229999999986,235.2606,89.69799999999998,0.0,0.0,0.0,0.0,0.0,23,171.1116,640.0,180.18229999999986,89.69799999999998,83.5,0.0,0.0,0.015,5.151071153846153,5.496541666666675,1.8091000000000026,1.9097375999999997,3.1059945691645803,8.657291887844435,264.0,260.0,132.0,509.33333333333337,397.0,51.0,27,1,1,2,12,4.0,511.0,7720.702800000002,741.7165,2900.3913999999995,185,7,0,32,0.3269914179639195,0.679838037651922,0.34029054915521617,8,2025.0109999999995,1339.2784999999997,14,2,196.0,0,0,1,0.0,0,0.0,44084.153800000015,0.0,0,0,0,1.5,0,0.0,0,0,0.0,0,0.0,0,0,354.5836000000005,80.0,678.3695,5,3.2094,3.2092,NaN,1280.0,100.0,0.27381318509615393,0,0,0.0,0,0.0,1280.0,0,0.0,0,0,0,0.0,0.0,0.0,0.0,0.0,0.0,0.0,0.0,0,0,0,0,27,0.0,0,13,0.0,0,0.0,1302.502,53.04760000000001,1848.012912299306,0.0,1848.012912299306,0.0,3.2094,4053.235599999999,4320.477400000001,0.6936565946064315,96,4031.831400000001,32,40052.3224,4,0.0,4,1030.1513,2,530.4358,-1037.1441999999997,22.637210308149953,193.0946,0,0,132,132,"N8 step 8, market entry",sumsy,5,-1.4551915228366852e-11
13,128,4,4,12753.475800000002,0.0,2299.7361999999994,70.588,1181.6322999999998,,1181.6322999999998,0.0,0.0,0.0,0.0,0.0,0.0025,92.6198,0.0,0.0,1.0,144.48810000000003,0.0,0.0,0.0,1.0,0.0,0.0,1.0,0.0,1,0,0.9635416666666666,0.6780815719844957,0.0,249.0,0.0,0.0,1.0,0,1,0,0.26880538969769696,48,125.14174908355511,0.6362903608174104,125.77803944437252,12.160472971081074,1.1876043705622097,13.348077341643284,753.8453999999994,745.0435000000002,753.8453999999994,0.0,0,0,0.0,0.0,0.0,1.0,1.0,0.0,0.0,0.0,0.0,0.5,0.25,0.0,-65.55367500000001,0.0,48,640.0,187.72780000000003,70.588,93.4494,0.0,0.0,0.0,0.0,0.0,21,176.2885,640.0,187.72780000000003,93.4494,83.5,0.0,0.0,0.015,5.10240152091255,5.563222727272723,1.8156700000000003,1.8972951999999998,3.093543692356133,8.397573131209104,264.0,263.0,132.0,508.33333333333337,397.00000000000006,51.0,27,2,2,1,9,7.0,510.0,7888.6269,784.0373999999999,3063.3152,185,7,0,32,0.3171039813856895,0.6780815719844957,0.3307466126201395,3,2016.7974,1341.9316000000006,10,1,200.0,0,0,2,0.0,0,0.0,44299.58639999997,0.0,0,0,0,1.5,0,0.0,0,0,0.0,0,0.0,0,0,363.13400000000007,80.0,748.588,5,11.8414,11.8412,NaN,1280.0,100.0,0.29467158653846154,0,0,0.0,0,0.0,1280.0,0,0.0,0,0,0,0.0,0.0,0.0,0.0,0.0,0.0,0.0,0.0,0,0,0,0,27,0.0,0,13,0.0,0,0.0,1302.502,50.31110000000001,1606.7410796708564,0.0,1606.7410796708564,0.0,11.8414,4199.174,4595.9406,0.6924655028264415,96,4074.6086999999998,32,40224.977699999996,4,0.0,4,990.1403,2,531.7979,-1089.0124999999998,23.99544292663895,193.0946,0,0,132,132,"N8 step 8, market entry",sumsy,5,-1.4551915228366852e-11
14,128,4,4,13196.661,0.0,2274.6832999999997,50.5028,1232.1349999999998,,1232.1349999999998,0.0,0.0,0.0,0.0,0.0,0.0025,97.0914,0.0,0.0,1.0,143.12250000000003,0.0,0.0,0.0,1.0,0.0,0.0,1.0,0.0,1,0,0.9635416666666666,0.6779538674858294,0.0,248.0,0.0,0.0,1.0,0,1,0,0.2672125311498754,48,126.8682941297225,0.6572538564788017,127.5255479862013,12.34942991878274,1.184164112617731,13.53359403140047,736.0139,753.8453999999989,736.0139,0.0,0,0,0.0,0.0,0.0,1.0,1.0,0.0,0.0,0.0,0.0,0.5,0.25,0.0,-76.73459999999997,0.0,48,640.0,196.8147999999999,50.5028,97.96879999999996,0.0,0.0,0.0,0.0,0.0,22,178.5826,640.0,196.8147999999999,97.96879999999996,83.5,0.0,0.0,0.015,5.070125283018869,5.511645384615385,1.8355285000000001,1.8874926829268277,3.0695284037190795,8.14564593727283,260.0,265.0,130.0,508.6666666666667,393.0,51.0,28,0,0,2,10,8.0,512.0,8026.067899999998,846.3051,3230.6490000000003,185,7,0,32,0.32075673235722935,0.6779538674858294,0.33057214144499425,4,1987.1572999999999,1343.5832000000003,11,1,200.0,0,0,0,0.0,0,0.0,44489.28550000001,0.0,0,0,0,1.5,0,0.0,0,0,0.0,0,0.0,0,0,367.1057,80.0,817.965,5,22.723,22.722800000000007,NaN,1280.0,100.0,0.3169431610576924,0,0,0.0,0,0.0,1280.0,0,0.0,0,0,0,0.0,0.0,0.0,0.0,0.0,0.0,0.0,0.0,0,0,0,0,28,0.0,0,13,0.0,0,0.0,1302.502,47.5746,1317.0359898559643,0.0,1317.0359898559643,0.0,22.723,4286.4766,4894.919099999999,0.6928470820615107,96,4131.730900000001,32,40357.5546,4,0.0,4,940.3061999999999,2,530.2772,-1135.0435999999997,25.43516950223729,193.0946,0,0,130,130,"N8 step 8, market entry",sumsy,5,-1.4551915228366852e-11
15,128,4,4,13631.342000000008,0.0,2246.5563999999995,47.099999999999994,1277.2608999999998,,1277.2608999999998,0.0,0.0,0.0,0.0,0.0,0.0025,101.2917,0.0,0.0,1.0,142.21730000000002,0.0,0.0,0.0,1.0,0.0,0.0,1.0,0.0,1,0,0.9635416666666666,0.676853142543385,0.0,253.0,0.0,0.0,1.0,0,1,0,0.2665583399174133,48,128.06746501559294,0.8295501278853555,128.8970151434783,12.66570583565132,1.3474321873033244,14.013138022954642,752.3112999999996,736.0139000000012,752.3112999999996,0.0,0,0,0.0,0.0,0.0,1.0,1.0,0.0,0.0,0.0,0.0,0.5,0.25,0.0,-87.10083626384106,0.0,48,640.0,205.31900000000016,47.099999999999994,102.20340000000003,0.0,0.0,0.0,0.0,0.0,24,179.3551,640.0,205.31900000000016,102.20340000000003,83.5,0.0,0.0,0.015,5.028327413127413,5.551600757575755,1.833688,1.8658504,3.0512427729353813,7.9012765591546446,264.0,259.0,132.0,509.3333333333333,397.0,51.0,27,0,0,1,7,5.0,512.0,8229.138400000002,882.776,3359.4426000000003,185,7,0,32,0.3225951165115293,0.676853142543385,0.35640090869033547,2,1989.4647000000002,1302.3368,7,0,200.0,0,0,0,0.0,0,0.0,44737.23279999997,0.0,0,0,0,1.5,0,0.0,0,0,0.0,0,0.0,0,0,366.7376,80.0,879.3382,5,38.9244,38.9248,NaN,1280.0,100.0,0.33486733173076916,0,0,0.0,0,0.0,1280.0,0,0.0,0,0,0,0.0,0.0,0.0,0.0,0.0,0.0,0.0,0.0,0,0,0,0,27,0.0,0,13,0.0,0,0.0,1302.502,45.1669,1217.5069553568912,0.0,1217.5069553568912,0.0,38.9244,4462.086100000001,5121.5568,0.6924255816161629,96,4211.710499999999,32,40525.5223,4,0.0,4,892.4766,2,527.2349000000002,-1175.9691999999998,26.96127967237153,193.0946,0,0,132,132,"N8 step 8, market entry",sumsy,5,-1.4551915228366852e-11
16,128,4,4,14056.614000000003,0.0,2211.2477999999996,39.7527,1317.0135999999998,,1317.0135999999998,0.0,0.0,0.0,0.0,0.0,0.0025,105.9268,0.0,0.0,1.0,141.04439999999997,0.0,0.0,0.0,1.0,0.0,0.0,1.0,0.0,3,0,0.9635416666666666,0.6791794225903656,0.0,251.0,0.0,0.0,1.0,0,1,0,0.2615140495867768,48,130.14095789495173,0.7104098010000768,130.8513676959518,13.655696963040118,1.155277105324474,14.81097406836459,745.4320999999997,752.311300000001,745.4320999999997,0.0,0,0,0.0,0.0,0.0,1.0,1.0,0.0,0.0,0.0,0.0,0.5,0.25,0.0,-96.69163626384103,0.0,48,640.0,214.72800000000012,39.7527,106.8849,0.0,0.0,0.0,0.0,0.0,26,179.3777,640.0,214.72800000000012,106.8849,83.5,0.0,0.0,0.015,4.9740901818181795,5.499485606060603,1.8860240837696336,1.862014399999999,3.058507012438853,7.664238262380005,264.0,275.0,132.0,510.66666666666663,397.0,51.0,27,0,0,1,14,11.0,512.0,8384.711799999997,931.9121,3535.685,185,7,0,32,0.34049781942117496,0.6791794225903656,0.3483267615158383,5,1987.9716000000005,1367.8747999999994,14,0,191.0,0,0,0,0.0,0,0.0,44934.13160000001,0.0,0,0,0,1.5,0,0.0,0,0,0.0,0,0.0,0,0,360.23060000000004,80.0,919.0006000000001,5,50.3818,50.38159999999999,NaN,1280.0,100.0,0.3550993930288462,0,0,0.0,0,0.0,1280.0,0,0.0,0,0,0,0.0,0.0,0.0,0.0,0.0,0.0,0.0,0.0,0,0,0,0,27,0.0,0,13,0.0,0,0.0,1302.502,42.80330000000001,1030.5227060030134,0.0,1030.5227060030134,0.0,50.3818,4646.1569,5386.5977,0.6953359254120905,96,4187.4087,32,40746.72289999999,4,0.0,4,842.8250999999999,2,523.4427000000001,-1211.0867999999998,28.578956452713822,193.0946,0,0,132,132,"N8 step 8, market entry",sumsy,5,-1.4551915228366852e-11
17,128,4,4,14472.774600000013,0.0,2170.6062999999995,33.9073,1350.6099999999997,,1350.6099999999997,0.0,0.0,0.0,0.0,0.0,0.0025,110.4358,0.0,0.0,1.0,139.5232,0.0,0.0,0.0,1.0,0.0,0.0,1.0,0.0,4,1,0.9635416666666666,0.6798650541183624,0.0,252.0,0.0,0.0,1.0,0,1,0,0.2576694861759879,48,132.5993418909617,0.5737980158373022,133.17313990679904,14.691587425646315,0.9749591258138315,15.666546551460145,762.5827999999997,745.4321000000007,762.5827999999997,0.0,0,0,0.0,0.0,0.0,1.0,1.0,0.0,0.0,0.0,0.0,0.5,0.25,0.0,-105.44423626384105,0.0,48,640.0,223.8394,33.9073,111.42519999999993,0.0,0.0,0.0,0.0,0.0,29,179.0231,640.0,223.8394,111.42519999999993,83.5,0.0,0.0,0.015,4.913586516853934,5.545394029850744,1.8964086734693886,1.8445062992125976,3.021158178553616,7.4343111145086045,268.0,267.0,134.0,510.66666666666663,401.0,51.0,27,0,0,3,16,9.0,512.0,8597.1598,970.2756999999999,3649.3104,185,7,0,32,0.35232375976802244,0.6798650541183624,0.35499712544908735,5,1981.7561999999984,1311.9276000000004,16,0,196.0,0,0,0,0.0,0,0.0,45181.365400000024,0.0,0,0,0,1.5,0,0.0,0,0,0.0,0,0.0,0,0,371.6961000000002,80.0,966.5698,5,64.9206,64.92040000000003,NaN,1280.0,100.0,0.37139618990384615,0,0,0.0,0,0.0,1280.0,0,0.0,0,0,0,0.0,0.0,0.0,0.0,0.0,0.0,0.0,0.0,0,0,0,0,27,0.0,0,13,0.0,0,0.0,1302.502,40.4397,1007.7739078004187,0.0,1007.7739078004187,0.0,64.9206,4852.812100000001,5586.155900000001,0.6968297826829764,96,4192.068,32,40989.297399999996,4,0.0,4,793.5570000000002,2,519.2733000000001,-1240.1741999999997,30.293693839876653,193.0946,0,0,134,134,"N8 step 8, market entry",sumsy,5,-1.4551915228366852e-11
18,128,4,4,14880.779800000004,0.0,2128.687,32.3389,1378.0003999999997,,1378.0003999999997,0.0,0.0,0.0,0.0,0.0,0.0025,114.483,0.0,0.0,1.0,137.82620000000003,0.0,0.0,0.0,1.0,0.0,0.0,1.0,0.0,6,1,0.9635416666666666,0.6793843422912063,0.0,252.0,0.0,0.0,1.0,0,1,0,0.2608822329701066,48,135.12360723435322,0.5509315834196946,135.6745388177729,15.375471141735375,0.9608334859566707,16.336304627692044,761.9287000000004,762.5828000000012,761.9287000000004,0.0,0,0,0.0,0.0,0.0,1.0,1.0,0.0,0.0,0.0,0.0,0.5,0.25,0.0,-113.40766126384102,0.0,48,640.0,231.99480000000008,32.3389,115.49240000000003,0.0,0.0,0.0,0.0,0.0,31,178.5643,640.0,231.99480000000008,115.49240000000003,83.5,0.0,0.0,0.015,4.820665648854961,5.499471851851855,1.8753155000000001,1.8280226562500006,2.979726141764482,7.211281781073348,270.0,262.0,135.0,508.0,403.0,51.0,26,1,1,3,9,11.0,511.0,8857.772899999998,1024.6054,3692.3045,185,7,0,32,0.35707034187524167,0.6793843422912063,0.33060227000440334,8,1965.6566,1263.0143999999998,10,1,200.0,0,0,1,0.0,0,0.0,45465.630100000024,0.0,0,0,0,1.5,0,0.0,0,0,0.0,0,0.0,0,0,375.0631,80.0,1013.0496999999998,5,75.1451,75.14559999999999,NaN,1280.0,100.0,0.3843423617788462,0,0,0.0,0,0.0,1280.0,0,0.0,0,0,0,0.0,0.0,0.0,0.0,0.0,0.0,0.0,0.0,0,0,0,0,26,0.0,0,13,0.0,0,0.0,1302.502,38.0761,991.5591387525612,0.0,991.5591387525612,0.0,75.1451,5065.6689,5729.959599999999,0.697137024208101,96,4284.200600000001,32,41181.4295,4,0.0,4,749.217,2,514.9997,-1263.5173999999997,32.111315470269254,193.0946,0,0,135,135,"N8 step 8, market entry",sumsy,5,-1.4551915228366852e-11
19,128,4,4,15280.797500000004,0.0,2080.5741,26.1277,1398.7374999999997,,1398.7374999999997,0.0,0.0,0.0,0.0,0.0,0.0025,118.4398,0.0,0.0,1.0,135.2201,0.0,0.0,0.0,1.0,0.0,0.0,1.0,0.0,5,0,0.9635416666666666,0.678847068826268,0.0,246.0,0.0,0.0,1.0,0,1,0,0.2645354218583125,48,138.62936769488812,0.5714994345152483,139.20086712940335,16.306176118145483,1.0186161103029512,17.324792228448434,715.4204000000005,761.9286999999998,715.4204000000005,0.0,0,0,0.0,0.0,0.0,1.0,1.0,0.0,0.0,0.0,0.0,0.5,0.25,0.0,-120.66016126384098,0.0,48,640.0,239.98230000000007,26.1277,119.47390000000001,0.0,0.0,0.0,0.0,0.0,33,178.0083,640.0,239.98230000000007,119.47390000000001,83.5,0.0,0.0,0.015,4.769366792452831,5.3532338461538505,1.853856500000002,1.8175170731707302,2.95038194601454,6.994943327641147,260.0,265.0,130.0,507.0,393.00000000000006,51.0,28,1,0,3,14,9.0,511.0,9096.0513,1104.5879,3732.9493,185,7,0,32,0.3616638571130577,0.678847068826268,0.37708350622202236,6,1909.1854999999996,1263.8822000000002,17,3,200.0,0,0,1,0.0,0,0.0,45720.42670000002,0.0,0,0,0,1.5,0,0.0,0,0,0.0,0,0.0,0,0,370.7713000000004,80.0,1050.7609,5,101.071,101.07079999999998,NaN,1280.0,100.0,0.39816201923076916,0,0,0.0,0,0.0,1280.0,0,0.0,0,0,0,0.0,0.0,0.0,0.0,0.0,0.0,0.0,0.0,0,0,0,0,28,0.0,0,13,0.0,0,0.0,1302.502,36.4516,770.4341312256481,0.0,770.4341312256481,0.0,101.071,5260.837600000002,5888.298100000001,0.6974418563685496,96,4340.628100000002,32,41379.79860000001,4,0.0,4,705.3570999999998,2,510.62889999999993,-1280.2976999999996,34.03799439848541,193.0946,0,0,130,130,"N8 step 8, market entry",sumsy,5,-1.4551915228366852e-11
20,128,4,4,15674.130100000006,0.0,2024.1028999999996,19.4953,1414.0783999999996,,1414.0783999999996,0.0,0.0,0.0,0.0,0.0,0.0025,121.7498,0.0,0.0,1.0,133.78069999999997,0.0,0.0,0.0,1.0,0.0,0.0,1.0,0.0,1,0,0.9635416666666666,0.6767234299624669,0.0,248.0,0.0,0.0,1.0,0,1,0,0.25555437157014227,48,140.1288170959409,1.0798901681964201,141.2087072641373,16.627340287787046,1.5375569537925409,18.164897241579585,740.2127999999996,715.4203999999999,740.2127999999996,0.0,0,0,0.0,0.0,0.0,1.0,1.0,0.0,0.0,0.0,0.0,0.5,0.25,0.0,-127.44136126384092,0.0,48,640.0,246.6674000000001,19.4953,122.80600000000001,0.0,0.0,0.0,0.0,0.0,29,177.5304,640.0,246.6674000000001,122.80600000000001,83.5,0.0,0.0,0.015,4.679200729927006,5.418893233082703,1.8870980000000008,1.7727063492063495,2.941917891048373,6.785095027811911,266.0,274.0,133.0,507.3333333333333,399.00000000000006,51.0,27,0,0,4,15,16.0,512.0,9348.8649,1134.6063,3810.4271,185,7,0,32,0.3597450339766646,0.6767234299624669,0.3396303719217957,2,1919.4825000000003,1282.1009999999997,15,0,200.0,0,0,0,0.0,0,0.0,45971.25209999997,0.0,0,0,0,1.5,0,0.0,0,0,0.0,0,0.0,0,0,377.4196000000002,80.0,1080.9515999999999,5,113.4915,113.49239999999999,NaN,1280.0,100.0,0.4107405889423078,0,0,0.0,0,0.0,1280.0,0,0.0,0,0,0,0.0,0.0,0.0,0.0,0.0,0.0,0.0,0.0,0,0,0,0,27,0.0,0,13,0.0,0,0.0,1302.502,33.7151,767.7854086549229,0.0,767.7854086549229,0.0,113.4915,5458.0151,6025.984999999999,0.696126748723078,96,4457.5360999999975,32,41513.715999999986,4,0.0,4,674.6075,2,506.3362,-1292.3285999999996,36.08027406239454,193.0946,0,0,133,133,"N8 step 8, market entry",sumsy,5,-1.4551915228366852e-11
21,128,4,4,16059.382300000007,0.0,1957.5004999999996,9.5014,1423.5796999999998,,1423.5796999999998,0.0,0.0,0.0,0.0,0.0,0.0025,125.7792,0.0,0.0,1.0,131.25110000000004,0.0,0.0,0.0,1.0,0.0,0.0,1.0,0.0,1,0,0.9635416666666666,0.6735624243494884,0.0,251.0,0.0,0.0,1.0,0,2,0,0.25908899705546545,48,143.07249336470738,1.0416160901280251,144.11410945483541,17.154516669843545,1.4786787348386636,18.63319540468221,730.6056000000011,740.2128000000001,730.6056000000011,0.0,0,0,0.0,0.0,0.0,1.0,1.0,0.0,0.0,0.0,0.0,0.5,0.25,0.0,-133.5010862638407,0.0,48,640.0,254.74780000000004,9.5014,126.84210000000002,0.0,0.0,0.0,0.0,0.0,30,176.9721,640.0,254.74780000000004,126.84210000000002,83.5,0.0,0.0,0.015,4.620136434108528,5.2674488888888975,1.9133340000000023,1.7755359375,2.9273250135842512,7.033727549294189,270.0,258.0,135.0,506.6666666666667,403.0,51.0,27,0,0,3,13,8.0,512.0,9597.733499999993,1181.7481,3796.3568,185,7,0,32,0.35305043169501893,0.6735624243494884,0.33090695954494986,2,1923.931700000001,1191.9952000000003,13,0,200.0,0,0,0,0.0,0,0.0,46222.42399999999,0.0,0,0,0,1.5,0,0.0,0,0,0.0,0,0.0,0,0,382.6668000000005,80.0,1180.7926,6,106.60690000000001,106.60679999999996,NaN,1280.0,100.0,0.39281565290178566,0,0,0.0,0,0.0,1280.0,0,0.0,0,0,0,0.0,0.0,0.0,0.0,0.0,0.0,0.0,0.0,0,0,0,0,27,0.0,0,14,0.0,0,0.0,1381.9335999999998,30.9786,730.0578003614686,0.0,730.0578003614686,0.0,106.60690000000001,5559.747399999998,6158.8975,0.6961217431040543,96,4613.432000000002,32,41608.992000000006,4,0.0,4,633.7266999999999,2,501.96310000000005,-1297.8004999999998,38.24509050613821,193.0946,0,0,135,135,"N8 step 8, market entry",sumsy,5,-1.4551915228366852e-11
22,128,4,4,16437.539600000004,0.0,1884.9225999999994,3.8156,1427.3952999999997,,1427.3952999999997,0.0,0.0,0.0,0.0,0.0,0.0025,129.2924,0.0,0.0,1.0,129.59479999999996,0.0,0.0,0.0,1.0,0.0,0.0,1.0,0.0,0,0,0.9635416666666666,0.6726186002405508,0.0,248.0,0.0,0.0,1.0,0,2,0,0.2576470434907271,48,145.17789470835243,1.3675561845318733,146.5454508928843,17.7843848958194,1.7779861219885136,19.562371017807916,707.7947000000005,730.6055999999999,707.7947000000005,0.0,0,0,0.0,0.0,0.0,1.0,1.0,0.0,0.0,0.0,0.0,0.5,0.25,0.0,-138.84058626384063,0.0,48,640.0,261.84270000000004,3.8156,130.3786,0.0,0.0,0.0,0.0,0.0,30,176.4348,640.0,261.84270000000004,130.3786,85.0,0.0,0.0,0.015,4.520495667870039,5.24270763358779,1.9499574074074086,1.737891935483871,2.9489101399920026,6.850384588649815,262.0,277.0,131.0,508.0,407.0,51.0,25,0,0,3,14,18.0,512.0,9855.308100000004,1243.4267,3848.3787,185,7,0,32,0.3582473523677816,0.6726186002405508,0.3536049022395198,1,1927.9985999999994,1252.1773000000007,15,1,216.0,0,0,0,0.0,0,0.0,46482.59280000001,0.0,0,0,0,1.5,0,0.0,0,0,0.0,0,0.0,0,0,421.19080000000025,92.0,1184.6988999999999,6,133.1125,133.11240000000006,NaN,1280.0,100.0,0.4033751618303571,0,0,0.0,0,0.0,1280.0,0,0.0,0,0,0,0.0,0.0,0.0,0.0,0.0,0.0,0.0,0.0,0,0,0,0,25,0.0,0,14,0.0,0,0.0,1381.9335999999998,28.2421,645.3775793874019,0.0,645.3775793874019,0.0,133.1125,5799.7746000000025,6276.5043000000005,0.696040559111988,96,4699.9887,32,41782.6041,4,0.0,4,586.8693999999999,2,497.611,-1298.1028999999996,40.53979593650651,193.0946,0,0,131,131,"N8 step 8, market entry",sumsy,5,-1.4551915228366852e-11
23,128,4,4,16808.660600000003,0.0,1812.4205999999997,0.0,1424.2797999999996,,1424.2797999999996,0.0,0.0,0.0,0.0,0.0,0.0025,132.7963,0.0,0.0,1.0,126.79999999999997,0.0,0.0,0.0,1.0,0.0,0.0,1.0,0.0,1,0,0.9635416666666666,0.6697657095143472,0.0,253.0,0.0,0.0,1.0,0,2,0,0.25388963347124294,48,149.0329906186976,1.6702440006514427,150.70323461934902,18.630514820987276,2.0585574423046946,20.689072263291973,713.9419,707.7946999999997,713.9419,0.0,0,0,0.0,0.0,0.0,1.0,1.0,0.0,0.0,0.0,0.0,0.5,0.25,0.0,-144.00148626384058,0.0,48,640.0,268.8789999999999,0.0,133.89169999999996,0.0,0.0,0.0,0.0,0.0,32,177.5986,640.0,268.8789999999999,133.89169999999996,85.0,0.0,0.0,0.015,4.465777480916033,5.171208208955224,1.933924299065421,1.7062236220472446,2.9041549198480343,6.64487305099032,268.0,262.0,134.0,508.0,414.00000000000006,51.0,23,0,0,3,15,12.0,512.0,10185.1607,1281.7512,3853.4557,185,7,0,32,0.3555781010682779,0.6697657095143472,0.31646674274314823,1,1925.0559999999996,1170.0337000000006,15,0,214.0,0,0,0,0.0,0,0.0,46814.90679999996,0.0,0,0,0,1.5,0,0.0,0,0,0.0,0,0.0,0,0,413.8598000000001,93.0,1177.8981,6,121.90099999999998,121.90200000000004,NaN,1280.0,100.0,0.40903481584821433,0,0,0.0,0,0.0,1280.0,0,0.0,0,0,0,0.0,0.0,0.0,0.0,0.0,0.0,0.0,0.0,0,0,0,0,23,0.0,0,14,0.0,0,0.0,1381.9335999999998,25.5056,631.4681906409414,0.0,631.4681906409414,0.0,121.90099999999998,6029.884,6313.105,0.6940523225625361,96,4857.380399999999,32,41957.52639999999,4,0.0,4,533.2887000000001,2,494.96000000000004,-1291.4834999999996,42.9721836926969,193.0946,0,0,134,134,"N8 step 8, market entry",sumsy,5,-1.4551915228366852e-11
24,128,4,4,17172.3789,0.0,1748.7476999999997,0.0,1414.9045999999996,,1414.9045999999996,0.0,0.0,0.0,0.0,0.0,0.0025,136.4899,0.0,0.0,1.0,125.26490000000003,0.0,0.0,0.0,1.0,0.0,0.0,1.0,0.0,1,0,0.9635416666666666,0.6682162519458845,0.0,253.0,0.0,0.0,1.0,0,2,0,0.2608517918515042,48,151.88455361453387,1.782340174672548,153.66689378920643,19.949002849562877,2.1444366549836578,22.093439504546534,710.3342999999994,713.9419,710.3342999999994,0.0,0,0,0.0,0.0,0.0,1.0,1.0,0.0,0.0,0.0,0.0,0.5,0.25,0.0,-149.69612500648535,0.0,48,640.0,276.2817000000001,0.0,137.59070000000006,0.0,0.0,0.0,0.0,0.0,31,175.3986,640.0,276.2817000000001,137.59070000000006,85.0,0.0,0.0,0.015,4.387082490272372,5.144285820895518,1.918126200873363,1.6844370078740152,2.872611064272356,6.445526859460611,268.0,257.0,134.0,508.0,415.0,51.0,23,0,0,3,10,6.0,512.0,10511.621599999995,1346.4796999999999,3817.0836999999997,185,7,0,32,0.3588922599011741,0.6682162519458845,0.33692258957246457,2,1905.3971999999999,1127.4801999999997,11,1,229.0,0,0,0,0.0,0,0.0,47141.4002,0.0,0,0,0,1.5,0,0.0,0,0,0.0,0,0.0,0,0,439.2509000000001,94.0,1185.3054,6,122.6476,122.64719999999998,NaN,1280.0,100.0,0.41380945312499995,0,0,0.0,0,0.0,1280.0,0,0.0,0,0,0,0.0,0.0,0.0,0.0,0.0,0.0,0.0,0.0,0,0,0,0,23,0.0,0,14,0.0,0,0.0,1381.9335999999998,22.769099999999998,522.4481452350639,0.0,522.4481452350639,0.0,122.6476,6283.5061,6348.868800000001,0.6929131079308075,96,4967.095399999999,32,42174.3048,4,0.0,4,475.8772,2,492.213,-1278.4146999999996,45.55051471425872,193.0946,0,0,134,134,"N8 step 8, market entry",sumsy,5,-1.4551915228366852e-11
25,128,4,4,17529.58880000001,0.0,1679.6341999999993,0.0,1398.2706999999996,,1398.2706999999996,0.0,0.0,0.0,0.0,0.0,0.0025,139.7128,0.0,0.0,1.0,123.0579,0.0,0.0,0.0,1.0,0.0,0.0,1.0,0.0,0,0,0.9635416666666666,0.6676722987321349,0.0,250.0,0.0,0.0,1.0,0,2,0,0.2609888646171879,48,154.94530765288695,2.2335090537424827,157.17881670662945,20.84400935343733,2.5724998916235458,23.416509245060876,690.4855000000003,710.3342999999991,690.4855000000003,0.0,0,0,0.0,0.0,0.0,1.0,1.0,0.0,0.0,0.0,0.0,0.5,0.25,0.0,-156.2362000064854,0.0,48,640.0,282.79010000000005,0.0,140.83430000000007,0.0,0.0,0.0,0.0,0.0,28,176.1676,640.0,282.79010000000005,140.83430000000007,85.0,0.0,0.0,0.015,4.333578467153283,5.071859848484851,1.8935592920353994,1.6680728,2.840712483014127,6.252161053676791,264.0,274.0,132.0,508.00000000000006,411.00000000000006,51.0,24,0,0,3,16,11.0,512.0,10765.6246,1420.3076,3842.9884,185,7,0,32,0.36460701398249595,0.6676722987321349,0.33186633322755865,0,1870.9560999999994,1187.4004999999997,16,0,226.0,0,0,0,0.0,0,0.0,47391.994299999955,0.0,0,0,0,1.5,0,0.0,0,0,0.0,0,0.0,0,0,427.94440000000026,94.0,1184.7878,6,133.16770000000002,133.1676,NaN,1280.0,100.0,0.4220081529017858,0,0,0.0,0,0.0,1280.0,0,0.0,0,0,0,0.0,0.0,0.0,0.0,0.0,0.0,0.0,0.0,0,0,0,0,24,0.0,0,14,0.0,0,0.0,1381.9335999999998,20.032600000000002,387.82213446221886,0.0,387.82213446221886,0.0,133.16770000000002,6526.151799999998,6448.083799999999,0.692763964510068,96,5013.0895,32,42378.904800000004,4,0.0,4,418.19179999999983,2,489.7377,-1258.5578999999996,48.28354559711424,193.0946,0,0,132,132,"N8 step 8, market entry",sumsy,5,-1.4551915228366852e-11
26,128,4,4,17879.724899999997,0.0,1604.8259999999998,0.0,1375.9401999999998,,1375.9401999999998,0.0,0.0,0.0,0.0,0.0,0.0025,143.2391,0.0,0.0,1.0,121.55710000000002,0.0,0.0,0.0,1.0,0.0,0.0,1.0,0.0,0,0,0.9635416666666666,0.6662658662303353,0.0,255.0,0.0,0.0,1.0,0,2,0,0.26128757102170047,48,157.96755174919437,2.3926965993879397,160.3602483485823,22.373637888298536,2.6971376613807294,25.070775549679265,706.8543000000003,690.4855000000005,706.8543000000003,0.0,0,0,0.0,0.0,0.0,1.0,1.0,0.0,0.0,0.0,0.0,0.5,0.25,0.0,-163.22465752479644,0.0,48,640.0,289.86389999999994,0.0,144.3674,0.0,0.0,0.0,0.0,0.0,24,179.7635,640.0,289.86389999999994,144.3674,85.0,0.0,0.0,0.015,4.255671863117867,5.080402222222225,1.8575025316455682,1.6443804687499994,2.8009112663564233,6.064596222066487,270.0,263.0,135.0,508.0,418.0,51.0,22,0,0,2,12,8.0,512.0,11068.390300000003,1468.3488000000002,3824.2108000000003,185,7,0,32,0.36788399369542946,0.6662658662303353,0.31646595593789684,1,1870.0127999999997,1119.2416999999991,12,0,237.0,0,0,0,0.0,0,0.0,47689.9236,0.0,0,0,0,1.5,0,0.0,0,0,0.0,0,0.0,0,0,440.22809999999964,95.0,1195.7723999999998,6,129.00500000000002,129.00520000000003,NaN,1280.0,100.0,0.42691618861607145,0,0,0.0,0,0.0,1280.0,0,0.0,0,0,0,0.0,0.0,0.0,0.0,0.0,0.0,0.0,0.0,0,0,0,0,22,0.0,0,14,0.0,0,0.0,1381.9335999999998,17.2961,357.7092396207214,0.0,357.7092396207214,0.0,129.00500000000002,6814.078200000001,6488.332000000001,0.6918992169517002,96,5091.646999999998,32,42598.276600000005,4,0.0,4,360.50639999999987,2,485.82110000000006,-1232.7010999999998,51.1805583329411,193.0946,0,0,135,135,"N8 step 8, market entry",sumsy,5,-1.4551915228366852e-11
27,128,4,4,18223.636400000003,0.0,1651.8328999999997,128.6754,1346.7493999999997,,1346.7493999999997,0.0,0.0,0.0,0.0,0.0,0.0025,146.4005,0.0,0.0,1.0,119.37189999999998,0.0,0.0,0.0,1.0,0.0,0.0,1.0,0.0,0,0,0.9583333333333334,0.7075744238431534,0.0,251.0,1.0,0.0,1.0,0,2,0,0.2555312116107952,48,313.71450778820946,2.911010116526631,316.62551790473606,26.078990695905322,3.181747444927019,29.260738140832338,680.4360999999998,706.8543000000009,680.4360999999998,0.0,0,0,0.0,0.0,0.0,1.0,1.0,0.0,0.0,0.0,0.0,0.5,0.25,0.0,-170.8374060362948,0.0,48,640.0,296.0884999999999,128.6754,147.49669999999995,0.0,0.0,0.0,0.0,0.0,21,184.3044,640.0,296.0884999999999,147.49669999999995,85.0,0.0,0.0,0.015,4.228997864768683,4.995728030303028,1.838974999999999,1.6368451612903232,2.7856901430842376,5.882658335404493,264.0,281.0,132.0,509.3333333333333,413.0,51.0,23,0,0,0,18,15.0,512.0,11556.742999999997,1275.6279,3856.4533,184,8,0,32,0.38872221354342673,0.7075744238431534,0.34926029361083066,0,1832.9098999999994,1188.3483999999999,18,0,240.0,0,0,0,0.0,0,0.0,87918.52689999998,0.0,0,0,0,1.5,0,0.0,0,0,0.0,0,0.0,0,0,441.35399999999976,96.0,1204.1073000000001,6,143.26779999999997,143.2680000000001,NaN,1280.0,100.0,0.5212787946428571,0,0,0.0,0,0.0,1280.0,0,0.0,0,0,0,0.0,0.0,0.0,0.0,0.0,0.0,0.0,0.0,0,0,0,0,23,0.0,0,14,0.0,0,0.0,1381.9335999999998,14.5596,484.7076271021435,0.0,484.7076271021435,0.0,143.26779999999997,7313.000599999997,6336.188499999999,0.7338656823144243,96,5091.634500000001,32,82826.8924,4,0.0,4,302.821,2,479.4462,-1200.3488999999997,54.25139183291756,409.4694,0,0,132,132,"N8 step 8, market entry",sumsy,5,-1.4551915228366852e-11
28,128,4,4,18560.5841,0.0,1559.2080999999998,0.0,1313.0360999999998,,1313.0360999999998,0.0,0.0,0.0,0.0,0.0,0.0025,149.8693,0.0,0.0,1.0,118.62339999999999,0.0,0.0,0.0,1.0,0.0,0.0,1.0,0.0,0,0,0.9583333333333334,0.7073314940086068,0.0,257.0,0.0,0.0,1.0,0,2,0,0.25223211107155574,48,316.75987217605166,2.902436119938201,319.6623082959898,27.04989906417758,3.105935867991885,30.155834932169466,706.7538000000005,680.4361000000001,706.7538000000005,0.0,0,0,0.0,0.0,0.0,1.0,1.0,0.0,0.0,0.0,0.0,0.5,0.25,0.0,-179.82461942584212,0.0,48,640.0,303.05229999999966,0.0,150.97379999999984,0.0,0.0,0.0,0.0,0.0,18,188.2604,640.0,303.05229999999966,150.97379999999984,85.0,0.0,0.0,0.015,4.220924905660379,5.0055021897810255,1.8160196652719678,1.6080240310077518,2.7498950120727246,5.706178585342357,274.0,265.0,137.0,512.0,423.0,51.0,22,0,0,0,14,10.0,512.0,11847.599399999994,1319.8076,3848.8874,184,8,0,32,0.39405604211474254,0.7073314940086068,0.3202829950940098,0,1844.0147999999995,1118.5451000000005,14,0,239.0,0,0,0,0.0,0,0.0,88191.5587,0.0,0,0,0,1.5,0,0.0,0,0,0.0,0,0.0,0,0,434.0287000000003,96.0,1206.16,6,134.5498,134.5496,NaN,1280.0,100.0,0.5264575948660715,0,0,0.0,0,0.0,1280.0,0,0.0,0,0,0,0.0,0.0,0.0,0.0,0.0,0.0,0.0,0.0,0,0,0,0,22,0.0,0,14,0.0,0,0.0,1381.9335999999998,11.8231,497.85441009794454,0.0,497.85441009794454,0.0,134.5498,7577.3398,6374.8550000000005,0.7342524891045619,96,5172.372299999997,32,83019.18639999998,4,0.0,4,245.13559999999995,2,471.06129999999996,-1163.1667999999997,57.50647534289262,409.4694,0,0,137,137,"N8 step 8, market entry",sumsy,5,-1.4551915228366852e-11
29,128,4,4,18890.95199999999,0.0,1462.3858,0.0,1275.1245,,1275.1245,0.0,0.0,0.0,0.0,0.0,0.0025,153.1432,0.0,0.0,1.0,118.3965,0.0,0.0,0.0,1.0,0.0,0.0,1.0,0.0,0,0,0.9583333333333334,0.7068431112903419,0.0,255.0,0.0,0.0,1.0,0,2,0,0.2567717319642582,48,318.7081749009356,3.194288053293514,321.9024629542291,28.32318899723467,3.3594168270633253,31.682605824297998,692.0673999999992,706.7538000000003,692.0673999999992,0.0,0,0,0.0,0.0,0.0,1.0,1.0,0.0,0.0,0.0,0.0,0.5,0.25,0.0,-188.7252944258421,0.0,48,640.0,309.6320999999999,0.0,154.25810000000007,0.0,0.0,0.0,0.0,0.0,16,192.6763,640.0,309.6320999999999,154.25810000000007,85.0,0.0,0.0,0.015,4.17104456928839,4.9708696296296235,1.8225879166666668,1.608625984251969,2.743268600486336,5.534993227782086,270.0,267.0,135.0,512.0,419.0,51.0,23,0,0,1,15,7.0,512.0,12119.9247,1398.3066,3816.0257,184,8,0,32,0.3973949377007058,0.7068431112903419,0.31829268717211767,0,1821.6586999999995,1113.6689000000001,15,0,240.0,0,0,0,0.0,0,0.0,88445.36099999992,0.0,0,0,0,1.5,0,0.0,0,0,0.0,0,0.0,0,0,437.4211,96.0,1210.8755,6,138.82970000000003,138.83040000000003,NaN,1280.0,100.0,0.5322884877232142,0,0,0.0,0,0.0,1280.0,0,0.0,0,0,0,0.0,0.0,0.0,0.0,0.0,0.0,0.0,0.0,0,0,0,0,23,0.0,0,14,0.0,0,0.0,1381.9335999999998,9.086599999999999,366.650612447593,0.0,366.650612447593,0.0,138.82970000000003,7828.596000000001,6425.2078,0.7345592038914546,96,5222.401300000002,32,83222.95969999999,4,0.0,4,187.4509999999999,2,459.6364,-1121.9813,60.95686386346618,409.4694,0,0,135,135,"N8 step 8, market entry",sumsy,5,-1.4551915228366852e-11
30,128,4,4,19214.427799999987,0.0,1510.8390999999997,126.3252,1231.8464,,1231.8464,0.0,0.0,0.0,0.0,0.0,0.0025,156.6629,0.0,0.0,1.0,116.99779999999998,0.0,0.0,0.0,1.0,0.0,0.0,1.0,0.0,0,0,0.953125,0.7077781533573184,0.0,255.0,1.0,0.0,1.0,0,2,0,0.2601080418801515,48,330.7158213858577,3.1749978865766595,333.8908192724344,31.812831595845733,3.304131744528931,35.11696334037467,689.7809999999992,692.0673999999988,689.7809999999992,0.0,0,0,0.0,0.0,0.0,1.0,1.0,0.0,0.0,0.0,0.0,0.5,0.25,0.0,-197.7131944258421,0.0,48,640.0,316.5242000000001,126.3252,157.7289999999999,0.0,0.0,0.0,0.0,0.0,15,195.0263,640.0,316.5242000000001,157.7289999999999,85.0,0.0,0.0,0.015,4.1541996268656725,4.953933333333327,1.8278535087719299,1.6011055555555542,2.7275603822638206,5.368943430948624,270.0,268.0,135.0,510.6666666666667,419.0,51.0,22,0,0,2,14,7.0,512.0,12690.083399999998,1194.5533,3780.9409000000005,183,9,0,32,0.415566327291631,0.7077781533573184,0.33970545388524864,1,1800.4215000000002,1113.3255000000001,14,0,228.0,0,0,0,0.0,0,0.0,90579.45445000006,0.0,0,0,0,1.5,0,0.0,0,0,0.0,0,0.0,0,0,416.7506,96.0,1197.161,6,135.3087,135.30920000000003,NaN,1280.0,100.0,0.5408067494419643,0,0,0.0,0,0.0,1280.0,0,0.0,0,0,0,0.0,0.0,0.0,0.0,0.0,0.0,0.0,0.0,0,0,0,0,22,0.0,0,14,0.0,0,0.0,1381.9335999999998,6.351,567.9640068190135,0.0,567.9640068190135,0.0,135.3087,8330.0261,6172.6552,0.735821596260186,96,5338.2313,32,85241.22315,4,0.0,4,153.85829999999987,2,446.1456,-1075.1834999999999,64.61427569527416,419.69325000000003,0,0,135,135,"N8 step 8, market entry",sumsy,5,-1.4551915228366852e-11
31,128,4,4,19531.205099999996,0.0,1430.9051000000002,0.0,1184.1182000000001,,1184.1182000000001,0.0,0.0,0.0,0.0,0.0,0.0025,159.9963,0.0,0.0,1.0,116.52480000000001,0.0,0.0,0.0,1.0,0.0,0.0,1.0,0.0,0,0,0.953125,0.7079227841540126,0.0,252.0,0.0,0.0,1.0,0,2,0,0.2636585753733609,48,333.5180154618545,3.244474836182921,336.7624902980374,33.33671042296255,3.357307827211911,36.69401825017446,688.4742000000008,689.7810000000005,688.4742000000008,0.0,0,0,0.0,0.0,0.0,1.0,1.0,0.0,0.0,0.0,0.0,0.5,0.25,0.0,-208.07580754354498,0.0,48,640.0,323.2227,0.0,161.07330000000002,0.0,0.0,0.0,0.0,0.0,14,197.0743,640.0,323.2227,161.07330000000002,85.0,0.0,0.0,0.015,4.146361977186311,4.981150746268662,1.7941116666666646,1.5752032000000002,2.7110469213435224,5.207875128020165,268.0,263.0,134.0,509.3333333333333,417.0,51.0,23,0,0,0,8,6.0,512.0,12948.061900000002,1300.5246,3726.0325000000003,183,9,0,32,0.42199544291692437,0.7079227841540126,0.3408428961145289,1,1777.6968000000002,1090.4932,8,0,240.0,0,0,0,0.0,0,0.0,90802.45165000002,0.0,0,0,0,1.5,0,0.0,0,0,0.0,0,0.0,0,0,430.58679999999947,96.0,1199.5155,6,134.97539999999998,134.97480000000004,NaN,1280.0,100.0,0.5453533286830358,0,0,0.0,0,0.0,1280.0,0,0.0,0,0,0,0.0,0.0,0.0,0.0,0.0,0.0,0.0,0.0,0,0,0,0,23,0.0,0,14,0.0,0,0.0,1381.9335999999998,4.019699999999999,439.5991070033888,0.0,439.5991070033888,0.0,134.97539999999998,8594.081100000001,6226.0726,0.7361799720859568,96,5353.9895,32,85448.46214999999,4,0.0,4,128.89490000000012,2,432.3528,-1024.1219,68.49113223699061,419.69325000000003,0,0,134,134,"N8 step 8, market entry",sumsy,5,-1.4551915228366852e-11
32,128,4,4,19841.68759999999,0.0,1355.3925,0.0,1132.5457000000001,,1132.5457000000001,0.0,0.0,0.0,0.0,0.0,0.0025,163.1194,0.0,0.0,1.0,116.3055,0.0,0.0,0.0,1.0,0.0,0.0,1.0,0.0,0,0,0.953125,0.7080031160857194,0.0,251.0,0.0,0.0,1.0,0,2,0,0.26102941176470584,48,335.45734233619476,3.2141113834476993,338.67145371964244,34.59876411884091,3.308258790962306,37.90702290980322,674.563,688.4741999999993,674.563,0.0,0,0,0.0,0.0,0.0,1.0,1.0,0.0,0.0,0.0,0.0,0.5,0.25,0.0,-218.42527071746588,0.0,48,640.0,329.5175000000003,0.0,164.21270000000007,0.0,0.0,0.0,0.0,0.0,12,198.26960000000003,640.0,329.5175000000003,164.21270000000007,85.0,0.0,0.0,0.015,4.104786397058825,4.914007518796993,1.7759982758620676,1.5757919354838696,2.702679405927896,5.05163887417956,266.0,272.0,133.0,512.0,415.0,51.0,24,0,0,4,15,11.0,512.0,13190.5318,1406.2929000000001,3697.8374000000003,183,9,0,32,0.42695362448824814,0.7080031160857194,0.34866298871489443,0,1762.3598999999995,1116.5019000000004,15,0,232.0,0,0,0,0.0,0,0.0,91005.50655000003,0.0,0,0,0,1.5,0,0.0,0,0,0.0,0,0.0,0,0,412.0315999999997,96.0,1185.6365,6,140.8838,140.884,NaN,1280.0,100.0,0.5500450251116072,0,0,0.0,0,0.0,1280.0,0,0.0,0,0,0,0.0,0.0,0.0,0.0,0.0,0.0,0.0,0.0,0,0,0,0,24,0.0,0,14,0.0,0,0.0,1381.9335999999998,2.498,359.3716743900481,0.0,359.3716743900481,0.0,140.8838,8851.4642,6289.766800000001,0.7364551669507811,96,5368.558599999999,32,85636.94795,4,0.0,4,112.19719999999995,2,417.70730000000003,-969.4263000000001,72.60060017121005,419.69325000000003,0,0,133,133,"N8 step 8, market entry",sumsy,5,-1.4551915228366852e-11
33,128,4,4,20145.772799999988,0.0,1283.2024000000006,0.0,1076.256,,1076.256,0.0,0.0,0.0,0.0,0.0,0.0025,166.2797,0.0,0.0,1.0,115.13900000000001,0.0,0.0,0.0,1.0,0.0,0.0,1.0,0.0,0,0,0.953125,0.7086623356878299,0.0,251.0,0.0,0.0,1.0,0,2,0,0.2535795629424438,48,340.1522148913356,2.9295631017114863,343.08177799304707,35.982580676582536,3.005573802909301,38.98815447949183,680.5344999999993,674.5630000000002,680.5344999999993,0.0,0,0,0.0,0.0,0.0,1.0,1.0,0.0,0.0,0.0,0.0,0.5,0.25,0.0,-228.9628459305513,0.0,48,640.0,335.9148000000002,0.0,167.39849999999998,0.0,0.0,0.0,0.0,0.0,10,199.14260000000002,640.0,335.9148000000002,167.39849999999998,85.0,0.0,0.0,0.015,4.111548070175437,4.921899253731338,1.758789867841409,1.5543055999999995,2.682911970673465,4.900089707954174,268.0,285.0,134.0,506.6666666666667,417.0,51.0,21,0,0,1,21,20.0,512.0,13388.701700000001,1500.8777,3726.3122999999996,183,9,0,32,0.43482323146248447,0.7086623356878299,0.3375523783934322,1,1754.1589000000008,1171.7911999999997,21,0,227.0,0,0,0,0.0,0,0.0,91159.46784999997,0.0,0,0,0,1.5,0,0.0,0,0,0.0,0,0.0,0,0,399.2452999999998,96.0,1164.4587999999999,6,145.4269,145.42640000000006,NaN,1280.0,100.0,0.5564419168526785,0,0,0.0,0,0.0,1280.0,0,0.0,0,0,0,0.0,0.0,0.0,0.0,0.0,0.0,0.0,0.0,0,0,0,0,21,0.0,0,14,0.0,0,0.0,1381.9335999999998,1.3853,297.14683962376483,0.0,297.14683962376483,0.0,145.4269,9036.5965,6391.6488,0.7371198238545136,96,5396.568299999999,32,85762.89955000002,4,0.0,4,103.20659999999998,2,402.7395,-909.9763,76.95663618148265,419.69325000000003,0,0,134,134,"N8 step 8, market entry",sumsy,5,-1.4551915228366852e-11
34,128,4,4,20443.6066,0.0,1208.7056000000002,0.0,1016.9563,,1016.9563,0.0,0.0,0.0,0.0,0.0,0.0025,169.4003,0.0,0.0,1.0,115.3289,0.0,0.0,0.0,1.0,0.0,0.0,1.0,0.0,1,0,0.953125,0.7069364174006227,0.0,254.0,0.0,0.0,1.0,0,2,0,0.25278394776464275,48,339.94580985207824,3.009919064998034,342.95572891707627,36.1892203839466,3.0694661662484695,39.258686550195065,693.4309,680.5344999999994,693.4309,0.0,0,0,0.0,0.0,0.0,1.0,1.0,0.0,0.0,0.0,0.0,0.5,0.25,0.0,-239.3753437722423,0.0,48,640.0,342.1662000000001,0.0,170.5218,0.0,0.0,0.0,0.0,0.0,10,199.73590000000002,640.0,342.1662000000001,170.5218,85.0,0.0,0.0,0.015,4.124192664092664,4.908254744525547,1.7549379166666659,1.5698835937499986,2.6667577384596215,4.753087016715548,274.0,259.0,137.0,510.6666666666667,423.0,51.0,21,0,0,0,14,9.0,512.0,13668.002099999994,1582.1123,3657.3559999999998,183,9,0,32,0.42843871162093583,0.7069364174006227,0.2959118003318475,2,1764.149399999999,1068.1659,15,1,240.0,0,0,0,0.0,0,0.0,91390.96914999998,0.0,0,0,0,1.5,0,0.0,0,0,0.0,0,0.0,0,0,421.1850999999998,96.0,1167.0,6,134.48579999999998,134.4852,NaN,1280.0,100.0,0.5579803989955356,0,0,0.0,0,0.0,1280.0,0,0.0,0,0,0,0.0,0.0,0.0,0.0,0.0,0.0,0.0,0.0,0,0,0,0,21,0.0,0,14,0.0,0,0.0,1381.9335999999998,0.6849,264.4640371294071,0.0,264.4640371294071,0.0,134.48579999999998,9188.0917,6406.4683,0.7356264379864128,96,5568.003499999999,32,85822.96565000001,4,0.0,4,94.79669999999987,2,387.492,-847.556,81.57403435237161,419.69325000000003,0,0,137,137,"N8 step 8, market entry",sumsy,5,-1.4551915228366852e-11
35,128,4,4,20735.87459999999,0.0,1131.6865000000005,0.0,954.9404000000002,,954.9404000000002,0.0,0.0,0.0,0.0,0.0,0.0025,172.1688,0.0,0.0,1.0,115.6833,0.0,0.0,0.0,1.0,0.0,0.0,1.0,0.0,0,0,0.953125,0.7063652689681148,0.0,248.0,0.0,0.0,1.0,0,2,0,0.25968943315237975,48,339.379341924033,3.2110750845840585,342.590417008617,36.40170907764565,3.2529033177336966,39.654612395379345,685.7539999999995,693.4308999999989,685.7539999999995,0.0,0,0,0.0,0.0,0.0,1.0,1.0,0.0,0.0,0.0,0.0,0.5,0.25,0.0,-249.59157783872428,0.0,48,640.0,347.7319999999999,0.0,173.30029999999988,0.0,0.0,0.0,0.0,0.0,8,200.1153,640.0,347.7319999999999,173.30029999999988,85.0,0.0,0.0,0.015,4.120668913857676,4.924103703703699,1.7496613733905575,1.5449801587301588,2.6800014420711205,4.610494406214082,270.0,267.0,135.0,512.0,419.0,51.0,23,0,0,2,13,9.0,512.0,13918.651599999997,1675.5999000000002,3612.2613,183,9,0,32,0.42906742545466847,0.7063652689681148,0.3319807368814438,1,1747.9987000000003,1100.2185999999995,13,0,233.0,0,0,0,0.0,0,0.0,91591.36345000006,0.0,0,0,0,1.5,0,0.0,0,0,0.0,0,0.0,0,0,407.6710999999999,96.0,1157.0777,6,140.5256,140.52599999999998,NaN,1280.0,100.0,0.5608386969866073,0,0,0.0,0,0.0,1280.0,0,0.0,0,0,0,0.0,0.0,0.0,0.0,0.0,0.0,0.0,0.0,0,0,0,0,23,0.0,0,14,0.0,0,0.0,1381.9335999999998,0.3122,192.9691317707625,0.0,192.9691317707625,0.0,140.5256,9377.360900000001,6444.938899999999,0.7351978680536895,96,5660.004799999999,32,85931.35865000002,4,0.0,4,86.12670000000003,2,372.0306,-782.7716000000001,86.46847641351391,419.69325000000003,0,0,135,135,"N8 step 8, market entry",sumsy,5,-1.4551915228366852e-11
36,128,4,4,21022.143599999978,0.0,1052.9048000000003,0.4385,890.1164,,890.1164,0.0,0.0,0.0,0.0,0.0,0.0025,175.151,0.0,0.0,1.0,115.5851,0.0,0.0,0.0,1.0,0.0,0.0,1.0,0.0,0,0,0.953125,0.7056254714755992,0.0,245.0,0.0,0.0,1.0,0,2,0,0.2601080418801515,48,340.0493506647052,3.3322362448279352,343.3815869095331,36.68851775666009,3.3657390204791353,40.05425677713923,678.0450000000006,685.7539999999985,678.0450000000006,0.0,0,0,0.0,0.0,0.0,1.0,1.0,0.0,0.0,0.0,0.0,0.5,0.25,0.0,-259.5986407530064,0.0,48,640.0,353.731,0.4385,176.29370000000014,0.0,0.0,0.0,0.0,0.0,7,200.3971,640.0,353.731,176.29370000000014,85.0,0.0,0.0,0.015,4.116926865671646,4.903320895522393,1.7339558333333334,1.5477343999999997,2.6761680168674027,4.472179574027659,268.0,268.0,134.0,509.33333333333337,417.0,51.0,22,0,0,0,14,7.0,512.0,14146.764699999994,1757.4972999999998,3584.0986,183,9,0,32,0.4280768319306074,0.7056254714755992,0.35103500035549784,2,1734.9898999999994,1103.336400000001,14,0,240.0,0,0,0,0.0,0,0.0,91765.65155000005,0.0,0,0,0,1.5,0,0.0,0,0,0.0,0,0.0,0,0,416.1494,96.0,1158.2349,6,141.5267,141.52679999999995,NaN,1280.0,100.0,0.5646133621651787,0,0,0.0,0,0.0,1280.0,0,0.0,0,0,0,0.0,0.0,0.0,0.0,0.0,0.0,0.0,0.0,0,0,0,0,22,0.0,0,14,0.0,0,0.0,1381.9335999999998,0.0004,122.49430176105722,0.0,122.49430176105722,0.0,141.5267,9515.989699999998,6499.8308,0.7346203371272471,96,5758.425899999998,32,86007.22565000001,4,0.0,4,78.21839999999997,2,356.47159999999997,-714.9654,91.65658499832475,419.69325000000003,0,0,134,134,"N8 step 8, market entry",sumsy,5,-1.4551915228366852e-11
37,128,4,4,21302.51220000001,0.0,974.9237000000002,3.0981,822.2425000000002,,822.2425000000002,0.0,0.0,0.0,0.0,0.0,0.0025,178.0879,0.0,0.0,1.0,115.47929999999998,0.0,0.0,0.0,1.0,0.0,0.0,1.0,0.0,1,1,0.953125,0.7052422488812804,0.0,159.0,0.0,0.0,1.0,0,2,0,0.26024648086381363,48,340.92980956529783,3.1962451900784363,344.12605475537623,37.05699504493124,3.254472901813637,40.31146794674488,673.3640000000003,678.0450000000001,673.3640000000003,0.0,0,0,0.0,0.0,0.0,1.0,1.0,0.0,0.0,0.0,0.0,0.5,0.25,0.0,-269.4100157530064,0.0,48,640.0,359.6314000000002,3.0981,179.24030000000013,0.0,0.0,0.0,0.0,0.0,7,200.6962,640.0,359.6314000000002,179.24030000000013,85.0,0.0,0.0,0.015,4.1375469924812025,4.868388059701495,1.7332624999999988,1.5608064,2.66735347381796,4.338014186806829,268.0,266.0,134.0,512.0,417.0,51.0,23,0,0,0,12,5.0,512.0,14376.2188,1826.7261999999998,3561.7536,183,9,0,32,0.4288560099553087,0.7052422488812804,0.3495003769972955,3,1728.046,1100.5874999999999,12,0,240.0,0,0,0,0.0,0,0.0,91934.69164999995,0.0,0,0,0,1.5,0,0.0,0,0,0.0,0,0.0,0,0,415.9829999999997,96.0,1159.0295,6,142.8792,142.87879999999998,NaN,1280.0,100.0,0.567985493861607,0,0,0.0,0,0.0,1280.0,0,0.0,0,0,0,0.0,0.0,0.0,0.0,0.0,0.0,0.0,0.0,0,0,0,0,23,0.0,0,14,0.0,0,0.0,1381.9335999999998,0.0,75.36868579034791,0.0,75.36868579034791,0.0,142.8792,9701.9166,6547.5093,0.7343397355960064,96,5833.479000000002,32,86101.21265000002,4,0.0,4,73.84919999999988,2,340.9299,-644.1546000000002,97.15598009822423,419.69325000000003,0,0,134,134,"N8 step 8, market entry",sumsy,5,-1.4551915228366852e-11
38,128,4,4,21577.545900000016,0.0,895.1521,3.5726,752.2697,,752.2697,0.0,0.0,0.0,0.0,0.0,0.0025,180.7374,0.0,0.0,1.0,116.05819999999999,0.0,0.0,0.0,1.0,0.0,0.0,1.0,0.0,0,0,0.953125,0.7048605506904719,0.0,159.0,0.0,0.0,1.0,0,2,0,0.2599751297577855,48,339.66313082086407,3.233010921614418,342.89614174247845,37.03561654396123,3.3183829475690874,40.35399949153032,682.8497999999997,673.3639999999997,682.8497999999997,0.0,0,0,0.0,0.0,0.0,1.0,1.0,0.0,0.0,0.0,0.0,0.5,0.25,0.0,-278.8661907530063,0.0,48,640.0,364.9663,3.5726,181.90110000000007,0.0,0.0,0.0,0.0,0.0,5,200.8836,640.0,364.9663,181.90110000000007,85.0,0.0,0.0,0.015,4.115014338235292,4.939177611940297,1.729114166666668,1.5442616000000005,2.68408583486594,4.207873761202623,268.0,272.0,134.0,512.0,417.0,51.0,23,0,0,2,16,7.0,512.0,14594.660200000004,1885.0807,3557.8949000000002,183,9,0,32,0.4290997007933075,0.7048605506904719,0.3182206387571329,1,1728.7443,1119.2838999999994,16,0,240.0,0,0,0,0.0,0,0.0,92090.34785000005,0.0,0,0,0,1.5,0,0.0,0,0,0.0,0,0.0,0,0,414.9874000000003,96.0,1158.2891,6,148.3228,148.32280000000003,NaN,1280.0,100.0,0.57169673828125,0,0,0.0,0,0.0,1280.0,0,0.0,0,0,0,0.0,0.0,0.0,0.0,0.0,0.0,0.0,0.0,0,0,0,0,23,0.0,0,14,0.0,0,0.0,1381.9335999999998,0.0,38.89940712943189,0.0,38.89940712943189,0.0,148.3228,9861.462000000001,6601.2647,0.7340619450069863,96,5929.9395,32,86160.40835000001,4,0.0,4,69.75229999999999,2,325.2765,-571.5323,102.9853389041177,419.69325000000003,0,0,134,134,"N8 step 8, market entry",sumsy,5,-1.4551915228366852e-11
39,128,4,4,21846.995500000015,0.0,810.2334,0.0,680.8999,,680.8999,0.0,0.0,0.0,0.0,0.0,0.0025,184.9328,0.0,0.0,1.0,115.42579999999998,0.0,0.0,0.0,1.0,0.0,0.0,1.0,0.0,1,0,0.953125,0.7042142863539422,0.0,160.0,0.0,0.0,1.0,0,2,0,0.2583434321428085,48,342.2170205019891,3.110787366265715,345.32780786825487,37.701076224512164,3.189160772965921,40.890236997478084,682.7343000000003,682.8498000000004,682.7343000000003,0.0,0,0,0.0,0.0,0.0,1.0,1.0,0.0,0.0,0.0,0.0,0.5,0.25,0.0,-287.80389075300644,0.0,48,640.0,370.5504000000001,0.0,184.67279999999994,0.0,0.0,0.0,0.0,0.0,2,200.937,640.0,370.5504000000001,184.67279999999994,85.0,0.0,0.0,0.015,4.136151291512915,4.9017355555555575,1.7212029166666674,1.5444539682539689,2.682334969421237,4.081637548366545,270.0,271.0,135.0,509.33333333333337,419.0,51.0,22,0,0,2,15,9.0,512.0,14805.191700000001,1942.5193,3556.9619,183,9,0,32,0.4281157920497405,0.7042142863539422,0.3252786292930634,3,1730.5321000000013,1120.897,15,0,240.0,0,0,0,0.0,0,0.0,92241.84445000002,0.0,0,0,0,1.5,0,0.0,0,0,0.0,0,0.0,0,0,413.0887000000002,96.0,1156.4528,6,143.3709,143.3707999999999,NaN,1280.0,100.0,0.5754589815848216,0,0,0.0,0,0.0,1280.0,0,0.0,0,0,0,0.0,0.0,0.0,0.0,0.0,0.0,0.0,0.0,0,0,0,0,22,0.0,0,14,0.0,0,0.0,1381.9335999999998,0.0,14.366838356325957,0.0,14.366838356325957,0.0,143.3709,10022.420300000003,6655.933999999999,0.7336340167600595,96,6052.6203,32,86189.22415000001,4,0.0,4,60.50810000000001,2,309.4891,-495.9671,109.16445923836477,419.69325000000003,0,0,135,135,"N8 step 8, market entry",sumsy,5,-1.4551915228366852e-11
40,128,4,4,22111.189399999996,0.0,725.5348999999999,0.0,609.5301,,609.5301,0.0,0.0,0.0,0.0,0.0,0.0025,190.3437,0.0,0.0,1.0,116.01860000000003,0.0,0.0,0.0,1.0,0.0,0.0,1.0,0.0,0,0,0.953125,0.7039938919322164,0.0,160.0,0.0,0.0,1.0,0,2,0,0.25,48,340.64723475930435,3.32797583267961,343.97521059198397,37.73024275681407,3.4005684012275603,41.13081115804163,681.5229000000003,682.7343000000002,681.5229000000003,0.0,0,0,0.0,0.0,0.0,1.0,1.0,0.0,0.0,0.0,0.0,0.5,0.25,0.0,-295.89219075300656,0.0,48,640.0,375.8060999999999,0.0,187.2652,0.0,0.0,0.0,0.0,0.0,2,200.81470000000002,640.0,375.8060999999999,187.2652,85.0,0.0,0.0,0.015,4.1841191176470565,4.892762222222224,1.7216412500000013,1.5477666666666663,2.6891817272719263,3.9591884219155484,270.0,272.0,135.0,509.33333333333337,418.99999999999994,51.0,22,0,0,1,16,10.0,512.0,15005.325399999998,1990.5165,3569.2825,183,9,0,32,0.43050518803227633,0.7039938919322164,0.33165861776805805,2,1729.8422,1138.0803999999994,16,0,240.0,0,0,0,0.0,0,0.0,92382.72305000009,0.0,0,0,0,1.5,0,0.0,0,0,0.0,0,0.0,0,0,413.1939000000003,96.0,1154.9066,6,151.8299,151.82960000000003,NaN,1280.0,100.0,0.5794501478794644,0,0,0.0,0,0.0,1280.0,0,0.0,0,0,0,0.0,0.0,0.0,0.0,0.0,0.0,0.0,0.0,0,0,0,0,22,0.0,0,14,0.0,0,0.0,1381.9335999999998,0.0,0.0,0.0,0.0,0.0,151.8299,10233.440700000001,6714.705600000001,0.7336081631874589,96,6073.049699999997,32,86309.67335,4,0.0,4,51.4840999999999,2,293.526,-419.18639999999994,115.71432679266667,419.69325000000003,0,0,135,135,"N8 step 8, market entry",sumsy,5,-1.4551915228366852e-11
41,128,4,4,22369.935699999998,0.0,641.3502000000002,1.0876,538.1603,,538.1603,0.0,0.0,0.0,0.0,0.0,0.0025,196.3218,0.0,0.0,1.0,117.36500000000001,0.0,0.0,0.0,1.0,0.0,0.0,1.0,0.0,1,1,0.953125,0.7032635633438389,0.0,160.0,0.0,0.0,1.0,0,2,0,0.2601183431952663,48,337.3107362186365,3.1286706714488464,340.4394068900853,37.87934517428851,3.199835361097784,41.07918053538629,682.6704999999992,681.5228999999999,682.6704999999992,0.0,0,0,0.0,0.0,0.0,1.0,1.0,0.0,0.0,0.0,0.0,0.5,0.25,0.0,-303.1473907530066,0.0,48,640.0,381.2536999999998,1.0876,189.95749999999987,0.0,0.0,0.0,0.0,0.0,0,200.5552,640.0,381.2536999999998,189.95749999999987,85.0,0.0,0.0,0.015,4.118263076923077,4.9012629629629565,1.726470833333335,1.5424214285714288,2.70512038484487,3.8404127692580823,270.0,260.0,135.0,510.66666666666663,419.0,51.0,22,0,0,3,10,7.0,512.0,15268.864800000003,2031.2078999999999,3519.2154,183,9,0,32,0.43031624343071684,0.7032635633438389,0.31119712176088,2,1730.2432000000003,1070.7484,10,0,240.0,0,0,0,0.0,0,0.0,92586.49355000007,0.0,0,0,0,1.5,0,0.0,0,0,0.0,0,0.0,0,0,414.3530000000004,96.0,1153.7706,6,150.04489999999998,150.04520000000014,NaN,1280.0,100.0,0.5795750585937499,0,0,0.0,0,0.0,1280.0,0,0.0,0,0,0,0.0,0.0,0.0,0.0,0.0,0.0,0.0,0.0,0,0,0,0,22,0.0,0,14,0.0,0,0.0,1381.9335999999998,0.0,0.0,0.0,0.0,0.0,150.04489999999998,10385.5662,6704.193899999999,0.7331010028797669,96,6214.912199999999,32,86371.58135,4,0.0,4,42.97389999999996,2,277.4257,-341.8385,122.65718640022668,419.69325000000003,0,0,135,135,"N8 step 8, market entry",sumsy,5,-1.4551915228366852e-11
42,128,4,4,22623.592499999988,0.0,560.178,3.8204,466.7905,,466.7905,0.0,0.0,0.0,0.0,0.0,0.0025,205.734,0.0,0.0,1.0,115.51749999999997,0.0,0.0,0.0,1.0,0.0,0.0,1.0,0.0,1,1,0.953125,0.7037528917861826,0.0,157.0,0.0,0.0,1.0,0,2,0,0.25667722951561794,48,343.4253574415802,3.0770720740745454,346.50242951565474,38.842509594224005,3.176904116784111,42.01941371100811,672.8921999999999,682.6705000000002,672.8921999999999,0.0,0,0,0.0,0.0,0.0,1.0,1.0,0.0,0.0,0.0,0.0,0.5,0.25,0.0,-309.5499907530068,0.0,48,640.0,386.3432000000001,3.8204,192.42030000000008,0.0,0.0,0.0,0.0,0.0,0,200.26,640.0,386.3432000000001,192.42030000000008,85.0,0.0,0.0,0.015,4.19628014184397,4.938577272727272,1.7934375,1.5330154471544724,2.739905841745827,3.7252003861803398,264.0,282.0,132.0,508.0,413.0,51.0,22,0,0,1,16,18.0,512.0,15413.116200000006,2074.1603,3574.8136,183,9,0,32,0.4343619229072573,0.7037528917861826,0.3521270520657138,1,1719.7290999999989,1183.3509999999997,17,1,240.0,0,0,0,0.0,0,0.0,92671.78394999997,0.0,0,0,0,1.5,0,0.0,0,0,0.0,0,0.0,0,0,430.425,96.0,1155.5084,6,171.30030000000002,171.30040000000005,NaN,1280.0,100.0,0.5858830106026786,0,0,0.0,0,0.0,1280.0,0,0.0,0,0,0,0.0,0.0,0.0,0.0,0.0,0.0,0.0,0.0,0,0,0,0,22,0.0,0,14,0.0,0,0.0,1381.9335999999998,0.0,0.0,0.0,0.0,0.0,171.30030000000002,10584.96,6804.4823,0.7337369042280235,96,6177.685899999997,32,86494.09805,4,0.0,4,33.6558,2,261.2897,-261.0565,130.0166175842403,419.69325000000003,0,0,132,132,"N8 step 8, market entry",sumsy,5,-1.4551915228366852e-11
43,128,4,4,22872.101000000002,0.0,608.8540999999999,130.5507,398.5369,,398.5369,0.0,0.0,0.0,0.0,0.0,0.0025,217.7567,0.0,0.0,1.0,117.70539999999997,0.0,0.0,0.0,1.0,0.0,0.0,1.0,0.0,0,0,0.9479166666666666,0.7164902139047133,0.0,159.0,1.0,0.0,1.0,0,2,0,0.25067931163088075,48,444.0458294414631,3.032579669612301,447.0784091110754,42.364708409878794,3.159576763848532,45.52428517372733,688.3488999999997,672.8921999999995,688.3488999999997,0.0,0,0,0.0,0.0,0.0,1.0,1.0,0.0,0.0,0.0,0.0,0.5,0.25,0.0,-315.1519907530069,0.0,48,640.0,391.4914999999998,130.5507,194.93489999999994,0.0,0.0,0.0,0.0,0.0,0,199.983,640.0,391.4914999999998,194.93489999999994,85.0,0.0,0.0,0.015,4.243338686131385,4.906977205882351,1.8253629166666658,1.5513222222222223,2.7504314124593585,3.613444374594929,272.0,274.0,136.0,510.6666666666667,421.0,51.0,22,0,0,0,16,20.0,512.0,15997.232199999999,1680.4925000000003,3612.208,182,10,0,32,0.45125612602456955,0.7164902139047133,0.33880016031869387,1,1740.7881,1162.6747999999995,16,0,240.0,0,0,0,0.0,0,0.0,119916.98009999997,0.0,0,0,0,1.5,0,0.0,0,0,0.0,0,0.0,0,0,438.0870999999998,96.0,1164.4286,6,140.51080000000002,140.51120000000006,NaN,1280.0,100.0,0.6663980859375,0,0,0.0,0,0.0,1280.0,0,0.0,0,0,0,0.0,0.0,0.0,0.0,0.0,0.0,0.0,0.0,0,0,0,0,22,0.0,0,14,0.0,0,0.0,1381.9335999999998,0.0,277.9117714678305,0.0,277.9117714678305,0.0,140.51080000000002,11235.161600000001,6457.1291,0.7458012958759355,96,6157.856600000001,32,113759.12349999999,4,0.0,4,27.64670000000001,2,245.1719,-180.7802,137.81761463929473,568.1186,0,0,136,136,"N8 step 8, market entry",sumsy,5,-1.4551915228366852e-11
44,128,4,4,23115.789299999997,0.0,526.9806,0.0,336.54249999999996,,336.54249999999996,0.0,0.0,0.0,0.0,0.0,0.0025,235.9526,0.0,0.0,1.0,119.02510000000004,0.0,0.0,0.0,1.0,0.0,0.0,1.0,0.0,0,0,0.9479166666666666,0.7165040906167901,0.0,157.0,0.0,0.0,1.0,0,2,0,0.2518895067157615,48,439.9532247008895,3.062243100663561,443.01546780155303,42.87247023977684,3.1805507041574783,46.053020943934314,689.9881,688.3488999999996,689.9881,0.0,0,0,0.0,0.0,0.0,1.0,1.0,0.0,0.0,0.0,0.0,0.5,0.25,0.0,-321.2406907530068,0.0,48,640.0,396.3116999999998,0.0,197.18039999999993,0.0,0.0,0.0,0.0,0.0,0,200.36,640.0,396.3116999999998,197.18039999999993,85.0,0.0,0.0,0.015,4.291073359073358,4.955467407407408,1.824455416666667,1.5580120000000006,2.7806986876992483,3.5050410433570813,270.0,259.0,135.0,512.0,419.0,51.0,22,0,0,1,14,10.0,512.0,16198.030399999998,1732.0416,3578.0681,182,10,0,32,0.45427164751153937,0.7165040906167901,0.3296487780586024,1,1743.2717999999998,1111.3879999999997,14,0,240.0,0,0,0,0.0,0,0.0,120054.3922,0.0,0,0,0,1.5,0,0.0,0,0,0.0,0,0.0,0,0,437.8693000000001,96.0,1171.3366,6,143.595,143.59519999999998,NaN,1280.0,100.0,0.6688195703125001,0,0,0.0,0,0.0,1280.0,0,0.0,0,0,0,0.0,0.0,0.0,0.0,0.0,0.0,0.0,0.0,0,0,0,0,22,0.0,0,14,0.0,0,0.0,1381.9335999999998,0.0,251.82007073752118,0.0,251.82007073752118,0.0,143.595,11453.1967,6481.446299999999,0.7458642204945285,96,6184.739099999998,32,113869.65310000001,4,0.0,4,25.80340000000001,2,229.7081,-100.58989999999997,146.08667151765243,568.1186,0,0,135,135,"N8 step 8, market entry",sumsy,5,-1.4551915228366852e-11
45,128,4,4,23353.927399999997,0.0,452.7225,0.0,281.8075,,281.8075,0.0,0.0,0.0,0.0,0.0,0.0025,261.5064,0.0,0.0,1.0,120.36509999999997,0.0,0.0,0.0,1.0,0.0,0.0,1.0,0.0,2,0,0.9479166666666666,0.7169027227120701,0.0,157.0,0.0,0.0,1.0,0,2,0,0.2508782836241669,48,435.8577637706532,2.6438472051995427,438.5016109758527,43.06240311145234,2.756829516161497,45.819232627613836,690.348699999999,689.9880999999998,690.348699999999,0.0,0,0,0.0,0.0,0.0,1.0,1.0,0.0,0.0,0.0,0.0,0.5,0.25,0.0,-326.46249075300676,0.0,48,640.0,401.8619,0.0,199.71689999999987,0.0,0.0,0.0,0.0,0.0,2,197.2043,640.0,401.8619,199.71689999999987,85.0,0.0,0.0,0.015,4.34619771863118,4.958138518518511,1.8840449999999984,1.5660999999999992,2.8421492626619145,3.3998898120563688,270.0,263.0,135.0,510.6666666666667,419.0,51.0,22,0,0,3,11,9.0,512.0,16366.928199999997,1777.1228,3573.9243,182,10,0,32,0.45910198204220753,0.7169027227120701,0.34293226276402633,4,1765.8599999999994,1143.0500000000004,11,0,240.0,0,0,0,0.0,0,0.0,120163.56359999996,0.0,0,0,0,1.5,0,0.0,0,0,0.0,0,0.0,0,0,452.17079999999964,96.0,1177.2414,6,139.90949999999998,139.90920000000003,NaN,1280.0,100.0,0.6724980301339285,0,0,0.0,0,0.0,1280.0,0,0.0,0,0,0,0.0,0.0,0.0,0.0,0.0,0.0,0.0,0.0,0,0,0,0,22,0.0,0,14,0.0,0,0.0,1381.9335999999998,0.0,226.8279901453234,0.0,226.8279901453234,0.0,139.90949999999998,11613.522899999996,6528.288500000001,0.7462878402028603,96,6201.093399999999,32,113962.47019999998,4,0.0,4,24.316100000000006,2,213.95530000000002,-20.30110000000002,154.8518718087116,568.1186,0,0,135,135,"N8 step 8, market entry",sumsy,5,-1.4551915228366852e-11
46,128,4,4,23587.522600000008,0.0,384.25300000000004,0.0,232.76920000000004,,232.76920000000004,0.0,0.0,0.0,0.0,0.0,0.0025,292.0428,0.0,0.0,1.0,121.9104,0.0,0.0,0.0,1.0,0.0,0.0,1.0,0.0,1,0,0.9479166666666666,0.7170240435980813,0.0,154.0,0.0,0.0,1.0,0,2,0,0.25016707507239916,48,430.8300881312815,2.7177814147708714,433.54786954605237,42.5472067881814,2.826185630213362,45.373392418394765,680.9406999999991,690.3486999999994,680.9406999999991,0.0,0,0,0.0,0.0,0.0,1.0,1.0,0.0,0.0,0.0,0.0,0.5,0.25,0.0,-330.91179075300687,0.0,48,640.0,406.4047999999998,0.0,201.6905999999999,0.0,0.0,0.0,0.0,0.0,2,191.0306,640.0,406.4047999999998,201.6905999999999,85.0,0.0,0.0,0.015,4.344743656716418,4.999550757575751,1.9749924686192475,1.5728229508196732,2.8985608055067096,3.2978931176946777,264.0,268.0,132.0,508.0,413.0,51.0,24,0,0,2,13,10.0,512.0,16501.2367,1827.9236,3588.1979999999994,182,10,0,32,0.460919951125921,0.7170240435980813,0.36887496788132434,1,1765.6956,1164.3913000000002,14,1,239.0,0,0,0,0.0,0,0.0,120239.87409999999,0.0,0,0,0,1.5,0,0.0,0,0,0.0,0,0.0,0,0,472.02320000000014,96.0,1187.0909,6,148.7009,148.69999999999996,NaN,1280.0,100.0,0.6777435546875001,0,0,0.0,0,0.0,1280.0,0,0.0,0,0,0,0.0,0.0,0.0,0.0,0.0,0.0,0.0,0.0,0,0,0,0,24,0.0,0,14,0.0,0,0.0,1381.9335999999998,0.0,191.56407700352946,0.0,191.56407700352946,0.0,148.7009,11703.5827,6603.212499999999,0.7464555306311884,96,6226.416,32,114013.45809999999,4,0.0,4,22.52780000000007,2,199.4538,59.27359999999996,164.1429841172343,568.1186,0,0,132,132,"N8 step 8, market entry",sumsy,5,-1.4551915228366852e-11
47,128,4,4,23816.212000000003,0.0,322.99859999999995,0.0,190.58999999999997,,190.58999999999997,0.0,0.0,0.0,0.0,0.0,0.0025,330.3161,0.0,0.0,1.0,121.86960000000003,0.0,0.0,0.0,1.0,0.0,0.0,1.0,0.0,2,0,0.9479166666666666,0.7170217512974502,0.0,124.0,0.0,0.0,1.0,0,2,0,0.25004239923116056,48,431.6764503082821,2.635473711920092,434.31192402020224,43.013002376302666,2.74391420716492,45.756916583467586,687.4084999999998,680.9406999999997,687.4084999999998,0.0,0,0,0.0,0.0,0.0,1.0,1.0,0.0,0.0,0.0,0.0,0.5,0.25,0.0,-334.63179075300695,0.0,48,640.0,411.31060000000014,0.0,203.76810000000003,0.0,0.0,0.0,0.0,0.0,4,183.9231,640.0,411.31060000000014,203.76810000000003,85.0,0.0,0.0,0.015,4.3711048872180465,5.010590225563908,1.9902626609442076,1.5856008130081292,2.8844471314961355,3.1989563241638375,266.0,266.0,133.0,509.33333333333337,415.0,51.0,23,0,0,2,16,6.0,512.0,16634.34269999999,1866.6088000000002,3610.994,182,10,0,32,0.46217894520600744,0.7170217512974502,0.32210900599677306,3,1765.8059999999991,1162.7139000000004,16,0,233.0,0,0,0,0.0,0,0.0,120318.08360000003,0.0,0,0,0,1.5,0,0.0,0,0,0.0,0,0.0,0,0,463.73120000000034,96.0,1190.0273,6,141.17950000000002,141.17879999999994,NaN,1280.0,100.0,0.6824027511160714,0,0,0.0,0,0.0,1280.0,0,0.0,0,0,0,0.0,0.0,0.0,0.0,0.0,0.0,0.0,0.0,0,0,0,0,23,0.0,0,14,0.0,0,0.0,1381.9335999999998,0.0,175.25789187631182,0.0,175.25789187631182,0.0,141.17950000000002,11790.401499999998,6667.630099999999,0.7465050884974858,96,6304.633099999998,32,114013.45049999999,4,0.0,4,21.094900000000052,2,187.4213,139.72610000000003,173.99156316426837,568.1186,0,0,133,133,"N8 step 8, market entry",sumsy,5,-1.4551915228366852e-11
48,128,4,4,24039.9154,0.0,272.7013,0.0,152.9347,,152.9347,0.0,0.0,0.0,0.0,0.0,0.0025,373.1667,0.0,0.0,1.0,122.6092,0.0,0.0,0.0,1.0,0.0,0.0,1.0,0.0,2,0,0.9479166666666666,0.7177028336355182,0.0,126.0,0.0,0.0,1.0,0,2,0,0.25015752993068685,48,429.44500355855104,2.417580091648578,431.8625836501996,43.10831037362077,2.5253666046704635,45.63367697829123,702.7505000000003,687.4085,702.7505000000003,0.0,0,0,0.0,0.0,0.0,1.0,1.0,0.0,0.0,0.0,0.0,0.5,0.25,0.0,-337.739290753007,0.0,48,640.0,416.2966000000001,0.0,205.83560000000014,0.0,0.0,0.0,0.0,0.0,4,177.91469999999998,640.0,416.2966000000001,205.83560000000014,85.0,0.0,0.0,0.015,4.418798188405799,5.050003703703706,1.976954935622318,1.5848135999999984,2.875961078965316,3.102987634438922,270.0,276.0,135.0,509.3333333333333,419.0,51.0,22,0,0,3,19,10.0,512.0,16716.495499999994,1907.9308,3672.7446999999997,182,10,0,32,0.46787767484481146,0.7177028336355182,0.331621812165217,3,1774.7632000000008,1219.5883000000006,19,0,233.0,0,0,0,0.0,0,0.0,120354.87020000006,0.0,0,0,0,1.5,0,0.0,0,0,0.0,0,0.0,0,0,460.6305000000001,96.0,1191.663,6,144.79880000000003,144.79880000000003,NaN,1280.0,100.0,0.6889513225446429,0,0,0.0,0,0.0,1280.0,0,0.0,0,0,0,0.0,0.0,0.0,0.0,0.0,0.0,0.0,0.0,0,0,0,0,22,0.0,0,14,0.0,0,0.0,1381.9335999999998,0.0,168.855490339435,0.0,168.855490339435,0.0,144.79880000000003,11936.942999999997,6772.3385,0.7471751347672375,96,6244.9317999999985,32,114109.93840000001,4,0.0,4,19.662000000000035,2,177.91469999999998,220.232,184.43105695412447,568.1186,0,0,135,135,"N8 step 8, market entry",sumsy,5,-1.4551915228366852e-11
49,128,4,4,24259.236100000016,0.0,229.74310000000003,3.5897,119.47610000000002,,119.47610000000002,0.0,0.0,0.0,0.0,0.0,0.0025,419.3101,0.0,0.0,1.0,123.9477,0.0,0.0,0.0,1.0,0.0,0.0,1.0,0.0,2,1,0.9479166666666666,0.7175934863307989,0.0,158.0,0.0,0.0,1.0,0,2,0,0.25,48,425.26524457222393,2.380330477096245,427.6455750493202,42.76475787267404,2.514305297186699,45.279063169860734,711.0873000000016,702.7504999999995,711.0873000000016,0.0,0,0,0.0,0.0,0.0,1.0,1.0,0.0,0.0,0.0,0.0,0.5,0.25,0.0,-340.4217907530069,0.0,48,640.0,420.67930000000024,3.5897,207.5663000000001,0.0,0.0,0.0,0.0,0.0,2,170.9878,640.0,420.67930000000024,207.5663000000001,85.0,0.0,0.0,0.015,4.4140775735294095,5.0741713235294235,1.9706038626609441,1.614473809523811,2.874889047944854,3.0098980054057543,272.0,272.0,136.0,508.0,421.0,51.0,22,0,0,4,17,13.0,512.0,16826.339699999997,1953.9813,3695.9578,182,10,0,32,0.46753846102184315,0.7175934863307989,0.32329919475291446,2,1783.2288999999992,1200.6290999999994,17,0,233.0,0,0,0,0.0,0,0.0,120420.10109999996,0.0,0,0,0,1.5,0,0.0,0,0,0.0,0,0.0,0,0,459.1507,96.0,1192.6594,6,144.761,144.76040000000003,NaN,1280.0,100.0,0.6935775502232141,0,0,0.0,0,0.0,1280.0,0,0.0,0,0,0,0.0,0.0,0.0,0.0,0.0,0.0,0.0,0.0,0,0,0,0,22,0.0,0,14,0.0,0,0.0,1381.9335999999998,0.0,140.42181725446204,0.0,140.42181725446204,0.0,144.761,11994.218500000003,6842.598499999999,0.7471265890000653,96,6285.5008,32,114134.60029999998,4,0.0,4,18.17470000000003,2,170.9878,299.83399999999995,195.49692037137194,568.1186,0,0,136,136,"N8 step 8, market entry",sumsy,5,-1.4551915228366852e-11
50,128,4,4,24474.53049999999,0.0,190.7766,2.7496,91.38340000000001,,91.38340000000001,0.0,0.0,0.0,0.0,0.0,0.0025,471.0814,0.0,0.0,1.0,123.8152,0.0,0.0,0.0,1.0,0.0,0.0,1.0,0.0,0,0,0.9479166666666666,0.7177219726804174,0.0,126.0,0.0,0.0,1.0,0,2,0,0.2513321883119743,48,426.29344484102955,2.375936774120528,428.66938161515003,43.35641537359939,2.5254549020624664,45.88187027566185,710.9249999999996,711.0872999999996,710.9249999999996,0.0,0,0,0.0,0.0,0.0,1.0,1.0,0.0,0.0,0.0,0.0,0.5,0.25,0.0,-342.71929075300676,0.0,48,640.0,424.70560000000035,2.7496,209.06320000000005,0.0,0.0,0.0,0.0,0.0,0,167.0306,640.0,424.70560000000035,209.06320000000005,85.0,0.0,0.0,0.015,4.4630835249042144,5.110555555555552,1.9643312775330393,1.6168359999999997,2.8590713029534647,2.919601065243582,270.0,261.0,135.0,506.6666666666667,419.0,51.0,21,0,0,2,13,7.0,512.0,16965.336299999995,2007.2057,3679.108,182,10,0,32,0.4699951020956925,0.7177219726804174,0.3278227737862105,1,1767.044900000001,1164.8648,13,0,227.0,0,0,0,0.0,0,0.0,120520.20650000004,0.0,0,0,0,1.5,0,0.0,0,0,0.0,0,0.0,0,0,445.9031999999999,96.0,1184.7685,6,147.3536,147.3532,NaN,1280.0,100.0,0.6958724665178571,0,0,0.0,0,0.0,1280.0,0,0.0,0,0,0,0.0,0.0,0.0,0.0,0.0,0.0,0.0,0.0,0,0,0,0,21,0.0,0,14,0.0,0,0.0,1381.9335999999998,0.0,118.61481146180381,0.0,118.61481146180381,0.0,147.3536,12143.515700000002,6871.0822,0.7472746203517653,96,6299.1771,32,114221.02940000001,4,0.0,4,16.33199999999988,2,167.0306,379.698,207.22673559365427,568.1186,0,0,135,135,"N8 step 8, market entry",sumsy,5,-1.4551915228366852e-11
51,128,4,4,24685.449899999996,0.0,160.04560000000004,0.0,67.7424,,67.7424,0.0,0.0,0.0,0.0,0.0,0.0025,526.1884,0.0,0.0,1.0,125.18969999999996,0.0,0.0,0.0,1.0,0.0,0.0,1.0,0.0,2,0,0.9479166666666666,0.7176812820826586,0.0,154.0,0.0,0.0,1.0,0,2,0,0.2505325443786982,48,421.8475387014871,2.5590060388916442,424.4065447403787,42.90861715652126,2.70029590228312,45.608913058804376,703.4714999999999,710.9250000000002,703.4714999999999,0.0,0,0,0.0,0.0,0.0,1.0,1.0,0.0,0.0,0.0,0.0,0.5,0.25,0.0,-344.58629075300666,0.0,48,640.0,429.08059999999983,0.0,210.70159999999993,0.0,0.0,0.0,0.0,0.0,2,164.98930000000001,640.0,429.08059999999983,210.70159999999993,85.0,0.0,0.0,0.015,4.469300000000003,5.131364661654135,1.9423545833333313,1.6181577235772369,2.8611870511009587,2.832013033286274,266.0,260.0,133.0,509.3333333333333,415.0,51.0,23,0,0,1,8,4.0,512.0,17069.716199999988,2064.9978,3660.0171,182,10,0,32,0.4706955691067676,0.7176812820826586,0.3452398760027766,3,1751.1995999999995,1162.0180000000007,9,1,240.0,0,0,0,0.0,0,0.0,120596.10699999993,0.0,0,0,0,1.5,0,0.0,0,0,0.0,0,0.0,0,0,466.16509999999954,96.0,1199.5411,6,156.98439999999997,156.9836000000001,NaN,1280.0,100.0,0.6992094921875001,0,0,0.0,0,0.0,1280.0,0,0.0,0,0,0,0.0,0.0,0.0,0.0,0.0,0.0,0.0,0.0,0,0,0,0,23,0.0,0,14,0.0,0,0.0,1381.9335999999998,0.0,74.71652299239298,0.0,74.71652299239298,0.0,156.98439999999997,12251.347299999998,6924.556000000002,0.7472717003550862,96,6305.1057,32,114291.00129999997,4,0.0,4,14.844699999999989,2,164.98930000000001,458.446,219.66033972927355,568.1186,0,0,133,133,"N8 step 8, market entry",sumsy,5,-1.4551915228366852e-11
52,128,4,4,24891.9628,0.0,133.6056,0.0,47.9451,,47.9451,0.0,0.0,0.0,0.0,0.0,0.0025,585.151,0.0,0.0,1.0,125.36429999999997,0.0,0.0,0.0,1.0,0.0,0.0,1.0,0.0,2,0,0.9479166666666666,0.7178002791970131,0.0,150.0,0.0,0.0,1.0,0,2,0,0.2508151189469871,48,421.7502826978581,2.4987375410707906,424.2490202389289,43.10992256574337,2.6371028675975743,45.74702543334094,697.6259000000006,703.4715000000011,697.6259000000006,0.0,0,0,0.0,0.0,0.0,1.0,1.0,0.0,0.0,0.0,0.0,0.5,0.25,0.0,-346.0812907530067,0.0,48,640.0,433.4871000000001,0.0,212.31090000000003,0.0,0.0,0.0,0.0,0.0,4,163.8911,640.0,433.4871000000001,212.31090000000003,85.0,0.0,0.0,0.015,4.415679487179489,5.125953787878792,1.9521883333333332,1.629316393442623,2.8464801412429384,2.7470526422876858,264.0,273.0,132.0,510.6666666666667,413.00000000000006,51.0,24,0,0,2,14,9.0,512.0,17121.970800000003,2113.0173999999997,3689.1017,182,10,0,32,0.4716670089571404,0.7178002791970131,0.3379216726759515,3,1737.8915999999995,1205.4805000000003,14,0,240.0,0,0,0,0.0,0,0.0,120623.67150000004,0.0,0,0,0,1.5,0,0.0,0,0,0.0,0,0.0,0,0,468.5252,96.0,1218.8308,6,167.95259999999996,167.95319999999987,NaN,1280.0,100.0,0.7049416127232141,0,0,0.0,0,0.0,1280.0,0,0.0,0,0,0,0.0,0.0,0.0,0.0,0.0,0.0,0.0,0.0,0,0,0,0,24,0.0,0,14,0.0,0,0.0,1381.9335999999998,0.0,48.585032693141386,0.0,48.585032693141386,0.0,167.95259999999996,12354.0413,7020.949899999999,0.7474109194883198,96,6321.1486,32,114302.5229,4,0.0,4,13.411799999999971,2,163.8911,537.2058999999999,232.83996011302997,568.1186,0,0,132,132,"N8 step 8, market entry",sumsy,5,-1.4551915228366852e-11
53,128,4,4,25094.544700000006,0.0,114.35260000000001,2.4703,32.8645,,32.8645,0.0,0.0,0.0,0.0,0.0,0.0025,650.1462,0.0,0.0,1.0,123.8599,0.0,0.0,0.0,1.0,0.0,0.0,1.0,0.0,2,0,0.9479166666666666,0.7176654567144156,0.0,150.0,0.0,0.0,1.0,0,2,0,0.25123358327991535,48,427.49214773693967,2.4957688656100196,429.9879166025497,43.9295296771702,2.654570107106667,46.584099784276866,703.0756999999993,697.6259000000002,703.0756999999993,0.0,0,0,0.0,0.0,0.0,1.0,1.0,0.0,0.0,0.0,0.0,0.5,0.25,0.0,-347.3115907530067,0.0,48,640.0,437.4181000000003,2.4703,213.62490000000005,0.0,0.0,0.0,0.0,0.0,4,164.05560000000003,640.0,437.4181000000003,213.62490000000005,85.0,0.0,0.0,0.015,4.4573154440154426,5.090117164179099,1.9528000000000005,1.6295975806451604,2.814368927934575,2.6646410630190553,268.0,259.0,134.0,509.3333333333333,416.99999999999994,51.0,23,0,0,3,8,7.0,512.0,17218.280300000006,2146.8229,3677.2792,182,10,0,32,0.4713523852811101,0.7176654567144156,0.3319756384262167,2,1737.4046999999998,1154.4446999999996,9,1,239.0,0,0,0,0.0,0,0.0,120700.0075999999,0.0,0,0,0,1.5,0,0.0,0,0,0.0,0,0.0,0,0,466.7192000000001,96.0,1237.9605,6,164.88660000000002,164.88640000000012,NaN,1280.0,100.0,0.7075888448660714,0,0,0.0,0,0.0,1280.0,0,0.0,0,0,0,0.0,0.0,0.0,0.0,0.0,0.0,0.0,0.0,0,0,0,0,23,0.0,0,14,0.0,0,0.0,1381.9335999999998,0.0,40.346546537927225,0.0,40.346546537927225,0.0,164.88660000000002,12374.090100000005,7062.062600000001,0.7473091930075235,96,6368.806099999999,32,114331.20150000002,4,0.0,4,11.978900000000067,2,164.05560000000003,617.2817,246.81035771981178,568.1186,0,0,134,134,"N8 step 8, market entry",sumsy,5,-1.4551915228366852e-11
54,128,4,4,25293.00869999999,0.0,219.32539999999997,124.0422,20.7932,,20.7932,0.0,0.0,0.0,0.0,0.0,0.0025,717.0036,0.0,0.0,1.0,125.02770000000002,0.0,0.0,0.0,1.0,0.0,0.0,1.0,0.0,2,0,0.9427083333333334,0.7186968202226265,0.0,115.0,1.0,0.0,1.0,0,2,0,0.26275513677646,48,431.5188767778604,2.3658272774247764,433.88470405528517,46.88241048505167,2.5173431067701286,49.3997535918218,678.7615,703.0757000000001,678.7615,0.0,0,0,0.0,0.0,0.0,1.0,1.0,0.0,0.0,0.0,0.0,0.5,0.25,0.0,-348.3656907530068,0.0,48,640.0,441.5360000000001,124.0422,215.05480000000009,0.0,0.0,0.0,0.0,0.0,3,165.3569,640.0,441.5360000000001,215.05480000000009,85.0,0.0,0.0,0.015,4.427045756457563,5.0597038461538455,1.93974700854701,1.6157907563025204,2.8127109165557482,2.5847018311284837,260.0,271.0,130.0,508.0,409.0,51.0,25,0,0,5,15,12.0,512.0,17704.585700000014,1762.2877999999998,3696.0067,181,11,0,32,0.485058804523099,0.7186968202226265,0.3498447223805292,3,1694.2473,1199.7293999999995,15,0,234.0,0,0,0,0.0,0,0.0,122772.62930000002,0.0,0,0,0,1.5,0,0.0,0,0,0.0,0,0.0,0,0,453.90080000000034,96.0,1247.7679999999998,6,171.92040000000003,171.91999999999996,NaN,1280.0,100.0,0.7197989676339285,0,0,0.0,0,0.0,1280.0,0,0.0,0,0,0,0.0,0.0,0.0,0.0,0.0,0.0,0.0,0.0,0,0,0,0,25,0.0,0,14,0.0,0,0.0,1381.9335999999998,0.0,265.2436848236546,0.0,265.2436848236546,0.0,171.92040000000003,12912.199000000002,6706.0625,0.7482753513402787,96,6342.479499999997,32,116430.1498,4,0.0,4,10.190600000000018,2,165.3569,696.2104,261.6189791830005,579.428,0,0,130,130,"N8 step 8, market entry",sumsy,5,-1.4551915228366852e-11
55,128,4,4,25487.586,0.0,197.0526,0.4048,11.4393,,11.4393,0.0,0.0,0.0,0.0,0.0,0.0025,787.1262,0.0,0.0,1.0,124.17859999999996,0.0,0.0,0.0,1.0,0.0,0.0,1.0,0.0,2,1,0.9427083333333334,0.7187379561924883,0.0,86.0,0.0,0.0,1.0,0,2,0,0.26025748300817664,48,434.51738257041075,2.5990261509098516,437.1164087213206,46.863179166132745,2.748180140903826,49.61135930703657,699.0957999999998,678.7615000000003,699.0957999999998,0.0,0,0,0.0,0.0,0.0,1.0,1.0,0.0,0.0,0.0,0.0,0.5,0.25,0.0,-350.4944907530067,0.0,48,640.0,445.42269999999996,0.4048,216.28980000000013,0.0,0.0,0.0,0.0,0.0,2,166.97820000000002,640.0,445.42269999999996,216.28980000000013,85.0,0.0,0.0,0.015,4.434000383141763,5.098464661654134,1.9320261802575112,1.6073286885245892,2.7802012854665876,2.5071607761946284,266.0,261.0,133.0,505.33333333333337,415.00000000000006,51.0,22,0,0,3,12,8.0,512.0,17771.909599999995,1805.0547000000001,3698.2821,181,11,0,32,0.4854121857774365,0.7187379561924883,0.3409206157351772,2,1700.1540999999997,1157.2741,12,0,233.0,0,0,0,0.0,0,0.0,122819.85980000005,0.0,0,0,0,1.5,0,0.0,0,0,0.0,0,0.0,0,0,450.1621000000001,96.0,1258.2352,6,166.31380000000001,166.31439999999995,NaN,1280.0,100.0,0.723595691964286,0,0,0.0,0,0.0,1280.0,0,0.0,0,0,0,0.0,0.0,0.0,0.0,0.0,0.0,0.0,0.0,0,0,0,0,22,0.0,0,14,0.0,0,0.0,1381.9335999999998,0.0,250.08216561296865,0.0,250.08216561296865,0.0,166.31380000000001,12965.990100000006,6761.571999999998,0.7483244583383641,96,6366.299499999999,32,116453.56030000003,4,0.0,4,8.402299999999968,2,166.97820000000002,775.6869,277.31611793398054,579.428,0,0,133,133,"N8 step 8, market entry",sumsy,5,-1.4551915228366852e-11
56,128,4,4,25677.879199999992,0.0,182.33899999999997,5.1566,4.892799999999999,,4.892799999999999,0.0,0.0,0.0,0.0,0.0,0.0025,859.7131,0.0,0.0,1.0,124.37370000000003,0.0,0.0,0.0,1.0,0.0,0.0,1.0,0.0,2,1,0.9427083333333334,0.7188733360551194,0.0,85.0,0.0,0.0,1.0,0,2,0,0.2613205947198824,48,434.0765403340089,2.4390277549631496,436.51556808897203,46.72006639767337,2.6257735144761556,49.34583991214953,692.5190000000003,699.0958000000005,692.5190000000003,0.0,0,0,0.0,0.0,0.0,1.0,1.0,0.0,0.0,0.0,0.0,0.5,0.25,0.0,-352.3963907530066,0.0,48,640.0,449.7068,5.1566,217.6994000000001,0.0,0.0,0.0,0.0,0.0,2,167.663,640.0,449.7068,217.6994000000001,85.0,0.0,0.0,0.015,4.4050710526315795,5.049015037593987,1.90404075630252,1.6016762295081972,2.7706783391497023,2.43194595290879,266.0,266.0,133.0,508.0,415.00000000000006,51.0,23,0,0,2,11,9.0,512.0,17819.367499999997,1861.3412999999998,3695.5328,181,11,0,32,0.4858250928115859,0.7188733360551194,0.32585220525432,4,1694.1412,1171.7489,11,0,238.0,0,0,0,0.0,0,0.0,122850.03169999998,0.0,0,0,0,1.5,0,0.0,0,0,0.0,0,0.0,0,0,453.1616999999997,96.0,1274.2615,6,173.12320000000003,173.1231999999999,NaN,1280.0,100.0,0.7281766852678571,0,0,0.0,0,0.0,1280.0,0,0.0,0,0,0,0.0,0.0,0.0,0.0,0.0,0.0,0.0,0.0,0,0,0,0,23,0.0,0,14,0.0,0,0.0,1381.9335999999998,0.0,217.32306742512657,0.0,217.32306742512657,0.0,173.12320000000003,12986.3967,6831.1356000000005,0.7484750411780927,96,6396.389500000001,32,116453.64219999999,4,0.0,4,6.614000000000033,2,167.663,854.8203000000001,293.9550850100194,579.428,0,0,133,133,"N8 step 8, market entry",sumsy,5,-1.4551915228366852e-11
57,128,4,4,25864.081599999994,0.0,170.04829999999998,4.05,1.3969,,1.3969,0.0,0.0,0.0,0.0,0.0,0.0025,935.8264,0.0,0.0,1.0,123.56279999999998,0.0,0.0,0.0,1.0,0.0,0.0,1.0,0.0,4,1,0.9427083333333334,0.7223284857880592,0.0,84.0,1.0,0.0,1.0,0,2,0,0.2575775872479169,48,474.27742368693504,2.2787120438254567,476.55613573076045,50.32342734732803,2.431665134188601,52.75509248151663,692.2676,692.5189999999998,692.2676,0.0,0,0,0.0,0.0,0.0,1.0,1.0,0.0,0.0,0.0,0.0,0.5,0.25,0.0,-354.0469907530066,0.0,48,640.0,453.79759999999976,4.05,218.97329999999994,0.0,0.0,0.0,0.0,0.0,6,167.8102,640.0,453.79759999999976,218.97329999999994,85.0,0.0,0.0,0.015,4.4058234432234435,5.085360606060606,1.9004927350427356,1.6049033057851243,2.7508282720572597,2.358987574321526,264.0,273.0,132.0,509.3333333333333,412.99999999999994,51.0,24,0,0,1,18,9.0,512.0,17840.14289999999,1909.7888000000003,3724.1298,181,11,0,32,0.49896850518816516,0.7223284857880592,0.3291787273181275,4,1678.4851999999992,1202.7898,18,0,234.0,0,0,0,0.0,0,0.0,132577.14710000015,0.0,0,0,0,1.5,0,0.0,0,0,0.0,0,0.0,0,0,444.7153000000001,96.0,1286.3835000000001,6,187.49519999999995,187.49559999999988,NaN,1280.0,100.0,0.7668189341517857,0,0,0.0,0,0.0,1280.0,0,0.0,0,0,0,0.0,0.0,0.0,0.0,0.0,0.0,0.0,0.0,0,0,0,0,24,0.0,0,14,0.0,0,0.0,1381.9335999999998,0.0,186.74280229713202,0.0,186.74280229713202,0.0,187.49519999999995,13023.046399999992,6920.302099999999,0.7516963988277596,96,6377.1657,32,126199.98140000002,4,0.0,4,5.181100000000015,2,167.8102,934.4295000000001,311.59239011062056,633.1348,0,0,132,132,"N8 step 8, market entry",sumsy,5,-1.4551915228366852e-11
58,128,4,4,26046.74449999999,0.0,155.6831,0.0,0.0,,0.0,0.0,0.0,0.0,0.0,0.0,0.0025,1013.3931,0.0,0.0,1.0,123.58320000000002,0.0,0.0,0.0,1.0,0.0,0.0,1.0,0.0,3,0,0.9427083333333334,0.7222542244863746,0.0,86.0,0.0,0.0,1.0,0,2,0,0.2565159278235687,48,474.0302325892687,2.3287395686262053,476.3589721578949,50.06754455350384,2.545422192639146,52.612966746142995,702.594400000001,692.267600000001,702.594400000001,0.0,0,0,0.0,0.0,0.0,1.0,1.0,0.0,0.0,0.0,0.0,0.5,0.25,0.0,-355.5562907530066,0.0,48,640.0,457.33709999999985,0.0,219.95679999999996,0.0,0.0,0.0,0.0,0.0,6,167.8086,640.0,457.33709999999985,219.95679999999996,85.0,0.0,0.0,0.015,4.450650000000003,4.975141605839423,1.8887233333333342,1.6060007936507932,2.721754722417065,2.2882179470918804,274.0,268.0,137.0,510.66666666666663,423.0,51.0,22,0,0,4,16,9.0,512.0,17870.796799999993,1941.3994000000002,3743.3806,181,11,0,32,0.496928379212644,0.7222542244863746,0.3104746860673542,5,1701.4263999999998,1192.7742000000007,17,1,240.0,0,0,0,0.0,0,0.0,132595.27320000003,0.0,0,0,0,1.5,0,0.0,0,0,0.0,0,0.0,0,0,453.2936000000002,96.0,1309.966,6,175.06470000000004,175.0652,NaN,1280.0,100.0,0.7716722656250001,0,0,0.0,0,0.0,1280.0,0,0.0,0,0,0,0.0,0.0,0.0,0.0,0.0,0.0,0.0,0.0,0,0,0,0,22,0.0,0,14,0.0,0,0.0,1381.9335999999998,0.0,175.9208209399232,0.0,175.9208209399232,0.0,175.06470000000004,13038.343799999997,6994.745999999999,0.7516431430159021,96,6418.8537000000015,32,126176.4195,4,0.0,4,3.7841999999999416,2,167.8086,1013.3931,330.2879335172578,633.1348,0,0,137,137,"N8 step 8, market entry",sumsy,5,-1.4551915228366852e-11
59,128,4,4,26225.7391,0.0,142.391,0.0,0.0,,0.0,0.0,0.0,0.0,0.0,0.0,0.0025,1090.5962,0.0,0.0,1.0,124.84039999999996,0.0,0.0,0.0,1.0,0.0,0.0,1.0,0.0,2,0,0.9427083333333334,0.7222256024295188,0.0,76.0,0.0,0.0,1.0,0,2,0,0.2667236328125,48,469.837876749204,2.2316999504825987,472.0695766996866,49.88517493987477,2.4395952535887138,52.324770193463486,687.4389999999997,702.5944000000006,687.4389999999997,0.0,0,0,0.0,0.0,0.0,1.0,1.0,0.0,0.0,0.0,0.0,0.5,0.25,0.0,-356.96569075300664,0.0,48,640.0,461.0053999999999,0.0,221.0162,0.0,0.0,0.0,0.0,0.0,5,167.6988,640.0,461.0053999999999,221.0162,85.0,0.0,0.0,0.015,4.36094453125,4.973425373134327,1.8703379310344839,1.607865040650407,2.7276588309352525,2.219571408679124,268.0,256.0,134.0,506.6666666666667,417.0,51.0,23,1,1,3,9,5.0,511.0,17989.244699999996,1984.4762999999998,3675.9734,181,11,0,32,0.4969052703352941,0.7222256024295188,0.3298774143185059,4,1680.5061000000005,1116.4018,9,0,232.0,0,0,1,0.0,0,0.0,132701.24769999992,0.0,0,0,0,1.5,0,0.0,0,0,0.0,0,0.0,0,0,433.91840000000025,96.0,1317.7497,6,189.13800000000003,189.13759999999994,NaN,1280.0,100.0,0.7714480022321428,0,0,0.0,0,0.0,1280.0,0,0.0,0,0,0,0.0,0.0,0.0,0.0,0.0,0.0,0.0,0.0,0,0,0,0,23,0.0,0,14,0.0,0,0.0,1381.9335999999998,0.0,135.07079609071792,0.0,135.07079609071792,0.0,189.13800000000003,13161.641399999997,6978.1994,0.7516077854858156,96,6449.8625,32,126251.38520000002,4,0.0,4,3.7297999999999547,2,167.6988,1090.5962,350.10520952829324,633.1348,0,0,134,134,"N8 step 8, market entry",sumsy,5,-1.4551915228366852e-11
60,128,4,4,26401.275899999997,0.0,129.06730000000002,0.0,0.0,,0.0,0.0,0.0,0.0,0.0,0.0,0.0025,1169.6359,0.0,0.0,1.0,122.32479999999998,0.0,0.0,0.0,1.0,0.0,0.0,1.0,0.0,2,0,0.9427083333333334,0.7227037099697629,0.0,13.0,0.0,0.0,1.0,0,2,0,0.2693250167075072,48,479.6578259795821,2.308312569625298,481.9661385492074,51.00188078135695,2.513464844756679,53.51534562611363,672.7418999999999,687.4389999999996,672.7418999999999,0.0,0,0,0.0,0.0,0.0,1.0,1.0,0.0,0.0,0.0,0.0,0.5,0.25,0.0,-358.23329075300666,0.0,48,640.0,464.46319999999986,0.0,221.94219999999993,0.0,0.0,0.0,0.0,0.0,4,167.52030000000002,640.0,464.46319999999986,221.94219999999993,85.0,0.0,0.0,0.015,4.383023880597016,5.01339923076923,1.8511532467532446,1.5822218487394957,2.69500829853683,2.1529842664187506,260.0,268.0,130.0,507.0,409.00000000000006,51.0,24,0,0,5,13,9.0,512.0,18027.649400000002,2028.4615000000001,3683.4113,181,11,0,32,0.5003165346115503,0.7227037099697629,0.3414866778035157,4,1635.1936,1174.6504000000004,13,0,231.0,0,0,0,0.0,0,0.0,132727.47999999992,0.0,0,0,0,1.5,0,0.0,0,0,0.0,0,0.0,0,0,427.6163999999995,96.0,1324.5975,6,206.7508,206.75159999999988,NaN,1280.0,100.0,0.7753988225446429,0,0,0.0,0,0.0,1280.0,0,0.0,0,0,0,0.0,0.0,0.0,0.0,0.0,0.0,0.0,0.0,0,0,0,0,24,0.0,0,14,0.0,0,0.0,1381.9335999999998,0.0,96.39679167222329,0.0,96.39679167222329,0.0,206.7508,13283.2405,7036.470300000001,0.7520565909952734,96,6407.460099999999,32,126320.0199,4,0.0,4,3.374400000000037,2,167.52030000000002,1169.6359,371.11152209999085,633.1348,0,0,130,130,"N8 step 8, market entry",sumsy,5,-1.4551915228366852e-11
61,128,4,4,26573.459799999975,0.0,116.7114,1.0597,0.0,,0.0,0.0,0.0,0.0,0.0,0.0,0.0025,1247.3719,0.0,0.0,1.0,122.94440000000002,0.0,0.0,0.0,1.0,0.0,0.0,1.0,0.0,2,0,0.9427083333333334,0.7229866149276092,0.0,72.0,0.0,0.0,1.0,0,2,0,0.26119402985074625,48,478.174828475316,2.3281231197351597,480.5029515950511,51.25742093136815,2.533750388789981,53.791171320158135,678.8874999999991,672.7418999999993,678.8874999999991,0.0,0,0,0.0,0.0,0.0,1.0,1.0,0.0,0.0,0.0,0.0,0.5,0.25,0.0,-359.4012907530066,0.0,48,640.0,467.8160999999996,1.0597,222.83199999999994,0.0,0.0,0.0,0.0,0.0,4,167.42970000000003,640.0,467.8160999999996,222.83199999999994,85.0,0.0,0.0,0.015,4.333667537313433,4.983996212121205,1.8306891666666667,1.578619008264463,2.6812943983472453,2.088394738426188,264.0,268.0,132.0,505.3333333333334,413.0,51.0,24,1,1,2,11,14.0,511.0,18074.0601,2047.6114,3691.0486,181,11,0,32,0.5016562232691837,0.7229866149276092,0.33081139723834463,4,1642.2499000000003,1161.4229,12,1,240.0,0,0,1,0.0,0,0.0,132761.4173000001,0.0,0,0,0,1.5,0,0.0,0,0,0.0,0,0.0,0,0,439.3654,96.0,1345.9380999999998,6,206.1759,206.17600000000013,NaN,1280.0,100.0,0.7787836216517857,0,0,0.0,0,0.0,1280.0,0,0.0,0,0,0,0.0,0.0,0.0,0.0,0.0,0.0,0.0,0.0,0,0,0,0,24,0.0,0,14,0.0,0,0.0,1381.9335999999998,0.0,84.81988458035624,0.0,84.81988458035624,0.0,206.1759,13351.3324,7084.598099999999,0.7523111837370411,96,6387.8135,32,126373.6038,4,0.0,4,3.32000000000005,2,167.42970000000003,1247.3719,393.37821342599034,633.1348,0,0,132,132,"N8 step 8, market entry",sumsy,5,-1.4551915228366852e-11
62,128,4,4,26742.108000000007,0.0,106.4004,3.6381,0.0,,0.0,0.0,0.0,0.0,0.0,0.0,0.0025,1325.8724,0.0,0.0,1.0,121.55969999999998,0.0,0.0,0.0,1.0,0.0,0.0,1.0,0.0,2,0,0.9427083333333334,0.7231999899140842,0.0,8.0,0.0,0.0,1.0,0,2,0,0.25410899653979235,48,484.006690109308,2.3173638791891196,486.3240539884971,51.846018587663856,2.545007269166918,54.39102585683077,665.2571,678.8874999999992,665.2571,0.0,0,0,0.0,0.0,0.0,1.0,1.0,0.0,0.0,0.0,0.0,0.5,0.25,0.0,-360.5416907530067,0.0,48,640.0,471.3518000000003,3.6381,223.80380000000014,0.0,0.0,0.0,0.0,0.0,2,167.3092,640.0,471.3518000000003,223.80380000000014,85.0,0.0,0.0,0.015,4.329269852941177,4.917993129770992,1.8324713043478271,1.5730025000000003,2.6496994511475456,2.025742896273402,262.0,272.0,131.0,508.33333333333337,411.00000000000006,51.0,24,0,0,2,14,18.0,512.0,18109.54040000001,2078.5605,3706.5705999999996,181,11,0,32,0.5025489441914552,0.7231999899140842,0.3393825354640454,4,1620.8322999999998,1177.5614000000003,15,1,230.0,0,0,0,0.0,0,0.0,132784.42419999995,0.0,0,0,0,1.5,0,0.0,0,0,0.0,0,0.0,0,0,421.46840000000026,96.0,1354.2549,6,215.1746,215.17480000000003,NaN,1280.0,100.0,0.7825400781249999,0,0,0.0,0,0.0,1280.0,0,0.0,0,0,0,0.0,0.0,0.0,0.0,0.0,0.0,0.0,0.0,0,0,0,0,24,0.0,0,14,0.0,0,0.0,1381.9335999999998,0.0,46.40928703472406,0.0,46.40928703472406,0.0,215.1746,13417.344199999998,7139.386,0.7524938401965111,96,6356.782300000002,32,126427.64189999997,4,0.0,4,3.265600000000063,2,167.3092,1325.8724,416.9809062315498,633.1348,0,0,131,131,"N8 step 8, market entry",sumsy,5,-1.4551915228366852e-11
63,128,4,4,26907.06329999999,0.0,96.91680000000002,3.5956,0.0,,0.0,0.0,0.0,0.0,0.0,0.0,0.0025,1403.99,0.0,0.0,1.0,121.4361,0.0,0.0,0.0,1.0,0.0,0.0,1.0,0.0,4,2,0.9427083333333334,0.7235527167838363,0.0,7.0,0.0,0.0,1.0,0,2,0,0.2552196096837196,48,485.105175440076,2.1861369802686488,487.29131242034464,52.22145730085136,2.4410520563285076,54.66250935717987,677.4050000000003,665.2570999999995,677.4050000000003,0.0,0,0,0.0,0.0,0.0,1.0,1.0,0.0,0.0,0.0,0.0,0.5,0.25,0.0,-361.41939075300684,0.0,48,640.0,475.0446999999998,3.5956,224.86589999999998,0.0,0.0,0.0,0.0,0.0,7,167.1203,640.0,475.0446999999998,224.86589999999998,85.0,0.0,0.0,0.015,4.36470700389105,4.898544776119405,1.8134293103448267,1.5864845528455285,2.6250254661270995,1.9649706093851995,268.0,257.0,134.0,509.33333333333337,417.0,51.0,23,0,0,1,11,9.0,512.0,18203.810999999987,2086.2614,3680.4284,181,11,0,32,0.5052728722745197,0.7235527167838363,0.30816161464673697,5,1630.5411000000001,1121.7296999999999,11,0,232.0,0,0,0,0.0,0,0.0,132866.16750000004,0.0,0,0,0,1.5,0,0.0,0,0,0.0,0,0.0,0,0,420.71559999999977,96.0,1365.4522,6,208.50979999999998,208.5096,NaN,1280.0,100.0,0.7828349051339286,0,0,0.0,0,0.0,1280.0,0,0.0,0,0,0,0.0,0.0,0.0,0.0,0.0,0.0,0.0,0.0,0,0,0,0,23,0.0,0,14,0.0,0,0.0,1381.9335999999998,0.0,38.45629316360697,0.0,38.45629316360697,0.0,208.50979999999998,13567.556799999998,7132.142,0.752839918084415,96,6348.048300000001,32,126518.11920000003,4,0.0,4,3.2655999999999494,2,167.1203,1403.99,441.9997606054428,633.1348,0,0,134,134,"N8 step 8, market entry",sumsy,5,-1.4551915228366852e-11
64,128,4,4,27068.724199999986,0.0,89.7736,0.0,0.0,,0.0,0.0,0.0,0.0,0.0,0.0,0.0025,1480.4432,0.0,0.0,1.0,122.43060000000003,0.0,0.0,0.0,1.0,0.0,0.0,1.0,0.0,4,0,0.9427083333333334,0.7236683261741861,0.0,4.0,0.0,0.0,1.0,0,2,0,0.2613205947198824,48,481.54906504591156,2.1934920239697675,483.74255706988134,51.837475483689985,2.4380445217773943,54.27552000546738,683.9744999999991,677.405,683.9744999999991,0.0,0,0,0.0,0.0,0.0,1.0,1.0,0.0,0.0,0.0,0.0,0.5,0.25,0.0,-362.2278577385826,0.0,48,640.0,478.33909999999975,0.0,225.74119999999988,0.0,0.0,0.0,0.0,0.0,6,166.91910000000001,640.0,478.33909999999975,225.74119999999988,85.0,0.0,0.0,0.015,4.330372180451128,4.947570895522381,1.804255462184873,1.5730040650406507,2.62380239358707,1.9060214911036435,268.0,266.0,134.0,510.66666666666663,417.0,51.0,23,1,1,4,14,11.0,511.0,18254.55910000001,2109.2949000000003,3670.8028000000004,181,11,0,32,0.5058202964810994,0.7236683261741861,0.32681070538977175,4,1627.3345,1151.8790000000001,15,1,238.0,0,0,1,0.0,0,0.0,132910.76789999995,0.0,0,0,0,1.5,0,0.0,0,0,0.0,0,0.0,0,0,429.4127999999998,96.0,1386.7051,6,213.77149999999997,213.77119999999994,NaN,1280.0,100.0,0.7851152008928571,0,0,0.0,0,0.0,1280.0,0,0.0,0,0,0,0.0,0.0,0.0,0.0,0.0,0.0,0.0,0.0,0,0,0,0,23,0.0,0,14,0.0,0,0.0,1381.9335999999998,0.0,21.235291878290127,0.0,21.235291878290127,0.0,213.77149999999997,13634.55860000001,7166.8027999999995,0.752934413127686,96,6365.499399999997,32,126545.26849999998,4,0.0,4,3.2111999999999625,2,166.91910000000001,1480.4432,468.5197462417694,633.1348,0,0,134,134,"N8 step 8, market entry",sumsy,5,-1.4551915228366852e-11
65,128,4,4,27227.443899999987,0.0,81.4331,0.0,0.0,,0.0,0.0,0.0,0.0,0.0,0.0,0.0025,1557.0087,0.0,0.0,1.0,121.46669999999997,0.0,0.0,0.0,1.0,0.0,0.0,1.0,0.0,2,0,0.9427083333333334,0.723010262681987,0.0,3.0,0.0,0.0,1.0,0,2,0,0.2665583399174133,48,485.51353113544826,2.2815164546863795,487.7950475901347,52.05423687330406,2.509015109559784,54.56325198286385,662.9285000000006,683.9744999999995,662.9285000000006,0.0,0,0,0.0,0.0,0.0,1.0,1.0,0.0,0.0,0.0,0.0,0.5,0.25,0.0,-363.12535773858264,0.0,48,640.0,481.28030000000007,0.0,226.4372999999999,0.0,0.0,0.0,0.0,0.0,0,166.8169,640.0,481.28030000000007,226.4372999999999,85.0,0.0,0.0,0.015,4.32427915057915,4.900217557251913,1.7863818965517237,1.5748908333333318,2.5977117753324905,1.8488408463705341,262.0,259.0,131.0,505.66666666666674,411.0,51.0,23,1,0,4,10,8.0,511.0,18329.249699999997,2144.7946,3632.5712999999996,181,11,0,32,0.5012870260092386,0.723010262681987,0.30814487753851316,5,1595.1357,1119.9882999999998,11,1,232.0,0,0,1,0.0,0,0.0,132979.66619999998,0.0,0,0,0,1.5,0,0.0,0,0,0.0,0,0.0,0,0,414.4405999999999,96.0,1397.0027,6,223.96729999999997,223.96759999999998,NaN,1280.0,100.0,0.7858834988839286,0,0,0.0,0,0.0,1280.0,0,0.0,0,0,0,0.0,0.0,0.0,0.0,0.0,0.0,0.0,0.0,0,0,0,0,23,0.0,0,14,0.0,0,0.0,1381.9335999999998,0.0,0.0,0.0,0.0,0.0,223.96729999999997,13648.125799999998,7174.368600000001,0.7523195936544191,96,6433.623099999999,32,126546.04309999998,4,0.0,4,2.801399999999944,2,166.8169,1557.0087,496.63093101627555,633.1348,0,0,131,131,"N8 step 8, market entry",sumsy,5,-1.4551915228366852e-11
66,128,4,4,27382.660800000005,0.0,74.0755,0.0,0.0,,0.0,0.0,0.0,0.0,0.0,0.0,0.0025,1633.1934,0.0,0.0,1.0,121.29590000000003,0.0,0.0,0.0,1.0,0.0,0.0,1.0,0.0,1,0,0.9427083333333334,0.7234472221698498,0.0,1.0,0.0,0.0,1.0,0,2,0,0.26316838732645065,48,487.2217336693471,2.1285770917977795,489.35031076114484,52.880971095171965,2.34611890760205,55.22709000277402,661.1629999999999,662.928500000001,661.1629999999999,0.0,0,0,0.0,0.0,0.0,1.0,1.0,0.0,0.0,0.0,0.0,0.5,0.25,0.0,-363.81195773858263,0.0,48,640.0,484.7831000000001,0.0,227.42100000000002,0.0,0.0,0.0,0.0,0.0,5,166.6791,640.0,484.7831000000001,227.42100000000002,85.0,0.0,0.0,0.015,4.267607169811321,4.886740458015266,1.7736679166666673,1.5752541666666666,2.58450234429946,1.7933756209794183,262.0,265.0,131.0,506.00000000000006,411.00000000000006,51.0,24,1,0,3,13,7.0,511.0,18382.747800000005,2154.9769,3624.9363999999996,181,11,0,32,0.5041975587600949,0.7234472221698498,0.3289511154968654,3,1588.3094000000006,1130.9159000000002,14,1,240.0,0,0,1,0.0,0,0.0,133027.0166000001,0.0,0,0,0,1.5,0,0.0,0,0,0.0,0,0.0,0,0,425.68030000000016,96.0,1420.1272,6,232.0068,232.00680000000003,NaN,1280.0,100.0,0.7876621819196429,0,0,0.0,0,0.0,1280.0,0,0.0,0,0,0,0.0,0.0,0.0,0.0,0.0,0.0,0.0,0.0,0,0,0,0,24,0.0,0,14,0.0,0,0.0,1381.9335999999998,0.0,0.0,0.0,0.0,0.0,232.0068,13769.862300000004,7200.040500000001,0.7527192540895669,96,6426.128000000001,32,126600.88859999999,4,0.0,4,2.7469999999999573,2,166.6791,1633.1934,526.4287868772522,633.1348,0,0,131,131,"N8 step 8, market entry",sumsy,5,-1.4551915228366852e-11
67,128,4,4,27535.2685,0.0,65.882,0.0,0.0,,0.0,0.0,0.0,0.0,0.0,0.0,0.0025,1709.934,0.0,0.0,1.0,119.706,0.0,0.0,0.0,1.0,0.0,0.0,1.0,0.0,0,0,0.9427083333333334,0.7237311173584404,0.0,1.0,0.0,0.0,1.0,0,2,0,0.2599451303155007,48,494.2253074051952,2.424068726405398,496.6493761316006,53.89322275797057,2.5699151831782467,56.463137941148815,669.6396000000002,661.1629999999992,669.6396000000002,0.0,0,0,0.0,0.0,0.0,1.0,1.0,0.0,0.0,0.0,0.0,0.5,0.25,0.0,-364.53205773858264,0.0,48,640.0,487.3923000000003,0.0,227.94619999999998,0.0,0.0,0.0,0.0,0.0,1,166.7963,640.0,487.3923000000003,227.94619999999998,85.0,0.0,0.0,0.015,4.250483333333333,4.876989473684212,1.7617244725738386,1.558285245901639,2.581591601076,2.2718396582539895,266.0,270.0,133.0,507.33333333333337,415.00000000000006,51.0,23,1,0,5,15,11.0,511.0,18434.003299999997,2161.1082,3636.9796,181,11,0,32,0.5064357907694013,0.7237311173584404,0.3309225210575606,2,1597.9766999999997,1147.6305,17,2,237.0,0,0,1,0.0,0,0.0,133072.47980000015,0.0,0,0,0,1.5,0,0.0,0,0,0.0,0,0.0,0,0,417.52869999999973,96.0,1426.4471,6,229.2078,229.20800000000006,NaN,1280.0,100.0,0.7893751562499999,0,0,0.0,0,0.0,1280.0,0,0.0,0,0,0,0.0,0.0,0.0,0.0,0.0,0.0,0.0,0.0,0,0,0,0,23,0.0,0,14,0.0,0,0.0,1381.9335999999998,0.0,0.0,0.0,0.0,0.0,229.2078,13873.724600000001,7224.534899999999,0.7529738107528694,96,6383.246400000002,32,126689.2334,4,0.0,4,2.337199999999939,2,166.7963,1709.934,558.0145140898873,633.1348,0,0,133,133,"N8 step 8, market entry",sumsy,5,-1.4551915228366852e-11
68,128,4,4,27685.238599999993,0.0,57.7764,0.0,0.0,,0.0,0.0,0.0,0.0,0.0,0.0,0.0025,1786.1662,0.0,0.0,1.0,119.22630000000002,0.0,0.0,0.0,1.0,0.0,0.0,1.0,0.0,1,0,0.9427083333333334,0.7279927928459271,0.0,1.0,1.0,0.0,1.0,0,2,0,0.2621537167237546,48,574.1029157468366,2.6845815724727533,576.7874973193094,57.201207886765225,2.7632151637656888,59.96442305053091,663.9028000000004,669.6395999999992,663.9028000000004,0.0,0,0,0.0,0.0,0.0,1.0,1.0,0.0,0.0,0.0,0.0,0.5,0.25,0.0,-365.1561577385826,0.0,48,640.0,490.02989999999966,0.0,228.49639999999997,0.0,0.0,0.0,0.0,0.0,1,166.7945,640.0,490.02989999999966,228.49639999999997,85.0,0.0,0.0,0.015,4.245008527131781,4.833855639097748,1.744201298701298,1.5629450819672142,2.5637080100401577,2.20368446850637,266.0,258.0,133.0,504.66666666666674,415.00000000000006,51.0,22,0,0,2,9,6.0,512.0,18540.646800000006,2174.1062,3594.3601,181,11,0,32,0.514691212710956,0.7279927928459271,0.3163078361117613,1,1589.3465,1095.2121999999995,10,1,231.0,0,0,0,0.0,0,0.0,153048.62425,0.0,0,0,0,1.5,0,0.0,0,0,0.0,0,0.0,0,0,402.91049999999984,96.0,1423.1648,6,226.97449999999998,226.97480000000002,NaN,1280.0,100.0,0.8552897237723214,0,0,0.0,0,0.0,1280.0,0,0.0,0,0,0,0.0,0.0,0.0,0.0,0.0,0.0,0.0,0.0,0,0,0,0,22,0.0,0,14,0.0,0,0.0,1381.9335999999998,0.0,0.0,0.0,0.0,0.0,226.97449999999998,13917.338000000003,7191.6311,0.7569404625873066,96,6449.473200000001,32,146599.15105,4,0.0,4,1.9274000000000342,2,166.7945,1786.1662,591.4953849352805,742.94305,0,0,133,133,"N8 step 8, market entry",sumsy,5,-1.4551915228366852e-11
69,128,4,4,27832.19220000002,0.0,49.6711,0.0,0.0,,0.0,0.0,0.0,0.0,0.0,0.0,0.0025,1861.7741,0.0,0.0,1.0,119.0723,0.0,0.0,0.0,1.0,0.0,0.0,1.0,0.0,1,0,0.9427083333333334,0.7277250413455612,0.0,1.0,0.0,0.0,1.0,0,2,0,0.2688053896976969,48,574.8033198603329,2.912107043309473,577.7154269036423,57.183701386818036,3.033935193984818,60.21763658080285,664.8903999999997,663.9028000000005,664.8903999999997,0.0,0,0,0.0,0.0,0.0,1.0,1.0,0.0,0.0,0.0,0.0,0.5,0.25,0.0,-365.69905773858255,0.0,48,640.0,493.04640000000006,0.0,229.2427000000001,0.0,0.0,0.0,0.0,0.0,1,166.5556,640.0,493.04640000000006,229.2427000000001,85.0,0.0,0.0,0.015,4.200623954372624,4.8779575757575735,1.735078750000001,1.5369628099173553,2.5861303208701703,2.6671162215650446,264.0,263.0,132.0,509.33333333333337,413.00000000000006,51.0,24,0,0,2,12,3.0,512.0,18627.054799999998,2185.6567,3567.6031999999996,181,11,0,32,0.5119915856712627,0.7277250413455612,0.3230584224221065,2,1586.9697999999994,1104.7641,12,0,240.0,0,0,0,0.0,0,0.0,153129.23995000002,0.0,0,0,0,1.5,0,0.0,0,0,0.0,0,0.0,0,0,416.41890000000024,96.0,1423.5477999999998,6,232.98130000000003,232.98160000000007,NaN,1280.0,100.0,0.8548086244419643,0,0,0.0,0,0.0,1280.0,0,0.0,0,0,0,0.0,0.0,0.0,0.0,0.0,0.0,0.0,0.0,0,0,0,0,24,0.0,0,14,0.0,0,0.0,1381.9335999999998,0.0,0.0,0.0,0.0,0.0,232.98130000000003,13985.791,7176.807699999999,0.7567029818564082,96,6475.222300000004,32,146654.01764999997,4,0.0,4,1.5175999999999021,2,166.5556,1861.7741,626.9851080313974,742.94305,0,0,132,132,"N8 step 8, market entry",sumsy,5,-1.4551915228366852e-11
70,128,4,4,27976.16489999999,0.0,41.745400000000004,0.0,0.0,,0.0,0.0,0.0,0.0,0.0,0.0,0.0025,1937.8069,0.0,0.0,1.0,117.8278,0.0,0.0,0.0,1.0,0.0,0.0,1.0,0.0,1,0,0.9427083333333334,0.7272980468926598,0.0,1.0,0.0,0.0,1.0,0,2,0,0.26827420780204525,48,580.8586116205538,2.8645616185949003,583.7231732391488,57.64640488199454,2.9786774493654002,60.62508233135995,655.9676000000002,664.8903999999994,655.9676000000002,0.0,0,0,0.0,0.0,0.0,1.0,1.0,0.0,0.0,0.0,0.0,0.5,0.25,0.0,-366.16115773858246,0.0,48,640.0,496.02729999999985,0.0,229.96269999999993,0.0,0.0,0.0,0.0,0.0,1,166.3684,640.0,496.02729999999985,229.96269999999993,85.0,0.0,0.0,0.015,4.235766292134832,4.774192481203009,1.7372125000000018,1.5367950819672127,2.6335026552292815,3.647960299441778,266.0,267.0,133.0,509.3333333333333,415.0,51.0,24,0,0,2,12,4.0,512.0,18702.612499999992,2195.4685,3570.7698000000005,181,11,0,32,0.5087602690783839,0.7272980468926598,0.2977033986745399,2,1611.7200000000003,1130.9496000000001,12,0,240.0,0,0,0,0.0,0,0.0,153199.0053499999,0.0,0,0,0,1.5,0,0.0,0,0,0.0,0,0.0,0,0,416.93100000000044,96.0,1403.1388000000002,6,224.78000000000006,224.78079999999994,NaN,1280.0,100.0,0.8547400697544643,0,0,0.0,0,0.0,1280.0,0,0.0,0,0,0,0.0,0.0,0.0,0.0,0.0,0.0,0.0,0.0,0,0,0,0,24,0.0,0,14,0.0,0,0.0,1381.9335999999998,0.0,0.0,0.0,0.0,0.0,224.78000000000006,14008.908700000005,7169.3771,0.756321189784499,96,6573.5935,32,146625.41184999997,4,0.0,4,1.1077999999999975,2,166.3684,1937.8069,664.6042145132814,742.94305,0,0,133,133,"N8 step 8, market entry",sumsy,5,-1.4551915228366852e-11
71,128,4,4,28117.192499999997,0.0,33.956799999999994,0.0,0.0,,0.0,0.0,0.0,0.0,0.0,0.0,0.0025,2012.0677,0.0,0.0,1.0,118.81340000000003,0.0,0.0,0.0,1.0,0.0,0.0,1.0,0.0,0,0,0.9427083333333334,0.7275680138681213,0.0,1.0,0.0,0.0,1.0,0,2,0,0.263165008650519,48,576.9231919506472,2.7961528524348034,579.719344803082,57.86881159935794,2.9003969999397645,60.76920859929771,656.2352000000003,655.9676000000001,656.2352000000003,0.0,0,0,0.0,0.0,0.0,1.0,1.0,0.0,0.0,0.0,0.0,0.5,0.25,0.0,-366.54405773858247,0.0,48,640.0,498.97239999999994,0.0,230.68230000000005,0.0,0.0,0.0,0.0,0.0,1,166.287,640.0,498.97239999999994,230.68230000000005,85.0,0.0,0.0,0.015,4.220051838235296,4.7762045112781975,1.7321072649572662,1.5310106557377048,2.636085247777626,3.5385214904585247,266.0,272.0,133.0,509.3333333333333,415.0,51.0,23,0,0,2,11,11.0,512.0,18769.996199999998,2197.8988,3592.9071,181,11,0,32,0.5105696218787725,0.7275680138681213,0.34610743305062575,3,1610.6342000000004,1147.8541000000005,11,0,234.0,0,0,0,0.0,0,0.0,153260.5967500001,0.0,0,0,0,1.5,0,0.0,0,0,0.0,0,0.0,0,0,405.3131000000003,96.0,1378.0357,6,223.60989999999998,223.60960000000003,NaN,1280.0,100.0,0.8550562862723214,0,0,0.0,0,0.0,1280.0,0,0.0,0,0,0,0.0,0.0,0.0,0.0,0.0,0.0,0.0,0.0,0,0,0,0,23,0.0,0,14,0.0,0,0.0,1381.9335999999998,0.0,0.0,0.0,0.0,0.0,223.60989999999998,14134.6081,7168.8416,0.7565659628305936,96,6496.890200000001,32,146763.70655000003,4,0.0,4,0.6979999999998654,2,166.287,2012.0677,704.4804673840782,742.94305,0,0,133,133,"N8 step 8, market entry",sumsy,5,-1.4551915228366852e-11
72,128,4,4,28255.26429999998,0.0,28.1128,1.7346,0.0,,0.0,0.0,0.0,0.0,0.0,0.0,0.0025,2086.0126,0.0,0.0,1.0,118.3723,0.0,0.0,0.0,1.0,0.0,0.0,1.0,0.0,2,1,0.9427083333333334,0.7274364251090777,0.0,1.0,0.0,0.0,1.0,0,2,0,0.2654253812554971,48,579.0738477731886,2.8494992659647367,581.9233470391533,58.093748647350516,2.9628965241113145,61.05664517146184,661.2426999999997,656.2352000000005,661.2426999999997,0.0,0,0,0.0,0.0,0.0,1.0,1.0,0.0,0.0,0.0,0.0,0.5,0.25,0.0,-366.8278233014965,0.0,48,640.0,501.92820000000006,1.7346,231.4151999999998,0.0,0.0,0.0,0.0,0.0,2,166.2912,640.0,501.92820000000006,231.4151999999998,85.0,0.0,0.0,0.015,4.2399204633204635,4.813854887218042,1.718591631799165,1.5391803278688525,2.61807988930723,3.4323658457447688,266.0,259.0,133.0,509.3333333333333,414.99999999999994,51.0,22,0,0,1,7,8.0,512.0,18868.019499999988,2201.1185,3569.4512,181,11,0,32,0.5101236735276455,0.7274364251090777,0.31438309572912826,3,1601.9936999999993,1098.1394,7,0,239.0,0,0,0,0.0,0,0.0,153352.8277499999,0.0,0,0,0,1.5,0,0.0,0,0,0.0,0,0.0,0,0,410.7434000000004,96.0,1364.3713,6,219.58259999999999,219.58200000000005,NaN,1280.0,100.0,0.853510611049107,0,0,0.0,0,0.0,1280.0,0,0.0,0,0,0,0.0,0.0,0.0,0.0,0.0,0.0,0.0,0.0,0,0,0,0,22,0.0,0,14,0.0,0,0.0,1381.9335999999998,0.0,0.0,0.0,0.0,0.0,219.58259999999999,14190.229599999993,7134.940999999999,0.7564647139055907,96,6580.3728,32,146772.45495000004,4,0.0,4,0.2881999999999607,2,166.2912,2086.0126,746.749295427123,742.94305,0,0,133,133,"N8 step 8, market entry",sumsy,5,-1.4551915228366852e-11
73,128,4,4,28390.23779999999,0.0,24.511200000000002,3.7652,0.0,,0.0,0.0,0.0,0.0,0.0,0.0,0.0025,2158.7477,0.0,0.0,1.0,118.92949999999998,0.0,0.0,0.0,1.0,0.0,0.0,1.0,0.0,2,1,0.9427083333333334,0.7278692015665582,0.0,1.0,0.0,0.0,1.0,0,2,0,0.26526629935720847,48,576.8526288507775,2.5154490369381572,579.3680778877156,58.113278080248215,2.657380218969257,60.77065829921747,649.6586000000002,661.2426999999994,649.6586000000002,0.0,0,0,0.0,0.0,0.0,1.0,1.0,0.0,0.0,0.0,0.0,0.5,0.25,0.0,-367.03202330149657,0.0,48,640.0,505.02650000000006,3.7652,232.2301000000001,0.0,0.0,0.0,0.0,0.0,2,166.2575,640.0,505.02650000000006,232.2301000000001,85.0,0.0,0.0,0.015,4.213595454545455,4.835835384615386,1.722656666666668,1.538742016806722,2.6264837872766256,3.3293948703724263,260.0,264.0,130.0,510.66666666666663,409.0,51.0,25,0,0,1,11,6.0,512.0,18940.262499999993,2213.0442000000003,3556.4213,181,11,0,32,0.5130600425202008,0.7278692015665582,0.3692770271206658,5,1583.2154000000007,1112.3892,11,0,240.0,0,0,0,0.0,0,0.0,153419.1022499999,0.0,0,0,0,1.5,0,0.0,0,0,0.0,0,0.0,0,0,413.4376000000003,96.0,1355.5046000000002,6,230.17040000000003,230.17,NaN,1280.0,100.0,0.8533002985491072,0,0,0.0,0,0.0,1280.0,0,0.0,0,0,0,0.0,0.0,0.0,0.0,0.0,0.0,0.0,0.0,0,0,0,0,25,0.0,0,14,0.0,0,0.0,1381.9335999999998,0.0,0.0,0.0,0.0,0.0,230.17040000000003,14259.214600000001,7124.9701000000005,0.7568686283619497,96,6567.9485,32,146851.15375,4,0.0,4,0.054600000000050386,2,166.2575,2158.7477,791.5542531527504,742.94305,0,0,130,130,"N8 step 8, market entry",sumsy,5,-1.4551915228366852e-11
74,128,4,4,28522.5051,0.0,22.1958,4.7254,0.0,,0.0,0.0,0.0,0.0,0.0,0.0,0.0025,2231.3683,0.0,0.0,1.0,118.19120000000002,0.0,0.0,0.0,1.0,0.0,0.0,1.0,0.0,3,2,0.9427083333333334,0.7278007818114192,0.0,1.0,0.0,0.0,1.0,0,2,0,0.2646416747386835,48,580.767679347646,2.4078048056727455,583.1754841533187,58.17683285116948,2.6104053951897135,60.78723824635919,664.155999999999,649.6586000000008,664.155999999999,0.0,0,0,0.0,0.0,0.0,1.0,1.0,0.0,0.0,0.0,0.0,0.5,0.25,0.0,-367.1506233014965,0.0,48,640.0,507.7327000000001,4.7254,232.8477,0.0,0.0,0.0,0.0,0.0,4,166.1652,640.0,507.7327000000001,232.8477,85.0,0.0,0.0,0.015,4.252791254752851,4.835759398496234,1.7176900000000004,1.52245,2.6433148253012053,3.797595164477521,266.0,263.0,133.0,510.66666666666663,415.0,51.0,23,0,0,4,11,6.0,512.0,19015.57570000001,2210.3246,3563.8122000000003,181,11,0,32,0.5120219383579454,0.7278007818114192,0.31330228059730225,4,1607.0293,1118.4841,12,1,240.0,0,0,0,0.0,0,0.0,153488.26795000012,0.0,0,0,0,1.5,0,0.0,0,0,0.0,0,0.0,0,0,412.2456000000001,96.0,1335.2591,6,214.82850000000005,214.8288,NaN,1280.0,100.0,0.8527773018973213,0,0,0.0,0,0.0,1280.0,0,0.0,0,0,0,0.0,0.0,0.0,0.0,0.0,0.0,0.0,0.0,0,0,0,0,23,0.0,0,14,0.0,0,0.0,1381.9335999999998,0.0,0.0,0.0,0.0,0.0,214.82850000000005,14271.5155,7109.3958999999995,0.7568126587676043,96,6620.059599999999,32,146868.20835000003,4,0.0,4,0.0,2,166.1652,2231.3683,839.0475083419155,742.94305,0,0,133,133,"N8 step 8, market entry",sumsy,5,-1.4551915228366852e-11
75,128,4,4,28652.2723,0.0,21.508699999999997,0.0,0.0,,0.0,0.0,0.0,0.0,0.0,0.0,0.0025,2301.9911,0.0,0.0,1.0,119.29029999999999,0.0,0.0,0.0,1.0,0.0,0.0,1.0,0.0,3,0,0.9427083333333334,0.7271460910881893,0.0,1.0,0.0,0.0,1.0,0,2,0,0.26629543784272713,48,575.248713046937,2.6190084315561917,577.8677214784932,57.20047431230291,2.813529545514739,60.01400385781765,656.231599999999,664.1559999999995,656.231599999999,0.0,0,0,0.0,0.0,0.0,1.0,1.0,0.0,0.0,0.0,0.0,0.5,0.25,0.0,-367.19872330149656,0.0,48,640.0,510.23280000000005,0.0,233.3816999999999,0.0,0.0,0.0,0.0,0.0,5,166.09640000000002,640.0,510.23280000000005,233.3816999999999,85.0,0.0,0.0,0.015,4.225939473684211,4.812360606060599,1.6992283783783788,1.5392925619834716,2.6576658467211094,3.6836673095431953,264.0,266.0,132.0,506.6666666666667,413.00000000000006,51.0,22,0,0,3,12,7.0,512.0,19111.086099999993,2224.9991,3560.2404,181,11,0,32,0.5072731572065781,0.7271460910881893,0.32696354628202595,4,1606.3673999999994,1124.0999000000002,12,0,222.0,0,0,0,0.0,0,0.0,153583.77815000006,0.0,0,0,0,1.5,0,0.0,0,0,0.0,0,0.0,0,0,377.2287000000001,96.0,1287.8592,6,213.24679999999995,213.2464000000001,NaN,1280.0,100.0,0.8507517996651787,0,0,0.0,0,0.0,1280.0,0,0.0,0,0,0,0.0,0.0,0.0,0.0,0.0,0.0,0.0,0.0,0,0,0,0,22,0.0,0,14,0.0,0,0.0,1381.9335999999998,0.0,0.0,0.0,0.0,0.0,213.24679999999995,14311.725699999999,7073.0987000000005,0.7562172990408438,96,6693.844199999999,32,146889.93395,4,0.0,4,0.0,2,166.09640000000002,2301.9911,889.3903588424305,742.94305,0,0,132,132,"N8 step 8, market entry",sumsy,5,-1.4551915228366852e-11
76,128,4,4,28779.909400000015,0.0,21.7111,1.9335,0.0,,0.0,0.0,0.0,0.0,0.0,0.0,0.0025,2372.2895,0.0,0.0,1.0,118.5378,0.0,0.0,0.0,1.0,0.0,0.0,1.0,0.0,1,0,0.9427083333333334,0.726851410617763,0.0,1.0,0.0,0.0,1.0,0,2,0,0.25004370374686785,48,578.9698488815534,2.8562260620868574,581.8260749436402,57.33365634960981,3.0424477397427045,60.376104089352516,654.995800000001,656.2316000000001,654.995800000001,0.0,0,0,0.0,0.0,0.0,1.0,1.0,0.0,0.0,0.0,0.0,0.5,0.25,0.0,-367.4137233014965,0.0,48,640.0,512.3629000000003,1.9335,233.73280000000003,0.0,0.0,0.0,0.0,0.0,0,166.1766,640.0,512.3629000000003,233.73280000000003,85.0,0.0,0.0,0.015,4.242786641221375,4.802998484848493,1.7040933054393308,1.5291694214876026,2.644687414617051,3.5731572902569,264.0,262.0,132.0,508.00000000000006,413.00000000000006,51.0,23,0,0,3,9,7.0,512.0,19178.419300000012,2232.3819,3554.9122,181,11,0,32,0.5049746706461491,0.726851410617763,0.3275007575146074,2,1598.8750000000007,1111.6101000000003,9,0,239.0,0,0,0,0.0,0,0.0,153651.11135,0.0,0,0,0,1.5,0,0.0,0,0,0.0,0,0.0,0,0,407.27830000000006,96.0,1275.7298999999998,6,210.659,210.65919999999997,NaN,1280.0,100.0,0.850189595424107,0,0,0.0,0,0.0,1280.0,0,0.0,0,0,0,0.0,0.0,0.0,0.0,0.0,0.0,0.0,0.0,0,0,0,0,23,0.0,0,14,0.0,0,0.0,1381.9335999999998,0.0,0.0,0.0,0.0,0.0,210.659,14361.567400000002,7063.023999999999,0.7559363629616098,96,6733.658700000001,32,146917.45265,4,0.0,4,0.0,2,166.1766,2372.2895,942.7537803729764,742.94305,0,0,132,132,"N8 step 8, market entry",sumsy,5,-1.4551915228366852e-11
77,128,4,4,28904.509999999984,0.0,20.9776,0.0,0.0,,0.0,0.0,0.0,0.0,0.0,0.0,0.0025,2441.5265,0.0,0.0,1.0,119.00980000000003,0.0,0.0,0.0,1.0,0.0,0.0,1.0,0.0,2,0,0.9427083333333334,0.7275079728551721,0.0,1.0,0.0,0.0,1.0,0,2,0,0.2599751297577855,48,577.404054187151,2.4319276156270977,579.8359818027782,57.57400317168484,2.6121774380035974,60.186180609688435,655.4137000000005,654.9958000000013,655.4137000000005,0.0,0,0,0.0,0.0,0.0,1.0,1.0,0.0,0.0,0.0,0.0,0.5,0.25,0.0,-367.5004233014964,0.0,48,640.0,515.3994,0.0,234.5488000000001,0.0,0.0,0.0,0.0,0.0,4,166.1859,640.0,515.3994,234.5488000000001,85.0,0.0,0.0,0.015,4.264744117647059,4.842852671755729,1.7106017467248902,1.5329141666666668,2.648088966633237,3.465962571549192,262.0,272.0,131.0,508.00000000000006,411.0,51.0,25,0,0,1,14,10.0,512.0,19214.62279999999,2238.7048999999997,3591.5443,181,11,0,32,0.5101975611316709,0.7275079728551721,0.3557910801090436,4,1592.6673000000008,1160.0104,14,0,229.0,0,0,0,0.0,0,0.0,153687.31485,0.0,0,0,0,1.5,0,0.0,0,0,0.0,0,0.0,0,0,391.72779999999983,96.0,1251.9256,6,219.14150000000004,219.14120000000003,NaN,1280.0,100.0,0.8512582784598214,0,0,0.0,0,0.0,1280.0,0,0.0,0,0,0,0.0,0.0,0.0,0.0,0.0,0.0,0.0,0.0,0,0,0,0,25,0.0,0,14,0.0,0,0.0,1381.9335999999998,0.0,0.0,0.0,0.0,0.0,219.14150000000004,14487.573799999998,7082.174800000001,0.7565364449172995,96,6672.388799999998,32,147014.92604999998,4,0.0,4,0.0,2,166.1859,2441.5265,999.3190071953551,742.94305,0,0,131,131,"N8 step 8, market entry",sumsy,5,-1.4551915228366852e-11
78,128,4,4,29026.889700000007,0.0,19.98,0.0,0.0,,0.0,0.0,0.0,0.0,0.0,0.0,0.0025,2509.1884,0.0,0.0,1.0,119.62560000000003,0.0,0.0,0.0,1.0,0.0,0.0,1.0,0.0,1,0,0.9427083333333334,0.7269561884636435,0.0,1.0,0.0,0.0,1.0,0,2,0,0.2543129859342874,48,574.2282298370907,2.725018751821271,576.953248588912,56.83189556549865,2.8967532864028964,59.728648851901546,670.9738999999996,655.4136999999993,670.9738999999996,0.0,0,0,0.0,0.0,0.0,1.0,1.0,0.0,0.0,0.0,0.0,0.5,0.25,0.0,-367.6496233014964,0.0,48,640.0,517.6202999999998,0.0,234.9693999999999,0.0,0.0,0.0,0.0,0.0,3,166.1848,640.0,517.6202999999998,234.9693999999999,85.0,0.0,0.0,0.015,4.290674907749078,4.850551492537311,1.6977245762711863,1.5273617886178863,2.639603291366907,3.3619836944027166,268.0,271.0,134.0,510.6666666666667,417.0,51.0,23,0,0,2,16,11.0,512.0,19243.831200000008,2239.0638,3627.3750999999997,181,11,0,32,0.5058040049023607,0.7269561884636435,0.316816021687756,3,1608.6178999999997,1162.7729000000002,17,1,236.0,0,0,0,0.0,0,0.0,153716.52324999985,0.0,0,0,0,1.5,0,0.0,0,0,0.0,0,0.0,0,0,400.66299999999995,96.0,1241.2464,6,208.0821,208.08199999999994,NaN,1280.0,100.0,0.8526818554687502,0,0,0.0,0,0.0,1280.0,0,0.0,0,0,0,0.0,0.0,0.0,0.0,0.0,0.0,0.0,0.0,0,0,0,0,23,0.0,0,14,0.0,0,0.0,1381.9335999999998,0.0,0.0,0.0,0.0,0.0,208.0821,14516.300800000006,7107.6853,0.7560316760508923,96,6738.831199999996,32,146977.69204999998,4,0.0,4,0.0,2,166.1848,2509.1884,1059.2781476270764,742.94305,0,0,134,134,"N8 step 8, market entry",sumsy,5,-1.4551915228366852e-11
79,128,4,4,29146.71850000002,0.0,19.0791,0.0,0.0,,0.0,0.0,0.0,0.0,0.0,0.0,0.0025,2575.3765,0.0,0.0,1.0,120.35359999999997,0.0,0.0,0.0,1.0,0.0,0.0,1.0,0.0,2,0,0.9427083333333334,0.7273734993748904,0.0,0.0,0.0,0.0,1.0,0,2,0,0.25323672012360804,48,571.2896668154863,2.501805624098421,573.7914724395847,56.78436409009214,2.6658276951587014,59.450191785250844,679.1900000000002,670.9738999999996,679.1900000000002,0.0,0,0,0.0,0.0,0.0,1.0,1.0,0.0,0.0,0.0,0.0,0.5,0.25,0.0,-367.7713233014964,0.0,48,640.0,520.1712000000001,0.0,235.5712,0.0,0.0,0.0,0.0,0.0,3,166.1651,640.0,520.1712000000001,235.5712,85.0,0.0,0.0,0.015,4.326834671532847,4.875481481481483,1.6971291666666677,1.5330903225806451,2.6863988810557533,3.8428133273928964,270.0,274.0,135.0,509.33333333333337,419.0,51.0,22,0,0,2,19,12.0,512.0,19269.993500000015,2247.1297,3662.589,181,11,0,32,0.5088749529238943,0.7273734993748904,0.3098602788705591,3,1635.1061999999993,1185.5527000000002,20,1,240.0,0,0,0,0.0,0,0.0,153742.68555000005,0.0,0,0,0,1.5,0,0.0,0,0,0.0,0,0.0,0,0,407.31100000000026,96.0,1225.4646999999998,6,208.28009999999995,208.28040000000013,NaN,1280.0,100.0,0.8542163476562502,0,0,0.0,0,0.0,1280.0,0,0.0,0,0,0,0.0,0.0,0.0,0.0,0.0,0.0,0.0,0.0,0,0,0,0,22,0.0,0,14,0.0,0,0.0,1381.9335999999998,0.0,0.0,0.0,0.0,0.0,208.28009999999995,14576.466999999999,7135.183399999998,0.7564102816216838,96,6717.087700000002,32,147025.59785000008,4,0.0,4,0.0,2,166.1651,2575.3765,1059.2781476270764,742.94305,0,0,135,135,"N8 step 8, market entry",sumsy,5,-1.4551915228366852e-11
80,128,4,4,29264.367800000007,0.0,20.599600000000002,2.57,0.0,,0.0,0.0,0.0,0.0,0.0,0.0,0.0025,2639.6923,0.0,0.0,1.0,121.36730000000003,0.0,0.0,0.0,1.0,0.0,0.0,1.0,0.0,2,1,0.9427083333333334,0.7268522082441149,0.0,0.0,0.0,0.0,1.0,0,2,0,0.2531698816176913,48,566.6987447094701,2.5918778447580415,569.2906225542282,56.155141998651445,2.7694343613872117,58.92457636003866,694.7388999999989,679.1899999999996,694.7388999999989,0.0,0,0,0.0,0.0,0.0,1.0,1.0,0.0,0.0,0.0,0.0,0.5,0.25,0.0,-367.8945233014963,0.0,48,640.0,522.3506999999995,2.57,236.01120000000003,0.0,0.0,0.0,0.0,0.0,2,166.1221,640.0,522.3506999999995,236.01120000000003,85.0,0.0,0.0,0.015,4.350765116279071,4.917802189781014,1.6856253164556945,1.5545603174603173,2.7009314717174826,3.7275289275711097,274.0,258.0,137.0,509.33333333333337,423.0,51.0,21,0,0,4,11,7.0,512.0,19367.068400000004,2254.7077,3631.3642,181,11,0,32,0.5050194268334647,0.7268522082441149,0.31749559253387805,3,1655.9868000000001,1122.4974000000002,11,0,237.0,0,0,0,0.0,0,0.0,153839.76045,0.0,0,0,0,1.5,0,0.0,0,0,0.0,0,0.0,0,0,399.4931999999996,96.0,1205.4130999999998,6,188.3314,188.3308,NaN,1280.0,100.0,0.851777820870536,0,0,0.0,0,0.0,1280.0,0,0.0,0,0,0,0.0,0.0,0.0,0.0,0.0,0.0,0.0,0.0,0,0,0,0,21,0.0,0,14,0.0,0,0.0,1381.9335999999998,0.0,0.0,0.0,0.0,0.0,188.3314,14646.002999999999,7091.485,0.7559407632397865,96,6757.358000000001,32,147082.40245,4,0.0,4,0.0,2,166.1221,2639.6923,1059.2781476270764,742.94305,0,0,137,137,"N8 step 8, market entry",sumsy,5,-1.4551915228366852e-11
81,128,4,4,29379.54859999999,0.0,24.2575,4.5588,0.0,,0.0,0.0,0.0,0.0,0.0,0.0,0.0025,2702.6488,0.0,0.0,1.0,122.03919999999997,0.0,0.0,0.0,1.0,0.0,0.0,1.0,0.0,2,1,0.9427083333333334,0.7267036460708223,0.0,0.0,0.0,0.0,1.0,0,2,0,0.25037037037037035,48,563.7878466423996,2.5677066361818945,566.3555532785815,55.74556898408303,2.778004748779202,58.52357373286223,674.7982,694.7389,674.7982,0.0,0,0,0.0,0.0,0.0,1.0,1.0,0.0,0.0,0.0,0.0,0.5,0.25,0.0,-367.99812330149626,0.0,48,640.0,524.8192,4.5588,236.6046999999999,0.0,0.0,0.0,0.0,0.0,4,166.1712,640.0,524.8192,236.6046999999999,85.0,0.0,0.0,0.015,4.355557037037037,4.953016666666667,1.6774129166666663,1.5416735537190085,2.7128013595923175,3.6157030597439754,264.0,270.0,132.0,506.66666666666674,413.0,51.0,23,0,0,2,16,7.0,512.0,19393.218799999995,2286.9791999999998,3638.0802,181,11,0,32,0.5032276504429474,0.7267036460708223,0.32723233404270635,3,1623.8984999999993,1176.0004,16,0,240.0,0,0,0,0.0,0,0.0,153865.91084999987,0.0,0,0,0,1.5,0,0.0,0,0,0.0,0,0.0,0,0,402.5790999999999,96.0,1192.4504000000002,6,206.39740000000003,206.3983999999999,NaN,1280.0,100.0,0.8532300976562499,0,0,0.0,0,0.0,1280.0,0,0.0,0,0,0,0.0,0.0,0.0,0.0,0.0,0.0,0.0,0.0,0,0,0,0,23,0.0,0,14,0.0,0,0.0,1381.9335999999998,0.0,0.0,0.0,0.0,0.0,206.39740000000003,14601.022700000001,7117.5098,0.7558093761546594,96,6797.286399999997,32,147068.62445,4,0.0,4,0.0,2,166.1712,2702.6488,1059.2781476270764,742.94305,0,0,132,132,"N8 step 8, market entry",sumsy,5,-1.4551915228366852e-11
82,128,4,4,29492.111799999988,0.0,23.356600000000004,0.0,0.0,,0.0,0.0,0.0,0.0,0.0,0.0,0.0025,2764.9045,0.0,0.0,1.0,122.1731,0.0,0.0,0.0,1.0,0.0,0.0,1.0,0.0,2,0,0.9427083333333334,0.7268108995779163,0.0,0.0,0.0,0.0,1.0,0,2,0,0.2529296875,48,563.5732446310263,2.541340579868458,566.1145852108948,55.93548872550096,2.74483217077922,58.68032089628018,688.5085000000005,674.7982000000001,688.5085000000005,0.0,0,0,0.0,0.0,0.0,1.0,1.0,0.0,0.0,0.0,0.0,0.5,0.25,0.0,-368.0927233014962,0.0,48,640.0,527.4368000000001,0.0,237.28859999999983,0.0,0.0,0.0,0.0,0.0,5,166.2165,640.0,527.4368000000001,237.28859999999983,85.0,0.0,0.0,0.015,4.359244921874999,4.944507407407411,1.6845004166666668,1.5797266129032252,2.7099095661628168,3.5072319679516566,270.0,256.0,135.0,509.33333333333337,419.0,51.0,22,0,0,6,10,3.0,512.0,19480.37059999999,2286.5725999999995,3611.1976999999997,181,11,0,32,0.5047543042026363,0.7268108995779163,0.34392143058216074,4,1646.1803000000004,1115.9666999999997,10,0,240.0,0,0,0,0.0,0,0.0,153953.0626499999,0.0,0,0,0,1.5,0,0.0,0,0,0.0,0,0.0,0,0,404.28010000000006,96.0,1182.8499,6,187.84489999999997,187.84479999999996,NaN,1280.0,100.0,0.8511715262276786,0,0,0.0,0,0.0,1280.0,0,0.0,0,0,0,0.0,0.0,0.0,0.0,0.0,0.0,0.0,0.0,0,0,0,0,22,0.0,0,14,0.0,0,0.0,1381.9335999999998,0.0,0.0,0.0,0.0,0.0,187.84489999999997,14720.9832,7080.6202,0.7559067053711834,96,6863.243399999999,32,147089.81924999997,4,0.0,4,0.0,2,166.2165,2764.9045,1059.2781476270764,742.94305,0,0,135,135,"N8 step 8, market entry",sumsy,5,-1.4551915228366852e-11
83,128,4,4,29602.655200000005,0.0,22.4557,0.0,0.0,,0.0,0.0,0.0,0.0,0.0,0.0,0.0025,2826.1833,0.0,0.0,1.0,122.2764,0.0,0.0,0.0,1.0,0.0,0.0,1.0,0.0,2,0,0.9427083333333334,0.7319881218242521,0.0,0.0,1.0,0.0,1.0,0,2,0,0.2524338907062519,48,666.3748455521535,2.5069108658473835,668.8817564180009,59.11633533647419,2.702144041780789,61.81847937825497,662.2388000000005,688.5085000000001,662.2388000000005,0.0,0,0,0.0,0.0,0.0,1.0,1.0,0.0,0.0,0.0,0.0,0.5,0.25,0.0,-368.1784233014962,0.0,48,640.0,529.4566000000002,0.0,237.67070000000007,0.0,0.0,0.0,0.0,0.0,5,166.2551,640.0,529.4566000000002,237.67070000000007,85.0,0.0,0.0,0.015,4.335666064981951,4.932606153846158,1.669102916666666,1.57267899159664,2.722174702669747,3.402015008913107,260.0,277.0,130.0,504.00000000000006,409.0,51.0,24,0,0,6,19,11.0,512.0,19480.3403,2310.3,3648.4916,181,11,0,32,0.5167091777925072,0.7319881218242521,0.33246689318669853,3,1615.6125000000006,1200.9795000000004,20,1,240.0,0,0,0,0.0,0,0.0,181037.0850000001,0.0,0,0,0,1.5,0,0.0,0,0,0.0,0,0.0,0,0,400.5846999999998,96.0,1171.0848999999998,6,212.41710000000003,212.41679999999994,NaN,1280.0,100.0,0.9457724441964289,0,0,0.0,0,0.0,1280.0,0,0.0,0,0,0,0.0,0.0,0.0,0.0,0.0,0.0,0.0,0.0,0,0,0,0,24,0.0,0,14,0.0,0,0.0,1381.9335999999998,0.0,0.0,0.0,0.0,0.0,212.41710000000003,14735.311599999999,7129.876500000001,0.7606978434629921,96,6834.854199999998,32,174202.23079999996,4,0.0,4,0.0,2,166.2551,2826.1833,1059.2781476270764,892.5787,0,0,130,130,"N8 step 8, market entry",sumsy,5,-1.4551915228366852e-11
84,128,4,4,29711.013199999983,0.0,20.472900000000003,0.0,0.0,,0.0,0.0,0.0,0.0,0.0,0.0,0.0025,2887.3521,0.0,0.0,1.0,121.61589999999998,0.0,0.0,0.0,1.0,0.0,0.0,1.0,0.0,1,0,0.9427083333333334,0.7317365178574651,0.0,1.0,0.0,0.0,1.0,0,2,0,0.25009468501451837,48,670.1448242391376,2.6170151658580467,672.7618394049957,59.338897057968715,2.798629528903442,62.13752658687215,680.0935999999998,662.2387999999991,680.0935999999998,0.0,0,0,0.0,0.0,0.0,1.0,1.0,0.0,0.0,0.0,0.0,0.5,0.25,0.0,-368.40312330149607,0.0,48,640.0,531.642,0.0,238.14229999999995,0.0,0.0,0.0,0.0,0.0,0,166.3354,640.0,531.642,238.14229999999995,85.0,0.0,0.0,0.015,4.375329213483147,4.918608955223879,1.663890416666668,1.5735894308943097,2.7154464423407134,3.2999545586457133,268.0,267.0,134.0,504.00000000000006,417.0000000000001,51.0,20,0,0,3,16,9.0,512.0,19522.38969999999,2298.4570000000003,3676.4139000000005,181,11,0,32,0.5132775767376343,0.7317365178574651,0.3305421767458101,3,1640.1503999999998,1168.2129000000004,16,0,240.0,0,0,0,0.0,0,0.0,181079.13439999995,0.0,0,0,0,1.5,0,0.0,0,0,0.0,0,0.0,0,0,399.3337000000003,96.0,1160.0651,6,196.4294,196.42920000000015,NaN,1280.0,100.0,0.9460547823660714,0,0,0.0,0,0.0,1280.0,0,0.0,0,0,0,0.0,0.0,0.0,0.0,0.0,0.0,0.0,0.0,0,0,0,0,20,0.0,0,14,0.0,0,0.0,1381.9335999999998,0.0,0.0,0.0,0.0,0.0,196.4294,14732.615700000004,7134.936000000001,0.7604574556210204,96,6876.096399999998,32,174203.03800000003,4,0.0,4,0.0,2,166.3354,2887.3521,1122.834836484701,892.5787,0,0,134,134,"N8 step 8, market entry",sumsy,5,-1.4551915228366852e-11
85,128,4,4,29817.398799999995,0.0,19.275199999999998,0.0,0.0,,0.0,0.0,0.0,0.0,0.0,0.0,0.0025,2946.5984,0.0,0.0,1.0,122.72759999999997,0.0,0.0,0.0,1.0,0.0,0.0,1.0,0.0,1,0,0.9427083333333334,0.7312772276702106,0.0,1.0,0.0,0.0,1.0,0,2,0,0.2648488243576739,48,664.248707073461,2.604491487678447,666.8531985611394,58.61745899688713,2.7739310452480277,61.39139004213515,696.8737000000001,680.0936000000012,696.8737000000001,0.0,0,0,0.0,0.0,0.0,1.0,1.0,0.0,0.0,0.0,0.0,0.5,0.25,0.0,-368.5550233014961,0.0,48,640.0,533.6143999999999,0.0,238.52949999999984,0.0,0.0,0.0,0.0,0.0,3,166.3552,640.0,533.6143999999999,238.52949999999984,85.0,0.0,0.0,0.015,4.435207782101167,5.0064718518518525,1.6667815450643766,1.5762379032258074,2.720959787839781,3.2009559218863415,270.0,257.0,135.0,508.00000000000006,419.0,51.0,21,0,0,3,9,4.0,512.0,19604.613599999997,2301.4386999999997,3658.0541000000003,181,11,0,32,0.5085127357629993,0.7312772276702106,0.31938123703656296,3,1648.2945000000007,1139.8483999999999,9,0,233.0,0,0,0,0.0,0,0.0,181161.35829999996,0.0,0,0,0,1.5,0,0.0,0,0,0.0,0,0.0,0,0,388.36009999999976,96.0,1140.3388,6,189.83480000000003,189.8344,NaN,1280.0,100.0,0.9440958314732141,0,0,0.0,0,0.0,1280.0,0,0.0,0,0,0,0.0,0.0,0.0,0.0,0.0,0.0,0.0,0.0,0,0,0,0,21,0.0,0,14,0.0,0,0.0,1381.9335999999998,0.0,0.0,0.0,0.0,0.0,189.83480000000003,14741.850600000002,7099.8315999999995,0.7600362271973449,96,6929.9079999999985,32,174231.45030000003,4,0.0,4,0.0,2,166.3552,2946.5984,1190.2049266737831,892.5787,0,0,135,135,"N8 step 8, market entry",sumsy,5,-1.4551915228366852e-11
86,128,4,4,29921.75570000001,0.0,17.5973,0.0,0.0,,0.0,0.0,0.0,0.0,0.0,0.0,0.0025,3003.44,0.0,0.0,1.0,124.40809999999998,0.0,0.0,0.0,1.0,0.0,0.0,1.0,0.0,0,0,0.9427083333333334,0.7318449743933995,0.0,0.0,0.0,0.0,1.0,0,2,0,0.26787489277106796,48,656.1853990711531,2.5450260247833767,658.7304250959364,58.557237483376,2.6976274955646597,61.25486497894065,669.915,696.8736999999994,669.915,0.0,0,0,0.0,0.0,0.0,1.0,1.0,0.0,0.0,0.0,0.0,0.5,0.25,0.0,-368.740023301496,0.0,48,640.0,535.6430999999998,0.0,238.9645000000001,0.0,0.0,0.0,0.0,0.0,1,166.3391,640.0,535.6430999999998,238.9645000000001,85.0,0.0,0.0,0.015,4.411842066420662,4.9535496183206105,1.6611789029535857,1.5915075000000007,2.750115843360759,3.1049272442297515,262.0,271.0,131.0,508.00000000000006,411.00000000000006,51.0,23,0,0,4,12,11.0,512.0,19625.346299999994,2321.9569,3676.0503999999996,181,11,0,32,0.5131095476118428,0.7318449743933995,0.3243622171679863,2,1633.7212000000004,1195.6091999999994,12,0,237.0,0,0,0,0.0,0,0.0,181182.09099999993,0.0,0,0,0,1.5,0,0.0,0,0,0.0,0,0.0,0,0,393.6993999999998,96.0,1128.623,6,204.1919,204.19199999999995,NaN,1280.0,100.0,0.945591294642857,0,0,0.0,0,0.0,1280.0,0,0.0,0,0,0,0.0,0.0,0.0,0.0,0.0,0.0,0.0,0.0,0,0,0,0,23,0.0,0,14,0.0,0,0.0,1381.9335999999998,0.0,0.0,0.0,0.0,0.0,204.1919,14852.133600000001,7126.630300000002,0.7605470459219537,96,6853.922999999997,32,174328.168,4,0.0,4,0.0,2,166.3391,3003.44,1190.2049266737831,892.5787,0,0,131,131,"N8 step 8, market entry",sumsy,5,-1.4551915228366852e-11
87,128,4,4,30023.474299999998,0.0,16.4526,0.0,0.0,,0.0,0.0,0.0,0.0,0.0,0.0,0.0025,3060.5307,0.0,0.0,1.0,123.75279999999997,0.0,0.0,0.0,1.0,0.0,0.0,1.0,0.0,1,0,0.9427083333333334,0.7317057393593114,0.0,0.0,0.0,0.0,1.0,0,2,0,0.25,48,660.251901933534,2.2565927382137407,662.5084946717477,59.205136450039966,2.4000231462305197,61.60515959627048,668.4098000000001,669.9150000000001,668.4098000000001,0.0,0,0,0.0,0.0,0.0,1.0,1.0,0.0,0.0,0.0,0.0,0.5,0.25,0.0,-368.867923301496,0.0,48,640.0,538.2814000000001,0.0,239.70819999999986,0.0,0.0,0.0,0.0,0.0,3,166.314,640.0,538.2814000000001,239.70819999999986,85.0,0.0,0.0,0.015,4.385440909090909,4.942059541984734,1.649031465517242,1.5988166666666652,2.7452283940708018,3.011779426902859,262.0,264.0,131.0,506.66666666666674,411.0,51.0,24,0,0,2,11,10.0,512.0,19687.35869999999,2316.0052,3681.8898,181,11,0,32,0.5119449291828442,0.7317057393593114,0.31902369988486146,2,1630.7430000000008,1157.7564,11,0,232.0,0,0,0,0.0,0,0.0,181244.10339999996,0.0,0,0,0,1.5,0,0.0,0,0,0.0,0,0.0,0,0,382.57530000000014,96.0,1111.3759,6,200.36810000000003,200.36719999999988,NaN,1280.0,100.0,0.944622578125,0,0,0.0,0,0.0,1280.0,0,0.0,0,0,0,0.0,0.0,0.0,0.0,0.0,0.0,0.0,0.0,0,0,0,0,24,0.0,0,14,0.0,0,0.0,1381.9335999999998,0.0,0.0,0.0,0.0,0.0,200.36810000000003,14826.500299999998,7109.2708999999995,0.7604198329868843,96,6885.7198,32,174358.38359999994,4,0.0,4,0.0,2,166.314,3060.5307,1190.2049266737831,892.5787,0,0,131,131,"N8 step 8, market entry",sumsy,5,-1.4551915228366852e-11
88,128,4,4,30123.064899999998,0.0,15.341099999999999,0.0,0.0,,0.0,0.0,0.0,0.0,0.0,0.0,0.0025,3117.6861,0.0,0.0,1.0,123.01199999999997,0.0,0.0,0.0,1.0,0.0,0.0,1.0,0.0,2,0,0.9427083333333334,0.7344844062551108,0.0,0.0,1.0,0.0,1.0,0,2,0,0.2579423868312757,48,737.5139514801083,2.345147935065814,739.8590994151741,63.20786166177165,2.389828996310982,65.59769065808264,678.7571999999997,668.4097999999992,678.7571999999997,0.0,0,0,0.0,0.0,0.0,1.0,1.0,0.0,0.0,0.0,0.0,0.5,0.25,0.0,-368.99182330149597,0.0,48,640.0,540.4094000000002,0.0,240.19229999999996,0.0,0.0,0.0,0.0,0.0,2,166.368,640.0,540.4094000000002,240.19229999999996,85.0,0.0,0.0,0.015,4.362340370370371,4.90863582089552,1.6428610169491533,1.575085365853657,2.720509336939103,2.921426044095773,268.0,270.0,134.0,509.3333333333333,416.0,51.0,22,0,0,3,14,13.0,512.0,19719.2096,2308.1697999999997,3706.869,181,11,0,32,0.5232550787367762,0.7344844062551108,0.33302938286203543,3,1635.3133999999993,1177.8319000000004,14,0,236.0,0,0,0,0.0,0,0.0,200437.7727,0.0,0,0,0,1.5,0,0.0,0,0,0.0,0,0.0,0,0,387.7152000000002,95.0,1104.7624,6,191.2239,191.22359999999986,NaN,1280.0,100.0,1.0101951618303573,0,0,0.0,0,0.0,1280.0,0,0.0,0,0,0,0.0,0.0,0.0,0.0,0.0,0.0,0.0,0.0,0,0,0,0,22,0.0,0,14,0.0,0,0.0,1381.9335999999998,0.0,0.0,0.0,0.0,0.0,191.2239,14879.207799999998,7119.8012,0.762988810186858,96,6897.4963,32,193540.27640000003,4,0.0,4,0.0,2,166.368,3117.6861,1190.2049266737831,998.4451,0,0,134,134,"N8 step 8, market entry",sumsy,5,-1.4551915228366852e-11
89,128,4,4,30220.90249999999,0.0,14.229699999999998,0.0,0.0,,0.0,0.0,0.0,0.0,0.0,0.0,0.0025,3174.636,0.0,0.0,1.0,122.36309999999999,0.0,0.0,0.0,1.0,0.0,0.0,1.0,0.0,1,0,0.9427083333333334,0.7343490557770951,0.0,1.0,0.0,0.0,1.0,0,2,0,0.25837924701561066,48,741.1972055800804,2.505120539370163,743.7023261194506,63.29877375671219,2.571628593441637,65.87040235015382,675.3785999999997,678.7571999999998,675.3785999999997,0.0,0,0,0.0,0.0,0.0,1.0,1.0,0.0,0.0,0.0,0.0,0.5,0.25,0.0,-369.1048233014959,0.0,48,640.0,542.1623999999999,0.0,240.4920000000001,0.0,0.0,0.0,0.0,0.0,2,166.3921,640.0,542.1623999999999,240.4920000000001,85.0,0.0,0.0,0.015,4.351248484848483,4.920139849624058,1.6430629787234032,1.5764131147540996,2.711570475635877,2.8337832627728994,266.0,264.0,133.0,508.0,415.0,51.0,23,0,0,1,13,9.0,512.0,19778.89639999999,2312.9736000000003,3692.6283,181,11,0,32,0.5218070365739669,0.7343490557770951,0.3357507456985436,1,1626.4827999999998,1148.7295999999994,13,0,235.0,0,0,0,0.0,0,0.0,200497.45949999997,0.0,0,0,0,1.5,0,0.0,0,0,0.0,0,0.0,0,0,386.11979999999977,96.0,1095.3761,6,197.67979999999997,197.68040000000005,NaN,1280.0,100.0,1.009144760044643,0,0,0.0,0,0.0,1280.0,0,0.0,0,0,0,0.0,0.0,0.0,0.0,0.0,0.0,0.0,0.0,0,0,0,0,23,0.0,0,14,0.0,0,0.0,1381.9335999999998,0.0,0.0,0.0,0.0,0.0,197.67979999999997,14952.354899999998,7100.978,0.7628677873342271,96,6892.137200000003,32,193605.32229999997,4,0.0,4,0.0,2,166.3921,3174.636,1261.6172222742102,998.4451,0,0,133,133,"N8 step 8, market entry",sumsy,5,-1.4551915228366852e-11
90,128,4,4,30316.728000000014,0.0,12.6378,0.0,0.0,,0.0,0.0,0.0,0.0,0.0,0.0,0.0025,3231.1796,0.0,0.0,1.0,122.05199999999998,0.0,0.0,0.0,1.0,0.0,0.0,1.0,0.0,0,0,0.9427083333333334,0.7343176029563581,0.0,1.0,0.0,0.0,1.0,0,2,0,0.2575809152925478,48,742.4291043440849,2.506513148223784,744.9356174923086,62.757592842629776,2.6182211401855793,65.37581398281534,678.8337000000006,675.3786000000009,678.8337000000006,0.0,0,0,0.0,0.0,0.0,1.0,1.0,0.0,0.0,0.0,0.0,0.5,0.25,0.0,-369.2471233014958,0.0,48,640.0,544.1745000000002,0.0,240.92350000000002,0.0,0.0,0.0,0.0,0.0,0,166.38119999999998,640.0,544.1745000000002,240.92350000000002,85.0,0.0,0.0,0.015,4.35350442804428,4.9092067164179145,1.614857916666666,1.5725674796747968,2.7012036450839334,2.7487697648897127,268.0,271.0,134.0,510.6666666666667,417.0,51.0,23,1,1,1,15,12.0,511.0,19805.36180000001,2311.3351000000002,3711.8395,181,11,0,32,0.5202399677634266,0.7343176029563581,0.32895696734011914,3,1628.0874000000008,1179.7996999999998,15,0,240.0,0,0,1,0.0,0,0.0,200523.9248999999,0.0,0,0,0,1.5,0,0.0,0,0,0.0,0,0.0,0,0,387.56589999999983,96.0,1090.6308,6,195.6855,195.68480000000017,NaN,1280.0,100.0,1.0098605747767857,0,0,0.0,0,0.0,1280.0,0,0.0,0,0,0,0.0,0.0,0.0,0.0,0.0,0.0,0.0,0.0,0,0,0,0,23,0.0,0,14,0.0,0,0.0,1381.9335999999998,0.0,0.0,0.0,0.0,0.0,195.6855,15028.343699999996,7113.805399999999,0.7628418648389157,96,6853.247900000003,32,193670.677,4,0.0,4,0.0,2,166.38119999999998,3231.1796,1337.314255610663,998.4451,0,0,134,134,"N8 step 8, market entry",sumsy,5,-1.4551915228366852e-11
91,128,4,4,30410.377300000004,0.0,15.981599999999998,4.7871,0.0,,0.0,0.0,0.0,0.0,0.0,0.0,0.0025,3287.0683,0.0,0.0,1.0,122.11569999999998,0.0,0.0,0.0,1.0,0.0,0.0,1.0,0.0,1,0,0.9427083333333334,0.734021387997799,0.0,1.0,0.0,0.0,1.0,0,2,0,0.26629067787342403,48,742.4295007970748,2.4567308103883425,744.8862316074631,63.03835501451254,2.5979221042612317,65.63627711877376,670.8084000000003,678.833700000001,670.8084000000003,0.0,0,0,0.0,0.0,0.0,1.0,1.0,0.0,0.0,0.0,0.0,0.5,0.25,0.0,-369.37032330149583,0.0,48,640.0,546.3506999999998,4.7871,241.45190000000008,0.0,0.0,0.0,0.0,0.0,1,166.3537,640.0,546.3506999999998,241.45190000000008,85.0,0.0,0.0,0.015,4.365037154150198,4.885777443609025,1.6030542452830205,1.5780893442622959,2.6949922069236347,2.6663066719430213,266.0,253.0,133.0,509.66666666666663,415.0,51.0,23,0,0,1,9,1.0,512.0,19936.792900000004,2315.701,3659.1485,181,11,0,32,0.5173592537089426,0.734021387997799,0.31908791322939734,2,1616.2209000000005,1104.3544000000002,9,0,212.0,0,0,0,0.0,0,0.0,200655.35599999997,0.0,0,0,0,1.5,0,0.0,0,0,0.0,0,0.0,0,0,339.84750000000037,96.0,1045.3129000000001,6,190.83839999999998,190.83800000000008,NaN,1280.0,100.0,1.0046349609375003,0,0,0.0,0,0.0,1280.0,0,0.0,0,0,0,0.0,0.0,0.0,0.0,0.0,0.0,0.0,0.0,0,0,0,0,23,0.0,0,14,0.0,0,0.0,1381.9335999999998,0.0,0.0,0.0,0.0,0.0,190.83839999999998,15096.925299999997,7020.162399999999,0.7625721017262823,96,6904.200199999998,32,193751.15580000007,4,0.0,4,0.0,2,166.3537,3287.0683,1417.5531109473027,998.4451,0,0,133,133,"N8 step 8, market entry",sumsy,5,-1.4551915228366852e-11
92,128,4,4,30501.993000000013,0.0,15.392999999999999,0.5228,0.0,,0.0,0.0,0.0,0.0,0.0,0.0,0.0025,3341.9795,0.0,0.0,1.0,122.43949999999998,0.0,0.0,0.0,1.0,0.0,0.0,1.0,0.0,1,0,0.9427083333333334,0.7339130890928647,0.0,1.0,0.0,0.0,1.0,0,2,0,0.2685871056241427,48,740.247666886087,2.4406057128873733,742.6882725989743,62.65209866576274,2.5762376538378784,65.22833631960063,667.1802999999993,670.8083999999991,667.1802999999993,0.0,0,0,0.0,0.0,0.0,1.0,1.0,0.0,0.0,0.0,0.0,0.5,0.25,0.0,-369.4512233014959,0.0,48,640.0,548.3842999999997,0.5228,241.91170000000002,0.0,0.0,0.0,0.0,0.0,3,166.2942,640.0,548.3842999999997,241.91170000000002,85.0,0.0,0.0,0.015,4.317125185185187,4.858498496240596,1.5978228070175435,1.564279508196722,2.694346969093764,2.586317471784731,266.0,270.0,133.0,510.6666666666667,415.00000000000006,51.0,23,0,0,3,12,6.0,512.0,19979.8193,2313.7631,3671.8949,181,11,0,32,0.5157812679532712,0.7339130890928647,0.3230340355457104,3,1613.2182000000007,1165.6238000000005,12,0,228.0,0,0,0,0.0,0,0.0,200698.38240000006,0.0,0,0,0,1.5,0,0.0,0,0,0.0,0,0.0,0,0,364.3035999999999,96.0,1028.242,6,191.6647,191.66519999999988,NaN,1280.0,100.0,1.0042854966517856,0,0,0.0,0,0.0,1280.0,0,0.0,0,0,0,0.0,0.0,0.0,0.0,0.0,0.0,0.0,0.0,0,0,0,0,23,0.0,0,14,0.0,0,0.0,1381.9335999999998,0.0,0.0,0.0,0.0,0.0,191.6647,15111.991499999998,7013.9,0.7624813149396175,96,6912.680200000003,32,193785.7022,4,0.0,4,0.0,2,166.2942,3341.9795,1502.606297604141,998.4451,0,0,133,133,"N8 step 8, market entry",sumsy,5,-1.4551915228366852e-11
93,128,4,4,30592.24769999998,0.0,13.6588,0.0,0.0,,0.0,0.0,0.0,0.0,0.0,0.0,0.0025,3397.2395,0.0,0.0,1.0,121.09569999999998,0.0,0.0,0.0,1.0,0.0,0.0,1.0,0.0,0,0,0.9427083333333334,0.7335916304392349,0.0,0.0,0.0,0.0,1.0,0,2,0,0.2730851337643264,48,748.3564729625718,2.5715590425289205,750.9280320051008,62.96997331122017,2.693246146563159,65.66321945778333,667.8575999999993,667.1802999999999,667.8575999999993,0.0,0,0,0.0,0.0,0.0,1.0,1.0,0.0,0.0,0.0,0.0,0.5,0.25,0.0,-369.60512330149584,0.0,48,640.0,549.7452999999998,0.0,242.03419999999997,0.0,0.0,0.0,0.0,0.0,0,166.2885,640.0,549.7452999999998,242.03419999999997,85.0,0.0,0.0,0.015,4.3091891050583655,4.900436363636358,1.587968333333332,1.5560231404958684,2.6785619728275476,2.5087279476311886,264.0,257.0,132.0,508.0,413.00000000000006,51.0,23,1,1,2,6,5.0,511.0,20050.0381,2313.353,3635.5063,181,11,0,32,0.5125139154738685,0.7335916304392349,0.32658108451654666,2,1597.7773999999997,1107.4615999999999,6,0,240.0,0,0,1,0.0,0,0.0,200768.60119999998,0.0,0,0,0,1.5,0,0.0,0,0,0.0,0,0.0,0,0,381.1123999999997,96.0,1029.8223,6,193.4669,193.46679999999998,NaN,1280.0,100.0,1.0023201841517857,0,0,0.0,0,0.0,1280.0,0,0.0,0,0,0,0.0,0.0,0.0,0.0,0.0,0.0,0.0,0.0,0,0,0,0,23,0.0,0,14,0.0,0,0.0,1381.9335999999998,0.0,0.0,0.0,0.0,0.0,193.4669,15103.553300000005,6978.681600000001,0.7621785414207405,96,6940.076799999999,32,193828.5244,4,0.0,4,0.0,2,166.2885,3397.2395,1502.606297604141,998.4451,0,0,132,132,"N8 step 8, market entry",sumsy,5,-1.4551915228366852e-11
94,128,4,4,30680.30609999999,0.0,11.924900000000001,0.0,0.0,,0.0,0.0,0.0,0.0,0.0,0.0,0.0025,3452.1426,0.0,0.0,1.0,120.87259999999998,0.0,0.0,0.0,1.0,0.0,0.0,1.0,0.0,0,0,0.9427083333333334,0.7336102163097333,0.0,0.0,0.0,0.0,1.0,0,2,0,0.26341818181818183,48,749.9997951726168,2.4608154741507,752.4606106467676,63.06310080569004,2.5672508124053177,65.63035161809535,644.3170000000001,667.8575999999999,644.3170000000001,0.0,0,0,0.0,0.0,0.0,1.0,1.0,0.0,0.0,0.0,0.0,0.5,0.25,0.0,-369.7417233014959,0.0,48,640.0,551.9416000000004,0.0,242.5722,0.0,0.0,0.0,0.0,0.0,0,166.2995,640.0,551.9416000000004,242.5722,85.0,0.0,0.0,0.015,4.300234181818182,4.831914728682172,1.580426086956522,1.5528949152542377,2.6805184792716292,2.433466109202253,258.0,275.0,129.0,508.33333333333337,407.0,51.0,24,0,0,0,12,12.0,512.0,20056.898499999985,2318.822,3670.2156,181,11,0,32,0.51214354296073,0.7336102163097333,0.33135442663115455,2,1576.9284999999998,1182.5644000000002,12,0,230.0,0,0,0,0.0,0,0.0,200775.46160000004,0.0,0,0,0,1.5,0,0.0,0,0,0.0,0,0.0,0,0,363.4980000000001,96.0,1015.9278999999999,6,208.70350000000002,208.7044,NaN,1280.0,100.0,1.003786919642857,0,0,0.0,0,0.0,1280.0,0,0.0,0,0,0,0.0,0.0,0.0,0.0,0.0,0.0,0.0,0.0,0,0,0,0,24,0.0,0,14,0.0,0,0.0,1381.9335999999998,0.0,0.0,0.0,0.0,0.0,208.70350000000002,15131.207199999993,7004.9655,0.7621954959931974,96,6919.045000000003,32,193856.4166,4,0.0,4,0.0,2,166.2995,3452.1426,1502.606297604141,998.4451,0,0,129,129,"N8 step 8, market entry",sumsy,5,-1.4551915228366852e-11
95,128,4,4,30766.45219999999,0.0,18.1426,6.939,0.0,,0.0,0.0,0.0,0.0,0.0,0.0,0.0025,3506.593,0.0,0.0,1.0,120.62139999999997,0.0,0.0,0.0,1.0,0.0,0.0,1.0,0.0,2,1,0.9427083333333334,0.7337539656475882,0.0,0.0,0.0,0.0,1.0,0,2,0,0.2550210372952438,48,751.8482039475463,2.389149848999604,754.2373537965458,63.04674799236172,2.551418292574757,65.59816628493648,671.2892999999998,644.3169999999996,671.2892999999998,0.0,0,0,0.0,0.0,0.0,1.0,1.0,0.0,0.0,0.0,0.0,0.5,0.25,0.0,-369.7679304015815,0.0,48,640.0,553.8539000000001,6.939,242.97500000000008,0.0,0.0,0.0,0.0,0.0,4,166.2242,640.0,553.8539000000001,242.97500000000008,85.0,0.0,0.0,0.015,4.329706642066422,4.852905223880596,1.5729487499999995,1.5520333333333334,2.6561042417266187,2.3604621259261855,268.0,271.0,134.0,512.0,417.0,51.0,23,0,0,1,14,14.0,512.0,20068.32320000001,2294.6823,3712.1707,181,11,0,32,0.5122777700636441,0.7337539656475882,0.3215334515721038,5,1600.8238999999996,1173.3505000000005,14,0,240.0,0,0,0,0.0,0,0.0,200786.88629999995,0.0,0,0,0,1.5,0,0.0,0,0,0.0,0,0.0,0,0,377.5076999999999,96.0,1018.4588,6,194.3076,194.30720000000002,NaN,1280.0,100.0,1.0049223158482143,0,0,0.0,0,0.0,1280.0,0,0.0,0,0,0,0.0,0.0,0.0,0.0,0.0,0.0,0.0,0.0,0,0,0,0,23,0.0,0,14,0.0,0,0.0,1381.9335999999998,0.0,0.0,0.0,0.0,0.0,194.3076,15181.743100000003,7025.3117999999995,0.7623332465888026,96,6907.577400000001,32,193879.3089,4,0.0,4,0.0,2,166.2242,3506.593,1502.606297604141,998.4451,0,0,134,134,"N8 step 8, market entry",sumsy,5,-1.4551915228366852e-11
96,128,4,4,30850.7845,0.0,21.229499999999998,3.6764,0.0,,0.0,0.0,0.0,0.0,0.0,0.0,0.0025,3559.5369,0.0,0.0,1.0,121.44880000000002,0.0,0.0,0.0,1.0,0.0,0.0,1.0,0.0,3,1,0.9427083333333334,0.7331363916333797,0.0,0.0,0.0,0.0,1.0,0,2,0,0.264736,48,746.4592678402572,2.427555655626935,748.8868234958842,61.91529798312935,2.6161410029195475,64.5314389860489,678.2628999999986,671.2892999999995,678.2628999999986,0.0,0,0,0.0,0.0,0.0,1.0,1.0,0.0,0.0,0.0,0.0,0.5,0.25,0.0,-369.77728661720306,0.0,48,640.0,555.6676999999996,3.6764,243.35320000000007,0.0,0.0,0.0,0.0,0.0,7,166.17340000000002,640.0,555.6676999999996,243.35320000000007,85.0,0.0,0.0,0.015,4.305784400000001,4.904947014925362,1.58812125,1.5537211382113816,2.6951979327976754,2.2896482621484,268.0,250.0,134.0,510.6666666666667,417.00000000000006,51.0,23,0,0,5,9,4.0,512.0,20178.93869999999,2294.2876,3639.1551999999997,181,11,0,32,0.5061963724351495,0.7331363916333797,0.29642804736108386,4,1614.9442000000006,1076.4461000000003,10,1,240.0,0,0,0,0.0,0,0.0,200897.5018000001,0.0,0,0,0,1.5,0,0.0,0,0,0.0,0,0.0,0,0,381.1491,96.0,1012.6927,6,187.30149999999998,187.30159999999992,NaN,1280.0,100.0,1.0005039955357142,0,0,0.0,0,0.0,1280.0,0,0.0,0,0,0,0.0,0.0,0.0,0.0,0.0,0.0,0.0,0.0,0,0,0,0,23,0.0,0,14,0.0,0,0.0,1381.9335999999998,0.0,0.0,0.0,0.0,0.0,187.30149999999998,15161.604999999998,6946.135500000001,0.7617793079750574,96,7041.853500000001,32,193855.64830000006,4,0.0,4,0.0,2,166.17340000000002,3559.5369,1502.606297604141,998.4451,0,0,134,134,"N8 step 8, market entry",sumsy,5,-1.4551915228366852e-11
97,128,4,4,30933.550300000003,0.0,20.0047,0.0,0.0,,0.0,0.0,0.0,0.0,0.0,0.0,0.0025,3612.3211,0.0,0.0,1.0,120.77710000000003,0.0,0.0,0.0,1.0,0.0,0.0,1.0,0.0,2,0,0.9427083333333334,0.7336871032236889,0.0,0.0,0.0,0.0,1.0,0,2,0,0.26787489277106796,48,751.7467950965968,2.4242871269420014,754.1710822235387,63.13177580015741,2.6029796640001828,65.73475546415759,656.9005000000002,678.2628999999997,656.9005000000002,0.0,0,0,0.0,0.0,0.0,1.0,1.0,0.0,0.0,0.0,0.0,0.5,0.25,0.0,-369.8833866172031,0.0,48,640.0,557.2342,0.0,243.59859999999983,0.0,0.0,0.0,0.0,0.0,3,166.1487,640.0,557.2342,243.59859999999983,85.0,0.0,0.0,0.015,4.284492619926199,4.854202290076337,1.602951249999999,1.5549466666666671,2.693718700129764,2.220958814283948,262.0,271.0,131.0,505.33333333333337,411.00000000000006,51.0,23,1,1,4,14,11.0,511.0,20187.142900000006,2307.7661000000003,3647.3094,181,11,0,32,0.5110900931946016,0.7336871032236889,0.348824421781039,2,1593.6096,1161.0974999999999,14,0,240.0,0,0,1,0.0,0,0.0,200905.70599999998,0.0,0,0,0,1.5,0,0.0,0,0,0.0,0,0.0,0,0,384.7082999999997,96.0,1012.8621,6,194.50459999999995,194.5048,NaN,1280.0,100.0,1.001720630580357,0,0,0.0,0,0.0,1280.0,0,0.0,0,0,0,0.0,0.0,0.0,0.0,0.0,0.0,0.0,0.0,0,0,0,0,23,0.0,0,14,0.0,0,0.0,1381.9335999999998,0.0,0.0,0.0,0.0,0.0,194.50459999999995,15253.5606,6967.937599999999,0.7622728952221736,96,6948.722399999999,32,193956.9836,4,0.0,4,0.0,2,166.1487,3612.3211,1502.606297604141,998.4451,0,0,131,131,"N8 step 8, market entry",sumsy,5,-1.4551915228366852e-11
98,128,4,4,31014.48019999999,0.0,19.2337,0.0,0.0,,0.0,0.0,0.0,0.0,0.0,0.0,0.0025,3665.0138,0.0,0.0,1.0,120.1802,0.0,0.0,0.0,1.0,0.0,0.0,1.0,0.0,2,0,0.9427083333333334,0.734079054308147,0.0,0.0,0.0,0.0,1.0,0,2,0,0.25025911748041074,48,756.0385680954709,2.296112467862386,758.3346805633332,63.61829768486614,2.4687718135378223,66.08706949840396,665.3339000000004,656.9005000000005,665.3339000000004,0.0,0,0,0.0,0.0,0.0,1.0,1.0,0.0,0.0,0.0,0.0,0.5,0.25,0.0,-369.94528661720307,0.0,48,640.0,559.0701000000004,0.0,243.98089999999993,0.0,0.0,0.0,0.0,0.0,6,166.2029,640.0,559.0701000000004,243.98089999999993,85.0,0.0,0.0,0.015,4.2918583643122705,4.91857938931298,1.609766666666666,1.5492049999999993,2.676806694214752,2.154330049855429,262.0,269.0,131.0,505.66666666666674,411.00000000000006,51.0,24,0,0,3,15,12.0,512.0,20196.59869999999,2304.5328999999997,3665.37,181,11,0,32,0.5143550406104396,0.734079054308147,0.36489663946990847,5,1585.5922000000005,1154.5099000000007,16,1,240.0,0,0,0,0.0,0,0.0,200915.16180000006,0.0,0,0,0,1.5,0,0.0,0,0,0.0,0,0.0,0,0,386.3439999999998,96.0,1016.7619,6,198.9887,198.9888000000001,NaN,1280.0,100.0,1.0027656752232141,0,0,0.0,0,0.0,1280.0,0,0.0,0,0,0,0.0,0.0,0.0,0.0,0.0,0.0,0.0,0.0,0,0,0,0,24,0.0,0,14,0.0,0,0.0,1381.9335999999998,0.0,0.0,0.0,0.0,0.0,198.9887,15289.0521,6986.6648,0.7626286820182069,96,6902.277500000003,32,194012.88430000003,4,0.0,4,0.0,2,166.2029,3665.0138,1502.606297604141,998.4451,0,0,131,131,"N8 step 8, market entry",sumsy,5,-1.4551915228366852e-11
99,128,4,4,31093.485000000008,0.0,22.6802,3.4481,0.0,,0.0,0.0,0.0,0.0,0.0,0.0,0.0025,3716.897,0.0,0.0,1.0,120.38679999999998,0.0,0.0,0.0,1.0,0.0,0.0,1.0,0.0,4,1,0.9427083333333334,0.737149927523624,0.0,0.0,1.0,0.0,1.0,0,2,0,0.25100591715976334,48,864.6066334328059,2.150984130215706,866.7576175630215,67.11299775508466,2.285569903531558,69.39856765861622,666.9958000000008,665.3338999999994,666.9958000000008,0.0,0,0,0.0,0.0,0.0,1.0,1.0,0.0,0.0,0.0,0.0,0.5,0.25,0.0,-369.94538661720304,0.0,48,640.0,560.9952000000001,3.4481,244.42169999999984,0.0,0.0,0.0,0.0,0.0,9,166.2029,640.0,560.9952000000001,244.42169999999984,85.0,0.0,0.0,0.015,4.285134615384616,4.8208641791044835,1.6103508474576267,1.5578544715447151,2.6642574591182036,2.0897001483597664,268.0,260.0,134.0,508.0,417.0,51.0,23,0,0,5,14,7.0,512.0,20251.564600000012,2299.124,3641.4530999999997,181,11,0,32,0.5239059504567862,0.737149927523624,0.3199925226176401,5,1600.6757000000002,1114.1350000000002,15,1,236.0,0,0,0,0.0,0,0.0,229394.72970000005,0.0,0,0,0,1.5,0,0.0,0,0,0.0,0,0.0,0,0,380.0427999999999,96.0,1018.2434000000001,6,183.43549999999996,183.436,NaN,1280.0,100.0,1.0976104129464286,0,0,0.0,0,0.0,1280.0,0,0.0,0,0,0,0.0,0.0,0.0,0.0,0.0,0.0,0.0,0.0,0,0,0,0,23,0.0,0,14,0.0,0,0.0,1381.9335999999998,0.0,0.0,0.0,0.0,0.0,183.43549999999996,15307.2353,6958.8205,0.7654837619799677,96,6947.013099999999,32,222447.7166,4,0.0,4,0.0,2,166.2029,3716.897,1502.606297604141,1155.4871,0,0,134,134,"N8 step 8, market entry",sumsy,5,-1.4551915228366852e-11
100,128,4,4,31171.434699999976,0.0,25.843,4.5359,0.0,,0.0,0.0,0.0,0.0,0.0,0.0,0.0025,3767.939,0.0,0.0,1.0,120.19810000000003,0.0,0.0,0.0,1.0,0.0,0.0,1.0,0.0,1,0,0.9427083333333334,0.7410039520790717,0.0,1.0,1.0,0.0,1.0,0,2,0,0.264757333487545,48,1068.3070435808943,2.690227844920049,1070.9972714258142,69.96869768923871,2.8148150807577172,72.78351276999643,666.8339000000003,666.9958000000004,666.8339000000003,0.0,0,0,0.0,0.0,0.0,1.0,1.0,0.0,0.0,0.0,0.0,0.5,0.25,0.0,-370.0660866172031,0.0,48,640.0,562.0503000000001,4.5359,244.4302999999999,0.0,0.0,0.0,0.0,0.0,3,166.22820000000002,640.0,562.0503000000001,244.4302999999999,85.0,0.0,0.0,0.015,4.286036501901138,4.8558939849624085,1.5989491666666673,1.5456450819672123,2.65221299428483,2.0270091439089732,266.0,263.0,133.0,505.33333333333337,415.00000000000006,51.0,22,1,1,3,10,9.0,511.0,20284.75919999999,2299.5975,3626.8396000000002,181,11,0,32,0.5265929061102683,0.7410039520790717,0.3154097660347319,3,1587.1554999999998,1127.2275999999993,10,0,240.0,0,0,1,0.0,0,0.0,281700.3623,0.0,0,0,0,1.5,0,0.0,0,0,0.0,0,0.0,0,0,383.74780000000015,96.0,1026.0712,6,192.11580000000004,192.11600000000016,NaN,1280.0,100.0,1.2745337276785715,0,0,0.0,0,0.0,1280.0,0,0.0,0,0,0,0.0,0.0,0.0,0.0,0.0,0.0,0.0,0.0,0,0,0,0,22,0.0,0,14,0.0,0,0.0,1381.9335999999998,0.0,0.0,0.0,0.0,0.0,192.11580000000004,15253.7378,6952.5083,0.7690554996033572,96,7019.1342,32,274681.2281,4,0.0,4,0.0,2,166.22820000000002,3767.939,1592.7626754603896,1444.2851,0,0,133,133,"N8 step 8, market entry",sumsy,5,-1.4551915228366852e-11
101,128,4,4,31247.599199999982,0.0,24.659200000000002,0.0,0.0,,0.0,0.0,0.0,0.0,0.0,0.0,0.0025,3818.3139,0.0,0.0,1.0,120.22359999999998,0.0,0.0,0.0,1.0,0.0,0.0,1.0,0.0,1,0,0.9427083333333334,0.7409133885967072,0.0,1.0,0.0,0.0,1.0,0,2,0,0.2631682307228324,48,1067.5990388720088,2.5026313299038363,1070.1016702019126,69.37608006991263,2.723915205766788,72.09999527567942,648.7098000000002,666.8338999999994,648.7098000000002,0.0,0,0,0.0,0.0,0.0,1.0,1.0,0.0,0.0,0.0,0.0,0.5,0.25,0.0,-370.23798661720315,0.0,48,640.0,563.8354999999997,0.0,244.81109999999987,0.0,0.0,0.0,0.0,0.0,4,166.2437,640.0,563.8354999999997,244.81109999999987,85.0,0.0,0.0,0.015,4.29446779026217,4.791677862595422,1.5894029166666668,1.5478491666666663,2.641096408463082,1.9661988695917039,262.0,267.0,131.0,507.00000000000006,411.0,51.0,24,0,0,3,12,11.0,512.0,20292.538999999993,2303.8518,3632.5930000000003,181,11,0,32,0.52294970995867,0.7409133885967072,0.30868753691298734,5,1568.7593,1146.6228999999994,12,0,240.0,0,0,0,0.0,0,0.0,281708.1421,0.0,0,0,0,1.5,0,0.0,0,0,0.0,0,0.0,0,0,381.4567,96.0,1034.0578,6,202.42260000000002,202.42239999999993,NaN,1280.0,100.0,1.2755378738839285,0,0,0.0,0,0.0,1280.0,0,0.0,0,0,0,0.0,0.0,0.0,0.0,0.0,0.0,0.0,0.0,0,0,0,0,24,0.0,0,14,0.0,0,0.0,1381.9335999999998,0.0,0.0,0.0,0.0,0.0,202.42260000000002,15214.194400000002,6970.5026,0.7689713000175622,96,7042.001900000001,32,274666.1402,4,0.0,4,0.0,2,166.2437,3818.3139,1688.328435988013,1444.2851,0,0,131,131,"N8 step 8, market entry",sumsy,5,-1.4551915228366852e-11
102,128,4,4,31322.557499999966,0.0,24.282,0.0,0.0,,0.0,0.0,0.0,0.0,0.0,0.0,0.0025,3867.564,0.0,0.0,1.0,120.4595,0.0,0.0,0.0,1.0,0.0,0.0,1.0,0.0,3,0,0.9427083333333334,0.7405748407292323,0.0,1.0,0.0,0.0,1.0,0,2,0,0.2631065088757396,48,1065.020008637137,2.6497758229506316,1067.6697844600876,68.76226107789435,2.8672470260274774,71.62950810392184,646.9965999999998,648.7097999999994,646.9965999999998,0.0,0,0,0.0,0.0,0.0,1.0,1.0,0.0,0.0,0.0,0.0,0.5,0.25,0.0,-370.3079866172031,0.0,48,640.0,565.0416999999999,0.0,244.91700000000012,0.0,0.0,0.0,0.0,0.0,9,166.17450000000002,640.0,565.0416999999999,244.91700000000012,85.0,0.0,0.0,0.015,4.229036538461541,4.742398484848484,1.5891200000000008,1.555661157024793,2.6318938374096534,1.9072129035039527,264.0,260.0,132.0,508.00000000000006,413.0,51.0,24,0,0,3,13,5.0,512.0,20347.134299999983,2288.4499,3609.3779999999997,181,11,0,32,0.5173487949188131,0.7405748407292323,0.32357129864152223,4,1571.9261000000001,1099.5495000000005,13,0,240.0,0,0,0,0.0,0,0.0,281762.7374000002,0.0,0,0,0,1.5,0,0.0,0,0,0.0,0,0.0,0,0,381.3888000000002,96.0,1043.8568,6,199.28209999999999,199.28239999999994,NaN,1280.0,100.0,1.273929732142857,0,0,0.0,0,0.0,1280.0,0,0.0,0,0,0,0.0,0.0,0.0,0.0,0.0,0.0,0.0,0.0,0,0,0,0,24,0.0,0,14,0.0,0,0.0,1381.9335999999998,0.0,0.0,0.0,0.0,0.0,199.28209999999999,15235.4102,6941.6847,0.7686678046385402,96,7074.624799999999,32,274688.11259999993,4,0.0,4,0.0,2,166.17450000000002,3867.564,1789.628142147294,1444.2851,0,0,132,132,"N8 step 8, market entry",sumsy,5,-1.4551915228366852e-11
103,128,4,4,31396.375600000007,0.0,22.6238,0.0,0.0,,0.0,0.0,0.0,0.0,0.0,0.0,0.0025,3917.6903,0.0,0.0,1.0,118.6247,0.0,0.0,0.0,1.0,0.0,0.0,1.0,0.0,0,0,0.9427083333333334,0.7406316812336577,0.0,1.0,0.0,0.0,1.0,0,2,0,0.2655248355286229,48,1081.3489751939312,2.768355585628477,1084.1173307795598,69.6943657379681,2.974110760816133,72.66847649878423,660.8291999999999,646.9965999999997,660.8291999999999,0.0,0,0,0.0,0.0,0.0,1.0,1.0,0.0,0.0,0.0,0.0,0.5,0.25,0.0,-370.5278866172031,0.0,48,640.0,566.1819,0.0,244.97719999999998,0.0,0.0,0.0,0.0,0.0,3,166.19240000000002,640.0,566.1819,244.97719999999998,85.0,0.0,0.0,0.015,4.196470037453184,4.810745864661653,1.5827195833333318,1.5284286885245912,2.6091682929409954,1.8499965163988341,266.0,267.0,133.0,508.00000000000006,415.0,51.0,22,0,0,5,14,7.0,512.0,20374.679199999988,2275.3113000000003,3608.4755,181,11,0,32,0.5175653613787938,0.7406316812336577,0.3216198118832889,3,1565.7918000000009,1120.4575000000002,15,1,240.0,0,0,0,0.0,0,0.0,281790.2823000001,0.0,0,0,0,1.5,0,0.0,0,0,0.0,0,0.0,0,0,379.85269999999963,96.0,1054.0269,6,197.91360000000003,197.91360000000014,NaN,1280.0,100.0,1.2737137165178574,0,0,0.0,0,0.0,1280.0,0,0.0,0,0,0,0.0,0.0,0.0,0.0,0.0,0.0,0.0,0.0,0,0,0,0,22,0.0,0,14,0.0,0,0.0,1381.9335999999998,0.0,0.0,0.0,0.0,0.0,197.91360000000003,15253.182499999995,6937.8137,0.768715196938456,96,7060.898800000001,32,274729.3835,4,0.0,4,0.0,2,166.19240000000002,3917.6903,1897.0058306761318,1444.2851,0,0,133,133,"N8 step 8, market entry",sumsy,5,-1.4551915228366852e-11
104,128,4,4,31468.226899999994,0.0,23.866899999999998,1.7976,0.0,,0.0,0.0,0.0,0.0,0.0,0.0,0.0025,3968.1758,0.0,0.0,1.0,117.71070000000003,0.0,0.0,0.0,1.0,0.0,0.0,1.0,0.0,2,1,0.9427083333333334,0.7432472811428523,0.0,1.0,1.0,0.0,1.0,0,2,0,0.25782398655744587,48,1259.2825432743045,2.5695983079713827,1261.8521415822759,72.82482684700051,2.681873074168364,75.50669992116886,650.4941999999998,660.8292000000001,650.4941999999998,0.0,0,0,0.0,0.0,0.0,1.0,1.0,0.0,0.0,0.0,0.0,0.5,0.25,0.0,-370.62398661720306,0.0,48,640.0,568.1487000000001,1.7976,245.4483,0.0,0.0,0.0,0.0,0.0,7,166.15460000000002,640.0,568.1487000000001,245.4483,85.0,0.0,0.0,0.015,4.192998188405796,4.733039097744359,1.5782258333333354,1.529222950819671,2.581628637471234,1.7944966209068693,266.0,276.0,133.0,505.33333333333337,415.0,51.0,23,0,0,2,18,11.0,512.0,20359.981599999992,2276.2562,3632.2218000000003,181,11,0,32,0.5277770471437953,0.7432472811428523,0.3409914975231745,4,1554.2621000000008,1157.2674999999997,18,0,240.0,0,0,0,0.0,0,0.0,324785.2391000001,0.0,0,0,0,1.5,0,0.0,0,0,0.0,0,0.0,0,0,378.7742000000005,96.0,1065.4369,6,202.96849999999998,202.9692000000002,NaN,1280.0,100.0,1.4215902566964282,0,0,0.0,0,0.0,1280.0,0,0.0,0,0,0,0.0,0.0,0.0,0.0,0.0,0.0,0.0,0.0,0,0,0,0,23,0.0,0,14,0.0,0,0.0,1381.9335999999998,0.0,0.0,0.0,0.0,0.0,202.96849999999998,15292.317799999997,6973.914900000001,0.7711445718088397,96,7014.993000000001,32,317770.2461,4,0.0,4,0.0,2,166.15460000000002,3968.1758,2010.8261805166999,1681.9075,0,0,133,133,"N8 step 8, market entry",sumsy,5,-1.4551915228366852e-11
105,128,4,4,31538.93589999999,0.0,24.2846,1.6479,0.0,,0.0,0.0,0.0,0.0,0.0,0.0,0.0025,4017.8278,0.0,0.0,1.0,117.61359999999999,0.0,0.0,0.0,1.0,0.0,0.0,1.0,0.0,1,0,0.9427083333333334,0.7429716712950478,0.0,1.0,0.0,0.0,1.0,0,2,0,0.2588165680473373,48,1259.9476934576162,2.8452588931719305,1262.792952350788,71.78220735150158,3.068016699150902,74.85022405065249,658.4123999999999,650.4941999999998,658.4123999999999,0.0,0,0,0.0,0.0,0.0,1.0,1.0,0.0,0.0,0.0,0.0,0.5,0.25,0.0,-370.7935328046727,0.0,48,640.0,569.2910000000003,1.6479,245.51879999999986,0.0,0.0,0.0,0.0,0.0,4,166.1437,640.0,569.2910000000003,245.51879999999986,85.0,0.0,0.0,0.015,4.159677692307692,4.721573333333333,1.5682377682403437,1.5118040322580657,2.563640968619214,1.7406617222796628,270.0,260.0,135.0,509.33333333333337,419.0,51.0,22,1,1,3,15,5.0,511.0,20429.863499999992,2264.7976000000003,3592.5181,181,11,0,32,0.5212685924134415,0.7429716712950478,0.30764397066602966,2,1556.8029000000006,1081.5162,17,2,233.0,0,0,1,0.0,0,0.0,324855.1209999999,0.0,0,0,0,1.5,0,0.0,0,0,0.0,0,0.0,0,0,365.39940000000007,96.0,1067.7852,6,196.49269999999999,196.49280000000005,NaN,1280.0,100.0,1.4188662611607143,0,0,0.0,0,0.0,1280.0,0,0.0,0,0,0,0.0,0.0,0.0,0.0,0.0,0.0,0.0,0.0,0,0,0,0,22,0.0,0,14,0.0,0,0.0,1381.9335999999998,0.0,0.0,0.0,0.0,0.0,196.49269999999999,15277.185300000001,6925.100900000001,0.7708907639346319,96,7105.866400000001,32,317749.2545999999,4,0.0,4,0.0,2,166.1437,4017.8278,2131.475751347702,1681.9075,0,0,135,135,"N8 step 8, market entry",sumsy,5,-1.4551915228366852e-11
106,128,4,4,31608.329299999987,0.0,22.4637,0.0,0.0,,0.0,0.0,0.0,0.0,0.0,0.0,0.0025,4067.5677,0.0,0.0,1.0,116.67910000000003,0.0,0.0,0.0,1.0,0.0,0.0,1.0,0.0,0,0,0.9427083333333334,0.7457072465406751,0.0,0.0,2.0,0.0,1.0,0,2,0,0.2689210484465584,48,1479.669236577316,2.8111932119001084,1482.4804297892163,78.51564498062997,2.803281171377738,81.31892615200772,648.6818,658.4124000000004,648.6818,0.0,0,0,0.0,0.0,0.0,1.0,1.0,0.0,0.0,0.0,0.0,0.5,0.25,0.0,-371.03623280467264,0.0,48,640.0,570.6066000000004,0.0,245.67530000000008,0.0,0.0,0.0,0.0,0.0,0,166.1224,640.0,570.6066000000004,245.67530000000008,85.0,0.0,0.0,0.015,4.112099239543727,4.684192537313432,1.5523258333333323,1.5135723577235782,2.5414171685113454,1.6884418706112727,268.0,263.0,134.0,507.00000000000006,417.00000000000006,51.0,21,1,0,3,7,8.0,511.0,20479.367999999977,2264.47,3550.7886,181,11,0,32,0.537688934587117,0.7457072465406751,0.31864739477104975,1,1540.1857999999997,1081.4821000000002,7,0,240.0,0,0,1,0.0,0,0.0,376691.80250000034,0.0,0,0,0,1.5,0,0.0,0,0,0.0,0,0.0,0,0,372.5581999999998,96.0,1080.0126,6,200.3572,200.35800000000003,NaN,1280.0,100.0,1.5928315122767862,0,0,0.0,0,0.0,1280.0,0,0.0,0,0,0,0.0,0.0,0.0,0.0,0.0,0.0,0.0,0.0,0,0,0,0,21,0.0,0,14,0.0,0,0.0,1381.9335999999998,0.0,0.0,0.0,0.0,0.0,200.3572,15326.006599999993,6895.2712,0.7734061587156829,96,7124.299199999998,32,369567.5033,4,0.0,4,0.0,2,166.1224,4067.5677,2131.475751347702,1968.0245,0,0,134,134,"N8 step 8, market entry",sumsy,5,-1.4551915228366852e-11
107,128,4,4,31676.274799999992,0.0,21.1783,0.0,0.0,,0.0,0.0,0.0,0.0,0.0,0.0,0.0025,4117.8332,0.0,0.0,1.0,115.34419999999999,0.0,0.0,0.0,1.0,0.0,0.0,1.0,0.0,1,0,0.9427083333333334,0.7456405775077606,0.0,1.0,0.0,0.0,1.0,0,2,0,0.2607978102483597,48,1496.0975561863027,2.871750507225934,1498.9693066935283,78.57246300808292,3.023402414434498,81.59586542251742,632.2335000000008,648.6817999999997,632.2335000000008,0.0,0,0,0.0,0.0,0.0,1.0,1.0,0.0,0.0,0.0,0.0,0.5,0.25,0.0,-371.22693280467263,0.0,48,640.0,572.0544999999998,0.0,245.88810000000007,0.0,0.0,0.0,0.0,0.0,3,166.2758,640.0,572.0544999999998,245.88810000000007,85.0,0.0,0.0,0.015,4.0819677655677635,4.701796153846161,1.5702804166666653,1.4972285714285714,2.5238244099491474,1.6377886144929348,260.0,273.0,130.0,507.3333333333333,409.0,51.0,24,1,0,3,17,11.0,511.0,20477.660300000003,2267.492,3550.9807,181,11,0,32,0.5342854321884489,0.7456405775077606,0.3080301199787647,3,1504.6335000000008,1114.3771999999994,17,0,240.0,0,0,1,0.0,0,0.0,376690.09479999996,0.0,0,0,0,1.5,0,0.0,0,0,0.0,0,0.0,0,0,376.86729999999966,96.0,1096.0328,6,221.8884,221.88879999999997,NaN,1280.0,100.0,1.5939048549107144,0,0,0.0,0,0.0,1280.0,0,0.0,0,0,0,0.0,0.0,0.0,0.0,0.0,0.0,0.0,0.0,0,0,0,0,24,0.0,0,14,0.0,0,0.0,1381.9335999999998,0.0,0.0,0.0,0.0,0.0,221.8884,15333.813200000004,6914.5055,0.773345718688214,96,7105.6828000000005,32,369584.41200000007,4,0.0,4,0.0,2,166.2758,4117.8332,2259.364296428564,1968.0245,0,0,130,130,"N8 step 8, market entry",sumsy,5,-1.4551915228366852e-11
108,128,4,4,31743.148499999992,0.0,21.500700000000002,2.1433,0.0,,0.0,0.0,0.0,0.0,0.0,0.0,0.0025,4167.9545,0.0,0.0,1.0,114.4988,0.0,0.0,0.0,1.0,0.0,0.0,1.0,0.0,0,0,0.9427083333333334,0.7454535615765565,0.0,1.0,0.0,0.0,1.0,0,2,0,0.257814168743325,48,1506.0925145004771,3.132221432742883,1509.22473593322,78.03380130174956,3.3348075499032124,81.36860885165277,648.6091999999994,632.2334999999999,648.6091999999994,0.0,0,0,0.0,0.0,0.0,1.0,1.0,0.0,0.0,0.0,0.0,0.5,0.25,0.0,-371.4389328046726,0.0,48,640.0,573.1263,2.1433,245.91499999999994,0.0,0.0,0.0,0.0,0.0,0,166.1324,640.0,573.1263,245.91499999999994,85.0,0.0,0.0,0.015,4.082541886792452,4.683650746268652,1.5837562500000004,1.4859382113821131,2.485717256173084,1.5886549560581467,268.0,265.0,134.0,507.33333333333337,417.00000000000006,51.0,22,0,0,2,14,8.0,512.0,20500.23539999999,2249.5885,3541.2003999999997,181,11,0,32,0.5297754505449481,0.7454535615765565,0.28751305318801346,3,1513.3580999999995,1081.8735999999997,14,0,240.0,0,0,0,0.0,0,0.0,376712.6698999998,0.0,0,0,0,1.5,0,0.0,0,0,0.0,0,0.0,0,0,380.1015000000001,96.0,1118.0373,6,208.27520000000004,208.2751999999999,NaN,1280.0,100.0,1.5935879296875002,0,0,0.0,0,0.0,1280.0,0,0.0,0,0,0,0.0,0.0,0.0,0.0,0.0,0.0,0.0,0.0,0,0,0,0,22,0.0,0,14,0.0,0,0.0,1381.9335999999998,0.0,0.0,0.0,0.0,0.0,208.27520000000004,15325.916399999998,6908.8261999999995,0.7731760703165362,96,7108.603000000003,32,369604.0669,4,0.0,4,0.0,2,166.1324,4167.9545,2394.926154214278,1968.0245,0,0,134,134,"N8 step 8, market entry",sumsy,5,-1.4551915228366852e-11
109,128,4,4,31808.571400000004,0.0,23.4142,2.8454,0.0,,0.0,0.0,0.0,0.0,0.0,0.0,0.0025,4217.2949,0.0,0.0,1.0,114.5154,0.0,0.0,0.0,1.0,0.0,0.0,1.0,0.0,2,0,0.9427083333333334,0.7453580890887939,0.0,1.0,0.0,0.0,1.0,0,2,0,0.263009148651011,48,1505.356718463656,3.1092195947417958,1508.4659380583978,77.49478547074406,3.2890161390103536,80.78380160975442,645.2834999999992,648.6092000000001,645.2834999999992,0.0,0,0,0.0,0.0,0.0,1.0,1.0,0.0,0.0,0.0,0.0,0.5,0.25,0.0,-371.5544328046726,0.0,48,640.0,574.5771000000002,2.8454,246.14410000000012,0.0,0.0,0.0,0.0,0.0,5,165.99630000000002,640.0,574.5771000000002,246.14410000000012,85.0,0.0,0.0,0.015,4.069113358778628,4.624322222222216,1.5833679166666665,1.483743548387097,2.4658292758739746,1.5409953073764022,270.0,262.0,135.0,509.33333333333337,419.0,51.0,22,0,0,1,9,6.0,512.0,20535.3552,2245.2709,3503.6006,181,11,0,32,0.527215157142741,0.7453580890887939,0.32971380801905625,3,1510.3608999999997,1066.1077000000005,9,0,240.0,0,0,0,0.0,0,0.0,376747.78970000026,0.0,0,0,0,1.5,0,0.0,0,0,0.0,0,0.0,0,0,380.00829999999996,96.0,1141.0535,6,208.335,208.33519999999984,NaN,1280.0,100.0,1.5925331752232146,0,0,0.0,0,0.0,1280.0,0,0.0,0,0,0,0.0,0.0,0.0,0.0,0.0,0.0,0.0,0.0,0,0,0,0,22,0.0,0,14,0.0,0,0.0,1381.9335999999998,0.0,0.0,0.0,0.0,0.0,208.335,15383.264,6889.925,0.7730926251232655,96,7122.368399999998,32,369625.42130000005,4,0.0,4,0.0,2,165.99630000000002,4217.2949,2538.621723467135,1968.0245,0,0,135,135,"N8 step 8, market entry",sumsy,5,-1.4551915228366852e-11
110,128,4,4,31872.483199999984,0.0,21.9865,0.0,0.0,,0.0,0.0,0.0,0.0,0.0,0.0,0.0025,4266.2754,0.0,0.0,1.0,114.13799999999999,0.0,0.0,0.0,1.0,0.0,0.0,1.0,0.0,2,0,0.9427083333333334,0.7454788997045574,0.0,0.0,0.0,0.0,1.0,0,2,0,0.2604561983471074,48,1509.7073378161579,3.0643426694925977,1512.7716804856504,77.14455857292116,3.2348201781114594,80.37937875103262,631.2223999999994,645.2834999999993,631.2223999999994,0.0,0,0,0.0,0.0,0.0,1.0,1.0,0.0,0.0,0.0,0.0,0.5,0.25,0.0,-371.7385328046727,0.0,48,640.0,576.0882000000006,0.0,246.4022000000001,0.0,0.0,0.0,0.0,0.0,3,165.88979999999998,640.0,576.0882000000006,246.4022000000001,85.0,0.0,0.0,0.015,4.03686181818182,4.622896969696965,1.5786689075630238,1.4730256198347098,2.4559769081042955,1.49476544815511,264.0,275.0,132.0,510.6666666666667,413.0,51.0,24,0,0,3,15,13.0,512.0,20525.20480000001,2245.3293,3508.3809999999994,181,11,0,32,0.5288142242891287,0.7454788997045574,0.3382851965590401,3,1485.7495999999999,1110.1370000000006,15,0,238.0,0,0,0,0.0,0,0.0,376737.63930000004,0.0,0,0,0,1.5,0,0.0,0,0,0.0,0,0.0,0,0,375.7231999999997,96.0,1161.4029,6,227.45460000000003,227.45439999999994,NaN,1280.0,100.0,1.5939387667410718,0,0,0.0,0,0.0,1280.0,0,0.0,0,0,0,0.0,0.0,0.0,0.0,0.0,0.0,0.0,0.0,0,0,0,0,24,0.0,0,14,0.0,0,0.0,1381.9335999999998,0.0,0.0,0.0,0.0,0.0,227.45460000000003,15411.622000000007,6915.113200000001,0.7732054614049422,96,7081.819499999995,32,369655.81979999994,4,0.0,4,0.0,2,165.88979999999998,4266.2754,2538.621723467135,1968.0245,0,0,132,132,"N8 step 8, market entry",sumsy,5,-1.4551915228366852e-11
111,128,4,4,31935.10589999999,0.0,20.162100000000002,0.0,0.0,,0.0,0.0,0.0,0.0,0.0,0.0,0.0025,4315.3224,0.0,0.0,1.0,113.23400000000002,0.0,0.0,0.0,1.0,0.0,0.0,1.0,0.0,1,0,0.9427083333333334,0.7454760336911153,0.0,0.0,0.0,0.0,1.0,0,2,0,0.25657012994580736,48,1521.1563937430863,3.156711392724154,1524.3131051358105,77.05107775679242,3.3147797212277523,80.36585747802017,630.2160999999998,631.2224000000003,630.2160999999998,0.0,0,0,0.0,0.0,0.0,1.0,1.0,0.0,0.0,0.0,0.0,0.5,0.25,0.0,-371.9222328046728,0.0,48,640.0,577.3773000000001,0.0,246.5532,0.0,0.0,0.0,0.0,0.0,1,165.8056,640.0,577.3773000000001,246.5532,85.0,0.0,0.0,0.015,4.0136202290076355,4.580572180451126,1.569472083333333,1.4647983606557369,2.4268866843373487,1.4499224847104568,266.0,262.0,133.0,508.0,415.0,51.0,23,1,1,2,14,9.0,511.0,20560.437300000012,2233.3061000000002,3476.2216,181,11,0,32,0.5267933990285922,0.7454760336911153,0.31447688636608584,4,1478.3117999999997,1051.5685000000005,14,0,240.0,0,0,1,0.0,0,0.0,376772.8717999999,0.0,0,0,0,1.5,0,0.0,0,0,0.0,0,0.0,0,0,376.6732999999999,96.0,1184.0129,6,223.031,223.03039999999987,NaN,1280.0,100.0,1.592734938616071,0,0,0.0,0,0.0,1280.0,0,0.0,0,0,0,0.0,0.0,0.0,0.0,0.0,0.0,0.0,0.0,0,0,0,0,23,0.0,0,14,0.0,0,0.0,1381.9335999999998,0.0,0.0,0.0,0.0,0.0,223.031,15492.203700000004,6893.540599999999,0.7732046800152654,96,7081.188200000002,32,369691.6836000001,4,0.0,4,0.0,2,165.8056,4315.3224,2538.621723467135,1968.0245,0,0,133,133,"N8 step 8, market entry",sumsy,5,-1.4551915228366852e-11
112,128,4,4,31996.890600000002,0.0,21.8512,3.0976,0.0,,0.0,0.0,0.0,0.0,0.0,0.0,0.0025,4363.965,0.0,0.0,1.0,112.5825,0.0,0.0,0.0,1.0,0.0,0.0,1.0,0.0,2,0,0.9427083333333334,0.7452957542025089,0.0,0.0,0.0,0.0,1.0,0,2,0,0.2677122769064359,48,1529.6142901916364,3.5324439415245656,1533.146734133161,76.33779141129871,3.711245688263256,80.04903709956197,631.3142999999999,630.2160999999986,631.3142999999999,0.0,0,0,0.0,0.0,0.0,1.0,1.0,0.0,0.0,0.0,0.0,0.5,0.25,0.0,-372.05533280467273,0.0,48,640.0,578.2153000000001,3.0976,246.48020000000017,0.0,0.0,0.0,0.0,0.0,3,165.9448,640.0,578.2153000000001,246.48020000000017,85.0,0.0,0.0,0.015,4.026256976744186,4.554584328358208,1.5449641666666665,1.4640747967479668,2.405631048977612,1.406424810169143,268.0,258.0,134.0,508.33333333333337,417.0,51.0,22,0,0,1,8,4.0,512.0,20608.91820000001,2219.5482,3436.0395,181,11,0,32,0.5221716548845832,0.7452957542025089,0.3139480214980217,2,1475.0945000000002,1038.7743,8,0,240.0,0,0,0,0.0,0,0.0,376821.3527000001,0.0,0,0,0,1.5,0,0.0,0,0,0.0,0,0.0,0,0,370.79139999999995,96.0,1202.4749,6,221.08559999999997,221.08600000000013,NaN,1280.0,100.0,1.5907551395089288,0,0,0.0,0,0.0,1280.0,0,0.0,0,0,0,0.0,0.0,0.0,0.0,0.0,0.0,0.0,0.0,0,0,0,0,22,0.0,0,14,0.0,0,0.0,1381.9335999999998,0.0,0.0,0.0,0.0,0.0,221.08559999999997,15558.290100000004,6858.062600000001,0.7730423977367413,96,7078.820899999999,32,369742.5318000001,4,0.0,4,0.0,2,165.9448,4363.965,2538.621723467135,1968.0245,0,0,134,134,"N8 step 8, market entry",sumsy,5,-1.4551915228366852e-11
113,128,4,4,32057.339900000003,0.0,20.0982,0.0,0.0,,0.0,0.0,0.0,0.0,0.0,0.0,0.0025,4411.4859,0.0,0.0,1.0,112.93689999999998,0.0,0.0,0.0,1.0,0.0,0.0,1.0,0.0,1,0,0.9427083333333334,0.7467153849887056,0.0,0.0,1.0,0.0,1.0,0,2,0,0.271928175916957,48,1704.9942308597595,3.4227036910416735,1708.416934550801,79.93864972178491,3.395815766864704,83.33446548864961,618.0874,631.3142999999997,618.0874,0.0,0,0,0.0,0.0,0.0,1.0,1.0,0.0,0.0,0.0,0.0,0.5,0.25,0.0,-372.2415328046728,0.0,48,640.0,579.5506999999998,0.0,246.66930000000005,0.0,0.0,0.0,0.0,0.0,2,165.77890000000002,640.0,579.5506999999998,246.66930000000005,85.0,0.0,0.0,0.015,3.9549650190114076,4.557919083969466,1.5483805084745774,1.463969166666667,2.406630920188989,1.3642320658640688,262.0,263.0,131.0,510.6666666666667,411.0,51.0,24,0,0,5,7,9.0,512.0,20652.526299999994,2211.2028,3398.8639,181,11,0,32,0.5303370778254981,0.7467153849887056,0.3212208853414571,4,1455.6550999999995,1040.1558000000002,7,0,236.0,0,0,0,0.0,0,0.0,420540.2698499998,0.0,0,0,0,1.5,0,0.0,0,0,0.0,0,0.0,0,0,365.4178000000003,96.0,1217.4821,6,232.1923,232.1928,NaN,1280.0,100.0,1.7371718108258933,0,0,0.0,0,0.0,1280.0,0,0.0,0,0,0,0.0,0.0,0.0,0.0,0.0,0.0,0.0,0.0,0,0,0,0,24,0.0,0,14,0.0,0,0.0,1381.9335999999998,0.0,0.0,0.0,0.0,0.0,232.1923,15540.679700000002,6827.5488000000005,0.7743578806230496,96,7123.604500000003,32,413416.66534999997,4,0.0,4,0.0,2,165.77890000000002,4411.4859,2538.621723467135,2209.3245500000003,0,0,131,131,"N8 step 8, market entry",sumsy,5,-1.4551915228366852e-11
114,128,4,4,32116.52930000001,0.0,18.766899999999996,0.0,0.0,,0.0,0.0,0.0,0.0,0.0,0.0,0.0025,4460.1666,0.0,0.0,1.0,110.93650000000004,0.0,0.0,0.0,1.0,0.0,0.0,1.0,0.0,2,0,0.9427083333333334,0.7473854145433025,0.0,1.0,1.0,0.0,1.0,0,2,0,0.27002958579881653,48,1811.2849574443187,3.3990556399931027,1814.6840130843118,84.98408143058211,3.38000655582262,88.36408798640473,606.3937999999998,618.0874000000009,606.3937999999998,0.0,0,0,0.0,0.0,0.0,1.0,1.0,0.0,0.0,0.0,0.0,0.5,0.25,0.0,-372.3532328046728,0.0,48,640.0,580.8105999999998,0.0,246.80949999999999,0.0,0.0,0.0,0.0,0.0,4,165.6208,640.0,580.8105999999998,246.80949999999999,85.0,0.0,0.0,0.015,3.9181261538461545,4.537936434108526,1.5550987500000018,1.4494398305084741,2.373933911834407,1.3233051038881467,258.0,260.0,129.0,505.33333333333337,407.0,51.0,24,0,0,2,11,4.0,512.0,20685.52090000002,2201.5878,3362.3068999999996,181,11,0,32,0.5383152356115557,0.7473854145433025,0.31857520484184754,4,1427.3351000000007,1018.7128000000001,11,0,240.0,0,0,0,0.0,0,0.0,437963.17429999996,0.0,0,0,0,1.5,0,0.0,0,0,0.0,0,0.0,0,0,373.2237000000004,96.0,1241.3263,6,236.5977,236.59679999999997,NaN,1280.0,100.0,1.7949015848214285,0,0,0.0,0,0.0,1280.0,0,0.0,0,0,0,0.0,0.0,0.0,0.0,0.0,0.0,0.0,0.0,0,0,0,0,24,0.0,0,14,0.0,0,0.0,1381.9335999999998,0.0,0.0,0.0,0.0,0.0,236.5977,15575.2444,6805.220999999999,0.7749728990925744,96,7140.277299999999,32,430822.897,4,0.0,4,0.0,2,165.6208,4460.1666,2690.939026875163,2305.4014,0,0,129,129,"N8 step 8, market entry",sumsy,5,-1.4551915228366852e-11
115,128,4,4,32174.448100000023,0.0,17.912599999999998,0.0,0.0,,0.0,0.0,0.0,0.0,0.0,0.0,0.0025,4509.0349,0.0,0.0,1.0,109.9037,0.0,0.0,0.0,1.0,0.0,0.0,1.0,0.0,2,0,0.9427083333333334,0.747384494588226,0.0,1.0,0.0,0.0,1.0,0,2,0,0.2670986116055536,48,1827.7750637863778,3.365624737413724,1831.1406885237916,85.09418258021297,3.495437575732826,88.58962015594581,621.5074000000001,606.3937999999995,621.5074000000001,0.0,0,0,0.0,0.0,0.0,1.0,1.0,0.0,0.0,0.0,0.0,0.5,0.25,0.0,-372.4424328046729,0.0,48,640.0,582.0811999999999,0.0,246.95119999999997,0.0,0.0,0.0,0.0,0.0,5,165.57,640.0,582.0811999999999,246.95119999999997,85.0,0.0,0.0,0.015,3.8877890566037756,4.515093233082707,1.5396663865546227,1.4429860655737705,2.3408699725671918,1.283605950771502,266.0,265.0,133.0,509.3333333333333,415.0,51.0,24,0,0,2,12,3.0,512.0,20712.099400000006,2176.2131,3351.7608,181,11,0,32,0.5363091878466213,0.747384494588226,0.33498337203103845,4,1436.9707999999998,1030.2641000000006,12,0,238.0,0,0,0,0.0,0,0.0,437989.7528,0.0,0,0,0,1.5,0,0.0,0,0,0.0,0,0.0,0,0,366.4406000000002,96.0,1259.7699,6,225.6242,225.6243999999999,NaN,1280.0,100.0,1.7939262946428574,0,0,0.0,0,0.0,1280.0,0,0.0,0,0,0,0.0,0.0,0.0,0.0,0.0,0.0,0.0,0.0,0,0,0,0,24,0.0,0,14,0.0,0,0.0,1381.9335999999998,0.0,0.0,0.0,0.0,0.0,225.6242,15606.107299999998,6787.743800000002,0.7749752624779835,96,7130.633799999999,32,430859.119,4,0.0,4,0.0,2,165.57,4509.0349,2852.395368487673,2305.4014,0,0,133,133,"N8 step 8, market entry",sumsy,5,-1.4551915228366852e-11
116,128,4,4,32231.3483,0.0,17.026699999999998,0.0,0.0,,0.0,0.0,0.0,0.0,0.0,0.0,0.0025,4557.7697,0.0,0.0,1.0,109.05210000000001,0.0,0.0,0.0,1.0,0.0,0.0,1.0,0.0,2,0,0.9427083333333334,0.7477411064264317,0.0,1.0,1.0,0.0,1.0,0,2,0,0.26204647792557323,48,1900.1185516972703,3.48405654881635,1903.6026082460867,85.46810850209702,3.4489466192361578,88.91705512133318,617.6493000000008,621.5074000000004,617.6493000000008,0.0,0,0,0.0,0.0,0.0,1.0,1.0,0.0,0.0,0.0,0.0,0.5,0.25,0.0,-372.5256231625984,0.0,48,640.0,583.0998,0.0,246.9623999999999,0.0,0.0,0.0,0.0,0.0,5,165.497,640.0,583.0998,246.9623999999999,85.0,0.0,0.0,0.015,3.875570863309352,4.4860849624060215,1.5309020833333329,1.4425262295081962,2.3561864651511684,1.7675332902291951,266.0,278.0,133.0,509.3333333333333,415.0,51.0,23,0,0,4,19,10.0,512.0,20704.426699999993,2167.6508,3369.8001,181,11,0,32,0.5376985436449566,0.7477411064264317,0.32856820739757464,3,1443.5747000000006,1077.4087,20,1,240.0,0,0,0,0.0,0,0.0,451891.04319999984,0.0,0,0,0,1.5,0,0.0,0,0,0.0,0,0.0,0,0,367.41649999999987,96.0,1266.204,6,232.7353,232.73480000000012,NaN,1280.0,100.0,1.841984732142857,0,0,0.0,0,0.0,1280.0,0,0.0,0,0,0,0.0,0.0,0.0,0.0,0.0,0.0,0.0,0.0,0,0,0,0,23,0.0,0,14,0.0,0,0.0,1381.9335999999998,0.0,0.0,0.0,0.0,0.0,232.7353,15618.552099999999,6803.6548999999995,0.775307778343377,96,7131.348400000001,32,444759.69480000006,4,0.0,4,0.0,2,165.497,4557.7697,3023.5390905969334,2382.2465,0,0,133,133,"N8 step 8, market entry",sumsy,5,-1.4551915228366852e-11
117,128,4,4,32287.20489999999,0.0,15.630099999999999,0.0,0.0,,0.0,0.0,0.0,0.0,0.0,0.0,0.0025,4605.9046,0.0,0.0,1.0,108.71030000000003,0.0,0.0,0.0,1.0,0.0,0.0,1.0,0.0,1,0,0.9427083333333334,0.7475997110639458,0.0,1.0,0.0,0.0,1.0,0,2,0,0.2582961162304257,48,1905.0330307695324,3.626545639623036,1908.6595764091555,84.51055738572632,3.742456107167846,88.25301349289415,623.5213000000002,617.6493000000002,623.5213000000002,0.0,0,0,0.0,0.0,0.0,1.0,1.0,0.0,0.0,0.0,0.0,0.5,0.25,0.0,-372.6639231625985,0.0,48,640.0,584.1434000000005,0.0,246.99629999999993,0.0,0.0,0.0,0.0,0.0,2,165.43880000000001,640.0,584.1434000000005,246.99629999999993,85.0,0.0,0.0,0.015,3.885751127819548,4.4631207407407425,1.5163441176470596,1.408770967741935,2.339480340610565,1.7145072915223192,270.0,266.0,135.0,506.6666666666667,419.0,51.0,21,0,0,3,13,10.0,512.0,20736.852399999992,2157.1946,3351.6081,181,11,0,32,0.5331773402511415,0.7475997110639458,0.31645940525939964,3,1444.1226000000001,1033.6097999999997,15,2,238.0,0,0,0,0.0,0,0.0,451923.4688999999,0.0,0,0,0,1.5,0,0.0,0,0,0.0,0,0.0,0,0,360.8899000000002,96.0,1270.2064,6,222.27659999999997,222.2759999999999,NaN,1280.0,100.0,1.8406094084821432,0,0,0.0,0,0.0,1280.0,0,0.0,0,0,0,0.0,0.0,0.0,0.0,0.0,0.0,0.0,0.0,0,0,0,0,21,0.0,0,14,0.0,0,0.0,1381.9335999999998,0.0,0.0,0.0,0.0,0.0,222.27659999999997,15653.138400000002,6779.009099999998,0.7751819590617492,96,7193.6578,32,444729.8111000001,4,0.0,4,0.0,2,165.43880000000001,4605.9046,3204.9514360327494,2382.2465,0,0,135,135,"N8 step 8, market entry",sumsy,5,-1.4551915228366852e-11
118,128,4,4,32341.92439999998,0.0,14.587,0.0,0.0,,0.0,0.0,0.0,0.0,0.0,0.0,0.0025,4652.8997,0.0,0.0,1.0,108.99589999999998,0.0,0.0,0.0,1.0,0.0,0.0,1.0,0.0,2,0,0.9427083333333334,0.7473610312558838,0.0,0.0,0.0,0.0,1.0,0,2,0,0.26044536271809,48,1899.1444895877023,3.602043901792609,1902.746533489495,83.3889087322151,3.720338029064592,87.10924676127969,620.2945999999998,623.5213000000002,620.2945999999998,0.0,0,0,0.0,0.0,0.0,1.0,1.0,0.0,0.0,0.0,0.0,0.5,0.25,0.0,-372.75992316259845,0.0,48,640.0,585.2804999999997,0.0,247.0909,0.0,0.0,0.0,0.0,0.0,4,165.42079999999999,640.0,585.2804999999997,247.0909,85.0,0.0,0.0,0.015,3.8656867424242414,4.5059744360902245,1.5173554166666656,1.42365737704918,2.378678841289973,2.178083738133105,266.0,264.0,133.0,508.00000000000006,415.00000000000006,51.0,22,0,0,3,15,6.0,512.0,20789.769399999986,2153.2287,3315.9227,181,11,0,32,0.5270264486886276,0.7473610312558838,0.31535929210058833,2,1448.9104000000004,1020.5412999999998,16,1,240.0,0,0,0,0.0,0,0.0,451976.38589999994,0.0,0,0,0,1.5,0,0.0,0,0,0.0,0,0.0,0,0,364.1652999999998,96.0,1264.6831,6,228.7262,228.72560000000001,NaN,1280.0,100.0,1.838088504464286,0,0,0.0,0,0.0,1280.0,0,0.0,0,0,0,0.0,0.0,0.0,0.0,0.0,0.0,0.0,0.0,0,0,0,0,22,0.0,0,14,0.0,0,0.0,1381.9335999999998,0.0,0.0,0.0,0.0,0.0,228.7262,15624.164200000003,6733.834499999999,0.7749655615692357,96,7259.808400000003,32,444716.5775000001,4,0.0,4,0.0,2,165.42079999999999,4652.8997,3204.9514360327494,2382.2465,0,0,133,133,"N8 step 8, market entry",sumsy,5,-1.4551915228366852e-11
119,128,4,4,32395.684200000025,0.0,13.2852,0.0,0.0,,0.0,0.0,0.0,0.0,0.0,0.0,0.0025,4699.5156,0.0,0.0,1.0,108.43240000000003,0.0,0.0,0.0,1.0,0.0,0.0,1.0,0.0,1,0,0.9427083333333334,0.7471941692235566,0.0,0.0,0.0,0.0,1.0,0,2,0,0.2618215994052378,48,1908.1524326807298,3.555898182509766,1911.7083308632396,82.90054717493098,3.668047625615635,86.5685948005466,622.3571999999999,620.2945999999994,622.3571999999999,0.0,0,0,0.0,0.0,0.0,1.0,1.0,0.0,0.0,0.0,0.0,0.5,0.25,0.0,-372.87392316259843,0.0,48,640.0,586.2402000000002,0.0,247.09609999999998,0.0,0.0,0.0,0.0,0.0,2,165.3882,640.0,586.2402000000002,247.09609999999998,85.0,0.0,0.0,0.015,3.8748456928838966,4.487740298507462,1.5144100418410031,1.4307162601626016,2.4410110626498818,3.1505601319300274,268.0,267.0,134.0,508.00000000000006,417.0,51.0,22,0,0,3,12,8.0,512.0,20845.9045,2148.745,3304.2026,181,11,0,32,0.5232502917644446,0.7471941692235566,0.3004904837435842,3,1480.9293000000002,1034.5838000000003,12,0,239.0,0,0,0,0.0,0,0.0,452032.5209999999,0.0,0,0,0,1.5,0,0.0,0,0,0.0,0,0.0,0,0,361.94399999999973,96.0,1231.9283,6,212.26629999999997,212.26520000000005,NaN,1280.0,100.0,1.835356439732143,0,0,0.0,0,0.0,1280.0,0,0.0,0,0,0,0.0,0.0,0.0,0.0,0.0,0.0,0.0,0.0,0,0,0,0,22,0.0,0,14,0.0,0,0.0,1381.9335999999998,0.0,0.0,0.0,0.0,0.0,212.26629999999997,15615.004899999998,6684.8759,0.77481564046719,96,7372.888999999997,32,444659.6320000001,4,0.0,4,0.0,2,165.3882,4699.5156,3204.9514360327494,2382.2465,0,0,134,134,"N8 step 8, market entry",sumsy,5,-1.4551915228366852e-11
120,128,4,4,32448.294599999987,0.0,12.2956,0.0,0.0,,0.0,0.0,0.0,0.0,0.0,0.0,0.0025,4745.0637,0.0,0.0,1.0,108.68989999999997,0.0,0.0,0.0,1.0,0.0,0.0,1.0,0.0,1,0,0.9427083333333334,0.7471604428163572,0.0,0.0,0.0,0.0,1.0,0,2,0,0.2636949516648765,48,1903.6160603386147,3.713866997307738,1907.3299273359223,81.89026047144603,3.817466159970651,85.70772663141668,621.2423999999997,622.3571999999996,621.2423999999997,0.0,0,0,0.0,0.0,0.0,1.0,1.0,0.0,0.0,0.0,0.0,0.5,0.25,0.0,-372.9590231625985,0.0,48,640.0,587.3895999999999,0.0,247.20910000000012,0.0,0.0,0.0,0.0,0.0,3,165.44,640.0,587.3895999999999,247.20910000000012,85.0,0.0,0.0,0.015,3.8484086466165417,4.513100751879698,1.5079583333333348,1.4194180327868862,2.4462227028563683,3.0560433279721266,266.0,266.0,133.0,508.0,415.0,51.0,23,0,0,2,12,8.0,512.0,20897.221899999986,2151.6175,3282.5514999999996,181,11,0,32,0.5215692068035729,0.7471604428163572,0.3560884912594069,3,1474.2632000000006,1023.6767000000001,12,0,240.0,0,0,0,0.0,0,0.0,452083.8383999999,0.0,0,0,0,1.5,0,0.0,0,0,0.0,0,0.0,0,0,361.91000000000037,96.0,1206.4,6,203.72719999999998,203.72760000000005,NaN,1280.0,100.0,1.8328839564732142,0,0,0.0,0,0.0,1280.0,0,0.0,0,0,0,0.0,0.0,0.0,0.0,0.0,0.0,0.0,0.0,0,0,0,0,23,0.0,0,14,0.0,0,0.0,1381.9335999999998,0.0,0.0,0.0,0.0,0.0,203.72719999999998,15613.933700000001,6640.5689999999995,0.7747864836492451,96,7396.576000000004,32,444687.26239999995,4,0.0,4,0.0,2,165.44,4745.0637,3204.9514360327494,2382.2465,0,0,133,133,"N8 step 8, market entry",sumsy,5,-1.4551915228366852e-11
