round,persons_alive,farms_open,bakeries_open,money_in_circulation,money_in_dead_balances,outstanding_debt,peer_lent,government_debt,termination,government_peer_debt,government_bank_debt,bonds_outstanding,government_arrears,bonds_issued,coupons,bond_rate,government_cash,government_reserve_target,surplus_redistributed,tax_scale,government_outlay,tax_shortfall,tax_policy_step,consumption_tax,consumption_tax_scale,wealth_tax,wealth_tax_base,wealth_tax_scale,clearing_residue,negative_wealth_persons,zero_cash_persons,wealth_gap_meals,wealth_bottom10_meals,wealth_top10_meals,cash_gap_meals,cash_bottom10_meals,cash_top10_meals,invoices_issued,invoices_paid,invoices_open,invoices_overdue,liquidations,refoundings,bad_debt,bank_bailouts,profit_tax,profit_tax_scale,parking_tax_scale,income_tax_accrued,income_tax_charged,wealth_tax_arrears,consumption_tax_rate_now,bracket_top_rate,bracket_bottom_rate,bank_retained_interest,cumulative_interest_paid,cumulative_write_offs,cumulative_credit_refusals,money_created,money_destroyed,credit_demand,tax,enterprise_tax,deposit_interest,buffer_pool,insurance_premiums,insurance_payouts,missed_payments,cash_banks,gi_created,demurrage_destroyed,demurrage_tax,account_fees,fees,trade_arrears,interest_rate,price_bread,price_grain,price_ticket,price_rent,price_wage,wage_bid_producers,bread_baked,bread_sold,grain_harvested,labour_offered,labour_sold,government_labour,unemployed,hungry,without_bread,half_meals,gluttons,bread_stocked,total_capacity,cash_persons,cash_farms,cash_bakeries,land_persons,land_farms,land_banks,landholders,gini_cash_persons,gini_net_wealth_persons,gini_income_persons,persons_below_meal,persons_income,bread_bill,gluttony_attempted,gluttony_refused,tickets_sold,n_greedy,hungry_greedy,hungry_others,cash_greedy,land_greedy,wealth_greedy,wealth_persons,bread_greedy,greedy_loaves,greedy_tickets,ration,tier_multiplier,tier_sold,tier_revenue,n_consumers,n_hoarders,wealth_hoarders,land_hoarders,shares_hoarders,greedy_land,greedy_shares,ticket_revenue,theatre_labour,cash_theatres,theatres_open,dividends,dividend_income_persons,share_price_mean,share_units_per_firm,founders_stake_pct,book_per_unit_mean,share_trades,share_trades_deferred,share_contracts_outstanding,share_seizures,share_volume,founders_stake_mean,outside_holders,forward_value_mean,coop_worker_open,coop_consumer_open,coop_member_open,coop_retained_reserve,coop_buffer_pledged,buffer_pledged_persons,patronage_wages,rebates,membership_capital,reserved_labour,coop_worker_hours,coop_members_worker,coop_members_consumer,worker_members,unemployed_members,unemployed_nonmembers,rebate_income_persons,coop_open,forprofit_open,cash_coops,coop_members,coop_capital,founder_capital,founder_debt,reserve_shortfall_owned,reserve_shortfall_coops,reserve_shortfall_forprofit,dividends_coops,dividends_forprofit,founders_cash,cash_forprofit,gini_net_wealth_all,n_workers,wealth_workers,n_landowners,wealth_landowners,n_farms,wealth_farms,n_bakeries,wealth_bakeries,n_banks,wealth_banks,wealth_government,land_price,deaths,closures,production_target_farms,production_target_bakeries,rung,system,seed,identity
1,512,4,4,26745.087100000095,0.0,896.3000999999999,896.3000999999999,561.0,,561.0,0.0,0.0,0.0,0.0,0.0,0.0025,118.8538,0.0,0.0,1.0,561.0,0.0,0.0,0.0,1.0,0.0,0.0,1.0,0.0,0,2,52.827918599589694,2.226078431372549,55.053997030962236,10.093747450980391,2.3280617647058826,12.421809215686274,0.0,0.0,0.0,0.0,0,0,0.0,0.0,0.0,1.0,1.0,0.0,0.0,0.0,0.0,0.5,0.25,0.0,0.0,0.0,55,2560.0,240.19289999999924,9136.800799999999,119.68179999999954,0.0,0.0,0.0,0.0,0.0,0,258.1752,2560.0,240.19289999999924,119.68179999999954,274.0,0.0,3750.6,0.0,5.0,5.200000000000013,2.0,NaN,3.594822888283399,3.9200000000000013,320.0,71.0,160.0,2048.0,734.0,204.0,328,0,0,0,42,29.0,2048.0,20046.707600000067,0.0,3757.7801,586,182,0,102,0.25508589130023807,0.611794979805454,0.6650079587660123,8,5094.895499999996,355.0,42,0,520.0,0,0,0,0.0,0,0.0,56969.8553327298,0.0,0,0,0,1.5,0,0.0,0,0,0.0,0,0.0,0,0,1040.0,208.0,2563.5704,4,21.864,21.863999999999994,0.9589549240058419,5120.0,92.12727864583333,0.2099617578125,298,0,0.0,0,5996.845178480395,4716.916666666667,284,0.3558593749999999,0,0,0,0.0,0.0,0.0,0.0,0.0,0.0,0.0,0.0,0,0,0,0,328,0.0,0,12,0.0,0,0.0,1440.0,0.0,2861.419900000001,0.0,2861.419900000001,0.0,21.864,11070.93169999999,6321.3505000000005,0.6147026102862745,410,16303.156109761305,102,40666.69922296844,4,0.0,4,108.70000000000005,2,258.1752,-442.1462,37.5,0,0,160,160,8 + shareholders & share market,sumsy,1,-2.3283064365386963e-10
2,512,4,4,29001.588299999985,0.0,10932.248700000007,4052.713600000001,1003.1462,,1003.1462,0.0,0.0,0.0,0.0,0.0,0.0025,149.244,0.0,0.0,1.0,561.0,0.0,0.0,0.0,1.0,0.0,0.0,1.0,0.0,0,0,63.92487980934095,2.073026375898019,65.99790618523897,9.987661960784312,1.92356431372549,11.911226274509803,0.0,0.0,0.0,0.0,0,0,0.0,0.0,0.0,1.0,1.0,0.0,0.0,0.0,0.0,0.5,0.25,0.0,-3.353,0.0,61,2560.0,303.4988000000004,9726.658,150.91320000000036,0.0,0.0,0.0,0.0,0.0,65,391.1739,2560.0,303.4988000000004,150.91320000000036,274.0,0.0,2962.341599999981,0.015,4.752504117108845,5.493000000000002,2.062271296296298,0.75,3.5529623036648905,19.34258787878788,896.0,1093.0,448.0,2048.0,1146.0,204.0,225,0,0,3,59,42.0,2048.0,18953.474600000016,0.0,7704.2117,426,342,0,71,0.28493921323665816,0.645390036481782,0.6830918616407695,0,4935.8600000000015,5194.486999999968,59,0,108.0,0,0,0,0.0,0,0.0,64063.67649038492,0.0,0,0,0,1.5,0,0.0,0,0,0.0,0,0.0,0,0,222.7253000000002,44.0,1803.4841,4,153.86079999999998,153.86309999999926,0.5581742966067205,5120.0,77.646484375,0.21237751139322913,172,0,0.0,0,4500.486620714821,3975.5,346,0.30646288614129596,0,0,0,0.0,0.0,0.0,0.0,0.0,0.0,0.0,0.0,0,0,0,0,225,0.0,0,12,0.0,0,0.0,1440.0,493.0221999999999,9955.472223705794,0.0,9955.472223705794,0.0,153.86079999999998,13380.210299999997,9507.695800000001,0.6481681813794016,441,45677.33083687684,71,18386.345653508073,4,0.0,4,103.26499999999999,2,391.1739,-853.9022,37.5,0,0,448,448,8 + shareholders & share market,sumsy,1,-2.3283064365386963e-10
3,512,4,4,31210.33390000001,0.0,15617.728699999983,682.7744,1387.1327,,1387.1327,0.0,0.0,0.0,0.0,0.0,0.0025,173.136,0.0,0.0,1.0,533.2305000000007,0.0,0.0,0.0,1.0,0.0,0.0,1.0,0.0,0,0,66.43821248307309,1.9806997526789951,68.41891223575209,14.342010040418616,1.9850237055812048,16.327033745999824,0.0,0.0,0.0,0.0,0,0,0.0,0.0,0.0,1.0,1.0,0.0,0.0,0.0,0.0,0.5,0.25,0.0,-42.64532499999999,0.0,68,2560.0,351.25439999999986,6223.2989,174.7969000000001,0.0,0.0,0.0,0.0,0.0,226,475.053,2560.0,351.25439999999986,174.7969000000001,274.0,0.0,1953.0122999999835,0.015,4.686331775700905,5.364060185185208,2.1225767605633803,1.1606686046511627,3.423298283896456,18.762310242424245,1080.0,1070.0,540.0,2044.0000000000002,1343.0,204.0,174,0,0,1,56,33.0,2048.0,21256.724600000012,0.0,7580.189,314,454,0,53,0.3539261625111507,0.6328831367023859,0.5702116369178181,1,6844.265399999994,5014.374999999969,56,0,142.0,0,0,0,0.0,0,0.0,65810.35414224346,0.0,0,0,0,1.5,0,0.0,0,0,0.0,0,0.0,0,0,301.40590000000003,57.0,1725.2313,4,130.11450000000002,130.1124999999997,0.5352458019599179,5120.0,71.748046875,0.2117679964192708,149,0,0.0,0,2545.8366077067317,3673.5,371,0.3394663004758425,0,0,0,0.0,0.0,0.0,0.0,0.0,0.0,0.0,0.0,0,0,0,0,174,0.0,0,12,0.0,0,0.0,1440.0,751.6986000000002,14045.068863874247,0.0,14045.068863874247,0.0,130.11450000000002,16153.893800000007,9305.4203,0.6356102666564958,459,51751.56535482383,53,14058.788787419653,4,0.0,4,97.83000000000004,2,475.053,-1213.9967000000001,37.5,0,0,540,540,8 + shareholders & share market,sumsy,1,-2.3283064365386963e-10
4,512,4,4,33378.8335,0.0,16235.324200000003,1758.3638,1739.8015999999998,,1739.8015999999998,0.0,0.0,0.0,0.0,0.0,0.0025,192.9205,0.0,0.0,1.0,525.8049000000007,0.0,0.0,0.0,1.0,0.0,0.0,1.0,0.0,0,0,80.24905700305126,2.620763332599296,82.86982033565057,15.178255736326784,2.058968981824327,17.23722471815111,0.0,0.0,0.0,0.0,0,0,0.0,0.0,0.0,1.0,1.0,0.0,0.0,0.0,0.0,0.5,0.25,0.0,-82.95085,0.0,75,2560.0,391.50039999999996,4713.827800000001,194.80669999999998,0.0,0.0,0.0,0.0,0.0,163,530.34,2560.0,391.50039999999996,194.80669999999998,274.0,0.0,828.1110999999955,0.015,4.546915363385474,5.333825878003709,2.2425427609427624,1.3384735632183908,3.300485092561207,18.199440935151515,1082.0,1087.0,541.0,2046.6666666666667,1407.0000000000002,204.0,159,0,0,1,55,42.0,2048.0,22223.149799999963,0.0,8617.7352,330,438,0,67,0.3583739203524714,0.6408788434389314,0.45068614297611265,0,8271.25170000001,4942.49700000001,55,0,297.0,0,0,0,0.0,0,0.0,78612.74380628054,0.0,0,0,0,1.5,0,0.0,0,0,0.0,0,0.0,0,0,666.0352000000004,119.0,1814.6879999999999,4,74.72370000000001,74.72500000000025,0.5658429572640695,5120.0,67.666015625,0.3656274534808017,194,0,0.0,0,2206.998410696214,3464.5,390,0.4030924546606565,0,0,0,0.0,0.0,0.0,0.0,0.0,0.0,0.0,0.0,0,0,0,0,159,0.0,0,12,0.0,0,0.0,1440.0,994.8597000000001,13116.271800983006,0.0,13116.271800983006,0.0,74.72370000000001,16852.378499999988,10432.423200000001,0.6433667649749493,445,48242.857851520894,67,30369.885954759644,4,0.0,4,92.39499999999998,2,530.34,-1546.8810999999998,58.03343023255814,0,0,541,541,8 + shareholders & share market,sumsy,1,-2.3283064365386963e-10
5,512,4,4,35512.5622,0.0,15881.640799999986,622.9302,2057.0442999999996,,2057.0442999999996,0.0,0.0,0.0,0.0,0.0,0.0025,210.3065,0.0,0.0,1.0,510.1631999999997,0.0,0.0,0.0,1.0,0.0,0.0,1.0,0.0,0,0,89.17935410246017,3.3145826196082595,92.49393672206843,15.371332099393232,2.412622690276495,17.78395478966973,0.0,0.0,0.0,0.0,0,0,0.0,0.0,0.0,1.0,1.0,0.0,0.0,0.0,0.0,0.5,0.25,0.0,-135.19145000000006,0.0,78,2560.0,426.2712999999997,2422.1110000000003,212.19219999999996,0.0,0.0,0.0,0.0,0.0,116,552.71,2560.0,426.2712999999997,212.19219999999996,274.0,0.0,0.0,0.015,4.437750457875486,5.254928385899803,2.354994677871147,1.439182178217822,3.2478160736546227,17.653457707096972,1078.0,1092.0,539.0,2046.6666666666667,1427.0,204.0,154,0,0,2,62,50.0,2048.0,24187.518799999987,97.378,8495.550500000001,338,430,0,74,0.3362061400043752,0.6321049988106564,0.40912731242841716,0,7972.885399999995,4846.023500000031,62,0,357.0,0,0,0,0.0,0,0.0,86477.6326177021,0.0,0,0,0,1.5,0,0.0,0,0,0.0,0,0.0,0,0,840.7330999999994,143.0,1969.0984,4,68.63459999999999,68.63770000000004,0.6387200829910005,5120.0,67.34375,0.43732519383456053,27,0,0.0,0,211.77419383861317,3448.0,390,0.4737635460773117,0,0,0,0.0,0.0,0.0,0.0,0.0,0.0,0.0,0.0,0,0,0,0,154,0.0,0,12,0.0,0,0.0,1440.0,1247.2620000000002,12884.151975795688,0.0,12884.151975795688,0.0,68.63459999999999,18339.840799999976,10562.0269,0.634773191897134,438,50602.49836192079,74,35875.13425578142,4,0.0,4,86.96000000000004,2,552.71,-1846.7377999999997,66.92367816091954,0,0,539,539,8 + shareholders & share market,sumsy,1,-2.3283064365386963e-10
6,512,4,4,37606.05150000004,0.0,15549.517800000007,430.6799000000001,2344.6559,,2344.6559,0.0,0.0,0.0,0.0,0.0,0.0025,230.346,0.0,0.0,1.0,497.9181000000002,0.0,0.0,0.0,1.0,0.0,0.0,1.0,0.0,0,0,97.26810564794425,3.7875793921037557,101.055685040048,16.062169046192828,2.493406466025534,18.55557551221836,0.0,0.0,0.0,0.0,0,0,0.0,0.0,0.0,1.0,1.0,0.0,0.0,0.0,0.0,0.5,0.25,0.0,-187.66437500000015,0.0,81,2560.0,466.5106999999996,1724.4931000000004,232.28540000000027,0.0,0.0,0.0,0.0,0.0,69,563.5435,2560.0,466.5106999999996,232.28540000000027,274.0,0.0,0.0,0.015,4.348367078972459,5.203973148148142,2.458070000000003,1.5887490909090916,3.2781152408389413,17.123853975884064,1080.0,1051.0,540.0,2045.3333333333333,1542.0,204.0,125,0,0,2,51,28.0,2048.0,25561.306800000017,698.1843,8144.3266,338,430,0,74,0.32955701482611643,0.6289453393454312,0.34440554620763764,0,7568.643300000016,4570.133800000055,51,0,640.0,0,0,0,0.0,0,0.0,92621.69194370147,0.0,0,0,0,1.5,0,0.0,0,0,0.0,0,0.0,0,0,1573.1648000000018,256.0,2408.3443,4,14.3723,14.373299999999942,0.722277940229988,5120.0,67.34375,0.4949738677031768,2,0,0.0,0,4.707476229779516,3448.0,390,0.5507616535803064,0,0,0,0.0,0.0,0.0,0.0,0.0,0.0,0.0,0.0,0,0,0,0,125,0.0,0,12,0.0,0,0.0,1440.0,1315.6369000000002,12680.196378653216,0.0,12680.196378653216,0.0,14.3723,19327.1245,11250.855200000004,0.6316806109097581,438,53802.400211867716,74,38819.291731833786,4,0.0,4,81.52500000000009,2,563.5435,-2114.3099,71.9591089108911,0,0,540,540,8 + shareholders & share market,sumsy,1,-2.3283064365386963e-10
7,512,4,4,39651.36700000004,0.0,15186.377999999992,406.8165999999998,2602.1963,,2602.1963,0.0,0.0,0.0,0.0,0.0,0.0025,254.2623,0.0,0.0,1.0,487.8863999999995,0.0,0.0,0.0,1.0,0.0,0.0,1.0,0.0,0,0,102.462416229515,3.8054796954478474,106.26789592496283,19.921387345805872,2.72528243732654,22.646669783132413,0.0,0.0,0.0,0.0,0,0,0.0,0.0,0.0,1.0,1.0,0.0,0.0,0.0,0.0,0.5,0.25,0.0,-238.5895750000001,0.0,86,2560.0,514.6845000000002,3456.6650999999997,256.31629999999984,0.0,0.0,0.0,0.0,0.0,70,567.9889000000001,2560.0,514.6845000000002,256.31629999999984,274.0,0.0,0.0,0.015,4.269782640144669,5.19544052044611,2.5480559374999947,1.6068564814814816,3.200839197828831,16.61013835660754,1076.0,1106.0,538.0,2045.3333333333333,1538.0,204.0,126,0,0,1,63,48.0,2048.0,26613.20270000001,1312.3361,8081.4228,338,430,0,74,0.3875873739566984,0.6310369820975505,0.3441307254707797,0,7407.3862,4722.379600000004,63,0,640.0,0,0,0,0.0,0,0.0,100958.41162318073,0.0,0,0,0,1.5,0,0.0,0,0,0.0,0,0.0,0,0,1630.7557999999967,256.0,2822.1542,4,45.2298,45.22819999999987,0.5652010544729331,5120.0,51.105143229166664,0.574215689364347,140,0,0.0,0,2789.897523926877,2616.5833333333335,391,0.7456343680567091,0,0,0,0.0,0.0,0.0,0.0,0.0,0.0,0.0,0.0,0,0,0,0,126,0.0,0,12,0.0,0,0.0,1440.0,1387.4841000000006,12185.100817507555,0.0,12185.100817507555,0.0,45.2298,20198.85559999999,12215.9131,0.6339550186105598,438,59488.816864445034,74,41469.59475873566,4,0.0,4,76.08999999999992,2,567.9889000000001,-2347.934,79.43745454545457,0,0,538,538,8 + shareholders & share market,sumsy,1,-2.3283064365386963e-10
8,512,4,4,41659.55410000005,0.0,14889.790500000005,480.8326,2827.0025,,2827.0025,0.0,0.0,0.0,0.0,0.0,0.0025,272.6532,0.0,0.0,1.0,479.06850000000026,0.0,0.0,0.0,1.0,0.0,0.0,1.0,0.0,0,0,110.98547814357723,3.5941769677913777,114.5796551113686,20.584305617331335,2.5800929937118635,23.1643986110432,0.0,0.0,0.0,0.0,0,0,0.0,0.0,0.0,1.0,1.0,0.0,0.0,0.0,0.0,0.5,0.25,0.0,-287.9587,0.0,90,2560.0,551.8128999999997,4183.9165,274.8212999999998,0.0,0.0,0.0,0.0,0.0,71,569.4849999999999,2560.0,551.8128999999997,274.8212999999998,274.0,0.0,0.0,0.015,4.390550187265914,5.253217679558033,2.6357383386581557,1.6033070796460176,3.1603495866650904,16.111834205909314,1086.0,1068.0,543.0,2046.6666666666667,1543.0,204.0,125,0,0,2,53,41.0,2048.0,27698.289499999995,1973.9317,7971.867699999999,338,430,0,74,0.381430528500291,0.6366603227382941,0.34908233286957624,0,7350.186600000002,4689.107599999997,53,0,626.0,0,0,0,0.0,0,0.0,105625.54030921946,0.0,0,0,0,1.5,0,0.0,0,0,0.0,0,0.0,0,0,1649.9722000000054,251.0,3173.327,4,95.6927,95.6884999999996,0.6253095584665086,5120.0,51.0205078125,0.6064486515600889,9,0,0.0,0,53.32931503613836,2612.25,391,1.0239213683286759,0,0,0,0.0,0.0,0.0,0.0,0.0,0.0,0.0,0.0,0,0,0,0,125,0.0,0,12,0.0,0,0.0,1440.0,1553.1442000000002,11563.476522666377,0.0,11563.476522666377,0.0,95.6927,21341.2494,13119.1264,0.6394118290920707,438,63555.204272644216,74,42070.33603657508,4,0.0,4,70.65499999999997,2,569.4849999999999,-2554.3493,80.34282407407409,0,0,543,543,8 + shareholders & share market,sumsy,1,-2.3283064365386963e-10
9,512,4,4,43628.50469999999,0.0,14564.554600000005,464.9855,3046.9685,,3046.9685,0.0,0.0,0.0,0.0,0.0,0.0025,292.0689,0.0,0.0,1.0,492.6192,0.0,0.0,0.0,1.0,0.0,0.0,1.0,0.0,0,0,113.54669944137393,3.2932830784223066,116.83998251979625,20.259867422509657,2.4779957503816634,22.73786317289132,0.0,0.0,0.0,0.0,0,0,0.0,0.0,0.0,1.0,1.0,0.0,0.0,0.0,0.0,0.5,0.25,0.0,-336.7634000000001,0.0,94,2560.0,591.0494000000002,2745.0645000000004,294.3727000000002,0.0,0.0,0.0,0.0,0.0,72,569.7306,2560.0,591.0494000000002,294.3727000000002,274.0,0.0,0.0,0.015,4.370889415041784,5.197359404096827,2.6793560937499885,1.623190654205608,3.1387215262659898,15.628479179732034,1074.0,1077.0,537.0,2045.3333333333335,1536.0,204.0,127,0,0,1,58,37.0,2048.0,28652.87679999997,2611.1387999999997,7992.453299999999,338,430,0,74,0.3783100965373656,0.6432879268726173,0.35123653828771295,0,7268.765399999988,4707.447900000001,58,0,640.0,0,0,0,0.0,0,0.0,109430.48403279106,0.0,0,0,0,1.5,0,0.0,0,0,0.0,0,0.0,0,0,1714.7878999999925,256.0,3510.2362999999996,4,132.4054,132.40180000000035,0.6795449281701392,5120.0,51.015625,0.6325922202537334,2,0,0.0,0,4.849801155497108,2612.0,391,1.2696238055475764,0,0,0,0.0,0.0,0.0,0.0,0.0,0.0,0.0,0.0,0,0,0,0,127,0.0,0,12,0.0,0,0.0,1440.0,1693.469399999998,10624.915655312649,0.0,10624.915655312649,0.0,132.4054,21750.70749999997,14113.8284,0.6459063896853874,438,67159.9240367186,74,42270.55999607236,4,0.0,4,65.22000000000003,2,569.7306,-2754.8995999999997,80.16535398230089,0,0,537,537,8 + shareholders & share market,sumsy,1,-2.3283064365386963e-10
10,512,4,4,45561.46770000003,0.0,14067.119300000008,305.0372000000001,3245.3156,,3245.3156,0.0,0.0,0.0,0.0,0.0,0.0025,309.874,0.0,0.0,1.0,490.4159999999995,0.0,0.0,0.0,1.0,0.0,0.0,1.0,0.0,0,0,113.99283361526435,3.4619304440300396,117.45476405929438,20.47523865819723,2.725048195622589,23.200286853819822,0.0,0.0,0.0,0.0,0,0,0.0,0.0,0.0,1.0,1.0,0.0,0.0,0.0,0.0,0.5,0.25,0.0,-384.7651,0.0,99,2560.0,627.0369999999999,4173.0656,312.3037999999998,0.0,0.0,0.0,0.0,0.0,73,569.3924,2560.0,627.0369999999999,312.3037999999998,274.0,0.0,0.0,0.015,4.322100935453697,5.260171534195945,2.7569046875000094,1.604202702702703,3.1116623007562945,15.159624804340075,1082.0,1069.0,541.0,2046.6666666666665,1544.0,204.0,125,0,0,1,44,39.0,2048.0,29665.561099999955,3308.2144000000003,7906.9331,338,430,0,74,0.37047903459051934,0.6409056006319485,0.3565977347974134,0,7239.229500000002,4620.325900000002,44,0,640.0,0,0,0,0.0,0,0.0,110335.70184284814,0.0,0,0,0,1.5,0,0.0,0,0,0.0,0,0.0,0,0,1764.419000000006,256.0,3801.4927,4,167.61399999999998,167.6134000000008,0.6795449281701392,5120.0,51.015625,0.6654401963772879,0,0,0.0,0,0.0,2612.0,391,1.4679290783078303,0,0,0,0.0,0.0,0.0,0.0,0.0,0.0,0.0,0.0,0,0,0,0,125,0.0,0,12,0.0,0,0.0,1440.0,1682.0491000000004,10042.895318884253,0.0,10042.895318884253,0.0,167.61399999999998,22817.35869999997,15016.640200000003,0.6436356020129197,438,67522.21483671863,74,42813.487006129435,4,0.0,4,59.78500000000008,2,569.3924,-2935.4416,81.1595327102804,0,0,541,541,8 + shareholders & share market,sumsy,1,-2.3283064365386963e-10
11,512,4,4,47455.457100000036,0.0,13543.724300000003,284.4124,3420.3801999999996,,3420.3801999999996,0.0,0.0,0.0,0.0,0.0,0.0025,329.1461,0.0,0.0,1.0,484.93860000000006,0.0,0.0,0.0,1.0,0.0,0.0,1.0,0.0,0,0,115.0000256428626,3.493268029060074,118.49329367192267,21.58025088769213,2.7423364421535874,24.32258732984572,0.0,0.0,0.0,0.0,0,0,0.0,0.0,0.0,1.0,1.0,0.0,0.0,0.0,0.0,0.5,0.25,0.0,-430.459725,0.0,103,2560.0,666.0105999999994,3111.7647999999995,331.7198999999993,0.0,0.0,0.0,0.0,0.0,74,568.0896,2560.0,666.0105999999994,331.7198999999993,274.0,0.0,0.0,0.015,4.268132808155704,5.186095700934545,2.83511421875,1.5875114285714287,3.091406152061335,14.70483606020987,1070.0,1079.0,535.0,2046.6666666666665,1531.9999999999998,204.0,128,0,0,2,55,41.0,2048.0,30803.74640000002,3970.9185,7944.0867,338,430,0,74,0.3764962699066372,0.6383958651908312,0.3641589294083545,0,7135.832700000001,4605.315300000005,55,0,640.0,0,0,0,0.0,0,0.0,110443.07906244895,0.0,0,0,0,1.5,0,0.0,0,0,0.0,0,0.0,0,0,1814.4731,256.0,3839.4698,4,174.27319999999997,174.27179999999976,0.6795449281701392,5120.0,51.015625,0.6820004965512387,0,0,0.0,0,0.0,2612.0,391,1.6488450779446264,0,0,0,0.0,0.0,0.0,0.0,0.0,0.0,0.0,0.0,0,0,0,0,128,0.0,0,12,0.0,0,0.0,1440.0,1672.9657999999995,9090.751435650036,0.0,9090.751435650036,0.0,174.27319999999997,23808.54750000001,15754.475,0.6408444604123806,438,67830.0587367187,74,42613.020325730344,4,0.0,4,54.34999999999991,2,568.0896,-3091.2340999999997,80.21013513513515,0,0,535,535,8 + shareholders & share market,sumsy,1,-2.3283064365386963e-10
12,512,4,4,49308.36670000001,0.0,12968.163599999998,237.41039999999998,3570.1189999999992,,3570.1189999999992,0.0,0.0,0.0,0.0,0.0,0.0025,349.5062,0.0,0.0,1.0,478.8849000000004,0.0,0.0,0.0,1.0,0.0,0.0,1.0,0.0,0,0,144.7981886427432,3.4190860236063005,148.2172746663495,23.12719189102309,2.5355262433303474,25.66271813435344,0.0,0.0,0.0,0.0,0,0,0.0,0.0,0.0,1.0,1.0,0.0,0.0,0.0,0.0,0.5,0.25,0.0,-473.76879679904084,0.0,104,2560.0,707.0903999999996,611.8361000000001,352.19859999999966,0.0,0.0,0.0,0.0,0.0,77,566.2753,2560.0,707.0903999999996,352.19859999999966,274.0,0.0,0.0,0.015,4.208323629489601,5.221687313432835,2.919618750000003,1.6314160377358493,3.0830737947034774,14.263690978403574,1072.0,1058.0,536.0,2045.3333333333333,1534.0000000000002,204.0,127,0,0,1,48,28.0,2048.0,31888.81040000001,4658.356,7833.3193,338,430,0,74,0.3896894795339989,0.6536853098024262,0.374495969547608,0,7109.927400000034,4452.406399999998,48,0,640.0,0,0,0,0.0,0,0.0,129560.6030274635,0.0,0,0,0,1.5,0,0.0,0,0,0.0,0,0.0,0,0,1868.5560000000019,256.0,4012.0995000000003,4,195.7765,195.77970000000025,0.9869330384864309,5120.0,51.015625,0.6995510890997023,3,0,0.0,0,38.64749786137626,2612.0,391,1.7919684554922195,0,0,0,0.0,0.0,0.0,0.0,0.0,0.0,0.0,0.0,0,0,0,0,127,0.0,0,12,0.0,0,0.0,1440.0,1643.985399999999,8342.247149274857,0.0,8342.247149274857,0.0,195.7765,24627.287499999988,16503.7748,0.6557570871952851,438,84668.17351764029,74,44892.42950982327,4,0.0,4,48.914999999999964,2,566.2753,-3220.6127999999994,79.37557142857143,0,0,536,536,8 + shareholders & share market,sumsy,1,-2.3283064365386963e-10
13,512,4,4,51125.11340000001,0.0,12376.32760000001,225.8217,3692.7861,,3692.7861,0.0,0.0,0.0,0.0,0.0,0.0025,367.3672,0.0,0.0,1.0,472.1733000000004,0.0,0.0,0.0,1.0,0.0,0.0,1.0,0.0,0,0,147.1876169808247,3.5269688893195057,150.71458587014425,24.27472201963222,2.69514121754078,26.969863237173,0.0,0.0,0.0,0.0,0,0,0.0,0.0,0.0,1.0,1.0,0.0,0.0,0.0,0.0,0.5,0.25,0.0,-514.5257217990408,0.0,108,2560.0,743.2533000000003,2958.3802,370.2067999999997,0.0,0.0,0.0,0.0,0.0,76,564.1472,2560.0,743.2533000000003,370.2067999999997,274.0,0.0,0.0,0.015,4.203140480591495,5.155859514925382,2.9713935937500002,1.561175471698113,3.0768819499534996,13.835780249051467,1072.0,1082.0,536.0,2046.6666666666667,1534.0000000000002,204.0,128,0,0,1,48,39.0,2048.0,32968.05080000002,5327.8027,7880.1826,338,430,0,74,0.3992160280631267,0.6535150145157196,0.3898623153064076,0,7071.804900000022,4547.797999999997,48,0,640.0,0,0,0,0.0,0,0.0,130644.36792234216,0.0,0,0,0,1.5,0,0.0,0,0,0.0,0,0.0,0,0,1901.6919,256.0,4017.5629,4,197.1128,197.11090000000038,0.9869330384864309,5120.0,51.015625,0.7378582749238406,0,0,0.0,0,0.0,2612.0,391,2.4512849768908107,0,0,0,0.0,0.0,0.0,0.0,0.0,0.0,0.0,0.0,0,0,0,0,128,0.0,0,12,0.0,0,0.0,1440.0,1609.8212999999994,7726.970212445631,0.0,7726.970212445631,0.0,197.1128,25550.712600000006,17225.5482,0.6554547422016335,438,84665.91231764016,74,45978.45560470197,4,0.0,4,43.48000000000002,2,564.1472,-3325.4188999999997,81.57080188679247,0,0,536,536,8 + shareholders & share market,sumsy,1,-2.3283064365386963e-10
14,512,4,4,52906.883999999984,0.0,11723.50490000001,169.99269999999999,3797.0108999999998,,3797.0108999999998,0.0,0.0,0.0,0.0,0.0,0.0025,384.6645,0.0,0.0,1.0,471.59199999999976,0.0,0.0,0.0,1.0,0.0,0.0,1.0,0.0,0,0,147.23408705854112,3.5651091838415585,150.7991962423827,25.2077617235815,2.794990857415513,28.002752580997008,0.0,0.0,0.0,0.0,0,0,0.0,0.0,0.0,1.0,1.0,0.0,0.0,0.0,0.0,0.5,0.25,0.0,-552.7876217990413,0.0,111,2560.0,778.2294000000004,1594.5588,387.6315000000003,0.0,0.0,0.0,0.0,0.0,77,561.8912,2560.0,778.2294000000004,387.6315000000003,274.0,0.0,0.0,0.015,4.201993168880459,5.106138059701518,3.0431696875000007,1.5741679245283022,3.0897375240693914,13.420706841579923,1072.0,1054.0,536.0,2046.6666666666665,1534.0,204.0,128,0,0,2,48,23.0,2048.0,34076.03989999998,5971.8676000000005,7855.966899999999,338,430,0,74,0.40537262635495064,0.6522359541238232,0.3992884860997321,0,7071.589699999994,4428.900800000004,48,0,640.0,0,0,0,0.0,0,0.0,129870.37225630446,0.0,0,0,0,1.5,0,0.0,0,0,0.0,0,0.0,0,0,1947.6286000000005,256.0,4056.4538999999995,4,202.096,202.09529999999987,0.9869330384864309,5120.0,51.015625,0.735196149764151,0,0,0.0,0,0.0,2612.0,391,2.603909920376178,0,0,0,0.0,0.0,0.0,0.0,0.0,0.0,0.0,0.0,0,0,0,0,128,0.0,0,12,0.0,0,0.0,1440.0,1544.6786,6868.410109541035,0.0,6868.410109541035,0.0,202.096,26535.745599999977,17884.2884,0.654031779518756,438,84848.9034176402,74,45021.46883866424,4,0.0,4,38.04500000000007,2,561.8912,-3412.3464,78.05877358490565,0,0,536,536,8 + shareholders & share market,sumsy,1,-2.3283064365386963e-10
15,512,4,4,54649.31289999992,0.0,11124.870799999995,227.4697999999999,3883.8107999999997,,3883.8107999999997,0.0,0.0,0.0,0.0,0.0,0.0025,404.099,0.0,0.0,1.0,471.46439999999984,0.0,0.0,0.0,1.0,0.0,0.0,1.0,0.0,0,0,147.4358464975595,3.0652796254877726,150.50112612304727,26.51701588499489,2.5148884571991297,29.03190434219402,0.0,0.0,0.0,0.0,0,0,0.0,0.0,0.0,1.0,1.0,0.0,0.0,0.0,0.0,0.5,0.25,0.0,-588.1281217990412,0.0,116,2560.0,817.5711000000008,2272.609200000001,407.22269999999986,0.0,0.0,0.0,0.0,0.0,78,559.3709,2560.0,817.5711000000008,407.22269999999986,274.0,0.0,0.0,0.015,4.180612683823531,5.10700523364485,3.0853456249999978,1.5712752380952384,3.1082540036217403,13.018085636332527,1070.0,1088.0,535.0,2045.3333333333335,1532.0,204.0,129,0,0,0,45,42.0,2048.0,35044.172999999966,6616.8822,7973.8682,338,430,0,74,0.41963440982577893,0.6531604537534077,0.4050276757391231,0,7068.280299999998,4548.5066000000015,45,0,640.0,0,0,0,0.0,0,0.0,130343.36130913459,0.0,0,0,0,1.5,0,0.0,0,0,0.0,0,0.0,0,0,1974.6211999999987,256.0,4050.9196,4,200.3653,200.36570000000037,0.9869330384864309,5120.0,51.015625,0.763265653928361,0,0,0.0,0,0.0,2612.0,391,2.878909043885027,0,0,0,0.0,0.0,0.0,0.0,0.0,0.0,0.0,0.0,0,0,0,0,129,0.0,0,12,0.0,0,0.0,1440.0,1540.7845,6049.1981569516065,0.0,6049.1981569516065,0.0,200.3653,27405.01899999996,18641.67,0.654920899446179,438,84972.01381764024,74,45371.347491494445,4,0.0,4,32.6099999999999,2,559.3709,-3479.7117999999996,78.70839622641512,0,0,535,535,8 + shareholders & share market,sumsy,1,-2.3283064365386963e-10
16,512,4,4,56359.718999999975,0.0,10543.621999999988,251.88859999999997,3948.7740999999996,,3948.7740999999996,0.0,0.0,0.0,0.0,0.0,0.0025,419.8897,0.0,0.0,1.0,469.0622999999998,0.0,0.0,0.0,1.0,0.0,0.0,1.0,0.0,0,0,148.5266754745215,3.2740774410803675,151.8007529156019,27.40317542172339,2.7530025202850816,30.156177942008473,0.0,0.0,0.0,0.0,0,0,0.0,0.0,0.0,1.0,1.0,0.0,0.0,0.0,0.0,0.5,0.25,0.0,-621.2661217990403,0.0,117,2560.0,849.5939000000004,1236.4506,423.16179999999986,0.0,0.0,0.0,0.0,0.0,79,557.1087,2560.0,849.5939000000004,423.16179999999986,274.0,0.0,0.0,0.015,4.213868169014081,5.064928224299083,3.1489134375,1.5951809523809533,3.12336739107385,12.62754306724255,1070.0,1065.0,535.0,2048.0,1532.0,204.0,129,0,0,0,53,30.0,2048.0,35955.918499999985,7241.0057,8071.8009,338,430,0,74,0.41964519634537933,0.6524654580030265,0.4137128696371377,0,7078.208099999983,4487.769599999996,53,0,640.0,0,0,0,0.0,0,0.0,130579.3888084159,0.0,0,0,0,1.5,0,0.0,0,0,0.0,0,0.0,0,0,2015.3046000000002,256.0,4113.9955,4,206.0106,206.01169999999968,0.9869330384864309,5120.0,51.015625,0.7862280618334575,0,0,0.0,0,0.0,2612.0,391,3.1317819037586783,0,0,0,0.0,0.0,0.0,0.0,0.0,0.0,0.0,0.0,0,0,0,0,129,0.0,0,12,0.0,0,0.0,1440.0,1592.4345999999994,5383.328908768628,0.0,5383.328908768628,0.0,206.0106,28085.144999999993,19426.8021,0.6543195995374567,438,85122.95301764025,74,45456.43579077567,4,0.0,4,27.174999999999955,2,557.1087,-3528.8843999999995,78.56376190476192,0,0,535,535,8 + shareholders & share market,sumsy,1,-2.3283064365386963e-10
17,512,4,4,58036.76220000001,0.0,9840.728000000021,139.58979999999997,4001.6799999999994,,4001.6799999999994,0.0,0.0,0.0,0.0,0.0,0.0025,436.3508,0.0,0.0,1.0,472.79560000000055,0.0,0.0,0.0,1.0,0.0,0.0,1.0,0.0,0,0,147.1893779228463,3.4469965623303414,150.63637448517662,28.114973559930284,2.806483612312741,30.921457172243027,0.0,0.0,0.0,0.0,0,0,0.0,0.0,0.0,1.0,1.0,0.0,0.0,0.0,0.0,0.5,0.25,0.0,-652.5902467990405,0.0,120,2560.0,882.956800000002,3078.3549000000003,439.7705000000003,0.0,0.0,0.0,0.0,0.0,80,555.1578,2560.0,882.956800000002,439.7705000000003,274.0,0.0,0.0,0.015,4.231407821229049,5.118381226765781,3.193351249999999,1.5657425925925919,3.154691292954108,12.248716775225276,1076.0,1074.0,538.0,2048.0,1538.0,204.0,127,0,0,1,48,33.0,2048.0,36859.691600000006,7845.0454,8185.5672,338,430,0,74,0.4275567733567769,0.6524254332389317,0.407872199318142,0,7129.121499999983,4544.531999999998,48,0,640.0,0,0,0,0.0,0,0.0,131284.24097984456,0.0,0,0,0,1.5,0,0.0,0,0,0.0,0,0.0,0,0,2043.7447999999995,256.0,4154.9493999999995,4,261.8495,261.8497999999998,0.9869330384864309,5120.0,51.015625,0.8181389302765382,0,0,0.0,0,0.0,2612.0,391,3.343438321686263,0,0,0,0.0,0.0,0.0,0.0,0.0,0.0,0.0,0.0,0,0,0,0,127,0.0,0,12,0.0,0,0.0,1440.0,1528.6904000000002,5030.341923211915,0.0,5030.341923211915,0.0,261.8495,28997.1369,20185.562000000005,0.654397408386109,438,85169.32411764024,74,46114.91686220425,4,0.0,4,21.74000000000001,2,555.1578,-3565.329199999999,79.75904761904766,0,0,538,538,8 + shareholders & share market,sumsy,1,-2.3283064365386963e-10
18,512,4,4,59680.02369999997,0.0,9166.596699999986,172.03059999999996,4040.093299999999,,4040.093299999999,0.0,0.0,0.0,0.0,0.0,0.0025,453.0354,0.0,0.0,1.0,474.76410000000004,0.0,0.0,0.0,1.0,0.0,0.0,1.0,0.0,0,0,156.79472026026178,3.305742896694573,160.10046315695635,28.615362253570055,2.7002793907051386,31.315641644275196,0.0,0.0,0.0,0.0,0,0,0.0,0.0,0.0,1.0,1.0,0.0,0.0,0.0,0.0,0.5,0.25,0.0,-680.9319767495343,0.0,121,2560.0,916.7385000000008,1150.5708,456.5914999999997,0.0,0.0,0.0,0.0,0.0,83,552.7864,2560.0,916.7385000000008,456.5914999999997,274.0,0.0,0.0,0.015,4.222210447761193,5.08801476635516,3.295584375,1.5777276190476182,3.1924942934346254,11.881255271968515,1070.0,1072.0,535.0,2046.6666666666667,1532.0,204.0,129,0,0,2,44,39.0,2048.0,37793.686299999994,8364.6788,8329.7377,338,430,0,74,0.4324978122807106,0.6545308549286666,0.41380948397768424,0,7145.304099999988,4526.209599999999,44,0,640.0,0,0,0,0.0,0,0.0,137594.83263011905,0.0,0,0,0,1.5,0,0.0,0,0,0.0,0,0.0,0,0,2109.174,256.0,4186.099099999999,4,326.6496,326.64890000000054,1.0923988837126368,5120.0,51.015625,0.8303443317177853,1,0,0.0,0,24.47684516997443,2612.0,391,3.45172525744318,0,0,0,0.0,0.0,0.0,0.0,0.0,0.0,0.0,0.0,0,0,0,0,129,0.0,0,12,0.0,0,0.0,1440.0,1514.6386000000002,4948.543694150421,0.0,4948.543694150421,0.0,326.6496,29924.224500000004,20880.515600000002,0.6565432739270602,438,91354.28092351345,74,46240.551706605555,4,0.0,4,16.305000000000064,2,552.7864,-3587.057899999999,78.28712962962959,0,0,535,535,8 + shareholders & share market,sumsy,1,-2.3283064365386963e-10
19,512,4,4,61290.943900000064,0.0,8443.559599999997,130.46189999999999,4060.791799999999,,4060.791799999999,0.0,0.0,0.0,0.0,0.0,0.0025,471.4314,0.0,0.0,1.0,473.7339000000004,0.0,0.0,0.0,1.0,0.0,0.0,1.0,0.0,0,0,156.90976433427159,3.2402581338450194,160.15002246811662,43.81317496765905,2.756072623907531,46.56924759156659,0.0,0.0,0.0,0.0,0,0,0.0,0.0,0.0,1.0,1.0,0.0,0.0,0.0,0.0,0.5,0.25,0.0,-706.8740017495361,0.0,125,2560.0,949.0798000000003,4466.561900000001,473.5040000000003,0.0,0.0,0.0,0.0,0.0,82,550.5338999999999,2560.0,949.0798000000003,473.5040000000003,274.0,0.0,0.0,0.015,4.224444540229886,5.133175887850451,3.3858190625000013,NaN,3.2228658043333565,11.524817613809459,1070.0,1044.0,535.0,2045.3333333333333,1532.0,204.0,127,0,0,1,35,25.0,2048.0,46563.67040000005,1150.5320000000002,8351.06,233,535,0,57,0.5093992569104104,0.6535705806809973,0.4274819391020439,0,6844.360000000017,4410.320100000001,35,0,640.0,0,0,0,0.0,0,0.0,137677.1720772091,0.0,0,0,0,1.5,0,0.0,0,0,0.0,0,0.0,0,0,2166.924200000001,256.0,4203.7162,4,209.099,209.09749999999954,1.0923988837126368,5120.0,51.015625,0.863765745597718,0,0,0.0,0,0.0,2612.0,391,2.4501575622136538,0,0,0,0.0,0.0,0.0,0.0,0.0,0.0,0.0,0.0,0,0,0,0,127,0.0,0,12,0.0,0,0.0,1440.0,1457.3212000000012,11444.831210496606,0.0,11444.831210496606,0.0,209.099,36802.327700000016,13705.3082,0.6556902418184349,455,101445.6450258496,57,36231.52705135951,4,0.0,4,10.86999999999989,2,550.5338999999999,-3589.360399999999,78.8863809523809,0,0,535,535,8 + shareholders & share market,sumsy,1,-2.3283064365386963e-10
20,512,4,4,62869.80060000006,0.0,7755.478599999993,170.90619999999998,4063.344199999999,,4063.344199999999,0.0,0.0,0.0,0.0,0.0,0.0025,487.065,0.0,0.0,1.0,473.9837999999995,0.0,0.0,0.0,1.0,0.0,0.0,1.0,0.0,0,0,155.65240071790907,3.3323523797779435,158.98475309768702,44.1519717222286,2.6902088847580603,46.84218060698666,0.0,0.0,0.0,0.0,0,0,0.0,0.0,0.0,1.0,1.0,0.0,0.0,0.0,0.0,0.5,0.25,0.0,-730.0301017495351,0.0,129,2560.0,981.1433,3306.8983,489.4028999999997,0.0,0.0,0.0,0.0,0.0,83,548.1613,2560.0,981.1433,489.4028999999997,274.0,0.0,0.0,0.015,4.214401103955841,5.047606261859567,3.4929934374999996,NaN,3.2725603413020385,11.179073085395176,1054.0,1087.0,527.0,2046.6666666666665,1516.0,204.0,132,0,0,2,54,36.0,2048.0,46832.61410000004,2137.8685,8652.902399999999,233,535,0,57,0.5076991432449667,0.6510816920679576,0.455108201503025,0,6863.018299999998,4581.053999999999,54,0,640.0,0,0,0,0.0,0,0.0,135884.71450198352,0.0,0,0,0,1.5,0,0.0,0,0,0.0,0,0.0,0,0,2235.5157999999997,256.0,4211.1893,4,207.3636,207.36469999999935,1.0923988837126368,5120.0,51.015625,0.8418758884534626,0,0,0.0,0,0.0,2612.0,391,2.5406537908622755,0,0,0,0.0,0.0,0.0,0.0,0.0,0.0,0.0,0.0,0,0,0,0,132,0.0,0,12,0.0,0,0.0,1440.0,1445.0841999999998,9813.090225705193,0.0,9813.090225705193,0.0,207.3636,36910.910000000025,15001.9602,0.6533388668605702,455,101194.12242584955,57,34690.59207613384,4,0.0,4,5.434999999999945,2,548.1613,-3576.279199999999,72.66313642351541,0,0,527,527,8 + shareholders & share market,sumsy,1,-2.3283064365386963e-10
21,512,4,4,64417.182700000005,0.0,7001.981500000004,131.6678,4045.5837999999994,,4045.5837999999994,0.0,0.0,0.0,0.0,0.0,0.0025,502.3968,0.0,0.0,1.0,472.85670000000033,0.0,0.0,0.0,1.0,0.0,0.0,1.0,0.0,0,0,187.7975548270253,3.405122610871442,191.2026774378967,44.30883402254454,2.7789164672669693,47.087750489811505,0.0,0.0,0.0,0.0,0,0,0.0,0.0,0.0,1.0,1.0,0.0,0.0,0.0,0.0,0.5,0.25,0.0,-754.4806767495339,0.0,131,2560.0,1012.6179000000006,1396.4082,505.0057000000001,0.0,0.0,0.0,0.0,0.0,61,547.705,2560.0,1012.6179000000006,505.0057000000001,274.0,0.0,0.0,0.015,4.220271764705887,5.063720631970252,3.557031562499997,1.6201666666666668,3.2950972066734545,10.84370089283332,1076.0,1105.0,538.0,2045.3333333333335,1538.0,204.0,127,0,0,1,62,56.0,2048.0,47082.975699999995,3148.671,8956.7487,233,535,0,57,0.5100582154884843,0.6671394418885122,0.45531281390790523,0,6969.759500000016,4663.400300000006,62,0,640.0,0,0,0,0.0,0,0.0,153743.88299892674,0.0,0,0,0,1.5,0,0.0,0,0,0.0,0,0.0,0,0,2276.500199999998,256.0,4178.6855,4,199.3998,199.40079999999944,1.398891706110985,5120.0,51.015625,0.8514014752642703,1,0,0.0,0,39.53913835940676,2612.0,391,2.6116791255942324,0,0,0,0.0,0.0,0.0,0.0,0.0,0.0,0.0,0.0,0,0,0,0,127,0.0,0,12,0.0,0,0.0,1440.0,1409.4787999999992,8867.25589344627,0.0,8867.25589344627,0.0,199.3998,37064.59680000001,16284.105199999998,0.6692116360601037,455,118286.90041602883,57,35456.98258289776,4,0.0,4,0.0,2,547.705,-3543.1869999999994,70.0747925985734,0,0,538,538,8 + shareholders & share market,sumsy,1,-2.3283064365386963e-10
22,512,4,4,65931.59500000007,0.0,6282.1600000000035,173.24970000000008,4009.7031999999995,,4009.7031999999995,0.0,0.0,0.0,0.0,0.0,0.0025,518.5681,0.0,0.0,1.0,473.5146000000004,0.0,0.0,0.0,1.0,0.0,0.0,1.0,0.0,0,0,188.27484359591116,3.224645694907433,191.4994892908186,44.445533105246504,2.662866102944952,47.10839920819145,0.0,0.0,0.0,0.0,0,0,0.0,0.0,0.0,1.0,1.0,0.0,0.0,0.0,0.0,0.5,0.25,0.0,-779.6687194600671,0.0,137,2560.0,1045.5876999999998,4061.3816999999995,521.3853999999998,0.0,0.0,0.0,0.0,0.0,19,547.9357,2560.0,1045.5876999999998,521.3853999999998,274.0,0.0,0.0,0.015,4.444035033050054,5.202069797421751,3.667519687500005,1.744075,3.5441454728682014,10.518389866048322,1086.0,1059.0,543.0,2046.6666666666665,1548.0,204.0,125,0,0,0,51,40.0,2048.0,47637.487100000086,4094.9447,9021.0916,233,535,0,57,0.5115759639758644,0.6678182834386162,0.44057602263126894,0,7384.025499999995,4706.233100000007,51,0,640.0,0,0,0,0.0,0,0.0,156204.30329012548,0.0,0,0,0,1.5,0,0.0,0,0,0.0,0,0.0,0,0,2347.212600000003,256.0,4111.5678,4,189.78839999999997,189.78869999999978,1.398891706110985,5120.0,51.015625,0.9729590549045138,0,0,0.0,0,0.0,2612.0,391,2.6471166240520403,0,0,0,0.0,0.0,0.0,0.0,0.0,0.0,0.0,0.0,0,0,0,0,125,0.0,0,12,0.0,0,0.0,1440.0,1403.0376000000003,8507.442808821655,0.0,8507.442808821655,0.0,189.78839999999997,37446.90530000003,17227.6041,0.6700065888918039,455,118214.35951602874,57,37989.943774096835,4,0.0,4,0.0,2,547.9357,-3491.1350999999995,81.00833333333334,0,0,543,543,8 + shareholders & share market,sumsy,1,-2.3283064365386963e-10
23,512,4,4,67417.92009999993,0.0,5747.602199999998,175.2128,3985.2974999999997,,3985.2974999999997,0.0,0.0,0.0,0.0,0.0,0.0025,532.1987,0.0,0.0,1.0,498.62190000000044,0.0,0.0,0.0,1.0,0.0,0.0,1.0,0.0,0,0,178.97412070374423,3.034764677965424,182.00888538170966,41.804208622440534,2.62024659132062,44.424455213761156,0.0,0.0,0.0,0.0,0,0,0.0,0.0,0.0,1.0,1.0,0.0,0.0,0.0,0.0,0.5,0.25,0.0,-800.128198472413,0.0,139,2560.0,1073.674900000001,2285.601599999999,535.2909000000003,0.0,0.0,0.0,0.0,0.0,34,545.6875,2560.0,1073.674900000001,535.2909000000003,274.0,0.0,0.0,0.015,4.634320692883896,5.506578398510234,3.793544375000001,1.7822,3.6958938350964856,10.202838170066872,1074.0,1068.0,537.0,2048.0,1536.0,204.0,127,0,0,2,49,37.0,2048.0,47882.449799999944,5147.3727,9303.9366,233,535,0,57,0.5070563359185236,0.6678900508986374,0.4317459512800008,0,7561.695999999996,4949.454500000001,49,0,640.0,0,0,0,0.0,0,0.0,157385.93217345892,0.0,0,0,0,1.5,0,0.0,0,0,0.0,0,0.0,0,0,2427.8684000000007,256.0,4006.2748,4,156.47480000000002,156.4718999999998,1.398891706110985,5120.0,51.015625,1.0554390681966146,0,0,0.0,0,0.0,2612.0,391,2.6784032652447025,0,0,0,0.0,0.0,0.0,0.0,0.0,0.0,0.0,0.0,0,0,0,0,127,0.0,0,12,0.0,0,0.0,1440.0,1390.3141999999993,8158.166682227786,0.0,8158.166682227786,0.0,156.47480000000002,37590.335,18457.5841,0.6701555027318558,455,118007.34071602882,57,39378.59145743017,4,0.0,4,0.0,2,545.6875,-3453.0987999999998,87.20375,0,0,537,537,8 + shareholders & share market,sumsy,1,-2.3283064365386963e-10
24,512,4,4,68874.71630000001,0.0,5465.891900000001,153.863,3970.5646999999994,,3970.5646999999994,0.0,0.0,0.0,0.0,0.0,0.0025,546.4111,0.0,0.0,1.0,519.9704999999997,0.0,0.0,0.0,1.0,0.0,0.0,1.0,0.0,0,0,193.32023105283153,2.9283492396850455,196.24858029251658,39.43332827533881,2.549469194326483,41.98279746966529,0.0,0.0,0.0,0.0,0,0,0.0,0.0,0.0,1.0,1.0,0.0,0.0,0.0,0.0,0.5,0.25,0.0,-818.1509598705309,0.0,143,2560.0,1103.2038000000005,2999.3920000000003,549.8720999999998,0.0,0.0,0.0,0.0,0.0,75,543.8081,2560.0,1103.2038000000005,549.8720999999998,274.0,0.0,0.0,0.015,4.767419090909088,5.6651810055866045,3.896852499999999,1.87175,3.821578134814376,9.896753024964866,1074.0,1100.0,537.0,2045.3333333333333,1536.0000000000002,204.0,127,0,0,2,64,51.0,2048.0,47673.93940000001,6476.6289,9765.2358,233,535,0,57,0.500184176086975,0.6816498225897727,0.43835423725602385,0,7759.807399999995,5244.160999999996,64,0,640.0,0,0,0,0.0,0,0.0,170710.4826555742,0.0,0,0,0,1.5,0,0.0,0,0,0.0,0,0.0,0,0,2493.9855999999995,256.0,3868.6929999999998,4,127.7663,127.76740000000021,1.6158212948498418,5120.0,51.015625,1.103254383138021,3,0,0.0,0,62.76524200493622,2612.0,391,2.7450947544107596,0,0,0,0.0,0.0,0.0,0.0,0.0,0.0,0.0,0.0,0,0,0,0,127,0.0,0,12,0.0,0,0.0,1440.0,1375.2570999999996,7408.527236680862,0.0,7408.527236680862,0.0,127.7663,37674.00539999997,20110.5577,0.683826657455078,455,131278.48582041686,57,39431.996835157544,4,0.0,4,0.0,2,543.8081,-3424.1535999999996,89.11,0,0,537,537,8 + shareholders & share market,sumsy,1,-2.3283064365386963e-10
25,512,4,4,70304.08589999998,0.0,5470.4250999999995,170.2743,3956.8648999999996,,3956.8648999999996,0.0,0.0,0.0,0.0,0.0,0.0025,559.5686,0.0,0.0,1.0,534.9032999999997,0.0,0.0,0.0,1.0,0.0,0.0,1.0,0.0,1,0,194.95794071706877,2.889894329453419,197.84783504652216,37.18630471520015,2.630300352985306,39.81660506818546,0.0,0.0,0.0,0.0,0,0,0.0,0.0,0.0,1.0,1.0,0.0,0.0,0.0,0.0,0.5,0.25,0.0,-835.2921217752919,0.0,147,2560.0,1130.6303999999996,2922.624800000001,563.3992999999996,0.0,0.0,0.0,0.0,0.0,77,542.6967999999999,2560.0,1130.6303999999996,563.3992999999996,274.0,0.0,0.0,0.015,4.950601160541586,5.879674491682071,4.000650312500002,1.9794666666666665,3.9446470781519762,9.599850434215918,1082.0,1034.0,541.0,2045.3333333333333,1544.0,204.0,125,0,0,1,35,27.0,2048.0,47467.415500000025,8059.4228,9976.5911,233,535,0,57,0.49148626754333,0.681976392294944,0.45348059856198386,0,7994.932399999994,5118.9216,35,0,640.0,0,0,0,0.0,0,0.0,176738.94088865203,0.0,0,0,0,1.5,0,0.0,0,0,0.0,0,0.0,0,0,2560.4162000000015,256.0,3698.3911,4,97.53380000000001,97.5354999999999,1.6998920050236295,5120.0,51.015625,1.168680297851563,1,0,0.0,0,24.195731273580247,2612.0,391,2.7656033121744787,0,0,0,0.0,0.0,0.0,0.0,0.0,0.0,0.0,0.0,0,0,0,0,125,0.0,0,12,0.0,0,0.0,1440.0,1373.1212,6601.267747674523,0.0,6601.267747674523,0.0,97.53380000000001,37490.37199999998,21734.405000000002,0.6842334440092781,455,135985.75750746313,57,40753.183381188705,4,0.0,4,0.0,2,542.6967999999999,-3397.2962999999995,93.5875,0,0,541,541,8 + shareholders & share market,sumsy,1,-2.3283064365386963e-10
26,512,4,4,71704.02309999993,0.0,5572.602499999997,251.95119999999994,3952.0268999999994,,3952.0268999999994,0.0,0.0,0.0,0.0,0.0,0.0025,573.6467,0.0,0.0,1.0,555.4562999999999,0.0,0.0,0.0,1.0,0.0,0.0,1.0,0.0,0,0,188.02110259672477,2.6050325931797618,190.62613518990455,34.73077751069947,2.480570599012074,37.211348109711544,0.0,0.0,0.0,0.0,0,0,0.0,0.0,0.0,1.0,1.0,0.0,0.0,0.0,0.0,0.5,0.25,0.0,-851.1524165585547,0.0,149,2560.0,1160.0627999999995,2510.6757,577.9034,0.0,0.0,0.0,0.0,0.0,83,541.6949,2560.0,1160.0627999999995,577.9034,274.0,0.0,0.0,0.015,5.079430064161322,6.1145256603773674,4.095041406250003,NaN,4.141868057520424,9.311854921189441,1060.0,1091.0,530.0,2046.6666666666667,1522.0,204.0,131,0,0,1,53,42.0,2048.0,47006.01059999997,9577.5561,10525.871,233,535,0,57,0.489326213538928,0.6823886368183301,0.44516385791258184,0,8205.525400000002,5541.658200000003,53,0,640.0,0,0,0,0.0,0,0.0,177560.34345531825,0.0,0,0,0,1.5,0,0.0,0,0,0.0,0,0.0,0,0,2620.8265000000015,256.0,3479.2438,4,112.4212,112.42379999999999,1.6998920050236295,5120.0,51.015625,1.2456608761935763,0,0,0.0,0,0.0,2612.0,391,2.8280745578342015,0,0,0,0.0,0.0,0.0,0.0,0.0,0.0,0.0,0.0,0,0,0,0,131,0.0,0,12,0.0,0,0.0,1440.0,1455.6108,5094.8002960361355,0.0,5094.8002960361355,0.0,112.4212,36895.3999,23582.670899999997,0.6846993870209499,455,135686.50330746314,57,41873.840147855335,4,0.0,4,0.0,2,541.6949,-3378.3801999999996,98.97333333333333,0,0,530,530,8 + shareholders & share market,sumsy,1,-2.3283064365386963e-10
27,512,4,4,73075.5401,0.0,5849.807676424985,164.7661,3947.6815999999994,,3947.6815999999994,0.0,0.0,0.0,0.0,0.0,0.0025,587.2547,0.0,0.0,1.0,569.9096999999996,0.0,0.0,0.0,1.0,0.0,0.0,1.0,0.0,1,0,182.70124980316456,2.6316418112581164,185.3328916144227,32.91297580866147,2.3997935160755057,35.312769324736976,0.0,0.0,0.0,0.0,0,0,0.0,0.0,0.0,1.0,1.0,0.0,0.0,0.0,0.0,0.5,0.25,0.0,-867.9660653957632,0.0,152,2560.0,1188.4829999999997,3734.9076999999997,591.9137000000003,0.0,0.0,0.0,0.0,0.0,83,541.8468,2560.0,1188.4829999999997,591.9137000000003,274.0,0.0,0.0,0.015,5.218040838650861,6.147823420074325,4.195102031250003,NaN,4.2715494494141035,9.032499273553755,1076.0,1097.0,538.0,2046.6666666666665,1538.0,204.0,127,0,0,2,63,54.0,2048.0,46673.89539999995,10916.0436,11138.061699999998,230,538,0,54,0.48155908352486443,0.6811245179212113,0.4443112821401618,1,8478.07209999999,5724.190799999995,63,0,640.0,0,0,0,0.0,0,0.0,175629.24343147056,0.0,0,0,0,1.5,0,0.0,0,0,0.0,0,0.0,0,0,2684.8653000000018,256.0,3218.4379,4,213.27929999999998,213.27840000000003,1.7110608886034582,5120.0,51.0205078125,1.1867197237812943,4,0,0.0,0,45.607986745155614,2612.25,391,2.6709043781008055,0,0,0,0.0,0.0,0.0,0.0,0.0,0.0,0.0,0.0,0,0,0,0,127,0.0,0,12,0.0,0,0.0,1440.0,1473.3779000000006,5549.038794774877,0.0,5549.038794774877,0.0,213.27929999999998,36926.03099999998,25272.5432,0.6834613667076728,458,137074.24866820022,54,38554.99476327017,4,0.0,4,0.0,2,541.8468,-3360.4268999999995,89.04582547499574,0,0,538,538,8 + shareholders & share market,sumsy,1,-2.3283064365386963e-10
28,512,4,4,74419.97089999999,0.0,5982.2018999999955,299.30899999999997,3945.6235999999994,,3945.6235999999994,0.0,0.0,0.0,0.0,0.0,0.0025,600.3873,0.0,0.0,1.0,585.4646999999995,0.0,0.0,0.0,1.0,0.0,0.0,1.0,0.0,1,0,178.3057706533755,2.4953519095327232,180.8011225629082,31.463498781484454,2.4010886113746768,33.86458739285913,0.0,0.0,0.0,0.0,0,0,0.0,0.0,0.0,1.0,1.0,0.0,0.0,0.0,0.0,0.5,0.25,0.0,-884.5835682377727,0.0,155,2560.0,1215.5691999999992,2835.9868000000006,605.3190000000002,0.0,0.0,0.0,0.0,0.0,83,542.1408,2560.0,1215.5691999999992,605.3190000000002,274.0,0.0,0.0,0.015,5.380949290444659,6.234174723247215,4.308587343750003,NaN,4.4355157926455195,8.761524295347142,1084.0,1057.0,542.0,2045.3333333333335,1546.0,204.0,124,0,0,1,53,35.0,2048.0,47000.54589999996,11798.6782,11578.0447,226,542,0,53,0.47600935647872555,0.6797843735201057,0.4556879687535673,0,8759.640099999988,5687.663400000004,53,0,640.0,0,0,0,0.0,0,0.0,175033.16508598434,0.0,0,0,0,1.5,0,0.0,0,0,0.0,0,0.0,0,0,2757.4959000000017,256.0,2900.174,4,271.9875,271.98649999999986,1.7120938205607776,5120.0,51.017252604166664,1.1839217064850442,3,0,0.0,0,14.362090255154357,2612.0833333333335,391,2.6490288337960135,0,0,0,0.0,0.0,0.0,0.0,0.0,0.0,0.0,0.0,0,0,0,0,124,0.0,0,12,0.0,0,0.0,1440.0,1586.0337999999997,5744.231562938219,0.0,5744.231562938219,0.0,271.9875,37111.01069999995,26276.8969,0.6821773844431605,459,137582.03150962474,53,37451.13357635957,4,0.0,4,0.0,2,542.1408,-3345.2362999999996,86.19378827756664,0,0,542,542,8 + shareholders & share market,sumsy,1,-2.3283064365386963e-10
29,512,4,4,75736.47069999996,0.0,6106.121499999995,290.4679,3948.9793999999997,,3948.9793999999997,0.0,0.0,0.0,0.0,0.0,0.0025,613.9153,0.0,0.0,1.0,603.7431000000004,0.0,0.0,0.0,1.0,0.0,0.0,1.0,0.0,1,0,174.3915414370642,2.292057422486362,176.68359885955059,30.016362684742763,2.2694929484420188,32.28585563318478,0.0,0.0,0.0,0.0,0,0,0.0,0.0,0.0,1.0,1.0,0.0,0.0,0.0,0.0,0.5,0.25,0.0,-902.4102826042605,0.0,160,2560.0,1243.5001999999972,4004.0620999999987,619.1379999999997,0.0,0.0,0.0,0.0,0.0,82,543.0451,2560.0,1243.5001999999972,619.1379999999997,274.0,0.0,0.0,0.015,5.468881255771006,6.327729444444474,4.467127500000004,NaN,4.606262825586595,8.49867856648673,1080.0,1083.0,540.0,2046.6666666666665,1542.0,204.0,126,0,0,1,51,44.0,2048.0,47228.88609999999,12632.6657,12154.4303,226,542,0,53,0.46917752289839454,0.6810607933240611,0.46649815044340315,0,8999.707599999994,5922.7984,51,0,640.0,0,0,0,0.0,0,0.0,175681.61642763563,0.0,0,0,0,1.5,0,0.0,0,0,0.0,0,0.0,0,0,2858.9616000000024,256.0,2563.5282,4,343.9921,343.9926,1.7289334910276215,5120.0,51.015625,1.1877902545891983,1,0,0.0,0,3.8050308711307963,2612.0,391,2.681793660717062,0,0,0,0.0,0.0,0.0,0.0,0.0,0.0,0.0,0.0,0,0,0,0,126,0.0,0,12,0.0,0,0.0,1440.0,1674.4032000000007,5973.41626449799,0.0,5973.41626449799,0.0,343.9921,37573.33080000003,27350.624200000002,0.6812841897448352,459,138582.19042128994,53,37099.426006345544,4,278.2474999999995,4,0.0,2,543.0451,-3335.0640999999996,84.62662849070176,0,0,540,540,8 + shareholders & share market,sumsy,1,-2.3283064365386963e-10
30,512,4,4,77026.82930000007,0.0,6226.524700000012,287.609,3948.6261999999997,,3948.6261999999997,0.0,0.0,0.0,0.0,0.0,0.0025,626.6002,0.0,0.0,1.0,613.6065000000002,0.0,0.0,0.0,1.0,0.0,0.0,1.0,0.0,1,0,171.29708887152148,2.2157897123662216,173.51287858388773,28.780218958659816,2.2799121144372254,31.060131073097043,0.0,0.0,0.0,0.0,0,0,0.0,0.0,0.0,1.0,1.0,0.0,0.0,0.0,0.0,0.5,0.25,0.0,-921.4105463153886,0.0,165,2560.0,1269.641399999998,3266.0919,632.079799999999,0.0,0.0,0.0,0.0,0.0,86,544.3247,2560.0,1269.641399999998,632.079799999999,274.0,0.0,0.0,0.015,5.578579489603017,6.5077233644859325,4.60792453125,NaN,4.6411010075484125,8.243718209492128,1070.0,1058.0,535.0,2046.6666666666667,1532.0,204.0,128,0,0,1,46,33.0,2048.0,47465.92039999998,13414.307,12617.2542,226,542,0,53,0.465115248944022,0.6800546989862155,0.46549061242399103,1,9002.586500000001,5902.137099999993,46,0,640.0,0,0,0,0.0,0,0.0,175310.9659178377,0.0,0,0,0,1.5,0,0.0,0,0,0.0,0,0.0,0,0,2949.0717,256.0,2358.4228,4,418.7785,418.77790000000005,1.7289334910276215,5120.0,51.015625,1.1913507972791957,0,0,0.0,0,0.0,2612.0,391,2.7429503975448877,0,0,0,0.0,0.0,0.0,0.0,0.0,0.0,0.0,0.0,0,0,0,0,128,0.0,0,12,0.0,0,0.0,1440.0,1743.268099999999,6110.9904434503715,0.0,6110.9904434503715,0.0,418.7785,37732.90100000001,28389.984,0.6791609699185321,459,138779.53132129012,53,36531.4345965474,4,552.1121000000003,4,0.0,2,544.3247,-3322.026,83.08796251814354,0,0,535,535,8 + shareholders & share market,sumsy,1,-2.3283064365386963e-10
31,512,4,4,78293.90080000015,0.0,6304.646800000001,256.9081,3947.8465999999994,,3947.8465999999994,0.0,0.0,0.0,0.0,0.0,0.0025,637.9111,0.0,0.0,1.0,625.9179000000001,0.0,0.0,0.0,1.0,0.0,0.0,1.0,0.0,0,0,167.48928164848923,2.3176430594119877,169.8069247079012,27.260810975952268,2.520613916902322,29.78142489285459,0.0,0.0,0.0,0.0,0,0,0.0,0.0,0.0,1.0,1.0,0.0,0.0,0.0,0.0,0.5,0.25,0.0,-942.0154475581354,0.0,169,2560.0,1292.9285,4055.4562,643.6136999999998,0.0,0.0,0.0,0.0,0.0,83,546.0032,2560.0,1292.9285,643.6136999999998,274.0,0.0,0.0,0.015,5.564870727101034,6.5019351401869026,4.739146093749997,NaN,4.656028515274255,7.996406663207364,1070.0,1059.0,535.0,2046.6666666666667,1532.0,204.0,128,0,0,0,44,24.0,2048.0,47682.74480000007,14095.1004,13016.6904,226,542,0,53,0.45450008996067437,0.6779585981835217,0.46872436474406,0,9023.816100000004,5893.198099999994,44,0,640.0,0,0,0,0.0,0,0.0,174972.13942639923,0.0,0,0,0,1.5,0,0.0,0,0,0.0,0,0.0,0,0,3033.053499999998,256.0,2315.4509,4,495.93710000000004,495.9370000000001,1.7289334910276215,5120.0,51.015625,1.1951239173416863,0,0,0.0,0,0.0,2612.0,391,3.808975401255712,0,0,0,0.0,0.0,0.0,0.0,0.0,0.0,0.0,0.0,0,0,0,0,128,0.0,0,12,0.0,0,0.0,1440.0,1752.4705999999999,6126.087390912304,0.0,6126.087390912304,0.0,495.93710000000004,37953.525499999996,29427.241699999995,0.6765199457473638,459,139033.96842129002,53,35938.171005109216,4,780.8954999999987,4,0.0,2,546.0032,-3309.9354999999996,81.57727229054096,0,0,535,535,8 + shareholders & share market,sumsy,1,-2.3283064365386963e-10
32,512,4,4,79534.77009999998,0.0,6384.203600000008,280.4539,3932.0329999999994,,3932.0329999999994,0.0,0.0,0.0,0.0,0.0,0.0025,650.6692,0.0,0.0,1.0,624.3777000000005,0.0,0.0,0.0,1.0,0.0,0.0,1.0,0.0,0,0,168.1089754028219,2.2417227110507385,170.35069811387262,26.893574889029342,2.498097950265351,29.391672839294692,0.0,0.0,0.0,0.0,0,0,0.0,0.0,0.0,1.0,1.0,0.0,0.0,0.0,0.0,0.5,0.25,0.0,-965.7269620159674,0.0,171,2560.0,1319.1307000000006,1471.1989999999998,656.6001999999997,0.0,0.0,0.0,0.0,0.0,67,548.3947000000001,2560.0,1319.1307000000006,656.6001999999997,274.0,0.0,0.0,0.015,5.553420460829499,6.469629775280885,4.859252187499993,NaN,4.601990650706366,7.7565144633111425,1068.0,1085.0,534.0,2048.0,1530.0,204.0,129,0,0,2,51,36.0,2048.0,47685.68510000008,14658.6187,13558.38,226,542,0,53,0.4503870565008212,0.6778758412306016,0.435651294538107,0,8931.111699999996,6025.461200000006,51,0,640.0,0,0,0,0.0,0,0.0,174408.39169844167,0.0,0,0,0,1.5,0,0.0,0,0,0.0,0,0.0,0,0,3109.9213999999956,256.0,2433.0224,4,565.2008000000001,565.2006999999998,1.7289334910276215,5120.0,51.015625,1.2021589004496782,0,0,0.0,0,0.0,2612.0,391,3.8803480045803114,0,0,0,0.0,0.0,0.0,0.0,0.0,0.0,0.0,0.0,0,0,0,0,129,0.0,0,12,0.0,0,0.0,1440.0,1780.7553999999993,5459.485275779402,0.0,5459.485275779402,0.0,565.2008000000001,37900.19460000002,30650.0211,0.6760315028003994,459,138960.47392129005,53,35447.91777715171,4,1020.3789000000015,4,0.0,2,548.3947000000001,-3281.363799999999,80.09404915798565,0,0,534,534,8 + shareholders & share market,sumsy,1,-2.3283064365386963e-10
33,512,4,4,80750.73689999987,0.0,6345.837800000001,189.22140000000002,3899.1688999999997,,3899.1688999999997,0.0,0.0,0.0,0.0,0.0,0.0025,662.8199,0.0,0.0,1.0,623.0924999999992,0.0,0.0,0.0,1.0,0.0,0.0,1.0,0.0,0,0,168.71652646647675,2.3361937008014015,171.05272016727812,26.49301489381848,2.513041745968542,29.00605663978702,0.0,0.0,0.0,0.0,0,0,0.0,0.0,0.0,1.0,1.0,0.0,0.0,0.0,0.0,0.5,0.25,0.0,-993.5319347013242,0.0,173,2560.0,1344.0331999999994,1030.1084,668.9509999999998,0.0,0.0,0.0,0.0,0.0,19,551.5763,2560.0,1344.0331999999994,668.9509999999998,274.0,0.0,0.0,0.015,5.5433191549295815,6.428764059590297,4.98570296875,NaN,4.541483035398276,7.523819029411808,1074.0,1065.0,537.0,2045.3333333333333,1536.0000000000002,204.0,127,0,0,0,45,32.0,2048.0,47653.73930000003,15233.429900000001,13951.0373,226,542,0,53,0.44562945953871536,0.6779575092175283,0.4363869487823635,0,8866.560800000003,5903.634900000005,45,0,640.0,0,0,0,0.0,0,0.0,173899.92456917427,0.0,0,0,0,1.5,0,0.0,0,0,0.0,0,0.0,0,0,3190.8499,256.0,2698.1342,4,639.672,639.6706999999998,1.7289334910276215,5120.0,51.015625,1.2095913020111047,0,0,0.0,0,0.0,2612.0,391,3.939505487414497,0,0,0,0.0,0.0,0.0,0.0,0.0,0.0,0.0,0.0,0,0,0,0,127,0.0,0,12,0.0,0,0.0,1440.0,1770.791500000001,4721.5378260079515,0.0,4721.5378260079515,0.0,639.672,37953.31810000003,31882.6014,0.6759870452892001,459,139080.37642129013,53,34819.548147884336,4,1154.607,4,0.0,2,551.5763,-3236.3489999999997,78.63779371874956,0,0,537,537,8 + shareholders & share market,sumsy,1,-2.3283064365386963e-10
34,512,4,4,81940.80060000019,0.0,6433.615499999995,335.7958,3850.1803999999997,,3850.1803999999997,0.0,0.0,0.0,0.0,0.0,0.0025,675.5249,0.0,0.0,1.0,621.9603999999994,0.0,0.0,0.0,1.0,0.0,0.0,1.0,0.0,1,0,169.534899448094,2.1120862632111947,171.6469857113052,26.818772567707775,2.3301248095573817,29.148897377265158,0.0,0.0,0.0,0.0,0,0,0.0,0.0,0.0,1.0,1.0,0.0,0.0,0.0,0.0,0.5,0.25,0.0,-1024.2567668044219,0.0,180,2560.0,1369.9363000000005,2813.6402000000007,681.8200000000003,0.0,0.0,0.0,0.0,0.0,19,554.4381000000001,2560.0,1369.9363000000005,681.8200000000003,274.0,0.0,0.0,0.015,5.467954394079563,6.329347003745353,5.104031250000001,NaN,4.4842207249562644,7.298104458529452,1068.0,1081.0,534.0,2048.0,1530.0,204.0,129,0,0,0,54,35.0,2048.0,47636.62719999996,15550.825700000001,14425.780200000001,226,542,0,53,0.4553154091460574,0.6817258216819193,0.4470846427651731,0,8750.590700000002,5910.858700000008,54,0,640.0,0,0,0,0.0,0,0.0,173253.88382589386,0.0,0,0,0,1.5,0,0.0,0,0,0.0,0,0.0,0,0,3266.580000000001,256.0,3097.6044999999995,4,698.3777,698.3788000000003,1.7289334910276215,5120.0,51.015625,1.2165904261542264,0,0,0.0,0,0.0,2612.0,391,4.052825399630081,0,0,0,0.0,0.0,0.0,0.0,0.0,0.0,0.0,0.0,0,0,0,0,129,0.0,0,12,0.0,0,0.0,1440.0,1859.7965000000004,3538.8101173575697,0.0,3538.8101173575697,0.0,698.3777,37813.91409999997,33074.210399999996,0.6794434309062869,459,138901.80212129024,53,34352.08170460367,4,1425.9483,4,0.0,2,554.4381000000001,-3174.6555,77.20801565113592,0,0,534,534,8 + shareholders & share market,sumsy,1,-2.3283064365386963e-10
35,512,4,4,83109.26540000012,0.0,6407.164499999995,261.0348000000001,3775.3612999999996,,3775.3612999999996,0.0,0.0,0.0,0.0,0.0,0.0025,686.1115,0.0,0.0,1.0,613.5043999999997,0.0,0.0,0.0,1.0,0.0,0.0,1.0,0.0,0,0,171.6546686228708,2.537043056994773,174.19171167986556,27.156842535367264,2.630419474797271,29.787262010164536,0.0,0.0,0.0,0.0,0,0,0.0,0.0,0.0,1.0,1.0,0.0,0.0,0.0,0.0,0.5,0.25,0.0,-1061.1539668044204,0.0,182,2560.0,1391.5351999999957,767.8293,692.549399999999,0.0,0.0,0.0,0.0,0.0,17,558.7362,2560.0,1391.5351999999957,692.549399999999,274.0,0.0,0.0,0.015,5.41316207865168,6.267674074074057,5.231118906250009,NaN,4.391584619335745,7.07916132477357,1080.0,1068.0,540.0,2048.0,1542.0,204.0,126,0,0,1,46,34.0,2048.0,47594.83059999997,15912.060300000001,14752.9227,226,542,0,53,0.44907960986464546,0.6797553729992007,0.42293274981105755,0,8664.835999999992,5781.257099999993,46,0,640.0,0,0,0,0.0,0,0.0,172651.6031706728,0.0,0,0,0,1.5,0,0.0,0,0,0.0,0,0.0,0,0,3347.916100000006,256.0,3604.6040999999996,4,776.2152,776.2155000000014,1.7289334910276215,5120.0,51.015625,1.223880199922303,0,0,0.0,0,0.0,2612.0,391,4.167211560978537,0,0,0,0.0,0.0,0.0,0.0,0.0,0.0,0.0,0.0,0,0,0,0,126,0.0,0,12,0.0,0,0.0,1440.0,1922.7841000000014,2820.0236996882195,0.0,2820.0236996882195,0.0,776.2152,37914.09190000002,34269.587100000004,0.6774124436515985,459,139016.23572129014,53,33635.36744938265,4,1605.7389999999996,4,0.0,2,558.7362,-3089.2497999999996,75.80423354838798,0,0,540,540,8 + shareholders & share market,sumsy,1,-2.3283064365386963e-10
36,512,4,4,84252.9627,0.0,6612.4198,519.2329,3680.5624,,3680.5624,0.0,0.0,0.0,0.0,0.0,0.0025,698.2704,0.0,0.0,1.0,607.3589999999998,0.0,0.0,0.0,1.0,0.0,0.0,1.0,0.0,1,0,174.14824716387372,2.218782628490435,176.36702979236415,28.10261553871474,2.5093806755383428,30.611996214253082,0.0,0.0,0.0,0.0,0,0,0.0,0.0,0.0,1.0,1.0,0.0,0.0,0.0,0.0,0.5,0.25,0.0,-1101.9154294969956,0.0,183,2560.0,1416.3027000000022,1102.7625,704.8575000000003,0.0,0.0,0.0,0.0,0.0,16,562.6095,2560.0,1416.3027000000022,704.8575000000003,274.0,0.0,0.0,0.015,5.3251454883720895,6.154500374531857,5.345977187500003,NaN,4.323605023022705,6.866786485030361,1068.0,1075.0,534.0,2046.6666666666667,1530.0,204.0,129,0,0,2,45,42.0,2048.0,47437.831199999986,15935.4683,15449.58,226,542,0,53,0.4573792310026068,0.6832338554375676,0.44299634811804545,0,8510.080099999992,5724.531399999996,45,0,640.0,0,0,0,0.0,0,0.0,171986.99038372823,0.0,0,0,0,1.5,0,0.0,0,0,0.0,0,0.0,0,0,3421.425400000002,256.0,4169.2033,4,881.5334,881.5324000000003,1.7289334910276215,5120.0,51.015625,1.2277022756848421,0,0,0.0,0,0.0,2612.0,391,4.21268056977616,0,0,0,0.0,0.0,0.0,0.0,0.0,0.0,0.0,0.0,0,0,0,0,129,0.0,0,12,0.0,0,0.0,1440.0,1917.0024999999985,1626.5524268425033,0.0,1626.5524268425033,0.0,881.5334,37894.93889999999,35554.251599999996,0.6809199810509754,459,138649.47292129017,53,33337.51746243834,4,2030.675799999999,4,0.0,2,562.6095,-2982.292,74.4259747565991,0,0,534,534,8 + shareholders & share market,sumsy,1,-2.3283064365386963e-10
37,512,4,4,85374.70870000003,0.0,6603.2204,347.12649999999996,3559.4016999999994,,3559.4016999999994,0.0,0.0,0.0,0.0,0.0,0.0025,709.0732,0.0,0.0,1.0,597.4803,0.0,0.0,0.0,1.0,0.0,0.0,1.0,0.0,0,0,177.32659785143397,2.4025012704860704,179.72909912192006,28.65206335029091,2.6474756733012295,31.29953902359214,0.0,0.0,0.0,0.0,0,0,0.0,0.0,0.0,1.0,1.0,0.0,0.0,0.0,0.0,0.5,0.25,0.0,-1150.136129496997,0.0,184,2560.0,1438.2540000000006,837.9318000000001,715.7758000000001,0.0,0.0,0.0,0.0,0.0,14,567.9684,2560.0,1438.2540000000006,715.7758000000001,274.0,0.0,0.0,0.015,5.239838941398859,6.055901125703566,5.433512187500017,NaN,4.235899470197659,6.66078289047945,1066.0,1058.0,533.0,2045.3333333333335,1528.0,204.0,129,0,0,1,38,39.0,2048.0,47390.654900000016,16080.087500000001,15859.416700000002,226,542,0,53,0.4576290769431255,0.6851408624921502,0.4427497832342444,0,8369.45829999999,5543.749599999993,38,0,640.0,0,0,0,0.0,0,0.0,171438.5553093655,0.0,0,0,0,1.5,0,0.0,0,0,0.0,0,0.0,0,0,3477.447800000011,256.0,4767.508,4,1009.6815999999999,1009.6821000000016,1.7289334910276215,5120.0,51.015625,1.2324448425242855,0,0,0.0,0,0.0,2612.0,391,4.301081781612072,0,0,0,0.0,0.0,0.0,0.0,0.0,0.0,0.0,0.0,0,0,0,0,129,0.0,0,12,0.0,0,0.0,1440.0,1920.5710999999994,929.6707608728093,0.0,929.6707608728093,0.0,1009.6815999999999,38020.76009999999,36707.0122,0.6828381242624997,459,138383.14302129022,53,33055.41228807502,4,2257.544600000001,4,0.0,2,567.9684,-2850.3284999999996,73.08321203817731,0,0,533,533,8 + shareholders & share market,sumsy,1,-2.3283064365386963e-10
38,512,4,4,86472.22859999993,0.0,6389.965699999998,180.24370000000002,3414.285899999999,,3414.285899999999,0.0,0.0,0.0,0.0,0.0,0.0025,721.0182,0.0,0.0,1.0,587.9076000000002,0.0,0.0,0.0,1.0,0.0,0.0,1.0,0.0,0,0,182.91314834027875,2.097886912962903,185.01103525324166,30.273597017596714,2.4824541268150058,32.75605114441172,0.0,0.0,0.0,0.0,0,0,0.0,0.0,0.0,1.0,1.0,0.0,0.0,0.0,0.0,0.5,0.25,0.0,-1203.1893966167675,0.0,184,2560.0,1462.4800999999984,180.24370000000002,727.8326999999994,0.0,0.0,0.0,0.0,0.0,12,572.8222000000001,2560.0,1462.4800999999984,727.8326999999994,274.0,0.0,0.0,0.015,5.136639371534196,5.995292669172933,5.547861562500004,NaN,4.150537633830219,6.460959403765067,1064.0,1082.0,532.0,2046.6666666666667,1526.0,204.0,130,0,0,2,56,43.0,2048.0,47292.3948,16337.305,16139.964100000001,226,542,0,53,0.47453922748146815,0.6904579084927236,0.4262261999726418,0,8231.017700000006,5557.843800000001,56,0,640.0,0,0,0,0.0,0,0.0,172256.74527699858,0.0,0,0,0,1.5,0,0.0,0,0,0.0,0,0.0,0,0,3550.6314000000025,256.0,5408.7243,4,1175.9667000000002,1175.9639999999986,1.7520323268648275,5120.0,51.015625,1.2408265554002962,2,0,0.0,0,24.494413966952056,2612.0,391,4.460614161183991,0,0,0,0.0,0.0,0.0,0.0,0.0,0.0,0.0,0.0,0,0,0,0,130,0.0,0,12,0.0,0,0.0,1440.0,1897.2801999999997,495.5511755291777,0.0,495.5511755291777,0.0,1175.9667000000002,38254.70660000002,37885.99340000001,0.6880178185684789,459,139589.06672802387,53,32667.678548974436,4,2300.1739000000016,4,0.0,2,572.8222000000001,-2693.267699999999,71.78927705497084,0,0,532,532,8 + shareholders & share market,sumsy,1,-2.3283064365386963e-10
39,512,4,4,87547.61010000012,0.0,6223.851800000004,257.0995,3241.5816,,3241.5816,0.0,0.0,0.0,0.0,0.0,0.0025,731.9916,0.0,0.0,1.0,576.3305999999997,0.0,0.0,0.0,1.0,0.0,0.0,1.0,0.0,1,0,187.13960561880074,2.3151319850160426,189.45473760381677,31.503538972236306,2.524854047133297,34.0283930193696,0.0,0.0,0.0,0.0,0,0,0.0,0.0,0.0,1.0,1.0,0.0,0.0,0.0,0.0,0.5,0.25,0.0,-1259.7610772445312,0.0,184,2560.0,1484.6184999999991,257.0995,738.8693999999994,0.0,0.0,0.0,0.0,0.0,9,576.7624000000001,2560.0,1484.6184999999991,738.8693999999994,274.0,0.0,0.0,0.015,5.09143518867925,5.848546282527875,5.681474687499998,NaN,4.049983119301772,6.2671306216521145,1076.0,1060.0,538.0,2045.3333333333333,1538.0000000000002,204.0,126,0,0,1,47,33.0,2048.0,47355.16610000001,16468.626999999997,16311.728200000001,226,542,0,53,0.4772281597561865,0.6920242036954154,0.4376649526340739,0,8124.75059999999,5396.9213000000045,47,0,640.0,0,0,0,0.0,0,0.0,171739.32326374686,0.0,0,0,0,1.5,0,0.0,0,0,0.0,0,0.0,0,0,3636.143799999999,256.0,6103.3348000000005,4,1283.0238999999997,1283.019599999999,1.7520323268648275,5120.0,51.015625,1.2466727487810998,0,0,0.0,0,0.0,2612.0,391,4.629299640378067,0,0,0,0.0,0.0,0.0,0.0,0.0,0.0,0.0,0.0,0,0,0,0,126,0.0,0,12,0.0,0,0.0,1440.0,1955.9049999999997,178.35342723982103,0.0,178.35342723982103,0.0,1283.0238999999997,38622.52260000001,38883.689999999995,0.6896684951948187,459,139403.33272802387,53,32335.990535722693,4,2410.6471,4,0.0,2,576.7624000000001,-2509.59,70.54239425297192,0,0,538,538,8 + shareholders & share market,sumsy,1,-2.3283064365386963e-10
40,512,4,4,88601.1697,0.0,6009.184499999999,233.81360000000006,3050.9826,,3050.9826,0.0,0.0,0.0,0.0,0.0,0.0025,742.8397,0.0,0.0,1.0,571.2610999999993,0.0,0.0,0.0,1.0,0.0,0.0,1.0,0.0,1,0,189.88987650823657,2.120583629415508,192.01046013765205,32.409305493718186,2.5095593580253177,34.91886485174351,0.0,0.0,0.0,0.0,0,0,0.0,0.0,0.0,1.0,1.0,0.0,0.0,0.0,0.0,0.5,0.25,0.0,-1318.383002244531,0.0,184,2560.0,1506.4403999999977,233.81360000000006,749.7602999999992,0.0,0.0,0.0,0.0,0.0,7,579.5228999999999,2560.0,1506.4403999999977,749.7602999999992,274.0,0.0,0.0,0.015,4.950129488372095,5.749557943925217,5.779215781250007,NaN,3.985110853896755,6.079116703002551,1070.0,1075.0,535.0,2046.6666666666667,1532.0,204.0,128,0,0,2,54,32.0,2048.0,47472.167899999986,16553.7786,16431.6113,226,542,0,53,0.4831191765119687,0.695205681466369,0.42190580673920985,0,7998.376400000008,5321.389200000002,54,0,640.0,0,0,0,0.0,0,0.0,171316.05826006774,0.0,0,0,0,1.5,0,0.0,0,0,0.0,0,0.0,0,0,3698.698100000004,256.0,6821.2492999999995,4,1479.3537000000001,1479.3565999999987,1.7520323268648275,5120.0,51.015625,1.2517023328926584,0,0,0.0,0,0.0,2612.0,391,4.8830830741027835,0,0,0,0.0,0.0,0.0,0.0,0.0,0.0,0.0,0.0,0,0,0,0,128,0.0,0,12,0.0,0,0.0,1440.0,1959.5717000000009,33.16893133002941,0.0,33.16893133002941,0.0,1479.3537000000001,38954.98809999998,39806.639200000005,0.6929355687259073,459,139213.65262802408,53,32102.405632043723,4,2484.9793999999983,4,0.0,2,579.5228999999999,-2308.1429,69.34085264377295,0,0,535,535,8 + shareholders & share market,sumsy,1,-2.3283064365386963e-10
41,512,4,4,89633.7974,0.0,5727.319700000005,182.62280000000004,2847.6475999999993,,2847.6475999999993,0.0,0.0,0.0,0.0,0.0,0.0025,767.4035,0.0,0.0,1.0,555.4052000000006,0.0,0.0,0.0,1.0,0.0,0.0,1.0,0.0,0,0,196.61997221001025,2.1636583926580286,198.78363060266827,34.54693109637831,2.6021177098700776,37.14904880624839,0.0,0.0,0.0,0.0,0,0,0.0,0.0,0.0,1.0,1.0,0.0,0.0,0.0,0.0,0.5,0.25,0.0,-1377.5381022445347,0.0,184,2560.0,1527.3723,182.62280000000004,760.0561999999998,0.0,0.0,0.0,0.0,0.0,0,580.998,2560.0,1527.3723,760.0561999999998,274.0,0.0,0.0,0.015,4.956802611940299,5.633526765799243,5.902245468749998,NaN,4.150807734240572,6.954641057576885,1076.0,1072.0,538.0,2045.3333333333335,1538.0,204.0,127,0,0,1,47,34.0,2048.0,47841.30489999997,16656.189100000003,16566.984500000002,226,542,0,53,0.489294492626124,0.6982778607161693,0.4411072875288429,0,8269.711099999997,5313.692400000001,47,0,640.0,0,0,0,0.0,0,0.0,171208.70724379527,0.0,0,0,0,1.5,0,0.0,0,0,0.0,0,0.0,0,0,3777.4370999999983,256.0,7220.9174,4,1587.7448,1587.7439,1.7520323268648275,5120.0,51.015625,1.2524705871345354,0,0,0.0,0,0.0,2612.0,391,5.049509859707361,0,0,0,0.0,0.0,0.0,0.0,0.0,0.0,0.0,0.0,0,0,0,0,127,0.0,0,12,0.0,0,0.0,1440.0,1891.9244,57.34805672443281,0.0,57.34805672443281,0.0,1587.7448,39512.45419999997,40444.091,0.6960955340319415,459,139228.96782802395,53,31979.739415771255,4,2496.2623000000003,4,0.0,2,580.998,-2080.2440999999994,68.18300345672665,0,0,538,538,8 + shareholders & share market,sumsy,1,-2.3283064365386963e-10
42,512,4,4,90644.49269999999,0.0,5500.626100000004,240.34549999999996,2644.3126999999995,,2644.3126999999995,0.0,0.0,0.0,0.0,0.0,0.0025,799.4183,0.0,0.0,1.0,556.1549999999993,0.0,0.0,0.0,1.0,0.0,0.0,1.0,0.0,0,0,198.04387990909592,2.1181340193541724,200.16201392845008,36.43333201509634,2.488569153170859,38.9219011682672,0.0,0.0,0.0,0.0,0,0,0.0,0.0,0.0,1.0,1.0,0.0,0.0,0.0,0.0,0.5,0.25,0.0,-1434.0100022445379,0.0,184,2560.0,1549.3047,240.34549999999996,770.7779000000011,0.0,0.0,0.0,0.0,0.0,0,580.279,2560.0,1549.3047,770.7779000000011,274.0,0.0,0.0,0.015,5.0015493518518515,5.682954766355134,6.049069531249999,NaN,4.314795117314842,7.4951065630564715,1070.0,1080.0,535.0,2046.6666666666665,1532.0,204.0,128,0,0,0,58,32.0,2048.0,48314.59789999999,16720.862999999998,16753.979,226,542,0,53,0.5053451011640635,0.7020590168694572,0.45463285985802315,0,8485.011199999995,5401.6732999999995,58,0,640.0,0,0,0,0.0,0,0.0,171166.43564266016,0.0,0,0,0,1.5,0,0.0,0,0,0.0,0,0.0,0,0,3871.404499999999,256.0,7475.3555,4,1612.2354,1612.2386000000004,1.7520323268648275,5120.0,51.015625,1.251472481592664,0,0,0.0,0,0.0,2612.0,391,5.199533967589908,0,0,0,0.0,0.0,0.0,0.0,0.0,0.0,0.0,0.0,0,0,0,0,128,0.0,0,12,0.0,0,0.0,1440.0,1907.474299999999,0.0,0.0,0.0,0.0,1612.2354,40087.707400000036,40950.197499999995,0.6999922360848343,459,139509.61972802388,53,31656.81591463599,4,2556.1373000000003,4,0.0,2,580.279,-1844.8943999999995,67.06725787648207,0,0,535,535,8 + shareholders & share market,sumsy,1,-2.3283064365386963e-10
43,512,4,4,91633.97659999992,0.0,5307.165099999999,276.9373,2440.9778,,2440.9778,0.0,0.0,0.0,0.0,0.0,0.0025,834.1394,0.0,0.0,1.0,561.1734000000001,0.0,0.0,0.0,1.0,0.0,0.0,1.0,0.0,1,0,197.4787502738821,1.91129493674471,199.3900452106268,37.08693080019352,2.372779843870188,39.45971064406371,0.0,0.0,0.0,0.0,0,0,0.0,0.0,0.0,1.0,1.0,0.0,0.0,0.0,0.0,0.5,0.25,0.0,-1488.3476022445357,0.0,184,2560.0,1570.5161000000023,276.9373,781.1005999999999,0.0,0.0,0.0,0.0,0.0,0,579.1990000000001,2560.0,1570.5161000000023,781.1005999999999,274.0,0.0,0.0,0.015,5.128067472118959,5.824376666666667,6.244825156250004,NaN,4.389709038442154,7.693453257503464,1080.0,1076.0,540.0,2048.0,1542.0,204.0,126,0,0,2,58,28.0,2048.0,48684.16229999996,16843.0716,16950.3796,226,542,0,53,0.5080563122814263,0.7038420697133003,0.45045457780373876,0,8635.093399999996,5517.8006,58,0,640.0,0,0,0,0.0,0,0.0,171005.03044156614,0.0,0,0,0,1.5,0,0.0,0,0,0.0,0,0.0,0,0,3996.688100000002,256.0,7743.0247,4,1575.8755,1575.8749000000028,1.7520323268648275,5120.0,51.015625,1.2521371727804878,0,0,0.0,0,0.0,2612.0,391,5.3485264386877915,0,0,0,0.0,0.0,0.0,0.0,0.0,0.0,0.0,0.0,0,0,0,0,126,0.0,0,12,0.0,0,0.0,1440.0,1939.9773999999998,0.0,0.0,0.0,0.0,1575.8755,40888.9532,41536.475900000005,0.7019538759986033,459,139501.9996280239,53,31503.03081354199,4,2640.5867,4,0.0,2,579.1990000000001,-1606.8384,65.99208486279183,0,0,540,540,8 + shareholders & share market,sumsy,1,-2.3283064365386963e-10
44,512,4,4,92605.02249999999,0.0,5133.143399999998,297.639,2240.729999999999,,2240.729999999999,0.0,0.0,0.0,0.0,0.0,0.0025,864.1972,0.0,0.0,1.0,575.3668,0.0,0.0,0.0,1.0,0.0,0.0,1.0,0.0,1,0,211.99663313772763,2.0083827437024206,214.00501588143004,37.09443025285879,2.4382072280543,39.53263748091309,0.0,0.0,0.0,0.0,0,0,0.0,0.0,0.0,1.0,1.0,0.0,0.0,0.0,0.0,0.5,0.25,0.0,-1540.8402022445352,0.0,185,2560.0,1588.954099999998,297.6483,790.073099999999,0.0,0.0,0.0,0.0,0.0,2,578.0318,2560.0,1588.954099999998,790.073099999999,274.0,0.0,0.0,0.015,5.205763687150843,5.854723148148147,6.40737984375,NaN,4.509483270885252,7.910842261429452,1080.0,1074.0,540.0,2045.3333333333335,1542.0,204.0,125,0,0,1,47,32.0,2048.0,49071.14680000002,16944.0388,17163.9692,226,542,0,53,0.507405941102784,0.703638564380858,0.4652194484686314,0,8813.264300000003,5590.990200000006,47,0,640.0,0,0,0,0.0,0,0.0,185174.22247458965,0.0,0,0,0,1.5,0,0.0,0,0,0.0,0,0.0,0,0,4100.7231,256.0,7983.6387,4,1584.3813,1584.3815000000002,1.9849703797099627,5120.0,51.015625,1.2526404558086404,2,0,0.0,0,17.658762615369994,2612.0,390,5.461493089506052,0,0,0,0.0,0.0,0.0,0.0,0.0,0.0,0.0,0.0,0,0,0,0,125,0.0,0,12,0.0,0,0.0,1440.0,1984.0679000000002,58.2149105690728,0.0,58.2149105690728,0.0,1584.3813,41017.68720000002,42091.6467,0.7021179557278971,459,149973.27622931323,53,35200.946245276624,4,2732.4087999999992,4,0.0,2,578.0318,-1376.532799999999,64.9560090495994,0,0,540,540,8 + shareholders & share market,sumsy,1,-2.3283064365386963e-10
45,512,4,4,93556.62709999991,0.0,4993.098100000002,338.17519999999996,2041.845,,2041.845,0.0,0.0,0.0,0.0,0.0,0.0025,893.875,0.0,0.0,1.0,584.0877,0.0,0.0,0.0,1.0,0.0,0.0,1.0,0.0,1,0,209.65104395068064,2.0081475708080867,211.65919152148874,37.44125665842536,2.4074324658142667,39.84868912423963,0.0,0.0,0.0,0.0,0,0,0.0,0.0,0.0,1.0,1.0,0.0,0.0,0.0,0.0,0.5,0.25,0.0,-1591.77150224454,0.0,185,2560.0,1608.3954000000003,338.17519999999996,799.546,0.0,0.0,0.0,0.0,0.0,0,576.8169,2560.0,1608.3954000000003,799.546,274.0,0.0,0.0,0.015,5.307879778393345,5.967325559701468,6.629273281250005,NaN,4.628520677334851,8.153039858665814,1072.0,1083.0,536.0,2046.6666666666667,1534.0000000000002,204.0,128,0,0,1,60,32.0,2048.0,49363.870600000024,17039.3714,17449.4752,226,542,0,53,0.5115312271300341,0.7054093641446768,0.4552530385138216,0,8953.819599999999,5748.4337999999925,60,0,640.0,0,0,0,0.0,0,0.0,184920.81860021845,0.0,0,0,0,1.5,0,0.0,0,0,0.0,0,0.0,0,0,4242.734900000003,256.0,8233.217999999999,4,1622.9243,1622.9288999999976,1.9849703797099627,5120.0,51.015625,1.2547008223718017,0,0,0.0,0,0.0,2612.0,390,5.590617643017964,0,0,0,0.0,0.0,0.0,0.0,0.0,0.0,0.0,0.0,0,0,0,0,128,0.0,0,12,0.0,0,0.0,1440.0,2073.2929999999997,25.836880451426623,0.0,25.836880451426623,0.0,1622.9243,41521.3775,42722.0646,0.7041083211647965,459,149940.500029313,53,34980.3185709054,4,2849.3668000000016,4,0.0,2,576.8169,-1147.97,63.957608720523076,0,0,536,536,8 + shareholders & share market,sumsy,1,-2.3283064365386963e-10
46,512,4,4,94489.64780000004,0.0,4799.718700000005,293.84420000000006,1843.3481000000002,,1843.3481000000002,0.0,0.0,0.0,0.0,0.0,0.0025,919.1411,0.0,0.0,1.0,595.5423999999998,0.0,0.0,0.0,1.0,0.0,0.0,1.0,0.0,1,0,206.5766827429848,1.9756377306523694,208.55232047363717,38.088501751350734,2.421456317064191,40.50995806841493,0.0,0.0,0.0,0.0,0,0,0.0,0.0,0.0,1.0,1.0,0.0,0.0,0.0,0.0,0.5,0.25,0.0,-1641.4355022445457,0.0,185,2560.0,1626.9793,293.84420000000006,808.6225,0.0,0.0,0.0,0.0,0.0,0,575.7971,2560.0,1626.9793,808.6225,274.0,0.0,0.0,0.015,5.435543518518523,6.04987578558223,6.842099519230769,NaN,4.759906335805622,8.635238305262193,1082.0,1080.0,541.0,2046.6666666666667,1538.0000000000002,204.0,127,0,0,2,55,35.0,2048.0,49647.466299999985,17224.3084,17752.1681,226,542,0,53,0.5205944078898492,0.7074802520890053,0.4583081160474829,1,9169.120200000003,5870.387000000005,55,0,624.0,0,0,0,0.0,0,0.0,184727.7315612789,0.0,0,0,0,1.5,0,0.0,0,0,0.0,0,0.0,0,0,4269.4701,250.0,8370.766800000001,4,1606.9450000000002,1606.9437999999996,1.9849703797099627,5120.0,51.015625,1.2569961883302987,0,0,0.0,0,0.0,2612.0,390,5.684160861710978,0,0,0,0.0,0.0,0.0,0.0,0.0,0.0,0.0,0.0,0,0,0,0,127,0.0,0,12,0.0,0,0.0,1440.0,2038.9419999999989,51.63172599970949,0.0,51.63172599970949,0.0,1606.9450000000002,41979.07719999998,43347.24330000001,0.7063483144864617,459,150058.03182931305,53,34669.69973196581,4,2905.084899999998,4,0.0,2,575.7971,-924.2070000000001,62.995513857958564,0,0,541,541,8 + shareholders & share market,sumsy,1,-2.3283064365386963e-10
47,512,4,4,95402.40850000005,0.0,4790.7858,470.52709999999996,1653.7129,,1653.7129,0.0,0.0,0.0,0.0,0.0,0.0025,946.4284,0.0,0.0,1.0,609.8681999999999,0.0,0.0,0.0,1.0,0.0,0.0,1.0,0.0,0,0,203.27618578248772,1.6992518047872185,204.97543758727494,38.41060583850271,2.2301804954656794,40.64078633396839,0.0,0.0,0.0,0.0,0,0,0.0,0.0,0.0,1.0,1.0,0.0,0.0,0.0,0.0,0.5,0.25,0.0,-1689.2987022445454,0.0,185,2560.0,1647.2393000000013,470.52709999999996,818.5313000000008,0.0,0.0,0.0,0.0,0.0,0,574.6004,2560.0,1647.2393000000013,818.5313000000008,274.0,0.0,0.0,0.015,5.602694697674413,6.229766542750921,7.07585170648464,NaN,4.937385420420435,9.43142235826191,1076.0,1075.0,538.0,2045.3333333333333,1517.0000000000002,204.0,132,0,0,0,52,34.0,2048.0,50221.70350000003,17300.352,18077.336199999998,226,542,0,53,0.5264448509803947,0.7099769125462929,0.5044795460144689,0,9324.995700000001,6022.896799999994,52,0,586.0,0,0,0,0.0,0,0.0,184672.23269284642,0.0,0,0,0,1.5,0,0.0,0,0,0.0,0,0.0,0,0,4146.449099999999,235.0,8281.988,4,1613.4660000000001,1613.4632999999985,1.9849703797099627,5120.0,51.015625,1.254509907399301,0,0,0.0,0,0.0,2612.0,390,5.7552474386819386,0,0,0,0.0,0.0,0.0,0.0,0.0,0.0,0.0,0.0,0,0,0,0,132,0.0,0,12,0.0,0,0.0,1440.0,2256.9345,81.51665916208003,0.0,81.51665916208003,0.0,1613.4660000000001,42717.92770000008,43659.676200000016,0.7091118774461096,459,149955.11742931293,53,34717.115263533145,4,3122.7934000000005,4,0.0,2,574.6004,-707.2845,62.068404263123696,0,0,538,538,8 + shareholders & share market,sumsy,1,-2.3283064365386963e-10
48,512,4,4,96297.89979999997,0.0,4734.403100000003,424.18649999999997,1465.1108000000002,,1465.1108000000002,0.0,0.0,0.0,0.0,0.0,0.0025,962.3328,0.0,0.0,1.0,628.6209000000002,0.0,0.0,0.0,1.0,0.0,0.0,1.0,0.0,1,0,200.63652519392113,1.9723834931557984,202.60890868707693,37.59954975355996,2.2494994825901933,39.84904923615016,0.0,0.0,0.0,0.0,0,0,0.0,0.0,0.0,1.0,1.0,0.0,0.0,0.0,0.0,0.5,0.25,0.0,-1737.2059022445483,0.0,185,2560.0,1664.5087000000015,424.18649999999997,827.0334000000008,0.0,0.0,0.0,0.0,0.0,0,574.2142,2560.0,1664.5087000000015,827.0334000000008,274.0,0.0,0.0,0.015,5.71759058171745,6.357420593692009,7.307781028368796,NaN,5.0187083742245395,9.667009390075371,1078.0,1083.0,539.0,2048.0,1510.0,204.0,134,0,0,1,53,41.0,2048.0,50609.10550000008,17491.3539,18447.8521,226,542,0,53,0.5199602867513207,0.7100564741253641,0.4745828447096625,0,9406.378199999996,6192.150599999998,53,0,564.0,0,0,0,0.0,0,0.0,187092.3554127935,0.0,0,0,0,1.5,0,0.0,0,0,0.0,0,0.0,0,0,4121.588500000001,226.0,8213.041299999999,4,1572.3106999999998,1572.3093000000024,2.0268092620856857,5120.0,51.015625,1.255035579386391,1,0,0.0,0,47.20808859202993,2612.0,390,5.79348262036844,0,0,0,0.0,0.0,0.0,0.0,0.0,0.0,0.0,0.0,0,0,0,0,134,0.0,0,12,0.0,0,0.0,1440.0,2354.204099999999,103.31768919488513,0.0,103.31768919488513,0.0,1572.3106999999998,43174.132500000036,44152.2473,0.7094759328079476,459,152548.69387475142,53,34543.66153804229,4,3270.6346000000012,4,0.0,2,574.2142,-502.77800000000013,61.17500774446467,0,0,539,539,8 + shareholders & share market,sumsy,1,-2.3283064365386963e-10
49,512,4,4,97176.06599999999,0.0,4573.526299999999,324.69520000000006,1277.5894999999998,,1277.5894999999998,0.0,0.0,0.0,0.0,0.0,0.0025,972.972,0.0,0.0,1.0,641.5137000000008,0.0,0.0,0.0,1.0,0.0,0.0,1.0,0.0,1,0,197.34787070911707,1.9377524480304549,199.2856231571475,37.57168679337165,2.293015448033991,39.86470224140564,0.0,0.0,0.0,0.0,0,0,0.0,0.0,0.0,1.0,1.0,0.0,0.0,0.0,0.0,0.5,0.25,0.0,-1784.5514022445498,0.0,185,2560.0,1681.8338000000008,324.69520000000006,835.6188999999997,0.0,0.0,0.0,0.0,0.0,0,574.0399,2560.0,1681.8338000000008,835.6188999999997,274.0,0.0,0.0,0.015,5.781838584905662,6.430922346368682,7.4562379725085925,NaN,5.062276908968076,9.376999108373111,1074.0,1060.0,537.0,2046.6666666666667,1513.0,204.0,133,0,0,1,45,33.0,2048.0,50820.8197,17769.3454,18694.455500000004,226,542,0,53,0.5218663693659211,0.7117095730887799,0.486504754224073,1,9483.703800000008,6128.748900000002,45,0,582.0,0,0,0,0.0,0,0.0,186895.32699460283,0.0,0,0,0,1.5,0,0.0,0,0,0.0,0,0.0,0,0,4339.530500000001,233.0,8344.4335,4,1593.1742,1593.1764999999978,2.0268092620856857,5120.0,51.015625,1.2585076060805789,0,0,0.0,0,0.0,2612.0,390,5.842199300762167,0,0,0,0.0,0.0,0.0,0.0,0.0,0.0,0.0,0.0,0,0,0,0,133,0.0,0,12,0.0,0,0.0,1440.0,2389.7859999999982,144.94654510245255,0.0,144.94654510245255,0.0,1593.1742,43517.6875,44808.2344,0.7112770758510938,459,152767.74067475135,53,34127.58631985143,4,3297.7811,4,0.0,2,574.0399,-304.61749999999984,60.3140983719387,0,0,537,537,8 + shareholders & share market,sumsy,1,-2.3283064365386963e-10
50,512,4,4,98036.11470000017,0.0,4443.318399999998,355.24519999999995,1092.0149999999999,,1092.0149999999999,0.0,0.0,0.0,0.0,0.0,0.0025,985.2627,0.0,0.0,1.0,648.7200000000008,0.0,0.0,0.0,1.0,0.0,0.0,1.0,0.0,0,0,195.78922143374473,1.8029361565813833,197.59215759032614,37.78856044738752,2.224023027974683,40.0125834753622,0.0,0.0,0.0,0.0,0,0,0.0,0.0,0.0,1.0,1.0,0.0,0.0,0.0,0.0,0.5,0.25,0.0,-1830.2872022445513,0.0,185,2560.0,1699.9513000000015,355.24519999999995,844.5870999999999,0.0,0.0,0.0,0.0,0.0,0,573.3049000000001,2560.0,1699.9513000000015,844.5870999999999,274.0,0.0,0.0,0.015,5.828696000000003,6.488954307116143,7.630701642335768,NaN,5.135710300687026,9.884778069790961,1068.0,1075.0,534.0,2046.6666666666667,1494.0,204.0,138,0,0,2,55,31.0,2048.0,51153.64030000009,17989.6208,19018.053799999998,226,542,0,53,0.5222436061033555,0.711889550371186,0.478614792573518,0,9489.909600000014,6265.848200000004,55,0,548.0,0,0,0,0.0,0,0.0,186800.37318616427,0.0,0,0,0,1.5,0,0.0,0,0,0.0,0,0.0,0,0,4181.624500000001,220.0,8316.232199999999,4,1661.8685000000003,1661.8658999999973,2.0268092620856857,5120.0,51.015625,1.2599720325320523,0,0,0.0,0,0.0,2612.0,390,5.857386309701373,0,0,0,0.0,0.0,0.0,0.0,0.0,0.0,0.0,0.0,0,0,0,0,138,0.0,0,12,0.0,0,0.0,1440.0,2453.595000000002,61.685100645376224,0.0,61.685100645376224,0.0,1661.8685000000003,43904.17460000005,45323.9068,0.7116763371107901,459,152859.04507475128,53,33941.32811141295,4,3352.9812999999995,4,0.0,2,573.3049000000001,-106.75229999999988,59.48449479477729,0,0,534,534,8 + shareholders & share market,sumsy,1,-2.3283064365386963e-10
51,512,4,4,98878.36500000008,0.0,4328.3858999999975,367.7734,913.0858,,913.0858,0.0,0.0,0.0,0.0,0.0,0.0025,1005.4562,0.0,0.0,1.0,653.9780999999998,0.0,0.0,0.0,1.0,0.0,0.0,1.0,0.0,1,0,194.98045568449993,1.7820568594769932,196.76251254397692,38.44906271303488,2.1460162737236987,40.59507898675858,0.0,0.0,0.0,0.0,0,0,0.0,0.0,0.0,1.0,1.0,0.0,0.0,0.0,0.0,0.5,0.25,0.0,-1874.7200022445522,0.0,185,2560.0,1717.7497000000008,367.7734,853.3101000000011,0.0,0.0,0.0,0.0,0.0,0,572.3769,2560.0,1717.7497000000008,853.3101000000011,274.0,0.0,0.0,0.015,5.869770110701112,6.523463265306135,7.723618392857142,NaN,5.113046148010605,9.615748740707142,1078.0,1084.0,539.0,2045.3333333333333,1508.0,204.0,134,0,0,3,59,35.0,2048.0,51287.14990000001,18210.6924,19357.0069,226,542,0,53,0.5300369791335819,0.7140635792730186,0.47829464443002756,1,9524.382599999997,6362.830800000005,59,0,560.0,0,0,0,0.0,0,0.0,186510.94281076005,0.0,0,0,0,1.5,0,0.0,0,0,0.0,0,0.0,0,0,4325.226299999999,224.0,8445.682700000001,4,1665.0978,1665.1001999999992,2.0268092620856857,5120.0,51.015625,1.2645314057986423,0,0,0.0,0,0.0,2612.0,390,5.898252473987491,0,0,0,0.0,0.0,0.0,0.0,0.0,0.0,0.0,0.0,0,0,0,0,134,0.0,0,12,0.0,0,0.0,1440.0,2554.7283000000016,110.26766616028362,0.0,110.26766616028362,0.0,1665.0978,44102.95810000003,46013.382,0.7140290825683737,459,152821.9472747513,53,33688.995536008595,4,3416.810199999998,4,0.0,2,572.3769,92.37040000000002,58.68505862042175,0,0,539,539,8 + shareholders & share market,sumsy,1,-2.3283064365386963e-10
52,512,4,4,99704.43789999998,0.0,4226.310999999998,382.0071000000001,737.8008000000001,,737.8008000000001,0.0,0.0,0.0,0.0,0.0,0.0025,1030.3386,0.0,0.0,1.0,658.5885000000001,0.0,0.0,0.0,1.0,0.0,0.0,1.0,0.0,1,0,194.44428618943414,1.8018016649768087,196.24608785441097,38.961041664342325,2.209557923772654,41.170599588114975,0.0,0.0,0.0,0.0,0,0,0.0,0.0,0.0,1.0,1.0,0.0,0.0,0.0,0.0,0.5,0.25,0.0,-1918.0051022445548,0.0,185,2560.0,1733.9270999999997,382.0071000000001,861.1838999999997,0.0,0.0,0.0,0.0,0.0,0,571.492,2560.0,1733.9270999999997,861.1838999999997,274.0,0.0,0.0,0.015,5.914545386064034,6.522707606679044,7.925891697416979,NaN,5.190646506609359,10.104691908670224,1078.0,1062.0,539.0,2044.0000000000002,1501.0,204.0,135,0,0,2,46,29.0,2048.0,51675.900600000015,18382.6829,19575.8231,226,542,0,53,0.5309153366033084,0.714976241845896,0.49437114093824164,0,9597.8274,6281.247200000003,46,0,542.0,0,0,0,0.0,0,0.0,186477.75424718828,0.0,0,0,0,1.5,0,0.0,0,0,0.0,0,0.0,0,0,4295.833300000003,217.0,8468.200700000001,4,1730.7776,1730.7760999999996,2.0268092620856857,5120.0,51.015625,1.2648525899414758,0,0,0.0,0,0.0,2612.0,390,5.899923041249942,0,0,0,0.0,0.0,0.0,0.0,0.0,0.0,0.0,0.0,0,0,0,0,135,0.0,0,12,0.0,0,0.0,1440.0,2595.724700000002,116.44858415332874,0.0,116.44858415332874,0.0,1730.7776,44287.996600000006,46426.706699999995,0.715184798241624,459,152967.55027475118,53,33510.20397243714,4,3489.852500000001,4,0.0,2,571.492,292.53779999999995,57.914692852406425,0,0,539,539,8 + shareholders & share market,sumsy,1,-2.3283064365386963e-10
53,512,4,4,100515.77040000011,0.0,4282.7649,534.1425000000002,573.9916000000001,,573.9916000000001,0.0,0.0,0.0,0.0,0.0,0.0025,1066.3012,0.0,0.0,1.0,663.6119999999994,0.0,0.0,0.0,1.0,0.0,0.0,1.0,0.0,1,0,193.88276404725224,1.6925956839990606,195.5753597312513,39.606510994860244,2.357926240208734,41.96443723506898,0.0,0.0,0.0,0.0,0,0,0.0,0.0,0.0,1.0,1.0,0.0,0.0,0.0,0.0,0.5,0.25,0.0,-1960.2662022445572,0.0,185,2560.0,1748.6675000000027,534.1425000000002,868.2236000000005,0.0,0.0,0.0,0.0,0.0,0,570.5031,2560.0,1748.6675000000027,868.2236000000005,274.0,0.0,0.0,0.015,5.9570288229842445,6.601976635514012,8.071013688212926,NaN,5.279770225722757,10.506697448621937,1070.0,1079.0,535.0,2045.3333333333333,1487.0,204.0,139,0,0,0,53,31.0,2048.0,52188.39239999996,18417.9202,19867.9862,226,542,0,53,0.5370024867678955,0.7184046711571717,0.4988476669407904,0,9649.023799999999,6427.6341,53,0,526.0,0,0,0,0.0,0,0.0,186439.0605895649,0.0,0,0,0,1.5,0,0.0,0,0,0.0,0,0.0,0,0,4245.353199999999,211.0,8404.6673,4,1764.7531999999997,1764.7512999999979,2.0268092620856857,5120.0,51.015625,1.2629883168732918,0,0,0.0,0,0.0,2612.0,390,5.936469285013563,0,0,0,0.0,0.0,0.0,0.0,0.0,0.0,0.0,0.0,0,0,0,0,139,0.0,0,12,0.0,0,0.0,1440.0,2756.663400000002,0.0,0.0,0.0,0.0,1764.7531999999997,44698.89179999996,46690.57369999999,0.7188595101053152,459,153006.7398747512,53,33432.32071481373,4,3709.9478,4,0.0,2,570.5031,492.30960000000005,57.1723403850462,0,0,535,535,8 + shareholders & share market,sumsy,1,-2.3283064365386963e-10
54,512,4,4,101309.44209999987,0.0,4340.0693,541.6006,420.81399999999996,,420.81399999999996,0.0,0.0,0.0,0.0,0.0,0.0025,1113.9982,0.0,0.0,1.0,668.3805000000003,0.0,0.0,0.0,1.0,0.0,0.0,1.0,0.0,1,0,193.26627770075405,1.6196152184992647,194.8858929192533,40.08871263896825,2.215542904585906,42.304255543554156,0.0,0.0,0.0,0.0,0,0,0.0,0.0,0.0,1.0,1.0,0.0,0.0,0.0,0.0,0.5,0.25,0.0,-2003.0928022445594,0.0,185,2560.0,1766.328299999999,541.6006,876.6149999999996,0.0,0.0,0.0,0.0,0.0,0,570.4274,2560.0,1766.328299999999,876.6149999999996,274.0,0.0,0.0,0.015,5.992491344383057,6.600442007434952,8.227857171314731,NaN,5.317575680336379,11.000206260593286,1076.0,1086.0,538.0,2048.0,1483.0,204.0,141,0,0,1,59,35.0,2048.0,52711.621700000105,18465.946300000003,20200.4263,226,542,0,53,0.5444517168519818,0.719041584159561,0.5279989199619803,1,9671.785699999986,6507.845600000001,59,0,502.0,0,0,0,0.0,0,0.0,186437.61791949143,0.0,0,0,0,1.5,0,0.0,0,0,0.0,0,0.0,0,0,4130.384299999995,201.0,8247.0222,4,1739.9450999999997,1739.9471999999994,2.0268092620856857,5120.0,51.015625,1.2606941152938083,0,0,0.0,0,0.0,2612.0,390,5.970623061641537,0,0,0,0.0,0.0,0.0,0.0,0.0,0.0,0.0,0.0,0,0,0,0,141,0.0,0,12,0.0,0,0.0,1440.0,2979.2374999999984,0.0,0.0,0.0,0.0,1739.9450999999997,45248.62710000006,46913.3948,0.7198694153881113,459,152818.60117475124,53,33619.01674474024,4,3920.2620000000006,4,0.0,2,570.4274,693.1842,56.4569825528627,0,0,538,538,8 + shareholders & share market,sumsy,1,-2.3283064365386963e-10
55,512,4,4,102086.88669999984,0.0,4343.173699999998,473.0391000000002,292.2971,,292.2971,0.0,0.0,0.0,0.0,0.0,0.0025,1186.8365,0.0,0.0,1.0,672.3584999999995,0.0,0.0,0.0,1.0,0.0,0.0,1.0,0.0,1,0,195.54833115004146,1.5230602231027583,197.07139137314422,40.37514711383405,2.1759173166760624,42.55106443051012,0.0,0.0,0.0,0.0,0,0,0.0,0.0,0.0,1.0,1.0,0.0,0.0,0.0,0.0,0.5,0.25,0.0,-2046.4947022445608,0.0,185,2560.0,1782.5554000000009,473.0391000000002,884.0198000000003,0.0,0.0,0.0,0.0,0.0,0,570.822,2560.0,1782.5554000000009,884.0198000000003,274.0,0.0,0.0,0.015,6.064469589552242,6.6725277264325245,8.419493776824035,NaN,5.3528563359365915,11.68732839640016,1082.0,1072.0,541.0,2046.6666666666665,1475.0,204.0,142,0,0,0,47,36.0,2048.0,53340.59559999999,18618.2188,20424.0998,226,542,0,53,0.5407230817416222,0.7199565954320515,0.5130291204623942,0,9668.030299999997,6501.111400000003,47,0,466.0,0,0,0,0.0,0,0.0,188992.0787636772,0.0,0,0,0,1.5,0,0.0,0,0,0.0,0,0.0,0,0,3923.4841,187.0,7946.314,4,1741.6829,1741.6840000000009,2.064907546160056,5120.0,51.015625,1.2562273185409365,6,0,0.0,0,102.25757761216167,2612.0,390,5.963724121161666,0,0,0,0.0,0.0,0.0,0.0,0.0,0.0,0.0,0.0,0,0,0,0,142,0.0,0,12,0.0,0,0.0,1440.0,3075.1020000000003,47.10421661070268,0.0,47.10421661070268,0.0,1741.6829,45775.332600000016,46988.632600000004,0.7210626894633587,459,155093.60458147482,53,33898.47418220221,4,4051.7154999999966,4,0.0,2,570.822,894.5393999999999,55.76763773275859,0,0,541,541,8 + shareholders & share market,sumsy,1,-2.3283064365386963e-10
56,512,4,4,102848.99279999999,0.0,4315.469799999997,432.84880000000004,183.76069999999996,,183.76069999999996,0.0,0.0,0.0,0.0,0.0,0.0025,1275.3407,0.0,0.0,1.0,680.4318000000001,0.0,0.0,0.0,1.0,0.0,0.0,1.0,0.0,1,0,193.8561115001156,1.540733077678493,195.3968445777941,40.52734268439928,2.177445005636975,42.704787690036255,0.0,0.0,0.0,0.0,0,0,0.0,0.0,0.0,1.0,1.0,0.0,0.0,0.0,0.0,0.5,0.25,0.0,-2089.9262022445614,0.0,185,2560.0,1797.8939000000014,432.84880000000004,890.8146000000013,0.0,0.0,0.0,0.0,0.0,0,571.0679,2560.0,1797.8939000000014,890.8146000000013,274.0,0.0,0.0,0.015,6.118015140186909,6.7004155140186885,8.557482142857152,NaN,5.468114403212312,11.336708544508156,1070.0,1070.0,535.0,2048.0,1478.0,204.0,142,0,0,3,53,32.0,2048.0,53668.24659999998,18765.6637,20672.9325,226,542,0,53,0.5391237727375862,0.7218892321408794,0.49508903036987273,0,9847.983,6546.276199999993,53,0,504.0,0,0,0,0.0,0,0.0,188980.89259540068,0.0,0,0,0,1.5,0,0.0,0,0,0.0,0,0.0,0,0,4312.971000000005,202.0,7895.7414,4,1765.9506000000001,1765.9448,2.064907546160056,5120.0,51.015625,1.256383789361749,0,0,0.0,0,0.0,2612.0,390,5.986502450754425,0,0,0,0.0,0.0,0.0,0.0,0.0,0.0,0.0,0.0,0,0,0,0,142,0.0,0,12,0.0,0,0.0,1440.0,3179.4884999999967,0.0,0.0,0.0,0.0,1765.9506000000001,45965.113200000014,47334.337600000006,0.7232001604483898,459,155094.33338147483,53,33886.559213925706,4,4132.3802,4,0.0,2,571.0679,1091.58,55.103359997021904,0,0,535,535,8 + shareholders & share market,sumsy,1,-2.3283064365386963e-10
57,512,4,4,103596.88049999993,0.0,4343.603500000003,458.00309999999996,101.58609999999999,,101.58609999999999,0.0,0.0,0.0,0.0,0.0,0.0025,1386.8769,0.0,0.0,1.0,686.4396000000006,0.0,0.0,0.0,1.0,0.0,0.0,1.0,0.0,1,0,192.3429234914617,1.7546717818193518,194.09759527328106,40.74466165102193,2.29508178327428,43.03974343429621,0.0,0.0,0.0,0.0,0,0,0.0,0.0,0.0,1.0,1.0,0.0,0.0,0.0,0.0,0.5,0.25,0.0,-2133.082202244561,0.0,185,2560.0,1812.1122999999995,458.00309999999996,896.8079,0.0,0.0,0.0,0.0,0.0,0,571.0949,2560.0,1812.1122999999995,896.8079,274.0,0.0,0.0,0.015,6.150094288389515,6.7824247211895905,8.664003675048365,NaN,5.461170113316962,10.996607288172909,1076.0,1068.0,538.0,2044.0000000000002,1489.0000000000002,204.0,139,0,0,1,45,32.0,2048.0,53820.08549999997,18918.9598,20879.9275,226,542,0,53,0.541209551968318,0.7208772384374147,0.504162188118285,0,9895.793700000004,6568.3007000000025,45,0,517.0,0,0,0,0.0,0,0.0,188812.04788233445,0.0,0,0,0,1.5,0,0.0,0,0,0.0,0,0.0,0,0,4479.289900000004,207.0,8019.9359,4,1742.0489000000002,1742.0501000000002,2.064907546160056,5120.0,51.015625,1.2587548518212748,0,0,0.0,0,0.0,2612.0,390,6.011535264756944,0,0,0,0.0,0.0,0.0,0.0,0.0,0.0,0.0,0.0,0,0,0,0,139,0.0,0,12,0.0,0,0.0,1440.0,3294.5023000000033,0.0,0.0,0.0,0.0,1742.0489000000002,46111.96729999998,47818.8232,0.7225712473087873,459,155387.736481475,53,33424.31140085928,4,4242.520700000001,4,0.0,2,571.0949,1285.2908,54.46323781531201,0,0,538,538,8 + shareholders & share market,sumsy,1,-2.3283064365386963e-10
58,512,4,4,104329.06660000002,0.0,4449.361900000002,517.2166000000001,43.3676,,43.3676,0.0,0.0,0.0,0.0,0.0,0.0025,1521.761,0.0,0.0,1.0,690.0402000000003,0.0,0.0,0.0,1.0,0.0,0.0,1.0,0.0,2,0,194.8767387228715,1.4135805618487296,196.29031928472023,41.23462638204303,2.1855121648667724,43.420138546909804,0.0,0.0,0.0,0.0,0,0,0.0,0.0,0.0,1.0,1.0,0.0,0.0,0.0,0.0,0.5,0.25,0.0,-2176.519502244561,0.0,185,2560.0,1827.8138999999976,517.2166000000001,903.3127999999995,0.0,0.0,0.0,0.0,0.0,0,571.4504999999999,2560.0,1827.8138999999976,903.3127999999995,274.0,0.0,0.0,0.015,6.172011929170551,6.846716104868926,8.807479879275661,NaN,5.343411323256833,10.666709069527721,1068.0,1073.0,534.0,2046.6666666666667,1473.0,204.0,143,0,0,2,50,33.0,2048.0,53872.24220000001,19007.7527,21127.5794,226,542,0,53,0.5500575389691362,0.7261034874401946,0.5035326849943258,0,9633.186900000006,6622.568800000001,50,0,497.0,0,0,0,0.0,0,0.0,190680.72445979938,0.0,0,0,0,1.5,0,0.0,0,0,0.0,0,0.0,0,0,4377.317500000004,199.0,8228.2808,4,1834.5336,1834.5331999999999,2.0999582728862323,5120.0,51.015625,1.2621803027292418,5,0,0.0,0,82.69933504292926,2612.0,390,6.065796834309896,0,0,0,0.0,0.0,0.0,0.0,0.0,0.0,0.0,0.0,0,0,0,0,143,0.0,0,12,0.0,0,0.0,1440.0,3384.6984000000007,0.0,0.0,0.0,0.0,1834.5336,46403.62290000001,48363.61290000001,0.7279256651877914,459,157130.50217636215,53,33550.22228343724,4,4406.329799999998,4,0.0,2,571.4504999999999,1478.3934,53.84639280384614,0,0,534,534,8 + shareholders & share market,sumsy,1,-2.3283064365386963e-10
59,512,4,4,105046.44250000002,0.0,4638.696799999999,590.0568000000001,12.7362,,12.7362,0.0,0.0,0.0,0.0,0.0,0.0025,1683.7003,0.0,0.0,1.0,692.4983999999996,0.0,0.0,0.0,1.0,0.0,0.0,1.0,0.0,1,0,195.94837003967572,1.4387212913157421,197.38709133099147,41.28280957024931,2.1853267459433865,43.4681363161927,0.0,0.0,0.0,0.0,0,0,0.0,0.0,0.0,1.0,1.0,0.0,0.0,0.0,0.0,0.5,0.25,0.0,-2221.0125022445563,0.0,185,2560.0,1842.6240999999984,590.0568000000001,909.0860999999995,0.0,0.0,0.0,0.0,0.0,0,572.115,2560.0,1842.6240999999984,909.0860999999995,274.0,0.0,0.0,0.015,6.174172438803268,6.707917537313441,8.941710729613732,NaN,5.4098483766459085,11.47452389617468,1072.0,1103.0,536.0,2045.3333333333335,1465.0000000000002,204.0,144,0,0,2,60,54.0,2048.0,54118.22159999999,18956.584,21547.908000000003,226,542,0,53,0.5477673783427917,0.7262204909373422,0.4972706119654484,1,9682.604099999999,6810.112200000004,60,0,466.0,0,0,0,0.0,0,0.0,191840.2049774045,0.0,0,0,0,1.5,0,0.0,0,0,0.0,0,0.0,0,0,4166.837199999999,187.0,8167.9136,4,1919.2858,1919.2870000000023,2.1208336658832754,5120.0,51.017252604166664,1.2619625318665022,5,0,0.0,0,43.12533541892199,2612.0833333333335,390,6.127015190972222,0,0,0,0.0,0.0,0.0,0.0,0.0,0.0,0.0,0.0,0,0,0,0,144,0.0,0,12,0.0,0,0.0,1440.0,3525.031600000001,0.0,0.0,0.0,0.0,1919.2858,46468.2152,48672.4056,0.7283682625158008,459,158432.7441403229,53,33407.46083708141,4,4626.1283,4,0.0,2,572.115,1670.9641,53.2519785200699,0,0,536,536,8 + shareholders & share market,sumsy,1,-2.3283064365386963e-10
60,512,4,4,105749.04590000007,0.0,4729.195799999997,489.96909999999986,0.001,,0.001,0.0,0.0,0.0,0.0,0.0,0.0025,1864.9339,0.0,0.0,1.0,692.7432000000001,0.0,0.0,0.0,1.0,0.0,0.0,1.0,0.0,0,0,196.79325042409712,1.4876601434952834,198.2809105675924,42.116233839183195,2.123898834545762,44.24013267372895,0.0,0.0,0.0,0.0,0,0,0.0,0.0,0.0,1.0,1.0,0.0,0.0,0.0,0.0,0.5,0.25,0.0,-2267.3976022445577,0.0,185,2560.0,1857.3966000000016,489.96909999999986,914.6604000000009,0.0,0.0,0.0,0.0,0.0,0,573.1270999999999,2560.0,1857.3966000000016,914.6604000000009,274.0,0.0,0.0,0.015,6.207097824030277,6.788316635859512,9.104847083333334,NaN,5.391970910563314,11.182831534949365,1082.0,1057.0,541.0,2045.3333333333333,1479.9999999999998,204.0,141,0,0,0,54,33.0,2048.0,54331.461600000046,19078.7024,21616.2571,226,542,0,53,0.5541374573791833,0.729878979117385,0.5040252156789851,0,9732.5015,6560.902400000003,54,0,480.0,0,0,0,0.0,0,0.0,191632.02932588948,0.0,0,0,0,1.5,0,0.0,0,0,0.0,0,0.0,0,0,4370.3266,192.0,8284.5638,4,1913.4442,1913.4429999999984,2.117907991598756,5120.0,51.015625,1.2619081784053998,1,0,0.0,0,5.813993613359841,2612.0,390,6.164669596354166,0,0,0,0.0,0.0,0.0,0.0,0.0,0.0,0.0,0.0,0,0,0,0,141,0.0,0,12,0.0,0,0.0,1440.0,3606.950500000001,0.0,0.0,0.0,0.0,1913.4442,46508.339500000024,48979.5233,0.732014191208904,459,158228.9317830663,53,33403.097542823,4,4729.194800000001,4,0.0,2,573.1270999999999,1864.9329,52.67917930115825,0,0,541,541,8 + shareholders & share market,sumsy,1,-2.3283064365386963e-10
61,512,4,4,106438.66079999995,0.0,4823.1781,492.6533,0.0,,0.0,0.0,0.0,0.0,0.0,0.0,0.0025,2055.7855,0.0,0.0,1.0,696.4356000000005,0.0,0.0,0.0,1.0,0.0,0.0,1.0,0.0,1,0,255.0959344856451,1.587877076422549,256.6838115620676,42.63527576872446,2.224740254406132,44.86001602313059,0.0,0.0,0.0,0.0,0,0,0.0,0.0,0.0,1.0,1.0,0.0,0.0,0.0,0.0,0.5,0.25,0.0,-2314.607502244561,0.0,185,2560.0,1870.3851000000004,492.6533,919.2243000000008,0.0,0.0,0.0,0.0,0.0,2,574.1273,2560.0,1870.3851000000004,919.2243000000008,274.0,0.0,0.0,0.015,6.169194464944651,6.702654460966563,9.274153927813167,NaN,5.438440500242154,11.428582112415048,1076.0,1084.0,538.0,2048.0,1471.0,204.0,144,0,0,3,54,42.0,2048.0,54479.402499999975,19123.5016,21848.372799999997,226,542,0,53,0.556213855953547,0.7435848820877802,0.5087975974217449,0,9750.433900000005,6687.406800000002,54,0,471.0,0,0,0,0.0,0,0.0,236182.81189538437,0.0,0,0,0,1.5,0,0.0,0,0,0.0,0,0.0,0,0,4368.126500000001,189.0,8357.4711,4,1972.6058000000003,1972.6014000000039,2.844170544086434,5120.0,51.015625,1.2627326311272111,14,0,0.0,0,197.2455175465749,2612.0,389,6.2053884412977425,0,0,0,0.0,0.0,0.0,0.0,0.0,0.0,0.0,0.0,0,0,0,0,144,0.0,0,12,0.0,0,0.0,1440.0,3664.9003999999995,0.0,0.0,0.0,0.0,1972.6058000000003,46724.993,49329.3455,0.7452833820591536,459,191233.00902848132,53,44949.802866903075,4,4823.178100000001,4,0.0,2,574.1273,2055.7855,52.1272091447525,0,0,538,538,8 + shareholders & share market,sumsy,1,-2.3283064365386963e-10
62,512,4,4,107115.02710000012,0.0,4925.848500000004,517.7165999999997,0.0,,0.0,0.0,0.0,0.0,0.0,0.0,0.0025,2251.5942,0.0,0.0,1.0,692.1822999999996,0.0,0.0,0.0,1.0,0.0,0.0,1.0,0.0,0,0,257.15759307500036,1.7540269610590773,258.91162003605945,43.53634115898639,2.3294306681322383,45.86577182711862,0.0,0.0,0.0,0.0,0,0,0.0,0.0,0.0,1.0,1.0,0.0,0.0,0.0,0.0,0.5,0.25,0.0,-2362.8399022445687,0.0,185,2560.0,1883.633700000001,517.7165999999997,923.8750999999999,0.0,0.0,0.0,0.0,0.0,0,575.0917,2560.0,1883.633700000001,923.8750999999999,274.0,0.0,0.0,0.015,6.183187291280143,6.71712416356879,9.490833258928566,NaN,5.512700810966814,12.28978524514955,1076.0,1078.0,538.0,2044.0,1462.0,204.0,145,0,0,0,53,43.0,2048.0,54850.67179999993,19178.2949,22014.875,226,542,0,53,0.5570361228764509,0.7445697137361686,0.5060352776466279,1,9803.008699999988,6665.475899999995,53,0,448.0,0,0,0,0.0,0,0.0,236331.20173114035,0.0,0,0,0,1.5,0,0.0,0,0,0.0,0,0.0,0,0,4251.893299999998,180.0,8244.499500000002,4,1999.0050999999999,1999.0070999999978,2.844170544086434,5120.0,51.015625,1.2598035117460225,0,0,0.0,0,0.0,2612.0,389,6.222482516818577,0,0,0,0.0,0.0,0.0,0.0,0.0,0.0,0.0,0.0,0,0,0,0,145,0.0,0,12,0.0,0,0.0,1440.0,3780.7211,0.0,0.0,0.0,0.0,1999.0050999999999,47279.87149999991,49437.669400000006,0.7463078637294662,459,191442.03122848138,53,44889.17050265891,4,4925.848500000004,4,0.0,2,575.0917,2251.5942,51.59531063039785,0,0,538,538,8 + shareholders & share market,sumsy,1,-2.3283064365386963e-10
63,512,4,4,107776.63470000004,0.0,4957.8400999999985,460.8984999999999,0.0,,0.0,0.0,0.0,0.0,0.0,0.0,0.0025,2447.3142,0.0,0.0,1.0,693.7529999999996,0.0,0.0,0.0,1.0,0.0,0.0,1.0,0.0,2,0,257.22269764177776,1.6343380077276193,258.8570356495054,43.92390138441052,2.1946250067691153,46.11852639117963,0.0,0.0,0.0,0.0,0,0,0.0,0.0,0.0,1.0,1.0,0.0,0.0,0.0,0.0,0.5,0.25,0.0,-2412.098902244573,0.0,185,2560.0,1898.3924000000009,460.8984999999999,929.2889000000005,0.0,0.0,0.0,0.0,0.0,0,576.1415,2560.0,1898.3924000000009,929.2889000000005,274.0,0.0,0.0,0.015,6.193795224719102,6.72683574074074,9.582336304347816,NaN,5.483732322504492,11.921091687795064,1080.0,1068.0,540.0,2048.0,1470.0,204.0,144,0,0,1,49,39.0,2048.0,55022.96809999997,19302.2415,22117.9119,226,542,0,53,0.5634745257954887,0.7458573155638946,0.514436509207812,1,9799.75380000001,6614.973300000001,49,0,460.0,0,0,0,0.0,0,0.0,236355.66860559589,0.0,0,0,0,1.5,0,0.0,0,0,0.0,0,0.0,0,0,4407.874699999996,184.0,8310.0575,4,1980.8081,1980.806899999999,2.844170544086434,5120.0,51.015625,1.2600433512869342,0,0,0.0,0,0.0,2612.0,389,6.225774359809027,0,0,0,0.0,0.0,0.0,0.0,0.0,0.0,0.0,0.0,0,0,0,0,144,0.0,0,12,0.0,0,0.0,1440.0,3745.2555000000007,0.0,0.0,0.0,0.0,1980.8081,47318.6355,49730.210900000005,0.7475784797402878,459,191476.2385284813,53,44879.43007711452,4,4957.840099999999,4,0.0,2,576.1415,2447.3142,51.08275388020157,0,0,540,540,8 + shareholders & share market,sumsy,1,-2.3283064365386963e-10
64,512,4,4,108425.04189999997,0.0,4964.745600000002,445.0138,0.0,,0.0,0.0,0.0,0.0,0.0,0.0,0.0025,2642.5539,0.0,0.0,1.0,694.9414000000006,0.0,0.0,0.0,1.0,0.0,0.0,1.0,0.0,0,0,257.05299456651414,1.6945559979678484,258.74755056448197,44.225888034596764,2.1640632632458776,46.38995129784264,0.0,0.0,0.0,0.0,0,0,0.0,0.0,0.0,1.0,1.0,0.0,0.0,0.0,0.0,0.5,0.25,0.0,-2461.67950224457,0.0,185,2560.0,1911.5928000000035,445.0138,933.9248000000003,0.0,0.0,0.0,0.0,0.0,0,576.9434000000001,2560.0,1911.5928000000035,933.9248000000003,274.0,0.0,0.0,0.015,6.169361480787257,6.744223507462682,9.740366964285714,NaN,5.498504817704731,12.097404501553058,1072.0,1067.0,536.0,2046.6666666666667,1458.0,204.0,147,0,0,3,53,32.0,2048.0,55264.03240000002,19413.1649,22186.567300000002,226,542,0,53,0.5678761169686879,0.7450268625352858,0.5208418667940318,0,9750.586099999995,6582.708700000004,53,0,448.0,0,0,0,0.0,0,0.0,236478.20186461695,0.0,0,0,0,1.5,0,0.0,0,0,0.0,0,0.0,0,0,4363.6844,180.0,8341.78,4,2049.5009,2049.502200000001,2.844170544086434,5120.0,51.015625,1.2591253429695402,0,0,0.0,0,0.0,2612.0,389,6.250364596896701,0,0,0,0.0,0.0,0.0,0.0,0.0,0.0,0.0,0.0,0,0,0,0,147,0.0,0,12,0.0,0,0.0,1440.0,3757.4380999999994,0.0,0.0,0.0,0.0,2049.5009,47337.425599999995,49941.512200000005,0.7468034401427661,459,191837.0076284816,53,44641.19423613545,4,4964.745599999998,4,0.0,2,576.9434000000001,2642.5539,50.58883555728515,0,0,536,536,8 + shareholders & share market,sumsy,1,-2.3283064365386963e-10
65,512,4,4,109061.30949999987,0.0,5108.710600000002,589.4416,0.0,,0.0,0.0,0.0,0.0,0.0,0.0,0.0025,2840.5946,0.0,0.0,1.0,692.2025999999998,0.0,0.0,0.0,1.0,0.0,0.0,1.0,0.0,2,0,259.25453261569095,1.5896184240923021,260.84415103978324,44.98709276790271,2.316479597524951,47.303572365427655,0.0,0.0,0.0,0.0,0,0,0.0,0.0,0.0,1.0,1.0,0.0,0.0,0.0,0.0,0.5,0.25,0.0,-2511.326502244574,0.0,185,2560.0,1923.7324000000006,589.4416,937.9915,0.0,0.0,0.0,0.0,0.0,0,577.3231000000001,2560.0,1923.7324000000006,937.9915,274.0,0.0,0.0,0.015,6.1824050182481765,6.731613992537334,9.867966821345703,NaN,5.551441505727789,12.793450909269842,1072.0,1096.0,536.0,2044.0000000000002,1451.0,204.0,147,0,0,2,62,44.0,2048.0,55605.075499999984,19391.867599999998,22425.474499999997,226,542,0,53,0.5653058366574779,0.7460836348951843,0.5225203006777563,0,9782.779100000009,6775.915900000002,62,0,431.0,0,0,0,0.0,0,0.0,236567.71353421904,0.0,0,0,0,1.5,0,0.0,0,0,0.0,0,0.0,0,0,4253.0936999999985,173.0,8220.9742,4,2065.8480999999997,2065.843700000001,2.844170544086434,5120.0,51.015625,1.2565022155298806,0,0,0.0,0,0.0,2612.0,389,6.275131523980036,0,0,0,0.0,0.0,0.0,0.0,0.0,0.0,0.0,0.0,0,0,0,0,147,0.0,0,12,0.0,0,0.0,1440.0,3850.7103000000016,0.0,0.0,0.0,0.0,2065.8480999999997,47992.62399999994,50038.3163,0.7479275299670207,459,191953.17692848164,53,44614.53660573738,4,5108.7105999999985,4,0.0,2,577.3231000000001,2840.5946,50.11287790065659,0,0,536,536,8 + shareholders & share market,sumsy,1,-2.3283064365386963e-10
66,512,4,4,109684.72899999998,0.0,5059.801600000002,409.1352999999999,0.0,,0.0,0.0,0.0,0.0,0.0,0.0,0.0025,3037.6207,0.0,0.0,1.0,693.6663000000002,0.0,0.0,0.0,1.0,0.0,0.0,1.0,0.0,1,0,260.9366428205774,1.6306615163733857,262.5673043369508,46.021515762909615,2.2598958067663975,48.28141156967602,0.0,0.0,0.0,0.0,0,0,0.0,0.0,0.0,1.0,1.0,0.0,0.0,0.0,0.0,0.5,0.25,0.0,-2562.4119022445775,0.0,185,2560.0,1936.5805000000016,409.1352999999999,942.4241999999998,0.0,0.0,0.0,0.0,0.0,0,578.2287,2560.0,1936.5805000000016,942.4241999999998,274.0,0.0,0.0,0.015,6.230110299625465,6.716002214022123,10.081207002188178,NaN,5.57250206588423,12.409647381991746,1084.0,1068.0,542.0,2045.3333333333335,1473.0000000000002,204.0,143,0,0,0,55,33.0,2048.0,55644.62240000002,19566.071200000002,22502.6747,226,542,0,53,0.572899060333041,0.7478670884822614,0.515134555512422,0,9935.044800000001,6653.757799999997,55,0,457.0,0,0,0,0.0,0,0.0,237958.90317864754,0.0,0,0,0,1.5,0,0.0,0,0,0.0,0,0.0,0,0,4607.111599999997,183.0,8355.511299999998,4,2035.8202999999999,2035.8213999999975,2.867060984650674,5120.0,51.015625,1.2587377712400163,4,0,0.0,0,90.79407452682095,2612.0,389,6.319687581380209,0,0,0,0.0,0.0,0.0,0.0,0.0,0.0,0.0,0.0,0,0,0,0,143,0.0,0,12,0.0,0,0.0,1440.0,3829.195800000001,0.0,0.0,0.0,0.0,2035.8202999999999,48225.03240000001,50424.2572,0.7496254816227537,459,192905.78301611426,53,45053.12016253315,4,5059.801600000001,4,0.0,2,578.2287,3037.6207,49.65422779517819,0,0,542,542,8 + shareholders & share market,sumsy,1,-2.3283064365386963e-10
67,512,4,4,110293.986,0.0,5146.9186999999965,550.953,0.0,,0.0,0.0,0.0,0.0,0.0,0.0,0.0025,3230.584,0.0,0.0,1.0,699.0161999999999,0.0,0.0,0.0,1.0,0.0,0.0,1.0,0.0,1,0,294.20471291303636,1.4329769987697025,295.6376899118061,46.476773219700306,2.0909600533860564,48.567733273086354,0.0,0.0,0.0,0.0,0,0,0.0,0.0,0.0,1.0,1.0,0.0,0.0,0.0,0.0,0.5,0.25,0.0,-2613.011002244569,0.0,185,2560.0,1950.7430000000038,550.953,947.5735000000008,0.0,0.0,0.0,0.0,0.0,0,578.5086,2560.0,1950.7430000000038,947.5735000000008,274.0,0.0,0.0,0.015,6.239974118738399,6.811825555555569,10.277799303944324,NaN,5.573420613857389,12.7497663672289,1080.0,1078.0,540.0,2048.0,1459.0,204.0,147,0,0,2,52,37.0,2048.0,55884.34259999997,19621.673000000003,22586.049300000002,226,542,0,53,0.5810267355007661,0.7553518149678098,0.5413210902592374,0,9851.707699999988,6726.692099999994,52,0,431.0,0,0,0,0.0,0,0.0,263881.8987640127,0.0,0,0,0,1.5,0,0.0,0,0,0.0,0,0.0,0,0,4429.7315000000035,173.0,8392.8285,4,2082.6753999999996,2082.6747000000028,3.2881267095732927,5120.0,51.015625,1.2577082272858335,9,0,0.0,0,196.62799628652365,2612.0,389,6.391004760742187,0,0,0,0.0,0.0,0.0,0.0,0.0,0.0,0.0,0.0,0,0,0,0,147,0.0,0,12,0.0,0,0.0,1440.0,3923.8309999999997,0.0,0.0,0.0,0.0,2082.6753999999996,48366.62209999999,50600.550800000005,0.7569149628910892,459,218495.12149220053,53,45386.77727181238,4,5146.9187,4,0.0,2,578.5086,3230.584,49.21225587535353,0,0,540,540,8 + shareholders & share market,sumsy,1,-2.3283064365386963e-10
68,512,4,4,110891.3556000001,0.0,5229.886699999998,550.7933999999998,0.0,,0.0,0.0,0.0,0.0,0.0,0.0,0.0025,3422.6202,0.0,0.0,1.0,700.1228999999994,0.0,0.0,0.0,1.0,0.0,0.0,1.0,0.0,2,0,295.0843405376088,1.387565645693322,296.4719061833021,47.13843347821941,2.1100660984471062,49.24849957666652,0.0,0.0,0.0,0.0,0,0,0.0,0.0,0.0,1.0,1.0,0.0,0.0,0.0,0.0,0.5,0.25,0.0,-2664.480102244567,0.0,185,2560.0,1962.6303999999998,550.7933999999998,951.5971000000004,0.0,0.0,0.0,0.0,0.0,0,579.1022,2560.0,1962.6303999999998,951.5971000000004,274.0,0.0,0.0,0.015,6.312348617731172,6.735247014925375,10.46745437665783,NaN,5.75698145284985,15.15477065776114,1072.0,1049.0,536.0,2045.3333333333333,1429.0,204.0,154,0,0,2,41,23.0,2048.0,56772.12879999998,19614.5625,22625.8066,226,542,0,53,0.5832612295566675,0.7559899916822781,0.5482366308880142,0,9928.822800000002,6621.6537,41,0,377.0,0,0,0,0.0,0,0.0,264590.4635157282,0.0,0,0,0,1.5,0,0.0,0,0,0.0,0,0.0,0,0,3946.230300000002,151.0,7877.1353,4,2077.3626999999997,2077.362299999996,3.2881267095732927,5120.0,51.015625,1.2460890164167278,0,0,0.0,0,0.0,2612.0,389,6.33497398546007,0,0,0,0.0,0.0,0.0,0.0,0.0,0.0,0.0,0.0,0,0,0,0,154,0.0,0,12,0.0,0,0.0,1440.0,3955.5629000000013,0.0,0.0,0.0,0.0,2077.3626999999997,49271.818599999955,50117.504400000005,0.7575666225165587,459,219037.22069220053,53,45553.24282352768,4,5229.886700000001,4,0.0,2,579.1022,3422.6202,48.786355661704306,0,0,536,536,8 + shareholders & share market,sumsy,1,-2.3283064365386963e-10
69,512,4,4,111477.5422,0.0,5427.7152,671.9874,0.0,,0.0,0.0,0.0,0.0,0.0,0.0,0.0025,3606.5363,0.0,0.0,1.0,708.2472000000002,0.0,0.0,0.0,1.0,0.0,0.0,1.0,0.0,2,0,292.0806030217533,1.4595964450915542,293.5401994668448,47.22223080265685,2.1551791544986747,49.37740995715553,0.0,0.0,0.0,0.0,0,0,0.0,0.0,0.0,1.0,1.0,0.0,0.0,0.0,0.0,0.5,0.25,0.0,-2716.7783022445765,0.0,185,2560.0,1973.8133999999993,671.9874,955.3252000000007,0.0,0.0,0.0,0.0,0.0,0,579.7627,2560.0,1973.8133999999993,955.3252000000007,274.0,0.0,0.0,0.015,6.3793795059469405,6.958402819548887,10.619433999999991,NaN,5.8638905232466945,14.700127538028307,1064.0,1093.0,532.0,2045.3333333333335,1430.0,204.0,153,0,0,3,56,39.0,2048.0,57213.42809999998,19597.081100000003,22864.2701,226,542,0,53,0.5839627361222735,0.756992079528958,0.5464876706040782,0,10079.199900000009,6972.661800000006,56,0,400.0,0,0,0,0.0,0,0.0,264741.1809928355,0.0,0,0,0,1.5,0,0.0,0,0,0.0,0,0.0,0,0,4247.773599999997,160.0,7616.4639,4,2021.4856,2021.4905999999996,3.2881267095732927,5120.0,51.015625,1.2418225269999166,0,0,0.0,0,0.0,2612.0,389,6.327465440538194,0,0,0,0.0,0.0,0.0,0.0,0.0,0.0,0.0,0.0,0,0,0,0,153,0.0,0,12,0.0,0,0.0,1440.0,4115.6466999999975,0.0,0.0,0.0,0.0,2021.4856,49750.07349999998,50077.81510000001,0.7586135954745854,459,219262.99509220044,53,45478.185900635115,4,5427.715199999999,4,0.0,2,579.7627,3606.5363,48.37594272855142,0,0,532,532,8 + shareholders & share market,sumsy,1,-2.3283064365386963e-10
70,512,4,4,112052.04190000001,0.0,5583.054900000004,647.4783999999999,0.0,,0.0,0.0,0.0,0.0,0.0,0.0,0.0025,3783.3966,0.0,0.0,1.0,715.7645999999996,0.0,0.0,0.0,1.0,0.0,0.0,1.0,0.0,1,0,289.21706826766825,1.432657656954629,290.6497259246229,46.769895791235584,2.1486246654686405,48.91852045670423,0.0,0.0,0.0,0.0,0,0,0.0,0.0,0.0,1.0,1.0,0.0,0.0,0.0,0.0,0.5,0.25,0.0,-2771.0577022445827,0.0,185,2560.0,1985.5003,647.4783999999999,959.3753000000006,0.0,0.0,0.0,0.0,0.0,0,581.3601,2560.0,1985.5003,959.3753000000006,274.0,0.0,0.0,0.015,6.5245891791044786,7.151129553903343,10.872340979381443,NaN,5.747689903037023,14.259123711887456,1076.0,1072.0,538.0,2044.0,1438.0,204.0,151,0,0,0,57,30.0,2048.0,57405.88979999996,19736.1162,23017.241899999997,226,542,0,53,0.5829366767821502,0.7569976000115124,0.5296842241510529,0,9955.142900000003,6994.359600000001,57,0,388.0,0,0,0,0.0,0,0.0,264688.92251804797,0.0,0,0,0,1.5,0,0.0,0,0,0.0,0,0.0,0,0,4218.4682999999995,156.0,7528.0373,4,1931.5423999999998,1931.5450999999978,3.2881267095732927,5120.0,51.015625,1.2416471584458948,0,0,0.0,0,0.0,2612.0,389,6.30687693956163,0,0,0,0.0,0.0,0.0,0.0,0.0,0.0,0.0,0.0,0,0,0,0,151,0.0,0,12,0.0,0,0.0,1440.0,4280.1884999999975,0.0,0.0,0.0,0.0,1931.5423999999998,50112.356100000005,50281.395399999994,0.7586925343399855,459,219319.4318922004,53,45369.49062584773,4,5583.054900000001,4,0.0,2,581.3601,3783.3966,47.98045390205863,0,0,538,538,8 + shareholders & share market,sumsy,1,-2.3283064365386963e-10
71,512,4,4,112615.2824,0.0,5612.387800000007,535.5201999999999,0.0,,0.0,0.0,0.0,0.0,0.0,0.0,0.0025,3944.6656,0.0,0.0,1.0,732.0591000000004,0.0,0.0,0.0,1.0,0.0,0.0,1.0,0.0,1,0,283.6651517469513,1.431486585551707,285.096638332503,46.60415924899504,2.1232919748425765,48.72745122383761,0.0,0.0,0.0,0.0,0,0,0.0,0.0,0.0,1.0,1.0,0.0,0.0,0.0,0.0,0.5,0.25,0.0,-2826.8886022445854,0.0,185,2560.0,1996.7594999999997,535.5201999999999,963.3626000000005,0.0,0.0,0.0,0.0,0.0,0,583.0286,2560.0,1996.7594999999997,963.3626000000005,274.0,0.0,0.0,0.015,6.499844783010164,6.993259519408503,11.055136082474231,NaN,5.719863854498298,13.831350000530833,1082.0,1083.0,541.0,2048.0,1444.0,204.0,151,0,0,3,53,39.0,2048.0,57395.11909999998,19847.3511,23257.146800000002,226,542,0,53,0.5836297357819715,0.757439211644181,0.5145753414596042,0,9949.985299999993,7039.331900000007,53,0,388.0,0,0,0,0.0,0,0.0,264562.68864234403,0.0,0,0,0,1.5,0,0.0,0,0,0.0,0,0.0,0,0,4289.392800000001,156.0,7587.9712,4,1973.5552999999998,1973.5548999999985,3.2881267095732927,5120.0,51.015625,1.2449758283885348,0,0,0.0,0,0.0,2612.0,389,6.315232598198784,0,0,0,0.0,0.0,0.0,0.0,0.0,0.0,0.0,0.0,0,0,0,0,151,0.0,0,12,0.0,0,0.0,1440.0,4295.737600000001,0.0,0.0,0.0,0.0,1973.5552999999998,50048.56490000001,50692.4691,0.759173062472541,459,218898.33749220055,53,45664.35115014353,4,5612.3878,4,0.0,2,583.0286,3944.6656,47.59934648743832,0,0,541,541,8 + shareholders & share market,sumsy,1,-2.3283064365386963e-10
72,512,4,4,113167.95129999988,0.0,5665.833999999998,566.7407,0.0,,0.0,0.0,0.0,0.0,0.0,0.0,0.0025,4109.0418,0.0,0.0,1.0,729.2846999999999,0.0,0.0,0.0,1.0,0.0,0.0,1.0,0.0,1,0,284.32950002120276,1.4967657705108803,285.82626579171364,46.78209903531257,2.23306041343798,49.015159448750545,0.0,0.0,0.0,0.0,0,0,0.0,0.0,0.0,1.0,1.0,0.0,0.0,0.0,0.0,0.5,0.25,0.0,-2882.9267022445874,0.0,185,2560.0,2007.3311,566.7407,966.9983,0.0,0.0,0.0,0.0,0.0,3,583.7251,2560.0,2007.3311,966.9983,274.0,0.0,0.0,0.015,6.4189936150234805,6.945869029850728,11.183703367875635,NaN,5.6312775422101,13.416409500514908,1072.0,1065.0,536.0,2044.0,1433.0,204.0,152,0,0,1,47,34.0,2048.0,57500.10819999998,19883.243000000002,23327.6243,226,542,0,53,0.5803924508555318,0.7575594532585486,0.5146848086141336,0,9758.69709999999,6836.228200000007,47,0,386.0,0,0,0,0.0,0,0.0,263985.89827345277,0.0,0,0,0,1.5,0,0.0,0,0,0.0,0,0.0,0,0,4316.909499999995,155.0,7764.2089,4,2081.4069,2081.4091000000008,3.2792508143387114,5120.0,51.015625,1.2463358245141318,3,0,0.0,0,17.339327491676393,2612.0,388,6.338799845377604,0,0,0,0.0,0.0,0.0,0.0,0.0,0.0,0.0,0.0,0,0,0,0,152,0.0,0,12,0.0,0,0.0,1440.0,4295.5563,0.0,0.0,0.0,0.0,2081.4069,49898.59769999997,50975.076199999996,0.7593340315459516,459,218426.13576435257,53,45559.76250910026,4,5665.833999999999,4,0.0,2,583.7251,4109.0418,47.23209752425874,0,0,536,536,8 + shareholders & share market,sumsy,1,-2.3283064365386963e-10
73,512,4,4,113709.27740000017,0.0,5592.511300000001,451.0578000000001,0.0,,0.0,0.0,0.0,0.0,0.0,0.0,0.0025,4282.9388,0.0,0.0,1.0,720.2118000000003,0.0,0.0,0.0,1.0,0.0,0.0,1.0,0.0,0,0,289.06316540561795,1.7030649976895609,290.76623040330753,48.143606380523536,2.2123723395410604,50.3559787200646,0.0,0.0,0.0,0.0,0,0,0.0,0.0,0.0,1.0,1.0,0.0,0.0,0.0,0.0,0.5,0.25,0.0,-2939.5849022445946,0.0,185,2560.0,2018.6739000000023,451.0578000000001,970.9275000000001,0.0,0.0,0.0,0.0,0.0,0,584.3482,2560.0,2018.6739000000023,970.9275000000001,274.0,0.0,0.0,0.015,6.3379210426540284,6.862754291044832,11.344008593750011,NaN,5.5948139550318645,13.414921308493703,1072.0,1055.0,536.0,2046.6666666666667,1432.0,204.0,154,0,0,1,43,23.0,2048.0,57605.70089999999,19981.7699,23287.8526,226,542,0,53,0.5862394069714212,0.7585364211319732,0.5278203745597347,0,9698.385799999984,6686.5067,43,0,384.0,0,0,0,0.0,0,0.0,264556.94989346655,0.0,0,0,0,1.5,0,0.0,0,0,0.0,0,0.0,0,0,4356.099300000004,154.0,7966.6669999999995,4,2159.1688,2159.170999999998,3.2869349999985498,5120.0,51.015625,1.247465422579858,2,0,0.0,0,17.704408455380477,2612.0,388,6.3393158908420135,0,0,0,0.0,0.0,0.0,0.0,0.0,0.0,0.0,0.0,0,0,0,0,154,0.0,0,12,0.0,0,0.0,1440.0,4207.692000000005,0.0,0.0,0.0,0.0,2159.1688,49943.7738,51236.2895,0.7602690133045189,459,218851.918135997,53,45705.03175746951,4,5592.511299999998,4,0.0,2,584.3482,4282.9388,46.87820306883116,0,0,536,536,8 + shareholders & share market,sumsy,1,-2.3283064365386963e-10
74,512,4,4,114238.71239999997,0.0,5557.262300000001,482.8812000000001,0.0,,0.0,0.0,0.0,0.0,0.0,0.0,0.0025,4466.3622,0.0,0.0,1.0,711.1134,0.0,0.0,0.0,1.0,0.0,0.0,1.0,0.0,3,0,346.8731594599608,1.5068668640882763,348.380026324049,49.07668180471283,2.1531039672690637,51.22978577198189,0.0,0.0,0.0,0.0,0,0,0.0,0.0,0.0,1.0,1.0,0.0,0.0,0.0,0.0,0.5,0.25,0.0,-2995.3223007606666,0.0,185,2560.0,2030.5649999999978,482.8812000000001,975.0344999999995,0.0,0.0,0.0,0.0,0.0,5,584.071,2560.0,2030.5649999999978,975.0344999999995,274.0,0.0,0.0,0.015,6.2678341372912785,6.807792322097379,11.517221390374326,NaN,5.650028048445063,14.234589111393575,1068.0,1078.0,534.0,2046.6666666666667,1424.0,204.0,156,0,0,0,43,34.0,2048.0,57818.86980000003,20019.7559,23342.904500000004,226,542,0,53,0.58941224173291,0.7770996156252739,0.5399929534978898,2,9726.777100000007,6756.725199999998,43,0,374.0,0,0,0,0.0,0,0.0,307049.34463213355,0.0,0,0,0,1.5,0,0.0,0,0,0.0,0,0.0,0,0,4307.440799999998,150.0,8006.749,4,2225.5022,2225.500699999999,3.975754150659594,5120.0,51.015625,1.2466236915113769,2,0,0.0,0,22.644952076866918,2612.0,388,6.364323052300346,0,0,0,0.0,0.0,0.0,0.0,0.0,0.0,0.0,0.0,0,0,0,0,156,0.0,0,12,0.0,0,0.0,1440.0,4205.969400000001,0.0,0.0,0.0,0.0,2225.5022,50524.95830000002,51369.4094,0.7779204557934796,459,259358.0245746619,53,47691.32005747175,4,5557.2623,4,0.0,2,584.071,4466.3622,46.53717750269186,0,0,534,534,8 + shareholders & share market,sumsy,1,-2.3283064365386963e-10
75,512,4,4,114758.29279999988,0.0,5524.1996,483.777,0.0,,0.0,0.0,0.0,0.0,0.0,0.0,0.0025,4656.8173,0.0,0.0,1.0,703.2492000000005,0.0,0.0,0.0,1.0,0.0,0.0,1.0,0.0,2,0,354.83608372803684,1.522862768306098,356.3589464963429,49.788507798388025,2.2725032630757114,52.06101106146373,0.0,0.0,0.0,0.0,0,0,0.0,0.0,0.0,1.0,1.0,0.0,0.0,0.0,0.0,0.5,0.25,0.0,-3050.8941007606763,0.0,185,2560.0,2040.4196000000006,483.777,978.0407999999999,0.0,0.0,0.0,0.0,0.0,0,583.8215,2560.0,2040.4196000000006,978.0407999999999,274.0,0.0,0.0,0.015,6.245010737628386,6.766884803001847,11.673357474226796,NaN,5.628797612187733,13.863542673676093,1066.0,1071.0,533.0,2048.0,1428.0,204.0,155,0,0,1,53,29.0,2048.0,57885.59700000002,20051.4147,23374.8803,226,542,0,53,0.586159337944852,0.778676335048992,0.526455877690895,0,9718.4544,6688.406500000001,53,0,388.0,0,0,0,0.0,0,0.0,310250.62511216145,0.0,0,0,0,1.5,0,0.0,0,0,0.0,0,0.0,0,0,4529.262699999997,156.0,8205.761999999999,4,2239.1679,2239.1654000000003,4.027442948639218,5120.0,51.015625,1.2479995549071752,1,0,0.0,0,33.49513842134656,2612.0,388,6.395749538845486,0,0,0,0.0,0.0,0.0,0.0,0.0,0.0,0.0,0.0,0,0,0,0,155,0.0,0,12,0.0,0,0.0,1440.0,4125.5073,0.0,0.0,0.0,0.0,2239.1679,50605.62319999997,51632.057,0.7794282129427763,459,262135.5050088336,53,48115.12010332778,4,5524.1996,4,0.0,2,583.8215,4656.8173,46.20855286623035,0,0,533,533,8 + shareholders & share market,sumsy,1,-2.3283064365386963e-10
76,512,4,4,115267.25879999985,0.0,5470.501,463.5129000000001,0.0,,0.0,0.0,0.0,0.0,0.0,0.0,0.0025,4849.337,0.0,0.0,1.0,700.6890000000001,0.0,0.0,0.0,1.0,0.0,0.0,1.0,0.0,1,0,356.783839147818,1.603105673258909,358.3869448210769,51.03088275959303,2.23409951981836,53.26498227941139,0.0,0.0,0.0,0.0,0,0,0.0,0.0,0.0,1.0,1.0,0.0,0.0,0.0,0.0,0.5,0.25,0.0,-3106.1366007606866,0.0,185,2560.0,2051.034,463.5129000000001,981.4142999999999,0.0,0.0,0.0,0.0,0.0,0,583.6569,2560.0,2051.034,981.4142999999999,274.0,0.0,0.0,0.015,6.2531222846442,6.810019553072659,11.777783497536943,NaN,5.642856043956035,13.527585928050293,1074.0,1068.0,537.0,2046.6666666666667,1443.0000000000002,204.0,150,0,0,1,47,27.0,2048.0,57818.04800000006,20132.6092,23336.476700000003,226,542,0,53,0.5935753972896041,0.78041072046878,0.5250786255478876,0,9824.344999999992,6678.334600000006,47,0,406.0,0,0,0,0.0,0,0.0,310165.2062413334,0.0,0,0,0,1.5,0,0.0,0,0,0.0,0,0.0,0,0,4781.780099999999,163.0,8547.131000000001,4,2261.8234,2261.8239999999996,4.027442948639218,5120.0,51.015625,1.2514585757384387,0,0,0.0,0,0.0,2612.0,388,6.449628363715278,0,0,0,0.0,0.0,0.0,0.0,0.0,0.0,0.0,0.0,0,0,0,0,150,0.0,0,12,0.0,0,0.0,1440.0,4087.9228,0.0,0.0,0.0,0.0,2261.8234,50846.399100000046,52016.21689999999,0.7811159129957002,459,262080.84170883353,53,48084.36453249985,4,5470.501,4,0.0,2,583.6569,4849.337,45.89187821654923,0,0,537,537,8 + shareholders & share market,sumsy,1,-2.3283064365386963e-10
77,512,4,4,115764.79540000003,0.0,5602.771499999993,651.0102999999999,0.0,,0.0,0.0,0.0,0.0,0.0,0.0,0.0025,5040.8747,0.0,0.0,1.0,701.6018999999992,0.0,0.0,0.0,1.0,0.0,0.0,1.0,0.0,3,0,330.6757976751911,1.4806188908335647,332.15641656602475,51.763557964955844,2.0947033622988074,53.85826132725465,0.0,0.0,0.0,0.0,0,0,0.0,0.0,0.0,1.0,1.0,0.0,0.0,0.0,0.0,0.5,0.25,0.0,-3160.8409007606915,0.0,185,2560.0,2062.4633999999996,651.0102999999999,985.2011000000001,0.0,0.0,0.0,0.0,0.0,0,583.2746999999999,2560.0,2062.4633999999996,985.2011000000001,274.0,0.0,0.0,0.015,6.309078150498643,6.822225932835801,11.96717801047121,NaN,5.806778583976517,15.129079092157768,1072.0,1103.0,536.0,2046.6666666666667,1431.0,204.0,153,0,0,2,64,44.0,2048.0,58045.37959999997,20047.0142,23537.5235,226,542,0,53,0.602466675971657,0.77317307569108,0.5479691318454378,1,9985.2551,6958.913200000004,64,0,382.0,0,0,0,0.0,0,0.0,290147.23430407926,0.0,0,0,0,1.5,0,0.0,0,0,0.0,0,0.0,0,0,4571.462000000002,153.0,8510.7287,4,2283.5986,2283.6005000000005,3.7012048780618216,5120.0,51.015625,1.2500531917757438,2,0,0.0,0,76.50550299877791,2612.0,388,6.484827121310762,0,0,0,0.0,0.0,0.0,0.0,0.0,0.0,0.0,0.0,0,0,0,0,153,0.0,0,12,0.0,0,0.0,1440.0,4257.016299999998,0.0,0.0,0.0,0.0,2283.5986,51213.074599999985,52095.26640000001,0.7742049892096192,459,242923.00307353042,53,47224.23123054853,4,5602.771500000001,4,0.0,2,583.2746999999999,5040.8747,45.58671900867472,0,0,536,536,8 + shareholders & share market,sumsy,1,-2.3283064365386963e-10
78,512,4,4,116253.08539999992,0.0,5675.848899999994,600.3543,0.0,,0.0,0.0,0.0,0.0,0.0,0.0,0.0025,5225.1534,0.0,0.0,1.0,707.8799999999999,0.0,0.0,0.0,1.0,0.0,0.0,1.0,0.0,1,0,327.3895519895756,1.4354368646888827,328.8249888542645,51.26509972977151,2.144395659903544,53.40949538967505,0.0,0.0,0.0,0.0,0,0,0.0,0.0,0.0,1.0,1.0,0.0,0.0,0.0,0.0,0.5,0.25,0.0,-3216.785600760697,0.0,185,2560.0,2071.7099999999996,600.3543,987.9557000000003,0.0,0.0,0.0,0.0,0.0,3,583.6904,2560.0,2071.7099999999996,987.9557000000003,274.0,0.0,0.0,0.015,6.47307562097516,6.970400000000011,12.23880980392158,NaN,5.874017723372279,16.33055610366915,1088.0,1087.0,544.0,2045.3333333333335,1437.0,204.0,152,0,0,1,59,49.0,2048.0,58439.92190000004,20062.3366,23668.7451,224,544,0,53,0.601590245176993,0.7736128374943427,0.5479826401653805,0,10109.341000000008,7036.233199999999,59,0,357.0,0,0,0,0.0,0,0.0,289956.19878319924,0.0,0,0,0,1.5,0,0.0,0,0,0.0,0,0.0,0,0,4369.255100000004,143.0,8273.238000000001,4,2172.8938000000003,2172.8943000000004,3.695419445432347,5120.0,51.015625,1.2474532037044594,1,0,0.0,0,18.826740829713714,2612.0,387,6.462899047851562,0,0,0,0.0,0.0,0.0,0.0,0.0,0.0,0.0,0.0,0,0,0,0,152,0.0,0,12,0.0,0,0.0,1440.0,4288.868400000005,0.0,0.0,0.0,0.0,2172.8938000000003,51452.920300000056,52004.31969999999,0.7746407018205683,459,243126.38362022946,53,46829.81516296983,4,5675.848900000001,4,0.0,2,583.6904,5225.1534,45.292656499268354,0,0,544,544,8 + shareholders & share market,sumsy,1,-2.3283064365386963e-10
79,512,4,4,116732.12610000008,0.0,5654.4518999999955,511.422,0.0,,0.0,0.0,0.0,0.0,0.0,0.0,0.0025,5390.6462,0.0,0.0,1.0,726.2808000000002,0.0,0.0,0.0,1.0,0.0,0.0,1.0,0.0,0,0,319.5925564074626,1.6272132689315957,321.2197696763942,50.7434447139176,2.16191090055423,52.90535561447183,0.0,0.0,0.0,0.0,0,0,0.0,0.0,0.0,1.0,1.0,0.0,0.0,0.0,0.0,0.5,0.25,0.0,-3273.544400760696,0.0,185,2560.0,2080.959299999999,511.422,990.9104999999985,0.0,0.0,0.0,0.0,0.0,0,584.5229999999999,2560.0,2080.959299999999,990.9104999999985,274.0,0.0,0.0,0.015,6.508821863117872,6.989512987012978,12.484886609686603,NaN,5.894653462928708,16.088827315694694,1078.0,1052.0,539.0,2046.6666666666665,1425.0,204.0,155,0,0,1,44,34.0,2048.0,58758.62110000004,20187.718,23651.2195,224,544,0,53,0.6043740769278734,0.7730335142493774,0.5478642528857076,0,10062.243099999985,6847.280600000001,44,0,351.0,0,0,0,0.0,0,0.0,290232.82025389647,0.0,0,0,0,1.5,0,0.0,0,0,0.0,0,0.0,0,0,4382.195199999997,141.0,8159.3983,4,2155.3898000000004,2155.3890999999976,3.695419445432347,5120.0,51.015625,1.2448468102470718,0,0,0.0,0,0.0,2612.0,387,6.440437296549479,0,0,0,0.0,0.0,0.0,0.0,0.0,0.0,0.0,0.0,0,0,0,0,155,0.0,0,12,0.0,0,0.0,1440.0,4302.147899999999,0.0,0.0,0.0,0.0,2155.3898000000004,51528.84310000003,51998.3358,0.7740916615004505,459,243419.88932022956,53,46812.930933666685,4,5654.4519,4,0.0,2,584.5229999999999,5390.6462,45.009287172022226,0,0,539,539,8 + shareholders & share market,sumsy,1,-2.3283064365386963e-10
80,512,4,4,117201.94309999983,0.0,5843.895200000001,718.0685,0.0,,0.0,0.0,0.0,0.0,0.0,0.0,0.0025,5551.9145,0.0,0.0,1.0,730.2893999999992,0.0,0.0,0.0,1.0,0.0,0.0,1.0,0.0,0,0,318.2683844056373,1.6320470268251954,319.9004314324625,51.23538124426375,2.187216706949353,53.4225979512131,0.0,0.0,0.0,0.0,0,0,0.0,0.0,0.0,1.0,1.0,0.0,0.0,0.0,0.0,0.5,0.25,0.0,-3330.087400760703,0.0,185,2560.0,2090.1830000000014,718.0685,993.9140000000011,0.0,0.0,0.0,0.0,0.0,0,584.9356,2560.0,2090.1830000000014,993.9140000000011,274.0,0.0,0.0,0.015,6.518344664778093,7.056882551594755,12.671774522293,NaN,5.973331840516336,17.912855338964004,1066.0,1059.0,533.0,2046.6666666666665,1398.0,204.0,162,0,0,1,43,27.0,2048.0,59563.16549999994,20115.0302,23673.672,224,544,0,53,0.605845781893745,0.7726584300771135,0.551236869087709,0,9996.846800000007,6902.927000000001,43,0,314.0,0,0,0,0.0,0,0.0,290786.754796568,0.0,0,0,0,1.5,0,0.0,0,0,0.0,0,0.0,0,0,3978.9372000000017,126.0,7713.2253,4,2156.5104000000006,2156.511500000003,3.695419445432347,5120.0,51.015625,1.2343494851573584,0,0,0.0,0,0.0,2612.0,387,6.4706418321397585,0,0,0,0.0,0.0,0.0,0.0,0.0,0.0,0.0,0.0,0,0,0,0,162,0.0,0,12,0.0,0,0.0,1440.0,4505.143500000001,0.0,0.0,0.0,0.0,2156.5104000000006,52323.113799999956,51501.92749999999,0.7737721957253914,459,244099.61792022968,53,46687.136876338256,4,5843.895200000001,4,0.0,2,584.9356,5551.9145,44.7362221839487,0,0,533,533,8 + shareholders & share market,sumsy,1,-2.3283064365386963e-10
81,512,4,4,117662.28360000007,0.0,6087.681800000005,783.8010999999999,0.0,,0.0,0.0,0.0,0.0,0.0,0.0,0.0025,5711.9931,0.0,0.0,1.0,731.3604000000004,0.0,0.0,0.0,1.0,0.0,0.0,1.0,0.0,0,0,360.8061162706469,1.471315215046686,362.27743148569357,51.56530961005212,2.1977402497264604,53.763049859778576,0.0,0.0,0.0,0.0,0,0,0.0,0.0,0.0,1.0,1.0,0.0,0.0,0.0,0.0,0.5,0.25,0.0,-3388.5257007607083,0.0,185,2560.0,2099.659500000001,783.8010999999999,997.0337999999998,0.0,0.0,0.0,0.0,0.0,0,586.0921000000001,2560.0,2099.659500000001,997.0337999999998,274.0,0.0,0.0,0.015,6.53905462031107,7.114734831460719,13.016886688311688,NaN,5.874409922309069,17.436400346440404,1068.0,1093.0,534.0,2046.6666666666665,1398.0,204.0,162,0,0,0,61,35.0,2048.0,59935.78619999999,20045.7258,23909.2912,224,544,0,53,0.6073242265288339,0.7860460278203911,0.5583033430782649,0,9850.826599999995,7147.186699999999,61,0,308.0,0,0,0,0.0,0,0.0,328625.7444440734,0.0,0,0,0,1.5,0,0.0,0,0,0.0,0,0.0,0,0,4009.2010999999998,124.0,7473.3952,4,2103.1448,2103.1438000000007,4.309981839090966,5120.0,51.015625,1.2308231028076493,4,0,0.0,0,113.57462709260832,2612.0,387,6.488868408203125,0,0,0,0.0,0.0,0.0,0.0,0.0,0.0,0.0,0.0,0,0,0,0,162,0.0,0,12,0.0,0,0.0,1440.0,4737.5421000000015,0.0,0.0,0.0,0.0,2103.1448,52738.69459999997,51428.4122,0.7866042531513451,459,279496.6292487944,53,49129.11519527887,4,6077.2973999999995,4,0.0,2,586.0921000000001,5711.9931,44.473086831805105,0,0,534,534,8 + shareholders & share market,sumsy,1,-2.3283064365386963e-10
82,512,4,4,118112.70460000003,0.0,6106.284700000003,573.0289,0.0,,0.0,0.0,0.0,0.0,0.0,0.0,0.0025,5869.9245,0.0,0.0,1.0,733.6808999999997,0.0,0.0,0.0,1.0,0.0,0.0,1.0,0.0,0,0,361.622397731903,1.5186052714484202,363.1410030033514,51.87964860067414,2.1342585654483224,54.013907166122465,0.0,0.0,0.0,0.0,0,0,0.0,0.0,0.0,1.0,1.0,0.0,0.0,0.0,0.0,0.5,0.25,0.0,-3449.350400760706,0.0,185,2560.0,2109.579,573.0289,1000.3975,0.0,0.0,0.0,0.0,0.0,2,587.9527,2560.0,2109.579,1000.3975,274.0,0.0,0.0,0.015,6.543314513108619,6.998661623616265,13.10359025974026,NaN,5.781420104949727,16.91330833604719,1084.0,1068.0,542.0,2048.0,1414.0,204.0,158,0,0,2,46,35.0,2048.0,60163.595100000064,20138.2898,23985.9074,224,544,0,53,0.6088607106358277,0.7857519398577368,0.5361415855380116,1,9807.931000000006,6988.2599000000055,46,0,308.0,0,0,0,0.0,0,0.0,330549.9961392594,0.0,0,0,0,1.5,0,0.0,0,0,0.0,0,0.0,0,0,4035.9058,124.0,7367.0351,4,2087.5894999999996,2087.5894999999964,4.338766436373128,5120.0,51.015625,1.2296004427185736,1,0,0.0,0,9.539485643313565,2612.0,386,6.478331719292534,0,0,0,0.0,0.0,0.0,0.0,0.0,0.0,0.0,0.0,0,0,0,0,158,0.0,0,12,0.0,0,0.0,1440.0,4722.505099999999,0.0,0.0,0.0,0.0,2087.5894999999996,52671.42040000005,51491.23229999999,0.786316588802626,459,280881.1486272209,53,49668.84751203862,4,6092.581299999998,4,0.0,2,587.9527,5869.9245,44.21952003792128,0,0,542,542,8 + shareholders & share market,sumsy,1,-2.3283064365386963e-10
83,512,4,4,118555.30010000005,0.0,6267.190900000003,718.2526999999997,0.0,,0.0,0.0,0.0,0.0,0.0,0.0,0.0025,6026.6154,0.0,0.0,1.0,734.1603000000006,0.0,0.0,0.0,1.0,0.0,0.0,1.0,0.0,1,0,361.1273133621404,1.5891106592335915,362.71642402137405,51.474320537809035,2.2448591731936673,53.7191797110027,0.0,0.0,0.0,0.0,0,0,0.0,0.0,0.0,1.0,1.0,0.0,0.0,0.0,0.0,0.5,0.25,0.0,-3510.4143007607126,0.0,185,2560.0,2117.4045000000015,718.2526999999997,1002.7512,0.0,0.0,0.0,0.0,0.0,0,588.7726,2560.0,2117.4045000000015,1002.7512,274.0,0.0,0.0,0.015,6.4358251886792495,6.954092696629195,13.148688888888888,NaN,5.742856207375873,16.541440426699467,1068.0,1060.0,534.0,2045.3333333333333,1397.0,204.0,162,0,0,1,42,30.0,2048.0,60642.31990000002,20009.340900000003,23947.552799999998,224,544,0,53,0.6022818353539297,0.7839124429699684,0.5389517256228731,0,9647.087599999995,6821.974700000004,42,0,306.0,0,0,0,0.0,0,0.0,330812.37009422353,0.0,0,0,0,1.5,0,0.0,0,0,0.0,0,0.0,0,0,4023.4988,123.0,7340.6985,4,2178.4757,2178.474899999997,4.338766436373128,5120.0,51.015625,1.224285266552245,0,0,0.0,0,0.0,2612.0,386,6.445623372395833,0,0,0,0.0,0.0,0.0,0.0,0.0,0.0,0.0,0.0,0,0,0,0,162,0.0,0,12,0.0,0,0.0,1440.0,4886.649399999998,0.0,0.0,0.0,0.0,2178.4757,52924.34710000002,51297.59220000001,0.7845844030421067,459,281457.8149272205,53,49354.55516700248,4,6254.1986,4,0.0,2,588.7726,6026.6154,43.97517385472413,0,0,534,534,8 + shareholders & share market,sumsy,1,-2.3283064365386963e-10
84,512,4,4,118988.27049999993,0.0,6332.114700000003,635.7001000000002,0.0,,0.0,0.0,0.0,0.0,0.0,0.0,0.0025,6195.1054,0.0,0.0,1.0,722.0988000000002,0.0,0.0,0.0,1.0,0.0,0.0,1.0,0.0,1,0,364.88127398458283,1.5733974904501296,366.454671475033,52.41516896687334,2.1981708207581283,54.61333978763147,0.0,0.0,0.0,0.0,0,0,0.0,0.0,0.0,1.0,1.0,0.0,0.0,0.0,0.0,0.5,0.25,0.0,-3573.0868007607223,0.0,185,2560.0,2127.029600000005,635.7001000000002,1005.8738000000011,0.0,0.0,0.0,0.0,0.0,0,589.8236999999999,2560.0,2127.029600000005,1005.8738000000011,274.0,0.0,0.0,0.015,6.3676300184162065,6.905725655430768,13.297485276073619,NaN,5.738757261805313,16.045197213898486,1068.0,1086.0,534.0,2046.6666666666667,1405.0,204.0,160,0,0,2,57,37.0,2048.0,60692.564799999986,19979.5185,24025.0176,224,544,0,53,0.6054369096990073,0.7848092879516635,0.5403748578203948,1,9685.4477,6915.2462000000005,57,0,326.0,0,0,0,0.0,0,0.0,328431.98115214135,0.0,0,0,0,1.5,0,0.0,0,0,0.0,0,0.0,0,0,4334.9802,131.0,7506.2405,4,2211.6626999999994,2211.6643000000017,4.301132066129407,5120.0,51.028645833333336,1.2256702549654965,4,0,0.0,0,168.10343406273242,2612.6666666666665,386,6.459097873263889,0,0,0,0.0,0.0,0.0,0.0,0.0,0.0,0.0,0.0,0,0,0,0,160,0.0,0,12,0.0,0,0.0,1440.0,4981.781100000002,0.0,0.0,0.0,0.0,2211.6626999999994,52912.28309999998,51510.77659999999,0.78547681330393,459,279277.74026522355,53,49154.24088691796,4,6319.8335000000025,4,0.0,2,589.8236999999999,6195.1054,43.73971298727962,0,0,534,534,8 + shareholders & share market,sumsy,1,-2.3283064365386963e-10
85,512,4,4,119413.21050000002,0.0,6449.2249,697.4734000000002,0.0,,0.0,0.0,0.0,0.0,0.0,0.0,0.0025,6369.9896,0.0,0.0,1.0,714.4487999999996,0.0,0.0,0.0,1.0,0.0,0.0,1.0,0.0,0,0,369.0978991968218,1.5585395511961186,370.6564387480179,53.4262538280569,2.2823820893879723,55.70863591744487,0.0,0.0,0.0,0.0,0,0,0.0,0.0,0.0,1.0,1.0,0.0,0.0,0.0,0.0,0.5,0.25,0.0,-3636.4085007607305,0.0,185,2560.0,2135.060000000001,697.4734000000002,1008.1312999999993,0.0,0.0,0.0,0.0,0.0,0,590.6086,2560.0,2135.060000000001,1008.1312999999993,274.0,0.0,0.0,0.015,6.364090968342647,6.868394990723604,13.479627167630076,NaN,5.735473732536631,15.56384129748153,1078.0,1074.0,539.0,2045.3333333333333,1423.0,204.0,155,0,0,0,59,28.0,2048.0,60632.46859999991,19939.2067,24018.388,224,544,0,53,0.6091129159210495,0.7865113417075993,0.5340222909034722,0,9785.95209999999,6835.033700000003,59,0,346.0,0,0,0,0.0,0,0.0,328235.57272648625,0.0,0,0,0,1.5,0,0.0,0,0,0.0,0,0.0,0,0,4663.951000000006,139.0,7862.548999999999,4,2210.7628000000004,2210.7628999999993,4.301414651950686,5120.0,51.028645833333336,1.2286965282757005,2,0,0.0,0,100.37218214981844,2612.6666666666665,386,6.500301744249129,0,0,0,0.0,0.0,0.0,0.0,0.0,0.0,0.0,0.0,0,0,0,0,155,0.0,0,12,0.0,0,0.0,1440.0,4998.017300000004,0.0,0.0,0.0,0.0,2210.7628000000004,53012.45069999994,51820.14370000001,0.7871522297860882,459,278808.1272663353,53,49427.44546015104,4,6422.682499999997,4,0.0,2,590.6086,6369.9896,43.51281433319672,0,0,539,539,8 + shareholders & share market,sumsy,1,-2.3283064365386963e-10
86,512,4,4,119828.11010000015,0.0,6358.157499999999,494.4493999999999,0.0,,0.0,0.0,0.0,0.0,0.0,0.0,0.0025,6544.987,0.0,0.0,1.0,714.0509999999994,0.0,0.0,0.0,1.0,0.0,0.0,1.0,0.0,2,0,369.84642907433334,1.45458769181988,371.3010167661532,53.55645567887206,2.1251931526902426,55.681648831562306,0.0,0.0,0.0,0.0,0,0,0.0,0.0,0.0,1.0,1.0,0.0,0.0,0.0,0.0,0.5,0.25,0.0,-3700.9014007607425,0.0,185,2560.0,2145.1004,494.4493999999999,1011.3825000000002,0.0,0.0,0.0,0.0,0.0,0,591.5491,2560.0,2145.1004,1011.3825000000002,274.0,0.0,0.0,0.015,6.34016657433056,6.859059889094256,13.584994817073166,NaN,5.728715568061993,16.22532565978658,1082.0,1083.0,541.0,2048.0,1420.0,204.0,157,0,0,1,52,36.0,2048.0,60573.75040000008,20075.3844,24027.4113,224,544,0,53,0.6140898098661502,0.7877353118623134,0.548038224504537,1,9758.80090000001,6866.400399999997,52,0,328.0,0,0,0,0.0,0,0.0,328344.8552296265,0.0,0,0,0,1.5,0,0.0,0,0,0.0,0,0.0,0,0,4455.8782999999985,132.0,8015.027900000001,4,2254.2647,2254.2588000000014,4.3034877331515675,5120.0,51.0302734375,1.2316056347226347,6,0,0.0,0,182.22556279007415,2612.75,386,6.524016086154514,0,0,0,0.0,0.0,0.0,0.0,0.0,0.0,0.0,0.0,0,0,0,0,157,0.0,0,12,0.0,0,0.0,1440.0,4890.384300000001,0.0,0.0,0.0,0.0,2254.2647,53238.60120000006,52117.82360000001,0.7883126985656588,459,278941.81212181505,53,49403.04310781201,4,6333.074800000002,4,0.0,2,591.5491,6544.987,43.29416653926228,0,0,541,541,8 + shareholders & share market,sumsy,1,-2.3283064365386963e-10
87,512,4,4,120235.77849999993,0.0,6391.157699999997,621.6460000000001,0.0,,0.0,0.0,0.0,0.0,0.0,0.0,0.0025,6720.9322,0.0,0.0,1.0,711.3683999999997,0.0,0.0,0.0,1.0,0.0,0.0,1.0,0.0,0,0,378.5203623814001,1.440938458040124,379.9613008394402,53.3277889061743,2.230373453110634,55.558162359284935,0.0,0.0,0.0,0.0,0,0,0.0,0.0,0.0,1.0,1.0,0.0,0.0,0.0,0.0,0.5,0.25,0.0,-3764.2281007607507,0.0,185,2560.0,2152.331599999998,621.6460000000001,1013.2157999999997,0.0,0.0,0.0,0.0,0.0,2,591.4476,2560.0,2152.331599999998,1013.2157999999997,274.0,0.0,0.0,0.015,6.4013929824561355,6.883616728624533,13.77398585526316,NaN,5.864862314558322,18.27104981151599,1076.0,1083.0,538.0,2046.6666666666667,1404.0,204.0,160,0,0,0,57,38.0,2048.0,60955.824900000014,20089.1335,24084.185699999998,224,544,0,53,0.6117192480752203,0.7861788791049382,0.5528287476638492,0,9851.530100000007,6932.7085999999945,57,0,304.0,0,0,0,0.0,0,0.0,335093.9193395295,0.0,0,0,0,1.5,0,0.0,0,0,0.0,0,0.0,0,0,4187.291700000001,122.0,7794.2546,4,2280.5060999999996,2280.503299999997,4.4084461581202605,5120.0,51.015625,1.2272946166725882,3,0,0.0,0,115.37926161945268,2612.0,386,6.485712741427952,0,0,0,0.0,0.0,0.0,0.0,0.0,0.0,0.0,0.0,0,0,0,0,160,0.0,0,12,0.0,0,0.0,1440.0,4881.840300000004,0.0,0.0,0.0,0.0,2280.5060999999996,53634.29780000002,51967.5738,0.7867861301819454,459,285593.9077538573,53,49500.01158567189,4,6367.5346999999965,4,0.0,2,591.4476,6720.9322,43.08346957419819,0,0,538,538,8 + shareholders & share market,sumsy,1,-2.3283064365386963e-10
88,512,4,4,120635.71100000005,0.0,6392.084399999996,593.9651000000001,0.0,,0.0,0.0,0.0,0.0,0.0,0.0,0.0025,6888.7752,0.0,0.0,1.0,718.2380999999992,0.0,0.0,0.0,1.0,0.0,0.0,1.0,0.0,0,0,375.56685394273944,1.403634417431843,376.97048836017126,53.4278867048062,2.2866024967669434,55.714489201573144,0.0,0.0,0.0,0.0,0,0,0.0,0.0,0.0,1.0,1.0,0.0,0.0,0.0,0.0,0.5,0.25,0.0,-3828.139500760754,0.0,185,2560.0,2160.0674999999987,593.9651000000001,1015.3825,0.0,0.0,0.0,0.0,0.0,0,591.6394,2560.0,2160.0674999999987,1015.3825,274.0,0.0,0.0,0.015,6.511377610536212,6.935035925925954,13.958914836795245,NaN,6.040040600022241,17.722918317170514,1080.0,1063.0,540.0,2048.0,1421.0,204.0,156,0,0,2,51,28.0,2048.0,61048.56879999998,20182.8347,24075.827,224,544,0,53,0.6121371785438976,0.7866518867355261,0.5601663633828298,0,10198.697799999996,6921.594399999994,51,0,337.0,0,0,0,0.0,0,0.0,335156.8519419068,0.0,0,0,0,1.5,0,0.0,0,0,0.0,0,0.0,0,0,4704.154299999997,135.0,7848.0659000000005,4,2200.0074000000004,2200.006200000004,4.4084461581202605,5120.0,51.015625,1.227761781712619,0,0,0.0,0,0.0,2612.0,386,6.451350965711804,0,0,0,0.0,0.0,0.0,0.0,0.0,0.0,0.0,0.0,0,0,0,0,156,0.0,0,12,0.0,0,0.0,1440.0,4912.5697,0.0,0.0,0.0,0.0,2200.0074000000004,53447.51699999996,52106.72759999999,0.7872433045313123,459,285624.51275385765,53,49532.33918804929,4,6351.866099999999,4,0.0,2,591.6394,6888.7752,42.88043431695462,0,0,540,540,8 + shareholders & share market,sumsy,1,-2.3283064365386963e-10
89,512,4,4,121027.08099999998,0.0,6403.710699999998,606.7285999999998,0.0,,0.0,0.0,0.0,0.0,0.0,0.0,0.0025,7043.8293,0.0,0.0,1.0,730.5750000000004,0.0,0.0,0.0,1.0,0.0,0.0,1.0,0.0,2,0,362.88848710282434,1.5072584896788581,364.3957455925032,52.552700807592274,2.1486590440582245,54.7013598516505,0.0,0.0,0.0,0.0,0,0,0.0,0.0,0.0,1.0,1.0,0.0,0.0,0.0,0.0,0.5,0.25,0.0,-3892.060000760764,0.0,185,2560.0,2168.6299999999987,606.7285999999998,1018.0866999999994,0.0,0.0,0.0,0.0,0.0,0,591.948,2560.0,2168.6299999999987,1018.0866999999994,274.0,0.0,0.0,0.015,6.562387021475251,7.104974253731382,14.165787333333343,NaN,5.9045406780416165,18.069379727637237,1072.0,1071.0,536.0,2045.3333333333335,1398.0000000000002,204.0,162,0,0,1,49,27.0,2048.0,61124.214300000014,20350.4261,24131.414099999998,224,544,0,53,0.611929858469592,0.7861143463648745,0.5496858946886103,0,9868.250899999995,7028.3164999999935,49,0,300.0,0,0,0,0.0,0,0.0,329366.22891500266,0.0,0,0,0,1.5,0,0.0,0,0,0.0,0,0.0,0,0,4249.736200000003,120.0,7785.2492,4,2195.57,2195.567700000004,4.312958986184374,5120.0,51.025390625,1.2286395002445654,2,0,0.0,0,84.37013052357717,2612.5,386,6.429005900065103,0,0,0,0.0,0.0,0.0,0.0,0.0,0.0,0.0,0.0,0,0,0,0,162,0.0,0,12,0.0,0,0.0,1440.0,4926.266700000001,0.0,0.0,0.0,0.0,2195.57,53313.033400000015,52267.0894,0.7867508131483798,459,280552.8172066433,53,48813.4117083592,4,6307.576700000001,4,0.0,2,591.948,7043.8293,42.684782159974446,0,0,536,536,8 + shareholders & share market,sumsy,1,-2.3283064365386963e-10
90,512,4,4,121411.74169999993,0.0,6441.964099999997,630.0963999999999,0.0,,0.0,0.0,0.0,0.0,0.0,0.0,0.0025,7191.9626,0.0,0.0,1.0,736.3023000000006,0.0,0.0,0.0,1.0,0.0,0.0,1.0,0.0,1,0,360.4681565896753,1.2908620537384086,361.7590186434137,51.818055561385194,2.2450434680908313,54.06309902947602,0.0,0.0,0.0,0.0,0,0,0.0,0.0,0.0,1.0,1.0,0.0,0.0,0.0,0.0,0.5,0.25,0.0,-3956.095700760765,0.0,185,2560.0,2175.339300000002,630.0963999999999,1019.9245000000003,0.0,0.0,0.0,0.0,0.0,0,592.4678,2560.0,2175.339300000002,1019.9245000000003,274.0,0.0,0.0,0.015,6.559619012797072,7.04329701492538,14.453746894409932,NaN,5.992207171624852,17.527298335808123,1072.0,1094.0,536.0,2046.6666666666665,1407.0,204.0,159,0,0,3,58,42.0,2048.0,60969.01740000004,20354.5977,24343.7493,224,544,0,53,0.6082476513308546,0.787800833276338,0.5458745868261556,0,10049.141599999995,7176.223199999997,58,0,322.0,0,0,0,0.0,0,0.0,329377.0405207549,0.0,0,0,0,1.5,0,0.0,0,0,0.0,0,0.0,0,0,4654.106499999998,129.0,7959.9469,4,2246.8178,2246.8155,4.317056816802292,5120.0,51.023763020833336,1.2333374182458516,2,0,0.0,0,40.62570489658911,2612.4166666666665,386,6.504614203559028,0,0,0,0.0,0.0,0.0,0.0,0.0,0.0,0.0,0.0,0,0,0,0,159,0.0,0,12,0.0,0,0.0,1440.0,4897.891499999997,0.0,0.0,0.0,0.0,2246.8178,53816.3594,52658.293900000004,0.7883812167584983,459,280576.0413473552,53,48800.99917339958,4,6351.106499999998,4,0.0,2,592.4678,7191.9626,42.49624462688445,0,0,536,536,8 + shareholders & share market,sumsy,1,-2.3283064365386963e-10
91,512,4,4,121788.53349999993,0.0,6498.053799999997,647.4694000000002,0.0,,0.0,0.0,0.0,0.0,0.0,0.0,0.0025,7339.8657,0.0,0.0,1.0,735.9911999999996,0.0,0.0,0.0,1.0,0.0,0.0,1.0,0.0,0,0,360.9469760700678,1.3603950991077176,362.30737116917555,51.652959364365344,2.2846534003142662,53.93761276467961,0.0,0.0,0.0,0.0,0,0,0.0,0.0,0.0,1.0,1.0,0.0,0.0,0.0,0.0,0.5,0.25,0.0,-4020.51410076078,0.0,185,2560.0,2183.2081999999996,647.4694000000002,1022.3670999999999,0.0,0.0,0.0,0.0,0.0,0,592.6455000000001,2560.0,2183.2081999999996,1022.3670999999999,274.0,0.0,0.0,0.015,6.613691541353388,7.149746567717994,14.84006223564956,NaN,5.975731253753817,17.001479385733877,1078.0,1064.0,539.0,2044.0000000000002,1417.0,204.0,157,0,0,2,49,35.0,2048.0,60742.660399999986,20438.0989,24333.226799999997,224,544,0,53,0.6066848157607823,0.7886668949250841,0.5531018569899957,0,10090.218100000002,7036.967800000005,49,0,331.0,0,0,0,0.0,0,0.0,329282.4335511132,0.0,0,0,0,1.5,0,0.0,0,0,0.0,0,0.0,0,0,4912.060600000004,133.0,8342.0362,4,2247.6544999999996,2247.6563,4.320619408173788,5120.0,51.0205078125,1.239135484606514,2,0,0.0,0,35.463378903527676,2612.25,386,6.594914944118924,0,0,0,0.0,0.0,0.0,0.0,0.0,0.0,0.0,0.0,0,0,0,0,157,0.0,0,12,0.0,0,0.0,1440.0,4962.873699999997,0.0,0.0,0.0,0.0,2247.6544999999996,53423.38080000001,53113.3619,0.7892276883554452,459,280680.3283899578,53,48602.10516115555,4,6397.545399999999,4,0.0,2,592.6455000000001,7339.8657,42.31456300408863,0,0,539,539,8 + shareholders & share market,sumsy,1,-2.3283064365386963e-10
92,512,4,4,122157.15689999999,0.0,6553.9818000000005,651.844,0.0,,0.0,0.0,0.0,0.0,0.0,0.0,0.0025,7481.4894,0.0,0.0,1.0,742.0551000000003,0.0,0.0,0.0,1.0,0.0,0.0,1.0,0.0,3,0,400.74732301228494,1.3234436869195874,402.0707666992045,51.68214047433057,2.167249043449271,53.84938951777984,0.0,0.0,0.0,0.0,0,0,0.0,0.0,0.0,1.0,1.0,0.0,0.0,0.0,0.0,0.5,0.25,0.0,-4085.416400760773,0.0,185,2560.0,2191.3765999999973,651.844,1025.0182999999988,0.0,0.0,0.0,0.0,0.0,1,593.1083,2560.0,2191.3765999999973,1025.0182999999988,274.0,0.0,0.0,0.015,6.661419498607248,7.063617723880594,15.135328865979389,NaN,6.152228285022602,19.945018565780284,1072.0,1077.0,536.0,2045.3333333333333,1395.0,204.0,162,0,0,2,52,38.0,2048.0,61039.06319999998,20420.691700000003,24495.0955,224,544,0,53,0.6103432370617232,0.794758234889293,0.5635114106859267,0,10198.229800000008,7174.348800000006,52,0,291.0,0,0,0,0.0,0,0.0,362769.4981943292,0.0,0,0,0,1.5,0,0.0,0,0,0.0,0,0.0,0,0,4404.380700000002,117.0,8127.708799999999,4,2279.6205999999997,2279.6202000000058,4.862478611417958,5120.0,51.015625,1.2364482009155668,14,0,0.0,0,330.4795399028608,2612.0,385,6.6601368950737845,0,0,0,0.0,0.0,0.0,0.0,0.0,0.0,0.0,0.0,0,0,0,0,162,0.0,0,12,0.0,0,0.0,1440.0,4958.428899999997,0.0,0.0,0.0,0.0,2279.6205999999997,53682.39679999998,53043.49599999999,0.7952281319767887,459,314370.6429804281,53,48398.85521390065,4,6459.4962,4,0.0,2,593.1083,7481.4894,42.13948798575813,0,0,536,536,8 + shareholders & share market,sumsy,1,-2.3283064365386963e-10
93,512,4,4,122517.89330000008,0.0,6633.496399999995,680.3493000000002,0.0,,0.0,0.0,0.0,0.0,0.0,0.0,0.0025,7617.5538,0.0,0.0,1.0,747.4100999999993,0.0,0.0,0.0,1.0,0.0,0.0,1.0,0.0,1,0,399.3809826053266,1.3043944770825016,400.68537708240905,50.87458006190705,2.1581712901779095,53.03275135208495,0.0,0.0,0.0,0.0,0,0,0.0,0.0,0.0,1.0,1.0,0.0,0.0,0.0,0.0,0.5,0.25,0.0,-4150.9575007607755,0.0,185,2560.0,2199.263599999998,680.3493000000002,1027.5786999999998,0.0,0.0,0.0,0.0,0.0,0,593.5841,2560.0,2199.263599999998,1027.5786999999998,274.0,0.0,0.0,0.015,6.724296904315196,7.23071098696462,15.531162666666656,NaN,6.165677834102668,19.46301404814948,1074.0,1066.0,537.0,2045.3333333333335,1399.9999999999998,204.0,161,0,0,2,52,30.0,2048.0,61036.08639999999,20559.229399999997,24546.703700000002,224,544,0,53,0.6070161015614153,0.795017378232715,0.5650367780766106,0,10247.391599999994,7168.100499999999,52,0,300.0,0,0,0,0.0,0,0.0,363871.0420945025,0.0,0,0,0,1.5,0,0.0,0,0,0.0,0,0.0,0,0,4659.348799999997,120.0,8164.7359,4,2238.7941,2238.7938,4.881110623766189,5120.0,51.015625,1.2386519035882393,2,0,0.0,0,19.950099003544658,2612.0,384,6.696973144531252,0,0,0,0.0,0.0,0.0,0.0,0.0,0.0,0.0,0.0,0,0,0,0,161,0.0,0,12,0.0,0,0.0,1440.0,5027.963199999999,0.0,0.0,0.0,0.0,2238.7941,53956.550699999985,53270.669,0.7954864144992357,459,314876.9121237802,53,48994.12997072206,4,6461.935600000001,4,0.0,2,593.5841,7617.5538,41.97077933173055,0,0,537,537,8 + shareholders & share market,sumsy,1,-2.3283064365386963e-10
94,512,4,4,122871.89030000001,0.0,6585.827800000001,564.1611,0.0,,0.0,0.0,0.0,0.0,0.0,0.0,0.0025,7745.9697,0.0,0.0,1.0,754.4684999999998,0.0,0.0,0.0,1.0,0.0,0.0,1.0,0.0,2,0,396.8641002318787,1.20560213191391,398.0697023637926,50.45361486890809,2.1634517874317876,52.61706665633988,0.0,0.0,0.0,0.0,0,0,0.0,0.0,0.0,1.0,1.0,0.0,0.0,0.0,0.0,0.5,0.25,0.0,-4217.266500760778,0.0,185,2560.0,2206.003000000003,564.1611,1029.6287000000016,0.0,0.0,0.0,0.0,0.0,1,594.5001,2560.0,2206.003000000003,1029.6287000000016,274.0,0.0,0.0,0.015,6.7224656481481455,7.188465363128478,15.82577933333335,NaN,6.1418850566648855,19.089136434650147,1074.0,1080.0,537.0,2045.3333333333335,1400.0,204.0,161,0,0,1,53,34.0,2048.0,60804.5082,20679.2924,24716.576100000002,224,544,0,53,0.6061008689332368,0.7961244130980474,0.555065606434858,0,10219.412299999996,7260.262899999997,53,0,300.0,0,0,0,0.0,0,0.0,364513.0919275384,0.0,0,0,0,1.5,0,0.0,0,0,0.0,0,0.0,0,0,4747.7338000000045,120.0,8331.0438,4,2256.3750999999997,2256.3752,4.895312341911791,5120.0,51.017252604166664,1.2446382830825207,11,0,0.0,0,242.03892780831518,2612.0833333333335,384,6.776235392252605,0,0,0,0.0,0.0,0.0,0.0,0.0,0.0,0.0,0.0,0,0,0,0,161,0.0,0,12,0.0,0,0.0,1440.0,4975.722600000002,0.0,0.0,0.0,0.0,2256.3750999999997,53979.55880000001,53726.9123,0.7965418689829051,459,315486.43341041624,53,49026.658517122174,4,6424.444600000001,4,0.0,2,594.5001,7745.9697,41.808205537849425,0,0,537,537,8 + shareholders & share market,sumsy,1,-2.3283064365386963e-10
95,512,4,4,123217.25770000003,0.0,6634.200599999995,664.7323999999996,0.0,,0.0,0.0,0.0,0.0,0.0,0.0,0.0025,7874.9937,0.0,0.0,1.0,754.2594,0.0,0.0,0.0,1.0,0.0,0.0,1.0,0.0,1,0,398.68097342711394,1.2493266634826805,399.93030009059663,50.730525020778856,2.0378100179524132,52.76833503873127,0.0,0.0,0.0,0.0,0,0,0.0,0.0,0.0,1.0,1.0,0.0,0.0,0.0,0.0,0.5,0.25,0.0,-4283.124200760795,0.0,185,2560.0,2214.6325999999995,664.7323999999996,1032.6389,0.0,0.0,0.0,0.0,0.0,0,594.7547999999999,2560.0,2214.6325999999995,1032.6389,274.0,0.0,0.0,0.015,6.74830849492152,7.269937662337647,16.18875664335664,NaN,6.192276968588683,20.195377713483612,1078.0,1083.0,539.0,2046.6666666666667,1399.0,204.0,161,0,0,1,49,45.0,2048.0,60834.905499999935,20745.727,24837.8192,224,544,0,53,0.6097096954137564,0.7958970169921262,0.5563775264186366,0,10281.580199999988,7308.418100000006,49,0,286.0,0,0,0,0.0,0,0.0,365891.4634458376,0.0,0,0,0,1.5,0,0.0,0,0,0.0,0,0.0,0,0,4629.984399999999,115.0,8329.0575,4,2291.9377999999997,2291.939699999995,4.918776158817394,5120.0,51.015625,1.2462734924145582,1,0,0.0,0,6.859016482620996,2612.0,384,6.84074072265625,0,0,0,0.0,0.0,0.0,0.0,0.0,0.0,0.0,0.0,0,0,0,0,161,0.0,0,12,0.0,0,0.0,1440.0,5043.869,0.0,0.0,0.0,0.0,2291.9377999999997,53911.04339999994,53912.6037,0.7963370071859506,459,316897.9235408567,53,48993.5399049813,4,6482.995000000001,4,0.0,2,594.7547999999999,7874.9937,41.65154351829127,0,0,539,539,8 + shareholders & share market,sumsy,1,-2.3283064365386963e-10
96,512,4,4,123558.00349999998,0.0,6714.576499999999,705.7888000000003,0.0,,0.0,0.0,0.0,0.0,0.0,0.0,0.0025,7999.5898,0.0,0.0,1.0,757.1613000000003,0.0,0.0,0.0,1.0,0.0,0.0,1.0,0.0,3,0,396.80174006490984,1.1350825571644505,397.93682262207426,50.347605300603675,2.2392949214679034,52.58690022207158,0.0,0.0,0.0,0.0,0,0,0.0,0.0,0.0,1.0,1.0,0.0,0.0,0.0,0.0,0.5,0.25,0.0,-4349.467100760826,0.0,185,2560.0,2219.2542000000003,705.7888000000003,1033.6704000000004,0.0,0.0,0.0,0.0,0.0,0,595.0533,2560.0,2219.2542000000003,1033.6704000000004,274.0,0.0,0.0,0.015,6.796224976787367,7.300205981308423,16.393614685314684,NaN,6.215116544306389,20.200331208015665,1070.0,1077.0,535.0,2046.6666666666667,1391.0,204.0,164,0,0,3,56,45.0,2048.0,60832.33800000007,20771.1333,24981.9067,224,544,0,53,0.6065124540030826,0.7963462249241064,0.5678453560261427,0,10266.259700000004,7319.534299999994,56,0,286.0,0,0,0,0.0,0,0.0,365764.5262368166,0.0,0,0,0,1.5,0,0.0,0,0,0.0,0,0.0,0,0,4688.5738,115.0,8377.9824,4,2310.1351000000004,2310.1356999999944,4.918776158817394,5120.0,51.015625,1.2484918130679967,0,0,0.0,0,0.0,2612.0,384,6.869643663194442,0,0,0,0.0,0.0,0.0,0.0,0.0,0.0,0.0,0.0,0,0,0,0,164,0.0,0,12,0.0,0,0.0,1440.0,5097.762200000003,0.0,0.0,0.0,0.0,2310.1351000000004,54158.09620000002,54131.02240000001,0.7967884490603074,459,316493.35264085705,53,49271.17359595957,4,6573.548500000003,4,0.0,2,595.0533,7999.5898,41.500578299444314,0,0,535,535,8 + shareholders & share market,sumsy,1,-2.3283064365386963e-10
97,512,4,4,123891.34279999997,0.0,6644.9224000000095,567.8643999999998,0.0,,0.0,0.0,0.0,0.0,0.0,0.0,0.0025,8118.8651,0.0,0.0,1.0,762.5366999999995,0.0,0.0,0.0,1.0,0.0,0.0,1.0,0.0,1,0,394.92387850533237,1.1664358989207213,396.09031440425304,50.23004685477297,2.1781541283222334,52.40820098309521,0.0,0.0,0.0,0.0,0,0,0.0,0.0,0.0,1.0,1.0,0.0,0.0,0.0,0.0,0.5,0.25,0.0,-4416.611600760835,0.0,186,2560.0,2226.6607000000004,567.8732999999999,1036.1580000000001,0.0,0.0,0.0,0.0,0.0,0,595.6657,2560.0,2226.6607000000004,1036.1580000000001,274.0,0.0,0.0,0.015,6.850807627118642,7.236660073937157,16.531440671641807,NaN,6.293313831706445,21.870157986388197,1082.0,1062.0,541.0,2044.0,1396.0000000000002,204.0,162,0,0,3,52,34.0,2048.0,61049.864399999926,20931.8856,25056.5832,224,544,0,53,0.606747461615011,0.7968714384093107,0.5606353072715073,0,10401.45299999999,7275.557699999998,52,0,268.0,0,0,0,0.0,0,0.0,366702.5817056371,0.0,0,0,0,1.5,0,0.0,0,0,0.0,0,0.0,0,0,4430.426100000004,108.0,8138.478800000001,4,2269.1549999999997,2269.1584000000034,4.9296647134644385,5120.0,51.015625,1.2471374264706374,1,0,0.0,0,56.745533007257436,2612.0,384,6.819883816189236,0,0,0,0.0,0.0,0.0,0.0,0.0,0.0,0.0,0.0,0,0,0,0,162,0.0,0,12,0.0,0,0.0,1440.0,5020.384600000002,0.0,0.0,0.0,0.0,2269.1549999999997,54401.38249999996,54126.9476,0.7972698929742683,459,317363.03750055964,53,49339.544205077815,4,6489.4257,4,0.0,2,595.6657,8118.8651,41.35510272491906,0,0,541,541,8 + shareholders & share market,sumsy,1,-2.3283064365386963e-10
98,512,4,4,124217.72540000014,0.0,6629.926699999998,619.0400000000002,0.0,,0.0,0.0,0.0,0.0,0.0,0.0,0.0025,8232.0426,0.0,0.0,1.0,768.6618000000009,0.0,0.0,0.0,1.0,0.0,0.0,1.0,0.0,5,0,391.7551459917011,1.165158022588081,392.92030401428923,50.085629522984085,2.124047839214403,52.20967736219849,0.0,0.0,0.0,0.0,0,0,0.0,0.0,0.0,1.0,1.0,0.0,0.0,0.0,0.0,0.5,0.25,0.0,-4483.060600760851,0.0,186,2560.0,2233.617400000001,619.0400000000002,1038.4854999999995,0.0,0.0,0.0,0.0,0.0,0,595.6402,2560.0,2233.617400000001,1038.4854999999995,274.0,0.0,0.0,0.015,6.833055679702042,7.347474531835256,16.713911068702288,NaN,6.286738179184967,21.86355312777069,1068.0,1074.0,534.0,2044.0000000000002,1379.0,204.0,166,0,0,2,48,38.0,2048.0,61249.59529999993,21021.1893,25147.626600000003,224,544,0,53,0.6090532806389566,0.7956570207021252,0.5697347283093157,1,10281.020799999993,7338.701799999993,48,0,262.0,0,0,0,0.0,0,0.0,366908.7953107411,0.0,0,0,0,1.5,0,0.0,0,0,0.0,0,0.0,0,0,4379.0446999999995,105.0,7971.6314,4,2306.1189999999997,2306.1216999999997,4.930222956776908,5120.0,51.015625,1.2461159218941957,2,0,0.0,0,49.92226578564537,2612.0,384,6.808661607530382,0,0,0,0.0,0.0,0.0,0.0,0.0,0.0,0.0,0.0,0,0,0,0,166,0.0,0,12,0.0,0,0.0,1440.0,4981.213400000003,0.0,0.0,0.0,0.0,2306.1189999999997,54245.940299999944,54140.44730000001,0.7960939981215556,459,317490.2100392833,53,49418.58527145792,4,6485.839899999999,4,0.0,2,595.6402,8232.0426,41.214917171285634,0,0,534,534,8 + shareholders & share market,sumsy,1,-2.3283064365386963e-10
99,512,4,4,124537.51579999992,0.0,6831.169600000001,835.5459000000002,0.0,,0.0,0.0,0.0,0.0,0.0,0.0,0.0025,8347.0333,0.0,0.0,1.0,766.6676999999993,0.0,0.0,0.0,1.0,0.0,0.0,1.0,0.0,3,0,397.97242662593743,1.1171138234878095,399.0895404494252,50.2253090594307,2.1557649249754407,52.381073984406136,0.0,0.0,0.0,0.0,0,0,0.0,0.0,0.0,1.0,1.0,0.0,0.0,0.0,0.0,0.5,0.25,0.0,-4549.35730076084,0.0,186,2560.0,2240.2095999999997,835.5459000000002,1040.6227,0.0,0.0,0.0,0.0,0.0,0,595.7169,2560.0,2240.2095999999997,1040.6227,274.0,0.0,0.0,0.015,6.86085567970205,7.388297947761194,16.881040909090917,NaN,6.216409065941179,21.282074514024274,1072.0,1074.0,536.0,2045.3333333333335,1384.0000000000002,204.0,165,0,0,2,53,37.0,2048.0,61408.72620000001,20985.4867,25254.4838,224,544,0,53,0.6070882544901042,0.7963519927228824,0.5601880191504567,0,10211.784399999999,7368.559000000002,53,0,264.0,0,0,0,0.0,0,0.0,372200.4895200729,0.0,0,0,0,1.5,0,0.0,0,0,0.0,0,0.0,0,0,4456.594800000002,106.0,7946.0689,4,2278.7441,2278.7448000000004,5.016881553754292,5120.0,51.015625,1.24566189005756,2,0,0.0,0,71.09084018910201,2612.0,384,6.861882717556424,0,0,0,0.0,0.0,0.0,0.0,0.0,0.0,0.0,0.0,0,0,0,0,165,0.0,0,12,0.0,0,0.0,1440.0,5085.1477,0.0,0.0,0.0,0.0,2278.7441,54719.3764,54186.0394,0.7967672835277035,459,322184.46361060126,53,50016.025909471595,4,6647.321099999999,4,0.0,2,595.7169,8347.0333,41.07982927414796,0,0,536,536,8 + shareholders & share market,sumsy,1,-2.3283064365386963e-10
100,512,4,4,124850.60529999986,0.0,6800.702900000003,620.2402999999999,0.0,,0.0,0.0,0.0,0.0,0.0,0.0,0.0025,8458.8486,0.0,0.0,1.0,769.7888999999996,0.0,0.0,0.0,1.0,0.0,0.0,1.0,0.0,4,0,398.51393464762936,1.0731049048681118,399.58703955249746,50.18469289665486,2.1119813177934548,52.296674214448316,0.0,0.0,0.0,0.0,0,0,0.0,0.0,0.0,1.0,1.0,0.0,0.0,0.0,0.0,0.5,0.25,0.0,-4617.668300760836,0.0,186,2560.0,2246.910500000002,620.2402999999999,1042.8378000000002,0.0,0.0,0.0,0.0,0.0,0,596.7043,2560.0,2246.910500000002,1042.8378000000002,274.0,0.0,0.0,0.015,6.839505602240895,7.376964804469271,17.2703130597015,NaN,6.207884203119051,20.81453621634674,1074.0,1071.0,537.0,2045.3333333333333,1387.9999999999998,204.0,163,0,0,2,51,35.0,2048.0,61320.979100000004,21089.2632,25304.443,224,544,0,53,0.6087391755416736,0.7973653195025139,0.5567510558200841,1,10226.347199999995,7325.110499999999,51,0,268.0,0,0,0,0.0,0,0.0,373988.51946780627,0.0,0,0,0,1.5,0,0.0,0,0,0.0,0,0.0,0,0,4628.443900000002,108.0,8080.3670999999995,4,2321.5011000000004,2321.5039000000015,5.047617852327967,5120.0,51.015625,1.249197345268772,1,0,0.0,0,35.02246923351298,2612.0,383,6.908942206488717,0,0,0,0.0,0.0,0.0,0.0,0.0,0.0,0.0,0.0,0,0,0,0,163,0.0,0,12,0.0,0,0.0,1440.0,5019.149500000002,0.0,0.0,0.0,0.0,2321.5011000000004,54961.67780000002,54474.07330000001,0.7977327387454092,459,323374.7139868985,53,50613.8054809079,4,6630.822899999999,4,0.0,2,596.7043,8458.8486,40.949653664178946,0,0,537,537,8 + shareholders & share market,sumsy,1,-2.3283064365386963e-10
101,512,4,4,125156.21609999992,0.0,6818.639600000001,661.9776999999999,0.0,,0.0,0.0,0.0,0.0,0.0,0.0,0.0025,8573.2995,0.0,0.0,1.0,767.3919000000006,0.0,0.0,0.0,1.0,0.0,0.0,1.0,0.0,3,0,394.52087039948884,1.0313846726153726,395.55225507210423,50.54769829752057,1.9616877724916233,52.50938607001219,0.0,0.0,0.0,0.0,0,0,0.0,0.0,0.0,1.0,1.0,0.0,0.0,0.0,0.0,0.5,0.25,0.0,-4685.479800760829,0.0,186,2560.0,2254.3892,661.9776999999999,1045.4099000000008,0.0,0.0,0.0,0.0,0.0,4,596.8127,2560.0,2254.3892,1045.4099000000008,274.0,0.0,0.0,0.015,6.84623223744292,7.362575746268643,17.57004396887159,NaN,6.260643105410142,22.146313510084273,1072.0,1095.0,536.0,2045.3333333333333,1381.0,204.0,166,0,0,2,59,49.0,2048.0,61298.56859999994,21123.0819,25509.2915,224,544,0,53,0.6133848761006693,0.798071176068577,0.5649035310103012,0,10255.008800000001,7496.624299999998,59,0,257.0,0,0,0,0.0,0,0.0,368560.8125526615,0.0,0,0,0,1.5,0,0.0,0,0,0.0,0,0.0,0,0,4515.501299999999,103.0,8055.1619,4,2369.0051000000003,2369.006699999997,4.960617655094468,5120.0,51.027018229166664,1.251560977730116,4,0,0.0,0,120.84941165682667,2612.5833333333335,383,6.960684014214409,0,0,0,0.0,0.0,0.0,0.0,0.0,0.0,0.0,0.0,0,0,0,0,166,0.0,0,12,0.0,0,0.0,1440.0,4986.141600000004,0.0,0.0,0.0,0.0,2369.0051000000003,54762.42979999998,54687.535299999996,0.7984387010392222,459,318531.56376234547,53,50029.248790315796,4,6662.728200000001,4,0.0,2,596.8127,8573.2995,40.82421171275426,0,0,536,536,8 + shareholders & share market,sumsy,1,-2.3283064365386963e-10
102,512,4,4,125455.56110000004,0.0,6779.044799999995,599.9322,0.0,,0.0,0.0,0.0,0.0,0.0,0.0,0.0025,8686.683,0.0,0.0,1.0,768.1466999999991,0.0,0.0,0.0,1.0,0.0,0.0,1.0,0.0,7,0,394.03265249482354,0.9980590549701134,395.03071154979364,50.52315606709734,2.0246608000538564,52.54781686715119,0.0,0.0,0.0,0.0,0,0,0.0,0.0,0.0,1.0,1.0,0.0,0.0,0.0,0.0,0.5,0.25,0.0,-4753.666300760843,0.0,186,2560.0,2260.6550000000043,599.9322,1047.394800000001,0.0,0.0,0.0,0.0,0.0,0,597.027,2560.0,2260.6550000000043,1047.394800000001,274.0,0.0,0.0,0.015,6.914844634377964,7.405139629629613,17.883230278884465,NaN,6.258247289383162,22.579231148164855,1080.0,1053.0,540.0,2045.3333333333333,1387.0,204.0,164,0,0,0,44,34.0,2048.0,61415.515900000006,21282.037,25464.3683,224,544,0,53,0.6122692964933178,0.7976175126196747,0.5704254793936128,4,10286.704300000007,7281.331399999996,44,0,251.0,0,0,0,0.0,0,0.0,368786.66840948164,0.0,0,0,0,1.5,0,0.0,0,0,0.0,0,0.0,0,0,4488.6908,101.0,8009.9299,4,2335.8007,2335.7976000000026,4.96171382163461,5120.0,51.022135416666664,1.25161047233136,3,0,0.0,0,48.150131474119036,2612.3333333333335,383,6.923333902994791,0,0,0,0.0,0.0,0.0,0.0,0.0,0.0,0.0,0.0,0,0,0,0,164,0.0,0,12,0.0,0,0.0,1440.0,4980.163499999996,0.0,0.0,0.0,0.0,2335.8007,54913.79700000006,54756.3352,0.7979891409708026,459,318561.3361130163,53,50225.33229646525,4,6594.090899999999,4,0.0,2,597.027,8686.683,40.70333128683594,0,0,540,540,8 + shareholders & share market,sumsy,1,-2.3283064365386963e-10
103,512,4,4,125749.39319999996,0.0,6859.43039999999,721.4656000000001,0.0,,0.0,0.0,0.0,0.0,0.0,0.0,0.0025,8791.887,0.0,0.0,1.0,775.8477000000005,0.0,0.0,0.0,1.0,0.0,0.0,1.0,0.0,5,0,391.0752304833003,0.9863181661975049,392.0615486494978,50.10643308997036,1.9918405076787122,52.098273597649076,0.0,0.0,0.0,0.0,0,0,0.0,0.0,0.0,1.0,1.0,0.0,0.0,0.0,0.0,0.5,0.25,0.0,-4821.456100760848,0.0,186,2560.0,2266.1679000000013,721.4656000000001,1049.0729000000008,0.0,0.0,0.0,0.0,0.0,0,597.0083999999999,2560.0,2266.1679000000013,1049.0729000000008,274.0,0.0,0.0,0.015,6.871273684210532,7.268645046728984,18.2289868852459,NaN,6.3089246491828215,23.20682076069424,1070.0,1083.0,535.0,2048.0,1374.0,204.0,168,0,0,2,62,33.0,2048.0,61465.217200000014,21310.9482,25644.0422,224,544,0,53,0.6134262309494349,0.7972319249172981,0.5681626498408379,0,10274.488799999996,7441.589400000006,62,0,244.0,0,0,0,0.0,0,0.0,369573.2969542861,0.0,0,0,0,1.5,0,0.0,0,0,0.0,0,0.0,0,0,4447.872799999999,98.0,7940.2901999999995,4,2386.2318000000005,2386.2297999999996,4.973260641852623,5120.0,51.017252604166664,1.2528405778474356,3,0,0.0,0,28.100480510862788,2612.0833333333335,383,6.89365506998698,0,0,0,0.0,0.0,0.0,0.0,0.0,0.0,0.0,0.0,0,0,0,0,168,0.0,0,12,0.0,0,0.0,1440.0,4995.887199999994,0.0,0.0,0.0,0.0,2386.2318000000005,55072.88350000004,54895.28059999999,0.7975995297616179,459,319433.5037273252,53,50139.79322696086,4,6540.5077,4,0.0,2,597.0083999999999,8791.887,40.58684651276919,0,0,535,535,8 + shareholders & share market,sumsy,1,-2.3283064365386963e-10
104,512,4,4,126038.02000000005,0.0,6917.778599999999,700.0596000000002,0.0,,0.0,0.0,0.0,0.0,0.0,0.0,0.0025,8901.2265,0.0,0.0,1.0,770.9568000000005,0.0,0.0,0.0,1.0,0.0,0.0,1.0,0.0,3,0,393.8410364447883,0.893882453315615,394.7349188981039,49.929296737729295,2.0725455141897178,52.00184225191901,0.0,0.0,0.0,0.0,0,0,0.0,0.0,0.0,1.0,1.0,0.0,0.0,0.0,0.0,0.5,0.25,0.0,-4890.016022124297,0.0,186,2560.0,2271.3731999999964,700.0596000000002,1050.5566999999992,0.0,0.0,0.0,0.0,0.0,1,597.3892000000001,2560.0,2271.3731999999964,1050.5566999999992,274.0,0.0,0.0,0.015,6.888352968460107,7.359115129151272,18.465252083333326,NaN,6.259578071694395,23.511705603116525,1084.0,1078.0,542.0,2045.3333333333335,1386.0000000000002,204.0,165,0,0,1,54,34.0,2048.0,61517.61269999999,21436.7521,25698.731400000004,224,544,0,53,0.6095866838223538,0.7986282781059095,0.5719922297138966,1,10281.449499999984,7425.644499999996,54,0,240.0,0,0,0,0.0,0,0.0,369496.9462512828,0.0,0,0,0,1.5,0,0.0,0,0,0.0,0,0.0,0,0,4431.660499999998,96.0,7886.3081,4,2361.6499000000003,2361.6481,4.9705325683655746,5120.0,51.022135416666664,1.2539058051184189,5,0,0.0,0,80.1591596871137,2612.3333333333335,383,6.922929945203994,0,0,0,0.0,0.0,0.0,0.0,0.0,0.0,0.0,0.0,0,0,0,0,165,0.0,0,12,0.0,0,0.0,1440.0,4937.392699999997,0.0,0.0,0.0,0.0,2361.6499000000003,55396.02620000001,55021.791600000004,0.7989315325867588,459,319340.9442986606,53,50156.0019526218,4,6476.4973000000045,4,0.0,2,597.3892000000001,8901.2265,40.47459754866849,0,0,542,542,8 + shareholders & share market,sumsy,1,-2.3283064365386963e-10
105,512,4,4,126321.06969999998,0.0,6888.291499999996,614.7542000000001,0.0,,0.0,0.0,0.0,0.0,0.0,0.0,0.0025,9008.2025,0.0,0.0,1.0,772.8744000000004,0.0,0.0,0.0,1.0,0.0,0.0,1.0,0.0,7,0,394.47538252833067,0.8521265073527025,395.32750903568336,49.751037786924066,2.1168415770140223,51.867879363938094,0.0,0.0,0.0,0.0,0,0,0.0,0.0,0.0,1.0,1.0,0.0,0.0,0.0,0.0,0.5,0.25,0.0,-4959.193622124308,0.0,186,2560.0,2276.9503,614.7542000000001,1052.2669000000003,0.0,0.0,0.0,0.0,0.0,0,597.9625000000001,2560.0,2276.9503,1052.2669000000003,274.0,0.0,0.0,0.015,6.855980338664159,7.268725650557619,18.73080371900826,NaN,6.26701298264049,23.235973643004673,1076.0,1063.0,538.0,2046.6666666666667,1379.0000000000002,204.0,166,0,0,2,46,29.0,2048.0,61611.97430000001,21472.29,25699.817800000004,224,544,0,53,0.6065930752282904,0.797890498206451,0.5656974092451614,0,10246.1502,7287.9071,46,0,242.0,0,0,0,0.0,0,0.0,371112.7538801478,0.0,0,0,0,1.5,0,0.0,0,0,0.0,0,0.0,0,0,4532.8544999999995,97.0,7930.8225999999995,4,2399.8941,2399.892000000004,4.994722475233883,5120.0,51.0302734375,1.2542686933366507,4,0,0.0,0,122.00735032945231,2612.75,383,6.924299818250868,0,0,0,0.0,0.0,0.0,0.0,0.0,0.0,0.0,0.0,0,0,0,0,166,0.0,0,12,0.0,0,0.0,1440.0,4833.415299999999,0.0,0.0,0.0,0.0,2399.8941,55299.222100000006,55102.93040000001,0.7982091526543373,459,321324.19227068895,53,49788.56160945881,4,6417.0497,4,0.0,2,597.9625000000001,9008.2025,40.36643036508053,0,0,538,538,8 + shareholders & share market,sumsy,1,-2.3283064365386963e-10
106,512,4,4,126598.63800000004,0.0,6834.829099999999,587.7882000000001,0.0,,0.0,0.0,0.0,0.0,0.0,0.0,0.0025,9118.1957,0.0,0.0,1.0,769.2431000000001,0.0,0.0,0.0,1.0,0.0,0.0,1.0,0.0,7,0,442.9030511043642,0.8562370117284869,443.75928811609265,50.16055164903806,2.166634556665445,52.32718620570351,0.0,0.0,0.0,0.0,0,0,0.0,0.0,0.0,1.0,1.0,0.0,0.0,0.0,0.0,0.5,0.25,0.0,-5028.077522124312,0.0,186,2560.0,2282.4317000000005,587.7882000000001,1053.8895000000002,0.0,0.0,0.0,0.0,0.0,0,598.018,2560.0,2282.4317000000005,1053.8895000000002,274.0,0.0,0.0,0.015,6.838282656826568,7.3740734579439025,19.139269512195128,NaN,6.280534419877419,22.850621480878278,1070.0,1084.0,535.0,2045.3333333333335,1375.0,204.0,167,0,0,2,52,39.0,2048.0,61477.10729999998,21534.81,25755.9542,224,544,0,53,0.6080358211668357,0.8093065761678446,0.5745489011049849,0,10242.666199999998,7412.698399999999,52,0,246.0,0,0,0,0.0,0,0.0,410434.44823520695,0.0,0,0,0,1.5,0,0.0,0,0,0.0,0,0.0,0,0,4708.260300000002,99.0,8114.5527999999995,4,2464.6382,2464.6348,5.636477378119718,5120.0,51.025390625,1.2582674465216628,6,0,0.0,0,111.66475158113406,2612.5,383,6.9368706054687514,0,0,0,0.0,0.0,0.0,0.0,0.0,0.0,0.0,0.0,0,0,0,0,167,0.0,0,12,0.0,0,0.0,1440.0,4753.390900000003,0.0,0.0,0.0,0.0,2464.6382,55204.256600000015,55405.31700000001,0.8092752331279469,459,360581.2155541375,53,49853.23268106951,4,6366.561200000002,4,0.0,2,598.018,9118.1957,40.262196533623076,0,0,535,535,8 + shareholders & share market,sumsy,1,-2.3283064365386963e-10
107,512,4,4,126870.57689999994,0.0,6919.323599999996,729.2696000000001,0.0,,0.0,0.0,0.0,0.0,0.0,0.0,0.0025,9229.5947,0.0,0.0,1.0,767.2542000000005,0.0,0.0,0.0,1.0,0.0,0.0,1.0,0.0,9,0,444.88100609788285,0.7442481202624925,445.6252542181453,50.48321220901522,2.1503453931029974,52.633557602118216,0.0,0.0,0.0,0.0,0,0,0.0,0.0,0.0,1.0,1.0,0.0,0.0,0.0,0.0,0.5,0.25,0.0,-5096.425722124321,0.0,186,2560.0,2288.0611000000004,729.2696000000001,1055.5718000000004,0.0,0.0,0.0,0.0,0.0,0,597.8098,2560.0,2288.0611000000004,1055.5718000000004,274.0,0.0,0.0,0.015,6.893335569852941,7.350023694029864,19.393771681415917,NaN,6.37584856155049,25.667191304656566,1072.0,1088.0,536.0,2045.3333333333335,1369.0,204.0,169,0,0,1,56,48.0,2048.0,61735.72349999997,21506.3247,25909.6355,224,544,0,53,0.6084626459319933,0.8105384737497956,0.5779367376427382,0,10330.078900000013,7499.9491,56,0,226.0,0,0,0,0.0,0,0.0,411636.0070945572,0.0,0,0,0,1.5,0,0.0,0,0,0.0,0,0.0,0,0,4382.992399999997,91.0,7891.4887,4,2439.566,2439.5673999999967,5.652936673459235,5120.0,51.015625,1.2557851976673238,3,0,0.0,0,43.51282967419819,2612.0,383,6.922440090603298,0,0,0,0.0,0.0,0.0,0.0,0.0,0.0,0.0,0.0,0,0,0,0,169,0.0,0,12,0.0,0,0.0,1440.0,4760.228199999999,0.0,0.0,0.0,0.0,2439.566,55470.527899999965,55307.44890000001,0.8104606454866528,459,361597.4196773844,53,50038.58741717303,4,6412.3782999999985,4,0.0,2,597.8098,9229.5947,40.16175302330951,0,0,536,536,8 + shareholders & share market,sumsy,1,-2.3283064365386963e-10
108,512,4,4,127136.78059999995,0.0,6957.404899999995,688.5350000000002,0.0,,0.0,0.0,0.0,0.0,0.0,0.0,0.0025,9334.5445,0.0,0.0,1.0,773.4303,0.0,0.0,0.0,1.0,0.0,0.0,1.0,0.0,8,0,441.2292469657197,0.8817314877147596,442.1109784534345,50.21561944555954,2.096885910865715,52.312505356425255,0.0,0.0,0.0,0.0,0,0,0.0,0.0,0.0,1.0,1.0,0.0,0.0,0.0,0.0,0.5,0.25,0.0,-5165.619522124338,0.0,186,2560.0,2293.796299999998,688.5350000000002,1057.3923999999993,0.0,0.0,0.0,0.0,0.0,0,598.1149,2560.0,2293.796299999998,1057.3923999999993,274.0,0.0,0.0,0.015,7.008880115273777,7.4626037105751335,19.70000123966943,NaN,6.461759052090897,24.897175565516864,1078.0,1041.0,539.0,2046.6666666666667,1381.0,204.0,166,0,0,1,37,29.0,2048.0,61909.52119999996,21580.7205,25782.6495,224,544,0,53,0.6067122917418177,0.8106360310012974,0.5821390318934847,2,10521.330399999992,7296.244200000002,37,0,242.0,0,0,0,0.0,0,0.0,411768.5512062941,0.0,0,0,0,1.5,0,0.0,0,0,0.0,0,0.0,0,0,4767.400300000002,97.0,7931.23,4,2372.1313,2372.128399999999,5.652936673459235,5120.0,51.015625,1.2547190646212296,0,0,0.0,0,0.0,2612.0,383,6.894590291341146,0,0,0,0.0,0.0,0.0,0.0,0.0,0.0,0.0,0.0,0,0,0,0,166,0.0,0,12,0.0,0,0.0,1440.0,4851.698699999996,0.0,0.0,0.0,0.0,2372.1313,55526.86999999996,55294.6,0.8105638312417045,459,361577.9669773836,53,50190.584228910426,4,6431.950700000001,4,0.0,2,598.1149,9334.5445,40.06496200428008,0,0,539,539,8 + shareholders & share market,sumsy,1,-2.3283064365386963e-10
109,512,4,4,127398.13959999997,0.0,6974.489900000004,671.9674000000003,0.0,,0.0,0.0,0.0,0.0,0.0,0.0,0.0025,9426.1453,0.0,0.0,1.0,786.3944999999991,0.0,0.0,0.0,1.0,0.0,0.0,1.0,0.0,6,0,435.75321892089147,0.8657673070187181,436.61898622791017,49.25434566490427,2.095394049367449,51.34973971427172,0.0,0.0,0.0,0.0,0,0,0.0,0.0,0.0,1.0,1.0,0.0,0.0,0.0,0.0,0.5,0.25,0.0,-5235.19192212436,0.0,186,2560.0,2298.641,671.9674000000003,1058.8790999999994,0.0,0.0,0.0,0.0,0.0,0,598.5791999999999,2560.0,2298.641,1058.8790999999994,274.0,0.0,0.0,0.015,6.998633487940623,7.572291541353377,20.117454508196733,NaN,6.490117555263457,24.15026029855136,1064.0,1078.0,532.0,2046.6666666666665,1368.0,204.0,169,0,0,1,56,28.0,2048.0,61702.050500000056,21634.0212,25883.5231,224,544,0,53,0.6059672521254731,0.8111586665707231,0.5807862241936579,0,10480.9269,7544.526899999992,56,0,244.0,0,0,0,0.0,0,0.0,413777.4957832749,0.0,0,0,0,1.5,0,0.0,0,0,0.0,0,0.0,0,0,4908.658900000003,98.0,8153.8203,4,2409.0283000000004,2409.027199999997,5.689820694592011,5120.0,51.015625,1.260025460910098,2,0,0.0,0,76.93810370829846,2612.0,383,6.986728597005207,0,0,0,0.0,0.0,0.0,0.0,0.0,0.0,0.0,0.0,0,0,0,0,169,0.0,0,12,0.0,0,0.0,1440.0,4809.040200000009,0.0,0.0,0.0,0.0,2409.0283000000004,55288.307100000035,55671.3646,0.8110645333087443,459,363500.4803174783,53,50277.015465796576,4,6460.796899999998,4,0.0,2,598.5791999999999,9426.1453,39.971690658669914,0,0,532,532,8 + shareholders & share market,sumsy,1,-2.3283064365386963e-10
110,512,4,4,127654.376,0.0,6990.358599999997,674.0097999999997,0.0,,0.0,0.0,0.0,0.0,0.0,0.0,0.0025,9518.6149,0.0,0.0,1.0,785.2470000000006,0.0,0.0,0.0,1.0,0.0,0.0,1.0,0.0,10,0,510.32290691598433,0.6907806774704073,511.01368759345473,49.027815272105116,2.161954821299977,51.189770093405095,0.0,0.0,0.0,0.0,0,0,0.0,0.0,0.0,1.0,1.0,0.0,0.0,0.0,0.0,0.5,0.25,0.0,-5304.937122124353,0.0,186,2560.0,2303.7635999999998,674.0097999999997,1060.493600000001,0.0,0.0,0.0,0.0,0.0,0,599.0584,2560.0,2303.7635999999998,1060.493600000001,274.0,0.0,0.0,0.015,7.034255680751178,7.568136734693875,20.513976991150436,NaN,6.430591595646279,25.66614957483756,1078.0,1065.0,539.0,2046.6666666666667,1375.0000000000002,204.0,167,0,0,2,44,27.0,2048.0,61687.027899999994,21770.0622,25932.1382,224,544,0,53,0.6043237623524276,0.8231885459789399,0.5754920940198087,0,10444.968600000004,7491.482300000004,44,0,226.0,0,0,0,0.0,0,0.0,471494.87980900507,0.0,0,0,0,1.5,0,0.0,0,0,0.0,0,0.0,0,0,4636.158799999998,91.0,8147.4744,4,2364.664,2364.6689,6.629404497808814,5120.0,51.015625,1.262131835662515,1,0,0.0,0,115.24439245651959,2612.0,383,7.021297064887154,0,0,0,0.0,0.0,0.0,0.0,0.0,0.0,0.0,0.0,0,0,0,0,167,0.0,0,12,0.0,0,0.0,1440.0,4806.857100000001,0.0,0.0,0.0,0.0,2364.664,55356.22109999999,55849.67479999999,0.8230091260677557,459,419940.9100202694,53,51553.969788735776,4,6436.286099999999,4,0.0,2,599.0584,9518.6149,39.88181099835466,0,0,539,539,8 + shareholders & share market,sumsy,1,-2.3283064365386963e-10
111,512,4,4,127904.78579999977,0.0,7036.726400000007,706.7015000000001,0.0,,0.0,0.0,0.0,0.0,0.0,0.0,0.0025,9607.3045,0.0,0.0,1.0,789.2454000000004,0.0,0.0,0.0,1.0,0.0,0.0,1.0,0.0,11,0,507.36485384049143,0.6794837775239739,508.0443376180154,48.947726687272684,2.0691900359174253,51.01691672319011,0.0,0.0,0.0,0.0,0,0,0.0,0.0,0.0,1.0,1.0,0.0,0.0,0.0,0.0,0.5,0.25,0.0,-5374.839822124366,0.0,186,2560.0,2309.5902,706.7015000000001,1062.5084999999992,0.0,0.0,0.0,0.0,0.0,0,599.4068,2560.0,2309.5902,1062.5084999999992,274.0,0.0,0.0,0.015,7.0257449769585305,7.454136210131331,20.728630875576016,NaN,6.511375732681113,26.99545641357197,1066.0,1085.0,533.0,2045.3333333333333,1359.0000000000002,204.0,171,0,0,2,51,39.0,2048.0,61864.54870000001,21682.542699999998,26150.826799999995,224,544,0,53,0.6066582514015166,0.8230422730659861,0.5867129563072528,1,10447.5106,7622.933300000006,51,0,217.0,0,0,0,0.0,0,0.0,471564.9012757821,0.0,0,0,0,1.5,0,0.0,0,0,0.0,0,0.0,0,0,4498.1128999999955,87.0,8000.1563,4,2438.0910999999996,2438.0924,6.629404497808814,5120.0,51.015625,1.261102122900261,0,0,0.0,0,0.0,2612.0,383,7.031392754448784,0,0,0,0.0,0.0,0.0,0.0,0.0,0.0,0.0,0.0,0,0,0,0,171,0.0,0,12,0.0,0,0.0,1440.0,4805.566200000002,0.0,0.0,0.0,0.0,2438.0910999999996,55182.80269999997,55833.5258,0.8228586988343136,459,420227.6162202693,53,51337.285055512846,4,6524.3845,4,0.0,2,599.4068,9607.3045,39.795199689323596,0,0,533,533,8 + shareholders & share market,sumsy,1,-2.3283064365386963e-10
112,512,4,4,128149.70210000004,0.0,7138.641200000001,765.2138,0.0,,0.0,0.0,0.0,0.0,0.0,0.0,0.0025,9696.9758,0.0,0.0,1.0,788.2865999999995,0.0,0.0,0.0,1.0,0.0,0.0,1.0,0.0,11,0,507.694553462825,0.6455224241924625,508.34007588701746,48.96491085270128,1.997613154798991,50.96252400750027,0.0,0.0,0.0,0.0,0,0,0.0,0.0,0.0,1.0,1.0,0.0,0.0,0.0,0.0,0.5,0.25,0.0,-5445.208422124382,0.0,186,2560.0,2315.0836999999965,765.2138,1064.3476999999998,0.0,0.0,0.0,0.0,0.0,0,599.6854000000001,2560.0,2315.0836999999965,1064.3476999999998,274.0,0.0,0.0,0.015,7.07939489795918,7.625798694029868,21.17462580645161,NaN,6.448444190291629,26.467507507459448,1072.0,1078.0,536.0,2045.3333333333335,1365.0,204.0,170,0,0,0,51,42.0,2048.0,61888.915400000034,21707.369,26238.725100000003,224,544,0,53,0.6067178372868303,0.8222354530677121,0.5824638655382957,0,10399.69450000001,7631.5876999999955,51,0,217.0,0,0,0,0.0,0,0.0,471466.1630310402,0.0,0,0,0,1.5,0,0.0,0,0,0.0,0,0.0,0,0,4594.893799999999,87.0,8018.0314,4,2421.2816000000003,2421.275999999998,6.629404497808814,5120.0,51.015625,1.2624887843106587,0,0,0.0,0,0.0,2612.0,383,7.045971245659722,0,0,0,0.0,0.0,0.0,0.0,0.0,0.0,0.0,0.0,0,0,0,0,170,0.0,0,12,0.0,0,0.0,1440.0,4858.368100000001,0.0,0.0,0.0,0.0,2421.2816000000003,54903.74340000004,55964.1255,0.822083932757699,459,419994.9506202694,53,51471.2124107707,4,6628.793999999998,4,0.0,2,599.6854000000001,9696.9758,39.71173788243911,0,0,536,536,8 + shareholders & share market,sumsy,1,-2.3283064365386963e-10
113,512,4,4,128390.44750000014,0.0,7278.4052,807.6448,0.0,,0.0,0.0,0.0,0.0,0.0,0.0,0.0025,9780.1912,0.0,0.0,1.0,794.3097000000002,0.0,0.0,0.0,1.0,0.0,0.0,1.0,0.0,12,0,528.5671327384139,0.6228418424330013,529.189974580847,47.8499079370894,2.0440291047837675,49.893937041873166,0.0,0.0,0.0,0.0,0,0,0.0,0.0,0.0,1.0,1.0,0.0,0.0,0.0,0.0,0.5,0.25,0.0,-5516.495622124389,0.0,186,2560.0,2319.2546000000016,807.6448,1065.5930000000014,0.0,0.0,0.0,0.0,0.0,3,600.4007,2560.0,2319.2546000000016,1065.5930000000014,274.0,0.0,0.0,0.015,7.093393494423791,7.507314711359432,21.47237045454545,NaN,6.476697447040246,26.267487203419915,1074.0,1076.0,537.0,2048.0,1368.0,204.0,170,0,0,0,57,37.0,2048.0,61909.12490000006,21590.154899999998,26379.944999999996,224,544,0,53,0.6011544505530002,0.8233427917261831,0.5735421027518006,0,10458.032600000002,7632.491399999999,57,0,220.0,0,0,0,0.0,0,0.0,495122.4511087536,0.0,0,0,0,1.5,0,0.0,0,0,0.0,0,0.0,0,0,4723.9214999999995,88.0,8130.630799999999,4,2421.605,2421.6026999999976,7.01717282769328,5120.0,51.015625,1.2640000636619568,6,0,0.0,0,118.54416880728907,2612.0,383,7.067408081054688,0,0,0,0.0,0.0,0.0,0.0,0.0,0.0,0.0,0.0,0,0,0,0,170,0.0,0,12,0.0,0,0.0,1440.0,4974.248500000003,0.0,0.0,0.0,0.0,2421.605,54499.23040000005,56100.7307,0.8231530584000244,459,442322.0297995862,53,52800.421309167104,4,6799.185999999998,4,0.0,2,600.4007,9780.1912,39.63131105035041,0,0,537,537,8 + shareholders & share market,sumsy,1,-2.3283064365386963e-10
114,512,4,4,128626.33810000005,0.0,7149.638399999996,544.5759999999999,0.0,,0.0,0.0,0.0,0.0,0.0,0.0,0.0025,9861.7355,0.0,0.0,1.0,795.8805000000002,0.0,0.0,0.0,1.0,0.0,0.0,1.0,0.0,9,0,527.836059123949,0.7429844934856719,528.5790436174346,47.39787033700297,2.076735206016741,49.47460554301971,0.0,0.0,0.0,0.0,0,0,0.0,0.0,0.0,1.0,1.0,0.0,0.0,0.0,0.0,0.5,0.25,0.0,-5588.97232293068,0.0,186,2560.0,2324.109399999998,544.5759999999999,1067.1776999999997,0.0,0.0,0.0,0.0,0.0,2,601.1976999999999,2560.0,2324.109399999998,1067.1776999999997,274.0,0.0,0.0,0.015,7.0673489776951754,7.463064695009277,21.98036796536795,NaN,6.509320021777263,25.479462587317318,1082.0,1076.0,541.0,2048.0,1381.0,204.0,166,0,0,1,53,37.0,2048.0,61475.8974,21763.1135,26459.231900000002,224,544,0,53,0.6000616736218642,0.8225227333244371,0.5775643696203425,2,10596.226599999989,7604.467500000009,53,0,231.0,0,0,0,0.0,0,0.0,495237.7438211639,0.0,0,0,0,1.5,0,0.0,0,0,0.0,0,0.0,0,0,5077.4649999999965,93.0,8465.162100000001,4,2460.2311999999997,2460.2296000000015,7.024096878957807,5120.0,51.015625,1.2728642497347606,14,0,0.0,0,203.92102094697984,2612.0,383,7.153114501953124,0,0,0,0.0,0.0,0.0,0.0,0.0,0.0,0.0,0.0,0,0,0,0,166,0.0,0,12,0.0,0,0.0,1440.0,4920.514500000001,0.0,0.0,0.0,0.0,2460.2311999999997,53962.14610000001,56687.50749999999,0.8223532066181967,459,442256.76033445605,53,52980.98348670778,4,6658.719000000001,4,0.0,2,601.1976999999999,9861.7355,39.55380883033766,0,0,541,541,8 + shareholders & share market,sumsy,1,-2.3283064365386963e-10
115,512,4,4,128856.03679999999,0.0,7096.9883999999975,620.7368999999999,0.0,,0.0,0.0,0.0,0.0,0.0,0.0,0.0025,9946.7112,0.0,0.0,1.0,792.9581999999992,0.0,0.0,0.0,1.0,0.0,0.0,1.0,0.0,11,0,529.9293247846922,0.7639553233179027,530.6932801080101,47.22338922585214,1.9486682589066544,49.17205748475879,0.0,0.0,0.0,0.0,0,0,0.0,0.0,0.0,1.0,1.0,0.0,0.0,0.0,0.0,0.5,0.25,0.0,-5660.343222930702,0.0,186,2560.0,2330.3013000000014,620.7368999999999,1069.4124000000004,0.0,0.0,0.0,0.0,0.0,4,601.1127,2560.0,2330.3013000000014,1069.4124000000004,274.0,0.0,0.0,0.015,7.130529275092931,7.607092750929407,22.48165409090908,NaN,6.636239286105139,27.828337982419367,1076.0,1076.0,538.0,2046.6666666666665,1369.9999999999998,204.0,169,0,0,1,48,42.0,2048.0,61374.046400000014,21878.6694,26519.3466,224,544,0,53,0.6028733552831012,0.822131554044712,0.5810250608650898,1,10699.121100000004,7672.449499999993,48,0,220.0,0,0,0,0.0,0,0.0,495149.54141469044,0.0,0,0,0,1.5,0,0.0,0,0,0.0,0,0.0,0,0,4945.963899999997,88.0,8536.150500000002,4,2516.0777000000007,2516.0791999999983,7.024096878957807,5120.0,51.015625,1.2762176176894813,0,0,0.0,0,0.0,2612.0,383,7.197142035590278,0,0,0,0.0,0.0,0.0,0.0,0.0,0.0,0.0,0.0,0,0,0,0,169,0.0,0,12,0.0,0,0.0,1440.0,4945.028600000001,0.0,0.0,0.0,0.0,2516.0777000000007,53629.209400000036,56934.1665,0.8219771094160526,459,442271.2630344553,53,52878.278380235235,4,6628.341200000001,4,0.0,2,601.1127,9946.7112,39.47912487287083,0,0,538,538,8 + shareholders & share market,sumsy,1,-2.3283064365386963e-10
116,512,4,4,129082.63320000001,0.0,7219.962099999998,792.0122999999999,0.0,,0.0,0.0,0.0,0.0,0.0,0.0,0.0025,10023.8204,0.0,0.0,1.0,800.0471999999995,0.0,0.0,0.0,1.0,0.0,0.0,1.0,0.0,10,0,528.1533369143117,0.6803840012496769,528.8337209155613,46.20590892535335,2.1063479176306075,48.312256842983956,0.0,0.0,0.0,0.0,0,0,0.0,0.0,0.0,1.0,1.0,0.0,0.0,0.0,0.0,0.5,0.25,0.0,-5731.082122930724,0.0,186,2560.0,2333.403600000001,792.0122999999999,1070.1870000000017,0.0,0.0,0.0,0.0,0.0,4,600.7965,2560.0,2333.403600000001,1070.1870000000017,274.0,0.0,0.0,0.015,7.22162072243346,7.71008897196259,23.03502876106193,NaN,6.7055857239688414,27.271397585679654,1070.0,1052.0,535.0,2046.6666666666667,1367.0,204.0,169,0,0,1,43,28.0,2048.0,61298.12100000005,21871.495300000002,26499.868300000002,223,545,0,53,0.5951080497014232,0.8212566042893743,0.5877877393172928,2,10777.106400000008,7597.145,43,0,226.0,0,0,0,0.0,0,0.0,498001.320854099,0.0,0,0,0,1.5,0,0.0,0,0,0.0,0,0.0,0,0,5205.916499999997,91.0,8788.5317,4,2482.15,2482.148999999996,7.0743344207513665,5120.0,51.018880208333336,1.2798957633324084,8,0,0.0,0,119.61955664735326,2612.1666666666665,383,7.263028008355033,0,0,0,0.0,0.0,0.0,0.0,0.0,0.0,0.0,0.0,0,0,0,0,169,0.0,0,12,0.0,0,0.0,1440.0,4981.8402,0.0,0.0,0.0,0.0,2482.15,53379.327200000036,57159.89530000001,0.821130584428323,459,444212.79621552886,53,53788.52463857007,4,6731.702899999998,4,0.0,2,600.7965,10023.8204,39.407156695675525,0,0,535,535,8 + shareholders & share market,sumsy,1,-2.3283064365386963e-10
117,512,4,4,129304.94860000002,0.0,7279.716300000003,735.825,0.0,,0.0,0.0,0.0,0.0,0.0,0.0,0.0025,10090.7507,0.0,0.0,1.0,810.2676000000006,0.0,0.0,0.0,1.0,0.0,0.0,1.0,0.0,11,0,521.6892611729485,0.5691159095753131,522.2583770825238,45.56421882425673,2.1008336095916524,47.66505243384838,0.0,0.0,0.0,0.0,0,0,0.0,0.0,0.0,1.0,1.0,0.0,0.0,0.0,0.0,0.5,0.25,0.0,-5803.212297477284,0.0,186,2560.0,2337.6845999999996,735.825,1071.627,0.0,0.0,0.0,0.0,0.0,1,601.5219999999999,2560.0,2337.6845999999996,1071.627,274.0,0.0,0.0,0.015,7.289324444444447,7.799999625468172,23.37809227272726,NaN,6.838684761422199,28.94206692080022,1068.0,1080.0,534.0,2046.6666666666665,1362.0,204.0,171,1,1,1,58,29.0,2047.0,61083.79670000001,21967.3998,26697.6842,223,545,0,53,0.5923332872380065,0.8215484274431413,0.5849539638826782,1,10929.5999,7872.470400000003,58,0,220.0,0,0,1,0.0,0,0.0,498017.3304384655,0.0,0,0,0,1.5,0,0.0,0,0,0.0,0,0.0,0,0,5143.180299999997,88.0,8863.7952,4,2493.467,2493.464100000003,7.079015397173723,5120.0,51.015625,1.285286185237508,2,0,0.0,0,14.861844418940777,2612.0,383,7.33917542860243,0,0,0,0.0,0.0,0.0,0.0,0.0,0.0,0.0,0.0,0,0,0,0,171,0.0,0,12,0.0,0,0.0,1440.0,4945.022500000004,0.0,0.0,0.0,0.0,2493.467,53533.2034,57528.87920000001,0.8214152992253232,459,444418.7099938176,53,53598.620444647975,4,6773.502900000001,4,0.0,2,601.5219999999999,10090.7507,39.33780554310549,0,0,534,534,8 + shareholders & share market,sumsy,1,-2.3283064365386963e-10
118,512,4,4,129522.02429999996,0.0,7508.9298999999955,914.8866,0.0,,0.0,0.0,0.0,0.0,0.0,0.0,0.0025,10150.8216,0.0,0.0,1.0,817.8615000000007,0.0,0.0,0.0,1.0,0.0,0.0,1.0,0.0,10,0,521.0190429592384,0.597907958584684,521.6169509178231,44.39722836146159,2.0078822137098973,46.405110575171484,0.0,0.0,0.0,0.0,0,0,0.0,0.0,0.0,1.0,1.0,0.0,0.0,0.0,0.0,0.5,0.25,0.0,-5876.008397477291,0.0,187,2560.0,2342.9242999999997,915.3866,1073.6186999999995,0.0,0.0,0.0,0.0,0.0,0,602.2995,2560.0,2342.9242999999997,1073.6186999999995,274.0,0.0,0.0,0.015,7.395358494031221,7.9171857142856865,24.007124324324323,NaN,6.877710659868879,28.895588623892177,1078.0,1089.0,539.0,2045.6666666666667,1373.0,204.0,168,0,0,1,55,40.0,2048.0,60698.354099999975,22054.945499999998,26950.971,223,545,0,53,0.5901816730226781,0.8206066230580562,0.5810237059534025,0,11065.607499999996,8053.5454,55,0,222.0,0,0,0,0.0,0,0.0,501844.3542790269,0.0,0,0,0,1.5,0,0.0,0,0,0.0,0,0.0,0,0,5329.5815999999995,89.0,9064.632599999999,4,2449.0769,2449.080899999993,7.150140180259381,5120.0,51.015625,1.2935096216893351,1,0,0.0,0,11.69136718755446,2612.0,382,7.407606933593748,0,0,0,0.0,0.0,0.0,0.0,0.0,0.0,0.0,0.0,0,0,0,0,168,0.0,0,12,0.0,0,0.0,1440.0,5068.331099999994,0.0,0.0,0.0,0.0,2449.0769,52620.40539999998,58070.549100000004,0.8205182652748313,459,446719.3575354456,53,55124.996743581345,4,6916.040200000001,4,0.0,2,602.2995,10150.8216,39.27097625062892,0,0,539,539,8 + shareholders & share market,sumsy,1,-2.3283064365386963e-10
119,512,4,4,129736.1981999998,0.0,7637.9551,830.1468000000002,0.0,,0.0,0.0,0.0,0.0,0.0,0.0,0.0025,10198.9507,0.0,0.0,1.0,829.7598000000003,0.0,0.0,0.0,1.0,0.0,0.0,1.0,0.0,11,0,511.4481571441318,0.6579228706928912,512.1060800148248,42.790587310776196,2.174454636865311,44.96504194764151,0.0,0.0,0.0,0.0,0,0,0.0,0.0,0.0,1.0,1.0,0.0,0.0,0.0,0.0,0.5,0.25,0.0,-5951.097597477304,0.0,187,2560.0,2345.8261000000007,830.1468000000002,1074.5713999999982,0.0,0.0,0.0,0.0,0.0,0,603.9953,2560.0,2345.8261000000007,1074.5713999999982,274.0,0.0,0.0,0.015,7.49679227144204,7.926879182156125,24.34898538812786,NaN,6.997650479097504,29.848428694780342,1076.0,1061.0,538.0,2046.6666666666665,1370.0,204.0,169,0,0,1,44,34.0,2048.0,60604.009500000066,22070.8877,27092.2053,223,545,0,53,0.5787295483074384,0.8199968288722668,0.5838072963422671,1,11212.756500000012,7954.096600000004,44,0,219.0,0,0,0,0.0,0,0.0,499989.1203501634,0.0,0,0,0,1.5,0,0.0,0,0,0.0,0,0.0,0,0,5332.427800000001,88.0,9166.1497,4,2452.4831,2452.483600000005,7.124704421446736,5120.0,51.0302734375,1.2971488806520526,3,0,0.0,0,140.87500512569875,2612.75,382,7.490223876953124,0,0,0,0.0,0.0,0.0,0.0,0.0,0.0,0.0,0.0,0,0,0,0,169,0.0,0,12,0.0,0,0.0,1440.0,5209.327600000005,0.0,0.0,0.0,0.0,2452.4831,52358.80340000003,58329.24270000001,0.8199388259797171,459,445183.8590419818,53,54805.26130818186,4,7099.7954999999965,4,0.0,2,603.9953,10198.9507,39.206577114242414,0,0,538,538,8 + shareholders & share market,sumsy,1,-2.3283064365386963e-10
120,512,4,4,129945.80619999977,0.0,7764.613800000006,826.0446000000002,0.0,,0.0,0.0,0.0,0.0,0.0,0.0,0.0025,10236.7461,0.0,0.0,1.0,841.1378999999995,0.0,0.0,0.0,1.0,0.0,0.0,1.0,0.0,15,0,506.50870413879846,0.5442564776964707,507.05296061649494,42.91104129569519,2.131745859256532,45.04278715495173,0.0,0.0,0.0,0.0,0,0,0.0,0.0,0.0,1.0,1.0,0.0,0.0,0.0,0.0,0.5,0.25,0.0,-6027.477597477319,0.0,187,2560.0,2350.3919999999994,826.0446000000002,1076.4412999999995,0.0,0.0,0.0,0.0,0.0,0,605.4678,2560.0,2350.3919999999994,1076.4412999999995,274.0,0.0,0.0,0.015,7.591834346224669,8.086878878504676,24.834671707317064,NaN,7.118705297792623,30.20479122913797,1070.0,1086.0,535.0,2046.6666666666667,1364.0,204.0,170,0,0,1,52,45.0,2048.0,60499.21480000002,22217.5163,27382.9533,223,545,0,53,0.5817816991178639,0.8215839488857062,0.5924439826496417,0,11337.849500000006,8244.73209999999,52,0,205.0,0,0,0,0.0,0,0.0,501537.0970794776,0.0,0,0,0,1.5,0,0.0,0,0,0.0,0,0.0,0,0,5091.107699999998,88.0,9003.9079,4,2458.6516,2458.6510000000017,7.153266881054105,5120.0,51.023763020833336,1.3010765099564667,4,0,0.0,0,67.28936476379748,2612.4166666666665,382,7.565619737413196,0,0,0,0.0,0.0,0.0,0.0,0.0,0.0,0.0,0.0,0,0,0,0,170,0.0,0,12,0.0,0,0.0,1440.0,5281.3844,0.0,0.0,0.0,0.0,2458.6516,52496.265199999994,58604.377499999995,0.8214824913632253,459,447068.189652279,53,54468.90742719858,4,7188.062799999996,4,0.0,2,605.4678,10236.7461,39.1445197646336,0,0,535,535,8 + shareholders & share market,sumsy,1,-2.3283064365386963e-10
