round,persons_alive,farms_open,bakeries_open,money_in_circulation,money_in_dead_balances,outstanding_debt,peer_lent,government_debt,termination,government_peer_debt,government_bank_debt,bonds_outstanding,government_arrears,bonds_issued,coupons,bond_rate,government_cash,government_reserve_target,surplus_redistributed,tax_scale,government_outlay,tax_shortfall,tax_policy_step,consumption_tax,consumption_tax_scale,wealth_tax,wealth_tax_base,wealth_tax_scale,clearing_residue,negative_wealth_persons,zero_cash_persons,wealth_gap_meals,wealth_bottom10_meals,wealth_top10_meals,cash_gap_meals,cash_bottom10_meals,cash_top10_meals,invoices_issued,invoices_paid,invoices_open,invoices_overdue,liquidations,refoundings,bad_debt,bank_bailouts,profit_tax,profit_tax_scale,parking_tax_scale,income_tax_accrued,income_tax_charged,wealth_tax_arrears,consumption_tax_rate_now,bracket_top_rate,bracket_bottom_rate,bank_retained_interest,cumulative_interest_paid,cumulative_write_offs,cumulative_credit_refusals,money_created,money_destroyed,credit_demand,tax,enterprise_tax,deposit_interest,buffer_pool,insurance_premiums,insurance_payouts,missed_payments,cash_banks,gi_created,demurrage_destroyed,demurrage_tax,account_fees,fees,trade_arrears,interest_rate,price_bread,price_grain,price_ticket,price_rent,price_wage,wage_bid_producers,bread_baked,bread_sold,grain_harvested,labour_offered,labour_sold,government_labour,unemployed,hungry,without_bread,half_meals,gluttons,bread_stocked,total_capacity,cash_persons,cash_farms,cash_bakeries,land_persons,land_farms,land_banks,landholders,gini_cash_persons,gini_net_wealth_persons,gini_income_persons,persons_below_meal,persons_income,bread_bill,gluttony_attempted,gluttony_refused,tickets_sold,n_greedy,hungry_greedy,hungry_others,cash_greedy,land_greedy,wealth_greedy,wealth_persons,bread_greedy,greedy_loaves,greedy_tickets,ration,tier_multiplier,tier_sold,tier_revenue,n_consumers,n_hoarders,wealth_hoarders,land_hoarders,shares_hoarders,greedy_land,greedy_shares,ticket_revenue,theatre_labour,cash_theatres,theatres_open,dividends,dividend_income_persons,share_price_mean,share_units_per_firm,founders_stake_pct,book_per_unit_mean,share_trades,share_trades_deferred,share_contracts_outstanding,share_seizures,share_volume,founders_stake_mean,outside_holders,forward_value_mean,coop_worker_open,coop_consumer_open,coop_member_open,coop_retained_reserve,coop_buffer_pledged,buffer_pledged_persons,patronage_wages,rebates,membership_capital,reserved_labour,coop_worker_hours,coop_members_worker,coop_members_consumer,worker_members,unemployed_members,unemployed_nonmembers,rebate_income_persons,coop_open,forprofit_open,cash_coops,coop_members,coop_capital,founder_capital,founder_debt,reserve_shortfall_owned,reserve_shortfall_coops,reserve_shortfall_forprofit,dividends_coops,dividends_forprofit,founders_cash,cash_forprofit,gini_net_wealth_all,n_workers,wealth_workers,n_landowners,wealth_landowners,n_farms,wealth_farms,n_bakeries,wealth_bakeries,n_banks,wealth_banks,wealth_government,land_price,deaths,closures,production_target_farms,production_target_bakeries,rung,system,seed,identity
1,512,4,4,26737.980600000064,0.0,1089.7887000000007,1089.788700000001,407.7,,407.7,0.0,0.0,0.0,0.0,0.0,0.0025,122.2283,1683.0,0.0,0.9588,561.0,804.7812333333329,0.02,153.3000000000007,1.02,0.0,0.0,1.02,0.0,2,1,71.38609447365533,1.662867357527519,73.04896183118285,10.23270705882353,1.7516792156862748,11.984386274509806,0.0,0.0,0.0,0.0,0,0,0.0,0.0,0.0,1.02,1.02,0.0,0.0,0.0,0.0612,0.5,0.25,0.0,0.0,0.0,54,2560.0,247.29940000000028,7849.989300000004,276.4760000000004,0.0,0.0,0.0,0.0,0.0,0,258.1752,2560.0,247.29940000000028,123.17600000000014,274.0,0.0,3739.6,0.0,5.0,5.200000000000013,2.0,NaN,3.594822888283399,3.9200000000000013,320.0,303.0,160.0,2048.0,734.0,204.0,328,0,0,0,191,0.0,2048.0,19451.80030000002,0.0,4338.3963,586,182,0,102,0.27030272634046737,0.6545641666857416,0.6648312848196016,6,5099.9586999999965,1515.0,0,0,520.0,512,0,0,19451.80030000002,586,69625.43876302706,69625.43876302706,0.0,303,520,0,1.5,0,0.0,512,512,69625.43876302706,586,61440.0,0,412,1040.0,208.0,2567.3805,4,32.8531,32.85269999999999,0.622631255708054,5120.0,86.1181640625,0.22348269531249998,690,0,0.0,0,6711.1607590565745,4409.25,299,0.52041015625,0,0,0,0.0,0.0,0.0,0.0,0.0,0.0,0.0,0.0,0,0,0,0,328,0.0,0,12,0.0,0,0.0,1440.0,353.24420000000003,2280.8037000000004,0.0,2280.8037000000004,0.0,32.8531,11066.217900000014,6905.776800000001,0.6539700680764466,410,32786.087299640676,102,36839.35146338656,4,0.0,4,424.27420000000006,2,258.1752,-285.4717,37.5,0,0,160,160,S4 rung 12 + everyone greedy,sumsy,8,-1.4551915228366852e-11
2,512,4,4,28973.04019999999,0.0,12311.824369230744,3550.576300000002,482.7712,,482.7712,0.0,0.0,0.0,0.0,0.0,0.0025,163.2759,1683.0,0.0,0.91929744,561.0,665.5292499999996,0.02,363.7005000000005,1.0404,0.0,0.0,1.0404,0.0,4,3,107.80525819170543,1.1360151970238053,108.94127338872924,12.25260431372549,1.4101196078431373,13.662723921568627,0.0,0.0,0.0,0.0,0,0,0.0,0.0,0.0,1.0404,1.0404,0.0,0.0,0.0,0.062424,0.5,0.25,0.0,-6.741899999999995,0.0,60,2560.0,324.94040000000047,9409.038199999999,527.6149000000005,0.0,0.0,0.0,0.0,0.0,5,392.73659999999995,2560.0,324.94040000000047,164.8936000000002,274.0,0.0,2865.9725999999764,0.015,4.972383490971627,5.490974345549718,2.0,1.1354647058823533,3.545449999999991,26.665146874999994,1146.0,1163.0,573.0,2048.0,1384.0,204.0,166,0,0,1,51,0.0,2048.0,18895.792,0.0,7297.719599999999,382,386,0,66,0.3713308930766175,0.7130233849431624,0.6324948322462425,8,5303.049299999997,5782.882000000001,0,0,80.0,512,0,0,18895.792,382,89417.16636142417,89417.16636142417,0.0,140,80,0,1.5,0,0.0,512,512,89417.16636142417,382,61440.0,0,1925,160.0,32.0,2223.5161,4,216.40529999999998,216.398900000001,0.8215243679639893,5120.0,75.38899739583333,0.2245642993164063,2068,0,0.0,0,8295.5095552061,3859.9166666666665,347,0.6467904744203824,0,0,0,0.0,0.0,0.0,0.0,0.0,0.0,0.0,0.0,0,0,0,0,166,0.0,0,12,0.0,0,0.0,1440.0,1285.4196999999997,15298.628965879885,0.0,15298.628965879885,0.0,216.40529999999998,13250.496700000002,9521.235700000001,0.7114714175116492,446,67893.27206967489,66,21523.89429174929,4,0.0,4,413.83760000000007,2,392.73659999999995,-319.49530000000004,37.77043269230769,0,0,573,573,S4 rung 12 + everyone greedy,sumsy,8,-1.4551915228366852e-11
3,512,4,4,31170.552400000008,0.0,17511.682041176486,5203.789200000004,459.6116999999999,,458.63249999999994,0.0,0.0,0.9792,0.0,0.0,0.0025,208.5433,1679.8992000000007,0.0,0.8814223854719999,557.8992000000007,573.5125000000007,0.02,440.8116999999983,1.061208,0.0,0.0,1.061208,0.0,11,1,157.88958274175718,0.8613096648757199,158.7508924066329,7.873019375860292,1.2848396946604221,9.157859070520715,0.0,0.0,0.0,0.0,0,0,0.0,0.0,0.0,1.061208,1.061208,0.0,0.0,0.0,0.06367247999999999,0.5,0.25,0.0,-52.61299999999999,0.0,67,2560.0,362.4877999999999,11100.532699999998,626.6266999999987,0.0,0.0,0.0,0.0,0.0,206,388.8239,2560.0,362.4877999999999,186.9165,274.0,0.0,1950.216599999993,0.015,5.395318881685575,5.494482820097245,2.0,1.3410999999999995,3.538359518531892,25.865192468749996,1234.0,1234.0,617.0,2046.6666666666667,1521.0,204.0,131,1,1,0,70,0.0,2047.0,17343.215699999997,0.0,12071.250399999999,378,390,0,65,0.2786849607661901,0.7485103896226719,0.4619716550917641,9,8501.419599999981,6657.8234999999995,0,0,202.0,512,1,0,17343.215699999997,378,125470.29601021114,125470.29601021114,0.0,212,202,0,1.5,0,0.0,512,512,125470.29601021114,378,61440.0,0,1252,404.0,81.0,1158.7191,4,37.0569,37.058499999999825,1.200396737107067,5120.0,74.326171875,0.3386564815027573,1406,0,0.0,0,2506.285431257158,3805.5,352,0.9583757646901528,0,0,0,0.0,0.0,0.0,0.0,0.0,0.0,0.0,0.0,0,0,0,0,131,0.0,0,12,0.0,0,0.0,1440.0,2113.4130999999998,13319.544184200726,0.0,13319.544184200726,0.0,37.0569,11944.632299999997,13229.9695,0.7458178652471537,447,96402.61603959788,65,29067.679970613237,4,0.0,4,392.624,2,491.7996,-250.08919999999995,56.77323529411766,0,0,617,617,S4 rung 12 + everyone greedy,sumsy,8,-1.4551915228366852e-11
4,512,4,4,33336.01180000001,0.0,17209.719000000012,1160.6321999999996,434.49379999999996,,434.49379999999996,0.0,0.0,0.0,0.0,0.0,0.0025,248.8777,1713.9404250000007,0.0,0.8451077831905535,605.3547000000002,534.7259416666678,0.02,459.64319999999753,1.08243216,0.0,0.0,1.08243216,0.0,16,1,167.71452073069767,0.5800675730301389,168.29458830372783,6.851867445575753,1.5110095640585435,8.362877009634296,0.0,0.0,0.0,0.0,0,0,0.0,0.0,0.0,1.08243216,1.08243216,0.0,0.0,0.0,0.0649459296,0.5,0.25,0.0,-148.3478000000001,0.0,73,2560.0,394.5405999999999,4119.578699999998,669.0494999999977,0.0,0.0,0.0,0.0,0.0,17,410.26099999999997,2560.0,394.5405999999999,207.32559999999975,274.0,0.0,854.8439999999962,0.015,5.644780033277867,5.572565391014985,2.0,1.4528526066350704,3.462081457207461,25.089236694687497,1202.0,1202.0,601.0,2047.0,1495.0,204.0,138,1,1,0,46,0.0,2047.0,18604.99570000001,83.20930000000001,12755.892600000001,394,374,0,79,0.24348499216404318,0.7580884219143216,0.3849247792356827,4,9019.344899999993,6785.025599999995,0,0,217.0,512,1,0,18604.99570000001,394,143285.77996058686,143285.77996058686,0.0,180,217,0,1.5,0,0.0,512,512,143285.77996058686,394,61440.0,0,889,434.0,87.0,1232.7755,4,72.47550000000001,72.48339999999995,1.4106500449314296,5120.0,73.7353515625,0.42146477376302066,1024,0,0.0,0,1338.9687822195526,3775.25,345,1.2379293513230538,0,0,0,0.0,0.0,0.0,0.0,0.0,0.0,0.0,0.0,0,0,0,0,138,0.0,0,12,0.0,0,0.0,1440.0,2911.6500999999994,12290.685343695111,0.0,12290.685343695111,0.0,72.47550000000001,12383.979600000002,14071.8774,0.7554762465944,433,97040.81705745892,79,46244.9629031281,4,0.0,4,371.74170000000004,2,607.5252,-185.61609999999996,67.05499999999998,0,0,601,601,S4 rung 12 + everyone greedy,sumsy,8,-1.4551915228366852e-11
5,512,4,4,35465.19099999999,0.0,17419.704299999994,1092.9025,410.35510000000005,,410.35510000000005,0.0,0.0,0.0,0.0,0.0,0.0025,302.0905,1751.1584400000006,0.0,0.8102893425231027,633.3434999999998,504.5930666666664,0.02,480.3159000000059,1.1040808032,0.0,0.0,1.1040808032,0.0,13,0,167.95573330287667,0.5777002087591321,168.53343351163582,7.290351292549465,1.5057383484561175,8.796089641005583,0.0,0.0,0.0,0.0,0,0,0.0,0.0,0.0,1.1040808032,1.1040808032,0.0,0.0,0.0,0.066244848192,0.5,0.25,0.0,-250.53659999999974,0.0,75,2560.0,430.8208000000002,1883.713,710.978200000006,0.0,0.0,0.0,0.0,0.0,19,387.7607,2560.0,430.8208000000002,230.66230000000027,274.0,0.0,0.0,0.015,5.66910106907895,5.660793749999988,2.0,1.56661452991453,3.372745449595435,24.33655959384687,1216.0,1216.0,608.0,2047.0,1523.0,204.0,131,0,0,0,56,0.0,2048.0,19936.088400000015,46.105900000000005,13476.1691,394,374,0,80,0.23633963655170942,0.7597635066002613,0.30696254713611526,7,8806.155699999985,6893.626900000003,0,0,251.0,512,0,0,19936.088400000015,394,150702.60664405447,150702.60664405447,0.0,192,251,0,1.5,0,0.0,512,512,150702.60664405447,394,61440.0,0,827,502.0,101.0,1316.9764,4,80.3461,80.35450000000014,1.4856538361546816,5120.0,73.26497395833333,0.47891112050904655,946,0,0.0,0,1474.2710249231502,3751.1666666666665,335,1.4378854409064912,0,0,0,0.0,0.0,0.0,0.0,0.0,0.0,0.0,0.0,0,0,0,0,131,0.0,0,12,0.0,0,0.0,1440.0,3490.1040999999973,12068.296458027648,0.0,12068.296458027648,0.0,80.3461,12500.386099999978,14839.2514,0.7573639508990728,432,95808.83002667964,80,54893.77661737479,4,0.0,4,350.5281000000002,2,716.4531,-108.26460000000003,72.64263033175352,0,0,608,608,S4 rung 12 + everyone greedy,sumsy,8,-1.4551915228366852e-11
6,512,4,4,37549.93749999997,0.0,19840.258899999993,3389.412600000001,386.2164,,386.2164,0.0,0.0,0.0,0.0,0.0,0.0025,395.8289,1777.3347000000003,0.0,0.7769054216111508,636.0719999999995,460.50193333333345,0.02,498.05049999999807,1.126162419264,0.0,0.0,1.126162419264,0.0,20,0,183.22817751252836,0.25401843828845755,183.48219595081682,5.088720630855575,1.5056358771481702,6.594356508003745,0.0,0.0,0.0,0.0,0,0,0.0,0.0,0.0,1.126162419264,1.126162419264,0.0,0.0,0.0,0.06756974515584001,0.5,0.25,0.0,-358.0428999999999,0.0,80,2560.0,475.2535000000006,5155.203600000001,756.6522999999975,0.0,0.0,0.0,0.0,0.0,5,171.9968,2560.0,475.2535000000006,258.6018000000002,274.0,0.0,0.0,0.015,5.6246048780487765,5.635751382113797,2.0,1.7177834024896275,3.3200873007395653,23.60646280603147,1230.0,1230.0,615.0,2048.0,1556.0,204.0,122,0,0,0,71,0.0,2048.0,18554.84990000001,781.7348000000001,16273.9075,394,374,0,80,0.18875829299731017,0.7704301820894941,0.3013465921038678,4,8055.495499999997,6918.263999999996,0,0,300.0,512,0,0,18554.84990000001,394,163267.21282784455,163267.21282784455,0.0,206,300,0,1.5,0,0.0,512,512,163267.21282784455,394,61440.0,0,835,600.0,120.0,1371.6196,4,79.8959,79.89630000000004,1.6580639955815137,5120.0,72.82552083333333,0.5485811866764599,942,0,0.0,0,1549.6389015006123,3728.6666666666665,331,1.493756092815943,0,0,0,0.0,0.0,0.0,0.0,0.0,0.0,0.0,0.0,0,0,0,0,122,0.0,0,12,0.0,0,0.0,1440.0,4278.492600000001,8966.88136502327,0.0,8966.88136502327,0.0,79.8959,11208.214299999998,18427.261899999998,0.7680252768408178,432,104748.50199734484,80,58518.7108304997,4,0.0,4,329.31449999999995,2,839.2098,9.612499999999955,78.3307264957265,0,0,615,615,S4 rung 12 + everyone greedy,sumsy,8,-1.4551915228366852e-11
7,512,4,4,39588.79219999991,0.0,19981.51679999999,1278.3527000000004,362.0777,,362.0777,0.0,0.0,0.0,0.0,0.0,0.0025,501.432,1793.8922142857145,0.0,0.7448969182407714,631.0791,430.8200714285715,0.02,477.08020000000477,1.14868566764928,0.0,0.0,1.14868566764928,0.0,19,0,192.10777222450722,0.028250237688761635,192.136022462196,7.346862913280326,1.3604028366925927,8.707265749972917,0.0,0.0,0.0,0.0,0,0,0.0,0.0,0.0,1.14868566764928,1.14868566764928,0.0,0.0,0.0,0.0689211400589568,0.5,0.25,0.0,-493.2277000000003,0.0,86,2560.0,521.1452999999999,2960.0088,765.639500000005,0.0,0.0,0.0,0.0,0.0,4,398.18449999999996,2560.0,521.1452999999999,288.5593000000001,274.0,0.0,0.0,0.015,5.563072297297293,5.525974999999986,2.0,1.9074559633027526,3.204981796173168,22.89826892185052,1184.0,1184.0,592.0,2048.0,1485.0,204.0,140,0,0,4,58,0.0,2048.0,19468.127600000003,1399.8914,16479.7414,394,374,0,80,0.24682713598587758,0.773996813414263,0.3358980512831593,10,7627.804399999993,6586.6775999999945,0,0,237.0,512,0,0,19468.127600000003,394,169685.2134774572,169685.2134774572,0.0,164,237,0,1.5,0,0.0,512,512,169685.2134774572,394,61440.0,0,786,474.0,95.0,1341.4153000000001,4,171.6052,171.5930999999999,1.7167863451889958,5120.0,64.55729166666667,0.6207183907317062,877,0,0.0,0,2335.731789449283,3305.3333333333335,334,1.6752969240159237,0,0,0,0.0,0.0,0.0,0.0,0.0,0.0,0.0,0.0,0,0,0,0,140,0.0,0,12,0.0,0,0.0,1440.0,5169.717900000003,7616.6945441219395,0.0,7616.6945441219395,0.0,171.6052,11392.388499999997,19221.0481,0.7709382381268961,432,107306.43649214576,80,62378.776985311924,4,0.0,4,558.1388000000002,2,1069.1088,139.35430000000002,85.88917012448137,0,0,592,592,S4 rung 12 + everyone greedy,sumsy,8,-1.4551915228366852e-11
8,512,4,4,41585.73919999997,0.0,20141.530899999994,1355.9094999999995,337.939,,337.939,0.0,0.0,0.0,0.0,0.0,0.0025,673.0975,1803.7227375000004,0.0,0.7142071652092515,624.1788000000003,376.8750791666668,0.02,511.76140000000856,1.1716593810022657,0.0,0.0,1.1716593810022657,0.0,24,1,219.14447996113296,-0.29068545415399194,218.85379450697897,8.707820377826149,1.4498928635977009,10.15771324142385,0.0,0.0,0.0,0.0,0,0,0.0,0.0,0.0,1.1716593810022657,1.1716593810022657,0.0,0.0,0.0,0.07029956286013594,0.5,0.25,0.0,-632.5964305304243,0.0,95,2560.0,563.0529999999991,3174.5064,828.2945000000095,0.0,0.0,0.0,0.0,0.0,10,373.2249,2560.0,563.0529999999991,316.5330999999997,274.0,0.0,0.0,0.015,5.492305510534843,5.615939222042144,2.0,1.9800008264462803,3.243354423624232,22.211320854195005,1234.0,1234.0,617.0,2042.6666666666667,1569.9999999999998,204.0,118,1,1,1,73,0.0,2047.0,20213.08120000001,1999.3299000000002,16861.3985,393,375,0,80,0.2797132475744224,0.7843999858920072,0.3159039637165779,8,8007.558299999991,6777.504999999996,0,0,324.0,512,1,0,20213.08120000001,393,188791.72689009286,188791.72689009286,0.0,214,324,0,1.5,0,0.0,512,512,188791.72689009286,393,61440.0,0,1254,648.0,130.0,1465.6072,4,167.9863,167.9798,1.9704482619009338,5120.0,62.794596354166664,0.7111969533191179,1320,0,0.0,0,1942.4538878273913,3215.0833333333335,323,1.9442926947864476,0,0,0,0.0,0.0,0.0,0.0,0.0,0.0,0.0,0.0,0,0,0,0,118,0.0,0,12,0.0,0,0.0,1440.0,5646.564699999999,7463.792392789928,0.0,7463.792392789928,0.0,167.9863,11566.005900000011,20326.3356,0.7817768954242394,432,119447.63929656886,80,69344.08759352363,4,0.0,4,525.2515999999996,2,1195.7350000000001,335.15849999999995,95.37279816513762,0,0,617,617,S4 rung 12 + everyone greedy,sumsy,8,-1.4551915228366852e-11
9,512,4,4,43547.20909999996,0.0,20189.150099999984,1316.048199999999,313.80030000000005,,313.80030000000005,0.0,0.0,0.0,0.0,0.0,0.0025,884.1974,1808.7218000000003,0.0,0.6847818300026304,616.2380999999996,308.17480000000006,0.02,522.8891000000028,1.195092568622311,0.0,0.0,1.195092568622311,0.0,26,0,238.05143124069124,-0.41173131560616083,237.6396999250851,9.808056746719702,1.5831647553337171,11.391221502053419,0.0,0.0,0.0,0.0,0,0,0.0,0.0,0.0,1.195092568622311,1.195092568622311,0.0,0.0,0.0,0.07170555411733866,0.5,0.25,0.0,-778.0441022534541,0.0,100,2560.0,598.5300999999997,1930.9172999999987,864.1321000000027,0.0,0.0,0.0,0.0,0.0,5,357.90409999999997,2560.0,598.5300999999997,341.2430000000003,274.0,0.0,0.0,0.015,5.418037540983596,5.527924367088621,2.0,1.9987560311284074,3.202468507507357,21.544981228569153,1264.0,1220.0,632.0,2045.6666666666665,1636.0,204.0,102,2,2,3,79,0.0,2046.0,20956.868000000024,2636.5035,17067.170599999998,393,375,0,80,0.28919093455126466,0.789676822304717,0.284274285890602,2,8178.767800000004,6610.005799999987,0,0,414.0,512,2,0,20956.868000000024,393,199864.4409458048,199864.4409458048,0.0,204,414,0,1.5,0,0.0,512,512,199864.4409458048,393,61440.0,0,788,828.0,166.0,1644.5655,4,101.3604,101.36620000000005,2.1294162321962165,5120.0,61.502278645833336,0.7631758902322227,849,0,0.0,0,2206.2600498232855,3148.9166666666665,323,2.1347870887622302,0,0,0,0.0,0.0,0.0,0.0,0.0,0.0,0.0,0.0,0,0,0,0,102,0.0,0,12,0.0,0,0.0,1440.0,6466.587100000002,7300.801142179554,0.0,7300.801142179554,0.0,101.3604,11837.109899999998,21348.2396,0.7873261695727773,432,126982.11763107174,80,72882.32331473326,4,0.0,4,491.5360999999998,2,1332.252,570.3970999999999,99.00004132231402,0,0,632,632,S4 rung 12 + everyone greedy,sumsy,8,-1.4551915228366852e-11
10,512,4,4,45467.82610000007,0.0,20160.888799999968,1307.8772999999997,289.6616,,289.6616,0.0,0.0,0.0,0.0,0.0,0.0025,1150.0686,1810.2210300000004,0.0,0.656568818606522,607.9046999999999,220.0508100000001,0.02,550.0444999999966,1.2189944199947573,0.0,0.0,1.2189944199947573,0.0,39,1,256.34089425315034,-0.7942921902855138,255.54660206286482,11.246150877721151,1.5419623324361282,12.78811321015728,0.0,0.0,0.0,0.0,0,0,0.0,0.0,0.0,1.2189944199947573,1.2189944199947573,0.0,0.0,0.0,0.07313966519968544,0.5,0.25,0.0,-927.947102253455,0.0,109,2560.0,639.3829999999997,2094.8435,915.9661999999959,0.0,0.0,0.0,0.0,0.0,4,389.9874,2560.0,639.3829999999997,369.39889999999946,274.0,0.0,44.94400000000001,0.015,5.328267249602542,5.6729944356121225,2.0,1.9582486166007902,3.16232549985835,20.898631791712077,1258.0,1258.0,629.0,2042.0,1658.0,204.0,95,0,0,2,93,0.0,2048.0,21595.980799999994,3310.982,17167.3632,392,376,0,79,0.3172100753884839,0.7962069500711217,0.28203034236751656,3,8149.814499999983,6702.960199999998,0,0,484.0,512,0,0,21595.980799999994,392,208962.15425925533,208962.15425925533,0.0,236,484,0,1.5,0,0.0,512,512,208962.15425925533,392,61440.0,0,718,968.0,194.0,1853.4441,4,145.6115,145.6056999999998,2.277139864081034,5120.0,60.514322916666664,0.7997418617385103,780,0,0.0,0,2678.285637117832,3098.3333333333335,319,2.3231203568700205,0,0,0,0.0,0.0,0.0,0.0,0.0,0.0,0.0,0.0,0,0,0,0,95,0.0,0,12,0.0,0,0.0,1440.0,6983.311100000003,6521.572040090328,0.0,6521.572040090328,0.0,145.6115,11904.439199999999,22331.7893,0.7939469716685488,433,134092.72066275077,79,74869.43359650468,4,0.0,4,525.1217999999999,2,1472.0164999999997,860.407,99.93780155642037,0,0,629,629,S4 rung 12 + everyone greedy,sumsy,8,-1.4551915228366852e-11
11,512,4,4,47350.99980000003,0.0,20054.07349999999,1291.0653999999995,265.5229,,265.5229,0.0,0.0,0.0,0.0,0.0,0.0025,1425.5179,1808.7006272727274,0.0,0.6295181832799333,597.8322,127.72757575757578,0.02,521.2893999999981,1.2433743083946525,0.0,0.0,1.2433743083946525,0.0,29,0,272.99028067774157,-0.5577263906999642,272.4325542870416,12.102679494750198,1.593848356730509,13.696527851480708,0.0,0.0,0.0,0.0,0,0,0.0,0.0,0.0,1.2433743083946525,1.2433743083946525,0.0,0.0,0.0,0.07460245850367915,0.5,0.25,0.0,-1080.6330028495695,0.0,118,2560.0,676.8262999999995,2578.4817,921.095199999999,0.0,0.0,0.0,0.0,0.0,7,433.81010000000003,2560.0,676.8262999999995,396.32860000000005,274.0,0.0,0.0,0.015,5.208034283319355,5.616056250000006,2.0,1.9647204545454544,3.1461397833168685,20.27167283796072,1280.0,1193.0,640.0,2045.3333333333333,1698.0,204.0,86,0,0,0,79,0.0,2048.0,22334.182000000004,4047.4004,17179.1662,392,376,0,79,0.33003970715017683,0.7991559627252769,0.27158411199586086,0,8258.096600000012,6213.18489999999,0,0,457.0,512,0,0,22334.182000000004,392,215512.63011095618,215512.63011095618,0.0,169,457,0,1.5,0,0.0,512,512,215512.63011095618,392,61440.0,0,595,914.0,212.0,1930.9232,4,104.64650000000002,104.66470000000004,2.3931514978121893,5120.0,60.120442708333336,0.8095822036473773,652,0,0.0,0,2228.8231750165974,3078.1666666666665,309,2.4066847612845965,0,0,0,0.0,0.0,0.0,0.0,0.0,0.0,0.0,0.0,0,0,0,0,86,0.0,0,12,0.0,0,0.0,1440.0,7051.476800000001,6102.444727104851,0.0,6102.444727104851,0.0,104.64650000000002,11544.723000000005,23157.4898,0.7972680818756395,433,138292.16559133524,79,77220.46451962102,4,0.0,4,488.0577999999996,2,1600.5596,1159.9950000000001,97.91243083003951,0,0,640,640,S4 rung 12 + everyone greedy,sumsy,8,-1.4551915228366852e-11
12,512,4,4,49197.48429999998,0.0,19894.542400000024,1297.7744,241.3842,,241.3842,0.0,0.0,0.0,0.0,0.0,0.0025,1733.168,1804.0612500000002,0.0,0.608762947301774,584.3426999999999,23.631083333333436,0.016096377026938873,525.4964999999984,1.2633881300481822,0.0,0.0,1.2633881300481822,0.0,30,0,282.64225026412373,-0.5356654323701017,282.1065848317536,13.797931255899416,1.7266231856228804,15.524554441522294,0.0,0.0,0.0,0.0,0,0,0.0,0.0,0.0,1.2633881300481822,1.2633881300481822,0.0,0.0,0.0,0.07580328780289093,0.5,0.25,0.0,-1235.174602849571,0.0,132,2560.0,713.5155000000007,4051.2105999999985,946.0719999999993,0.0,0.0,0.0,0.0,0.0,15,482.22429999999997,2560.0,713.5155000000007,423.32039999999955,274.0,0.0,32.5409,0.015,5.107111522633742,5.7253260800000065,1.978490566037735,1.9394790322580648,3.1610624833069387,19.663522652821896,1250.0,1215.0,625.0,2048.0,1702.0,204.0,86,0,0,1,99,0.0,2048.0,23283.886899999994,4748.0589,17130.067000000003,391,377,0,79,0.3515484393526158,0.7982355455896013,0.27760898085927366,2,8240.020300000002,6205.140499999997,0,0,424.0,512,0,0,23283.886899999994,391,218949.50305554643,218949.50305554643,0.0,192,424,0,1.5,0,0.0,512,512,218949.50305554643,391,61440.0,0,636,838.8799999999997,246.0,1820.0792000000001,4,154.948,154.94479999999982,2.4409721658395607,5120.0,59.578450520833336,0.8297912364612925,720,0,0.0,0,2122.798955077837,3050.4166666666665,306,2.455042971686059,0,0,0,0.0,0.0,0.0,0.0,0.0,0.0,0.0,0.0,0,0,0,0,86,0.0,0,12,0.0,0,0.0,1440.0,7399.7862,5579.431149672002,0.0,5579.431149672002,0.0,154.948,11725.54170000001,23698.2051,0.7964236275099481,433,145014.4311566506,79,73935.07189889581,4,0.0,4,495.33899999999994,2,1705.5502000000001,1491.7838,98.23602272727273,0,0,625,625,S4 rung 12 + everyone greedy,sumsy,8,-1.4551915228366852e-11
13,512,4,4,51008.44200000001,0.0,19378.60819999998,1006.0943999999997,217.2455,,217.2455,0.0,0.0,0.0,0.0,0.0,0.0025,2070.39,1807.06515,0.0,0.5607924270543942,573.0155999999995,0.0,-0.02,519.9883000000036,1.2381203674472185,0.0,0.0,1.2381203674472185,0.0,32,0,300.1613265227992,-0.5144314012951398,299.64689512150403,15.949619069866353,1.8927204293241189,17.842339499190473,0.0,0.0,0.0,0.0,0,0,0.0,0.0,0.0,1.2381203674472185,1.2381203674472185,0.0,0.0,0.0,0.0742872220468331,0.5,0.25,0.0,-1391.8524028495715,0.0,135,2560.0,749.0422999999995,1629.9364999999998,971.1461000000041,0.0,0.0,0.0,0.0,0.0,17,617.8154999999999,2560.0,749.0422999999995,448.41290000000004,274.0,0.0,0.0,0.015,5.021140146579817,5.586950868878344,1.9005479452054928,1.937877343749999,3.1122897257944637,19.073616973237236,1266.0,1228.0,633.0,2046.6666666666665,1727.9999999999998,204.0,79,0,0,0,95,0.0,2048.0,24526.574300000015,5437.3661,16764.3216,391,377,0,79,0.37547445964463755,0.7973939403827319,0.2540512303900455,3,8228.9722,6165.960100000015,0,0,365.0,512,0,0,24526.574300000015,391,226631.1381647093,226631.1381647093,0.0,204,365,0,1.5,0,0.0,512,512,226631.1381647093,391,61440.0,0,770,693.7000000000048,256.0,1591.9745000000003,4,134.1608,134.15920000000003,2.5664114011078136,5120.0,59.130859375,0.8373087102549565,844,0,0.0,0,2056.5417952621633,3027.5,305,2.911585678403439,0,0,0,0.0,0.0,0.0,0.0,0.0,0.0,0.0,0.0,0,0,0,0,79,0.0,0,12,0.0,0,0.0,1440.0,7791.871900000004,5946.9400042451625,0.0,5946.9400042451625,0.0,134.1608,12324.9977,23793.662200000002,0.7956588237405011,433,147727.05295991476,79,78904.08520479432,4,0.0,4,553.6170000000002,2,1781.4395999999997,1853.1444999999999,96.97395161290324,0,0,633,633,S4 rung 12 + everyone greedy,sumsy,8,-1.4551915228366852e-11
14,512,4,4,52777.80150000003,0.0,19502.1471,1694.5223999999994,193.1068,,193.1068,0.0,0.0,0.0,0.0,0.0,0.0025,2423.2347,1807.6580249999997,0.0,0.516601983802508,563.3714999999997,0.0,-0.02,523.589100000007,1.2133579600982742,0.0,0.0,1.2133579600982742,0.0,34,0,367.2922563704447,-0.6152348704171533,366.67702150002754,17.50959265443666,1.718771610693523,19.228364265130182,0.0,0.0,0.0,0.0,0,0,0.0,0.0,0.0,1.2133579600982742,1.2133579600982742,0.0,0.0,0.0,0.07280147760589645,0.5,0.25,0.0,-1546.9679028495723,0.0,144,2560.0,790.6405,2928.4681999999993,984.4198000000073,0.0,0.0,0.0,0.0,0.0,19,684.6279,2560.0,790.6405,460.83069999999975,274.0,0.0,0.0,0.015,4.935139165329041,5.620003961965139,1.861689440993797,1.8955496031746024,3.096353088425888,18.50140846404012,1262.0,1246.0,631.0,2048.0,1724.0,204.0,81,0,0,2,111,0.0,2048.0,25055.24820000002,6021.0448,16992.117700000003,389,379,0,79,0.4017184220235548,0.812317601236517,0.25938907138819345,2,8154.306700000014,6149.183399999984,0,0,483.0,512,0,0,25055.24820000002,389,259725.58476281614,259725.58476281614,0.0,224,483,0,1.5,0,0.0,512,512,259725.58476281614,389,61440.0,0,976,899.1960000000039,256.0,1601.5282000000002,4,133.5179,133.51629999999983,3.102457599721331,5120.0,58.828125,0.8556080576833088,1042,0,0.0,0,2009.5090186251532,3012.0,300,3.116975963116744,0,0,0,0.0,0.0,0.0,0.0,0.0,0.0,0.0,0.0,0,0,0,0,81,0.0,0,12,0.0,0,0.0,1440.0,8082.752400000007,4566.206613932727,0.0,4566.206613932727,0.0,133.5179,12158.240899999999,24614.690699999996,0.8104313795786771,433,177628.41180054785,79,82097.1729622684,4,0.0,4,683.4881999999996,2,1787.4931000000001,2230.1279,96.89386718749995,0,0,631,631,S4 rung 12 + everyone greedy,sumsy,8,-1.4551915228366852e-11
15,512,4,4,54507.325600000004,0.0,18551.040199999992,699.0873000000003,168.9681,,168.9681,0.0,0.0,0.0,0.0,0.0,0.0025,2767.1103,1806.6137999999996,0.0,0.4758937474788703,553.7223000000002,0.0,-0.02,501.37529999999487,1.1890908008963088,0.0,0.0,1.1890908008963088,0.0,33,0,370.4986029994455,-0.6338500365695695,369.86475296287597,20.16108631052815,1.7190086793140928,21.880094989842245,0.0,0.0,0.0,0.0,0,0,0.0,0.0,0.0,1.1890908008963088,1.1890908008963088,0.0,0.0,0.0,0.07134544805377853,0.5,0.25,0.0,-1706.0980395412516,0.0,155,2560.0,830.4759000000007,2772.7154,972.703799999995,0.0,0.0,0.0,0.0,0.0,30,730.8384,2560.0,830.4759000000007,471.73979999999995,274.0,0.0,4.1972000000000005,0.015,4.850343341815089,5.592306250000016,1.866424281150152,1.8689811538461525,3.0610352742154063,17.946366210118914,1280.0,1179.0,640.0,2045.3333333333335,1742.0,204.0,75,0,0,0,93,0.0,2048.0,26193.489199999996,6688.5725,16243.8005,388,380,0,78,0.4359582983727932,0.809068304907786,0.23798586842858782,1,8128.578699999998,5718.55479999999,0,0,626.0,512,0,0,26193.489199999996,388,259149.98966627923,259149.98966627923,0.0,155,626,0,1.5,0,0.0,512,512,259149.98966627923,388,61440.0,0,1145,1168.3815999999952,256.0,1883.5147,4,133.71189999999999,133.7100000000003,3.100729455805532,5120.0,58.624674479166664,0.8616498479869376,1222,0,0.0,0,1858.5266488097775,3001.5833333333335,299,3.2580774429309947,0,0,0,0.0,0.0,0.0,0.0,0.0,0.0,0.0,0.0,0,0,0,0,75,0.0,0,12,0.0,0,0.0,1440.0,8089.782499999999,4643.383323971718,0.0,4643.383323971718,0.0,133.71189999999999,12614.848500000006,24815.8877,0.8073337780496912,434,179317.70321758962,78,79832.28644868967,4,0.0,4,632.3030999999999,2,1761.9445,2598.1422,94.77748015873011,0,0,640,640,S4 rung 12 + everyone greedy,sumsy,8,-1.4551915228366852e-11
16,512,4,4,56198.387000000075,0.0,17855.766000000007,995.4345999999994,144.8294,,144.8294,0.0,0.0,0.0,0.0,0.0,0.0025,3114.9446,1791.3278249999998,0.0,0.4383933201775353,544.2107999999995,0.0,-0.02,492.66510000000756,1.1653089848783826,0.0,0.0,1.1653089848783826,0.0,30,0,358.3039982801159,-0.5311473002784639,357.7728509798374,23.106063484266876,1.644665458647208,24.750728942914087,0.0,0.0,0.0,0.0,0,0,0.0,0.0,0.0,1.1653089848783826,1.1653089848783826,0.0,0.0,0.0,0.06991853909270296,0.5,0.25,0.0,-1860.2405892665295,0.0,168,2560.0,868.9385999999995,2544.1472,974.2014000000078,0.0,0.0,0.0,0.0,0.0,21,759.8404,2560.0,868.9385999999995,481.12499999999966,274.0,0.0,0.0,0.015,4.756778777869533,5.564848925619847,1.8524802588996774,1.8569128888888882,3.0244364969806647,17.407975223815345,1210.0,1211.0,605.0,2048.0,1672.0,204.0,94,0,0,1,108,0.0,2048.0,27165.9436,7402.493600000001,15597.4127,388,380,0,78,0.46604629785722285,0.8086488265724876,0.29702377603452446,2,7760.859399999992,5760.459100000005,0,0,618.0,512,0,0,27165.9436,388,247855.9850412933,247855.9850412933,0.0,189,618,0,1.5,0,0.0,512,512,247855.9850412933,388,61440.0,0,864,1144.8328000000006,256.0,2157.7521,4,154.19639999999998,154.19599999999997,2.925269366156868,5120.0,58.518880208333336,0.873276050180288,921,0,0.0,0,1760.2767843764043,2996.1666666666665,299,3.4001941397795483,0,0,0,0.0,0.0,0.0,0.0,0.0,0.0,0.0,0.0,0,0,0,0,94,0.0,0,12,0.0,0,0.0,1440.0,8392.324300000004,2795.91744534939,0.0,2795.91744534939,0.0,154.19639999999998,12923.681999999995,25157.658399999997,0.8068080976353948,434,170703.40509496332,78,77152.57994632986,4,0.0,4,871.9467999999999,2,1710.8521999999998,2970.1151999999997,93.44905769230762,0,0,605,605,S4 rung 12 + everyone greedy,sumsy,8,-1.4551915228366852e-11
17,512,4,4,57851.26170000005,0.0,16879.89610000001,768.6799,120.6907,,120.6907,0.0,0.0,0.0,0.0,0.0,0.0025,3444.2223,1766.4194499999994,0.0,0.40384792654754553,533.71,0.0,-0.02,461.8862999999957,1.1420028051808149,0.0,0.0,1.1420028051808149,0.0,31,0,444.90815912572594,-0.40017530224785974,444.50798382347807,26.173206233598584,1.608590636907571,27.781796870506152,0.0,0.0,0.0,0.0,0,0,0.0,0.0,0.0,1.1420028051808149,1.1420028051808149,0.0,0.0,0.0,0.0685201683108489,0.5,0.25,0.0,-2011.7035892665292,0.0,179,2560.0,907.1252999999992,1282.7982000000002,951.8638999999963,0.0,0.0,0.0,0.0,0.0,20,774.0011,2560.0,907.1252999999992,489.97760000000017,274.0,0.0,0.0,0.015,4.665130981346317,5.457503721682864,1.8366494623656007,1.842334745762712,2.974682692703345,16.885735967100885,1236.0,1233.0,618.0,2046.6666666666667,1698.0,204.0,87,0,0,0,115,0.0,2048.0,28251.152099999985,7924.0169000000005,15305.667399999998,386,382,0,78,0.49595550611495076,0.8174907809478675,0.2884987577521949,0,7745.0797,5752.106500000009,0,0,465.0,512,0,0,28251.152099999985,386,292123.8437088573,292123.8437088573,0.0,211,465,0,1.5,0,0.0,512,512,292123.8437088573,386,61440.0,0,781,854.0420000000044,256.0,2152.2019,4,112.20599999999999,112.2012,3.6457382788623396,5120.0,57.452799479166664,0.8904955448857058,841,0,0.0,0,2730.3454339657937,2941.5833333333335,297,3.4571633267341393,0,0,0,0.0,0.0,0.0,0.0,0.0,0.0,0.0,0.0,0,0,0,0,87,0.0,0,12,0.0,0,0.0,1440.0,8365.307800000004,2473.909497751964,0.0,2473.909497751964,0.0,112.20599999999999,13741.815500000006,25381.8862,0.8162014431060602,434,208560.29531030732,78,83563.54839855031,4,0.0,4,804.5539999999996,2,1644.7974,3323.5316,92.8456444444444,0,0,618,618,S4 rung 12 + everyone greedy,sumsy,8,-1.4551915228366852e-11
18,512,4,4,59468.30990000001,0.0,15917.510300000009,808.0020999999997,96.55199999999999,,96.55199999999999,0.0,0.0,0.0,0.0,0.0,0.0025,3760.4093,1738.2584999999995,0.0,0.37202470993559894,523.4282000000003,0.0,-0.02,437.9305999999968,1.1191627490771985,0.0,0.0,1.1191627490771985,0.0,23,0,436.89884594652267,-0.1652964194725905,436.73354952705006,28.86965995950911,1.634849333278265,30.50450929278738,0.0,0.0,0.0,0.0,0,0,0.0,0.0,0.0,1.1191627490771985,1.1191627490771985,0.0,0.0,0.0,0.0671497649446319,0.5,0.25,0.0,-2155.547323104487,0.0,183,2560.0,942.9517999999995,1040.5171,934.9913999999959,0.0,0.0,0.0,0.0,0.0,34,777.9723,2560.0,942.9517999999995,497.0607999999999,274.0,0.0,0.0,0.015,4.587823980424142,5.379997284345073,1.7787392111368836,1.7936368852459015,2.91708850414646,16.379163888087863,1252.0,1226.0,626.0,2048.0,1714.0,204.0,83,0,0,0,106,0.0,2048.0,29323.9541,8576.3166,14939.2164,386,382,0,78,0.5178172679734956,0.8116596036542709,0.2806713540013033,2,7671.826799999994,5624.672199999998,0,0,431.0,512,0,0,29323.9541,386,285751.2633472629,285751.2633472629,0.0,202,431,0,1.5,0,0.0,512,512,285751.2633472629,386,61440.0,0,831,766.6365999999969,256.0,2090.4412,4,85.4541,85.4521999999999,3.5399786890306473,5120.0,57.208658854166664,0.9038905524750617,875,0,0.0,0,2228.5744701597746,2929.0833333333335,298,3.381361517668145,0,0,0,0.0,0.0,0.0,0.0,0.0,0.0,0.0,0.0,0,0,0,0,83,0.0,0,12,0.0,0,0.0,1440.0,8483.708,1907.1259816122856,0.0,1907.1259816122856,0.0,85.4541,14213.9961,25605.9742,0.8106800829001282,434,202664.13413018466,78,83087.12921707862,4,0.0,4,738.5822999999996,2,1569.1501,3663.8572999999997,92.1167372881356,0,0,626,626,S4 rung 12 + everyone greedy,sumsy,8,-1.4551915228366852e-11
19,512,4,4,61050.72700000003,0.0,14762.2677,647.309,72.4133,,72.4133,0.0,0.0,0.0,0.0,0.0,0.0025,4078.8499,1709.177025,0.0,0.3427091627926737,514.7532000000006,0.0,-0.02,432.75349999999554,1.0967794940956546,0.0,0.0,1.0967794940956546,0.0,26,0,423.8999803871737,-0.3751499552658438,423.52483043190784,31.712907442767932,1.5626821811177958,33.27558962388573,0.0,0.0,0.0,0.0,0,0,0.0,0.0,0.0,1.0967794940956546,1.0967794940956546,0.0,0.0,0.0,0.06580676964573927,0.5,0.25,0.0,-2292.3207517330334,0.0,192,2560.0,977.5828999999995,1897.8604999999989,935.0213999999959,0.0,0.0,0.0,0.0,0.0,47,777.9881,2560.0,977.5828999999995,503.02350000000047,274.0,0.0,8.4589,0.015,4.472871723000813,5.3114169059010905,1.7474596912521507,1.7713475000000016,2.8552303325195783,15.887788971445225,1254.0,1213.0,627.0,2048.0,1716.0,204.0,83,0,0,2,94,0.0,2048.0,30588.60139999996,8831.229800000001,14476.635900000001,381,387,0,78,0.5384904848774612,0.8120663760437541,0.28416873368041373,1,7530.423799999996,5425.593399999985,0,0,583.0,512,0,0,30588.60139999996,381,271239.51949724177,271239.51949724177,0.0,191,583,0,1.5,0,0.0,512,512,271239.51949724177,381,61440.0,0,1119,1018.7690000000039,256.0,2297.4219,4,107.54810000000002,107.54240000000001,3.3166165614145133,5120.0,57.195638020833336,0.9103185681886098,1171,0,0.0,0,2058.770946989685,2928.4166666666665,296,3.3391789879628795,0,0,0,0.0,0.0,0.0,0.0,0.0,0.0,0.0,0.0,0,0,0,0,83,0.0,0,12,0.0,0,0.0,1440.0,8326.155699999998,1425.3626045983744,0.0,1425.3626045983744,0.0,107.54810000000002,14677.761600000013,25605.2876,0.8113037800200329,434,193150.78837806653,78,78088.73111917554,4,0.0,4,672.2565999999999,2,1489.3368999999998,4006.4366,89.68184426229507,0,0,627,627,S4 rung 12 + everyone greedy,sumsy,8,-1.4551915228366852e-11
20,512,4,4,62597.518400000044,0.0,13741.8721,832.0786999999995,48.27460000000001,,48.27460000000001,0.0,0.0,0.0,0.0,0.0,0.0025,4381.0541,1678.59615,0.0,0.31570368076461097,501.85530000000045,0.0,-0.02,403.22960000000484,1.0748439042137414,0.0,0.0,1.0748439042137414,0.0,27,0,393.16136993977926,-0.474151090886065,392.6872188488932,35.584961189068686,1.6141229064889595,37.199084095557645,0.0,0.0,0.0,0.0,0,0,0.0,0.0,0.0,1.0748439042137414,1.0748439042137414,0.0,0.0,0.0,0.06449063425282449,0.5,0.25,0.0,-2423.676679774564,0.0,210,2560.0,1013.2085999999996,1178.4533999999994,912.0571000000049,0.0,0.0,0.0,0.0,0.0,22,776.631,2560.0,1013.2085999999996,509.2486999999998,274.0,0.0,15.632299999999995,0.015,4.374008000000001,5.238535840000041,1.7246605381165832,1.7427755274261598,2.8045094084817177,15.411155302301866,1250.0,1225.0,625.0,2045.3333333333333,1712.0000000000002,204.0,83,0,0,0,98,0.0,2048.0,31853.75659999998,9276.3933,14046.6279,380,388,0,78,0.5631642410108817,0.8092438242592044,0.2877693323060233,1,7389.835099999989,5358.159800000001,0,0,446.0,512,0,0,31853.75659999998,380,249788.00908622294,249788.00908622294,0.0,201,446,0,1.5,0,0.0,512,512,249788.00908622294,380,61440.0,0,890,769.1985999999961,256.0,2263.0555000000004,4,199.703,199.7096999999999,2.9660430629268024,5120.0,57.140299479166664,0.9187072493489586,938,0,0.0,0,2198.887373742009,2925.5833333333335,296,3.253240556812028,0,0,0,0.0,0.0,0.0,0.0,0.0,0.0,0.0,0.0,0,0,0,0,83,0.0,0,12,0.0,0,0.0,1440.0,8349.864100000004,1782.2890628492646,0.0,1782.2890628492646,0.0,199.703,15154.275199999996,25586.076699999998,0.8087653259013108,434,173483.6739441668,78,76304.33514205608,4,0.0,4,605.6120000000001,2,1408.1216,4332.779500000001,88.56737500000008,0,0,625,625,S4 rung 12 + everyone greedy,sumsy,8,-1.4551915228366852e-11
21,512,4,4,64107.49830000002,0.0,12982.721300000001,749.4058000000002,24.1359,,24.1359,0.0,0.0,0.0,0.0,0.0,0.0025,4690.9805,1647.2273249999998,0.0,0.2908262307203596,490.76279999999974,0.0,-0.02,395.95060000000655,1.0533470261294666,0.0,0.0,1.0533470261294666,0.0,37,0,292.1226963889374,-0.9579687795207977,291.1647276094166,59.66795057010751,1.3711902353227359,61.03914080543025,0.0,0.0,0.0,0.0,0,0,0.0,0.0,0.0,1.0533470261294666,1.0533470261294666,0.0,0.0,0.0,0.06320082156776799,0.5,0.25,0.0,-2546.2414281552396,0.0,231,2560.0,1050.0201000000002,16615.8001,912.7974000000069,0.0,0.0,0.0,0.0,0.0,248,772.6272,2560.0,1050.0201000000002,516.767,274.0,0.0,10044.647300000006,0.015,4.3041114285714235,5.139334449760799,1.6937812500000091,NaN,2.747406059207474,14.948820643232812,1254.0,1225.0,627.0,2048.0,1716.0,204.0,83,0,0,1,108,0.0,2048.0,42635.332100000036,0.0,13650.525500000002,139,629,0,38,0.6689245336222047,0.7943447996306856,0.25069782071356017,5,6659.251000000006,5272.536499999994,0,0,512.0,512,0,0,42635.332100000036,139,184001.95309939518,184001.95309939518,0.0,202,512,0,1.5,0,0.0,512,512,184001.95309939518,139,61440.0,0,1009,867.2160000000047,256.0,2358.0330000000004,4,73.13810000000001,73.13049999999998,2.0753499004521987,5120.0,53.811848958333336,1.1039217926033975,1038,0,0.0,0,10329.535795417352,2755.1666666666665,297,1.8289977931586325,0,0,0,0.0,0.0,0.0,0.0,0.0,0.0,0.0,0.0,0,0,0,0,83,0.0,0,12,0.0,0,0.0,1440.0,8313.159999999998,10192.885901369515,0.0,10192.885901369515,0.0,73.13810000000001,20224.378499999977,16008.558500000001,0.7940112839692124,474,144983.31533721354,38,39018.63776218142,4,0.0,4,540.0519000000004,2,1324.6734999999999,4666.844599999999,87.138776371308,0,0,627,627,S4 rung 12 + everyone greedy,sumsy,8,-1.4551915228366852e-11
22,512,4,4,65567.98190000003,0.0,11515.441299999995,471.60920000000004,0.0,,0.0,0.0,0.0,0.0,0.0,0.0,0.0025,4999.0201,1615.9809,0.0,0.26790912373959525,482.91899999999976,0.0,-0.02,378.7250000000017,1.0322800856068772,0.0,0.0,1.0322800856068772,0.0,41,0,252.44649203017653,-1.2345356061152257,251.2119564240613,66.37040794907215,1.2025193903258875,67.57292733939802,0.0,0.0,0.0,0.0,0,0,0.0,0.0,0.0,1.0322800856068772,1.0322800856068772,0.0,0.0,0.0,0.06193680513641263,0.5,0.25,0.0,-2663.589411741341,0.0,252,2560.0,1099.5164,19313.932500000006,909.2116000000015,0.0,0.0,0.0,0.0,0.0,36,764.2544,2560.0,1099.5164,529.3896000000001,274.0,0.0,8373.743499999991,0.015,4.255035765265662,5.069120155038767,1.6763957219251302,1.60076875,2.7034607318982293,14.500356023935828,1290.0,1261.0,645.0,2046.6666666666667,1752.0,204.0,73,0,0,1,112,0.0,2048.0,44167.92980000003,112.0418,13291.3988,147,621,0,44,0.7066738933834551,0.7942270033600198,0.4957009703356918,12,5047.868799999999,5365.6001,0,0,374.0,512,0,0,44167.92980000003,147,160363.89914287854,160363.89914287854,0.0,238,374,0,1.5,0,0.0,512,512,160363.89914287854,147,61440.0,0,821,626.9719999999987,256.0,2233.3369999999995,4,67.895,67.88839999999999,1.6754413305942002,5120.0,53.390299479166664,1.0611454677111143,859,0,0.0,0,2138.7637438707234,2733.5833333333335,296,1.5510698599555524,0,0,0,0.0,0.0,0.0,0.0,0.0,0.0,0.0,0.0,0,0,0,0,73,0.0,0,12,0.0,0,0.0,1440.0,7942.4441,10695.77657290084,0.0,10695.77657290084,0.0,67.895,19805.576699999983,15636.777600000001,0.7942799823164417,468,117336.67037834408,44,43027.22876453444,4,0.0,4,481.8334000000002,2,1236.1113,4999.0201,83.16335368143459,0,0,645,645,S4 rung 12 + everyone greedy,sumsy,8,-1.4551915228366852e-11
23,512,4,4,66986.30249999999,0.0,11265.218599999993,440.80119999999994,0.0,,0.0,0.0,0.0,0.0,0.0,0.0,0.0025,5309.4777,1585.876875,0.0,0.2467978847889151,477.41610000000037,0.0,-0.02,351.3720000000046,1.0116344838947398,0.0,0.0,1.0116344838947398,0.0,45,0,234.56293652047063,-1.2659185642324806,233.29701795623814,72.47020304730633,0.954061472153349,73.42426451945967,0.0,0.0,0.0,0.0,0,0,0.0,0.0,0.0,1.0116344838947398,1.0116344838947398,0.0,0.0,0.0,0.06069806903368438,0.5,0.25,0.0,-2767.021006406595,0.0,269,2560.0,1141.6794000000007,11149.650400000002,888.2472000000041,0.0,0.0,0.0,0.0,0.0,268,752.428,2560.0,1141.6794000000007,537.4596000000003,274.0,0.0,6644.762399999989,0.015,4.160763106796115,5.005442677165342,1.6323384615384475,1.6986999999999999,2.655175257619021,14.065345343217752,1270.0,1236.0,635.0,2046.6666666666665,1732.0,204.0,78,0,0,1,86,0.0,2048.0,45905.89270000002,0.0,12988.7833,139,629,0,39,0.7329252319129897,0.788405785200996,0.4883357093811147,17,4904.277400000002,5142.703199999998,0,0,325.0,512,0,0,45905.89270000002,139,150372.12508395288,150372.12508395288,0.0,213,325,0,1.5,0,0.0,512,512,150372.12508395288,139,61440.0,0,616,530.5099999999954,256.0,2029.7208,4,43.143899999999995,43.15050000000001,1.4951481180249502,5120.0,51.155598958333336,1.0256994301350912,649,0,0.0,0,3434.5659380946067,2619.1666666666665,297,1.2926508859643504,0,0,0,0.0,0.0,0.0,0.0,0.0,0.0,0.0,0.0,0,0,0,0,78,0.0,0,12,0.0,0,0.0,1440.0,7610.547600000004,10239.945833271888,0.0,10239.945833271888,0.0,43.143899999999995,20966.723900000008,15018.504099999998,0.7891627084165822,473,113080.51612756656,39,37291.608956386255,4,0.0,4,436.2437,2,1146.6390999999999,5309.4777,80.0384375,0,0,635,635,S4 rung 12 + everyone greedy,sumsy,8,-1.4551915228366852e-11
24,512,4,4,68368.89979999997,0.0,10491.488399999997,739.7449999999999,0.0,,0.0,0.0,0.0,0.0,0.0,0.0,0.0025,5634.1424,1556.500875,0.0,0.22735021146754858,466.83870000000053,0.0,-0.02,356.80010000000374,0.9914017942168449,0.0,0.0,0.9914017942168449,0.0,49,1,231.57358674493344,-1.4838126583048468,230.08977408662858,77.23766935279806,0.9071229081143439,78.14479226091242,0.0,0.0,0.0,0.0,0,0,0.0,0.0,0.0,0.9914017942168449,0.9914017942168449,0.0,0.0,0.0,0.059484107653010695,0.5,0.25,0.0,-2862.193457379426,0.0,287,2560.0,1177.4026999999987,13955.580999999996,898.477600000004,0.0,0.0,0.0,0.0,0.0,77,738.0749000000001,2560.0,1177.4026999999987,541.4407000000001,274.0,0.0,4978.2123000000065,0.015,4.095276715497308,5.030290734824285,1.5922494382022438,NaN,2.5910275110360783,13.643384982921217,1252.0,1297.0,626.0,2046.6666666666667,1714.0,204.0,83,0,0,3,105,0.0,2048.0,46583.299199999994,60.849,13489.3719,153,615,0,43,0.7446440500977469,0.7865084739888533,0.49362374384970975,22,4782.776700000001,5311.5739000000085,0,0,356.0,512,0,0,46583.299199999994,153,149144.98451039114,149144.98451039114,0.0,277,356,0,1.5,0,0.0,512,512,149144.98451039114,153,61440.0,0,633,566.8407999999988,256.0,1863.1624000000002,4,77.35390000000001,77.35340000000002,1.4346329266014166,5120.0,51.0009765625,1.0659135026041662,678,0,0.0,0,1682.1107265736543,2611.25,296,1.1280584694193794,0,0,0,0.0,0.0,0.0,0.0,0.0,0.0,0.0,0.0,0,0,0,0,83,0.0,0,12,0.0,0,0.0,1440.0,7156.253600000002,9632.239022959595,0.0,9632.239022959595,0.0,77.35390000000001,21278.584000000035,15413.383300000001,0.7875563827205532,469,114993.19423799858,43,34151.790272392485,4,0.0,4,391.0821000000001,2,1060.8287,5634.1424,84.93499999999999,0,0,626,626,S4 rung 12 + everyone greedy,sumsy,8,-1.4551915228366852e-11
25,512,4,4,69744.08939999994,0.0,11761.56977672566,1483.3599000000002,0.0,,0.0,0.0,0.0,0.0,0.0,0.0,0.0025,5949.1476,1528.1193750000002,0.0,0.20943501480390572,459.4895999999996,0.0,-0.02,357.8622999999992,0.971573758332508,0.0,0.0,0.971573758332508,0.0,41,0,182.497948370575,-1.1495431896933823,181.3484051808816,73.77327120793437,0.9587506027980454,74.73202181073242,0.0,0.0,0.0,0.0,0,0,0.0,0.0,0.0,0.971573758332508,0.971573758332508,0.0,0.0,0.0,0.05829442549995048,0.5,0.25,0.0,-2955.430385491802,0.0,307,2560.0,1184.8104,10006.214,888.3005999999993,0.0,0.0,0.0,0.0,0.0,229,734.2145,2560.0,1184.8104,530.8988,274.0,0.0,3307.826099999995,0.015,4.064385336356753,4.907018749999974,1.5740256157635437,1.5749499999999999,2.5337356950701055,13.234083433433582,1280.0,1323.0,640.0,2044.0,1742.0000000000002,204.0,74,0,0,4,113,0.0,2048.0,46522.87029999999,0.0,14749.3192,142,626,0,37,0.7131016854573178,0.7801824369104087,0.46965602874136825,20,7637.589000000002,5377.181799999984,0,0,406.0,512,0,0,46522.87029999999,142,118124.93641633358,118124.93641633358,0.0,303,406,0,1.5,0,0.0,512,512,118124.93641633358,142,61440.0,0,830,639.0543999999987,256.0,1788.5378,4,84.0498,84.04359999999994,0.9218860501607534,5120.0,50.984700520833336,1.0335982147938585,883,0,0.0,0,1076.675562506474,2610.4166666666665,296,0.9729718268880957,0,0,0,0.0,0.0,0.0,0.0,0.0,0.0,0.0,0.0,0,0,0,0,74,0.0,0,12,0.0,0,0.0,1440.0,6702.306499999996,8681.129140035626,0.0,8681.129140035626,0.0,84.0498,20927.471900000037,16537.857,0.7812887799212391,475,88527.48605079079,37,29597.450365542834,4,0.0,4,345.1142,2,990.0941,5949.1476,81.43487970233278,0,0,640,640,S4 rung 12 + everyone greedy,sumsy,8,-1.4551915228366852e-11
26,512,4,4,71104.319,0.0,10565.997700000007,448.50939999999986,0.0,,0.0,0.0,0.0,0.0,0.0,0.0,0.0025,6274.0602,1501.2819000000004,0.0,0.19293153563735796,456.02159999999975,0.0,-0.02,376.8289999999987,0.9521422831658578,0.0,0.0,0.9521422831658578,0.0,34,0,208.9371690687286,-0.8557542896979979,208.08141477903058,72.8259683921945,1.1546687233296937,73.98063711552419,0.0,0.0,0.0,0.0,0,0,0.0,0.0,0.0,0.9521422831658578,0.9521422831658578,0.0,0.0,0.0,0.05712853698995147,0.5,0.25,0.0,-3051.2375338435413,0.0,325,2560.0,1199.7703999999999,4929.894400000001,901.4403999999995,0.0,0.0,0.0,0.0,0.0,84,742.7679,2560.0,1199.7703999999999,524.2926000000002,274.0,0.0,1621.5176999999994,0.015,4.038815450643769,4.898775146198841,1.555246768060851,1.5202948275862074,2.4923489989467487,12.837060930430575,1368.0,1398.0,684.0,2042.666666666667,1830.0000000000002,204.0,53,0,0,5,140,0.0,2048.0,47441.39519999999,18.767699999999998,14721.6229,153,615,0,46,0.6919865441079893,0.7608260180496285,0.3844748752839806,15,8153.153299999996,5646.263999999989,0,0,526.0,512,0,0,47441.39519999999,153,136467.46090473732,136467.46090473732,0.0,379,526,0,1.5,0,0.0,512,512,136467.46090473732,153,61440.0,0,1099,818.0598000000076,256.0,1905.7051,4,167.5001,167.5004999999998,1.2085405746213769,5120.0,51.007486979166664,1.0067392708333334,1135,0,0.0,0,1440.32750220304,2611.5833333333335,295,0.9281610125927018,0,0,0,0.0,0.0,0.0,0.0,0.0,0.0,0.0,0.0,0,0,0,0,53,0.0,0,12,0.0,0,0.0,1440.0,6404.451500000004,10092.773783511728,0.0,10092.773783511728,0.0,167.5001,21421.602999999992,16646.095699999998,0.7628176613825224,466,98317.85254776268,46,38149.60835697473,4,0.0,4,299.2946000000002,2,935.0721,6274.0602,78.74749999999999,0,0,684,684,S4 rung 12 + everyone greedy,sumsy,8,-1.4551915228366852e-11
27,512,4,4,72446.61669999987,0.0,15926.590403448265,810.8530000000001,0.0,,0.0,0.0,0.0,0.0,0.0,0.0,0.0025,6601.0443,1476.1401750000005,0.0,0.17772853062913416,453.15540000000016,0.0,-0.02,388.53069999999286,0.9330994375025407,0.0,0.0,0.9330994375025407,0.0,35,1,190.01519579629328,-0.8330213313946055,189.18217446489868,70.86047890928161,1.3695235666920147,72.23000247597362,0.0,0.0,0.0,0.0,0,0,0.0,0.0,0.0,0.9330994375025407,0.9330994375025407,0.0,0.0,0.0,0.05598596625015244,0.5,0.25,0.0,-3141.0091776292666,0.0,341,2560.0,1217.7023,1891.1096000000007,907.4941999999926,0.0,0.0,0.0,0.0,0.0,53,716.5123,2560.0,1217.7023,519.083,274.0,0.0,157.46949999999998,0.015,3.9813140445644777,4.836375242047028,1.549195890410969,1.6433272727272727,2.4668638855147873,12.451949102517654,1446.0,1481.0,723.0,2041.333333333333,1907.9999999999998,204.0,33,0,0,3,173,0.0,2048.0,47603.99659999999,256.1385,15174.509900000001,80,688,0,24,0.6701872845942418,0.7503790269280126,0.24689150912979674,13,8069.205000000009,5896.326099999991,0,0,584.0,512,0,0,47603.99659999999,80,124966.09125837144,124966.09125837144,0.0,460,584,0,1.5,0,0.0,512,512,124966.09125837144,80,61440.0,0,1435,904.730400000006,256.0,2094.4151,4,62.8053,62.80760000000004,1.0226013776786829,5120.0,50.9912109375,0.9923396153241743,1461,0,0.0,0,1684.4307734040049,2610.75,292,1.020340664427972,0,0,0,0.0,0.0,0.0,0.0,0.0,0.0,0.0,0.0,0,0,0,0,33,0.0,0,12,0.0,0,0.0,1440.0,6219.614999999996,9400.037527554487,0.0,9400.037527554487,0.0,62.8053,20983.477299999995,17525.0635,0.7527879472231696,488,101167.11458157816,24,23798.976676793307,4,0.0,4,253.94450000000006,2,864.0086,6601.0443,76.01474137931037,0,0,723,723,S4 rung 12 + everyone greedy,sumsy,8,-1.4551915228366852e-11
28,512,4,4,73757.99119999999,0.0,16641.427227272714,1867.8194000000003,0.0,,0.0,0.0,0.0,0.0,0.0,0.0,0.0025,6922.8847,1451.7634500000004,0.0,0.16372352241555838,446.70389999999975,0.0,-0.02,382.38040000000694,0.9144374487524898,0.0,0.0,0.9144374487524898,0.0,36,0,162.33275825060161,-0.9724429724172923,161.36031527818432,66.55018600148195,1.501379116994466,68.05156511847642,0.0,0.0,0.0,0.0,0,0,0.0,0.0,0.0,0.9144374487524898,0.9144374487524898,0.0,0.0,0.0,0.05486624692514939,0.5,0.25,0.0,-3230.0840680246124,0.0,351,2560.0,1248.6254999999999,3025.0301999999992,902.8667000000072,0.0,0.0,0.0,0.0,0.0,36,699.1592,2560.0,1248.6254999999999,519.8775,274.0,0.0,0.0,0.015,3.9453963538149908,4.852726474442979,1.542024999999988,1.7114287671232873,2.4232146893696065,12.078390629442126,1526.0,1481.0,763.0,2044.0,1988.0,204.0,14,0,0,7,162,0.0,2048.0,45900.09589999997,1563.6671000000001,16336.1366,78,690,0,23,0.6594656790920983,0.7471260575155769,0.14712203192160067,5,6972.148999999998,5843.132000000001,0,0,640.0,512,0,0,45900.09589999997,78,107545.3733834524,107545.3733834524,0.0,464,640,0,1.5,0,0.0,512,512,107545.3733834524,78,61440.0,0,1351,986.8959999999923,256.0,2336.0477,4,108.00399999999999,108.00189999999999,0.7435873127041543,5120.0,50.994466145833336,1.0914540003551139,1377,0,0.0,0,1434.9675946999803,2610.9166666666665,288,0.9553878004816392,0,0,0,0.0,0.0,0.0,0.0,0.0,0.0,0.0,0.0,0,0,0,0,14,0.0,0,12,0.0,0,0.0,1440.0,5928.259899999995,8514.302804112149,0.0,8514.302804112149,0.0,108.00399999999999,19195.3472,20235.8514,0.7496665708043637,489,87225.13258141691,23,20320.24080203543,4,0.0,4,219.14580000000024,2,801.425,6922.8847,82.16636363636364,0,0,763,763,S4 rung 12 + everyone greedy,sumsy,8,-1.4551915228366852e-11
29,512,4,4,75045.3653999999,0.0,17647.72488219181,399.69629999999995,0.0,,0.0,0.0,0.0,0.0,0.0,0.0,0.0025,7189.8409,1429.0046500000003,0.0,0.15082210884921238,442.67479999999955,0.0,-0.02,331.54140000000433,0.8961486997774399,0.0,0.0,0.8961486997774399,0.0,35,0,175.09055931619815,-0.7983744598713647,174.2921848563268,68.30620097621428,1.6234662053320232,69.92966718154631,0.0,0.0,0.0,0.0,0,0,0.0,0.0,0.0,0.8961486997774399,0.8961486997774399,0.0,0.0,0.0,0.053768921986646394,0.5,0.25,0.0,-3329.3380680246128,0.0,362,2560.0,1272.6257999999991,1764.8227,849.4715000000045,0.0,0.0,0.0,0.0,0.0,17,690.5315,2560.0,1272.6257999999991,517.9300999999997,274.0,0.0,0.0,0.015,3.913379774436087,4.851352631578927,1.540405882352928,1.7919234042553187,2.399139373140614,11.716038910558863,1520.0,1330.0,760.0,2038.6666666666667,1982.0,204.0,14,0,0,2,133,0.0,2048.0,46303.08840000008,3029.6317999999997,15419.464199999999,55,713,0,19,0.6578688561675812,0.7494200671537812,0.12349932080339188,5,6710.519100000001,5204.795099999996,0,0,544.0,512,0,0,46303.08840000008,55,113412.50141429588,113412.50141429588,0.0,308,544,0,1.5,0,0.0,512,512,113412.50141429588,55,61440.0,0,1022,837.9807999999929,256.0,2412.8086000000003,4,205.94100000000003,205.94200000000015,0.8364778584393734,5120.0,50.992838541666664,1.1493476605754134,1051,0,0.0,0,1304.489167053627,2610.8333333333335,286,0.8913641124205886,0,0,0,0.0,0.0,0.0,0.0,0.0,0.0,0.0,0.0,0,0,0,0,14,0.0,0,12,0.0,0,0.0,1440.0,5597.659100000001,8566.020391282282,0.0,8566.020391282282,0.0,205.94100000000003,19681.222400000028,20861.904599999998,0.7521468792612664,493,98737.88225113912,19,14674.619163156745,4,0.0,4,184.52440000000024,2,754.6427,7189.8409,85.57143835616436,0,0,760,760,S4 rung 12 + everyone greedy,sumsy,8,-1.4551915228366852e-11
30,512,4,4,76308.7610000001,0.0,16692.010999999995,457.3133000000002,0.0,,0.0,0.0,0.0,0.0,0.0,0.0,0.0025,7449.7661,1407.91745,0.0,0.13893732667189443,439.0793999999998,0.0,-0.02,328.42689999999857,0.8782257257818912,0.0,0.0,0.8782257257818912,0.0,31,0,213.45292142587354,-0.4443448279117258,213.00857659796182,68.01857174200093,1.6617149225095367,69.68028666451048,0.0,0.0,0.0,0.0,0,0,0.0,0.0,0.0,0.8782257257818912,0.8782257257818912,0.0,0.0,0.0,0.05269354354691347,0.5,0.25,0.0,-3421.842607996341,0.0,372,2560.0,1296.6044000000002,1580.2359999999999,844.2995999999981,0.0,0.0,0.0,0.0,0.0,24,674.0174,2560.0,1296.6044000000002,515.8727000000001,274.0,0.0,0.0,0.015,3.814830907780984,4.885087537537527,1.5316254237288023,NaN,2.3848763158816757,11.364557743242095,1332.0,1388.0,666.0,2045.3333333333333,1794.0,204.0,62,0,0,2,145,0.0,2048.0,46288.17350000003,4245.372600000001,15187.4955,55,713,0,19,0.6530158078902635,0.7510313293945221,0.20223744327158344,2,6152.037,5294.985300000006,0,0,531.0,512,0,0,46288.17350000003,55,134508.50296496638,134508.50296496638,0.0,366,531,0,1.5,0,0.0,512,512,134508.50296496638,55,61440.0,0,792,813.2930999999941,256.0,2463.9359,4,286.3366,286.3381000000002,1.1865583024619848,5120.0,50.992838541666664,1.2239630771761416,809,0,0.0,0,1181.74371332476,2610.8333333333335,286,0.9118983311135035,0,0,0,0.0,0.0,0.0,0.0,0.0,0.0,0.0,0.0,0,0,0,0,62,0.0,0,12,0.0,0,0.0,1440.0,5410.384400000002,4940.643723601563,0.0,4940.643723601563,0.0,286.3366,19746.09059999998,21896.804000000004,0.7541137630783639,493,119680.89389852826,19,14827.609066438225,4,0.0,4,150.84830000000056,2,711.353,7449.7661,89.59617021276594,0,0,666,666,S4 rung 12 + everyone greedy,sumsy,8,-1.4551915228366852e-11
31,512,4,4,77539.47020000004,0.0,16216.96603903406,725.5751999999999,0.0,,0.0,0.0,0.0,0.0,0.0,0.0,0.0025,7727.535,1386.2348,0.0,0.12798906533014912,428.0226000000001,0.0,-0.02,339.4746999999996,0.8606612112662534,0.0,0.0,0.8606612112662534,0.0,26,0,177.05347894445225,-0.3916022693972688,176.661876675055,69.93593044332253,1.56189895075133,71.49782939407386,0.0,0.0,0.0,0.0,0,0,0.0,0.0,0.0,0.8606612112662534,0.8606612112662534,0.0,0.0,0.0,0.051639672675975204,0.5,0.25,0.0,-3509.281667928178,0.0,380,2560.0,1329.2908000000018,2394.2010000000005,856.8515000000004,0.0,0.0,0.0,0.0,0.0,36,656.2743,2560.0,1329.2908000000018,517.3768000000002,274.0,0.0,0.0,0.015,3.8747768963117637,4.797562304409671,1.523645296167257,1.8423,2.331986078436675,11.023621010944831,1406.0,1437.0,703.0,2045.3333333333335,1868.0000000000002,204.0,44,0,0,1,172,0.0,2048.0,46032.59189999994,5473.348300000001,15078.9886,53,715,0,19,0.6631575239675114,0.7268646473140541,0.16984282194187883,4,6229.4410000000025,5568.0544000000045,0,0,574.0,512,0,0,46032.59189999994,53,114640.40980602315,114640.40980602315,0.0,414,574,0,1.5,0,0.0,512,512,114640.40980602315,53,61440.0,0,1198,874.5724000000056,256.0,2570.7321,4,293.69550000000004,293.69789999999966,0.8827034925551193,5120.0,51.0009765625,1.1888568500267274,1223,0,0.0,0,1359.512294999924,2611.25,286,0.9533347738756167,0,0,0,0.0,0.0,0.0,0.0,0.0,0.0,0.0,0.0,0,0,0,0,44,0.0,0,12,0.0,0,0.0,1440.0,5511.075300000001,4793.0201650281015,0.0,4793.0201650281015,0.0,293.69550000000004,19370.804,23123.069000000003,0.7306032589596776,493,100631.36312091009,19,14009.046685113028,4,0.0,4,119.97309999999948,2,674.9002,7727.535,83.89766951702961,0,0,703,703,S4 rung 12 + everyone greedy,sumsy,8,-1.4551915228366852e-11
32,512,4,4,78743.08890000002,0.0,16956.21679999999,2065.0377000000003,0.0,,0.0,0.0,0.0,0.0,0.0,0.0,0.0025,8005.1957,1369.4583499999997,0.0,0.11790352698213336,434.74949999999967,0.0,-0.02,354.0429000000014,0.8434479870409283,0.0,0.0,0.8434479870409283,0.0,39,3,226.02718914394939,-1.1812030929192512,224.84598605103014,65.11443436201715,1.3057141393632081,66.42014850138037,0.0,0.0,0.0,0.0,0,0,0.0,0.0,0.0,0.8434479870409283,0.8434479870409283,0.0,0.0,0.0,0.05060687922245569,0.5,0.25,0.0,-3593.7023562910285,0.0,389,2560.0,1356.3813000000011,2173.3225,869.5343000000009,0.0,0.0,0.0,0.0,0.0,52,637.1789,2560.0,1356.3813000000011,516.0773000000002,274.0,0.0,11.9278,0.015,3.789265228589831,4.867160027472514,1.5174750000000121,1.8354583333333327,2.3087366880949927,10.692912380616486,1456.0,1553.0,728.0,2046.6666666666667,1918.0,204.0,31,0,0,0,175,0.0,2048.0,44287.766699999986,6713.6626,16346.8537,52,716,0,19,0.6562863095955898,0.7374161071273297,0.14330089758126774,13,6355.506000000004,5884.728900000007,0,0,640.0,512,0,0,44287.766699999986,52,142358.73645575144,142358.73645575144,0.0,529,640,0,1.5,0,0.0,512,512,142358.73645575144,52,61440.0,0,1706,971.1840000000077,256.0,2752.4313,4,259.8064,259.8068999999999,1.3463630526652228,5120.0,51.007486979166664,1.3200980664062503,1714,0,0.0,0,909.7246632840604,2611.5833333333335,291,1.0876585447680012,0,0,0,0.0,0.0,0.0,0.0,0.0,0.0,0.0,0.0,0,0,0,0,31,0.0,0,12,0.0,0,0.0,1440.0,5773.727400000004,2573.5662293739088,0.0,2573.5662293739088,0.0,259.8064,17817.84590000001,25812.947599999992,0.7414270311435625,493,127788.56347049927,19,14570.172985252118,4,0.0,4,90.43459999999959,2,646.7629,8005.1957,92.11500000000001,0,0,728,728,S4 rung 12 + everyone greedy,sumsy,8,-1.4551915228366852e-11
33,512,4,4,79925.1624999999,0.0,16204.026899999988,620.8045999999997,0.0,,0.0,0.0,0.0,0.0,0.0,0.0,0.0025,8266.549,1353.05675,0.0,0.10861272905594124,425.1564000000005,0.0,-0.02,335.98470000000356,0.8265790273001097,0.0,0.0,0.8265790273001097,0.0,8,0,259.9004888409924,1.2210642230592108,261.1215530640516,64.87163980101964,1.6244910502797398,66.49613085129938,0.0,0.0,0.0,0.0,0,0,0.0,0.0,0.0,0.8265790273001097,0.8265790273001097,0.0,0.0,0.0,0.049594741638006576,0.5,0.25,0.0,-3690.270389052518,0.0,406,2560.0,1377.9264,1047.2781000000002,849.1051000000022,0.0,0.0,0.0,0.0,0.0,47,628.6610000000001,2560.0,1377.9264,512.5345000000001,274.0,0.0,0.0,0.015,3.78133642428285,4.8095152343750245,1.5174750000000121,1.9261730769230772,2.259990669993884,10.372125009197992,1536.0,1499.0,768.0,2048.0,1998.0,204.0,12,0,0,7,171,0.0,2048.0,44194.33630000004,7994.2863,15931.0259,52,716,0,19,0.6479724565964553,0.7293203807203115,0.12278715756628444,3,6525.653500000003,5668.223299999992,0,0,640.0,512,0,0,44194.33630000004,52,160078.43870685602,160078.43870685602,0.0,482,640,0,1.5,0,0.0,512,512,160078.43870685602,52,61440.0,0,1215,971.1840000000077,256.0,2910.304,4,292.427,292.4273000000002,1.6477892845082913,5120.0,51.022135416666664,1.344490075412326,1255,0,0.0,0,1835.3790197803985,2612.3333333333335,287,2.3726376170681083,0,0,0,0.0,0.0,0.0,0.0,0.0,0.0,0.0,0.0,0,0,0,0,12,0.0,0,12,0.0,0,0.0,1440.0,5664.957800000003,3340.341553005873,0.0,3340.341553005873,0.0,292.427,17303.924300000013,26835.6162,0.7337727029176861,493,143719.26628023942,19,16359.172426616413,4,0.0,4,62.085299999999734,2,634.3929,8266.549,91.77291666666663,0,0,773,773,S4 rung 12 + everyone greedy,sumsy,8,-1.4551915228366852e-11
34,512,4,4,81085.23310000003,0.0,15267.078300000001,424.6640999999999,0.0,,0.0,0.0,0.0,0.0,0.0,0.0,0.0025,8473.226,1338.393025,0.0,0.10005404600633307,424.2640999999995,0.0,-0.02,288.51400000000325,0.8100474467541074,0.0,0.0,0.8100474467541074,0.0,4,0,317.96160846260307,2.282505322028725,320.2441137846318,64.80392477189986,1.8378264762296115,66.64175124812947,0.0,0.0,0.0,0.0,0,0,0.0,0.0,0.0,0.8100474467541074,0.8100474467541074,0.0,0.0,0.0,0.048602846805246444,0.5,0.25,0.0,-3784.748138469849,0.0,419,2560.0,1399.9293999999989,1860.9044000000001,797.7818000000036,0.0,0.0,0.0,0.0,0.0,29,623.0719,2560.0,1399.9293999999989,509.6233999999998,274.0,0.0,7.2461,0.015,3.8075568265682653,4.81710820312498,1.5127298850574753,1.9950000000000006,2.2439985886575866,10.060961258922053,1536.0,1355.0,768.0,2038.6666666666665,1997.9999999999998,204.0,10,0,0,0,149,0.0,2048.0,44967.39860000003,9250.420000000002,15001.545300000002,52,716,0,19,0.6427522998312409,0.7280140675073941,0.11975127415902698,0,6483.133300000003,5159.2395,0,0,435.0,512,0,0,44967.39860000003,52,194157.8451155066,194157.8451155066,0.0,331,435,0,1.5,0,0.0,512,512,194157.8451155066,52,61440.0,0,774,658.0375000000017,256.0,2769.5713,4,305.5181,305.51609999999977,2.197325934497177,5120.0,51.0205078125,1.4121075073868192,802,0,0.0,0,2507.904163787432,2612.25,275,2.5755643705499267,0,0,0,0.0,0.0,0.0,0.0,0.0,0.0,0.0,0.0,0,0,0,0,10,0.0,0,12,0.0,0,0.0,1440.0,5344.1309999999985,3013.8719564892804,0.0,3013.8719564892804,0.0,305.5181,16157.5111,27021.536600000003,0.7328400830366639,493,173874.72919322355,19,20283.115922283007,4,0.0,4,37.2153000000003,2,625.813,8473.226,96.30865384615386,0,0,772,772,S4 rung 12 + everyone greedy,sumsy,8,-1.4551915228366852e-11
35,512,4,4,82226.04749999997,0.0,15624.528599999996,1667.6143000000002,0.0,,0.0,0.0,0.0,0.0,0.0,0.0,0.0025,8649.0427,1325.8406499999996,0.0,0.09216978718103401,427.20659999999987,0.0,-0.02,267.4277000000035,0.7938464978190253,0.0,0.0,0.7938464978190253,0.0,3,1,348.9064352499089,2.511041168092306,351.41747641800123,62.84934869438284,1.8373392303948952,64.68668792477773,0.0,0.0,0.0,0.0,0,0,0.0,0.0,0.0,0.7938464978190253,0.7938464978190253,0.0,0.0,0.0,0.047630789869141515,0.5,0.25,0.0,-3875.6814384698637,0.0,422,2560.0,1419.1855999999998,1689.6174,773.5292000000035,0.0,0.0,0.0,0.0,0.0,17,617.4446,2560.0,1419.1855999999998,505.7458999999997,274.0,0.0,0.0,0.015,3.756239552814181,4.9042994285714405,1.4796023474178426,NaN,2.2481073984645334,9.75913242115439,1400.0,1297.0,700.0,2048.0,1862.0,204.0,46,0,0,0,139,0.0,2048.0,45559.59770000001,10273.5894,14483.8736,52,716,0,19,0.6328659160440266,0.7286736738645296,0.16872860695570346,1,6073.844500000001,4871.842699999993,0,0,426.0,512,0,0,45559.59770000001,52,211854.3450899503,211854.3450899503,0.0,273,426,0,1.5,0,0.0,512,512,211854.3450899503,52,61440.0,0,532,630.3106000000009,256.0,2642.4995,4,459.77139999999997,459.7727000000004,2.479954256021332,5120.0,51.023763020833336,1.44969220703125,548,0,0.0,0,1799.2173387219302,2612.4166666666665,265,3.002255257196227,0,0,0,0.0,0.0,0.0,0.0,0.0,0.0,0.0,0.0,0,0,0,0,46,0.0,0,12,0.0,0,0.0,1440.0,5124.311800000001,1464.2236656858477,0.0,1464.2236656858477,0.0,459.77139999999997,15341.695499999985,27399.962500000005,0.7327407616428929,493,190964.55998007258,19,20889.78510987775,4,0.0,4,1011.4961000000002,2,618.4639,8649.0427,99.75000000000003,0,0,700,700,S4 rung 12 + everyone greedy,sumsy,8,-1.4551915228366852e-11
36,512,4,4,83341.38429999993,0.0,14797.368199999992,518.9517999999998,0.0,,0.0,0.0,0.0,0.0,0.0,0.0,0.0025,8819.9929,1314.4931749999994,0.0,0.08490680795116852,421.44879999999944,0.0,-0.02,261.9849999999975,0.7779695678626447,0.0,0.0,0.7779695678626447,0.0,3,0,372.49334562158737,2.7788032819847914,375.27214890357214,65.41414506844235,1.779242689593312,67.19338775803566,0.0,0.0,0.0,0.0,0,0,0.0,0.0,0.0,0.7779695678626447,0.7779695678626447,0.0,0.0,0.0,0.04667817407175868,0.5,0.25,0.0,-3974.6702883251583,0.0,426,2560.0,1444.6631999999993,1679.6195,766.3566999999982,0.0,0.0,0.0,0.0,0.0,18,617.9229,2560.0,1444.6631999999993,504.37170000000015,274.0,0.0,0.0,0.015,3.750869153069167,4.779493750000016,1.459578091106296,NaN,2.217600319947818,9.466358448519758,1344.0,1287.0,672.0,2048.0,1806.0,204.0,60,0,0,1,143,0.0,2048.0,46432.15119999995,10914.5682,13974.5331,51,717,0,19,0.6399222459811553,0.7309213776251258,0.19605451693034204,0,5872.2107000000005,4827.368600000018,0,0,461.0,512,0,0,46432.15119999995,51,221217.97199932023,221217.97199932023,0.0,265,461,0,1.5,0,0.0,512,512,221217.97199932023,51,61440.0,0,509,672.8655000000025,256.0,2582.2160000000003,4,613.1235999999999,613.1101999999995,2.6364842820355285,5120.0,51.012369791666664,1.3856376179942238,526,0,0.0,0,1944.9864107090166,2611.8333333333335,263,3.1979702950988176,0,0,0,0.0,0.0,0.0,0.0,0.0,0.0,0.0,0.0,0,0,0,0,60,0.0,0,12,0.0,0,0.0,1440.0,5099.306300000002,1737.8803408261304,0.0,1737.8803408261304,0.0,613.1235999999999,16276.963300000001,27471.317300000002,0.7350133412827926,493,199598.959692418,19,21619.01230690225,4,0.0,4,946.823,2,618.0477,8819.9929,92.98103158935162,0,0,672,672,S4 rung 12 + everyone greedy,sumsy,8,-1.4551915228366852e-11
37,512,4,4,84441.08530000002,0.0,13921.393500000007,451.47860000000003,0.0,,0.0,0.0,0.0,0.0,0.0,0.0,0.0025,8966.5019,1304.8324999999993,0.0,0.07821615148461644,420.8468999999997,0.0,-0.02,245.29150000000067,0.7624101765053918,0.0,0.0,0.7624101765053918,0.0,1,0,419.2563308744011,3.04494220772427,422.30127308212536,64.3697257287393,2.1131946605444547,66.48292038928376,0.0,0.0,0.0,0.0,0,0,0.0,0.0,0.0,0.7624101765053918,0.7624101765053918,0.0,0.0,0.0,0.0457446105903235,0.5,0.25,0.0,-4070.063295110981,0.0,432,2560.0,1460.2989999999995,1694.9006,744.2899000000004,0.0,0.0,0.0,0.0,0.0,16,615.8061,2560.0,1460.2989999999995,499.20970000000017,274.0,0.0,3.6491000000000002,0.015,3.7737170906200306,4.7394733802816615,1.4496942857142754,NaN,2.2010045442655177,9.182367695064166,1420.0,1258.0,710.0,2046.6666666666667,1882.0,204.0,41,0,0,0,127,0.0,2048.0,47777.99070000002,11480.2215,13206.6397,49,719,0,19,0.6273951615538595,0.732663765941354,0.15636792400199173,0,5988.684300000003,4747.336099999999,0,0,350.0,512,0,0,47777.99070000002,49,245635.56382906175,245635.56382906175,0.0,234,350,0,1.5,0,0.0,512,512,245635.56382906175,49,61440.0,0,442,507.3929999999964,256.0,2393.9254,4,587.2787,587.2817000000002,3.0298288677527254,5120.0,51.015625,1.343059567331775,473,0,0.0,0,2093.492616729791,2612.0,253,3.5223865068839917,0,0,0,0.0,0.0,0.0,0.0,0.0,0.0,0.0,0.0,0,0,0,0,41,0.0,0,12,0.0,0,0.0,1440.0,4894.0873,2568.587333352144,0.0,2568.587333352144,0.0,587.2787,16258.549199999998,27080.7866,0.7367391853645373,493,223166.86211921932,19,22468.701709842404,4,0.0,4,894.364,2,615.8061,8966.5019,88.58859988437308,0,0,710,710,S4 rung 12 + everyone greedy,sumsy,8,-1.4551915228366852e-11
38,512,4,4,85518.5904,0.0,12957.675699999996,347.6096999999999,0.0,,0.0,0.0,0.0,0.0,0.0,0.0,0.0025,9108.9147,1296.6801499999992,0.0,0.07205271874762867,423.4121999999995,0.0,-0.02,248.4979000000023,0.747161972975284,0.0,0.0,0.747161972975284,0.0,1,0,517.2602709972447,3.1075789252780663,520.3678499225227,68.08621202671259,2.076530653334896,70.16274268004747,0.0,0.0,0.0,0.0,0,0,0.0,0.0,0.0,0.747161972975284,0.747161972975284,0.0,0.0,0.0,0.044829718378517035,0.5,0.25,0.0,-4161.149939647457,0.0,440,2560.0,1482.494900000001,419.21039999999994,745.3922000000013,0.0,0.0,0.0,0.0,0.0,12,612.5903000000001,2560.0,1482.494900000001,496.6829999999999,274.0,0.0,0.0,0.015,3.786740740740735,4.725254742547418,1.4451023041474602,NaN,2.1933510100967775,8.90689666421224,1476.0,1269.0,738.0,2048.0,1938.0,204.0,27,0,0,0,134,0.0,2048.0,50276.90040000002,10795.8051,12385.294100000001,30,738,0,10,0.6367873339549464,0.757099259143226,0.13007370936460494,0,6045.291199999999,4805.3739999999925,0,0,434.0,512,0,0,50276.90040000002,30,285769.52809943655,285769.52809943655,0.0,245,434,0,1.5,0,0.0,512,512,285769.52809943655,30,61440.0,0,431,627.1743999999977,256.0,2339.0858,4,450.5738,450.5718,3.6830555971429515,5120.0,51.015625,1.3090706303703805,450,0,0.0,0,2037.8667680100532,2612.0,252,3.554955472181067,0,0,0,0.0,0.0,0.0,0.0,0.0,0.0,0.0,0.0,0,0,0,0,27,0.0,0,12,0.0,0,0.0,1440.0,4756.220900000003,3517.9627624737277,0.0,3517.9627624737277,0.0,450.5738,16593.876300000014,25520.185,0.7607853227150425,502,276452.8200159478,10,9316.708083488516,4,0.0,4,843.4173000000001,2,612.5903000000001,9108.9147,84.5810203657943,0,0,738,738,S4 rung 12 + everyone greedy,sumsy,8,-1.4551915228366852e-11
39,512,4,4,86578.98750000002,0.0,12013.472600000005,350.65030000000013,0.0,,0.0,0.0,0.0,0.0,0.0,0.0,0.0025,9231.071,1289.6089999999995,0.0,0.06637496451031552,424.8708000000003,0.0,-0.02,236.85760000000252,0.7322187335157783,0.0,0.0,0.7322187335157783,0.0,0,0,551.440358344572,3.3007172721913736,554.7410756167633,67.6204522833371,2.0821765430806067,69.70262882641771,0.0,0.0,0.0,0.0,0,0,0.0,0.0,0.0,0.7322187335157783,0.7322187335157783,0.0,0.0,0.0,0.04393312401094669,0.5,0.25,0.0,-4247.645339647463,0.0,444,2560.0,1499.6028999999992,1555.7401999999993,729.072400000002,0.0,0.0,0.0,0.0,0.0,13,608.852,2560.0,1499.6028999999992,492.2148000000002,274.0,0.0,0.0,0.015,3.581079053529869,4.630977838577308,1.441219222462197,NaN,2.1949016689766707,8.639689764285874,1462.0,1289.0,731.0,2048.0,1924.0,204.0,31,0,0,0,137,0.0,2048.0,51413.434599999986,11487.457,11510.4218,30,738,0,10,0.6296572088672641,0.7613387154723044,0.13667482446357648,0,5998.773100000008,4616.010900000001,0,0,463.0,512,0,0,51413.434599999986,30,302719.06297574454,302719.06297574454,0.0,265,463,0,1.5,0,0.0,512,512,302719.06297574454,30,61440.0,0,523,667.2844999999971,256.0,2327.7511,4,572.7101,572.7122999999998,3.9552165871693554,5120.0,51.015625,1.2333942590732399,539,0,0.0,0,2453.2135595386817,2612.0,251,3.634573211450846,0,0,0,0.0,0.0,0.0,0.0,0.0,0.0,0.0,0.0,0,0,0,0,31,0.0,0,12,0.0,0,0.0,1440.0,4644.626299999998,4274.227799145394,0.0,4274.227799145394,0.0,572.7101,17371.729399999993,25325.629900000004,0.7649624320905544,502,293501.37510421843,10,9217.687871525928,4,0.0,4,793.8036999999999,2,608.852,9231.071,77.5326020019781,0,0,731,731,S4 rung 12 + everyone greedy,sumsy,8,-1.4551915228366852e-11
40,512,4,4,87611.19900000015,0.0,11357.695499999994,614.9811000000001,0.0,,0.0,0.0,0.0,0.0,0.0,0.0,0.0025,9381.2275,1278.3826249999995,0.0,0.061144617306902654,401.7984,0.0,-0.02,245.46749999999818,0.7175743588454627,0.0,0.0,0.7175743588454627,0.0,0,0,512.871905189818,3.6348233975445603,516.5067285873625,71.94050082035879,1.9842020261243651,73.92470284648317,0.0,0.0,0.0,0.0,0,0,0.0,0.0,0.0,0.7175743588454627,0.7175743588454627,0.0,0.0,0.0,0.04305446153072776,0.5,0.25,0.0,-4329.0642875749,0.0,447,2560.0,1527.7884999999999,2722.9269,737.0420999999977,0.0,0.0,0.0,0.0,0.0,20,604.6406,2560.0,1527.7884999999999,491.57460000000054,274.0,0.0,0.0,0.015,3.51347494584838,4.484271171171189,1.4394335329341374,NaN,2.1582679318874263,8.380499071357297,1332.0,1385.0,666.0,2048.0,1794.0,204.0,63,0,0,0,188,0.0,2048.0,52001.479400000026,11784.3922,11471.646100000002,30,738,0,10,0.6388658095441608,0.7607501006744473,0.20164417631795906,1,5628.537299999996,4866.162800000006,0,0,501.0,512,0,0,52001.479400000026,30,267312.1860944756,267312.1860944756,0.0,361,501,0,1.5,0,0.0,512,512,267312.1860944756,30,61440.0,0,722,721.1562000000029,256.0,2367.8132,4,703.6309999999999,703.6360000000004,3.38370514752882,5120.0,51.015625,1.1766740593342169,740,0,0.0,0,3057.134221998563,2612.0,249,3.468150284610772,0,0,0,0.0,0.0,0.0,0.0,0.0,0.0,0.0,0.0,0,0,0,0,63,0.0,0,12,0.0,0,0.0,1440.0,4771.631100000001,2761.2348613309678,0.0,2761.2348613309678,0.0,703.6309999999999,17632.2634,25623.8515,0.764354015015769,502,258842.94517941703,10,8469.24091505855,4,0.0,4,744.191,2,604.6406,9381.2275,71.39460434348818,0,0,666,666,S4 rung 12 + everyone greedy,sumsy,8,-1.4551915228366852e-11
41,512,4,4,88624.06380000003,0.0,10487.065900000012,399.37269999999984,0.0,,0.0,0.0,0.0,0.0,0.0,0.0,0.0025,9502.6265,1266.2663249999994,0.0,0.05632642146311872,394.2096000000002,0.0,-0.02,215.29840000000513,0.7032228716685535,0.0,0.0,0.7032228716685535,0.0,0,0,567.8314879923086,3.8899679793471997,571.7214559716558,74.57591804303429,2.0677476070661065,76.6436656501004,0.0,0.0,0.0,0.0,0,0,0.0,0.0,0.0,0.7032228716685535,0.7032228716685535,0.0,0.0,0.0,0.042193372300113205,0.5,0.25,0.0,-4409.129287574913,0.0,449,2560.0,1547.1352000000013,402.8697999999999,703.115600000005,0.0,0.0,0.0,0.0,0.0,2,602.1314,2560.0,1547.1352000000013,487.81720000000035,274.0,0.0,0.0,0.015,3.3948275888717157,4.404995706371177,1.4390000000000012,NaN,2.1299755450809026,8.129084099216577,1444.0,1294.0,722.0,2048.0,1906.0,204.0,35,0,0,0,153,0.0,2048.0,53357.15180000002,12158.4295,10697.953300000001,30,738,0,10,0.6380684245792618,0.7676458854862922,0.14745607064922095,0,5789.783000000002,4392.9069,0,0,422.0,512,0,0,53357.15180000002,30,286985.3293884805,286985.3293884805,0.0,270,422,0,1.5,0,0.0,512,512,286985.3293884805,30,61440.0,0,607,607.2580000000005,256.0,2305.7713,4,693.5895,693.5915000000001,3.6958005005590877,5120.0,51.017252604166664,1.1170310950455968,620,0,0.0,0,2493.110171330445,2612.0833333333335,247,3.5760226073756822,0,0,0,0.0,0.0,0.0,0.0,0.0,0.0,0.0,0.0,0,0,0,0,35,0.0,0,12,0.0,0,0.0,1440.0,4701.603900000004,4143.7356642641325,0.0,4143.7356642641325,0.0,693.5895,18258.163,25162.1541,0.7711453958348491,502,278029.09135737777,10,8956.238031102452,4,0.0,4,694.5783000000001,2,602.1314,9502.6265,66.04298113767135,0,0,722,722,S4 rung 12 + everyone greedy,sumsy,8,-1.4551915228366852e-11
42,512,4,4,89615.53459999997,0.0,9787.085400000016,538.6082,0.0,,0.0,0.0,0.0,0.0,0.0,0.0,0.0025,9640.3121,1251.7211249999993,0.0,0.05188789945182496,380.8985999999998,0.0,-0.02,224.51259999999579,0.6891584142351824,0.0,0.0,0.6891584142351824,0.0,0,0,576.4052595501597,3.9326195888465914,580.3378791390063,77.61447030822863,2.012304970587034,79.62677527881567,0.0,0.0,0.0,0.0,0,0,0.0,0.0,0.0,0.6891584142351824,0.6891584142351824,0.0,0.0,0.0,0.041349504854110944,0.5,0.25,0.0,-4484.014426403261,0.0,452,2560.0,1568.5291999999997,2216.4273000000003,708.900899999996,0.0,0.0,0.0,0.0,0.0,31,598.4404999999999,2560.0,1568.5291999999997,484.5956999999996,274.0,0.0,2.0604,0.015,3.39708440899203,4.2593524517087795,1.4337387387387286,NaN,2.102698426698789,7.8852115762400805,1346.0,1379.0,673.0,2048.0,1808.0,204.0,60,0,0,0,171,0.0,2048.0,54202.86890000006,12235.1799,10659.615300000001,30,738,0,10,0.6383193918197345,0.7594856388302713,0.19928647508498454,0,5513.233100000007,4684.57940000001,0,0,444.0,512,0,0,54202.86890000006,30,283485.44402405916,283485.44402405916,0.0,355,444,0,1.5,0,0.0,512,512,283485.44402405916,30,61440.0,0,679,636.5799999999955,256.0,2279.1179,4,784.2144000000001,784.2169000000002,3.6386060990067595,5120.0,51.015625,1.075539983181416,702,0,0.0,0,2967.7287796162004,2612.0,246,3.338085762291682,0,0,0,0.0,0.0,0.0,0.0,0.0,0.0,0.0,0.0,0,0,0,0,60,0.0,0,12,0.0,0,0.0,1440.0,4812.8211,2992.7024459499007,0.0,2992.7024459499007,0.0,784.2144000000001,17505.778799999993,25173.913099999998,0.7631310837411662,502,275031.53657088603,10,8453.907453173135,4,0.0,4,644.9656,2,598.4404999999999,9640.3121,61.56099670279974,0,0,673,673,S4 rung 12 + everyone greedy,sumsy,8,-1.4551915228366852e-11
43,512,4,4,90588.56130000003,0.0,9024.6444,478.002,0.0,,0.0,0.0,0.0,0.0,0.0,0.0,0.0025,9757.659,1240.0038749999994,0.0,0.04779913297502115,381.1535999999997,0.0,-0.02,210.50520000000012,0.6753752459504788,0.0,0.0,0.6753752459504788,0.0,0,0,512.5020398168043,4.287185772329767,516.789225589134,78.66137089774435,2.084309265634304,80.74568016337865,0.0,0.0,0.0,0.0,0,0,0.0,0.0,0.0,0.6753752459504788,0.6753752459504788,0.0,0.0,0.0,0.04052251475702873,0.5,0.25,0.0,-4556.982826403283,0.0,458,2560.0,1586.9733,2653.0730000000003,691.1628000000001,0.0,0.0,0.0,0.0,0.0,10,595.7755999999999,2560.0,1586.9733,480.4501999999998,274.0,0.0,0.0,0.015,3.2023188416422252,4.234926141078826,1.4280952569169827,NaN,2.0814791250990154,7.648655228952877,1446.0,1364.0,723.0,2048.0,1908.0,204.0,35,0,0,0,172,0.0,2048.0,55438.39540000004,12422.2189,10032.4599,30,738,0,10,0.6370408783512516,0.753754283495043,0.15002399628397867,0,5659.036399999995,4367.962899999995,0,0,506.0,512,0,0,55438.39540000004,30,255133.6435909376,255133.6435909376,0.0,340,506,0,1.5,0,0.0,512,512,255133.6435909376,30,61440.0,0,618,722.6161999999932,256.0,2342.0525,4,787.0161999999999,787.0180999999994,3.1703459582253775,5120.0,51.017252604166664,1.0333858035843397,636,0,0.0,0,2757.3195324308667,2612.0833333333335,246,3.21065767474504,0,0,0,0.0,0.0,0.0,0.0,0.0,0.0,0.0,0.0,0,0,0,0,35,0.0,0,12,0.0,0,0.0,1440.0,4845.1204000000025,4241.295128290705,0.0,4241.295128290705,0.0,787.0161999999999,18449.04529999999,24796.7313,0.7575067800057993,502,247558.8657583432,10,7574.7778325944255,4,0.0,4,595.3528999999999,2,595.7755999999999,9757.659,57.550830585666446,0,0,723,723,S4 rung 12 + everyone greedy,sumsy,8,-1.4551915228366852e-11
44,512,4,4,91536.9623000001,0.0,8562.068800000003,757.5508999999997,0.0,,0.0,0.0,0.0,0.0,0.0,0.0,0.0025,9910.9983,1221.1415249999993,0.0,0.04403256129658948,359.30009999999976,0.0,-0.02,230.3195999999956,0.6618677410314693,0.0,0.0,0.6618677410314693,0.0,1,0,632.2548569055471,4.732696763499513,636.9875536690466,83.55302599242486,1.8753141765511825,85.42834016897604,0.0,0.0,0.0,0.0,0,0,0.0,0.0,0.0,0.6618677410314693,0.6618677410314693,0.0,0.0,0.0,0.03971206446188816,0.5,0.25,0.0,-4624.830276015922,0.0,465,2560.0,1611.5989999999983,1886.8135000000007,708.4222999999954,0.0,0.0,0.0,0.0,0.0,55,592.0387000000001,2560.0,1611.5989999999983,478.1026999999999,274.0,0.0,0.0,0.015,3.2699812200137046,4.065638561151077,1.4260499999999996,NaN,2.0361748779871767,7.419195572084291,1390.0,1459.0,695.0,2048.0,1852.0,204.0,49,0,0,0,203,0.0,2048.0,55937.144599999985,12369.886,10161.9683,30,738,0,10,0.6389606686155824,0.7582127460869679,0.18568119172676423,1,5443.079299999991,4770.902599999995,0,0,640.0,512,0,0,55937.144599999985,30,293790.5288620037,293790.5288620037,0.0,435,640,0,1.5,0,0.0,512,512,293790.5288620037,30,61440.0,0,935,912.6719999999998,256.0,2564.9264,4,839.9605,839.9639999999999,3.8049011702044555,5120.0,51.015625,1.0102824318063945,993,0,0.0,0,4188.7627979915615,2612.0,246,3.22280761125563,0,0,0,0.0,0.0,0.0,0.0,0.0,0.0,0.0,0.0,0,0,0,0,49,0.0,0,12,0.0,0,0.0,1440.0,5184.2018999999955,3321.726431035966,0.0,3321.726431035966,0.0,839.9605,18597.271699999983,25096.780699999996,0.7617373626061965,502,285210.68620267295,10,8579.842659330754,4,31.563099999999395,4,545.7402,2,592.0387000000001,9910.9983,54.20902548805538,0,0,695,695,S4 rung 12 + everyone greedy,sumsy,8,-1.4551915228366852e-11
45,512,4,4,92471.42059999998,0.0,7745.685600000001,388.0419999999999,0.0,,0.0,0.0,0.0,0.0,0.0,0.0,0.0025,10016.753,1206.5759249999994,0.0,0.04056279546641823,366.89400000000006,0.0,-0.02,198.49720000000045,0.6486303862108399,0.0,0.0,0.6486303862108399,0.0,1,0,549.91064024403,4.838029011348157,554.7486692553781,86.58950700748036,2.118464226306806,88.70797123378718,0.0,0.0,0.0,0.0,0,0,0.0,0.0,0.0,0.6486303862108399,0.6486303862108399,0.0,0.0,0.0,0.03891782317265039,0.5,0.25,0.0,-4693.158733389206,0.0,478,2560.0,1625.5417000000002,525.6813,670.3715000000001,0.0,0.0,0.0,0.0,0.0,37,590.5084999999999,2560.0,1625.5417000000002,472.5132000000001,274.0,0.0,15.6464,0.015,3.0922630246020244,4.082788541666686,1.4245958742632665,NaN,2.0289845810238027,7.196619704921763,1536.0,1382.0,768.0,2048.0,1998.0,204.0,12,0,0,0,177,0.0,2048.0,58657.70900000003,11237.474,9375.3314,0,768,0,0,0.641237370030457,0.7606330077308432,0.11161257815727321,0,5675.048799999999,4273.507499999998,0,0,509.0,512,0,0,58657.70900000003,0,261655.9085848842,261655.9085848842,0.0,358,509,0,1.5,0,0.0,512,512,261655.9085848842,0,61440.0,0,693,725.1193000000027,256.0,2593.6447000000003,4,640.3457000000001,640.3455999999998,3.2746708623841823,5120.0,51.017252604166664,0.9826121779354726,712,0,0.0,0,3257.6301142069046,2612.0833333333335,245,2.8905528944881045,0,0,0,0.0,0.0,0.0,0.0,0.0,0.0,0.0,0.0,0,0,0,0,12,0.0,0,12,0.0,0,0.0,1440.0,5101.982800000002,5224.347406639879,0.0,5224.347406639879,0.0,640.3457000000001,20129.977199999987,23206.4501,0.7641024813369584,512,261655.9085848842,0,0.0,4,29.98489999999947,4,496.12750000000005,2,590.5084999999999,10016.753,51.424187906712824,0,0,785,785,S4 rung 12 + everyone greedy,sumsy,8,-1.4551915228366852e-11
46,512,4,4,93381.85010000008,0.0,7307.735599999996,671.3416999999997,0.0,,0.0,0.0,0.0,0.0,0.0,0.0,0.0025,10156.1173,1187.2481499999994,0.0,0.03736644718366447,346.9529999999999,0.0,-0.02,216.33789999999672,0.6356577784866231,0.0,0.0,0.6356577784866231,0.0,1,0,575.0235591391594,4.936445406838579,579.960004545998,95.10692623257663,1.9964628449058475,97.10338907748248,0.0,0.0,0.0,0.0,0,0,0.0,0.0,0.0,0.6356577784866231,0.6356577784866231,0.0,0.0,0.0,0.038139466709197385,0.5,0.25,0.0,-4756.849046889523,0.0,483,2560.0,1649.5704999999994,1237.7393000000002,686.9043999999961,0.0,0.0,0.0,0.0,0.0,69,587.4966,2560.0,1649.5704999999994,469.92760000000055,274.0,0.0,0.0,0.015,3.1629759347382675,3.8874733703189843,1.4199059561128713,NaN,2.000961455546408,6.98072111377411,1442.0,1471.0,721.0,2048.0,1904.0,204.0,36,0,0,0,206,0.0,2048.0,59040.88489999996,11289.502999999999,9522.094,0,768,0,0,0.6528262527356021,0.7573205036517536,0.16791508872417826,0,5417.7051999999985,4652.737599999991,0,0,638.0,512,0,0,59040.88489999996,0,259954.9360896861,259954.9360896861,0.0,447,638,0,1.5,0,0.0,512,512,259954.9360896861,0,61440.0,0,929,905.9000000000119,256.0,2785.7543,4,796.1583,796.1640000000001,3.2498879425404663,5120.0,51.017252604166664,0.8248941064453125,961,0,0.0,0,3710.091040206146,2612.0833333333335,246,3.003332560238841,0,0,0,0.0,0.0,0.0,0.0,0.0,0.0,0.0,0.0,0,0,0,0,36,0.0,0,12,0.0,0,0.0,1440.0,5341.4119999999975,3879.356678126662,0.0,3879.356678126662,0.0,796.1583,20554.130500000017,23597.3513,0.7608463947984105,512,259954.9360896861,0,0.0,4,28.406699999999546,4,446.5147,2,587.4966,10156.1173,37.5,0,0,721,721,S4 rung 12 + everyone greedy,sumsy,8,-1.4551915228366852e-11
47,512,4,4,94274.00489999984,0.0,7531.171999999999,1337.2454999999995,0.0,,0.0,0.0,0.0,0.0,0.0,0.0,0.0025,10252.4158,1169.1673749999998,0.0,0.03442197114559171,354.88349999999997,0.0,-0.02,188.333899999998,0.6229446229168906,0.0,0.0,0.6229446229168906,0.0,1,0,523.3178406669805,5.220055281684289,528.5378959486649,94.07776133543754,2.061798990188945,96.13956032562649,0.0,0.0,0.0,0.0,0,0,0.0,0.0,0.0,0.6229446229168906,0.6229446229168906,0.0,0.0,0.0,0.037376677375013434,0.5,0.25,0.0,-4821.0358699725375,0.0,494,2560.0,1667.8452000000007,3550.7334,653.8253999999986,0.0,0.0,0.0,0.0,0.0,51,586.3395,2560.0,1667.8452000000007,465.6828999999995,274.0,0.0,3.6113999999999997,0.015,2.9736822730521775,3.901511155378482,1.4189051094890655,NaN,2.003512245872782,6.771299480360885,1506.0,1399.0,753.0,2048.0,1968.0,204.0,20,0,0,0,190,0.0,2048.0,59310.72950000006,11437.018399999999,9848.1747,0,768,0,0,0.655126831564552,0.7480550375067667,0.13286750186393115,0,5545.303700000004,4160.181499999996,0,0,548.0,512,0,0,59310.72950000006,0,244713.2274463373,244713.2274463373,0.0,375,548,0,1.5,0,0.0,512,512,244713.2274463373,0,61440.0,0,699,777.5600000000079,256.0,2839.327,4,815.7966,815.7942,2.9913586644911554,5120.0,51.018880208333336,0.8282324853515625,725,0,0.0,0,3082.2671229844013,2612.1666666666665,244,2.8727380390748305,0,0,0,0.0,0.0,0.0,0.0,0.0,0.0,0.0,0.0,0,0,0,0,20,0.0,0,12,0.0,0,0.0,1440.0,5276.202599999998,3913.0175432746287,0.0,3913.0175432746287,0.0,815.7966,17209.503000000004,24124.5201,0.7517863311781683,512,244713.2274463373,0,0.0,4,27.59269999999924,4,396.90190000000007,2,586.3395,10252.4158,37.5,0,0,758,758,S4 rung 12 + everyone greedy,sumsy,8,-1.4551915228366852e-11
48,512,4,4,95145.36529999999,0.0,7130.960999999998,462.2555000000001,0.0,,0.0,0.0,0.0,0.0,0.0,0.0,0.0025,10367.2683,1147.216975,0.0,0.03170951981931908,333.64720000000017,0.0,-0.02,191.41360000000347,0.6104857304585527,0.0,0.0,0.6104857304585527,0.0,1,0,547.192196194696,6.211294717177145,553.4034909118732,102.21840925077672,1.9620161837631755,104.1804254345399,0.0,0.0,0.0,0.0,0,0,0.0,0.0,0.0,0.6104857304585527,0.6104857304585527,0.0,0.0,0.0,0.03662914382751316,0.5,0.25,0.0,-4891.950305555679,0.0,499,2560.0,1688.6396000000002,514.6348,653.4714000000031,0.0,0.0,0.0,0.0,0.0,39,589.0826999999999,2560.0,1688.6396000000002,462.1203999999998,274.0,0.0,6.148999999999999,0.015,3.0617885474860342,3.7868250000000083,1.4107969348658893,NaN,2.213515261717329,8.248639216077573,1376.0,1432.0,688.0,2048.0,1838.0,204.0,52,0,0,0,203,0.0,2048.0,60278.78900000003,11201.989599999999,9853.6937,0,768,0,0,0.6591193811143086,0.7407471870230786,0.24662860257803954,1,5647.957500000004,4384.481200000001,0,0,522.0,512,0,0,60278.78900000003,0,242314.37630171474,242314.37630171474,0.0,408,522,0,1.5,0,0.0,512,512,242314.37630171474,0,61440.0,0,783,736.4359999999942,256.0,2854.542,4,935.8418000000001,935.8402999999998,2.941482646512282,5120.0,51.015625,0.8305017594401044,813,0,0.0,0,2678.6075211452226,2612.0,242,2.9250523440956404,0,0,0,0.0,0.0,0.0,0.0,0.0,0.0,0.0,0.0,0,0,0,0,52,0.0,0,12,0.0,0,0.0,1440.0,5205.4996999999985,3431.999325136957,0.0,3431.999325136957,0.0,935.8418000000001,16644.512900000005,23910.2253,0.7446491598870126,512,242314.37630171474,0,0.0,4,26.014499999999316,4,347.28920000000005,2,589.0826999999999,10367.2683,37.5,0,0,688,688,S4 rung 12 + everyone greedy,sumsy,8,-1.4551915228366852e-11
49,512,4,4,96002.88719999997,0.0,6681.587700000001,284.6017,0.0,,0.0,0.0,0.0,0.0,0.0,0.0,0.0025,10457.2231,1127.8879749999999,0.0,0.02921080965755674,343.5308999999999,0.0,-0.02,184.58229999999602,0.5982760158493816,0.0,0.0,0.5982760158493816,0.0,1,0,554.5314334472534,6.471167314257492,561.002600761511,98.86532524813948,2.1733538736578457,101.03867912179733,0.0,0.0,0.0,0.0,0,0,0.0,0.0,0.0,0.5982760158493816,0.5982760158493816,0.0,0.0,0.0,0.03589656095096289,0.5,0.25,0.0,-4958.848205555691,0.0,506,2560.0,1702.4780999999996,3048.5903000000003,640.3240999999964,0.0,0.0,0.0,0.0,0.0,14,588.5866,2560.0,1702.4780999999996,456.5332000000002,274.0,0.0,580.8672999999993,0.015,3.288839642324887,3.8774408854166573,1.4426999999999914,NaN,2.2278034409549288,8.001180039595242,1536.0,1342.0,768.0,2048.0,1998.0,204.0,12,0,0,1,167,0.0,2048.0,61338.7616,10815.547999999999,10035.072599999998,0,768,0,0,0.6524497755029159,0.7346615426001952,0.17049205671654333,0,6012.6250000000055,4413.622799999998,0,0,434.0,512,0,0,61338.7616,0,253276.43686302027,253276.43686302027,0.0,319,434,0,1.5,0,0.0,512,512,253276.43686302027,0,61440.0,0,471,626.1317999999962,256.0,2767.6953,4,688.8978999999999,688.8973999999993,3.1053004193199953,5120.0,51.015625,0.8292347916666665,483,0,0.0,0,2220.510282198983,2612.0,243,2.963159516578168,0,0,0,0.0,0.0,0.0,0.0,0.0,0.0,0.0,0.0,0,0,0,0,12,0.0,0,12,0.0,0,0.0,1440.0,5015.2567,5029.925430920197,0.0,5029.925430920197,0.0,688.8978999999999,17851.697600000014,23618.3159,0.7387444470046964,512,253276.43686302027,0,0.0,4,24.43629999999939,4,297.6765,2,588.5866,10457.2231,37.5,0,0,793,793,S4 rung 12 + everyone greedy,sumsy,8,-1.4551915228366852e-11
50,512,4,3,96848.89729999985,0.0,6006.239800000001,209.46959999999996,0.0,,0.0,0.0,0.0,0.0,0.0,0.0,0.0025,10503.6851,1114.286275,0.0,0.02690899785654127,369.00540000000035,0.0,-0.02,172.85149999999655,0.586310495532394,0.0,0.0,0.586310495532394,0.0,1,0,563.2558087165451,6.459946097386163,569.7157548139312,91.59647934065576,2.3524883254191833,93.94896766607494,0.0,0.0,0.0,0.0,0,0,0.0,0.0,0.0,0.586310495532394,0.586310495532394,0.0,0.0,0.0,0.03517862973194364,0.5,0.25,0.0,-5022.470605555707,253.7205,511,2560.0,1713.9898999999994,2538.3565,623.2983999999964,0.0,0.0,0.0,0.0,0.0,10,587.221,2560.0,1713.9898999999994,450.54909999999984,274.0,0.0,669.8651000000013,0.015,3.199537415477086,4.039088541666678,1.4456000000000098,NaN,2.2591069442119784,8.386589252080613,1536.0,1331.0,768.0,2046.6666666666667,1998.0,204.0,12,0,0,1,157,0.0,2048.0,62451.430399999896,11169.8045,9502.6199,0,768,0,0,0.6436137208193451,0.7369654849017959,0.16663397368756505,1,6058.1579,4258.584300000001,0,0,385.0,512,0,0,62451.430399999896,0,275305.26077384234,275305.26077384234,0.0,308,385,0,1.5,0,0.0,512,512,275305.26077384234,0,56320.0,0,510,556.5560000000038,256.0,2634.1364,4,527.9579,527.9578999999998,3.7602263542940717,5120.0,51.04048295454545,0.9056431214488636,519,0,0.0,0,1908.6656348455188,2613.2727272727275,243,3.3622393851659993,0,0,0,0.0,0.0,0.0,0.0,0.0,0.0,0.0,0.0,0,0,0,0,12,0.0,0,11,0.0,0,0.0,1320.0,4781.923500000002,2931.8859023276436,0.0,2931.8859023276436,0.0,527.9579,17882.680099999994,23306.5608,0.7414726231774738,512,275305.26077384234,0,0.0,4,22.858099999999467,3,0.0,2,587.221,10503.6851,37.5,0,1,893,670,S4 rung 12 + everyone greedy,sumsy,8,-1.4551915228366852e-11
51,512,4,3,97673.68819999998,0.0,5788.424400000001,374.01130000000006,0.0,,0.0,0.0,0.0,0.0,0.0,0.0,0.0025,10574.5693,1097.815825,0.0,0.024788568825445816,358.98899999999963,0.0,-0.02,191.87369999999677,0.5745842856217461,0.0,0.0,0.5745842856217461,0.0,1,0,459.3517759594373,6.284345532716164,465.63612149215345,93.16614067372244,2.032757085908738,95.19889775963117,0.0,0.0,0.0,0.0,0,0,0.0,0.0,0.0,0.5745842856217461,0.5745842856217461,0.0,0.0,0.0,0.03447505713730477,0.5,0.25,0.0,-5079.530090482938,253.7205,514,2560.0,1735.2091,437.30690000000004,639.2088999999966,0.0,0.0,0.0,0.0,0.0,69,581.9987,2560.0,1735.2091,447.3178999999997,272.5,0.0,30.483700000000006,0.015,3.382270434782613,4.109374739583321,1.4536040665434469,NaN,2.2842268258340943,8.134991574518194,1536.0,1380.0,768.0,2046.6666666666665,1998.0,204.0,12,0,0,0,192,0.0,2048.0,62753.739000000074,11771.2085,9278.6233,0,768,0,0,0.6423710818089163,0.7140564284175104,0.17382555463362337,1,6097.8475000000035,4667.533200000006,0,0,541.0,512,0,0,62753.739000000074,0,227949.52567398816,227949.52567398816,0.0,356,541,0,1.5,0,0.0,512,512,227949.52567398816,0,56320.0,0,681,786.3998000000048,256.0,2713.5494000000003,4,333.04089999999997,333.0392000000001,2.9160510542256404,5120.0,51.05646306818182,0.9158080610795453,709,0,0.0,0,3081.934619270419,2614.090909090909,241,3.170987227326133,0,0,0,0.0,0.0,0.0,0.0,0.0,0.0,0.0,0.0,0,0,0,0,12,0.0,0,11,0.0,0,0.0,1320.0,4711.872899999999,12174.011618763041,0.0,12174.011618763041,0.0,333.04089999999997,18261.137999999995,23763.381199999996,0.7189616009239099,512,227949.52567398816,0,0.0,4,21.279899999999543,3,0.0,2,581.9987,10574.5693,37.5,0,1,1129,1129,S4 rung 12 + everyone greedy,sumsy,8,-1.4551915228366852e-11
52,512,4,3,98488.30239999996,0.0,7016.702999999991,1813.8087999999998,0.0,,0.0,0.0,0.0,0.0,0.0,0.0,0.0025,10605.4648,1092.2389749999998,0.0,0.022835229602000684,379.4909999999997,0.0,-0.02,179.41119999999643,0.5630925999093112,0.0,0.0,0.5630925999093112,0.0,1,0,411.2919214739832,5.3281465755144595,416.6200680494977,81.6856311242293,2.276022186119007,83.96165331034831,0.0,0.0,0.0,0.0,0,0,0.0,0.0,0.0,0.5630925999093112,0.5630925999093112,0.0,0.0,0.0,0.033785555994558666,0.5,0.25,0.0,-5136.017796432337,253.7205,524,2560.0,1745.3858000000005,2041.3463,620.6106999999964,0.0,0.0,0.0,0.0,0.0,28,579.2634,2560.0,1745.3858000000005,441.0400000000002,272.5,0.0,29.111299999999996,0.015,3.420695,4.341885026041636,1.456800000000004,NaN,2.367208630021322,7.890941827282648,1536.0,1320.0,768.0,2048.0,1998.0,204.0,12,0,0,0,149,0.0,2048.0,62044.61459999998,12336.4284,10239.516599999999,0,768,0,0,0.6185671890376581,0.7078786201256679,0.17022811826474427,0,6284.941899999992,4515.3174,0,0,473.0,512,0,0,62044.61459999998,0,218119.92816504126,218119.92816504126,0.0,296,473,0,1.5,0,0.0,512,512,218119.92816504126,0,56320.0,0,659,689.066400000002,256.0,2683.0146,4,443.98959999999994,443.98879999999997,2.7280018672770123,5120.0,51.07599431818182,0.9162821289062498,686,0,0.0,0,2509.164600421644,2615.090909090909,236,2.996972071274445,0,0,0,0.0,0.0,0.0,0.0,0.0,0.0,0.0,0.0,0,0,0,0,12,0.0,0,11,0.0,0,0.0,1320.0,4427.411199999999,10759.737341297578,0.0,10759.737341297578,0.0,443.98959999999994,17969.206000000006,25258.959600000002,0.7128747613442166,512,218119.92816504126,0,0.0,4,19.70169999999962,3,0.0,2,579.2634,10605.4648,37.5,0,1,1084,1084,S4 rung 12 + everyone greedy,sumsy,8,-1.4551915228366852e-11
53,512,4,3,99289.79909999997,0.0,6644.746700000005,265.02500000000003,0.0,,0.0,0.0,0.0,0.0,0.0,0.0,0.0025,10639.2436,1089.6367249999998,0.0,0.021035813509363028,383.80060000000026,0.0,-0.02,192.99250000000228,0.551830747911125,0.0,0.0,0.551830747911125,0.0,1,0,451.2501571980729,5.860696801245099,457.110853999318,79.75012072566724,2.2152713548149787,81.96539208048223,0.0,0.0,0.0,0.0,0,0,0.0,0.0,0.0,0.551830747911125,0.551830747911125,0.0,0.0,0.0,0.0331098448746675,0.5,0.25,0.0,-5205.30346454917,253.7205,531,2560.0,1758.5032999999992,1993.3022999999994,628.5645000000026,0.0,0.0,0.0,0.0,0.0,24,584.2636,2560.0,1758.5032999999992,435.69729999999976,272.5,0.0,32.916000000000004,0.015,3.6585803493449776,4.611340494791669,1.4734000000000016,NaN,2.431043983483468,7.654213572464169,1536.0,1374.0,768.0,2048.0,1998.0,204.0,12,0,0,0,190,0.0,2048.0,62708.02800000001,12870.5537,9857.6807,0,768,0,0,0.60923415774861,0.714153395849074,0.17555203043264456,0,6402.205500000003,5026.889399999999,0,0,465.0,512,0,0,62708.02800000001,0,238608.07054808928,238608.07054808928,0.0,350,465,0,1.5,0,0.0,512,512,238608.07054808928,0,56320.0,0,928,685.1310000000008,256.0,2630.0295,4,578.5679,578.5676000000004,3.083279539206139,5120.0,51.07599431818182,0.9213494584517044,958,0,0.0,0,2991.5901961234836,2615.090909090909,237,3.11623906168433,0,0,0,0.0,0.0,0.0,0.0,0.0,0.0,0.0,0.0,0,0,0,0,12,0.0,0,11,0.0,0,0.0,1320.0,4286.2047999999995,10386.7981535347,0.0,10386.7981535347,0.0,578.5679,16302.055099999994,25358.263899999998,0.7190771757938188,512,238608.07054808928,0,0.0,4,18.123499999999694,3,0.0,2,584.2636,10639.2436,37.5,0,1,988,988,S4 rung 12 + everyone greedy,sumsy,8,-1.4551915228366852e-11
54,512,4,3,100080.11069999987,0.0,6260.552000000002,236.64000000000001,0.0,,0.0,0.0,0.0,0.0,0.0,0.0,0.0025,10639.8122,1097.0355249999998,0.0,0.01937819140482522,410.49380000000014,0.0,-0.02,192.1978000000057,0.5407941329529025,0.0,0.0,0.5407941329529025,0.0,2,0,462.6092701230359,5.468036566378032,468.0773066894139,74.77131472432332,2.2630041060663038,77.03431883038962,0.0,0.0,0.0,0.0,0,0,0.0,0.0,0.0,0.5407941329529025,0.5407941329529025,0.0,0.0,0.0,0.03244764797717414,0.5,0.25,0.0,-5271.164849557878,253.7205,537,2560.0,1769.6884,2303.4946000000004,622.0952000000051,0.0,0.0,0.0,0.0,0.0,13,585.1433999999999,2560.0,1769.6884,430.05539999999996,272.5,0.0,81.24050000000003,0.015,3.8185525849335296,5.107125781249943,1.486200000000008,NaN,2.570867975573816,7.424587165290242,1536.0,1354.0,768.0,2048.0,1998.0,204.0,12,0,0,0,156,0.0,2048.0,63778.06860000003,13364.216600000002,9157.882599999999,0,768,0,0,0.6017588501846596,0.7168138947691036,0.17269098527083715,1,6620.829399999995,5170.320199999999,0,0,427.0,512,0,0,63778.06860000003,0,259796.07439567577,259796.07439567577,0.0,330,427,0,1.5,0,0.0,512,512,259796.07439567577,0,56320.0,0,454,634.6074000000034,256.0,2554.9873,4,679.7709000000001,679.7711,3.446846127409017,5120.0,51.09375,0.9196610759943181,474,0,0.0,0,2445.5083616642137,2616.0,234,3.1941761998680303,0,0,0,0.0,0.0,0.0,0.0,0.0,0.0,0.0,0.0,0,0,0,0,12,0.0,0,11,0.0,0,0.0,1320.0,4071.7881999999995,10830.367618607503,0.0,10830.367618607503,0.0,679.7709000000001,15988.965999999997,25077.086499999998,0.7207029011237542,512,259796.07439567577,0,0.0,4,190.14279999999962,3,0.0,2,585.1433999999999,10639.8122,37.5,0,1,924,924,S4 rung 12 + everyone greedy,sumsy,8,-1.4551915228366852e-11
55,512,4,3,100855.14669999994,0.0,5947.377799999997,292.9886000000001,0.0,,0.0,0.0,0.0,0.0,0.0,0.0,0.0025,10622.232,1108.857325,0.0,0.01785118992212499,428.44080000000014,0.0,-0.02,195.40300000000397,0.5299782502938444,0.0,0.0,0.5299782502938444,0.0,0,0,489.5920061767217,5.666516503385073,495.2585226801068,73.17549574513365,2.0971379061651496,75.27263365129879,0.0,0.0,0.0,0.0,0,0,0.0,0.0,0.0,0.5299782502938444,0.5299782502938444,0.0,0.0,0.0,0.03179869501763066,0.5,0.25,0.0,-5332.571458641359,253.7205,544,2560.0,1784.9640000000015,4439.5422,621.5462000000039,0.0,0.0,0.0,0.0,0.0,22,581.566,2560.0,1784.9640000000015,425.68010000000004,272.5,0.0,213.0015000000003,0.015,4.0655095131086085,5.501632552083373,1.5141999999999993,NaN,2.68063878880359,7.201849550331537,1536.0,1335.0,768.0,2048.0,1998.0,204.0,12,0,0,0,142,0.0,2048.0,64809.338800000056,13905.756000000001,8407.710799999999,0,768,0,0,0.6049279091981246,0.7225816931783735,0.17682902351611585,1,6719.9981999999945,5427.455199999992,0,0,393.0,512,0,0,64809.338800000056,0,285554.31654158427,285554.31654158427,0.0,311,393,0,1.5,0,0.0,512,512,285554.31654158427,0,56320.0,0,398,595.0805999999998,256.0,2528.5431,4,761.5484,761.5463999999998,3.8924607731105096,5120.0,51.07776988636363,0.9187912393465908,417,0,0.0,0,2530.51350434275,2615.181818181818,234,3.2453623786695074,0,0,0,0.0,0.0,0.0,0.0,0.0,0.0,0.0,0.0,0,0,0,0,12,0.0,0,11,0.0,0,0.0,1320.0,3964.7638,11802.983818833585,0.0,11802.983818833585,0.0,761.5484,16489.73330000001,24842.009900000005,0.7259253154692316,512,285554.31654158427,0,0.0,4,374.10030000000006,3,0.0,2,581.566,10622.232,37.5,0,1,856,856,S4 rung 12 + everyone greedy,sumsy,8,-1.4551915228366852e-11
56,512,4,3,101619.39740000005,0.0,5895.919900000002,361.0798,0.0,,0.0,0.0,0.0,0.0,0.0,0.0,0.0025,10587.6893,1133.0696,0.0,0.01644451615626154,456.1491999999998,0.0,-0.02,211.47380000000047,0.5193786852879675,0.0,0.0,0.5193786852879675,0.0,0,0,474.5465846492518,5.6116856216187525,480.15827027087056,69.13405995610667,2.072642558588592,71.20670251469525,0.0,0.0,0.0,0.0,0,0,0.0,0.0,0.0,0.5193786852879675,0.5193786852879675,0.0,0.0,0.0,0.03116272111727805,0.5,0.25,0.0,-5372.237358641345,253.7205,549,2560.0,1795.7493000000004,3281.1349,631.6823000000005,0.0,0.0,0.0,0.0,0.0,19,570.4185,2560.0,1795.7493000000004,420.1866999999999,272.5,0.0,876.0260999999995,0.015,4.559122458270106,6.422292317708297,1.5360999999999985,NaN,2.868909242928345,6.98579406382159,1536.0,1318.0,768.0,2048.0,1998.0,204.0,12,0,0,0,138,0.0,2048.0,65294.525299999994,14588.6737,8052.956,0,768,0,0,0.6003425451135935,0.7248655740588428,0.1669412232907097,0,7083.080600000004,6008.9234,0,0,418.0,512,0,0,65294.525299999994,0,292040.7496721156,292040.7496721156,0.0,294,418,0,1.5,0,0.0,512,512,292040.7496721156,0,56320.0,0,404,642.0897999999994,256.0,2525.1346,4,819.8944999999999,819.8888999999998,3.9989695928997757,5120.0,51.07244318181818,0.9245574751420453,423,0,0.0,0,2318.183989488749,2614.909090909091,234,3.3067653438683706,0,0,0,0.0,0.0,0.0,0.0,0.0,0.0,0.0,0.0,0,0,0,0,12,0.0,0,11,0.0,0,0.0,1320.0,3926.423199999999,13056.503612462773,0.0,13056.503612462773,0.0,819.8944999999999,16681.446,25166.764300000003,0.7282143159212622,512,292040.7496721156,0,0.0,4,371.4303999999993,3,0.0,2,570.4185,10587.6893,37.5,0,1,839,839,S4 rung 12 + everyone greedy,sumsy,8,-1.4551915228366852e-11
57,512,4,2,102373.84830000009,0.0,4000.4571000000005,414.65099999999995,0.0,,0.0,0.0,0.0,0.0,0.0,0.0,0.0025,10509.4172,1169.22985,0.0,0.01514868828314813,511.53500000000014,0.0,-0.02,226.50630000000186,0.5089911115822081,0.0,0.0,0.5089911115822081,0.0,1,0,394.5677958408914,4.856481717300741,399.42427755819216,62.676247429275065,1.8891380618834903,64.56538549115857,0.0,0.0,0.0,0.0,0,0,0.0,0.0,0.0,0.5089911115822081,0.5089911115822081,0.0,0.0,0.0,0.030539466694932484,0.5,0.25,0.0,-5411.908758641354,2149.4078,558,2560.0,1805.5491000000022,3128.5837,641.7869000000022,0.0,0.0,0.0,0.0,0.0,8,563.4991,2560.0,1805.5491000000022,414.7305999999999,272.5,0.0,2650.3268999999877,0.015,5.412444728434517,7.246432291666693,1.5738000000000048,NaN,3.591835355264251,10.17457284355554,1536.0,1252.0,768.0,2048.0,1998.0,204.0,12,0,0,0,109,0.0,2048.0,66411.9473999999,13818.3964,8702.0054,0,768,0,0,0.596573831579088,0.7199406013459619,0.25362714574909306,0,8218.264199999996,6776.380800000015,0,0,313.0,512,0,0,66411.9473999999,0,274592.21889284934,274592.21889284934,0.0,228,313,0,1.5,0,0.0,512,512,274592.21889284934,0,51200.0,0,329,492.5994000000015,256.0,2368.5828,4,686.6461999999999,686.6428000000001,4.0786469568915855,5120.0,51.048828125,1.0486129804687498,347,0,0.0,0,1848.5395340277207,2613.7,232,3.7957961100260413,0,0,0,0.0,0.0,0.0,0.0,0.0,0.0,0.0,0.0,0,0,0,0,12,0.0,0,10,0.0,0,0.0,1200.0,3932.4286000000006,7109.845596243483,0.0,7109.845596243483,0.0,686.6461999999999,14664.681700000012,24888.984599999996,0.7223141842029199,512,274592.21889284934,0,0.0,4,646.4526999999998,2,0.0,2,563.4991,10509.4172,37.5,0,2,816,544,S4 rung 12 + everyone greedy,sumsy,8,-1.4551915228366852e-11
58,512,4,2,103124.7336999999,0.0,4212.877999999997,619.6416000000003,0.0,,0.0,0.0,0.0,0.0,0.0,0.0,0.0025,10373.7751,1234.31095,0.0,0.013954971646436058,607.2774000000003,0.0,-0.02,269.61450000000264,0.49881128935056396,0.0,0.0,0.49881128935056396,0.0,1,0,291.2742546391394,4.167217204929303,295.4414718440687,51.530890758839476,1.856523418958445,53.38741417779792,0.0,0.0,0.0,0.0,0,0,0.0,0.0,0.0,0.49881128935056396,0.49881128935056396,0.0,0.0,0.0,0.029928677361033836,0.5,0.25,0.0,-5451.299858641377,2149.4078,562,2560.0,1809.1146000000024,6134.112299999995,677.6071000000034,0.0,0.0,0.0,0.0,0.0,15,559.5745,2560.0,1809.1146000000024,407.9928999999999,271.0,0.0,713.4505000000019,0.015,6.891229440789468,8.885199999999932,1.7183999999999902,NaN,4.074919819084231,9.869335658248872,1536.0,1216.0,768.0,2048.0,1998.0,204.0,12,0,0,0,104,0.0,2048.0,66358.16619999999,16021.823800000002,7712.4706,0,768,0,0,0.5821777457519142,0.7004279677567848,0.18285824042436905,1,9438.452799999988,8379.734999999993,0,0,261.0,512,0,0,66358.16619999999,0,249320.14278750418,249320.14278750418,0.0,192,261,0,1.5,0,0.0,512,512,249320.14278750418,0,51200.0,0,184,448.5023999999974,256.0,2098.9235,4,179.2119,179.21299999999985,3.5854114919434394,5120.0,51.08203125,1.067055037109375,202,0,0.0,0,1215.1206548581715,2615.4,228,3.751898453776042,0,0,0,0.0,0.0,0.0,0.0,0.0,0.0,0.0,0.0,0,0,0,0,12,0.0,0,10,0.0,0,0.0,1200.0,4115.406999999999,36454.501404730494,0.0,36454.501404730494,0.0,179.2119,14530.918599999988,25833.2179,0.7030197947198324,512,249320.14278750418,0,0.0,4,611.0918000000001,2,0.0,2,559.5745,10373.7751,37.5,0,2,1278,1278,S4 rung 12 + everyone greedy,sumsy,8,-1.4551915228366852e-11
59,512,4,2,103869.20669999992,0.0,15823.199899999996,12035.772200000005,0.0,,0.0,0.0,0.0,0.0,0.0,0.0,0.0025,10089.1671,1338.8890250000004,0.0,0.012855319880696894,773.1958000000006,0.0,-0.02,287.07860000000227,0.48883506356355266,0.0,0.0,0.48883506356355266,0.0,0,0,268.28549710266947,3.5067704278271394,271.7922675304966,27.60880755541701,1.786950981895552,29.39575853731256,0.0,0.0,0.0,0.0,0,0,0.0,0.0,0.0,0.48883506356355266,0.48883506356355266,0.0,0.0,0.0,0.02933010381381316,0.5,0.25,0.0,-5493.429258641389,2149.4078,576,2560.0,1815.5270000000016,13398.895800000006,689.8935000000026,0.0,0.0,0.0,0.0,0.0,0,559.7452000000001,2560.0,1815.5270000000016,402.59539999999976,271.0,0.0,953.0356000000037,0.015,7.677622847682122,10.505500000000154,1.814999999999998,NaN,4.680203925553799,9.573255588501405,1536.0,1208.0,768.0,2048.0,1998.0,204.0,12,0,0,0,113,0.0,2048.0,57479.203799999974,17553.0966,16564.861,0,768,0,0,0.4921261158017085,0.7216181678271036,0.15120258456919422,0,10800.790299999975,9274.568400000004,0,0,175.0,512,0,0,57479.203799999974,0,280440.71584251884,280440.71584251884,0.0,184,175,0,1.5,0,0.0,512,512,280440.71584251884,0,51200.0,0,91,317.62499999999966,256.0,1623.133,4,357.8547,357.8562999999998,4.177766059424193,5120.0,51.08984375,1.0469667812499999,115,0,0.0,0,810.1715486818011,2615.8,227,3.652855502101687,0,0,0,0.0,0.0,0.0,0.0,0.0,0.0,0.0,0.0,0,0,0,0,12,0.0,0,10,0.0,0,0.0,1200.0,4776.576600000003,25463.286372963346,0.0,25463.286372963346,0.0,357.8547,13484.461000000007,35741.0906,0.7241238032486015,512,280440.71584251884,0,0.0,4,1876.5016000000014,2,0.0,2,559.7452000000001,10089.1671,37.5,0,2,1037,1037,S4 rung 12 + everyone greedy,sumsy,8,-1.4551915228366852e-11
60,512,4,2,104600.11309999993,0.0,15808.314900000005,996.7744999999999,0.0,,0.0,0.0,0.0,0.0,0.0,0.0,0.0025,9730.3306,1470.8349250000006,0.0,0.011842320674097977,861.4308000000005,0.0,-0.02,296.8249000000021,0.4790583622922816,0.0,0.0,0.4790583622922816,0.0,0,0,263.7609629809045,3.20827565033327,266.9692386312378,24.894630935486056,1.7519344755158837,26.64656541100194,0.0,0.0,0.0,0.0,0,0,0.0,0.0,0.0,0.4790583622922816,0.4790583622922816,0.0,0.0,0.0,0.028743501737536894,0.5,0.25,0.0,-5651.6609586414215,2149.4078,585,2560.0,1829.0935999999965,8506.3806,696.4945000000029,0.0,0.0,0.0,0.0,0.0,0,617.0491999999999,2560.0,1829.0935999999965,399.6695999999996,271.0,0.0,1499.7081999999914,0.015,8.23255741989883,11.418499999999938,1.9359999999999977,NaN,5.021112543494722,9.286057920846364,1458.0,1186.0,729.0,2048.0,1920.0,204.0,32,0,0,0,90,0.0,2048.0,59487.21050000004,19149.2952,14234.1309,0,768,0,0,0.47420199932421325,0.7339616141232919,0.18327660095451148,1,10745.884600000018,9763.813100000012,0,0,184.0,512,0,0,59487.21050000004,0,301101.8328579668,301101.8328579668,0.0,162,184,0,1.5,0,0.0,512,512,301101.8328579668,0,51200.0,0,64,356.2239999999996,256.0,1382.0967,4,874.6913,874.6925000000008,4.570266551913405,5120.0,51.04296875,1.03859279296875,78,0,0.0,0,821.2380870474699,2613.4,227,4.334420206435661,0,0,0,0.0,0.0,0.0,0.0,0.0,0.0,0.0,0.0,0,0,0,0,32,0.0,0,10,0.0,0,0.0,1200.0,5287.331899999995,21274.222346305483,0.0,21274.222346305483,0.0,874.6913,15176.820199999995,34765.522800000006,0.735903461781859,512,301101.8328579668,0,0.0,4,2772.5969000000005,2,0.0,2,617.0491999999999,9730.3306,37.5,0,2,729,729,S4 rung 12 + everyone greedy,sumsy,8,-1.4551915228366852e-11
61,512,4,2,105314.9180999999,0.0,16065.516100000015,1279.0397,0.0,,0.0,0.0,0.0,0.0,0.0,0.0,0.0025,9320.7091,1615.8751000000004,0.0,0.010909145804979054,923.6915999999991,0.0,-0.02,302.0826000000008,0.469477195046436,0.0,0.0,0.469477195046436,0.0,2,0,267.9375261118128,2.8269497720103534,270.7644758838232,24.07467581110753,1.4757250459140907,25.550400857021618,0.0,0.0,0.0,0.0,0,0,0.0,0.0,0.0,0.469477195046436,0.469477195046436,0.0,0.0,0.0,0.02816863170278616,0.5,0.25,0.0,-5808.592764027073,2149.4078,603,2560.0,1845.1950000000002,4486.294299999999,699.6168000000004,0.0,0.0,0.0,0.0,0.0,18,643.8713,2560.0,1845.1950000000002,397.5342000000003,271.0,0.0,2085.2426999999943,0.015,8.292806650041573,11.888299999999886,2.2887313304721015,NaN,5.379920865636994,14.058750876520381,1112.0,1203.0,556.0,2048.0,1574.0,204.0,118,0,0,0,103,0.0,2048.0,60386.52639999998,19296.4355,14383.7958,0,768,0,0,0.4764777499079349,0.7485050779940368,0.31683063439677395,3,9516.068400000031,9976.246400000013,0,0,233.0,512,0,0,60386.52639999998,0,319077.26249790227,319077.26249790227,0.0,179,233,0,1.5,0,0.0,512,512,319077.26249790227,0,51200.0,0,165,533.2743999999997,256.0,1283.58,4,1138.0815,1138.0837000000017,4.936526603474656,5120.0,51.052734375,1.053145685546875,189,0,0.0,0,1524.9296570220224,2613.9,225,4.636017339186001,0,0,0,0.0,0.0,0.0,0.0,0.0,0.0,0.0,0.0,0,0,0,0,118,0.0,0,10,0.0,0,0.0,1200.0,6043.770799999998,15666.161947602053,0.0,15666.161947602053,0.0,1138.0815,15437.362500000008,34963.811299999994,0.7490011089497102,512,319077.26249790227,0,0.0,4,3902.1782000000003,2,0.0,2,643.8713,9320.7091,37.5,0,2,556,556,S4 rung 12 + everyone greedy,sumsy,8,-1.4551915228366852e-11
62,512,4,2,106016.97940000004,0.0,16342.872600000006,1336.5837000000001,0.0,,0.0,0.0,0.0,0.0,0.0,0.0,0.0025,8918.1591,1756.2372999999998,0.0,0.010049505115546704,930.4541999999993,0.0,-0.02,310.7665000000006,0.46008765114550726,0.0,0.0,0.46008765114550726,0.0,4,0,282.18290868583136,2.653637195554769,284.8365458813861,24.079061930252497,1.5689445649264475,25.64800649517894,0.0,0.0,0.0,0.0,0,0,0.0,0.0,0.0,0.46008765114550726,0.46008765114550726,0.0,0.0,0.0,0.027605259068730435,0.5,0.25,0.0,-5967.764264027083,2149.4078,612,2560.0,1857.9387000000006,12589.266100000008,705.2631000000019,0.0,0.0,0.0,0.0,0.0,27,658.7383,2560.0,1857.9387000000006,394.4966000000001,271.0,0.0,2576.9851999999864,0.015,8.39139933665008,11.858799999999976,2.472507046070458,NaN,5.438761908605652,13.636988350224769,1134.0,1206.0,567.0,2048.0,1596.0,204.0,113,0,0,1,108,0.0,2048.0,61002.81209999997,19523.9989,14494.514299999999,0,768,0,0,0.47776738194533674,0.7552057915535912,0.32179038264411775,2,9811.142199999998,10120.027599999998,0,0,369.0,512,0,0,61002.81209999997,0,335981.5170755369,335981.5170755369,0.0,183,369,0,1.5,0,0.0,512,512,335981.5170755369,0,51200.0,0,505,912.355099999999,256.0,1418.7567,4,1073.3245,1073.3217000000006,5.287307185069093,5120.0,51.08203125,1.0730729941406247,552,0,0.0,0,2249.3250521373466,2615.4,224,5.195043663087985,0,0,0,0.0,0.0,0.0,0.0,0.0,0.0,0.0,0.0,0,0,0,0,113,0.0,0,10,0.0,0,0.0,1200.0,6831.264000000002,17633.12061105524,0.0,17633.12061105524,0.0,1073.3245,15768.958099999987,35437.2699,0.7556064221675598,512,335981.5170755369,0,0.0,4,5027.355499999998,2,0.0,2,658.7383,8918.1591,37.5,0,2,567,567,S4 rung 12 + everyone greedy,sumsy,8,-1.4551915228366852e-11
63,512,4,2,106704.31890000009,0.0,16232.705599999983,1008.9314,0.0,,0.0,0.0,0.0,0.0,0.0,0.0,0.0025,8506.1854,1901.8690749999996,0.0,0.009257604112441623,941.5160999999995,0.0,-0.02,306.582299999999,0.4508858981225971,0.0,0.0,0.4508858981225971,0.0,2,0,247.4241188678391,2.211403440456319,249.63552230829538,24.291645278772595,1.4994250666691396,25.79107034544173,0.0,0.0,0.0,0.0,0,0,0.0,0.0,0.0,0.4508858981225971,0.4508858981225971,0.0,0.0,0.0,0.027053153887355824,0.5,0.25,0.0,-6130.933824418333,2149.4078,623,2560.0,1872.660499999999,13391.8903,698.5066999999984,0.0,0.0,0.0,0.0,0.0,2,668.6543,2560.0,1872.660499999999,391.92440000000016,271.0,0.0,3070.1042000000193,0.015,8.586766920473766,11.94269999999985,2.557145187165778,NaN,5.498812893028796,13.227878699718024,1206.0,1182.0,603.0,2046.6666666666667,1668.0000000000002,204.0,94,0,0,1,99,0.0,2048.0,61662.51199999996,20330.893099999998,13979.0576,0,768,0,0,0.48521718833701555,0.7477200357154126,0.31333481585637735,2,10287.347900000019,10149.55849999999,0,0,374.0,512,0,0,61662.51199999996,0,300719.15830503847,300719.15830503847,0.0,159,374,0,1.5,0,0.0,512,512,300719.15830503847,0,51200.0,0,433,956.3723000000011,256.0,1557.0165,4,1084.6005,1084.599300000001,4.610610332129648,5120.0,51.107421875,1.09214558984375,472,0,0.0,0,1742.7934634960598,2616.7,222,5.466614873331321,0,0,0,0.0,0.0,0.0,0.0,0.0,0.0,0.0,0.0,0,0,0,0,94,0.0,0,10,0.0,0,0.0,1200.0,7213.255999999998,20016.921352024434,0.0,20016.921352024434,0.0,1084.6005,15527.575999999985,35866.9672,0.7486010360624318,512,300719.15830503847,0,0.0,4,5755.715699999999,2,0.0,2,668.6543,8506.1854,37.5,0,2,603,603,S4 rung 12 + everyone greedy,sumsy,8,-1.4551915228366852e-11
64,512,4,2,107378.17699999998,0.0,16296.71619999999,1196.6835999999998,0.0,,0.0,0.0,0.0,0.0,0.0,0.0,0.0025,8063.0857,2047.8553000000002,0.0,0.008528104908381223,963.4358999999995,16.510274999998046,-0.02,291.0728999999999,0.4418681801601452,0.0,0.0,0.4418681801601452,0.0,5,0,261.29525642941684,1.8907306425916,263.18598707200846,24.31203152160295,1.4825769996040032,25.794608521206953,0.0,0.0,0.0,0.0,0,0,0.0,0.0,0.0,0.4418681801601452,0.4418681801601452,0.0,0.0,0.0,0.02651209080960871,0.5,0.25,0.0,-6291.5531374427,2149.4078,628,2560.0,1886.141900000001,7692.7835,680.2411000000004,0.0,0.0,0.0,0.0,0.0,23,672.3274,2560.0,1886.141900000001,389.16819999999956,271.0,0.0,3705.6581000000137,0.015,8.701629991281617,12.020900000000177,2.6124060402684544,NaN,5.574979434068785,12.831042338726485,1184.0,1147.0,592.0,2046.6666666666667,1646.0,204.0,100,0,0,2,77,0.0,2048.0,62758.28870000003,20862.3344,13389.3776,0,768,0,0,0.4846926488688106,0.757455247228755,0.3186579204788378,3,10127.131600000002,9980.769600000014,0,0,298.0,512,0,0,62758.28870000003,0,321421.10645261704,321421.10645261704,0.0,125,298,0,1.5,0,0.0,512,512,321421.10645261704,0,51200.0,0,322,778.4969999999994,256.0,1632.7632,4,1160.725,1160.7236999999993,5.0212259326682975,5120.0,51.119140625,1.10316761328125,368,0,0.0,0,1520.8984974124444,2617.3,220,5.826552568728536,0,0,0,0.0,0.0,0.0,0.0,0.0,0.0,0.0,0.0,0,0,0,0,100,0.0,0,10,0.0,0,0.0,1200.0,7640.078300000001,20305.252424403465,0.0,20305.252424403465,0.0,1160.725,16091.630499999994,35884.4752,0.758224658607916,512,321421.10645261704,0,0.0,4,6626.243399999999,2,0.0,2,672.3274,8063.0857,37.5,0,2,592,592,S4 rung 12 + everyone greedy,sumsy,8,-1.4551915228366852e-11
65,512,4,2,108037.25010000002,0.0,16237.949600000013,1102.5681000000002,0.0,,0.0,0.0,0.0,0.0,0.0,0.0,0.0025,7610.6655,2195.9860499999995,0.0,0.00785609024160078,976.3235999999997,62.05215833333136,-0.02,287.8968000000006,0.43303081655694226,0.0,0.0,0.43303081655694226,0.0,9,0,322.6071758669907,1.8150031771506367,324.42217904414133,24.858322715090463,1.375988876845806,26.23431159193627,0.0,0.0,0.0,0.0,0,0,0.0,0.0,0.0,0.43303081655694226,0.43303081655694226,0.0,0.0,0.0,0.025981848993416535,0.5,0.25,0.0,-6452.62116601413,2149.4078,642,2560.0,1900.9268999999986,10626.759800000002,674.5849,0.0,0.0,0.0,0.0,0.0,21,674.4595999999999,2560.0,1900.9268999999986,386.6880999999998,271.0,0.0,4351.553699999998,0.015,8.688691176470604,11.807600000000075,2.6461681818181804,NaN,5.619079641087285,12.44611106856469,1140.0,1156.0,570.0,2045.3333333333335,1602.0,204.0,111,0,0,2,84,0.0,2048.0,63497.19519999999,21200.786700000004,13321.1095,0,768,0,0,0.495103014469942,0.7788152587755199,0.3117538477668922,5,9925.699800000022,10044.127000000019,0,0,308.0,512,0,0,63497.19519999999,0,387944.7703364539,387944.7703364539,0.0,134,308,0,1.5,0,0.0,512,512,387944.7703364539,0,51200.0,0,531,815.0197999999996,256.0,1733.0336,4,1234.5378,1234.5340999999994,6.330817807352624,5120.0,51.13671875,1.121083125,558,0,0.0,0,1347.1142099469942,2618.2,221,6.163353238456122,0,0,0,0.0,0.0,0.0,0.0,0.0,0.0,0.0,0.0,0,0,0,0,111,0.0,0,10,0.0,0,0.0,1200.0,8116.552599999997,19480.611386281536,0.0,19480.611386281536,0.0,1234.5378,16540.408799999994,36254.929800000005,0.7790400823835804,512,387944.7703364539,0,0.0,4,7345.770399999999,2,0.0,2,674.4595999999999,7610.6655,37.5,0,2,570,570,S4 rung 12 + everyone greedy,sumsy,8,-1.4551915228366852e-11
66,512,4,2,108682.82490000011,0.0,16175.832000000002,1128.5290000000005,0.0,,0.0,0.0,0.0,0.0,0.0,0.0,0.0025,7165.5514,2337.0801499999993,0.0,0.007237030330562638,974.8701999999995,104.97594166666522,-0.02,287.9844999999996,0.4243702002258034,0.0,0.0,0.4243702002258034,0.0,13,1,298.9275187943022,1.4602644963359053,300.38778329063814,25.751875691469536,1.3814881074283483,27.133363798897886,0.0,0.0,0.0,0.0,0,0,0.0,0.0,0.0,0.4243702002258034,0.4243702002258034,0.0,0.0,0.0,0.025462212013548202,0.5,0.25,0.0,-6613.2996959619195,2149.4078,660,2560.0,1914.425200000001,13165.976900000001,671.3861999999988,0.0,0.0,0.0,0.0,0.0,19,675.5225,2560.0,1914.425200000001,383.83789999999993,271.0,0.0,5002.237599999943,0.015,8.64945651808243,11.600699999999966,2.657355481727573,NaN,5.648482160647628,12.072727736507748,1144.0,1189.0,572.0,2045.3333333333335,1606.0,204.0,110,1,1,2,113,0.0,2047.0,64076.61680000001,21431.3621,13528.413799999998,0,768,0,0,0.5006539025037329,0.7753307686449911,0.30805048382417444,7,9981.016299999997,10284.203800000008,0,0,301.0,512,1,0,64076.61680000001,0,359019.41126418405,359019.41126418405,0.0,169,301,0,1.5,0,0.0,512,512,359019.41126418405,0,51200.0,0,510,799.8639999999995,256.0,1805.3583,4,1252.2527999999998,1252.2497000000012,5.77873373758172,5120.0,51.166015625,1.1417281249999998,561,0,0.0,0,2068.858399225281,2619.7,221,6.444293287554492,0,0,0,0.0,0.0,0.0,0.0,0.0,0.0,0.0,0.0,0,0,0,0,110,0.0,0,10,0.0,0,0.0,1200.0,8524.071399999995,19087.747037372184,0.0,19087.747037372184,0.0,1252.2527999999998,16820.664100000013,36765.1342,0.7758748821419563,512,359019.41126418405,0,0.0,4,8037.027099999999,2,0.0,2,675.5225,7165.5514,37.5,0,2,572,572,S4 rung 12 + everyone greedy,sumsy,8,-1.4551915228366852e-11
67,512,4,2,109317.57969999994,0.0,16012.190899999996,1045.9183,0.0,,0.0,0.0,0.0,0.0,0.0,0.0,0.0025,6707.6142,2472.58715,0.0,0.006666752340514302,970.4688000000009,148.2065666666657,-0.02,263.92789999999997,0.4158827962212873,0.0,0.0,0.4158827962212873,0.0,14,0,344.41173294889893,1.1457780532158437,345.5575110021147,26.293954107941868,1.5067575964431583,27.800711704385026,0.0,0.0,0.0,0.0,0,0,0.0,0.0,0.0,0.4158827962212873,0.4158827962212873,0.0,0.0,0.0,0.024952967773277237,0.5,0.25,0.0,-6772.738624930353,2149.4078,671,2560.0,1925.2452000000003,16573.451500000003,644.8066999999999,0.0,0.0,0.0,0.0,0.0,25,676.0384,2560.0,1925.2452000000003,380.4425999999999,271.0,0.0,5626.9782999999325,0.015,8.366778767123298,11.399999999999896,2.659552466367714,NaN,5.653282068934851,11.710545904412516,1182.0,1168.0,591.0,2044.3333333333333,1644.0,204.0,100,2,1,1,96,0.0,2046.0,65484.01420000003,21765.4065,13039.1174,0,768,0,0,0.4969549193415501,0.789773129443329,0.32819550942615905,3,10197.704999999998,9772.397600000013,0,0,223.0,512,2,0,65484.01420000003,0,405015.4734336029,405015.4734336029,0.0,147,223,0,1.5,0,0.0,512,512,405015.4734336029,0,51200.0,0,95,593.0802000000002,256.0,1645.389,4,1247.9072000000003,1247.9066000000007,6.671116785812569,5120.0,51.150390625,1.146251529296875,113,0,0.0,0,1006.4717699191661,2618.9,221,5.915139135460295,0,0,0,0.0,0.0,0.0,0.0,0.0,0.0,0.0,0.0,0,0,0,0,100,0.0,0,10,0.0,0,0.0,1200.0,8850.6672,20472.984395361218,0.0,20472.984395361218,0.0,1247.9072000000003,17854.832900000027,36449.912899999996,0.789923101547332,512,405015.4734336029,0,0.0,4,8591.5548,2,0.0,2,676.0384,6707.6142,37.5,0,2,591,591,S4 rung 12 + everyone greedy,sumsy,8,-1.4551915228366852e-11
68,512,4,2,109937.63020000009,0.0,15682.410699999997,913.9212000000003,0.0,,0.0,0.0,0.0,0.0,0.0,0.0,0.0025,6297.0678,2593.2378249999997,0.0,0.006141412256081775,938.751899999999,186.7192666666656,-0.02,274.50669999999957,0.4075651402968616,0.0,0.0,0.4075651402968616,0.0,14,0,321.82297412304416,1.042263339845574,322.86523746288975,27.832835191586007,1.4122757812168778,29.245110972802884,0.0,0.0,0.0,0.0,0,0,0.0,0.0,0.0,0.4075651402968616,0.4075651402968616,0.0,0.0,0.0,0.024453908417811695,0.5,0.25,0.0,-6931.374175377795,2149.4078,678,2560.0,1939.9495000000004,20216.595100000002,652.1325999999996,0.0,0.0,0.0,0.0,0.0,16,676.0219999999999,2560.0,1939.9495000000004,377.62590000000046,271.0,0.0,6287.865999999972,0.015,8.569920319059632,11.205399999999893,2.664952348993291,NaN,5.605021657186032,11.359229527280144,1190.0,1191.0,595.0,2045.0,1652.0,204.0,98,2,2,0,101,0.0,2046.0,66032.66239999999,22140.6807,13079.934299999999,0,768,0,0,0.5051674104706965,0.7847914739829713,0.2790687977164432,6,10116.364199999978,10206.77510000002,0,0,298.0,512,2,0,66032.66239999999,0,364442.58076556,364442.58076556,0.0,171,298,0,1.5,0,0.0,512,512,364442.58076556,0,51200.0,0,152,794.1558000000008,256.0,1711.2630000000001,4,1284.9131,1284.9150999999981,5.885812128233581,5120.0,51.138671875,1.1663449804687498,181,0,0.0,0,2392.4863236500123,2618.3,221,6.821269212635338,0,0,0,0.0,0.0,0.0,0.0,0.0,0.0,0.0,0.0,0,0,0,0,98,0.0,0,10,0.0,0,0.0,1200.0,9049.698000000002,20262.293764755,0.0,20262.293764755,0.0,1284.9131,18395.070700000004,36931.878,0.7853481082888327,512,364442.58076556,0,0.0,4,8958.677599999999,2,0.0,2,676.0219999999999,6297.0678,37.5,0,2,595,595,S4 rung 12 + everyone greedy,sumsy,8,-1.4551915228366852e-11
69,512,4,2,110546.83909999988,0.0,15148.4716,732.6631999999997,0.0,,0.0,0.0,0.0,0.0,0.0,0.0,0.0025,5848.0984,2705.7400499999994,0.0,0.005657468970302532,961.5438999999993,225.42495833333248,-0.02,253.17540000000005,0.39941383749092435,0.0,0.0,0.39941383749092435,0.0,12,0,375.33118591350444,1.1241339565670603,376.4553198700715,27.93115291510976,1.4716428269066764,29.402795742016437,0.0,0.0,0.0,0.0,0,0,0.0,0.0,0.0,0.39941383749092435,0.39941383749092435,0.0,0.0,0.0,0.02396483024945546,0.5,0.25,0.0,-7086.883974642768,2149.4078,693,2560.0,1950.7911000000001,12274.980299999996,627.3275000000002,0.0,0.0,0.0,0.0,0.0,11,674.155,2560.0,1950.7911000000001,374.15209999999956,271.0,0.0,6948.30839999996,0.015,8.199456658184898,11.016499999999931,2.6694653696498065,NaN,5.6343193653340515,11.018452641461737,1240.0,1179.0,620.0,2046.0,1702.0,204.0,86,2,1,2,101,0.0,2046.0,67365.07289999997,22700.5151,12292.4087,0,768,0,0,0.5066015336372711,0.8003041967513382,0.2582179002482923,4,10421.22329999999,9667.159399999995,0,0,257.0,512,2,0,67365.07289999997,0,425154.9394121796,425154.9394121796,0.0,159,257,0,1.5,0,0.0,512,512,425154.9394121796,0,51200.0,0,124,686.0526000000003,256.0,1666.5890000000002,4,1309.3512,1309.3529,7.059009367425377,5120.0,51.111328125,1.17170541796875,143,0,0.0,0,2321.752604917219,2616.9,219,6.427287390574078,0,0,0,0.0,0.0,0.0,0.0,0.0,0.0,0.0,0.0,0,0,0,0,86,0.0,0,10,0.0,0,0.0,1200.0,8882.247700000004,21922.824356904977,0.0,21922.824356904977,0.0,1309.3512,18407.649800000017,36659.5128,0.8003369059539394,512,425154.9394121796,0,0.0,4,9099.608499999998,2,0.0,2,674.155,5848.0984,37.5,0,2,620,620,S4 rung 12 + everyone greedy,sumsy,8,-1.4551915228366852e-11
70,512,4,2,111143.76329999993,0.0,15023.215999999993,1152.3157,0.0,,0.0,0.0,0.0,0.0,0.0,0.0,0.0025,5448.7465,2783.9153999999994,0.0,0.0052116604154426914,919.9788000000005,255.67986666666604,-0.02,257.0348999999999,0.39142556074110585,0.0,0.0,0.39142556074110585,0.0,17,0,381.6589964463603,0.9307345295439963,382.5897309759043,29.995118311103287,1.5254269972308645,31.52054530833415,0.0,0.0,0.0,0.0,0,0,0.0,0.0,0.0,0.39142556074110585,0.39142556074110585,0.0,0.0,0.0,0.02348553364446635,0.5,0.25,0.0,-7235.86959033385,2149.4078,702,2560.0,1963.0758000000005,8905.856500000002,627.2496000000003,0.0,0.0,0.0,0.0,0.0,29,670.4662000000001,2560.0,1963.0758000000005,370.74579999999946,271.0,0.0,7621.130300000005,0.015,8.389043718592962,10.833400000000145,2.6751162264150925,NaN,5.566459531931548,13.909515399203595,1168.0,1194.0,584.0,2043.6666666666667,1630.0,204.0,102,1,0,2,104,0.0,2047.0,68261.38380000008,22558.850199999997,12571.7945,0,768,0,0,0.5160432020978336,0.8008173453786831,0.3386647036702932,2,9889.500299999998,10016.518199999997,0,0,265.0,512,1,0,68261.38380000008,0,412020.9235388689,412020.9235388689,0.0,172,265,0,1.5,0,0.0,512,512,412020.9235388689,0,51200.0,0,152,708.9057999999995,256.0,1632.5221,4,1365.0612999999998,1365.0621999999994,6.806042502712286,5120.0,51.091796875,1.1844099804687498,170,0,0.0,0,2031.2782420782842,2615.9,217,7.097692825825821,0,0,0,0.0,0.0,0.0,0.0,0.0,0.0,0.0,0.0,0,0,0,0,102,0.0,0,10,0.0,0,0.0,1200.0,9143.616899999999,19617.985582497557,0.0,19617.985582497557,0.0,1365.0612999999998,18660.909200000013,36763.1668,0.8010029545432502,512,412020.9235388689,0,0.0,4,9631.2122,2,0.0,2,670.4662000000001,5448.7465,37.5,0,2,584,584,S4 rung 12 + everyone greedy,sumsy,8,-1.4551915228366852e-11
71,512,4,2,111730.2745,0.0,14306.173500000003,621.3200999999999,0.0,,0.0,0.0,0.0,0.0,0.0,0.0,0.0025,5010.7898,2825.9291749999993,0.0,0.004800981574705807,941.2509000000007,277.0952916666663,-0.02,233.89439999999988,0.3835970495262837,0.0,0.0,0.3835970495262837,0.0,12,0,420.9693970492401,1.0741974808487231,422.04359453008885,30.547273951940713,1.5928768729472582,32.140150824887975,0.0,0.0,0.0,0.0,0,0,0.0,0.0,0.0,0.3835970495262837,0.3835970495262837,0.0,0.0,0.0,0.023015822971577022,0.5,0.25,0.0,-7385.440690333876,2149.4078,718,2560.0,1973.4888000000017,18894.006999999998,600.9634999999985,0.0,0.0,0.0,0.0,0.0,7,668.7075,2560.0,1973.4888000000017,367.12109999999996,271.0,0.0,8280.434899999947,0.015,7.955021920135935,10.655700000000042,2.648811555555555,NaN,5.587242367379593,13.492229937227489,1258.0,1177.0,629.0,2044.6666666666665,1719.9999999999998,204.0,81,1,1,0,104,0.0,2047.0,69780.76150000004,23154.4374,11618.1865,0,768,0,0,0.5188111520318754,0.8054154296849678,0.27766892373162255,2,10397.8512,9363.060799999996,0,0,225.0,512,1,0,69780.76150000004,0,465703.6079831201,465703.6079831201,0.0,155,225,0,1.5,0,0.0,512,512,465703.6079831201,0,51200.0,0,126,595.9825999999999,256.0,1497.3918,4,1355.7812,1355.7812000000008,7.832881851232829,5120.0,51.056640625,1.1854581933593749,146,0,0.0,0,2061.250372212201,2614.1,216,6.541423986512598,0,0,0,0.0,0.0,0.0,0.0,0.0,0.0,0.0,0.0,0,0,0,0,81,0.0,0,10,0.0,0,0.0,1200.0,8947.367400000005,22470.35202714768,0.0,22470.35202714768,0.0,1355.7812,19716.64700000001,36270.015699999996,0.8053078424847406,512,465703.6079831201,0,0.0,4,9495.260499999999,2,0.0,2,668.7075,5010.7898,37.5,0,2,629,629,S4 rung 12 + everyone greedy,sumsy,8,-1.4551915228366852e-11
72,512,4,2,112301.94480000004,0.0,13787.0106,816.3207000000001,0.0,,0.0,0.0,0.0,0.0,0.0,0.0,0.0025,4639.5311,2833.709249999999,0.0,0.00442266422661899,892.5510999999992,286.77695833333314,-0.02,247.0839000000002,0.375925108535758,0.0,0.0,0.375925108535758,0.0,18,0,383.1657007027006,0.7008499291510266,383.86655063185157,33.8757302212416,1.4624160784946674,35.33814629973626,0.0,0.0,0.0,0.0,0,0,0.0,0.0,0.0,0.375925108535758,0.375925108535758,0.0,0.0,0.0,0.02255550651214548,0.5,0.25,0.0,-7526.045286582577,2149.4078,723,2560.0,1988.3296999999989,15164.9179,611.4347999999997,0.0,0.0,0.0,0.0,0.0,25,663.3979999999999,2560.0,1988.3296999999989,364.0693000000001,271.0,0.0,8925.970399999918,0.015,8.0849729468599,10.48329999999993,2.6584773946360154,NaN,5.510289445467567,14.111672588151581,1162.0,1242.0,581.0,2047.0,1624.0,204.0,105,0,0,0,134,0.0,2048.0,70179.56649999997,23124.7928,12223.626,0,768,0,0,0.5361919103490267,0.7996902469345775,0.31135951308044296,5,9728.130399999985,10041.536399999995,0,0,261.0,512,0,0,70179.56649999997,0,402412.2503804083,402412.2503804083,0.0,218,261,0,1.5,0,0.0,512,512,402412.2503804083,0,51200.0,0,167,693.8626,256.0,1471.0304,4,1451.165,1451.1634000000006,6.601775054304845,5120.0,51.015625,1.20686938671875,192,0,0.0,0,2562.053403337872,2612.0,216,6.730262724839267,0,0,0,0.0,0.0,0.0,0.0,0.0,0.0,0.0,0.0,0,0,0,0,105,0.0,0,10,0.0,0,0.0,1200.0,8962.778700000003,19289.13414995335,0.0,19289.13414995335,0.0,1451.165,20191.5724,36819.4492,0.7999064132681157,512,402412.2503804083,0,0.0,4,9605.935499999998,2,0.0,2,663.3979999999999,4639.5311,37.5,0,2,581,581,S4 rung 12 + everyone greedy,sumsy,8,-1.4551915228366852e-11
73,512,4,2,112862.97759999997,0.0,12820.933499999994,404.1216,0.0,,0.0,0.0,0.0,0.0,0.0,0.0,0.0025,4231.6504,2829.5693499999993,0.0,0.004074158285561413,907.1319999999989,295.27740833333314,-0.02,221.22310000000004,0.36840660636504285,0.0,0.0,0.36840660636504285,0.0,16,0,382.5880813629608,0.7466248286391722,383.3347061916,33.68813011229919,1.4801816295526962,35.16831174185189,0.0,0.0,0.0,0.0,0,0,0.0,0.0,0.0,0.36840660636504285,0.36840660636504285,0.0,0.0,0.0,0.02210439638190257,0.5,0.25,0.0,-7662.684186582595,2149.4078,736,2560.0,1998.9671999999985,24213.759000000002,581.0518000000012,0.0,0.0,0.0,0.0,0.0,19,659.1106,2560.0,1998.9671999999985,360.35670000000005,271.0,0.0,9723.059700000002,0.015,7.732914033613439,10.316200000000139,2.656768859649122,NaN,5.509860869234757,13.688322410507038,1292.0,1190.0,646.0,2048.0,1754.0,204.0,73,0,0,4,92,0.0,2048.0,71596.35690000006,23776.9738,11123.4763,0,768,0,0,0.5328626824803524,0.7957248050793588,0.2879404069424223,3,10291.837499999992,9202.167699999993,0,0,228.0,512,0,0,71596.35690000006,0,412949.87512549665,412949.87512549665,0.0,170,228,0,1.5,0,0.0,512,512,412949.87512549665,0,51200.0,0,177,605.7432999999999,256.0,1475.4096,4,1408.5056,1408.509200000001,6.78310406885736,5120.0,51.021484375,1.208885599609375,192,0,0.0,0,2092.600356442165,2612.3,216,6.457921731557656,0,0,0,0.0,0.0,0.0,0.0,0.0,0.0,0.0,0.0,0,0,0,0,73,0.0,0,10,0.0,0,0.0,1200.0,8615.7059,23046.026765905328,0.0,23046.026765905328,0.0,1408.5056,21410.38130000002,36375.8597,0.7957875120906464,512,412949.87512549665,0,0.0,4,9222.3271,2,0.0,2,659.1106,4231.6504,37.5,0,2,646,646,S4 rung 12 + everyone greedy,sumsy,8,-1.4551915228366852e-11
74,512,4,2,113414.53140000011,0.0,11914.3204,204.81500000000003,0.0,,0.0,0.0,0.0,0.0,0.0,0.0,0.0025,3872.8803,2813.8638999999994,0.0,0.003753114612659173,867.6323999999995,300.1952583333335,-0.02,226.3711000000002,0.361038474237742,0.0,0.0,0.361038474237742,0.0,13,0,386.69446859403996,0.9243913412008382,387.61885993524083,35.88270214491602,1.6844531461139691,37.56715529102999,0.0,0.0,0.0,0.0,0,0,0.0,0.0,0.0,0.361038474237742,0.361038474237742,0.0,0.0,0.0,0.02166230845426452,0.5,0.25,0.0,-7774.093186582603,2149.4078,744,2560.0,2008.4461999999983,21455.1726,583.4271000000003,0.0,0.0,0.0,0.0,0.0,12,644.5992,2560.0,2008.4461999999983,356.2265000000001,271.0,0.0,10594.818000000027,0.015,7.862911861614498,10.154000000000146,2.664305747126438,NaN,5.431102559910597,13.858713671928024,1200.0,1214.0,600.0,2042.666666666667,1662.0000000000002,204.0,95,0,0,2,114,0.0,2048.0,71728.42850000001,23974.034399999997,11694.0002,0,768,0,0,0.5328323269566901,0.7923130855773319,0.3034965425829277,5,9744.625800000018,9545.575,0,0,261.0,512,0,0,71728.42850000001,0,403460.96398196684,403460.96398196684,0.0,192,261,0,1.5,0,0.0,512,512,403460.96398196684,0,51200.0,0,193,695.3838000000004,256.0,1500.5888,4,1529.6623,1529.6627999999998,6.5906131051165415,5120.0,51.015625,1.229711095703125,213,0,0.0,0,2573.0016516189435,2612.0,216,6.322695444225863,0,0,0,0.0,0.0,0.0,0.0,0.0,0.0,0.0,0.0,0,0,0,0,95,0.0,0,10,0.0,0,0.0,1200.0,8057.677,19966.58922530202,0.0,19966.58922530202,0.0,1529.6623,22938.389600000006,37168.6234,0.7924583991291452,512,403460.96398196684,0,0.0,4,8714.270800000002,2,0.0,2,644.5992,3872.8803,37.5,0,2,600,600,S4 rung 12 + everyone greedy,sumsy,8,-1.4551915228366852e-11
75,512,4,2,113958.14000000004,0.0,10615.018100000007,87.6387,0.0,,0.0,0.0,0.0,0.0,0.0,0.0,0.0025,3491.7602,2799.0394749999996,0.0,0.00345736918118163,882.2184000000007,306.1372666666666,-0.02,215.96559999999943,0.3538177047529871,0.0,0.0,0.3538177047529871,0.0,6,0,338.7328354646585,1.3947489834818603,340.12758444814034,36.354218103419534,1.9965749856480568,38.350793089067594,0.0,0.0,0.0,0.0,0,0,0.0,0.0,0.0,0.3538177047529871,0.3538177047529871,0.0,0.0,0.0,0.021229062285179227,0.5,0.25,0.0,-7893.236086582614,2149.4078,751,2560.0,2016.3914000000004,24697.830099999996,567.9048999999993,0.0,0.0,0.0,0.0,0.0,0,640.5622000000001,2560.0,2016.3914000000004,351.93930000000034,271.0,0.0,10734.54619999997,0.015,7.393869966996698,9.996699999999933,2.646729921259843,NaN,5.418465475582937,13.496513969916998,1236.0,1212.0,618.0,2045.3333333333335,1698.0000000000002,204.0,86,0,0,1,111,0.0,2048.0,72790.63469999995,24710.160900000003,10808.053,0,768,0,0,0.5287882453614301,0.787922840213416,0.28113043067086596,1,10229.1447,8961.370399999998,0,0,381.0,512,0,0,72790.63469999995,0,362988.78038934397,362988.78038934397,0.0,189,381,0,1.5,0,0.0,512,512,362988.78038934397,0,51200.0,0,347,1008.4041000000003,256.0,1516.969,4,1595.4221,1595.4206000000001,5.776483204870009,5120.0,51.015625,1.23778490625,355,0,0.0,0,2243.306285361065,2612.0,215,6.121057577791582,0,0,0,0.0,0.0,0.0,0.0,0.0,0.0,0.0,0.0,0,0,0,0,86,0.0,0,10,0.0,0,0.0,1200.0,7358.2548000000015,21215.042220583025,0.0,21215.042220583025,0.0,1595.4221,23631.156200000005,37035.1829,0.7880844074343945,512,362988.78038934397,0,0.0,4,8018.3901000000005,2,0.0,2,640.5622000000001,3491.7602,37.5,0,2,618,618,S4 rung 12 + everyone greedy,sumsy,8,-1.4551915228366852e-11
76,512,4,2,114489.34830000003,0.0,9598.663699999996,272.42069999999995,0.0,,0.0,0.0,0.0,0.0,0.0,0.0,0.0025,3175.5779,2765.578375,0.0,0.003184928489704517,829.5914999999992,303.8504416666668,-0.02,225.6737999999993,0.3467413506579274,0.0,0.0,0.3467413506579274,0.0,8,0,378.5464398158523,1.7340754975469674,380.2805153133993,40.1015623182969,1.909748271904275,42.01131059020118,0.0,0.0,0.0,0.0,0,0,0.0,0.0,0.0,0.3467413506579274,0.3467413506579274,0.0,0.0,0.0,0.02080448103947564,0.5,0.25,0.0,-7994.615059727037,2149.4078,757,2560.0,2028.7916999999966,23983.048699999992,573.8385999999998,0.0,0.0,0.0,0.0,0.0,11,632.1623999999999,2560.0,2028.7916999999966,348.22059999999965,271.0,0.0,11039.465699999999,0.015,7.5444014960629895,9.844199999999871,2.6356075376884407,NaN,5.290039107325792,14.886885643469705,1162.0,1270.0,581.0,2046.6666666666667,1624.0,204.0,106,0,0,0,145,0.0,2048.0,72886.66970000014,24727.5561,11534.5803,0,768,0,0,0.5435830622870355,0.7840716449163148,0.3285824927878993,1,9667.360299999993,9581.389899999996,0,0,398.0,512,0,0,72886.66970000014,0,382225.31173532526,382225.31173532526,0.0,246,398,0,1.5,0,0.0,512,512,382225.31173532526,0,51200.0,0,250,1048.9717999999993,256.0,1532.8019,4,1677.9332000000002,1677.9318999999994,6.150855412799322,5120.0,51.015625,1.261683232421875,265,0,0.0,0,2479.89785887635,2612.0,213,6.130822959579104,0,0,0,0.0,0.0,0.0,0.0,0.0,0.0,0.0,0.0,0,0,0,0,106,0.0,0,10,0.0,0,0.0,1200.0,6810.9851,18455.089237876713,0.0,18455.089237876713,0.0,1677.9332000000002,23755.134999999995,37794.9383,0.7842361684613222,512,382225.31173532526,0,0.0,4,7581.911900000001,2,0.0,2,632.1623999999999,3175.5779,37.5,0,2,581,581,S4 rung 12 + everyone greedy,sumsy,8,-1.4551915228366852e-11
77,512,4,2,115007.71440000008,0.0,8379.3833,153.3753,0.0,,0.0,0.0,0.0,0.0,0.0,0.0,0.0025,2820.9985,2733.118124999999,0.0,0.0029339561247158008,846.4826000000003,303.8241916666666,-0.02,200.25859999999955,0.3398065236447688,0.0,0.0,0.3398065236447688,0.0,7,0,377.92227348602535,1.7081867027657762,379.6304601887911,41.002043384409724,1.6472296405740128,42.649273024983735,0.0,0.0,0.0,0.0,0,0,0.0,0.0,0.0,0.3398065236447688,0.3398065236447688,0.0,0.0,0.0,0.02038839141868613,0.5,0.25,0.0,-8090.601459727051,2149.4078,763,2560.0,2041.6339000000014,22656.452999999998,545.0588999999997,0.0,0.0,0.0,0.0,0.0,0,625.6039,2560.0,2041.6339000000014,344.74449999999985,271.0,0.0,11497.444299999986,0.015,7.259587551867231,9.50721726726733,2.6203059701492517,NaN,5.2777291794081265,14.440279074165616,1332.0,1205.0,666.0,2048.0,1794.0,204.0,63,0,0,0,116,0.0,2048.0,74485.20600000006,25136.290399999998,10392.9424,0,768,0,0,0.556130664736046,0.786622164250814,0.2713211303292544,1,10354.389500000005,8747.803000000013,0,0,335.0,512,0,0,74485.20600000006,0,388563.1101274682,388563.1101274682,0.0,181,335,0,1.5,0,0.0,512,512,388563.1101274682,0,51200.0,0,203,877.8024999999993,256.0,1546.6732,4,1582.2782000000002,1582.2774,6.241659229052109,5120.0,51.015625,1.258319703125,208,0,0.0,0,2073.8441224740855,2612.0,212,5.856017839453656,0,0,0,0.0,0.0,0.0,0.0,0.0,0.0,0.0,0.0,0,0,0,0,63,0.0,0,10,0.0,0,0.0,1200.0,6165.7271,22892.329862256334,0.0,22892.329862256334,0.0,1582.2782000000002,24390.344699999983,37075.905999999995,0.7865918626304538,512,388563.1101274682,0,0.0,4,6944.985600000002,2,0.0,2,625.6039,2820.9985,37.5,0,2,666,666,S4 rung 12 + everyone greedy,sumsy,8,-1.4551915228366852e-11
78,512,4,2,115512.89400000001,0.0,7602.919500000001,307.2183000000001,0.0,,0.0,0.0,0.0,0.0,0.0,0.0,0.0025,2506.1833,2693.0320999999985,0.0,0.0028130771323775098,814.5260999999994,363.152849999999,0.02,205.32110000000068,0.3466026541176642,0.0,0.0,0.3466026541176642,0.0,6,0,428.6589775071374,1.7351547736755721,430.394132280813,44.30275496142327,1.5381595499453034,45.840914511368574,0.0,0.0,0.0,0.0,0,0,0.0,0.0,0.0,0.3466026541176642,0.3466026541176642,0.0,0.0,0.0,0.020796159247059853,0.5,0.25,0.0,-8164.761790628065,2149.4078,771,2560.0,2054.8203999999982,18461.462199999998,546.493400000001,0.0,0.0,0.0,0.0,0.0,17,614.4658999999999,2560.0,2054.8203999999982,341.17230000000006,271.0,0.0,11797.105899999828,0.015,7.377825139664807,9.399092409240824,2.5981424528301895,NaN,5.190289141767884,14.394671232307777,1212.0,1253.0,606.0,2048.0,1674.0,204.0,93,0,0,0,117,0.0,2048.0,75221.38969999999,24796.091200000003,11184.0022,0,768,0,0,0.5718458936871094,0.7867938811834743,0.31484169541194507,1,9930.582299999987,9244.414900000003,0,0,318.0,512,0,0,75221.38969999999,0,424658.77333506284,424658.77333506284,0.0,229,318,0,1.5,0,0.0,512,512,424658.77333506284,0,51200.0,0,174,826.2093000000003,256.0,1190.7617,4,1626.414,1626.4130000000016,6.9296150846692,5120.0,51.017578125,1.2655160078125,183,0,0.0,0,1966.7090753792302,2612.1,211,5.612588964276546,0,0,0,0.0,0.0,0.0,0.0,0.0,0.0,0.0,0.0,0,0,0,0,93,0.0,0,10,0.0,0,0.0,1200.0,5742.650899999998,18735.002447395058,0.0,18735.002447395058,0.0,1626.414,23494.854199999994,37170.85510000001,0.7866992654554441,512,424658.77333506284,0,0.0,4,6535.3442,2,0.0,2,614.4658999999999,2506.1833,37.5,0,2,606,606,S4 rung 12 + everyone greedy,sumsy,8,-1.4551915228366852e-11
79,512,4,2,116012.34109999998,0.0,6498.69,239.51449999999997,0.0,,0.0,0.0,0.0,0.0,0.0,0.0,0.0025,2174.6122,2657.3626999999988,0.0,0.002697178354523556,827.791199999999,458.9618249999992,0.02,185.82990000000004,0.3535347072000175,0.0,0.0,0.3535347072000175,0.0,4,0,400.7225189427405,2.089088877999,402.81160782073954,44.31930390324479,1.7906787509581141,46.109982654202895,0.0,0.0,0.0,0.0,0,0,0.0,0.0,0.0,0.3535347072000175,0.3535347072000175,0.0,0.0,0.0,0.02121208243200105,0.5,0.25,0.0,-8240.588390628098,2149.4078,775,2560.0,2060.5528999999988,19093.400000000005,536.0281999999999,0.0,0.0,0.0,0.0,0.0,5,604.001,2560.0,2060.5528999999988,350.1982999999998,271.0,0.0,12267.416799999772,0.015,6.90227809128631,9.262503211009129,2.556014876033057,NaN,5.180808576649949,13.962831095338544,1308.0,1205.0,654.0,2048.0,1770.0,204.0,69,0,0,0,101,0.0,2048.0,77038.93109999994,25138.2687,9809.7685,0,768,0,0,0.5620327275951582,0.7870122624854163,0.26847130770643357,0,9779.71090000003,8317.245100000004,0,0,242.0,512,0,0,77038.93109999994,0,399365.70347022073,399365.70347022073,0.0,181,242,0,1.5,0,0.0,512,512,399365.70347022073,0,51200.0,0,151,618.5555999999998,256.0,1246.7596,4,1596.4085,1596.4099000000012,6.399926995512126,5120.0,51.017578125,1.257132423828125,160,0,0.0,0,1621.9516139175164,2612.1,209,5.358516830707296,0,0,0,0.0,0.0,0.0,0.0,0.0,0.0,0.0,0.0,0,0,0,0,69,0.0,0,10,0.0,0,0.0,1200.0,5217.8170999999975,21804.20464873739,0.0,21804.20464873739,0.0,1596.4085,24573.59999999999,36194.7968,0.7869788553318917,512,399365.70347022073,0,0.0,4,5979.1065,2,0.0,2,604.001,2174.6122,37.5,0,2,654,654,S4 rung 12 + everyone greedy,sumsy,8,-1.4551915228366852e-11
80,512,4,2,116497.79129999984,0.0,5902.691699999999,165.19029999999998,0.0,,0.0,0.0,0.0,0.0,0.0,0.0,0.0025,1933.5314,2616.2834749999993,0.0,0.0025860546063171857,774.434999999999,518.9349083333328,0.02,208.14479999999986,0.36060540134401786,0.0,0.0,0.36060540134401786,0.0,3,0,340.2683612102694,2.0241261427688735,342.2924873530382,49.532841696255254,1.6301783221183057,51.16302001837356,0.0,0.0,0.0,0.0,0,0,0.0,0.0,0.0,0.36060540134401786,0.36060540134401786,0.0,0.0,0.0,0.021636324080641072,0.5,0.25,0.0,-8298.962090628078,2149.4078,782,2560.0,2074.5498,19667.9558,568.1449999999998,0.0,0.0,0.0,0.0,0.0,13,591.6195,2560.0,2074.5498,360.56190000000015,271.0,0.0,13262.050899999924,0.015,7.085582601880874,9.041476293822996,2.5456630363036297,NaN,5.0744660854471935,14.496571384846138,1198.0,1276.0,599.0,2048.0,1660.0,204.0,97,0,0,0,138,0.0,2048.0,76872.13839999994,24534.1713,11272.3948,0,768,0,0,0.5787151166769071,0.7738381674514831,0.32850009187357365,0,9189.739600000028,9041.203399999995,0,0,303.0,512,0,0,76872.13839999994,0,324842.72944658034,324842.72944658034,0.0,252,303,0,1.5,0,0.0,512,512,324842.72944658034,0,51200.0,0,247,771.3358999999998,256.0,1293.9359,4,1644.2503,1644.249999999999,4.936424303644149,5120.0,51.015625,1.274821986328125,265,0,0.0,0,2098.94070170186,2612.0,209,5.253314421129691,0,0,0,0.0,0.0,0.0,0.0,0.0,0.0,0.0,0.0,0,0,0,0,97,0.0,0,10,0.0,0,0.0,1200.0,4706.142799999998,17666.38222257373,0.0,17666.38222257373,0.0,1644.2503,25720.50520000003,37100.502,0.7740214947299351,512,324842.72944658034,0,0.0,4,5403.949599999998,2,0.0,2,591.6195,1933.5314,37.5,0,2,599,599,S4 rung 12 + everyone greedy,sumsy,8,-1.4551915228366852e-11
81,512,4,2,116975.11160000008,0.0,4981.396299999999,73.06669999999998,0.0,,0.0,0.0,0.0,0.0,0.0,0.0,0.0025,1670.9293,2574.648324999999,0.0,0.0024795091565369175,795.0033000000001,584.1865583333329,0.02,190.9758000000001,0.36781750937089824,0.0,0.0,0.36781750937089824,0.0,3,0,363.9363840856801,2.2413573729757763,366.1777414586559,49.31329740819205,1.6959183574619998,51.00921576565404,0.0,0.0,0.0,0.0,0,0,0.0,0.0,0.0,0.36781750937089824,0.36781750937089824,0.0,0.0,0.0,0.022069050562253893,0.5,0.25,0.0,-8357.825890628057,2149.4078,787,2560.0,2082.6796999999992,20673.677299999996,561.6349000000005,0.0,0.0,0.0,0.0,0.0,1,584.4286999999999,2560.0,2082.6796999999992,370.24240000000026,271.0,0.0,13426.001899999928,0.015,6.559685966319156,9.028085779122502,2.5363000000000016,NaN,5.077794040320054,14.061674243300754,1322.0,1247.0,661.0,2048.0,1784.0,204.0,66,0,0,0,129,0.0,2048.0,78289.95230000002,25157.39,9935.1237,0,768,0,0,0.5817179531691199,0.7744985267214601,0.280213299996781,0,9702.960200000009,8179.928399999988,0,0,255.0,512,0,0,78289.95230000002,0,355122.3615368873,355122.3615368873,0.0,223,255,0,1.5,0,0.0,512,512,355122.3615368873,0,51200.0,0,152,646.7565000000004,256.0,1337.2876,4,1623.4471,1623.4516000000012,5.49167810228296,5120.0,51.015625,1.2670606035156249,160,0,0.0,0,1623.194766605357,2612.0,208,5.049780877206062,0,0,0,0.0,0.0,0.0,0.0,0.0,0.0,0.0,0.0,0,0,0,0,66,0.0,0,10,0.0,0,0.0,1200.0,4128.0731000000005,20979.682503310367,0.0,20979.682503310367,0.0,1623.4471,26831.347500000007,36429.80130000001,0.7745535673454602,512,355122.3615368873,0,0.0,4,4697.808000000001,2,0.0,2,584.4286999999999,1670.9293,37.5,0,2,661,661,S4 rung 12 + everyone greedy,sumsy,8,-1.4551915228366852e-11
82,512,4,2,117444.01039999998,0.0,4508.7956,181.24130000000005,0.0,,0.0,0.0,0.0,0.0,0.0,0.0,0.0025,1501.0276,2528.6526999999987,0.0,0.0023773533792875966,735.9962999999998,613.1150333333326,0.02,211.9750999999995,0.3751738595583162,0.0,0.0,0.3751738595583162,0.0,0,0,401.8268555118742,2.7300773631338195,404.55693287500804,53.90965372966487,1.9315980270467343,55.8412517567116,0.0,0.0,0.0,0.0,0,0,0.0,0.0,0.0,0.3751738595583162,0.3751738595583162,0.0,0.0,0.0,0.02251043157349897,0.5,0.25,0.0,-8403.577890628036,2149.4078,793,2560.0,2091.1011999999996,17162.142399999997,591.7496999999994,0.0,0.0,0.0,0.0,0.0,19,577.1977999999999,2560.0,2091.1011999999996,379.8543999999997,271.0,0.0,14558.653599999805,0.015,6.893039016653455,8.750866237942077,2.5151388429752046,NaN,4.946148397081518,13.817196643963936,1244.0,1261.0,622.0,2048.0,1706.0,204.0,85,0,0,0,144,0.0,2048.0,78490.29039999994,24127.560999999998,11374.6589,0,768,0,0,0.5843220382322445,0.7784159410989717,0.35634651481260216,0,9348.035400000004,8692.122200000007,0,0,363.0,512,0,0,78490.29039999994,0,362258.04714641697,362258.04714641697,0.0,237,363,0,1.5,0,0.0,512,512,362258.04714641697,0,51200.0,0,312,912.9953999999992,256.0,1373.2747,4,1585.5212999999999,1585.5205000000008,5.618018608328471,5120.0,51.015625,1.2757655507812502,322,0,0.0,0,2007.5434516947544,2612.0,208,4.875979069008408,0,0,0,0.0,0.0,0.0,0.0,0.0,0.0,0.0,0.0,0,0,0,0,85,0.0,0,10,0.0,0,0.0,1200.0,3734.1260999999995,17871.722210304164,0.0,17871.722210304164,0.0,1585.5212999999999,27683.261600000013,36875.4946,0.7783602362312605,512,362258.04714641697,0,0.0,4,4231.0944,2,0.0,2,577.1977999999999,1501.0276,37.5,0,2,622,622,S4 rung 12 + everyone greedy,sumsy,8,-1.4551915228366852e-11
83,512,4,2,117903.50529999987,0.0,3755.7532999999994,127.44979999999998,0.0,,0.0,0.0,0.0,0.0,0.0,0.0,0.0025,1288.846,2486.689874999999,0.0,0.0022794064200609473,773.3996000000004,657.4223833333328,0.02,192.00179999999946,0.38267733674948257,0.0,0.0,0.38267733674948257,0.0,0,0,359.88618530326926,2.907152297760698,362.79333760103,51.99453705152849,1.8255787126281242,53.82011576415662,0.0,0.0,0.0,0.0,0,0,0.0,0.0,0.0,0.38267733674948257,0.38267733674948257,0.0,0.0,0.0,0.022960640204968952,0.5,0.25,0.0,-8448.546290628012,2149.4078,800,2560.0,2100.5051000000003,33170.7642,582.2991000000002,0.0,0.0,0.0,0.0,0.0,4,571.8774,2560.0,2100.5051000000003,390.0725,271.0,0.0,14252.943599999822,0.015,6.347903518821618,8.760858308157143,2.5075714285714295,NaN,4.976523447742796,13.402680744645016,1324.0,1222.0,662.0,2048.0,1786.0,204.0,65,0,0,0,113,0.0,2048.0,80288.8570999999,24816.2438,9533.0713,0,768,0,0,0.5779074419047527,0.7647666618433642,0.28088433597826845,0,9637.868500000011,7757.138100000017,0,0,308.0,512,0,0,80288.8570999999,0,346861.6094658722,346861.6094658722,0.0,198,308,0,1.5,0,0.0,512,512,346861.6094658722,0,51200.0,0,151,772.3320000000002,256.0,1404.6097,4,1621.8428999999999,1621.8435000000013,5.276991321599071,5120.0,51.015625,1.259198115234375,164,0,0.0,0,1555.4599022424586,2612.0,207,4.67589335354973,0,0,0,0.0,0.0,0.0,0.0,0.0,0.0,0.0,0.0,0,0,0,0,65,0.0,0,10,0.0,0,0.0,1200.0,3320.3416999999986,20518.18124187581,0.0,20518.18124187581,0.0,1621.8428999999999,29104.068099999968,35753.9248,0.764889863291127,512,346861.6094658722,0,0.0,4,3692.1845999999987,2,0.0,2,571.8774,1288.846,37.5,0,2,662,662,S4 rung 12 + everyone greedy,sumsy,8,-1.4551915228366852e-11
84,512,4,2,118352.26870000009,0.0,3449.426499999998,248.21549999999996,0.0,,0.0,0.0,0.0,0.0,0.0,0.0,0.0025,1188.7322,2441.610949999999,0.0,0.0021854948755544363,712.2354000000004,659.1052749999992,0.02,230.72679999999988,0.3903308834844722,0.0,0.0,0.3903308834844722,0.0,0,0,359.9648849503467,3.12835405702489,363.0932390073716,57.71734651802594,1.871049416749075,59.588395934775015,0.0,0.0,0.0,0.0,0,0,0.0,0.0,0.0,0.3903308834844722,0.3903308834844722,0.0,0.0,0.0,0.02341985300906833,0.5,0.25,0.0,-8484.919590628007,2149.4078,806,2560.0,2111.236600000001,23707.442700000003,631.0638999999999,0.0,0.0,0.0,0.0,0.0,16,569.1772,2560.0,2111.236600000001,400.33710000000013,271.0,0.0,14725.41579999972,0.010402473754502654,6.62722919161677,8.390704145937006,2.4943632567849696,NaN,4.850359037656984,14.050174769004462,1206.0,1336.0,603.0,2048.0,1668.0,204.0,95,0,0,0,175,0.0,2048.0,80425.83,23400.2964,11686.4063,0,768,0,0,0.5873852374293176,0.763178817693613,0.35847161858248233,0,9664.168999999994,8853.978200000005,0,0,479.0,512,0,0,80425.83,0,321142.9540783491,321142.9540783491,0.0,312,479,0,1.5,0,0.0,512,512,321142.9540783491,0,51200.0,0,473,1194.8000000000004,256.0,1081.8266,4,1529.4349,1529.4316999999996,4.766129585514635,5120.0,51.02734375,1.267295859375,497,0,0.0,0,2737.1193677620386,2612.6,208,4.490998824214761,0,0,0,0.0,0.0,0.0,0.0,0.0,0.0,0.0,0.0,0,0,0,0,95,0.0,0,10,0.0,0,0.0,1200.0,3086.3054,16030.99480232284,0.0,16030.99480232284,0.0,1529.4349,29758.246199999998,36168.5293,0.7632746286388343,512,321142.9540783491,0,0.0,4,3391.691999999999,2,0.0,2,569.1772,1188.7322,37.5,0,2,603,603,S4 rung 12 + everyone greedy,sumsy,8,-1.4551915228366852e-11
85,512,4,1,118792.14469999996,0.0,2953.0310999999992,97.16839999999999,0.0,,0.0,0.0,0.0,0.0,0.0,0.0,0.0025,1053.5533,2400.721699999999,0.0,0.0020954524866815937,743.5749999999995,673.2935249999997,0.02,213.92359999999783,0.39813750115416163,0.0,0.0,0.39813750115416163,0.0,1,0,336.6373502502098,2.888444066564086,339.52579431677384,55.454016428988446,1.800768251181788,57.25478468017024,0.0,0.0,0.0,0.0,0,0,0.0,0.0,0.0,0.39813750115416163,0.39813750115416163,0.0,0.0,0.0,0.023888250069249696,0.5,0.25,0.0,-8518.118290627985,2232.3891,812,2560.0,2120.1240000000016,21554.2445,624.3943999999983,0.0,0.0,0.0,0.0,0.0,12,564.9922,2560.0,2120.1240000000016,410.65169999999983,271.0,0.0,16301.69959999978,0.014480450115382666,6.660613143309579,8.490400000000056,2.242610869565214,NaN,4.8718337302753545,15.109247563096837,1424.0,1263.0,712.0,2048.0,1886.0,204.0,40,0,0,0,138,0.0,2048.0,81389.11919999994,22429.661200000002,12268.6252,0,768,0,0,0.5882930677450355,0.7625224631352276,0.2567876492740011,1,9956.79849999999,8412.354399999998,0,0,322.0,512,0,0,81389.11919999994,0,312786.4896417501,312786.4896417501,0.0,239,322,0,1.5,0,0.0,512,512,312786.4896417501,0,46080.0,0,264,722.1206999999989,256.0,1086.1936,4,1244.2323999999999,1244.2337000000002,5.084987077728947,5120.0,51.015625,1.4015729166666666,276,0,0.0,0,2426.591307820253,2612.0,207,5.253703540943286,0,0,0,0.0,0.0,0.0,0.0,0.0,0.0,0.0,0.0,0,0,0,0,40,0.0,0,9,0.0,0,0.0,1080.0,2724.5008,4666.637085768803,0.0,4666.637085768803,0.0,1244.2323999999999,28894.89890000001,35784.48,0.7621804134854417,512,312786.4896417501,0,0.0,4,2918.8341,1,0.0,2,564.9922,1053.5533,37.5,0,3,712,356,S4 rung 12 + everyone greedy,sumsy,8,-1.4551915228366852e-11
86,512,4,1,119225.98569999995,0.0,2527.192400000002,36.845,0.0,,0.0,0.0,0.0,0.0,0.0,0.0,0.0025,950.8809,2370.6431749999992,0.0,0.002009119844230312,747.3182999999991,681.2125083333331,0.02,238.19549999999805,0.40610025117724485,0.0,0.0,0.40610025117724485,0.0,0,0,375.7949818297024,3.2299568626489044,379.0249386923513,53.891946452903504,2.0492615231684095,55.941207976071915,0.0,0.0,0.0,0.0,0,0,0.0,0.0,0.0,0.40610025117724485,0.40610025117724485,0.0,0.0,0.0,0.02436601507063469,0.5,0.25,0.0,-8547.650490627986,2232.3891,818,2560.0,2126.159000000002,32270.849600000005,658.4606999999986,0.0,0.0,0.0,0.0,0.0,0,557.9204,2560.0,2126.159000000002,420.50170000000037,269.5,0.0,14751.981599999886,0.015,7.352612251392208,8.439065104166644,2.2017169184290006,NaN,4.880149997336944,14.65597013620393,1536.0,1257.0,768.0,2048.0,1998.0,204.0,12,0,0,1,135,0.0,2048.0,81260.24839999998,23480.5579,11886.4288,0,768,0,0,0.5768517618968878,0.774806778956765,0.202087731824232,0,10552.725299999987,9242.233600000005,0,0,331.0,512,0,0,81260.24839999998,0,350655.0586292836,350655.0586292836,0.0,234,331,0,1.5,0,0.0,512,512,350655.0586292836,0,46080.0,0,239,728.7682999999993,256.0,1089.9493,4,472.57879999999994,472.5787999999998,5.899652116520922,5120.0,51.015625,1.4161661458333332,246,0,0.0,0,1722.4881283670502,2612.0,204,4.245171621817129,0,0,0,0.0,0.0,0.0,0.0,0.0,0.0,0.0,0.0,0,0,0,0,12,0.0,0,9,0.0,0,0.0,1080.0,2321.8131000000008,38422.48833976769,0.0,38422.48833976769,0.0,472.57879999999994,28398.026,36456.936,0.7743674720384088,512,350655.0586292836,0,0.0,4,2461.159300000001,1,0.0,2,557.9204,950.8809,37.5,0,3,1185,1185,S4 rung 12 + everyone greedy,sumsy,8,-1.4551915228366852e-11
87,512,4,1,119653.18260000022,0.0,2197.2576999999987,71.4051,0.0,,0.0,0.0,0.0,0.0,0.0,0.0,0.0025,791.6725,2356.3287749999995,0.0,0.0019263441066480233,824.9608000000002,715.7174833333332,0.02,244.93859999999867,0.4142222562007898,0.0,0.0,0.4142222562007898,0.0,0,0,338.77576779433537,3.3807908553188226,342.15655864965424,47.19710090617561,2.1564339321738886,49.3535348383495,0.0,0.0,0.0,0.0,0,0,0.0,0.0,0.0,0.4142222562007898,0.4142222562007898,0.0,0.0,0.0,0.024853335372047387,0.5,0.25,0.0,-8572.903590627973,2232.3891,821,2560.0,2132.8030999999987,15356.036799999996,676.1635999999986,0.0,0.0,0.0,0.0,0.0,1,549.1155,2560.0,2132.8030999999987,430.9522,269.5,0.0,15286.005599999793,0.010428007624389024,7.37646630179829,9.022744661458267,2.1609727272727244,NaN,5.180580644614416,14.216291032117814,1536.0,1279.0,768.0,2046.6666666666667,1998.0000000000002,204.0,12,0,0,0,129,0.0,2048.0,81866.6935000001,24241.691899999998,11119.3257,0,768,0,0,0.5550959855763293,0.7707455868140984,0.20045149327294132,0,11002.081199999991,9434.500400000014,0,0,286.0,512,0,0,81866.6935000001,0,351008.04553577036,351008.04553577036,0.0,255,286,0,1.5,0,0.0,512,512,351008.04553577036,0,46080.0,0,207,618.0381999999992,256.0,1084.6835,4,820.0177,820.0183999999998,5.885590766835299,5120.0,51.01996527777778,1.4159223328993056,215,0,0.0,0,1517.4818493999862,2612.222222222222,204,4.852861527054397,0,0,0,0.0,0.0,0.0,0.0,0.0,0.0,0.0,0.0,0,0,0,0,12,0.0,0,9,0.0,0,0.0,1080.0,2043.6382999999992,33407.422396375325,0.0,33407.422396375325,0.0,820.0177,29219.309799999985,36445.7011,0.7704796613064997,512,351008.04553577036,0,0.0,4,2066.6705,1,0.0,2,549.1155,791.6725,37.5,0,3,1044,1044,S4 rung 12 + everyone greedy,sumsy,8,-1.4551915228366852e-11
88,512,4,1,120071.26839999991,0.0,1914.6570000000002,71.02680000000001,0.0,,0.0,0.0,0.0,0.0,0.0,0.0,0.0025,655.5267,2355.8404499999997,0.0,0.0018469787294541245,827.6382000000007,750.3528916666668,0.02,256.6633000000005,0.4225067013248056,0.0,0.0,0.4225067013248056,0.0,0,0,301.49254561344185,3.4679736683623283,304.9605192818042,46.68995775335379,2.096418815243292,48.786376568597085,0.0,0.0,0.0,0.0,0,0,0.0,0.0,0.0,0.4225067013248056,0.4225067013248056,0.0,0.0,0.0,0.025350402079488337,0.5,0.25,0.0,-8594.749690627965,2232.3891,825,2560.0,2141.9141999999947,22288.293800000007,698.8903000000001,0.0,0.0,0.0,0.0,0.0,3,544.5807,2560.0,2141.9141999999947,442.08240000000075,269.5,0.0,15534.90429999982,0.015,7.395119952494056,9.47166432291658,2.384423913043472,NaN,5.321929438969909,13.789802301154277,1536.0,1263.0,768.0,2048.0,1998.0,204.0,12,0,0,0,127,0.0,2048.0,83166.36439999996,24666.5366,9904.0418,0,768,0,0,0.5452557923333519,0.7567699825074705,0.20888261615810677,0,11554.3481,9340.036499999993,0,0,414.0,512,0,0,83166.36439999996,0,319438.7958670826,319438.7958670826,0.0,239,414,0,1.5,0,0.0,512,512,319438.7958670826,0,46080.0,0,276,987.1514999999973,256.0,1134.2182,4,1127.0538000000001,1127.0550000000003,5.166382870379402,5120.0,51.015625,1.3998436762152777,280,0,0.0,0,1643.5545004660073,2612.0,204,3.7265469835069442,0,0,0,0.0,0.0,0.0,0.0,0.0,0.0,0.0,0.0,0,0,0,0,12,0.0,0,9,0.0,0,0.0,1080.0,1803.0281000000004,29724.551940965423,0.0,29724.551940965423,0.0,1127.0538000000001,29811.842300000026,35704.7966,0.7566830282539154,512,319438.7958670826,0,0.0,4,1794.4912000000004,1,0.0,2,544.5807,655.5267,37.5,0,3,860,860,S4 rung 12 + everyone greedy,sumsy,8,-1.4551915228366852e-11
89,512,4,1,120480.05979999996,0.0,1846.0011999999986,241.72620000000006,0.0,,0.0,0.0,0.0,0.0,0.0,0.0,0.0025,546.8305,2351.6533749999994,0.0,0.0017708832058006146,829.7343000000005,768.7171166666665,0.02,272.57029999999975,0.43095683535130175,0.0,0.0,0.43095683535130175,0.0,0,0,257.13836473634797,3.474863453649138,260.6132281899971,47.60619460798747,1.9495750263805036,49.55576963436798,0.0,0.0,0.0,0.0,0,0,0.0,0.0,0.0,0.43095683535130175,0.43095683535130175,0.0,0.0,0.0,0.025857410121078103,0.5,0.25,0.0,-8613.89509062796,2232.3891,832,2560.0,2151.2086000000013,34225.8049,725.9763999999998,0.0,0.0,0.0,0.0,0.0,0,545.9739999999999,2560.0,2151.2086000000013,453.4061000000003,269.5,0.0,15788.063199999908,0.01468984072205939,7.363100150943389,10.569843724696266,2.508768765743072,NaN,5.461358980797201,13.37610823211965,1482.0,1325.0,741.0,2048.0,1944.0,204.0,26,0,0,0,153,0.0,2048.0,84427.95009999996,25117.9634,8644.4247,0,768,0,0,0.5517771317244697,0.7333547839899721,0.23872346975079672,0,11503.689299999978,9756.10769999999,0,0,397.0,512,0,0,84427.95009999996,0,277450.1849256021,277450.1849256021,0.0,301,397,0,1.5,0,0.0,512,512,277450.1849256021,0,46080.0,0,381,995.9811999999996,256.0,1196.9171,4,1379.1162000000002,1379.116900000001,4.226529766180599,5120.0,51.02647569444444,1.3836654774305557,390,0,0.0,0,2833.9630440614915,2612.5555555555557,204,4.434010253906249,0,0,0,0.0,0.0,0.0,0.0,0.0,0.0,0.0,0.0,0,0,0,0,26,0.0,0,9,0.0,0,0.0,1080.0,1758.1036999999992,27395.92715209165,0.0,27395.92715209165,0.0,1379.1162000000002,30062.552400000008,34959.305199999995,0.733678453846581,512,277450.1849256021,0,0.0,4,1736.2567999999992,1,0.0,2,545.9739999999999,546.8305,37.5,0,3,743,743,S4 rung 12 + everyone greedy,sumsy,8,-1.4551915228366852e-11
90,512,4,1,120879.27900000011,0.0,1913.1775999999993,346.7923,0.0,,0.0,0.0,0.0,0.0,0.0,0.0,0.0025,462.9899,2354.55655,0.0,0.0016979228177216293,826.1388000000002,782.0309750000002,0.02,280.6946000000002,0.43957597205832777,0.0,0.0,0.43957597205832777,0.0,0,0,287.14356053201243,3.236401580049634,290.3799621120621,47.85693840481162,1.7986137982538473,49.65555220306547,0.0,0.0,0.0,0.0,0,0,0.0,0.0,0.0,0.43957597205832777,0.43957597205832777,0.0,0.0,0.0,0.026374558323499664,0.5,0.25,0.0,-8632.241890627947,2232.3891,838,2560.0,2160.780799999999,43182.50849999999,745.3149000000004,0.0,0.0,0.0,0.0,0.0,2,543.5635,2560.0,2160.780799999999,464.9522999999998,269.5,0.0,15978.937599999977,0.00958133570154767,7.452977913175932,11.84680000000008,2.577762891566267,NaN,5.433505459854853,13.147884030732317,1358.0,1313.0,679.0,2048.0,1820.0,204.0,57,0,0,0,147,0.0,2048.0,85239.1932000001,25892.4001,7474.5665,0,768,0,0,0.5503936012625528,0.746248839830332,0.2661900203958103,1,10835.580199999995,9785.759999999998,0,0,415.0,512,0,0,85239.1932000001,0,304428.6753945688,304428.6753945688,0.0,289,415,0,1.5,0,0.0,512,512,304428.6753945688,0,46080.0,0,373,1069.7716000000007,256.0,1266.5658,4,1570.5017999999998,1570.499500000002,4.796079355350877,5120.0,51.015625,1.3765957552083332,378,0,0.0,0,2167.52823852989,2612.0,204,3.782676956741898,0,0,0,0.0,0.0,0.0,0.0,0.0,0.0,0.0,0.0,0,0,0,0,57,0.0,0,9,0.0,0,0.0,1080.0,1837.2854999999997,28326.73618402939,0.0,28326.73618402939,0.0,1570.5017999999998,30067.227799999982,34633.5324,0.746720532181059,512,304428.6753945688,0,0.0,4,1813.8545000000013,1,0.0,2,543.5635,462.9899,37.5,0,3,679,679,S4 rung 12 + everyone greedy,sumsy,8,-1.4551915228366852e-11
91,512,4,1,121269.93169999994,0.0,2112.311999999999,433.22049999999996,84.1163,,84.1163,0.0,0.0,0.0,0.0,0.0,0.0025,473.1072,2356.6654,0.0,0.001627968397631498,836.2266000000004,761.0379250000002,0.02,288.7885000000001,0.44836749149949434,0.0,0.0,0.44836749149949434,0.0,0,0,304.55864719873694,3.3986399186594936,307.9572871173964,47.77610980799713,1.7096423227099742,49.485752130707105,0.0,0.0,0.0,0.0,0,0,0.0,0.0,0.0,0.44836749149949434,0.44836749149949434,0.0,0.0,0.0,0.02690204948996966,0.5,0.25,0.0,-8650.609690627936,2232.3891,842,2560.0,2169.3472999999985,27913.430899999996,764.3464000000007,0.0,0.0,0.0,0.0,0.0,14,541.1301000000001,2560.0,2169.3472999999985,476.13109999999983,269.5,0.0,16343.018199999957,0.007551061792716536,7.586830984848495,11.943599999999824,2.604280779944289,NaN,5.432849901904403,13.310247133440983,1354.0,1320.0,677.0,2048.0,1816.0,204.0,58,0,0,0,141,0.0,2048.0,85871.25109999995,26485.940899999998,6529.8494,0,768,0,0,0.552501454401465,0.7491381136227007,0.29217815681865567,0,10630.150699999997,10014.616900000014,0,0,359.0,512,0,0,85871.25109999995,0,325048.3595704337,325048.3595704337,0.0,296,359,0,1.5,0,0.0,512,512,325048.3595704337,0,46080.0,0,309,934.9367999999997,256.0,1368.6529999999998,4,1657.2359999999999,1657.2340999999988,5.232559662986841,5120.0,51.015625,1.3711901757812504,328,0,0.0,0,3224.748898023631,2612.0,200,4.521524197048611,0,0,0,0.0,0.0,0.0,0.0,0.0,0.0,0.0,0.0,0,0,0,0,58,0.0,0,9,0.0,0,0.0,1080.0,1898.6075999999994,31662.919633841764,0.0,31662.919633841764,0.0,1657.2359999999999,27256.030299999995,34384.4433,0.7497412066186318,512,325048.3595704337,0,0.0,4,2023.357100000001,1,0.0,2,541.1301000000001,388.9909,37.5,0,3,677,677,S4 rung 12 + everyone greedy,sumsy,8,-1.4551915228366852e-11
92,512,4,1,121649.62669999996,0.0,2248.315299999999,361.00689999999986,173.4934,,172.5883,0.0,0.0,0.9051,0.0,0.0,0.0025,485.0661,2375.8669,0.0,0.0015608960996490804,851.2410000000002,752.3310750000004,0.02,289.6617000000008,0.4573348413294842,0.0,0.0,0.4573348413294842,0.0,0,0,286.93713106786333,3.406066571908376,290.34319763977174,47.76591572100265,1.4796880488934578,49.24560376989611,0.0,0.0,0.0,0.0,0,0,0.0,0.0,0.0,0.4573348413294842,0.4573348413294842,0.0,0.0,0.0,0.02744009047976905,0.5,0.25,0.0,-8670.426042960835,2232.3891,848,2560.0,2180.3050000000003,37745.5193,778.4036,0.0,0.0,0.0,0.0,0.0,11,541.9451,2560.0,2180.3050000000003,488.10670000000044,269.5,0.0,16564.394200000064,0.011629618373080857,7.6386321928460506,12.077699999999878,2.6079124309392263,NaN,5.471213636439684,13.973635964514155,1330.0,1286.0,665.0,2048.0,1792.0,204.0,64,0,0,0,138,0.0,2048.0,86684.4058,27049.4888,5486.1892,0,768,0,0,0.556882283553596,0.7436132932914532,0.289674397584438,2,10651.429999999986,9823.28100000002,0,0,362.0,512,0,0,86684.4058,0,312089.69105491333,312089.69105491333,0.0,262,362,0,1.5,0,0.0,512,512,312089.69105491333,0,46080.0,0,540,944.0642999999999,256.0,1402.5317,4,1754.2465,1754.2448000000009,4.934872017250722,5120.0,51.028645833333336,1.3615062868923609,555,0,0.0,0,2629.177940443251,2612.6666666666665,199,4.348879123263888,0,0,0,0.0,0.0,0.0,0.0,0.0,0.0,0.0,0.0,0,0,0,0,64,0.0,0,9,0.0,0,0.0,1080.0,1968.5184999999994,32309.14989779586,0.0,32309.14989779586,0.0,1754.2465,27250.24980000001,33938.2097,0.7442626009528244,512,312089.69105491333,0,0.0,4,2166.2055999999993,1,0.0,2,541.9451,312.4778,37.5,0,3,665,665,S4 rung 12 + everyone greedy,sumsy,8,-1.4551915228366852e-11
93,512,4,1,122021.20679999999,0.0,2525.7470999999996,474.8755,232.0087,,231.7387,0.0,0.0,0.27,0.0,0.0,0.0025,496.6011,2391.3798249999995,0.0,0.0014965871803435382,857.0549999999992,738.0104749999999,0.02,312.8384999999998,0.4664815381560739,0.0,0.0,0.4664815381560739,0.0,1,1,243.1727815159755,2.6909204928115904,245.86370200878707,48.060556067634266,1.4358832886334971,49.496439356267764,0.0,0.0,0.0,0.0,0,0,0.0,0.0,0.0,0.4664815381560739,0.4664815381560739,0.0,0.0,0.0,0.027988892289364433,0.5,0.25,0.0,-8690.790221933099,2232.3891,854,2560.0,2188.4199000000012,27168.70719999999,811.4455000000007,0.0,0.0,0.0,0.0,0.0,7,542.5331,2560.0,2188.4199000000012,499.7094999999996,269.5,0.0,16731.343899999974,0.008613832019665417,7.689015860014873,12.00799999999987,2.6079094660194224,NaN,5.469761512665151,15.023497935603283,1278.0,1343.0,639.0,2048.0,1740.0,204.0,77,0,0,1,142,0.0,2048.0,86920.36920000003,27222.8893,5382.888,0,768,0,0,0.5614714244786885,0.7299486827632908,0.30647945955854117,4,10454.853900000026,10326.348299999974,0,0,412.0,512,0,0,86920.36920000003,0,273120.10035260965,273120.10035260965,0.0,320,412,0,1.5,0,0.0,512,512,273120.10035260965,0,46080.0,0,602,1074.458700000002,256.0,1455.9261,4,1824.9739,1824.9754000000005,4.088948592721556,5120.0,51.015625,1.364186271701389,631,0,0.0,0,2699.249389724869,2612.0,196,4.711953034577545,0,0,0,0.0,0.0,0.0,0.0,0.0,0.0,0.0,0.0,0,0,0,0,77,0.0,0,9,0.0,0,0.0,1080.0,2197.3025000000007,31409.798495643896,0.0,31409.798495643896,0.0,1824.9739,27399.839099999987,34061.7034,0.7303258395105767,512,273120.10035260965,0,0.0,4,2450.7586999999985,1,0.0,2,542.5331,264.8624,37.5,0,3,639,639,S4 rung 12 + everyone greedy,sumsy,8,-1.4551915228366852e-11
94,512,4,1,122386.45370000003,0.0,2813.1749000000013,481.55139999999994,306.6741,,305.3016,0.0,0.0,1.3725,0.0,0.0,0.0025,508.1186,2423.0571999999997,0.0,0.0014349277885133845,862.7057999999996,737.6252,0.02,292.54180000000025,0.4758111689191954,0.0,0.0,0.4758111689191954,0.0,1,1,288.1508910670831,2.90190787400886,291.05279894109196,47.548112506528696,1.4950519859313065,49.04316449246,0.0,0.0,0.0,0.0,0,0,0.0,0.0,0.0,0.4758111689191954,0.4758111689191954,0.0,0.0,0.0,0.02854867013515172,0.5,0.25,0.0,-8713.002094406209,2232.3891,857,2560.0,2194.753100000001,27571.660900000006,803.7220000000008,0.0,0.0,0.0,0.0,0.0,11,542.2581,2560.0,2194.753100000001,511.19019999999966,269.5,0.0,17098.081999999777,0.011977204178817199,7.70940508474576,11.82319999999987,2.616857848837211,NaN,5.49735144995952,14.572792997535183,1340.0,1239.0,670.0,2046.6666666666665,1802.0,204.0,61,0,0,0,129,0.0,2048.0,88182.49150000005,27428.912600000003,4140.0697,0,768,0,0,0.5544847498267453,0.7476541566132464,0.26573084065318797,3,10591.3325,9551.952899999997,0,0,344.0,512,0,0,88182.49150000005,0,315213.209799626,315213.209799626,0.0,215,344,0,1.5,0,0.0,512,512,315213.209799626,0,46080.0,0,484,900.1991000000006,256.0,1584.6032,4,1791.9017999999999,1791.9026000000006,4.979785950512716,5120.0,51.022135416666664,1.344478851996528,498,0,0.0,0,2084.038221211018,2612.3333333333335,193,4.919754792390046,0,0,0,0.0,0.0,0.0,0.0,0.0,0.0,0.0,0.0,0,0,0,0,61,0.0,0,9,0.0,0,0.0,1080.0,2347.154,34074.30087175182,0.0,34074.30087175182,0.0,1791.9017999999999,27411.95289999996,33153.5855,0.7476841197656889,512,315213.209799626,0,0.0,4,2743.1198999999997,1,0.0,2,542.2581,202.817,37.5,0,3,670,670,S4 rung 12 + everyone greedy,sumsy,8,-1.4551915228366852e-11
95,512,4,1,122745.63629999997,0.0,3165.8331000000007,557.2171999999999,364.0211,,362.6386,0.0,0.0,1.3825,0.0,0.0,0.0025,519.78,2445.9562249999994,0.0,0.001375808763626633,864.9956999999991,728.8808750000001,0.02,299.54009999999903,0.4853273922975793,0.0,0.0,0.4853273922975793,0.0,1,0,296.34287693831516,2.6573327751593516,299.00020971347453,47.082450124506224,1.568483097684602,48.65093322219082,0.0,0.0,0.0,0.0,0,0,0.0,0.0,0.0,0.4853273922975793,0.4853273922975793,0.0,0.0,0.0,0.029119643537854758,0.5,0.25,0.0,-8737.328719407693,2232.3891,864,2560.0,2200.8174000000013,38011.1341,823.7775999999992,0.0,0.0,0.0,0.0,0.0,11,546.0169,2560.0,2200.8174000000013,522.8550000000004,269.5,0.0,17375.740200000284,0.011796057912432004,7.653248215701835,10.869931181102443,2.6132431677018633,NaN,5.490163250870947,15.254275742192887,1270.0,1261.0,635.0,2048.0,1732.0,204.0,79,0,0,0,128,0.0,2048.0,89137.77180000008,26817.499200000002,4149.9178,0,768,0,0,0.5459316364088127,0.7552659997429092,0.305314698691739,3,10258.413499999968,9650.746000000014,0,0,322.0,512,0,0,89137.77180000008,0,319158.9488808332,319158.9488808332,0.0,237,322,0,1.5,0,0.0,512,512,319158.9488808332,0,46080.0,0,380,841.4643,256.0,1574.6506,4,1795.1372,1795.136999999997,5.051222406268081,5120.0,51.015625,1.3312080642361113,402,0,0.0,0,2620.0858398278892,2612.0,192,4.880779966001159,0,0,0,0.0,0.0,0.0,0.0,0.0,0.0,0.0,0.0,0,0,0,0,79,0.0,0,9,0.0,0,0.0,1080.0,2605.5245000000014,32012.207147349323,0.0,32012.207147349323,0.0,1795.1372,28186.943699999985,32542.067600000002,0.7551961708331845,512,319158.9488808332,0,0.0,4,3101.790000000001,1,0.0,2,546.0169,157.14139999999998,37.5,0,3,635,635,S4 rung 12 + everyone greedy,sumsy,8,-1.4551915228366852e-11
96,512,4,1,123095.50420000001,0.0,3348.698000000002,406.25659999999993,399.745,,399.745,0.0,0.0,0.0,0.0,0.0,0.0025,532.4943,2482.5703999999996,0.0,0.0013191254425652156,858.6920999999995,731.8594583333334,0.02,301.8057000000002,0.4950339401435309,0.0,0.0,0.4950339401435309,0.0,1,0,333.9960569262714,2.7969305370985094,336.7929874633699,48.241198157929205,1.4437286514268552,49.68492680935606,0.0,0.0,0.0,0.0,0,0,0.0,0.0,0.0,0.4950339401435309,0.4950339401435309,0.0,0.0,0.0,0.029702036408611854,0.5,0.25,0.0,-8764.611390689264,2232.3891,870,2560.0,2210.132099999999,27653.702399999995,837.3771000000012,0.0,0.0,0.0,0.0,0.0,17,546.3648000000001,2560.0,2210.132099999999,535.5713999999998,269.5,0.0,17669.167900000404,0.008616348647042898,7.54085843949044,10.782698127925025,2.6110991228070164,NaN,5.466911152409216,14.796647469927093,1282.0,1256.0,641.0,2048.0,1744.0,204.0,76,0,0,2,128,0.0,2048.0,90026.30889999995,26402.930800000002,3963.9528,0,768,0,0,0.5526297932927948,0.763628031102255,0.2798370583052645,6,10264.127200000014,9471.318199999992,0,0,342.0,512,0,0,90026.30889999995,0,353019.32715889084,353019.32715889084,0.0,234,342,0,1.5,0,0.0,512,512,353019.32715889084,0,46080.0,0,402,892.9958999999996,256.0,1623.4526,4,1742.9709,1742.9691000000005,5.770029868899528,5120.0,51.02430555555556,1.3192347265625002,424,0,0.0,0,2416.6494865012055,2612.4444444444443,192,5.274623643663195,0,0,0,0.0,0.0,0.0,0.0,0.0,0.0,0.0,0.0,0,0,0,0,76,0.0,0,9,0.0,0,0.0,1080.0,2758.4984000000027,30658.842825186493,0.0,30658.842825186493,0.0,1742.9709,27405.114400000017,31990.3362,0.7634785293563895,512,353019.32715889084,0,0.0,4,3289.7031000000006,1,0.0,2,546.3648000000001,132.74929999999995,37.5,0,3,641,641,S4 rung 12 + everyone greedy,sumsy,8,-1.4551915228366852e-11
97,512,4,1,123439.68490000007,0.0,3395.632199999999,280.41709999999995,407.7887,,407.7887,0.0,0.0,0.0,0.0,0.0,0.0025,544.5877,2508.197875,0.0,0.0012647774743315286,846.0848999999989,725.8879333333334,0.02,305.5469999999987,0.5049346189464016,0.0,0.0,0.5049346189464016,0.0,3,0,386.6311886261979,2.8686916256188892,389.4998802518168,47.8999637742622,1.5473861101457864,49.447349884407984,0.0,0.0,0.0,0.0,0,0,0.0,0.0,0.0,0.5049346189464016,0.5049346189464016,0.0,0.0,0.0,0.030296077136784092,0.5,0.25,0.0,-8793.779990689252,2232.3891,876,2560.0,2215.8192999999956,27654.5155,852.6988999999979,0.0,0.0,0.0,0.0,0.0,11,547.4128000000001,2560.0,2215.8192999999956,547.6862000000002,269.5,0.0,18009.173300000384,0.011852032944160948,7.3505397196261715,10.601679120879064,2.61235384615385,NaN,5.4362290612005415,14.374905463025414,1274.0,1284.0,637.0,2045.3333333333333,1735.9999999999998,204.0,77,1,1,1,139,0.0,2047.0,90721.22170000004,26028.160000000003,3938.9586,0,768,0,0,0.5411668060600845,0.7755090575142065,0.3058110862778214,3,10122.111200000014,9438.093000000004,0,0,325.0,512,1,0,90721.22170000004,0,394460.0834388838,394460.0834388838,0.0,263,325,0,1.5,0,0.0,512,512,394460.0834388838,0,46080.0,0,365,849.0150000000011,256.0,1659.3441,4,1718.4254,1718.424999999999,6.655236489559113,5120.0,51.015625,1.3113381662326387,385,0,0.0,0,2587.316269427119,2612.0,192,5.579920808015046,0,0,0,0.0,0.0,0.0,0.0,0.0,0.0,0.0,0.0,0,0,0,0,77,0.0,0,9,0.0,0,0.0,1080.0,2802.4292999999984,30262.985558506447,0.0,30262.985558506447,0.0,1718.4254,28080.394099999987,31626.4627,0.7752920950179534,512,394460.0834388838,0,0.0,4,3342.224399999999,1,0.0,2,547.4128000000001,136.79900000000004,37.5,0,3,637,637,S4 rung 12 + everyone greedy,sumsy,8,-1.4551915228366852e-11
98,512,4,1,123778.54390000006,0.0,3460.1928000000007,321.0691,387.9335,,387.3993,0.0,0.0,0.5342,0.0,0.0,0.0025,572.601,2527.5511,0.0,0.0012126686423890695,824.7312,711.5750666666667,0.02,313.4812000000012,0.5150333113253296,0.0,0.0,0.5150333113253296,0.0,1,0,357.14905041458536,2.9586889114499257,360.1077393260353,48.721017926720855,1.6903201887475006,50.411338115468354,0.0,0.0,0.0,0.0,0,0,0.0,0.0,0.0,0.5150333113253296,0.5150333113253296,0.0,0.0,0.0,0.030901998679519774,0.5,0.25,0.0,-8827.197792341878,2232.3891,880,2560.0,2221.140999999999,29511.813399999995,872.9877000000009,0.0,0.0,0.0,0.0,0.0,9,552.8732,2560.0,2221.140999999999,559.9073999999999,269.5,0.0,18214.905000000148,0.011877471587559613,7.207279153846154,10.39387547723942,2.6073258666666663,NaN,5.40925726784102,13.943658299134649,1362.0,1300.0,681.0,2045.6666666666665,1824.0,204.0,54,1,0,1,137,0.0,2047.0,91803.30889999996,25750.6552,3389.555,0,768,0,0,0.5349413104243548,0.7633350098182241,0.2783074372258705,1,10657.553500000004,9369.4629,0,0,375.0,512,1,0,91803.30889999996,0,362056.12479140057,362056.12479140057,0.0,277,375,0,1.5,0,0.0,512,512,362056.12479140057,0,46080.0,0,397,977.7471999999998,256.0,1709.5506,4,1609.2801,1609.2830999999999,5.930502660403646,5120.0,51.015625,1.29448265625,403,0,0.0,0,2311.816596221333,2612.0,190,5.668484790943287,0,0,0,0.0,0.0,0.0,0.0,0.0,0.0,0.0,0.0,0,0,0,0,54,0.0,0,9,0.0,0,0.0,1080.0,2879.3999999999987,32507.15935524015,0.0,32507.15935524015,0.0,1609.2801,27728.813999999977,30849.7608,0.7631981376442862,512,362056.12479140057,0,0.0,4,3412.145999999999,1,0.0,2,552.8732,185.20170000000002,37.5,0,3,681,681,S4 rung 12 + everyone greedy,sumsy,8,-1.4551915228366852e-11
99,512,4,1,124111.56449999988,0.0,3422.7511000000004,227.02950000000007,367.0099,,367.0099,0.0,0.0,0.0,0.0,0.0,0.0025,619.8073,2523.4748999999997,0.0,0.0011627066943226399,808.6559999999998,676.4328666666663,0.02,303.0602000000006,0.5253339775518362,0.0,0.0,0.5253339775518362,0.0,2,0,402.0400547720841,3.016036920188196,405.05609169227233,51.18681459255447,1.7937528400133278,52.98056743256779,0.0,0.0,0.0,0.0,0,0,0.0,0.0,0.0,0.5253339775518362,0.5253339775518362,0.0,0.0,0.0,0.03152003865311017,0.5,0.25,0.0,-8861.760092341865,2232.3891,884,2560.0,2226.979399999999,26260.7928,876.4352000000008,0.0,0.0,0.0,0.0,0.0,1,553.1467,2560.0,2226.979399999999,572.4398000000003,269.5,0.0,18576.59459999993,0.01124821348141889,7.062253526645775,10.254659329445978,2.6005934640522876,NaN,5.402415823915759,13.52534855016061,1372.0,1276.0,686.0,2046.0,1834.0,204.0,53,0,0,0,122,0.0,2048.0,93087.55920000008,25525.239400000002,2586.6143,0,768,0,0,0.5382398249365432,0.7703241522042559,0.2744755973013788,2,10485.236799999991,9011.435500000009,0,0,306.0,512,0,0,93087.55920000008,0,394328.7486367182,394328.7486367182,0.0,252,306,0,1.5,0,0.0,512,512,394328.7486367182,0,46080.0,0,431,795.7816,256.0,1739.1976,4,1583.7233,1583.7243999999998,6.60274080591836,5120.0,51.015625,1.2728092730034721,431,0,0.0,0,2261.8157711534586,2612.0,190,5.716908600983796,0,0,0,0.0,0.0,0.0,0.0,0.0,0.0,0.0,0.0,0,0,0,0,53,0.0,0,9,0.0,0,0.0,1080.0,2865.7200999999995,33051.96507565198,0.0,33051.96507565198,0.0,1583.7233,28444.478600000013,29851.051300000003,0.7701645189242552,512,394328.7486367182,0,0.0,4,3380.1168000000016,1,0.0,2,553.1467,252.79740000000004,37.5,0,3,686,686,S4 rung 12 + everyone greedy,sumsy,8,-1.4551915228366852e-11
100,512,4,1,124437.64700000003,0.0,3511.3354000000004,345.8971,346.6205,,346.6205,0.0,0.0,0.0,0.0,0.0,0.0025,709.9052,2514.6620999999996,0.0,0.001114803178516547,792.3870000000004,623.3626916666659,0.02,319.7865999999998,0.5358406571028729,0.0,0.0,0.5358406571028729,0.0,1,0,411.6511645979431,3.1491886235392106,414.8003532214823,53.04992745464965,1.8188017701747594,54.8687292248244,0.0,0.0,0.0,0.0,0,0,0.0,0.0,0.0,0.5358406571028729,0.5358406571028729,0.0,0.0,0.0,0.03215043942617237,0.5,0.25,0.0,-8895.304532821267,2232.3891,888,2560.0,2233.9175,19766.552999999996,904.8383999999999,0.0,0.0,0.0,0.0,0.0,7,555.6671,2560.0,2233.9175,585.2960000000004,269.5,0.0,18798.37569999991,0.012649791149123171,6.952547687642159,10.097905069124531,2.6002077333333387,NaN,5.353732565583682,13.265527262700953,1302.0,1319.0,651.0,2048.0,1764.0,204.0,71,0,0,0,145,0.0,2048.0,93858.83960000006,24977.443,2571.4609,0,768,0,0,0.5401247339059567,0.7700999229971506,0.30969055286477154,1,10171.035700000004,9170.410400000008,0,0,375.0,512,0,0,93858.83960000006,0,395379.25565198873,395379.25565198873,0.0,295,375,0,1.5,0,0.0,512,512,395379.25565198873,0,46080.0,0,474,975.0779000000019,256.0,1764.3312,4,1597.9616,1597.9587000000006,6.611282752864333,5120.0,51.015625,1.2611379144965276,486,0,0.0,0,3106.6656075445317,2612.0,188,5.701251808449074,0,0,0,0.0,0.0,0.0,0.0,0.0,0.0,0.0,0.0,0,0,0,0,71,0.0,0,9,0.0,0,0.0,1080.0,2950.756700000001,31118.598389090945,0.0,31118.598389090945,0.0,1597.9616,27064.93770000001,29313.235099999998,0.7699528582225181,512,395379.25565198873,0,0.0,4,3474.1137,1,0.0,2,555.6671,363.28470000000004,37.5,0,3,651,651,S4 rung 12 + everyone greedy,sumsy,8,-1.4551915228366852e-11
101,512,4,1,124756.01610000012,0.0,3378.553599999999,138.9989,326.2311000000001,,326.2311000000001,0.0,0.0,0.0,0.0,0.0,0.0025,808.3392,2502.2474249999996,0.0,0.0010688732875616652,780.0756000000003,567.5452583333326,0.02,303.86520000000024,0.5465574702449303,0.0,0.0,0.5465574702449303,0.0,2,0,416.43960776192534,3.4454432343185566,419.88505099624393,54.53178381284253,1.7402960353622443,56.27207984820477,0.0,0.0,0.0,0.0,0,0,0.0,0.0,0.0,0.5465574702449303,0.5465574702449303,0.0,0.0,0.0,0.03279344821469582,0.5,0.25,0.0,-8930.417232821264,2232.3891,893,2560.0,2241.6308999999987,29226.318400000004,902.7322000000015,0.0,0.0,0.0,0.0,0.0,0,554.7298000000001,2560.0,2241.6308999999987,598.6227999999996,269.5,0.0,19105.39329999986,0.015,6.855475917065371,9.933169811320868,2.597756231003038,NaN,5.325518668779025,12.867561444819927,1378.0,1254.0,689.0,2048.0,1840.0,204.0,52,0,0,0,135,0.0,2048.0,95241.6893000002,24747.3387,1610.248,0,768,0,0,0.5364133445565917,0.7661526741904876,0.31112653825280057,0,10405.4032,8596.766799999976,0,0,329.0,512,0,0,95241.6893000002,0,395761.28466641606,395761.28466641606,0.0,230,329,0,1.5,0,0.0,512,512,395761.28466641606,0,46080.0,0,390,854.6617999999995,256.0,1793.6711,4,1509.692,1509.693899999999,6.587241943715623,5120.0,51.015625,1.2359213932291668,393,0,0.0,0,1971.5592518229416,2612.0,187,5.594370171440972,0,0,0,0.0,0.0,0.0,0.0,0.0,0.0,0.0,0.0,0,0,0,0,52,0.0,0,9,0.0,0,0.0,1080.0,2857.3394999999987,33412.03694871807,0.0,33412.03694871807,0.0,1509.692,27583.308400000027,28151.2578,0.7660550321319497,512,395761.28466641606,0,0.0,4,3346.7445000000007,1,0.0,2,554.7298000000001,482.1080999999999,37.5,0,3,689,689,S4 rung 12 + everyone greedy,sumsy,8,-1.4551915228366852e-11
102,512,4,1,125071.68539999991,0.0,3201.8568999999998,96.43329999999999,305.8417,,305.8417,0.0,0.0,0.0,0.0,0.0,0.0025,937.9451,2488.0082249999996,0.0,0.0010248357081141246,769.1819999999998,516.6877083333333,0.02,315.2360000000005,0.5574886196498289,0.0,0.0,0.5574886196498289,0.0,0,0,420.7955239354678,4.1176834861189455,424.9132074215867,56.1803911627363,2.1278189787515496,58.308210141487855,0.0,0.0,0.0,0.0,0,0,0.0,0.0,0.0,0.5574886196498289,0.5574886196498289,0.0,0.0,0.0,0.03344931717898973,0.5,0.25,0.0,-8964.020632821268,2232.3891,898,2560.0,2244.3306999999995,38500.0304,925.5964000000002,0.0,0.0,0.0,0.0,0.0,3,551.9746,2560.0,2244.3306999999995,610.6829999999994,269.5,0.0,19276.080999999896,0.011404850553672227,6.7362109460516,9.782627230769181,2.5900698701298692,NaN,5.27637848915705,12.71244991213187,1300.0,1279.0,650.0,2048.0,1762.0,204.0,71,0,0,0,138,0.0,2048.0,96081.85030000006,24351.9471,1329.5858,0,768,0,0,0.5339755967031898,0.7644820636079266,0.3167662244415359,0,10038.293399999991,8615.613799999997,0,0,385.0,512,0,0,96081.85030000006,0,395216.6587911271,395216.6587911271,0.0,255,385,0,1.5,0,0.0,512,512,395216.6587911271,0,46080.0,0,295,997.1768999999997,256.0,1818.3825,4,1553.8253,1553.8265999999996,6.553915518470635,5120.0,51.015625,1.2217863585069444,301,0,0.0,0,2209.538291999029,2612.0,187,5.3323114149305555,0,0,0,0.0,0.0,0.0,0.0,0.0,0.0,0.0,0.0,0,0,0,0,71,0.0,0,9,0.0,0,0.0,1080.0,2719.2822000000006,31492.35548941151,0.0,31492.35548941151,0.0,1553.8253,29182.91690000003,27499.9154,0.7644021887136478,512,395216.6587911271,0,0.0,4,3175.4603000000006,1,0.0,2,551.9746,632.1034,37.5,0,3,650,650,S4 rung 12 + everyone greedy,sumsy,8,-1.4551915228366852e-11
103,512,4,1,125381.54840000012,0.0,3029.7272000000007,97.0536,285.4523,,285.4523,0.0,0.0,0.0,0.0,0.0,0.0025,1099.0643,2467.9027499999993,0.0,0.0009826124769398226,755.8047000000005,456.2794833333331,0.02,323.87569999999926,0.5686383920428255,0.0,0.0,0.5686383920428255,0.0,0,0,390.9890882547602,4.34908338570536,395.3381716404656,57.33518153515701,2.290663006141565,59.62584454129858,0.0,0.0,0.0,0.0,0,0,0.0,0.0,0.0,0.5686383920428255,0.5686383920428255,0.0,0.0,0.0,0.03411830352256953,0.5,0.25,0.0,-8995.854532821282,2232.3891,904,2560.0,2250.137,47320.6155,946.9731999999995,0.0,0.0,0.0,0.0,0.0,3,552.6251,2560.0,2250.137,623.6662000000008,269.5,0.0,19382.406700000138,0.008614806920465505,6.5742914764079154,9.429658582677218,2.5777671604938277,NaN,5.217447903087206,12.814088681986469,1270.0,1314.0,635.0,2048.0,1732.0,204.0,79,0,0,0,172,0.0,2048.0,96615.58200000007,23765.6119,1514.0954,0,768,0,0,0.5276419668904955,0.7552779228869297,0.3085352180227152,1,9835.405699999996,8638.619,0,0,405.0,512,0,0,96615.58200000007,0,366111.69824313547,366111.69824313547,0.0,290,405,0,1.5,0,0.0,512,512,366111.69824313547,0,46080.0,0,390,1043.9957000000002,256.0,1834.5697,4,1530.9746,1530.9751000000028,5.9075392153458095,5120.0,51.015625,1.2134174696180555,394,0,0.0,0,2083.411334598364,2612.0,185,5.017635470920137,0,0,0,0.0,0.0,0.0,0.0,0.0,0.0,0.0,0.0,0,0,0,0,79,0.0,0,9,0.0,0,0.0,1080.0,2559.8288000000007,30212.504506213932,0.0,30212.504506213932,0.0,1530.9746,29244.065700000014,27114.277,0.7552453884110448,512,366111.69824313547,0,0.0,4,3008.7430999999997,1,0.0,2,552.6251,813.6120000000001,37.5,0,3,635,635,S4 rung 12 + everyone greedy,sumsy,8,-1.4551915228366852e-11
104,512,4,1,125685.18759999992,0.0,2775.478200000002,14.575700000000001,265.0629,,265.0629,0.0,0.0,0.0,0.0,0.0,0.0025,1288.0442,2439.500849999999,0.0,0.0009421288428899018,737.6333999999994,383.81888333333296,0.02,322.6496999999997,0.580011159883682,0.0,0.0,0.580011159883682,0.0,0,0,415.2783545376727,4.825167463588559,420.10352200126124,60.00819690862488,2.428029482217824,62.436226390842705,0.0,0.0,0.0,0.0,0,0,0.0,0.0,0.0,0.580011159883682,0.580011159883682,0.0,0.0,0.0,0.034800669593020916,0.5,0.25,0.0,-9025.987492561268,2232.3891,909,2560.0,2256.3608000000004,38817.604600000006,960.4363000000004,0.0,0.0,0.0,0.0,0.0,3,553.4724,2560.0,2256.3608000000004,636.8953000000013,269.5,0.0,19509.135200000135,0.00702019062446699,6.426938333333315,9.158332986627132,2.561340263157894,NaN,5.154472402462942,12.429666021526875,1346.0,1320.0,673.0,2048.0,1808.0,204.0,60,0,0,0,168,0.0,2048.0,97350.39869999989,23323.0893,1305.4343,0,768,0,0,0.5299903648970146,0.7570936153774581,0.3291775299246116,0,10048.05549999999,8483.558599999977,0,0,380.0,512,0,0,97350.39869999989,0,377863.7856495858,377863.7856495858,0.0,296,380,0,1.5,0,0.0,512,512,377863.7856495858,0,46080.0,0,224,973.3092999999998,256.0,1864.7487,4,1422.4279000000001,1422.4275000000002,6.141671672083027,5120.0,51.015625,1.1999408051215275,230,0,0.0,0,2468.692216939068,2612.0,183,4.692405906394677,0,0,0,0.0,0.0,0.0,0.0,0.0,0.0,0.0,0.0,0,0,0,0,60,0.0,0,9,0.0,0,0.0,1080.0,2340.6062999999986,31272.32368693661,0.0,31272.32368693661,0.0,1422.4279000000001,29795.085199999998,26493.2723,0.7570586554472709,512,377863.7856495858,0,0.0,4,2759.9066000000003,1,0.0,2,553.4724,1022.9813,37.5,0,3,673,673,S4 rung 12 + everyone greedy,sumsy,8,-1.4551915228366852e-11
105,512,4,1,125979.90820000021,0.0,2683.7543999999994,164.5114,244.6735,,244.6735,0.0,0.0,0.0,0.0,0.0,0.0025,1514.4747,2405.5131749999996,0.0,0.0009033131345628379,721.1043000000005,297.01282499999985,0.02,336.24079999999975,0.5916113830813556,0.0,0.0,0.5916113830813556,0.0,1,0,399.167732992768,4.869505621914562,404.0372386146825,62.0346148413822,2.036949530340063,64.07156437172226,0.0,0.0,0.0,0.0,0,0,0.0,0.0,0.0,0.5916113830813556,0.5916113830813556,0.0,0.0,0.0,0.03549668298488134,0.5,0.25,0.0,-9053.495992561262,2232.3891,914,2560.0,2265.2793999999985,32167.1541,985.873,0.0,0.0,0.0,0.0,0.0,5,552.5056,2560.0,2265.2793999999985,650.9694000000004,269.5,0.0,19436.964200000068,0.008575403703356849,6.310753725782411,9.051302086438154,2.5597085836909876,NaN,5.093571164634137,12.056776040881068,1342.0,1342.0,671.0,2048.0,1804.0,204.0,61,0,0,0,180,0.0,2048.0,98112.71870000019,22757.212300000003,1191.4485,0,768,0,0,0.536672710534289,0.7476437808281933,0.3162632401095986,1,10155.722199999993,8469.031499999996,0,0,466.0,512,0,0,98112.71870000019,0,360517.14117713826,360517.14117713826,0.0,318,466,0,1.5,0,0.0,512,512,360517.14117713826,0,46080.0,0,511,1192.8242000000002,256.0,1851.5484,4,1376.1249,1376.125100000001,5.746850461743442,5120.0,51.015625,1.184900373263889,514,0,0.0,0,2886.836515204339,2612.0,180,4.384406702112269,0,0,0,0.0,0.0,0.0,0.0,0.0,0.0,0.0,0.0,0,0,0,0,61,0.0,0,9,0.0,0,0.0,1080.0,2254.1125000000006,30589.204852056973,0.0,30589.204852056973,0.0,1376.1249,29122.403899999994,25800.2092,0.7476796571402597,512,360517.14117713826,0,0.0,4,2655.1203000000005,1,0.0,2,552.5056,1269.8011999999999,37.5,0,3,671,671,S4 rung 12 + everyone greedy,sumsy,8,-1.4551915228366852e-11
106,512,4,1,126268.9998,0.0,2506.340999999999,80.5265,224.2841,,224.2841,0.0,0.0,0.0,0.0,0.0,0.0025,1739.7756,2366.8538999999996,0.0,0.000866096633418849,708.0686999999994,209.0260999999999,0.02,311.9056000000009,0.6034436107429828,0.0,0.0,0.6034436107429828,0.0,1,0,325.5626253259924,4.960460042405461,330.52308536839786,62.26519895225238,2.0732079669831642,64.33840691923555,0.0,0.0,0.0,0.0,0,0,0.0,0.0,0.0,0.6034436107429828,0.6034436107429828,0.0,0.0,0.0,0.036206616644578964,0.5,0.25,0.0,-9080.00610299315,2232.3891,920,2560.0,2270.9083999999993,27884.824699999997,976.1292000000012,0.0,0.0,0.0,0.0,0.0,4,549.9382,2560.0,2270.9083999999993,664.4063999999997,269.5,0.0,19609.356800000038,0.010334449170119237,6.189183686274499,8.967571809256697,2.5230340845070396,NaN,5.048131127135978,11.695072759654638,1426.0,1275.0,713.0,2048.0,1888.0,204.0,40,1,1,0,162,0.0,2047.0,99506.25580000004,22483.2889,125.9238,0,768,0,0,0.5264809544108826,0.7138015183549145,0.28343302986125396,1,10188.14120000001,7891.209199999987,0,0,355.0,512,1,0,99506.25580000004,0,304850.3747167751,304850.3747167751,0.0,253,355,0,1.5,0,0.0,512,512,304850.3747167751,0,46080.0,0,397,895.6770999999991,256.0,1863.8175,4,1279.7232999999999,1279.7210999999998,4.503544930919595,5120.0,51.015625,1.156098745659722,402,0,0.0,0,2388.728456407096,2612.0,180,4.0833096426504625,0,0,0,0.0,0.0,0.0,0.0,0.0,0.0,0.0,0.0,0,0,0,0,40,0.0,0,9,0.0,0,0.0,1080.0,2116.8891999999996,33063.857074872896,0.0,33063.857074872896,0.0,1279.7232999999999,29528.5662,24473.0302,0.7140783006803229,512,304850.3747167751,0,0.0,4,2403.515599999997,1,0.0,2,549.9382,1515.4914999999999,37.5,0,3,713,713,S4 rung 12 + everyone greedy,sumsy,8,-1.4551915228366852e-11
107,512,4,1,126551.95520000003,0.0,2305.8846,57.142500000000005,203.89470000000003,,203.89470000000003,0.0,0.0,0.0,0.0,0.0,0.0025,1999.6177,2324.21155,0.0,0.0008304134521219923,694.4263000000004,108.19794999999999,0.02,324.62690000000043,0.6155124829578424,0.0,0.0,0.6155124829578424,0.0,1,0,317.8998978255989,4.964984927643732,322.8648827532426,63.11605593348112,2.066854183766922,65.18291011724804,0.0,0.0,0.0,0.0,0,0,0.0,0.0,0.0,0.6155124829578424,0.6155124829578424,0.0,0.0,0.0,0.03693074897747055,0.5,0.25,0.0,-9104.70560299314,2232.3891,926,2560.0,2277.0445999999993,32270.652199999997,1002.2070999999995,0.0,0.0,0.0,0.0,0.0,5,546.1852,2560.0,2277.0445999999993,678.0441000000002,269.5,0.0,20213.278500000026,0.011869446935716784,6.0345107222635965,8.81634641833803,2.5046502906976755,NaN,4.9999894023680795,11.344220576864997,1396.0,1343.0,698.0,2047.0,1858.0,204.0,47,0,0,1,176,0.0,2048.0,100366.82190000007,21765.6279,0.0,0,768,0,0,0.5236855008625085,0.7046906311323269,0.2923296896310388,0,9891.16320000002,8104.34790000001,0,0,344.0,512,0,0,100366.82190000007,0,296519.4904796946,296519.4904796946,0.0,320,344,0,1.5,0,0.0,512,512,296519.4904796946,0,46080.0,0,179,861.5997000000004,256.0,1873.7025,4,1240.0768,1240.0782999999994,4.299113404507264,5120.0,51.015625,1.1380063020833333,183,0,0.0,0,1634.1987227262425,2612.0,180,3.829292805989583,0,0,0,0.0,0.0,0.0,0.0,0.0,0.0,0.0,0.0,0,0,0,0,47,0.0,0,9,0.0,0,0.0,1080.0,1956.6201999999998,32256.605478036585,0.0,32256.605478036585,0.0,1240.0768,29946.088299999992,23639.3304,0.7050066419428689,512,296519.4904796946,0,0.0,4,2154.371799999999,1,0.0,2,546.1852,1795.723,37.5,0,3,698,698,S4 rung 12 + everyone greedy,sumsy,8,-1.4551915228366852e-11
108,512,4,1,126827.86379999986,0.0,2182.215,134.84920000000002,183.5053,,183.5053,0.0,0.0,0.0,0.0,0.0,0.0025,2269.472,2278.806275,0.0,0.0008276399672114979,677.0709999999996,3.1114249999999024,0.0016657799514012582,306.0949000000019,0.6165377913117909,0.0,0.0,0.6165377913117909,0.0,1,0,284.4587253845697,5.190273499421193,289.6489988839909,63.978769994560494,1.9692793337923353,65.94804932835282,0.0,0.0,0.0,0.0,0,0,0.0,0.0,0.0,0.6165377913117909,0.6165377913117909,0.0,0.0,0.0,0.03699226747870745,0.5,0.25,0.0,-9127.42571066008,2232.3891,932,2560.0,2284.0914000000034,29741.550300000003,1000.1849000000034,0.0,0.0,0.0,0.0,0.0,7,543.3075,2560.0,2284.0914000000034,692.2006000000006,269.5,0.0,21387.316400000105,0.0101871328829902,5.87003309859156,8.646136467236419,2.4887683544303827,NaN,4.94574040891638,11.003893959559047,1404.0,1278.0,702.0,2046.6666666666667,1866.0,204.0,45,0,0,0,140,0.0,2048.0,101561.5876999999,20543.659799999998,0.0,0,768,0,0,0.5164074103646537,0.6811524166446195,0.300376906455343,2,9743.25779999999,7501.902300000014,0,0,316.0,512,0,0,101561.5876999999,0,269717.19972090935,269717.19972090935,0.0,254,316,0,1.5,0,0.0,512,512,269717.19972090935,0,46080.0,0,211,786.450800000001,256.0,1909.8368,4,1109.6739000000002,1109.6719999999987,3.6865645100023707,5120.0,51.015625,1.1122720616319444,214,0,0.0,0,1841.5870609956717,2612.0,180,3.465732982494213,0,0,0,0.0,0.0,0.0,0.0,0.0,0.0,0.0,0.0,0,0,0,0,45,0.0,0,9,0.0,0,0.0,1080.0,1873.0810000000008,31977.197134171078,0.0,31977.197134171078,0.0,1109.6739000000002,30273.14040000002,22453.4966,0.6816292060419147,512,269717.19972090935,0,0.0,4,1904.785899999999,1,0.0,2,543.3075,2085.9667000000004,37.5,0,3,702,702,S4 rung 12 + everyone greedy,sumsy,8,-1.4551915228366852e-11
109,512,4,1,127097.83050000008,0.0,1954.5527,36.1164,163.1159,,163.1159,0.0,0.0,0.0,0.0,0.0,0.0025,2562.6202,2231.939825,0.0,0.0007624219377952319,658.6190999999999,0.0,-0.02,318.1511000000001,0.6042070354855551,0.0,0.0,0.6042070354855551,0.0,0,0,297.39144774218147,5.469811922320406,302.8612596645019,66.14106023324703,1.9836663710969253,68.12472660434395,0.0,0.0,0.0,0.0,0,0,0.0,0.0,0.0,0.6042070354855551,0.6042070354855551,0.0,0.0,0.0,0.03625242212913331,0.5,0.25,0.0,-9149.246910660058,2232.3891,939,2560.0,2290.0333000000023,42661.307199999996,1011.0941999999994,0.0,0.0,0.0,0.0,0.0,0,542.877,2560.0,2290.0333000000023,693.3778999999998,269.5,0.0,21943.717999999924,0.010996979333457266,5.671586617647061,8.37253863965274,2.477982122905026,NaN,4.8797602568665335,10.673777140772275,1382.0,1360.0,691.0,2048.0,1844.0,204.0,51,0,0,1,181,0.0,2048.0,102300.40590000011,19771.7235,0.0,0,768,0,0,0.5179791171620216,0.6770808993835293,0.28286837858002856,0,9609.226899999996,7713.357800000003,0,0,358.0,512,0,0,102300.40590000011,0,275939.82796011027,275939.82796011027,0.0,337,358,0,1.5,0,0.0,512,512,275939.82796011027,0,46080.0,0,234,887.1175999999994,256.0,1920.2039,4,1057.5446000000002,1057.5434000000005,3.8006058194468384,5120.0,51.015625,1.0957449522569442,234,0,0.0,0,1877.6815129862016,2612.0,180,3.1899016927083337,0,0,0,0.0,0.0,0.0,0.0,0.0,0.0,0.0,0.0,0,0,0,0,51,0.0,0,9,0.0,0,0.0,1080.0,1684.6533999999992,31024.707239800584,0.0,31024.707239800584,0.0,1057.5446000000002,30582.39009999999,21691.9274,0.6776107165740279,512,275939.82796011027,0,0.0,4,1655.6099999999988,1,0.0,2,542.877,2399.5042999999996,37.5,0,3,691,691,S4 rung 12 + everyone greedy,sumsy,8,-1.4551915228366852e-11
110,512,4,1,127360.98450000031,0.0,1758.1918999999987,55.4251,142.72650000000002,,142.72650000000002,0.0,0.0,0.0,0.0,0.0,0.0025,2829.9842,2184.84515,0.0,0.0007023430890969676,636.3525,0.0,-0.02,289.02599999999927,0.592122894775844,0.0,0.0,0.592122894775844,0.0,0,0,262.1231083091747,4.9611541544099405,267.08426246358465,67.28283964734527,1.9355326677572238,69.21837231510249,0.0,0.0,0.0,0.0,0,0,0.0,0.0,0.0,0.592122894775844,0.592122894775844,0.0,0.0,0.0,0.03552737368655064,0.5,0.25,0.0,-9168.379310660053,2232.3891,946,2560.0,2296.845999999999,34134.1642,968.749899999999,0.0,0.0,0.0,0.0,0.0,8,541.417,2560.0,2296.845999999999,679.9057,269.5,0.0,23248.383299999557,0.007663472955599191,5.474915753424661,8.023750000000083,2.4714384126984115,NaN,4.877277173357581,12.288109959415578,1456.0,1314.0,728.0,2046.6666666666665,1918.0,204.0,32,0,0,0,156,0.0,2048.0,103718.94020000024,18384.310999999998,0.0,0,768,0,0,0.5043924050477744,0.6597745194666289,0.33950381115021,3,9841.208600000004,7194.039300000004,0,0,315.0,512,0,0,103718.94020000024,0,244175.3412829915,244175.3412829915,0.0,290,315,0,1.5,0,0.0,512,512,244175.3412829915,0,46080.0,0,223,778.5030999999996,256.0,1886.3321,4,842.2596000000001,842.2584999999998,3.075806609873948,5120.0,51.015625,1.0649011089409721,232,0,0.0,0,1820.6842731911706,2612.0,180,2.74583470775463,0,0,0,0.0,0.0,0.0,0.0,0.0,0.0,0.0,0.0,0,0,0,0,32,0.0,0,9,0.0,0,0.0,1080.0,1521.6940999999995,31753.762697953218,0.0,31753.762697953218,0.0,842.2596000000001,30970.336000000007,20270.643099999998,0.6603761750450416,512,244175.3412829915,0,0.0,4,1419.4939999999988,1,0.0,2,541.417,2687.2576999999997,37.5,0,3,728,728,S4 rung 12 + everyone greedy,sumsy,8,-1.4551915228366852e-11
111,512,4,1,127618.22650000012,0.0,1598.2332,77.4467,122.3371,,122.3371,0.0,0.0,0.0,0.0,0.0,0.0025,3101.1142,2136.2523499999998,0.0,0.0006469984536761265,614.2848000000004,0.0,-0.02,290.1290999999997,0.5802804368803272,0.0,0.0,0.5802804368803272,0.0,0,0,290.2416955397971,5.747221905444359,295.98891744524144,68.46840551405805,1.9148522779374395,70.38325779199548,0.0,0.0,0.0,0.0,0,0,0.0,0.0,0.0,0.5802804368803272,0.5802804368803272,0.0,0.0,0.0,0.034816826212819625,0.5,0.25,0.0,-9185.59391066006,2232.3891,952,2560.0,2302.7580000000034,31367.237599999997,956.2865999999997,0.0,0.0,0.0,0.0,0.0,8,541.217,2560.0,2302.7580000000034,666.3894999999993,269.5,0.0,23717.245700000716,0.009556004431414602,5.294232363636369,7.801918802228319,2.463333055555556,NaN,4.822005188374184,11.94236272537641,1436.0,1375.0,718.0,2048.0,1898.0,204.0,37,0,0,0,169,0.0,2048.0,105010.33370000006,17366.530300000002,0.0,0,768,0,0,0.4941607191384838,0.6586458756750595,0.31857907017040077,4,10024.811699999991,7279.569500000007,0,0,360.0,512,0,0,105010.33370000006,0,259841.20737780197,259841.20737780197,0.0,351,360,0,1.5,0,0.0,512,512,259841.20737780197,0,46080.0,0,331,886.7999000000002,256.0,1599.0313,4,712.5184,712.5216999999996,3.3834432807682706,5120.0,51.015625,1.0365790277777778,347,0,0.0,0,2148.4141951314973,2612.0,180,2.3124655309606483,0,0,0,0.0,0.0,0.0,0.0,0.0,0.0,0.0,0.0,0,0,0,0,37,0.0,0,9,0.0,0,0.0,1080.0,1398.5668999999998,30598.12418326638,0.0,30598.12418326638,0.0,712.5184,31396.124200000013,18965.5616,0.6594873357781315,512,259841.20737780197,0,0.0,4,1200.5298000000003,1,0.0,2,541.217,2978.7771,37.5,0,3,718,718,S4 rung 12 + everyone greedy,sumsy,8,-1.4551915228366852e-11
112,512,4,1,127874.32000000007,0.0,1382.0058999999997,9.95,101.9477,,101.9477,0.0,0.0,0.0,0.0,0.0,0.0025,3364.3227,2086.6586999999995,0.0,0.0005960149755264477,594.0123999999993,0.0,-0.02,281.1044000000009,0.5686748281427206,0.0,0.0,0.5686748281427206,0.0,0,0,241.7369933468551,5.925257679502054,247.66225102635713,69.34923470055601,2.340400027345398,71.6896347279014,0.0,0.0,0.0,0.0,0,0,0.0,0.0,0.0,0.5686748281427206,0.5686748281427206,0.0,0.0,0.0,0.03412048968856324,0.5,0.25,0.0,-9201.338810660065,2232.3891,957,2560.0,2303.9064999999996,25490.7187,933.7717000000015,0.0,0.0,0.0,0.0,0.0,9,540.506,2560.0,2303.9064999999996,651.8064000000006,269.5,0.0,24549.439400000345,0.010395159313187529,5.081230350751607,7.558778609625574,2.273125174825175,NaN,4.785022967926411,11.58409184361512,1496.0,1397.0,748.0,2048.0,1958.0,204.0,22,0,0,1,176,0.0,2048.0,106287.29640000004,16137.086000000001,0.0,0,768,0,0,0.48144255301276595,0.6250333866487092,0.2608871337272065,3,10109.21909999999,7098.478799999994,0,0,429.0,512,0,0,106287.29640000004,0,223784.77273474957,223784.77273474957,0.0,374,429,0,1.5,0,0.0,512,512,223784.77273474957,0,46080.0,0,397,975.1707,256.0,1545.1089,4,517.1401,517.1390999999995,2.569280159174253,5120.0,51.015625,1.0087281879340277,426,0,0.0,0,2177.1572108149217,2612.0,180,1.8792402162905093,0,0,0,0.0,0.0,0.0,0.0,0.0,0.0,0.0,0.0,0,0,0,0,22,0.0,0,9,0.0,0,0.0,1080.0,1217.5751000000002,31257.047511302782,0.0,31257.047511302782,0.0,517.1401,31945.3474,17682.194900000002,0.6262661012715312,512,223784.77273474957,0,0.0,4,996.901100000001,1,0.0,2,540.506,3262.375,37.5,0,3,752,752,S4 rung 12 + everyone greedy,sumsy,8,-1.4551915228366852e-11
113,512,4,1,128126.28050000011,0.0,1174.7737,9.1639,81.5583,,81.5583,0.0,0.0,0.0,0.0,0.0,0.0025,3607.8824,2034.168225,0.0,0.0005490489954549635,570.1137,0.0,-0.02,256.8526999999997,0.5573013315798662,0.0,0.0,0.5573013315798662,0.0,0,0,210.2052144469103,6.662162975884323,216.86737742279462,71.95890103795423,2.5170982221778377,74.47599926013207,0.0,0.0,0.0,0.0,0,0,0.0,0.0,0.0,0.5573013315798662,0.5573013315798662,0.0,0.0,0.0,0.03343807989479197,0.5,0.25,0.0,-9215.158310660054,2232.3891,963,2560.0,2308.0395000000035,45976.21340000001,895.4520000000001,0.0,0.0,0.0,0.0,0.0,0,536.2569,2560.0,2308.0395000000035,638.5171000000005,269.5,0.0,25862.202599999484,0.012779601896005563,4.900041796585002,7.475099333333409,2.2294798076923086,NaN,4.735525711189744,11.236569088306664,1500.0,1347.0,750.0,2046.6666666666667,1962.0,204.0,21,0,0,1,184,0.0,2048.0,107829.3879000002,14654.4924,0.0,0,768,0,0,0.47144251267041737,0.5840530415801124,0.24906047663877606,1,9942.550199999998,6600.356299999999,0,0,416.0,512,0,0,107829.3879000002,0,202589.65948879218,202589.65948879218,0.0,324,416,0,1.5,0,0.0,512,512,202589.65948879218,0,46080.0,0,432,927.4636000000004,256.0,1498.2609,4,347.00569999999993,347.0044999999998,2.0721075344789934,5120.0,51.015625,0.9755371809895832,435,0,0.0,0,1769.4477400185997,2612.0,180,1.3622497649016203,0,0,0,0.0,0.0,0.0,0.0,0.0,0.0,0.0,0.0,0,0,0,0,21,0.0,0,9,0.0,0,0.0,1080.0,1044.3246000000006,30714.88380268086,0.0,30714.88380268086,0.0,347.00569999999993,32599.83120000001,16152.753299999998,0.5859872144157192,512,202589.65948879218,0,0.0,4,804.0018999999993,1,0.0,2,536.2569,3526.3241,37.5,0,3,755,755,S4 rung 12 + everyone greedy,sumsy,8,-1.4551915228366852e-11
114,512,4,1,128365.04469999995,0.0,996.7164,10.838700000000001,61.168899999999994,,61.168899999999994,0.0,0.0,0.0,0.0,0.0,0.0025,3868.9893,1979.319,0.0,0.0005057839346131124,549.7850999999999,0.0,-0.02,272.3751000000012,0.5461553049482688,0.0,0.0,0.5461553049482688,0.0,1,0,196.52856020324907,5.673768863684038,202.20232906693312,76.05601671480532,1.784108231087643,77.84012494589297,0.0,0.0,0.0,0.0,0,0,0.0,0.0,0.0,0.5461553049482688,0.5461553049482688,0.0,0.0,0.0,0.032769318296896124,0.5,0.25,0.0,-9226.292610660059,2232.3891,969,2560.0,2321.2357999999967,46151.154299999995,898.3717000000017,0.0,0.0,0.0,0.0,0.0,15,537.3012,2560.0,2321.2357999999967,627.8922999999999,269.5,0.0,26349.20009999957,0.007029678635522079,4.668701913875596,7.3789223738063345,2.251802397260282,NaN,4.683997574123497,10.899472015657468,1466.0,1463.0,733.0,2046.6666666666667,1928.0,204.0,29,0,0,0,206,0.0,2048.0,107957.24949999998,14549.5589,0.0,0,768,0,0,0.4763451865286308,0.5683555499734991,0.40363840586953015,9,9042.0591,6830.310899999998,0,0,584.0,512,0,0,107957.24949999998,0,189227.28012634232,189227.28012634232,0.0,439,584,0,1.5,0,0.0,512,512,189227.28012634232,0,46080.0,0,610,1315.0526000000048,256.0,1451.9458,4,383.2843,383.2837000000003,1.7761614871167979,5120.0,51.015625,0.9722548763020834,623,0,0.0,0,1813.256336751248,2612.0,180,1.1363074182581019,0,0,0,0.0,0.0,0.0,0.0,0.0,0.0,0.0,0.0,0,0,0,0,29,0.0,0,9,0.0,0,0.0,1080.0,899.5815,29578.82728255171,0.0,29578.82728255171,0.0,383.2843,32661.8948,16001.5047,0.5708096236635212,512,189227.28012634232,0,0.0,4,636.6596000000009,1,0.0,2,537.3012,3807.8204,37.5,0,3,733,733,S4 rung 12 + everyone greedy,sumsy,8,-1.4551915228366852e-11
115,512,4,1,128597.97109999998,0.0,854.9072999999995,32.881,40.77949999999999,,40.77949999999999,0.0,0.0,0.0,0.0,0.0,0.0025,4114.1442,1921.3243499999999,0.0,0.0004659281605655991,523.8260999999998,0.0,-0.02,245.60989999999964,0.5352321988493034,0.0,0.0,0.5352321988493034,0.0,0,0,186.38978713338201,7.308517069702162,193.69830420308418,78.7238031830423,1.7805616888924793,80.50436487193478,0.0,0.0,0.0,0.0,0,0,0.0,0.0,0.0,0.5352321988493034,0.5352321988493034,0.0,0.0,0.0,0.032113931930958205,0.5,0.25,0.0,-9236.075710660058,2232.3891,973,2560.0,2327.0736000000043,27203.6705,861.8400999999994,0.0,0.0,0.0,0.0,0.0,5,535.6542,2560.0,2327.0736000000043,615.5137999999998,269.5,0.0,27236.27860000017,0.007019855529854551,4.499801403508772,6.899004073587245,2.1232862745098107,NaN,4.647384805814912,10.57248785518774,1522.0,1425.0,761.0,2048.0,1984.0,204.0,16,1,1,2,187,0.0,2047.0,108364.73129999996,14160.8679,0.0,0,768,0,0,0.46416287517210786,0.5394964441239283,0.4400361192504849,6,8793.613400000006,6412.217,0,0,510.0,512,1,0,108364.73129999996,0,180801.18288178596,180801.18288178596,0.0,405,510,0,1.5,0,0.0,512,512,180801.18288178596,0,46080.0,0,566,1082.8760000000034,256.0,1422.5735,4,280.2693,280.2708,1.5816281810283377,5120.0,51.015625,0.963182322048611,568,0,0.0,0,1358.09773968854,2612.0,180,0.885745750144676,0,0,0,0.0,0.0,0.0,0.0,0.0,0.0,0.0,0.0,0,0,0,0,16,0.0,0,9,0.0,0,0.0,1080.0,788.3808999999997,30599.51644225683,0.0,30599.51644225683,0.0,280.2693,33264.463699999986,15583.4414,0.5429183779496687,512,180801.18288178596,0,0.0,4,485.7544999999991,1,0.0,2,535.6542,4073.3646999999996,37.5,0,3,771,771,S4 rung 12 + everyone greedy,sumsy,8,-1.4551915228366852e-11
116,512,4,1,128824.36820000006,0.0,706.9740000000003,0.0,20.3901,,20.3901,0.0,0.0,0.0,0.0,0.0,0.0025,4358.1024,1863.1358749999997,0.0,0.00042921302151302987,504.87950000000035,0.0,-0.02,243.25190000000106,0.5245275548723173,0.0,0.0,0.5245275548723173,0.0,0,0,148.05464315216986,6.845912722620825,154.90055587479068,81.34784804033411,1.6798516960578807,83.027699736392,0.0,0.0,0.0,0.0,0,0,0.0,0.0,0.0,0.5245275548723173,0.5245275548723173,0.0,0.0,0.0,0.03147165329233904,0.5,0.25,0.0,-9244.449688094383,2232.3891,978,2560.0,2333.602900000001,42725.1601,847.0304000000018,0.0,0.0,0.0,0.0,0.0,10,532.6639,2560.0,2333.602900000001,603.5799000000003,269.5,0.0,27867.46339999944,0.011876113595211029,4.34034440026508,6.559960546874969,2.005920156555787,NaN,4.640007332736251,10.255313219532106,1536.0,1509.0,768.0,2044.3333333333335,1998.0000000000002,204.0,11,0,0,1,210,0.0,2048.0,108903.92480000011,13638.1169,0.0,0,768,0,0,0.4586630737462358,0.49017971523181214,0.36285520248799985,8,9041.527999999997,6549.579700000006,0,0,511.0,512,0,0,108903.92480000011,0,157357.7788148132,157357.7788148132,0.0,486,511,0,1.5,0,0.0,512,512,157357.7788148132,0,46080.0,0,610,1025.0252000000073,256.0,1391.5602,4,200.1438,200.14310000000006,1.0589680645575776,5120.0,51.015625,0.951164867621528,620,0,0.0,0,1222.895258101864,2612.0,180,0.6058410734953703,0,0,0,0.0,0.0,0.0,0.0,0.0,0.0,0.0,0.0,0,0,0,0,11,0.0,0,9,0.0,0,0.0,1080.0,667.6668000000002,29903.278625779676,0.0,29903.278625779676,0.0,200.1438,33505.38879999998,15029.6771,0.4948803121880938,512,157357.7788148132,0,0.0,4,363.78449999999975,1,0.0,2,532.6639,4337.7123,37.5,0,3,786,786,S4 rung 12 + everyone greedy,sumsy,8,-1.4551915228366852e-11
117,512,4,1,129047.26299999993,0.0,578.5082999999998,6.2409,0.0019,,0.0019,0.0,0.0,0.0,0.0,0.0,0.0025,4592.8158,1804.6069999999995,0.0,0.00039539103541780306,486.9888000000006,0.0,-0.02,233.20429999999692,0.5140370037748709,0.0,0.0,0.5140370037748709,0.0,2,0,117.52477219631183,3.6153216643361255,121.14009386064797,83.54695421861318,1.825143636136456,85.37209785474964,0.0,0.0,0.0,0.0,0,0,0.0,0.0,0.0,0.5140370037748709,0.5140370037748709,0.0,0.0,0.0,0.030842220226492256,0.5,0.25,0.0,-9251.468761068092,2232.3891,985,2560.0,2337.105200000002,48424.686,825.0433999999967,0.0,0.0,0.0,0.0,0.0,4,532.0425,2560.0,2337.105200000002,591.1288000000001,269.5,0.0,28371.58299999919,0.007520076571590488,4.200482836315436,6.279081380208304,1.980185767097977,NaN,4.596391946134325,9.947653822946148,1536.0,1509.0,768.0,2046.6666666666667,1998.0,204.0,12,0,0,2,198,0.0,2048.0,109522.20949999994,13035.3965,0.0,0,768,0,0,0.4507877805693348,0.45394100144037663,0.39854044381106624,9,9057.297099999996,6338.528599999992,0,0,541.0,512,0,0,109522.20949999994,0,135905.58238665198,135905.58238665198,0.0,487,541,0,1.5,0,0.0,512,512,135905.58238665198,0,46080.0,0,642,1071.2805000000055,256.0,1364.7987,4,76.392,76.39169999999999,0.578088710647831,5120.0,51.015625,0.9375042361111112,651,0,0.0,0,879.415023129715,2612.0,180,0.3040929904513889,0,0,0,0.0,0.0,0.0,0.0,0.0,0.0,0.0,0.0,0,0,0,0,12,0.0,0,9,0.0,0,0.0,1080.0,565.1275999999998,30295.16485584811,0.0,30295.16485584811,0.0,76.392,34233.0946,14400.1952,0.4598887198334851,512,135905.58238665198,0,0.0,4,254.95679999999993,1,0.0,2,532.0425,4592.8139,37.5,0,3,816,816,S4 rung 12 + everyone greedy,sumsy,8,-1.4551915228366852e-11
118,512,4,1,129262.54650000008,0.0,514.3753999999999,30.877700000000004,0.0,,0.0,0.0,0.0,0.0,0.0,0.0,0.0025,4841.2528,1745.4138500000004,0.0,0.00036423422182688017,471.2961000000003,0.0,-0.02,228.99190000000308,0.5037562636993735,0.0,0.0,0.5037562636993735,0.0,1,5,116.48612581121196,4.092265852581805,120.57839166379377,86.15852976741424,1.5082631164589226,87.66679288387316,0.0,0.0,0.0,0.0,0,0,0.0,0.0,0.0,0.5037562636993735,0.5037562636993735,0.0,0.0,0.0,0.03022537582196241,0.5,0.25,0.0,-9257.044361068092,2232.3891,992,2560.0,2344.7165000000005,63979.9912,807.9830000000043,0.0,0.0,0.0,0.0,0.0,9,529.6356000000001,2560.0,2344.7165000000005,579.9548000000002,269.5,0.0,28747.717699999936,0.006627333508536521,4.024962411347518,6.04830364583331,1.9769377926421483,NaN,4.708068889339994,9.64922420825776,1536.0,1551.0,768.0,2045.3333333333333,1998.0,204.0,11,0,0,1,199,0.0,2048.0,111161.19610000007,11390.1418,0.0,0,768,0,0,0.444932921576217,0.44385865426265836,0.35294327459897334,13,10046.723799999998,6242.716700000001,0,0,598.0,512,0,0,111161.19610000007,0,134826.68244959283,134826.68244959283,0.0,528,598,0,1.5,0,0.0,512,512,134826.68244959283,0,46080.0,0,801,1182.2088000000047,256.0,1340.3202,4,54.7086,54.708299999999994,0.5175872949130399,5120.0,51.015625,0.9012687065972221,802,0,0.0,0,524.3943563050252,2612.0,180,0.17077584273726845,0,0,0,0.0,0.0,0.0,0.0,0.0,0.0,0.0,0.0,0,0,0,0,11,0.0,0,9,0.0,0,0.0,1080.0,505.42689999999993,32379.80842670245,0.0,32379.80842670245,0.0,54.7086,34360.56600000001,12730.462,0.4505799095620695,512,134826.68244959283,0,0.0,4,184.9362000000001,1,0.0,2,529.6356000000001,4841.2528,37.5,0,3,845,845,S4 rung 12 + everyone greedy,sumsy,8,-1.4551915228366852e-11
119,512,4,1,129480.16289999988,0.0,428.75679999999994,0.0,0.0,,0.0,0.0,0.0,0.0,0.0,0.0,0.0025,5034.7176,1684.70725,0.0,0.000335532565146922,451.59989999999954,0.0,-0.02,169.46179999999998,0.4936811384253861,0.0,0.0,0.4936811384253861,0.0,1,1,126.51488857311436,5.909804363509996,132.42469293662435,89.2239763452005,2.240126631934798,91.46410297713528,0.0,0.0,0.0,0.0,0,0,0.0,0.0,0.0,0.4936811384253861,0.4936811384253861,0.0,0.0,0.0,0.029620868305523164,0.5,0.25,0.0,-9262.008061068087,2232.3891,997,2560.0,2342.3836,30659.101700000003,737.1541000000013,0.0,0.0,0.0,0.0,0.0,4,527.6481,2560.0,2342.3836,566.7998,269.5,0.0,30263.766799999667,0.0049942374817748365,3.9215359374999954,5.695900000000051,1.969460402684558,NaN,4.835427652262192,9.359747482010029,1536.0,1280.0,768.0,2046.6666666666667,1998.0,204.0,12,0,0,6,145,0.0,2048.0,114794.86249999993,8077.4218,0.0,0,768,0,0,0.4246760873135349,0.43036364184437215,0.3038366311639795,7,10241.6501,5019.565999999994,0,0,298.0,512,0,0,114794.86249999993,0,143086.62123903926,143086.62123903926,0.0,262,298,0,1.5,0,0.0,512,512,143086.62123903926,0,46080.0,0,118,586.8991999999982,256.0,1045.5129,4,18.7125,18.712400000000006,0.6167016110902621,5120.0,51.015625,0.8229803537326388,118,0,0.0,0,219.26652833105447,2612.0,180,0.0956753472222222,0,0,0,0.0,0.0,0.0,0.0,0.0,0.0,0.0,0.0,0,0,0,0,12,0.0,0,9,0.0,0,0.0,1080.0,423.03779999999995,37829.69783516326,0.0,37829.69783516326,0.0,18.7125,36343.83250000001,9122.9347,0.43796086294544123,512,143086.62123903926,0,0.0,4,125.85150000000067,1,0.0,2,527.6481,5034.7176,37.5,0,3,888,888,S4 rung 12 + everyone greedy,sumsy,8,-1.4551915228366852e-11
120,512,4,1,129696.26589999998,0.0,357.6157000000001,0.4892,0.0,,0.0,0.0,0.0,0.0,0.0,0.0,0.0025,5216.3411,1625.43885,0.0,0.00030909259901334453,439.9974000000003,0.0,-0.02,162.17209999999992,0.48380751565687835,0.0,0.0,0.48380751565687835,0.0,0,1,117.39127089492447,7.044325666606325,124.4355965615308,90.97080257692471,2.688324659706346,93.65912723663106,0.0,0.0,0.0,0.0,0,0,0.0,0.0,0.0,0.48380751565687835,0.48380751565687835,0.0,0.0,0.0,0.0290284509394127,0.5,0.25,0.0,-9266.19806106809,2232.3891,1006,2560.0,2343.897000000003,41031.4952,717.2623999999994,0.0,0.0,0.0,0.0,0.0,4,527.5487,2560.0,2343.897000000003,554.9613999999991,269.5,0.0,25623.063699999377,0.01037244643983323,3.726050000000004,NaN,1.9773315789473649,NaN,6.255947749745898,9.078955057549727,0.0,1308.0,768.0,2040.0000000000002,1230.0,204.0,203,0,0,1,173,0.0,2048.0,118465.55349999998,4420.5638,0.0,0,768,0,0,0.40721357512026346,0.41095059141420975,0.336731497486215,4,10123.329599999988,4873.673400000005,0,0,304.0,512,0,0,118465.55349999998,0,139345.75042661116,139345.75042661116,0.0,285,304,0,1.5,0,0.0,512,512,139345.75042661116,0,46080.0,0,167,601.108799999999,256.0,1066.2588,4,18.3473,18.347399999999997,0.4548975374698601,5120.0,51.015625,0.7440716710069445,168,0,0.0,0,179.0834347610167,2612.0,180,0.07174913194444445,0,0,0,0.0,0.0,0.0,0.0,0.0,0.0,0.0,0.0,0,0,0,0,203,0.0,0,9,0.0,0,0.0,1080.0,354.47500000000014,38301.96217231457,0.0,38301.96217231457,0.0,18.3473,38170.64589999999,5486.8225999999995,0.41931031402602903,512,139345.75042661116,0,0.0,4,81.48160000000007,1,0.0,2,527.5487,5216.3411,37.5,0,3,826,826,S4 rung 12 + everyone greedy,sumsy,8,-1.4551915228366852e-11
