round,persons_alive,farms_open,bakeries_open,money_in_circulation,money_in_dead_balances,outstanding_debt,peer_lent,government_debt,termination,government_peer_debt,government_bank_debt,bonds_outstanding,government_arrears,bonds_issued,coupons,bond_rate,government_cash,government_reserve_target,surplus_redistributed,tax_scale,government_outlay,tax_shortfall,tax_policy_step,consumption_tax,consumption_tax_scale,wealth_tax,wealth_tax_base,wealth_tax_scale,clearing_residue,negative_wealth_persons,zero_cash_persons,wealth_gap_meals,wealth_bottom10_meals,wealth_top10_meals,cash_gap_meals,cash_bottom10_meals,cash_top10_meals,invoices_issued,invoices_paid,invoices_open,invoices_overdue,liquidations,refoundings,bad_debt,bank_bailouts,profit_tax,profit_tax_scale,parking_tax_scale,income_tax_accrued,income_tax_charged,wealth_tax_arrears,consumption_tax_rate_now,bracket_top_rate,bracket_bottom_rate,bank_retained_interest,cumulative_interest_paid,cumulative_write_offs,cumulative_credit_refusals,money_created,money_destroyed,credit_demand,tax,enterprise_tax,deposit_interest,buffer_pool,insurance_premiums,insurance_payouts,missed_payments,cash_banks,gi_created,demurrage_destroyed,demurrage_tax,account_fees,fees,trade_arrears,interest_rate,price_bread,price_grain,price_ticket,price_rent,price_wage,wage_bid_producers,bread_baked,bread_sold,grain_harvested,labour_offered,labour_sold,government_labour,unemployed,hungry,without_bread,half_meals,gluttons,bread_stocked,total_capacity,cash_persons,cash_farms,cash_bakeries,land_persons,land_farms,land_banks,landholders,gini_cash_persons,gini_net_wealth_persons,gini_income_persons,persons_below_meal,persons_income,bread_bill,gluttony_attempted,gluttony_refused,tickets_sold,n_greedy,hungry_greedy,hungry_others,cash_greedy,land_greedy,wealth_greedy,wealth_persons,bread_greedy,greedy_loaves,greedy_tickets,ration,tier_multiplier,tier_sold,tier_revenue,n_consumers,n_hoarders,wealth_hoarders,land_hoarders,shares_hoarders,greedy_land,greedy_shares,ticket_revenue,theatre_labour,cash_theatres,theatres_open,dividends,dividend_income_persons,share_price_mean,share_units_per_firm,founders_stake_pct,book_per_unit_mean,share_trades,share_trades_deferred,share_contracts_outstanding,share_seizures,share_volume,founders_stake_mean,outside_holders,forward_value_mean,coop_worker_open,coop_consumer_open,coop_member_open,coop_retained_reserve,coop_buffer_pledged,buffer_pledged_persons,patronage_wages,rebates,membership_capital,reserved_labour,coop_worker_hours,coop_members_worker,coop_members_consumer,worker_members,unemployed_members,unemployed_nonmembers,rebate_income_persons,coop_open,forprofit_open,cash_coops,coop_members,coop_capital,founder_capital,founder_debt,reserve_shortfall_owned,reserve_shortfall_coops,reserve_shortfall_forprofit,dividends_coops,dividends_forprofit,founders_cash,cash_forprofit,gini_net_wealth_all,n_workers,wealth_workers,n_landowners,wealth_landowners,n_farms,wealth_farms,n_bakeries,wealth_bakeries,n_banks,wealth_banks,wealth_government,land_price,deaths,closures,production_target_farms,production_target_bakeries,rung,system,seed,identity
1,512,4,4,24354.455999999976,0.0,2491.9003,1141.9003,0.0,,0.0,0.0,0.0,0.0,0.0,0.0,0.0025,0.0,0.0,0.0,1.0,0.0,0.0,0.0,0.0,1.0,0.0,0.0,1.0,0.0,0,0,23.737840784313732,3.0922941176470586,26.830134901960793,1.669004509803921,2.8862745098039215,4.555279019607843,0.0,0.0,0.0,0.0,0,0,0.0,0.0,0.0,1.0,1.0,0.0,0.0,0.0,0.0,0.5,0.25,0.0,0.0,0.0,0,2560.0,184.74400000000028,1141.9003,0.0,0.0,0.0,0.0,0.0,0.0,0,254.9568,2560.0,184.74400000000028,0.0,268.0,0.0,0.0,0.0,5.0,5.200000000000013,NaN,0.75,3.9199999999999995,3.920000000000001,320.0,71.0,160.0,2048.0,322.0,0.0,431,0,0,0,42,29.0,2048.0,17520.07289999996,2300.452,4278.9743,732,36,0,122,0.0726032312846594,0.4740882351701521,0.8329123785270496,0,3869.9731999999995,355.0,42,0,0.0,0,0,0,0.0,0,0.0,47418.97320000068,0.0,0,0,0,1.5,0,0.0,0,0,0.0,0,0.0,0,0,0.0,0.0,0.0,0,0.0,0.0,NaN,5120.0,NaN,NaN,0,0,0.0,0,0.0,NaN,0,NaN,0,0,0,0.0,0.0,0.0,0.0,0.0,0.0,0.0,0.0,0,0,0,0,431,0.0,0,0,0.0,0,0.0,0.0,0.0,0.0,0.0,0.0,0.0,0.0,0.0,0.0,0.5065542069940416,390,15438.456399999957,122,31980.516800000005,4,2300.452,4,3180.074,2,254.9568,0.0,37.5,0,0,160,160,0 bare bones,sumsy,1,-2.9103830456733704e-11
2,512,4,4,26675.70230000014,0.0,6455.990699999988,2138.6853999999976,0.0,,0.0,0.0,0.0,0.0,0.0,0.0,0.0025,0.0,0.0,0.0,1.0,0.0,0.0,0.0,0.0,1.0,0.0,0.0,1.0,0.0,0,0,24.895999803921576,2.48706431372549,27.383064117647063,2.135657058823529,2.3369029411764703,4.47256,0.0,0.0,0.0,0.0,0,0,0.0,0.0,0.0,1.0,1.0,0.0,0.0,0.0,0.0,0.5,0.25,0.0,-11.418999999999984,0.0,2,2560.0,238.75370000000046,3032.2529999999997,0.0,0.0,0.0,0.0,0.0,0.0,0,147.7243,2560.0,238.75370000000046,0.0,268.0,0.0,0.0,0.015,4.80785243553008,5.5307904761904805,NaN,1.1278983922829586,3.7119949999999653,3.8023999999999996,798.0,1047.0,399.0,2048.0,800.0,0.0,311,22,22,2,57,41.0,2026.0,16624.49199999998,2606.4552,7297.0308,680,88,0,114,0.09070035472268034,0.4897773246540067,0.6051093767185571,0,5846.745499999989,5033.821499999994,58,1,0.0,0,0,22,0.0,0,0.0,47959.19869999989,0.0,0,0,0,1.5,0,0.0,0,0,0.0,0,0.0,0,0,0.0,0.0,0.0,0,0.0,0.0,NaN,5120.0,NaN,NaN,0,0,0.0,0,0.0,NaN,0,NaN,0,0,0,0.0,0.0,0.0,0.0,0.0,0.0,0.0,0.0,0,0,0,0,311,0.0,0,0,0.0,0,0.0,0.0,0.0,0.0,0.0,0.0,0.0,0.0,0.0,0.0,0.5334045540057379,398,17663.747000000007,114,30295.4517,4,2673.9552,4,4439.867300000001,2,402.6811,0.0,37.5,0,0,399,399,0 bare bones,sumsy,1,-2.9103830456733704e-11
3,512,4,4,28953.31550000002,0.0,8587.102584565924,204.34609999999998,0.0,,0.0,0.0,0.0,0.0,0.0,0.0,0.0025,0.0,0.0,0.0,1.0,0.0,0.0,0.0,0.0,1.0,0.0,0.0,1.0,0.0,0,0,37.13380351571772,3.084683063646696,40.218486579364416,2.838498792617104,2.7389288383645365,5.57742763098164,0.0,0.0,0.0,0.0,0,0,0.0,0.0,0.0,1.0,1.0,0.0,0.0,0.0,0.0,0.5,0.25,0.0,-43.66509999999953,0.0,7,2560.0,282.3867999999997,4010.380300000001,0.0,0.0,0.0,0.0,0.0,0.0,0,291.88710000000003,2560.0,282.3867999999997,0.0,268.0,0.0,0.0,0.015,4.75704235976789,5.468140038684716,NaN,1.343445287958115,3.1683406370656577,3.6883279999999994,1034.0,1034.0,517.0,2023.3333333333333,1036.0,0.0,249,16,16,3,54,32.0,2032.0,18378.188499999975,2801.9945,7481.2454,633,135,0,108,0.11252101300977935,0.5366933626321033,0.48924583351940476,0,6289.029100000019,4918.781799999999,54,0,0.0,0,0,16,0.0,0,0.0,61802.18010032143,0.0,0,0,0,1.5,0,0.0,0,0,0.0,0,0.0,0,0,0.0,0.0,0.0,0,0.0,0.0,NaN,5120.0,NaN,NaN,0,0,0.0,0,0.0,NaN,0,NaN,0,0,0,0.0,0.0,0.0,0.0,0.0,0.0,0.0,0.0,0,0,0,0,249,0.0,0,0,0.0,0,0.0,0.0,0.0,0.0,0.0,0.0,0.0,0.0,0.0,0.0,0.577245049739866,404,20516.664406109317,108,41285.515694212256,4,5092.0118633440525,4,4769.687800000002,2,600.734,0.0,56.39491961414793,0,0,517,517,0 bare bones,sumsy,1,-2.9103830456733704e-11
4,512,4,4,31182.27189999998,0.0,12646.256553926667,2160.1622000000007,0.0,,0.0,0.0,0.0,0.0,0.0,0.0,0.0025,0.0,0.0,0.0,1.0,0.0,0.0,0.0,0.0,1.0,0.0,0.0,1.0,0.0,0,0,45.60734881980885,2.8127371572479394,48.420085977056786,2.757663597862032,2.4965537126907895,5.254217310552821,0.0,0.0,0.0,0.0,0,0,0.0,0.0,0.0,1.0,1.0,0.0,0.0,0.0,0.0,0.5,0.25,0.0,-76.30089999999979,0.0,10,2560.0,331.0436000000001,3709.3325000000004,0.0,0.0,0.0,0.0,0.0,0.0,0,151.7821,2560.0,331.0436000000001,0.0,268.0,0.0,0.0,0.015,4.580669216061208,5.391462523900573,NaN,1.437616524216524,3.0310828244274894,3.5776781599999987,1046.0,1046.0,523.0,2028.0,1048.0,0.0,248,19,19,3,53,42.0,2029.0,18318.201899999993,3105.2893,9606.9986,596,172,0,102,0.12056447280902538,0.5661001549140916,0.5157487679063602,1,6172.666700000004,4791.380000000024,53,0,0.0,0,0,19,0.0,0,0.0,69683.84063507852,0.0,0,0,0,1.5,0,0.0,0,0,0.0,0,0.0,0,0,0.0,0.0,0.0,0,0.0,0.0,NaN,5120.0,NaN,NaN,0,0,0.0,0,0.0,NaN,0,NaN,0,0,0,0.0,0.0,0.0,0.0,0.0,0.0,0.0,0.0,0,0,0,0,248,0.0,0,0,0.0,0,0.0,0.0,0.0,0.0,0.0,0.0,0.0,0.0,0.0,0.0,0.6079058263716977,410,23529.580560732942,102,46154.26007434553,4,7262.381522513086,4,5087.913299999998,2,736.4355,0.0,67.17226439790575,0,0,523,523,0 bare bones,sumsy,1,-2.9103830456733704e-11
5,512,4,4,33371.1763,0.0,12039.687900000024,71.0254,0.0,,0.0,0.0,0.0,0.0,0.0,0.0,0.0025,0.0,0.0,0.0,1.0,0.0,0.0,0.0,0.0,1.0,0.0,0.0,1.0,0.0,0,0,50.53644789932043,3.253206473160649,53.78965437248108,4.09426112162698,2.924818374402579,7.019079496029558,0.0,0.0,0.0,0.0,0,0,0.0,0.0,0.0,1.0,1.0,0.0,0.0,0.0,0.0,0.5,0.25,0.0,-128.78970000000015,0.0,12,2560.0,371.0956000000005,1090.2007,0.0,0.0,0.0,0.0,0.0,0.0,0,381.29650000000004,2560.0,371.0956000000005,0.0,268.0,0.0,0.0,0.015,4.524242857142862,5.283775289575304,NaN,1.5727295321637436,2.8817692999357676,3.4703478152,1036.0,1036.0,518.0,2025.0,1038.0,0.0,249,27,27,1,59,50.0,2019.0,20139.137600000016,3121.0568000000003,9729.6854,592,176,0,102,0.13537792471839794,0.5699169752897844,0.49380966811679117,0,5988.096000000007,4687.115600000005,59,0,0.0,0,0,27,0.0,0,0.0,73414.94081680915,0.0,0,0,0,1.5,0,0.0,0,0,0.0,0,0.0,0,0,0.0,0.0,0.0,0,0.0,0.0,NaN,5120.0,NaN,NaN,0,0,0.0,0,0.0,NaN,0,NaN,0,0,0,0.0,0.0,0.0,0.0,0.0,0.0,0.0,0.0,0,0,0,0,249,0.0,0,0,0.0,0,0.0,0.0,0.0,0.0,0.0,0.0,0.0,0.0,0.0,0.0,0.6162413023154847,410,24002.96980000002,102,49411.971016809104,4,8770.882713105415,4,5453.8627,2,935.9646,0.0,71.8808262108262,0,0,518,518,0 bare bones,sumsy,1,-2.9103830456733704e-11
6,512,4,4,35515.21270000001,0.0,12039.283199999985,680.739,0.0,,0.0,0.0,0.0,0.0,0.0,0.0,0.0025,0.0,0.0,0.0,1.0,0.0,0.0,0.0,0.0,1.0,0.0,0.0,1.0,0.0,0,0,56.702281013230326,3.0534317239085493,59.75571273713887,5.871440023670792,2.884286316350994,8.755726340021786,0.0,0.0,0.0,0.0,0,0,0.0,0.0,0.0,1.0,1.0,0.0,0.0,0.0,0.0,0.5,0.25,0.0,-179.17450000000053,0.0,14,2560.0,415.96360000000027,1681.0797000000002,0.0,0.0,0.0,0.0,0.0,0.0,0,126.1566,2560.0,415.96360000000027,0.0,268.0,0.0,0.0,0.015,4.699843957115013,5.2407009746588376,NaN,1.683040540540541,2.9840922178987817,3.3662373807439994,1026.0,1026.0,513.0,2017.6666666666667,1028.0,0.0,250,16,16,1,52,33.0,2031.0,21691.432000000023,3092.1151,10605.509,588,180,0,102,0.17795561595832532,0.5855872723416276,0.5185148677465743,0,6054.253800000021,4822.0399000000025,52,0,0.0,0,0,16,0.0,0,0.0,78267.96184561419,0.0,0,0,0,1.5,0,0.0,0,0,0.0,0,0.0,0,0,0.0,0.0,0.0,0,0.0,0.0,NaN,5120.0,NaN,NaN,0,0,0.0,0,0.0,NaN,0,NaN,0,0,0,0.0,0.0,0.0,0.0,0.0,0.0,0.0,0.0,0,0,0,0,250,0.0,0,0,0.0,0,0.0,0.0,0.0,0.0,0.0,0.0,0.0,0.0,0.0,0.0,0.6345231803706608,410,24379.23039999997,102,53888.73144561407,4,10640.820389473698,4,5967.832899999999,2,1031.4116,0.0,78.63647660818718,0,0,513,513,0 bare bones,sumsy,1,-2.9103830456733704e-11
7,512,4,4,37619.26029999995,0.0,12448.450500000032,1124.3477,0.0,,0.0,0.0,0.0,0.0,0.0,0.0,0.0025,0.0,0.0,0.0,1.0,0.0,0.0,0.0,0.0,1.0,0.0,0.0,1.0,0.0,0,0,58.463711515610974,3.114859360173907,61.578570875784884,5.465474114583988,3.0443989482542415,8.50987306283823,0.0,0.0,0.0,0.0,0,0,0.0,0.0,0.0,1.0,1.0,0.0,0.0,0.0,0.0,0.5,0.25,0.0,-233.51700000000218,0.0,17,2560.0,455.95240000000007,2670.7299,0.0,0.0,0.0,0.0,0.0,0.0,0,321.5732,2560.0,455.95240000000007,0.0,268.0,0.0,0.0,0.015,4.6864492337164725,5.245345593869737,NaN,1.7616557522123895,2.8592000000000564,3.2652502593216792,1044.0,1044.0,522.0,2029.6666666666667,1046.0,0.0,248,19,19,2,55,38.0,2028.0,22316.647699999972,3104.2861000000003,11876.7533,585,183,0,102,0.1653703949251608,0.5918006155533784,0.48609083339172265,0,6004.270299999983,4892.6529999999975,56,1,0.0,0,0,19,0.0,0,0.0,82256.27701081085,0.0,0,0,0,1.5,0,0.0,0,0,0.0,0,0.0,0,0,0.0,0.0,0.0,0,0.0,0.0,NaN,5120.0,NaN,NaN,0,0,0.0,0,0.0,NaN,0,NaN,0,0,0,0.0,0.0,0.0,0.0,0.0,0.0,0.0,0.0,0,0,0,0,248,0.0,0,0,0.0,0,0.0,0.0,0.0,0.0,0.0,0.0,0.0,0.0,0.0,0.0,0.6443103300722204,410,24607.87539999998,102,57648.401610810804,4,12293.585545945949,4,6457.162399999998,2,1240.9921,0.0,84.15202702702706,0,0,522,522,0 bare bones,sumsy,1,-2.9103830456733704e-11
8,512,4,4,39680.132000000034,0.0,12049.430600000014,372.3807000000001,0.0,,0.0,0.0,0.0,0.0,0.0,0.0,0.0025,0.0,0.0,0.0,1.0,0.0,0.0,0.0,0.0,1.0,0.0,0.0,1.0,0.0,0,0,61.940191910263856,2.8727445657084343,64.8129364759723,6.919973166007942,2.9230064992647278,9.842979665272669,0.0,0.0,0.0,0.0,0,0,0.0,0.0,0.0,1.0,1.0,0.0,0.0,0.0,0.0,0.5,0.25,0.0,-295.8980000000019,0.0,21,2560.0,499.1283000000004,2391.7520000000004,0.0,0.0,0.0,0.0,0.0,0.0,0,179.8144,2560.0,499.1283000000004,0.0,268.0,0.0,0.0,0.015,4.633106826923082,5.229500192307654,NaN,1.755907784431137,2.894426103646782,3.167292751542029,1040.0,1040.0,520.0,2025.3333333333335,1042.0,0.0,248,22,22,3,56,45.0,2025.0,24060.464000000004,3133.567,12306.2866,582,186,0,102,0.20035919717846018,0.599362782925043,0.4963778494003559,0,5982.105600000013,4818.431100000005,56,0,0.0,0,0,22,0.0,0,0.0,85339.00698938056,0.0,0,0,0,1.5,0,0.0,0,0,0.0,0,0.0,0,0,0.0,0.0,0.0,0,0.0,0.0,NaN,5120.0,NaN,NaN,0,0,0.0,0,0.0,NaN,0,NaN,0,0,0,0.0,0.0,0.0,0.0,0.0,0.0,0.0,0.0,0,0,0,0,248,0.0,0,0,0.0,0,0.0,0.0,0.0,0.0,0.0,0.0,0.0,0.0,0.0,0.0,0.6542059543813226,410,24922.829100000003,102,60416.17788938052,4,13701.782995575222,4,6924.0612,2,1362.8617,0.0,88.08278761061948,0,0,520,520,0 bare bones,sumsy,1,-2.9103830456733704e-11
9,512,4,4,41699.73499999999,0.0,11317.769399999992,58.355500000000006,0.0,,0.0,0.0,0.0,0.0,0.0,0.0,0.0025,0.0,0.0,0.0,1.0,0.0,0.0,0.0,0.0,1.0,0.0,0.0,1.0,0.0,0,0,63.049826879330624,2.877327288983676,65.9271541683143,8.687210127582887,2.9429676117329255,11.630177739315812,0.0,0.0,0.0,0.0,0,0,0.0,0.0,0.0,1.0,1.0,0.0,0.0,0.0,0.0,0.5,0.25,0.0,-358.2363000000063,0.0,22,2560.0,540.3970000000003,549.9035000000001,0.0,0.0,0.0,0.0,0.0,0.0,0,421.0124,2560.0,540.3970000000003,0.0,268.0,0.0,0.0,0.015,4.623965503875974,5.14618972868218,NaN,1.752075766871166,2.773338297872323,3.072273968995767,1032.0,1032.0,516.0,2021.0,1034.0,0.0,252,16,16,1,53,33.0,2032.0,25706.52310000002,3084.8793000000005,12487.320200000002,578,190,0,102,0.229920943433797,0.6000996377134309,0.49513233613701124,0,5784.803599999977,4771.932400000005,53,0,0.0,0,0,16,0.0,0,0.0,85791.12107006,0.0,0,0,0,1.5,0,0.0,0,0,0.0,0,0.0,0,0,0.0,0.0,0.0,0,0.0,0.0,NaN,5120.0,NaN,NaN,0,0,0.0,0,0.0,NaN,0,NaN,0,0,0,0.0,0.0,0.0,0.0,0.0,0.0,0.0,0.0,0,0,0,0,252,0.0,0,0,0.0,0,0.0,0.0,0.0,0.0,0.0,0.0,0.0,0.0,0.0,0.0,0.6584781867701577,410,25123.728600000024,102,60667.39247005984,4,14346.159752095798,4,7445.827900000003,2,1543.4851999999998,0.0,87.79538922155685,0,0,516,516,0 bare bones,sumsy,1,-2.9103830456733704e-11
10,512,4,4,43679.019000000015,0.0,10565.51010000001,40.67529999999999,0.0,,0.0,0.0,0.0,0.0,0.0,0.0,0.0025,0.0,0.0,0.0,1.0,0.0,0.0,0.0,0.0,1.0,0.0,0.0,1.0,0.0,0,0,63.65912663553583,2.8769688897570123,66.53609552529284,10.385669488824215,2.9558923193069018,13.341561808131118,0.0,0.0,0.0,0.0,0,0,0.0,0.0,0.0,1.0,1.0,0.0,0.0,0.0,0.0,0.5,0.25,0.0,-417.2189000000004,0.0,23,2560.0,580.7160000000008,531.2056000000001,0.0,0.0,0.0,0.0,0.0,0.0,0,512.7006,2560.0,580.7160000000008,0.0,268.0,0.0,0.0,0.015,4.582260632183904,5.126766858237543,NaN,1.7571114803625387,2.8355500000000387,2.9801057499258943,1044.0,1044.0,522.0,2030.6666666666665,1046.0,0.0,249,23,23,2,53,48.0,2024.0,27243.492499999993,3261.1271,12661.6988,577,191,0,102,0.258028356586842,0.6016810104495891,0.5260984789420515,0,5862.292099999979,4783.880099999996,53,0,0.0,0,0,23,0.0,0,0.0,86422.20627423305,0.0,0,0,0,1.5,0,0.0,0,0,0.0,0,0.0,0,0,0.0,0.0,0.0,0,0.0,0.0,NaN,5120.0,NaN,NaN,0,0,0.0,0,0.0,NaN,0,NaN,0,0,0,0.0,0.0,0.0,0.0,0.0,0.0,0.0,0.0,0,0,0,0,249,0.0,0,0,0.0,0,0.0,0.0,0.0,0.0,0.0,0.0,0.0,0.0,0.0,0.0,0.6627106688414957,410,25187.835699999992,102,61234.37057423315,4,14968.946173619632,4,7960.939799999999,2,1606.6362000000001,0.0,87.60378834355829,0,0,522,522,0 bare bones,sumsy,1,-2.9103830456733704e-11
11,511,4,4,45619.67030000006,0.0,9802.688399999995,32.147,0.0,,0.0,0.0,0.0,0.0,0.0,0.0,0.0025,0.0,0.0,0.0,1.0,0.0,0.0,0.0,0.0,1.0,0.0,0.0,1.0,0.0,0,0,64.5347473888261,3.097375403062712,67.6321227918888,12.486055547007455,3.182825990485646,15.668881537493101,0.0,0.0,0.0,0.0,0,0,0.0,0.0,0.0,1.0,1.0,0.0,0.0,0.0,0.0,0.5,0.25,0.0,-472.64270000000596,0.0,26,2560.0,619.3487000000002,1451.0570000000002,0.0,0.0,0.0,0.0,0.0,0.0,0,566.982,2560.0,619.3487000000002,0.0,268.0,0.0,0.0,0.015,4.555574031007751,5.257322674418608,NaN,1.7479783699059543,2.817919825918795,2.8907025774281183,1032.0,1032.0,516.0,2019.3333333333333,1032.0,0.0,249,11,11,2,46,36.0,2033.0,29095.733599999978,3198.5206,12758.434099999999,571,197,0,102,0.28028138760154153,0.5994041135535937,0.5034677436398842,0,5745.172300000007,4701.352399999999,46,0,0.0,0,0,11,0.0,0,0.0,87195.62076435037,0.0,0,0,0,1.5,0,0.0,0,0,0.0,0,0.0,0,0,0.0,0.0,0.0,0,0.0,0.0,NaN,5120.0,NaN,NaN,0,0,0.0,0,0.0,NaN,0,NaN,0,0,0,0.0,0.0,0.0,0.0,0.0,0.0,0.0,0.0,0,0,0,0,249,0.0,0,0,0.0,0,0.0,0.0,0.0,0.0,0.0,0.0,0.0,0.0,0.0,0.0,0.6642167265782961,409,25571.55939999999,102,61624.06136435047,4,15876.903181571004,4,8398.408799999997,2,1621.8183999999999,0.0,87.85557401812693,1,0,516,516,0 bare bones,sumsy,1,-2.9103830456733704e-11
12,511,4,4,47515.34910000002,0.0,9018.071599999987,11.9592,0.0,,0.0,0.0,0.0,0.0,0.0,0.0,0.0025,0.0,0.0,0.0,1.0,0.0,0.0,0.0,0.0,1.0,0.0,0.0,1.0,0.0,0,0,65.41834614480078,3.028256585212775,68.44660273001355,13.941425525332072,3.0544952879816414,16.995920813313713,0.0,0.0,0.0,0.0,0,0,0.0,0.0,0.0,1.0,1.0,0.0,0.0,0.0,0.0,0.5,0.25,0.0,-524.3832000000016,0.0,29,2555.0,659.3211999999995,1424.7985999999999,0.0,0.0,0.0,0.0,0.0,0.0,0,612.8156,2555.0,659.3211999999995,0.0,267.5,0.0,0.0,0.015,4.5396693641618455,5.1978088631984765,NaN,1.7410189440993782,2.80123201923074,2.803981500105274,1038.0,1038.0,519.0,2030.3333333333335,1040.0,0.0,249,10,10,5,44,33.0,2034.0,30467.077500000003,3545.7102,12889.7458,571,197,0,102,0.3005772387133121,0.5994631957618479,0.535219304813596,0,5717.491999999992,4712.176799999996,44,0,0.0,0,0,10,0.0,0,0.0,87631.03616081493,0.0,0,0,0,1.5,0,0.0,0,0,0.0,0,0.0,0,0,0.0,0.0,0.0,0,0.0,0.0,NaN,5120.0,NaN,NaN,0,0,0.0,0,0.0,NaN,0,NaN,0,0,0,0.0,0.0,0.0,0.0,0.0,0.0,0.0,0.0,0,0,0,0,249,0.0,0,0,0.0,0,0.0,0.0,0.0,0.0,0.0,0.0,0.0,0.0,0.0,0.0,0.6670174400501754,409,25793.01350000003,102,61838.02266081498,4,16529.47064357365,4,8870.454099999999,2,1606.7576,0.0,87.39891849529772,0,0,519,519,0 bare bones,sumsy,1,-2.9103830456733704e-11
13,511,4,4,49374.279200000004,0.0,8266.699499999988,45.804399999999994,0.0,,0.0,0.0,0.0,0.0,0.0,0.0,0.0025,0.0,0.0,0.0,1.0,0.0,0.0,0.0,0.0,1.0,0.0,0.0,1.0,0.0,0,0,65.8746855069531,3.130666799009652,69.00535230596275,15.304008649650504,3.266310477344821,18.570319126995322,0.0,0.0,0.0,0.0,0,0,0.0,0.0,0.0,1.0,1.0,0.0,0.0,0.0,0.0,0.5,0.25,0.0,-572.2168000000158,0.0,30,2555.0,696.0698999999998,513.1093999999999,0.0,0.0,0.0,0.0,0.0,0.0,0,614.5591,2555.0,696.0698999999998,0.0,267.5,0.0,0.0,0.015,4.52085422264875,5.170138963531645,NaN,1.7352947040498448,2.7762143678160602,2.719862055102116,1042.0,1042.0,521.0,2027.3333333333335,1044.0,0.0,247,16,16,2,46,41.0,2028.0,32024.242599999998,3699.3276,13036.1499,568,200,0,102,0.313333045894455,0.5981021601947392,0.5321881413018279,0,5668.410000000025,4710.730099999998,46,0,0.0,0,0,16,0.0,0,0.0,88033.08011242226,0.0,0,0,0,1.5,0,0.0,0,0,0.0,0,0.0,0,0,0.0,0.0,0.0,0,0.0,0.0,NaN,5120.0,NaN,NaN,0,0,0.0,0,0.0,NaN,0,NaN,0,0,0,0.0,0.0,0.0,0.0,0.0,0.0,0.0,0.0,0,0,0,0,247,0.0,0,0,0.0,0,0.0,0.0,0.0,0.0,0.0,0.0,0.0,0.0,0.0,0.0,0.6689437006023624,409,25952.54230000001,102,62080.53781242232,4,17271.029540993783,4,9357.594399999998,2,1567.7025999999998,0.0,87.0509472049689,0,0,521,521,0 bare bones,sumsy,1,-2.9103830456733704e-11
14,511,4,4,51195.92870000003,0.0,7499.318099999994,32.0852,0.0,,0.0,0.0,0.0,0.0,0.0,0.0,0.0025,0.0,0.0,0.0,1.0,0.0,0.0,0.0,0.0,1.0,0.0,0.0,1.0,0.0,0,0,66.54448391248327,3.0514819152647155,69.59596582774799,16.82222121273437,3.229793913245332,20.052015125979704,0.0,0.0,0.0,0.0,0,0,0.0,0.0,0.0,1.0,1.0,0.0,0.0,0.0,0.0,0.5,0.25,0.0,-616.4940000000139,0.0,33,2555.0,733.3504999999986,1388.3983000000003,0.0,0.0,0.0,0.0,0.0,0.0,0,647.8333,2555.0,733.3504999999986,0.0,267.5,0.0,0.0,0.015,4.510175798644726,5.2038003868472025,NaN,1.7269593650793638,2.7314031853282477,2.6382661934490526,1034.0,1033.0,517.0,2025.3333333333333,1036.0,0.0,250,0,0,1,39,14.0,2044.0,33454.44829999996,3963.4476999999997,13130.199400000001,566,202,0,102,0.333403481621404,0.599893781044107,0.5367794722799437,0,5557.446599999995,4659.011600000002,39,0,0.0,0,0,0,0.0,0,0.0,88434.1116246108,0.0,0,0,0,1.5,0,0.0,0,0,0.0,0,0.0,0,0,0.0,0.0,0.0,0,0.0,0.0,NaN,5120.0,NaN,NaN,0,0,0.0,0,0.0,NaN,0,NaN,0,0,0,0.0,0.0,0.0,0.0,0.0,0.0,0.0,0.0,0,0,0,0,250,0.0,0,0,0.0,0,0.0,0.0,0.0,0.0,0.0,0.0,0.0,0.0,0.0,0.0,0.6731642489764516,409,26202.4444,102,62231.667224610595,4,18046.77571090343,4,9824.465299999998,2,1525.8927,0.0,86.76473520249223,0,0,517,517,0 bare bones,sumsy,1,-2.9103830456733704e-11
15,511,4,4,52980.77649999998,0.0,6701.198899999997,2.9519,0.0,,0.0,0.0,0.0,0.0,0.0,0.0,0.0025,0.0,0.0,0.0,1.0,0.0,0.0,0.0,0.0,1.0,0.0,0.0,1.0,0.0,0,0,66.8104199218778,3.078091181526191,69.88851110340399,18.436496471171903,3.2434308085398005,21.679927279711706,0.0,0.0,0.0,0.0,0,0,0.0,0.0,0.0,1.0,1.0,0.0,0.0,0.0,0.0,0.5,0.25,0.0,-657.060600000016,0.0,34,2555.0,770.1522000000002,466.315,0.0,0.0,0.0,0.0,0.0,0.0,0,663.3623,2555.0,770.1522000000002,0.0,267.5,0.0,0.0,0.015,4.487583223374183,5.1824437735848825,NaN,1.725011890243902,2.7044682674198945,2.559118207645581,1060.0,1061.0,530.0,2042.6666666666667,1062.0,0.0,245,16,16,3,48,40.0,2028.0,34656.716000000044,4377.8922999999995,13282.8059,566,202,0,102,0.3485592358092555,0.5997785584028448,0.5031466968601606,0,5596.757300000014,4761.325800000008,48,0,0.0,0,0,16,0.0,0,0.0,88738.15033174596,0.0,0,0,0,1.5,0,0.0,0,0,0.0,0,0.0,0,0,0.0,0.0,0.0,0,0.0,0.0,NaN,5120.0,NaN,NaN,0,0,0.0,0,0.0,NaN,0,NaN,0,0,0,0.0,0.0,0.0,0.0,0.0,0.0,0.0,0.0,0,0,0,0,245,0.0,0,0,0.0,0,0.0,0.0,0.0,0.0,0.0,0.0,0.0,0.0,0.0,0.0,0.6758723952737011,409,26448.740300000005,102,62289.410031745974,4,18772.372387301577,4,10319.155900000002,2,1466.3375,0.0,86.34796825396819,0,0,530,530,0 bare bones,sumsy,1,-2.9103830456733704e-11
16,511,4,4,54729.35620000002,0.0,5926.673400000002,26.690399999999997,0.0,,0.0,0.0,0.0,0.0,0.0,0.0,0.0025,0.0,0.0,0.0,1.0,0.0,0.0,0.0,0.0,1.0,0.0,0.0,1.0,0.0,0,0,67.82965745119564,2.9395155324421665,70.76917298363782,19.970166972664366,3.1360477989340727,23.10621477159844,0.0,0.0,0.0,0.0,0,0,0.0,0.0,0.0,1.0,1.0,0.0,0.0,0.0,0.0,0.5,0.25,0.0,-693.5943000000198,0.0,36,2555.0,806.4202999999992,909.0609000000001,0.0,0.0,0.0,0.0,0.0,0.0,0,670.029,2555.0,806.4202999999992,0.0,267.5,0.0,0.0,0.015,4.475172972972975,5.150597104247101,NaN,1.7375958333333335,2.669309441233161,2.4823446614162132,1036.0,1036.0,518.0,2024.0,1038.0,0.0,249,16,16,5,55,36.0,2028.0,36132.170199999986,4513.5968,13413.5602,562,206,0,102,0.36405239814104173,0.6009715900967114,0.5545646392366064,1,5440.987100000007,4636.279200000002,55,0,0.0,0,0,16,0.0,0,0.0,89127.56171585362,0.0,0,0,0,1.5,0,0.0,0,0,0.0,0,0.0,0,0,0.0,0.0,0.0,0,0.0,0.0,NaN,5120.0,NaN,NaN,0,0,0.0,0,0.0,NaN,0,NaN,0,0,0,0.0,0.0,0.0,0.0,0.0,0.0,0.0,0.0,0,0,0,0,249,0.0,0,0,0.0,0,0.0,0.0,0.0,0.0,0.0,0.0,0.0,0.0,0.0,0.0,0.6797109576679368,409,26434.15819999999,102,62693.40351585362,4,19628.748769512196,4,10815.5823,2,1397.92,0.0,86.25059451219511,0,0,518,518,0 bare bones,sumsy,1,-2.9103830456733704e-11
17,511,4,4,56443.933700000074,0.0,5137.713899999998,13.590699999999998,0.0,,0.0,0.0,0.0,0.0,0.0,0.0,0.0025,0.0,0.0,0.0,1.0,0.0,0.0,0.0,0.0,1.0,0.0,0.0,1.0,0.0,0,0,69.37963435550063,3.11665595811332,72.49629031361395,21.201156627969265,3.3692197525169587,24.570376380486223,0.0,0.0,0.0,0.0,0,0,0.0,0.0,0.0,1.0,1.0,0.0,0.0,0.0,0.0,0.5,0.25,0.0,-726.326800000026,0.0,38,2555.0,840.4224999999997,772.0272,0.0,0.0,0.0,0.0,0.0,0.0,0,673.058,2555.0,840.4224999999997,0.0,267.5,0.0,0.0,0.015,4.451092884615384,5.13815923076925,NaN,1.717891666666667,2.6310723608445636,2.407874321573727,1040.0,1040.0,520.0,2021.3333333333337,1042.0,0.0,247,5,5,5,42,27.0,2039.0,37407.524900000055,4806.0218,13557.329000000002,560,208,0,102,0.3758173347636653,0.6040358239901931,0.5489280663638751,0,5380.635100000028,4629.136599999999,43,1,0.0,0,0,5,0.0,0,0.0,89911.27333333337,0.0,0,0,0,1.5,0,0.0,0,0,0.0,0,0.0,0,0,0.0,0.0,0.0,0,0.0,0.0,NaN,5120.0,NaN,NaN,0,0,0.0,0,0.0,NaN,0,NaN,0,0,0,0.0,0.0,0.0,0.0,0.0,0.0,0.0,0.0,0,0,0,0,247,0.0,0,0,0.0,0,0.0,0.0,0.0,0.0,0.0,0.0,0.0,0.0,0.0,0.0,0.6847732797527961,409,26191.9447,102,63719.32863333334,4,20619.886966666672,4,11310.5885,2,1325.8649000000003,0.0,86.87979166666668,0,0,520,520,0 bare bones,sumsy,1,-2.9103830456733704e-11
18,511,4,4,58122.882999999965,0.0,4364.624699999997,30.1433,0.0,,0.0,0.0,0.0,0.0,0.0,0.0,0.0025,0.0,0.0,0.0,1.0,0.0,0.0,0.0,0.0,1.0,0.0,0.0,1.0,0.0,0,0,70.13343184174396,2.812159543243263,72.94559138498722,22.875559957149953,3.0902641885364828,25.965824145686437,0.0,0.0,0.0,0.0,0,0,0.0,0.0,0.0,1.0,1.0,0.0,0.0,0.0,0.0,0.5,0.25,0.0,-755.1301000000246,0.0,40,2555.0,876.0506999999994,593.8598999999999,0.0,0.0,0.0,0.0,0.0,0.0,0,673.1007999999999,2555.0,876.0506999999994,0.0,267.5,0.0,0.0,0.015,4.428345610687026,5.161349427480932,NaN,1.7190907936507918,2.5922053333333777,2.335638091926515,1048.0,1048.0,524.0,2032.3333333333335,1050.0,0.0,247,10,10,2,37,38.0,2034.0,38581.55000000004,5198.7047999999995,13669.5274,559,209,0,102,0.3947773653134312,0.6072402519368627,0.5391926071253743,0,5341.0812000000205,4640.906200000003,37,0,0.0,0,0,10,0.0,0,0.0,89760.31898333329,0.0,0,0,0,1.5,0,0.0,0,0,0.0,0,0.0,0,0,0.0,0.0,0.0,0,0.0,0.0,NaN,5120.0,NaN,NaN,0,0,0.0,0,0.0,NaN,0,NaN,0,0,0,0.0,0.0,0.0,0.0,0.0,0.0,0.0,0.0,0,0,0,0,247,0.0,0,0,0.0,0,0.0,0.0,0.0,0.0,0.0,0.0,0.0,0.0,0.0,0.0,0.6898588735411859,409,26256.639,102,63503.67998333334,4,21288.880216666672,4,11789.9002,2,1250.8236,0.0,85.89458333333336,0,0,524,524,0 bare bones,sumsy,1,-2.9103830456733704e-11
19,511,4,4,59769.291200000014,0.0,3569.585800000003,9.7009,0.0,,0.0,0.0,0.0,0.0,0.0,0.0,0.0025,0.0,0.0,0.0,1.0,0.0,0.0,0.0,0.0,1.0,0.0,0.0,1.0,0.0,0,0,71.27373545665803,3.0542189892002654,74.3279544458583,24.204875220781854,3.28883987119145,27.493715091973304,0.0,0.0,0.0,0.0,0,0,0.0,0.0,0.0,1.0,1.0,0.0,0.0,0.0,0.0,0.5,0.25,0.0,-780.1628000000378,0.0,42,2555.0,908.5918000000001,425.7625,0.0,0.0,0.0,0.0,0.0,0.0,0,672.2978,2555.0,908.5918000000001,0.0,267.5,0.0,0.0,0.015,4.397167244701349,5.085914065510595,NaN,1.7182120521172632,2.550678653846182,2.26556894916872,1038.0,1038.0,519.0,2031.3333333333335,1040.0000000000002,0.0,248,15,15,1,50,35.0,2029.0,39844.56710000001,5432.293299999999,13820.133,556,212,0,102,0.4011585117593186,0.606861214359049,0.5380096737636559,0,5233.23210000001,4564.259599999999,50,0,0.0,0,0,15,0.0,0,0.0,90133.56936349186,0.0,0,0,0,1.5,0,0.0,0,0,0.0,0,0.0,0,0,0.0,0.0,0.0,0,0.0,0.0,NaN,5120.0,NaN,NaN,0,0,0.0,0,0.0,NaN,0,NaN,0,0,0,0.0,0.0,0.0,0.0,0.0,0.0,0.0,0.0,0,0,0,0,248,0.0,0,0,0.0,0,0.0,0.0,0.0,0.0,0.0,0.0,0.0,0.0,0.0,0.0,0.6925850974386591,409,26101.9999,102,64031.56946349204,4,22188.20221269839,4,12285.669600000001,2,1174.9365,0.0,85.95453968253959,0,0,519,519,0 bare bones,sumsy,1,-2.9103830456733704e-11
20,511,4,4,61383.081300000034,0.0,2776.4038999999952,12.043,0.0,,0.0,0.0,0.0,0.0,0.0,0.0,0.0025,0.0,0.0,0.0,1.0,0.0,0.0,0.0,0.0,1.0,0.0,0.0,1.0,0.0,0,0,72.17808597996627,3.1455902186065794,75.32367619857284,25.73242458452111,3.385245178841789,29.1176697633629,0.0,0.0,0.0,0.0,0,0,0.0,0.0,0.0,1.0,1.0,0.0,0.0,0.0,0.0,0.5,0.25,0.0,-801.1927000000394,0.0,44,2555.0,941.2099000000001,344.9663,0.0,0.0,0.0,0.0,0.0,0.0,0,671.0133,2555.0,941.2099000000001,0.0,267.5,0.0,0.0,0.015,4.396008173076918,5.036241538461548,NaN,1.7276042904290423,2.7669444337811933,2.1976018806936577,1040.0,1040.0,520.0,2027.6666666666667,1042.0,0.0,248,10,10,1,42,32.0,2034.0,41437.75700000004,5427.7733,13846.537699999999,551,217,0,102,0.4103279689419239,0.6060815197200122,0.5361256065291145,0,5427.4577,4571.848499999995,42,0,0.0,0,0,10,0.0,0,0.0,90605.5014358307,0.0,0,0,0,1.5,0,0.0,0,0,0.0,0,0.0,0,0,0.0,0.0,0.0,0,0.0,0.0,NaN,5120.0,NaN,NaN,0,0,0.0,0,0.0,NaN,0,NaN,0,0,0,0.0,0.0,0.0,0.0,0.0,0.0,0.0,0.0,0,0,0,0,248,0.0,0,0,0.0,0,0.0,0.0,0.0,0.0,0.0,0.0,0.0,0.0,0.0,0.0,0.6944232844540192,409,26277.843699999976,102,64327.65773583061,4,22999.259565472308,4,12659.0952,2,1098.5679,0.0,85.91060260586316,0,0,520,520,0 bare bones,sumsy,1,-2.9103830456733704e-11
21,511,4,4,62964.69429999997,0.0,1982.7715999999978,12.1945,0.0,,0.0,0.0,0.0,0.0,0.0,0.0,0.0025,0.0,0.0,0.0,1.0,0.0,0.0,0.0,0.0,1.0,0.0,0.0,1.0,0.0,0,0,72.82183132571558,3.1104839224007477,75.93231524811632,27.200241138143348,3.387753295746661,30.58799443389001,0.0,0.0,0.0,0.0,0,0,0.0,0.0,0.0,1.0,1.0,0.0,0.0,0.0,0.0,0.5,0.25,0.0,-818.2488000000453,0.0,45,2555.0,973.3869999999995,259.7093,0.0,0.0,0.0,0.0,0.0,0.0,0,669.4514999999999,2555.0,973.3869999999995,0.0,267.5,0.0,0.0,0.015,4.380911398467431,5.095416091954004,NaN,1.7101748344370875,2.7491885277246673,2.1316738242728483,1044.0,1044.0,522.0,2032.6666666666667,1046.0000000000002,0.0,248,23,23,0,56,44.0,2020.0,42853.425600000024,5608.6951,13833.1221,548,220,0,102,0.4226351542580822,0.6078818781342485,0.5427802076457806,0,5384.171000000001,4573.671499999998,57,1,0.0,0,0,23,0.0,0,0.0,91353.9605577558,0.0,0,0,0,1.5,0,0.0,0,0,0.0,0,0.0,0,0,0.0,0.0,0.0,0,0.0,0.0,NaN,5120.0,NaN,NaN,0,0,0.0,0,0.0,NaN,0,NaN,0,0,0,0.0,0.0,0.0,0.0,0.0,0.0,0.0,0.0,0,0,0,0,248,0.0,0,0,0.0,0,0.0,0.0,0.0,0.0,0.0,0.0,0.0,0.0,0.0,0.0,0.6979665032668418,409,26496.5319,102,64857.428657755765,4,23936.566794719467,4,12992.249699999998,2,1021.922,0.0,86.38021452145212,0,0,522,522,0 bare bones,sumsy,1,-2.9103830456733704e-11
22,511,4,4,64514.45940000005,0.0,1306.7739999999976,5.7999,0.0,,0.0,0.0,0.0,0.0,0.0,0.0,0.0025,0.0,0.0,0.0,1.0,0.0,0.0,0.0,0.0,1.0,0.0,0.0,1.0,0.0,0,0,72.95788755013028,3.1285776684326945,76.08646521856296,28.624816369852855,3.3536051571285284,31.978421526981382,0.0,0.0,0.0,0.0,0,0,0.0,0.0,0.0,1.0,1.0,0.0,0.0,0.0,0.0,0.5,0.25,0.0,-831.3178000000421,0.0,48,2555.0,1005.2349,493.0104,0.0,0.0,0.0,0.0,0.0,0.0,0,668.2437,2555.0,1005.2349,0.0,267.5,0.0,0.0,0.015,4.372553786407769,5.075943495145647,NaN,1.7111745704467345,2.7175585271317875,2.0677236095446627,1030.0,1030.0,515.0,2020.0,1032.0,0.0,250,10,10,3,47,28.0,2033.0,44163.670200000044,5785.8161,13896.7294,544,224,0,102,0.4305027274287545,0.606514567424836,0.5547318478764303,0,5267.5594999999985,4503.730400000002,47,0,0.0,0,0,10,0.0,0,0.0,91307.2125966887,0.0,0,0,0,1.5,0,0.0,0,0,0.0,0,0.0,0,0,0.0,0.0,0.0,0,0.0,0.0,NaN,5120.0,NaN,NaN,0,0,0.0,0,0.0,NaN,0,NaN,0,0,0,0.0,0.0,0.0,0.0,0.0,0.0,0.0,0.0,0,0,0,0,250,0.0,0,0,0.0,0,0.0,0.0,0.0,0.0,0.0,0.0,0.0,0.0,0.0,0.0,0.6993530615041867,409,26718.882800000014,102,64588.329796688784,4,24591.837745695382,4,13340.4673,2,945.6553999999999,0.0,85.50874172185438,0,0,515,515,0 bare bones,sumsy,1,-2.9103830456733704e-11
23,511,4,4,66033.53129999999,0.0,1527.9952281786946,14.4627,0.0,,0.0,0.0,0.0,0.0,0.0,0.0,0.0025,0.0,0.0,0.0,1.0,0.0,0.0,0.0,0.0,1.0,0.0,0.0,1.0,0.0,0,0,73.4438320085963,3.162813592370047,76.60664560096635,29.031006468004602,3.3976626637000686,32.42866913170467,0.0,0.0,0.0,0.0,0,0,0.0,0.0,0.0,1.0,1.0,0.0,0.0,0.0,0.0,0.5,0.25,0.0,-840.9065000000418,0.0,50,2555.0,1035.9280999999999,215.3641,0.0,0.0,0.0,0.0,0.0,0.0,0,654.5492999999999,2555.0,1035.9280999999999,0.0,267.5,0.0,0.0,0.015,4.34130820610687,4.972797519083965,NaN,1.7038859106529212,2.6922234285714315,2.005691901258323,1048.0,1048.0,524.0,2029.0,1050.0,0.0,246,8,8,4,44,30.0,2036.0,45061.376699999964,6246.657099999999,14070.948199999999,535,233,0,101,0.4293139475933607,0.6038988628494741,0.539838964737906,0,5269.740500000001,4549.691,44,0,0.0,0,0,8,0.0,0,0.0,91776.20178762887,0.0,0,0,0,1.5,0,0.0,0,0,0.0,0,0.0,0,0,0.0,0.0,0.0,0,0.0,0.0,NaN,5120.0,NaN,NaN,0,0,0.0,0,0.0,NaN,0,NaN,0,0,0,0.0,0.0,0.0,0.0,0.0,0.0,0.0,0.0,0,0,0,0,246,0.0,0,0,0.0,0,0.0,0.0,0.0,0.0,0.0,0.0,0.0,0.0,0.0,0.0,0.6997613339752571,410,27539.676071133985,101,64236.525716494805,4,25379.773517525762,4,13717.0403,2,869.6191999999999,0.0,85.55872852233672,0,0,524,524,0 bare bones,sumsy,1,-2.9103830456733704e-11
24,511,4,4,67522.43259999997,0.0,2763.299315120273,6.2623,0.0,,0.0,0.0,0.0,0.0,0.0,0.0,0.0025,0.0,0.0,0.0,1.0,0.0,0.0,0.0,0.0,1.0,0.0,0.0,1.0,0.0,0,0,73.70249213577043,3.3128055233882487,77.01529765915868,29.65223229962857,3.5383732041513647,33.190605503779935,0.0,0.0,0.0,0.0,0,0,0.0,0.0,0.0,1.0,1.0,0.0,0.0,0.0,0.0,0.5,0.25,0.0,-848.1657000000412,0.0,50,2555.0,1066.0986999999986,6.2623,0.0,0.0,0.0,0.0,0.0,0.0,0,644.2954,2555.0,1066.0986999999986,0.0,267.5,0.0,0.0,0.015,4.307215613026817,4.984954789272021,NaN,1.7032988721804516,2.6689099107711938,1.9455211442205729,1044.0,1044.0,522.0,2030.6666666666667,1046.0,0.0,247,8,8,4,44,28.0,2036.0,46036.7505,6624.7016,14216.6851,512,256,0,98,0.43158068044065256,0.6015267043334456,0.5251306198257328,0,5172.1419,4496.733099999997,45,1,0.0,0,0,8,0.0,0,0.0,91929.62912783491,0.0,0,0,0,1.5,0,0.0,0,0,0.0,0,0.0,0,0,0.0,0.0,0.0,0,0.0,0.0,NaN,5120.0,NaN,NaN,0,0,0.0,0,0.0,NaN,0,NaN,0,0,0,0.0,0.0,0.0,0.0,0.0,0.0,0.0,0.0,0,0,0,0,247,0.0,0,0,0.0,0,0.0,0.0,0.0,0.0,0.0,0.0,0.0,0.0,0.0,0.0,0.700501804672816,413,29649.45153745704,98,62280.177590378014,4,26165.492741237114,4,14056.165899999998,2,800.3638000000001,0.0,85.19429553264605,0,0,522,522,0 bare bones,sumsy,1,-2.9103830456733704e-11
25,511,4,4,68982.00660000004,0.0,5244.718595488721,1.5104,0.0,,0.0,0.0,0.0,0.0,0.0,0.0,0.0025,0.0,0.0,0.0,1.0,0.0,0.0,0.0,0.0,1.0,0.0,0.0,1.0,0.0,0,0,74.46392840975572,3.4081507672105094,77.87207917696624,29.996900604809948,3.6051143701739976,33.602014974983945,0.0,0.0,0.0,0.0,0,0,0.0,0.0,0.0,1.0,1.0,0.0,0.0,0.0,0.0,0.5,0.25,0.0,-853.1089000000409,0.0,50,2555.0,1095.4259999999992,1.5104,0.0,0.0,0.0,0.0,0.0,0.0,0,624.6712,2555.0,1095.4259999999992,0.0,267.5,0.0,0.0,0.015,4.295535659655832,4.961421223709401,NaN,1.6860871794871792,2.6372696564885474,1.887155509893956,1046.0,1046.0,523.0,2030.6666666666667,1048.0,0.0,247,10,10,1,44,29.0,2034.0,46591.488799999985,7296.8072,14469.0394,479,289,0,92,0.43479929463307476,0.6018764735228703,0.5470467740219815,0,5074.926300000002,4493.130300000001,44,0,0.0,0,0,10,0.0,0,0.0,92222.70898421046,0.0,0,0,0,1.5,0,0.0,0,0,0.0,0,0.0,0,0,0.0,0.0,0.0,0,0.0,0.0,NaN,5120.0,NaN,NaN,0,0,0.0,0,0.0,NaN,0,NaN,0,0,0,0.0,0.0,0.0,0.0,0.0,0.0,0.0,0.0,0,0,0,0,247,0.0,0,0,0.0,0,0.0,0.0,0.0,0.0,0.0,0.0,0.0,0.0,0.0,0.0,0.703115898783166,419,33742.989495488684,92,58479.719488721836,4,27030.417107518806,4,14399.228,2,736.3292,0.0,85.16494360902259,0,0,523,523,0 bare bones,sumsy,1,-2.9103830456733704e-11
26,511,4,4,70411.92139999998,0.0,5127.854200000003,9.8307,0.0,,0.0,0.0,0.0,0.0,0.0,0.0,0.0025,0.0,0.0,0.0,1.0,0.0,0.0,0.0,0.0,1.0,0.0,0.0,1.0,0.0,0,0,72.77977675313849,3.367722150255495,76.14749890339398,46.51032550867316,3.5661436134023106,50.07646912207547,0.0,0.0,0.0,0.0,0,0,0.0,0.0,0.0,1.0,1.0,0.0,0.0,0.0,0.0,0.5,0.25,0.0,-856.7656000000413,0.0,55,2555.0,1125.0851999999998,15608.671900000001,0.0,0.0,0.0,0.0,0.0,0.0,59,614.7436,2555.0,1125.0851999999998,0.0,267.5,0.0,11120.86410000003,0.015,4.276892065009554,4.904652963671119,NaN,NaN,2.6131162531806638,1.8305408445971376,1046.0,1046.0,523.0,2032.6666666666665,1048.0,0.0,248,13,13,3,51,31.0,2031.0,55071.943499999936,0.0,14725.2343,244,524,0,47,0.5029982064792722,0.5934598006115277,0.5518804947351643,0,4481.521299999999,4473.629099999994,51,0,0.0,0,0,13,0.0,0,0.0,80424.85948974354,0.0,0,0,0,1.5,0,0.0,0,0,0.0,0,0.0,0,0,0.0,0.0,0.0,0,0.0,0.0,NaN,5120.0,NaN,NaN,0,0,0.0,0,0.0,NaN,0,NaN,0,0,0,0.0,0.0,0.0,0.0,0.0,0.0,0.0,0.0,0,0,0,0,248,0.0,0,0,0.0,0,0.0,0.0,0.0,0.0,0.0,0.0,0.0,0.0,0.0,0.0,0.7362685442134977,464,51098.81700000002,47,29326.042489743588,4,39296.4267025641,4,14754.3544,2,682.0285,0.0,84.30435897435896,0,0,523,523,0 bare bones,sumsy,1,-2.9103830456733704e-11
27,511,4,4,71811.10059999998,0.0,4433.095000000004,21.615199999999998,0.0,,0.0,0.0,0.0,0.0,0.0,0.0,0.0025,0.0,0.0,0.0,1.0,0.0,0.0,0.0,0.0,1.0,0.0,0.0,1.0,0.0,0,0,70.24700923227566,3.051677227121677,73.29868645939735,50.7603672163798,3.1902353273047264,53.950602543684525,0.0,0.0,0.0,0.0,0,0,0.0,0.0,0.0,1.0,1.0,0.0,0.0,0.0,0.0,0.5,0.25,0.0,-859.2534000000413,0.0,60,2555.0,1155.8208000000025,12883.005799999999,0.0,0.0,0.0,0.0,0.0,0.0,5,585.6024,2555.0,1155.8208000000025,0.0,267.5,0.0,9785.790600000004,0.015,4.248663409961691,4.821401915708834,NaN,NaN,2.593995761631612,1.7756246192592227,1044.0,1044.0,522.0,2027.0,1046.0,0.0,247,12,11,1,44,32.0,2031.0,56115.906700000014,92.2007,15017.3908,254,514,0,51,0.5271306099943764,0.5968760727178724,0.7903409391056957,1,3257.1106000000013,4435.604600000005,44,0,0.0,0,0,12,0.0,0,0.0,79644.33639694439,0.0,0,0,0,1.5,0,0.0,0,0,0.0,0,0.0,0,0,0.0,0.0,0.0,0,0.0,0.0,NaN,5120.0,NaN,NaN,0,0,0.0,0,0.0,NaN,0,NaN,0,0,0,0.0,0.0,0.0,0.0,0.0,0.0,0.0,0.0,0,0,0,0,247,0.0,0,0,0.0,0,0.0,0.0,0.0,0.0,0.0,0.0,0.0,0.0,0.0,0.0,0.7318988217052969,460,49811.001499999984,51,29833.3348969444,4,35142.519138698524,4,15126.479299999999,2,627.5763,0.0,76.47110746828506,0,0,522,522,0 bare bones,sumsy,1,-2.9103830456733704e-11
28,511,4,4,73180.85829999993,0.0,4912.6085559646335,9.5206,0.0,,0.0,0.0,0.0,0.0,0.0,0.0,0.0025,0.0,0.0,0.0,1.0,0.0,0.0,0.0,0.0,1.0,0.0,0.0,1.0,0.0,0,0,69.67420593325451,2.844388423727078,72.5185943569816,54.48968626973377,3.0183531688103997,57.508039438544166,0.0,0.0,0.0,0.0,0,0,0.0,0.0,0.0,1.0,1.0,0.0,0.0,0.0,0.0,0.5,0.25,0.0,-861.0254000000413,0.0,67,2555.0,1185.2422999999997,16624.5096,0.0,0.0,0.0,0.0,0.0,0.0,54,563.0561,2555.0,1185.2422999999997,0.0,267.5,0.0,8367.255400000005,0.015,4.212509117082534,4.799646065259111,NaN,NaN,2.5714955938697277,1.7223558806814463,1042.0,1042.0,521.0,2030.0,1044.0,0.0,247,12,12,0,45,31.0,2032.0,57268.021699999925,0.0,15349.780499999999,247,521,0,51,0.5459266007574815,0.6028231508970809,0.7904640376847742,0,3210.8698,4389.4345,45,0,0.0,0,0,12,0.0,0,0.0,79814.16813071688,0.0,0,0,0,1.5,0,0.0,0,0,0.0,0,0.0,0,0,0.0,0.0,0.0,0,0.0,0.0,NaN,5120.0,NaN,NaN,0,0,0.0,0,0.0,NaN,0,NaN,0,0,0,0.0,0.0,0.0,0.0,0.0,0.0,0.0,0.0,0,0,0,0,247,0.0,0,0,0.0,0,0.0,0.0,0.0,0.0,0.0,0.0,0.0,0.0,0.0,0.0,0.7317815690543081,460,50747.77961598988,51,29066.388514726932,4,33046.18130940332,4,15472.894,2,582.9169999999999,0.0,72.5720079949481,0,0,521,521,0 bare bones,sumsy,1,-2.9103830456733704e-11
29,511,4,4,74519.29870000001,0.0,4308.888099999995,17.8034,0.0,,0.0,0.0,0.0,0.0,0.0,0.0,0.0025,0.0,0.0,0.0,1.0,0.0,0.0,0.0,0.0,1.0,0.0,0.0,1.0,0.0,0,1,69.78960340465254,2.544992222735271,72.33459562738781,58.30230798210442,2.6851436620026976,60.98745164410712,0.0,0.0,0.0,0.0,0,0,0.0,0.0,0.0,1.0,1.0,0.0,0.0,0.0,0.0,0.5,0.25,0.0,-862.512700000041,0.0,74,2555.0,1216.5595999999973,14284.610599999996,0.0,0.0,0.0,0.0,0.0,0.0,5,536.6991,2555.0,1216.5595999999973,0.0,267.5,0.0,7071.22220000001,0.015,4.20383275862069,4.730977011494263,NaN,1.6585,2.5461679732313556,1.670685204261003,1044.0,1044.0,522.0,2032.0,1046.0,0.0,248,15,15,3,52,34.0,2029.0,58225.73670000008,37.6605,15719.202399999998,257,511,0,52,0.5653264399129825,0.6089846058346828,0.7883030980684407,1,3168.3755,4388.8014,53,1,0.0,0,0,15,0.0,0,0.0,80302.57843181313,0.0,0,0,0,1.5,0,0.0,0,0,0.0,0,0.0,0,0,0.0,0.0,0.0,0,0.0,0.0,NaN,5120.0,NaN,NaN,0,0,0.0,0,0.0,NaN,0,NaN,0,0,0,0.0,0.0,0.0,0.0,0.0,0.0,0.0,0.0,0,0,0,0,248,0.0,0,0,0.0,0,0.0,0.0,0.0,0.0,0.0,0.0,0.0,0.0,0.0,0.0,0.7331931619331817,459,51451.79650000008,52,28850.781931813053,4,31782.147110336467,4,15849.6997,2,550.2759,0.0,70.26745109654887,0,0,522,522,0 bare bones,sumsy,1,-2.9103830456733704e-11
30,511,4,4,75827.95780000008,0.0,4292.4796000000015,1.4341,0.0,,0.0,0.0,0.0,0.0,0.0,0.0,0.0025,0.0,0.0,0.0,1.0,0.0,0.0,0.0,0.0,1.0,0.0,0.0,1.0,0.0,0,0,73.75391839732075,2.3035684868310513,76.0574868841518,60.18508673944016,2.478026463390371,62.66311320283053,0.0,0.0,0.0,0.0,0,0,0.0,0.0,0.0,1.0,1.0,0.0,0.0,0.0,0.0,0.5,0.25,0.0,-863.9797000000411,0.0,80,2555.0,1246.3408999999979,9808.5285,0.0,0.0,0.0,0.0,0.0,0.0,56,523.7236,2555.0,1246.3408999999979,0.0,267.5,0.0,5666.793399999998,0.015,4.2008181730769305,4.832072884615403,NaN,1.6589666666666665,2.4940071337172136,1.6205646481331724,1040.0,1040.0,520.0,2025.0,1042.0,0.0,247,12,12,2,42,36.0,2032.0,59258.00219999994,0.0,16046.232,257,511,0,55,0.577310066345853,0.621743449802463,0.7880192056386157,1,3120.5980999999983,4368.850900000008,42,0,0.0,0,0,12,0.0,0,0.0,84603.58160000006,0.0,0,0,0,1.5,0,0.0,0,0,0.0,0,0.0,0,0,0.0,0.0,0.0,0,0.0,0.0,NaN,5120.0,NaN,NaN,0,0,0.0,0,0.0,NaN,0,NaN,0,0,0,0.0,0.0,0.0,0.0,0.0,0.0,0.0,0.0,0,0,0,0,247,0.0,0,0,0.0,0,0.0,0.0,0.0,0.0,0.0,0.0,0.0,0.0,0.0,0.0,0.7487644677459597,456,50776.20619999997,55,33827.3754,4,38212.49410000001,4,16166.853199999998,2,531.4288999999999,0.0,82.92500000000001,0,0,520,520,0 bare bones,sumsy,1,-2.9103830456733704e-11
31,511,4,4,77112.89260000012,0.0,2572.562300000001,2.2093,0.0,,0.0,0.0,0.0,0.0,0.0,0.0,0.0025,0.0,0.0,0.0,1.0,0.0,0.0,0.0,0.0,1.0,0.0,0.0,1.0,0.0,0,0,73.55670352705975,2.55321294362933,76.10991647068909,60.889627073154465,2.7054603628557,63.59508743601017,0.0,0.0,0.0,0.0,0,0,0.0,0.0,0.0,1.0,1.0,0.0,0.0,0.0,0.0,0.5,0.25,0.0,-865.282500000041,0.0,84,2555.0,1270.0652000000005,4327.2309000000005,0.0,0.0,0.0,0.0,0.0,0.0,21,521.0061000000001,2555.0,1270.0652000000005,0.0,267.5,0.0,4325.021300000008,0.015,4.17649007707129,4.802445086705218,NaN,1.7716249999999998,2.483481057692302,1.5719477086891773,1038.0,1038.0,519.0,2029.3333333333335,1040.0,0.0,249,13,13,5,51,32.0,2031.0,60188.98239999998,34.955,16367.9491,278,490,0,65,0.574926855170147,0.6179218869706891,0.5784643901279589,0,4577.718499999998,4335.1966999999995,51,0,0.0,0,0,13,0.0,0,0.0,85589.24136666658,0.0,0,0,0,1.5,0,0.0,0,0,0.0,0,0.0,0,0,0.0,0.0,0.0,0,0.0,0.0,NaN,5120.0,NaN,NaN,0,0,0.0,0,0.0,NaN,0,NaN,0,0,0,0.0,0.0,0.0,0.0,0.0,0.0,0.0,0.0,0,0,0,0,249,0.0,0,0,0.0,0,0.0,0.0,0.0,0.0,0.0,0.0,0.0,0.0,0.0,0.0,0.7459458987248073,446,45713.33649999995,65,39875.90486666667,4,38223.70333333333,4,16479.397699999998,2,524.8702,0.0,82.94833333333332,0,0,519,519,0 bare bones,sumsy,1,-2.9103830456733704e-11
32,511,4,4,78375.6280000001,0.0,4064.217850000001,0.1542,0.0,,0.0,0.0,0.0,0.0,0.0,0.0,0.0025,0.0,0.0,0.0,1.0,0.0,0.0,0.0,0.0,1.0,0.0,0.0,1.0,0.0,0,0,76.5447230979094,2.8093627121517994,79.35408581006119,60.187053653725336,2.966142731736473,63.153196385461804,0.0,0.0,0.0,0.0,0,0,0.0,0.0,0.0,1.0,1.0,0.0,0.0,0.0,0.0,0.5,0.25,0.0,-866.4490000000411,0.0,90,2555.0,1292.264600000001,5619.0389,0.0,0.0,0.0,0.0,0.0,0.0,35,525.0361,2555.0,1292.264600000001,0.0,267.5,0.0,2916.489199999998,0.015,4.178432821497123,4.877327063339736,NaN,1.7980214285714287,2.474730587484033,1.524789277428502,1042.0,1042.0,521.0,2024.3333333333335,1044.0000000000002,0.0,246,19,19,0,56,34.0,2025.0,61191.88110000005,0.0,16658.7108,261,507,0,62,0.5564921896182029,0.610097631096113,0.4387513296148904,0,5624.7472000000025,4353.9270000000015,57,1,0.0,0,0,19,0.0,0,0.0,88171.65900000009,0.0,0,0,0,1.5,0,0.0,0,0,0.0,0,0.0,0,0,0.0,0.0,0.0,0,0.0,0.0,NaN,5120.0,NaN,NaN,0,0,0.0,0,0.0,NaN,0,NaN,0,0,0,0.0,0.0,0.0,0.0,0.0,0.0,0.0,0.0,0,0,0,0,246,0.0,0,0,0.0,0,0.0,0.0,0.0,0.0,0.0,0.0,0.0,0.0,0.0,0.0,0.7436048982958849,449,48621.85489999998,62,39549.8041,4,40948.877499999995,4,16758.821200000002,2,526.6703,0.0,88.58124999999998,0,0,521,521,0 bare bones,sumsy,1,-2.9103830456733704e-11
33,511,4,4,79614.7840000001,0.0,3337.6341999999995,6.3473999999999995,0.0,,0.0,0.0,0.0,0.0,0.0,0.0,0.0025,0.0,0.0,0.0,1.0,0.0,0.0,0.0,0.0,1.0,0.0,0.0,1.0,0.0,0,0,77.13890255950584,3.0153218075021804,80.15422436700801,59.26059770463602,3.1576363991655807,62.4182341038016,0.0,0.0,0.0,0.0,0,0,0.0,0.0,0.0,1.0,1.0,0.0,0.0,0.0,0.0,0.5,0.25,0.0,-867.473300000041,0.0,96,2555.0,1315.8439999999985,3629.4311999999995,0.0,0.0,0.0,0.0,0.0,0.0,14,530.1946,2555.0,1315.8439999999985,0.0,267.5,0.0,1544.5063000000018,0.015,4.185057307692311,4.876782884615405,NaN,1.6490153846153848,2.4610418426103675,1.4790455991056466,1040.0,1040.0,520.0,2025.0,1042.0,0.0,248,27,26,1,59,46.0,2015.0,62125.98170000001,0.0645,16958.5432,269,499,0,63,0.5389146727426795,0.5995139302213719,0.5225535004344644,0,5547.895999999998,4352.459600000004,59,0,0.0,0,0,27,0.0,0,0.0,89457.08351428584,0.0,0,0,0,1.5,0,0.0,0,0,0.0,0,0.0,0,0,0.0,0.0,0.0,0,0.0,0.0,NaN,5120.0,NaN,NaN,0,0,0.0,0,0.0,NaN,0,NaN,0,0,0,0.0,0.0,0.0,0.0,0.0,0.0,0.0,0.0,0,0,0,0,248,0.0,0,0,0.0,0,0.0,0.0,0.0,0.0,0.0,0.0,0.0,0.0,0.0,0.0,0.7375206863755011,448,48850.16620000003,63,40606.91731428572,4,41618.025342857145,4,17053.5009,2,530.1971,0.0,89.90107142857143,0,0,520,520,0 bare bones,sumsy,1,-2.9103830456733704e-11
34,511,4,4,80832.55230000005,0.0,3592.149846153846,130.2593,0.0,,0.0,0.0,0.0,0.0,0.0,0.0,0.0025,0.0,0.0,0.0,1.0,0.0,0.0,0.0,0.0,1.0,0.0,0.0,1.0,0.0,0,0,72.58091976766599,3.700013053155811,76.28093282082179,57.663019039697346,3.8559380152253526,61.5189570549227,0.0,0.0,0.0,0.0,0,0,0.0,0.0,0.0,1.0,1.0,0.0,0.0,0.0,0.0,0.5,0.25,0.0,-868.4225000000409,0.0,101,2555.0,1337.231700000001,1509.5665999999999,0.0,0.0,0.0,0.0,0.0,0.0,41,536.9730999999999,2555.0,1337.231700000001,0.0,267.5,0.0,91.07270000000004,0.015,4.179767475728157,4.81910058252428,NaN,1.6821909090909093,2.4579513565891546,1.4346742311324776,1030.0,1030.0,515.0,2014.0,1032.0,0.0,248,13,12,2,48,32.0,2031.0,62919.81069999995,214.1562,17161.6123,270,498,0,66,0.5211950371357996,0.580681050025728,0.5478055197049889,0,5579.8781,4305.160500000002,48,0,0.0,0,0,13,0.0,0,0.0,88473.11883846167,0.0,0,0,0,1.5,0,0.0,0,0,0.0,0,0.0,0,0,0.0,0.0,0.0,0,0.0,0.0,NaN,5120.0,NaN,NaN,0,0,0.0,0,0.0,NaN,0,NaN,0,0,0,0.0,0.0,0.0,0.0,0.0,0.0,0.0,0.0,0,0,0,0,248,0.0,0,0,0.0,0,0.0,0.0,0.0,0.0,0.0,0.0,0.0,0.0,0.0,0.0,0.7209402668660863,445,47945.49259999998,66,40527.62623846155,4,37769.63853076923,4,17375.012600000002,2,536.9730999999999,0.0,82.45076923076924,0,0,515,515,0 bare bones,sumsy,1,-2.9103830456733704e-11
35,511,4,4,82025.65429999997,0.0,3394.3804000000005,14.0412,0.0,,0.0,0.0,0.0,0.0,0.0,0.0,0.0025,0.0,0.0,0.0,1.0,0.0,0.0,0.0,0.0,1.0,0.0,0.0,1.0,0.0,0,0,73.13204240160823,3.704353733745586,76.83639613535382,56.23063901120161,3.869591370999668,60.100230382201275,0.0,0.0,0.0,0.0,0,0,0.0,0.0,0.0,1.0,1.0,0.0,0.0,0.0,0.0,0.5,0.25,0.0,-870.5567000000411,0.0,101,2555.0,1361.897999999999,14.0412,0.0,0.0,0.0,0.0,0.0,0.0,0,529.0876000000001,2555.0,1361.897999999999,0.0,267.5,0.0,0.0,0.015,4.153126775431866,4.782143953934763,NaN,1.7924043478260872,2.4633324074074063,1.391634004198503,1042.0,1042.0,521.0,2028.6666666666665,1044.0,0.0,247,28,28,2,64,46.0,2016.0,62825.29470000001,1195.4003,17475.871700000003,270,498,0,69,0.5150492029957707,0.5795525997726174,0.5598480253941422,0,4288.963,4327.558100000004,64,0,0.0,0,0,28,0.0,0,0.0,88627.76477272717,0.0,0,0,0,1.5,0,0.0,0,0,0.0,0,0.0,0,0,0.0,0.0,0.0,0,0.0,0.0,NaN,5120.0,NaN,NaN,0,0,0.0,0,0.0,NaN,0,NaN,0,0,0,0.0,0.0,0.0,0.0,0.0,0.0,0.0,0.0,0,0,0,0,247,0.0,0,0,0.0,0,0.0,0.0,0.0,0.0,0.0,0.0,0.0,0.0,0.0,0.0,0.7243521519984886,442,46125.33599999996,69,42502.428772727275,4,39778.34803636365,4,17686.5848,2,529.0876000000001,0.0,84.10954545454547,0,0,521,521,0 bare bones,sumsy,1,-2.9103830456733704e-11
36,511,4,4,83194.49639999986,0.0,3722.447104347828,2.7045,0.0,,0.0,0.0,0.0,0.0,0.0,0.0,0.0025,0.0,0.0,0.0,1.0,0.0,0.0,0.0,0.0,1.0,0.0,0.0,1.0,0.0,0,0,76.5118724566419,3.5801169132908486,80.09198936993275,55.000759384917956,3.7449086515158365,58.74566803643379,0.0,0.0,0.0,0.0,0,0,0.0,0.0,0.0,1.0,1.0,0.0,0.0,0.0,0.0,0.5,0.25,0.0,-872.6638000000404,0.0,104,2555.0,1386.1579000000002,870.6366,0.0,0.0,0.0,0.0,0.0,0.0,0,525.2176,2555.0,1386.1579000000002,0.0,267.5,0.0,0.0,0.015,4.222727713178296,4.865676356589167,NaN,1.7345333333333333,2.49298368794326,1.3498849840725475,1032.0,1032.0,516.0,2013.3333333333335,1034.0,0.0,248,11,11,2,49,31.0,2033.0,62587.61949999999,2301.0775,17780.5818,264,504,0,71,0.5105018817774993,0.5837652762450902,0.5484203109278227,0,4187.9503,4357.855000000001,50,1,0.0,0,0,11,0.0,0,0.0,89691.149195652,0.0,0,0,0,1.5,0,0.0,0,0,0.0,0,0.0,0,0,0.0,0.0,0.0,0,0.0,0.0,NaN,5120.0,NaN,NaN,0,0,0.0,0,0.0,NaN,0,NaN,0,0,0,0.0,0.0,0.0,0.0,0.0,0.0,0.0,0.0,0,0,0,0,248,0.0,0,0,0.0,0,0.0,0.0,0.0,0.0,0.0,0.0,0.0,0.0,0.0,0.0,0.7332439918239431,440,44903.08310434784,71,44788.066091304354,4,43829.734360869574,4,17976.7222,2,525.2176,0.0,89.62021739130435,0,0,516,516,0 bare bones,sumsy,1,-2.9103830456733704e-11
37,511,4,4,84340.46839999998,0.0,4264.9385999999995,0.0,0.0,,0.0,0.0,0.0,0.0,0.0,0.0,0.0025,0.0,0.0,0.0,1.0,0.0,0.0,0.0,0.0,1.0,0.0,0.0,1.0,0.0,0,0,73.344828099793,3.6390853757180985,76.9839134755111,53.42376934901932,3.7745804543479182,57.198349803367236,0.0,0.0,0.0,0.0,0,0,0.0,0.0,0.0,1.0,1.0,0.0,0.0,0.0,0.0,0.5,0.25,0.0,-874.6251000000406,0.0,106,2555.0,1409.0279999999989,596.1761,0.0,0.0,0.0,0.0,0.0,0.0,0,523.2271000000001,2555.0,1409.0279999999989,0.0,267.5,0.0,0.0,0.015,4.238298279158696,4.836406118546843,NaN,1.6404999999999998,2.51577251908397,1.3093884345503712,1046.0,1046.0,523.0,2030.3333333333333,1048.0,0.0,248,27,27,2,64,47.0,2016.0,62492.15659999998,3202.7626999999998,18122.322,253,515,0,68,0.5060790647813462,0.5778002378695797,0.5393647736028666,0,4241.509500000001,4433.259999999996,64,0,0.0,0,0,27,0.0,0,0.0,88446.1354666667,0.0,0,0,0,1.5,0,0.0,0,0,0.0,0,0.0,0,0,0.0,0.0,0.0,0,0.0,0.0,NaN,5120.0,NaN,NaN,0,0,0.0,0,0.0,NaN,0,NaN,0,0,0,0.0,0.0,0.0,0.0,0.0,0.0,0.0,0.0,0,0,0,0,248,0.0,0,0,0.0,0,0.0,0.0,0.0,0.0,0.0,0.0,0.0,0.0,0.0,0.0,0.7314954829012805,443,46529.07169999997,68,41917.06376666666,4,43674.803933333336,4,18302.3819,2,523.2271000000001,0.0,86.72666666666666,0,0,523,523,0 bare bones,sumsy,1,-2.9103830456733704e-11
38,511,4,4,85463.47530000003,0.0,3996.571799999999,8.0297,0.0,,0.0,0.0,0.0,0.0,0.0,0.0,0.0025,0.0,0.0,0.0,1.0,0.0,0.0,0.0,0.0,1.0,0.0,0.0,1.0,0.0,0,0,70.20023132182733,3.7595504206925003,73.95978174251984,52.149575217210625,3.86740308574764,56.01697830295827,0.0,0.0,0.0,0.0,0,0,0.0,0.0,0.0,1.0,1.0,0.0,0.0,0.0,0.0,0.5,0.25,0.0,-876.4255000000408,0.0,109,2555.0,1431.9931000000006,879.0737,0.0,0.0,0.0,0.0,0.0,0.0,0,522.2230999999999,2555.0,1431.9931000000006,0.0,267.5,0.0,0.0,0.015,4.242851750972763,4.82774299610896,NaN,NaN,2.5131766019417476,1.27010678151386,1028.0,1028.0,514.0,2013.3333333333333,1030.0,0.0,249,16,16,3,42,46.0,2028.0,62448.186599999935,4041.2195,18451.8461,251,517,0,68,0.5030943695853598,0.5717076100421703,0.5521537265914962,0,4181.278599999999,4361.6516,42,0,0.0,0,0,16,0.0,0,0.0,86788.65760000012,0.0,0,0,0,1.5,0,0.0,0,0,0.0,0,0.0,0,0,0.0,0.0,0.0,0,0.0,0.0,NaN,5120.0,NaN,NaN,0,0,0.0,0,0.0,NaN,0,NaN,0,0,0,0.0,0.0,0.0,0.0,0.0,0.0,0.0,0.0,0,0,0,0,249,0.0,0,0,0.0,0,0.0,0.0,0.0,0.0,0.0,0.0,0.0,0.0,0.0,0.0,0.728469071500703,443,46405.69329999996,68,40382.9643,4,42523.2602,4,18624.5344,2,522.2230999999999,0.0,82.02499999999999,0,0,514,514,0 bare bones,sumsy,1,-2.9103830456733704e-11
39,511,4,4,86563.59700000011,0.0,4381.332953282128,581.7592,0.0,,0.0,0.0,0.0,0.0,0.0,0.0,0.0025,0.0,0.0,0.0,1.0,0.0,0.0,0.0,0.0,1.0,0.0,0.0,1.0,0.0,0,0,68.09354025548282,3.6432885805612414,71.73682883604407,51.37904835919332,3.765076350040088,55.14412470923341,0.0,0.0,0.0,0.0,0,0,0.0,0.0,0.0,1.0,1.0,0.0,0.0,0.0,0.0,0.5,0.25,0.0,-878.1520000000406,0.0,110,2555.0,1454.8782999999994,859.2176999999999,0.0,0.0,0.0,0.0,0.0,0.0,0,521.7377,2555.0,1454.8782999999994,0.0,267.5,0.0,0.0,0.015,4.227360755813952,4.745312403100746,NaN,NaN,2.5240639264990317,1.2320035780684442,1032.0,1032.0,516.0,2024.0,1034.0,0.0,250,17,16,3,54,37.0,2025.0,62419.279000000046,5385.5832,18236.9971,248,520,0,67,0.5010762773558435,0.5671942035358055,0.5492168683437368,0,4202.744900000002,4362.636299999998,54,0,0.0,0,0,17,0.0,0,0.0,85406.04686724959,0.0,0,0,0,1.5,0,0.0,0,0,0.0,0,0.0,0,0,0.0,0.0,0.0,0,0.0,0.0,NaN,5120.0,NaN,NaN,0,0,0.0,0,0.0,NaN,0,NaN,0,0,0,0.0,0.0,0.0,0.0,0.0,0.0,0.0,0.0,0,0,0,0,250,0.0,0,0,0.0,0,0.0,0.0,0.0,0.0,0.0,0.0,0.0,0.0,0.0,0.0,0.7268482575896329,444,46732.25980000009,67,38673.78706724948,4,41788.03685342361,4,18977.147699999998,2,521.7377,0.0,78.29345328212642,0,0,516,516,0 bare bones,sumsy,1,-2.9103830456733704e-11
40,511,4,4,87641.98899999999,0.0,4073.569500000001,0.046,0.0,,0.0,0.0,0.0,0.0,0.0,0.0,0.0025,0.0,0.0,0.0,1.0,0.0,0.0,0.0,0.0,1.0,0.0,0.0,1.0,0.0,0,0,66.65898646388528,3.696847453022305,70.3558339169076,50.60217367137553,3.812211000517658,54.41438467189319,0.0,0.0,0.0,0.0,0,0,0.0,0.0,0.0,1.0,1.0,0.0,0.0,0.0,0.0,0.5,0.25,0.0,-885.5532000000404,0.0,110,2555.0,1476.6079999999997,0.046,0.0,0.0,0.0,0.0,0.0,0.0,0,524.2828,2555.0,1476.6079999999997,0.0,267.5,0.0,0.0,0.015,4.204900865384617,4.685904423076948,NaN,1.6366,2.5212952655150356,1.195043470726391,1040.0,1040.0,520.0,2021.3333333333333,1042.0,0.0,248,14,14,4,50,37.0,2030.0,62273.41919999999,6216.8116,18627.4754,248,520,0,67,0.4980247204893815,0.5626810505666429,0.5450740818442026,0,4224.944300000002,4373.096900000001,50,0,0.0,0,0,14,0.0,0,0.0,84296.7344827998,0.0,0,0,0,1.5,0,0.0,0,0,0.0,0,0.0,0,0,0.0,0.0,0.0,0,0.0,0.0,NaN,5120.0,NaN,NaN,0,0,0.0,0,0.0,NaN,0,NaN,0,0,0,0.0,0.0,0.0,0.0,0.0,0.0,0.0,0.0,0,0,0,0,248,0.0,0,0,0.0,0,0.0,0.0,0.0,0.0,0.0,0.0,0.0,0.0,0.0,0.0,0.7256210644240639,444,46552.88670000002,67,37743.84778279991,4,41438.099218774,4,19324.771800000002,2,524.2828,0.0,75.44518138225769,0,0,520,520,0 bare bones,sumsy,1,-2.9103830456733704e-11
41,511,4,4,88699.18980000015,0.0,3766.5171999999993,0.1567,0.0,,0.0,0.0,0.0,0.0,0.0,0.0,0.0025,0.0,0.0,0.0,1.0,0.0,0.0,0.0,0.0,1.0,0.0,0.0,1.0,0.0,0,0,69.16381797091765,3.9619893743905803,73.12580734530822,49.722169166463516,4.052917819621414,53.775086986084936,0.0,0.0,0.0,0.0,0,0,0.0,0.0,0.0,1.0,1.0,0.0,0.0,0.0,0.0,0.5,0.25,0.0,-892.5262000000406,0.0,110,2555.0,1497.7992000000006,0.1567,0.0,0.0,0.0,0.0,0.0,0.0,0,525.3522,2555.0,1497.7992000000006,0.0,267.5,0.0,0.0,0.015,4.199158766859348,4.789937379576104,NaN,NaN,2.5178578525640996,1.1591921666045992,1038.0,1038.0,519.0,2024.6666666666665,1040.0,0.0,248,18,18,1,52,38.0,2024.0,62199.6619,7017.1175,18957.0582,247,521,0,67,0.49259162707295,0.5641471160298124,0.5460498791936914,0,4216.579500000003,4358.726800000003,52,0,0.0,0,0,18,0.0,0,0.0,85466.78980000006,0.0,0,0,0,1.5,0,0.0,0,0,0.0,0,0.0,0,0,0.0,0.0,0.0,0,0.0,0.0,NaN,5120.0,NaN,NaN,0,0,0.0,0,0.0,NaN,0,NaN,0,0,0,0.0,0.0,0.0,0.0,0.0,0.0,0.0,0.0,0,0,0,0,248,0.0,0,0,0.0,0,0.0,0.0,0.0,0.0,0.0,0.0,0.0,0.0,0.0,0.0,0.7333916509919416,444,46431.01850000005,67,39035.77129999999,4,45940.27619999999,4,19612.2116,2,525.3522,0.0,81.83,0,0,519,519,0 bare bones,sumsy,1,-2.9103830456733704e-11
42,511,4,4,89735.19090000003,0.0,3469.1610000000014,9.2515,0.0,,0.0,0.0,0.0,0.0,0.0,0.0,0.0025,0.0,0.0,0.0,1.0,0.0,0.0,0.0,0.0,1.0,0.0,0.0,1.0,0.0,0,0,67.11866985144414,3.844559956739442,70.96322980818357,49.24328958657751,3.941474326051032,53.18476391262854,0.0,0.0,0.0,0.0,0,0,0.0,0.0,0.0,1.0,1.0,0.0,0.0,0.0,0.0,0.5,0.25,0.0,-899.0779000000402,0.0,110,2555.0,1518.998900000002,9.2515,0.0,0.0,0.0,0.0,0.0,0.0,0,525.6668999999999,2555.0,1518.998900000002,0.0,267.5,0.0,0.0,0.015,4.191805298651254,4.7436040462427655,NaN,NaN,2.5067163461538486,1.124416401606461,1038.0,1038.0,519.0,2022.6666666666667,1040.0,0.0,247,16,16,3,54,35.0,2028.0,62191.49320000002,7731.6372,19286.3936,245,523,0,67,0.49128835264969783,0.5590040111604895,0.5485129726176952,0,4205.102499999999,4351.093900000002,54,0,0.0,0,0,16,0.0,0,0.0,84161.35841805325,0.0,0,0,0,1.5,0,0.0,0,0,0.0,0,0.0,0,0,0.0,0.0,0.0,0,0.0,0.0,NaN,5120.0,NaN,NaN,0,0,0.0,0,0.0,NaN,0,NaN,0,0,0,0.0,0.0,0.0,0.0,0.0,0.0,0.0,0.0,0,0,0,0,247,0.0,0,0,0.0,0,0.0,0.0,0.0,0.0,0.0,0.0,0.0,0.0,0.0,0.0,0.7315387049532995,444,46377.24120000001,67,37784.1172180532,4,45269.50265853805,4,19909.1001,2,525.6668999999999,0.0,78.29484007368652,0,0,519,519,0 bare bones,sumsy,1,-2.9103830456733704e-11
43,511,4,4,90750.09740000012,0.0,3162.3810000000003,0.0,0.0,,0.0,0.0,0.0,0.0,0.0,0.0,0.0025,0.0,0.0,0.0,1.0,0.0,0.0,0.0,0.0,1.0,0.0,0.0,1.0,0.0,0,0,65.61340208968548,3.7409659712577223,69.3543680609432,48.903816109053274,3.821085646315014,52.72490175536829,0.0,0.0,0.0,0.0,0,0,0.0,0.0,0.0,1.0,1.0,0.0,0.0,0.0,0.0,0.5,0.25,0.0,-905.3048000000405,0.0,110,2555.0,1540.093500000001,0.0,0.0,0.0,0.0,0.0,0.0,0.0,0,525.6591,2555.0,1540.093500000001,0.0,267.5,0.0,0.0,0.015,4.17243442307692,4.732878653846156,NaN,NaN,2.5183953614843286,1.0906839095582672,1040.0,1040.0,520.0,2024.0000000000002,1042.0,0.0,248,10,10,0,45,28.0,2034.0,62271.509100000054,8348.1369,19604.7923,242,526,0,66,0.48868143665318486,0.5536937492361691,0.5469327841321814,0,4220.269900000004,4339.331799999997,45,0,0.0,0,0,10,0.0,0,0.0,83037.16765525224,0.0,0,0,0,1.5,0,0.0,0,0,0.0,0,0.0,0,0,0.0,0.0,0.0,0,0.0,0.0,NaN,5120.0,NaN,NaN,0,0,0.0,0,0.0,NaN,0,NaN,0,0,0,0.0,0.0,0.0,0.0,0.0,0.0,0.0,0.0,0,0,0,0,248,0.0,0,0,0.0,0,0.0,0.0,0.0,0.0,0.0,0.0,0.0,0.0,0.0,0.0,0.7298573792323779,445,46748.94250000003,66,36288.22515525215,4,44874.86601926708,4,20185.628099999998,2,525.6591,0.0,75.35575973244691,0,0,520,520,0 bare bones,sumsy,1,-2.9103830456733704e-11
44,511,4,4,91745.28149999995,0.0,2866.7888000000007,10.4647,0.0,,0.0,0.0,0.0,0.0,0.0,0.0,0.0025,0.0,0.0,0.0,1.0,0.0,0.0,0.0,0.0,1.0,0.0,0.0,1.0,0.0,0,0,64.02468190245429,3.9915060058731817,68.01618790832747,48.18255403773839,4.094017984836413,52.276572022574804,0.0,0.0,0.0,0.0,0,0,0.0,0.0,0.0,1.0,1.0,0.0,0.0,0.0,0.0,0.5,0.25,0.0,-911.1127000000403,0.0,110,2555.0,1559.8158999999978,10.4647,0.0,0.0,0.0,0.0,0.0,0.0,0,525.4384,2555.0,1559.8158999999978,0.0,267.5,0.0,0.0,0.015,4.156427151051627,4.7625518164435965,NaN,NaN,2.5121737595419824,1.0579633922715193,1046.0,1046.0,523.0,2034.0,1048.0,0.0,247,15,15,1,53,30.0,2028.0,62355.5034,8984.994999999999,19879.3447,239,529,0,66,0.4842271319048155,0.5475732097573263,0.5445574491728091,0,4227.733600000001,4347.622800000002,53,0,0.0,0,0,15,0.0,0,0.0,82045.50458481051,0.0,0,0,0,1.5,0,0.0,0,0,0.0,0,0.0,0,0,0.0,0.0,0.0,0,0.0,0.0,NaN,5120.0,NaN,NaN,0,0,0.0,0,0.0,NaN,0,NaN,0,0,0,0.0,0.0,0.0,0.0,0.0,0.0,0.0,0.0,0,0,0,0,247,0.0,0,0,0.0,0,0.0,0.0,0.0,0.0,0.0,0.0,0.0,0.0,0.0,0.0,0.7280386264064949,445,46593.44399999999,66,35452.06058481055,4,44753.21388730031,4,20429.4976,2,525.4384,0.0,72.92756897410268,0,0,523,523,0 bare bones,sumsy,1,-2.9103830456733704e-11
45,511,4,4,92720.86260000012,0.0,2560.5214999999994,0.0,0.0,,0.0,0.0,0.0,0.0,0.0,0.0,0.0025,0.0,0.0,0.0,1.0,0.0,0.0,0.0,0.0,1.0,0.0,0.0,1.0,0.0,0,0,62.52533830454818,4.15990478074322,66.68524308529139,47.57640766035968,4.248649221705754,51.82505688206543,0.0,0.0,0.0,0.0,0,0,0.0,0.0,0.0,1.0,1.0,0.0,0.0,0.0,0.0,0.5,0.25,0.0,-916.6142000000406,0.0,110,2555.0,1579.4189,0.0,0.0,0.0,0.0,0.0,0.0,0.0,0,525.2099,2555.0,1579.4189,0.0,267.5,0.0,0.0,0.015,4.154187835249042,4.643578927203071,NaN,NaN,2.5055413001912052,1.0262244905033737,1044.0,1044.0,522.0,2026.6666666666667,1046.0,0.0,247,17,17,3,53,36.0,2027.0,62240.5954,9729.8309,20225.2264,239,529,0,66,0.481213975204146,0.5424363257026728,0.5453363132080593,0,4218.4236,4336.9721,53,0,0.0,0,0,17,0.0,0,0.0,81183.89312857046,0.0,0,0,0,1.5,0,0.0,0,0,0.0,0,0.0,0,0,0.0,0.0,0.0,0,0.0,0.0,NaN,5120.0,NaN,NaN,0,0,0.0,0,0.0,NaN,0,NaN,0,0,0,0.0,0.0,0.0,0.0,0.0,0.0,0.0,0.0,0,0,0,0,247,0.0,0,0,0.0,0,0.0,0.0,0.0,0.0,0.0,0.0,0.0,0.0,0.0,0.0,0.726889575526444,445,46536.12369999997,66,34647.76942857038,4,44717.572284576265,4,20734.0213,2,525.2099,0.0,70.88520053795135,0,0,522,522,0 bare bones,sumsy,1,-2.9103830456733704e-11
46,511,4,4,93676.69930000002,0.0,2254.3318000000013,0.0,0.0,,0.0,0.0,0.0,0.0,0.0,0.0,0.0025,0.0,0.0,0.0,1.0,0.0,0.0,0.0,0.0,1.0,0.0,0.0,1.0,0.0,0,0,61.457030140042384,4.096896463508154,65.55392660355054,46.984970795367474,4.186452677162376,51.17142347252985,0.0,0.0,0.0,0.0,0,0,0.0,0.0,0.0,1.0,1.0,0.0,0.0,0.0,0.0,0.5,0.25,0.0,-921.7018000000409,0.0,110,2555.0,1599.1633000000018,0.0,0.0,0.0,0.0,0.0,0.0,0.0,0,525.1388999999999,2555.0,1599.1633000000018,0.0,267.5,0.0,0.0,0.015,4.117709038461537,4.644675961538468,NaN,NaN,2.5066902751119624,0.9954377557882725,1040.0,1040.0,520.0,2023.0000000000002,1042.0,0.0,247,10,10,2,46,30.0,2034.0,62281.084399999985,10344.490699999998,20525.9853,237,531,0,66,0.47870267069415084,0.5382266181818756,0.5459182403484122,0,4208.534999999999,4282.417399999998,46,0,0.0,0,0,10,0.0,0,0.0,80424.09281177283,0.0,0,0,0,1.5,0,0.0,0,0,0.0,0,0.0,0,0,0.0,0.0,0.0,0,0.0,0.0,NaN,5120.0,NaN,NaN,0,0,0.0,0,0.0,NaN,0,NaN,0,0,0,0.0,0.0,0.0,0.0,0.0,0.0,0.0,0.0,0,0,0,0,247,0.0,0,0,0.0,0,0.0,0.0,0.0,0.0,0.0,0.0,0.0,0.0,0.0,0.0,0.7264152079269155,445,46442.29769999998,66,33981.795111772895,4,44878.04025169371,4,20993.4998,2,525.1388999999999,0.0,69.19801102013882,0,0,520,520,0 bare bones,sumsy,1,-2.9103830456733704e-11
47,511,4,4,94613.32800000005,0.0,1950.0652,1.4321,0.0,,0.0,0.0,0.0,0.0,0.0,0.0,0.0025,0.0,0.0,0.0,1.0,0.0,0.0,0.0,0.0,1.0,0.0,0.0,1.0,0.0,0,0,61.378810526567506,4.185024387137501,65.56383491370501,46.875880367357524,4.252717653919345,51.12859802127687,0.0,0.0,0.0,0.0,0,0,0.0,0.0,0.0,1.0,1.0,0.0,0.0,0.0,0.0,0.5,0.25,0.0,-926.3773000000407,0.0,110,2555.0,1618.3712999999998,1.4321,0.0,0.0,0.0,0.0,0.0,0.0,0,524.652,2555.0,1618.3712999999998,0.0,267.5,0.0,0.0,0.015,4.101093307839389,4.619328107074565,NaN,NaN,2.4947905534351174,0.9655746231146242,1046.0,1046.0,523.0,2031.3333333333335,1048.0,0.0,247,12,12,3,51,30.0,2032.0,62368.6166,10897.303500000002,20822.7559,234,534,0,66,0.47527427228683816,0.5343305536747616,0.5448220479235424,0,4209.224399999999,4289.743600000001,51,0,0.0,0,0,12,0.0,0,0.0,79698.35085579798,0.0,0,0,0,1.5,0,0.0,0,0,0.0,0,0.0,0,0,0.0,0.0,0.0,0,0.0,0.0,NaN,5120.0,NaN,NaN,0,0,0.0,0,0.0,NaN,0,NaN,0,0,0,0.0,0.0,0.0,0.0,0.0,0.0,0.0,0.0,0,0,0,0,247,0.0,0,0,0.0,0,0.0,0.0,0.0,0.0,0.0,0.0,0.0,0.0,0.0,0.0,0.726314179953685,445,46144.98729999999,66,33553.36355579798,4,45150.8419709236,4,21250.913099999998,2,524.652,0.0,67.72321605041873,0,0,523,523,0 bare bones,sumsy,1,-2.9103830456733704e-11
48,511,4,4,95531.37989999996,0.0,1645.375,0.0,0.0,,0.0,0.0,0.0,0.0,0.0,0.0,0.0025,0.0,0.0,0.0,1.0,0.0,0.0,0.0,0.0,1.0,0.0,0.0,1.0,0.0,0,0,60.33902417101442,4.275927450238631,64.61495162125306,46.43920927819463,4.346031663917226,50.78524094211186,0.0,0.0,0.0,0.0,0,0,0.0,0.0,0.0,1.0,1.0,0.0,0.0,0.0,0.0,0.5,0.25,0.0,-930.6589000000407,0.0,110,2555.0,1636.9481,0.0,0.0,0.0,0.0,0.0,0.0,0.0,0,524.231,2555.0,1636.9481,0.0,267.5,0.0,0.0,0.015,4.0955840038314175,4.6458932950191505,NaN,NaN,2.4870817718291898,0.9366073844211853,1044.0,1044.0,522.0,2028.0,1046.0,0.0,247,16,16,2,50,36.0,2027.0,62295.69409999995,11612.1589,21099.2959,234,534,0,66,0.47324510120675867,0.5303781451338672,0.5458101554787684,0,4197.8186,4275.7897,50,0,0.0,0,0,16,0.0,0,0.0,79052.51571283294,0.0,0,0,0,1.5,0,0.0,0,0,0.0,0,0.0,0,0,0.0,0.0,0.0,0,0.0,0.0,NaN,5120.0,NaN,NaN,0,0,0.0,0,0.0,NaN,0,NaN,0,0,0,0.0,0.0,0.0,0.0,0.0,0.0,0.0,0.0,0,0,0,0,247,0.0,0,0,0.0,0,0.0,0.0,0.0,0.0,0.0,0.0,0.0,0.0,0.0,0.0,0.7261095641188591,445,46074.164099999995,66,32978.351612832885,4,45451.90264979812,4,21487.6722,2,524.231,0.0,66.38664278988412,0,0,522,522,0 bare bones,sumsy,1,-2.9103830456733704e-11
49,511,4,4,96431.06000000006,0.0,1341.1630000000002,0.0,0.0,,0.0,0.0,0.0,0.0,0.0,0.0,0.0025,0.0,0.0,0.0,1.0,0.0,0.0,0.0,0.0,1.0,0.0,0.0,1.0,0.0,0,0,59.70600638896516,4.285790185006472,63.99179657397162,46.04741944820983,4.33415145579802,50.38157090400785,0.0,0.0,0.0,0.0,0,0,0.0,0.0,0.0,1.0,1.0,0.0,0.0,0.0,0.0,0.5,0.25,0.0,-934.5424000000406,0.0,110,2555.0,1655.3198999999993,0.0,0.0,0.0,0.0,0.0,0.0,0.0,0,523.8092999999999,2555.0,1655.3198999999993,0.0,267.5,0.0,0.0,0.015,4.141720673076927,4.598462884615382,NaN,NaN,2.6975205374280353,3.7819163774772786,1040.0,1040.0,520.0,2024.3333333333335,1042.0,0.0,247,11,11,3,43,36.0,2032.0,62398.81559999994,12283.7657,21224.6694,234,534,0,66,0.47049963717894094,0.5269162638796625,0.5584699588532651,0,4405.0320999999985,4307.389500000004,43,0,0.0,0,0,11,0.0,0,0.0,78595.87217334898,0.0,0,0,0,1.5,0,0.0,0,0,0.0,0,0.0,0,0,0.0,0.0,0.0,0,0.0,0.0,NaN,5120.0,NaN,NaN,0,0,0.0,0,0.0,NaN,0,NaN,0,0,0,0.0,0.0,0.0,0.0,0.0,0.0,0.0,0.0,0,0,0,0,247,0.0,0,0,0.0,0,0.0,0.0,0.0,0.0,0.0,0.0,0.0,0.0,0.0,0.0,0.725619731312733,445,46001.69970000001,66,32594.172473349157,4,45740.80951097627,4,21573.743,2,523.8092999999999,0.0,65.10829945875707,0,0,520,520,0 bare bones,sumsy,1,-2.9103830456733704e-11
50,511,4,4,97312.81509999995,0.0,1063.3954,0.0,0.0,,0.0,0.0,0.0,0.0,0.0,0.0,0.0025,0.0,0.0,0.0,1.0,0.0,0.0,0.0,0.0,1.0,0.0,0.0,1.0,0.0,0,0,58.02687270326144,4.441143177369045,62.46801588063048,44.888903355592056,4.499584124390118,49.388487479982174,0.0,0.0,0.0,0.0,0,0,0.0,0.0,0.0,1.0,1.0,0.0,0.0,0.0,0.0,0.5,0.25,0.0,-938.0331000000406,0.0,110,2555.0,1673.244899999999,0.0,0.0,0.0,0.0,0.0,0.0,0.0,0,523.3725,2555.0,1673.244899999999,0.0,267.5,0.0,0.0,0.015,4.281837884615385,4.6950409615384645,NaN,NaN,3.092986628278947,10.598814359637034,1040.0,1040.0,520.0,2028.0000000000002,1042.0,0.0,249,2,2,1,37,22.0,2042.0,62786.84480000001,12584.9717,21417.6261,233,535,0,66,0.4626056643645,0.5186967498154584,0.5429449446955206,0,4809.258899999997,4453.1114,37,0,0.0,0,0,2,0.0,0,0.0,78399.55274012603,0.0,0,0,0,1.5,0,0.0,0,0,0.0,0,0.0,0,0,0.0,0.0,0.0,0,0.0,0.0,NaN,5120.0,NaN,NaN,0,0,0.0,0,0.0,NaN,0,NaN,0,0,0,0.0,0.0,0.0,0.0,0.0,0.0,0.0,0.0,0,0,0,0,249,0.0,0,0,0.0,0,0.0,0.0,0.0,0.0,0.0,0.0,0.0,0.0,0.0,0.0,0.7218097958102785,445,46259.34310000005,66,32140.209640126108,4,45731.06157282174,4,21728.2849,2,523.3725,0.0,63.89252163144251,0,0,520,520,0 bare bones,sumsy,1,-2.9103830456733704e-11
51,511,4,4,98177.05860000002,0.0,858.0763999999998,0.0,0.0,,0.0,0.0,0.0,0.0,0.0,0.0,0.0025,0.0,0.0,0.0,1.0,0.0,0.0,0.0,0.0,1.0,0.0,0.0,1.0,0.0,0,0,55.59776927744047,4.440697333906496,60.03846661134697,43.49526707260429,4.475015793033441,47.970282865637735,0.0,0.0,0.0,0.0,0,0,0.0,0.0,0.0,1.0,1.0,0.0,0.0,0.0,0.0,0.5,0.25,0.0,-941.1398000000406,0.0,110,2555.0,1690.7565,0.0,0.0,0.0,0.0,0.0,0.0,0.0,0,523.3134,2555.0,1690.7565,0.0,267.5,0.0,0.0,0.015,4.365697908745248,4.871185551330805,NaN,NaN,3.1491659392789284,10.479481133798817,1052.0,1052.0,526.0,2040.6666666666667,1054.0,0.0,246,12,12,1,49,28.0,2032.0,63114.536300000065,12964.6996,21574.509299999998,231,537,0,66,0.45968993065808483,0.5138705232439131,0.5360262333639965,0,4899.026300000005,4592.7142,49,0,0.0,0,0,12,0.0,0,0.0,78171.67077432068,0.0,0,0,0,1.5,0,0.0,0,0,0.0,0,0.0,0,0,0.0,0.0,0.0,0,0.0,0.0,NaN,5120.0,NaN,NaN,0,0,0.0,0,0.0,NaN,0,NaN,0,0,0,0.0,0.0,0.0,0.0,0.0,0.0,0.0,0.0,0,0,0,0,246,0.0,0,0,0.0,0,0.0,0.0,0.0,0.0,0.0,0.0,0.0,0.0,0.0,0.0,0.7199928629013266,445,46524.64410000004,66,31647.02667432061,4,45826.56734679727,4,21846.8261,2,523.3134,0.0,62.74911330874724,0,0,526,526,0 bare bones,sumsy,1,-2.9103830456733704e-11
52,511,4,4,99023.9231000001,0.0,667.4516000000001,0.0546,0.0,,0.0,0.0,0.0,0.0,0.0,0.0,0.0025,0.0,0.0,0.0,1.0,0.0,0.0,0.0,0.0,1.0,0.0,0.0,1.0,0.0,0,0,53.569876613033955,4.355579679470857,57.92545629250481,42.320115156203144,4.3976729874614415,46.717788143664585,0.0,0.0,0.0,0.0,0,0,0.0,0.0,0.0,1.0,1.0,0.0,0.0,0.0,0.0,0.5,0.25,0.0,-943.8631000000405,0.0,110,2555.0,1708.135499999999,0.0546,0.0,0.0,0.0,0.0,0.0,0.0,0,523.8308999999999,2555.0,1708.135499999999,0.0,267.5,0.0,0.0,0.015,4.406953728489487,4.899825430210318,NaN,NaN,3.1724447519084094,10.165096699784852,1046.0,1046.0,523.0,2030.6666666666665,1048.0,0.0,247,13,13,2,51,29.0,2031.0,63347.89799999996,13407.6967,21744.4975,230,538,0,65,0.45432231694499103,0.5070849570174929,0.5387747027796543,0,4899.668799999996,4609.673600000004,51,0,0.0,0,0,13,0.0,0,0.0,77944.18436193136,0.0,0,0,0,1.5,0,0.0,0,0,0.0,0,0.0,0,0,0.0,0.0,0.0,0,0.0,0.0,NaN,5120.0,NaN,NaN,0,0,0.0,0,0.0,NaN,0,NaN,0,0,0,0.0,0.0,0.0,0.0,0.0,0.0,0.0,0.0,0,0,0,0,247,0.0,0,0,0.0,0,0.0,0.0,0.0,0.0,0.0,0.0,0.0,0.0,0.0,0.0,0.7172074156682207,446,47242.55709999998,65,30701.627261931317,4,45937.80405877848,4,21978.6368,2,523.8308999999999,0.0,61.667360704049216,0,0,523,523,0 bare bones,sumsy,1,-2.9103830456733704e-11
53,511,4,4,99853.71969999997,0.0,484.6413,7.8528,0.0,,0.0,0.0,0.0,0.0,0.0,0.0,0.0025,0.0,0.0,0.0,1.0,0.0,0.0,0.0,0.0,1.0,0.0,0.0,1.0,0.0,0,0,52.383358009404944,4.25909871915664,56.64245672856159,41.85680635379728,4.295910417435124,46.15271677123241,0.0,0.0,0.0,0.0,0,0,0.0,0.0,0.0,1.0,1.0,0.0,0.0,0.0,0.0,0.5,0.25,0.0,-946.2044000000407,0.0,110,2555.0,1725.2034000000033,7.8528,0.0,0.0,0.0,0.0,0.0,0.0,0,523.9876,2555.0,1725.2034000000033,0.0,267.5,0.0,0.0,0.015,4.418143594646263,4.909261567877616,NaN,NaN,3.190131679389275,9.860143798791304,1046.0,1046.0,523.0,2028.3333333333335,1048.0,0.0,246,12,12,3,48,32.0,2030.0,63685.00330000006,13743.1293,21901.5995,227,541,0,64,0.45180073308246715,0.5025358559562525,0.5390559907791594,0,4911.191700000006,4621.378199999991,48,0,0.0,0,0,12,0.0,0,0.0,77702.24032500594,0.0,0,0,0,1.5,0,0.0,0,0,0.0,0,0.0,0,0,0.0,0.0,0.0,0,0.0,0.0,NaN,5120.0,NaN,NaN,0,0,0.0,0,0.0,NaN,0,NaN,0,0,0,0.0,0.0,0.0,0.0,0.0,0.0,0.0,0.0,0,0,0,0,246,0.0,0,0,0.0,0,0.0,0.0,0.0,0.0,0.0,0.0,0.0,0.0,0.0,0.0,0.7157048817475429,447,47873.20920000003,64,29829.03112500598,4,46080.97179131381,4,22105.3657,2,523.9876,0.0,60.62349702645806,0,0,523,523,0 bare bones,sumsy,1,-2.9103830456733704e-11
54,511,4,4,100667.14620000009,0.0,355.89950000000005,0.0,0.0,,0.0,0.0,0.0,0.0,0.0,0.0,0.0025,0.0,0.0,0.0,1.0,0.0,0.0,0.0,0.0,1.0,0.0,0.0,1.0,0.0,0,0,51.15433767666658,4.542257545171104,55.69659522183768,40.907096299269654,4.580910768303784,45.48800706757344,0.0,0.0,0.0,0.0,0,0,0.0,0.0,0.0,1.0,1.0,0.0,0.0,0.0,0.0,0.5,0.25,0.0,-948.2419000000405,0.0,110,2555.0,1741.5734999999984,0.0,0.0,0.0,0.0,0.0,0.0,0.0,0,523.9556,2555.0,1741.5734999999984,0.0,267.5,0.0,0.0,0.015,4.421524137931033,4.929880268199238,NaN,NaN,3.206728266411735,10.703415331808849,1044.0,1044.0,522.0,2026.0,1046.0,0.0,246,14,14,3,54,31.0,2030.0,63820.4836,14275.5931,22047.1139,227,541,0,64,0.4443787837457689,0.49535842851835965,0.5389288093968294,0,4919.636699999996,4616.071199999998,54,0,0.0,0,0,14,0.0,0,0.0,77521.13066298566,0.0,0,0,0,1.5,0,0.0,0,0,0.0,0,0.0,0,0,0.0,0.0,0.0,0,0.0,0.0,NaN,5120.0,NaN,NaN,0,0,0.0,0,0.0,NaN,0,NaN,0,0,0,0.0,0.0,0.0,0.0,0.0,0.0,0.0,0.0,0,0,0,0,246,0.0,0,0,0.0,0,0.0,0.0,0.0,0.0,0.0,0.0,0.0,0.0,0.0,0.0,0.7126521807584749,447,48079.184499999974,64,29441.946162985696,4,46192.11742500114,4,22212.5782,2,523.9556,0.0,59.61280688539953,0,0,522,522,0 bare bones,sumsy,1,-2.9103830456733704e-11
55,511,4,4,101464.27150000015,0.0,254.2794,0.0,0.0,,0.0,0.0,0.0,0.0,0.0,0.0,0.0025,0.0,0.0,0.0,1.0,0.0,0.0,0.0,0.0,1.0,0.0,0.0,1.0,0.0,0,0,50.058915689542154,4.776646731914515,54.835562421456665,39.91463354734881,4.812532458847895,44.7271660061967,0.0,0.0,0.0,0.0,0,0,0.0,0.0,0.0,1.0,1.0,0.0,0.0,0.0,0.0,0.5,0.25,0.0,-949.8965000000402,0.0,110,2555.0,1757.8746999999985,0.0,0.0,0.0,0.0,0.0,0.0,0.0,0,523.7852,2555.0,1757.8746999999985,0.0,267.5,0.0,0.0,0.015,4.434691187739461,4.908680842911884,NaN,NaN,3.2099793180369742,11.467486579050629,1044.0,1044.0,522.0,2026.0000000000002,1045.9999999999998,0.0,247,17,17,2,56,33.0,2026.0,63969.03179999995,14761.0714,22210.3831,226,542,0,64,0.43620767626933366,0.48755576990854,0.5393945158047821,0,4919.97290000001,4629.817599999998,56,0,0.0,0,0,17,0.0,0,0.0,77325.3826629405,0.0,0,0,0,1.5,0,0.0,0,0,0.0,0,0.0,0,0,0.0,0.0,0.0,0,0.0,0.0,NaN,5120.0,NaN,NaN,0,0,0.0,0,0.0,NaN,0,NaN,0,0,0,0.0,0.0,0.0,0.0,0.0,0.0,0.0,0.0,0,0,0,0,247,0.0,0,0,0.0,0,0.0,0.0,0.0,0.0,0.0,0.0,0.0,0.0,0.0,0.0,0.7093759475870027,447,48254.348000000005,64,29071.03466294043,4,46313.11098191906,4,22344.0582,2,523.7852,0.0,58.64852284486911,0,0,522,522,0 bare bones,sumsy,1,-2.9103830456733704e-11
56,511,4,4,102245.48639999985,0.0,153.3648,0.0,0.0,,0.0,0.0,0.0,0.0,0.0,0.0,0.0025,0.0,0.0,0.0,1.0,0.0,0.0,0.0,0.0,1.0,0.0,0.0,1.0,0.0,0,0,49.32579756168384,4.770794647186408,54.09659220887025,39.79996961181266,4.801826274970316,44.601795886782966,0.0,0.0,0.0,0.0,0,0,0.0,0.0,0.0,1.0,1.0,0.0,0.0,0.0,0.0,0.5,0.25,0.0,-951.2332000000401,0.0,110,2555.0,1773.7851000000037,0.0,0.0,0.0,0.0,0.0,0.0,0.0,0,523.5721000000001,2555.0,1773.7851000000037,0.0,267.5,0.0,0.0,0.015,4.434353358925146,4.929988291746635,NaN,NaN,3.2165068965517207,11.888787683715638,1042.0,1042.0,521.0,2023.3333333333335,1044.0,0.0,248,12,12,3,46,34.0,2032.0,64169.355000000025,15194.1687,22358.390600000002,224,544,0,63,0.4313261631529375,0.48162149494024775,0.5413321386856647,0,4916.312100000008,4620.596200000003,47,1,0.0,0,0,12,0.0,0,0.0,77148.86270677764,0.0,0,0,0,1.5,0,0.0,0,0,0.0,0,0.0,0,0,0.0,0.0,0.0,0,0.0,0.0,NaN,5120.0,NaN,NaN,0,0,0.0,0,0.0,NaN,0,NaN,0,0,0,0.0,0.0,0.0,0.0,0.0,0.0,0.0,0.0,0,0,0,0,248,0.0,0,0,0.0,0,0.0,0.0,0.0,0.0,0.0,0.0,0.0,0.0,0.0,0.0,0.707161837656596,448,48882.9823,63,28265.88040677772,4,46495.53608788873,4,22460.9785,2,523.5721000000001,0.0,57.79096744097194,0,0,521,521,0 bare bones,sumsy,1,-2.9103830456733704e-11
57,511,4,4,103010.94739999998,0.0,82.01039999999999,2.5408,0.0,,0.0,0.0,0.0,0.0,0.0,0.0,0.0025,0.0,0.0,0.0,1.0,0.0,0.0,0.0,0.0,1.0,0.0,0.0,1.0,0.0,0,0,48.99712170700594,4.570942121295608,53.56806382830154,39.55166329435334,4.599264662757027,44.15092795711037,0.0,0.0,0.0,0.0,0,0,0.0,0.0,0.0,1.0,1.0,0.0,0.0,0.0,0.0,0.5,0.25,0.0,-952.2592000000401,0.0,110,2555.0,1789.539000000001,2.5408,0.0,0.0,0.0,0.0,0.0,0.0,0,523.3217999999999,2555.0,1789.539000000001,0.0,267.5,0.0,0.0,0.015,4.450826634615382,4.968642115384615,NaN,NaN,3.2310386436340193,12.274102089983094,1040.0,1040.0,520.0,2028.0,1042.0,0.0,248,13,13,5,51,32.0,2031.0,64385.58359999998,15616.7027,22485.3393,221,547,0,63,0.42774037249432917,0.4771031776781587,0.5405854696594614,0,4920.4760000000015,4628.859699999997,51,0,0.0,0,0,13,0.0,0,0.0,76964.77425076035,0.0,0,0,0,1.5,0,0.0,0,0,0.0,0,0.0,0,0,0.0,0.0,0.0,0,0.0,0.0,NaN,5120.0,NaN,NaN,0,0,0.0,0,0.0,NaN,0,NaN,0,0,0,0.0,0.0,0.0,0.0,0.0,0.0,0.0,0.0,0,0,0,0,248,0.0,0,0,0.0,0,0.0,0.0,0.0,0.0,0.0,0.0,0.0,0.0,0.0,0.0,0.7057299520750191,448,49038.07229999996,63,27926.701950760347,4,46708.421171791415,4,22559.5154,2,523.3217999999999,0.0,56.95974638353093,0,0,520,520,0 bare bones,sumsy,1,-2.9103830456733704e-11
58,511,4,4,103761.16970000003,0.0,47.01120000000001,0.0,0.0,,0.0,0.0,0.0,0.0,0.0,0.0,0.0025,0.0,0.0,0.0,1.0,0.0,0.0,0.0,0.0,1.0,0.0,0.0,1.0,0.0,0,0,47.680680381878275,4.793661410313878,52.47434179219215,38.52663088882113,4.821534179336215,43.34816506815735,0.0,0.0,0.0,0.0,0,0,0.0,0.0,0.0,1.0,1.0,0.0,0.0,0.0,0.0,0.5,0.25,0.0,-953.0010000000403,0.0,110,2555.0,1804.777699999998,0.0,0.0,0.0,0.0,0.0,0.0,0.0,0,523.0645,2555.0,1804.777699999998,0.0,267.5,0.0,0.0,0.015,4.4612371401151645,4.920560076775418,NaN,NaN,3.2436619731800747,12.59177814404594,1042.0,1042.0,521.0,2024.3333333333335,1044.0,0.0,248,12,12,2,44,34.0,2032.0,64510.70289999995,16084.9527,22642.4496,219,549,0,62,0.4214662050656044,0.47056265779046047,0.5391824977625093,0,4937.635399999994,4648.6091000000015,44,0,0.0,0,0,12,0.0,0,0.0,76801.33889577525,0.0,0,0,0,1.5,0,0.0,0,0,0.0,0,0.0,0,0,0.0,0.0,0.0,0,0.0,0.0,NaN,5120.0,NaN,NaN,0,0,0.0,0,0.0,NaN,0,NaN,0,0,0,0.0,0.0,0.0,0.0,0.0,0.0,0.0,0.0,0,0,0,0,248,0.0,0,0,0.0,0,0.0,0.0,0.0,0.0,0.0,0.0,0.0,0.0,0.0,0.0,0.7032152323900378,449,49792.322099999976,62,27009.016795775242,4,46889.337125025595,4,22685.5466,2,523.0645,0.0,56.16942372500109,0,0,521,521,0 bare bones,sumsy,1,-2.9103830456733704e-11
59,511,4,4,104496.44699999993,0.0,12.419,0.0,0.0,,0.0,0.0,0.0,0.0,0.0,0.0,0.0025,0.0,0.0,0.0,1.0,0.0,0.0,0.0,0.0,1.0,0.0,0.0,1.0,0.0,0,0,46.85480193993258,4.935072433922265,51.789874373854836,37.62468501114687,4.954480793397057,42.57916580454393,0.0,0.0,0.0,0.0,0,0,0.0,0.0,0.0,1.0,1.0,0.0,0.0,0.0,0.0,0.5,0.25,0.0,-953.4319000000403,0.0,110,2555.0,1819.7227,0.0,0.0,0.0,0.0,0.0,0.0,0.0,0,522.8098,2555.0,1819.7227,0.0,267.5,0.0,0.0,0.015,4.455649040307105,4.947801535508645,NaN,NaN,3.247834195402281,12.97458172521122,1042.0,1042.0,521.0,2029.3333333333333,1044.0,0.0,248,12,12,3,49,32.0,2032.0,64599.08250000001,16596.854,22777.7007,218,550,0,62,0.4147237197114124,0.4642848854487778,0.5397189257349706,0,4940.248199999995,4642.786300000003,49,0,0.0,0,0,12,0.0,0,0.0,76665.04771344557,0.0,0,0,0,1.5,0,0.0,0,0,0.0,0,0.0,0,0,0.0,0.0,0.0,0,0.0,0.0,NaN,5120.0,NaN,NaN,0,0,0.0,0,0.0,NaN,0,NaN,0,0,0,0.0,0.0,0.0,0.0,0.0,0.0,0.0,0.0,0,0,0,0,248,0.0,0,0,0.0,0,0.0,0.0,0.0,0.0,0.0,0.0,0.0,0.0,0.0,0.0,0.7007720763014684,449,49922.23620000002,62,26742.811513445555,4,47069.83641006905,4,22790.119700000003,2,522.8098,0.0,55.40542529103464,0,0,521,521,0 bare bones,sumsy,1,-2.9103830456733704e-11
60,511,4,4,105216.99020000001,0.0,10.827200000000001,0.0,0.0,,0.0,0.0,0.0,0.0,0.0,0.0,0.0025,0.0,0.0,0.0,1.0,0.0,0.0,0.0,0.0,1.0,0.0,0.0,1.0,0.0,0,0,46.320475552065886,5.0608812723632965,51.38135682442918,37.45046917952997,5.074724901514331,42.525194081044305,0.0,0.0,0.0,0.0,0,0,0.0,0.0,0.0,1.0,1.0,0.0,0.0,0.0,0.0,0.5,0.25,0.0,-953.5563000000404,0.0,110,2555.0,1834.4567999999977,0.0,0.0,0.0,0.0,0.0,0.0,0.0,0,522.5616,2555.0,1834.4567999999977,0.0,267.5,0.0,0.0,0.015,4.459810172744724,4.948273896353161,NaN,NaN,3.2481989144316543,13.402280654967116,1042.0,1042.0,521.0,2028.0,1044.0,0.0,247,26,26,4,57,51.0,2016.0,64677.73030000003,17128.0564,22888.6419,217,551,0,61,0.4092144411307066,0.4584367014305182,0.5403692547476047,0,4938.994800000001,4647.1222000000025,58,1,0.0,0,0,26,0.0,0,0.0,76531.6745530452,0.0,0,0,0,1.5,0,0.0,0,0,0.0,0,0.0,0,0,0.0,0.0,0.0,0,0.0,0.0,NaN,5120.0,NaN,NaN,0,0,0.0,0,0.0,NaN,0,NaN,0,0,0,0.0,0.0,0.0,0.0,0.0,0.0,0.0,0.0,0,0,0,0,247,0.0,0,0,0.0,0,0.0,0.0,0.0,0.0,0.0,0.0,0.0,0.0,0.0,0.0,0.6985854900224646,450,50479.96710000003,61,26051.707453045194,4,47254.734144829024,4,22899.469100000002,2,522.5616,0.0,54.67636614306538,0,0,521,521,0 bare bones,sumsy,1,-2.9103830456733704e-11
61,511,4,4,105923.1501000001,0.0,9.2398,0.0,0.0,,0.0,0.0,0.0,0.0,0.0,0.0,0.0025,0.0,0.0,0.0,1.0,0.0,0.0,0.0,0.0,1.0,0.0,0.0,1.0,0.0,0,0,45.07292902783988,5.297859797711227,50.37078882555111,36.65178551349729,5.316144450033366,41.96792996353066,0.0,0.0,0.0,0.0,0,0,0.0,0.0,0.0,1.0,1.0,0.0,0.0,0.0,0.0,0.5,0.25,0.0,-953.6645000000406,0.0,110,2555.0,1848.8400999999974,0.0,0.0,0.0,0.0,0.0,0.0,0.0,0,522.4387,2555.0,1848.8400999999974,0.0,267.5,0.0,0.0,0.015,4.467154678362568,4.902406822612069,NaN,NaN,3.25104114785991,14.114951767716398,1026.0,1026.0,513.0,2010.666666666667,1028.0,0.0,250,10,10,1,47,29.0,2034.0,64853.3701,17524.2887,23023.0526,214,554,0,61,0.40155523291475226,0.45010683309869104,0.5483827346448205,0,4886.3890000000065,4583.300699999994,47,0,0.0,0,0,10,0.0,0,0.0,76393.94831661327,0.0,0,0,0,1.5,0,0.0,0,0,0.0,0,0.0,0,0,0.0,0.0,0.0,0,0.0,0.0,NaN,5120.0,NaN,NaN,0,0,0.0,0,0.0,NaN,0,NaN,0,0,0,0.0,0.0,0.0,0.0,0.0,0.0,0.0,0.0,0,0,0,0,250,0.0,0,0,0.0,0,0.0,0.0,0.0,0.0,0.0,0.0,0.0,0.0,0.0,0.0,0.6951612046317412,450,50789.36919999997,61,25604.57911661323,4,47424.28487384918,4,23032.292400000002,2,522.4387,0.0,53.971112227164596,0,0,513,513,0 bare bones,sumsy,1,-2.9103830456733704e-11
62,511,4,4,106615.18759999989,0.0,7.6594999999999995,0.0,0.0,,0.0,0.0,0.0,0.0,0.0,0.0,0.0025,0.0,0.0,0.0,1.0,0.0,0.0,0.0,0.0,1.0,0.0,0.0,1.0,0.0,0,0,44.54084976954017,5.235384980753903,49.77623475029408,35.98941318708183,5.2508595850507325,41.24027277213256,0.0,0.0,0.0,0.0,0,0,0.0,0.0,0.0,1.0,1.0,0.0,0.0,0.0,0.0,0.5,0.25,0.0,-953.7568000000406,0.0,110,2555.0,1862.9625000000021,0.0,0.0,0.0,0.0,0.0,0.0,0.0,0,522.368,2555.0,1862.9625000000021,0.0,267.5,0.0,0.0,0.015,4.443430497131935,4.873507074569778,NaN,NaN,3.2655315839694756,14.126160768632229,1046.0,1046.0,523.0,2032.6666666666667,1048.0,0.0,247,18,18,3,53,39.0,2026.0,64955.702600000026,17995.4611,23141.655899999998,213,555,0,61,0.39762130140016705,0.4461027395097814,0.5376910584143246,0,4964.508300000004,4647.828300000004,53,0,0.0,0,0,18,0.0,0,0.0,76301.07252425521,0.0,0,0,0,1.5,0,0.0,0,0,0.0,0,0.0,0,0,0.0,0.0,0.0,0,0.0,0.0,NaN,5120.0,NaN,NaN,0,0,0.0,0,0.0,NaN,0,NaN,0,0,0,0.0,0.0,0.0,0.0,0.0,0.0,0.0,0.0,0,0,0,0,247,0.0,0,0,0.0,0,0.0,0.0,0.0,0.0,0.0,0.0,0.0,0.0,0.0,0.0,0.6938128242567763,450,50980.35370000001,61,25320.718824255167,4,47577.29833221418,4,23149.3154,2,522.368,0.0,53.30060762561114,0,0,523,523,0 bare bones,sumsy,1,-2.9103830456733704e-11
63,511,4,4,107293.38429999999,0.0,6.540899999999999,0.0,0.0,,0.0,0.0,0.0,0.0,0.0,0.0,0.0025,0.0,0.0,0.0,1.0,0.0,0.0,0.0,0.0,1.0,0.0,0.0,1.0,0.0,0,0,44.13251442347878,5.333293639484036,49.465808062962815,35.78810536727694,5.344401247082445,41.132506614359386,0.0,0.0,0.0,0.0,0,0,0.0,0.0,0.0,1.0,1.0,0.0,0.0,0.0,0.0,0.5,0.25,0.0,-953.8335000000407,0.0,110,2555.0,1876.803299999999,0.0,0.0,0.0,0.0,0.0,0.0,0.0,0,522.6146,2555.0,1876.803299999999,0.0,267.5,0.0,0.0,0.015,4.444640540540537,4.8963306949807075,NaN,NaN,3.2609613359023437,14.692827850091492,1036.0,1036.0,518.0,2022.0,1038.0,0.0,248,19,18,4,54,39.0,2023.0,65226.723999999944,18296.156799999997,23247.8889,208,560,0,60,0.39278664481765246,0.4399890641374735,0.5419910649334818,0,4921.577900000001,4604.647599999997,54,0,0.0,0,0,19,0.0,0,0.0,76173.10244288344,0.0,0,0,0,1.5,0,0.0,0,0,0.0,0,0.0,0,0,0.0,0.0,0.0,0,0.0,0.0,NaN,5120.0,NaN,NaN,0,0,0.0,0,0.0,NaN,0,NaN,0,0,0,0.0,0.0,0.0,0.0,0.0,0.0,0.0,0.0,0,0,0,0,248,0.0,0,0,0.0,0,0.0,0.0,0.0,0.0,0.0,0.0,0.0,0.0,0.0,0.0,0.6915584161627155,451,51544.120799999975,60,24628.98164288352,4,47784.78580007101,4,23254.429799999998,2,522.6146,0.0,52.65826607155538,0,0,518,518,0 bare bones,sumsy,1,-2.9103830456733704e-11
64,511,4,4,107958.01739999991,0.0,5.4238,0.0,0.0,,0.0,0.0,0.0,0.0,0.0,0.0,0.0025,0.0,0.0,0.0,1.0,0.0,0.0,0.0,0.0,1.0,0.0,0.0,1.0,0.0,0,0,43.741383649603826,5.470187396461497,49.21157104606532,35.80379373444261,5.476260143227944,41.28005387767055,0.0,0.0,0.0,0.0,0,0,0.0,0.0,0.0,1.0,1.0,0.0,0.0,0.0,0.0,0.5,0.25,0.0,-953.8988000000406,0.0,110,2555.0,1890.3669000000011,0.0,0.0,0.0,0.0,0.0,0.0,0.0,0,522.4861000000001,2555.0,1890.3669000000011,0.0,267.5,0.0,0.0,0.015,4.448536994219647,4.913652986512514,NaN,NaN,3.2594921153846403,14.888332024548879,1038.0,1038.0,519.0,2018.0000000000002,1040.0,0.0,247,11,11,4,45,36.0,2032.0,65359.70809999995,18719.8541,23355.9691,206,562,0,60,0.39057842932923803,0.43681757332523286,0.543212777919043,0,4923.858299999998,4617.581399999994,45,0,0.0,0,0,11,0.0,0,0.0,76073.87341850327,0.0,0,0,0,1.5,0,0.0,0,0,0.0,0,0.0,0,0,0.0,0.0,0.0,0,0.0,0.0,NaN,5120.0,NaN,NaN,0,0,0.0,0,0.0,NaN,0,NaN,0,0,0,0.0,0.0,0.0,0.0,0.0,0.0,0.0,0.0,0,0,0,0,247,0.0,0,0,0.0,0,0.0,0.0,0.0,0.0,0.0,0.0,0.0,0.0,0.0,0.0,0.6907127485956464,451,51587.34969999996,60,24486.523718503187,4,47964.5583941689,4,23361.392900000003,2,522.4861000000001,0.0,52.03684038108344,0,0,519,519,0 bare bones,sumsy,1,-2.9103830456733704e-11
65,511,4,4,108609.35670000005,0.0,4.8292,0.0,0.0,,0.0,0.0,0.0,0.0,0.0,0.0,0.0025,0.0,0.0,0.0,1.0,0.0,0.0,0.0,0.0,1.0,0.0,0.0,1.0,0.0,0,0,42.83815029892626,5.633757890452968,48.47190818937923,34.981041642531025,5.641534185738328,40.622575828269355,0.0,0.0,0.0,0.0,0,0,0.0,0.0,0.0,1.0,1.0,0.0,0.0,0.0,0.0,0.5,0.25,0.0,-953.9529000000406,0.0,110,2555.0,1903.6607,0.0,0.0,0.0,0.0,0.0,0.0,0.0,0,522.4066,2555.0,1903.6607,0.0,267.5,0.0,0.0,0.015,4.443858942307692,4.8925728846153955,NaN,NaN,3.2623039667306606,15.22182157990509,1040.0,1040.0,520.0,2026.6666666666667,1042.0,0.0,248,11,11,1,49,28.0,2033.0,65494.914599999975,19123.434400000002,23468.6011,204,564,0,60,0.38278971808139506,0.42937669635225384,0.5422649474247492,0,4930.546500000011,4621.6133,50,1,0.0,0,0,11,0.0,0,0.0,75985.09227572469,0.0,0,0,0,1.5,0,0.0,0,0,0.0,0,0.0,0,0,0.0,0.0,0.0,0,0.0,0.0,NaN,5120.0,NaN,NaN,0,0,0.0,0,0.0,NaN,0,NaN,0,0,0,0.0,0.0,0.0,0.0,0.0,0.0,0.0,0.0,0,0,0,0,248,0.0,0,0,0.0,0,0.0,0.0,0.0,0.0,0.0,0.0,0.0,0.0,0.0,0.0,0.6876857494862125,451,51803.29589999998,60,24181.796375724658,4,48139.04164465052,4,23473.4303,2,522.4066,0.0,51.44611213590517,0,0,520,520,0 bare bones,sumsy,1,-2.9103830456733704e-11
66,511,4,4,109247.67009999996,0.0,4.2353,0.0,0.0,,0.0,0.0,0.0,0.0,0.0,0.0,0.0025,0.0,0.0,0.0,1.0,0.0,0.0,0.0,0.0,1.0,0.0,0.0,1.0,0.0,0,0,42.817080588442096,5.587131772752152,48.40421236119425,35.04383086822288,5.594937874641666,40.63876874286454,0.0,0.0,0.0,0.0,0,0,0.0,0.0,0.0,1.0,1.0,0.0,0.0,0.0,0.0,0.5,0.25,0.0,-954.0011000000407,0.0,110,2555.0,1916.6866000000011,0.0,0.0,0.0,0.0,0.0,0.0,0.0,0,522.3642,2555.0,1916.6866000000011,0.0,267.5,0.0,0.0,0.015,4.437446940726572,4.890767112810734,NaN,NaN,3.263908110687012,15.462223435794469,1046.0,1046.0,523.0,2031.6666666666667,1048.0,0.0,247,15,14,4,48,36.0,2028.0,65548.0181,19603.860800000002,23573.427,204,564,0,60,0.3792321200102955,0.4258922445658375,0.5392077393319958,0,4950.718699999991,4641.569499999994,48,0,0.0,0,0,15,0.0,0,0.0,75923.95825016226,0.0,0,0,0,1.5,0,0.0,0,0,0.0,0,0.0,0,0,0.0,0.0,0.0,0,0.0,0.0,NaN,5120.0,NaN,NaN,0,0,0.0,0,0.0,NaN,0,NaN,0,0,0,0.0,0.0,0.0,0.0,0.0,0.0,0.0,0.0,0,0,0,0,247,0.0,0,0,0.0,0,0.0,0.0,0.0,0.0,0.0,0.0,0.0,0.0,0.0,0.0,0.686582942483122,451,51812.497299999945,60,24111.46095016229,4,48301.99292691929,4,23577.6623,2,522.3642,0.0,50.88321299099163,0,0,523,523,0 bare bones,sumsy,1,-2.9103830456733704e-11
67,511,4,4,109873.21620000008,0.0,3.6414,0.0,0.0,,0.0,0.0,0.0,0.0,0.0,0.0,0.0025,0.0,0.0,0.0,1.0,0.0,0.0,0.0,0.0,1.0,0.0,0.0,1.0,0.0,0,0,42.047414237345585,5.885928870294724,47.933343107640304,34.52722709293007,5.893973815977387,40.42120090890745,0.0,0.0,0.0,0.0,0,0,0.0,0.0,0.0,1.0,1.0,0.0,0.0,0.0,0.0,0.5,0.25,0.0,-954.0435000000407,0.0,110,2555.0,1929.4538999999975,0.0,0.0,0.0,0.0,0.0,0.0,0.0,0,522.3490999999999,2555.0,1929.4538999999975,0.0,267.5,0.0,0.0,0.015,4.522717726396915,4.906626011560699,NaN,NaN,3.5008709935897255,22.90158902479905,1038.0,1038.0,519.0,2023.0,1040.0,0.0,248,21,21,3,59,38.0,2021.0,65803.49660000004,20036.6188,23510.7517,203,565,0,60,0.37249912991054424,0.4188875574125386,0.5314796850884653,0,5165.833800000009,4694.580999999998,59,0,0.0,0,0,21,0.0,0,0.0,76020.1980916578,0.0,0,0,0,1.5,0,0.0,0,0,0.0,0,0.0,0,0,0.0,0.0,0.0,0,0.0,0.0,NaN,5120.0,NaN,NaN,0,0,0.0,0,0.0,NaN,0,NaN,0,0,0,0.0,0.0,0.0,0.0,0.0,0.0,0.0,0.0,0,0,0,0,248,0.0,0,0,0.0,0,0.0,0.0,0.0,0.0,0.0,0.0,0.0,0.0,0.0,0.0,0.6831112593477593,451,52177.95489999999,60,23842.243191657763,4,48482.40073983566,4,23514.3931,2,522.3490999999999,0.0,50.34651670767375,0,0,519,519,0 bare bones,sumsy,1,-2.9103830456733704e-11
68,510,4,4,110486.2518,0.0,3.1189999999999998,0.0,0.0,,0.0,0.0,0.0,0.0,0.0,0.0,0.0025,0.0,0.0,0.0,1.0,0.0,0.0,0.0,0.0,1.0,0.0,0.0,1.0,0.0,0,0,40.8278485711227,5.694236967361006,46.52208553848371,33.622613524727655,5.697549872176154,39.32016339690381,0.0,0.0,0.0,0.0,0,0,0.0,0.0,0.0,1.0,1.0,0.0,0.0,0.0,0.0,0.5,0.25,0.0,-954.0799000000407,0.0,110,2555.0,1941.9643999999985,0.0,0.0,0.0,0.0,0.0,0.0,0.0,0,522.3,2555.0,1941.9643999999985,0.0,267.5,0.0,0.0,0.015,4.611458574181116,4.997660115606946,NaN,NaN,3.638909903846086,26.568052611684028,1038.0,1038.0,519.0,2015.0,1040.0,0.0,247,16,16,2,55,35.0,2024.0,66260.28719999998,20336.700399999998,23366.964200000002,198,570,0,58,0.369718438285332,0.41469870228681605,0.5354845653054514,0,5300.072600000014,4786.693999999999,55,0,0.0,0,0,16,0.0,0,0.0,76127.37770447273,0.0,0,0,0,1.5,0,0.0,0,0,0.0,0,0.0,0,0,0.0,0.0,0.0,0,0.0,0.0,NaN,5120.0,NaN,NaN,0,0,0.0,0,0.0,NaN,0,NaN,0,0,0,0.0,0.0,0.0,0.0,0.0,0.0,0.0,0.0,0,0,0,0,247,0.0,0,0,0.0,0,0.0,0.0,0.0,0.0,0.0,0.0,0.0,0.0,0.0,0.0,0.6810100437772371,452,53230.352899999976,58,22897.024804472752,4,48750.939882573075,4,23370.0832,2,522.3,0.0,49.84954295188258,1,0,519,519,0 bare bones,sumsy,1,-2.9103830456733704e-11
69,510,4,4,111081.52579999987,0.0,2.5967000000000002,0.0,0.0,,0.0,0.0,0.0,0.0,0.0,0.0,0.0025,0.0,0.0,0.0,1.0,0.0,0.0,0.0,0.0,1.0,0.0,0.0,1.0,0.0,0,0,39.76085258033644,5.61706716700135,45.37791974733779,32.53129422569168,5.61964705764379,38.15094128333547,0.0,0.0,0.0,0.0,0,0,0.0,0.0,0.0,1.0,1.0,0.0,0.0,0.0,0.0,0.5,0.25,0.0,-954.1111000000407,0.0,110,2550.0,1954.7259999999983,0.0,0.0,0.0,0.0,0.0,0.0,0.0,0,522.2045,2550.0,1954.7259999999983,0.0,267.0,0.0,0.0,0.015,4.6532144508670505,5.083659537572256,NaN,NaN,3.6434148717947843,26.274014173113137,1038.0,1038.0,519.0,2021.3333333333333,1040.0,0.0,248,2,2,1,37,21.0,2038.0,66547.05279999998,20777.2148,23235.0537,196,572,0,58,0.36582375338137796,0.41069898465028265,0.5340781093645075,0,5293.292300000006,4830.0365999999985,38,1,0.0,0,0,2,0.0,0,0.0,76222.08197773041,0.0,0,0,0,1.5,0,0.0,0,0,0.0,0,0.0,0,0,0.0,0.0,0.0,0,0.0,0.0,NaN,5120.0,NaN,NaN,0,0,0.0,0,0.0,NaN,0,NaN,0,0,0,0.0,0.0,0.0,0.0,0.0,0.0,0.0,0.0,0,0,0,0,248,0.0,0,0,0.0,0,0.0,0.0,0.0,0.0,0.0,0.0,0.0,0.0,0.0,0.0,0.6791011457536171,452,53470.672399999996,58,22751.409577730446,4,49020.082157458266,4,23237.650400000002,2,522.2045,0.0,49.37564223331865,0,0,519,519,0 bare bones,sumsy,1,-2.9103830456733704e-11
70,510,4,4,111664.89660000002,0.0,2.0744000000000002,0.0,0.0,,0.0,0.0,0.0,0.0,0.0,0.0,0.0025,0.0,0.0,0.0,1.0,0.0,0.0,0.0,0.0,1.0,0.0,0.0,1.0,0.0,0,0,38.501059804459246,5.967989566640991,44.46904937110024,31.396676252442298,5.969919710339256,37.36659596278155,0.0,0.0,0.0,0.0,0,0,0.0,0.0,0.0,1.0,1.0,0.0,0.0,0.0,0.0,0.5,0.25,0.0,-954.1371000000407,0.0,110,2550.0,1966.629200000001,0.0,0.0,0.0,0.0,0.0,0.0,0.0,0,522.4052,2550.0,1966.629200000001,0.0,267.0,0.0,0.0,0.015,4.646168916349811,5.077374524714807,NaN,NaN,3.635168880455401,25.958134307274364,1052.0,1052.0,526.0,2036.6666666666665,1054.0,0.0,246,12,12,1,49,29.0,2028.0,66735.55100000005,21285.6518,23121.2886,196,572,0,58,0.3557955722468664,0.4017586904748207,0.525102912789255,0,5331.764199999995,4887.769700000002,49,0,0.0,0,0,12,0.0,0,0.0,76333.51494847285,0.0,0,0,0,1.5,0,0.0,0,0,0.0,0,0.0,0,0,0.0,0.0,0.0,0,0.0,0.0,NaN,5120.0,NaN,NaN,0,0,0.0,0,0.0,NaN,0,NaN,0,0,0,0.0,0.0,0.0,0.0,0.0,0.0,0.0,0.0,0,0,0,0,246,0.0,0,0,0.0,0,0.0,0.0,0.0,0.0,0.0,0.0,0.0,0.0,0.0,0.0,0.6747392906140999,452,53752.933799999984,58,22580.58114847278,4,49302.09024554299,4,23123.363,2,522.4052,0.0,48.97978749220802,0,0,526,526,0 bare bones,sumsy,1,-2.9103830456733704e-11
71,510,4,4,112236.59930000003,0.0,1.5521,0.0,0.0,,0.0,0.0,0.0,0.0,0.0,0.0,0.0025,0.0,0.0,0.0,1.0,0.0,0.0,0.0,0.0,1.0,0.0,0.0,1.0,0.0,0,0,38.33337175244121,6.075241250806547,44.40861300324776,31.131590360820674,6.0769067596232595,37.20849712044393,0.0,0.0,0.0,0.0,0,0,0.0,0.0,0.0,1.0,1.0,0.0,0.0,0.0,0.0,0.5,0.25,0.0,-954.1579000000407,0.0,110,2550.0,1978.2973,0.0,0.0,0.0,0.0,0.0,0.0,0.0,0,522.7977,2550.0,1978.2973,0.0,267.0,0.0,0.0,0.015,4.652788867562382,5.094394625719786,NaN,NaN,3.632713218390835,26.30312042363836,1042.0,1042.0,521.0,2026.6666666666665,1044.0,0.0,246,16,16,1,50,34.0,2024.0,66997.10919999998,21710.482900000003,23006.2095,194,574,0,58,0.3518101624915737,0.3978597743705563,0.5295258604517525,0,5287.510300000007,4848.206000000002,50,0,0.0,0,0,16,0.0,0,0.0,76423.39991437201,0.0,0,0,0,1.5,0,0.0,0,0,0.0,0,0.0,0,0,0.0,0.0,0.0,0,0.0,0.0,NaN,5120.0,NaN,NaN,0,0,0.0,0,0.0,NaN,0,NaN,0,0,0,0.0,0.0,0.0,0.0,0.0,0.0,0.0,0.0,0,0,0,0,246,0.0,0,0,0.0,0,0.0,0.0,0.0,0.0,0.0,0.0,0.0,0.0,0.0,0.0,0.673002013339709,452,53926.45109999993,58,22496.94881437208,4,49605.23431984316,4,23007.761599999998,2,522.7977,0.0,48.59712790913442,0,0,521,521,0 bare bones,sumsy,1,-2.9103830456733704e-11
72,510,4,4,112796.86750000004,0.0,1.0298,0.0,0.0,,0.0,0.0,0.0,0.0,0.0,0.0,0.0025,0.0,0.0,0.0,1.0,0.0,0.0,0.0,0.0,1.0,0.0,0.0,1.0,0.0,0,0,37.95914887503515,6.041627390970321,44.00077626600547,30.829996754489798,6.0422677406293115,36.87226449511911,0.0,0.0,0.0,0.0,0,0,0.0,0.0,0.0,1.0,1.0,0.0,0.0,0.0,0.0,0.5,0.25,0.0,-954.1734000000407,0.0,110,2550.0,1989.731800000002,0.0,0.0,0.0,0.0,0.0,0.0,0.0,0,522.6835000000001,2550.0,1989.731800000002,0.0,267.0,0.0,0.0,0.015,4.6569673076923115,5.074003461538489,NaN,NaN,3.6313582533588553,26.440570269971136,1040.0,1040.0,520.0,2022.6666666666667,1042.0,0.0,247,20,20,1,57,38.0,2019.0,67211.39740000002,22151.478300000002,22911.3083,193,575,0,58,0.3489410555438519,0.394421481589726,0.5313122499093998,0,5274.459199999987,4843.246000000004,57,0,0.0,0,0,20,0.0,0,0.0,76518.22176358083,0.0,0,0,0,1.5,0,0.0,0,0,0.0,0,0.0,0,0,0.0,0.0,0.0,0,0.0,0.0,NaN,5120.0,NaN,NaN,0,0,0.0,0,0.0,NaN,0,NaN,0,0,0,0.0,0.0,0.0,0.0,0.0,0.0,0.0,0.0,0,0,0,0,247,0.0,0,0,0.0,0,0.0,0.0,0.0,0.0,0.0,0.0,0.0,0.0,0.0,0.0,0.671471053817106,452,54240.780099999945,58,22277.44166358085,4,49882.13189616056,4,22912.3381,2,522.6835000000001,0.0,48.22722364549662,0,0,520,520,0 bare bones,sumsy,1,-2.9103830456733704e-11
73,510,4,4,113345.93109999991,0.0,0.5097,0.0,0.0,,0.0,0.0,0.0,0.0,0.0,0.0,0.0025,0.0,0.0,0.0,1.0,0.0,0.0,0.0,0.0,1.0,0.0,0.0,1.0,0.0,0,0,37.723369772566926,6.1397280367137945,43.86309780928072,30.5315603561387,6.1397280367137945,36.671288392852496,0.0,0.0,0.0,0.0,0,0,0.0,0.0,0.0,1.0,1.0,0.0,0.0,0.0,0.0,0.5,0.25,0.0,-954.1837000000407,0.0,110,2550.0,2000.9364000000003,0.0,0.0,0.0,0.0,0.0,0.0,0.0,0,522.6180999999999,2550.0,2000.9364000000003,0.0,267.0,0.0,0.0,0.015,4.6491980657640255,5.041974661508704,NaN,NaN,3.6397879343629564,26.682163744039222,1034.0,1034.0,517.0,2017.6666666666667,1036.0,0.0,247,7,7,2,46,22.0,2033.0,67481.10889999993,22521.7223,22820.4818,191,577,0,57,0.3434762719316298,0.38912386115897246,0.53441890245431,0,5255.900699999984,4807.270800000002,47,1,0.0,0,0,7,0.0,0,0.0,76623.70225908018,0.0,0,0,0,1.5,0,0.0,0,0,0.0,0,0.0,0,0,0.0,0.0,0.0,0,0.0,0.0,NaN,5120.0,NaN,NaN,0,0,0.0,0,0.0,NaN,0,NaN,0,0,0,0.0,0.0,0.0,0.0,0.0,0.0,0.0,0.0,0,0,0,0,247,0.0,0,0,0.0,0,0.0,0.0,0.0,0.0,0.0,0.0,0.0,0.0,0.0,0.0,0.6689614047328527,453,54736.553699999924,57,21887.14855908019,4,50142.5100753365,4,22820.9915,2,522.6180999999999,0.0,47.86964952398007,0,0,517,517,0 bare bones,sumsy,1,-2.9103830456733704e-11
74,510,4,4,113884.01239999998,0.0,0.3818,0.0,0.0,,0.0,0.0,0.0,0.0,0.0,0.0,0.0025,0.0,0.0,0.0,1.0,0.0,0.0,0.0,0.0,1.0,0.0,0.0,1.0,0.0,0,0,37.002693571949784,6.377829831772124,43.38052340372191,29.906490343507063,6.377829831772124,36.284320175279184,0.0,0.0,0.0,0.0,0,0,0.0,0.0,0.0,1.0,1.0,0.0,0.0,0.0,0.0,0.5,0.25,0.0,-954.1888000000407,0.0,110,2550.0,2011.918700000002,0.0,0.0,0.0,0.0,0.0,0.0,0.0,0,522.5847,2550.0,2011.918700000002,0.0,267.0,0.0,0.0,0.015,4.641778952380951,5.063860571428562,NaN,NaN,3.6501305133079924,26.410371313450334,1050.0,1050.0,525.0,2030.3333333333333,1052.0,0.0,245,12,12,1,50,27.0,2028.0,67710.46839999995,22943.1514,22707.807900000003,190,578,0,57,0.33635011492319133,0.3821825130922989,0.5266917035950796,0,5320.335700000007,4873.867899999999,50,0,0.0,0,0,12,0.0,0,0.0,76738.53243635091,0.0,0,0,0,1.5,0,0.0,0,0,0.0,0,0.0,0,0,0.0,0.0,0.0,0,0.0,0.0,NaN,5120.0,NaN,NaN,0,0,0.0,0,0.0,NaN,0,NaN,0,0,0,0.0,0.0,0.0,0.0,0.0,0.0,0.0,0.0,0,0,0,0,245,0.0,0,0,0.0,0,0.0,0.0,0.0,0.0,0.0,0.0,0.0,0.0,0.0,0.0,0.6655733986490262,453,55037.01759999996,57,21701.514836350907,4,50408.63399689911,4,22708.189700000003,2,522.5847,0.0,47.5181359807943,0,0,525,525,0 bare bones,sumsy,1,-2.9103830456733704e-11
75,510,4,4,114411.33149999994,0.0,0.2548,0.0,0.0,,0.0,0.0,0.0,0.0,0.0,0.0,0.0025,0.0,0.0,0.0,1.0,0.0,0.0,0.0,0.0,1.0,0.0,0.0,1.0,0.0,0,0,36.68619498883725,6.495170155007569,43.18136514384483,29.598874643278698,6.495170155007569,36.09404479828627,0.0,0.0,0.0,0.0,0,0,0.0,0.0,0.0,1.0,1.0,0.0,0.0,0.0,0.0,0.5,0.25,0.0,-954.1926000000407,0.0,110,2550.0,2022.680900000001,0.0,0.0,0.0,0.0,0.0,0.0,0.0,0,522.5878,2550.0,2022.680900000001,0.0,267.0,0.0,0.0,0.015,4.646597418738054,5.067646653919717,NaN,NaN,3.641843606870254,26.596550012857378,1046.0,1046.0,523.0,2026.6666666666665,1048.0,0.0,245,9,9,1,46,26.0,2031.0,67925.41070000004,23354.9081,22608.424899999998,189,579,0,56,0.3322296106946805,0.3780544196653999,0.5280079318114186,0,5292.663599999995,4860.340900000005,46,0,0.0,0,0,9,0.0,0,0.0,76841.89961052717,0.0,0,0,0,1.5,0,0.0,0,0,0.0,0,0.0,0,0,0.0,0.0,0.0,0,0.0,0.0,NaN,5120.0,NaN,NaN,0,0,0.0,0,0.0,NaN,0,NaN,0,0,0,0.0,0.0,0.0,0.0,0.0,0.0,0.0,0.0,0,0,0,0,245,0.0,0,0,0.0,0,0.0,0.0,0.0,0.0,0.0,0.0,0.0,0.0,0.0,0.0,0.6636449539293459,454,55593.03960000006,56,21248.86001052708,4,50671.28168939245,4,22608.6797,2,522.5878,0.0,47.17853815093687,0,0,523,523,0 bare bones,sumsy,1,-2.9103830456733704e-11
76,510,4,4,114928.1059000001,0.0,0.1278,0.0,0.0,,0.0,0.0,0.0,0.0,0.0,0.0,0.0025,0.0,0.0,0.0,1.0,0.0,0.0,0.0,0.0,1.0,0.0,0.0,1.0,0.0,0,0,36.31469891318904,6.587379585964879,42.90207849915392,29.025995904695375,6.587379585964879,35.61337549066025,0.0,0.0,0.0,0.0,0,0,0.0,0.0,0.0,1.0,1.0,0.0,0.0,0.0,0.0,0.5,0.25,0.0,-954.1951000000407,0.0,110,2550.0,2033.2256000000002,0.0,0.0,0.0,0.0,0.0,0.0,0.0,0,522.6067,2550.0,2033.2256000000002,0.0,267.0,0.0,0.0,0.015,4.648334703632882,5.060015296367134,NaN,NaN,3.6453812022900833,26.69825195251843,1046.0,1046.0,523.0,2029.6666666666665,1048.0,0.0,246,15,15,1,52,31.0,2025.0,68100.9188,23789.201,22515.3794,189,579,0,56,0.3240180889410531,0.3705825302220309,0.5278688792630792,0,5292.790699999987,4862.158099999994,53,1,0.0,0,0,15,0.0,0,0.0,76954.45734119852,0.0,0,0,0,1.5,0,0.0,0,0,0.0,0,0.0,0,0,0.0,0.0,0.0,0,0.0,0.0,NaN,5120.0,NaN,NaN,0,0,0.0,0,0.0,NaN,0,NaN,0,0,0,0.0,0.0,0.0,0.0,0.0,0.0,0.0,0.0,0,0,0,0,246,0.0,0,0,0.0,0,0.0,0.0,0.0,0.0,0.0,0.0,0.0,0.0,0.0,0.0,0.6599893165856761,454,55815.606199999995,56,21138.851141198546,4,50912.337569068564,4,22515.5072,2,522.6067,0.0,46.84479545607697,0,0,523,523,0 bare bones,sumsy,1,-2.9103830456733704e-11
77,510,4,4,115434.54420000005,0.0,0.0008,0.0,0.0,,0.0,0.0,0.0,0.0,0.0,0.0,0.0025,0.0,0.0,0.0,1.0,0.0,0.0,0.0,0.0,1.0,0.0,0.0,1.0,0.0,0,0,35.6043973964408,6.719074221988217,42.32347161842902,28.598511595491097,6.719074221988217,35.31758581747931,0.0,0.0,0.0,0.0,0,0,0.0,0.0,0.0,1.0,1.0,0.0,0.0,0.0,0.0,0.5,0.25,0.0,-954.1964000000407,0.0,110,2550.0,2043.5617000000004,0.0,0.0,0.0,0.0,0.0,0.0,0.0,0,522.5981999999999,2550.0,2043.5617000000004,0.0,267.0,0.0,0.0,0.015,4.646941057692305,5.044739615384624,NaN,NaN,3.648949904030751,26.979593515556214,1040.0,1040.0,520.0,2023.6666666666667,1042.0,0.0,247,15,15,4,47,38.0,2024.0,68356.8244,24129.5605,22425.5611,187,581,0,56,0.31965360081882355,0.365243255893972,0.5311430669544295,0,5269.414000000017,4832.818699999997,47,0,0.0,0,0,15,0.0,0,0.0,77056.54253131106,0.0,0,0,0,1.5,0,0.0,0,0,0.0,0,0.0,0,0,0.0,0.0,0.0,0,0.0,0.0,NaN,5120.0,NaN,NaN,0,0,0.0,0,0.0,NaN,0,NaN,0,0,0,0.0,0.0,0.0,0.0,0.0,0.0,0.0,0.0,0,0,0,0,247,0.0,0,0,0.0,0,0.0,0.0,0.0,0.0,0.0,0.0,0.0,0.0,0.0,0.0,0.657436077734157,454,56221.33220000008,56,20835.210331311006,4,51159.16851653311,4,22425.5619,2,522.5981999999999,0.0,46.52256113000536,0,0,520,520,0 bare bones,sumsy,1,-2.9103830456733704e-11
78,510,4,4,115930.85319999994,0.0,0.0,0.0,0.0,,0.0,0.0,0.0,0.0,0.0,0.0,0.0025,0.0,0.0,0.0,1.0,0.0,0.0,0.0,0.0,1.0,0.0,0.0,1.0,0.0,0,0,35.497173546423156,6.510163503871693,42.00733705029485,28.378319163806378,6.510163503871693,34.88848266767807,0.0,0.0,0.0,0.0,0,0,0.0,0.0,0.0,1.0,1.0,0.0,0.0,0.0,0.0,0.5,0.25,0.0,-954.1964000000407,0.0,110,2550.0,2053.6910000000007,0.0,0.0,0.0,0.0,0.0,0.0,0.0,0,522.6011000000001,2550.0,2053.6910000000007,0.0,267.0,0.0,0.0,0.015,4.650387065637065,5.023797876447882,NaN,NaN,3.6547948298008666,27.12840564190653,1036.0,1036.0,518.0,2018.6666666666667,1038.0,0.0,247,29,29,2,62,52.0,2010.0,68577.3751,24480.9851,22349.891900000002,186,582,0,56,0.31861641216419234,0.3641028012220764,0.5325248246531495,0,5256.383300000017,4817.8009999999995,62,0,0.0,0,0,29,0.0,0,0.0,77172.70262982986,0.0,0,0,0,1.5,0,0.0,0,0,0.0,0,0.0,0,0,0.0,0.0,0.0,0,0.0,0.0,NaN,5120.0,NaN,NaN,0,0,0.0,0,0.0,NaN,0,NaN,0,0,0,0.0,0.0,0.0,0.0,0.0,0.0,0.0,0.0,0,0,0,0,247,0.0,0,0,0.0,0,0.0,0.0,0.0,0.0,0.0,0.0,0.0,0.0,0.0,0.0,0.6569273902891035,454,56457.60900000004,56,20715.093629829924,4,51376.042209467836,4,22349.891900000002,2,522.6011000000001,0.0,46.211438332418965,0,0,518,518,0 bare bones,sumsy,1,-2.9103830456733704e-11
79,510,4,4,116417.23470000007,0.0,0.0,0.0,0.0,,0.0,0.0,0.0,0.0,0.0,0.0,0.0025,0.0,0.0,0.0,1.0,0.0,0.0,0.0,0.0,1.0,0.0,0.0,1.0,0.0,0,0,35.57879497033446,6.614644843399816,42.193439813734265,28.254390253081493,6.614644843399816,34.869035096481305,0.0,0.0,0.0,0.0,0,0,0.0,0.0,0.0,1.0,1.0,0.0,0.0,0.0,0.0,0.5,0.25,0.0,-954.1964000000407,0.0,110,2550.0,2063.618500000001,0.0,0.0,0.0,0.0,0.0,0.0,0.0,0,522.6078,2550.0,2063.618500000001,0.0,267.0,0.0,0.0,0.015,4.756952935420745,5.050646771037176,NaN,NaN,3.808250162760459,27.530466424634533,1022.0,1022.0,511.0,2007.3333333333333,1023.9999999999999,0.0,250,10,10,2,44,32.0,2029.0,68854.20189999999,24828.7007,22211.7243,185,583,0,56,0.31512513734886993,0.3608147712437013,0.5466779410069471,0,5356.70389999999,4861.605900000001,44,0,0.0,0,0,10,0.0,0,0.0,77347.74502282526,0.0,0,0,0,1.5,0,0.0,0,0,0.0,0,0.0,0,0,0.0,0.0,0.0,0,0.0,0.0,NaN,5120.0,NaN,NaN,0,0,0.0,0,0.0,NaN,0,NaN,0,0,0,0.0,0.0,0.0,0.0,0.0,0.0,0.0,0.0,0,0,0,0,250,0.0,0,0,0.0,0,0.0,0.0,0.0,0.0,0.0,0.0,0.0,0.0,0.0,0.0,0.6551074854487136,454,56617.213599999974,56,20730.53142282519,4,51594.83929787612,4,22211.7243,2,522.6078,0.0,45.91104390716315,0,0,511,511,0 bare bones,sumsy,1,-2.9103830456733704e-11
80,510,4,4,116893.88959999998,0.0,0.0,0.0,0.0,,0.0,0.0,0.0,0.0,0.0,0.0,0.0025,0.0,0.0,0.0,1.0,0.0,0.0,0.0,0.0,1.0,0.0,0.0,1.0,0.0,0,0,34.168501401757304,6.849413003754216,41.01791440551151,27.064271691239576,6.849413003754216,33.91368469499379,0.0,0.0,0.0,0.0,0,0,0.0,0.0,0.0,1.0,1.0,0.0,0.0,0.0,0.0,0.5,0.25,0.0,-954.1964000000407,0.0,110,2550.0,2073.3450999999986,0.0,0.0,0.0,0.0,0.0,0.0,0.0,0,522.5703,2550.0,2073.3450999999986,0.0,267.0,0.0,0.0,0.015,4.8157640384615386,5.153565576923063,NaN,NaN,3.830350671785036,27.19490911257967,1040.0,1040.0,520.0,2026.3333333333333,1042.0,0.0,247,22,22,1,53,44.0,2018.0,69035.3916,25257.503099999998,22078.4246,185,583,0,56,0.3066031578935873,0.3528956019941958,0.5378147298311127,0,5444.584299999987,5008.3946000000005,54,1,0.0,0,0,22,0.0,0,0.0,77475.27806341738,0.0,0,0,0,1.5,0,0.0,0,0,0.0,0,0.0,0,0,0.0,0.0,0.0,0,0.0,0.0,NaN,5120.0,NaN,NaN,0,0,0.0,0,0.0,NaN,0,NaN,0,0,0,0.0,0.0,0.0,0.0,0.0,0.0,0.0,0.0,0,0,0,0,247,0.0,0,0,0.0,0,0.0,0.0,0.0,0.0,0.0,0.0,0.0,0.0,0.0,0.0,0.6511609017409559,454,56882.26859999998,56,20593.00946341742,4,51854.55071174246,4,22078.4246,2,522.5703,0.0,45.62100791036441,0,0,520,520,0 bare bones,sumsy,1,-2.9103830456733704e-11
81,510,4,4,117361.01289999987,0.0,0.0,0.0,0.0,,0.0,0.0,0.0,0.0,0.0,0.0,0.0025,0.0,0.0,0.0,1.0,0.0,0.0,0.0,0.0,1.0,0.0,0.0,1.0,0.0,0,0,33.32721123488424,6.825826869027562,40.1530381039118,26.52844580294898,6.825826869027562,33.35427267197654,0.0,0.0,0.0,0.0,0,0,0.0,0.0,0.0,1.0,1.0,0.0,0.0,0.0,0.0,0.5,0.25,0.0,-954.1964000000407,0.0,110,2550.0,2082.8767000000003,0.0,0.0,0.0,0.0,0.0,0.0,0.0,0,522.8240000000001,2550.0,2082.8767000000003,0.0,267.0,0.0,0.0,0.015,4.848791634241246,5.207238910505831,NaN,NaN,3.8198840776698746,27.4955295352675,1028.0,1028.0,514.0,2016.6666666666665,1030.0,0.0,250,2,2,3,39,20.0,2038.0,69287.35110000004,25577.7624,21973.075399999998,182,586,0,56,0.302911839597646,0.3482617001089512,0.5418349986496911,0,5382.698900000012,4984.5578000000005,39,0,0.0,0,0,2,0.0,0,0.0,77539.40821417984,0.0,0,0,0,1.5,0,0.0,0,0,0.0,0,0.0,0,0,0.0,0.0,0.0,0,0.0,0.0,NaN,5120.0,NaN,NaN,0,0,0.0,0,0.0,NaN,0,NaN,0,0,0,0.0,0.0,0.0,0.0,0.0,0.0,0.0,0.0,0,0,0,0,250,0.0,0,0,0.0,0,0.0,0.0,0.0,0.0,0.0,0.0,0.0,0.0,0.0,0.0,0.6491245846287976,454,57201.03660000005,56,20338.371614179898,4,52147.572668733075,4,21973.075399999998,2,522.8240000000001,0.0,45.34097315483461,0,0,514,514,0 bare bones,sumsy,1,-2.9103830456733704e-11
82,510,4,4,117818.7924,0.0,0.0,0.0,0.0,,0.0,0.0,0.0,0.0,0.0,0.0,0.0025,0.0,0.0,0.0,1.0,0.0,0.0,0.0,0.0,1.0,0.0,0.0,1.0,0.0,0,0,33.09881722330789,6.68183961761136,39.78065684091925,26.180808108327415,6.68183961761136,32.86264772593878,0.0,0.0,0.0,0.0,0,0,0.0,0.0,0.0,1.0,1.0,0.0,0.0,0.0,0.0,0.5,0.25,0.0,-954.1964000000407,0.0,110,2550.0,2092.2204999999994,0.0,0.0,0.0,0.0,0.0,0.0,0.0,0,522.9753000000001,2550.0,2092.2204999999994,0.0,267.0,0.0,0.0,0.015,4.844170627376431,5.221800190114075,NaN,NaN,3.8185937381404003,26.98303655406706,1052.0,1052.0,526.0,2034.0,1054.0,0.0,246,12,12,1,43,34.0,2028.0,69406.85959999998,26020.165800000002,21868.7917,182,586,0,56,0.30166726510839226,0.3467949293830561,0.5295675662728387,0,5470.575999999986,5096.067500000006,43,0,0.0,0,0,12,0.0,0,0.0,77609.70784817367,0.0,0,0,0,1.5,0,0.0,0,0,0.0,0,0.0,0,0,0.0,0.0,0.0,0,0.0,0.0,NaN,5120.0,NaN,NaN,0,0,0.0,0,0.0,NaN,0,NaN,0,0,0,0.0,0.0,0.0,0.0,0.0,0.0,0.0,0.0,0,0,0,0,246,0.0,0,0,0.0,0,0.0,0.0,0.0,0.0,0.0,0.0,0.0,0.0,0.0,0.0,0.6486466894854588,454,57329.03189999997,56,20280.6759481737,4,52431.534335328484,4,21868.7917,2,522.9753000000001,0.0,45.07059477018514,0,0,526,526,0 bare bones,sumsy,1,-2.9103830456733704e-11
83,510,4,4,118267.4167,0.0,0.0,0.0,0.0,,0.0,0.0,0.0,0.0,0.0,0.0,0.0025,0.0,0.0,0.0,1.0,0.0,0.0,0.0,0.0,1.0,0.0,0.0,1.0,0.0,0,0,32.32316667231623,7.125178699835026,39.44834537215126,25.52438001709062,7.125178699835026,32.64955871692565,0.0,0.0,0.0,0.0,0,0,0.0,0.0,0.0,1.0,1.0,0.0,0.0,0.0,0.0,0.5,0.25,0.0,-954.1964000000407,0.0,110,2550.0,2101.3756999999987,0.0,0.0,0.0,0.0,0.0,0.0,0.0,0,523.0312,2550.0,2101.3756999999987,0.0,267.0,0.0,0.0,0.015,4.849747788461534,5.170683653846152,NaN,NaN,3.812406589891198,27.471205574963875,1040.0,1040.0,520.0,2026.6666666666667,1042.0,0.0,247,15,14,1,50,33.0,2024.0,69594.29779999996,26348.427600000003,21801.6601,180,588,0,54,0.29506655182924457,0.33987572544364264,0.5350508128800993,0,5414.480699999995,5043.737699999995,50,0,0.0,0,0,15,0.0,0,0.0,77660.01496005975,0.0,0,0,0,1.5,0,0.0,0,0,0.0,0,0.0,0,0,0.0,0.0,0.0,0,0.0,0.0,NaN,5120.0,NaN,NaN,0,0,0.0,0,0.0,NaN,0,NaN,0,0,0,0.0,0.0,0.0,0.0,0.0,0.0,0.0,0.0,0,0,0,0,247,0.0,0,0,0.0,0,0.0,0.0,0.0,0.0,0.0,0.0,0.0,0.0,0.0,0.0,0.6455260801212495,456,58152.76579999992,54,19507.249160059764,4,52696.436989528556,4,21801.6601,2,523.0312,0.0,44.809539778109794,0,0,520,520,0 bare bones,sumsy,1,-2.9103830456733704e-11
84,510,4,4,118707.06789999989,0.0,0.0,0.0,0.0,,0.0,0.0,0.0,0.0,0.0,0.0,0.0025,0.0,0.0,0.0,1.0,0.0,0.0,0.0,0.0,1.0,0.0,0.0,1.0,0.0,0,0,32.343664287387654,7.0785813636332735,39.42224565102092,25.84994563324208,7.0785813636332735,32.92852699687535,0.0,0.0,0.0,0.0,0,0,0.0,0.0,0.0,1.0,1.0,0.0,0.0,0.0,0.0,0.5,0.25,0.0,-954.1964000000407,0.0,110,2550.0,2110.348799999998,0.0,0.0,0.0,0.0,0.0,0.0,0.0,0,523.0534,2550.0,2110.348799999998,0.0,267.0,0.0,0.0,0.015,4.836128461538457,5.155472115384643,NaN,NaN,3.8235497120921713,27.567249391306504,1040.0,1040.0,520.0,2023.0,1042.0,0.0,246,25,25,5,57,51.0,2015.0,69767.91139999998,26694.4355,21721.6676,179,589,0,54,0.29598691730308513,0.3397861982505006,0.5357533533603143,0,5422.548399999994,5029.573599999995,57,0,0.0,0,0,25,0.0,0,0.0,77742.09017670015,0.0,0,0,0,1.5,0,0.0,0,0,0.0,0,0.0,0,0,0.0,0.0,0.0,0,0.0,0.0,NaN,5120.0,NaN,NaN,0,0,0.0,0,0.0,NaN,0,NaN,0,0,0,0.0,0.0,0.0,0.0,0.0,0.0,0.0,0.0,0,0,0,0,246,0.0,0,0,0.0,0,0.0,0.0,0.0,0.0,0.0,0.0,0.0,0.0,0.0,0.0,0.6456656925720821,456,58356.84639999999,54,19385.243776700165,4,52933.493038974295,4,21721.6676,2,523.0534,0.0,44.54848478603445,0,0,520,520,0 bare bones,sumsy,1,-2.9103830456733704e-11
85,510,4,4,119137.92750000005,0.0,0.0,0.0,0.0,,0.0,0.0,0.0,0.0,0.0,0.0,0.0025,0.0,0.0,0.0,1.0,0.0,0.0,0.0,0.0,1.0,0.0,0.0,1.0,0.0,0,0,32.15299074218024,7.077402455949673,39.23039319812992,25.674719996612247,7.077402455949673,32.75212245256192,0.0,0.0,0.0,0.0,0,0,0.0,0.0,0.0,1.0,1.0,0.0,0.0,0.0,0.0,0.5,0.25,0.0,-954.1964000000407,0.0,110,2550.0,2119.140400000003,0.0,0.0,0.0,0.0,0.0,0.0,0.0,0,523.0588,2550.0,2119.140400000003,0.0,267.0,0.0,0.0,0.015,4.8452014705882345,5.197242745098046,NaN,NaN,3.831753326810147,28.19593402746436,1020.0,1020.0,510.0,2008.3333333333335,1022.0000000000001,0.0,251,22,22,0,55,40.0,2016.0,69991.5787999999,27005.7471,21617.5428,177,591,0,54,0.2921367913108397,0.33545303310506824,0.5459085272322657,0,5349.898099999981,4942.105499999999,55,0,0.0,0,0,22,0.0,0,0.0,77832.1041140162,0.0,0,0,0,1.5,0,0.0,0,0,0.0,0,0.0,0,0,0.0,0.0,0.0,0,0.0,0.0,NaN,5120.0,NaN,NaN,0,0,0.0,0,0.0,NaN,0,NaN,0,0,0,0.0,0.0,0.0,0.0,0.0,0.0,0.0,0.0,0,0,0,0,251,0.0,0,0,0.0,0,0.0,0.0,0.0,0.0,0.0,0.0,0.0,0.0,0.0,0.0,0.6436415299813683,456,58604.29630000004,54,19227.807814016385,4,53185.12823324114,4,21617.5428,2,523.0588,0.0,44.29675318653324,0,0,510,510,0 bare bones,sumsy,1,-2.9103830456733704e-11
86,510,4,4,119560.16879999991,0.0,0.0,0.0,0.0,,0.0,0.0,0.0,0.0,0.0,0.0,0.0025,0.0,0.0,0.0,1.0,0.0,0.0,0.0,0.0,1.0,0.0,0.0,1.0,0.0,0,0,32.0196394111469,7.20214532045097,39.221784731597864,25.208863509692378,7.20214532045097,32.41100883014335,0.0,0.0,0.0,0.0,0,0,0.0,0.0,0.0,1.0,1.0,0.0,0.0,0.0,0.0,0.5,0.25,0.0,-954.1964000000407,0.0,110,2550.0,2127.7587000000003,0.0,0.0,0.0,0.0,0.0,0.0,0.0,0,523.0788,2550.0,2127.7587000000003,0.0,267.0,0.0,0.0,0.015,4.85810309477756,5.165040812379097,NaN,NaN,3.8188131274131556,27.92339907993401,1034.0,1034.0,517.0,2016.0,1036.0,0.0,247,5,5,1,44,21.0,2035.0,70204.81350000006,27272.628099999998,21559.648400000002,174,594,0,53,0.28641781122595167,0.3308407429356266,0.5387154827029437,0,5385.783699999999,5023.278599999997,44,0,0.0,0,0,5,0.0,0,0.0,77870.21158822622,0.0,0,0,0,1.5,0,0.0,0,0,0.0,0,0.0,0,0,0.0,0.0,0.0,0,0.0,0.0,NaN,5120.0,NaN,NaN,0,0,0.0,0,0.0,NaN,0,NaN,0,0,0,0.0,0.0,0.0,0.0,0.0,0.0,0.0,0.0,0,0,0,0,247,0.0,0,0,0.0,0,0.0,0.0,0.0,0.0,0.0,0.0,0.0,0.0,0.0,0.0,0.6417108286285058,457,58930.804099999994,53,18939.40748822618,4,53440.71122877214,4,21559.648400000002,2,523.0788,0.0,44.0540120012999,0,0,517,517,0 bare bones,sumsy,1,-2.9103830456733704e-11
87,510,4,4,119973.96610000005,0.0,0.0,0.0,0.0,,0.0,0.0,0.0,0.0,0.0,0.0,0.0025,0.0,0.0,0.0,1.0,0.0,0.0,0.0,0.0,1.0,0.0,0.0,1.0,0.0,0,0,31.757287053974597,7.314115360949373,39.07140241492397,24.744373332853446,7.314115360949373,32.05848869380282,0.0,0.0,0.0,0.0,0,0,0.0,0.0,0.0,1.0,1.0,0.0,0.0,0.0,0.0,0.5,0.25,0.0,-954.1964000000407,0.0,110,2550.0,2136.2027000000016,0.0,0.0,0.0,0.0,0.0,0.0,0.0,0,523.0984,2550.0,2136.2027000000016,0.0,267.0,0.0,0.0,0.015,4.85692761904762,5.2264443809523575,NaN,NaN,3.837537832699659,27.570240239942645,1050.0,1050.0,525.0,2033.6666666666667,1052.0,0.0,246,11,11,3,47,29.0,2029.0,70348.73890000004,27640.5776,21461.5512,173,595,0,53,0.28236827934180453,0.327007444490214,0.5307251743181793,0,5463.646900000005,5099.774000000001,47,0,0.0,0,0,11,0.0,0,0.0,77928.85228254399,0.0,0,0,0,1.5,0,0.0,0,0,0.0,0,0.0,0,0,0.0,0.0,0.0,0,0.0,0.0,NaN,5120.0,NaN,NaN,0,0,0.0,0,0.0,NaN,0,NaN,0,0,0,0.0,0.0,0.0,0.0,0.0,0.0,0.0,0.0,0,0,0,0,246,0.0,0,0,0.0,0,0.0,0.0,0.0,0.0,0.0,0.0,0.0,0.0,0.0,0.0,0.6400673647061632,457,59061.246200000074,53,18867.60608254397,4,53710.909753836226,4,21461.5512,2,523.0984,0.0,43.81568429216171,0,0,525,525,0 bare bones,sumsy,1,-2.9103830456733704e-11
88,510,4,4,120379.48770000009,0.0,0.0,0.0,0.0,,0.0,0.0,0.0,0.0,0.0,0.0,0.0025,0.0,0.0,0.0,1.0,0.0,0.0,0.0,0.0,1.0,0.0,0.0,1.0,0.0,0,0,31.81327621392021,7.154935919997746,38.96821213391796,24.66347678290427,7.154935919997746,31.818412702902013,0.0,0.0,0.0,0.0,0,0,0.0,0.0,0.0,1.0,1.0,0.0,0.0,0.0,0.0,0.5,0.25,0.0,-954.1964000000407,0.0,110,2550.0,2144.4784000000022,0.0,0.0,0.0,0.0,0.0,0.0,0.0,0,523.0832,2550.0,2144.4784000000022,0.0,267.0,0.0,0.0,0.015,4.860507965451059,5.134669673704427,NaN,NaN,3.8227716794381195,27.940331355609228,1042.0,1042.0,521.0,2025.0000000000002,1044.0,0.0,247,13,13,4,50,31.0,2027.0,70444.66319999995,27980.387300000002,21431.354,173,595,0,53,0.2825775550271161,0.32722269348059774,0.5334136965908152,0,5415.573600000003,5064.649300000004,50,0,0.0,0,0,13,0.0,0,0.0,77985.04518681513,0.0,0,0,0,1.5,0,0.0,0,0,0.0,0,0.0,0,0,0.0,0.0,0.0,0,0.0,0.0,NaN,5120.0,NaN,NaN,0,0,0.0,0,0.0,NaN,0,NaN,0,0,0,0.0,0.0,0.0,0.0,0.0,0.0,0.0,0.0,0,0,0,0,247,0.0,0,0,0.0,0,0.0,0.0,0.0,0.0,0.0,0.0,0.0,0.0,0.0,0.0,0.6404459722558689,457,59072.50879999993,53,18912.536386815107,4,53914.07101187855,4,21431.354,2,523.0832,0.0,43.58602304517403,0,0,521,521,0 bare bones,sumsy,1,-2.9103830456733704e-11
89,510,4,4,120776.89719999983,0.0,0.0,0.0,0.0,,0.0,0.0,0.0,0.0,0.0,0.0,0.0025,0.0,0.0,0.0,1.0,0.0,0.0,0.0,0.0,1.0,0.0,0.0,1.0,0.0,0,0,31.353368770357342,7.408131135284613,38.761499905641955,24.339315782669573,7.408131135284613,31.747446917954186,0.0,0.0,0.0,0.0,0,0,0.0,0.0,0.0,1.0,1.0,0.0,0.0,0.0,0.0,0.5,0.25,0.0,-954.1964000000407,0.0,110,2550.0,2152.5905000000016,0.0,0.0,0.0,0.0,0.0,0.0,0.0,0,523.7062,2550.0,2152.5905000000016,0.0,267.0,0.0,0.0,0.015,4.846602207293663,5.184299616122821,NaN,NaN,3.848017528735673,28.058164840725777,1042.0,1042.0,521.0,2021.666666666667,1044.0,0.0,247,14,14,2,47,36.0,2024.0,70646.69239999996,28267.6748,21338.823800000002,171,597,0,53,0.2781651392836131,0.32238093256396905,0.5335566550399964,0,5437.8051,5050.159499999997,47,0,0.0,0,0,14,0.0,0,0.0,78062.05834288019,0.0,0,0,0,1.5,0,0.0,0,0,0.0,0,0.0,0,0,0.0,0.0,0.0,0,0.0,0.0,NaN,5120.0,NaN,NaN,0,0,0.0,0,0.0,NaN,0,NaN,0,0,0,0.0,0.0,0.0,0.0,0.0,0.0,0.0,0.0,0,0,0,0,247,0.0,0,0,0.0,0,0.0,0.0,0.0,0.0,0.0,0.0,0.0,0.0,0.0,0.0,0.6382146888824543,457,59308.11190000006,53,18753.946442880228,4,54156.40853040639,4,21338.823800000002,2,523.7062,0.0,43.36471311625862,0,0,521,521,0 bare bones,sumsy,1,-2.9103830456733704e-11
90,510,4,4,121166.35880000013,0.0,0.0,0.0,0.0,,0.0,0.0,0.0,0.0,0.0,0.0,0.0025,0.0,0.0,0.0,1.0,0.0,0.0,0.0,0.0,1.0,0.0,0.0,1.0,0.0,0,0,31.01929011384819,7.596730413886428,38.61602052773462,24.039385378061137,7.596730413886428,31.636115791947564,0.0,0.0,0.0,0.0,0,0,0.0,0.0,0.0,1.0,1.0,0.0,0.0,0.0,0.0,0.5,0.25,0.0,-954.1964000000407,0.0,110,2550.0,2160.538400000001,0.0,0.0,0.0,0.0,0.0,0.0,0.0,0,523.3939,2550.0,2160.538400000001,0.0,267.0,0.0,0.0,0.015,4.850374131274135,5.148473359073367,NaN,NaN,3.831550385356519,28.322059679950655,1036.0,1036.0,518.0,2021.3333333333335,1038.0,0.0,248,10,10,3,49,26.0,2028.0,70761.97660000001,28600.965699999997,21280.0226,171,597,0,53,0.27209822612835377,0.3167879152965325,0.5375407299502544,0,5395.2717999999895,5024.987600000004,49,0,0.0,0,0,10,0.0,0,0.0,78140.87469041189,0.0,0,0,0,1.5,0,0.0,0,0,0.0,0,0.0,0,0,0.0,0.0,0.0,0,0.0,0.0,NaN,5120.0,NaN,NaN,0,0,0.0,0,0.0,NaN,0,NaN,0,0,0,0.0,0.0,0.0,0.0,0.0,0.0,0.0,0.0,0,0,0,0,248,0.0,0,0,0.0,0,0.0,0.0,0.0,0.0,0.0,0.0,0.0,0.0,0.0,0.0,0.6356002731623747,457,59506.19379999998,53,18634.680890411866,4,54362.381840209804,4,21280.0226,2,523.3939,0.0,43.151450821121955,0,0,518,518,0 bare bones,sumsy,1,-2.9103830456733704e-11
91,510,4,4,121548.0311,0.0,0.0,0.0,0.0,,0.0,0.0,0.0,0.0,0.0,0.0,0.0025,0.0,0.0,0.0,1.0,0.0,0.0,0.0,0.0,1.0,0.0,0.0,1.0,0.0,0,0,30.736680023462473,7.560005659340855,38.29668568280333,23.677600828464577,7.560005659340855,31.23760648780543,0.0,0.0,0.0,0.0,0,0,0.0,0.0,0.0,1.0,1.0,0.0,0.0,0.0,0.0,0.5,0.25,0.0,-954.1964000000407,0.0,110,2550.0,2168.327700000001,0.0,0.0,0.0,0.0,0.0,0.0,0.0,0,523.2884,2550.0,2168.327700000001,0.0,267.0,0.0,0.0,0.015,4.831034034416827,5.149038240917761,NaN,NaN,3.8407746183207068,28.176123671103728,1046.0,1046.0,523.0,2024.0,1048.0,0.0,245,9,9,2,46,26.0,2030.0,70927.9391,28897.7785,21199.0251,170,598,0,53,0.2692871806618182,0.31379434146564966,0.5325364098733898,0,5439.867299999999,5053.261600000002,46,0,0.0,0,0,9,0.0,0,0.0,78228.74949815111,0.0,0,0,0,1.5,0,0.0,0,0,0.0,0,0.0,0,0,0.0,0.0,0.0,0,0.0,0.0,NaN,5120.0,NaN,NaN,0,0,0.0,0,0.0,NaN,0,NaN,0,0,0,0.0,0.0,0.0,0.0,0.0,0.0,0.0,0.0,0,0,0,0,245,0.0,0,0,0.0,0,0.0,0.0,0.0,0.0,0.0,0.0,0.0,0.0,0.0,0.0,0.6342248618076145,457,59759.651300000005,53,18469.098198151067,4,54579.452724084345,4,21199.0251,2,523.2884,0.0,42.9459435185357,0,0,523,523,0 bare bones,sumsy,1,-2.9103830456733704e-11
92,510,4,4,121922.07020000009,0.0,0.0,0.0,0.0,,0.0,0.0,0.0,0.0,0.0,0.0,0.0025,0.0,0.0,0.0,1.0,0.0,0.0,0.0,0.0,1.0,0.0,0.0,1.0,0.0,0,0,30.55810875841573,7.656041094834475,38.214149853250206,23.48422356892559,7.656041094834475,31.140264663760064,0.0,0.0,0.0,0.0,0,0,0.0,0.0,0.0,1.0,1.0,0.0,0.0,0.0,0.0,0.5,0.25,0.0,-954.1964000000407,0.0,110,2550.0,2175.960900000001,0.0,0.0,0.0,0.0,0.0,0.0,0.0,0,523.2139999999999,2550.0,2175.960900000001,0.0,267.0,0.0,0.0,0.015,4.826728967495218,5.1353799235181325,NaN,NaN,3.83913148854958,28.303124244277836,1046.0,1046.0,523.0,2027.3333333333333,1048.0,0.0,246,20,20,1,59,34.0,2020.0,71059.63819999994,29216.1553,21123.062700000002,170,598,0,53,0.26713771054331525,0.3113567564854185,0.5328177105974565,0,5435.457600000002,5048.758499999998,59,0,0.0,0,0,20,0.0,0,0.0,78326.78276549099,0.0,0,0,0,1.5,0,0.0,0,0,0.0,0,0.0,0,0,0.0,0.0,0.0,0,0.0,0.0,NaN,5120.0,NaN,NaN,0,0,0.0,0,0.0,NaN,0,NaN,0,0,0,0.0,0.0,0.0,0.0,0.0,0.0,0.0,0.0,0,0,0,0,246,0.0,0,0,0.0,0,0.0,0.0,0.0,0.0,0.0,0.0,0.0,0.0,0.0,0.0,0.6330815166222585,457,59981.77649999998,53,18345.006265491036,4,54779.40500684493,4,21123.062700000002,2,523.2139999999999,0.0,42.74790920877077,0,0,523,523,0 bare bones,sumsy,1,-2.9103830456733704e-11
93,510,4,4,122288.62889999992,0.0,0.0,0.0,0.0,,0.0,0.0,0.0,0.0,0.0,0.0,0.0025,0.0,0.0,0.0,1.0,0.0,0.0,0.0,0.0,1.0,0.0,0.0,1.0,0.0,0,0,30.244444138341038,7.7915646064857595,38.036008744826795,23.415332919537178,7.7915646064857595,31.20689752602294,0.0,0.0,0.0,0.0,0,0,0.0,0.0,0.0,1.0,1.0,0.0,0.0,0.0,0.0,0.5,0.25,0.0,-954.1964000000407,0.0,110,2550.0,2183.4413,0.0,0.0,0.0,0.0,0.0,0.0,0.0,0,523.1976999999999,2550.0,2183.4413,0.0,267.0,0.0,0.0,0.015,4.823877071290948,5.123330443159945,NaN,NaN,3.840657788461591,28.64561250599732,1038.0,1038.0,519.0,2018.6666666666665,1040.0,0.0,248,16,16,3,52,35.0,2024.0,71300.99770000005,29415.5391,21048.894399999997,167,601,0,53,0.26460384724357766,0.30787235883210373,0.5366245196406003,0,5401.406799999977,5007.184400000004,53,1,0.0,0,0,16,0.0,0,0.0,78408.0294164879,0.0,0,0,0,1.5,0,0.0,0,0,0.0,0,0.0,0,0,0.0,0.0,0.0,0,0.0,0.0,NaN,5120.0,NaN,NaN,0,0,0.0,0,0.0,NaN,0,NaN,0,0,0,0.0,0.0,0.0,0.0,0.0,0.0,0.0,0.0,0,0,0,0,248,0.0,0,0,0.0,0,0.0,0.0,0.0,0.0,0.0,0.0,0.0,0.0,0.0,0.0,0.6314926537276333,457,60105.775500000076,53,18302.253916487833,4,54992.34186412682,4,21048.894399999997,2,523.1976999999999,0.0,42.557076146633655,0,0,519,519,0 bare bones,sumsy,1,-2.9103830456733704e-11
94,510,4,4,122647.85550000002,0.0,0.0,0.0,0.0,,0.0,0.0,0.0,0.0,0.0,0.0,0.0025,0.0,0.0,0.0,1.0,0.0,0.0,0.0,0.0,1.0,0.0,0.0,1.0,0.0,0,0,30.166958317244713,7.772462761354518,37.93942107859923,23.393846594411283,7.772462761354518,31.166309355765804,0.0,0.0,0.0,0.0,0,0,0.0,0.0,0.0,1.0,1.0,0.0,0.0,0.0,0.0,0.5,0.25,0.0,-954.1964000000407,0.0,110,2550.0,2190.773400000001,0.0,0.0,0.0,0.0,0.0,0.0,0.0,0,523.1879,2550.0,2190.773400000001,0.0,267.0,0.0,0.0,0.015,4.82608737957611,5.131898458574175,NaN,NaN,3.8444574038461443,28.676596355513755,1038.0,1038.0,519.0,2020.0,1040.0,0.0,247,17,17,3,52,38.0,2022.0,71538.72039999998,29614.2776,20971.6696,164,604,0,52,0.2628002112945633,0.30554235243711503,0.5367056477867358,0,5400.5059,5009.478700000002,52,0,0.0,0,0,17,0.0,0,0.0,78487.92232484618,0.0,0,0,0,1.5,0,0.0,0,0,0.0,0,0.0,0,0,0.0,0.0,0.0,0,0.0,0.0,NaN,5120.0,NaN,NaN,0,0,0.0,0,0.0,NaN,0,NaN,0,0,0,0.0,0.0,0.0,0.0,0.0,0.0,0.0,0.0,0,0,0,0,247,0.0,0,0,0.0,0,0.0,0.0,0.0,0.0,0.0,0.0,0.0,0.0,0.0,0.0,0.6304853287780141,458,60589.56799999996,52,17898.35432484617,4,55207.67981101885,4,20971.6696,2,523.1879,0.0,42.37318246857425,0,0,519,519,0 bare bones,sumsy,1,-2.9103830456733704e-11
95,510,4,4,122999.89920000007,0.0,0.0,0.0,0.0,,0.0,0.0,0.0,0.0,0.0,0.0,0.0025,0.0,0.0,0.0,1.0,0.0,0.0,0.0,0.0,1.0,0.0,0.0,1.0,0.0,0,0,30.00098292737096,7.812205886459857,37.81318881383081,23.2049799301707,7.812205886459857,31.01718581663056,0.0,0.0,0.0,0.0,0,0,0.0,0.0,0.0,1.0,1.0,0.0,0.0,0.0,0.0,0.5,0.25,0.0,-954.1964000000407,0.0,110,2550.0,2197.956300000001,0.0,0.0,0.0,0.0,0.0,0.0,0.0,0,523.185,2550.0,2197.956300000001,0.0,267.0,0.0,0.0,0.015,4.822264285714289,5.129450193050183,NaN,NaN,3.833507803468272,28.763365670572064,1036.0,1036.0,518.0,2018.0000000000002,1038.0,0.0,248,2,2,2,39,21.0,2038.0,71732.8539999999,29840.1431,20903.717099999998,162,606,0,51,0.2595471764023276,0.30225997603551735,0.5370957882333309,0,5377.490999999985,4995.865800000003,39,0,0.0,0,0,2,0.0,0,0.0,78568.07046509751,0.0,0,0,0,1.5,0,0.0,0,0,0.0,0,0.0,0,0,0.0,0.0,0.0,0,0.0,0.0,NaN,5120.0,NaN,NaN,0,0,0.0,0,0.0,NaN,0,NaN,0,0,0,0.0,0.0,0.0,0.0,0.0,0.0,0.0,0.0,0,0,0,0,248,0.0,0,0,0.0,0,0.0,0.0,0.0,0.0,0.0,0.0,0.0,0.0,0.0,0.0,0.628987469373165,459,61028.48099999995,51,17539.58946509758,4,55408.91580277244,4,20903.717099999998,2,523.185,0.0,42.192694228997425,0,0,518,518,0 bare bones,sumsy,1,-2.9103830456733704e-11
96,510,4,4,123344.90160000019,0.0,0.0,0.0,0.0,,0.0,0.0,0.0,0.0,0.0,0.0,0.0025,0.0,0.0,0.0,1.0,0.0,0.0,0.0,0.0,1.0,0.0,0.0,1.0,0.0,0,0,29.426444357315276,7.9570788703088065,37.38352322762408,22.90669989024704,7.9570788703088065,30.863778760555846,0.0,0.0,0.0,0.0,0,0,0.0,0.0,0.0,1.0,1.0,0.0,0.0,0.0,0.0,0.5,0.25,0.0,-954.1964000000407,0.0,110,2550.0,2204.9975999999983,0.0,0.0,0.0,0.0,0.0,0.0,0.0,0,523.1928,2550.0,2204.9975999999983,0.0,267.0,0.0,0.0,0.015,4.8075139047619055,5.09876666666667,NaN,NaN,3.8249679657793845,28.440322289304888,1050.0,1050.0,525.0,2035.3333333333335,1052.0,0.0,246,12,12,2,48,29.0,2028.0,71882.69480000001,30086.9332,20852.0808,161,607,0,50,0.2546908864253501,0.2965211181198433,0.529508423035727,0,5419.117900000004,5047.8896,48,0,0.0,0,0,12,0.0,0,0.0,78647.20823989241,0.0,0,0,0,1.5,0,0.0,0,0,0.0,0,0.0,0,0,0.0,0.0,0.0,0,0.0,0.0,NaN,5120.0,NaN,NaN,0,0,0.0,0,0.0,NaN,0,NaN,0,0,0,0.0,0.0,0.0,0.0,0.0,0.0,0.0,0.0,0,0,0,0,246,0.0,0,0,0.0,0,0.0,0.0,0.0,0.0,0.0,0.0,0.0,0.0,0.0,0.0,0.6262555495729858,460,61854.31520000005,50,16792.893039892413,4,55590.409336737226,4,20852.0808,2,523.1928,0.0,42.01561142790318,0,0,525,525,0 bare bones,sumsy,1,-2.9103830456733704e-11
97,510,4,4,123683.00280000006,0.0,0.0,0.0,0.0,,0.0,0.0,0.0,0.0,0.0,0.0,0.0025,0.0,0.0,0.0,1.0,0.0,0.0,0.0,0.0,1.0,0.0,0.0,1.0,0.0,0,0,29.165176270205176,8.060668619638124,37.2258448898433,22.759207163932196,8.060668619638124,30.819875783570318,0.0,0.0,0.0,0.0,0,0,0.0,0.0,0.0,1.0,1.0,0.0,0.0,0.0,0.0,0.5,0.25,0.0,-954.1964000000407,0.0,110,2550.0,2211.8987999999995,0.0,0.0,0.0,0.0,0.0,0.0,0.0,0,523.1824,2550.0,2211.8987999999995,0.0,267.0,0.0,0.0,0.015,4.812540134099619,5.145015708812279,NaN,NaN,3.8132906309751573,28.70242176786124,1044.0,1044.0,522.0,2025.3333333333335,1046.0,0.0,246,20,20,3,55,41.0,2020.0,72018.06609999995,30348.5149,20793.2394,160,608,0,50,0.2543159167304063,0.2952061519186049,0.5321173103430648,0,5381.189699999997,5024.291900000002,55,0,0.0,0,0,20,0.0,0,0.0,78712.77555044666,0.0,0,0,0,1.5,0,0.0,0,0,0.0,0,0.0,0,0,0.0,0.0,0.0,0,0.0,0.0,NaN,5120.0,NaN,NaN,0,0,0.0,0,0.0,NaN,0,NaN,0,0,0,0.0,0.0,0.0,0.0,0.0,0.0,0.0,0.0,0,0,0,0,246,0.0,0,0,0.0,0,0.0,0.0,0.0,0.0,0.0,0.0,0.0,0.0,0.0,0.0,0.6257797779156522,460,62042.87590000003,50,16669.89965044664,4,55788.41081169725,4,20793.2394,2,523.1824,0.0,41.84193406529152,0,0,522,522,0 bare bones,sumsy,1,-2.9103830456733704e-11
98,510,4,4,124014.34159999996,0.0,0.0,0.0,0.0,,0.0,0.0,0.0,0.0,0.0,0.0,0.0025,0.0,0.0,0.0,1.0,0.0,0.0,0.0,0.0,1.0,0.0,0.0,1.0,0.0,0,0,29.130861432727635,7.875037967158758,37.00589939988639,22.747097898043506,7.875037967158758,30.62213586520226,0.0,0.0,0.0,0.0,0,0,0.0,0.0,0.0,1.0,1.0,0.0,0.0,0.0,0.0,0.5,0.25,0.0,-954.1964000000407,0.0,110,2550.0,2218.6611999999996,0.0,0.0,0.0,0.0,0.0,0.0,0.0,0,523.1581,2550.0,2218.6611999999996,0.0,267.0,0.0,0.0,0.015,4.819077616279072,5.091646511627881,NaN,NaN,3.791923694390693,29.155041063716137,1032.0,1032.0,516.0,2016.0000000000002,1034.0,0.0,247,20,19,3,54,40.0,2019.0,72166.75979999996,30538.8179,20785.6058,158,610,0,50,0.2539703685671908,0.29463343710234713,0.5365420474847804,0,5310.301999999998,4973.2881000000025,54,0,0.0,0,0,20,0.0,0,0.0,78751.39978299617,0.0,0,0,0,1.5,0,0.0,0,0,0.0,0,0.0,0,0,0.0,0.0,0.0,0,0.0,0.0,NaN,5120.0,NaN,NaN,0,0,0.0,0,0.0,NaN,0,NaN,0,0,0,0.0,0.0,0.0,0.0,0.0,0.0,0.0,0.0,0,0,0,0,247,0.0,0,0,0.0,0,0.0,0.0,0.0,0.0,0.0,0.0,0.0,0.0,0.0,0.0,0.6257897778305979,460,62070.08390000001,50,16681.315882996216,4,55960.52922675753,4,20785.6058,2,523.1581,0.0,41.674936601241846,0,0,516,516,0 bare bones,sumsy,1,-2.9103830456733704e-11
99,510,4,4,124339.0553000001,0.0,0.0,0.0,0.0,,0.0,0.0,0.0,0.0,0.0,0.0,0.0025,0.0,0.0,0.0,1.0,0.0,0.0,0.0,0.0,1.0,0.0,0.0,1.0,0.0,0,0,28.358929290720656,8.21557795819583,36.57450724891648,22.009268165828455,8.21557795819583,30.224846124024285,0.0,0.0,0.0,0.0,0,0,0.0,0.0,0.0,1.0,1.0,0.0,0.0,0.0,0.0,0.5,0.25,0.0,-954.1964000000407,0.0,110,2550.0,2225.2863000000034,0.0,0.0,0.0,0.0,0.0,0.0,0.0,0,523.1201000000001,2550.0,2225.2863000000034,0.0,267.0,0.0,0.0,0.015,4.809114671814673,5.132372200772212,NaN,NaN,3.8015903660886265,29.097587385361557,1036.0,1036.0,518.0,2015.3333333333335,1038.0,0.0,248,15,15,3,52,37.0,2025.0,72295.60430000002,30776.0862,20744.2447,157,611,0,50,0.2460917779505447,0.2871487479256922,0.5342696504486524,0,5332.875799999995,4982.242800000002,52,0,0.0,0,0,15,0.0,0,0.0,78813.3591523029,0.0,0,0,0,1.5,0,0.0,0,0,0.0,0,0.0,0,0,0.0,0.0,0.0,0,0.0,0.0,NaN,5120.0,NaN,NaN,0,0,0.0,0,0.0,NaN,0,NaN,0,0,0,0.0,0.0,0.0,0.0,0.0,0.0,0.0,0.0,0,0,0,0,248,0.0,0,0,0.0,0,0.0,0.0,0.0,0.0,0.0,0.0,0.0,0.0,0.0,0.0,0.6222612976008626,460,62284.41470000001,50,16528.944452302854,4,56141.36145322958,4,20744.2447,2,523.1201000000001,0.0,41.514362116578695,0,0,518,518,0 bare bones,sumsy,1,-2.9103830456733704e-11
100,510,4,4,124657.27380000008,0.0,0.0,0.0,0.0,,0.0,0.0,0.0,0.0,0.0,0.0,0.0025,0.0,0.0,0.0,1.0,0.0,0.0,0.0,0.0,1.0,0.0,0.0,1.0,0.0,0,0,27.832202482620886,8.437525657100041,36.26972813972093,21.620319982925647,8.437525657100041,30.05784564002569,0.0,0.0,0.0,0.0,0,0,0.0,0.0,0.0,1.0,1.0,0.0,0.0,0.0,0.0,0.5,0.25,0.0,-954.1964000000407,0.0,110,2550.0,2231.7815,0.0,0.0,0.0,0.0,0.0,0.0,0.0,0,523.0645,2550.0,2231.7815,0.0,267.0,0.0,0.0,0.015,4.809387548262552,5.093946332046337,NaN,NaN,3.7787379576108084,29.212269460651594,1036.0,1036.0,518.0,2021.0,1038.0,0.0,247,16,16,4,49,40.0,2024.0,72365.80029999992,31024.754500000003,20743.6545,157,611,0,50,0.24098611283200966,0.2817654382354553,0.5342594933193732,0,5307.721499999983,4982.525500000003,49,0,0.0,0,0,16,0.0,0,0.0,78859.31458106039,0.0,0,0,0,1.5,0,0.0,0,0,0.0,0,0.0,0,0,0.0,0.0,0.0,0,0.0,0.0,NaN,5120.0,NaN,NaN,0,0,0.0,0,0.0,NaN,0,NaN,0,0,0,0.0,0.0,0.0,0.0,0.0,0.0,0.0,0.0,0,0,0,0,247,0.0,0,0,0.0,0,0.0,0.0,0.0,0.0,0.0,0.0,0.0,0.0,0.0,0.0,0.6198436933771596,460,62524.20449999997,50,16335.110081060435,4,56295.692243489975,4,20743.6545,2,523.0645,0.0,41.359963573633344,0,0,518,518,0 bare bones,sumsy,1,-2.9103830456733704e-11
101,510,4,4,124969.12839999984,0.0,0.0,0.0,0.0,,0.0,0.0,0.0,0.0,0.0,0.0,0.0025,0.0,0.0,0.0,1.0,0.0,0.0,0.0,0.0,1.0,0.0,0.0,1.0,0.0,0,0,27.922544214887196,8.19081199432917,36.11335620921636,21.986580252264798,8.19081199432917,30.177392246593964,0.0,0.0,0.0,0.0,0,0,0.0,0.0,0.0,1.0,1.0,0.0,0.0,0.0,0.0,0.5,0.25,0.0,-954.1964000000407,0.0,110,2550.0,2238.1453999999985,0.0,0.0,0.0,0.0,0.0,0.0,0.0,0,523.0561,2550.0,2238.1453999999985,0.0,267.0,0.0,0.0,0.015,4.792181141199224,5.056107350096732,NaN,NaN,3.7767353281853717,29.368727780119645,1034.0,1034.0,517.0,2018.6666666666667,1036.0,0.0,247,23,23,2,56,46.0,2017.0,72516.63480000001,31180.4597,20748.9778,155,613,0,50,0.2443032915007255,0.28336902415784126,0.5346148802706789,0,5295.01140000002,4955.115299999998,56,0,0.0,0,0,23,0.0,0,0.0,78904.4178326088,0.0,0,0,0,1.5,0,0.0,0,0,0.0,0,0.0,0,0,0.0,0.0,0.0,0,0.0,0.0,NaN,5120.0,NaN,NaN,0,0,0.0,0,0.0,NaN,0,NaN,0,0,0,0.0,0.0,0.0,0.0,0.0,0.0,0.0,0.0,0,0,0,0,247,0.0,0,0,0.0,0,0.0,0.0,0.0,0.0,0.0,0.0,0.0,0.0,0.0,0.0,0.6208870911453404,460,62697.40220000006,50,16207.015632608816,4,56443.11130638196,4,20748.9778,2,523.0561,0.0,41.2115034361859,0,0,517,517,0 bare bones,sumsy,1,-2.9103830456733704e-11
102,510,4,4,125274.7459,0.0,0.0,0.0,0.0,,0.0,0.0,0.0,0.0,0.0,0.0,0.0025,0.0,0.0,0.0,1.0,0.0,0.0,0.0,0.0,1.0,0.0,0.0,1.0,0.0,0,0,27.938888342412348,8.231300360042315,36.17018870245466,21.827653735572078,8.231300360042315,30.058954095614393,0.0,0.0,0.0,0.0,0,0,0.0,0.0,0.0,1.0,1.0,0.0,0.0,0.0,0.0,0.5,0.25,0.0,-954.1964000000407,0.0,110,2550.0,2244.3825000000006,0.0,0.0,0.0,0.0,0.0,0.0,0.0,0,523.0156,2550.0,2244.3825000000006,0.0,267.0,0.0,0.0,0.015,4.799856920077975,5.133975048732928,NaN,NaN,3.7728804474708357,29.64974902470951,1026.0,1026.0,513.0,2014.3333333333335,1028.0,0.0,249,20,20,1,50,43.0,2018.0,72660.58869999992,31366.4094,20724.7322,153,615,0,50,0.24199922551930042,0.2810446545214964,0.5378214729279973,0,5257.897099999987,4924.6532000000025,50,0,0.0,0,0,20,0.0,0,0.0,78944.10795551582,0.0,0,0,0,1.5,0,0.0,0,0,0.0,0,0.0,0,0,0.0,0.0,0.0,0,0.0,0.0,NaN,5120.0,NaN,NaN,0,0,0.0,0,0.0,NaN,0,NaN,0,0,0,0.0,0.0,0.0,0.0,0.0,0.0,0.0,0.0,0,0,0,0,249,0.0,0,0,0.0,0,0.0,0.0,0.0,0.0,0.0,0.0,0.0,0.0,0.0,0.0,0.6200141844384095,460,62727.33949999995,50,16216.768455515816,4,56623.69268197533,4,20724.7322,2,523.0156,0.0,41.068753304024916,0,0,513,513,0 bare bones,sumsy,1,-2.9103830456733704e-11
103,510,4,4,125574.25179999994,0.0,0.0,0.0,0.0,,0.0,0.0,0.0,0.0,0.0,0.0,0.0025,0.0,0.0,0.0,1.0,0.0,0.0,0.0,0.0,1.0,0.0,0.0,1.0,0.0,0,0,27.22554255584427,8.4618923491494,35.68743490499367,21.277445315098223,8.4618923491494,29.739337664247625,0.0,0.0,0.0,0.0,0,0,0.0,0.0,0.0,1.0,1.0,0.0,0.0,0.0,0.0,0.5,0.25,0.0,-954.1964000000407,0.0,110,2550.0,2250.4940999999994,0.0,0.0,0.0,0.0,0.0,0.0,0.0,0,522.9882,2550.0,2250.4940999999994,0.0,267.0,0.0,0.0,0.015,4.803821317829459,5.121685271317785,NaN,NaN,3.755639071566782,29.530798351946572,1032.0,1032.0,516.0,2016.6666666666667,1034.0,0.0,249,23,23,4,55,50.0,2017.0,72838.1104,31482.8604,20730.2928,149,619,0,49,0.23562859428491745,0.27409802855065046,0.5343879880986024,0,5259.084499999998,4957.543600000002,55,0,0.0,0,0,23,0.0,0,0.0,78936.90294067284,0.0,0,0,0,1.5,0,0.0,0,0,0.0,0,0.0,0,0,0.0,0.0,0.0,0,0.0,0.0,NaN,5120.0,NaN,NaN,0,0,0.0,0,0.0,NaN,0,NaN,0,0,0,0.0,0.0,0.0,0.0,0.0,0.0,0.0,0.0,0,0,0,0,249,0.0,0,0,0.0,0,0.0,0.0,0.0,0.0,0.0,0.0,0.0,0.0,0.0,0.0,0.617067205200913,461,63247.74189999996,49,15689.161040672807,4,56819.45491460714,4,20730.2928,2,522.9882,0.0,40.93149356156242,0,0,516,516,0 bare bones,sumsy,1,-2.9103830456733704e-11
104,510,4,4,125867.7671,0.0,0.0,0.0,0.0,,0.0,0.0,0.0,0.0,0.0,0.0,0.0025,0.0,0.0,0.0,1.0,0.0,0.0,0.0,0.0,1.0,0.0,0.0,1.0,0.0,0,0,27.108795359860764,8.441185951089826,35.54998131095059,21.525331651083377,8.441185951089826,29.966517602173205,0.0,0.0,0.0,0.0,0,0,0.0,0.0,0.0,1.0,1.0,0.0,0.0,0.0,0.0,0.5,0.25,0.0,-954.1964000000407,0.0,110,2550.0,2256.484699999998,0.0,0.0,0.0,0.0,0.0,0.0,0.0,0,522.9652,2550.0,2256.484699999998,0.0,267.0,0.0,0.0,0.015,4.792471135029355,5.103820156555763,NaN,NaN,3.7447195312499937,29.826131104528436,1022.0,1022.0,511.0,2011.6666666666667,1024.0,0.0,249,14,14,3,44,39.0,2026.0,72990.35650000001,31612.527800000003,20741.9176,146,622,0,48,0.23517982470551124,0.27275343993936696,0.5387369624370297,0,5207.239099999999,4897.905500000001,44,0,0.0,0,0,14,0.0,0,0.0,78946.70757724352,0.0,0,0,0,1.5,0,0.0,0,0,0.0,0,0.0,0,0,0.0,0.0,0.0,0,0.0,0.0,NaN,5120.0,NaN,NaN,0,0,0.0,0,0.0,NaN,0,NaN,0,0,0,0.0,0.0,0.0,0.0,0.0,0.0,0.0,0.0,0,0,0,0,249,0.0,0,0,0.0,0,0.0,0.0,0.0,0.0,0.0,0.0,0.0,0.0,0.0,0.0,0.6168047248655997,462,63635.03459999994,48,15311.672977243481,4,56988.2152660647,4,20741.9176,2,522.9652,0.0,40.79692518659919,0,0,511,511,0 bare bones,sumsy,1,-2.9103830456733704e-11
105,510,4,4,126155.41210000006,0.0,0.0,0.0,0.0,,0.0,0.0,0.0,0.0,0.0,0.0,0.0025,0.0,0.0,0.0,1.0,0.0,0.0,0.0,0.0,1.0,0.0,0.0,1.0,0.0,0,0,27.0269677136619,8.466340231013632,35.493307944675536,21.37887885334003,8.466340231013632,29.845219084353662,0.0,0.0,0.0,0.0,0,0,0.0,0.0,0.0,1.0,1.0,0.0,0.0,0.0,0.0,0.5,0.25,0.0,-954.1964000000407,0.0,110,2550.0,2262.3550000000005,0.0,0.0,0.0,0.0,0.0,0.0,0.0,0,522.9256,2550.0,2262.3550000000005,0.0,267.0,0.0,0.0,0.015,4.77065154440155,5.0379250965251146,NaN,NaN,3.7404344251766157,29.435691368634362,1036.0,1036.0,518.0,2022.0,1038.0,0.0,247,17,15,3,56,32.0,2022.0,73047.02220000002,31814.5926,20770.8717,146,622,0,48,0.23429101922176532,0.27216413887204083,0.5318519170445994,0,5254.060699999997,4942.395000000005,56,0,0.0,0,0,17,0.0,0,0.0,78984.11923415372,0.0,0,0,0,1.5,0,0.0,0,0,0.0,0,0.0,0,0,0.0,0.0,0.0,0,0.0,0.0,NaN,5120.0,NaN,NaN,0,0,0.0,0,0.0,NaN,0,NaN,0,0,0,0.0,0.0,0.0,0.0,0.0,0.0,0.0,0.0,0,0,0,0,247,0.0,0,0,0.0,0,0.0,0.0,0.0,0.0,0.0,0.0,0.0,0.0,0.0,0.0,0.6167734103745639,462,63708.90479999996,48,15275.21443415374,4,57108.2525674221,4,20770.8717,2,522.9256,0.0,40.665048179135226,0,0,518,518,0 bare bones,sumsy,1,-2.9103830456733704e-11
106,510,4,4,126437.30319999997,0.0,0.0,0.0,0.0,,0.0,0.0,0.0,0.0,0.0,0.0,0.0025,0.0,0.0,0.0,1.0,0.0,0.0,0.0,0.0,1.0,0.0,0.0,1.0,0.0,0,0,26.78502739703717,8.81949311111352,35.604520508150685,20.90323575164369,8.81949311111352,29.722728862757208,0.0,0.0,0.0,0.0,0,0,0.0,0.0,0.0,1.0,1.0,0.0,0.0,0.0,0.0,0.5,0.25,0.0,-954.1964000000407,0.0,110,2550.0,2268.1089000000015,0.0,0.0,0.0,0.0,0.0,0.0,0.0,0,522.8956000000001,2550.0,2268.1089000000015,0.0,267.0,0.0,0.0,0.015,4.753339134615381,5.040222115384606,NaN,NaN,3.7368260076774638,29.410032875917377,1040.0,1040.0,520.0,2018.6666666666665,1042.0,0.0,246,14,14,4,50,34.0,2026.0,73144.25740000002,31985.89,20784.260199999997,145,623,0,48,0.22892118826038343,0.2672716411488878,0.5300957767066086,0,5263.277099999998,4943.472699999996,50,0,0.0,0,0,14,0.0,0,0.0,79022.33210653566,0.0,0,0,0,1.5,0,0.0,0,0,0.0,0,0.0,0,0,0.0,0.0,0.0,0,0.0,0.0,NaN,5120.0,NaN,NaN,0,0,0.0,0,0.0,NaN,0,NaN,0,0,0,0.0,0.0,0.0,0.0,0.0,0.0,0.0,0.0,0,0,0,0,246,0.0,0,0,0.0,0,0.0,0.0,0.0,0.0,0.0,0.0,0.0,0.0,0.0,0.0,0.6146173927700511,462,63787.010799999975,48,15235.321306535625,4,57241.34201497719,4,20784.260199999997,2,522.8956000000001,0.0,40.538446251969816,0,0,520,520,0 bare bones,sumsy,1,-2.9103830456733704e-11
107,510,4,4,126713.5567000001,0.0,0.0,0.0,0.0,,0.0,0.0,0.0,0.0,0.0,0.0,0.0025,0.0,0.0,0.0,1.0,0.0,0.0,0.0,0.0,1.0,0.0,0.0,1.0,0.0,0,0,26.439507579314593,8.95769202099252,35.39719960030711,20.49378304842423,8.95769202099252,29.451475069416748,0.0,0.0,0.0,0.0,0,0,0.0,0.0,0.0,1.0,1.0,0.0,0.0,0.0,0.0,0.5,0.25,0.0,-954.1964000000407,0.0,110,2550.0,2273.746500000001,0.0,0.0,0.0,0.0,0.0,0.0,0.0,0,522.881,2550.0,2273.746500000001,0.0,267.0,0.0,0.0,0.015,4.7571997109826585,5.07659576107901,NaN,NaN,3.7265685897435947,29.529083459277178,1038.0,1038.0,519.0,2020.6666666666667,1040.0,0.0,247,8,8,2,42,28.0,2032.0,73227.0634,32174.6327,20788.979600000002,144,624,0,48,0.22453100586263086,0.26255242310294524,0.5305659096516986,0,5243.44580000001,4937.9733,42,0,0.0,0,0,8,0.0,0,0.0,79047.09820987227,0.0,0,0,0,1.5,0,0.0,0,0,0.0,0,0.0,0,0,0.0,0.0,0.0,0,0.0,0.0,NaN,5120.0,NaN,NaN,0,0,0.0,0,0.0,NaN,0,NaN,0,0,0,0.0,0.0,0.0,0.0,0.0,0.0,0.0,0.0,0,0,0,0,247,0.0,0,0,0.0,0,0.0,0.0,0.0,0.0,0.0,0.0,0.0,0.0,0.0,0.0,0.612601558362154,462,63961.08860000001,48,15086.009609872308,4,57394.78354278,4,20788.979600000002,2,522.881,0.0,40.41690840189103,0,0,519,519,0 bare bones,sumsy,1,-2.9103830456733704e-11
108,510,4,4,126984.28650000015,0.0,0.0,0.0,0.0,,0.0,0.0,0.0,0.0,0.0,0.0,0.0025,0.0,0.0,0.0,1.0,0.0,0.0,0.0,0.0,1.0,0.0,0.0,1.0,0.0,0,0,26.995777182588704,8.651030213501702,35.6468073960904,20.97353674491136,8.651030213501702,29.624566958413062,0.0,0.0,0.0,0.0,0,0,0.0,0.0,0.0,1.0,1.0,0.0,0.0,0.0,0.0,0.5,0.25,0.0,-954.1964000000407,0.0,110,2550.0,2279.2702,0.0,0.0,0.0,0.0,0.0,0.0,0.0,0,522.8649,2550.0,2279.2702,0.0,267.0,0.0,0.0,0.015,4.7512156787762905,5.012054302103253,NaN,NaN,3.7161262404579323,29.370897450439564,1046.0,1046.0,523.0,2029.3333333333335,1048.0,0.0,246,16,16,2,50,38.0,2024.0,73263.85720000003,32362.0204,20835.544,144,624,0,48,0.22658632016335578,0.2646006112772312,0.5259306882922397,0,5261.565399999991,4969.7716,50,0,0.0,0,0,16,0.0,0,0.0,79067.09061747741,0.0,0,0,0,1.5,0,0.0,0,0,0.0,0,0.0,0,0,0.0,0.0,0.0,0,0.0,0.0,NaN,5120.0,NaN,NaN,0,0,0.0,0,0.0,NaN,0,NaN,0,0,0,0.0,0.0,0.0,0.0,0.0,0.0,0.0,0.0,0,0,0,0,246,0.0,0,0,0.0,0,0.0,0.0,0.0,0.0,0.0,0.0,0.0,0.0,0.0,0.0,0.6139449985261403,462,63997.57849999999,48,15069.512117477416,4,57509.365209068805,4,20835.544,2,522.8649,0.0,40.30023206581539,0,0,523,523,0 bare bones,sumsy,1,-2.9103830456733704e-11
109,510,4,4,127249.6015,0.0,0.0,0.0,0.0,,0.0,0.0,0.0,0.0,0.0,0.0,0.0025,0.0,0.0,0.0,1.0,0.0,0.0,0.0,0.0,1.0,0.0,0.0,1.0,0.0,0,0,26.58603223522952,8.905816069388498,35.49184830461802,20.74470190470536,8.905816069388498,29.65051797409386,0.0,0.0,0.0,0.0,0,0,0.0,0.0,0.0,1.0,1.0,0.0,0.0,0.0,0.0,0.5,0.25,0.0,-954.1964000000407,0.0,110,2550.0,2284.6850000000018,0.0,0.0,0.0,0.0,0.0,0.0,0.0,0,522.8398,2550.0,2284.6850000000018,0.0,267.0,0.0,0.0,0.015,4.72960541586073,4.963700580270769,NaN,NaN,3.7170979729729106,29.816007574533675,1034.0,1034.0,517.0,2021.3333333333333,1036.0,0.0,247,24,24,0,53,47.0,2016.0,73366.47989999998,32482.038099999998,20878.2437,143,625,0,48,0.2226454708689567,0.26060551186363723,0.5323240713521866,0,5215.884099999991,4890.411999999995,53,0,0.0,0,0,24,0.0,0,0.0,79113.3957579951,0.0,0,0,0,1.5,0,0.0,0,0,0.0,0,0.0,0,0,0.0,0.0,0.0,0,0.0,0.0,NaN,5120.0,NaN,NaN,0,0,0.0,0,0.0,NaN,0,NaN,0,0,0,0.0,0.0,0.0,0.0,0.0,0.0,0.0,0.0,0,0,0,0,247,0.0,0,0,0.0,0,0.0,0.0,0.0,0.0,0.0,0.0,0.0,0.0,0.0,0.0,0.6121803281883975,462,64191.23690000002,48,14922.158857995135,4,57599.67733948924,4,20878.2437,2,522.8398,0.0,40.18822278318278,0,0,517,517,0 bare bones,sumsy,1,-2.9103830456733704e-11
110,510,4,4,127509.60920000005,0.0,0.0,0.0,0.0,,0.0,0.0,0.0,0.0,0.0,0.0,0.0025,0.0,0.0,0.0,1.0,0.0,0.0,0.0,0.0,1.0,0.0,0.0,1.0,0.0,0,0,26.34643066498471,9.059019200804181,35.40544986578889,20.450340083620713,9.059019200804181,29.509359284424892,0.0,0.0,0.0,0.0,0,0,0.0,0.0,0.0,1.0,1.0,0.0,0.0,0.0,0.0,0.5,0.25,0.0,-954.1964000000407,0.0,110,2550.0,2289.9923,0.0,0.0,0.0,0.0,0.0,0.0,0.0,0,522.8176,2550.0,2289.9923,0.0,267.0,0.0,0.0,0.015,4.723298927875243,4.986424171539967,NaN,NaN,3.7150456225681125,30.08710640213032,1026.0,1026.0,513.0,2016.0,1028.0,0.0,250,7,7,2,39,30.0,2033.0,73447.75299999995,32639.4101,20899.6285,143,625,0,48,0.21863674382064202,0.2571651257339609,0.5361012302071306,0,5182.377799999998,4846.104699999999,39,0,0.0,0,0,7,0.0,0,0.0,79179.29222367537,0.0,0,0,0,1.5,0,0.0,0,0,0.0,0,0.0,0,0,0.0,0.0,0.0,0,0.0,0.0,NaN,5120.0,NaN,NaN,0,0,0.0,0,0.0,NaN,0,NaN,0,0,0,0.0,0.0,0.0,0.0,0.0,0.0,0.0,0.0,0,0,0,0,250,0.0,0,0,0.0,0,0.0,0.0,0.0,0.0,0.0,0.0,0.0,0.0,0.0,0.0,0.6105885956839339,462,64286.516799999976,48,14892.77542367533,4,57689.84376990967,4,20899.6285,2,522.8176,0.0,40.08069387185546,0,0,513,513,0 bare bones,sumsy,1,-2.9103830456733704e-11
111,510,4,4,127764.41660000004,0.0,0.0,0.0,0.0,,0.0,0.0,0.0,0.0,0.0,0.0,0.0025,0.0,0.0,0.0,1.0,0.0,0.0,0.0,0.0,1.0,0.0,0.0,1.0,0.0,0,0,26.280432693553113,9.082970806975561,35.363403500528676,20.169662672882534,9.082970806975561,29.252633479858098,0.0,0.0,0.0,0.0,0,0,0.0,0.0,0.0,1.0,1.0,0.0,0.0,0.0,0.0,0.5,0.25,0.0,-954.1964000000407,0.0,110,2550.0,2295.1926000000008,0.0,0.0,0.0,0.0,0.0,0.0,0.0,0,522.8118,2550.0,2295.1926000000008,0.0,267.0,0.0,0.0,0.015,4.71015086372361,5.006995393474091,NaN,NaN,3.7076398467433758,29.653746519918073,1042.0,1042.0,521.0,2030.3333333333335,1044.0,0.0,248,7,7,3,49,20.0,2033.0,73548.78259999999,32780.417400000006,20912.4048,142,626,0,48,0.21667951732657942,0.25518688481546703,0.5269661411967157,0,5232.024799999992,4907.977200000001,49,0,0.0,0,0,7,0.0,0,0.0,79225.58278861131,0.0,0,0,0,1.5,0,0.0,0,0,0.0,0,0.0,0,0,0.0,0.0,0.0,0,0.0,0.0,NaN,5120.0,NaN,NaN,0,0,0.0,0,0.0,NaN,0,NaN,0,0,0,0.0,0.0,0.0,0.0,0.0,0.0,0.0,0.0,0,0,0,0,248,0.0,0,0,0.0,0,0.0,0.0,0.0,0.0,0.0,0.0,0.0,0.0,0.0,0.0,0.6098108766870103,462,64305.367300000005,48,14920.215488611337,4,57806.311189230255,4,20912.4048,2,522.8118,0.0,39.97746611698125,0,0,521,521,0 bare bones,sumsy,1,-2.9103830456733704e-11
112,510,4,4,128014.12740000001,0.0,0.0,0.0,0.0,,0.0,0.0,0.0,0.0,0.0,0.0,0.0025,0.0,0.0,0.0,1.0,0.0,0.0,0.0,0.0,1.0,0.0,0.0,1.0,0.0,0,0,26.18873131728066,9.190536353834762,35.37926767111542,20.131560329587348,9.190536353834762,29.32209668342211,0.0,0.0,0.0,0.0,0,0,0.0,0.0,0.0,1.0,1.0,0.0,0.0,0.0,0.0,0.5,0.25,0.0,-954.1964000000407,0.0,110,2550.0,2300.2891999999993,0.0,0.0,0.0,0.0,0.0,0.0,0.0,0,522.8114,2550.0,2300.2891999999993,0.0,267.0,0.0,0.0,0.015,4.710326615969588,4.997346197718606,NaN,NaN,3.688817267552184,29.397891574306783,1052.0,1052.0,526.0,2029.0,1054.0,0.0,244,1,1,0,37,17.0,2039.0,73618.26560000004,32924.5892,20948.461199999998,141,627,0,48,0.21465844879755913,0.2527581310633211,0.5221593387209911,0,5247.8439,4955.263600000006,37,0,0.0,0,0,1,0.0,0,0.0,79241.11541359463,0.0,0,0,0,1.5,0,0.0,0,0,0.0,0,0.0,0,0,0.0,0.0,0.0,0,0.0,0.0,NaN,5120.0,NaN,NaN,0,0,0.0,0,0.0,NaN,0,NaN,0,0,0,0.0,0.0,0.0,0.0,0.0,0.0,0.0,0.0,0,0,0,0,244,0.0,0,0,0.0,0,0.0,0.0,0.0,0.0,0.0,0.0,0.0,0.0,0.0,0.0,0.6089553810129376,462,64360.60840000005,48,14880.507013594579,4,57928.325605133345,4,20948.461199999998,2,522.8114,0.0,39.878367472301996,0,0,526,526,0 bare bones,sumsy,1,-2.9103830456733704e-11
113,510,4,4,128258.8450000001,0.0,0.0,0.0,0.0,,0.0,0.0,0.0,0.0,0.0,0.0,0.0025,0.0,0.0,0.0,1.0,0.0,0.0,0.0,0.0,1.0,0.0,0.0,1.0,0.0,0,0,25.683692226490106,9.405215991920572,35.08890821841068,19.687944713980475,9.405215991920572,29.09316070590105,0.0,0.0,0.0,0.0,0,0,0.0,0.0,0.0,1.0,1.0,0.0,0.0,0.0,0.0,0.5,0.25,0.0,-954.1964000000407,0.0,110,2550.0,2305.282400000002,0.0,0.0,0.0,0.0,0.0,0.0,0.0,0,522.7964999999999,2550.0,2305.282400000002,0.0,267.0,0.0,0.0,0.015,4.715639299242418,5.077793749999998,NaN,NaN,3.687356805292902,29.33180201462103,1056.0,1056.0,528.0,2039.0,1058.0,0.0,245,11,11,4,50,29.0,2029.0,73644.07870000003,33139.744300000006,20952.2255,141,627,0,48,0.21150732325492094,0.2493491758347104,0.5192977791228233,0,5260.528200000007,4979.715099999993,50,0,0.0,0,0,11,0.0,0,0.0,79253.51452105088,0.0,0,0,0,1.5,0,0.0,0,0,0.0,0,0.0,0,0,0.0,0.0,0.0,0,0.0,0.0,NaN,5120.0,NaN,NaN,0,0,0.0,0,0.0,NaN,0,NaN,0,0,0,0.0,0.0,0.0,0.0,0.0,0.0,0.0,0.0,0,0,0,0,245,0.0,0,0,0.0,0,0.0,0.0,0.0,0.0,0.0,0.0,0.0,0.0,0.0,0.0,0.6076279156221092,462,64523.57050000002,48,14729.944021050798,4,58083.831248928014,4,20952.2255,2,522.7964999999999,0.0,39.783232773409914,0,0,528,528,0 bare bones,sumsy,1,-2.9103830456733704e-11
114,510,4,4,128498.66749999984,0.0,0.0,0.0,0.0,,0.0,0.0,0.0,0.0,0.0,0.0,0.0025,0.0,0.0,0.0,1.0,0.0,0.0,0.0,0.0,1.0,0.0,0.0,1.0,0.0,0,0,25.74995985942164,9.080931623861739,34.830891483283374,19.995832036537976,9.080931623861739,29.076763660399713,0.0,0.0,0.0,0.0,0,0,0.0,0.0,0.0,1.0,1.0,0.0,0.0,0.0,0.0,0.5,0.25,0.0,-954.1964000000407,0.0,110,2550.0,2310.177499999996,0.0,0.0,0.0,0.0,0.0,0.0,0.0,0,522.7497000000001,2550.0,2310.177499999996,0.0,267.0,0.0,0.0,0.015,4.727090421455937,4.973935632183922,NaN,NaN,3.6675168260037587,29.826712058387983,1044.0,1044.0,522.0,2023.6666666666667,1046.0,0.0,246,15,15,3,49,37.0,2025.0,73711.6509,33224.936,21039.3309,139,629,0,48,0.21287202006769723,0.2502075532338044,0.5241059130998953,0,5194.147599999993,4935.082399999998,49,0,0.0,0,0,15,0.0,0,0.0,79228.82548128381,0.0,0,0,0,1.5,0,0.0,0,0,0.0,0,0.0,0,0,0.0,0.0,0.0,0,0.0,0.0,NaN,5120.0,NaN,NaN,0,0,0.0,0,0.0,NaN,0,NaN,0,0,0,0.0,0.0,0.0,0.0,0.0,0.0,0.0,0.0,0,0,0,0,246,0.0,0,0,0.0,0,0.0,0.0,0.0,0.0,0.0,0.0,0.0,0.0,0.0,0.0,0.6085572550981804,462,64573.50300000004,48,14655.32248128382,4,58191.14327789584,4,21039.3309,2,522.7497000000001,0.0,39.69190346247352,0,0,522,522,0 bare bones,sumsy,1,-2.9103830456733704e-11
115,510,4,4,128733.6954000001,0.0,0.0,0.0,0.0,,0.0,0.0,0.0,0.0,0.0,0.0,0.0025,0.0,0.0,0.0,1.0,0.0,0.0,0.0,0.0,1.0,0.0,0.0,1.0,0.0,0,0,25.222471653585487,9.295266595036104,34.51773824862159,19.341028214883803,9.295266595036104,28.636294809919907,0.0,0.0,0.0,0.0,0,0,0.0,0.0,0.0,1.0,1.0,0.0,0.0,0.0,0.0,0.5,0.25,0.0,-954.1964000000407,0.0,110,2550.0,2314.9721000000022,0.0,0.0,0.0,0.0,0.0,0.0,0.0,0,522.7182,2550.0,2314.9721000000022,0.0,267.0,0.0,0.0,0.015,4.701940057915062,4.9687237451737305,NaN,NaN,3.6832365446371917,30.06926985744884,1036.0,1036.0,518.0,2021.0000000000002,1038.0,0.0,248,18,18,1,58,32.0,2022.0,73827.56839999997,33299.53799999999,21083.8708,137,631,0,47,0.20757932143630908,0.24515338095387018,0.5288622478695071,0,5178.760600000012,4871.2099000000035,58,0,0.0,0,0,18,0.0,0,0.0,79253.34754338453,0.0,0,0,0,1.5,0,0.0,0,0,0.0,0,0.0,0,0,0.0,0.0,0.0,0,0.0,0.0,NaN,5120.0,NaN,NaN,0,0,0.0,0,0.0,NaN,0,NaN,0,0,0,0.0,0.0,0.0,0.0,0.0,0.0,0.0,0.0,0,0,0,0,248,0.0,0,0,0.0,0,0.0,0.0,0.0,0.0,0.0,0.0,0.0,0.0,0.0,0.0,0.6063609976372797,463,64854.989099999984,47,14398.358443384515,4,58289.80544142796,4,21083.8708,2,522.7182,0.0,39.60422732397458,0,0,518,518,0 bare bones,sumsy,1,-2.9103830456733704e-11
116,510,4,4,128964.0218000001,0.0,0.0,0.0,0.0,,0.0,0.0,0.0,0.0,0.0,0.0,0.0025,0.0,0.0,0.0,1.0,0.0,0.0,0.0,0.0,1.0,0.0,0.0,1.0,0.0,0,0,25.202274387630943,9.368946427900145,34.57122081553109,19.486700368411775,9.368946427900145,28.855646796311923,0.0,0.0,0.0,0.0,0,0,0.0,0.0,0.0,1.0,1.0,0.0,0.0,0.0,0.0,0.5,0.25,0.0,-954.1964000000407,0.0,110,2550.0,2319.6736000000014,0.0,0.0,0.0,0.0,0.0,0.0,0.0,0,523.2524,2550.0,2319.6736000000014,0.0,267.0,0.0,0.0,0.015,4.70818586538462,5.012154230769219,NaN,NaN,3.671147984644894,29.953371012150587,1040.0,1040.0,520.0,2020.6666666666667,1042.0,0.0,247,13,13,2,49,31.0,2026.0,73918.32850000003,33400.1756,21122.2653,135,633,0,47,0.20742005203385316,0.24409668306656807,0.5259285456566467,0,5179.044000000016,4896.513300000005,49,0,0.0,0,0,13,0.0,0,0.0,79253.30446674736,0.0,0,0,0,1.5,0,0.0,0,0,0.0,0,0.0,0,0,0.0,0.0,0.0,0,0.0,0.0,NaN,5120.0,NaN,NaN,0,0,0.0,0,0.0,NaN,0,NaN,0,0,0,0.0,0.0,0.0,0.0,0.0,0.0,0.0,0.0,0,0,0,0,247,0.0,0,0,0.0,0,0.0,0.0,0.0,0.0,0.0,0.0,0.0,0.0,0.0,0.0,0.6062400361067786,463,64992.53139999998,47,14260.773066747317,4,58415.28513297078,4,21122.2653,2,523.2524,0.0,39.518340494424606,0,0,520,520,0 bare bones,sumsy,1,-2.9103830456733704e-11
117,510,4,4,129189.74099999994,0.0,0.0,0.0,0.0,,0.0,0.0,0.0,0.0,0.0,0.0,0.0025,0.0,0.0,0.0,1.0,0.0,0.0,0.0,0.0,1.0,0.0,0.0,1.0,0.0,0,0,25.2599787012427,9.295488433595798,34.5554671348385,19.582777217829495,9.295488433595798,28.878265651425295,0.0,0.0,0.0,0.0,0,0,0.0,0.0,0.0,1.0,1.0,0.0,0.0,0.0,0.0,0.5,0.25,0.0,-954.1964000000407,0.0,110,2550.0,2324.280800000001,0.0,0.0,0.0,0.0,0.0,0.0,0.0,0,522.9658,2550.0,2324.280800000001,0.0,267.0,0.0,0.0,0.015,4.709142788461546,5.030149423076919,NaN,NaN,3.65942763915556,29.95328797789822,1040.0,1040.0,520.0,2023.3333333333335,1042.0,0.0,247,21,20,2,51,42.0,2019.0,73963.28220000002,33538.3755,21165.1175,134,634,0,47,0.20852932564964033,0.24445845924134435,0.5261453528442612,0,5165.913400000001,4897.508500000007,51,0,0.0,0,0,21,0.0,0,0.0,79247.700739467,0.0,0,0,0,1.5,0,0.0,0,0,0.0,0,0.0,0,0,0.0,0.0,0.0,0,0.0,0.0,NaN,5120.0,NaN,NaN,0,0,0.0,0,0.0,NaN,0,NaN,0,0,0,0.0,0.0,0.0,0.0,0.0,0.0,0.0,0.0,0,0,0,0,247,0.0,0,0,0.0,0,0.0,0.0,0.0,0.0,0.0,0.0,0.0,0.0,0.0,0.0,0.606839779842532,463,65071.055200000046,47,14176.645539467061,4,58540.77366434416,4,21165.1175,2,522.9658,0.0,39.43595924975419,0,0,520,520,0 bare bones,sumsy,1,-2.9103830456733704e-11
118,510,4,4,129410.94580000003,0.0,0.0,0.0,0.0,,0.0,0.0,0.0,0.0,0.0,0.0,0.0025,0.0,0.0,0.0,1.0,0.0,0.0,0.0,0.0,1.0,0.0,0.0,1.0,0.0,0,0,25.43419772554524,9.2697539783669,34.70395170391214,19.56338627860169,9.2697539783669,28.83314025696859,0.0,0.0,0.0,0.0,0,0,0.0,0.0,0.0,1.0,1.0,0.0,0.0,0.0,0.0,0.5,0.25,0.0,-954.1964000000407,0.0,110,2550.0,2328.7951999999964,0.0,0.0,0.0,0.0,0.0,0.0,0.0,0,522.8012,2550.0,2328.7951999999964,0.0,267.0,0.0,0.0,0.015,4.716819767441856,5.056337403100788,NaN,NaN,3.6535601547389667,30.2695247475103,1032.0,1032.0,516.0,2016.6666666666667,1034.0,0.0,249,11,11,3,45,34.0,2029.0,74032.65059999996,33647.566000000006,21207.928,132,636,0,46,0.20726568587197747,0.2435210892143549,0.5294308427162804,0,5129.155200000001,4867.757999999995,45,0,0.0,0,0,11,0.0,0,0.0,79227.76674664237,0.0,0,0,0,1.5,0,0.0,0,0,0.0,0,0.0,0,0,0.0,0.0,0.0,0,0.0,0.0,NaN,5120.0,NaN,NaN,0,0,0.0,0,0.0,NaN,0,NaN,0,0,0,0.0,0.0,0.0,0.0,0.0,0.0,0.0,0.0,0,0,0,0,249,0.0,0,0,0.0,0,0.0,0.0,0.0,0.0,0.0,0.0,0.0,0.0,0.0,0.0,0.606871804555954,464,65166.83400000002,46,14060.932746642338,4,58678.58016109493,4,21207.928,2,522.8012,0.0,39.356940504866245,0,0,516,516,0 bare bones,sumsy,1,-2.9103830456733704e-11
119,510,4,4,129627.72769999993,0.0,0.0,0.0,0.0,,0.0,0.0,0.0,0.0,0.0,0.0,0.0025,0.0,0.0,0.0,1.0,0.0,0.0,0.0,0.0,1.0,0.0,0.0,1.0,0.0,0,0,24.904255461204905,9.5113522512345,34.4156077124394,19.126352561922292,9.5113522512345,28.63770481315679,0.0,0.0,0.0,0.0,0,0,0.0,0.0,0.0,1.0,1.0,0.0,0.0,0.0,0.0,0.5,0.25,0.0,-954.1964000000407,0.0,110,2550.0,2333.2181,0.0,0.0,0.0,0.0,0.0,0.0,0.0,0,522.6938,2550.0,2333.2181,0.0,267.0,0.0,0.0,0.015,4.712457980769231,5.010517115384599,NaN,NaN,3.6428061420345683,30.059858860280446,1040.0,1040.0,520.0,2025.0,1042.0,0.0,246,9,9,1,48,25.0,2031.0,74054.84430000001,33767.323,21282.8666,131,637,0,46,0.20230624815504772,0.23872555791039507,0.5248106351738124,0,5146.726299999993,4900.9563,48,0,0.0,0,0,9,0.0,0,0.0,79200.46770588179,0.0,0,0,0,1.5,0,0.0,0,0,0.0,0,0.0,0,0,0.0,0.0,0.0,0,0.0,0.0,NaN,5120.0,NaN,NaN,0,0,0.0,0,0.0,NaN,0,NaN,0,0,0,0.0,0.0,0.0,0.0,0.0,0.0,0.0,0.0,0,0,0,0,246,0.0,0,0,0.0,0,0.0,0.0,0.0,0.0,0.0,0.0,0.0,0.0,0.0,0.0,0.6050460158428073,464,65227.30700000001,46,13973.160705881752,4,58788.40780569981,4,21282.8666,2,522.6938,0.0,39.27956798383015,0,0,520,520,0 bare bones,sumsy,1,-2.9103830456733704e-11
120,510,4,4,129840.17359999997,0.0,0.0,0.0,0.0,,0.0,0.0,0.0,0.0,0.0,0.0,0.0025,0.0,0.0,0.0,1.0,0.0,0.0,0.0,0.0,1.0,0.0,0.0,1.0,0.0,0,0,24.789348916577623,9.540577293487981,34.3299262100656,19.08847976801396,9.540577293487981,28.629057061501946,0.0,0.0,0.0,0.0,0,0,0.0,0.0,0.0,1.0,1.0,0.0,0.0,0.0,0.0,0.5,0.25,0.0,-954.1964000000407,0.0,110,2550.0,2337.554100000004,0.0,0.0,0.0,0.0,0.0,0.0,0.0,0,522.6318,2550.0,2337.554100000004,0.0,267.0,0.0,0.0,0.015,4.69653843212237,4.967986233269605,NaN,NaN,3.64541059160304,29.920799188579448,1046.0,1046.0,523.0,2029.6666666666667,1048.0,0.0,246,11,11,2,46,29.0,2029.0,74089.2397,33870.470199999996,21357.8319,130,638,0,45,0.20250106565929848,0.2382632184871596,0.5221885125295218,0,5170.610300000008,4912.579199999999,46,0,0.0,0,0,11,0.0,0,0.0,79185.94421131887,0.0,0,0,0,1.5,0,0.0,0,0,0.0,0,0.0,0,0,0.0,0.0,0.0,0,0.0,0.0,NaN,5120.0,NaN,NaN,0,0,0.0,0,0.0,NaN,0,NaN,0,0,0,0.0,0.0,0.0,0.0,0.0,0.0,0.0,0.0,0,0,0,0,246,0.0,0,0,0.0,0,0.0,0.0,0.0,0.0,0.0,0.0,0.0,0.0,0.0,0.0,0.6052650197385943,465,65493.431200000006,45,13692.513011318833,4,58883.52772478014,4,21357.8319,2,522.6318,0.0,39.20541931783721,0,0,523,523,0 bare bones,sumsy,1,-2.9103830456733704e-11
