round,persons_alive,farms_open,bakeries_open,money_in_circulation,money_in_dead_balances,outstanding_debt,peer_lent,government_debt,termination,government_peer_debt,government_bank_debt,bonds_outstanding,government_arrears,bonds_issued,coupons,bond_rate,government_cash,government_reserve_target,surplus_redistributed,tax_scale,government_outlay,tax_shortfall,tax_policy_step,consumption_tax,consumption_tax_scale,wealth_tax,wealth_tax_base,wealth_tax_scale,clearing_residue,negative_wealth_persons,zero_cash_persons,wealth_gap_meals,wealth_bottom10_meals,wealth_top10_meals,cash_gap_meals,cash_bottom10_meals,cash_top10_meals,invoices_issued,invoices_paid,invoices_open,invoices_overdue,liquidations,refoundings,bad_debt,bank_bailouts,profit_tax,profit_tax_scale,parking_tax_scale,income_tax_accrued,income_tax_charged,wealth_tax_arrears,consumption_tax_rate_now,bracket_top_rate,bracket_bottom_rate,bank_retained_interest,cumulative_interest_paid,cumulative_write_offs,cumulative_credit_refusals,money_created,money_destroyed,credit_demand,tax,enterprise_tax,deposit_interest,buffer_pool,insurance_premiums,insurance_payouts,missed_payments,cash_banks,gi_created,demurrage_destroyed,demurrage_tax,account_fees,fees,trade_arrears,interest_rate,price_bread,price_grain,price_ticket,price_rent,price_wage,wage_bid_producers,bread_baked,bread_sold,grain_harvested,labour_offered,labour_sold,government_labour,unemployed,hungry,without_bread,half_meals,gluttons,bread_stocked,total_capacity,cash_persons,cash_farms,cash_bakeries,land_persons,land_farms,land_banks,landholders,gini_cash_persons,gini_net_wealth_persons,gini_income_persons,persons_below_meal,persons_income,bread_bill,gluttony_attempted,gluttony_refused,tickets_sold,n_greedy,hungry_greedy,hungry_others,cash_greedy,land_greedy,wealth_greedy,wealth_persons,bread_greedy,greedy_loaves,greedy_tickets,ration,tier_multiplier,tier_sold,tier_revenue,n_consumers,n_hoarders,wealth_hoarders,land_hoarders,shares_hoarders,greedy_land,greedy_shares,ticket_revenue,theatre_labour,cash_theatres,theatres_open,dividends,dividend_income_persons,share_price_mean,share_units_per_firm,founders_stake_pct,book_per_unit_mean,share_trades,share_trades_deferred,share_contracts_outstanding,share_seizures,share_volume,founders_stake_mean,outside_holders,forward_value_mean,coop_worker_open,coop_consumer_open,coop_member_open,coop_retained_reserve,coop_buffer_pledged,buffer_pledged_persons,patronage_wages,rebates,membership_capital,reserved_labour,coop_worker_hours,coop_members_worker,coop_members_consumer,worker_members,unemployed_members,unemployed_nonmembers,rebate_income_persons,coop_open,forprofit_open,cash_coops,coop_members,coop_capital,founder_capital,founder_debt,reserve_shortfall_owned,reserve_shortfall_coops,reserve_shortfall_forprofit,dividends_coops,dividends_forprofit,founders_cash,cash_forprofit,gini_net_wealth_all,n_workers,wealth_workers,n_landowners,wealth_landowners,n_farms,wealth_farms,n_bakeries,wealth_bakeries,n_banks,wealth_banks,wealth_government,land_price,deaths,closures,production_target_farms,production_target_bakeries,rung,system,seed,identity
1,512,4,4,26747.98379999995,0.0,1242.3001,904.8000999999999,561.0,,561.0,0.0,0.0,0.0,0.0,0.0,0.0025,117.3002,0.0,0.0,1.0,561.0,0.0,0.0,0.0,1.0,0.0,0.0,1.0,0.0,0,0,47.41189696283925,3.7237987760416664,51.13569573888092,8.684164117647057,2.6187949019607846,11.302959019607842,0.0,0.0,0.0,0.0,0,0,0.0,0.0,0.0,1.0,1.0,0.0,0.0,0.0,0.0,0.5,0.25,0.0,0.0,0.0,53,2560.0,237.29620000000025,6235.1006,118.19930000000018,0.0,0.0,0.0,0.0,0.0,0,258.1752,2560.0,237.29620000000025,118.19930000000018,274.0,0.0,2519.7,0.0,5.0,5.200000000000013,2.0,0.75,3.594822888283399,3.9200000000000013,320.0,72.0,160.0,2048.0,734.0,204.0,328,0,0,0,43,29.0,2048.0,19706.632900000015,566.679,3535.6501,632,136,0,107,0.22865691279151434,0.5327634226734295,0.6621043855190003,3,5128.2167999999965,360.0,43,0,520.0,0,0,0,0.0,0,0.0,62504.65811905304,0.0,0,0,0,1.5,0,0.0,0,0,0.0,0,0.0,0,0,1040.0,208.0,2563.5464,4,24.509000000000004,24.533599999999932,0.7786997343133573,5120.0,85.498046875,0.1574211653645833,308,0,0.0,0,5700.253615959125,4377.5,285,0.4264223673190803,0,0,6,0.0,0.0,0.0,0.0,0.0,0.0,0.0,0.0,0,0,0,0,328,0.0,6,6,3404.8972999999996,3072,720.0,120.0,0.0,2523.149900000001,1186.4639000000004,1336.6860000000004,10.932,13.577000000000002,12400.418599999999,3260.9782,0.5394578973921336,405,33278.34355759873,107,29226.314561454456,4,0.0,4,113.70000000000005,2,258.1752,-443.6998,37.5,0,0,160,160,9 co-ops (side rung),sumsy,2,1.6007106751203537e-10
2,512,4,4,29012.574499999977,0.0,9882.034499999998,2936.299400000001,1004.6998,,1004.6998,0.0,0.0,0.0,0.0,0.0,0.0025,145.3928,0.0,0.0,1.0,561.0,0.0,0.0,0.0,1.0,0.0,0.0,1.0,0.0,0,0,51.527599379119565,3.5156168589522125,55.043216238071786,9.110468627450981,2.1488329411764706,11.259301568627452,0.0,0.0,0.0,0.0,0,0,0.0,0.0,0.0,1.0,1.0,0.0,0.0,0.0,0.0,0.5,0.25,0.0,-3.4379999999999957,0.0,60,2560.0,295.4093000000007,9151.381500000001,146.9326000000003,0.0,0.0,0.0,0.0,0.0,62,392.6701,2560.0,295.4093000000007,146.9326000000003,274.0,0.0,1935.7306999999855,0.015,4.7513611111111205,5.49505066666667,2.058239634146341,0.921809316770187,3.567334129692802,12.880707720588234,900.0,1080.0,450.0,2048.0,1172.0,204.0,218,0,0,0,46,39.0,2048.0,19049.447599999967,658.5875,6416.597400000001,479,289,0,82,0.2565090970267494,0.5499551472987829,0.5787607987302501,1,5525.421299999994,5131.47000000001,46,0,164.0,0,0,0,0.0,0,0.0,65355.70042665767,0.0,0,0,0,1.5,0,0.0,0,0,0.0,0,0.0,0,0,337.55129999999997,66.0,2349.8791,4,190.08999999999997,190.11849999999774,0.5081484229163131,5120.0,70.01302083333333,0.18173537109375001,195,0,0.0,0,3276.447900572512,3584.6666666666665,332,0.587872120519414,0,0,6,0.0,0.0,0.0,0.0,0.0,0.0,0.0,0.0,0,0,0,0,218,0.0,6,6,4416.3468,3072,720.0,120.0,372.42669999999987,10663.336898365193,5668.826836512297,4994.510061852897,94.02629999999999,96.06370000000001,13032.233600000003,5008.7172,0.5561391301542546,430,43121.252360636274,82,22234.44806602133,4,0.0,4,112.67499999999995,2,392.6701,-859.307,37.5,0,0,450,450,9 co-ops (side rung),sumsy,2,1.6007106751203537e-10
3,512,4,4,31228.082600000063,0.0,12785.783689440987,677.7746,1392.4099999999999,,1392.4099999999999,0.0,0.0,0.0,0.0,0.0,0.0025,169.8656,0.0,0.0,1.0,533.1029999999994,0.0,0.0,0.0,1.0,0.0,0.0,1.0,0.0,0,0,64.47933216821875,3.9613022581691513,68.4406344263879,12.653058273979257,2.180897871370188,14.833956145349445,0.0,0.0,0.0,0.0,0,0,0.0,0.0,0.0,1.0,1.0,0.0,0.0,0.0,0.0,0.5,0.25,0.0,-31.63050000000002,0.0,67,2560.0,344.4918999999999,5938.888399999998,171.45279999999988,0.0,0.0,0.0,0.0,0.0,185,478.92949999999996,2560.0,344.4918999999999,171.45279999999988,274.0,0.0,1249.8581000000033,0.015,4.688462018348577,5.390718317757027,2.150679870129869,1.2494424870466323,3.4422393248629906,12.708715838366622,1070.0,1090.0,535.0,2048.0,1338.0,204.0,177,0,0,1,59,47.0,2048.0,21170.244900000016,736.4513,6482.6083,426,342,0,74,0.32251311514373193,0.5573907646971801,0.48938774794333595,0,7290.435400000003,5110.423599999949,59,0,154.0,0,0,0,0.0,0,0.0,76674.47098282712,0.0,0,0,0,1.5,0,0.0,0,0,0.0,0,0.0,0,0,331.2046999999998,62.0,2189.983,4,177.133,177.1403000000019,0.6403805644980529,5120.0,62.1484375,0.21952300560866345,138,0,0.0,0,2554.1503521237437,3182.0,340,0.7210816422252545,0,0,6,0.0,0.0,0.0,0.0,0.0,0.0,0.0,0.0,0,0,0,0,177,0.0,6,6,4413.4102,3072,720.0,120.0,629.7916999999999,14531.143229730054,7585.15190722926,6945.991322500793,88.3107,88.82230000000001,14655.538899999994,4995.6323999999995,0.5633926113932168,438,52010.20414161508,74,24664.266841212077,4,0.0,4,111.65000000000009,2,478.92949999999996,-1222.5443999999998,46.090465838509346,0,0,535,535,9 co-ops (side rung),sumsy,2,1.6007106751203537e-10
4,512,4,4,33401.75420000001,0.0,14856.553300000012,2891.5406,1748.589,,1748.589,0.0,0.0,0.0,0.0,0.0,0.0025,190.0761,0.0,0.0,1.0,526.0445999999998,0.0,0.0,0.0,1.0,0.0,0.0,1.0,0.0,0,0,75.80541797500476,5.244303059133833,81.04972103413859,9.543216864894529,2.1360319999965096,11.679248864891038,0.0,0.0,0.0,0.0,0,0,0.0,0.0,0.0,1.0,1.0,0.0,0.0,0.0,0.0,0.5,0.25,0.0,-61.30490000000015,0.0,72,2560.0,386.32839999999976,4790.720400000001,192.1347999999999,0.0,0.0,0.0,0.0,0.0,110,517.0997,2560.0,386.32839999999976,192.1347999999999,274.0,0.0,480.14840000000055,0.015,4.557788816402638,5.342256377079468,2.280513461538462,1.3715005025125608,3.3414467027838635,12.327454363215622,1082.0,1073.0,541.0,2046.6666666666667,1434.0,204.0,153,0,0,3,52,47.0,2048.0,20954.599699999988,800.8974,8666.743900000001,435,333,0,83,0.268411991572711,0.5487893263333754,0.41081807698454176,1,8262.725799999995,4890.507400000031,52,0,364.0,0,0,0,0.0,0,0.0,89688.94572395725,0.0,0,0,0,1.5,0,0.0,0,0,0.0,0,0.0,0,0,830.1069000000002,146.0,2272.3374,4,92.76849999999999,92.77020000000068,0.6540227998752763,5120.0,59.1796875,0.29738271013803436,79,0,0.0,0,751.9768117625828,3030.0,340,0.7130011191820017,0,0,6,0.0,0.0,0.0,0.0,0.0,0.0,0.0,0.0,0,0,0,0,153,0.0,6,6,5779.0117,3072,720.0,120.0,775.7028000000003,12482.848534701605,6361.829076532597,6121.019458169009,46.2838,46.484700000000004,13614.202899999991,5960.967000000001,0.5550822772238846,429,54272.270159927764,83,35416.675564029596,4,0.0,4,110.625,2,517.0997,-1558.5129,62.47212435233161,0,0,541,541,9 co-ops (side rung),sumsy,2,1.6007106751203537e-10
5,512,4,4,35539.49680000001,0.0,14519.8457,486.7558000000001,2069.8950000000004,,2069.8950000000004,0.0,0.0,0.0,0.0,0.0,0.0025,208.0876,0.0,0.0,1.0,511.3821000000004,0.0,0.0,0.0,1.0,0.0,0.0,1.0,0.0,0,0,81.46028017669526,6.208374319774658,87.66865449646993,9.655927943342652,2.5792720822591706,12.235200025601824,0.0,0.0,0.0,0.0,0,0,0.0,0.0,0.0,1.0,1.0,0.0,0.0,0.0,0.0,0.5,0.25,0.0,-114.769725,0.0,75,2560.0,422.2573999999998,2243.247400000001,210.1152999999999,0.0,0.0,0.0,0.0,0.0,69,546.9224,2560.0,422.2573999999998,210.1152999999999,274.0,0.0,0.0,0.015,4.449715122873374,5.317545607476625,2.375727031802117,1.4636361386138632,3.31200089057467,11.957630732319153,1070.0,1058.0,535.0,2044.0,1502.9999999999998,204.0,135,0,0,3,56,28.0,2048.0,22926.118500000004,895.4141999999999,8391.964399999999,438,330,0,86,0.24537078552016656,0.5376425691623075,0.3722772181284131,0,8149.287899999997,4707.79860000003,56,0,566.0,0,0,0,0.0,0,0.0,95554.06603007326,0.0,0,0,0,1.5,0,0.0,0,0,0.0,0,0.0,0,0,1344.6614999999981,227.0,2570.9897,4,41.665099999999995,41.67200000000018,0.6540227998752763,5120.0,59.1796875,0.33766988421927296,0,0,0.0,0,0.0,3030.0,340,0.8289244104855688,0,0,6,0.0,0.0,0.0,0.0,0.0,0.0,0.0,0.0,0,0,0,0,135,0.0,6,6,5842.004099999999,3072,720.0,120.0,883.5717000000003,12214.24510768141,6226.885629268445,5987.359478412965,21.706,19.9591,14867.092100000005,6016.3642,0.5442310358442479,426,55702.63388779649,86,39851.43214227684,4,0.0,4,109.59989999999993,2,546.9224,-1861.8074000000004,68.57502512562804,0,0,535,535,9 co-ops (side rung),sumsy,2,1.6007106751203537e-10
6,512,4,4,37635.35800000003,0.0,14251.420799999996,425.03920000000005,2361.0667000000003,,2361.0667000000003,0.0,0.0,0.0,0.0,0.0,0.0025,228.9752,0.0,0.0,1.0,499.25930000000005,0.0,0.0,0.0,1.0,0.0,0.0,1.0,0.0,0,0,87.03321632078887,6.535976032668837,93.56919235345771,10.785595069556955,2.6495302679843675,13.435125337541322,0.0,0.0,0.0,0.0,0,0,0.0,0.0,0.0,1.0,1.0,0.0,0.0,0.0,0.0,0.5,0.25,0.0,-167.05825000000027,0.0,82,2560.0,464.1388000000003,6365.453999999999,231.03820000000016,0.0,0.0,0.0,0.0,0.0,67,560.7217,2560.0,464.1388000000003,231.03820000000016,274.0,0.0,0.0,0.015,4.36931639962301,5.202745370370338,2.4191748437500005,1.6022114285714277,3.28380190453076,11.59890181034958,1080.0,1061.0,540.0,2044.0000000000002,1542.0,204.0,124,0,0,1,44,22.0,2048.0,24476.880399999987,1345.8499,8098.7489000000005,438,330,0,86,0.2535035174713276,0.537177723342904,0.3336225942337385,0,7764.599900000018,4635.844700000013,44,0,640.0,0,0,0,0.0,0,0.0,99920.58599462893,0.0,0,0,0,1.5,0,0.0,0,0,0.0,0,0.0,0,0,1548.2719000000002,256.0,2924.1818999999996,4,52.335,52.34690000000019,0.6540227998752763,5120.0,59.1796875,0.3874203582340659,0,0,0.0,0,0.0,3030.0,340,1.0632126435241103,0,0,6,0.0,0.0,0.0,0.0,0.0,0.0,0.0,0.0,0,0,0,0,124,0.0,6,6,5805.7511,3072,720.0,120.0,959.3496,12271.798514128519,6529.14035706426,5742.658157064259,27.8408,24.4942,15675.061000000002,6563.0296,0.5437643801315546,426,57245.88877072066,86,42674.697223908224,4,0.0,4,108.5748000000001,2,560.7217,-2132.0915000000005,73.18180693069316,0,0,540,540,9 co-ops (side rung),sumsy,2,1.6007106751203537e-10
7,512,4,4,39691.735100000034,0.0,13876.014800000003,324.7515,2622.329,,2622.329,0.0,0.0,0.0,0.0,0.0,0.0025,248.618,0.0,0.0,1.0,490.2375000000004,0.0,0.0,0.0,1.0,0.0,0.0,1.0,0.0,0,0,93.63667406445273,7.238070214528542,100.87474427898128,11.76687210368605,2.912873214441618,14.679745318127669,0.0,0.0,0.0,0.0,0,0,0.0,0.0,0.0,1.0,1.0,0.0,0.0,0.0,0.0,0.5,0.25,0.0,-217.772275,0.0,87,2560.0,503.6228999999999,3899.1286999999998,250.74689999999984,0.0,0.0,0.0,0.0,0.0,68,566.6288,2560.0,503.6228999999999,250.74689999999984,274.0,0.0,0.0,0.015,4.275271123491164,5.234760486891415,2.499779375,1.6031289215686269,3.2088684313971827,11.250934756039092,1068.0,1077.0,534.0,2046.6666666666665,1530.0,204.0,129,0,0,3,47,31.0,2048.0,25876.238600000044,1861.8495,7896.6319,438,330,0,86,0.2603270781210065,0.5337745818374062,0.35433384383165145,0,7574.842700000027,4604.466999999983,47,0,640.0,0,0,0,0.0,0,0.0,105957.17987680709,0.0,0,0,0,1.5,0,0.0,0,0,0.0,0,0.0,0,0,1599.8588,256.0,3241.7682999999997,4,91.1165,91.09479999999971,0.6540227998752763,5120.0,59.1796875,0.4388945396205355,0,0,0.0,0,0.0,3030.0,340,1.1495997253936128,0,0,6,0.0,0.0,0.0,0.0,0.0,0.0,0.0,0.0,0,0,0,0,129,0.0,6,6,6174.289899999999,3072,720.0,120.0,967.6975999999997,11664.360694021263,6213.19682883464,5451.163865186623,47.2823,43.834199999999996,16517.138999999996,6825.9598000000005,0.5404398289374361,426,59441.34148102884,86,46515.83839577819,4,0.0,4,107.54970000000003,2,566.6288,-2373.7110000000002,80.11057142857139,0,0,534,534,9 co-ops (side rung),sumsy,2,1.6007106751203537e-10
8,512,4,4,41700.25649999998,0.0,13477.446599999996,304.76370000000003,2853.3966,,2853.3966,0.0,0.0,0.0,0.0,0.0,0.0025,272.3892,0.0,0.0,1.0,479.6855999999997,0.0,0.0,0.0,1.0,0.0,0.0,1.0,0.0,0,0,103.11527898578413,7.276303851548062,110.3915828373322,15.986215589186408,2.8633393315154074,18.849554920701813,0.0,0.0,0.0,0.0,0,0,0.0,0.0,0.0,1.0,1.0,0.0,0.0,0.0,0.0,0.5,0.25,0.0,-266.1396749999999,0.0,91,2560.0,551.4785999999998,3359.1875,274.62229999999994,0.0,0.0,0.0,0.0,0.0,69,568.3502000000001,2560.0,551.4785999999998,274.62229999999994,274.0,0.0,0.0,0.015,4.376893183940244,5.21933527204505,2.562327812499997,1.5818206896551732,3.159138036685685,10.91340671335792,1066.0,1071.0,533.0,2044.0000000000002,1528.0,204.0,128,0,0,2,47,33.0,2048.0,27087.15119999999,2387.7045,7874.259999999999,438,330,0,86,0.3339028444450729,0.5410134979285728,0.3672919423795893,0,7454.712200000001,4687.652600000001,47,0,640.0,0,0,0,0.0,0,0.0,110589.75483491377,0.0,0,0,0,1.5,0,0.0,0,0,0.0,0,0.0,0,0,1639.889799999998,256.0,3510.4014,4,128.2838,128.27770000000078,0.6341424065120739,5120.0,51.015625,0.4505847812946792,79,0,0.0,0,1326.204655423557,2612.0,340,1.2314556303834936,0,0,6,0.0,0.0,0.0,0.0,0.0,0.0,0.0,0.0,0,0,0,0,128,0.0,6,6,6907.619499999999,3072,720.0,120.0,982.2775000000004,10933.781907735798,5478.03744327478,5455.744464461017,65.596,62.687799999999996,17131.355,6864.7464,0.5474611932394406,426,63423.678168268445,86,47166.076666645095,4,0.0,4,106.52469999999994,2,568.3502000000001,-2581.0074,80.15644607843134,0,0,533,533,9 co-ops (side rung),sumsy,2,1.6007106751203537e-10
9,512,4,4,43672.570900000064,0.0,13138.337099999995,367.90709999999996,3072.0966,,3072.0966,0.0,0.0,0.0,0.0,0.0,0.0025,290.3418,0.0,0.0,1.0,491.0892000000006,0.0,0.0,0.0,1.0,0.0,0.0,1.0,0.0,0,0,100.48662945829608,7.232201270736888,107.71883072903297,16.276887967337846,2.7624281500723833,19.03931611741023,0.0,0.0,0.0,0.0,0,0,0.0,0.0,0.0,1.0,1.0,0.0,0.0,0.0,0.0,0.5,0.25,0.0,-312.232700000001,0.0,93,2560.0,587.6856000000005,2482.3801000000003,292.67629999999974,0.0,0.0,0.0,0.0,0.0,70,567.8901000000001,2560.0,587.6856000000005,292.67629999999974,274.0,0.0,0.0,0.015,4.350695424836602,5.1837734579439365,2.6581832812500075,1.6445175609756095,3.15654446164363,10.58600451195718,1070.0,1071.0,535.0,2045.3333333333335,1532.0,204.0,128,0,0,0,50,30.0,2048.0,28305.94000000001,2896.6423000000004,7857.9788,438,330,0,86,0.3308271503288047,0.5374411431771193,0.36455351749938214,0,7458.45429999999,4659.594800000001,50,0,640.0,0,0,0,0.0,0,0.0,111473.03911080958,0.0,0,0,0,1.5,0,0.0,0,0,0.0,0,0.0,0,0,1701.2373000000048,256.0,3753.7778999999996,4,160.4073,160.4176999999999,0.6341424065120739,5120.0,51.015625,0.4660959016927086,0,0,0.0,0,0.0,2612.0,340,1.402160722129185,0,0,6,0.0,0.0,0.0,0.0,0.0,0.0,0.0,0.0,0,0,0,0,128,0.0,6,6,7326.3521,3072,720.0,120.0,1061.0384000000001,10302.067316289907,5124.193656197561,5177.873660092346,83.1403,77.267,18120.823,7182.046899999999,0.5439278466529607,426,64355.67708808307,86,47117.36202272645,4,0.0,4,105.4996000000001,2,567.8901000000001,-2781.7547999999997,79.09103448275866,0,0,535,535,9 co-ops (side rung),sumsy,2,1.6007106751203537e-10
10,512,4,4,45606.51000000004,0.0,12713.03600000001,289.1759,3269.9012999999995,,3269.9012999999995,0.0,0.0,0.0,0.0,0.0,0.0025,309.3754,0.0,0.0,1.0,488.1465000000005,0.0,0.0,0.0,1.0,0.0,0.0,1.0,0.0,0,0,103.28228480116887,7.497109983945904,110.77939478511477,17.004982149950028,2.8579690663231054,19.862951216273135,0.0,0.0,0.0,0.0,0,0,0.0,0.0,0.0,1.0,1.0,0.0,0.0,0.0,0.0,0.5,0.25,0.0,-356.7680249999999,0.0,98,2560.0,626.0608999999997,4303.6242999999995,311.81250000000006,0.0,0.0,0.0,0.0,0.0,71,566.8249000000001,2560.0,626.0608999999997,311.81250000000006,274.0,0.0,0.0,0.015,4.308506179775278,5.243918621973898,2.7222306249999972,1.6306884057971045,3.125277035590248,10.268424376598464,1074.0,1068.0,537.0,2048.0,1536.0,204.0,128,0,0,3,41,36.0,2048.0,29518.783099999975,3475.2667,7777.8925,438,330,0,86,0.33232190761791824,0.5358574899045365,0.3613359912108034,0,7399.67950000002,4601.484599999997,41,0,640.0,0,0,0,0.0,0,0.0,114607.71575244119,0.0,0,0,0,1.5,0,0.0,0,0,0.0,0,0.0,0,0,1742.2275999999981,256.0,3958.3674,4,184.0661,184.09590000000023,0.6341424065120739,5120.0,51.015625,0.5113810161807671,0,0,0.0,0,0.0,2612.0,340,1.6352219800414234,0,0,6,0.0,0.0,0.0,0.0,0.0,0.0,0.0,0.0,0,0,0,0,128,0.0,6,6,7406.5591,3072,720.0,120.0,1082.1258000000003,9917.603886895164,5201.769413360892,4715.834473534272,94.78999999999999,89.2761,18980.166400000002,7804.9675,0.5423862223551714,426,65691.83508698583,86,48915.880665455355,4,0.0,4,104.47450000000003,2,566.8249000000001,-2960.5258999999996,82.22587804878047,0,0,537,537,9 co-ops (side rung),sumsy,2,1.6007106751203537e-10
11,512,4,4,47503.14550000004,0.0,12214.349600000005,220.3593,3443.9396,,3443.9396,0.0,0.0,0.0,0.0,0.0,0.0025,327.8603,0.0,0.0,1.0,483.4137000000002,0.0,0.0,0.0,1.0,0.0,0.0,1.0,0.0,0,0,115.65349770338355,7.862201698314484,123.51569940169803,18.006882313335044,2.98015009432084,20.98703240765588,0.0,0.0,0.0,0.0,0,0,0.0,0.0,0.0,1.0,1.0,0.0,0.0,0.0,0.0,0.5,0.25,0.0,-399.09454999999883,0.0,105,2560.0,663.3644999999998,4968.0792,330.4076999999999,0.0,0.0,0.0,0.0,0.0,72,565.2469,2560.0,663.3644999999998,330.4076999999999,274.0,0.0,0.0,0.015,4.254603954802261,5.191625800376644,2.805826406250003,1.6074303482587051,3.099604063891618,9.96037164530051,1062.0,1062.0,531.0,2044.0000000000002,1524.0,204.0,129,0,0,2,39,37.0,2048.0,30686.232300000014,4036.5375,7753.235499999999,438,330,0,86,0.3327609011003756,0.5461517877272191,0.3836121907523371,0,7286.052700000008,4518.389400000001,39,0,640.0,0,0,0,0.0,0,0.0,123806.56603324226,0.0,0,0,0,1.5,0,0.0,0,0,0.0,0,0.0,0,0,1795.728900000002,256.0,4134.033,4,206.85520000000002,206.87469999999865,0.9016881117403209,5120.0,51.015625,0.5291994154306318,2,0,0.0,0,21.402591096815875,2612.0,340,1.7626955204960657,0,0,6,0.0,0.0,0.0,0.0,0.0,0.0,0.0,0.0,0,0,0,0,129,0.0,6,6,7784.881699999999,3072,720.0,120.0,1053.8879000000004,9118.608630629737,4796.490356963295,4322.118273666441,108.0651,98.7901,19675.595399999987,8138.9243,0.5525054165905765,426,73669.84355389011,86,50136.722479352335,4,0.0,4,103.44939999999997,2,565.2469,-3116.0793000000003,81.53442028985522,0,0,531,531,9 co-ops (side rung),sumsy,2,1.6007106751203537e-10
12,512,4,4,49357.99509999993,0.0,11722.917300000001,229.92940000000002,3593.4444000000003,,3593.4444000000003,0.0,0.0,0.0,0.0,0.0,0.0025,348.6036,0.0,0.0,1.0,477.3650999999996,0.0,0.0,0.0,1.0,0.0,0.0,1.0,0.0,0,0,116.98394549590863,7.832986474889945,124.81693197079858,19.571924239980156,2.6692878739698966,22.241212113950052,0.0,0.0,0.0,0.0,0,0,0.0,0.0,0.0,1.0,1.0,0.0,0.0,0.0,0.0,0.5,0.25,0.0,-438.7143499999973,0.0,106,2560.0,705.1504000000001,625.1347,351.25189999999964,0.0,0.0,0.0,0.0,0.0,73,563.1383000000001,2560.0,705.1504000000001,351.25189999999964,274.0,0.0,0.0,0.015,4.211165114068442,5.242104331450107,2.897122812500009,1.6080741293532355,3.0928574565149773,9.661560495941494,1062.0,1052.0,531.0,2045.3333333333333,1524.0,204.0,130,0,0,2,42,25.0,2048.0,31878.50630000003,4636.1522,7644.7934,438,330,0,86,0.3475384512852493,0.5416300621948844,0.384548348957356,1,7247.448299999989,4430.145700000001,42,0,640.0,0,0,0,0.0,0,0.0,124805.03094092138,0.0,0,0,0,1.5,0,0.0,0,0,0.0,0,0.0,0,0,1854.1586000000057,256.0,4286.8013,4,226.5469,226.58189999999803,0.9016881117403209,5120.0,51.015625,0.532410528153503,0,0,0.0,0,0.0,2612.0,340,1.7827995852130514,0,0,6,0.0,0.0,0.0,0.0,0.0,0.0,0.0,0.0,0,0,0,0,130,0.0,6,6,8475.2421,3072,720.0,120.0,1050.5025000000003,8425.289392334806,4090.7999925820313,4334.489399752775,119.0058,107.5411,20446.691800000004,8092.504800000001,0.5480826498858484,426,74749.16577004234,86,50055.86517087898,4,0.0,4,102.42439999999988,2,563.1383000000001,-3244.8408000000004,80.37151741293526,0,0,531,531,9 co-ops (side rung),sumsy,2,1.6007106751203537e-10
13,512,4,4,51176.73610000001,0.0,11221.366000000002,223.83149999999998,3717.3354000000004,,3717.3354000000004,0.0,0.0,0.0,0.0,0.0,0.0025,366.4372,0.0,0.0,1.0,472.49459999999937,0.0,0.0,0.0,1.0,0.0,0.0,1.0,0.0,0,0,118.23335789752181,8.100881890311204,126.33423978783301,20.55714464933941,2.8207090548277174,23.377853704167126,0.0,0.0,0.0,0.0,0,0,0.0,0.0,0.0,1.0,1.0,0.0,0.0,0.0,0.0,0.5,0.25,0.0,-475.944549999996,0.0,110,2560.0,741.2590000000004,2275.1141,369.23269999999997,0.0,0.0,0.0,0.0,0.0,74,560.9327000000001,2560.0,741.2590000000004,369.23269999999997,274.0,0.0,0.0,0.015,4.209088888888887,5.1605035781544135,2.9457051562500007,1.5994233830845772,3.0923000169280526,9.37171368106325,1062.0,1098.0,531.0,2045.3333333333333,1523.9999999999998,204.0,129,0,0,1,57,43.0,2048.0,32858.886999999995,5204.6824,7792.3377,438,330,0,86,0.34983622451733876,0.5369692735709539,0.3863857274365341,0,7225.819800000014,4621.579599999998,57,0,640.0,0,0,0,0.0,0,0.0,126018.37642201586,0.0,0,0,0,1.5,0,0.0,0,0,0.0,0,0.0,0,0,1885.2513000000006,256.0,4393.4591,4,239.33339999999998,239.30960000000022,0.9016881117403209,5120.0,51.015625,0.5565928104756172,0,0,0.0,0,0.0,2612.0,340,2.3664341328500016,0,0,6,0.0,0.0,0.0,0.0,0.0,0.0,0.0,0.0,0,0,0,0,129,0.0,6,6,8873.4479,3072,720.0,120.0,1064.3789000000004,7769.15804451644,3787.7186123189704,3981.43943219747,126.7437,112.5897,21330.010199999997,8517.0313,0.5435465954962682,426,75700.91878840752,86,50317.45763360838,4,0.0,4,101.39940000000001,2,560.9327000000001,-3350.8982000000005,80.40370646766178,0,0,531,531,9 co-ops (side rung),sumsy,2,1.6007106751203537e-10
14,512,4,4,52961.098099999996,0.0,10617.751100000009,126.76490000000001,3823.1582000000003,,3823.1582000000003,0.0,0.0,0.0,0.0,0.0,0.0025,383.4689,0.0,0.0,1.0,472.2599999999997,0.0,0.0,0.0,1.0,0.0,0.0,1.0,0.0,0,0,118.13079228533688,8.31299520307883,126.44378748841571,21.551596715852693,2.9867052407286696,24.53830195658136,0.0,0.0,0.0,0.0,0,0,0.0,0.0,0.0,1.0,1.0,0.0,0.0,0.0,0.0,0.5,0.25,0.0,-510.94174999999444,0.0,114,2560.0,775.6379999999998,2703.3929,386.36890000000005,0.0,0.0,0.0,0.0,0.0,75,558.7646,2560.0,775.6379999999998,386.36890000000005,274.0,0.0,0.0,0.015,4.20789289099526,5.159333333333355,3.024286093750001,1.5675942857142853,3.0985028361435125,9.090562270631352,1080.0,1055.0,540.0,2046.6666666666665,1542.0,204.0,126,0,0,0,45,29.0,2048.0,34041.25359999996,5793.6855,7712.5674,438,330,0,86,0.35681943053409615,0.5339139686490884,0.3799254872724491,0,7276.541799999998,4439.326999999999,45,0,640.0,0,0,0,0.0,0,0.0,126814.67817574719,0.0,0,0,0,1.5,0,0.0,0,0,0.0,0,0.0,0,0,1935.5431000000008,256.0,4471.3580999999995,4,248.304,248.27820000000196,0.9016881117403209,5120.0,51.015625,0.5810501929480204,0,0,0.0,0,0.0,2612.0,340,2.4384255759385405,0,0,6,0.0,0.0,0.0,0.0,0.0,0.0,0.0,0.0,0,0,0,0,126,0.0,6,6,8960.2168,3072,720.0,120.0,1001.2755000000002,7463.880832054052,3849.371566027026,3614.5092660270257,134.3269,113.97710000000001,22141.72359999999,9017.3942,0.5405892528696989,426,76363.14720428325,86,50451.530971463966,4,0.0,4,100.37439999999992,2,558.7646,-3439.6893000000005,79.97116915422886,0,0,540,540,9 co-ops (side rung),sumsy,2,1.6007106751203537e-10
15,512,4,4,54708.36309999997,0.0,10071.222699999998,184.89850000000004,3911.8167000000003,,3911.8167000000003,0.0,0.0,0.0,0.0,0.0,0.0025,401.8125,0.0,0.0,1.0,472.1274000000003,0.0,0.0,0.0,1.0,0.0,0.0,1.0,0.0,0,0,117.76329770231611,8.216184119387663,125.97948182170377,22.63301220909757,2.8633715487620037,25.496383757859572,0.0,0.0,0.0,0.0,0,0,0.0,0.0,0.0,1.0,1.0,0.0,0.0,0.0,0.0,0.5,0.25,0.0,-542.8654749999943,0.0,119,2560.0,812.7349999999999,3428.9975,404.8495,0.0,0.0,0.0,0.0,0.0,76,556.219,2560.0,812.7349999999999,404.8495,274.0,0.0,0.0,0.015,4.226346375464686,5.105541495327086,3.084626718749998,1.5763858536585342,3.1214836699540114,8.817845402512411,1070.0,1076.0,535.0,2048.0,1532.0,204.0,129,0,0,3,47,37.0,2048.0,35066.27830000001,6350.142400000001,7823.0755,438,330,0,86,0.3693127132741212,0.5317443012492218,0.3959207628241195,0,7252.282600000002,4547.548700000002,47,0,640.0,0,0,0,0.0,0,0.0,127007.14069266255,0.0,0,0,0,1.5,0,0.0,0,0,0.0,0,0.0,0,0,1974.1610999999987,256.0,4510.8354,4,252.2998,252.30270000000172,0.9016881117403209,5120.0,51.015625,0.5943941299293153,0,0,0.0,0,0.0,2612.0,340,2.6326782534429145,0,0,6,0.0,0.0,0.0,0.0,0.0,0.0,0.0,0.0,0,0,0,0,129,0.0,6,6,9339.6582,3072,720.0,120.0,1003.8093,6569.695032592138,3400.9633662330716,3168.7316663590664,136.9588,115.341,22806.105399999993,9344.3951,0.5384876073088414,426,76872.13659610426,86,50135.004096558354,4,0.0,4,99.34930000000008,2,556.219,-3510.0042000000003,78.37971428571426,0,0,535,535,9 co-ops (side rung),sumsy,2,1.6007106751203537e-10
16,512,4,4,56420.449699999976,0.0,9486.287400000005,151.30380000000002,3984.2022,,3984.2022,0.0,0.0,0.0,0.0,0.0,0.0025,419.1914,0.0,0.0,1.0,474.19800000000004,0.0,0.0,0.0,1.0,0.0,0.0,1.0,0.0,0,0,117.69926673323647,8.458935630767387,126.15820236400386,23.42602180637772,2.8578916925024647,26.283913498880185,0.0,0.0,0.0,0.0,0,0,0.0,0.0,0.0,1.0,1.0,0.0,0.0,0.0,0.0,0.5,0.25,0.0,-572.4588999999924,0.0,122,2560.0,847.9133999999998,2168.3144,422.36850000000004,0.0,0.0,0.0,0.0,0.0,77,553.8596,2560.0,847.9133999999998,422.36850000000004,274.0,0.0,0.0,0.015,4.232154232558136,5.087748876404508,3.1527671875000047,1.605016176470589,3.150113505442491,8.553310040437038,1068.0,1075.0,534.0,2044.0000000000002,1530.0,204.0,129,0,0,0,56,32.0,2048.0,36074.67100000002,6891.3182,7963.876200000001,438,330,0,86,0.37454826198163804,0.5272672695542118,0.4110267194566499,0,7273.220100000021,4549.565799999996,56,0,640.0,0,0,0,0.0,0,0.0,128684.56923412613,0.0,0,0,0,1.5,0,0.0,0,0,0.0,0,0.0,0,0,2017.7710000000031,256.0,4517.5333,4,251.1067,251.11639999999912,0.9016881117403209,5120.0,51.015625,0.6085256523119914,0,0,0.0,0,0.0,2612.0,340,2.804085211106212,0,0,6,0.0,0.0,0.0,0.0,0.0,0.0,0.0,0.0,0,0,0,0,129,0.0,6,6,9971.636900000001,3072,720.0,120.0,983.2366999999996,5850.486891607614,2771.5109298704874,3078.9759617371265,136.1802,114.9265,23488.877500000002,9401.0908,0.5341584198499572,426,78001.0561954879,86,50683.513038638295,4,0.0,4,98.32420000000002,2,553.8596,-3565.0108,78.81929268292672,0,0,534,534,9 co-ops (side rung),sumsy,2,1.6007106751203537e-10
17,512,4,4,58099.74389999996,0.0,8827.94150000001,81.8392,4039.8565000000003,,4039.8565000000003,0.0,0.0,0.0,0.0,0.0,0.0025,435.3696,0.0,0.0,1.0,474.8456999999999,0.0,0.0,0.0,1.0,0.0,0.0,1.0,0.0,0,0,118.26335562848313,8.854257008016905,127.11761263650003,24.212394356186632,2.981119810443037,27.19351416662967,0.0,0.0,0.0,0.0,0,0,0.0,0.0,0.0,1.0,1.0,0.0,0.0,0.0,0.0,0.5,0.25,0.0,-599.4996999999937,0.0,125,2560.0,880.7058000000012,3057.843799999999,438.6920000000006,0.0,0.0,0.0,0.0,0.0,78,551.5231,2560.0,880.7058000000012,438.6920000000006,274.0,0.0,0.0,0.015,4.232812062615103,5.082086641929494,3.24929125,1.6071937799043035,3.171869288891626,8.296710739223927,1078.0,1086.0,539.0,2048.0,1540.0,204.0,127,0,0,1,55,40.0,2048.0,37041.962700000004,7432.358200000001,8129.9248,438,330,0,86,0.3758787152337919,0.5233153979682177,0.4063056546587247,0,7328.401199999963,4596.833900000002,55,0,640.0,0,0,0,0.0,0,0.0,130664.91878972147,0.0,0,0,0,1.5,0,0.0,0,0,0.0,0,0.0,0,0,2079.5464,256.0,4508.6055,4,252.7468,252.77170000000083,0.9016881117403209,5120.0,51.015625,0.6360211484183519,0,0,0.0,0,0.0,2612.0,340,2.9555404087176242,0,0,6,0.0,0.0,0.0,0.0,0.0,0.0,0.0,0.0,0,0,0,0,127,0.0,6,6,10346.3917,3072,720.0,120.0,916.5023000000001,5447.385167100048,2528.941771645664,2918.4433954543842,138.57479999999998,114.172,24234.555500000006,9724.4968,0.5303575161512823,426,79012.98656392697,86,51651.93222579454,4,0.0,4,97.29919999999993,2,551.5231,-3604.4869000000003,80.25080882352945,0,0,539,539,9 co-ops (side rung),sumsy,2,1.6007106751203537e-10
18,512,4,4,59745.73540000004,0.0,8159.722199999997,73.27520000000001,4079.4091000000003,,4079.4091000000003,0.0,0.0,0.0,0.0,0.0,0.0025,451.8681,0.0,0.0,1.0,474.9222000000003,0.0,0.0,0.0,1.0,0.0,0.0,1.0,0.0,0,0,118.99442234855604,8.945019301745587,127.93944165030162,25.875474962938124,3.033295458884786,28.90877042182291,0.0,0.0,0.0,0.0,0,0,0.0,0.0,0.0,1.0,1.0,0.0,0.0,0.0,0.0,0.5,0.25,0.0,-623.4214249999918,0.0,126,2560.0,914.0085000000013,1060.8798,455.29250000000076,0.0,0.0,0.0,0.0,0.0,79,548.9289,2560.0,914.0085000000013,455.29250000000076,274.0,0.0,0.0,0.015,4.230877203065136,5.09499203703705,3.3244518750000003,1.6133495238095255,3.200311292753233,8.04780941704721,1080.0,1044.0,540.0,2046.6666666666667,1542.0000000000002,204.0,126,0,0,1,37,24.0,2048.0,38216.0725,7939.8889,8119.3259,438,330,0,86,0.38920661541623836,0.5227301320753228,0.42475891991799153,0,7357.6936000000205,4417.0358000000015,37,0,640.0,0,0,0,0.0,0,0.0,131585.4060366817,0.0,0,0,0,1.5,0,0.0,0,0,0.0,0,0.0,0,0,2127.6492000000003,256.0,4469.651099999999,4,290.5852,290.5906999999991,0.9016881117403209,5120.0,51.015625,0.6633412208433007,0,0,0.0,0,0.0,2612.0,340,3.0274986663091474,0,0,6,0.0,0.0,0.0,0.0,0.0,0.0,0.0,0.0,0,0,0,0,126,0.0,6,6,10294.5699,3072,720.0,120.0,853.6449999999998,5299.454350792567,2753.7325039651078,2545.7218468274596,163.37189999999998,127.2133,25145.77819999999,10234.296,0.5298357590309533,426,79621.27659582262,86,51964.129440859135,4,0.0,4,96.27410000000009,2,548.9289,-3627.541,80.35968899521518,0,0,540,540,9 co-ops (side rung),sumsy,2,1.6007106751203537e-10
19,512,4,4,61357.68989999994,0.0,7725.0756000000065,110.2965,4102.243900000001,,4102.243900000001,0.0,0.0,0.0,0.0,0.0,0.0025,470.01,0.0,0.0,1.0,474.7029000000003,0.0,0.0,0.0,1.0,0.0,0.0,1.0,0.0,0,0,119.25772612254056,9.032941734177818,128.2906678567184,35.99803107243788,2.873386419542476,38.87141749198036,0.0,0.0,0.0,0.0,0,0,0.0,0.0,0.0,1.0,1.0,0.0,0.0,0.0,0.0,0.5,0.25,0.0,-644.2864499999948,0.0,130,2560.0,948.0455000000018,7197.7997,472.6853,0.0,0.0,0.0,0.0,0.0,180,546.229,2560.0,948.0455000000018,472.6853,274.0,0.0,1630.3213000000003,0.015,4.211107274401478,5.115342830188681,3.387395468750006,1.629196666666668,3.246942590134025,7.806375134535792,1060.0,1086.0,530.0,2046.6666666666667,1522.0000000000002,204.0,131,0,0,1,52,35.0,2048.0,43518.874899999944,4091.5974,8337.1515,358,410,0,71,0.4584710331317139,0.5161308779331388,0.434331679312703,1,7110.098299999986,4573.262500000004,52,0,640.0,0,0,0,0.0,0,0.0,131853.63681171022,0.0,0,0,0,1.5,0,0.0,0,0,0.0,0,0.0,0,0,2167.933100000004,256.0,4393.8270999999995,4,273.6837,273.6772,0.9016881117403209,5120.0,51.015625,0.7151640460689489,0,0,0.0,0,0.0,2612.0,340,2.494620434701085,0,0,6,0.0,0.0,0.0,0.0,0.0,0.0,0.0,0.0,0,0,0,0,131,0.0,6,6,8481.963300000001,3072,720.0,120.0,832.2114999999995,8679.241143533944,4491.5381229811865,4187.703020552755,157.8587,115.82499999999999,27010.121100000015,8340.6127,0.5234180061015175,441,88649.17515121013,71,43204.46166050021,4,0.0,4,95.24900000000002,2,546.229,-3632.233900000001,80.66747619047628,0,0,530,530,9 co-ops (side rung),sumsy,2,1.6007106751203537e-10
20,512,4,4,62937.87750000003,0.0,7177.903100000004,138.5669,4104.718300000001,,4104.718300000001,0.0,0.0,0.0,0.0,0.0,0.0025,486.482,0.0,0.0,1.0,472.48440000000045,0.0,0.0,0.0,1.0,0.0,0.0,1.0,0.0,0,0,120.20507192816386,9.454360274316803,129.65943220248064,43.3948495630854,2.890802028478508,46.285651591563905,0.0,0.0,0.0,0.0,0,0,0.0,0.0,0.0,1.0,1.0,0.0,0.0,0.0,0.0,0.5,0.25,0.0,-662.6158749999952,0.0,136,2560.0,979.8124000000005,5056.1813,488.76470000000035,0.0,0.0,0.0,0.0,0.0,135,540.846,2560.0,979.8124000000005,488.76470000000035,274.0,0.0,1728.6956999999775,0.015,4.247365842055185,5.152326256983204,3.530983281250003,1.6173235294117663,3.2695891511640274,7.572183880499719,1074.0,1051.0,537.0,2046.6666666666667,1535.9999999999998,204.0,127,0,0,1,40,23.0,2048.0,47051.669200000055,2138.8423000000003,8391.595800000001,320,448,0,67,0.49095483197211887,0.5098749040050465,0.4705002774555511,0,6474.236699999993,4463.9815,40,0,640.0,0,0,0,0.0,0,0.0,133910.57499266273,0.0,0,0,0,1.5,0,0.0,0,0,0.0,0,0.0,0,0,2259.8293000000017,256.0,4328.4421999999995,4,235.8822,235.89030000000122,0.9016881117403209,5120.0,51.015625,0.7193198144531253,0,0,0.0,0,0.0,2612.0,340,2.442613756199493,0,0,6,0.0,0.0,0.0,0.0,0.0,0.0,0.0,0.0,0,0,0,0,127,0.0,6,6,6706.0211,3072,720.0,120.0,824.8119999999999,10887.501573611917,6259.463714438583,4628.037859173333,122.87100000000001,113.0112,29391.886100000025,8152.859200000001,0.5173983385440879,445,93901.14396091778,67,40009.431031744876,4,0.0,4,94.22389999999996,2,540.846,-3618.2363000000014,81.45983333333339,0,0,537,537,9 co-ops (side rung),sumsy,2,1.6007106751203537e-10
21,512,4,4,64486.45489999998,0.0,6693.494900000004,43.0965,4092.3085,,4092.3085,0.0,0.0,0.0,0.0,0.0,0.0025,502.8657,0.0,0.0,1.0,476.55420000000004,0.0,0.0,0.0,1.0,0.0,0.0,1.0,0.0,0,0,117.45098528569959,9.548413850255058,126.99939913595463,48.595821049472725,2.791016382361537,51.386837431834266,0.0,0.0,0.0,0.0,0,0,0.0,0.0,0.0,1.0,1.0,0.0,0.0,0.0,0.0,0.5,0.25,0.0,-681.333024999997,0.0,144,2560.0,1011.4226000000001,15538.679900000001,504.7631,0.0,0.0,0.0,0.0,0.0,205,542.8652,2560.0,1011.4226000000001,504.7631,274.0,0.0,4502.841799999999,0.015,4.2659143784786675,5.175977255639096,3.645694843749996,1.7850000000000001,3.329482599920432,7.345018364084726,1064.0,1078.0,532.0,2046.6666666666667,1526.0,204.0,130,0,0,1,47,31.0,2048.0,50530.50469999996,47.8663,8611.5221,242,526,0,55,0.5121429783233928,0.5037900355334515,0.42815254981059403,0,7219.902600000008,4598.655700000004,47,0,640.0,0,0,0,0.0,0,0.0,130553.51261030955,0.0,0,0,0,1.5,0,0.0,0,0,0.0,0,0.0,0,0,2333.2446999999975,256.0,4250.8309,4,207.918,207.92429999999956,0.9016881117403209,5120.0,51.015625,0.8637146195235914,0,0,0.0,0,0.0,2612.0,340,1.7710672484160372,0,0,6,0.0,0.0,0.0,0.0,0.0,0.0,0.0,0.0,0,0,0,0,130,0.0,6,6,6812.347200000001,3072,720.0,120.0,763.1863999999996,12581.501229601945,6066.441814800974,6515.059414800973,119.1862,88.73179999999999,32991.42809999997,6097.8721000000005,0.511541421168652,457,99267.13055658207,55,31286.382053727513,4,0.0,4,88.53890000000001,2,542.8652,-3589.4428000000003,80.86617647058831,0,0,532,532,9 co-ops (side rung),sumsy,2,1.6007106751203537e-10
22,512,4,4,66004.69410000001,0.0,6095.438099999999,68.72389999999999,4062.1753,,4062.1753,0.0,0.0,0.0,0.0,0.0,0.0025,517.8067,0.0,0.0,1.0,478.6349999999997,0.0,0.0,0.0,1.0,0.0,0.0,1.0,0.0,0,0,120.40829838147629,9.972928883473838,130.38122726495013,49.46735776266432,2.8549195029099543,52.32227726557428,0.0,0.0,0.0,0.0,0,0,0.0,0.0,0.0,1.0,1.0,0.0,0.0,0.0,0.0,0.5,0.25,0.0,-700.3796749999944,0.0,151,2560.0,1041.7607999999998,11154.573600000002,519.8558000000002,0.0,0.0,0.0,0.0,0.0,69,542.5800999999999,2560.0,1041.7607999999998,519.8558000000002,274.0,0.0,3658.637699999998,0.015,4.475294766355143,5.340312336448605,3.706695,1.8402555555555555,3.5807937728015493,7.124667813162186,1070.0,1070.0,535.0,2046.6666666666665,1532.0,204.0,128,0,0,1,50,28.0,2048.0,51425.155399999996,656.7285999999999,8738.6789,244,524,0,57,0.5153058820943186,0.4994854941782896,0.4510048529791193,0,7236.1801000000005,4788.565400000003,50,0,640.0,0,0,0,0.0,0,0.0,135493.1181926628,0.0,0,0,0,1.5,0,0.0,0,0,0.0,0,0.0,0,0,2372.2848,256.0,4123.7444,4,188.2515,188.27509999999958,0.9016881117403209,5120.0,51.015625,0.9609088248697916,0,0,0.0,0,0.0,2612.0,340,1.7316027041753843,0,0,6,0.0,0.0,0.0,0.0,0.0,0.0,0.0,0.0,0,0,0,0,128,0.0,6,6,6776.034700000001,3072,720.0,120.0,702.2413999999999,12464.600141045337,6381.159134205887,6083.441006839448,110.7235,77.52799999999999,33837.57059999999,6743.117200000001,0.5075720176955503,455,101058.08790081745,57,34435.030291845316,4,0.0,4,83.87890000000016,2,542.5800999999999,-3544.3686,89.25,0,0,535,535,9 co-ops (side rung),sumsy,2,1.6007106751203537e-10
23,512,4,4,67489.40679999992,0.0,5707.412199999994,131.8178,4042.9691,,4042.9691,0.0,0.0,0.0,0.0,0.0,0.0025,534.2319,0.0,0.0,1.0,502.1255999999997,0.0,0.0,0.0,1.0,0.0,0.0,1.0,0.0,0,0,115.92283097364762,9.570996578949753,125.49382755259737,48.09774846095641,2.514776843677009,50.612525304633415,0.0,0.0,0.0,0.0,0,0,0.0,0.0,0.0,1.0,1.0,0.0,0.0,0.0,0.0,0.5,0.25,0.0,-714.3634095678979,0.0,154,2560.0,1075.2873000000002,4721.057099999999,536.5066000000003,0.0,0.0,0.0,0.0,0.0,98,538.5464,2560.0,1075.2873000000002,536.5066000000003,274.0,0.0,3123.617999999999,0.015,4.655158202038927,5.5644005586592185,3.828462031249998,1.8770307692307695,3.719440867698614,6.91092777876732,1074.0,1079.0,537.0,2046.6666666666667,1536.0,204.0,128,0,0,2,50,35.0,2048.0,51935.18659999994,1473.3399,9020.177899999999,244,524,0,57,0.5267782109860557,0.4977405255188918,0.4652588066437995,1,7261.1077000000005,5022.915700000002,50,0,640.0,0,0,0,0.0,0,0.0,137881.14232599596,0.0,0,0,0,1.5,0,0.0,0,0,0.0,0,0.0,0,0,2450.215699999999,256.0,3987.9241,4,151.24419999999998,151.22959999999935,0.9016881117403209,5120.0,51.015625,0.999974228515625,0,0,0.0,0,0.0,2612.0,340,1.6758999137674577,0,0,6,0.0,0.0,0.0,0.0,0.0,0.0,0.0,0.0,0,0,0,0,128,0.0,6,6,7412.9842,3072,720.0,120.0,704.8930000000004,12611.694609985296,6317.474838149059,6294.219771836239,94.22139999999999,57.022800000000004,34211.462000000014,7068.4577,0.5060395930273114,455,102650.60015585207,57,35230.54217014392,4,0.0,4,79.21889999999985,2,538.5464,-3508.7371999999996,92.01277777777777,0,0,537,537,9 co-ops (side rung),sumsy,2,1.6007106751203537e-10
24,512,4,4,68947.12449999998,0.0,5226.931499999998,112.41090000000001,4028.5771,,4028.5771,0.0,0.0,0.0,0.0,0.0,0.0025,547.3606,0.0,0.0,1.0,522.3064000000005,0.0,0.0,0.0,1.0,0.0,0.0,1.0,0.0,0,0,111.64860920482766,9.659085756045817,121.30769496087348,46.73755926439765,2.622325739890828,49.35988500428848,0.0,0.0,0.0,0.0,0,0,0.0,0.0,0.0,1.0,1.0,0.0,0.0,0.0,0.0,0.5,0.25,0.0,-726.4480607874109,0.0,159,2560.0,1102.2823000000003,5698.947499999999,549.8813999999996,0.0,0.0,0.0,0.0,0.0,75,536.0688,2560.0,1102.2823000000003,549.8813999999996,274.0,0.0,2678.1474000000007,0.015,4.794284477892759,5.769778317757002,3.9594951562500045,1.8904181818181818,3.806660106789883,6.703599945404299,1070.0,1063.0,535.0,2045.3333333333333,1532.0,204.0,128,0,0,0,45,29.0,2048.0,52275.6077,2439.0607999999997,9250.4979,245,523,0,58,0.5222939247935627,0.49084977699291343,0.4494701249094315,0,7319.164900000002,5096.324400000003,45,0,640.0,0,0,0,0.0,0,0.0,140039.46653112437,0.0,0,0,0,1.5,0,0.0,0,0,0.0,0,0.0,0,0,2534.0769000000028,256.0,3898.5287,4,129.1749,129.17770000000098,0.9016881117403209,5120.0,51.015625,1.0227510384114586,0,0,0.0,0,0.0,2612.0,340,1.67378645845319,0,0,6,0.0,0.0,0.0,0.0,0.0,0.0,0.0,0.0,0,0,0,0,128,0.0,6,6,8445.4338,3072,720.0,120.0,706.0898000000004,12193.343766575983,5654.644302882923,6538.69946369306,86.0129,43.162,34408.45879999999,7142.653600000001,0.4995045368554256,454,103970.66519397836,58,36068.8013371458,4,0.0,4,74.5589,2,536.0688,-3481.2165,93.85153846153848,0,0,535,535,9 co-ops (side rung),sumsy,2,1.6007106751203537e-10
25,512,4,4,70374.97309999992,0.0,4983.282000000001,88.71789999999999,4017.3303,,4017.3303,0.0,0.0,0.0,0.0,0.0,0.0025,561.8614,0.0,0.0,1.0,537.9173999999997,0.0,0.0,0.0,1.0,0.0,0.0,1.0,0.0,0,0,109.58667218429278,9.64181047796155,119.22848266225434,45.218345257559605,2.5142468623765266,47.732592119936136,0.0,0.0,0.0,0.0,0,0,0.0,0.0,0.0,1.0,1.0,0.0,0.0,0.0,0.0,0.5,0.25,0.0,-736.9104346220325,0.0,163,2560.0,1132.1514000000016,6013.1179999999995,564.6708000000006,0.0,0.0,0.0,0.0,0.0,91,534.2846,2560.0,1132.1514000000016,564.6708000000006,274.0,0.0,2228.7446000000036,0.015,4.852432249070631,5.88703214953271,4.080748124999998,1.855975,3.800205821422697,6.502491947042171,1070.0,1076.0,535.0,2048.0,1532.0,204.0,129,0,0,1,44,38.0,2048.0,52247.39549999994,3443.0899,9648.1891,245,523,0,58,0.5275582415193363,0.4900400299996248,0.46522370669176705,1,7302.18270000001,5221.217099999999,44,0,640.0,0,0,0,0.0,0,0.0,142568.5632184622,0.0,0,0,0,1.5,0,0.0,0,0,0.0,0,0.0,0,0,2611.678799999999,256.0,3940.1526000000003,4,126.5013,126.51609999999977,0.9458451399830828,5120.0,51.015625,1.047380461055871,1,0,0.0,0,24.049568405221162,2612.0,340,1.68122156632001,0,0,6,0.0,0.0,0.0,0.0,0.0,0.0,0.0,0.0,0,0,0,0,129,0.0,6,6,9380.606399999999,3072,720.0,120.0,692.1413,11422.715324613699,5047.848437376581,6374.866887237116,83.6951,42.806200000000004,34775.07829999999,7650.825199999999,0.4988560760673497,454,106267.19511663126,58,36301.36810183093,4,0.0,4,69.89890000000014,2,534.2846,-3455.4689,94.52090909090909,0,0,535,535,9 co-ops (side rung),sumsy,2,1.6007106751203537e-10
26,512,4,4,71773.62769999992,0.0,4904.3897000000015,123.25229999999999,3996.5359,,3996.5359,0.0,0.0,0.0,0.0,0.0,0.0025,575.9326,0.0,0.0,1.0,544.4454000000004,0.0,0.0,0.0,1.0,0.0,0.0,1.0,0.0,0,0,107.99128960000948,9.443587842292981,117.43487744230248,44.961470659969386,2.4585907614318887,47.42006142140127,0.0,0.0,0.0,0.0,0,0,0.0,0.0,0.0,1.0,1.0,0.0,0.0,0.0,0.0,0.5,0.25,0.0,-748.9670173380815,0.0,170,2560.0,1161.345399999999,6298.621700000001,579.0923000000001,0.0,0.0,0.0,0.0,0.0,49,534.3293,2560.0,1161.345399999999,579.0923000000001,274.0,0.0,1790.1927999999994,0.015,4.867117244525544,5.834446341463397,4.218440468750002,1.8615099999999998,3.781051504152949,6.307417188630905,1066.0,1096.0,533.0,2046.6666666666667,1528.0,204.0,130,0,0,0,52,58.0,2048.0,51769.38019999993,4593.424099999999,10196.7618,246,522,0,59,0.5313680492088448,0.4900051490713331,0.4448750266287016,0,7256.04120000001,5334.360499999996,52,0,640.0,0,0,0,0.0,0,0.0,142125.3029502802,0.0,0,0,0,1.5,0,0.0,0,0,0.0,0,0.0,0,0,2699.8019000000013,256.0,4103.7997000000005,4,145.7969,145.8057000000001,0.9458451399830828,5120.0,51.015625,1.0635774462890626,0,0,0.0,0,0.0,2612.0,340,1.7655334569345602,0,0,6,0.0,0.0,0.0,0.0,0.0,0.0,0.0,0.0,0,0,0,0,130,0.0,6,6,10255.753300000002,3072,720.0,120.0,725.8181999999999,9743.940749012587,4272.63615269486,5471.3045963177265,94.2517,51.545199999999994,34731.948500000006,8638.2323,0.4989539724306098,453,105975.17450311022,59,36150.12844717006,4,0.0,4,65.23889999999983,2,534.3293,-3420.6032999999998,92.79875,0,0,533,533,9 co-ops (side rung),sumsy,2,1.6007106751203537e-10
27,512,4,4,73143.07800000004,0.0,6191.330000000002,102.46560000000001,3960.5717,,3960.5717,0.0,0.0,0.0,0.0,0.0,0.0025,590.0748,0.0,0.0,1.0,546.0926999999998,0.0,0.0,0.0,1.0,0.0,0.0,1.0,0.0,0,0,107.27257430477736,9.655444308695472,116.92801861347284,44.123046840182944,2.364362684112544,46.48740952429549,0.0,0.0,0.0,0.0,0,0,0.0,0.0,0.0,1.0,1.0,0.0,0.0,0.0,0.0,0.5,0.25,0.0,-764.1699421591167,0.0,175,2560.0,1190.549699999999,6833.7777000000015,593.5416999999997,0.0,0.0,0.0,0.0,0.0,19,538.7692999999999,2560.0,1190.549699999999,593.5416999999997,274.0,0.0,1287.2683999999995,0.015,4.91656801125704,5.920419553072621,4.308562968749997,1.9996,3.7457939810128695,6.118194672971978,1074.0,1066.0,537.0,2048.0,1536.0,204.0,128,0,0,0,57,43.0,2048.0,51392.66050000006,5716.3243,10559.171699999999,232,536,0,57,0.5286018137038686,0.4844396392098018,0.41626184784256726,0,7919.266599999995,5241.061500000004,57,0,640.0,0,0,0,0.0,0,0.0,142914.45040028024,0.0,0,0,0,1.5,0,0.0,0,0,0.0,0,0.0,0,0,2757.480299999998,256.0,4346.0774,4,175.18019999999999,175.15860000000063,0.9458451399830828,5120.0,51.015625,1.08803986328125,0,0,0.0,0,0.0,2612.0,340,1.779942247420645,0,0,6,0.0,0.0,0.0,0.0,0.0,0.0,0.0,0.0,0,0,0,0,128,0.0,6,6,11303.538900000001,3072,720.0,120.0,740.4591000000004,8305.237612478335,3367.6913952638206,4937.5462172145135,108.77279999999999,66.4074,34192.371799999986,9318.0345,0.4936757298888035,455,108145.30721522596,57,34769.14318505431,4,0.0,4,60.578899999999976,2,538.7692999999999,-3370.4969,93.07549999999999,0,0,537,537,9 co-ops (side rung),sumsy,2,1.6007106751203537e-10
28,512,4,4,74487.8392,0.0,6247.496199999999,133.5469,3914.3032,,3914.3032,0.0,0.0,0.0,0.0,0.0,0.0025,601.9719,0.0,0.0,1.0,551.6363999999998,0.0,0.0,0.0,1.0,0.0,0.0,1.0,0.0,0,0,110.67415494650778,10.357805933744695,121.03196088025248,42.313509460765864,2.5922161218078177,44.90572558257368,0.0,0.0,0.0,0.0,0,0,0.0,0.0,0.0,1.0,1.0,0.0,0.0,0.0,0.0,0.5,0.25,0.0,-781.2763163018766,0.0,181,2560.0,1215.2388000000014,6940.026500000001,605.7365999999998,0.0,0.0,0.0,0.0,0.0,23,541.7859,2560.0,1215.2388000000014,605.7365999999998,274.0,0.0,838.7526999999994,0.015,4.911218232044194,5.956429520295197,4.419714218750004,2.09146,3.736639217893296,5.934648832782819,1084.0,1086.0,542.0,2048.0,1546.0,204.0,125,0,0,0,58,47.0,2048.0,50963.14040000004,6795.581,10921.3532,231,537,0,57,0.5152095782595383,0.47891977362950944,0.3976062473171169,1,8055.474199999995,5333.582999999995,58,0,640.0,0,0,0,0.0,0,0.0,148927.13140927683,0.0,0,0,0,1.5,0,0.0,0,0,0.0,0,0.0,0,0,2828.617100000002,256.0,4664.0068,4,236.7697,236.77620000000042,1.0030468004321935,5120.0,51.015625,1.1643411002604165,3,0,0.0,0,49.542199037053415,2612.0,340,1.8773945480324554,0,0,6,0.0,0.0,0.0,0.0,0.0,0.0,0.0,0.0,0,0,0,0,125,0.0,6,6,12581.049200000001,3072,720.0,120.0,754.4679999999996,7395.66251298647,2536.7676880670106,4858.894824919458,139.4093,97.3604,34034.530899999976,9799.8918,0.48848688865577294,455,112267.15893799435,57,36659.97247128269,4,0.0,4,55.91890000000012,2,541.7859,-3312.3313,99.98,0,0,542,542,9 co-ops (side rung),sumsy,2,1.6007106751203537e-10
29,512,4,4,75806.62640000004,0.0,5996.890099999999,145.2148,3853.0182,,3853.0182,0.0,0.0,0.0,0.0,0.0,0.0025,614.5953,0.0,0.0,1.0,551.0397000000006,0.0,0.0,0.0,1.0,0.0,0.0,1.0,0.0,0,0,112.3494095905653,10.823746503999898,123.17315609456519,41.114794116274,2.710328492232754,43.82512260850675,0.0,0.0,0.0,0.0,0,0,0.0,0.0,0.0,1.0,1.0,0.0,0.0,0.0,0.0,0.5,0.25,0.0,-801.3963163018769,0.0,187,2560.0,1241.2128000000002,5778.7953,618.6021999999995,0.0,0.0,0.0,0.0,0.0,20,544.6432,2560.0,1241.2128000000002,618.6021999999995,274.0,0.0,382.76770000000016,0.015,4.931124427480918,6.033898333333298,4.475137343749987,2.217233333333333,3.704569705340712,5.756609367799334,1080.0,1048.0,540.0,2048.0,1542.0,204.0,126,0,0,1,44,28.0,2048.0,50738.380099999995,7797.950699999999,11090.642499999998,233,535,0,58,0.5075274612720826,0.4726200144900039,0.4101346900213183,0,8000.577299999992,5167.818400000002,44,0,640.0,0,0,0,0.0,0,0.0,152000.54390927698,0.0,0,0,0,1.5,0,0.0,0,0,0.0,0,0.0,0,0,2864.0878999999914,256.0,5020.4146,4,361.1363,361.11959999999885,1.0030468004321935,5120.0,51.015625,1.2199797070312501,0,0,0.0,0,0.0,2612.0,340,1.9170437151406705,0,0,6,0.0,0.0,0.0,0.0,0.0,0.0,0.0,0.0,0,0,0,0,126,0.0,6,6,13631.1568,3072,720.0,120.0,782.2339999999997,6959.232239112145,2032.9025779326798,4926.329661179465,210.9617,150.1746,33940.08209999999,10277.850999999999,0.48250236271051783,454,113449.11416425741,58,38551.42974501954,4,0.0,4,51.25889999999981,2,544.6432,-3238.4229,104.57300000000001,0,0,540,540,9 co-ops (side rung),sumsy,2,1.6007106751203537e-10
30,512,4,4,77098.63830000011,0.0,5978.395299999993,203.20240000000004,3779.5122,,3779.5122,0.0,0.0,0.0,0.0,0.0,0.0025,627.5866,0.0,0.0,1.0,553.2734999999999,0.0,0.0,0.0,1.0,0.0,0.0,1.0,0.0,0,0,114.18260118160751,11.23795001486177,125.42055119646929,39.88337710604247,2.689400525678035,42.5727776317205,0.0,0.0,0.0,0.0,0,0,0.0,0.0,0.0,1.0,1.0,0.0,0.0,0.0,0.0,0.5,0.25,0.0,-823.9238163018749,0.0,189,2560.0,1267.988100000002,2286.7587000000003,631.8580000000009,0.0,0.0,0.0,0.0,0.0,17,548.6251,2560.0,1267.988100000002,631.8580000000009,274.0,0.0,0.0,0.015,4.909633211009175,6.134950000000016,4.586950156249988,1.9878,3.6973070985381407,5.583911086765354,1068.0,1090.0,534.0,2046.6666666666667,1530.0000000000002,204.0,129,0,0,1,56,39.0,2048.0,50317.200099999936,8754.3641,11413.535,233,535,0,58,0.5017337786198117,0.46788644501348675,0.41383770865589176,0,7876.162299999998,5351.5002,56,0,640.0,0,0,0,0.0,0,0.0,155349.45114261037,0.0,0,0,0,1.5,0,0.0,0,0,0.0,0,0.0,0,0,2935.648099999992,256.0,5437.3274,4,508.1304,508.09809999999845,1.0030468004321935,5120.0,51.015625,1.3077240581597223,0,0,0.0,0,0.0,2612.0,340,2.0500107273872428,0,0,6,0.0,0.0,0.0,0.0,0.0,0.0,0.0,0.0,0,0,0,0,129,0.0,6,6,14326.2929,3072,720.0,120.0,828.9255999999998,6464.57581038671,2124.7992030939045,4339.776607292804,300.4761,207.65429999999998,33459.98929999998,11278.9336,0.4780398946287856,454,115202.00658964808,58,40147.444552962246,4,0.0,4,46.59889999999996,2,548.6251,-3151.9256,110.86166666666666,0,0,534,534,9 co-ops (side rung),sumsy,2,1.6007106751203537e-10
31,512,4,4,78365.89999999985,0.0,6266.062399999998,235.1189,3687.6707,,3687.6707,0.0,0.0,0.0,0.0,0.0,0.0025,639.5401,0.0,0.0,1.0,550.8611999999998,0.0,0.0,0.0,1.0,0.0,0.0,1.0,0.0,0,0,109.42751827578107,10.792136870361897,120.21965514614296,38.977397150626814,2.841717015440005,41.81911416606682,0.0,0.0,0.0,0.0,0,0,0.0,0.0,0.0,1.0,1.0,0.0,0.0,0.0,0.0,0.5,0.25,0.0,-850.5426550337664,0.0,192,2560.0,1292.7383000000016,2211.7263999999996,644.0925000000002,0.0,0.0,0.0,0.0,0.0,16,549.5778,2560.0,1292.7383000000016,644.0925000000002,274.0,0.0,0.0,0.015,4.958835520149953,5.865879962894212,4.709257343749991,NaN,3.75323357983241,5.850001484403314,1078.0,1067.0,539.0,2046.6666666666667,1540.0000000000002,204.0,126,0,0,2,47,37.0,2048.0,49876.85949999993,9757.4116,11772.1932,229,539,0,58,0.4962385655242143,0.46756583988241496,0.42845904823460157,0,7626.010700000001,5291.077499999999,47,0,640.0,0,0,0,0.0,0,0.0,149583.29280927696,0.0,0,0,0,1.5,0,0.0,0,0,0.0,0,0.0,0,0,3013.924699999994,256.0,5770.317800000001,4,639.1421999999999,639.1497000000028,1.0030468004321935,5120.0,51.015625,1.2469043098958332,0,0,0.0,0,0.0,2612.0,340,2.732107488112826,0,0,6,0.0,0.0,0.0,0.0,0.0,0.0,0.0,0.0,0,0,0,0,126,0.0,6,6,14976.692799999999,3072,720.0,120.0,930.5450999999998,5918.483681948531,2152.3862498159065,3766.0974321326244,380.4116,258.7306,33283.977299999984,12323.2298,0.47779885725315996,454,112685.2758330074,58,36898.016976269544,4,0.0,4,41.9389000000001,2,549.5778,-3048.1306,99.39,0,0,539,539,9 co-ops (side rung),sumsy,2,1.6007106751203537e-10
32,512,4,4,79606.73640000004,0.0,6872.3441,883.1619000000001,3588.9169,,3588.9169,0.0,0.0,0.0,0.0,0.0,0.0025,652.4108,0.0,0.0,1.0,556.3795000000001,0.0,0.0,0.0,1.0,0.0,0.0,1.0,0.0,0,0,104.25337968992905,10.175201164259548,114.4285808541886,38.49586401231649,2.73921975046022,41.23508376277671,0.0,0.0,0.0,0.0,0,0,0.0,0.0,0.0,1.0,1.0,0.0,0.0,0.0,0.0,0.5,0.25,0.0,-879.0590948634841,0.0,192,2560.0,1319.1635999999971,883.1619000000001,657.1919999999989,0.0,0.0,0.0,0.0,0.0,15,550.9247,2560.0,1319.1635999999971,657.1919999999989,274.0,0.0,0.0,0.015,4.861843726591762,5.757005037313451,4.837800000000002,NaN,3.798025974811502,5.869066377376998,1072.0,1068.0,536.0,2045.3333333333335,1534.0,204.0,127,0,0,1,49,33.0,2048.0,49647.86680000001,9913.729599999999,12724.3336,229,539,0,58,0.4935626462004532,0.4665627505255907,0.4277310211268641,0,7676.044299999994,5192.449100000002,49,0,640.0,0,0,0,0.0,0,0.0,145160.52053406625,0.0,0,0,0,1.5,0,0.0,0,0,0.0,0,0.0,0,0,3096.1920000000014,256.0,6117.4709,4,671.9219,671.9036000000044,1.0030468004321935,5120.0,51.015625,1.1698733438601339,0,0,0.0,0,0.0,2612.0,340,2.982720148397845,0,0,6,0.0,0.0,0.0,0.0,0.0,0.0,0.0,0.0,0,0,0,0,127,0.0,6,6,16362.5258,3072,720.0,120.0,1013.6421999999997,4104.557112020093,833.9723883522042,3270.5847236678883,427.7945,244.12740000000002,33345.11290000004,12393.008300000001,0.47495417251075134,454,110794.62171371674,58,34365.8988203494,4,852.6193999999996,4,37.278899999999794,2,550.9247,-2936.5061,90.17438261480787,0,0,536,536,9 co-ops (side rung),sumsy,2,1.6007106751203537e-10
33,512,4,4,80821.03749999998,0.0,6677.636899999996,150.75029999999998,3461.7274,,3461.7274,0.0,0.0,0.0,0.0,0.0,0.0025,665.3238,0.0,0.0,1.0,545.5011,0.0,0.0,0.0,1.0,0.0,0.0,1.0,0.0,0,0,103.40440010881983,10.32906250143161,113.73346261025144,38.869891922370826,2.6283789372261386,41.49827085959697,0.0,0.0,0.0,0.0,0,0,0.0,0.0,0.0,1.0,1.0,0.0,0.0,0.0,0.0,0.5,0.25,0.0,-920.0707023789149,0.0,194,2560.0,1345.6989000000003,979.7770000000002,670.3408,0.0,0.0,0.0,0.0,0.0,14,557.7923000000001,2560.0,1345.6989000000003,670.3408,274.0,0.0,0.0,0.015,4.83084603321034,5.722348598130828,4.985359218750003,NaN,3.914820343422705,6.449331580557158,1070.0,1084.0,535.0,2046.6666666666667,1532.0,204.0,128,0,0,0,60,33.0,2048.0,49516.42250000004,10704.2228,13070.2036,229,539,0,58,0.4927904316310723,0.4650582376844854,0.430764728968845,0,7848.562900000005,5236.637100000008,60,0,640.0,0,0,0,0.0,0,0.0,142415.30808260088,0.0,0,0,0,1.5,0,0.0,0,0,0.0,0,0.0,0,0,3190.6299000000017,256.0,6307.0725,4,759.7025,759.7020000000009,1.0030468004321935,5120.0,51.015625,1.1504504886350908,0,0,0.0,0,0.0,2612.0,340,3.4680461011514563,0,0,6,0.0,0.0,0.0,0.0,0.0,0.0,0.0,0.0,0,0,0,0,128,0.0,6,6,16816.8709,3072,720.0,120.0,1058.9579000000006,3245.684157855479,616.9010337484624,2628.7831241070166,473.96080000000006,285.74170000000004,33185.88679999997,13264.628,0.4729156585513339,454,109508.71540970239,58,32906.59267289847,4,960.7391000000007,4,32.61889999999994,2,557.7923000000001,-2796.4036,84.5568320106691,0,0,535,535,9 co-ops (side rung),sumsy,2,1.6007106751203537e-10
34,512,4,4,82011.09289999995,0.0,6423.625899999999,112.8848,3315.6386,,3315.6386,0.0,0.0,0.0,0.0,0.0,0.0025,677.1292,0.0,0.0,1.0,542.0229000000003,0.0,0.0,0.0,1.0,0.0,0.0,1.0,0.0,0,0,102.29812083417127,10.27876884556466,112.57688967973593,39.086695283737605,2.6692641067261222,41.75595939046373,0.0,0.0,0.0,0.0,0,0,0.0,0.0,0.0,1.0,1.0,0.0,0.0,0.0,0.0,0.5,0.25,0.0,-963.6730023789142,0.0,196,2560.0,1369.9446000000007,1068.8910999999998,682.3574000000001,0.0,0.0,0.0,0.0,0.0,12,562.4813,2560.0,1369.9446000000007,682.3574000000001,274.0,0.0,0.0,0.015,4.871827655677657,5.743202583025802,5.135110781250002,1.6813,3.9512103007284614,6.63676615525565,1084.0,1092.0,542.0,2048.0,1546.0,204.0,125,0,0,1,55,47.0,2048.0,49483.078000000016,11368.4473,13425.8577,227,541,0,57,0.4913358623325741,0.46292463212208457,0.43051734819645926,1,7962.257400000005,5320.0358000000015,55,0,640.0,0,0,0,0.0,0,0.0,140625.70134767293,0.0,0,0,0,1.5,0,0.0,0,0,0.0,0,0.0,0,0,3286.470900000001,256.0,6494.0994,4,788.7433000000001,788.7678000000029,1.0030468004321935,5120.0,51.015625,1.159827171369331,0,0,0.0,0,0.0,2612.0,340,3.6892411671036913,0,0,6,0.0,0.0,0.0,0.0,0.0,0.0,0.0,0.0,0,0,0,0,125,0.0,6,6,16910.086900000002,3072,720.0,120.0,1051.6615,2925.081748855858,867.3607563076816,2057.7209925481766,473.67560000000003,315.0677,33346.23290000001,14378.317500000001,0.47030862458107725,455,109383.28816109078,57,31242.413186581987,4,1023.4559000000008,4,27.958900000000085,2,562.4813,-2638.5094000000004,81.32832232143438,0,0,542,542,9 co-ops (side rung),sumsy,2,1.6007106751203537e-10
35,512,4,4,83178.02919999992,0.0,6220.957400000005,176.0037,3162.3621000000003,,3162.3621000000003,0.0,0.0,0.0,0.0,0.0,0.0025,688.3722,0.0,0.0,1.0,546.6180000000002,0.0,0.0,0.0,1.0,0.0,0.0,1.0,0.0,0,0,102.59532888335914,10.319725977009911,112.91505486036905,38.44608959652666,2.739541394461602,41.18563099098826,0.0,0.0,0.0,0.0,0,0,0.0,0.0,0.0,1.0,1.0,0.0,0.0,0.0,0.0,0.5,0.25,0.0,-1006.93026101798,0.0,197,2560.0,1393.0637000000027,651.1925000000001,693.8114000000016,0.0,0.0,0.0,0.0,0.0,12,564.7957,2560.0,1393.0637000000027,693.8114000000016,274.0,0.0,0.0,0.015,4.927709953488373,5.780171851851867,5.290812500000007,1.8172,4.024262448962623,6.7737343676005315,1080.0,1075.0,540.0,2046.6666666666667,1542.0000000000002,204.0,126,0,0,0,59,39.0,2048.0,49420.16479999999,12083.493299999998,13731.879,227,541,0,57,0.4941463481825541,0.46242466474641675,0.45266899758421486,0,8061.449499999997,5297.288200000001,59,0,640.0,0,0,0,0.0,0,0.0,141994.43030927703,0.0,0,0,0,1.5,0,0.0,0,0,0.0,0,0.0,0,0,3386.1200000000044,256.0,6689.3242,4,835.8904,835.8959000000011,1.0030468004321935,5120.0,51.015625,1.2128710221354166,0,0,0.0,0,0.0,2612.0,340,3.938847530113956,0,0,6,0.0,0.0,0.0,0.0,0.0,0.0,0.0,0.0,0,0,0,0,126,0.0,6,6,17275.8695,3072,720.0,120.0,1079.9270999999999,2360.427043476936,777.2306358409542,1583.1964076359816,492.94640000000004,342.944,33413.02430000003,15228.827,0.46958714601684814,455,110100.35922651904,57,31894.07108275795,4,1140.2757000000001,4,23.298899999999776,2,564.7957,-2473.9899000000005,84.065,0,0,540,540,9 co-ops (side rung),sumsy,2,1.6007106751203537e-10
36,512,4,4,84320.36759999991,0.0,6015.419799999999,181.42280000000005,3004.79,,3004.79,0.0,0.0,0.0,0.0,0.0,0.0025,700.315,0.0,0.0,1.0,552.8910000000002,0.0,0.0,0.0,1.0,0.0,0.0,1.0,0.0,0,0,104.03458245840619,10.512036701994466,114.54661916040067,37.40685373734448,2.6109666347959015,40.01782037214038,0.0,0.0,0.0,0.0,0,0,0.0,0.0,0.0,1.0,1.0,0.0,0.0,0.0,0.0,0.5,0.25,0.0,-1049.7773909616108,0.0,198,2560.0,1417.6615999999985,181.43050000000005,705.9918999999992,0.0,0.0,0.0,0.0,0.0,11,565.7617,2560.0,1417.6615999999985,705.9918999999992,274.0,0.0,0.0,0.015,5.088324976700839,6.031556481481501,5.504909218750006,1.9093,4.107829868211037,6.975840674312724,1080.0,1073.0,540.0,2048.0,1542.0,204.0,126,0,0,1,56,33.0,2048.0,49182.33139999993,12940.5187,14026.7256,227,541,0,57,0.4885247604513716,0.45750925508165374,0.4365411422186696,0,8194.256300000006,5459.7727,56,0,640.0,0,0,0,0.0,0,0.0,145684.34530927695,0.0,0,0,0,1.5,0,0.0,0,0,0.0,0,0.0,0,0,3523.1419000000037,256.0,6904.715200000001,4,893.5424000000002,893.5313000000049,1.0030468004321935,5120.0,51.015625,1.2933303515625,0,0,0.0,0,0.0,2612.0,340,4.209122516841868,0,0,6,0.0,0.0,0.0,0.0,0.0,0.0,0.0,0.0,0,0,0,0,126,0.0,6,6,18042.1082,3072,720.0,120.0,1097.0804999999998,1969.345559149337,488.4324836597375,1480.9130754895996,525.8897000000001,367.6527,33602.63589999999,15829.8513,0.46483004547617823,455,112095.30306382375,57,33589.04224545326,4,1182.2525999999998,4,18.63889999999992,2,565.7617,-2304.475,90.86,0,0,540,540,9 co-ops (side rung),sumsy,2,1.6007106751203537e-10
37,512,4,4,85440.52279999999,0.0,5859.500600000004,226.80800000000002,2856.5785000000005,,2856.5785000000005,0.0,0.0,0.0,0.0,0.0,0.0025,711.0534,0.0,0.0,1.0,570.9093,0.0,0.0,0.0,1.0,0.0,0.0,1.0,0.0,0,0,101.79296660699544,10.741574629766284,112.53454123676171,35.94203606124625,2.6439418385655933,38.585977899811844,0.0,0.0,0.0,0.0,0,0,0.0,0.0,0.0,1.0,1.0,0.0,0.0,0.0,0.0,0.5,0.25,0.0,-1089.617225730883,0.0,201,2560.0,1439.844800000002,1807.6668999999995,716.9659000000009,0.0,0.0,0.0,0.0,0.0,11,564.8365,2560.0,1439.844800000002,716.9659000000009,274.0,0.0,0.0,0.015,5.217021937842778,6.163575555555514,5.627818906250007,2.2092,4.239614891300796,7.180598573725167,1080.0,1094.0,540.0,2046.6666666666665,1542.0,204.0,126,0,0,1,61,43.0,2048.0,48972.96010000001,13674.7422,14435.8179,227,541,0,57,0.48324817392524855,0.4537521080401643,0.4478564084623442,0,8403.009900000001,5707.421999999999,61,0,640.0,0,0,0,0.0,0,0.0,147993.85410927702,0.0,0,0,0,1.5,0,0.0,0,0,0.0,0,0.0,0,0,3601.8041000000044,256.0,7081.1127,4,948.0622,948.0563000000053,1.0030468004321935,5120.0,51.015625,1.3606411295572916,0,0,0.0,0,0.0,2612.0,340,4.460250013017094,0,0,6,0.0,0.0,0.0,0.0,0.0,0.0,0.0,0.0,0,0,0,0,126,0.0,6,6,18575.610699999997,3072,720.0,120.0,1146.7399999999996,1989.987986501912,556.6020432509558,1433.3859432509562,538.1191,409.94309999999996,33612.978899999966,16616.0621,0.461398901669571,455,113235.28212339405,57,34758.57198588295,4,1316.9122000000025,4,13.978900000000067,2,564.8365,-2145.5251000000007,95.465,0,0,540,540,9 co-ops (side rung),sumsy,2,1.6007106751203537e-10
38,512,4,4,86537.58059999987,0.0,5812.578100000001,339.6192,2714.5831000000003,,2714.5831000000003,0.0,0.0,0.0,0.0,0.0,0.0025,722.2119,0.0,0.0,1.0,585.3473999999995,0.0,0.0,0.0,1.0,0.0,0.0,1.0,0.0,0,0,104.95288418680043,11.108399132688957,116.06128331948938,34.372723948350966,2.555244886120454,36.927968834471415,0.0,0.0,0.0,0.0,0,0,0.0,0.0,0.0,1.0,1.0,0.0,0.0,0.0,0.0,0.5,0.25,0.0,-1127.6219049795102,0.0,204,2560.0,1462.9421999999995,2041.9179999999997,728.3849000000002,0.0,0.0,0.0,0.0,0.0,12,563.595,2560.0,1462.9421999999995,728.3849000000002,274.0,0.0,0.0,0.015,5.509719390581722,6.619516206261513,5.769785781250002,2.0882,4.345974113754918,7.3283834369935485,1086.0,1083.0,543.0,2046.6666666666667,1547.9999999999998,204.0,124,0,0,3,60,45.0,2048.0,48617.6738,14602.3532,14772.9359,226,542,0,57,0.48048110929305476,0.4498965500884753,0.4339094212221035,0,8599.847299999998,5967.026100000005,60,0,640.0,0,0,0,0.0,0,0.0,155296.50760927706,0.0,0,0,0,1.5,0,0.0,0,0,0.0,0,0.0,0,0,3692.6629000000016,256.0,7258.8108,4,975.1335000000001,975.196900000001,1.0030468004321935,5120.0,51.015625,1.5289314941406253,0,0,0.0,0,0.0,2612.0,340,4.666855776010693,0,0,6,0.0,0.0,0.0,0.0,0.0,0.0,0.0,0.0,0,0,0,0,124,0.0,6,6,19035.1041,3072,720.0,120.0,1262.3724000000004,2173.861337928928,906.087604634748,1267.7737332941801,546.2439,428.88960000000003,33306.047099999974,17598.995799999997,0.45769510501117505,455,116821.89788980037,57,38474.609719476684,4,1318.8691,4,9.318900000000212,2,563.595,-1992.3712000000003,110.46000000000001,0,0,543,543,9 co-ops (side rung),sumsy,2,1.6007106751203537e-10
39,512,4,4,87613.5934,0.0,5699.9922999999935,262.2076,2599.6269,,2599.6269,0.0,0.0,0.0,0.0,0.0,0.0025,732.4783,0.0,0.0,1.0,618.1913999999997,0.0,0.0,0.0,1.0,0.0,0.0,1.0,0.0,0,0,96.60162353442456,10.573863402500466,107.17548693692503,32.45801825311072,2.5184674637564064,34.97648571686713,0.0,0.0,0.0,0.0,0,0,0.0,0.0,0.0,1.0,1.0,0.0,0.0,0.0,0.0,0.5,0.25,0.0,-1161.980596666678,0.0,205,2560.0,1483.9872000000012,868.3265,738.8222000000005,0.0,0.0,0.0,0.0,0.0,14,561.3407,2560.0,1483.9872000000012,738.8222000000005,274.0,0.0,0.0,0.015,5.615331663516067,6.592824629629643,5.951171250000006,NaN,4.521318622323796,7.446502353678432,1080.0,1058.0,540.0,2044.0000000000002,1542.0,204.0,125,0,0,1,52,28.0,2048.0,48654.42409999998,15180.036,15026.4175,225,543,0,57,0.47738500297149145,0.44749423482843165,0.43117327588765475,0,8842.4101,5941.0208999999995,52,0,640.0,0,0,0,0.0,0,0.0,152183.473309277,0.0,0,0,0,1.5,0,0.0,0,0,0.0,0,0.0,0,0,3808.7496000000037,256.0,7458.8968,4,1064.2201,1064.1654999999978,1.0030468004321935,5120.0,51.015625,1.5046717154947915,0,0,0.0,0,0.0,2612.0,340,4.892819390915782,0,0,6,0.0,0.0,0.0,0.0,0.0,0.0,0.0,0.0,0,0,0,0,125,0.0,6,6,19325.356200000002,3072,720.0,120.0,1385.1570000000004,2737.676818426618,1310.735059213309,1426.941759213309,581.8873,482.3328,33470.028,18339.9941,0.4557728167614461,455,115484.40357905798,57,36699.06973021888,4,1496.9932999999983,4,4.658899999999903,2,561.3407,-1867.1486000000002,104.41,0,0,540,540,9 co-ops (side rung),sumsy,2,1.6007106751203537e-10
40,512,4,4,88667.94459999984,0.0,5580.806699999998,261.2321,2487.7883,,2487.7883,0.0,0.0,0.0,0.0,0.0,0.0025,743.0094,0.0,0.0,1.0,630.0387000000001,0.0,0.0,0.0,1.0,0.0,0.0,1.0,0.0,0,0,92.5944562761628,10.067588815898313,102.66204509206112,31.54628917496021,2.527324396186442,34.07361357114665,0.0,0.0,0.0,0.0,0,0,0.0,0.0,0.0,1.0,1.0,0.0,0.0,0.0,0.0,0.5,0.25,0.0,-1195.583491702693,0.0,209,2560.0,1505.6488000000013,2267.0944000000004,749.5528000000003,0.0,0.0,0.0,0.0,0.0,14,560.0369000000001,2560.0,1505.6488000000013,749.5528000000003,274.0,0.0,0.0,0.015,5.6560395370370395,6.659310800744839,6.097012500000002,NaN,4.629620190525065,7.6114847796476495,1074.0,1080.0,537.0,2046.6666666666667,1536.0,204.0,127,0,0,2,56,30.0,2048.0,48530.6911,15776.9316,15398.5218,225,543,0,57,0.47549051262650943,0.44634364535117355,0.45345521606637784,0,8984.242099999992,6108.522700000002,56,0,640.0,0,0,0,0.0,0,0.0,149408.07828644844,0.0,0,0,0,1.5,0,0.0,0,0,0.0,0,0.0,0,0,3902.088000000001,256.0,7658.7537999999995,4,1138.3224,1138.276799999989,1.0030468004321935,5120.0,51.015625,1.4616141333818977,0,0,0.0,0,0.0,2612.0,340,5.084781017891504,0,0,6,0.0,0.0,0.0,0.0,0.0,0.0,0.0,0.0,0,0,0,0,127,0.0,6,6,20137.5983,3072,720.0,120.0,1403.7256999999995,2506.3629788969906,895.1180043264249,1611.2449745705658,607.6846,530.6378,33840.511599999976,18696.6089,0.4551182646368832,455,114421.76302005425,57,34986.31526639423,4,1661.0313999999998,4,0.0,2,560.0369000000001,-1744.7789000000002,98.05511061805133,0,0,537,537,9 co-ops (side rung),sumsy,2,1.6007106751203537e-10
41,512,4,4,89701.39150000004,0.0,5424.615200000005,237.80710000000002,2368.6302,,2368.6302,0.0,0.0,0.0,0.0,0.0,0.0025,753.1775,0.0,0.0,1.0,634.6083000000006,0.0,0.0,0.0,1.0,0.0,0.0,1.0,0.0,0,0,116.02756422881502,10.044973877753199,126.07253810656822,31.08171706316063,2.5491908985765463,33.63090796173717,0.0,0.0,0.0,0.0,0,0,0.0,0.0,0.0,1.0,1.0,0.0,0.0,0.0,0.0,0.5,0.25,0.0,-1231.2284670470456,0.0,211,2560.0,1526.5530999999978,1277.1992,759.9102999999989,0.0,0.0,0.0,0.0,0.0,13,560.7140999999999,2560.0,1526.5530999999978,759.9102999999989,274.0,0.0,0.0,0.015,5.7108967502321235,6.692092393320991,6.286957656249993,NaN,4.6834398935425705,7.730918039937204,1078.0,1077.0,539.0,2045.3333333333333,1539.9999999999998,204.0,126,0,0,1,52,32.0,2048.0,48401.7874,16348.702899999998,15744.883,225,543,0,57,0.4669840828414329,0.4867673916552837,0.43342012546877573,0,9088.686599999994,6150.635799999997,52,0,640.0,0,0,0,0.0,0,0.0,166341.51411876053,0.0,0,0,0,1.5,0,0.0,0,0,0.0,0,0.0,0,0,4023.6528999999955,256.0,7892.1266,4,1209.2752,1209.2994999999883,1.6028431492019004,5120.0,51.015625,1.4538634788876745,1,0,0.0,0,44.76900026199566,2612.0,340,5.341158182882684,0,0,6,0.0,0.0,0.0,0.0,0.0,0.0,0.0,0.0,0,0,0,0,126,0.0,6,6,20684.693,3072,720.0,120.0,1461.6219000000003,2509.3184128834355,837.8501029286226,1671.4683099548129,633.1154,576.1598,34005.95999999996,19301.019500000002,0.4944971118237289,455,131966.89658815623,57,34374.61753060418,4,1788.5829000000049,4,0.0,2,560.7140999999999,-1615.4527,94.78816594623379,0,0,539,539,9 co-ops (side rung),sumsy,2,1.6007106751203537e-10
42,512,4,4,90713.74479999993,0.0,5346.945600000001,329.8474,2245.6835,,2245.6835,0.0,0.0,0.0,0.0,0.0,0.0025,763.4627,0.0,0.0,1.0,640.764,0.0,0.0,0.0,1.0,0.0,0.0,1.0,0.0,0,0,114.28520852872417,9.753257130652848,124.03846565937702,30.90891007799649,2.47269397742588,33.38160405542237,0.0,0.0,0.0,0.0,0,0,0.0,0.0,0.0,1.0,1.0,0.0,0.0,0.0,0.0,0.5,0.25,0.0,-1267.0360993776917,0.0,212,2560.0,1547.6467000000014,778.2764000000003,770.3695000000005,0.0,0.0,0.0,0.0,0.0,12,561.3053,2560.0,1547.6467000000014,770.3695000000005,274.0,0.0,0.0,0.015,5.814207706592385,6.817673977695168,6.459865625000011,NaN,4.770608072416143,7.939403984470931,1076.0,1077.0,538.0,2046.6666666666667,1538.0,204.0,127,0,0,2,55,32.0,2048.0,48339.042900000066,16818.9011,16117.6033,225,543,0,57,0.4747409432079843,0.4881865548277191,0.43686793777016275,0,9214.420300000003,6261.9016999999985,55,0,640.0,0,0,0,0.0,0,0.0,165236.31521409476,0.0,0,0,0,1.5,0,0.0,0,0,0.0,0,0.0,0,0,4134.314000000007,256.0,8113.4295,4,1282.1716,1282.1367999999943,1.6028431492019004,5120.0,51.015625,1.4715124036364002,0,0,0.0,0,0.0,2612.0,340,5.556508254560016,0,0,6,0.0,0.0,0.0,0.0,0.0,0.0,0.0,0.0,0,0,0,0,127,0.0,6,6,20814.1878,3072,720.0,120.0,1583.3593999999994,2242.5058109977876,1080.308052359484,1162.1977586383036,663.4319,618.7397,34174.73120000001,20235.746099999997,0.49628419282695746,455,131483.15083578255,57,33753.164378312176,4,1996.2842999999993,4,0.0,2,561.3053,-1482.2208,93.18158686239933,0,0,538,538,9 co-ops (side rung),sumsy,2,1.6007106751203537e-10
43,512,4,4,91706.09990000003,0.0,5263.563700000007,334.4599,2125.4676999999997,,2125.4676999999997,0.0,0.0,0.0,0.0,0.0,0.0025,773.219,0.0,0.0,1.0,652.3562999999995,0.0,0.0,0.0,1.0,0.0,0.0,1.0,0.0,0,0,111.8522081466198,9.735724033557483,121.58793218017729,29.793443806939578,2.5210654278132947,32.314509234752876,0.0,0.0,0.0,0.0,0,0,0.0,0.0,0.0,1.0,1.0,0.0,0.0,0.0,0.0,0.5,0.25,0.0,-1302.6315724550025,0.0,212,2560.0,1567.6449,334.4599,780.2889999999998,0.0,0.0,0.0,0.0,0.0,12,561.54,2560.0,1567.6449,780.2889999999998,274.0,0.0,0.0,0.015,5.887663448922217,6.796384200743506,6.6171147566719135,NaN,4.8906132756536715,8.211471742323956,1076.0,1067.0,538.0,2045.3333333333333,1537.0,204.0,127,0,0,1,49,27.0,2048.0,48354.47999999989,17252.3097,16475.4494,225,543,0,57,0.46689468338171514,0.4859968533451686,0.45288702254278834,0,9394.204799999998,6282.136900000005,49,0,637.0,0,0,0,0.0,0,0.0,164464.58739594888,0.0,0,0,0,1.5,0,0.0,0,0,0.0,0,0.0,0,0,4215.102100000009,255.0,8289.1018,4,1336.1262,1336.1065999999978,1.6028431492019004,5120.0,51.015625,1.4803042571521854,0,0,0.0,0,0.0,2612.0,340,5.671908523209641,0,0,6,0.0,0.0,0.0,0.0,0.0,0.0,0.0,0.0,0,0,0,0,127,0.0,6,6,21125.8568,3072,720.0,120.0,1731.4713999999997,2228.0378288796533,1173.4491605901608,1054.5886682894925,681.3418999999999,654.7843,34435.76079999997,20891.0041,0.49454012055907137,455,131108.4116100779,57,33356.175785871004,4,2147.1347000000023,4,0.0,2,561.54,-1352.2486999999996,91.60223793252815,0,0,538,538,9 co-ops (side rung),sumsy,2,1.6007106751203537e-10
44,512,4,4,92679.80639999994,0.0,5506.929100000007,672.5401,2004.0539999999999,,2004.0539999999999,0.0,0.0,0.0,0.0,0.0,0.0025,782.3271,0.0,0.0,1.0,660.5979,0.0,0.0,0.0,1.0,0.0,0.0,1.0,0.0,0,0,109.80485586572128,9.723993086940258,119.52884895266153,29.132601819039,2.75838443494239,31.89098625398139,0.0,0.0,0.0,0.0,0,0,0.0,0.0,0.0,1.0,1.0,0.0,0.0,0.0,0.0,0.5,0.25,0.0,-1339.0355667209176,0.0,214,2560.0,1586.2935,1639.5709,789.5400000000003,0.0,0.0,0.0,0.0,0.0,12,562.1831,2560.0,1586.2935,789.5400000000003,274.0,0.0,0.0,0.015,5.951064595103578,6.902625512104264,6.76886578125,NaN,4.971638241516331,8.318004848653585,1074.0,1062.0,537.0,2046.6666666666667,1536.0,204.0,128,0,0,1,41,25.0,2048.0,48418.6218,17427.658,16992.6141,225,543,0,57,0.45920775321342866,0.4842005854700939,0.4398598261707327,0,9513.82910000001,6320.030599999999,41,0,640.0,0,0,0,0.0,0,0.0,163966.79558489032,0.0,0,0,0,1.5,0,0.0,0,0,0.0,0,0.0,0,0,4332.0741,256.0,8496.402300000002,4,1354.4072,1354.4064000000044,1.6028431492019004,5120.0,51.015625,1.4713441997834336,0,0,0.0,0,0.0,2612.0,340,5.731192500845192,0,0,6,0.0,0.0,0.0,0.0,0.0,0.0,0.0,0.0,0,0,0,0,128,0.0,6,6,21923.0053,3072,720.0,120.0,1906.9043000000001,1835.1388344758534,461.5379634525225,1373.600871023331,675.0699,679.3373,34400.1546,20993.669100000003,0.49392795147988844,455,131138.6863205941,57,32828.10926429616,4,2570.339399999997,4,0.0,2,562.1831,-1221.7269,90.049657628587,0,0,537,537,9 co-ops (side rung),sumsy,2,1.6007106751203537e-10
45,512,4,4,93632.64130000006,0.0,5353.5615999999945,305.02110000000005,1881.4336999999998,,1881.4336999999998,0.0,0.0,0.0,0.0,0.0,0.0025,792.4714,0.0,0.0,1.0,667.7073000000006,0.0,0.0,0.0,1.0,0.0,0.0,1.0,0.0,0,0,108.53708833269962,9.488616247015377,118.025704579715,29.039653191291983,2.5086925100349617,31.54834570132694,0.0,0.0,0.0,0.0,0,0,0.0,0.0,0.0,1.0,1.0,0.0,0.0,0.0,0.0,0.5,0.25,0.0,-1379.0528497762598,0.0,216,2560.0,1607.1651,682.0699000000002,799.8795000000005,0.0,0.0,0.0,0.0,0.0,11,564.4493,2560.0,1607.1651,799.8795000000005,274.0,0.0,0.0,0.015,5.987342226310947,6.911332518796967,6.989790378548899,NaN,5.073327262185438,8.57485100955258,1064.0,1087.0,532.0,2046.6666666666665,1524.0,204.0,130,0,0,2,55,35.0,2048.0,48216.8441,17881.8414,17482.8208,225,543,0,57,0.45549651356417153,0.48321597945503547,0.44707340103868876,0,9612.060200000002,6508.240999999999,55,0,634.0,0,0,0,0.0,0,0.0,163414.657589273,0.0,0,0,0,1.5,0,0.0,0,0,0.0,0,0.0,0,0,4431.527100000002,254.0,8694.2143,4,1437.2178,1437.216700000003,1.6028431492019004,5120.0,51.015625,1.4765867805471675,0,0,0.0,0,0.0,2612.0,340,5.876573812245172,0,0,6,0.0,0.0,0.0,0.0,0.0,0.0,0.0,0.0,0,0,0,0,130,0.0,6,6,22533.368700000003,3072,720.0,120.0,1930.4438000000007,1468.5041507784717,281.7137753892357,1186.790375389236,727.6027999999999,709.615,34647.05809999999,21525.5078,0.4931098233573552,455,130944.4498901908,57,32470.207699082075,4,2607.0576,4,0.0,2,564.4493,-1088.9622999999997,88.52339224505162,0,0,532,532,9 co-ops (side rung),sumsy,2,1.6007106751203537e-10
46,512,4,4,94566.68670000005,0.0,5220.588199999998,343.7184999999999,1751.3238999999999,,1751.3238999999999,0.0,0.0,0.0,0.0,0.0,0.0025,801.5875,0.0,0.0,1.0,671.7820999999993,0.0,0.0,0.0,1.0,0.0,0.0,1.0,0.0,0,0,176.42490345814198,9.363789749160778,185.78869320730277,28.91747655086866,2.4768302581718338,31.394306809040494,0.0,0.0,0.0,0.0,0,0,0.0,0.0,0.0,1.0,1.0,0.0,0.0,0.0,0.0,0.5,0.25,0.0,-1420.9400795330441,0.0,218,2560.0,1625.9546000000028,857.3664,809.1802000000015,0.0,0.0,0.0,0.0,0.0,10,566.5945,2560.0,1625.9546000000028,809.1802000000015,274.0,0.0,0.0,0.015,6.094395171773448,6.990186431226745,7.175457812500007,NaN,5.124551363974051,8.669791212639627,1076.0,1077.0,538.0,2045.3333333333333,1538.0,204.0,127,0,0,2,53,37.0,2048.0,47987.042100000064,18359.0678,17898.984200000003,225,543,0,57,0.46103714434346044,0.5831433776478241,0.4633348791546459,0,9767.077999999996,6563.6636000000035,53,0,640.0,0,0,0,0.0,0,0.0,216528.54757522143,0.0,0,0,0,1.5,0,0.0,0,0,0.0,0,0.0,0,0,4592.293000000004,256.0,8953.410600000001,4,1473.7059000000002,1473.632500000004,3.362253046203106,5120.0,51.015625,1.4945174398656658,1,0,0.0,0,10.99689917934533,2612.0,340,6.051722099081444,0,0,6,0.0,0.0,0.0,0.0,0.0,0.0,0.0,0.0,0,0,0,0,127,0.0,6,6,22771.3488,3072,720.0,120.0,2016.673899999999,1444.2566865055996,656.9484225957476,787.308263909852,741.9638,731.7420999999999,34483.75870000002,22440.1138,0.589100534500975,455,182575.54416266145,57,33953.003412559934,4,2631.7796000000017,4,0.0,2,566.5945,-949.7363999999999,87.02299576632194,0,0,538,538,9 co-ops (side rung),sumsy,2,1.6007106751203537e-10
47,512,4,4,95480.67820000005,0.0,5220.642100000002,484.0357000000001,1624.9448000000002,,1624.9448000000002,0.0,0.0,0.0,0.0,0.0,0.0025,811.344,0.0,0.0,1.0,683.7926999999994,0.0,0.0,0.0,1.0,0.0,0.0,1.0,0.0,0,0,173.2089426812665,9.15312552077547,182.362068202042,28.514694690611847,2.3614235102230534,30.8761182008349,0.0,0.0,0.0,0.0,0,0,0.0,0.0,0.0,1.0,1.0,0.0,0.0,0.0,0.0,0.5,0.25,0.0,-1462.7198743713682,0.0,219,2560.0,1646.0084999999985,838.1308999999997,819.1177999999992,0.0,0.0,0.0,0.0,0.0,10,567.7273,2560.0,1646.0084999999985,819.1177999999992,274.0,0.0,0.0,0.015,6.179962164662348,7.0293929236499215,7.390747318611992,NaN,5.259355109695552,9.011886778152526,1074.0,1081.0,537.0,2045.3333333333333,1534.0000000000002,204.0,128,0,0,2,56,40.0,2048.0,47806.97409999996,18629.925199999998,18505.2045,225,543,0,57,0.4630848502660918,0.5832659687226067,0.46756239563575486,1,9955.85189999999,6680.539099999998,56,0,634.0,0,0,0,0.0,0,0.0,215730.94825834254,0.0,0,0,0,1.5,0,0.0,0,0,0.0,0,0.0,0,0,4685.733800000003,254.0,9159.503100000002,4,1536.3265000000001,1536.2909999999986,3.362253046203106,5120.0,51.015625,1.503039559197921,0,0,0.0,0,0.0,2612.0,340,6.0497302875991465,0,0,6,0.0,0.0,0.0,0.0,0.0,0.0,0.0,0.0,0,0,0,0,128,0.0,6,6,23090.2201,3072,720.0,120.0,2060.9556000000007,1011.6380880684828,574.8557007270429,436.78238734143997,769.8778,766.4487000000001,34359.527500000004,23204.412699999997,0.5894584080435188,455,182193.41925081573,57,33537.529007526806,4,2811.5285999999996,4,0.0,2,567.7273,-813.6008000000002,85.54802973638428,0,0,537,537,9 co-ops (side rung),sumsy,2,1.6007106751203537e-10
48,512,4,4,96375.89480000004,0.0,5163.417299999997,401.9213,1495.9419,,1495.9419,0.0,0.0,0.0,0.0,0.0,0.0025,820.4563,0.0,0.0,1.0,693.3909000000009,0.0,0.0,0.0,1.0,0.0,0.0,1.0,0.0,0,0,170.7291898315782,9.023771793760249,179.75296162533846,28.291255126812317,2.2259453175614787,30.517200444373795,0.0,0.0,0.0,0.0,0,0,0.0,0.0,0.0,1.0,1.0,0.0,0.0,0.0,0.0,0.5,0.25,0.0,-1508.987127275954,0.0,220,2560.0,1664.7834000000012,437.29179999999997,828.4139000000013,0.0,0.0,0.0,0.0,0.0,8,570.5122,2560.0,1664.7834000000012,828.4139000000013,274.0,0.0,0.0,0.015,6.333199720930231,7.174007606679024,7.594524337748351,NaN,5.430853203282071,9.8248053342143,1078.0,1075.0,539.0,2045.3333333333335,1526.0000000000002,204.0,129,0,0,0,51,40.0,2048.0,47836.814000000035,19092.8609,18931.2187,225,543,0,57,0.4669092310500649,0.5823780977345077,0.48447256090075985,0,10174.545100000008,6808.189699999998,51,0,604.0,0,0,0,0.0,0,0.0,215627.57815530887,0.0,0,0,0,1.5,0,0.0,0,0,0.0,0,0.0,0,0,4587.092700000004,242.0,9124.0327,4,1579.3038999999999,1579.246599999993,3.362253046203106,5120.0,51.015625,1.4930322626437194,0,0,0.0,0,0.0,2612.0,340,6.103538182058123,0,0,6,0.0,0.0,0.0,0.0,0.0,0.0,0.0,0.0,0,0,0,0,129,0.0,6,6,23889.678499999998,3072,720.0,120.0,2137.1539,939.6868699196311,243.96670700983395,695.7201629097972,799.3411,779.9628,34497.36510000003,23258.433800000003,0.5882555023165961,455,182714.91316678887,57,32912.664988519755,4,2863.0650000000005,4,0.0,2,570.5122,-675.4856,84.09806313068285,0,0,539,539,9 co-ops (side rung),sumsy,2,1.6007106751203537e-10
49,512,4,4,97255.02679999995,0.0,5195.607800000004,481.50209999999987,1375.8886,,1375.8886,0.0,0.0,0.0,0.0,0.0,0.0025,828.2508,0.0,0.0,1.0,710.5829999999997,0.0,0.0,0.0,1.0,0.0,0.0,1.0,0.0,0,0,166.5941166874637,8.970720981829372,175.56483766929304,26.873224985772882,2.483004240768853,29.356229226541735,0.0,0.0,0.0,0.0,0,0,0.0,0.0,0.0,1.0,1.0,0.0,0.0,0.0,0.0,0.5,0.25,0.0,-1555.3944022759542,0.0,221,2560.0,1680.8680000000004,500.5234999999999,836.3735000000006,0.0,0.0,0.0,0.0,0.0,7,572.1172,2560.0,1680.8680000000004,836.3735000000006,274.0,0.0,0.0,0.015,6.444710747663557,7.24794469273741,7.775504999999989,NaN,5.547350270296549,10.208678420519469,1074.0,1070.0,537.0,2048.0,1512.0,204.0,134,0,0,1,49,38.0,2048.0,48006.24210000007,19455.7621,19367.0467,225,543,0,57,0.4521979703143457,0.5807807635865521,0.4642362276202294,0,10273.2077,6895.840500000006,49,0,580.0,0,0,0,0.0,0,0.0,215196.71707775045,0.0,0,0,0,1.5,0,0.0,0,0,0.0,0,0.0,0,0,4509.792899999994,232.0,9025.6079,4,1593.1932,1593.166699999995,3.362253046203106,5120.0,51.015625,1.492220171691866,0,0,0.0,0,0.0,2612.0,340,6.179476812411672,0,0,6,0.0,0.0,0.0,0.0,0.0,0.0,0.0,0.0,0,0,0,0,134,0.0,6,6,24250.838499999998,3072,720.0,120.0,2274.1142999999997,951.5122192429644,202.47582803424302,749.0363912087214,808.0661,785.1270999999999,34849.8349,23597.5782,0.5867166459149771,455,182777.49564872606,57,32419.2214290245,4,2973.852499999999,4,0.0,2,572.1172,-547.6378,82.67267223016277,0,0,537,537,9 co-ops (side rung),sumsy,2,1.6007106751203537e-10
50,512,4,4,98116.07859999998,0.0,5408.1928000000025,674.3601000000001,1260.1818000000003,,1260.1818000000003,0.0,0.0,0.0,0.0,0.0,0.0025,837.0455,0.0,0.0,1.0,723.0983000000003,0.0,0.0,0.0,1.0,0.0,0.0,1.0,0.0,0,0,163.87051545265462,8.605673132414905,172.4761885850695,26.817549579344224,2.3403339700954207,29.157883549439646,0.0,0.0,0.0,0.0,0,0,0.0,0.0,0.0,1.0,1.0,0.0,0.0,0.0,0.0,0.5,0.25,0.0,-1603.84861146351,0.0,222,2560.0,1698.9481999999996,810.7372000000001,845.3302999999992,0.0,0.0,0.0,0.0,0.0,6,574.1666,2560.0,1698.9481999999996,845.3302999999992,274.0,0.0,0.0,0.015,6.520645083487941,7.411449253731301,8.031812931034485,NaN,5.552222348270099,9.966457989921768,1072.0,1078.0,536.0,2046.6666666666667,1510.0,204.0,133,0,0,2,56,38.0,2048.0,47957.9088,19712.9304,19894.2612,225,543,0,57,0.45568312639975117,0.582963901034701,0.4602705136450085,0,10270.124699999991,7029.2554,56,0,580.0,0,0,0,0.0,0,0.0,214204.46660659125,0.0,0,0,0,1.5,0,0.0,0,0,0.0,0,0.0,0,0,4658.451500000002,232.0,9139.7661,4,1603.3725,1603.4283999999961,3.362253046203106,5120.0,51.015625,1.505385578607046,0,0,0.0,0,0.0,2612.0,340,6.150912791009152,0,0,6,0.0,0.0,0.0,0.0,0.0,0.0,0.0,0.0,0,0,0,0,133,0.0,6,6,24312.3951,3072,720.0,120.0,2486.484499999998,680.5731005586076,421.57065027930366,259.00245027930396,802.7652,800.6073,34731.0973,24434.5626,0.5887242916138633,455,182189.24783927118,57,32015.218767319955,4,3220.0165999999954,4,0.0,2,574.1666,-423.13630000000035,81.27144049744817,0,0,536,536,9 co-ops (side rung),sumsy,2,1.6007106751203537e-10
51,512,4,4,98960.26229999994,0.0,5302.015400000006,381.25470000000007,1142.3754999999996,,1142.3754999999996,0.0,0.0,0.0,0.0,0.0,0.0025,845.484,0.0,0.0,1.0,731.6154000000005,0.0,0.0,0.0,1.0,0.0,0.0,1.0,0.0,0,0,187.9791395682509,8.88169239757721,196.8608319658281,26.241973290488705,2.399464872447899,28.641438162936605,0.0,0.0,0.0,0.0,0,0,0.0,0.0,0.0,1.0,1.0,0.0,0.0,0.0,0.0,0.5,0.25,0.0,-1657.7804114635112,0.0,222,2560.0,1715.8163,381.25470000000007,853.6918999999995,0.0,0.0,0.0,0.0,0.0,0,578.0089,2560.0,1715.8163,853.6918999999995,274.0,0.0,0.0,0.015,6.560058143939393,7.346759629629625,8.303190243902444,NaN,5.5888569338395,10.118477802888052,1080.0,1056.0,540.0,2045.3333333333335,1516.0000000000002,204.0,132,0,0,2,45,27.0,2048.0,47930.821899999995,20108.222999999998,20194.5703,225,543,0,57,0.44443274387423104,0.5964262585696007,0.45934487144974057,0,10360.043800000007,6927.421399999998,45,0,574.0,0,0,0,0.0,0,0.0,240696.61569740475,0.0,0,0,0,1.5,0,0.0,0,0,0.0,0,0.0,0,0,4766.031200000003,230.0,9303.1542,4,1689.9993999999997,1689.9714000000117,4.242526345872752,5120.0,51.015625,1.511550515668526,3,0,0.0,0,51.49904329780752,2612.0,339,6.277647941193144,0,0,6,0.0,0.0,0.0,0.0,0.0,0.0,0.0,0.0,0,0,0,0,132,0.0,6,6,24634.6394,3072,720.0,120.0,2483.6474000000017,806.5776952422711,639.7614976211353,166.81619762113587,850.8213,839.1781,34703.64279999999,24971.308100000002,0.601387362171536,455,208394.75569234512,57,32301.86000505964,4,3236.6667999999972,4,0.0,2,578.0089,-296.8914999999996,79.89395845511854,0,0,540,540,9 co-ops (side rung),sumsy,2,1.6007106751203537e-10
52,512,4,4,99787.80240000009,0.0,5425.173899999998,587.2617000000001,1040.3055000000002,,1040.3055000000002,0.0,0.0,0.0,0.0,0.0,0.0025,871.641,0.0,0.0,1.0,736.0370999999997,0.0,0.0,0.0,1.0,0.0,0.0,1.0,0.0,0,0,186.75434490593784,8.985062517032452,195.7394074229703,25.882766764624805,2.5175861863303735,28.400352950955174,0.0,0.0,0.0,0.0,0,0,0.0,0.0,0.0,1.0,1.0,0.0,0.0,0.0,0.0,0.5,0.25,0.0,-1710.8001114635078,0.0,222,2560.0,1732.4599000000012,587.2617000000001,861.7663000000008,0.0,0.0,0.0,0.0,0.0,0,579.4201,2560.0,1732.4599000000012,861.7663000000008,274.0,0.0,0.0,0.015,6.547053660797025,7.404655347091911,8.542791166666682,NaN,5.651294592427252,9.898423501409942,1066.0,1079.0,533.0,2045.3333333333335,1512.0,204.0,133,0,0,2,51,33.0,2048.0,47747.42630000003,20281.8275,20606.805099999998,225,543,0,57,0.44284679347814526,0.5969211285925984,0.4780518738718962,0,10436.247800000008,7064.27089999999,51,0,600.0,0,0,0,0.0,0,0.0,240419.60825753747,0.0,0,0,0,1.5,0,0.0,0,0,0.0,0,0.0,0,0,5125.674700000009,240.0,9700.6824,4,1795.7374,1795.7664000000052,4.242526345872752,5120.0,51.015625,1.5028904878385159,0,0,0.0,0,0.0,2612.0,339,6.380957017961741,0,0,6,0.0,0.0,0.0,0.0,0.0,0.0,0.0,0.0,0,0,0,0,133,0.0,6,6,25528.102899999998,3072,720.0,120.0,2700.1776000000004,392.0527673387696,78.14495851458832,313.9078088241813,912.1512,883.5861999999998,34283.55210000001,25061.212100000004,0.6018962615464991,455,208206.44904884679,57,32213.159208690537,4,3437.6366,4,0.0,2,579.4201,-168.6645000000002,78.53982356604872,0,0,533,533,9 co-ops (side rung),sumsy,2,1.6007106751203537e-10
53,512,4,4,100597.42009999992,0.0,5406.657900000003,425.2171999999999,943.8123999999999,,943.8123999999999,0.0,0.0,0.0,0.0,0.0,0.0025,911.5664,0.0,0.0,1.0,734.5785000000003,0.0,0.0,0.0,1.0,0.0,0.0,1.0,0.0,0,0,187.23469131952837,8.781282021511721,196.01597334104008,25.606847985224544,2.4595395255919814,28.066387510816526,0.0,0.0,0.0,0.0,0,0,0.0,0.0,0.0,1.0,1.0,0.0,0.0,0.0,0.0,0.5,0.25,0.0,-1765.0515114635061,0.0,222,2560.0,1750.3822999999986,425.2171999999999,870.3255999999993,0.0,0.0,0.0,0.0,0.0,0,580.7783999999999,2560.0,1750.3822999999986,870.3255999999993,274.0,0.0,0.0,0.015,6.655829702048416,7.402140223463672,8.762457500000005,NaN,5.843815771769575,11.245832416304188,1074.0,1074.0,537.0,2045.3333333333335,1504.0000000000002,204.0,135,0,0,1,44,40.0,2048.0,47777.11549999999,20611.463600000003,21062.395500000002,225,543,0,57,0.4377763494152278,0.5952540383943956,0.4924530625526069,2,10678.730500000005,7148.361099999998,44,0,560.0,0,0,0,0.0,0,0.0,240076.0960827518,0.0,0,0,0,1.5,0,0.0,0,0,0.0,0,0.0,0,0,4906.976200000003,224.0,9654.100699999999,4,1842.0084,1841.9761999999932,4.242526345872752,5120.0,51.015625,1.5018017145630045,0,0,0.0,0,0.0,2612.0,339,6.446984516165874,0,0,6,0.0,0.0,0.0,0.0,0.0,0.0,0.0,0.0,0,0,0,0,135,0.0,6,6,25950.4746,3072,720.0,120.0,2713.8921999999993,240.28107568670293,0.0,240.28107568670293,945.7002,896.3082000000002,34620.150200000004,25377.485200000003,0.6002920682924406,455,208470.39010508545,57,31605.705977666414,4,3464.0879000000004,4,0.0,2,580.7783999999999,-32.24599999999987,77.20864011577672,0,0,537,537,9 co-ops (side rung),sumsy,2,1.6007106751203537e-10
54,512,4,4,101391.25750000012,0.0,5405.624799999997,447.1076,856.6299999999999,,856.6299999999999,0.0,0.0,0.0,0.0,0.0,0.0025,954.2025,0.0,0.0,1.0,746.7827999999997,0.0,0.0,0.0,1.0,0.0,0.0,1.0,0.0,0,0,184.17017318728998,8.632352284005519,192.8025254712955,25.399873187880296,2.412833639505392,27.812706827385686,0.0,0.0,0.0,0.0,0,0,0.0,0.0,0.0,1.0,1.0,0.0,0.0,0.0,0.0,0.5,0.25,0.0,-1819.1172114635046,0.0,222,2560.0,1766.1626,447.1076,877.7756999999992,0.0,0.0,0.0,0.0,0.0,0,581.4155000000001,2560.0,1766.1626,877.7756999999992,274.0,0.0,0.0,0.015,6.748980636108516,7.544069981238268,9.041516811091862,NaN,5.899967415770566,10.908457443815065,1066.0,1069.0,533.0,2046.6666666666667,1503.0000000000002,204.0,135,0,0,1,50,36.0,2048.0,47516.79970000001,20975.8315,21471.1416,225,543,0,57,0.4410744159026809,0.5957674169966951,0.49034538718583254,0,10763.239199999993,7214.660300000003,50,0,577.0,0,0,0,0.0,0,0.0,239220.93563635295,0.0,0,0,0,1.5,0,0.0,0,0,0.0,0,0.0,0,0,5216.955200000004,231.0,9891.8667,4,1884.0021000000002,1884.0481999999877,4.242526345872752,5120.0,51.015625,1.5188171053141433,0,0,0.0,0,0.0,2612.0,339,6.55372769328751,0,0,6,0.0,0.0,0.0,0.0,0.0,0.0,0.0,0.0,0,0,0,0,135,0.0,6,6,26095.036,3072,720.0,120.0,2810.8662999999974,143.64544209806536,143.64544209806536,0.0,929.0751000000001,954.9270000000001,33889.338599999995,26243.8038,0.6007826463977741,455,207697.67071289706,57,31523.26492345585,4,3454.8964000000014,4,0.0,2,581.4155000000001,97.5725000000001,75.90001909686524,0,0,533,533,9 co-ops (side rung),sumsy,2,1.6007106751203537e-10
55,512,4,4,102169.29460000001,0.0,5437.133000000002,488.7045,777.0965,,777.0965,0.0,0.0,0.0,0.0,0.0,0.0025,999.6889,0.0,0.0,1.0,757.2378000000002,0.0,0.0,0.0,1.0,0.0,0.0,1.0,0.0,0,0,181.9259581232777,8.4948484397859,190.4208065630636,25.19395315065331,2.3405074139899034,27.534460564643215,0.0,0.0,0.0,0.0,0,0,0.0,0.0,0.0,1.0,1.0,0.0,0.0,0.0,0.0,0.5,0.25,0.0,-1873.173611463501,0.0,223,2560.0,1781.9628999999982,674.5456999999999,885.2182999999992,0.0,0.0,0.0,0.0,0.0,0,582.0467,2560.0,1781.9628999999982,885.2182999999992,274.0,0.0,0.0,0.015,6.857503213610587,7.638163246268682,9.334092095588241,NaN,6.022091194766976,11.734128159057251,1072.0,1058.0,536.0,2046.6666666666667,1496.0000000000002,204.0,137,0,0,2,47,25.0,2048.0,47575.218899999956,21307.2864,21794.2985,225,543,0,57,0.43797003131652334,0.5966812927423581,0.49099672672154293,0,10903.653499999986,7255.238400000001,47,0,544.0,0,0,0,0.0,0,0.0,238778.56665853685,0.0,0,0,0,1.5,0,0.0,0,0,0.0,0,0.0,0,0,5077.746100000003,218.0,9910.7552,4,1941.6025000000002,1941.597999999995,4.242526345872752,5120.0,51.015625,1.521637222129087,0,0,0.0,0,0.0,2612.0,339,6.6269187890153844,0,0,6,0.0,0.0,0.0,0.0,0.0,0.0,0.0,0.0,0,0,0,0,137,0.0,6,6,26344.3073,3072,720.0,120.0,2876.094499999998,342.40093359755156,342.40093359755156,0.0,960.6179999999999,980.9845,34237.9218,26668.0328,0.6016655998041178,455,207617.56138992182,57,31161.005268614863,4,3475.0306999999993,4,0.0,2,582.0467,222.5924,74.61357809522343,0,0,536,536,9 co-ops (side rung),sumsy,2,1.6007106751203537e-10
56,512,4,4,102932.03079999986,0.0,5472.5223,502.80910000000006,702.9772,,702.9772,0.0,0.0,0.0,0.0,0.0,0.0025,1043.8953,0.0,0.0,1.0,769.4114999999999,0.0,0.0,0.0,1.0,0.0,0.0,1.0,0.0,0,0,179.3797504469903,8.54194173442893,187.92169218141925,24.4542760312166,2.4674802759092804,26.921756307125882,0.0,0.0,0.0,0.0,0,0,0.0,0.0,0.0,1.0,1.0,0.0,0.0,0.0,0.0,0.5,0.25,0.0,-1927.5449114634962,0.0,223,2560.0,1797.2637999999977,502.80910000000006,892.410199999999,0.0,0.0,0.0,0.0,0.0,0,582.5633,2560.0,1797.2637999999977,892.410199999999,274.0,0.0,0.0,0.015,6.87555507380074,7.673157196261676,9.576955296229793,NaN,6.053683607227355,11.43212991408699,1070.0,1084.0,535.0,2045.3333333333335,1499.0,204.0,136,0,0,0,53,32.0,2048.0,47270.702699999936,21597.439700000003,22272.197500000002,225,543,0,57,0.4291049743033084,0.5972093598152477,0.492527486659581,0,10975.784300000001,7453.101700000002,53,0,557.0,0,0,0,0.0,0,0.0,238670.5696241866,0.0,0,0,0,1.5,0,0.0,0,0,0.0,0,0.0,0,0,5334.364099999994,223.0,10165.232300000001,4,1970.3109000000002,1970.269200000002,4.242526345872752,5120.0,51.015625,1.5142771054780833,0,0,0.0,0,0.0,2612.0,339,6.741229703636109,0,0,6,0.0,0.0,0.0,0.0,0.0,0.0,0.0,0.0,0,0,0,0,136,0.0,6,6,27263.0283,3072,720.0,120.0,2975.6463000000003,163.9420219732283,0.0,163.9420219732283,1008.7322,961.5786999999998,34512.80199999995,26771.841200000003,0.6021271386276601,455,207630.69728588877,57,31039.87233829785,4,3486.813299999998,4,0.0,2,582.5633,340.91809999999987,73.35549070216501,0,0,535,535,9 co-ops (side rung),sumsy,2,1.6007106751203537e-10
57,512,4,4,103679.79180000006,0.0,5563.380899999998,574.3496000000001,628.8579000000001,,628.8579000000001,0.0,0.0,0.0,0.0,0.0,0.0025,1091.3566,0.0,0.0,1.0,771.4362000000004,0.0,0.0,0.0,1.0,0.0,0.0,1.0,0.0,0,0,178.8849692267512,8.389288649775096,187.2742578765263,25.008009138467727,2.4784706953537436,27.48647983382147,0.0,0.0,0.0,0.0,0,0,0.0,0.0,0.0,1.0,1.0,0.0,0.0,0.0,0.0,0.5,0.25,0.0,-1982.2692114634935,0.0,223,2560.0,1812.2389999999998,574.3496000000001,899.4088999999998,0.0,0.0,0.0,0.0,0.0,0,583.2134000000001,2560.0,1812.2389999999998,899.4088999999998,274.0,0.0,0.0,0.015,6.979597047970481,7.771565491651207,9.824896350364964,NaN,6.132358430372645,11.861831673635601,1078.0,1084.0,539.0,2048.0,1504.0,204.0,136,0,0,2,55,39.0,2048.0,47067.348899999975,21878.6359,22713.0492,225,543,0,57,0.4395999969941147,0.598853478716002,0.49572102941418783,0,11129.013300000002,7565.883200000001,55,0,548.0,0,0,0,0.0,0,0.0,238177.57586388267,0.0,0,0,0,1.5,0,0.0,0,0,0.0,0,0.0,0,0,5384.0432,220.0,10346.1878,4,2035.9342999999994,2035.9094999999957,4.242526345872752,5120.0,51.015625,1.5185675794912734,0,0,0.0,0,0.0,2612.0,339,6.845051153739306,0,0,6,0.0,0.0,0.0,0.0,0.0,0.0,0.0,0.0,0,0,0,0,136,0.0,6,6,27715.874499999998,3072,720.0,120.0,3097.035500000001,116.66812541305808,0.0,116.66812541305808,1042.7145,993.2198000000001,34459.98010000003,27221.9984,0.6037766143040841,455,207418.16413667361,57,30759.41172720902,4,3540.0758000000023,4,0.0,2,583.2134000000001,462.4987,72.14005033937977,0,0,539,539,9 co-ops (side rung),sumsy,2,1.6007106751203537e-10
58,512,4,4,104412.27419999994,0.0,5786.2786,717.9823000000004,560.521,,560.521,0.0,0.0,0.0,0.0,0.0,0.0025,1138.4159,0.0,0.0,1.0,783.1100999999998,0.0,0.0,0.0,1.0,0.0,0.0,1.0,0.0,0,0,176.31893659007727,8.085641156570757,184.40457774664802,24.431282309046296,2.4167219084580243,26.848004217504318,0.0,0.0,0.0,0.0,0,0,0.0,0.0,0.0,1.0,1.0,0.0,0.0,0.0,0.0,0.5,0.25,0.0,-2037.903611463493,0.0,223,2560.0,1827.5176000000006,717.9823000000004,906.5788000000008,0.0,0.0,0.0,0.0,0.0,0,583.9788,2560.0,1827.5176000000006,906.5788000000008,274.0,0.0,0.0,0.015,7.127831906976742,7.765935687732356,10.065699190283397,NaN,6.406110352780821,13.842608785689338,1076.0,1075.0,538.0,2045.3333333333335,1479.9999999999998,204.0,141,0,0,2,55,37.0,2048.0,47553.011100000054,22009.031199999998,23177.910599999996,225,543,0,57,0.43388595444816747,0.6000430480231003,0.4998714027845532,0,11376.769999999999,7662.419299999998,55,0,494.0,0,0,0,0.0,0,0.0,237645.7595835889,0.0,0,0,0,1.5,0,0.0,0,0,0.0,0,0.0,0,0,4972.455399999998,198.0,9949.926599999999,4,2063.3606999999997,2063.433100000007,4.242526345872752,5120.0,51.015625,1.521327505678628,0,0,0.0,0,0.0,2612.0,339,6.865969710985495,0,0,6,0.0,0.0,0.0,0.0,0.0,0.0,0.0,0.0,0,0,0,0,141,0.0,6,6,27522.8968,3072,720.0,120.0,3346.650400000002,51.98628841966001,51.98628841966001,0.0,1017.2722000000001,1046.0885,34698.58630000001,27613.971599999997,0.6050871322570495,455,207285.06419455245,57,30360.695389036453,4,3701.612400000002,4,0.0,2,583.9788,577.8949,70.96581134482452,0,0,538,538,9 co-ops (side rung),sumsy,2,1.6007106751203537e-10
59,512,4,4,105129.23659999976,0.0,5716.868900000001,438.8203999999998,497.95509999999996,,497.95509999999996,0.0,0.0,0.0,0.0,0.0,0.0025,1180.3688,0.0,0.0,1.0,799.7411999999996,0.0,0.0,0.0,1.0,0.0,0.0,1.0,0.0,0,0,172.45431034208562,8.03287678128927,180.48718712337492,24.080323893776164,2.2606044914944974,26.340928385270665,0.0,0.0,0.0,0.0,0,0,0.0,0.0,0.0,1.0,1.0,0.0,0.0,0.0,0.0,0.5,0.25,0.0,-2095.76741146349,0.0,223,2560.0,1843.037600000002,438.8203999999998,913.8977999999987,0.0,0.0,0.0,0.0,0.0,0,585.5119,2560.0,1843.037600000002,913.8977999999987,274.0,0.0,0.0,0.015,7.252647722960152,8.014488868274602,10.27425836653386,NaN,6.4321893647336355,13.427330522118657,1078.0,1054.0,539.0,2045.3333333333333,1485.0,204.0,140,0,0,1,43,25.0,2048.0,47517.68850000005,22590.2624,23426.3286,225,543,0,57,0.4308624966007062,0.5995028486001759,0.4922743661980329,1,11447.534400000011,7644.2907000000005,43,0,502.0,0,0,0,0.0,0,0.0,237431.07554499962,0.0,0,0,0,1.5,0,0.0,0,0,0.0,0,0.0,0,0,5157.677699999998,201.0,9829.0764,4,2038.8564000000001,2038.7805000000037,4.242526345872752,5120.0,51.015625,1.527488183066022,0,0,0.0,0,0.0,2612.0,339,6.919663487895132,0,0,6,0.0,0.0,0.0,0.0,0.0,0.0,0.0,0.0,0,0,0,0,140,0.0,6,6,27746.038600000003,3072,720.0,120.0,3366.3067000000005,340.041146407837,340.041146407837,0.0,1004.0559000000001,1034.8005,34893.01460000005,28099.628800000002,0.604286938987046,455,207352.5909938713,57,30078.484551128367,4,3466.705399999999,4,0.0,2,585.5119,682.4137000000001,69.8313770619491,0,0,539,539,9 co-ops (side rung),sumsy,2,1.6007106751203537e-10
60,512,4,4,105831.88490000006,0.0,5640.761299999998,440.9522999999998,435.3891999999999,,435.3891999999999,0.0,0.0,0.0,0.0,0.0,0.0025,1213.7849,0.0,0.0,1.0,813.7457999999993,0.0,0.0,0.0,1.0,0.0,0.0,1.0,0.0,0,0,169.53259799725717,8.029862347246192,177.56246034450336,23.49254188270644,2.314871166965607,25.807413049672046,0.0,0.0,0.0,0.0,0,0,0.0,0.0,0.0,1.0,1.0,0.0,0.0,0.0,0.0,0.5,0.25,0.0,-2152.9365114634925,0.0,223,2560.0,1857.351699999999,440.9522999999998,920.7003000000004,0.0,0.0,0.0,0.0,0.0,0,586.3895,2560.0,1857.351699999999,920.7003000000004,274.0,0.0,0.0,0.015,7.266499448022076,8.050078799249555,10.483088974854947,NaN,6.47670374657392,13.024510606455097,1066.0,1087.0,533.0,2046.6666666666667,1479.0,204.0,141,0,0,2,52,38.0,2048.0,47273.924100000004,22864.273999999998,23939.9465,225,543,0,57,0.43047534375381136,0.5982236740844395,0.5066998218022785,0,11479.997899999984,7898.684899999997,52,0,517.0,0,0,0,0.0,0,0.0,237495.66353992192,0.0,0,0,0,1.5,0,0.0,0,0,0.0,0,0.0,0,0,5419.757000000008,207.0,9953.5659,4,2103.9269999999997,2103.944399999989,4.242526345872752,5120.0,51.015625,1.5185124416136606,0,0,0.0,0,0.0,2612.0,339,7.013730103402907,0,0,6,0.0,0.0,0.0,0.0,0.0,0.0,0.0,0.0,0,0,0,0,141,0.0,6,6,28647.912599999996,3072,720.0,120.0,3358.3475999999987,52.419314970287815,0.0,52.419314970287815,1077.9989,1025.9281,35101.7817,28109.8738,0.6030292753866409,455,207804.41740106544,57,29691.246138856448,4,3441.9290999999994,4,0.0,2,586.3895,778.3957000000003,68.73539817849318,0,0,533,533,9 co-ops (side rung),sumsy,2,1.6007106751203537e-10
61,512,4,4,106521.00050000004,0.0,5815.884999999999,701.1726999999998,372.8233000000001,,372.8233000000001,0.0,0.0,0.0,0.0,0.0,0.0025,1250.6787,0.0,0.0,1.0,815.301300000001,0.0,0.0,0.0,1.0,0.0,0.0,1.0,0.0,0,0,169.02812573365068,8.059278089059552,177.08740382271023,23.622832458389855,2.439350925938293,26.06218338432815,0.0,0.0,0.0,0.0,0,0,0.0,0.0,0.0,1.0,1.0,0.0,0.0,0.0,0.0,0.5,0.25,0.0,-2209.3447114634946,0.0,223,2560.0,1870.8843999999963,701.1726999999998,927.0964999999989,0.0,0.0,0.0,0.0,0.0,0,586.4892,2560.0,1870.8843999999963,927.0964999999989,274.0,0.0,0.0,0.015,7.321927306616955,8.088661567164175,10.672820964360582,NaN,6.412577153211775,13.502034286136706,1072.0,1073.0,536.0,2045.3333333333333,1469.0,204.0,144,0,0,0,46,41.0,2048.0,47419.64700000003,23023.696000000004,24327.013100000004,225,543,0,57,0.42899330231069666,0.5988479855665774,0.4951009491277354,0,11318.678099999996,7856.427999999993,46,0,477.0,0,0,0,0.0,0,0.0,237208.47369264392,0.0,0,0,0,1.5,0,0.0,0,0,0.0,0,0.0,0,0,5090.935599999998,191.0,9913.4765,4,2152.6715999999997,2152.709400000003,4.242526345872752,5120.0,51.015625,1.5171144880843836,0,0,0.0,0,0.0,2612.0,339,7.108402177625096,0,0,6,0.0,0.0,0.0,0.0,0.0,0.0,0.0,0.0,0,0,0,0,144,0.0,6,6,28921.3453,3072,720.0,120.0,3564.6551999999992,15.646683421036869,0.0,15.646683421036869,1108.3915,1044.2801,35066.88980000004,28342.840300000003,0.603737014348386,455,207744.06149293733,57,29464.41219970643,4,3548.441100000002,4,0.0,2,586.4892,877.8553999999999,67.6765711215951,0,0,536,536,9 co-ops (side rung),sumsy,2,1.6007106751203537e-10
62,512,4,4,107195.54379999988,0.0,5820.622799999998,553.9486999999999,310.2574,,310.2574,0.0,0.0,0.0,0.0,0.0,0.0025,1286.9258,0.0,0.0,1.0,821.5182000000004,0.0,0.0,0.0,1.0,0.0,0.0,1.0,0.0,0,0,168.45658776757,7.8563410848083315,176.31292885237835,23.93368757292457,2.2235880415374543,26.157275614462023,0.0,0.0,0.0,0.0,0,0,0.0,0.0,0.0,1.0,1.0,0.0,0.0,0.0,0.0,0.5,0.25,0.0,-2267.5031114634967,0.0,223,2560.0,1885.4566999999988,553.9486999999999,934.0194999999995,0.0,0.0,0.0,0.0,0.0,0,587.4490000000001,2560.0,1885.4566999999988,934.0194999999995,274.0,0.0,0.0,0.015,7.32633284268629,7.9958957089551905,10.94591223175965,NaN,6.449157163005103,13.759436910596692,1072.0,1087.0,536.0,2048.0,1465.0,204.0,145,0,0,1,61,44.0,2048.0,47477.609300000026,23172.970499999996,24788.1681,225,543,0,57,0.4400217576326624,0.6011942999471902,0.5119329844014853,0,11344.736200000003,7963.723799999998,61,0,466.0,0,0,0,0.0,0,0.0,236646.98448934106,0.0,0,0,0,1.5,0,0.0,0,0,0.0,0,0.0,0,0,5100.795099999997,187.0,9882.4211,4,2251.3379,2251.2941000000023,4.242526345872752,5120.0,51.015625,1.5281823760898217,0,0,0.0,0,0.0,2612.0,339,7.1835243437810865,0,0,6,0.0,0.0,0.0,0.0,0.0,0.0,0.0,0.0,0,0,0,0,145,0.0,6,6,28894.5291,3072,720.0,120.0,3618.9520000000016,0.0,0.0,0.0,1121.4763,1129.8616,35452.6429,28949.030600000002,0.6060134149910792,455,207329.33940824072,57,29317.64508110029,4,3559.0815000000002,4,0.0,2,587.4490000000001,976.6684,66.65363650730373,0,0,536,536,9 co-ops (side rung),sumsy,2,1.6007106751203537e-10
63,512,4,4,107856.27270000005,0.0,5906.986200000001,637.4085999999999,257.0685,,257.0685,0.0,0.0,0.0,0.0,0.0,0.0025,1336.8352,0.0,0.0,1.0,822.0129999999996,0.0,0.0,0.0,1.0,0.0,0.0,1.0,0.0,0,0,168.65799768514847,7.918258759808313,176.5762564449568,23.79190790499191,2.224254584342596,26.016162489334505,0.0,0.0,0.0,0.0,0,0,0.0,0.0,0.0,1.0,1.0,0.0,0.0,0.0,0.0,0.5,0.25,0.0,-2325.7091114635023,0.0,223,2560.0,1899.2711,637.4085999999999,940.4274999999997,0.0,0.0,0.0,0.0,0.0,0,587.809,2560.0,1899.2711,940.4274999999997,274.0,0.0,0.0,0.015,7.356984907407408,8.009753148148162,11.160346606334851,NaN,6.522427166746029,14.731453716067316,1080.0,1080.0,540.0,2046.6666666666667,1463.0,204.0,145,0,0,1,64,37.0,2048.0,47772.36159999995,23386.083899999998,25118.3172,225,543,0,57,0.43207668267813015,0.6017863710658697,0.5053814524579345,0,11432.73689999999,7945.5437,64,0,442.0,0,0,0,0.0,0,0.0,236529.3700336076,0.0,0,0,0,1.5,0,0.0,0,0,0.0,0,0.0,0,0,4932.8732000000045,177.0,9654.865800000001,4,2284.1434000000004,2284.107299999997,4.242526345872752,5120.0,51.015625,1.52700521292832,0,0,0.0,0,0.0,2612.0,339,7.223880672059291,0,0,6,0.0,0.0,0.0,0.0,0.0,0.0,0.0,0.0,0,0,0,0,145,0.0,6,6,28989.6111,3072,720.0,120.0,3641.739300000002,0.0,0.0,0.0,1130.6834,1153.46,35826.95749999997,29169.655799999997,0.6065629798683096,455,207479.5234043546,57,29049.846629253065,4,3511.146199999999,4,0.0,2,587.809,1079.7667000000001,65.66537764264937,0,0,540,540,9 co-ops (side rung),sumsy,2,1.6007106751203537e-10
64,512,4,4,108504.48779999999,0.0,5951.221600000001,608.8688999999999,205.43760000000003,,205.43760000000003,0.0,0.0,0.0,0.0,0.0,0.0025,1389.038,0.0,0.0,1.0,825.4552999999995,0.0,0.0,0.0,1.0,0.0,0.0,1.0,0.0,0,0,168.1621785830702,7.770288358435913,175.9324669415061,23.85689289693587,2.3665434588935983,26.223436355829467,0.0,0.0,0.0,0.0,0,0,0.0,0.0,0.0,1.0,1.0,0.0,0.0,0.0,0.0,0.5,0.25,0.0,-2384.7783114635017,0.0,223,2560.0,1911.7849,608.8688999999999,946.1675999999997,0.0,0.0,0.0,0.0,0.0,0,588.4607,2560.0,1911.7849,946.1675999999997,274.0,0.0,0.0,0.015,7.4251564892623705,8.136856697247726,11.32559123931624,NaN,6.557511796907779,14.289510104585299,1090.0,1071.0,545.0,2046.6666666666667,1484.0,204.0,140,0,0,2,50,36.0,2048.0,47949.599500000055,23566.1991,25328.973099999996,223,545,0,57,0.4352554548212071,0.6012054172886256,0.5071691290298344,0,11618.927600000003,7952.342599999999,50,0,468.0,0,0,0,0.0,0,0.0,236753.36570814284,0.0,0,0,0,1.5,0,0.0,0,0,0.0,0,0.0,0,0,5300.376700000001,188.0,9682.2174,4,2241.1144000000004,2241.051099999988,4.242526345872752,5120.0,51.015625,1.5155077470491458,0,0,0.0,0,0.0,2612.0,339,7.2330994478973984,0,0,6,0.0,0.0,0.0,0.0,0.0,0.0,0.0,0.0,0,0,0,0,140,0.0,6,6,29577.937499999996,3072,720.0,120.0,3690.8577999999975,0.0,0.0,0.0,1149.9613,1091.1531,35622.24329999999,28999.4521,0.6058932307019844,455,207804.08021759792,57,28949.285490544942,4,3450.827800000001,4,0.0,2,588.4607,1183.6004,64.71061907849177,0,0,545,545,9 co-ops (side rung),sumsy,2,1.6007106751203537e-10
65,512,4,4,109139.69699999996,0.0,6023.363400000002,633.5995000000003,153.8067,,153.8067,0.0,0.0,0.0,0.0,0.0,0.0025,1438.1316,0.0,0.0,1.0,833.1002999999995,0.0,0.0,0.0,1.0,0.0,0.0,1.0,0.0,0,0,197.1610110959806,7.952711641112397,205.113722737093,23.518678942479163,2.369725588784367,25.88840453126353,0.0,0.0,0.0,0.0,0,0,0.0,0.0,0.0,1.0,1.0,0.0,0.0,0.0,0.0,0.5,0.25,0.0,-2444.2909114635,0.0,223,2560.0,1924.7908,633.5995000000003,952.1866000000015,0.0,0.0,0.0,0.0,0.0,0,589.0976,2560.0,1924.7908,952.1866000000015,274.0,0.0,0.0,0.015,7.412040148698889,8.189669776119404,11.490493918918927,NaN,6.494941477629487,14.18163954696987,1072.0,1076.0,536.0,2045.3333333333335,1456.0,204.0,147,0,0,0,47,41.0,2048.0,48065.906099999986,23722.3799,25590.6631,223,545,0,57,0.4328157433795432,0.6223534287840229,0.5000495639031324,0,11341.859299999993,7975.3552000000045,47,0,444.0,0,0,0,0.0,0,0.0,268069.06941600493,0.0,0,0,0,1.5,0,0.0,0,0,0.0,0,0.0,0,0,5101.779300000004,178.0,9733.5187,4,2349.6177000000002,2349.59819999999,5.267647067419873,5120.0,51.015625,1.515125428304277,1,0,0.0,0,68.66903173135867,2612.0,339,7.315870334354407,0,0,6,0.0,0.0,0.0,0.0,0.0,0.0,0.0,0.0,0,0,0,0,147,0.0,6,6,29818.993799999997,3072,720.0,120.0,3752.4732,0.0,0.0,0.0,1206.4952,1143.1225,35812.225499999964,29227.567900000002,0.6262867680370354,455,237539.0832840924,57,30529.986131912443,4,3464.026799999998,4,0.0,2,589.0976,1284.3248999999998,63.78822521142424,0,0,536,536,9 co-ops (side rung),sumsy,2,1.6007106751203537e-10
66,512,4,4,109762.11349999993,0.0,6019.8314,568.8565,107.6623,,107.6623,0.0,0.0,0.0,0.0,0.0,0.0025,1498.3015,0.0,0.0,1.0,831.631500000001,0.0,0.0,0.0,1.0,0.0,0.0,1.0,0.0,0,0,199.01540318020287,7.797906138965842,206.8133093191687,23.782420673164953,2.410585680148224,26.19300635331318,0.0,0.0,0.0,0.0,0,0,0.0,0.0,0.0,1.0,1.0,0.0,0.0,0.0,0.0,0.5,0.25,0.0,-2504.5257114635037,0.0,223,2560.0,1937.5835000000015,568.8565,957.9969000000003,0.0,0.0,0.0,0.0,0.0,0,589.8303000000001,2560.0,1937.5835000000015,957.9969000000003,274.0,0.0,0.0,0.015,7.404103119092634,7.995642616822438,11.65033766816144,NaN,6.476144264387654,14.114563174034563,1070.0,1058.0,535.0,2048.0,1455.0,204.0,148,0,0,2,46,31.0,2048.0,48206.85350000004,23804.4162,25809.6603,223,545,0,57,0.43219968732392666,0.6248872790942197,0.5165350988606761,0,11305.084100000002,7833.541100000007,46,0,446.0,0,0,0,0.0,0,0.0,268680.75114303385,0.0,0,0,0,1.5,0,0.0,0,0,0.0,0,0.0,0,0,5196.050600000002,179.0,9853.0517,4,2422.9253000000003,2422.89719999999,5.303931649486682,5120.0,51.015625,1.5272902672459405,1,0,0.0,0,11.872485789412483,2612.0,338,7.370827246327153,0,0,6,0.0,0.0,0.0,0.0,0.0,0.0,0.0,0.0,0,0,0,0,148,0.0,6,6,29634.500600000003,3072,720.0,120.0,3798.2888000000003,0.0,0.0,0.0,1195.2916000000002,1227.6337,36272.85250000004,29832.6276,0.6286964906587249,455,238236.69165699833,57,30444.059486035632,4,3424.288099999998,4,0.0,2,589.8303000000001,1390.6392,62.89709893307089,0,0,535,535,9 co-ops (side rung),sumsy,2,1.6007106751203537e-10
67,512,4,4,110371.95989999987,0.0,6200.001900000004,759.4187999999999,65.9217,,65.9217,0.0,0.0,0.0,0.0,0.0,0.0025,1567.5354,0.0,0.0,1.0,830.7389999999995,0.0,0.0,0.0,1.0,0.0,0.0,1.0,0.0,0,0,200.19733731415053,7.662473035806115,207.85981034995663,24.225294613906723,2.3471392152144204,26.57243382912114,0.0,0.0,0.0,0.0,0,0,0.0,0.0,0.0,1.0,1.0,0.0,0.0,0.0,0.0,0.5,0.25,0.0,-2564.7236114634993,0.0,223,2560.0,1950.1535999999994,759.4187999999999,963.5972000000002,0.0,0.0,0.0,0.0,0.0,0,590.0522,2560.0,1950.1535999999994,963.5972000000002,274.0,0.0,0.0,0.015,7.343407776761218,8.058469532710284,11.842285294117639,NaN,6.544959855445387,14.576163158042382,1070.0,1093.0,535.0,2045.3333333333335,1453.0,204.0,148,0,0,2,62,40.0,2048.0,48339.613000000005,23863.0497,26095.4203,223,545,0,57,0.4372556907368219,0.6266279368461649,0.5059209892364895,0,11389.329200000002,8026.3447000000115,62,0,442.0,0,0,0,0.0,0,0.0,268539.4245135155,0.0,0,0,0,1.5,0,0.0,0,0,0.0,0,0.0,0,0,5234.2900999999965,177.0,9916.2893,4,2519.4401,2519.468499999998,5.303931649486682,5120.0,51.015625,1.5263359553530693,0,0,0.0,0,0.0,2612.0,338,7.429525043668279,0,0,6,0.0,0.0,0.0,0.0,0.0,0.0,0.0,0.0,0,0,0,0,148,0.0,6,6,29848.3088,3072,720.0,120.0,3970.3871,0.0,0.0,0.0,1244.7417999999998,1274.6982999999998,36276.99450000002,30026.450500000003,0.6303928140343513,455,238176.668247076,57,30362.756266439523,4,3432.395699999999,4,0.0,2,590.0522,1501.6136999999999,62.03618032517018,0,0,535,535,9 co-ops (side rung),sumsy,2,1.6007106751203537e-10
68,512,4,4,110969.62799999988,0.0,6314.800300000003,692.0737,39.9228,,39.9228,0.0,0.0,0.0,0.0,0.0,0.0025,1662.1448,0.0,0.0,1.0,823.9304999999995,0.0,0.0,0.0,1.0,0.0,0.0,1.0,0.0,0,0,201.67193369704097,7.928428983613665,209.60036268065463,24.63184609855012,2.409275327520176,27.041121426070298,0.0,0.0,0.0,0.0,0,0,0.0,0.0,0.0,1.0,1.0,0.0,0.0,0.0,0.0,0.5,0.25,0.0,-2626.7250114635012,0.0,223,2560.0,1962.331900000002,692.0737,968.7382000000003,0.0,0.0,0.0,0.0,0.0,0,591.0255,2560.0,1962.331900000002,968.7382000000003,274.0,0.0,0.0,0.015,7.386411985018732,8.022701848428861,12.07443286384975,NaN,6.577924344906994,15.352220330101156,1082.0,1068.0,541.0,2045.3333333333333,1459.0,204.0,145,0,0,0,44,40.0,2048.0,48583.131799999996,24067.7073,26233.564100000003,223,545,0,57,0.44095996843979446,0.6254307624557007,0.5238832842597536,0,11471.766799999994,7888.688000000006,44,0,426.0,0,0,0,0.0,0,0.0,268948.7301900823,0.0,0,0,0,1.5,0,0.0,0,0,0.0,0,0.0,0,0,5143.708399999994,171.0,9832.0545,4,2480.561,2480.5878999999936,5.303931649486682,5120.0,51.015625,1.5118567659016586,0,0,0.0,0,0.0,2612.0,338,7.437335236138563,0,0,6,0.0,0.0,0.0,0.0,0.0,0.0,0.0,0.0,0,0,0,0,145,0.0,6,6,30329.194999999996,3072,720.0,120.0,4089.8203000000008,0.0,0.0,0.0,1265.5348,1215.0262,36658.2377,29804.130899999996,0.6291300886469424,455,239034.32102194408,57,29914.40916813796,4,3305.2047999999995,4,0.0,2,591.0255,1622.222,61.20444539889321,0,0,541,541,9 co-ops (side rung),sumsy,2,1.6007106751203537e-10
69,512,4,4,111555.07240000009,0.0,6233.622999999998,508.50600000000014,16.0258,,16.0258,0.0,0.0,0.0,0.0,0.0,0.0025,1757.085,0.0,0.0,1.0,828.7550999999992,0.0,0.0,0.0,1.0,0.0,0.0,1.0,0.0,0,0,200.6734119582732,7.732426762948474,208.40583872122167,25.081815623765532,2.329609414809421,27.41142503857495,0.0,0.0,0.0,0.0,0,0,0.0,0.0,0.0,1.0,1.0,0.0,0.0,0.0,0.0,0.5,0.25,0.0,-2689.8735114635047,0.0,223,2560.0,1974.5556000000001,508.50600000000014,973.9156000000005,0.0,0.0,0.0,0.0,0.0,0,592.1685,2560.0,1974.5556000000001,973.9156000000005,274.0,0.0,0.0,0.015,7.371137428571431,8.029295692883883,12.287415942028995,NaN,6.62839585049935,15.710046491345011,1068.0,1050.0,534.0,2048.0,1440.0,204.0,152,0,0,2,45,23.0,2048.0,49026.51349999995,24203.6718,26249.6109,223,545,0,57,0.4477508528808276,0.6263096890036317,0.5173582643857395,0,11410.076700000009,7739.694300000003,45,0,414.0,0,0,0,0.0,0,0.0,269263.3046911717,0.0,0,0,0,1.5,0,0.0,0,0,0.0,0,0.0,0,0,5086.990200000004,166.0,9726.0227,4,2544.6003000000005,2544.572099999992,5.303931649486682,5120.0,51.015625,1.500793132373566,0,0,0.0,0,0.0,2612.0,338,7.359970466791623,0,0,6,0.0,0.0,0.0,0.0,0.0,0.0,0.0,0.0,0,0,0,0,152,0.0,6,6,30500.236199999996,3072,720.0,120.0,4028.2825999999995,0.0,0.0,0.0,1309.6749,1234.9254,37415.4661,29679.069199999998,0.6298718719129206,455,239651.9065314367,57,29611.398159735145,4,3178.850199999999,4,0.0,2,592.1685,1741.0592000000001,60.40090487689683,0,0,534,534,9 co-ops (side rung),sumsy,2,1.6007106751203537e-10
70,512,4,4,112128.43969999996,0.0,6364.803800000004,714.3362000000001,0.0029999999999999996,,0.0029999999999999996,0.0,0.0,0.0,0.0,0.0,0.0025,1864.179,0.0,0.0,1.0,827.0414999999999,0.0,0.0,0.0,1.0,0.0,0.0,1.0,0.0,0,0,201.63029974255494,7.677588956025642,209.30788869858057,25.161825740934734,2.4513430185783034,27.613168759513037,0.0,0.0,0.0,0.0,0,0,0.0,0.0,0.0,1.0,1.0,0.0,0.0,0.0,0.0,0.5,0.25,0.0,-2752.2106114634976,0.0,223,2560.0,1986.6326999999994,714.3362000000001,978.8756999999997,0.0,0.0,0.0,0.0,0.0,0,592.3995,2560.0,1986.6326999999994,978.8756999999997,274.0,0.0,0.0,0.015,7.385804713493529,8.150661985018706,12.552983333333332,NaN,6.581956726494696,15.465069413151232,1068.0,1082.0,534.0,2045.3333333333335,1440.0000000000002,204.0,151,0,0,0,47,34.0,2048.0,49099.96189999999,24348.2772,26440.119300000002,223,545,0,57,0.44634890296100704,0.6288180847134657,0.515933678630494,1,11341.382300000007,7991.440699999999,47,0,414.0,0,0,0,0.0,0,0.0,268789.2804684962,0.0,0,0,0,1.5,0,0.0,0,0,0.0,0,0.0,0,0,5196.9351,166.0,9783.5028,4,2570.4003,2570.3702999999964,5.303931649486682,5120.0,51.015625,1.5141247272308707,0,0,0.0,0,0.0,2612.0,338,7.463737964288424,0,0,6,0.0,0.0,0.0,0.0,0.0,0.0,0.0,0.0,0,0,0,0,151,0.0,6,6,30275.879299999997,3072,720.0,120.0,4048.3517000000006,0.0,0.0,0.0,1274.343,1296.0573,37954.32969999998,30296.02,0.6322690634429664,455,239638.69887153662,57,29150.581596959448,4,3097.147500000001,4,0.0,2,592.3995,1864.1760000000002,59.62460301666304,0,0,534,534,9 co-ops (side rung),sumsy,2,1.6007106751203537e-10
71,512,4,4,112690.63399999987,0.0,6459.723200000001,664.0544,0.0,,0.0,0.0,0.0,0.0,0.0,0.0,0.0025,1987.3856,0.0,0.0,1.0,828.6887999999994,0.0,0.0,0.0,1.0,0.0,0.0,1.0,0.0,0,0,201.2824839666992,7.658329768330469,208.94081373502968,25.385898822091143,2.3619633441064014,27.747862166197542,0.0,0.0,0.0,0.0,0,0,0.0,0.0,0.0,1.0,1.0,0.0,0.0,0.0,0.0,0.5,0.25,0.0,-2815.860011463495,0.0,223,2560.0,1997.8056999999967,664.0544,983.2356000000001,0.0,0.0,0.0,0.0,0.0,0,593.2411,2560.0,1997.8056999999967,983.2356000000001,274.0,0.0,0.0,0.015,7.422312593984962,8.022765794392571,12.756090101522828,NaN,6.667095668656888,16.530873977474343,1070.0,1064.0,535.0,2048.0,1434.0,204.0,153,0,0,1,43,32.0,2048.0,49544.920700000046,24364.7681,26585.2009,223,545,0,57,0.450003157244526,0.6295862321160413,0.5366074600957429,0,11415.1447,7897.3405999999995,43,0,394.0,0,0,0,0.0,0,0.0,268830.9227431985,0.0,0,0,0,1.5,0,0.0,0,0,0.0,0,0.0,0,0,5025.899499999994,158.0,9615.117600000001,4,2579.8431,2579.813599999996,5.303931649486682,5120.0,51.015625,1.5093450840121514,0,0,0.0,0,0.0,2612.0,338,7.475228461371528,0,0,6,0.0,0.0,0.0,0.0,0.0,0.0,0.0,0.0,0,0,0,0,153,0.0,6,6,30211.9013,3072,720.0,120.0,4116.523399999996,0.0,0.0,0.0,1275.8851,1303.958,37792.838800000034,30353.185299999997,0.6329690344019037,455,239614.24202069436,57,29216.680722504145,4,3064.4892999999993,4,0.0,2,593.2411,1987.3856,58.874616473725304,0,0,535,535,9 co-ops (side rung),sumsy,2,1.6007106751203537e-10
72,512,4,4,113241.76000000004,0.0,6460.946600000003,584.4919000000002,0.0,,0.0,0.0,0.0,0.0,0.0,0.0,0.0025,2108.3816,0.0,0.0,1.0,832.7841000000005,0.0,0.0,0.0,1.0,0.0,0.0,1.0,0.0,0,0,200.89030135917187,7.460809535697928,208.3511108948698,25.510517628691158,2.3045747929918807,27.81509242168304,0.0,0.0,0.0,0.0,0,0,0.0,0.0,0.0,1.0,1.0,0.0,0.0,0.0,0.0,0.5,0.25,0.0,-2880.4580114635005,0.0,223,2560.0,2008.8740000000003,584.4919000000002,987.551,0.0,0.0,0.0,0.0,0.0,0,593.9999,2560.0,2008.8740000000003,987.551,274.0,0.0,0.0,0.015,7.387627793427226,8.068319699812367,12.958603274559199,NaN,6.6441540692139025,16.183073285386403,1066.0,1065.0,533.0,2046.6666666666665,1431.0,204.0,154,0,0,2,49,26.0,2048.0,49716.891399999964,24525.8914,26672.724499999997,223,545,0,57,0.4566820330485559,0.6294761039857935,0.5351997686751262,0,11359.001600000009,7867.823599999996,49,0,397.0,0,0,0,0.0,0,0.0,269422.79136113165,0.0,0,0,0,1.5,0,0.0,0,0,0.0,0,0.0,0,0,5144.5655000000015,159.0,9623.8712,4,2612.6552999999994,2612.5751000000023,5.303931649486682,5120.0,51.015625,1.4921423656032822,0,0,0.0,0,0.0,2612.0,338,7.435353407118057,0,0,6,0.0,0.0,0.0,0.0,0.0,0.0,0.0,0.0,0,0,0,0,154,0.0,6,6,30800.6881,3072,720.0,120.0,4106.377199999997,0.0,0.0,0.0,1346.0694,1266.5859,38059.538799999966,30021.799,0.632723489883263,455,240647.82046323403,57,28774.970897897987,4,2873.9948000000004,4,0.0,2,593.9999,2108.3816,58.15005320342953,0,0,533,533,9 co-ops (side rung),sumsy,2,1.6007106751203537e-10
73,512,4,4,113781.74169999985,0.0,6460.4443,582.6349000000001,0.0,,0.0,0.0,0.0,0.0,0.0,0.0,0.0025,2235.0453,0.0,0.0,1.0,828.8927999999994,0.0,0.0,0.0,1.0,0.0,0.0,1.0,0.0,0,0,201.9424572762207,7.648146092000242,209.59060336822094,25.61342852694061,2.438356545826802,28.051785072767412,0.0,0.0,0.0,0.0,0,0,0.0,0.0,0.0,1.0,1.0,0.0,0.0,0.0,0.0,0.5,0.25,0.0,-2945.068811463503,0.0,223,2560.0,2020.018300000001,582.6349000000001,991.8581000000005,0.0,0.0,0.0,0.0,0.0,0,594.5547,2560.0,2020.018300000001,991.8581000000005,274.0,0.0,0.0,0.015,7.393345986779983,8.127349999999991,13.184653124999992,NaN,6.634930683255965,16.677389854808006,1072.0,1059.0,536.0,2045.3333333333335,1432.0,204.0,154,0,0,1,41,21.0,2048.0,50032.883300000016,24683.3474,26674.618499999997,223,545,0,57,0.4516528837038043,0.6294442383693948,0.5241668945427884,1,11345.831100000003,7829.5534000000025,41,0,384.0,0,0,0,0.0,0,0.0,269682.7893665934,0.0,0,0,0,1.5,0,0.0,0,0,0.0,0,0.0,0,0,5062.906799999997,154.0,9561.2925,4,2616.0778999999998,2616.0718999999976,5.303931649486682,5120.0,51.015625,1.484516294947239,0,0,0.0,0,0.0,2612.0,338,7.392930013020833,0,0,6,0.0,0.0,0.0,0.0,0.0,0.0,0.0,0.0,0,0,0,0,154,0.0,6,6,30941.3318,3072,720.0,120.0,4035.026500000001,0.0,0.0,0.0,1361.0020000000002,1255.0758999999998,38484.484,29977.926599999995,0.6326002813647567,455,241187.19333096343,57,28495.596035629478,4,2723.4315000000006,4,0.0,2,594.5547,2235.0453,57.45005139992345,0,0,536,536,9 co-ops (side rung),sumsy,2,1.6007106751203537e-10
74,512,4,4,114310.61299999998,0.0,6568.350599999998,698.9080000000001,0.0,,0.0,0.0,0.0,0.0,0.0,0.0,0.0025,2362.7895,0.0,0.0,1.0,829.5354,0.0,0.0,0.0,1.0,0.0,0.0,1.0,0.0,0,0,212.85353687220365,7.544107475703314,220.39764434790695,25.319051108480394,2.4532472732623245,27.77229838174272,0.0,0.0,0.0,0.0,0,0,0.0,0.0,0.0,1.0,1.0,0.0,0.0,0.0,0.0,0.5,0.25,0.0,-3009.6749114634986,0.0,223,2560.0,2031.1286999999998,698.9080000000001,996.1359999999999,0.0,0.0,0.0,0.0,0.0,0,594.7743,2560.0,2031.1286999999998,996.1359999999999,274.0,0.0,0.0,0.015,7.3607070046082885,8.031783677298305,13.368115721649474,NaN,6.610330102509362,16.36575046853084,1066.0,1085.0,533.0,2046.6666666666665,1428.0,204.0,154,0,0,1,47,36.0,2048.0,50195.00539999993,24627.4267,26896.7009,223,545,0,57,0.4511424983611272,0.6395566406780682,0.5330443412068488,0,11280.534799999998,7986.367099999993,47,0,388.0,0,0,0,0.0,0,0.0,278951.7665730158,0.0,0,0,0,1.5,0,0.0,0,0,0.0,0,0.0,0,0,5186.828899999996,156.0,9633.9162,4,2657.177,2657.1533000000013,5.623927107791137,5120.0,51.015625,1.498781450004642,3,0,0.0,0,64.64769178458641,2612.0,338,7.458374647352429,0,0,6,0.0,0.0,0.0,0.0,0.0,0.0,0.0,0.0,0,0,0,0,154,0.0,6,6,30557.945399999997,3072,720.0,120.0,4093.3067000000015,0.0,0.0,0.0,1322.4174,1334.7596000000003,38101.97589999998,30600.0984,0.642497358796084,455,249890.43605417782,57,29061.33051883773,4,2728.0191000000013,4,0.0,2,594.7743,2362.7895,56.77377847111249,0,0,533,533,9 co-ops (side rung),sumsy,2,1.6007106751203537e-10
75,512,4,4,114828.40809999988,0.0,6602.308800000003,637.5554,0.0,,0.0,0.0,0.0,0.0,0.0,0.0,0.0025,2495.7086,0.0,0.0,1.0,825.873599999999,0.0,0.0,0.0,1.0,0.0,0.0,1.0,0.0,0,0,214.209896404554,7.631758831045938,221.84165523559994,25.65681062539787,2.2379771545496667,27.89478777994754,0.0,0.0,0.0,0.0,0,0,0.0,0.0,0.0,1.0,1.0,0.0,0.0,0.0,0.0,0.5,0.25,0.0,-3075.3580114635,0.0,223,2560.0,2042.2048999999993,637.5554,1000.332499999999,0.0,0.0,0.0,0.0,0.0,0,595.4042,2560.0,2042.2048999999993,1000.332499999999,274.0,0.0,0.0,0.015,7.349748661126496,7.957453745318344,13.480552061855668,NaN,6.607465146328945,16.43635275320635,1068.0,1083.0,534.0,2046.6666666666665,1430.0,204.0,154,0,0,3,62,36.0,2048.0,50226.549599999984,24708.815,27082.7441,223,545,0,57,0.4530767586670308,0.6400164632461276,0.5244023626049454,0,11288.551499999981,7959.777799999995,62,0,388.0,0,0,0,0.0,0,0.0,279024.71115533164,0.0,0,0,0,1.5,0,0.0,0,0,0.0,0,0.0,0,0,5230.454199999999,156.0,9719.1866,4,2719.4521000000004,2719.529699999994,5.623927107791137,5120.0,51.015625,1.4983859594125881,0,0,0.0,0,0.0,2612.0,338,7.503358289930554,0,0,6,0.0,0.0,0.0,0.0,0.0,0.0,0.0,0.0,0,0,0,0,154,0.0,6,6,30745.086000000003,3072,720.0,120.0,4149.339600000001,0.0,0.0,0.0,1351.0934000000002,1368.3587,38023.76369999997,30765.659699999993,0.6428253284874208,455,249901.47316563906,57,29123.237989692687,4,2549.6985000000004,4,0.0,2,595.4042,2495.7086,56.12043004836291,0,0,534,534,9 co-ops (side rung),sumsy,2,1.6007106751203537e-10
76,512,4,4,115336.19450000004,0.0,6538.958900000002,547.6882000000002,0.0,,0.0,0.0,0.0,0.0,0.0,0.0,0.0025,2630.7011,0.0,0.0,1.0,824.6393999999999,0.0,0.0,0.0,1.0,0.0,0.0,1.0,0.0,0,0,214.4886338877838,7.839414228373409,222.32804811615722,25.179779542560198,2.377669141349503,27.5574486839097,0.0,0.0,0.0,0.0,0,0,0.0,0.0,0.0,1.0,1.0,0.0,0.0,0.0,0.0,0.5,0.25,0.0,-3141.3805114635006,0.0,223,2560.0,2052.213600000001,547.6882000000002,1003.9494000000002,0.0,0.0,0.0,0.0,0.0,0,595.8329,2560.0,2052.213600000001,1003.9494000000002,274.0,0.0,0.0,0.015,7.418377223230497,8.017621072088756,13.676137677725128,NaN,6.676222603371143,15.94326217061016,1082.0,1102.0,541.0,2044.0,1457.0000000000002,204.0,147,0,0,1,63,52.0,2048.0,49757.32180000006,24912.644999999997,27337.464999999997,223,545,0,57,0.4453313889129231,0.6395292381816149,0.5263778526255272,1,11577.258200000011,8175.051700000007,63,0,422.0,0,0,0,0.0,0,0.0,279145.1185501119,0.0,0,0,0,1.5,0,0.0,0,0,0.0,0,0.0,0,0,5771.330100000004,169.0,10102.2287,4,2751.8684999999996,2751.8693999999937,5.623927107791137,5120.0,51.015625,1.4988222329459189,0,0,0.0,0,0.0,2612.0,338,7.654190212673612,0,0,6,0.0,0.0,0.0,0.0,0.0,0.0,0.0,0.0,0,0,0,0,147,0.0,6,6,31401.589999999997,3072,720.0,120.0,4151.743800000002,0.0,0.0,0.0,1396.9406,1354.9279,37964.375600000036,30950.7487,0.6422401606788997,455,250159.02685445934,57,28986.091695652405,4,2303.4915999999994,4,0.0,2,595.8329,2630.7011,55.48922902977434,0,0,541,541,9 co-ops (side rung),sumsy,2,1.6007106751203537e-10
77,512,4,4,115834.01039999991,0.0,6460.909900000001,535.2289000000001,0.0,,0.0,0.0,0.0,0.0,0.0,0.0,0.0025,2759.0612,0.0,0.0,1.0,832.3403999999991,0.0,0.0,0.0,1.0,0.0,0.0,1.0,0.0,0,0,212.92488155042517,7.653122248065094,220.57800379849024,24.912923428421866,2.3600677105221965,27.27299113894406,0.0,0.0,0.0,0.0,0,0,0.0,0.0,0.0,1.0,1.0,0.0,0.0,0.0,0.0,0.5,0.25,0.0,-3206.7689114635077,0.0,223,2560.0,2062.1841,535.2289000000001,1007.629,0.0,0.0,0.0,0.0,0.0,0,595.6949,2560.0,2062.1841,1007.629,274.0,0.0,0.0,0.015,7.522008727948005,8.140273296500926,13.833322380952389,NaN,6.690884605785272,15.897262631989337,1086.0,1077.0,543.0,2046.6666666666667,1459.9999999999998,204.0,146,0,0,2,59,48.0,2048.0,49412.80380000004,25140.320200000002,27426.1103,223,545,0,57,0.442644239819288,0.6398868951144014,0.5112277856371374,0,11626.056200000003,8101.203400000001,59,0,420.0,0,0,0,0.0,0,0.0,279137.9784806618,0.0,0,0,0,1.5,0,0.0,0,0,0.0,0,0.0,0,0,5809.995400000003,168.0,10500.02,4,2783.5926999999997,2783.594900000008,5.623927107791137,5120.0,51.015625,1.503571950078137,0,0,0.0,0,0.0,2612.0,338,7.724978244357637,0,0,6,0.0,0.0,0.0,0.0,0.0,0.0,0.0,0.0,0,0,0,0,146,0.0,6,6,31803.9237,3072,720.0,120.0,4048.205900000001,0.0,0.0,0.0,1419.0593999999999,1364.5333,37821.75180000001,31262.5268,0.6425138297533572,455,250140.79193101623,57,28997.18654964566,4,2065.9843999999994,4,0.0,2,595.6949,2759.0612,54.87942465588369,0,0,543,543,9 co-ops (side rung),sumsy,2,1.6007106751203537e-10
78,512,4,4,116321.03169999998,0.0,6424.6996,575.1159999999999,0.0,,0.0,0.0,0.0,0.0,0.0,0.0,0.0025,2877.6445,0.0,0.0,1.0,843.9684000000007,0.0,0.0,0.0,1.0,0.0,0.0,1.0,0.0,0,0,214.48266474764444,7.690469314005841,222.17313406165027,24.153724104887484,2.319533727254281,26.473257832141766,0.0,0.0,0.0,0.0,0,0,0.0,0.0,0.0,1.0,1.0,0.0,0.0,0.0,0.0,0.5,0.25,0.0,-3271.379311463519,0.0,223,2560.0,2072.9787,575.1159999999999,1011.842900000001,0.0,0.0,0.0,0.0,0.0,0,595.3273,2560.0,2072.9787,1011.842900000001,274.0,0.0,0.0,0.015,7.654843056849958,8.036662546125434,14.101268369829679,NaN,7.022150753225081,19.490060894996496,1084.0,1073.0,542.0,2045.3333333333335,1455.0,204.0,147,0,0,1,57,41.0,2048.0,49495.40799999998,25066.9002,27636.0942,223,545,0,57,0.43571456898145433,0.6432002433523825,0.516101006108812,0,12072.055799999987,8213.646600000005,57,0,411.0,0,0,0,0.0,0,0.0,283456.711357765,0.0,0,0,0,1.5,0,0.0,0,0,0.0,0,0.0,0,0,5795.621299999998,165.0,10649.657500000001,4,2804.4052,2804.390600000013,5.76845426158468,5120.0,51.015625,1.5104785032468333,5,0,0.0,0,155.5840438633952,2612.0,338,7.697142388237847,0,0,6,0.0,0.0,0.0,0.0,0.0,0.0,0.0,0.0,0,0,0,0,147,0.0,6,6,31717.711600000002,3072,720.0,120.0,4015.1255,0.0,0.0,0.0,1398.2909,1406.1143,37838.35839999998,31634.940300000002,0.6457845278289083,455,254518.9378689498,57,28937.77348881532,4,1891.3077999999987,4,0.0,2,595.3273,2877.6445,54.29029161670119,0,0,542,542,9 co-ops (side rung),sumsy,2,1.6007106751203537e-10
79,512,4,4,116798.76190000007,0.0,6436.502199999999,615.9954999999998,0.0,,0.0,0.0,0.0,0.0,0.0,0.0,0.0025,2982.9118,0.0,0.0,1.0,858.8756999999989,0.0,0.0,0.0,1.0,0.0,0.0,1.0,0.0,0,0,266.1166909914612,7.385642715840469,273.50233370730166,24.087173054027357,2.2461375451415577,26.333310599168914,0.0,0.0,0.0,0.0,0,0,0.0,0.0,0.0,1.0,1.0,0.0,0.0,0.0,0.0,0.5,0.25,0.0,-3335.6259114635254,0.0,223,2560.0,2082.2698000000005,615.9954999999998,1015.4708999999998,0.0,0.0,0.0,0.0,0.0,0,594.9403,2560.0,2082.2698000000005,1015.4708999999998,274.0,0.0,0.0,0.015,7.901475263662505,8.322402222222207,14.392923284313722,NaN,7.460136683433459,24.798138090325125,1080.0,1043.0,540.0,2046.6666666666665,1449.9999999999998,204.0,149,0,0,2,38,24.0,2048.0,49907.144800000046,24848.7546,27676.060699999998,223,545,0,57,0.4409822204157754,0.6853919257853502,0.5294072187212107,0,12663.963900000002,8241.238699999993,38,0,408.0,0,0,0,0.0,0,0.0,333864.82597615005,0.0,0,0,0,1.5,0,0.0,0,0,0.0,0,0.0,0,0,5872.312699999999,164.0,10788.9497,4,2700.5858,2700.5599000000134,7.407353658802027,5120.0,51.015625,1.513651401022541,1,0,0.0,0,12.581563186520858,2612.0,338,7.721836724175346,0,0,6,0.0,0.0,0.0,0.0,0.0,0.0,0.0,0.0,0,0,0,0,149,0.0,6,6,31426.541100000002,3072,720.0,120.0,3975.007299999999,0.0,0.0,0.0,1323.9062,1376.6796,38574.843400000005,31887.2239,0.6875430816095274,455,300125.4987928093,57,33739.32718334082,4,1668.4444000000021,4,0.0,2,594.9403,2982.9118,53.7211291890164,0,0,540,540,9 co-ops (side rung),sumsy,2,1.6007106751203537e-10
80,512,4,4,117266.96649999995,0.0,6532.173900000006,708.7125999999998,0.0,,0.0,0.0,0.0,0.0,0.0,0.0,0.0025,3062.8751,0.0,0.0,1.0,886.5431999999995,0.0,0.0,0.0,1.0,0.0,0.0,1.0,0.0,0,0,257.94795845161224,7.250381403038983,265.19833985465124,23.326961443665176,2.3380135058209315,25.66497494948611,0.0,0.0,0.0,0.0,0,0,0.0,0.0,0.0,1.0,1.0,0.0,0.0,0.0,0.0,0.5,0.25,0.0,-3399.989111463529,0.0,223,2560.0,2091.7954000000013,708.7125999999998,1019.4345000000009,0.0,0.0,0.0,0.0,0.0,0,595.3368,2560.0,2091.7954000000013,1019.4345000000009,274.0,0.0,0.0,0.015,8.19106084905659,8.84948301886794,14.603503526448373,NaN,7.730208485087371,25.32223602616101,1060.0,1060.0,530.0,2045.3333333333335,1425.0,204.0,155,0,0,2,41,21.0,2048.0,50039.95709999997,24798.477600000002,27959.1712,223,545,0,57,0.4352567181031246,0.6844852108331136,0.5277312903464204,0,12859.649500000021,8682.524499999987,41,0,397.0,0,0,0,0.0,0,0.0,334623.5926582606,0.0,0,0,0,1.5,0,0.0,0,0,0.0,0,0.0,0,0,5797.590900000004,159.0,10811.1487,4,2592.1812999999997,2592.1567999999925,7.407353658802027,5120.0,51.015625,1.494919320625061,0,0,0.0,0,0.0,2612.0,338,7.678487250434029,0,0,6,0.0,0.0,0.0,0.0,0.0,0.0,0.0,0.0,0,0,0,0,155,0.0,6,6,32107.4588,3072,720.0,120.0,3999.799299999999,0.0,0.0,0.0,1323.7495,1268.4318,38526.49139999996,31461.3387,0.6867948309320127,455,300713.88055343163,57,33909.7121048288,4,1450.6727999999985,4,0.0,2,595.3368,3062.8751,53.17126040294805,0,0,530,530,9 co-ops (side rung),sumsy,2,1.6007106751203537e-10
81,512,4,4,117726.28340000006,0.0,6776.3552,870.5982,0.0,,0.0,0.0,0.0,0.0,0.0,0.0,0.0025,3113.2001,0.0,0.0,1.0,919.0353000000006,0.0,0.0,0.0,1.0,0.0,0.0,1.0,0.0,0,0,257.09347699497016,7.148876844865917,264.242353839836,22.192842404528903,2.3823122627797164,24.575154667308617,0.0,0.0,0.0,0.0,0,0,0.0,0.0,0.0,1.0,1.0,0.0,0.0,0.0,0.0,0.5,0.25,0.0,-3465.310711463537,0.0,223,2560.0,2100.683100000002,870.5982,1023.3470000000008,0.0,0.0,0.0,0.0,0.0,0,596.6972000000001,2560.0,2100.683100000002,1023.3470000000008,274.0,0.0,0.0,0.015,8.381749537037036,9.026702259887012,14.888069496021208,NaN,7.909708593326911,26.054376441452693,1062.0,1080.0,531.0,2045.3333333333333,1419.0,204.0,156,0,0,1,46,32.0,2048.0,50063.044200000004,24779.9185,28506.489199999996,223,545,0,57,0.4260294140158387,0.6895320967470084,0.539255535810202,0,13068.107100000008,9052.289499999999,46,0,377.0,0,0,0,0.0,0,0.0,342061.9406403176,0.0,0,0,0,1.5,0,0.0,0,0,0.0,0,0.0,0,0,5612.8021999999955,151.0,10666.9342,4,2447.4159,2447.445300000016,7.645786463114966,5120.0,51.015625,1.4978017283982759,8,0,0.0,0,142.95366444339396,2612.0,337,7.76608718532986,0,0,6,0.0,0.0,0.0,0.0,0.0,0.0,0.0,0.0,0,0,0,0,156,0.0,6,6,32258.9613,3072,720.0,120.0,4116.370200000001,0.0,0.0,0.0,1250.5298,1196.8861,37919.10409999998,31694.3806,0.6919867546480598,455,308826.4145387144,57,33235.52610160332,4,1248.0805,4,0.0,2,596.6972000000001,3113.2001,52.640031236746424,0,0,531,531,9 co-ops (side rung),sumsy,2,1.6007106751203537e-10
82,512,4,4,118176.4086,0.0,6981.548699999998,840.0935,0.0,,0.0,0.0,0.0,0.0,0.0,0.0,0.0025,3145.6584,0.0,0.0,1.0,940.4297999999998,0.0,0.0,0.0,1.0,0.0,0.0,1.0,0.0,0,0,253.512451513815,6.942732892811393,260.45518440662636,21.116688390073616,2.3336009668506255,23.450289356924245,0.0,0.0,0.0,0.0,0,0,0.0,0.0,0.0,1.0,1.0,0.0,0.0,0.0,0.0,0.5,0.25,0.0,-3533.0739114635417,0.0,223,2560.0,2109.874799999998,840.0935,1027.5874999999985,0.0,0.0,0.0,0.0,0.0,0,598.9755,2560.0,2109.874799999998,1027.5874999999985,274.0,0.0,0.0,0.015,8.71731545623836,9.416100749063713,15.324356586826331,NaN,8.10913809047503,28.330707441541715,1068.0,1074.0,534.0,2046.6666666666665,1408.0,204.0,159,0,0,1,52,31.0,2048.0,50410.51019999994,24900.608500000002,29033.877200000003,223,545,0,57,0.41991484682772895,0.6905634144119501,0.535669299547066,0,13254.864599999995,9362.396799999999,52,0,334.0,0,0,0,0.0,0,0.0,344080.5735137759,0.0,0,0,0,1.5,0,0.0,0,0,0.0,0,0.0,0,0,5118.335099999995,134.0,10086.7788,4,2371.9993999999997,2372.021200000008,7.717645381955923,5120.0,51.015625,1.5100489608130936,7,0,0.0,0,133.85131434468673,2612.0,337,7.7223828125,0,0,6,0.0,0.0,0.0,0.0,0.0,0.0,0.0,0.0,0,0,0,0,159,0.0,6,6,31811.0527,3072,720.0,120.0,4276.347300000005,0.0,0.0,0.0,1151.8736999999999,1220.1257,37864.556399999965,32210.2118,0.6931667818395288,455,311229.63576071966,57,32850.937753056365,4,1081.9532,4,0.0,2,598.9755,3145.6584,52.126809838890594,0,0,534,534,9 co-ops (side rung),sumsy,2,1.6007106751203537e-10
83,512,4,4,118617.11389999994,0.0,7258.9457000000075,926.6116,0.0,,0.0,0.0,0.0,0.0,0.0,0.0,0.0025,3145.1394,0.0,0.0,1.0,978.083099999999,0.0,0.0,0.0,1.0,0.0,0.0,1.0,0.0,0,0,243.92634630485665,6.694652342415491,250.62099864727216,20.310808459168214,2.1963763934516276,22.507184852619844,0.0,0.0,0.0,0.0,0,0,0.0,0.0,0.0,1.0,1.0,0.0,0.0,0.0,0.0,0.5,0.25,0.0,-3602.8912114635427,0.0,223,2560.0,2119.2947,926.6116,1032.2863999999988,0.0,0.0,0.0,0.0,0.0,0,601.2569,2560.0,2119.2947,1032.2863999999988,274.0,0.0,0.0,0.015,8.789444990723556,9.451785873605944,15.67261437125748,NaN,8.127313484597448,27.480786218295464,1076.0,1078.0,538.0,2046.6666666666665,1416.0,204.0,157,0,0,1,50,36.0,2048.0,50531.33660000001,24935.5775,29611.449,223,545,0,57,0.41492543056347997,0.6903747315459248,0.5270961713473761,0,13342.686199999996,9475.021699999994,50,0,334.0,0,0,0,0.0,0,0.0,344138.2930788571,0.0,0,0,0,1.5,0,0.0,0,0,0.0,0,0.0,0,0,5234.653199999998,134.0,9792.3545,4,2225.4283000000005,2225.4292999999966,7.717645381955923,5120.0,51.015625,1.5133228428132501,0,0,0.0,0,0.0,2612.0,337,7.748400553385416,0,0,6,0.0,0.0,0.0,0.0,0.0,0.0,0.0,0.0,0,0,0,0,157,0.0,6,6,31893.7314,3072,720.0,120.0,4560.867399999998,30.166730013191227,30.166730013191227,0.0,1069.512,1155.9163,37750.50789999998,32445.649599999997,0.6930018805419662,455,311427.4720986041,57,32710.820980253266,4,981.8099999999995,4,0.0,2,601.2569,3145.1394,51.63098577655533,0,0,538,538,9 co-ops (side rung),sumsy,2,1.6007106751203537e-10
84,512,4,4,119049.04060000008,0.0,7615.9313,1020.6514999999999,0.0,,0.0,0.0,0.0,0.0,0.0,0.0,0.0025,3140.9938,0.0,0.0,1.0,986.1768000000008,0.0,0.0,0.0,1.0,0.0,0.0,1.0,0.0,0,0,236.93770128660208,6.72334266547926,243.66104395208134,20.121094240540142,2.2455140876187287,22.366608328158872,0.0,0.0,0.0,0.0,0,0,0.0,0.0,0.0,1.0,1.0,0.0,0.0,0.0,0.0,0.5,0.25,0.0,-3675.480711463545,0.0,223,2560.0,2128.0732999999996,1020.6514999999999,1036.7013,0.0,0.0,0.0,0.0,0.0,0,604.0654,2560.0,2128.0732999999996,1036.7013,274.0,0.0,0.0,0.015,8.836844007319305,9.492945522388016,16.07274325153375,NaN,8.0221149003733,26.6563626317466,1072.0,1093.0,536.0,2046.6666666666667,1409.0,204.0,159,0,0,2,63,44.0,2048.0,50452.79089999997,24856.0394,30270.6647,223,545,0,57,0.4123353310255444,0.6862406418180891,0.5237218287529812,0,13139.350699999977,9658.6705,63,0,326.0,0,0,0,0.0,0,0.0,339243.88885956333,0.0,0,0,0,1.5,0,0.0,0,0,0.0,0,0.0,0,0,5239.714300000002,131.0,9724.4864,4,2297.9882,2297.9781000000035,7.545943121159671,5120.0,51.015625,1.5023562614647963,3,0,0.0,0,57.850623817037466,2612.0,337,7.812856363932291,0,0,6,0.0,0.0,0.0,0.0,0.0,0.0,0.0,0.0,0,0,0,0,159,0.0,6,6,32612.141800000005,3072,720.0,120.0,4953.842399999998,0.0,0.0,0.0,1169.0075,1128.9807,37874.15029999999,32239.048700000003,0.6888625299522173,455,307032.6749821031,57,32211.213877460366,4,1003.7932999999994,4,0.0,2,604.0654,3140.9938,51.15196930955346,0,0,536,536,9 co-ops (side rung),sumsy,2,1.6007106751203537e-10
85,512,4,4,119472.24670000003,0.0,7882.913000000002,951.2355,0.0,,0.0,0.0,0.0,0.0,0.0,0.0,0.0025,3136.0581,0.0,0.0,1.0,991.4961000000002,0.0,0.0,0.0,1.0,0.0,0.0,1.0,0.0,0,0,236.1649016957527,6.551675762439521,242.71657745819223,20.00343351339191,2.1621642101310954,22.165597723523007,0.0,0.0,0.0,0.0,0,0,0.0,0.0,0.0,1.0,1.0,0.0,0.0,0.0,0.0,0.5,0.25,0.0,-3751.640511463547,0.0,223,2560.0,2136.7939000000006,951.2355,1041.1180000000004,0.0,0.0,0.0,0.0,0.0,0,607.17,2560.0,2136.7939000000006,1041.1180000000004,274.0,0.0,0.0,0.015,8.871709869646178,9.33333671586717,16.348144407894736,NaN,7.974903751856352,27.48678434246827,1084.0,1074.0,542.0,2045.3333333333333,1412.0000000000002,204.0,158,0,0,0,52,42.0,2048.0,50739.682100000005,24743.3966,30752.6406,223,545,0,57,0.4123729527177913,0.6868790329810464,0.5290050976188929,0,13090.8353,9528.216399999996,52,0,304.0,0,0,0,0.0,0,0.0,339435.0961637149,0.0,0,0,0,1.5,0,0.0,0,0,0.0,0,0.0,0,0,4969.8359,122.0,9493.2993,4,2321.2670999999996,2321.3072999999995,7.545943121159671,5120.0,51.015625,1.4978552072714273,0,0,0.0,0,0.0,2612.0,337,7.853496988932291,0,0,6,0.0,0.0,0.0,0.0,0.0,0.0,0.0,0.0,0,0,0,0,158,0.0,6,6,32762.6844,3072,720.0,120.0,5185.823599999997,0.0,0.0,0.0,1179.8122,1141.4549,38346.45100000005,32226.6521,0.6896774986350578,455,307314.2542286549,57,32120.841935060107,4,1020.481600000001,4,0.0,2,607.17,3136.0581,50.689190688890626,0,0,542,542,9 co-ops (side rung),sumsy,2,1.6007106751203537e-10
86,512,4,4,119886.81580000011,0.0,8184.441199999993,1001.6641,0.0,,0.0,0.0,0.0,0.0,0.0,0.0,0.0025,3131.7593,0.0,0.0,1.0,995.4077999999994,0.0,0.0,0.0,1.0,0.0,0.0,1.0,0.0,0,0,235.03698417397985,6.428179886567981,241.4651640605478,19.979930108368638,2.26628837468716,22.2462184830558,0.0,0.0,0.0,0.0,0,0,0.0,0.0,0.0,1.0,1.0,0.0,0.0,0.0,0.0,0.5,0.25,0.0,-3830.4680114635507,0.0,223,2560.0,2145.4308999999967,1001.6641,1045.512299999998,0.0,0.0,0.0,0.0,0.0,0,609.7515,2560.0,2145.4308999999967,1045.512299999998,274.0,0.0,0.0,0.015,8.792859154929577,9.418410966542755,16.643854545454545,NaN,7.956566818900587,26.669650046442996,1076.0,1065.0,538.0,2048.0,1406.0,204.0,160,0,0,1,46,38.0,2048.0,51068.77210000002,24626.2451,30976.700699999998,223,545,0,57,0.4072769053007723,0.6880273581715408,0.5224675884557131,0,13010.263699999994,9364.394999999999,46,0,308.0,0,0,0,0.0,0,0.0,339064.200023657,0.0,0,0,0,1.5,0,0.0,0,0,0.0,0,0.0,0,0,5126.3072,124.0,9473.587099999999,4,2410.4172000000003,2410.437200000002,7.545943121159671,5120.0,51.015625,1.510754988877428,0,0,0.0,0,0.0,2612.0,337,7.843146782769097,0,0,6,0.0,0.0,0.0,0.0,0.0,0.0,0.0,0.0,0,0,0,0,160,0.0,6,6,32331.9907,3072,720.0,120.0,5369.451699999996,0.0,0.0,0.0,1172.8187,1237.5985,38507.385900000016,32744.542199999996,0.6910986415878342,455,307162.3179049737,57,31901.882118683334,4,1068.0168000000012,4,0.0,2,609.7515,3131.7593,50.242099479097725,0,0,538,538,9 co-ops (side rung),sumsy,2,1.6007106751203537e-10
87,512,4,4,120293.21319999987,0.0,8494.891500000007,1032.2245,0.0,,0.0,0.0,0.0,0.0,0.0,0.0,0.0025,3140.1917,0.0,0.0,1.0,986.5591999999991,0.0,0.0,0.0,1.0,0.0,0.0,1.0,0.0,0,0,237.479083257882,6.330677379357634,243.80976063723963,20.4103297618894,2.306483472142904,22.716813234032305,0.0,0.0,0.0,0.0,0,0,0.0,0.0,0.0,1.0,1.0,0.0,0.0,0.0,0.0,0.5,0.25,0.0,-3912.312111463558,0.0,223,2560.0,2153.602599999998,1032.2245,1049.5315999999984,0.0,0.0,0.0,0.0,0.0,0,612.4099,2560.0,2153.602599999998,1049.5315999999984,274.0,0.0,0.0,0.015,8.728216543438073,9.2648970093458,16.80091875,NaN,7.8918271319859254,26.532202890643116,1070.0,1082.0,535.0,2046.6666666666667,1398.0000000000002,204.0,162,0,0,1,59,38.0,2048.0,51231.704399999995,24444.0003,31378.3914,223,545,0,57,0.412348464925242,0.6890363342767054,0.5351474380098258,0,12852.914500000012,9443.930299999995,59,0,304.0,0,0,0,0.0,0,0.0,339041.7469781781,0.0,0,0,0,1.5,0,0.0,0,0,0.0,0,0.0,0,0,5107.4793,122.0,9486.5155,4,2462.2914,2462.282199999989,7.545943121159671,5120.0,51.015625,1.5119287233646335,0,0,0.0,0,0.0,2612.0,337,7.872779513888889,0,0,6,0.0,0.0,0.0,0.0,0.0,0.0,0.0,0.0,0,0,0,0,162,0.0,6,6,32410.8214,3072,720.0,120.0,5551.650399999999,0.0,0.0,0.0,1196.1973,1266.0941,38637.2568,32898.0858,0.6924553131488367,455,307419.08325454756,57,31622.663723631056,4,1117.9928,4,0.0,2,612.4099,3140.1917,49.8101639035351,0,0,535,535,9 co-ops (side rung),sumsy,2,1.6007106751203537e-10
88,512,4,4,120691.5062000001,0.0,8505.492699999995,746.0178000000001,0.0,,0.0,0.0,0.0,0.0,0.0,0.0,0.0025,3159.4452,0.0,0.0,1.0,979.3070999999991,0.0,0.0,0.0,1.0,0.0,0.0,1.0,0.0,0,0,239.15298292143137,6.523361909639471,245.67634483107088,20.53406610597203,2.3797455311006472,22.91381163707268,0.0,0.0,0.0,0.0,0,0,0.0,0.0,0.0,1.0,1.0,0.0,0.0,0.0,0.0,0.5,0.25,0.0,-3997.262211463565,0.0,223,2560.0,2161.7070000000003,746.0178000000001,1053.4233999999997,0.0,0.0,0.0,0.0,0.0,0,615.1995999999999,2560.0,2161.7070000000003,1053.4233999999997,274.0,0.0,0.0,0.015,8.678200473484846,9.279544731977788,17.04691200000001,NaN,7.858688231183962,26.834755835534622,1082.0,1056.0,541.0,2046.6666666666665,1408.0,204.0,159,0,0,0,47,23.0,2048.0,51572.504700000034,24445.6787,31417.9424,223,545,0,57,0.4101881005359329,0.6861665318902139,0.5254015964626435,0,12878.18090000002,9164.179699999997,47,0,300.0,0,0,0,0.0,0,0.0,339678.3725071223,0.0,0,0,0,1.5,0,0.0,0,0,0.0,0,0.0,0,0,5114.073600000003,120.0,9480.7356,4,2474.1294,2474.1275999999843,7.545943121159671,5120.0,51.015625,1.4955637629438163,0,0,0.0,0,0.0,2612.0,337,7.713334771050346,0,0,6,0.0,0.0,0.0,0.0,0.0,0.0,0.0,0.0,0,0,0,0,159,0.0,6,6,32835.4986,3072,720.0,120.0,5615.3419999999915,0.0,0.0,0.0,1251.433,1222.6963999999998,38831.461900000075,32508.8581,0.6899974855908502,455,307995.861091446,57,31682.51141567602,4,1039.8670999999995,4,0.0,2,615.1995999999999,3159.4452,49.392870211889836,0,0,541,541,9 co-ops (side rung),sumsy,2,1.6007106751203537e-10
89,512,4,4,121081.4843,0.0,8573.624199999995,806.2497,0.0,,0.0,0.0,0.0,0.0,0.0,0.0,0.0025,3187.687,0.0,0.0,1.0,973.6919999999993,0.0,0.0,0.0,1.0,0.0,0.0,1.0,0.0,0,0,240.93424301476992,6.354808132531095,247.28905114730102,20.918945861762705,2.359757316207762,23.278703177970463,0.0,0.0,0.0,0.0,0,0,0.0,0.0,0.0,1.0,1.0,0.0,0.0,0.0,0.0,0.5,0.25,0.0,-4082.3172114635718,0.0,223,2560.0,2170.021900000002,806.2497,1057.3186000000007,0.0,0.0,0.0,0.0,0.0,0,616.5047,2560.0,2170.021900000002,1057.3186000000007,274.0,0.0,0.0,0.015,8.606490766389665,9.22353824626868,17.331739432176636,NaN,7.902877432829187,26.029713160468578,1072.0,1083.0,536.0,2048.0,1405.0,204.0,160,0,0,0,52,30.0,2048.0,51574.120099999964,24331.0648,31650.4686,223,545,0,57,0.41091249275910435,0.6875907917853055,0.5354533037354976,0,12916.31969999999,9320.829500000007,52,0,317.0,0,0,0,0.0,0,0.0,339648.6344283053,0.0,0,0,0,1.5,0,0.0,0,0,0.0,0,0.0,0,0,5494.161399999994,127.0,9721.6391,4,2552.2822,2552.3124999999964,7.545943121159671,5120.0,51.015625,1.498038925872363,0,0,0.0,0,0.0,2612.0,337,7.705591932508681,0,0,6,0.0,0.0,0.0,0.0,0.0,0.0,0.0,0.0,0,0,0,0,160,0.0,6,6,33008.6211,3072,720.0,120.0,5528.289200000004,0.0,0.0,0.0,1292.8209,1259.4613,38822.220399999984,32694.5514,0.6917335922876,455,307741.90505657333,57,31906.729371732043,4,1044.3815999999988,4,0.0,2,616.5047,3187.687,48.989722069113924,0,0,536,536,9 co-ops (side rung),sumsy,2,1.6007106751203537e-10
90,512,4,4,121463.60609999996,0.0,8594.906200000001,774.2817,0.0,,0.0,0.0,0.0,0.0,0.0,0.0,0.0025,3226.7814,0.0,0.0,1.0,965.6493000000003,0.0,0.0,0.0,1.0,0.0,0.0,1.0,0.0,0,0,243.63352930354597,6.3455776737430165,249.979106977289,21.446451438178755,2.2539959229139903,23.700447361092746,0.0,0.0,0.0,0.0,0,0,0.0,0.0,0.0,1.0,1.0,0.0,0.0,0.0,0.0,0.5,0.25,0.0,-4168.053011463565,0.0,223,2560.0,2177.878200000001,774.2817,1060.8738000000008,0.0,0.0,0.0,0.0,0.0,0,617.4383,2560.0,2177.878200000001,1060.8738000000008,274.0,0.0,0.0,0.015,8.582250185873606,9.189949162011196,17.812686754966858,NaN,7.922871566016402,26.995228126194295,1074.0,1076.0,537.0,2048.0,1401.0,204.0,161,0,0,2,53,31.0,2048.0,51728.01900000006,24283.0053,31792.709,223,545,0,57,0.4231963856519303,0.6887124375656837,0.5415368003090604,1,12909.511600000016,9234.5012,53,0,302.0,0,0,0,0.0,0,0.0,339258.850904703,0.0,0,0,0,1.5,0,0.0,0,0,0.0,0,0.0,0,0,5379.431399999991,121.0,9815.6531,4,2574.7108,2574.6981999999875,7.545943121159671,5120.0,51.015625,1.5140127203939036,0,0,0.0,0,0.0,2612.0,337,7.776386555989583,0,0,6,0.0,0.0,0.0,0.0,0.0,0.0,0.0,0.0,0,0,0,0,161,0.0,6,6,32600.1619,3072,720.0,120.0,5552.288300000003,0.0,0.0,0.0,1242.1252000000002,1332.5856,38615.778199999986,33291.205500000004,0.6931123314326133,455,307791.92890432174,57,31466.922000381368,4,986.421699999999,4,0.0,2,617.4383,3226.7814,48.600239965076156,0,0,537,537,9 co-ops (side rung),sumsy,2,1.6007106751203537e-10
91,512,4,4,121838.4336000001,0.0,8691.397200000001,852.4964000000002,0.0,,0.0,0.0,0.0,0.0,0.0,0.0,0.0025,3270.9526,0.0,0.0,1.0,962.930999999999,0.0,0.0,0.0,1.0,0.0,0.0,1.0,0.0,0,0,244.24650073017557,6.4729304108559065,250.7194311410315,21.643600808162127,2.218981559557305,23.86258236771943,0.0,0.0,0.0,0.0,0,0,0.0,0.0,0.0,1.0,1.0,0.0,0.0,0.0,0.0,0.5,0.25,0.0,-4254.001111463568,0.0,223,2560.0,2185.1724999999974,852.4964000000002,1064.091099999998,0.0,0.0,0.0,0.0,0.0,0,618.0935,2560.0,2185.1724999999974,1064.091099999998,274.0,0.0,0.0,0.015,8.651032093023257,9.326689591078072,18.25325333333332,NaN,7.958919879354515,27.279397238193344,1076.0,1075.0,538.0,2045.3333333333335,1402.0,204.0,160,0,0,1,49,34.0,2048.0,51825.05689999998,24291.310900000004,31893.4081,223,545,0,57,0.42667427875073805,0.6898376832510047,0.543196250177288,0,12966.357000000004,9299.859500000002,49,0,300.0,0,0,0,0.0,0,0.0,339191.5771615614,0.0,0,0,0,1.5,0,0.0,0,0,0.0,0,0.0,0,0,5475.975999999996,120.0,9939.6116,4,2594.7679000000003,2594.775000000001,7.545943121159671,5120.0,51.015625,1.5184510708082521,0,0,0.0,0,0.0,2612.0,337,7.808621229383681,0,0,6,0.0,0.0,0.0,0.0,0.0,0.0,0.0,0.0,0,0,0,0,160,0.0,6,6,32594.431,3072,720.0,120.0,5628.4160999999995,0.0,0.0,0.0,1235.1399999999999,1359.6279,38928.969300000004,33529.8996,0.6944432706965604,455,307667.9631587369,57,31523.614002824477,4,958.3679000000011,4,0.0,2,618.0935,3270.9526,48.22396064422612,0,0,538,538,9 co-ops (side rung),sumsy,2,1.6007106751203537e-10
92,512,4,4,122205.45779999987,0.0,8853.2861,927.3123999999999,0.0,,0.0,0.0,0.0,0.0,0.0,0.0,0.0025,3310.1757,0.0,0.0,1.0,970.6472999999993,0.0,0.0,0.0,1.0,0.0,0.0,1.0,0.0,0,0,242.73884586217366,6.356991636492512,249.09583749866619,21.461852358534838,2.2620264859809933,23.72387884451583,0.0,0.0,0.0,0.0,0,0,0.0,0.0,0.0,1.0,1.0,0.0,0.0,0.0,0.0,0.5,0.25,0.0,-4340.914411463579,0.0,223,2560.0,2192.9758000000006,927.3123999999999,1067.6156000000005,0.0,0.0,0.0,0.0,0.0,0,618.8828000000001,2560.0,2192.9758000000006,1067.6156000000005,274.0,0.0,0.0,0.015,8.706532899628257,9.248800744878954,18.844229896907237,NaN,8.067544285972776,28.166677899787228,1074.0,1076.0,537.0,2046.6666666666667,1397.0000000000002,204.0,162,0,0,2,53,35.0,2048.0,51980.89710000006,24216.783699999996,32098.735399999998,223,545,0,57,0.4223488390914514,0.6896621401785328,0.5392027526730259,0,13074.80840000001,9368.229400000006,53,0,291.0,0,0,0,0.0,0,0.0,339736.17041310284,0.0,0,0,0,1.5,0,0.0,0,0,0.0,0,0.0,0,0,5483.6709000000055,117.0,9979.9831,4,2593.4764999999998,2593.4680999999896,7.545943121159671,5120.0,51.015625,1.5022046433219023,0,0,0.0,0,0.0,2612.0,337,7.871301106770833,0,0,6,0.0,0.0,0.0,0.0,0.0,0.0,0.0,0.0,0,0,0,0,162,0.0,6,6,33165.8143,3072,720.0,120.0,5772.300599999995,0.0,0.0,0.0,1293.1136999999999,1300.3627999999999,38397.86190000002,33129.6879,0.6944624146790495,455,307902.3528851156,57,31833.81752798669,4,960.6901999999991,4,0.0,2,618.8828000000001,3310.1757,47.860436554591324,0,0,537,537,9 co-ops (side rung),sumsy,2,1.6007106751203537e-10
93,512,4,4,122564.78540000002,0.0,8974.753600000004,904.0351000000003,0.0,,0.0,0.0,0.0,0.0,0.0,0.0,0.0025,3345.9751,0.0,0.0,1.0,976.8744000000004,0.0,0.0,0.0,1.0,0.0,0.0,1.0,0.0,0,0,241.26174574860542,6.276551871083511,247.53829761968893,21.189210443460702,2.2894631541977972,23.4786735976585,0.0,0.0,0.0,0.0,0,0,0.0,0.0,0.0,1.0,1.0,0.0,0.0,0.0,0.0,0.5,0.25,0.0,-4429.448111463592,0.0,223,2560.0,2200.6724000000013,904.0351000000003,1071.1161,0.0,0.0,0.0,0.0,0.0,0,620.0938,2560.0,2200.6724000000013,1071.1161,274.0,0.0,0.0,0.015,8.80009869767441,9.469271828358199,19.370577777777743,NaN,8.133900900504603,27.710513583683575,1072.0,1075.0,536.0,2045.3333333333335,1397.0,204.0,162,0,0,0,54,32.0,2048.0,51864.581199999986,24263.851099999996,32231.1647,223,545,0,57,0.4187151233837836,0.6887411906462906,0.5374018940764511,0,13169.577899999998,9460.106099999992,54,0,297.0,0,0,0,0.0,0,0.0,339731.9608984895,0.0,0,0,0,1.5,0,0.0,0,0,0.0,0,0.0,0,0,5753.06159999999,119.0,10239.1195,4,2619.2003,2619.2302000000104,7.545943121159671,5120.0,51.015625,1.5050093849545287,0,0,0.0,0,0.0,2612.0,337,7.922233181423611,0,0,6,0.0,0.0,0.0,0.0,0.0,0.0,0.0,0.0,0,0,0,0,162,0.0,6,6,33422.759,3072,720.0,120.0,5866.7905,0.0,0.0,0.0,1314.6361,1304.5642,38235.92329999997,33311.3763,0.6937055661537208,455,308029.1420862489,57,31702.81881224032,4,931.3327000000008,4,0.0,2,620.0938,3345.9751,47.509235315452635,0,0,536,536,9 co-ops (side rung),sumsy,2,1.6007106751203537e-10
94,512,4,4,122917.31969999992,0.0,8931.166499999998,755.0429000000005,0.0,,0.0,0.0,0.0,0.0,0.0,0.0,0.0025,3373.875,0.0,0.0,1.0,987.3701999999993,0.0,0.0,0.0,1.0,0.0,0.0,1.0,0.0,0,0,239.01865989070976,6.2874875415220535,245.3061474322318,21.295543130905305,2.2170175812423145,23.512560712147618,0.0,0.0,0.0,0.0,0,0,0.0,0.0,0.0,1.0,1.0,0.0,0.0,0.0,0.0,0.5,0.25,0.0,-4519.196611463602,0.0,223,2560.0,2207.465700000002,755.0429000000005,1074.2455000000007,0.0,0.0,0.0,0.0,0.0,0,621.4346,2560.0,2207.465700000002,1074.2455000000007,274.0,0.0,0.0,0.015,8.878900755429648,9.44964267161407,19.839267010309296,NaN,8.262437454588849,28.61832245272251,1078.0,1059.0,539.0,2048.0,1401.0,204.0,161,0,0,0,43,24.0,2048.0,51917.21209999996,24316.9098,32307.4919,223,545,0,57,0.4268408711647851,0.6917896150627412,0.5390816986660996,0,13381.538999999984,9402.755899999996,43,0,291.0,0,0,0,0.0,0,0.0,339205.0508267446,0.0,0,0,0,1.5,0,0.0,0,0,0.0,0,0.0,0,0,5773.226700000005,117.0,10380.3963,4,2564.4193999999998,2564.4065000000096,7.545943121159671,5120.0,51.015625,1.525939897891716,0,0,0.0,0,0.0,2612.0,337,8.040644178602431,0,0,6,0.0,0.0,0.0,0.0,0.0,0.0,0.0,0.0,0,0,0,0,161,0.0,6,6,32958.1478,3072,720.0,120.0,5850.074100000004,0.0,0.0,0.0,1214.0643,1350.3551,38420.436699999984,34046.650200000004,0.6967840704581831,455,307526.9360249206,57,31678.11480182449,4,877.971599999999,4,0.0,2,621.4346,3373.875,47.1699392030644,0,0,539,539,9 co-ops (side rung),sumsy,2,1.6007106751203537e-10
95,512,4,4,123262.83380000005,0.0,9048.462000000003,918.7415000000001,0.0,,0.0,0.0,0.0,0.0,0.0,0.0,0.0025,3395.7455,0.0,0.0,1.0,996.2135999999992,0.0,0.0,0.0,1.0,0.0,0.0,1.0,0.0,0,0,237.78783420578372,6.044960471759956,243.83279467754366,22.277421955245124,2.252493106521975,24.5299150617671,0.0,0.0,0.0,0.0,0,0,0.0,0.0,0.0,1.0,1.0,0.0,0.0,0.0,0.0,0.5,0.25,0.0,-4608.5088114636255,0.0,223,2560.0,2214.4859000000015,918.7415000000001,1077.5239000000006,0.0,0.0,0.0,0.0,0.0,0,621.9639,2560.0,2214.4859000000015,1077.5239000000006,274.0,0.0,0.0,0.015,8.996483333333336,9.57123065420564,20.45890499999998,NaN,8.529024322289336,32.524264102360085,1070.0,1092.0,535.0,2048.0,1380.0,204.0,167,0,0,1,53,40.0,2048.0,52260.41909999998,24338.9778,32689.143000000004,223,545,0,57,0.42946335310366934,0.6934608749610041,0.5633024826272308,0,13568.960200000001,9824.159800000003,53,0,260.0,0,0,0,0.0,0,0.0,339333.02303031425,0.0,0,0,0,1.5,0,0.0,0,0,0.0,0,0.0,0,0,5319.315299999995,104.0,9956.5845,4,2587.317,2587.386200000002,7.545943121159671,5120.0,51.015625,1.5241504214139248,0,0,0.0,0,0.0,2612.0,337,8.061407172309027,0,0,6,0.0,0.0,0.0,0.0,0.0,0.0,0.0,0.0,0,0,0,0,167,0.0,6,6,32903.8677,3072,720.0,120.0,5958.620200000002,0.0,0.0,0.0,1221.7676000000001,1365.5493999999999,38630.802899999995,34080.8376,0.6984681994098418,455,307216.33753617934,57,32116.685494135265,4,876.3402000000006,4,0.0,2,621.9639,3395.7455,46.842144653807985,0,0,535,535,9 co-ops (side rung),sumsy,2,1.6007106751203537e-10
96,512,4,4,123600.85289999994,0.0,9123.952300000008,890.9972000000001,0.0,,0.0,0.0,0.0,0.0,0.0,0.0,0.0025,3407.7349,0.0,0.0,1.0,1009.407299999999,0.0,0.0,0.0,1.0,0.0,0.0,1.0,0.0,0,0,234.72311796986222,6.022194019498895,240.7453119893611,22.12319476030557,2.165157998010769,24.288352758316336,0.0,0.0,0.0,0.0,0,0,0.0,0.0,0.0,1.0,1.0,0.0,0.0,0.0,0.0,0.5,0.25,0.0,-4698.992711463636,0.0,224,2560.0,2221.9809000000023,891.0021000000003,1081.1256999999998,0.0,0.0,0.0,0.0,0.0,0,622.9837,2560.0,2221.9809000000023,1081.1256999999998,274.0,0.0,0.0,0.015,9.188202023919041,9.774995716946057,21.248666528925618,NaN,8.522211205519282,33.25024076197516,1074.0,1087.0,537.0,2046.6666666666667,1377.0,204.0,167,0,0,0,59,44.0,2048.0,52402.47289999994,24502.984,33084.808699999994,223,545,0,57,0.4360496661872164,0.693081638930467,0.5529426673935172,0,13530.579999999982,9987.575599999998,59,0,242.0,0,0,0,0.0,0,0.0,339859.29752698186,0.0,0,0,0,1.5,0,0.0,0,0,0.0,0,0.0,0,0,5142.177299999999,97.0,9579.868699999999,4,2484.9221000000002,2484.9749000000056,7.545943121159671,5120.0,51.015625,1.5120709995214507,0,0,0.0,0,0.0,2612.0,337,8.046350070529513,0,0,6,0.0,0.0,0.0,0.0,0.0,0.0,0.0,0.0,0,0,0,0,167,0.0,6,6,33371.7659,3072,720.0,120.0,6028.134799999999,0.0,0.0,0.0,1212.1578,1272.7643,38690.04809999998,33795.8955,0.6981051650597709,455,307968.746292331,57,31890.551234650957,4,802.9430000000011,4,0.0,2,622.9837,3407.7349,46.525461784187385,0,0,537,537,9 co-ops (side rung),sumsy,2,1.6007106751203537e-10
97,512,4,4,123932.3748999999,0.0,9151.4386,860.1632999999999,0.0,,0.0,0.0,0.0,0.0,0.0,0.0,0.0025,3401.6056,0.0,0.0,1.0,1030.9139999999986,0.0,0.0,0.0,1.0,0.0,0.0,1.0,0.0,0,0,207.9528782730412,6.006155673013542,213.95903394605475,22.274686396169983,2.1359491554333827,24.410635551603367,0.0,0.0,0.0,0.0,0,0,0.0,0.0,0.0,1.0,1.0,0.0,0.0,0.0,0.0,0.5,0.25,0.0,-4790.230911463649,0.0,224,2560.0,2228.4780000000005,860.1632999999999,1084.4204000000016,0.0,0.0,0.0,0.0,0.0,0,624.2724000000001,2560.0,2228.4780000000005,1084.4204000000016,274.0,0.0,0.0,0.015,9.233870848708488,9.812541035120116,21.920568202764972,NaN,8.503112703333702,35.41928523366933,1082.0,1084.0,541.0,2048.0,1375.0,204.0,168,0,0,0,56,48.0,2048.0,52830.93649999994,24631.599299999998,33425.8431,223,545,0,57,0.43540272238634925,0.6771189979468482,0.5602183575389643,0,13478.808299999992,10009.516000000001,56,0,217.0,0,0,0,0.0,0,0.0,314862.6445616631,0.0,0,0,0,1.5,0,0.0,0,0,0.0,0,0.0,0,0,4756.763299999999,87.0,9018.117999999999,4,2433.0637,2433.0768000000066,6.722707524538511,5120.0,51.015625,1.5071663244847067,4,0,0.0,0,150.23474792133473,2612.0,337,8.03724818250868,0,0,6,0.0,0.0,0.0,0.0,0.0,0.0,0.0,0.0,0,0,0,0,168,0.0,6,6,33347.1187,3072,720.0,120.0,6068.709599999998,0.0,0.0,0.0,1188.6481999999999,1244.4155,38823.132699999966,33728.441699999996,0.6824751203569355,455,283481.52869556204,57,31381.11586610094,4,761.8647000000001,4,0.0,2,624.2724000000001,3401.6056,46.21951392709629,0,0,541,541,9 co-ops (side rung),sumsy,2,1.6007106751203537e-10
98,512,4,4,124257.37149999992,0.0,9300.935799999997,998.4077000000001,0.0,,0.0,0.0,0.0,0.0,0.0,0.0,0.0025,3393.8857,0.0,0.0,1.0,1036.039499999999,0.0,0.0,0.0,1.0,0.0,0.0,1.0,0.0,0,0,207.0903194908573,5.988225097921281,213.07854458877856,22.576261755196104,2.3445468852624156,24.920808640458517,0.0,0.0,0.0,0.0,0,0,0.0,0.0,0.0,1.0,1.0,0.0,0.0,0.0,0.0,0.5,0.25,0.0,-4881.745611463669,0.0,224,2560.0,2235.0034000000014,998.4077000000001,1087.7743,0.0,0.0,0.0,0.0,0.0,0,624.9898000000001,2560.0,2235.0034000000014,1087.7743,274.0,0.0,0.0,0.015,9.266114312441534,9.754399259259309,22.78051138613864,NaN,8.383730438350607,35.76285360415654,1080.0,1069.0,540.0,2048.0,1367.0,204.0,170,0,0,2,61,34.0,2048.0,53385.94939999999,24604.5753,33665.634,223,545,0,57,0.4283011403418069,0.6794692779330254,0.5630370494646177,0,13236.299400000014,9905.4762,61,0,202.0,0,0,0,0.0,0,0.0,314705.95369699,0.0,0,0,0,1.5,0,0.0,0,0,0.0,0,0.0,0,0,4601.663300000006,81.0,8582.3373,4,2435.5117,2435.5592999999985,6.722707524538511,5120.0,51.015625,1.513316588997231,0,0,0.0,0,0.0,2612.0,337,7.9830924750434,0,0,6,0.0,0.0,0.0,0.0,0.0,0.0,0.0,0.0,0,0,0,0,170,0.0,6,6,32854.7719,3072,720.0,120.0,6180.767600000004,0.0,0.0,0.0,1150.8772,1284.6345000000001,39720.931599999996,33997.7747,0.684823842134066,455,283940.10202999954,57,30765.8516669908,4,834.6155999999992,4,0.0,2,624.9898000000001,3393.8857,45.9239371838049,0,0,540,540,9 co-ops (side rung),sumsy,2,1.6007106751203537e-10
99,512,4,4,124575.86539999998,0.0,9311.112899999996,880.2543000000001,0.0,,0.0,0.0,0.0,0.0,0.0,0.0,0.0025,3386.0911,0.0,0.0,1.0,1039.6604999999993,0.0,0.0,0.0,1.0,0.0,0.0,1.0,0.0,0,0,205.0653203982186,5.859956772613307,210.9252771708319,23.083735866167824,2.2812275969758473,25.364963463143674,0.0,0.0,0.0,0.0,0,0,0.0,0.0,0.0,1.0,1.0,0.0,0.0,0.0,0.0,0.5,0.25,0.0,-4974.755211463683,0.0,224,2560.0,2241.5061,880.2543000000001,1091.1229000000005,0.0,0.0,0.0,0.0,0.0,0,626.0093999999999,2560.0,2241.5061,1091.1229000000005,274.0,0.0,0.0,0.015,9.186148884758367,9.793435793357924,23.47712824858758,NaN,8.305783560511259,38.76056696557553,1084.0,1076.0,542.0,2045.3333333333333,1361.0,204.0,171,0,0,1,51,36.0,2048.0,54227.91079999999,24612.1388,33798.3769,223,545,0,57,0.4362142397492563,0.6795865623087414,0.5580534882569181,0,13062.581800000009,9884.296200000003,51,0,177.0,0,0,0,0.0,0,0.0,313704.87729962036,0.0,0,0,0,1.5,0,0.0,0,0,0.0,0,0.0,0,0,4155.451700000001,71.0,7925.338400000001,4,2443.6689,2443.6501000000167,6.680407793750597,5120.0,51.015625,1.5048964927600368,1,0,0.0,0,11.54046263920759,2612.0,337,7.899912570529513,0,0,6,0.0,0.0,0.0,0.0,0.0,0.0,0.0,0.0,0,0,0,0,171,0.0,6,6,32519.0732,3072,720.0,120.0,6181.931599999998,0.0,0.0,0.0,1136.9666,1306.7023,40601.2222,33816.780900000005,0.6849620811311667,455,283184.49893004604,57,30520.37836957442,4,900.8706000000002,4,0.0,2,626.0093999999999,3386.0911,45.63837999113355,0,0,542,542,9 co-ops (side rung),sumsy,2,1.6007106751203537e-10
100,512,4,4,124888.06820000002,0.0,9176.063399999995,748.2447999999999,0.0,,0.0,0.0,0.0,0.0,0.0,0.0,0.0025,3390.3412,0.0,0.0,1.0,1030.684500000001,0.0,0.0,0.0,1.0,0.0,0.0,1.0,0.0,0,0,206.224673440358,5.871156152364494,212.0958295927225,23.57270891665786,2.2497879703639905,25.82249688702185,0.0,0.0,0.0,0.0,0,0,0.0,0.0,0.0,1.0,1.0,0.0,0.0,0.0,0.0,0.5,0.25,0.0,-5067.867911463696,0.0,224,2560.0,2247.7972000000004,748.2447999999999,1094.2446999999997,0.0,0.0,0.0,0.0,0.0,0,626.3604,2560.0,2247.7972000000004,1094.2446999999997,274.0,0.0,0.0,0.015,9.108192458100557,9.643815083798845,24.13662336956522,NaN,8.294804016398366,37.59774995660826,1074.0,1074.0,537.0,2046.6666666666665,1354.0,204.0,173,0,0,1,54,33.0,2048.0,54751.7781,24604.0605,33949.3263,223,545,0,57,0.44416617616647236,0.6787592266990159,0.5624151761669265,0,12978.881200000005,9782.198699999999,54,0,184.0,0,0,0,0.0,0,0.0,312837.7969158986,0.0,0,0,0,1.5,0,0.0,0,0,0.0,0,0.0,0,0,4441.1387,74.0,7566.2017000000005,4,2480.0672000000004,2480.0712999999896,6.628303469240307,5120.0,51.015625,1.4846728266698308,3,0,0.0,0,54.59829068605774,2612.0,337,7.880501491970485,0,0,6,0.0,0.0,0.0,0.0,0.0,0.0,0.0,0.0,0,0,0,0,173,0.0,6,6,32849.04,3072,720.0,120.0,6031.1139,0.0,0.0,0.0,1208.5718000000002,1271.4953999999998,41152.3315,33270.548500000004,0.6841415589532849,455,282526.9133591143,57,30310.88355678421,4,884.3050999999996,4,0.0,2,626.3604,3390.3412,45.36250270329852,0,0,537,537,9 co-ops (side rung),sumsy,2,1.6007106751203537e-10
101,512,4,4,125193.77209999997,0.0,8983.586199999994,692.7897000000002,0.0,,0.0,0.0,0.0,0.0,0.0,0.0,0.0025,3406.1684,0.0,0.0,1.0,1021.9380000000004,0.0,0.0,0.0,1.0,0.0,0.0,1.0,0.0,0,0,208.46638328484764,5.945234766703899,214.41161805155156,23.72119687462613,2.230736832321396,25.95193370694753,0.0,0.0,0.0,0.0,0,0,0.0,0.0,0.0,1.0,1.0,0.0,0.0,0.0,0.0,0.5,0.25,0.0,-5159.626611463706,0.0,224,2560.0,2254.2960999999996,692.7897000000002,1097.3545999999997,0.0,0.0,0.0,0.0,0.0,0,625.765,2560.0,2254.2960999999996,1097.3545999999997,274.0,0.0,0.0,0.015,9.026572253258848,9.624992393321008,24.70947849462366,NaN,8.196309487710804,36.46981745791002,1078.0,1074.0,539.0,2046.6666666666665,1359.0,204.0,172,0,0,3,53,33.0,2048.0,55069.3034,24647.88,33999.8465,223,545,0,57,0.44535519779614896,0.6781744069417659,0.5555324438809448,1,12879.711799999997,9694.538600000003,53,0,186.0,0,0,0,0.0,0,0.0,313078.9558602772,0.0,0,0,0,1.5,0,0.0,0,0,0.0,0,0.0,0,0,4595.963000000001,75.0,7444.808799999999,4,2488.0443999999998,2487.9900999999827,6.628303469240307,5120.0,51.015625,1.4816175909869023,0,0,0.0,0,0.0,2612.0,337,7.803196723090278,0,0,6,0.0,0.0,0.0,0.0,0.0,0.0,0.0,0.0,0,0,0,0,172,0.0,6,6,32843.348699999995,3072,720.0,120.0,5858.181600000001,0.0,0.0,0.0,1214.8709,1273.1735,41748.210300000035,33249.1866,0.6835456284528609,455,282549.4132927252,57,30529.542567551693,4,822.7834999999995,4,0.0,2,625.765,3406.1684,45.09597718793247,0,0,539,539,9 co-ops (side rung),sumsy,2,1.6007106751203537e-10
102,512,4,4,125493.36890000015,0.0,9076.051300000003,968.8443000000001,0.0,,0.0,0.0,0.0,0.0,0.0,0.0,0.0025,3433.4563,0.0,0.0,1.0,1012.7835000000011,0.0,0.0,0.0,1.0,0.0,0.0,1.0,0.0,0,0,210.8640805801348,5.851172644330777,216.71525322446558,23.540167147183613,2.2289342742751597,25.769101421458775,0.0,0.0,0.0,0.0,0,0,0.0,0.0,0.0,1.0,1.0,0.0,0.0,0.0,0.0,0.5,0.25,0.0,-5249.461111463726,0.0,224,2560.0,2260.4032000000016,968.8443000000001,1100.1589,0.0,0.0,0.0,0.0,0.0,0,624.5602,2560.0,2260.4032000000016,1100.1589,274.0,0.0,0.0,0.015,8.955172727272721,9.55800988805967,25.314679787234034,NaN,8.111900201981037,35.375722934172714,1072.0,1078.0,536.0,2044.0000000000002,1354.0,204.0,172,0,0,2,50,39.0,2048.0,55258.33619999999,24579.663800000002,34061.58809999999,223,545,0,57,0.44864854074977756,0.6792399506264557,0.5544891097323328,0,12720.551300000005,9653.676199999994,50,0,188.0,0,0,0,0.0,0,0.0,312670.341347219,0.0,0,0,0,1.5,0,0.0,0,0,0.0,0,0.0,0,0,4759.1597999999985,76.0,7535.764300000001,4,2564.0678,2564.0333,6.628303469240307,5120.0,51.015625,1.4968204723482217,0,0,0.0,0,0.0,2612.0,337,7.808984944661458,0,0,6,0.0,0.0,0.0,0.0,0.0,0.0,0.0,0.0,0,0,0,0,172,0.0,6,6,32390.759599999998,3072,720.0,120.0,5853.530700000006,0.0,0.0,0.0,1202.1068,1361.9610000000002,42145.074100000005,33786.25659999999,0.6845933913794184,455,282387.4897210921,57,30282.851626126856,4,840.1262999999999,4,0.0,2,624.5602,3433.4563,44.83848643579916,0,0,536,536,9 co-ops (side rung),sumsy,2,1.6007106751203537e-10
103,512,4,4,125786.71969999993,0.0,8848.672300000006,655.4296999999999,0.0,,0.0,0.0,0.0,0.0,0.0,0.0,0.0025,3470.825,0.0,0.0,1.0,1004.7714000000007,0.0,0.0,0.0,1.0,0.0,0.0,1.0,0.0,0,0,212.20357426954828,5.9583584394162745,218.16193270896454,23.367298267689797,2.2374855536645115,25.60478382135431,0.0,0.0,0.0,0.0,0,0,0.0,0.0,0.0,1.0,1.0,0.0,0.0,0.0,0.0,0.5,0.25,0.0,-5340.221711463739,0.0,225,2560.0,2266.6491999999976,655.4309,1102.9292000000005,0.0,0.0,0.0,0.0,0.0,0,624.2689,2560.0,2266.6491999999976,1102.9292000000005,274.0,0.0,0.0,0.015,8.925848272642396,9.407116791044793,25.7498995145631,NaN,8.212493543962884,34.31445124614753,1072.0,1071.0,536.0,2045.3333333333335,1361.0,204.0,171,0,0,0,53,33.0,2048.0,55164.6548,24542.4429,34077.9956,223,545,0,57,0.4425490757197783,0.6775627855769439,0.5579494191528216,1,12915.906199999994,9559.583500000006,53,0,206.0,0,0,0,0.0,0,0.0,312609.0011701962,0.0,0,0,0,1.5,0,0.0,0,0,0.0,0,0.0,0,0,5304.479299999999,83.0,7906.532499999999,4,2630.3767999999995,2630.2835999999943,6.628303469240307,5120.0,51.015625,1.5034267505851817,0,0,0.0,0,0.0,2612.0,337,7.81337095811632,0,0,6,0.0,0.0,0.0,0.0,0.0,0.0,0.0,0.0,0,0,0,0,171,0.0,6,6,32470.106199999995,3072,720.0,120.0,5678.1403,0.0,0.0,0.0,1222.9517999999998,1407.4250000000002,41461.638399999996,34056.8648,0.682915720839123,455,282296.74144425604,57,30312.25972594007,4,763.7456000000002,4,0.0,2,624.2689,3470.825,44.58972418373818,0,0,536,536,9 co-ops (side rung),sumsy,2,1.6007106751203537e-10
104,512,4,4,126074.58860000006,0.0,8660.973599999994,681.5568999999999,0.0,,0.0,0.0,0.0,0.0,0.0,0.0,0.0025,3513.0079,0.0,0.0,1.0,1001.4818999999995,0.0,0.0,0.0,1.0,0.0,0.0,1.0,0.0,0,0,212.60130411170235,6.083208391527441,218.6845125032298,23.723569886700595,2.2905455190594846,26.01411540576008,0.0,0.0,0.0,0.0,0,0,0.0,0.0,0.0,1.0,1.0,0.0,0.0,0.0,0.0,0.5,0.25,0.0,-5428.709711463754,0.0,225,2560.0,2272.131099999997,681.5568999999999,1105.2654999999997,0.0,0.0,0.0,0.0,0.0,0,622.8729000000001,2560.0,2272.131099999997,1105.2654999999997,274.0,0.0,0.0,0.015,8.91800269016698,9.450139332096418,26.22769954954955,NaN,8.299246013248707,33.2850177087631,1078.0,1078.0,539.0,2048.0,1373.0,204.0,168,0,0,2,50,39.0,2048.0,54770.6499,24533.5359,34080.4995,222,546,0,56,0.439562934646482,0.6763931030121879,0.5599526790782554,0,13142.087200000005,9613.606900000006,50,0,222.0,0,0,0,0.0,0,0.0,312877.97807750606,0.0,0,0,0,1.5,0,0.0,0,0,0.0,0,0.0,0,0,5822.5493,89.0,8554.0225,4,2649.7761,2649.847600000008,6.628303469240307,5120.0,51.015625,1.4996383239666917,0,0,0.0,0,0.0,2612.0,337,7.900947238498264,0,0,6,0.0,0.0,0.0,0.0,0.0,0.0,0.0,0.0,0,0,0,0,168,0.0,6,6,33206.5533,3072,720.0,120.0,5447.247200000001,0.0,0.0,0.0,1275.8312999999998,1373.9448,40670.96219999999,33961.5046,0.6817433977255236,456,282721.62780188536,56,30156.350275620538,4,673.6579999999994,4,0.0,2,622.8729000000001,3513.0079,44.34939455039112,0,0,539,539,9 co-ops (side rung),sumsy,2,1.6007106751203537e-10
105,512,4,4,126356.47949999991,0.0,8588.822600000009,780.1562000000002,0.0,,0.0,0.0,0.0,0.0,0.0,0.0,0.0025,3557.7537,0.0,0.0,1.0,1000.5995999999997,0.0,0.0,0.0,1.0,0.0,0.0,1.0,0.0,0,0,213.06175220016584,6.20098645290316,219.26273865306902,23.622293112973626,2.364295334886018,25.986588447859646,0.0,0.0,0.0,0.0,0,0,0.0,0.0,0.0,1.0,1.0,0.0,0.0,0.0,0.0,0.5,0.25,0.0,-5515.318911463765,0.0,225,2560.0,2278.109099999999,780.1562000000002,1107.8179999999988,0.0,0.0,0.0,0.0,0.0,0,621.4875999999999,2560.0,2278.109099999999,1107.8179999999988,274.0,0.0,0.0,0.015,8.946384342963658,9.54230335820898,26.851656499999994,NaN,8.144759377886693,34.27663801351287,1072.0,1073.0,536.0,2045.3333333333335,1358.0,204.0,172,0,0,2,52,38.0,2048.0,54551.47029999999,24571.533499999998,34095.568799999994,222,546,0,56,0.43936942716713423,0.6750173467667544,0.5621335097966802,0,12812.106399999993,9599.470400000004,52,0,200.0,0,0,0,0.0,0,0.0,313644.2499207271,0.0,0,0,0,1.5,0,0.0,0,0,0.0,0,0.0,0,0,5370.331299999999,80.0,8958.6656,4,2713.3912,2713.3243999999986,6.652170081304626,5120.0,51.015625,1.5030699325870935,1,0,0.0,0,16.802415134783928,2612.0,337,7.908506320529515,0,0,6,0.0,0.0,0.0,0.0,0.0,0.0,0.0,0.0,0,0,0,0,172,0.0,6,6,33494.3655,3072,720.0,120.0,5352.4302,0.0,0.0,0.0,1320.2065,1393.1847,40013.555600000036,34131.4024,0.6803696732283262,456,283981.7462061879,56,29662.50371453928,4,592.2889999999989,4,0.0,2,621.4875999999999,3557.7537,44.11320853141212,0,0,536,536,9 co-ops (side rung),sumsy,2,1.6007106751203537e-10
106,512,4,4,126632.4797,0.0,8506.6537,761.5775999999998,0.0,,0.0,0.0,0.0,0.0,0.0,0.0,0.0025,3601.0118,0.0,0.0,1.0,1003.7820000000005,0.0,0.0,0.0,1.0,0.0,0.0,1.0,0.0,0,0,212.06710409617395,6.2902770774293115,218.35738117360327,23.499947212672037,2.3406040177252385,25.840551230397278,0.0,0.0,0.0,0.0,0,0,0.0,0.0,0.0,1.0,1.0,0.0,0.0,0.0,0.0,0.5,0.25,0.0,-5601.208811463758,0.0,225,2560.0,2283.9998000000005,761.5775999999998,1110.3469000000002,0.0,0.0,0.0,0.0,0.0,0,620.6174,2560.0,2283.9998000000005,1110.3469000000002,274.0,0.0,0.0,0.015,8.942706989748377,9.364737802607083,27.61096073298429,NaN,8.247547229143168,36.63023334358564,1074.0,1073.0,537.0,2045.3333333333333,1357.0,204.0,172,0,0,3,55,35.0,2048.0,54629.564599999954,24522.5184,34159.5789,222,546,0,56,0.43522094897431485,0.6742481976544914,0.5668419913544638,1,12941.5747,9595.524600000008,55,0,191.0,0,0,0,0.0,0,0.0,313289.5444923459,0.0,0,0,0,1.5,0,0.0,0,0,0.0,0,0.0,0,0,5273.693499999999,77.0,9099.188600000001,4,2774.1279000000004,2774.148100000002,6.652170081304626,5120.0,51.015625,1.518902006907905,0,0,0.0,0,0.0,2612.0,337,7.888845269097221,0,0,6,0.0,0.0,0.0,0.0,0.0,0.0,0.0,0.0,0,0,0,0,172,0.0,6,6,33101.2668,3072,720.0,120.0,5332.502399999999,0.0,0.0,0.0,1290.8348,1483.2930999999999,39498.337199999994,34680.019100000005,0.679614334886951,456,283780.01838148,56,29509.526110865878,4,519.1093999999994,4,0.0,2,620.6174,3601.0118,43.885166857915145,0,0,537,537,9 co-ops (side rung),sumsy,2,1.6007106751203537e-10
107,512,4,4,126902.81260000016,0.0,8335.697599999994,660.7796999999998,0.0,,0.0,0.0,0.0,0.0,0.0,0.0,0.0025,3646.2075,0.0,0.0,1.0,1003.3739999999992,0.0,0.0,0.0,1.0,0.0,0.0,1.0,0.0,0,0,218.79248419071027,6.185309795615643,224.9777939863259,23.46321818825706,2.2576433691050606,25.72086155736212,0.0,0.0,0.0,0.0,0,0,0.0,0.0,0.0,1.0,1.0,0.0,0.0,0.0,0.0,0.5,0.25,0.0,-5686.277211463749,0.0,225,2560.0,2289.6670999999988,660.7796999999998,1112.7455999999993,0.0,0.0,0.0,0.0,0.0,0,619.4966,2560.0,2289.6670999999988,1112.7455999999993,274.0,0.0,0.0,0.015,8.920791550603536,9.389973977695183,28.321991935483883,NaN,8.356340106300378,38.25298955682168,1076.0,1077.0,538.0,2044.0,1357.0,204.0,172,0,0,2,48,42.0,2048.0,54841.994199999965,24487.0783,34175.678199999995,222,546,0,56,0.43972632242151666,0.6786313333162013,0.5648610884078886,1,13084.67510000001,9607.692500000008,48,0,186.0,0,0,0,0.0,0,0.0,321050.2172000387,0.0,0,0,0,1.5,0,0.0,0,0,0.0,0,0.0,0,0,5267.890500000002,75.0,9132.3578,4,2765.4305000000004,2765.4068000000016,6.902177262314123,5120.0,51.015625,1.5202234541822728,1,0,0.0,0,5.945009779647891,2612.0,337,7.927765516493056,0,0,6,0.0,0.0,0.0,0.0,0.0,0.0,0.0,0.0,0,0,0,0,172,0.0,6,6,33014.3917,3072,720.0,120.0,5245.937100000001,0.0,0.0,0.0,1271.2643999999998,1494.1661,39690.181099999994,34780.7226,0.6839134491536083,456,290926.03747690475,56,30124.1797231338,4,455.22359999999935,4,0.0,2,619.4966,3646.2075,43.66498869040084,0,0,538,538,9 co-ops (side rung),sumsy,2,1.6007106751203537e-10
108,512,4,4,127168.4299000001,0.0,8112.750400000002,590.2247000000002,0.0,,0.0,0.0,0.0,0.0,0.0,0.0,0.0025,3694.8503,0.0,0.0,1.0,1000.9107000000013,0.0,0.0,0.0,1.0,0.0,0.0,1.0,0.0,0,0,218.97850729423345,6.444693757728388,225.42320105196183,24.047198708987903,2.4537625161847543,26.50096122517266,0.0,0.0,0.0,0.0,0,0,0.0,0.0,0.0,1.0,1.0,0.0,0.0,0.0,0.0,0.5,0.25,0.0,-5769.632811463761,0.0,225,2560.0,2294.3826999999997,590.2247000000002,1114.6463000000012,0.0,0.0,0.0,0.0,0.0,0,618.3395,2560.0,2294.3826999999997,1114.6463000000012,274.0,0.0,0.0,0.015,9.027613888888899,9.600782803738273,29.05935670103093,NaN,8.43757960018056,37.4744366462638,1070.0,1044.0,535.0,2045.3333333333333,1354.0,204.0,172,0,0,1,38,25.0,2048.0,54945.7254,24532.7401,33955.0722,222,546,0,56,0.4366503987846502,0.6765565779857492,0.5664356134961734,0,13168.136300000002,9424.828900000011,38,0,194.0,0,0,0,0.0,0,0.0,321733.81482066767,0.0,0,0,0,1.5,0,0.0,0,0,0.0,0,0.0,0,0,5637.5152,78.0,9421.7024,4,2751.6554000000006,2751.710199999996,6.902177262314123,5120.0,51.015625,1.501538996890068,0,0,0.0,0,0.0,2612.0,337,7.91093603515625,0,0,6,0.0,0.0,0.0,0.0,0.0,0.0,0.0,0.0,0,0,0,0,172,0.0,6,6,33644.7427,3072,720.0,120.0,5141.820200000001,0.0,0.0,0.0,1333.0385999999999,1418.6168,39729.109800000035,34264.772000000004,0.6819088914423179,456,291461.08408789,56,30272.730732777876,4,400.47819999999956,4,0.0,2,618.3395,3694.8503,43.45240287349047,0,0,535,535,9 co-ops (side rung),sumsy,2,1.6007106751203537e-10
109,512,4,4,127428.65860000007,0.0,7923.8912999999975,616.5164000000002,0.0,,0.0,0.0,0.0,0.0,0.0,0.0,0.0025,3733.0562,0.0,0.0,1.0,1012.9008000000008,0.0,0.0,0.0,1.0,0.0,0.0,1.0,0.0,0,0,217.11348374376118,6.345084519345401,223.4585682631066,24.599846473230972,2.3892774741231926,26.989123947354166,0.0,0.0,0.0,0.0,0,0,0.0,0.0,0.0,1.0,1.0,0.0,0.0,0.0,0.0,0.5,0.25,0.0,-5850.760711463776,0.0,225,2560.0,2299.7713000000044,616.5164000000002,1116.959000000002,0.0,0.0,0.0,0.0,0.0,0,616.8538,2560.0,2299.7713000000044,1116.959000000002,274.0,0.0,0.0,0.015,9.074199068901299,9.64592537593989,29.710463742690045,NaN,8.641413949464784,43.02565085537421,1064.0,1074.0,532.0,2046.6666666666665,1339.0,204.0,177,0,0,2,46,31.0,2048.0,55381.49849999997,24561.7112,34056.1426,222,546,0,56,0.441295783318576,0.6782102544813662,0.5832634269152326,0,13305.475100000012,9745.689799999995,46,0,171.0,0,0,0,0.0,0,0.0,321987.6334612755,0.0,0,0,0,1.5,0,0.0,0,0,0.0,0,0.0,0,0,5080.4892999999975,69.0,9079.3963,4,2712.0482,2712.133700000003,6.902177262314123,5120.0,51.015625,1.4971270376088377,0,0,0.0,0,0.0,2612.0,337,7.947053873697915,0,0,6,0.0,0.0,0.0,0.0,0.0,0.0,0.0,0.0,0,0,0,0,177,0.0,6,6,33511.9788,3072,720.0,120.0,5044.365199999997,0.0,0.0,0.0,1316.0607,1395.9875,40944.947899999956,34185.2713,0.683562501318659,456,292048.06354445516,56,29939.56991682001,4,348.0673999999999,4,0.0,2,616.8538,3733.0562,43.247147601990804,0,0,532,532,9 co-ops (side rung),sumsy,2,1.6007106751203537e-10
110,512,4,4,127683.33989999995,0.0,7860.383900000002,732.3844000000003,0.0,,0.0,0.0,0.0,0.0,0.0,0.0,0.0025,3767.6886,0.0,0.0,1.0,1018.1232000000011,0.0,0.0,0.0,1.0,0.0,0.0,1.0,0.0,0,0,231.92619498610276,6.292634171183998,238.21882915728676,24.725073207113947,2.3660291607910136,27.091102367904963,0.0,0.0,0.0,0.0,0,0,0.0,0.0,0.0,1.0,1.0,0.0,0.0,0.0,0.0,0.5,0.25,0.0,-5929.999211463792,0.0,225,2560.0,2305.3186999999994,732.3844000000003,1119.3577999999995,0.0,0.0,0.0,0.0,0.0,0,615.3528,2560.0,2305.3186999999994,1119.3577999999995,274.0,0.0,0.0,0.015,9.19181646951774,9.831301127819586,30.03679259259258,NaN,8.600583771933005,43.92126556230411,1064.0,1099.0,532.0,2045.3333333333335,1335.0,204.0,178,0,0,1,63,44.0,2048.0,55524.14870000004,24652.7514,34403.957800000004,222,546,0,56,0.44742119791228885,0.6879170929854816,0.5772259214373134,1,13213.194899999993,10101.806299999997,63,0,162.0,0,0,0,0.0,0,0.0,340880.0303613874,0.0,0,0,0,1.5,0,0.0,0,0,0.0,0,0.0,0,0,4865.960399999998,65.0,8719.4406,4,2648.3092999999994,2648.2627999999927,7.527894054773534,5120.0,51.015625,1.511623288961047,4,0,0.0,0,97.08683201110345,2612.0,337,8.016552815755208,0,0,6,0.0,0.0,0.0,0.0,0.0,0.0,0.0,0.0,0,0,0,0,178,0.0,6,6,33091.451199999996,3072,720.0,120.0,5009.359299999999,0.0,0.0,0.0,1231.4603,1416.8490000000002,41186.3781,34684.6986,0.6931761529861997,456,309788.66813238396,56,31091.36222900367,4,301.71509999999944,4,0.0,2,615.3528,3767.6886,43.04897009847388,0,0,532,532,9 co-ops (side rung),sumsy,2,1.6007106751203537e-10
111,512,4,4,127932.9361,0.0,7663.087900000005,596.5074000000002,0.0,,0.0,0.0,0.0,0.0,0.0,0.0,0.0025,3790.9633,0.0,0.0,1.0,1031.3219999999994,0.0,0.0,0.0,1.0,0.0,0.0,1.0,0.0,0,0,230.2975846948566,6.129383083406388,236.42696777826296,24.442384430734123,2.1900649949826794,26.6324494257168,0.0,0.0,0.0,0.0,0,0,0.0,0.0,0.0,1.0,1.0,0.0,0.0,0.0,0.0,0.5,0.25,0.0,-6008.6038114638,0.0,225,2560.0,2310.403800000003,596.5074000000002,1121.6681000000005,0.0,0.0,0.0,0.0,0.0,0,614.6551999999999,2560.0,2310.403800000003,1121.6681000000005,274.0,0.0,0.0,0.015,9.323741237113403,9.890931249999987,30.527874522292997,NaN,8.490276620889198,43.81500448856065,1088.0,1067.0,544.0,2046.6666666666667,1357.0,204.0,172,0,0,1,52,36.0,2048.0,55828.596499999956,24784.067900000002,34470.022099999995,221,547,0,55,0.44753352324122675,0.687728317372553,0.5647764636697146,0,13246.496299999986,9948.431900000001,52,0,157.0,0,0,0,0.0,0,0.0,342853.68876989465,0.0,0,0,0,1.5,0,0.0,0,0,0.0,0,0.0,0,0,4792.876300000001,63.0,8444.6311,4,2516.7897000000003,2516.774500000006,7.592346402236949,5120.0,51.015625,1.5158551662350617,1,0,0.0,0,11.97503825941692,2612.0,336,8.106811089409723,0,0,6,0.0,0.0,0.0,0.0,0.0,0.0,0.0,0.0,0,0,0,0,172,0.0,6,6,32874.64,3072,720.0,120.0,4853.2118,0.0,0.0,0.0,1145.3087,1371.481,41316.491700000006,34824.081099999996,0.6930633673612507,457,312074.69315787684,55,30778.995612017585,4,258.09660000000076,4,0.0,2,614.6551999999999,3790.9633,42.85762630197478,0,0,544,544,9 co-ops (side rung),sumsy,2,1.6007106751203537e-10
112,512,4,4,128177.4327000002,0.0,7628.186300000008,746.1023999999999,0.0,,0.0,0.0,0.0,0.0,0.0,0.0,0.0025,3801.6647,0.0,0.0,1.0,1046.1222,0.0,0.0,0.0,1.0,0.0,0.0,1.0,0.0,0,0,227.48276998673026,6.05748677165403,233.5402567583843,24.35859001449421,2.318382974329381,26.676972988823593,0.0,0.0,0.0,0.0,0,0,0.0,0.0,0.0,1.0,1.0,0.0,0.0,0.0,0.0,0.5,0.25,0.0,-6085.234611463795,0.0,225,2560.0,2315.5034000000005,746.1023999999999,1124.1092000000021,0.0,0.0,0.0,0.0,0.0,0,613.2159999999999,2560.0,2315.5034000000005,1124.1092000000021,274.0,0.0,0.0,0.015,9.250844588344131,9.78218566108007,31.073824691358055,NaN,8.535605749792495,42.500554353903844,1074.0,1081.0,537.0,2046.6666666666667,1345.0000000000002,204.0,175,0,0,2,58,37.0,2048.0,55879.834599999995,24811.860999999997,34660.7111,221,547,0,55,0.44292638171123033,0.6891619904841346,0.5719629259017878,1,13204.457599999994,10000.163000000006,58,0,162.0,0,0,0,0.0,0,0.0,343382.905347328,0.0,0,0,0,1.5,0,0.0,0,0,0.0,0,0.0,0,0,5033.959600000005,65.0,8410.145299999998,4,2629.0979,2629.1782999999973,7.592346402236949,5120.0,51.015625,1.5028835025874683,0,0,0.0,0,0.0,2612.0,336,8.192009521484374,0,0,6,0.0,0.0,0.0,0.0,0.0,0.0,0.0,0.0,0,0,0,0,175,0.0,6,6,33405.6174,3072,720.0,120.0,4775.2073,0.0,0.0,0.0,1247.1499,1381.9479999999999,41693.445499999965,34477.100000000006,0.6945526296920264,457,312608.6258854021,55,30774.27946192541,4,218.22999999999956,4,0.0,2,613.2159999999999,3801.6647,42.669639414186214,0,0,537,537,9 co-ops (side rung),sumsy,2,1.6007106751203537e-10
113,512,4,4,128416.93850000009,0.0,7585.585899999994,727.5058000000002,0.0,,0.0,0.0,0.0,0.0,0.0,0.0,0.0025,3822.4615,0.0,0.0,1.0,1037.9469,0.0,0.0,0.0,1.0,0.0,0.0,1.0,0.0,0,0,230.83812178339463,6.209964723324552,237.0480865067192,24.646097814193848,2.468288353860615,27.11438616805446,0.0,0.0,0.0,0.0,0,0,0.0,0.0,0.0,1.0,1.0,0.0,0.0,0.0,0.0,0.5,0.25,0.0,-6161.330811463818,0.0,226,2560.0,2320.4942000000015,727.5070000000003,1126.4128999999998,0.0,0.0,0.0,0.0,0.0,3,612.0804,2560.0,2320.4942000000015,1126.4128999999998,274.0,0.0,0.0,0.015,9.220927024482103,9.661800370370406,31.77831351351351,NaN,8.391099848547947,43.936246929415155,1080.0,1062.0,540.0,2045.3333333333333,1346.0,204.0,175,0,0,2,44,33.0,2048.0,56248.54910000002,24807.370600000002,34695.6247,221,547,0,55,0.43910059110126354,0.6878097480845897,0.5681372005240888,1,13010.792099999988,9792.624499999993,44,0,148.0,0,0,0,0.0,0,0.0,346583.5712783314,0.0,0,0,0,1.5,0,0.0,0,0,0.0,0,0.0,0,0,4703.1903999999995,60.0,8230.8522,4,2601.4606,2601.427199999985,7.685553440459079,5120.0,51.015625,1.4956664161708388,2,0,0.0,0,26.194233960040414,2612.0,336,8.185551242404513,0,0,6,0.0,0.0,0.0,0.0,0.0,0.0,0.0,0.0,0,0,0,0,175,0.0,6,6,33428.755300000004,3072,720.0,120.0,4798.451300000001,0.0,0.0,0.0,1250.5377999999998,1350.9228,41730.23209999998,34305.0922,0.6933253811360127,457,315791.0826884267,55,30792.488589904857,4,183.1296000000002,4,0.0,2,612.0804,3822.4615,42.48824855754812,0,0,540,540,9 co-ops (side rung),sumsy,2,1.6007106751203537e-10
114,512,4,4,128651.88849999997,0.0,7350.359500000002,527.8842999999998,0.0,,0.0,0.0,0.0,0.0,0.0,0.0,0.0025,3848.1799,0.0,0.0,1.0,1034.5860000000014,0.0,0.0,0.0,1.0,0.0,0.0,1.0,0.0,0,0,231.74996369525655,6.251252326934562,238.0012160221911,25.295879386512976,2.33483935792698,27.630718744439957,0.0,0.0,0.0,0.0,0,0,0.0,0.0,0.0,1.0,1.0,0.0,0.0,0.0,0.0,0.5,0.25,0.0,-6237.187011463839,0.0,226,2560.0,2325.049999999999,527.8842999999998,1128.4513999999997,0.0,0.0,0.0,0.0,0.0,0,611.5160000000001,2560.0,2325.049999999999,1128.4513999999997,274.0,0.0,0.0,0.015,9.062777365491648,9.63471142322097,32.28695833333333,NaN,8.34122991402413,44.40143510811069,1068.0,1078.0,534.0,2045.3333333333335,1332.0,204.0,178,0,0,1,51,37.0,2048.0,56620.54660000002,24753.2655,34724.4725,221,547,0,55,0.4440146968759022,0.688461218442749,0.5728772594278186,0,12819.451399999996,9769.673999999997,51,0,144.0,0,0,0,0.0,0,0.0,346366.83160333434,0.0,0,0,0,1.5,0,0.0,0,0,0.0,0,0.0,0,0,4649.322,58.0,8093.907999999999,4,2720.2673000000004,2720.236499999984,7.685553440459079,5120.0,51.015625,1.506216455342111,0,0,0.0,0,0.0,2612.0,336,8.162707736545139,0,0,6,0.0,0.0,0.0,0.0,0.0,0.0,0.0,0.0,0,0,0,0,178,0.0,6,6,32894.4994,3072,720.0,120.0,4627.126099999998,0.0,0.0,0.0,1246.1390000000001,1474.1283,42358.5716,34677.1466,0.6940499028756364,457,315912.14453887666,55,30454.687064457674,4,151.14789999999994,4,0.0,2,611.5160000000001,3848.1799,42.31322229237098,0,0,534,534,9 co-ops (side rung),sumsy,2,1.6007106751203537e-10
115,512,4,4,128882.27050000006,0.0,7158.845199999997,560.2352,0.0,,0.0,0.0,0.0,0.0,0.0,0.0,0.0025,3892.6417,0.0,0.0,1.0,1016.8430999999993,0.0,0.0,0.0,1.0,0.0,0.0,1.0,0.0,0,0,235.74102738408834,6.394365328127014,242.13539271221538,25.081586271606472,2.6259141685210152,27.707500440127486,0.0,0.0,0.0,0.0,0,0,0.0,0.0,0.0,1.0,1.0,0.0,0.0,0.0,0.0,0.5,0.25,0.0,-6310.691311463858,0.0,226,2560.0,2329.6179999999995,560.2352,1130.308,0.0,0.0,0.0,0.0,0.0,0,609.8976,2560.0,2329.6179999999995,1130.308,274.0,0.0,0.0,0.015,9.06774926739927,9.678744672897174,32.97949436619718,NaN,8.39929576424734,47.4404380395176,1070.0,1092.0,535.0,2046.6666666666667,1333.0,204.0,178,0,0,1,66,40.0,2048.0,56911.800100000015,24573.037,34842.5777,221,547,0,55,0.43996859833211754,0.6871334861666889,0.5746090906277177,0,12899.312299999985,9901.982200000002,66,0,142.0,0,0,0,0.0,0,0.0,346643.6213169331,0.0,0,0,0,1.5,0,0.0,0,0,0.0,0,0.0,0,0,4683.088199999999,57.0,8052.3164,4,2726.2557,2726.2322,7.685553440459079,5120.0,51.015625,1.5000740989617771,0,0,0.0,0,0.0,2612.0,336,8.078855550130209,0,0,6,0.0,0.0,0.0,0.0,0.0,0.0,0.0,0.0,0,0,0,0,178,0.0,6,6,32933.2032,3072,720.0,120.0,4513.028899999997,0.0,0.0,0.0,1265.4841000000001,1460.7716,42582.71659999998,34534.7279,0.6928651461014004,457,316262.607951423,55,30381.01336550986,4,120.88630000000012,4,0.0,2,609.8976,3892.6417,42.1443372996562,0,0,535,535,9 co-ops (side rung),sumsy,2,1.6007106751203537e-10
116,512,4,4,129107.81879999985,0.0,7055.506199999997,630.4901000000001,0.0,,0.0,0.0,0.0,0.0,0.0,0.0,0.0025,3937.6542,0.0,0.0,1.0,1017.3989999999991,0.0,0.0,0.0,1.0,0.0,0.0,1.0,0.0,0,0,236.0114447694895,6.331905150800846,242.34334992029034,25.45122376905623,2.4227928875754614,27.874016656631692,0.0,0.0,0.0,0.0,0,0,0.0,0.0,0.0,1.0,1.0,0.0,0.0,0.0,0.0,0.5,0.25,0.0,-6382.280411463874,0.0,226,2560.0,2334.451700000002,630.4901000000001,1132.2869999999994,0.0,0.0,0.0,0.0,0.0,0,608.0844,2560.0,2334.451700000002,1132.2869999999994,274.0,0.0,0.0,0.015,9.204290027700814,9.58003688073396,33.34577375000001,NaN,8.591747255736808,46.01722489833207,1090.0,1083.0,545.0,2046.6666666666667,1360.0,204.0,172,0,0,1,49,51.0,2048.0,56864.82209999995,24415.2498,34974.357899999995,221,547,0,55,0.4409001851426204,0.6869339193919111,0.5715781468596437,0,13388.555200000026,9968.246099999982,49,0,160.0,0,0,0,0.0,0,0.0,347068.3011704062,0.0,0,0,0,1.5,0,0.0,0,0,0.0,0,0.0,0,0,5335.323800000002,64.0,8307.6504,4,2612.7805000000003,2612.7181000000123,7.685553440459079,5120.0,51.015625,1.4889774055451728,0,0,0.0,0,0.0,2612.0,336,8.026696397569443,0,0,6,0.0,0.0,0.0,0.0,0.0,0.0,0.0,0.0,0,0,0,0,172,0.0,6,6,33458.7698,3072,720.0,120.0,4404.7510999999995,0.0,0.0,0.0,1257.1765,1355.6039999999998,43061.49439999992,34238.4883,0.6928016154067969,457,317140.82670886995,55,29927.474461536123,4,94.29320000000007,4,0.0,2,608.0844,3937.6542,41.98137809615951,0,0,545,545,9 co-ops (side rung),sumsy,2,1.6007106751203537e-10
117,512,4,4,129329.31600000008,0.0,7041.9032,707.1971000000001,0.0,,0.0,0.0,0.0,0.0,0.0,0.0,0.0025,3968.5184,0.0,0.0,1.0,1032.7195000000008,0.0,0.0,0.0,1.0,0.0,0.0,1.0,0.0,0,0,232.58666996333451,6.259180118726603,238.84585008206113,25.569607181418434,2.4588723781726944,28.02847955959113,0.0,0.0,0.0,0.0,0,0,0.0,0.0,0.0,1.0,1.0,0.0,0.0,0.0,0.0,0.5,0.25,0.0,-6452.836411463886,0.0,226,2560.0,2338.502799999996,707.1971000000001,1134.028200000001,0.0,0.0,0.0,0.0,0.0,0,606.7514,2560.0,2338.502799999996,1134.028200000001,274.0,0.0,0.0,0.015,9.2213651444548,9.670046741154525,33.74457810218977,NaN,8.605020405324217,50.0098242928025,1074.0,1073.0,537.0,2046.6666666666665,1335.0,204.0,178,0,0,2,59,43.0,2048.0,57396.130100000024,24245.270800000002,35025.3442,221,547,0,55,0.4423557952593622,0.6872513567667546,0.5727142583936442,0,13180.975400000005,9894.524800000001,59,0,137.0,0,0,0,0.0,0,0.0,347556.5428500727,0.0,0,0,0,1.5,0,0.0,0,0,0.0,0,0.0,0,0,4623.007199999998,55.0,8087.3011,4,2617.7572999999998,2617.6827000000008,7.685553440459079,5120.0,51.015625,1.4762676325550093,0,0,0.0,0,0.0,2612.0,336,7.882228054470485,0,0,6,0.0,0.0,0.0,0.0,0.0,0.0,0.0,0.0,0,0,0,0,178,0.0,6,6,33466.787899999996,3072,720.0,120.0,4369.530999999999,0.0,0.0,0.0,1278.5389,1339.2184,43372.756300000015,33891.1282,0.6932462005942881,457,317448.2239910787,55,30108.31885899359,4,67.70039999999972,4,0.0,2,606.7514,3968.5184,41.82413675945214,0,0,537,537,9 co-ops (side rung),sumsy,2,1.6007106751203537e-10
118,512,4,4,129545.92419999989,0.0,6897.832999999998,569.0760000000001,0.0,,0.0,0.0,0.0,0.0,0.0,0.0,0.0025,3999.0658,0.0,0.0,1.0,1034.6371000000006,0.0,0.0,0.0,1.0,0.0,0.0,1.0,0.0,0,0,231.78567144679366,6.306533326826902,238.09220477362055,25.960467485007463,2.39076687327394,28.351234358281403,0.0,0.0,0.0,0.0,0,0,0.0,0.0,0.0,1.0,1.0,0.0,0.0,0.0,0.0,0.5,0.25,0.0,-6523.256411463903,0.0,226,2560.0,2343.3917999999985,569.0760000000001,1136.191899999999,0.0,0.0,0.0,0.0,0.0,0,606.4021,2560.0,2343.3917999999985,1136.191899999999,274.0,0.0,0.0,0.015,9.286235393258435,9.853819629629669,34.37559124087591,NaN,8.547517426702314,49.038338972308026,1080.0,1068.0,540.0,2045.3333333333335,1341.0000000000002,204.0,175,0,0,1,53,35.0,2048.0,57719.0175,24195.2254,34997.9268,221,547,0,55,0.4455487238544529,0.6867629172796494,0.5716649348642144,1,13148.348499999995,9917.699400000009,53,0,137.0,0,0,0,0.0,0,0.0,347416.84384624223,0.0,0,0,0,1.5,0,0.0,0,0,0.0,0,0.0,0,0,4709.456,55.0,8028.286599999999,4,2553.8567,2553.8688000000097,7.685553440459079,5120.0,51.015625,1.483905353826837,0,0,0.0,0,0.0,2612.0,336,7.776656141493056,0,0,6,0.0,0.0,0.0,0.0,0.0,0.0,0.0,0.0,0,0,0,0,175,0.0,6,6,33054.10739999999,3072,720.0,120.0,4319.643300000001,0.0,0.0,0.0,1211.7365,1342.1201999999998,43163.791899999975,34167.3314,0.6928851422775653,457,317335.4501126733,55,30081.393733568806,4,42.654599999999846,4,0.0,2,606.4021,3999.0658,41.67241266262926,0,0,540,540,9 co-ops (side rung),sumsy,2,1.6007106751203537e-10
119,512,4,4,129758.4814000001,0.0,6753.592099999994,547.8707999999999,0.0,,0.0,0.0,0.0,0.0,0.0,0.0,0.0025,4023.6806,0.0,0.0,1.0,1041.914700000001,0.0,0.0,0.0,1.0,0.0,0.0,1.0,0.0,0,0,229.86838951434035,6.2185729783803705,236.08696249272072,25.89509260822416,2.22977628437166,28.12486889259582,0.0,0.0,0.0,0.0,0,0,0.0,0.0,0.0,1.0,1.0,0.0,0.0,0.0,0.0,0.5,0.25,0.0,-6592.232711463913,0.0,226,2560.0,2347.442800000001,547.8707999999999,1137.9912999999997,0.0,0.0,0.0,0.0,0.0,0,605.5316,2560.0,2347.442800000001,1137.9912999999997,274.0,0.0,0.0,0.015,9.262425770308127,9.709359851301153,34.655485496183196,NaN,8.55320070745837,50.34948670654311,1076.0,1071.0,538.0,2046.6666666666667,1335.0,204.0,177,0,0,2,47,37.0,2048.0,58146.30599999997,24062.989299999997,35077.3579,221,547,0,55,0.45036650059694905,0.6845660908848497,0.5728461039892572,0,13096.11829999999,9920.058000000005,47,0,131.0,0,0,0,0.0,0,0.0,347675.7076267567,0.0,0,0,0,1.5,0,0.0,0,0,0.0,0,0.0,0,0,4539.868599999999,53.0,7842.616,4,2539.9576,2539.9414000000065,7.685553440459079,5120.0,51.015625,1.4785441454368964,0,0,0.0,0,0.0,2612.0,336,7.679131239149306,0,0,6,0.0,0.0,0.0,0.0,0.0,0.0,0.0,0.0,0,0,0,0,177,0.0,6,6,32940.214400000004,3072,720.0,120.0,4232.352100000001,0.0,0.0,0.0,1196.1475,1343.8101000000001,43123.306799999955,34042.7488,0.6908240626233906,457,317869.28165558033,55,29806.4259711763,4,24.86449999999968,4,0.0,2,605.5316,4023.6806,41.52601221832648,0,0,538,538,9 co-ops (side rung),sumsy,2,1.6007106751203537e-10
120,512,4,4,129967.04650000016,0.0,6647.405000000003,568.8769,0.0,,0.0,0.0,0.0,0.0,0.0,0.0,0.0025,4052.2244,0.0,0.0,1.0,1039.2422999999997,0.0,0.0,0.0,1.0,0.0,0.0,1.0,0.0,0,0,230.48187516096624,6.390222369514921,236.87209753048117,24.907495949116417,2.5254347555225984,27.432930704639013,0.0,0.0,0.0,0.0,0,0,0.0,0.0,0.0,1.0,1.0,0.0,0.0,0.0,0.0,0.5,0.25,0.0,-6659.769511463921,0.0,226,2560.0,2351.434899999999,568.8769,1139.7402999999995,0.0,0.0,0.0,0.0,0.0,0,604.3067,2560.0,2351.434899999999,1139.7402999999995,274.0,0.0,0.0,0.015,9.248332411820783,9.81716704119852,35.717485714285715,NaN,8.653477271750775,49.28532874433216,1068.0,1049.0,534.0,2045.3333333333333,1330.0,204.0,178,0,0,2,42,22.0,2048.0,58458.10330000001,23982.5965,34900.7026,221,547,0,55,0.43588023166635437,0.6828035631649587,0.5741862654607415,0,13180.502299999998,9701.500700000002,42,0,140.0,0,0,0,0.0,0,0.0,348454.89641497174,0.0,0,0,0,1.5,0,0.0,0,0,0.0,0,0.0,0,0,5000.448,56.0,7969.113,4,2577.5870999999997,2577.614899999992,7.685553440459079,5120.0,51.015625,1.455895502118844,0,0,0.0,0,0.0,2612.0,336,7.609707112630208,0,0,6,0.0,0.0,0.0,0.0,0.0,0.0,0.0,0.0,0,0,0,0,178,0.0,6,6,33466.7234,3072,720.0,120.0,4152.325899999998,0.0,0.0,0.0,1284.2218,1293.3652999999997,44083.3716,33385.68869999999,0.6891553236316945,457,318085.46903267223,55,30369.42738229978,4,14.197799999999916,4,0.0,2,604.3067,4052.2244,41.38474863171855,0,0,534,534,9 co-ops (side rung),sumsy,2,1.6007106751203537e-10
