round,persons_alive,farms_open,bakeries_open,money_in_circulation,money_in_dead_balances,outstanding_debt,peer_lent,government_debt,termination,government_peer_debt,government_bank_debt,bonds_outstanding,government_arrears,bonds_issued,coupons,bond_rate,government_cash,government_reserve_target,surplus_redistributed,tax_scale,government_outlay,tax_shortfall,tax_policy_step,consumption_tax,consumption_tax_scale,wealth_tax,wealth_tax_base,wealth_tax_scale,clearing_residue,negative_wealth_persons,zero_cash_persons,wealth_gap_meals,wealth_bottom10_meals,wealth_top10_meals,cash_gap_meals,cash_bottom10_meals,cash_top10_meals,invoices_issued,invoices_paid,invoices_open,invoices_overdue,liquidations,refoundings,bad_debt,bank_bailouts,profit_tax,profit_tax_scale,parking_tax_scale,income_tax_accrued,income_tax_charged,wealth_tax_arrears,consumption_tax_rate_now,bracket_top_rate,bracket_bottom_rate,bank_retained_interest,cumulative_interest_paid,cumulative_write_offs,cumulative_credit_refusals,money_created,money_destroyed,credit_demand,tax,enterprise_tax,deposit_interest,buffer_pool,insurance_premiums,insurance_payouts,missed_payments,cash_banks,gi_created,demurrage_destroyed,demurrage_tax,account_fees,fees,trade_arrears,interest_rate,price_bread,price_grain,price_ticket,price_rent,price_wage,wage_bid_producers,bread_baked,bread_sold,grain_harvested,labour_offered,labour_sold,government_labour,unemployed,hungry,without_bread,half_meals,gluttons,bread_stocked,total_capacity,cash_persons,cash_farms,cash_bakeries,land_persons,land_farms,land_banks,landholders,gini_cash_persons,gini_net_wealth_persons,gini_income_persons,persons_below_meal,persons_income,bread_bill,gluttony_attempted,gluttony_refused,tickets_sold,n_greedy,hungry_greedy,hungry_others,cash_greedy,land_greedy,wealth_greedy,wealth_persons,bread_greedy,greedy_loaves,greedy_tickets,ration,tier_multiplier,tier_sold,tier_revenue,n_consumers,n_hoarders,wealth_hoarders,land_hoarders,shares_hoarders,greedy_land,greedy_shares,ticket_revenue,theatre_labour,cash_theatres,theatres_open,dividends,dividend_income_persons,share_price_mean,share_units_per_firm,founders_stake_pct,book_per_unit_mean,share_trades,share_trades_deferred,share_contracts_outstanding,share_seizures,share_volume,founders_stake_mean,outside_holders,forward_value_mean,coop_worker_open,coop_consumer_open,coop_member_open,coop_retained_reserve,coop_buffer_pledged,buffer_pledged_persons,patronage_wages,rebates,membership_capital,reserved_labour,coop_worker_hours,coop_members_worker,coop_members_consumer,worker_members,unemployed_members,unemployed_nonmembers,rebate_income_persons,coop_open,forprofit_open,cash_coops,coop_members,coop_capital,founder_capital,founder_debt,reserve_shortfall_owned,reserve_shortfall_coops,reserve_shortfall_forprofit,dividends_coops,dividends_forprofit,founders_cash,cash_forprofit,gini_net_wealth_all,n_workers,wealth_workers,n_landowners,wealth_landowners,n_farms,wealth_farms,n_bakeries,wealth_bakeries,n_banks,wealth_banks,wealth_government,land_price,deaths,closures,production_target_farms,production_target_bakeries,rung,system,seed,identity
1,512,4,4,26744.35000000008,0.0,2062.1056999999983,1049.6057000000005,456.9001,,456.9001,0.0,0.0,0.0,0.0,0.0,0.0025,118.5186,1683.0,0.0,0.9588,561.0,858.5778000000009,0.02,104.09999999999985,1.02,0.0,0.0,1.02,0.0,0,0,48.418556073688855,2.259516985013811,50.678073058702665,5.641503529411765,2.3185754901960784,7.960079019607844,0.0,0.0,0.0,0.0,0,0,0.0,0.0,0.0,1.02,1.02,0.0,0.0,0.0,0.0612,0.5,0.25,0.0,0.0,0.0,51,2560.0,240.9299999999998,2220.1857999999993,223.91599999999903,0.0,0.0,0.0,0.0,0.0,0,258.1752,2560.0,240.9299999999998,119.81599999999989,274.0,0.0,769.9,0.0,5.0,5.200000000000013,2.0,0.75,3.594822888283399,3.9200000000000013,320.0,241.0,160.0,2048.0,734.0,204.0,328,0,0,0,167,0.0,2048.0,18253.61240000001,1700.0369999999998,4334.5324,701,67,0,117,0.17606917038497416,0.5937939968189472,0.6611417367239281,3,5201.340599999997,1205.0,0,0,265.0,512,0,0,18253.61240000001,701,58662.33007720047,58662.33007720047,0.0,241,265,0,1.5,0,0.0,512,512,58662.33007720047,701,61440.0,0,49,530.0,208.0,2079.4744,4,28.977000000000004,28.9764,0.48009833895315046,5120.0,95.91145833333333,0.1505980419921875,200,0,0.0,0,3377.941582135174,4910.666666666667,146,0.44832495722862037,0,0,0,0.0,0.0,0.0,0.0,0.0,0.0,0.0,0.0,0,0,0,0,328,0.0,0,12,0.0,0,0.0,120.0,4.8413,1028.8184000000003,0.0,1028.8184000000003,0.0,28.977000000000004,6286.139699999998,8114.0438,0.6024457479644281,395,28013.4565220573,117,30648.8735551435,4,0.0,4,0.0,2,258.1752,-338.3815,37.5,0,0,160,160,S4 rung 12 + everyone greedy,sumsy,4,8.731149137020111e-11
2,512,4,4,29007.182900000014,0.0,12651.460799999988,4482.115199999999,542.1111,,542.1111,0.0,0.0,0.0,0.0,0.0,0.0025,148.1037,1683.0,0.0,0.91929744,561.0,706.8448500000004,0.02,357.27040000000017,1.0404,0.0,0.0,1.0404,0.0,0,0,100.99820198596174,2.138179835012191,103.13638182097392,4.61128156862745,1.8100607843137255,6.421342352941176,0.0,0.0,0.0,0.0,0,0,0.0,0.0,0.0,1.0404,1.0404,0.0,0.0,0.0,0.062424,0.5,0.25,0.0,-5.926999999999994,0.0,55,2560.0,297.16709999999944,6885.6653000000015,507.6585000000001,0.0,0.0,0.0,0.0,0.0,91,289.4959,2560.0,297.16709999999944,150.38809999999998,274.0,0.0,557.4249000000009,0.015,4.968022867194373,5.480646124763697,1.9505154639175253,1.071048821548822,3.5435734458940584,17.615363148148152,1058.0,1137.0,529.0,2048.0,1303.0,204.0,186,0,0,1,59,0.0,2048.0,17518.79179999999,2060.8718999999996,8509.3084,536,232,0,91,0.17154531783532456,0.7066922581239676,0.41908250000766545,1,6926.176199999987,5648.642000000002,0,0,97.0,512,0,0,17518.79179999999,536,88190.3776551522,88190.3776551522,0.0,114,97,0,1.5,0,0.0,512,512,88190.3776551522,536,61440.0,0,995,189.19999999999996,39.0,480.61120000000005,4,8.3307,8.323900000000128,0.9924488782996104,5120.0,94.0185546875,0.14095541992187496,1086,0,0.0,0,1565.41730272035,4813.75,220,0.8504336978902644,0,0,0,0.0,0.0,0.0,0.0,0.0,0.0,0.0,0.0,0,0,0,0,186,0.0,0,12,0.0,0,0.0,120.0,734.6805999999998,10282.43754741153,0.0,10282.43754741153,0.0,8.3307,6659.531300000004,11050.7915,0.7088109853576872,421,55614.524543312255,91,32575.85311183976,4,0.0,4,0.0,2,400.044,-394.00739999999996,37.5,0,0,529,529,S4 rung 12 + everyone greedy,sumsy,4,8.731149137020111e-11
3,512,4,4,31222.98590000001,0.0,16229.215634006758,3405.8848999999996,537.2796,,537.2796,0.0,0.0,0.0,0.0,0.0,0.0025,174.4894,1679.4147000000007,0.0,0.8814223854719999,557.4147000000006,620.6998000000006,0.02,413.17620000000045,1.061208,0.0,0.0,1.061208,0.0,0,0,156.47005151665948,2.0663629065935285,158.536414423253,3.7723708225175274,1.8144348692700873,5.586805691787615,0.0,0.0,0.0,0.0,0,0,0.0,0.0,0.0,1.061208,1.061208,0.0,0.0,0.0,0.06367247999999999,0.5,0.25,0.0,-56.49539999999997,0.0,61,2560.0,344.1969999999997,5072.936699999999,590.6661000000007,0.0,0.0,0.0,0.0,0.0,121,159.5837,2560.0,344.1969999999997,177.48989999999998,274.0,0.0,335.8559999999998,0.015,5.391110757314979,5.496423924268518,1.9480769230769222,1.3077023809523827,3.475457922067461,17.086902253703702,1162.0,1162.0,581.0,2046.6666666666665,1441.0,204.0,151,0,0,0,83,0.0,2048.0,16467.911599999978,2242.9415000000004,11578.8226,523,245,0,88,0.14355628611079485,0.7639801426363488,0.35852144159595656,4,8139.416200000002,6264.470700000005,0,0,182.0,512,0,0,16467.911599999978,523,121728.74782462377,121728.74782462377,0.0,138,182,0,1.5,0,0.0,512,512,121728.74782462377,523,61440.0,0,535,354.54999999999984,73.0,599.2371,4,0.0,0.0,1.4051004406926035,5120.0,92.70182291666667,0.22228379606064996,684,0,0.0,0,1921.8073665624038,4746.333333333333,232,1.2679163812056227,0,0,0,0.0,0.0,0.0,0.0,0.0,0.0,0.0,0.0,0,0,0,0,151,0.0,0,12,0.0,0,0.0,120.0,1381.2656000000009,10127.542708460209,0.0,10127.542708460209,0.0,0.0,7061.116000000008,14421.0012,0.763964313373863,424,88817.0589581378,88,32911.688866485914,4,0.0,4,0.0,2,554.1002,-362.79019999999997,53.5524410774411,0,0,581,581,S4 rung 12 + everyone greedy,sumsy,4,8.731149137020111e-11
4,512,4,4,33393.17990000003,0.0,17460.388600000017,2188.2574,544.3805,,544.3805,0.0,0.0,0.0,0.0,0.0,0.0025,201.4016,1713.221325000001,0.0,0.8451077831905535,604.8804000000007,587.3937833333346,0.02,423.2900999999986,1.08243216,0.0,0.0,1.08243216,0.0,1,0,199.32074422060168,1.762327006162289,201.08307122676396,3.160484968090303,1.6575664852885574,4.81805145337886,0.0,0.0,0.0,0.0,0,0,0.0,0.0,0.0,1.08243216,1.08243216,0.0,0.0,0.0,0.0649459296,0.5,0.25,0.0,-137.65902345679015,0.0,64,2560.0,389.80599999999987,3695.8120000000004,628.2389999999976,0.0,0.0,0.0,0.0,0.0,96,238.6457,2560.0,389.80599999999987,204.94890000000024,274.0,0.0,64.1384,0.015,5.647071315789472,5.626850350877206,1.9474999999999998,1.4199895384615397,3.318585199259509,16.574295186092595,1140.0,1140.0,570.0,2048.0,1390.0,204.0,164,0,0,0,59,0.0,2048.0,16459.872,2548.8799,13414.1303,527,241,0,92,0.13005940399703664,0.7998779393496098,0.336475189942504,4,7864.992399999993,6437.661299999998,0,0,108.0,512,0,0,16459.872,527,156947.98481483513,156947.98481483513,0.0,116,108,0,1.5,0,0.0,512,512,156947.98481483513,527,61440.0,0,221,210.32999999999998,44.0,530.2504000000001,4,41.8046,41.80639999999965,2.0246305528806467,5120.0,92.0263671875,0.2920677944413445,329,0,0.0,0,1165.7754441584827,4711.75,232,1.6051590901775559,0,0,0,0.0,0.0,0.0,0.0,0.0,0.0,0.0,0.0,0,0,0,0,164,0.0,0,12,0.0,0,0.0,120.0,1840.6376,7602.476196781192,0.0,7602.476196781192,0.0,41.8046,7467.456099999995,16493.2606,0.798928327646377,420,115897.21721073089,92,41050.76760410466,4,0.0,4,0.0,2,772.7436,-342.97889999999995,65.38511904761913,0,0,570,570,S4 rung 12 + everyone greedy,sumsy,4,8.731149137020111e-11
5,512,4,4,35524.01679999999,0.0,18620.391953846123,1934.1456000000005,560.5828,,560.5828,0.0,0.0,0.0,0.0,0.0,0.0025,226.2318,1750.7392200000008,0.0,0.8102893425231027,633.6036,572.4232600000007,0.02,415.99970000000064,1.1040808032,0.0,0.0,1.1040808032,0.0,2,0,220.52841577048738,1.6583887890347608,222.18680455952213,3.1487586594072434,1.737431920392289,4.886190579799532,0.0,0.0,0.0,0.0,0,0,0.0,0.0,0.0,1.1040808032,1.1040808032,0.0,0.0,0.0,0.066244848192,0.5,0.25,0.0,-236.43442345678898,0.0,66,2560.0,429.16309999999964,3122.006200000001,646.1485000000014,0.0,0.0,0.0,0.0,0.0,93,224.0309,2560.0,429.16309999999964,230.1488,274.0,0.0,0.0,0.015,5.65454521894549,5.6411112478032015,1.9475000000000002,1.5456653374233107,3.2358901482585165,16.077066330509812,1138.0,1119.0,569.0,2048.0,1360.0,204.0,172,0,0,0,46,0.0,2048.0,17517.644800000005,2912.5168999999996,14399.1721,525,243,0,90,0.12426987224047359,0.8169187130330646,0.3692251179987249,3,7470.504699999999,6327.4361000000035,0,0,40.0,512,0,0,17517.644800000005,525,175982.4244210323,175982.4244210323,0.0,95,40,0,1.5,0,0.0,512,512,175982.4244210323,525,61440.0,0,217,77.9,16.0,244.4203,4,57.31120000000001,57.31279999999994,2.366364511340512,5120.0,91.41276041666667,0.33608569235777264,280,0,0.0,0,1369.4995220154476,4680.333333333333,232,1.822036466624945,0,0,0,0.0,0.0,0.0,0.0,0.0,0.0,0.0,0.0,0,0,0,0,172,0.0,0,12,0.0,0,0.0,120.0,2521.8605,6221.0220660063105,0.0,6221.0220660063105,0.0,57.31120000000001,7866.280600000004,17556.1093,0.8156054112717861,422,132093.44555630907,90,43888.97886472321,4,0.0,4,0.0,2,959.5595999999999,-334.351,70.99947692307698,0,0,569,569,S4 rung 12 + everyone greedy,sumsy,4,8.731149137020111e-11
6,512,4,4,37607.18900000002,0.0,18928.94239999998,1350.9032,536.4869,,536.4869,0.0,0.0,0.0,0.0,0.0,0.0025,256.6931,1776.1693500000008,0.0,0.7769054216111508,634.4400000000005,551.0377000000008,0.02,427.5331999999992,1.126162419264,0.0,0.0,1.126162419264,0.0,4,1,247.61865631120097,1.3130346562480206,248.93169096744896,4.681053974750111,1.580814185404044,6.261868160154155,0.0,0.0,0.0,0.0,0,0,0.0,0.0,0.0,1.126162419264,1.126162419264,0.0,0.0,0.0,0.06756974515584001,0.5,0.25,0.0,-353.7039968213883,0.0,67,2560.0,476.82779999999997,1940.5847999999999,688.4368999999995,0.0,0.0,0.0,0.0,0.0,5,369.69280000000003,2560.0,476.82779999999997,260.90369999999984,274.0,0.0,0.0,0.015,5.57360983318701,5.618806249999994,1.9533333333333331,1.7162504731861186,3.2091896688173307,15.594754340594518,1120.0,1139.0,560.0,2048.0,1348.0,204.0,175,0,0,1,69,0.0,2048.0,18559.441000000017,3274.5505,14832.163100000002,525,243,0,90,0.18358141172934617,0.8312401441350987,0.40800991203637116,4,7345.282500000006,6348.341600000004,0,0,54.0,512,0,0,18559.441000000017,525,193189.63041348048,193189.63041348048,0.0,116,54,0,1.5,0,0.0,512,512,193189.63041348048,525,61440.0,0,454,105.47999999999999,22.0,314.6485,4,111.2012,111.20129999999978,2.397977250119504,5120.0,90.34505208333333,0.38819520263172563,522,0,0.0,0,1565.989840308804,4625.666666666667,232,1.99623836098366,0,0,0,0.0,0.0,0.0,0.0,0.0,0.0,0.0,0.0,0,0,0,0,175,0.0,0,12,0.0,0,0.0,120.0,3216.3893000000025,5354.505702291391,0.0,5354.505702291391,0.0,111.2012,7766.363599999998,18421.362100000002,0.8292273273375179,422,145415.68454405188,90,47773.945869428666,4,0.0,4,89.40969999999993,2,1154.4679,-279.7938,77.28326687116554,0,0,560,560,S4 rung 12 + everyone greedy,sumsy,4,8.731149137020111e-11
7,512,4,4,39643.41720000007,0.0,18899.787499999984,1085.7994999999999,508.21630000000005,,508.21630000000005,0.0,0.0,0.0,0.0,0.0,0.0025,348.7763,1790.4409714285723,0.0,0.7448969182407714,625.3569000000002,501.48626190476244,0.02,454.4313000000019,1.14868566764928,0.0,0.0,1.14868566764928,0.0,4,0,256.2275615771557,0.9912720840116581,257.21883366116737,6.604862832733086,1.4529229229462586,8.057785755679344,0.0,0.0,0.0,0.0,0,0,0.0,0.0,0.0,1.14868566764928,1.14868566764928,0.0,0.0,0.0,0.0689211400589568,0.5,0.25,0.0,-479.0098968213894,0.0,74,2560.0,523.7718000000002,3569.8683000000005,746.1110000000019,0.0,0.0,0.0,0.0,0.0,0,539.83,2560.0,523.7718000000002,291.6796999999999,274.0,0.0,0.0,0.015,5.509406454388975,5.608418244406193,1.9486746987951802,1.9069757396449716,3.2285205040303437,15.126911710376682,1162.0,1162.0,581.0,2046.6666666666667,1435.0,204.0,152,1,1,0,81,0.0,2047.0,19463.422000000002,3600.9305999999997,15248.051,525,243,0,90,0.2458937734426918,0.8316284075081466,0.39169548774897867,2,7728.899500000023,6401.930299999989,0,0,166.0,512,1,0,19463.422000000002,525,198630.9035748013,198630.9035748013,0.0,140,166,0,1.5,0,0.0,512,512,198630.9035748013,525,61440.0,0,477,323.4799999999999,67.0,442.40729999999996,4,85.3986,85.39090000000047,2.412518885813777,5120.0,86.2939453125,0.4492634106316949,526,0,0.0,0,1861.1236643387,4418.25,232,2.1255068000913835,0,0,0,0.0,0.0,0.0,0.0,0.0,0.0,0.0,0.0,0,0,0,0,152,0.0,0,12,0.0,0,0.0,120.0,3795.512000000002,5709.486415629832,0.0,5709.486415629832,0.0,85.3986,7661.6020000000035,19291.388899999998,0.8297047661957169,422,145638.74316696072,90,52992.16040784037,4,0.0,4,84.93910000000005,2,1280.7181000000003,-159.44000000000005,85.81252365930592,0,0,581,581,S4 rung 12 + everyone greedy,sumsy,4,8.731149137020111e-11
8,512,4,4,41643.318100000004,0.0,19130.62780000001,1400.0843999999995,479.94570000000004,,479.94570000000004,0.0,0.0,0.0,0.0,0.0,0.0025,507.0442,1798.4442375000003,0.0,0.7142071652092515,618.1556999999996,430.4666791666668,0.02,491.70200000000165,1.1716593810022657,0.0,0.0,1.1716593810022657,0.0,9,0,294.3797641444425,0.8124359729495281,295.192200117392,7.57875774975399,1.5642404215148062,9.142998171268797,0.0,0.0,0.0,0.0,0,0,0.0,0.0,0.0,1.1716593810022657,1.1716593810022657,0.0,0.0,0.0,0.07029956286013594,0.5,0.25,0.0,-607.9643968213933,0.0,81,2560.0,560.0991,3644.3535999999995,808.3643000000027,0.0,0.0,0.0,0.0,0.0,0,533.2299,2560.0,560.0991,316.6622999999997,274.0,0.0,0.0,0.015,5.449990825688079,5.5434830564784,1.9474999999999991,1.9747022284122577,3.255736247837277,14.673104359065382,1204.0,1199.0,602.0,2047.0,1534.0,204.0,128,1,0,1,83,0.0,2047.0,20401.859800000013,3894.5283000000004,15679.1473,525,243,0,90,0.25888317167275576,0.8434591259514459,0.35439546992993165,3,8140.041100000031,6534.539000000007,0,0,308.0,512,1,0,20401.859800000013,525,221802.36538477635,221802.36538477635,0.0,177,308,0,1.5,0,0.0,512,512,221802.36538477635,525,61440.0,0,501,599.8299999999997,124.0,627.5086,4,70.0008,69.99610000000007,2.7641950413885916,5120.0,85.27018229166667,0.5149616819122135,552,0,0.0,0,1508.3170364848204,4365.833333333333,228,2.2716994589842803,0,0,0,0.0,0.0,0.0,0.0,0.0,0.0,0.0,0.0,0,0,0,0,128,0.0,0,12,0.0,0,0.0,120.0,4513.659800000001,6499.7649334151,0.0,6499.7649334151,0.0,70.0008,7595.888500000003,20201.1842,0.8416554009270762,422,162426.12625266516,90,59376.23913211107,4,0.0,4,80.46849999999995,2,1324.465,27.098499999999945,95.34878698224858,0,0,602,602,S4 rung 12 + everyone greedy,sumsy,4,8.731149137020111e-11
9,512,4,4,43605.2594,0.0,19858.988999999976,1967.6084000000005,451.67510000000004,,451.67510000000004,0.0,0.0,0.0,0.0,0.0,0.0025,670.0317,1802.4471000000008,0.0,0.6847818300026304,611.4900000000004,377.47180000000026,0.02,466.2907000000013,1.195092568622311,0.0,0.0,1.195092568622311,0.0,11,0,306.0039911632937,0.7239406005449431,306.7279317638386,8.324468051572548,1.6028443963112686,9.927312447883818,0.0,0.0,0.0,0.0,0,0,0.0,0.0,0.0,1.195092568622311,1.195092568622311,0.0,0.0,0.0,0.07170555411733866,0.5,0.25,0.0,-743.1714968213928,0.0,85,2560.0,598.0587000000004,4029.495,809.7423000000009,0.0,0.0,0.0,0.0,0.0,0,265.4297,2560.0,598.0587000000004,343.4516,274.0,0.0,0.0,0.015,5.36198968888889,5.477835227272741,1.9311254019292587,1.9544962466487938,3.2195953682307747,14.232911228293418,1232.0,1125.0,616.0,2046.0,1604.0,204.0,110,0,0,0,69,0.0,2048.0,21511.753600000015,4182.8767,16319.975900000001,525,243,0,90,0.2760115888205934,0.8423377185053931,0.3362144957318163,1,8309.498399999993,6032.238400000001,0,0,311.0,512,0,0,21511.753600000015,525,229182.9846379327,229182.9846379327,0.0,101,311,0,1.5,0,0.0,512,512,229182.9846379327,525,61440.0,0,275,600.5799999999995,166.0,655.1918,4,71.697,71.69739999999966,2.857136871916229,5120.0,84.60611979166667,0.5443053104688954,325,0,0.0,0,1633.6255524758233,4331.833333333333,228,2.268088783244614,0,0,0,0.0,0.0,0.0,0.0,0.0,0.0,0.0,0.0,0,0,0,0,110,0.0,0,12,0.0,0,0.0,120.0,5140.629800000001,6663.000592719791,0.0,6663.000592719791,0.0,71.697,7421.372500000004,21158.044399999995,0.8407059809943178,422,166478.16703968626,90,62704.817598246496,4,0.0,4,75.99789999999985,2,1379.654,218.35659999999996,98.73511142061288,0,0,616,616,S4 rung 12 + everyone greedy,sumsy,4,8.731149137020111e-11
10,512,4,4,45525.98600000003,0.0,19625.81179999999,1103.0642,423.4044,,423.4044,0.0,0.0,0.0,0.0,0.0,0.0025,891.8923,1802.6873100000007,0.0,0.656568818606522,601.6163999999999,303.5983366666669,0.02,490.7872999999971,1.2189944199947573,0.0,0.0,1.2189944199947573,0.0,9,1,327.2812078168477,0.5522449313129294,327.83345274816065,10.51753472446236,1.5547647117293675,12.072299436191727,0.0,0.0,0.0,0.0,0,0,0.0,0.0,0.0,1.2189944199947573,1.2189944199947573,0.0,0.0,0.0,0.07313966519968544,0.5,0.25,0.0,-889.375243893681,0.0,92,2560.0,639.2733999999995,4150.369599999998,863.225799999997,0.0,0.0,0.0,0.0,0.0,3,510.70029999999997,2560.0,639.2733999999995,372.43850000000015,274.0,0.0,0.0,0.015,5.250317811704845,5.623562944162455,1.9020639534883819,1.9334264367816085,3.1187662619182643,13.805923891444616,1182.0,1179.0,591.0,2048.0,1623.0,204.0,106,0,0,0,83,0.0,2048.0,22733.31720000001,4566.1708,16331.798700000001,525,243,0,90,0.3207008788954919,0.8465704603888946,0.31218566661953173,3,8123.784899999995,6190.124700000012,0,0,344.0,512,0,0,22733.31720000001,525,239144.99596903045,239144.99596903045,0.0,155,344,0,1.5,0,0.0,512,512,239144.99596903045,525,61440.0,0,263,654.3100000000034,235.0,492.1067,4,163.8229,163.83460000000042,3.052478326064447,5120.0,83.5205078125,0.5578996597783666,313,0,0.0,0,2231.387139980505,4276.25,228,2.331330434809652,0,0,0,0.0,0.0,0.0,0.0,0.0,0.0,0.0,0.0,0,0,0,0,106,0.0,0,12,0.0,0,0.0,120.0,5669.7023,6531.916552187733,0.0,6531.916552187733,0.0,163.8229,7706.513799999997,21390.0762,0.8449103124021202,422,175605.52073446847,90,63539.47523456197,4,0.0,4,101.03370000000041,2,1557.7462999999998,468.48789999999997,97.7248123324397,0,0,591,591,S4 rung 12 + everyone greedy,sumsy,4,8.731149137020111e-11
11,512,4,4,47404.03380000003,0.0,19043.230600000014,809.2971000000001,395.13360000000006,,395.13360000000006,0.0,0.0,0.0,0.0,0.0,0.0025,1136.1838,1799.4663818181825,0.0,0.6295181832799333,589.0857000000002,221.09419393939416,0.02,474.79939999999294,1.2433743083946525,0.0,0.0,1.2433743083946525,0.0,12,0,333.593164014493,0.45268047783931264,334.0458444923323,13.182971522556938,1.560581906513504,14.743553429070444,0.0,0.0,0.0,0.0,0,0,0.0,0.0,0.0,1.2433743083946525,1.2433743083946525,0.0,0.0,0.0,0.07460245850367915,0.5,0.25,0.0,-1037.2720148445223,0.0,100,2560.0,681.9522000000006,3053.705899999999,877.9383999999934,0.0,0.0,0.0,0.0,0.0,3,634.2043,2560.0,681.9522000000006,403.13899999999984,274.0,0.0,272.7450999999998,0.015,5.136815120274913,5.582266504065049,1.8500000000000092,1.940187903225807,3.123070601934602,13.391746174701277,1230.0,1164.0,615.0,2048.0,1692.0,204.0,89,1,1,1,84,0.0,2047.0,24200.02610000002,4957.913799999999,16055.3854,525,243,0,90,0.37180113833669814,0.8479477244787657,0.3188843117747351,1,8087.849099999983,5979.252799999998,0,0,277.0,512,1,0,24200.02610000002,525,238467.60256982013,238467.60256982013,0.0,143,277,0,1.5,0,0.0,512,512,238467.60256982013,525,61440.0,0,784,512.4500000000025,256.0,420.3204,4,128.5066,128.50490000000016,3.035068679771547,5120.0,81.78059895833333,0.5682553370263109,827,0,0.0,0,2004.6579387453578,4187.166666666667,228,2.368771286261643,0,0,0,0.0,0.0,0.0,0.0,0.0,0.0,0.0,0.0,0,0,0,0,89,0.0,0,12,0.0,0,0.0,120.0,5895.5269,7141.775923845543,0.0,7141.775923845543,0.0,128.5066,8163.343699999999,21433.619599999998,0.8464363964381318,422,174453.37381755625,90,64014.22875226397,4,0.0,4,95.08780000000024,2,1614.0719,741.0501999999999,96.67132183908042,0,0,615,615,S4 rung 12 + everyone greedy,sumsy,4,8.731149137020111e-11
12,512,4,4,49246.52760000011,0.0,19210.545300000023,1600.5610000000001,366.863,,366.863,0.0,0.0,0.0,0.0,0.0,0.0025,1415.0275,1793.5986000000005,0.0,0.6035820341288001,576.3509999999999,126.19036666666686,0.02,475.6195000000052,1.2682417945625455,0.0,0.0,1.2682417945625455,0.0,13,0,318.5950418633903,0.5083925284483211,319.1034343918386,14.227721800249808,1.691021098036551,15.918742898286359,0.0,0.0,0.0,0.0,0,0,0.0,0.0,0.0,1.2682417945625455,1.2682417945625455,0.0,0.0,0.0,0.07609450767375273,0.5,0.25,0.0,-1183.4391148445322,0.0,108,2560.0,717.5061999999992,3403.7843000000003,905.5174000000051,0.0,0.0,0.0,0.0,0.0,0,696.9227000000001,2560.0,717.5061999999992,429.8978999999998,274.0,0.0,239.7126999999999,0.015,5.046751206896552,5.650666993464091,1.7729319727891073,1.9153073170731711,3.1361270204595697,12.989993789460238,1224.0,1160.0,612.0,2045.6666666666667,1686.0,204.0,89,0,0,1,82,0.0,2048.0,25218.506099999988,5387.325400000001,16407.874799999998,525,243,0,90,0.3803699158672478,0.8393647410516631,0.3403739609975689,1,8363.20850000001,5854.2314,0,0,294.0,512,0,0,25218.506099999988,525,227507.79590284592,227507.79590284592,0.0,137,294,0,1.5,0,0.0,512,512,227507.79590284592,525,61440.0,0,1081,521.2419999999976,256.0,120.87109999999998,4,120.31479999999999,120.30779999999986,2.795306518421258,5120.0,81.35579427083333,0.5779170853547128,1129,0,0.0,0,2810.5102129099937,4165.416666666667,228,2.377856834069499,0,0,0,0.0,0.0,0.0,0.0,0.0,0.0,0.0,0.0,0,0,0,0,89,0.0,0,12,0.0,0,0.0,120.0,6122.771000000002,6420.516969414126,0.0,6420.516969414126,0.0,120.31479999999999,8084.305299999996,21916.071300000003,0.8380120336179908,422,162301.30822637142,90,65206.48767647447,4,0.0,4,89.14190000000008,2,1609.6118999999999,1048.1644999999999,97.00939516129034,0,0,612,612,S4 rung 12 + everyone greedy,sumsy,4,8.731149137020111e-11
13,512,4,4,51053.33020000001,0.0,18950.589799999987,1253.3186,338.59220000000005,,338.59220000000005,0.0,0.0,0.0,0.0,0.0,0.0025,1726.2136,1794.9105750000003,0.0,0.5847447701983058,566.2478999999995,22.898991666666763,0.01525546596935835,476.91709999999756,1.2875894141004125,0.0,0.0,1.2875894141004125,0.0,5,0,362.83857997219127,0.6785408215909444,363.5171207937822,15.624579935563913,1.8637268414225014,17.488306776986416,0.0,0.0,0.0,0.0,0,0,0.0,0.0,0.0,1.2875894141004125,1.2875894141004125,0.0,0.0,0.0,0.07725536484602474,0.5,0.25,0.0,-1335.2197148445289,0.0,114,2560.0,753.197400000001,2623.3123999999984,934.1630999999971,0.0,0.0,0.0,0.0,0.0,0,727.9360999999999,2560.0,753.197400000001,457.24599999999987,274.0,0.0,594.199399999998,0.015,4.946550809889174,5.624563218390826,1.697215328467165,1.916257377049179,3.0767948325875865,12.600293975776433,1218.0,1173.0,609.0,2046.6666666666665,1680.0,204.0,91,0,0,1,100,0.0,2048.0,25837.839500000002,5814.6497,16740.3658,525,243,0,90,0.3931765833010987,0.8444972499851433,0.3291105977109785,0,7843.469199999995,5802.304100000001,0,0,274.0,512,0,0,25837.839500000002,525,251088.2730727594,251088.2730727594,0.0,150,274,0,1.5,0,0.0,512,512,251088.2730727594,525,61440.0,0,183,465.0370000000032,256.0,206.3255,4,148.80180000000001,148.80290000000008,2.958415909083605,5120.0,79.033203125,0.5872931120188645,305,0,0.0,0,2967.4857499660425,4046.5,228,2.7081926740462383,0,0,0,0.0,0.0,0.0,0.0,0.0,0.0,0.0,0.0,0,0,0,0,91,0.0,0,12,0.0,0,0.0,120.0,6012.331400000004,5831.378056734457,0.0,5831.378056734457,0.0,148.80180000000001,8485.180999999999,22761.340999999997,0.8433555041516971,422,183977.70560599293,90,67110.56746676638,4,0.0,4,83.19599999999991,2,1573.4471,1387.6214,95.76536585365855,0,0,609,609,S4 rung 12 + everyone greedy,sumsy,4,8.731149137020111e-11
14,512,4,4,52824.28970000005,0.0,17818.948699999997,444.2994000000001,310.3214,,310.3214,0.0,0.0,0.0,0.0,0.0,0.0025,2100.8233,1793.4111750000002,0.0,0.5386668823066793,555.0024000000002,0.0,-0.02,511.21950000000646,1.2618376258184043,0.0,0.0,1.2618376258184043,0.0,3,0,383.91237630721645,1.040365249039461,384.9527415562559,18.796914401642614,1.8140126781703836,20.610927079813,0.0,0.0,0.0,0.0,0,0,0.0,0.0,0.0,1.2618376258184043,1.2618376258184043,0.0,0.0,0.0,0.07571025754910425,0.5,0.25,0.0,-1488.348114844535,0.0,121,2560.0,789.0405000000003,2028.0398000000005,993.8585000000065,0.0,0.0,0.0,0.0,0.0,0,750.2708,2560.0,789.0405000000003,482.6390000000001,274.0,0.0,434.7465000000006,0.015,4.854869794238675,5.608481239530985,1.6639407407407438,1.8771802259887003,3.015384239655516,12.222285156503139,1194.0,1215.0,597.0,2046.6666666666667,1656.0,204.0,98,0,0,0,119,0.0,2048.0,27312.243600000005,6251.3986,16323.3262,525,243,0,90,0.421580754917938,0.8442925627154845,0.35073249920792127,1,8108.912600000007,5898.66679999999,0,0,432.0,512,0,0,27312.243600000005,525,259973.38303496706,259973.38303496706,0.0,191,432,0,1.5,0,0.0,512,512,259973.38303496706,525,61440.0,0,1075,718.8224000000014,256.0,86.22720000000001,4,251.7727,251.7725000000005,3.1034661112824256,5120.0,77.28352864583333,0.6010248247257083,1127,0,0.0,0,2396.9520807050817,3956.9166666666665,228,2.795002648130995,0,0,0,0.0,0.0,0.0,0.0,0.0,0.0,0.0,0.0,0,0,0,0,98,0.0,0,12,0.0,0,0.0,120.0,5991.3231000000005,6036.561161826999,0.0,6036.561161826999,0.0,251.7727,9729.307099999996,22660.952,0.8433495829750468,422,191328.865635594,90,68644.51739937291,4,0.0,4,77.25009999999997,2,1528.6035000000002,1790.5019,95.81286885245895,0,0,597,597,S4 rung 12 + everyone greedy,sumsy,4,8.731149137020111e-11
15,512,4,4,54555.92949999993,0.0,16775.18110000001,554.3874999999999,282.0507,,282.0507,0.0,0.0,0.0,0.0,0.0,0.0025,2443.1183,1790.236425,0.0,0.49621993198091285,544.7157,0.0,-0.02,464.52129999999636,1.2366008733020362,0.0,0.0,1.2366008733020362,0.0,9,0,388.42699761688874,0.8192520479805948,389.2462496648693,22.535017643608033,1.8022934436642561,24.33731108727229,0.0,0.0,0.0,0.0,0,0,0.0,0.0,0.0,1.2366008733020362,1.2366008733020362,0.0,0.0,0.0,0.07419605239812217,0.5,0.25,0.0,-1634.1080148445228,0.0,130,2560.0,828.3601999999985,3578.8728000000006,958.1465999999955,0.0,0.0,0.0,0.0,0.0,0,752.8039,2560.0,828.3601999999985,493.6252999999997,274.0,0.0,683.6650999999998,0.015,4.791685666104544,5.557557003257339,1.6460999999999932,1.8514948787061984,2.945109817108633,11.855616601808045,1228.0,1186.0,614.0,2048.0,1690.0,204.0,89,0,0,0,108,0.0,2048.0,28756.01300000001,6721.1462,15752.4622,525,243,0,90,0.463301880766642,0.8414139118061883,0.3457846972671066,1,7678.716299999993,5682.939199999989,0,0,275.0,512,0,0,28756.01300000001,525,259448.4461265637,259448.4461265637,0.0,163,275,0,1.5,0,0.0,512,512,259448.4461265637,525,61440.0,0,183,452.67749999999813,256.0,130.3859,4,134.0743,134.07979999999992,3.1006346003970267,5120.0,76.87825520833333,0.6075478897422316,232,0,0.0,0,2650.5301238973598,3936.1666666666665,228,2.8472481725854806,0,0,0,0.0,0.0,0.0,0.0,0.0,0.0,0.0,0.0,0,0,0,0,89,0.0,0,12,0.0,0,0.0,120.0,6023.393000000001,5415.30475166529,0.0,5415.30475166529,0.0,134.0743,10709.484499999999,22603.9943,0.8406357078407478,422,191162.2968043855,90,68286.14932217816,4,0.0,4,71.30420000000004,2,1463.9582,2161.0676000000003,93.85901129943501,0,0,614,614,S4 rung 12 + everyone greedy,sumsy,4,8.731149137020111e-11
16,512,4,4,56249.809399999955,0.0,15638.007499999987,488.70009999999996,253.78,,253.78,0.0,0.0,0.0,0.0,0.0,0.0025,2781.9925,1773.4229999999998,0.0,0.45711780134081686,537.6266999999998,0.0,-0.02,451.50189999999617,1.2118688558359954,0.0,0.0,1.2118688558359954,0.0,8,0,423.75751917013844,0.8982052970381079,424.6557244671765,25.633128643409524,1.7815088440675309,27.414637487477055,0.0,0.0,0.0,0.0,0,0,0.0,0.0,0.0,1.2118688558359954,1.2118688558359954,0.0,0.0,0.0,0.07271213135015972,0.5,0.25,0.0,-1773.3711148445373,0.0,137,2560.0,866.1200999999985,2430.4402,954.5206999999964,0.0,0.0,0.0,0.0,0.0,0,750.5409,2560.0,866.1200999999985,503.0187999999999,274.0,0.0,860.9154999999975,0.015,4.706712718204489,5.508068627450964,1.6331999999999922,1.8158056910569138,2.902761940531989,11.499948103753802,1224.0,1203.0,612.0,2048.0,1686.0,204.0,90,0,0,0,124,0.0,2048.0,30143.089799999983,7179.5602,15305.328099999999,525,243,0,90,0.4940360687368879,0.8450050777817615,0.36257146081490643,0,7619.885900000001,5662.1754,0,0,259.0,512,0,0,30143.089799999983,525,276183.0659505485,276183.0659505485,0.0,179,259,0,1.5,0,0.0,512,512,276183.0659505485,525,61440.0,0,167,422.99879999999797,256.0,89.29790000000001,4,82.4876,82.48450000000007,3.399023165563049,5120.0,76.56901041666667,0.6171611242884165,207,0,0.0,0,1948.2972316180558,3920.3333333333335,228,2.8594581979091664,0,0,0,0.0,0.0,0.0,0.0,0.0,0.0,0.0,0.0,0,0,0,0,90,0.0,0,12,0.0,0,0.0,120.0,5991.895199999995,4550.229702151424,0.0,4550.229702151424,0.0,82.4876,11343.084999999986,22574.1862,0.844459620348101,422,206083.92444585345,90,70099.14150469525,4,0.0,4,65.35829999999987,2,1394.5169,2528.2124999999996,92.57474393530993,0,0,612,612,S4 rung 12 + everyone greedy,sumsy,4,8.731149137020111e-11
17,512,4,4,57907.391000000025,0.0,14496.063899999997,508.3646000000001,225.5093,,225.5093,0.0,0.0,0.0,0.0,0.0,0.0025,3114.6732,1747.0457999999999,0.0,0.42109691859516046,528.0948000000003,0.0,-0.02,434.48360000000423,1.1876314787192754,0.0,0.0,1.1876314787192754,0.0,6,0,398.9936945585576,0.9531391986634835,399.94683375722104,28.812847564268836,1.828558596047731,30.641406160316567,0.0,0.0,0.0,0.0,0,0,0.0,0.0,0.0,1.1876314787192754,1.1876314787192754,0.0,0.0,0.0,0.07125788872315653,0.5,0.25,0.0,-1905.2033148445346,0.0,149,2560.0,902.4184000000004,4160.131399999999,945.527900000003,0.0,0.0,0.0,0.0,0.0,0,749.8285000000001,2560.0,902.4184000000004,511.0442999999999,274.0,0.0,979.6891999999988,0.015,4.620015976331363,5.4293853932584035,1.6184999999999943,1.7993097368421047,2.8572246293808634,11.154949660641188,1246.0,1183.0,623.0,2048.0,1708.0,204.0,85,0,0,2,102,0.0,2048.0,31674.118399999996,7598.1854,14679.7515,525,243,0,90,0.5193804313784782,0.838024650432468,0.34373870422411335,0,7640.9219,5465.478900000002,0,0,315.0,512,0,0,31674.118399999996,525,259667.83586994006,259667.83586994006,0.0,161,315,0,1.5,0,0.0,512,512,259667.83586994006,525,61440.0,0,155,509.82749999999817,256.0,90.834,4,88.4433,88.44980000000011,3.109144672934947,5120.0,76.23860677083333,0.621937870220402,200,0,0.0,0,2493.8081186318195,3903.4166666666665,228,2.7992261779745946,0,0,0,0.0,0.0,0.0,0.0,0.0,0.0,0.0,0.0,0,0,0,0,85,0.0,0,12,0.0,0,0.0,120.0,5941.6611,4949.177499512344,0.0,4949.177499512344,0.0,88.4433,12078.877699999995,22368.7709,0.8377092767271246,422,190520.33287931068,90,69147.50299062947,4,0.0,4,59.41239999999971,2,1326.6263999999999,2889.1639,90.79028455284569,0,0,623,623,S4 rung 12 + everyone greedy,sumsy,4,8.731149137020111e-11
18,512,4,4,59524.466899999985,0.0,13232.106000000003,409.6112,197.2386,,197.2386,0.0,0.0,0.0,0.0,0.0,0.0025,3441.8377,1718.0267999999996,0.0,0.3879144814098618,518.3639999999996,0.0,-0.02,415.7368000000085,1.16387884914489,0.0,0.0,1.16387884914489,0.0,4,0,388.1661625642581,1.0106241865233583,389.1767867507815,32.55684353159774,1.703162559524827,34.26000609112257,0.0,0.0,0.0,0.0,0,0,0.0,0.0,0.0,1.16387884914489,1.16387884914489,0.0,0.0,0.0,0.0698327309486934,0.5,0.25,0.0,-2029.3554934865188,0.0,158,2560.0,942.9241000000004,3946.196800000001,936.8694000000086,0.0,0.0,0.0,0.0,0.0,5,746.4217,2560.0,942.9241000000004,521.1325999999999,274.0,0.0,1146.142699999999,0.015,4.511278290025146,5.336073752012872,1.6096000000000001,1.7703373015873034,2.8199359698030384,10.820301170821951,1242.0,1193.0,621.0,2045.3333333333335,1704.0000000000002,204.0,85,0,0,1,107,0.0,2048.0,33146.45129999998,7966.3031,14131.0831,525,243,0,90,0.5537763454817117,0.8327168367906934,0.39639561274170076,0,7465.6318,5381.954999999999,0,0,281.0,512,0,0,33146.45129999998,525,250940.50526375364,250940.50526375364,0.0,170,281,0,1.5,0,0.0,512,512,250940.50526375364,525,61440.0,0,179,452.29760000000005,256.0,92.36999999999999,4,56.0974,56.10669999999999,2.9496516046102332,5120.0,75.92610677083333,0.6309398519308524,223,0,0.0,0,1943.6926134550822,3887.4166666666665,228,2.7320101790839852,0,0,0,0.0,0.0,0.0,0.0,0.0,0.0,0.0,0.0,0,0,0,0,85,0.0,0,12,0.0,0,0.0,120.0,5812.3735,4317.347851287588,0.0,4317.347851287588,0.0,56.0974,12594.934500000001,22189.7562,0.8327293263951678,422,181430.56041277602,90,69509.94485097754,4,0.0,4,53.466499999999996,2,1256.5758,3244.5991,89.96548684210524,0,0,621,621,S4 rung 12 + everyone greedy,sumsy,4,8.731149137020111e-11
19,512,4,4,61107.324000000066,0.0,11949.494400000005,413.5966000000001,168.96790000000001,,168.96790000000001,0.0,0.0,0.0,0.0,0.0,0.0025,3758.9108,1688.228775,0.0,0.35734682027476466,506.1648000000002,0.0,-0.02,393.97299999999626,1.140601272161992,0.0,0.0,1.140601272161992,0.0,3,0,413.61496860766323,1.0179617264773004,414.63293033414055,36.489221406916045,1.6935572030726282,38.182778609988674,0.0,0.0,0.0,0.0,0,0,0.0,0.0,0.0,1.140601272161992,1.140601272161992,0.0,0.0,0.0,0.06843607632971951,0.5,0.25,0.0,-2145.027093486527,0.0,165,2560.0,977.1429000000003,3971.8896999999997,921.0148999999958,0.0,0.0,0.0,0.0,0.0,0,740.7563,2560.0,977.1429000000003,527.0419,274.0,0.0,1310.1540999999988,0.015,4.404556900931414,5.253827170417983,1.600000000000007,1.7402142480211078,2.7723733435760916,10.495692135697295,1244.0,1181.0,622.0,2046.6666666666665,1706.0,204.0,85,0,0,0,111,0.0,2048.0,34741.000100000005,8294.989,13477.7615,525,243,0,90,0.5753871003146604,0.8327531983183254,0.36250963291223304,1,7349.45519999999,5201.7817000000005,0,0,275.0,512,0,0,34741.000100000005,525,260088.8897110276,260088.8897110276,0.0,157,275,0,1.5,0,0.0,512,512,260088.8897110276,525,61440.0,0,159,440.00000000000193,256.0,93.9063,4,89.0328,89.02290000000005,3.1111896492251616,5120.0,75.51595052083333,0.635129432198661,217,0,0.0,0,3435.0014279361526,3866.4166666666665,228,2.655975178603662,0,0,0,0.0,0.0,0.0,0.0,0.0,0.0,0.0,0.0,0,0,0,0,85,0.0,0,12,0.0,0,0.0,120.0,5655.0706999999975,4610.723849311076,0.0,4610.723849311076,0.0,89.0328,13713.400499999996,21866.6568,0.8331776917529963,422,189425.04156865436,90,70663.8481423732,4,0.0,4,47.52060000000006,2,1183.7321,3589.9429,88.51686507936518,0,0,622,622,S4 rung 12 + everyone greedy,sumsy,4,8.731149137020111e-11
20,512,4,4,62653.99980000003,0.0,10795.857799999989,460.16339999999997,140.69719999999998,,140.69719999999998,0.0,0.0,0.0,0.0,0.0,0.0025,4091.6023,1657.2373499999999,0.0,0.3291878908371132,494.18999999999994,0.0,-0.02,397.17559999999435,1.1177892467187522,0.0,0.0,1.1177892467187522,0.0,10,0,386.75906413639416,0.8616354368179209,387.62069957321205,45.2777300239036,1.6782750250255787,46.95600504892918,0.0,0.0,0.0,0.0,0,0,0.0,0.0,0.0,1.1177892467187522,1.1177892467187522,0.0,0.0,0.0,0.06706735480312513,0.5,0.25,0.0,-2251.5028930599688,0.0,177,2560.0,1013.3242000000004,12427.264200000005,930.9078999999956,0.0,0.0,0.0,0.0,0.0,55,736.1705999999999,2560.0,1013.3242000000004,533.7323000000004,274.0,0.0,4459.356300000014,0.015,4.301902003205125,5.1621889967637715,1.5921999999999945,1.7073061290322582,2.7231981650674277,10.180821371626374,1236.0,1248.0,618.0,2048.0,1698.0,204.0,87,0,0,1,134,0.0,2048.0,38345.088800000005,6222.036,13163.6591,460,308,0,80,0.6201845950893656,0.8271546772636802,0.3628125768394104,2,7040.538699999997,5368.773699999996,0,0,273.0,512,0,0,38345.088800000005,460,239930.84991958467,239930.84991958467,0.0,225,273,0,1.5,0,0.0,512,512,239930.84991958467,460,61440.0,0,167,434.6705999999985,256.0,95.443,4,43.1259,43.122399999999985,2.8158673564470735,5120.0,75.28157552083333,0.6959431448490406,221,0,0.0,0,1977.5335789934006,3854.4166666666665,228,2.2810608331186337,0,0,0,0.0,0.0,0.0,0.0,0.0,0.0,0.0,0.0,0,0,0,0,87,0.0,0,12,0.0,0,0.0,120.0,5507.3683,5963.409470849492,0.0,5963.409470849492,0.0,43.1259,14138.493300000007,19481.138099999996,0.8279519823502697,432,178621.42720530988,80,61309.422714274675,4,0.0,4,41.57470000000012,2,1111.9681999999998,3950.9051,87.01071240105539,0,0,618,618,S4 rung 12 + everyone greedy,sumsy,4,8.731149137020111e-11
21,512,4,4,64164.239399999984,0.0,9315.400200000007,270.0746000000001,112.42659999999998,,112.42659999999998,0.0,0.0,0.0,0.0,0.0,0.0025,4408.6433,1625.0333999999998,0.0,0.3032478850391486,482.6742000000002,0.0,-0.02,370.14990000000705,1.0954334617843773,0.0,0.0,1.0954334617843773,0.0,7,0,335.6157025430949,0.9596063777841594,336.5753089208791,50.98440926583863,1.6119839674769252,52.59639323331555,0.0,0.0,0.0,0.0,0,0,0.0,0.0,0.0,1.0954334617843773,1.0954334617843773,0.0,0.0,0.0,0.06572600770706263,0.5,0.25,0.0,-2349.6687930599696,0.0,188,2560.0,1049.760400000001,7492.720200000001,910.1491000000068,0.0,0.0,0.0,0.0,0.0,3,730.4356,2560.0,1049.760400000001,539.9992000000001,274.0,0.0,4202.002999999951,0.015,4.209525123966945,5.08543885448915,1.5822,1.6591573964497026,2.6674460688481267,9.875396730477583,1292.0,1210.0,646.0,2046.6666666666667,1754.0,204.0,73,0,0,1,112,0.0,2048.0,40044.72030000001,6431.393599999999,12452.067,462,306,0,82,0.6455611355675164,0.819988020125046,0.3687405174226248,0,6678.4167,5093.525400000004,0,0,269.0,512,0,0,40044.72030000001,462,206939.7865690902,206939.7865690902,0.0,187,269,0,1.5,0,0.0,512,512,206939.7865690902,462,61440.0,0,163,425.6118,256.0,96.97959999999999,4,56.5978,56.6076,2.2244286468118806,5120.0,74.91048177083333,0.6921273726268482,224,0,0.0,0,2516.6942648734293,3835.4166666666665,228,2.2056625161814587,0,0,0,0.0,0.0,0.0,0.0,0.0,0.0,0.0,0.0,0,0,0,0,73,0.0,0,12,0.0,0,0.0,120.0,5188.233000000001,7178.501797665728,0.0,7178.501797665728,0.0,56.5978,14992.429999999993,18980.4402,0.8211853989343123,430,151266.88348028107,82,55672.903088809144,4,0.0,4,35.628799999999956,2,1039.0546999999997,4296.2167,85.36530645161291,0,0,646,646,S4 rung 12 + everyone greedy,sumsy,4,8.731149137020111e-11
22,512,4,4,65639.76320000003,0.0,8315.962200000004,329.8984,84.15599999999999,,84.15599999999999,0.0,0.0,0.0,0.0,0.0,0.0025,4716.3864,1592.7070500000002,0.0,0.2793519516980637,472.3110000000005,0.0,-0.02,349.48129999999776,1.0735247925486897,0.0,0.0,1.0735247925486897,0.0,9,0,227.77105181006505,0.7598762029988909,228.53092801306394,71.69100163598152,1.4843498159832622,73.17535145196479,0.0,0.0,0.0,0.0,0,0,0.0,0.0,0.0,1.0735247925486897,1.0735247925486897,0.0,0.0,0.0,0.06441148755292138,0.5,0.25,0.0,-2437.1078930600006,0.0,200,2560.0,1084.4762000000003,38965.971699999995,895.2443999999984,0.0,0.0,0.0,0.0,0.0,174,721.8338,2560.0,1084.4762000000003,545.7630999999998,274.0,0.0,22035.24999999996,0.015,4.121943916666657,4.970848460291736,1.5719000000000083,1.7309,2.624834582690103,9.579134828563255,1234.0,1200.0,617.0,2046.6666666666667,1696.0000000000002,204.0,87,0,0,1,110,0.0,2048.0,48127.93729999999,0.0,11975.104299999999,153,615,0,29,0.7098529601678916,0.8252587446969148,0.40361703490775414,1,5716.4361,4946.332699999988,0,0,236.0,512,0,0,48127.93729999999,153,127631.73150663821,127631.73150663821,0.0,177,236,0,1.5,0,0.0,512,512,127631.73150663821,153,61440.0,0,169,370.96840000000196,256.0,98.50139999999999,4,5.8528,5.848499999999994,1.1542218115020952,5120.0,69.76399739583333,0.993405361992649,209,0,0.0,0,8481.5414033077,3571.9166666666665,228,1.132456184559699,0,0,0,0.0,0.0,0.0,0.0,0.0,0.0,0.0,0.0,0,0,0,0,87,0.0,0,12,0.0,0,0.0,120.0,4894.4522,12334.125888238943,0.0,12334.125888238943,0.0,5.8528,20326.940800000004,12073.605699999998,0.8267399441224932,483,110859.83006473242,29,16771.9014419058,4,0.0,4,29.68289999999979,2,963.278,4632.2304,82.95786982248514,0,0,617,617,S4 rung 12 + everyone greedy,sumsy,4,8.731149137020111e-11
23,512,4,4,67069.90490000002,0.0,7138.142600000002,293.7304,55.8853,,55.8853,0.0,0.0,0.0,0.0,0.0,0.0025,5022.7459,1561.05645,0.0,0.2573390179042563,462.4833000000004,0.0,-0.02,334.20590000000226,1.052054296697716,0.0,0.0,1.052054296697716,0.0,10,0,232.81944715677184,0.5104094882856691,233.3298566450575,80.39388192768037,1.1884486364900584,81.58233056417043,0.0,0.0,0.0,0.0,0,0,0.0,0.0,0.0,1.052054296697716,1.052054296697716,0.0,0.0,0.0,0.06312325780186295,0.5,0.25,0.0,-2513.8977452320264,0.0,214,2560.0,1129.8583000000008,37074.48579999999,890.2359000000017,0.0,0.0,0.0,0.0,0.0,25,704.7189,2560.0,1129.8583000000008,556.0299999999995,274.0,0.0,20580.141599999897,0.011406811903727778,4.033917171717174,4.9963758169934795,1.5602000000000054,NaN,2.5678017244661886,9.291760783706358,1224.0,1188.0,612.0,2046.6666666666667,1686.0,204.0,90,0,0,1,105,0.0,2048.0,49608.27029999997,163.60559999999998,11548.100100000001,164,604,0,38,0.744600141980541,0.8455855191547108,0.5847027024198672,3,4514.913399999996,4792.293600000003,0,0,254.0,512,0,0,49608.27029999997,164,123538.29030882321,123538.29030882321,0.0,165,254,0,1.5,0,0.0,512,512,123538.29030882321,164,61440.0,0,191,396.29080000000135,256.0,22.4641,4,45.8764,45.87679999999984,1.0397661453981355,5120.0,68.70768229166667,1.0195543896484376,263,0,0.0,0,2060.2426788009616,3517.8333333333335,228,0.9366197810546893,0,0,0,0.0,0.0,0.0,0.0,0.0,0.0,0.0,0.0,0,0,0,0,90,0.0,0,12,0.0,0,0.0,120.0,4591.0291,12517.547103511024,0.0,12517.547103511024,0.0,45.8764,20740.0556,11734.1698,0.8469407085235878,474,105098.78960472155,38,18439.500704101687,4,0.0,4,23.737000000000307,2,884.5110999999999,4966.8606,86.545,0,0,612,612,S4 rung 12 + everyone greedy,sumsy,4,8.731149137020111e-11
24,512,4,4,68460.7319,0.0,6377.054499999997,206.381,27.6147,,27.6147,0.0,0.0,0.0,0.0,0.0,0.0025,5322.1501,1530.11985,0.0,0.23706070329340087,452.60459999999955,0.0,-0.02,317.85769999999593,1.0310132107637617,0.0,0.0,1.0310132107637617,0.0,16,1,221.76571999646922,0.24218017399147626,222.00790017046072,87.65306059172114,1.2644560032308334,88.91751659495198,0.0,0.0,0.0,0.0,0,0,0.0,0.0,0.0,1.0310132107637617,1.0310132107637617,0.0,0.0,0.0,0.0618607926458257,0.5,0.25,0.0,-2582.708578527586,0.0,231,2560.0,1169.173,29058.021700000005,879.5549999999957,0.0,0.0,0.0,0.0,0.0,64,677.9254000000001,2560.0,1169.173,562.5007999999998,274.0,0.0,19253.11889999996,0.01170872800852599,3.97133327702703,4.863246471600696,1.5511999999999957,NaN,2.5251160344827603,9.013007960195166,1162.0,1184.0,581.0,2046.6666666666667,1624.0,204.0,105,0,0,0,95,0.0,2048.0,50929.54300000005,0.0,11508.302599999999,164,604,0,36,0.765099476151236,0.8480877403754501,0.6449739668946299,1,4342.043100000003,4702.058600000004,0,0,215.0,512,0,0,50929.54300000005,164,116857.43022952916,116857.43022952916,0.0,160,215,0,1.5,0,0.0,512,512,116857.43022952916,164,61440.0,0,252,333.5079999999991,256.0,22.8108,4,46.1971,46.19769999999991,0.9342379295565262,5120.0,68.13802083333333,0.9060510590434195,318,0,0.0,0,2173.8501586934176,3488.6666666666665,228,0.7929201484406595,0,0,0,0.0,0.0,0.0,0.0,0.0,0.0,0.0,0.0,0,0,0,0,105,0.0,0,12,0.0,0,0.0,120.0,4238.924799999998,10916.501905293087,0.0,10916.501905293087,0.0,46.1971,21163.243500000022,11531.113399999998,0.8496768160999131,476,84520.60544079608,36,32336.824788732985,4,0.0,4,17.791099999999915,2,810.5441000000001,5294.5354,74.98462461527767,0,0,581,581,S4 rung 12 + everyone greedy,sumsy,4,8.731149137020111e-11
25,512,4,4,69819.48180000002,0.0,6355.433599999997,961.417,4.1754999999999995,,4.1754999999999995,0.0,0.0,0.0,0.0,0.0,0.0025,5611.3216,1499.953375,0.0,0.21838031987388087,445.5819999999997,0.0,-0.02,300.20129999999665,1.0103929465484864,0.0,0.0,1.0103929465484864,0.0,9,0,210.94517687833059,0.47350456038985794,211.41868143872043,91.10574268345302,1.1947012581872525,92.30044394164027,0.0,0.0,0.0,0.0,0,0,0.0,0.0,0.0,1.0103929465484864,1.0103929465484864,0.0,0.0,0.0,0.06062357679290918,0.5,0.25,0.0,-2643.9920785276,0.0,245,2560.0,1201.2500999999984,22854.459199999998,863.7351999999975,0.0,0.0,0.0,0.0,0.0,10,654.4436000000001,2560.0,1201.2500999999984,564.7022000000006,274.0,0.0,18163.765299999883,0.014490739339612858,3.9005597602739717,4.771177910958915,1.5391999999999955,NaN,2.484410118823575,8.74261772138931,1168.0,1168.0,584.0,2048.0,1630.0,204.0,104,0,0,1,90,0.0,2048.0,51165.712800000016,190.60649999999998,12181.0491,169,599,0,37,0.7706909522486414,0.8444343009638067,0.5040415541986154,2,4803.604999999999,4555.853799999999,0,0,193.0,512,0,0,51165.712800000016,169,109565.39285605642,109565.39285605642,0.0,146,193,0,1.5,0,0.0,512,512,109565.39285605642,169,61440.0,0,419,297.0655999999991,256.0,16.348200000000002,4,62.0612,62.06319999999993,0.7997633449224043,5120.0,67.63020833333333,0.8537990063376272,455,0,0.0,0,1751.5369186864368,3462.6666666666665,228,0.7519442457767224,0,0,0,0.0,0.0,0.0,0.0,0.0,0.0,0.0,0.0,0,0,0,0,104,0.0,0,12,0.0,0,0.0,120.0,3877.0086999999985,9734.80431833831,0.0,9734.80431833831,0.0,62.0612,20835.068799999994,12388.003799999999,0.8464445055446304,475,78647.9570451677,37,30917.435810888685,4,0.0,4,11.845199999999977,2,747.8704,5607.1461,69.69729390548216,0,0,584,584,S4 rung 12 + everyone greedy,sumsy,4,8.731149137020111e-11
26,512,4,4,71146.11409999996,0.0,5673.526799999997,121.994,0.0009,,0.0009,0.0,0.0,0.0,0.0,0.0,0.0025,5901.6635,1470.6130750000002,0.0,0.20117195066781904,437.6412000000004,0.0,-0.02,276.1091000000013,0.9901850876175167,0.0,0.0,0.9901850876175167,0.0,11,0,182.0105891331515,0.3487356976122268,182.35932483076377,96.98752323835312,1.214526284455242,98.20204952280835,0.0,0.0,0.0,0.0,0,0,0.0,0.0,0.0,0.9901850876175167,0.9901850876175167,0.0,0.0,0.0,0.059411105257051,0.5,0.25,0.0,-2706.480450787,0.0,259,2560.0,1233.3677,24649.3861,843.6626000000012,0.0,0.0,0.0,0.0,0.0,46,633.0683,2560.0,1233.3677,566.7394999999997,274.0,0.0,16978.286799999903,0.015,3.8306897977132794,4.6906194492255056,1.5303000000000027,NaN,2.4379983816313984,8.48033918974763,1162.0,1137.0,581.0,2046.6666666666665,1624.0,204.0,105,0,0,0,70,0.0,2048.0,52682.673700000014,0.0,11928.6991,169,599,0,37,0.7788945585798384,0.832909431903571,0.5497159869941968,5,4648.3146,4355.4942999999985,0,0,130.0,512,0,0,52682.673700000014,169,97532.40234389203,97532.40234389203,0.0,113,130,0,1.5,0,0.0,512,512,97532.40234389203,169,61440.0,0,93,198.93900000000033,256.0,0.009500000000000001,4,131.0562,131.05709999999974,0.5703329511708689,5120.0,67.53092447916667,0.8203659009930638,131,0,0.0,0,378.86591512732736,3457.5833333333335,228,0.6382961467573206,0,0,0,0.0,0.0,0.0,0.0,0.0,0.0,0.0,0.0,0,0,0,0,105,0.0,0,12,0.0,0,0.0,120.0,3496.2951000000003,10236.819077397804,0.0,10236.819077397804,0.0,131.0562,20816.03259999998,11928.7086,0.8351426017953032,475,67623.77715446962,37,29908.625189422557,4,0.0,4,5.902900000000045,2,698.2302999999999,5901.6626,66.76329842573263,0,0,581,581,S4 rung 12 + everyone greedy,sumsy,4,8.731149137020111e-11
27,512,4,4,72440.3227000001,0.0,4946.824099999994,91.99489999999999,0.0,,0.0,0.0,0.0,0.0,0.0,0.0,0.0025,6200.0893,1441.8847750000002,0.0,0.1853196009551949,429.8025000000003,0.0,-0.02,276.70349999999775,0.9703813858651663,0.0,0.0,0.9703813858651663,0.0,16,2,197.43049093989805,0.21451445086978732,197.64500539076784,102.51387546367386,1.0783981584714604,103.59227362214531,0.0,0.0,0.0,0.0,0,0,0.0,0.0,0.0,0.9703813858651663,0.9703813858651663,0.0,0.0,0.0,0.058222883151909974,0.5,0.25,0.0,-2761.9653458601238,0.0,274,2560.0,1265.7913999999998,34437.992200000015,845.7543999999978,0.0,0.0,0.0,0.0,0.0,12,614.6621,2560.0,1265.7913999999998,568.4983000000002,274.0,0.0,15920.264899999976,0.015,3.7373193825042827,4.62470052173913,1.521700000000005,NaN,2.3920527266150233,8.225929014055202,1150.0,1166.0,575.0,2048.0,1612.0,204.0,109,0,0,1,78,0.0,2048.0,53783.885299999936,22.4604,11819.225600000002,172,596,0,38,0.788840309801546,0.8389655345150511,0.586982608646933,8,4582.003799999999,4357.7143999999935,0,0,197.0,512,0,0,53783.885299999936,172,101793.8361401291,101793.8361401291,0.0,143,197,0,1.5,0,0.0,512,512,101793.8361401291,172,61440.0,0,108,299.77490000000097,256.0,0.0,4,89.5263,89.52550000000014,0.6328228687554894,5120.0,67.15169270833333,0.8009718180342841,161,0,0.0,0,1164.0102715543287,3438.1666666666665,228,0.6831504387799113,0,0,0,0.0,0.0,0.0,0.0,0.0,0.0,0.0,0.0,0,0,0,0,109,0.0,0,12,0.0,0,0.0,120.0,3119.2068000000004,9341.44272549452,0.0,9341.44272549452,0.0,89.5263,21175.226999999977,11841.686000000002,0.8411953602100455,474,72581.69977299927,38,29212.136367129788,4,0.0,4,4.426300000000083,2,656.549,6200.0893,64.82513355709129,0,0,575,575,S4 rung 12 + everyone greedy,sumsy,4,8.731149137020111e-11
28,512,4,4,73706.88700000005,0.0,4943.286099999998,692.9273999999999,0.0,,0.0,0.0,0.0,0.0,0.0,0.0,0.0025,6488.8129,1412.3098750000004,0.0,0.17071641639992555,419.32710000000037,0.0,-0.02,264.7984,0.950973758147863,0.0,0.0,0.950973758147863,0.0,9,2,203.83170676965776,0.4362045321057144,204.26791130176346,106.73013256629207,1.1055622473767908,107.83569481366887,0.0,0.0,0.0,0.0,0,0,0.0,0.0,0.0,0.950973758147863,0.950973758147863,0.0,0.0,0.0,0.05705842548887178,0.5,0.25,0.0,-2811.1310458601224,0.0,286,2560.0,1293.435700000001,26791.282999999996,831.5083000000002,0.0,0.0,0.0,0.0,0.0,6,604.5684,2560.0,1293.435700000001,567.6621,274.0,0.0,14933.937000000058,0.011244760495940042,3.6787493517718253,4.566030479452056,1.5120000000000002,NaN,2.341025910869309,7.979151143633545,1168.0,1157.0,584.0,2046.6666666666665,1630.0,204.0,104,0,0,4,83,0.0,2048.0,54392.270600000105,664.4041,11556.831,172,596,0,36,0.7912489696422047,0.8258056980188551,0.5248508782620902,5,4479.082199999998,4256.313000000002,0,0,193.0,512,0,0,54392.270600000105,172,106818.24588914815,106818.24588914815,0.0,137,193,0,1.5,0,0.0,512,512,106818.24588914815,172,61440.0,0,178,291.81600000000003,256.0,0.0,4,141.3797,141.38010000000006,0.7066595406079544,5120.0,66.50065104166667,0.7873240518842897,221,0,0.0,0,1343.2359473872007,3404.8333333333335,228,0.6395845890721664,0,0,0,0.0,0.0,0.0,0.0,0.0,0.0,0.0,0.0,0,0,0,0,104,0.0,0,12,0.0,0,0.0,120.0,2761.6937000000016,9378.65059514133,0.0,9378.65059514133,0.0,141.3797,21584.984499999995,12221.2351,0.8283536376868859,476,78447.6933699263,36,28370.552519221867,4,0.0,4,2.951000000000022,2,623.1841,6488.8129,63.54222826807173,0,0,584,584,S4 rung 12 + everyone greedy,sumsy,4,8.731149137020111e-11
29,512,4,4,74944.24730000009,0.0,5652.378597200886,1301.8716,0.0,,0.0,0.0,0.0,0.0,0.0,0.0,0.0025,6763.141,1383.4744750000004,0.0,0.1572639627876114,412.7532000000004,0.0,-0.02,248.20160000000044,0.9319542829849057,0.0,0.0,0.9319542829849057,0.0,6,1,201.14940092219175,0.6223847293929893,201.77178565158474,108.64647221023192,1.0639605320655798,109.7104327422975,0.0,0.0,0.0,0.0,0,0,0.0,0.0,0.0,0.9319542829849057,0.9319542829849057,0.0,0.0,0.0,0.05591725697909434,0.5,0.25,0.0,-2860.308409102344,0.0,298,2560.0,1322.6397,25229.410100000005,816.3284000000006,0.0,0.0,0.0,0.0,0.0,7,594.1265,2560.0,1322.6397,567.4432999999995,274.0,0.0,14231.715499999966,0.014131199582790015,3.6375483096085395,4.520787030716682,1.5022999999999966,NaN,2.301588296982136,7.739776609324539,1172.0,1124.0,586.0,2042.6666666666667,1634.0,204.0,102,0,0,2,68,0.0,2048.0,54158.010099999956,1260.0213,12168.948400000001,171,597,0,36,0.7947527970054897,0.8207856795622721,0.535409316314509,11,4135.352,4088.604299999998,0,0,174.0,512,0,0,54158.010099999956,171,105594.11627394283,105594.11627394283,0.0,102,174,0,1.5,0,0.0,512,512,105594.11627394283,171,61440.0,0,307,261.4001999999994,256.0,0.0,4,73.2782,73.27100000000004,0.6748362616368987,5120.0,65.2880859375,0.7731332215450765,332,0,0.0,0,2074.752658309549,3342.75,228,0.6526223586140744,0,0,0,0.0,0.0,0.0,0.0,0.0,0.0,0.0,0.0,0,0,0,0,102,0.0,0,12,0.0,0,0.0,120.0,2418.3327000000018,7262.708715531592,0.0,7262.708715531592,0.0,73.2782,21596.779300000017,13428.969700000001,0.82349344408677,476,77840.02087492522,36,27754.09539901764,4,0.0,4,1.4756999999999607,2,594.1660999999999,6763.141,61.8530972008884,0,0,586,586,S4 rung 12 + everyone greedy,sumsy,4,8.731149137020111e-11
30,512,4,4,76153.74979999995,0.0,5057.716499999999,20.174900000000004,0.0,,0.0,0.0,0.0,0.0,0.0,0.0,0.0025,7028.0747,1355.9166250000005,0.0,0.1448715625199476,408.1325999999995,0.0,-0.02,241.9596000000024,0.9133151973252075,0.0,0.0,0.9133151973252075,0.0,2,1,202.37930635797784,0.9181633919088441,203.2974697498867,113.25097324105177,1.1188860227734854,114.36985926382526,0.0,0.0,0.0,0.0,0,0,0.0,0.0,0.0,0.9133151973252075,0.9133151973252075,0.0,0.0,0.0,0.054798911839512444,0.5,0.25,0.0,-2915.9891091023583,0.0,308,2560.0,1350.497500000001,23085.753599999996,807.6515000000022,0.0,0.0,0.0,0.0,0.0,8,573.1167,2560.0,1350.497500000001,566.5876,274.0,0.0,13514.049599999862,0.014621886276480279,3.5025216404886543,4.489857015985799,1.491600000000004,NaN,2.2714871664597545,7.507583311044804,1126.0,1146.0,563.0,2045.3333333333335,1588.0,204.0,114,0,0,2,81,0.0,2048.0,55253.53329999999,1486.3961,11812.629,171,597,0,36,0.8011749409181848,0.815695698518712,0.5357896638788746,7,4074.441300000002,4013.8897999999976,0,0,210.0,512,0,0,55253.53329999999,171,105911.02169113024,105911.02169113024,0.0,124,210,0,1.5,0,0.0,512,512,105911.02169113024,171,61440.0,0,64,313.23600000000084,256.0,0.0,4,204.15089999999998,204.14970000000002,0.6688079145736862,5120.0,63.517252604166664,0.7621557023042606,97,0,0.0,0,3303.354962582431,3252.0833333333335,228,0.5635600974990393,0,0,0,0.0,0.0,0.0,0.0,0.0,0.0,0.0,0.0,0,0,0,0,114,0.0,0,12,0.0,0,0.0,120.0,2113.1934000000006,7496.332627950154,0.0,7496.332627950154,0.0,204.15089999999998,22768.557200000025,13299.025099999999,0.818565325488168,476,78791.3060960836,36,27119.71559504668,4,0.0,4,0.0005999999998493877,2,573.1347,7028.0747,60.570399078013004,0,0,563,563,S4 rung 12 + everyone greedy,sumsy,4,8.731149137020111e-11
31,512,4,4,77398.66839999994,0.0,12946.390800000003,8457.0884,0.0,,0.0,0.0,0.0,0.0,0.0,0.0,0.0025,7265.3389,1327.6205500000003,0.0,0.1334556833933757,392.9804999999995,0.0,-0.02,231.81919999999982,0.8950488933787033,0.0,0.0,0.8950488933787033,0.0,0,0,229.47280578873847,2.874536682001985,232.34734247074044,102.91833627320815,2.592212783953656,105.51054905716181,0.0,0.0,0.0,0.0,0,0,0.0,0.0,0.0,0.8950488933787033,0.8950488933787033,0.0,0.0,0.0,0.05370293360272219,0.5,0.25,0.0,-2965.978009102367,0.0,320,2560.0,1315.0813999999984,25210.985699999997,770.2133000000007,0.0,0.0,0.0,0.0,0.0,0,599.2725,2560.0,1315.0813999999984,536.6245000000002,274.0,0.0,4358.709599999988,0.015,3.5070061170212785,4.414637302977223,1.4833000000000056,NaN,2.216316725724951,7.282355811713459,1142.0,1128.0,571.0,2045.3333333333335,1604.0000000000002,204.0,110,0,0,1,66,0.0,2048.0,56340.95019999994,1688.9678,11504.139,171,597,0,36,0.7077297415309873,0.7629844685442304,0.22211400615294274,0,12953.951899999995,3955.9029000000023,0,0,185.0,512,0,0,56340.95019999994,171,124257.14666336059,124257.14666336059,0.0,105,185,0,1.5,0,0.0,512,512,124257.14666336059,171,61440.0,0,94,274.41050000000104,256.0,0.0,4,187.17630000000003,187.18210000000005,0.8317066202072969,5120.0,61.658528645833336,0.6186647732330061,340,0,0.0,0,4577.650807740393,3156.9166666666665,228,0.5989045813710225,0,0,0,0.0,0.0,0.0,0.0,0.0,0.0,0.0,0.0,0,0,0,0,110,0.0,0,12,0.0,0,0.0,120.0,1833.5630000000017,7495.615887687829,0.0,7495.615887687829,0.0,187.17630000000003,18714.92089999999,13193.1068,0.767230881623572,476,96626.92951536883,36,27630.217147991803,4,0.0,4,0.0,2,599.2725,7265.3389,59.7553860426062,0,0,571,571,S4 rung 12 + everyone greedy,sumsy,4,8.731149137020111e-11
32,512,4,4,78601.31860000009,0.0,14997.681194122417,244.99629999999996,0.0,,0.0,0.0,0.0,0.0,0.0,0.0,0.0025,7545.8896,1302.4444000000003,0.0,0.12293937554197772,393.48539999999963,0.0,-0.02,278.1097999999952,0.8771479155111293,0.0,0.0,0.8771479155111293,0.0,0,0,245.133568526113,3.034210621452456,248.16777914756545,105.37750116340281,1.5894617160003353,106.96696287940314,0.0,0.0,0.0,0.0,0,0,0.0,0.0,0.0,0.8771479155111293,0.8771479155111293,0.0,0.0,0.0,0.05262887493066775,0.5,0.25,0.0,-3094.606809102369,0.0,328,2560.0,1357.3498,6657.1523000000025,819.6882999999958,0.0,0.0,0.0,0.0,0.0,11,623.6508,2560.0,1357.3498,542.2639000000004,274.0,0.0,4221.715199999971,0.014631184951401982,3.4599682343870466,4.3389462462462545,1.4769999999999854,1.2995476190476194,2.1868041729820398,7.063885137362054,1332.0,1297.0,666.0,2046.6666666666667,1794.0,204.0,62,0,0,0,158,0.0,2048.0,56590.0893,2632.7562000000003,11208.9327,123,645,0,29,0.7312324019048959,0.767866573475116,0.3127987959020144,1,5743.1799999999985,4487.578799999999,0,0,468.0,512,0,0,56590.0893,123,131911.9394192343,131911.9394192343,0.0,273,468,0,1.5,0,0.0,512,512,131911.9394192343,123,61440.0,0,484,691.2359999999932,256.0,0.0,4,145.58859999999999,145.59269999999995,0.9819948879647243,5120.0,61.181640625,0.6161093550927338,517,0,0.0,0,2667.4485757371917,3132.5,228,0.6845327715079436,0,0,0,0.0,0.0,0.0,0.0,0.0,0.0,0.0,0.0,0,0,0,0,62,0.0,0,12,0.0,0,0.0,120.0,1820.8597,8859.926669774344,0.0,8859.926669774344,0.0,145.58859999999999,18814.805,13841.688900000001,0.77191585997061,483,120573.81081561848,29,11338.128603615865,4,0.0,4,0.0,2,623.6508,7545.8896,57.32808321088368,0,0,666,666,S4 rung 12 + everyone greedy,sumsy,4,8.731149137020111e-11
33,512,4,4,79783.16779999986,0.0,15234.257900000008,1254.0946000000004,0.0,,0.0,0.0,0.0,0.0,0.0,0.0,0.0025,7789.4618,1278.8275999999998,0.0,0.11325175274926987,388.20699999999977,0.0,-0.02,243.94660000000044,0.8596049572009067,0.0,0.0,0.8596049572009067,0.0,0,0,233.22973346514019,2.775510825776926,236.00524429091712,104.27428612244877,1.8968594752357462,106.17114559768453,0.0,0.0,0.0,0.0,0,0,0.0,0.0,0.0,0.8596049572009067,0.8596049572009067,0.0,0.0,0.0,0.0515762974320544,0.5,0.25,0.0,-3216.405509102374,0.0,336,2560.0,1378.1508000000001,7297.6864000000005,782.6728999999997,0.0,0.0,0.0,0.0,0.0,4,629.2616,2560.0,1378.1508000000001,538.2438000000001,274.0,0.0,4338.824699999993,0.015,3.427428200972449,4.3475749999999715,1.4653999999999925,1.4166,2.162476930176208,6.8519685832411925,1344.0,1234.0,672.0,2048.0,1806.0,204.0,60,0,0,1,126,0.0,2048.0,56207.03969999996,3388.4568,11768.9479,122,646,0,29,0.7222275833433378,0.7607330205521932,0.29403381831135067,2,5474.681299999998,4229.446400000002,0,0,277.0,512,0,0,56207.03969999996,122,126946.47787783366,126946.47787783366,0.0,212,277,0,1.5,0,0.0,512,512,126946.47787783366,122,61440.0,0,175,405.91579999999794,256.0,0.0,4,96.1195,96.1164000000001,0.8794763689922429,5120.0,60.7763671875,0.7137484406777036,204,0,0.0,0,872.7389521564698,3111.75,228,0.6908412378102744,0,0,0,0.0,0.0,0.0,0.0,0.0,0.0,0.0,0.0,0,0,0,0,60,0.0,0,12,0.0,0,0.0,120.0,1769.3212000000012,7401.464848272232,0.0,7401.464848272232,0.0,96.1195,18615.474600000034,15157.4047,0.7649218079948468,483,114443.27449945781,29,12503.203378375849,4,0.0,4,0.0,2,629.2616,7789.4618,64.97738095238097,0,0,672,672,S4 rung 12 + everyone greedy,sumsy,4,8.731149137020111e-11
34,512,4,4,80941.50919999997,0.0,14462.246199999976,243.64389999999997,0.0,,0.0,0.0,0.0,0.0,0.0,0.0,0.0025,8030.3346,1256.888675,0.0,0.10432751463262739,384.55530000000005,0.0,-0.02,245.91769999999937,0.8424128580568885,0.0,0.0,0.8424128580568885,0.0,0,0,267.9160295261727,3.171925916952831,271.0879554431255,105.29749845201077,1.8685164230532687,107.16601487506404,0.0,0.0,0.0,0.0,0,0,0.0,0.0,0.0,0.8424128580568885,0.8424128580568885,0.0,0.0,0.0,0.050544771483413305,0.5,0.25,0.0,-3341.984509102378,0.0,342,2560.0,1401.6585999999988,7536.173199999998,781.3273999999993,0.0,0.0,0.0,0.0,0.0,5,633.9015999999999,2560.0,1401.6585999999988,535.4304999999998,274.0,0.0,4364.479400000023,0.015,3.3524474056603784,4.365790255591027,1.459200000000007,NaN,2.1387524956140287,6.646409525743958,1252.0,1272.0,626.0,2046.6666666666667,1714.0,204.0,83,0,0,2,154,0.0,2048.0,56620.28889999992,4133.4645,11523.5196,122,646,0,29,0.7217042722216607,0.7600839043715646,0.32328934653414176,2,5292.4392,4264.313100000001,0,0,345.0,512,0,0,56620.28889999992,122,143014.64676111145,143014.64676111145,0.0,250,345,0,1.5,0,0.0,512,512,143014.64676111145,122,61440.0,0,373,503.42400000000237,256.0,0.0,4,199.5068,199.50929999999994,1.1580799637981485,5120.0,60.452473958333336,0.7956238574218749,393,0,0.0,0,1200.3785215663988,3095.1666666666665,228,0.8263337800517166,0,0,0,0.0,0.0,0.0,0.0,0.0,0.0,0.0,0.0,0,0,0,0,83,0.0,0,12,0.0,0,0.0,120.0,1776.6640000000018,6472.3824855686835,0.0,6472.3824855686835,0.0,199.5068,19219.03020000003,15656.984100000001,0.7643507203631714,483,129475.39449825977,29,13539.252262851865,4,0.0,4,0.0,2,633.9015999999999,8030.3346,70.83,0,0,626,626,S4 rung 12 + everyone greedy,sumsy,4,8.731149137020111e-11
35,512,4,4,82075.16889999995,0.0,13646.1777,193.18470000000008,0.0,,0.0,0.0,0.0,0.0,0.0,0.0,0.0025,8263.4185,1235.3041999999998,0.0,0.09610650647957635,376.14540000000045,0.0,-0.02,236.62589999999878,0.8255646008957507,0.0,0.0,0.8255646008957507,0.0,0,0,244.3393179365765,3.0417035995004937,247.381021536077,108.80755629097406,1.8802151939436476,110.6877714849177,0.0,0.0,0.0,0.0,0,0,0.0,0.0,0.0,0.8255646008957507,0.8255646008957507,0.0,0.0,0.0,0.04953387605374504,0.5,0.25,0.0,-3461.376809102385,0.0,350,2560.0,1426.3403000000014,8247.8504,769.940799999999,0.0,0.0,0.0,0.0,0.0,0,634.691,2560.0,1426.3403000000014,533.0911999999998,274.0,0.0,4376.175200000045,0.015,3.357518327974277,4.260786089644509,1.4544968299711774,1.3344714285714285,2.113647797407991,6.447017239971639,1294.0,1244.0,647.0,2045.3333333333335,1756.0,204.0,72,0,0,2,138,0.0,2048.0,57142.10220000005,4811.2443,11223.7129,122,646,0,29,0.724968569829487,0.7554398889999323,0.3290917693568287,1,5344.372499999998,4176.7528,0,0,347.0,512,0,0,57142.10220000005,122,129237.62297442362,129237.62297442362,0.0,222,347,0,1.5,0,0.0,512,512,129237.62297442362,122,61440.0,0,219,504.7103999999986,256.0,0.0,4,152.1578,152.15639999999993,0.9357852428552502,5120.0,59.6044921875,0.7252889781505013,273,0,0.0,0,1128.208461327629,3051.75,228,0.7769501529028218,0,0,0,0.0,0.0,0.0,0.0,0.0,0.0,0.0,0.0,0,0,0,0,72,0.0,0,12,0.0,0,0.0,120.0,1737.959400000001,5910.949276489711,0.0,5910.949276489711,0.0,152.1578,20121.454199999993,16034.9572,0.7597753414101915,483,116675.2932619772,29,12562.329712446422,4,0.0,4,0.0,2,634.691,8263.4185,62.39439259685263,0,0,647,647,S4 rung 12 + everyone greedy,sumsy,4,8.731149137020111e-11
36,512,4,4,83188.46599999999,0.0,13770.7924,1112.7769999999991,0.0,,0.0,0.0,0.0,0.0,0.0,0.0,0.0025,8479.555,1216.3309250000002,0.0,0.08853331376898571,376.7115000000004,0.0,-0.02,229.50589999999877,0.8090533088778357,0.0,0.0,0.8090533088778357,0.0,0,0,268.3087054424636,3.5026667174722825,271.8113721599359,107.16168766507873,1.917192752244861,109.07888041732359,0.0,0.0,0.0,0.0,0,0,0.0,0.0,0.0,0.8090533088778357,0.8090533088778357,0.0,0.0,0.0,0.04854319853267014,0.5,0.25,0.0,-3573.639012187008,0.0,359,2560.0,1446.7029000000027,10342.755500000001,758.2059999999987,0.0,0.0,0.0,0.0,0.0,13,630.2489,2560.0,1446.7029000000027,528.9170000000003,274.0,0.0,4436.738700000039,0.015,3.3163566322478184,4.276869327073552,1.4490999999999912,1.304,2.09891422781536,6.2536067227724885,1278.0,1259.0,639.0,2045.3333333333333,1740.0,204.0,76,0,0,0,141,0.0,2048.0,56828.668900000004,5476.8366000000005,11773.1566,122,646,0,29,0.719987764847787,0.7544082119233169,0.3282787614765168,0,5244.891900000001,4175.293000000003,0,0,316.0,512,0,0,56828.668900000004,122,141123.0874603022,141123.0874603022,0.0,235,316,0,1.5,0,0.0,512,512,141123.0874603022,122,61440.0,0,634,457.9155999999972,256.0,0.0,4,209.2489,209.2497999999999,1.1407997415841005,5120.0,59.396158854166664,0.7885598786272321,669,0,0.0,0,1270.8296708450255,3041.0833333333335,228,0.8949018766939275,0,0,0,0.0,0.0,0.0,0.0,0.0,0.0,0.0,0.0,0,0,0,0,76,0.0,0,12,0.0,0,0.0,120.0,1761.5756999999994,4814.0145677121645,0.0,4814.0145677121645,0.0,209.2489,19933.477199999987,17249.9932,0.7588255038733962,483,127692.25726206106,29,13430.83019824114,4,0.0,4,0.0,2,630.2489,8479.555,66.72357142857143,0,0,639,639,S4 rung 12 + everyone greedy,sumsy,4,8.731149137020111e-11
37,512,4,4,84278.19380000012,0.0,12949.703000000003,199.93699999999995,0.0,,0.0,0.0,0.0,0.0,0.0,0.0,0.0025,8686.8126,1197.9594250000002,0.0,0.08155688864398963,372.09599999999983,0.0,-0.02,222.61239999999938,0.7928722427002789,0.0,0.0,0.7928722427002789,0.0,1,0,233.42790936124996,2.636963086242994,236.06487244749297,110.12830873116171,1.908263807274522,112.03657253843623,0.0,0.0,0.0,0.0,0,0,0.0,0.0,0.0,0.7928722427002789,0.7928722427002789,0.0,0.0,0.0,0.04757233456201673,0.5,0.25,0.0,-3688.78384428826,0.0,369,2560.0,1470.2721999999987,9388.351999999997,748.9766000000005,0.0,0.0,0.0,0.0,0.0,5,631.0073,2560.0,1470.2721999999987,526.1473000000007,274.0,0.0,4418.177500000049,0.015,3.1680556942277676,4.194084992101088,1.4445159779614296,NaN,2.074473619292951,6.0659985210893135,1266.0,1282.0,633.0,2048.0,1728.0,204.0,80,0,0,0,164,0.0,2048.0,57468.492599999976,6056.8888,11434.992499999998,122,646,0,29,0.7226918859535219,0.7573391912899936,0.34518956244487153,2,5232.956299999998,4061.447399999998,0,0,363.0,512,0,0,57468.492599999976,122,121895.15867425904,121895.15867425904,0.0,258,363,0,1.5,0,0.0,512,512,121895.15867425904,122,61440.0,0,230,524.3592999999989,256.0,0.0,4,209.5787,209.57829999999998,0.8054285826395419,5120.0,58.473307291666664,0.7893970214843752,309,0,0.0,0,1112.260455987793,2993.8333333333335,228,0.7846349888157148,0,0,0,0.0,0.0,0.0,0.0,0.0,0.0,0.0,0.0,0,0,0,0,80,0.0,0,12,0.0,0,0.0,120.0,1754.7360999999996,4392.567124632338,0.0,4392.567124632338,0.0,209.5787,20626.712299999996,17491.8813,0.7616424176165009,483,108700.58411705853,29,13194.574557200536,4,0.0,4,0.0,2,631.0073,8686.8126,65.2,0,0,633,633,S4 rung 12 + everyone greedy,sumsy,4,8.731149137020111e-11
38,512,4,4,85343.7463999999,0.0,12290.006200000003,345.7884,0.0,,0.0,0.0,0.0,0.0,0.0,0.0,0.0025,8907.0664,1177.4127999999998,0.0,0.07513020581884325,355.4546999999997,0.0,-0.02,226.86470000000028,0.7770147978462733,0.0,0.0,0.7770147978462733,0.0,3,0,243.76512307518948,3.063519356109307,246.8286424312988,114.6390094493571,1.8027559878303103,116.44176543718741,0.0,0.0,0.0,0.0,0,0,0.0,0.0,0.0,0.7770147978462733,0.7770147978462733,0.0,0.0,0.0,0.046620887870776395,0.5,0.25,0.0,-3797.208144288262,0.0,378,2560.0,1494.4474000000014,7235.636200000003,749.8858000000012,0.0,0.0,0.0,0.0,0.0,3,628.2076999999999,2560.0,1494.4474000000014,523.402,274.0,0.0,4428.976600000045,0.015,3.2766432411674296,4.087750615384577,1.4410575931232166,1.1303000000000003,2.040739812084201,5.884018565456635,1300.0,1302.0,650.0,2048.0,1762.0,204.0,71,0,0,0,164,0.0,2048.0,57921.22110000002,6571.9309,11315.320300000001,122,646,0,29,0.7218676930905612,0.748507023573058,0.32320745369847925,1,5221.190500000003,4266.189499999993,0,0,349.0,512,0,0,57921.22110000002,122,122988.48125190647,122988.48125190647,0.0,278,349,0,1.5,0,0.0,512,512,122988.48125190647,122,61440.0,0,483,502.92910000000256,256.0,0.0,4,201.0797,201.08200000000002,0.8439556600777013,5120.0,58.264973958333336,0.7453658958105808,501,0,0.0,0,934.5694944979264,2983.1666666666665,228,0.8495411629542279,0,0,0,0.0,0.0,0.0,0.0,0.0,0.0,0.0,0.0,0,0,0,0,71,0.0,0,12,0.0,0,0.0,120.0,1899.7039000000004,3826.5274762375593,0.0,3826.5274762375593,0.0,201.0797,21080.93290000001,17887.2512,0.7530310814668477,483,110464.24883220319,29,12524.232419703303,4,0.0,4,0.0,2,628.2076999999999,8907.0664,59.17149324861002,0,0,650,650,S4 rung 12 + everyone greedy,sumsy,4,8.731149137020111e-11
39,512,4,4,86390.94219999995,0.0,11616.989000000009,331.01540000000006,0.0,,0.0,0.0,0.0,0.0,0.0,0.0,0.0025,9095.7545,1161.8718249999997,0.0,0.0692099456003184,367.6385999999997,0.0,-0.02,215.37140000000247,0.7614745018893477,0.0,0.0,0.7614745018893477,0.0,3,0,253.02928172118055,3.4227394518335843,256.45202117301415,110.7392364323908,1.6557745087341815,112.39501094112498,0.0,0.0,0.0,0.0,0,0,0.0,0.0,0.0,0.7614745018893477,0.7614745018893477,0.0,0.0,0.0,0.045688470113360864,0.5,0.25,0.0,-3900.5067442882655,0.0,386,2560.0,1512.8041999999998,8975.0758,734.3315000000024,0.0,0.0,0.0,0.0,0.0,0,625.8857,2560.0,1512.8041999999998,518.5791999999993,274.0,0.0,4304.360000000006,0.015,3.1056058914728615,4.11252046109508,1.4369030444964892,1.2473428571428566,2.039714903599453,5.7074980084929345,1388.0,1290.0,694.0,2048.0,1850.0,204.0,49,0,0,0,141,0.0,2048.0,59144.46059999994,6845.723199999999,10679.1182,116,652,0,28,0.7141468499072436,0.7422497680021964,0.3375271884607369,2,5542.2047999999995,4006.2315999999914,0,0,427.0,512,0,0,59144.46059999994,116,132076.33450655112,132076.33450655112,0.0,266,427,0,1.5,0,0.0,512,512,132076.33450655112,116,61440.0,0,381,613.5576000000009,256.0,0.0,4,153.41680000000002,153.41889999999984,1.0094664738379124,5120.0,58.264973958333336,0.729974597981771,395,0,0.0,0,657.1979024055657,2983.1666666666665,228,0.8955391135600422,0,0,0,0.0,0.0,0.0,0.0,0.0,0.0,0.0,0.0,0,0,0,0,49,0.0,0,12,0.0,0,0.0,120.0,2036.1529,4611.667749383314,0.0,4611.667749383314,0.0,153.41680000000002,21308.4558,17524.8414,0.74694021438854,484,119943.47071386183,28,12132.8637926893,4,0.0,4,0.0,2,625.8857,9095.7545,56.515000000000015,0,0,694,694,S4 rung 12 + everyone greedy,sumsy,4,8.731149137020111e-11
40,512,4,4,87415.88059999997,0.0,11036.0073,417.15219999999994,0.0,,0.0,0.0,0.0,0.0,0.0,0.0,0.0025,9288.6518,1144.1518749999996,0.0,0.06375620188701331,348.44729999999976,0.0,-0.02,208.16730000000265,0.7462450118515608,0.0,0.0,0.7462450118515608,0.0,1,0,277.2586131633681,4.187529916784563,281.4461430801527,115.82180418919508,1.7500654994290317,117.5718696886241,0.0,0.0,0.0,0.0,0,0,0.0,0.0,0.0,0.7462450118515608,0.7462450118515608,0.0,0.0,0.0,0.04477470071109364,0.5,0.25,0.0,-3998.399503554774,0.0,391,2560.0,1535.0616000000007,5696.1192,723.3330000000021,0.0,0.0,0.0,0.0,0.0,2,619.2452000000001,2560.0,1535.0616000000007,515.1657000000004,274.0,0.0,4316.3417,0.015,3.142754706790122,4.032069924811996,1.4289727810650945,1.1559599999999999,1.9967521657495833,5.536273068238146,1330.0,1296.0,665.0,2048.0,1792.0,204.0,64,0,0,0,161,0.0,2048.0,59745.783100000015,7347.2604,10414.9401,116,652,0,28,0.7102925039526504,0.7296947296057721,0.3214280158740288,3,5175.8116,4073.010099999998,0,0,338.0,512,0,0,59745.783100000015,116,139583.69806828952,139583.69806828952,0.0,272,338,0,1.5,0,0.0,512,512,139583.69806828952,116,61440.0,0,718,482.992800000002,256.0,0.0,4,149.10569999999998,149.10799999999978,1.1341285049158552,5120.0,58.264973958333336,0.8088601667131696,732,0,0.0,0,1059.3031251001314,2983.1666666666665,228,0.959702217596301,0,0,0,0.0,0.0,0.0,0.0,0.0,0.0,0.0,0.0,0,0,0,0,64,0.0,0,12,0.0,0,0.0,120.0,2259.3493000000026,3620.771145667683,0.0,3620.771145667683,0.0,149.10569999999998,21643.43699999999,17762.2005,0.734694862094408,484,126676.00222764918,28,12907.695840640306,4,0.0,4,0.0,2,619.2452000000001,9288.6518,62.36714285714283,0,0,665,665,S4 rung 12 + everyone greedy,sumsy,4,8.731149137020111e-11
41,512,4,4,88419.59040000004,0.0,10314.181100000005,274.43690000000004,0.0,,0.0,0.0,0.0,0.0,0.0,0.0,0.0025,9477.205,1129.1183499999995,0.0,0.05873221317831666,352.6191000000001,0.0,-0.02,216.03359999999682,0.7313201116145296,0.0,0.0,0.7313201116145296,0.0,4,0,261.0064536870166,3.139387160105547,264.14584084712214,113.67021896886826,1.7286845075153467,115.3989034763836,0.0,0.0,0.0,0.0,0,0,0.0,0.0,0.0,0.7313201116145296,0.7313201116145296,0.0,0.0,0.0,0.04387920669687177,0.5,0.25,0.0,-4091.9204035547746,0.0,399,2560.0,1556.2901999999992,7628.4890000000005,727.0232999999959,0.0,0.0,0.0,0.0,0.0,4,615.5097000000001,2560.0,1556.2901999999992,511.3413000000007,274.0,0.0,4116.017000000003,0.015,3.171383551114524,4.018718571428558,1.4284036809815805,1.181070212765957,1.9886152943618922,5.370184876191003,1400.0,1301.0,700.0,2048.0,1862.0,204.0,46,0,0,1,146,0.0,2048.0,60588.437599999954,7771.6178,9966.8203,115,653,0,28,0.7058328877809477,0.7307695286146876,0.3147433828347992,3,5531.551599999998,4125.969999999996,0,0,489.0,512,0,0,60588.437599999954,115,132758.94299434253,132758.94299434253,0.0,279,489,0,1.5,0,0.0,512,512,132758.94299434253,115,61440.0,0,748,698.4893999999929,256.0,0.0,4,237.88879999999997,237.88840000000008,1.0225195222717058,5120.0,58.264973958333336,0.773845966796875,771,0,0.0,0,900.0184763612566,2983.1666666666665,228,1.0707165031227273,0,0,0,0.0,0.0,0.0,0.0,0.0,0.0,0.0,0.0,0,0,0,0,46,0.0,0,12,0.0,0,0.0,120.0,2341.883999999999,4802.827058385337,0.0,4802.827058385337,0.0,237.88879999999997,22086.541399999955,17738.4381,0.7357498732002317,484,120470.95492204321,28,12287.988072299264,4,0.0,4,0.0,2,615.5097000000001,9477.205,57.797999999999995,0,0,700,700,S4 rung 12 + everyone greedy,sumsy,4,8.731149137020111e-11
42,512,4,4,89408.8109,0.0,9592.977799999997,271.854,0.0,,0.0,0.0,0.0,0.0,0.0,0.0,0.0025,9634.4403,1116.0419499999998,0.0,0.054104114779865306,355.82699999999977,0.0,-0.02,196.36410000000024,0.716693709382239,0.0,0.0,0.716693709382239,0.0,10,2,245.4923138118568,1.9602467028228483,247.45256051467965,118.15986397732176,1.7308499988143027,119.89071397613607,0.0,0.0,0.0,0.0,0,0,0.0,0.0,0.0,0.716693709382239,0.716693709382239,0.0,0.0,0.0,0.043001622562934334,0.5,0.25,0.0,-4179.36890355478,0.0,407,2560.0,1570.7795000000012,9471.442300000002,701.7116000000005,0.0,0.0,0.0,0.0,0.0,11,610.7384,2560.0,1570.7795000000012,505.39049999999975,274.0,0.0,4046.77169999998,0.015,2.9436342857142863,4.047341159830295,1.4246358778625887,NaN,1.9716811839561383,5.209079329905273,1414.0,1330.0,707.0,2046.6666666666667,1876.0,204.0,42,0,0,0,155,0.0,2048.0,64510.30400000005,5296.9128,9356.4154,61,707,0,19,0.7037097191384338,0.7314038331475836,0.28540812356111833,5,5260.884399999997,3915.0336000000007,0,0,393.0,512,0,0,64510.30400000005,61,126572.1181462435,126572.1181462435,0.0,306,393,0,1.5,0,0.0,512,512,126572.1181462435,61,61440.0,0,577,559.8818999999974,256.0,0.0,4,102.88040000000001,102.88010000000007,0.9111840766567373,5120.0,58.264973958333336,0.8017984606327566,586,0,0.0,0,792.6716704523918,2983.1666666666665,228,0.8045635485478378,0,0,0,0.0,0.0,0.0,0.0,0.0,0.0,0.0,0.0,0,0,0,0,42,0.0,0,12,0.0,0,0.0,120.0,2423.9111999999996,7105.922949010029,0.0,7105.922949010029,0.0,102.88040000000001,22579.04599999999,14653.3282,0.7363417285893159,493,119056.08926571939,19,7516.0288805241025,4,0.0,4,0.0,2,610.7384,9634.4403,59.053510638297844,0,0,707,707,S4 rung 12 + everyone greedy,sumsy,4,8.731149137020111e-11
43,512,4,4,90375.5095,0.0,8916.195899999999,306.643,0.0,,0.0,0.0,0.0,0.0,0.0,0.0,0.0025,9839.595,1100.3658249999999,0.0,0.04984071053521192,330.276,0.0,-0.02,227.37190000000302,0.7023598351945942,0.0,0.0,0.7023598351945942,0.0,8,0,299.1011340944589,3.0994477954386435,302.2005818898976,125.90088169558571,1.904071182649044,127.80495287823476,0.0,0.0,0.0,0.0,0,0,0.0,0.0,0.0,0.7023598351945942,0.7023598351945942,0.0,0.0,0.0,0.042141590111675654,0.5,0.25,0.0,-4259.89970664721,0.0,419,2560.0,1593.301400000001,9933.6897,728.4100000000027,0.0,0.0,0.0,0.0,0.0,35,609.5057999999999,2560.0,1593.301400000001,501.8015000000001,274.0,0.0,3851.177599999973,0.015,3.148168583162221,3.855658515283835,1.418271134020622,NaN,1.9265580429505127,5.052806950008114,1374.0,1461.0,687.0,2048.0,1836.0,204.0,53,0,0,4,189,0.0,2048.0,64492.3334,5814.2648,9619.8105,61,707,0,19,0.703252454090826,0.7193895321697554,0.2775127148099732,2,5231.020700000002,4599.474300000004,0,0,485.0,512,0,0,64492.3334,61,144228.94592450614,144228.94592450614,0.0,441,485,0,1.5,0,0.0,512,512,144228.94592450614,61,61440.0,0,903,687.8615000000017,256.0,0.0,4,196.00390000000002,196.00229999999996,1.2421980839883113,5120.0,58.264973958333336,0.7945757883845571,954,0,0.0,0,1358.3616320302278,2983.1666666666665,228,2.2271052143857486,0,0,0,0.0,0.0,0.0,0.0,0.0,0.0,0.0,0.0,0,0,0,0,53,0.0,0,12,0.0,0,0.0,120.0,2547.9230000000007,6369.496856958145,0.0,6369.496856958145,0.0,196.00390000000002,22714.9434,15434.0753,0.7246182627788142,493,136618.58287363072,19,7610.363050875337,4,0.0,4,0.0,2,609.5057999999999,9839.595,56.19879892269757,0,0,687,687,S4 rung 12 + everyone greedy,sumsy,4,8.731149137020111e-11
44,512,4,4,91331.41900000004,0.0,9424.442700000005,1501.4203000000002,0.0,,0.0,0.0,0.0,0.0,0.0,0.0,0.0025,9961.7209,1090.3009499999998,0.0,0.04591326254503721,353.2258999999996,0.0,-0.02,175.18009999999686,0.6883126384907023,0.0,0.0,0.6883126384907023,0.0,3,0,355.7224392844747,3.851322210988933,359.57376149546366,113.66664625896345,2.0507120518994433,115.7173583108629,0.0,0.0,0.0,0.0,0,0,0.0,0.0,0.0,0.6883126384907023,0.6883126384907023,0.0,0.0,0.0,0.041298758309442136,0.5,0.25,0.0,-4336.430706647205,0.0,429,2560.0,1604.0904999999996,5826.9207,670.877399999996,0.0,0.0,0.0,0.0,0.0,2,601.1877,2560.0,1604.0904999999996,494.65870000000047,274.0,0.0,3828.217499999977,0.015,2.941647440000001,3.927551302083327,1.4159480825958652,1.241308108108108,1.9511171913734375,4.901222741507872,1536.0,1250.0,768.0,2042.6666666666667,1998.0,204.0,11,0,0,0,133,0.0,2048.0,65619.92910000001,5535.2693,9613.312,37,731,0,15,0.6838338260062358,0.7260664535711856,0.23366429461551363,0,5426.454600000001,3677.0593000000013,0,0,339.0,512,0,0,65619.92910000001,37,178213.8973443859,178213.8973443859,0.0,227,339,0,1.5,0,0.0,512,512,178213.8973443859,37,61440.0,0,337,480.0063999999983,256.0,0.0,4,0.0,0.0,1.8419992303357662,5120.0,58.264973958333336,0.7749446203552065,340,0,0.0,0,1061.6190223360618,2983.1666666666665,228,1.9097596056825765,0,0,0,0.0,0.0,0.0,0.0,0.0,0.0,0.0,0.0,0,0,0,0,11,0.0,0,12,0.0,0,0.0,120.0,2546.6807999999996,7519.777784127129,0.0,7519.777784127129,0.0,0.0,23398.274399999995,15148.581299999998,0.7311427894356166,497,171558.2139327951,15,6655.683411590779,4,0.0,4,0.0,2,601.1877,9961.7209,53.79764032096291,0,0,804,804,S4 rung 12 + everyone greedy,sumsy,4,8.731149137020111e-11
45,512,4,4,92263.764,0.0,8683.350999999995,270.81120000000004,0.0,,0.0,0.0,0.0,0.0,0.0,0.0,0.0025,10117.4679,1075.7621,0.0,0.04229529745648827,330.0516000000001,0.0,-0.02,193.03219999999828,0.6745463857208883,0.0,0.0,0.6745463857208883,0.0,3,0,405.67522713179915,4.6550269116513885,410.3302540434505,121.4449580674426,2.02152362756346,123.46648169500605,0.0,0.0,0.0,0.0,0,0,0.0,0.0,0.0,0.6745463857208883,0.6745463857208883,0.0,0.0,0.0,0.040472783143253296,0.5,0.25,0.0,-4417.060535828044,0.0,439,2560.0,1627.654999999999,8686.613299999997,684.5752999999976,0.0,0.0,0.0,0.0,0.0,3,599.1373000000001,2560.0,1627.654999999999,491.7575999999996,274.0,0.0,3778.868099999944,0.015,3.007687127272724,3.93036751879699,1.406162663185382,NaN,1.897519220294644,4.754186059262635,1330.0,1375.0,665.0,2048.0,1792.0,204.0,64,0,0,0,181,0.0,2048.0,65979.78310000002,6123.9777,9443.398000000001,37,731,0,15,0.6826716269636528,0.7327679219909209,0.29351549032541113,0,4932.394299999996,4135.569799999996,0,0,383.0,512,0,0,65979.78310000002,37,186861.27418861602,186861.27418861602,0.0,351,383,0,1.5,0,0.0,512,512,186861.27418861602,37,61440.0,0,963,538.5603000000013,256.0,0.0,4,210.0439,210.04189999999997,1.9981326382921856,5120.0,58.264973958333336,0.8933422225154845,981,0,0.0,0,2048.8795292358286,2983.1666666666665,228,2.071650044580631,0,0,0,0.0,0.0,0.0,0.0,0.0,0.0,0.0,0.0,0,0,0,0,64,0.0,0,12,0.0,0,0.0,120.0,2620.8415000000005,5666.615619883165,0.0,5666.615619883165,0.0,210.0439,23843.84929999999,15567.3757,0.737679689028454,497,180673.1954978404,15,6188.078690775582,4,0.0,4,0.0,2,599.1373000000001,10117.4679,62.06540540540541,0,0,665,665,S4 rung 12 + everyone greedy,sumsy,4,8.731149137020111e-11
46,512,4,3,93178.50429999997,0.0,7683.6898470658125,156.22750000000005,0.0,,0.0,0.0,0.0,0.0,0.0,0.0,0.0025,10262.4016,1063.9887749999998,0.0,0.038962428016916996,337.4619999999996,0.0,-0.02,197.4074999999964,0.6610554580064706,0.0,0.0,0.6610554580064706,0.0,2,0,444.4027234379875,4.553701330105759,448.9564247680933,118.5597234127586,1.9342779667550662,120.49400137951368,0.0,0.0,0.0,0.0,0,0,0.0,0.0,0.0,0.6610554580064706,0.6610554580064706,0.0,0.0,0.0,0.039663327480388234,0.5,0.25,0.0,-4491.705535828045,236.7612,449,2560.0,1645.2597000000003,6928.237699999999,684.2790999999968,0.0,0.0,0.0,0.0,0.0,3,596.8893,2560.0,1645.2597000000003,486.8117000000004,274.0,0.0,4741.341999999949,0.015,3.1470819110138564,3.8802485677083407,1.409699999999995,1.3278694444444439,1.8736959938338382,4.940298906729891,1536.0,1371.0,768.0,2048.0,1998.0,204.0,12,0,0,0,166,0.0,2048.0,66079.04420000008,6138.0352,10102.133999999998,36,732,0,15,0.6795401070160692,0.7389371886622789,0.2816609302919624,0,5035.8866,4314.649299999997,0,0,399.0,512,0,0,66079.04420000008,36,206515.51337354953,206515.51337354953,0.0,348,399,0,1.5,0,0.0,512,512,206515.51337354953,36,56320.0,0,372,562.470299999998,256.0,0.0,4,79.00919999999999,79.00769999999999,2.6020946529709823,5120.0,58.92400568181818,0.9593903409997847,376,0,0.0,0,1337.7554812240064,3016.909090909091,228,2.331475277418006,0,0,0,0.0,0.0,0.0,0.0,0.0,0.0,0.0,0.0,0,0,0,0,12,0.0,0,11,0.0,0,0.0,120.0,2574.2829999999985,3791.2088422890674,0.0,3791.2088422890674,0.0,79.00919999999999,24141.64060000001,16240.1692,0.7432276001091129,497,199961.66868326912,15,6553.844690280438,4,0.0,3,0.0,2,596.8893,10262.4016,58.596247065811035,0,1,807,606,S4 rung 12 + everyone greedy,sumsy,4,8.731149137020111e-11
47,512,4,3,94075.59230000006,0.0,10075.988950000004,1580.8355000000001,0.0,,0.0,0.0,0.0,0.0,0.0,0.0,0.0025,10378.0582,1058.2283249999996,0.0,0.03589218868918393,353.10360000000014,0.0,-0.02,191.3212999999985,0.6478343488463412,0.0,0.0,0.6478343488463412,0.0,1,0,442.764425101563,5.182943544814378,447.9473686463774,108.64425280718176,1.9609494769911655,110.60520228417292,0.0,0.0,0.0,0.0,0,0,0.0,0.0,0.0,0.6478343488463412,0.6478343488463412,0.0,0.0,0.0,0.03887006093078047,0.5,0.25,0.0,-4559.427135828045,236.7612,454,2560.0,1662.912,5547.387199999999,673.314899999999,0.0,0.0,0.0,0.0,0.0,3,590.8739,2560.0,1662.912,482.0276000000002,272.5,0.0,3643.4633999999687,0.015,3.2537463561232176,4.055340104166688,1.3995181818181885,1.4034666666666669,1.8855409361440216,4.792089939527994,1536.0,1331.0,768.0,2048.0,1998.0,204.0,12,0,0,0,148,0.0,2048.0,64974.840399999994,7059.3281,11072.4917,9,759,0,6,0.6709212827429656,0.7323124204399243,0.2542732227710065,0,5290.936500000004,4330.7364000000025,0,0,352.0,512,0,0,64974.840399999994,9,215834.54742818762,215834.54742818762,0.0,307,352,0,1.5,0,0.0,512,512,215834.54742818762,9,56320.0,0,283,492.63040000000234,256.0,0.0,4,0.0,0.0,2.7865697075817866,5120.0,58.90625,1.0819365849905298,294,0,0.0,0,1272.545523796203,3016.0,228,2.3228174502433157,0,0,0,0.0,0.0,0.0,0.0,0.0,0.0,0.0,0.0,0,0,0,0,12,0.0,0,11,0.0,0,0.0,120.0,2478.5688000000005,17588.871002577107,0.0,17588.871002577107,0.0,0.0,22910.126800000005,18131.819799999997,0.7367597278914371,506,212510.40000852893,6,3324.1474196587055,4,0.0,3,0.0,2,590.8739,10378.0582,66.3934722222222,0,1,1276,1276,S4 rung 12 + everyone greedy,sumsy,4,8.731149137020111e-11
48,512,4,3,94963.20810000009,0.0,10686.52806666667,1614.1150000000002,0.0,,0.0,0.0,0.0,0.0,0.0,0.0,0.0025,10468.757,1055.3174999999997,0.0,0.033063884220476236,365.06820000000016,0.0,-0.02,187.71050000000224,0.6348776618694143,0.0,0.0,0.6348776618694143,0.0,0,1,448.3166166016712,5.288063830394251,453.6046804320655,100.32141250895818,2.1387346272102814,102.46014713616846,0.0,0.0,0.0,0.0,0,0,0.0,0.0,0.0,0.6348776618694143,0.6348776618694143,0.0,0.0,0.0,0.038092659712164856,0.5,0.25,0.0,-4634.608010439648,236.7612,464,2560.0,1672.3841999999986,9587.1803,662.496800000002,0.0,0.0,0.0,0.0,0.0,5,593.0171,2560.0,1672.3841999999986,474.74989999999985,272.5,0.0,3591.8905999999592,0.015,3.289536516424745,4.26978619791672,1.3942333333333394,1.5084,1.9222889595380577,4.6483272413421535,1536.0,1309.0,768.0,2048.0,1998.0,204.0,12,0,0,1,155,0.0,2048.0,64094.677999999934,7990.0650000000005,11816.690999999999,7,761,0,4,0.6553803436800654,0.73759091409518,0.22400724386140403,1,5414.189499999999,4306.003299999991,0,0,375.0,512,0,0,64094.677999999934,7,223201.3167016253,223201.3167016253,0.0,286,375,0,1.5,0,0.0,512,512,223201.3167016253,7,56320.0,0,236,522.8375000000023,256.0,0.0,4,0.0,0.0,2.9353740820629954,5120.0,58.90625,1.152066589133523,243,0,0.0,0,986.5119295175446,3016.0,227,2.3497300322880426,0,0,0,0.0,0.0,0.0,0.0,0.0,0.0,0.0,0.0,0,0,0,0,12,0.0,0,11,0.0,0,0.0,120.0,2343.2234,13622.903587374258,0.0,13622.903587374258,0.0,0.0,22125.3407,19806.756,0.7419413498873051,508,220555.01189168438,4,2646.304809940961,4,0.0,3,0.0,2,593.0171,10468.757,70.17333333333335,0,1,1155,1155,S4 rung 12 + everyone greedy,sumsy,4,8.731149137020111e-11
49,512,4,3,95831.54330000003,0.0,10193.070800000014,175.98940000000002,0.0,,0.0,0.0,0.0,0.0,0.0,0.0,0.0025,10557.0884,1054.5652499999997,0.0,0.030458450143902707,369.0870000000002,0.0,-0.02,195.19390000000112,0.622180108632026,0.0,0.0,0.622180108632026,0.0,0,1,393.32479090275683,4.8977423062232806,398.2225332089801,100.35149725732927,2.0723644785254467,102.42386173585473,0.0,0.0,0.0,0.0,0,0,0.0,0.0,0.0,0.622180108632026,0.622180108632026,0.0,0.0,0.0,0.03733080651792156,0.5,0.25,0.0,-4716.6776925240765,236.7612,475,2560.0,1691.664800000002,6548.092599999999,666.0234000000008,0.0,0.0,0.0,0.0,0.0,4,598.9594,2560.0,1691.664800000002,470.7799999999995,272.5,0.0,3568.0400999999943,0.015,3.4530594634873304,4.398436458333356,1.396000000000004,NaN,1.9519821140187832,4.508877424101889,1536.0,1342.0,768.0,2046.6666666666665,1997.9999999999998,204.0,12,0,0,1,172,0.0,2048.0,64519.177999999985,8969.398399999998,11186.9191,0,768,0,0,0.6573684344095332,0.7335993962950342,0.1657313203976427,1,5423.212600000003,4634.005799999997,0,0,351.0,512,0,0,64519.177999999985,0,198963.32329531296,198963.32329531296,0.0,319,351,0,1.5,0,0.0,512,512,198963.32329531296,0,56320.0,0,333,489.99600000000135,256.0,0.0,4,21.6862,21.684900000000003,2.4723229295959555,5120.0,58.90625,1.2467625390625001,341,0,0.0,0,1150.6323609368644,3016.0,227,2.34897883317466,0,0,0,0.0,0.0,0.0,0.0,0.0,0.0,0.0,0.0,0,0,0,0,12,0.0,0,11,0.0,0,0.0,120.0,2314.714200000001,11174.410187750633,0.0,11174.410187750633,0.0,21.6862,22606.49160000001,20156.317499999997,0.7380268243498191,512,198963.32329531296,0,0.0,4,0.0,3,0.0,2,598.9594,10557.0884,75.42,0,1,1030,1030,S4 rung 12 + everyone greedy,sumsy,4,8.731149137020111e-11
50,512,4,3,96689.02800000012,0.0,10670.733899999974,1689.7155000000002,0.0,,0.0,0.0,0.0,0.0,0.0,0.0,0.0025,10601.9029,1062.5594999999998,0.0,0.02805832427256317,387.4317,0.0,-0.02,177.43590000000157,0.6097365064593855,0.0,0.0,0.6097365064593855,0.0,0,0,434.9202664094258,4.919499708839077,439.8397661182649,91.22973960260917,2.1691999659407886,93.39893956854996,0.0,0.0,0.0,0.0,0,0,0.0,0.0,0.0,0.6097365064593855,0.6097365064593855,0.0,0.0,0.0,0.03658419038756313,0.5,0.25,0.0,-4791.1970925240885,236.7612,481,2560.0,1702.5152999999991,10673.163599999998,641.992300000002,0.0,0.0,0.0,0.0,0.0,2,592.4054,2560.0,1702.5152999999991,464.38669999999985,272.5,0.0,3717.0670999999834,0.015,3.5178858528698416,4.398453515625033,1.403700000000001,NaN,2.0788060252602323,4.373611101378832,1536.0,1237.0,768.0,2046.6666666666665,1997.9999999999998,204.0,12,0,0,1,139,0.0,2048.0,64100.10160000001,9529.0203,11796.914700000001,0,768,0,0,0.6397023191728357,0.743412133068811,0.16787305394147967,1,5522.502,4351.624799999994,0,0,286.0,512,0,0,64100.10160000001,0,226626.27428695658,226626.27428695658,0.0,214,286,0,1.5,0,0.0,512,512,226626.27428695658,0,56320.0,0,111,401.4582000000003,256.0,68.6831,4,248.37400000000002,248.37080000000014,3.009329521229621,5120.0,58.90625,0.744094405184659,116,0,0.0,0,490.5267198746302,3016.0,227,2.4621097663564404,0,0,0,0.0,0.0,0.0,0.0,0.0,0.0,0.0,0.0,0,0,0,0,12,0.0,0,11,0.0,0,0.0,120.0,2206.9559000000013,7351.192280428896,0.0,7351.192280428896,0.0,248.37400000000002,22093.33630000003,21394.6181,0.7476499599757078,512,226626.27428695658,0,0.0,4,0.0,3,0.0,2,592.4054,10601.9029,37.71,0,1,930,930,S4 rung 12 + everyone greedy,sumsy,4,8.731149137020111e-11
51,512,4,3,97528.95610000004,0.0,9743.891,368.16439999999994,0.0,,0.0,0.0,0.0,0.0,0.0,0.0,0.0025,10653.6081,1069.32595,0.0,0.025847328319885187,394.7044000000005,0.0,-0.02,197.05469999999238,0.5975417763301978,0.0,0.0,0.5975417763301978,0.0,1,0,421.97721986385454,5.137992150566547,427.11521201442116,90.67924895817426,2.0772126681888374,92.75646162636309,0.0,0.0,0.0,0.0,0,0,0.0,0.0,0.0,0.5975417763301978,0.5975417763301978,0.0,0.0,0.0,0.035852506579811864,0.5,0.25,0.0,-4873.094292524115,236.7612,488,2560.0,1720.071900000001,6811.514299999999,657.1901999999923,0.0,0.0,0.0,0.0,0.0,3,597.2908,2560.0,1720.071900000001,460.1349000000002,272.5,0.0,3597.5787000000196,0.015,3.566904506604508,4.684626541554972,1.415799999999992,NaN,2.131805369852604,4.242402768337467,1492.0,1287.0,746.0,2046.6666666666667,1954.0,204.0,22,0,0,0,154,0.0,2048.0,65105.97700000001,10057.9344,10872.0692,0,768,0,0,0.6382280824784143,0.7368527938581153,0.21082320948126054,1,5780.832800000005,4590.606100000002,0,0,562.0,512,0,0,65105.97700000001,0,227230.5378584738,227230.5378584738,0.0,263,562,0,1.5,0,0.0,512,512,227230.5378584738,0,56320.0,0,786,795.6795999999955,256.0,242.07659999999998,4,412.15960000000007,412.1539999999997,3.022525233563943,5120.0,56.18963068181818,0.7564064506392046,832,0,0.0,0,1155.3090702761622,2876.909090909091,227,2.6077156015778327,0,0,0,0.0,0.0,0.0,0.0,0.0,0.0,0.0,0.0,0,0,0,0,22,0.0,0,11,0.0,0,0.0,120.0,2359.2137999999986,6499.668198124611,0.0,6499.668198124611,0.0,412.15960000000007,23029.15620000003,21172.0802,0.7412211458869791,512,227230.5378584738,0,0.0,4,0.0,3,0.0,2,597.2908,10653.6081,37.5,0,1,816,816,S4 rung 12 + everyone greedy,sumsy,4,8.731149137020111e-11
52,512,4,3,98352.6409,0.0,9188.890900000004,335.5739,0.0,,0.0,0.0,0.0,0.0,0.0,0.0,0.0025,10702.083,1082.265925,0.0,0.023810558848278235,400.2071999999996,0.0,-0.02,205.19310000000286,0.5855909408035939,0.0,0.0,0.5855909408035939,0.0,0,1,409.7403566832663,4.906613567664376,414.6469702509307,88.37870660093287,1.9286550617306213,90.3073616626635,0.0,0.0,0.0,0.0,0,0,0.0,0.0,0.0,0.5855909408035939,0.5855909408035939,0.0,0.0,0.0,0.035135456448215634,0.5,0.25,0.0,-4948.347592524121,236.7612,493,2560.0,1736.3151999999998,9385.698100000001,660.5129000000028,0.0,0.0,0.0,0.0,0.0,3,596.733,2560.0,1736.3151999999998,455.47170000000017,272.5,0.0,3484.096900000013,0.015,3.653158177744589,5.00265306666669,1.4365000000000152,NaN,2.183437352518358,4.115130685287344,1500.0,1339.0,750.0,2048.0,1962.0,204.0,21,0,0,0,161,0.0,2048.0,65522.17309999995,11086.1791,10013.092299999998,0,768,0,0,0.6327435921393503,0.7355739951996203,0.20955926347365694,2,5887.5071000000025,4891.578800000005,0,0,579.0,512,0,0,65522.17309999995,0,223692.26420800042,223692.26420800042,0.0,315,579,0,1.5,0,0.0,512,512,223692.26420800042,0,56320.0,0,1048,831.7335000000088,256.0,432.3804,4,465.42679999999996,465.42769999999996,2.9580822735937615,5120.0,56.18963068181818,0.7744206871448864,1063,0,0.0,0,1034.91380604315,2876.909090909091,224,2.6138936630857725,0,0,0,0.0,0.0,0.0,0.0,0.0,0.0,0.0,0.0,0,0,0,0,21,0.0,0,11,0.0,0,0.0,120.0,2461.0723999999996,8205.56787492011,0.0,8205.56787492011,0.0,465.42679999999996,22984.189800000015,21531.6518,0.7399610743852101,512,223692.26420800042,0,0.0,4,0.0,3,0.0,2,596.733,10702.083,37.5,0,1,832,832,S4 rung 12 + everyone greedy,sumsy,4,8.731149137020111e-11
53,512,4,3,99160.7095000002,0.0,8891.640000000003,258.6147,0.0,,0.0,0.0,0.0,0.0,0.0,0.0,0.0025,10723.5731,1096.58165,0.0,0.021934286811033907,409.8820000000001,0.0,-0.02,192.73060000000586,0.573879121987522,0.0,0.0,0.573879121987522,0.0,0,0,374.10409101561845,4.892970358990254,378.9970613746087,86.15151049723946,1.8929911440902474,88.04450164132972,0.0,0.0,0.0,0.0,0,0,0.0,0.0,0.0,0.573879121987522,0.573879121987522,0.0,0.0,0.0,0.03443274731925132,0.5,0.25,0.0,-4996.751642524127,236.7612,501,2560.0,1751.9314000000008,9426.340900000003,643.7177000000054,0.0,0.0,0.0,0.0,0.0,6,580.5943,2560.0,1751.9314000000008,450.78340000000026,272.5,0.0,4666.047399999997,0.015,3.8974661030595863,5.429094841269835,1.4477000000000095,NaN,2.243630317904225,3.9916767647287226,1512.0,1242.0,756.0,2048.0,1974.0,204.0,18,0,0,2,138,0.0,2048.0,65837.07729999998,11415.0441,9986.6667,0,768,0,0,0.6290349057262188,0.7292310448063344,0.2025144268807515,1,5832.6388000000015,4840.652900000006,0,0,445.0,512,0,0,65837.07729999998,0,210509.78645830296,210509.78645830296,0.0,220,445,0,1.5,0,0.0,512,512,210509.78645830296,0,56320.0,0,542,644.2265000000042,256.0,617.754,4,466.95099999999996,466.95120000000037,2.7006013722324798,5120.0,56.18963068181818,0.7886638121448865,563,0,0.0,0,1085.2763096420279,2876.909090909091,224,2.694788307006445,0,0,0,0.0,0.0,0.0,0.0,0.0,0.0,0.0,0.0,0,0,0,0,18,0.0,0,11,0.0,0,0.0,120.0,2480.0489000000002,9483.222840686192,0.0,9483.222840686192,0.0,466.95099999999996,23359.54310000001,22019.464799999998,0.7337434240689651,512,210509.78645830296,0,0.0,4,0.0,3,0.0,2,580.5943,10723.5731,37.5,0,1,854,854,S4 rung 12 + everyone greedy,sumsy,4,8.731149137020111e-11
54,512,4,2,99954.82949999993,0.0,6199.427999999998,250.496,0.0,,0.0,0.0,0.0,0.0,0.0,0.0,0.0025,10718.8623,1116.9485250000002,0.0,0.020205865010324436,437.2945000000004,0.0,-0.02,199.58939999999657,0.5624015395477715,0.0,0.0,0.5624015395477715,0.0,5,0,395.48975620155403,3.429891381195389,398.9196475827494,79.16703447173407,1.8593515921107622,81.02638606384484,0.0,0.0,0.0,0.0,0,0,0.0,0.0,0.0,0.5624015395477715,0.5624015395477715,0.0,0.0,0.0,0.03374409237286629,0.5,0.25,0.0,-5043.585342524135,2620.152,509,2560.0,1765.880000000001,9889.127500000002,644.9936999999965,0.0,0.0,0.0,0.0,0.0,2,566.9692,2560.0,1765.880000000001,445.7516999999998,272.5,0.0,6347.305300000072,0.015,4.343826388888889,6.293964635761557,1.4585000000000037,NaN,2.3853447245249915,4.181102334882285,1510.0,1224.0,755.0,2045.3333333333333,1972.0,204.0,18,0,0,0,127,0.0,2048.0,65535.94279999995,12383.166000000001,9964.9255,0,768,0,0,0.6228237663825142,0.7510093924446848,0.23087869234780323,1,5415.826200000004,5316.8435,0,0,329.0,512,0,0,65535.94279999995,0,228623.37529687604,228623.37529687604,0.0,200,329,0,1.5,0,0.0,512,512,228623.37529687604,0,51200.0,0,281,479.8465000000012,256.0,784.9637,4,565.4689000000001,565.4670000000009,3.458838094550261,5120.0,56.70703125,0.941970353515625,290,0,0.0,0,781.148984440721,2903.4,218,3.5822417944502987,0,0,0,0.0,0.0,0.0,0.0,0.0,0.0,0.0,0.0,0,0,0,0,18,0.0,0,10,0.0,0,0.0,120.0,2391.4717000000014,4025.7760588679107,0.0,4025.7760588679107,0.0,565.4689000000001,23604.02949999998,23133.055200000003,0.7546558692425038,512,228623.37529687604,0,0.0,4,0.0,2,0.0,2,566.9692,10718.8623,37.5,0,2,850,567,S4 rung 12 + everyone greedy,sumsy,4,8.731149137020111e-11
55,512,4,2,100740.19209999993,0.0,5944.9612000000025,305.47369999999995,0.0,,0.0,0.0,0.0,0.0,0.0,0.0,0.0025,10690.3401,1156.223625,0.0,0.018613642847510867,487.3763999999999,0.0,-0.02,231.27570000000105,0.551153508756816,0.0,0.0,0.551153508756816,0.0,5,0,367.802444256174,3.0394668615133567,370.84191111768735,69.64137063654402,1.9829045560584961,71.62427519260251,0.0,0.0,0.0,0.0,0,0,0.0,0.0,0.0,0.551153508756816,0.551153508756816,0.0,0.0,0.0,0.03306921052540896,0.5,0.25,0.0,-5088.554442524154,2620.152,516,2560.0,1774.637399999999,7288.866599999999,670.9195000000012,0.0,0.0,0.0,0.0,0.0,4,559.3314,2560.0,1774.637399999999,439.39600000000024,271.0,0.0,4121.883899999989,0.015,5.166617977528084,7.206233333333233,1.477100000000006,NaN,2.5731355960126945,4.055669264835816,1536.0,1246.0,768.0,2048.0,1998.0,204.0,12,0,0,2,132,0.0,2048.0,64872.105300000105,15013.6855,8726.606899999999,0,768,0,0,0.6174322104763388,0.7529438404956521,0.1427456325862022,0,6363.6885999999995,6437.6059999999925,0,0,282.0,512,0,0,64872.105300000105,0,237383.00530146493,237383.00530146493,0.0,224,282,0,1.5,0,0.0,512,512,237383.00530146493,0,51200.0,0,146,416.5422000000017,256.0,878.1229000000001,4,341.19169999999997,341.1873000000003,3.6701623676533237,5120.0,56.70703125,0.9771210390624999,153,0,0.0,0,720.1129063925529,2903.4,218,3.6118765581099646,0,0,0,0.0,0.0,0.0,0.0,0.0,0.0,0.0,0.0,0,0,0,0,12,0.0,0,10,0.0,0,0.0,120.0,2463.0090999999998,26591.31637189941,0.0,26591.31637189941,0.0,341.19169999999997,23665.180299999993,24618.415299999997,0.7565666716036179,512,237383.00530146493,0,0.0,4,0.0,2,0.0,2,559.3314,10690.3401,37.5,0,2,1318,1318,S4 rung 12 + everyone greedy,sumsy,4,8.731149137020111e-11
56,512,4,2,101516.27890000014,0.0,10038.267399999993,4659.079999999999,0.0,,0.0,0.0,0.0,0.0,0.0,0.0,0.0025,10585.5754,1212.8412750000002,0.0,0.017146887791127007,579.6964999999999,0.0,-0.02,251.90819999999985,0.5401304385816796,0.0,0.0,0.5401304385816796,0.0,4,0,346.41398162511905,2.4518638416862144,348.86584546680524,50.30533554267984,1.4578431500473827,51.76317869272722,0.0,0.0,0.0,0.0,0,0,0.0,0.0,0.0,0.5401304385816796,0.5401304385816796,0.0,0.0,0.0,0.03240782631490078,0.5,0.25,0.0,-5132.319042524162,2620.152,540,2560.0,1783.913199999998,10249.732399999995,685.5673999999987,0.0,0.0,0.0,0.0,0.0,0,554.8222000000001,2560.0,1783.913199999998,433.55959999999953,271.0,0.0,4122.833999999989,0.015,5.67203283693225,8.203785677083347,NaN,NaN,2.983069443405273,3.933999186890742,1536.0,1343.0,768.0,2045.3333333333333,1742.0000000000002,204.0,75,0,0,0,154,0.0,2048.0,60173.29480000006,17653.6311,11695.0908,0,768,0,0,0.5857603723565548,0.7709156970984723,0.21432120969384072,4,6814.483700000003,7617.540100000012,0,0,0.0,512,0,0,60173.29480000006,0,259278.69319382228,259278.69319382228,0.0,319,0,0,1.5,0,0.0,512,512,259278.69319382228,0,51200.0,0,33,0.0,0.0,853.8646,4,805.2077,805.2056999999998,4.162853116185379,5120.0,56.70703125,1.010184759765625,42,0,0.0,0,271.4165162338768,2903.4,218,4.332169277129213,0,0,0,0.0,0.0,0.0,0.0,0.0,0.0,0.0,0.0,0,0,0,0,75,0.0,0,10,0.0,0,0.0,120.0,2649.7682000000023,21435.087243486974,0.0,21435.087243486974,0.0,805.2077,19893.024999999998,30202.586499999998,0.7742747456563002,512,259278.69319382228,0,0.0,4,0.0,2,0.0,2,554.8222000000001,10585.5754,37.5,0,2,1091,1091,S4 rung 12 + everyone greedy,sumsy,4,8.731149137020111e-11
57,512,4,2,102287.5641,0.0,9626.452199999992,331.0223999999999,0.0,,0.0,0.0,0.0,0.0,0.0,0.0,0.0025,10435.038,1289.4292500000004,0.0,0.0157957130331862,636.4035000000005,0.0,-0.02,266.5104000000007,0.529327829810046,0.0,0.0,0.529327829810046,0.0,3,0,340.85942747521733,2.227980786582818,343.08740826180014,45.93668993397657,1.744511146933988,47.68120108091055,0.0,0.0,0.0,0.0,0,0,0.0,0.0,0.0,0.529327829810046,0.529327829810046,0.0,0.0,0.0,0.03175966978860276,0.5,0.25,0.0,-5218.276842524175,2620.152,559,2560.0,1788.7147999999995,14886.504000000004,693.5044000000006,0.0,0.0,0.0,0.0,0.0,0,575.2166,2560.0,1788.7147999999995,426.99399999999946,271.0,0.0,4498.249999999957,0.015,6.610566274179974,9.843899999999898,1.5966000000000047,NaN,3.5330546514547874,5.503490097503756,1534.0,1189.0,767.0,2048.0,1996.0,204.0,13,0,0,1,107,0.0,2048.0,61037.18160000003,20282.6751,9136.3793,0,768,0,0,0.5722601761760102,0.778746502586827,0.15137595443306506,1,8290.855900000008,7859.963299999989,0,0,228.0,512,0,0,61037.18160000003,0,276938.3807668736,276938.3807668736,0.0,167,228,0,1.5,0,0.0,512,512,276938.3807668736,0,51200.0,0,92,364.02480000000105,256.0,821.0735000000001,4,1196.1803,1196.183600000001,4.537781939385273,5120.0,56.70703125,1.020310947265625,110,0,0.0,0,573.9249383707403,2903.4,218,4.5882740402437125,0,0,0,0.0,0.0,0.0,0.0,0.0,0.0,0.0,0.0,0,0,0,0,13,0.0,0,10,0.0,0,0.0,120.0,2716.3453999999974,22437.37166177012,0.0,22437.37166177012,0.0,1196.1803,21136.512899999983,30240.127900000003,0.781972228323675,512,276938.3807668736,0,0.0,4,0.0,2,0.0,2,575.2166,10435.038,37.5,0,2,897,897,S4 rung 12 + everyone greedy,sumsy,4,8.731149137020111e-11
58,512,4,2,103041.37270000007,0.0,9332.314500000004,370.97809999999987,0.0,,0.0,0.0,0.0,0.0,0.0,0.0,0.0025,10209.8546,1390.4895500000005,0.0,0.014551010846171126,741.7031999999997,0.0,-0.02,295.7564999999967,0.5187412732138451,0.0,0.0,0.5187412732138451,0.0,7,2,290.9433754410268,1.7367621104499067,292.6801375514767,39.999201518000056,1.3418247697286387,41.341026287728695,0.0,0.0,0.0,0.0,0,0,0.0,0.0,0.0,0.5187412732138451,0.5187412732138451,0.0,0.0,0.0,0.031124476392830707,0.5,0.25,0.0,-5290.714029559737,2620.152,580,2560.0,1806.191399999999,10430.006100000006,719.520699999997,0.0,0.0,0.0,0.0,0.0,12,579.4512,2560.0,1806.191399999999,424.3064000000007,271.0,0.0,6492.557899999936,0.015,7.543367818028646,10.939999999999849,1.7065999999999968,NaN,4.801050958037002,12.46257557478656,1350.0,1187.0,675.0,2046.6666666666667,1812.0,204.0,59,0,0,2,102,0.0,2048.0,62373.12399999998,19787.3655,9371.4623,0,768,0,0,0.5637689447782024,0.7753098348954777,0.25286192072922664,6,9843.629500000006,8953.977600000002,0,0,210.0,512,0,0,62373.12399999998,0,274471.08185158455,274471.08185158455,0.0,165,210,0,1.5,0,0.0,512,512,274471.08185158455,0,51200.0,0,89,358.38599999999934,256.0,720.1151,4,1291.9613,1291.9593999999993,4.463962822300012,5120.0,56.70703125,1.0211014042968753,111,0,0.0,0,691.512473388598,2903.4,217,4.790356882591726,0,0,0,0.0,0.0,0.0,0.0,0.0,0.0,0.0,0.0,0,0,0,0,59,0.0,0,10,0.0,0,0.0,120.0,2809.1809000000003,19710.141741513016,0.0,19710.141741513016,0.0,1291.9613,22187.241800000003,29878.9429,0.7785747703646673,512,274471.08185158455,0,0.0,4,0.0,2,0.0,2,579.4512,10209.8546,37.5,0,2,675,675,S4 rung 12 + everyone greedy,sumsy,4,8.731149137020111e-11
59,512,4,1,103780.4964000001,0.0,8647.336,1012.0153000000001,0.0,,0.0,0.0,0.0,0.0,0.0,0.0,0.0025,9893.8176,1513.8050000000005,0.0,0.01340439119149284,846.3654000000006,0.0,-0.02,305.95419999999507,0.5083664477495682,0.0,0.0,0.5083664477495682,0.0,10,1,261.20583985978897,1.1215973871218992,262.3274372469109,34.38532758663722,1.2266638315677976,35.611991418205015,0.0,0.0,0.0,0.0,0,0,0.0,0.0,0.0,0.5083664477495682,0.5083664477495682,0.0,0.0,0.0,0.03050198686497409,0.5,0.25,0.0,-5361.492729559724,3650.5711,587,2560.0,1820.8763000000017,8006.7308,726.9893999999939,0.0,0.0,0.0,0.0,0.0,5,581.3875,2560.0,1820.8763000000017,421.27330000000035,271.0,0.0,6706.815099999996,0.015,7.74948208955225,11.555800000000072,1.96019999999999,NaN,5.196358324156601,16.091310046534222,1080.0,1206.0,540.0,2045.3333333333333,1542.0000000000002,204.0,125,2,2,2,110,0.0,2046.0,62460.91039999993,20700.958899999998,9507.2346,0,768,0,0,0.5561794981520254,0.784705348140259,0.39033065530248057,10,9044.664600000015,9345.875400000014,0,0,247.0,512,2,0,62460.91039999993,0,277159.9608788917,277159.9608788917,0.0,188,247,0,1.5,0,0.0,512,512,277159.9608788917,0,46080.0,0,146,484.1693999999975,256.0,636.1874,4,1360.3481,1360.3490999999997,5.120424193820604,5120.0,57.33940972222222,1.1865864887152775,189,0,0.0,0,941.6349417622298,2935.777777777778,217,5.818745594020196,0,0,0,0.0,0.0,0.0,0.0,0.0,0.0,0.0,0.0,0,0,0,0,125,0.0,0,9,0.0,0,0.0,120.0,3458.0362999999998,6294.036411782268,0.0,6294.036411782268,0.0,1360.3481,22363.46310000001,30844.380899999996,0.7873935249342572,512,277159.9608788917,0,0.0,4,0.0,1,0.0,2,581.3875,9893.8176,37.5,0,3,540,270,S4 rung 12 + everyone greedy,sumsy,4,8.731149137020111e-11
60,512,4,1,104512.23149999983,0.0,8814.137500000006,872.8062000000003,0.0,,0.0,0.0,0.0,0.0,0.0,0.0,0.0025,9602.13,1639.9114250000005,0.0,0.012348125165603204,869.4939,0.0,-0.02,352.11030000000164,0.4981991187945768,0.0,0.0,0.4981991187945768,0.0,6,0,282.28976685154134,1.2619573671157063,283.55172421865706,32.22268377405095,1.6192576094930078,33.841941383543954,0.0,0.0,0.0,0.0,0,0,0.0,0.0,0.0,0.4981991187945768,0.4981991187945768,0.0,0.0,0.0,0.029891947127674606,0.5,0.25,0.0,-5437.282329559736,3650.5711,594,2560.0,1828.2649000000001,25425.42750000001,768.6132000000017,0.0,0.0,0.0,0.0,0.0,1,587.8456,2560.0,1828.2649000000001,416.21509999999967,269.5,0.0,6068.634799999983,0.015,9.209754227156278,11.663099999999915,2.3288355828220872,NaN,5.345787699590088,15.608570745138199,1536.0,1171.0,768.0,2043.3333333333335,1998.0000000000002,204.0,11,2,2,1,98,0.0,2045.0,62759.98070000005,23044.8978,7745.7601,0,768,0,0,0.5327611431890991,0.7902519410885174,0.1770384316881417,3,11695.01329999996,10784.622200000002,0,0,326.0,512,2,0,62759.98070000005,0,305108.38479597843,305108.38479597843,0.0,152,326,0,1.5,0,0.0,512,512,305108.38479597843,0,46080.0,0,350,759.2004000000005,256.0,771.6173,4,678.0005000000001,677.9961999999997,5.805263305565883,5120.0,57.33940972222222,1.2108822938368058,363,0,0.0,0,532.6334764871137,2935.777777777778,217,5.81348868013641,0,0,0,0.0,0.0,0.0,0.0,0.0,0.0,0.0,0.0,0,0,0,0,11,0.0,0,9,0.0,0,0.0,120.0,3919.8248000000003,44875.540690890295,0.0,44875.540690890295,0.0,678.0005000000001,23072.21229999999,31562.275199999996,0.7928998836033434,512,305108.38479597843,0,0.0,4,0.0,1,0.0,2,587.8456,9602.13,37.5,0,3,983,983,S4 rung 12 + everyone greedy,sumsy,4,8.731149137020111e-11
61,512,4,1,105229.42049999992,0.0,22141.772099999995,14058.587899999997,0.0,,0.0,0.0,0.0,0.0,0.0,0.0,0.0025,9149.7549,1805.9738000000002,0.0,0.01137509290255367,1033.3364999999992,0.0,-0.02,349.26440000000025,0.48823513641868527,0.0,0.0,0.48823513641868527,0.0,6,0,296.40301160484694,1.1592778400523758,297.56228944489936,18.743841398069737,1.4159388728481173,20.159780270917853,0.0,0.0,0.0,0.0,0,0,0.0,0.0,0.0,0.48823513641868527,0.48823513641868527,0.0,0.0,0.0,0.029294108185121116,0.5,0.25,0.0,-5516.035529559734,3650.5711,614,2560.0,1842.8110000000008,27871.519299999996,763.3630000000006,0.0,0.0,0.0,0.0,0.0,0,591.2556,2560.0,1842.8110000000008,413.60609999999946,269.5,0.0,6886.112699999958,0.013939297743945835,9.734033650519015,13.398800000000104,2.495539306358381,NaN,6.049982401795562,15.140313622784056,1480.0,1156.0,740.0,2043.6666666666667,1942.0,204.0,25,1,0,2,99,0.0,2047.0,55914.97469999996,20547.6997,18301.7192,0,768,0,0,0.45359788303904147,0.8102438209258014,0.18566434634138762,5,12649.449100000022,11252.54289999998,0,0,173.0,512,1,0,55914.97469999996,0,369810.6656302699,369810.6656302699,0.0,134,173,0,1.5,0,0.0,512,512,369810.6656302699,0,46080.0,0,42,431.7282999999999,256.0,724.0164,4,732.2873999999999,732.2906,7.365387842535896,5120.0,57.33940972222222,1.0995525911458333,48,0,0.0,0,281.08576650005335,2935.777777777778,217,5.886182140552518,0,0,0,0.0,0.0,0.0,0.0,0.0,0.0,0.0,0.0,0,0,0,0,25,0.0,0,9,0.0,0,0.0,120.0,4072.4286999999977,25492.946527511027,0.0,25492.946527511027,0.0,732.2873999999999,16165.436900000004,39573.435300000005,0.8098272341992037,512,369810.6656302699,0,0.0,4,5496.647000000001,1,0.0,2,591.2556,9149.7549,37.5,0,3,792,792,S4 rung 12 + everyone greedy,sumsy,4,8.731149137020111e-11
62,512,4,1,105930.70120000002,0.0,22253.83169999999,1528.0064999999997,0.0,,0.0,0.0,0.0,0.0,0.0,0.0,0.0025,8645.263,1982.15585,0.0,0.01047873558183244,1092.1598999999997,0.0,-0.02,348.2789000000001,0.47847043369031156,0.0,0.0,0.47847043369031156,0.0,11,0,204.7205106425347,0.6364868647932659,205.35699750732795,18.88193908003974,1.2374261762053231,20.11936525624506,0.0,0.0,0.0,0.0,0,0,0.0,0.0,0.0,0.47847043369031156,0.47847043369031156,0.0,0.0,0.0,0.028708226021418693,0.5,0.25,0.0,-5728.930329559737,3650.5711,624,2560.0,1858.7193000000002,17623.050600000006,759.7222999999997,0.0,0.0,0.0,0.0,0.0,3,656.5984,2560.0,1858.7193000000002,411.74470000000014,269.5,0.0,7776.046999999913,0.012779004865767211,9.809361892361109,14.078499999999854,2.6757654545454557,NaN,6.356217600769581,16.343705120319573,1082.0,1152.0,541.0,2044.6666666666667,1544.0,204.0,125,0,0,1,84,0.0,2048.0,57131.00139999999,20738.087,17979.132,0,768,0,0,0.4664297918197018,0.7851075678756596,0.35014378601442453,10,10634.863000000003,11300.384899999997,0,0,220.0,512,0,0,57131.00139999999,0,278463.3186743277,278463.3186743277,0.0,129,220,0,1.5,0,0.0,512,512,278463.3186743277,0,46080.0,0,131,588.6684000000002,256.0,780.6194,4,1136.7662,1136.7663999999995,5.162472838728697,5120.0,57.33940972222222,1.1213235112847222,146,0,0.0,0,483.20610750643283,2935.777777777778,217,6.307243094556922,0,0,0,0.0,0.0,0.0,0.0,0.0,0.0,0.0,0.0,0,0,0,0,125,0.0,0,9,0.0,0,0.0,120.0,5059.638600000004,17452.008922693356,0.0,17452.008922693356,0.0,1136.7662,17572.836900000002,39497.8384,0.7856095389849711,512,278463.3186743277,0,0.0,4,6749.8212,1,0.0,2,656.5984,8645.263,37.5,0,3,541,541,S4 rung 12 + everyone greedy,sumsy,4,8.731149137020111e-11
63,512,4,1,106614.80170000001,0.0,22008.22669999999,1233.8197999999998,0.0,,0.0,0.0,0.0,0.0,0.0,0.0,0.0025,8137.7337,2158.6324,0.0,0.009653011217984042,1100.6106,11.863658333333547,-0.02,344.3333000000002,0.4689010250165053,0.0,0.0,0.4689010250165053,0.0,15,1,223.74585675779423,0.2550684220934706,224.00092517988767,19.98097299791454,1.0733001117927046,21.054273109707246,0.0,0.0,0.0,0.0,0,0,0.0,0.0,0.0,0.4689010250165053,0.4689010250165053,0.0,0.0,0.0,0.028134061500990317,0.5,0.25,0.0,-5944.4852810903585,3650.5711,632,2560.0,1875.8995000000018,23916.0775,754.7415000000005,0.0,0.0,0.0,0.0,0.0,1,690.7180000000001,2560.0,1875.8995000000018,410.1068999999993,269.5,0.0,8649.44399999992,0.015,10.141196524064169,14.077299999999935,2.7866900452488697,NaN,6.412462597672686,15.853393966709985,1118.0,1122.0,559.0,2046.6666666666667,1580.0,204.0,117,0,0,1,81,0.0,2048.0,58149.27009999996,21388.980499999998,17404.3337,0,768,0,0,0.4783588252432607,0.8024610890027484,0.3403885422890718,19,10926.229399999977,11378.422499999997,0,0,221.0,512,0,0,58149.27009999996,0,299302.1110776919,299302.1110776919,0.0,99,221,0,1.5,0,0.0,512,512,299302.1110776919,0,46080.0,0,263,615.8585000000002,256.0,843.7657,4,1112.8273,1112.8273,5.694257799748337,5120.0,57.33940972222222,1.1477567230902779,295,0,0.0,0,893.6638799074607,2935.777777777778,218,6.683613376411215,0,0,0,0.0,0.0,0.0,0.0,0.0,0.0,0.0,0.0,0,0,0,0,117,0.0,0,9,0.0,0,0.0,120.0,5739.666599999999,20902.497133881385,0.0,20902.497133881385,0.0,1112.8273,18953.622900000006,39637.0799,0.8026624217737461,512,299302.1110776919,0,0.0,4,7632.408600000001,1,0.0,2,690.7180000000001,8137.7337,37.5,0,3,559,559,S4 rung 12 + everyone greedy,sumsy,4,8.731149137020111e-11
64,512,4,1,107283.67870000006,0.0,21542.5228,1058.1329,0.0,,0.0,0.0,0.0,0.0,0.0,0.0,0.0025,7606.2896,2343.0407500000006,0.0,0.0088923539340069,1137.8406000000007,65.27349166666727,-0.02,351.66740000000107,0.4595230045161752,0.0,0.0,0.4595230045161752,0.0,27,5,187.39998536490586,-0.022220957807230365,187.37776440709862,20.421008729461402,0.9560092271138642,21.377017956575266,0.0,0.0,0.0,0.0,0,0,0.0,0.0,0.0,0.4595230045161752,0.4595230045161752,0.0,0.0,0.0,0.027571380270970513,0.5,0.25,0.0,-6158.395390418425,3650.5711,638,2560.0,1891.1230000000016,10624.9704,757.2282999999998,0.0,0.0,0.0,0.0,0.0,4,707.0599,2560.0,1891.1230000000016,408.0128000000002,269.5,0.0,9561.993899999938,0.014606105317606451,10.302541652173911,14.241299999999873,2.883735398230088,NaN,6.545452573062324,15.377792147708684,1112.0,1150.0,556.0,2046.6666666666667,1574.0,204.0,118,1,1,0,81,0.0,2047.0,58734.46550000002,22184.7826,17144.2579,0,768,0,0,0.48946241461058615,0.7920313781751631,0.35478555443816573,21,11087.622400000018,11847.922899999998,0,0,226.0,512,1,0,58734.46550000002,0,265181.1559325043,265181.1559325043,0.0,128,226,0,1.5,0,0.0,512,512,265181.1559325043,0,46080.0,0,68,651.7241999999999,256.0,906.8232,4,1199.9313000000002,1199.9328000000019,4.889050784484965,5120.0,57.33940972222222,1.1841626410590278,104,0,0.0,0,1068.251569996216,2935.777777777778,218,7.089463430846397,0,0,0,0.0,0.0,0.0,0.0,0.0,0.0,0.0,0.0,0,0,0,0,118,0.0,0,9,0.0,0,0.0,120.0,6172.769000000002,21050.61418793056,0.0,21050.61418793056,0.0,1199.9313000000002,20003.871599999995,40235.8637,0.7930471231693044,512,265181.1559325043,0,0.0,4,8278.478900000002,1,0.0,2,707.0599,7606.2896,37.5,0,3,556,556,S4 rung 12 + everyone greedy,sumsy,4,8.731149137020111e-11
65,512,4,1,107938.23040000007,0.0,21378.746800000004,1338.2069000000001,0.0,,0.0,0.0,0.0,0.0,0.0,0.0,0.0025,7058.2851,2529.5566500000004,0.0,0.008191636444007156,1155.9456000000011,118.78975000000116,-0.02,341.21190000000024,0.4503325444258517,0.0,0.0,0.4503325444258517,0.0,31,4,215.04316418975952,-0.329581241281389,214.71358294847815,21.12613276347897,0.8875673895548395,22.01370015303381,0.0,0.0,0.0,0.0,0,0,0.0,0.0,0.0,0.4503325444258517,0.4503325444258517,0.0,0.0,0.0,0.0270199526655511,0.5,0.25,0.0,-6369.0898568946495,3650.5711,650,2560.0,1905.4482999999984,22725.820300000003,747.5861999999994,0.0,0.0,0.0,0.0,0.0,3,715.0199,2560.0,1905.4482999999984,405.71309999999977,269.5,0.0,10504.263199999905,0.015,10.457377304964536,13.989800000000095,2.9274297979797956,NaN,6.617112292749961,14.916458383277428,1114.0,1128.0,557.0,2047.0,1576.0,204.0,117,3,3,0,72,0.0,2044.0,59572.87009999996,22640.589,16982.6641,0,768,0,0,0.5011533475213625,0.8127522810822958,0.3512510100180384,27,11119.450400000022,11795.921599999998,0,0,198.0,512,3,0,59572.87009999996,0,298587.1022811742,298587.1022811742,0.0,110,198,0,1.5,0,0.0,512,512,298587.1022811742,0,46080.0,0,50,579.6310999999995,256.0,968.8022,4,1224.531,1224.5313000000017,5.728380668485694,5120.0,57.33940972222222,1.213884769965278,70,0,0.0,0,598.5653625578792,2935.777777777778,218,7.641328700350359,0,0,0,0.0,0.0,0.0,0.0,0.0,0.0,0.0,0.0,0,0,0,0,117,0.0,0,9,0.0,0,0.0,120.0,6764.712900000001,21810.104825698785,0.0,21810.104825698785,0.0,1224.531,21106.729200000005,40592.0553,0.8130413753680052,512,298587.1022811742,0,0.0,4,9076.4851,1,0.0,2,715.0199,7058.2851,37.5,0,3,557,557,S4 rung 12 + everyone greedy,sumsy,4,8.731149137020111e-11
66,512,4,1,108577.73700000001,0.0,21206.92810000001,1368.1587000000002,0.0,,0.0,0.0,0.0,0.0,0.0,0.0,0.0025,6495.7146,2713.5620750000007,0.0,0.007546135492219392,1173.3162000000007,172.29893333333416,-0.02,338.83850000000035,0.44132589353733465,0.0,0.0,0.44132589353733465,0.0,36,10,229.32655970294155,-0.677142655773647,228.64941704716793,21.785806928188393,0.7796973349919619,22.565504263180358,0.0,0.0,0.0,0.0,0,0,0.0,0.0,0.0,0.44132589353733465,0.44132589353733465,0.0,0.0,0.0,0.026479553612240078,0.5,0.25,0.0,-6576.971756894656,3650.5711,663,2560.0,1920.4933999999985,29543.8594,738.9052,0.0,0.0,0.0,0.0,0.0,22,716.4349,2560.0,1920.4933999999985,403.5729999999998,269.5,0.0,11524.835899999902,0.015,10.526716344463972,13.745799999999885,2.9521773684210517,NaN,6.686289411446643,14.468964631779102,1112.0,1138.0,556.0,2044.0,1574.0,204.0,117,4,3,1,83,0.0,2043.0,60402.17849999992,22855.1436,17081.6422,0,768,0,0,0.5089272422303595,0.8241886229413715,0.337178890466618,26,11153.434000000003,11979.4032,0,0,190.0,512,4,0,60402.17849999992,0,318167.96846090857,318167.96846090857,0.0,121,190,0,1.5,0,0.0,512,512,318167.96846090857,0,46080.0,0,66,560.9136999999998,256.0,1026.6232,4,1237.8769,1237.8754000000008,6.231677442893271,5120.0,57.34375,1.2439359288194445,93,0,0.0,0,957.2136993707065,2936.0,218,8.085840174503987,0,0,0,0.0,0.0,0.0,0.0,0.0,0.0,0.0,0.0,0,0,0,0,117,0.0,0,9,0.0,0,0.0,120.0,7283.999300000002,21346.006545139062,0.0,21346.006545139062,0.0,1237.8769,22548.2616,40963.409,0.8244470242228927,512,318167.96846090857,0,0.0,4,9926.559499999998,1,0.0,2,716.4349,6495.7146,37.5,0,3,556,556,S4 rung 12 + everyone greedy,sumsy,4,8.731149137020111e-11
67,512,4,1,109203.66850000013,0.0,20767.139200000034,1159.6228999999998,0.0,,0.0,0.0,0.0,0.0,0.0,0.0,0.0025,5933.9595,2886.9926750000004,0.0,0.006951500015432504,1181.0988000000002,224.6800250000009,-0.02,332.50870000000015,0.43249937566658797,0.0,0.0,0.43249937566658797,0.0,36,8,262.76374498589,-0.7650728049001755,261.99867218098984,22.30257077250661,0.7380732966534348,23.040644069160045,0.0,0.0,0.0,0.0,0,0,0.0,0.0,0.0,0.43249937566658797,0.43249937566658797,0.0,0.0,0.0,0.025949962539995278,0.5,0.25,0.0,-6784.624141514472,3650.5711,680,2560.0,1934.0685000000028,29185.66769999999,736.0687999999997,0.0,0.0,0.0,0.0,0.0,19,717.3259,2560.0,1934.0685000000028,401.0200000000008,269.5,0.0,12475.122799999863,0.01347869322834858,10.494111481156875,13.509200000000174,2.9767168367346932,NaN,6.721398312509858,14.034895692825728,1114.0,1141.0,557.0,2042.3333333333333,1575.9999999999998,204.0,116,10,10,0,83,0.0,2036.0,60939.45579999996,23251.8417,17277.8412,0,768,0,0,0.5126872610757194,0.838303897481476,0.3802313397112631,31,11233.033600000017,11973.781199999994,0,0,196.0,512,10,0,60939.45579999996,0,359363.77378364146,359363.77378364146,0.0,137,196,0,1.5,0,0.0,512,512,359363.77378364146,0,46080.0,0,87,583.4364999999999,256.0,1083.2444,4,1267.5176999999999,1267.5166000000006,7.260861161709991,5120.0,57.34375,1.2799597764756945,119,0,0.0,0,1178.4351785769068,2936.0,218,8.203925414855682,0,0,0,0.0,0.0,0.0,0.0,0.0,0.0,0.0,0.0,0,0,0,0,116,0.0,0,9,0.0,0,0.0,120.0,7586.179999999999,20916.00607451817,0.0,20916.00607451817,0.0,1267.5176999999999,23776.04329999999,41612.9273,0.8378588169382399,512,359363.77378364146,0,0.0,4,10412.936000000002,1,0.0,2,717.3259,5933.9595,37.5,0,3,557,557,S4 rung 12 + everyone greedy,sumsy,4,8.731149137020111e-11
68,512,4,1,109819.64610000006,0.0,20184.30820000003,993.0369,0.0,,0.0,0.0,0.0,0.0,0.0,0.0,0.0025,5379.0197,3034.984875,0.0,0.006403721814216422,1171.6652999999997,270.9606166666672,-0.02,323.44439999999963,0.4238493881532562,0.0,0.0,0.4238493881532562,0.0,46,4,293.35585855384505,-0.8300908912241525,292.5257676626209,23.100298419549567,0.8705908515823415,23.970889271131906,0.0,0.0,0.0,0.0,0,0,0.0,0.0,0.0,0.4238493881532562,0.4238493881532562,0.0,0.0,0.0,0.02543096328919537,0.5,0.25,0.0,-6991.49991761133,3650.5711,699,2560.0,1944.0223999999996,23234.5285,722.1690999999998,0.0,0.0,0.0,0.0,0.0,2,720.8556000000001,2560.0,1944.0223999999996,397.5921,269.5,0.0,13377.897299999848,0.013620204789273734,10.455839041703628,13.279599999999895,2.9842872807017558,NaN,6.729001421170868,13.613848822040957,1120.0,1127.0,560.0,2036.0,1581.0,203.0,113,11,10,1,84,0.0,2030.0,61495.93629999992,23787.3399,17296.0793,0,768,0,0,0.5256988182047513,0.8506596557049126,0.33305482399743136,22,11356.502400000001,11783.73059999999,0,0,228.0,512,11,0,61495.93629999992,0,391074.80744793505,391074.80744793505,0.0,124,228,0,1.5,0,0.0,512,512,391074.80744793505,0,46080.0,0,91,680.4175000000004,256.0,1140.4153,4,1314.2712000000001,1314.2691999999995,8.050322752635147,5120.0,57.34375,1.3132008355034723,119,0,0.0,0,802.7733632758391,2936.0,218,8.197768680197479,0,0,0,0.0,0.0,0.0,0.0,0.0,0.0,0.0,0.0,0,0,0,0,113,0.0,0,9,0.0,0,0.0,120.0,7686.755200000001,20712.944469024427,0.0,20712.944469024427,0.0,1314.2712000000001,24789.911900000006,42223.834500000004,0.8497390482601506,512,391074.80744793505,0,0.0,4,10673.8888,1,0.0,2,720.8556000000001,5379.0197,37.5,0,3,560,560,S4 rung 12 + everyone greedy,sumsy,4,8.731149137020111e-11
69,511,4,1,110421.91219999998,0.0,19369.459900000005,830.4250000000003,0.0,,0.0,0.0,0.0,0.0,0.0,0.0,0.0025,4830.6811,3167.7320249999993,0.0,0.005899108535256168,1167.3920999999993,313.55502500000046,-0.02,318.7839999999996,0.415372400390191,0.0,0.0,0.415372400390191,0.0,48,3,331.6161914871341,-0.9615327252904033,330.6546587618437,24.140893153623733,0.8077872185644064,24.94868037218814,0.0,0.0,0.0,0.0,0,0,0.0,0.0,0.0,0.415372400390191,0.415372400390191,0.0,0.0,0.0,0.02492234402341146,0.5,0.25,0.0,-7192.655517611322,3658.9496,719,2560.0,1957.7338999999995,15471.3743,713.3600999999999,0.0,0.0,0.0,0.0,0.0,4,716.999,2560.0,1957.7338999999995,394.9061,269.5,0.0,14328.037899999874,0.015,10.383595300261122,13.056899999999837,2.9926579207920767,NaN,6.7248315872754665,13.20543335737973,1126.0,1149.0,563.0,2027.0,1585.0,203.0,110,7,3,4,79,0.0,2033.0,61737.74279999991,24388.6238,17554.0674,0,768,0,0,0.5386890696894657,0.8567698901576908,0.3409819526113391,29,11295.574600000005,11930.75100000003,0,0,202.0,511,7,0,61737.74279999991,0,438911.9649083997,438911.9649083997,0.0,137,202,0,1.5,0,0.0,511,511,438911.9649083997,0,46080.0,0,87,604.5168999999995,256.0,1193.7981,4,1372.1735999999999,1372.1735999999987,9.234929624228498,5120.0,57.34375,1.3528379752604167,113,0,0.0,0,1071.6261096303317,2936.0,218,8.075426778107506,0,0,0,0.0,0.0,0.0,0.0,0.0,0.0,0.0,0.0,0,0,0,0,110,0.0,0,9,0.0,0,0.0,120.0,7591.9409000000005,20214.53539181665,0.0,20214.53539181665,0.0,1372.1735999999999,25780.160400000015,43136.4893,0.8553982212907889,511,438911.9649083997,0,0.0,4,10686.2107,1,0.0,2,716.999,4830.6811,37.5,1,3,563,563,S4 rung 12 + everyone greedy,sumsy,4,8.731149137020111e-11
70,511,4,1,111007.85770000001,0.0,19024.3525,1264.0044,0.0,,0.0,0.0,0.0,0.0,0.0,0.0,0.0025,4293.9429,3272.1382,0.0,0.005434258782677981,1159.3278999999998,349.48415833333354,-0.02,313.8889000000007,0.4070649523823872,0.0,0.0,0.4070649523823872,0.0,55,4,286.33651728573676,-1.128120048015431,285.20839723772133,24.61792181446764,0.8582582067820796,25.47618002124972,0.0,0.0,0.0,0.0,0,0,0.0,0.0,0.0,0.4070649523823872,0.4070649523823872,0.0,0.0,0.0,0.02442389714294323,0.5,0.25,0.0,-7384.510231729007,3658.9496,739,2555.0,1969.0545,29666.07,705.9958000000024,0.0,0.0,0.0,0.0,0.0,12,712.3338,2555.0,1969.0545,391.62389999999965,269.0,0.0,15223.167299999845,0.015,10.294873879310343,12.840900000000097,3.007602764976961,NaN,6.712628811467497,12.809270356658338,1150.0,1160.0,575.0,2030.0,1611.0,203.0,104,5,2,3,89,0.0,2036.0,62103.58810000001,24926.817199999998,17724.1861,0,768,0,0,0.5401373058772403,0.8478929135298132,0.31523267510287867,29,11480.694200000009,11942.053699999997,0,0,217.0,511,5,0,62103.58810000001,0,382954.1958993714,382954.1958993714,0.0,145,217,0,1.5,0,0.0,511,511,382954.1958993714,0,46080.0,0,71,652.6498000000006,256.0,1246.9896,4,1405.5233999999998,1405.5224000000007,7.881416328109663,5120.0,57.34375,1.3886220746527778,85,0,0.0,0,698.5965506212158,2936.0,218,8.431773712433376,0,0,0,0.0,0.0,0.0,0.0,0.0,0.0,0.0,0.0,0,0,0,0,104,0.0,0,9,0.0,0,0.0,120.0,7740.147399999998,20316.981947077453,0.0,20316.981947077453,0.0,1405.5233999999998,26812.776699999995,43897.9929,0.8470005571475401,511,382954.1958993714,0,0.0,4,10682.4927,1,0.0,2,712.3338,4293.9429,37.5,0,3,575,575,S4 rung 12 + everyone greedy,sumsy,4,8.731149137020111e-11
71,511,4,1,111582.58169999998,0.0,18268.669700000006,911.2187,0.0,,0.0,0.0,0.0,0.0,0.0,0.0,0.0025,3756.7271,3347.90225,0.0,0.005006039190602956,1149.4215999999992,378.2640249999996,-0.02,296.1921999999996,0.39892365333473945,0.0,0.0,0.39892365333473945,0.0,54,2,287.0136894746952,-1.2409987027031923,285.772690771992,25.559433195707864,0.8877832573582661,26.44721645306613,0.0,0.0,0.0,0.0,0,0,0.0,0.0,0.0,0.39892365333473945,0.39892365333473945,0.0,0.0,0.0,0.023935419200084365,0.5,0.25,0.0,-7573.205231729003,3658.9496,759,2555.0,1980.2760000000003,36091.3629,684.6872000000009,0.0,0.0,0.0,0.0,0.0,11,707.8331000000001,2555.0,1980.2760000000003,388.29839999999984,269.0,0.0,15778.193199999816,0.01370876469366875,10.2458281553398,12.631400000000149,3.0329847953216356,NaN,6.6931731247943365,12.424992245958585,1160.0,1133.0,580.0,2033.6666666666667,1621.0,203.0,103,5,4,1,73,0.0,2038.0,63080.12659999999,25598.3281,17605.8686,0,768,0,0,0.5478661632330155,0.8490254181970547,0.33465776538496805,26,11850.06419999999,11608.523299999992,0,0,171.0,511,5,0,63080.12659999999,0,379377.9556095342,379377.9556095342,0.0,120,171,0,1.5,0,0.0,511,511,379377.9556095342,0,46080.0,0,79,518.6403999999997,256.0,833.6982,4,1471.6353000000001,1471.6341999999993,7.784185437244491,5120.0,57.34375,1.4109165559895833,97,0,0.0,0,868.1473011800493,2936.0,218,8.392716141925867,0,0,0,0.0,0.0,0.0,0.0,0.0,0.0,0.0,0.0,0,0,0,0,103,0.0,0,9,0.0,0,0.0,120.0,7662.3547000000035,20738.87225916065,0.0,20738.87225916065,0.0,1471.6353000000001,27659.38929999997,44037.8949,0.8480660457043867,511,379377.9556095342,0,0.0,4,10365.266500000002,1,0.0,2,707.8331000000001,3756.7271,37.5,0,3,580,580,S4 rung 12 + everyone greedy,sumsy,4,8.731149137020111e-11
72,511,4,1,112146.18089999999,0.0,17589.630700000012,1020.8262000000004,0.0,,0.0,0.0,0.0,0.0,0.0,0.0,0.0025,3229.4999,3416.5151749999995,0.0,0.004799790375950114,1143.9455999999998,470.9848999999996,0.02,292.7903000000002,0.40690212640143425,0.0,0.0,0.40690212640143425,0.0,63,4,316.59911599318036,-1.29063322612523,315.3084827670551,26.32321776212046,0.9127786829547507,27.235996445075212,0.0,0.0,0.0,0.0,0,0,0.0,0.0,0.0,0.40690212640143425,0.40690212640143425,0.0,0.0,0.0,0.024414127584086055,0.5,0.25,0.0,-7755.051881189438,3658.9496,778,2555.0,1991.4008000000015,18355.049099999997,678.4754999999993,0.0,0.0,0.0,0.0,0.0,5,701.8680999999999,2555.0,1991.4008000000015,384.88999999999965,269.0,0.0,16698.604999999832,0.011792686151825294,10.099102264808366,12.42820000000008,3.0132344339622636,NaN,6.675446005537729,13.874369588536778,1142.0,1148.0,571.0,2037.3333333333335,1603.0,203.0,109,3,2,1,75,0.0,2040.0,63614.11999999996,25945.733099999998,17755.8643,0,768,0,0,0.5544780099978128,0.8548292098640631,0.3355609993827102,25,11329.850700000015,11593.769400000003,0,0,212.0,511,3,0,63614.11999999996,0,416020.3310028589,416020.3310028589,0.0,131,212,0,1.5,0,0.0,511,511,416020.3310028589,0,46080.0,0,140,638.8056999999999,256.0,899.0955,4,1537.0328,1537.0333000000007,8.682078278878382,5120.0,57.34375,1.4423884678819445,149,0,0.0,0,874.647778179629,2936.0,217,8.629273245842333,0,0,0,0.0,0.0,0.0,0.0,0.0,0.0,0.0,0.0,0,0,0,0,109,0.0,0,9,0.0,0,0.0,120.0,7721.365399999999,19588.390922615006,0.0,19588.390922615006,0.0,1537.0328,28610.58640000001,44600.6929,0.8533491336390748,511,416020.3310028589,0,0.0,4,10147.147600000002,1,0.0,2,701.8680999999999,3229.4999,37.5,0,3,571,571,S4 rung 12 + everyone greedy,sumsy,4,8.731149137020111e-11
73,510,4,1,112699.98789999995,0.0,16972.321699999997,1127.0683,0.0,,0.0,0.0,0.0,0.0,0.0,0.0,0.0025,2736.9179,3441.46055,0.0,0.004602039012460969,1133.1179999999995,657.7458083333329,0.02,295.2812000000001,0.41504016892946294,0.0,0.0,0.41504016892946294,0.0,64,2,315.1528791427836,-1.3723466401623838,313.78053250262127,27.092664092287958,1.0150575109596296,28.10772160324759,0.0,0.0,0.0,0.0,0,0,0.0,0.0,0.0,0.41504016892946294,0.41504016892946294,0.0,0.0,0.0,0.024902410135767775,0.5,0.25,0.0,-7930.3785792511535,3658.9496,803,2555.0,2001.1930000000007,40473.14030000001,692.1231,0.0,0.0,0.0,0.0,0.0,4,697.1712,2555.0,2001.1930000000007,396.64960000000013,269.0,0.0,17225.927399999782,0.015,9.997035069444454,12.230999999999968,2.9955580310880836,NaN,6.635254772457352,15.75136021852198,1146.0,1152.0,573.0,2038.0,1606.6666666666667,204.0,108,3,3,0,83,0.0,2037.0,64472.66270000002,26367.180500000002,17925.6864,0,768,0,0,0.5556732393489439,0.8501069407234814,0.33059883673789714,17,11678.545600000009,11516.58440000001,0,0,193.0,510,3,0,64472.66270000002,0,413376.55324106594,413376.55324106594,0.0,138,193,0,1.5,0,0.0,510,510,413376.55324106594,0,46080.0,0,141,578.1427000000001,256.0,500.3692,4,1581.42,1581.4234000000008,8.607613238307275,5120.0,57.34375,1.4658253363715277,155,0,0.0,0,899.1796992610535,2936.0,216,8.822798805877376,0,0,0,0.0,0.0,0.0,0.0,0.0,0.0,0.0,0.0,0,0,0,0,108,0.0,0,9,0.0,0,0.0,120.0,7767.795900000001,19539.854415772472,0.0,19539.854415772472,0.0,1581.42,29352.09819999997,44793.2361,0.8484794014849257,510,413376.55324106594,0,0.0,4,9711.952299999999,1,0.0,2,697.1712,2736.9179,37.5,1,3,573,573,S4 rung 12 + everyone greedy,sumsy,4,8.731149137020111e-11
74,510,4,1,113233.48230000008,3.7312,16195.800999999994,998.2419999999998,0.0,,0.0,0.0,0.0,0.0,0.0,0.0,0.0025,2299.814,3447.463099999999,0.0,0.004412435005147577,1116.170100000001,810.6232499999992,0.02,312.94519999999994,0.4233409723080522,0.0,0.0,0.4233409723080522,0.0,68,2,325.18077107125276,-1.4392138472530573,323.74155722399973,27.554017221817727,1.0207423489003125,28.57475957071804,0.0,0.0,0.0,0.0,0,0,0.0,0.0,0.0,0.4233409723080522,0.4233409723080522,0.0,0.0,0.0,0.02540045833848313,0.5,0.25,0.0,-8099.311295265395,3658.9496,823,2550.0,2012.7744000000002,30791.819,721.629000000001,0.0,0.0,0.0,0.0,0.0,10,692.7134,2550.0,2012.7744000000002,408.8580999999996,268.5,0.0,17844.22509999975,0.010353616790791881,9.884306846999129,12.039799999999824,3.002028178694161,NaN,6.612157428266966,15.59712754528508,1170.0,1183.0,585.0,2037.0,1631.0,203.0,102,2,2,0,91,0.0,2038.0,64597.13899999996,26900.943499999998,18166.2853,0,768,0,0,0.5585415082832572,0.8551764500443018,0.312548625534681,17,11641.241900000003,11693.13499999997,0,0,291.0,510,2,0,64597.13899999996,0,417128.4248661338,417128.4248661338,0.0,167,291,0,1.5,0,0.0,510,510,417128.4248661338,0,46080.0,0,317,873.5902000000008,256.0,576.5871,4,1622.8411,1622.842300000001,8.70139383706381,5120.0,57.34375,1.5035425130208333,327,0,0.0,0,1105.6340837299722,2936.0,216,8.76884236150024,0,0,0,0.0,0.0,0.0,0.0,0.0,0.0,0.0,0.0,0,0,0,0,102,0.0,0,9,0.0,0,0.0,120.0,7804.166300000002,19463.280390909844,0.0,19463.280390909844,0.0,1622.8411,29646.551800000012,45643.815899999994,0.8534665680993947,510,417128.4248661338,0,0.0,4,9038.382599999999,1,0.0,2,692.7134,2299.814,37.5,0,3,585,585,S4 rung 12 + everyone greedy,sumsy,4,8.731149137020111e-11
75,510,4,1,113759.84310000017,3.7312,15095.83779999999,717.1055000000001,0.0,,0.0,0.0,0.0,0.0,0.0,0.0,0.0025,1882.625,3448.206475000001,0.0,0.004230642682935497,1103.5840999999998,953.053591666667,0.02,298.9153999999994,0.43180779175421324,0.0,0.0,0.43180779175421324,0.0,64,2,337.91676058831945,-1.4180562635317953,336.49870432478764,28.627126348905133,1.0273611592966125,29.654487508201747,0.0,0.0,0.0,0.0,0,0,0.0,0.0,0.0,0.43180779175421324,0.43180779175421324,0.0,0.0,0.0,0.025908467505252792,0.5,0.25,0.0,-8260.901318426033,3658.9496,837,2550.0,2023.6391999999992,29298.8248,720.2803999999998,0.0,0.0,0.0,0.0,0.0,3,688.333,2550.0,2023.6391999999992,421.1724999999996,268.5,0.0,18130.69199999971,0.013521699970659627,9.784014692787167,11.854299999999972,2.991080842911877,NaN,6.571518714049376,15.653649213846702,1188.0,1123.0,594.0,2038.0,1649.0,203.0,97,2,2,2,66,0.0,2038.0,65835.55400000002,27475.7201,17687.3046,0,768,0,0,0.5663093914150963,0.8593772247673526,0.31381559174802653,18,12057.741600000025,10987.44849999999,0,0,261.0,510,2,0,65835.55400000002,0,424921.2248810511,424921.2248810511,0.0,109,261,0,1.5,0,0.0,510,510,424921.2248810511,0,46080.0,0,288,780.6720999999999,256.0,190.3064,4,1670.969,1670.9681999999998,8.862515336451454,5120.0,57.34375,1.5164970030381943,302,0,0.0,0,1381.4961228161721,2936.0,216,8.590152878462934,0,0,0,0.0,0.0,0.0,0.0,0.0,0.0,0.0,0.0,0,0,0,0,97,0.0,0,9,0.0,0,0.0,120.0,7624.458399999999,20438.314042080445,0.0,20438.314042080445,0.0,1670.969,30270.961799999997,45353.331099999996,0.8575461978452132,510,424921.2248810511,0,0.0,4,8196.1065,1,0.0,2,688.333,1882.625,37.5,0,3,594,594,S4 rung 12 + everyone greedy,sumsy,4,8.731149137020111e-11
76,510,4,1,114276.93140000006,3.7312,13766.2941,512.7214999999999,0.0,,0.0,0.0,0.0,0.0,0.0,0.0,0.0025,1498.7068,3436.8422250000003,0.0,0.004056340204398554,1092.3836000000006,1075.354225,0.02,300.79189999999966,0.4404439475892975,0.0,0.0,0.4404439475892975,0.0,61,0,364.25209578966627,-1.2057659438400792,363.04632984582616,29.293062101724555,1.1044894673387078,30.397551569063264,0.0,0.0,0.0,0.0,0,0,0.0,0.0,0.0,0.4404439475892975,0.4404439475892975,0.0,0.0,0.0,0.02642663685535785,0.5,0.25,0.0,-8411.858618426048,3658.9496,852,2550.0,2032.9117000000008,32308.4717,734.3794999999998,0.0,0.0,0.0,0.0,0.0,0,675.1015,2550.0,2032.9117000000008,433.31860000000063,268.5,0.0,19168.073899999763,0.014053856836423906,9.585816580756022,11.760050000000176,2.992723178807947,NaN,6.526759042021251,16.52779166479232,1160.0,1164.0,580.0,2035.3333333333333,1621.0000000000002,203.0,103,3,2,2,92,0.0,2037.0,66330.0613,27811.1496,17699.6478,0,768,0,0,0.5580099757018273,0.8644935976191226,0.3175769378724935,15,11033.00609999999,11157.89050000001,0,0,151.0,510,3,0,66330.0613,0,449274.6598552203,449274.6598552203,0.0,150,151,0,1.5,0,0.0,510,510,449274.6598552203,0,46080.0,0,38,451.9012,256.0,262.2644,4,1751.6531,1751.6543999999997,9.447634642461436,5120.0,57.34375,1.5448641427951388,41,0,0.0,0,733.8669883287968,2936.0,216,8.401185130548829,0,0,0,0.0,0.0,0.0,0.0,0.0,0.0,0.0,0.0,0,0,0,0,103,0.0,0,9,0.0,0,0.0,120.0,7325.885599999999,19145.93873483579,0.0,19145.93873483579,0.0,1751.6531,31745.1302,45773.061799999996,0.862619111025904,510,449274.6598552203,0,0.0,4,7416.2384999999995,1,0.0,2,675.1015,1498.7068,37.5,0,3,580,580,S4 rung 12 + everyone greedy,sumsy,4,8.731149137020111e-11
77,510,4,1,114786.14799999977,3.7312,12411.66229999999,269.2201,0.0,,0.0,0.0,0.0,0.0,0.0,0.0,0.0025,1158.8967,3415.4199750000007,0.0,0.003889218987977333,1070.2566,1174.1986166666668,0.02,305.60949999999957,0.44925282654108345,0.0,0.0,0.44925282654108345,0.0,49,2,349.32023157772034,-0.9080820016091983,348.4121495761111,30.276922067471634,1.2876649061513374,31.56458697362297,0.0,0.0,0.0,0.0,0,0,0.0,0.0,0.0,0.44925282654108345,0.44925282654108345,0.0,0.0,0.0,0.026955169592465005,0.5,0.25,0.0,-8548.599518426045,3658.9496,860,2550.0,2040.7834000000005,20818.443600000002,749.315899999999,0.0,0.0,0.0,0.0,0.0,12,663.0826,2550.0,2040.7834000000005,445.2703,268.5,0.0,20112.99199999981,0.012551186093858985,9.48089628990509,11.52914263157893,3.0005005208333326,NaN,6.442709777997994,17.12399817066516,1140.0,1159.0,570.0,2034.6666666666665,1601.0,203.0,108,0,0,0,82,0.0,2040.0,66529.30609999997,28015.701200000003,18052.3727,0,768,0,0,0.5482471259766988,0.8580578805900723,0.3783193366228368,9,10886.389900000018,10988.358799999998,0,0,192.0,510,0,0,66529.30609999997,0,428030.4297835554,428030.4297835554,0.0,139,192,0,1.5,0,0.0,510,510,428030.4297835554,0,46080.0,0,75,576.0960999999999,256.0,366.7887,4,1808.1392,1808.1375999999993,8.920069220789921,5120.0,57.34375,1.5739211154513888,80,0,0.0,0,1396.7837227071043,2936.0,216,8.267046914994461,0,0,0,0.0,0.0,0.0,0.0,0.0,0.0,0.0,0.0,0,0,0,0,108,0.0,0,9,0.0,0,0.0,120.0,6839.457999999999,17863.83300612896,0.0,17863.83300612896,0.0,1808.1392,33321.340599999996,46434.8626,0.8561346783976618,510,428030.4297835554,0,0.0,4,6573.489199999996,1,0.0,2,663.0826,1158.8967,37.5,0,3,570,570,S4 rung 12 + everyone greedy,sumsy,4,8.731149137020111e-11
78,510,4,1,115287.46139999985,3.7312,11011.135000000006,223.62189999999998,0.0,,0.0,0.0,0.0,0.0,0.0,0.0,0.0025,852.7738,3388.030425,0.0,0.003728983165672667,1063.7579999999987,1255.375658333333,0.02,311.6949000000003,0.4582378830719051,0.0,0.0,0.4582378830719051,0.0,40,1,389.7056930032945,-0.7280284664242167,388.9776645368703,31.841402135575006,1.467812639885339,33.30921477546034,0.0,0.0,0.0,0.0,0,0,0.0,0.0,0.0,0.4582378830719051,0.4582378830719051,0.0,0.0,0.0,0.027494272984314304,0.5,0.25,0.0,-8672.105618426032,3658.9496,872,2550.0,2048.686600000002,24981.737000000005,770.1559000000012,0.0,0.0,0.0,0.0,0.0,6,650.7169,2550.0,2048.686600000002,457.3759999999996,268.5,0.0,20510.76129999985,0.015,9.372412116040952,11.505393451327498,2.969052820512823,NaN,6.365507891788547,17.448373859391754,1130.0,1172.0,565.0,2040.0,1592.0,204.0,112,2,2,0,103,0.0,2038.0,67052.4123000001,28193.6419,18518.795,0,768,0,0,0.5558583230896841,0.8665193646764395,0.32288121653679625,4,11209.672900000012,10984.466999999995,0,0,195.0,510,2,0,67052.4123000001,0,466522.0527555964,466522.0527555964,0.0,156,195,0,1.5,0,0.0,510,510,466522.0527555964,0,46080.0,0,76,578.9653000000005,256.0,19.1215,4,1856.6524,1856.6538000000005,9.842916375869054,5120.0,57.34375,1.5950548003472222,82,0,0.0,0,1306.6196324321936,2936.0,215,8.142310315520392,0,0,0,0.0,0.0,0.0,0.0,0.0,0.0,0.0,0.0,0,0,0,0,112,0.0,0,9,0.0,0,0.0,120.0,6249.113699999998,16872.374443735345,0.0,16872.374443735345,0.0,1856.6524,34675.44029999999,46731.5584,0.8645499658991664,510,466522.0527555964,0,0.0,4,5727.647500000001,1,0.0,2,650.7169,852.7738,37.5,0,3,565,565,S4 rung 12 + everyone greedy,sumsy,4,8.731149137020111e-11
79,510,4,1,115777.93340000017,3.7312,9717.980599999999,329.5836999999999,0.0,,0.0,0.0,0.0,0.0,0.0,0.0,0.0025,594.9758,3354.3630999999996,0.0,0.0035753490592469526,1046.429499999999,1313.8875999999993,0.02,325.06060000000076,0.4674026407333432,0.0,0.0,0.4674026407333432,0.0,45,0,379.5764098921658,-0.677772610585778,378.8986372815801,33.230157564188374,1.4285260964146815,34.65868366060305,0.0,0.0,0.0,0.0,0,0,0.0,0.0,0.0,0.4674026407333432,0.4674026407333432,0.0,0.0,0.0,0.02804415844400059,0.5,0.25,0.0,-8782.21621842603,3658.9496,881,2550.0,2059.528000000001,32186.2135,795.778900000001,0.0,0.0,0.0,0.0,0.0,0,640.9087999999999,2550.0,2059.528000000001,470.2393999999997,268.5,0.0,21186.90389999985,0.01495194080289543,9.299638772077392,11.282989948006945,2.9333111111111076,NaN,6.281428057434016,17.135424083980944,1154.0,1189.0,577.0,2038.0,1615.0,203.0,105,1,1,0,99,0.0,2039.0,67045.55599999998,28323.4318,19033.3318,0,768,0,0,0.5729573962527572,0.8631844252070147,0.32057166905410295,6,10947.792900000008,11057.270500000019,0,0,261.0,510,1,0,67045.55599999998,0,449932.5421806656,449932.5421806656,0.0,171,261,0,1.5,0,0.0,510,510,449932.5421806656,0,46080.0,0,68,765.5941999999991,256.0,139.7292,4,1857.8102,1857.8096000000007,9.433896996598284,5120.0,57.34375,1.6263499131944446,73,0,0.0,0,1282.2882043678896,2936.0,215,8.025537242610012,0,0,0,0.0,0.0,0.0,0.0,0.0,0.0,0.0,0.0,0,0,0,0,105,0.0,0,9,0.0,0,0.0,120.0,5875.816900000001,16650.179285827475,0.0,16650.179285827475,0.0,1857.8102,35070.661499999995,47496.4928,0.8612698702558232,510,449932.5421806656,0,0.0,4,4879.7235999999975,1,0.0,2,640.9087999999999,594.9758,37.5,0,3,577,577,S4 rung 12 + everyone greedy,sumsy,4,8.731149137020111e-11
80,510,4,1,116256.60009999995,3.7312,8505.728,379.59140000000014,126.8087,,126.8087,0.0,0.0,0.0,0.0,0.0,0.0025,478.3872,3321.022874999999,0.0,0.003428044678005978,1038.3044000000002,1324.098591666666,0.02,316.51990000000023,0.4767506935480101,0.0,0.0,0.4767506935480101,0.0,40,0,352.0111752890976,-0.6586225958584919,351.3525526932391,34.11133137304203,1.314778350552952,35.426109723594976,0.0,0.0,0.0,0.0,0,0,0.0,0.0,0.0,0.4767506935480101,0.4767506935480101,0.0,0.0,0.0,0.028605041612880605,0.5,0.25,0.0,-8878.927818426051,3658.9496,891,2550.0,2071.333299999999,31983.552599999995,799.2697999999993,0.0,0.0,0.0,0.0,0.0,6,626.0241000000001,2550.0,2071.333299999999,482.9959000000004,268.5,0.0,21846.854499999885,0.01197005666818937,9.23691619537274,11.161855425709529,2.930473410404623,NaN,6.261582862509028,16.621361361461517,1198.0,1167.0,599.0,2039.0,1659.0,203.0,95,0,0,1,86,0.0,2040.0,67693.60320000007,28483.458700000003,18975.1269,0,768,0,0,0.5764615763894929,0.8594595627672481,0.3464803844461519,10,11200.858599999983,10779.481199999987,0,0,173.0,510,0,0,67693.60320000007,0,417732.04997152893,417732.04997152893,0.0,148,173,0,1.5,0,0.0,510,510,417732.04997152893,0,46080.0,0,78,506.9718999999998,256.0,0.0,4,1840.9518,1840.954300000001,8.62473610037913,5120.0,57.34375,1.6402222504340276,82,0,0.0,0,1236.7354818757717,2936.0,216,7.860047856026885,0,0,0,0.0,0.0,0.0,0.0,0.0,0.0,0.0,0.0,0,0,0,0,95,0.0,0,9,0.0,0,0.0,120.0,5445.578799999999,17412.269003886733,0.0,17412.269003886733,0.0,1840.9518,35904.682400000005,47458.585600000006,0.8575416268194884,510,417732.04997152893,0,0.0,4,4034.696900000001,1,0.0,2,626.0241000000001,351.5785,37.5,0,3,599,599,S4 rung 12 + everyone greedy,sumsy,4,8.731149137020111e-11
81,510,4,1,116725.61210000009,3.7312,7515.948499999996,576.4196000000001,356.5987,,356.3527,0.0,0.0,0.246,0.0,0.0,0.0025,490.1984,3288.2701499999994,0.0,0.0032868092372721315,1036.3811999999991,1289.1377249999991,0.02,328.4499999999999,0.4862857074189703,0.0,0.0,0.4862857074189703,0.0,38,0,404.08870118252906,-0.5092548768482027,403.57944630568085,34.899925414068484,1.3187894944113565,36.21871490847984,0.0,0.0,0.0,0.0,0,0,0.0,0.0,0.0,0.4862857074189703,0.4862857074189703,0.0,0.0,0.0,0.029177142445138218,0.5,0.25,0.0,-8962.717118426055,3658.9496,901,2550.0,2080.9880000000007,35311.10540000002,823.6239000000005,0.0,0.0,0.0,0.0,0.0,1,612.473,2550.0,2080.9880000000007,494.9279000000001,268.5,0.0,22451.199699999874,0.011753637459134533,9.09030235690236,10.94569709897607,2.9063974468085108,NaN,6.208344490281997,17.037434517787535,1172.0,1188.0,586.0,2038.6666666666665,1634.0,204.0,101,0,0,0,88,0.0,2040.0,67862.0393,28463.2381,19297.6633,0,768,0,0,0.5839798468573745,0.8657854493907526,0.33382803103825776,10,11008.321400000019,10799.279200000003,0,0,235.0,510,0,0,67862.0393,0,472173.3946095575,472173.3946095575,0.0,168,235,0,1.5,0,0.0,510,510,472173.3946095575,0,46080.0,0,111,683.0034,256.0,0.0,4,1873.3046000000002,1873.3042000000003,9.939984963612241,5120.0,57.34375,1.6614778559027779,111,0,0.0,0,1448.4678189969775,2936.0,215,7.681603624236162,0,0,0,0.0,0.0,0.0,0.0,0.0,0.0,0.0,0.0,0,0,0,0,101,0.0,0,9,0.0,0,0.0,120.0,5033.343899999999,16141.636849095157,0.0,16141.636849095157,0.0,1873.3046000000002,36175.34470000002,47760.9014,0.8641613886274047,510,472173.3946095575,0,0.0,4,3186.783299999999,1,0.0,2,612.473,133.84569999999997,37.5,0,3,586,586,S4 rung 12 + everyone greedy,sumsy,4,8.731149137020111e-11
82,510,4,1,117185.72989999985,3.7312,7229.385800000006,584.9071,556.9671000000001,,556.9671000000001,0.0,0.0,0.0,0.0,0.0,0.0025,502.081,3253.4215999999997,0.0,0.0031513926966965193,1019.9336999999994,1251.2315249999997,0.02,329.1208999999996,0.49601142156734973,0.0,0.0,0.49601142156734973,0.0,31,0,348.2507484483055,-0.3453143086115898,347.9054341396939,35.44974267737947,1.375954577325755,36.82569725470522,0.0,0.0,0.0,0.0,0,0,0.0,0.0,0.0,0.49601142156734973,0.49601142156734973,0.0,0.0,0.0,0.02976068529404098,0.5,0.25,0.0,-9033.97051842603,3658.9496,914,2550.0,2089.882199999998,32146.854399999993,834.5513999999984,0.0,0.0,0.0,0.0,0.0,10,598.9726,2550.0,2089.882199999998,506.9548999999998,268.5,0.0,23193.14349999979,0.010433577715173854,9.032195861486509,10.747609747899116,2.8863783251231534,NaN,6.176857884046197,16.655178836243252,1190.0,1184.0,595.0,2040.0,1652.0,204.0,97,0,0,0,95,0.0,2040.0,67816.05570000006,28144.118599999998,20124.502,0,768,0,0,0.5835822109618456,0.8556687763296389,0.3060017967738262,9,10973.71980000001,10694.119900000027,0,0,203.0,510,0,0,67816.05570000006,0,408267.4980951923,408267.4980951923,0.0,164,203,0,1.5,0,0.0,510,510,408267.4980951923,0,46080.0,0,110,585.9348000000001,256.0,0.0,4,1826.7844,1826.7845999999993,8.362050844609202,5120.0,57.34375,1.6724961067708335,124,0,0.0,0,1693.534522376569,2936.0,215,7.516665002893518,0,0,0,0.0,0.0,0.0,0.0,0.0,0.0,0.0,0.0,0,0,0,0,97,0.0,0,9,0.0,0,0.0,120.0,4716.184100000001,15263.470805362227,0.0,15263.470805362227,0.0,1826.7844,36452.20990000004,48268.620599999995,0.8541000892787114,510,408267.4980951923,0,0.0,4,2615.1273,1,0.0,2,598.9726,-54.886100000000056,37.5,0,3,595,595,S4 rung 12 + everyone greedy,sumsy,4,8.731149137020111e-11
83,510,4,1,117637.09320000003,3.7312,6988.182999999996,587.6091999999999,732.9652,,731.4408,0.0,0.0,1.5244,0.0,0.0,0.0025,514.2051,3219.4188999999997,0.0,0.0030215553175926228,1013.4108000000004,1210.1115916666668,0.02,336.85609999999946,0.5059316499986968,0.0,0.0,0.5059316499986968,0.0,29,0,344.5309694977519,-0.278132520086293,344.2528369776656,35.7067171362269,1.4153310285633718,37.12204816479028,0.0,0.0,0.0,0.0,0,0,0.0,0.0,0.0,0.5059316499986968,0.5059316499986968,0.0,0.0,0.0,0.030355898999921804,0.5,0.25,0.0,-9100.69434342651,3658.9496,923,2550.0,2098.636700000002,35886.3656,857.6083999999988,0.0,0.0,0.0,0.0,0.0,3,591.4087,2550.0,2098.636700000002,519.2278999999994,268.5,0.0,23732.85569999987,0.011207989194754533,8.918603765690383,10.553590117252885,2.862258874458871,NaN,6.138638934576498,16.333377571328427,1194.0,1195.0,597.0,2040.0,1656.0,204.0,96,0,0,0,91,0.0,2040.0,67754.94270000003,27727.2187,21049.318,0,768,0,0,0.5847146039034783,0.8534450458429748,0.3153118371627186,6,11055.162999999982,10657.731500000007,0,0,231.0,510,0,0,67754.94270000003,0,401253.5745110109,401253.5745110109,0.0,175,231,0,1.5,0,0.0,510,510,401253.5745110109,0,46080.0,0,81,661.1817999999992,256.0,0.0,4,1781.2231000000002,1781.2230999999995,8.175622971460212,5120.0,57.34375,1.683518591579861,88,0,0.0,0,1135.379686790078,2936.0,215,7.396643880208334,0,0,0,0.0,0.0,0.0,0.0,0.0,0.0,0.0,0.0,0,0,0,0,96,0.0,0,9,0.0,0,0.0,120.0,4440.597800000001,14006.23038376154,0.0,14006.23038376154,0.0,1781.2231000000002,36423.92320000003,48776.5367,0.8520980773313436,510,401253.5745110109,0,0.0,4,2106.3259000000016,1,0.0,2,591.4087,-217.23569999999995,37.5,0,3,597,597,S4 rung 12 + everyone greedy,sumsy,4,8.731149137020111e-11
84,510,4,1,118077.99519999995,3.7312,6651.489600000001,447.6317,887.7254,,887.7254,0.0,0.0,0.0,0.0,0.0,0.0025,527.1018,3183.598975,0.0,0.0028970672385078065,1000.6659000000002,1166.6050083333334,0.02,330.176199999999,0.5160502829986707,0.0,0.0,0.5160502829986707,0.0,29,0,375.36791049515796,-0.1457891308872887,375.2221213642707,36.30841411177579,1.354163758957522,37.662577870733315,0.0,0.0,0.0,0.0,0,0,0.0,0.0,0.0,0.5160502829986707,0.5160502829986707,0.0,0.0,0.0,0.03096301697992024,0.5,0.25,0.0,-9163.261768427008,3658.9496,933,2550.0,2109.0980000000004,41550.8438,862.408299999999,0.0,0.0,0.0,0.0,0.0,4,583.4458,2550.0,2109.0980000000004,532.2321000000004,268.5,0.0,24328.35799999997,0.009883015583142248,8.796027749140917,10.658530769230728,2.8749986486486527,NaN,6.084336636013514,15.9666684994151,1196.0,1164.0,598.0,2040.0,1658.0,204.0,95,0,0,0,87,0.0,2040.0,68120.1776000001,27370.852600000002,21476.4174,0,768,0,0,0.5843957237105493,0.8564933049394872,0.3117464592501895,9,10956.883799999978,10238.576300000028,0,0,222.0,510,0,0,68120.1776000001,0,431042.29310621624,431042.29310621624,0.0,144,222,0,1.5,0,0.0,510,510,431042.29310621624,0,46080.0,0,75,638.2497000000009,256.0,0.0,4,1746.2396,1746.2365999999995,8.879309651030654,5120.0,57.34375,1.6850536024305556,75,0,0.0,0,887.2098672376505,2936.0,214,7.1806365198206015,0,0,0,0.0,0.0,0.0,0.0,0.0,0.0,0.0,0.0,0,0,0,0,95,0.0,0,9,0.0,0,0.0,120.0,4098.055699999999,13183.916220736664,0.0,13183.916220736664,0.0,1746.2396,36858.01419999998,48847.270000000004,0.8556135667608413,510,431042.29310621624,0,0.0,4,1662.1331999999984,1,0.0,2,583.4458,-360.6236,37.5,0,3,598,598,S4 rung 12 + everyone greedy,sumsy,4,8.731149137020111e-11
85,510,4,1,118511.64029999998,3.7312,6176.608800000001,271.6522,1003.8654999999999,,1003.8654999999999,0.0,0.0,0.0,0.0,0.0,0.0025,539.4415,3147.0485499999995,0.0,0.002777708068281285,986.9163000000007,1121.7694416666666,0.02,343.67440000000033,0.5263712886586441,0.0,0.0,0.5263712886586441,0.0,21,0,369.1160378001965,0.0996286509682249,369.2156664511648,37.22764194333165,1.474409520830601,38.702051464162246,0.0,0.0,0.0,0.0,0,0,0.0,0.0,0.0,0.5263712886586441,0.5263712886586441,0.0,0.0,0.0,0.031582277319518647,0.5,0.25,0.0,-9220.899793427465,3658.9496,938,2550.0,2116.3549000000007,33483.2791,888.3877000000003,0.0,0.0,0.0,0.0,0.0,5,577.4567999999999,2550.0,2116.3549000000007,544.7132999999994,268.5,0.0,24857.240300000016,0.008406737281796398,8.676909666666667,10.456297966101767,2.851632780082986,NaN,6.026717547779323,15.94848304782458,1180.0,1200.0,590.0,2040.0,1642.0,204.0,99,0,0,0,113,0.0,2040.0,68179.27949999993,26876.1651,22339.2974,0,768,0,0,0.5850011966223969,0.8545764932221289,0.3306335479794078,4,10831.968100000002,10412.2916,0,0,241.0,510,0,0,68179.27949999993,0,419171.05911256763,419171.05911256763,0.0,180,241,0,1.5,0,0.0,510,510,419171.05911256763,0,46080.0,0,83,687.2434999999997,256.0,0.0,4,1719.2291,1719.2303,8.575617993470873,5120.0,57.34375,1.6930438910590278,87,0,0.0,0,1146.9568810703304,2936.0,215,7.036724320023148,0,0,0,0.0,0.0,0.0,0.0,0.0,0.0,0.0,0.0,0,0,0,0,99,0.0,0,9,0.0,0,0.0,120.0,3696.6430999999984,11968.348443740691,0.0,11968.348443740691,0.0,1719.2291,37387.32299999995,49215.462499999994,0.8539807254541305,510,419171.05911256763,0,0.0,4,1269.3989000000001,1,0.0,2,577.4567999999999,-464.42399999999986,37.5,0,3,590,590,S4 rung 12 + everyone greedy,sumsy,4,8.731149137020111e-11
86,510,4,1,118935.96250000005,3.7312,11734.552099999999,6248.345399999999,1105.0772,,1105.0772,0.0,0.0,0.0,0.0,0.0,0.0025,551.8759,3111.393324999999,0.0,0.002663266495868096,973.5492000000002,1079.7596749999996,0.02,332.89599999999984,0.536898714431817,0.0,0.0,0.536898714431817,0.0,18,0,346.78883801789175,0.29269112712439815,347.08152914501613,31.750323536734555,1.51632145765785,33.26664499439241,0.0,0.0,0.0,0.0,0,0,0.0,0.0,0.0,0.536898714431817,0.536898714431817,0.0,0.0,0.0,0.03221392286590902,0.5,0.25,0.0,-9272.627918427932,3658.9496,943,2550.0,2125.677800000001,32379.128799999995,890.7668000000012,0.0,0.0,0.0,0.0,0.0,6,571.548,2550.0,2125.677800000001,557.8707999999999,268.5,0.0,25425.190000000108,0.010324546092917351,8.56844430051813,10.232512794612726,2.8234753424657506,NaN,5.983084887636283,15.486991089611402,1188.0,1158.0,594.0,2040.0,1650.0,204.0,97,0,0,0,91,0.0,2040.0,62877.4782,26304.391,28630.6694,0,768,0,0,0.5485460589532583,0.8507623328795986,0.3175598821944834,4,10877.862600000013,9922.258499999996,0,0,219.0,510,0,0,62877.4782,0,390329.24320653774,390329.24320653774,0.0,138,219,0,1.5,0,0.0,510,510,390329.24320653774,0,46080.0,0,88,618.3410999999994,256.0,0.0,4,1656.6723,1656.6711,7.843613474280709,5120.0,57.34375,1.6867125520833333,91,0,0.0,0,1006.4354881046564,2936.0,215,6.174809304970862,0,0,0,0.0,0.0,0.0,0.0,0.0,0.0,0.0,0.0,0,0,0,0,97,0.0,0,9,0.0,0,0.0,120.0,3327.8938000000016,5370.5833224306225,0.0,5370.5833224306225,0.0,1656.6723,32294.89629999999,54935.0604,0.8504087474077013,510,390329.24320653774,0,0.0,4,939.0661,1,0.0,2,571.548,-553.2013,37.5,0,3,594,594,S4 rung 12 + everyone greedy,sumsy,4,8.731149137020111e-11
87,510,4,1,119353.52779999988,3.7312,11015.926399999988,207.09159999999997,1166.4824999999998,,1166.4824999999998,0.0,0.0,0.0,0.0,0.0,0.0025,564.7296,3075.842449999999,0.0,0.0025535399162383305,961.3805999999994,1035.2450999999996,0.02,348.0993999999997,0.5476366887204533,0.0,0.0,0.5476366887204533,0.0,11,0,322.34322160597026,0.6551783784288232,322.9983999843991,32.28779185291572,1.7049160756625539,33.99270792857827,0.0,0.0,0.0,0.0,0,0,0.0,0.0,0.0,0.5476366887204533,0.5476366887204533,0.0,0.0,0.0,0.0328582013232272,0.5,0.25,0.0,-9378.922218427919,3658.9496,951,2550.0,2132.4347000000016,52752.84449999999,918.6334999999999,0.0,0.0,0.0,0.0,0.0,7,598.0699,2550.0,2132.4347000000016,570.8161999999999,268.5,0.0,25958.16010000005,0.010567013962727486,8.453743308395673,10.210239487179384,2.8018004405286314,NaN,5.928785447621373,15.308877844312207,1170.0,1203.0,585.0,2040.0,1632.0,204.0,102,0,0,0,115,0.0,2040.0,63543.954400000046,25707.232,28939.5419,0,768,0,0,0.5398124131334494,0.8427604892802891,0.3189451929210616,1,10704.623500000005,10169.853199999994,0,0,227.0,510,0,0,63543.954400000046,0,360824.6370667749,360824.6370667749,0.0,183,227,0,1.5,0,0.0,510,510,360824.6370667749,0,46080.0,0,117,636.0086999999993,256.0,0.0,4,1754.917,1754.9164000000003,7.106491205243517,5120.0,57.34375,1.6869790625,124,0,0.0,0,1411.9013387076645,2936.0,214,6.160348161649878,0,0,0,0.0,0.0,0.0,0.0,0.0,0.0,0.0,0.0,0,0,0,0,102,0.0,0,9,0.0,0,0.0,120.0,2960.401300000001,4595.009193704665,0.0,4595.009193704665,0.0,1754.917,33447.4747,54646.7739,0.8426634288702564,510,360824.6370667749,0,0.0,4,678.4582999999984,1,0.0,2,598.0699,-601.7528999999998,37.5,0,3,585,585,S4 rung 12 + everyone greedy,sumsy,4,8.731149137020111e-11
88,510,4,1,119763.49310000007,3.7312,10355.138300000002,211.3347,1195.5065999999997,,1195.2244999999998,0.0,0.0,0.2821,0.0,0.0,0.0025,578.1313,3039.873599999999,0.0,0.002448334071689311,948.5082000000007,989.6958999999995,0.02,355.0366000000003,0.5585894224948624,0.0,0.0,0.5585894224948624,0.0,6,0,351.8707289571214,0.7943624853553691,352.66509144247675,33.914364431649474,1.835222856337327,35.749587287986806,0.0,0.0,0.0,0.0,0,0,0.0,0.0,0.0,0.5585894224948624,0.5585894224948624,0.0,0.0,0.0,0.033515365349691746,0.5,0.25,0.0,-9477.415743428432,3658.9496,958,2550.0,2140.0346999999983,48969.167599999986,939.6123000000007,0.0,0.0,0.0,0.0,0.0,8,607.0930000000001,2550.0,2140.0346999999983,584.2935999999992,268.5,0.0,26289.327499999796,0.0068022109268611915,8.229067407407403,10.171824999999943,2.791759515570937,NaN,5.840626954995201,14.849611508982836,1200.0,1215.0,600.0,2040.0,1662.0,204.0,94,0,0,0,116,0.0,2040.0,64355.7173,25183.6743,29038.8772,0,768,0,0,0.5470059905861488,0.8488530939015508,0.31218213119352467,0,10915.835000000003,9998.316899999994,0,0,289.0,510,0,0,64355.7173,0,384054.98937744607,384054.98937744607,0.0,195,289,0,1.5,0,0.0,510,510,384054.98937744607,0,46080.0,0,145,806.8185000000008,256.0,0.0,4,1618.6667,1618.6680000000008,7.6554751581407805,5120.0,57.34375,1.6842955750868056,148,0,0.0,0,1651.3568644210475,2936.0,212,6.062009996692269,0,0,0,0.0,0.0,0.0,0.0,0.0,0.0,0.0,0.0,0,0,0,0,94,0.0,0,9,0.0,0,0.0,120.0,2714.8668000000002,4564.67490641458,0.0,4564.67490641458,0.0,1618.6667,34103.27339999997,54222.5515,0.8491824108274271,510,384054.98937744607,0,0.0,4,474.4262999999992,1,0.0,2,607.0930000000001,-617.0931999999998,37.5,0,3,600,600,S4 rung 12 + everyone greedy,sumsy,4,8.731149137020111e-11
89,510,4,1,120165.28349999998,3.7312,9753.470700000003,253.36500000000004,1175.6163999999999,,1175.6163999999999,0.0,0.0,0.0,0.0,0.0,0.0025,592.0089,3003.1341999999986,0.0,0.0023474627079357116,923.2989999999992,943.0954499999988,0.02,361.4156000000015,0.5697612109447597,0.0,0.0,0.5697612109447597,0.0,5,0,350.2913472681556,1.013412817049043,351.3047600852047,35.72234670905697,1.8672732748825438,37.58961998393952,0.0,0.0,0.0,0.0,0,0,0.0,0.0,0.0,0.5697612109447597,0.5697612109447597,0.0,0.0,0.0,0.03418567265668558,0.5,0.25,0.0,-9572.93773450336,3658.9496,966,2550.0,2148.2096000000006,54352.9435,959.0957000000018,0.0,0.0,0.0,0.0,0.0,7,608.4611,2550.0,2148.2096000000006,598.2415,268.5,0.0,26681.610199999777,0.007445729205757352,8.302430463576151,9.89625732899014,2.7627673992673967,NaN,5.814979208941542,14.404123163713352,1228.0,1208.0,614.0,2040.0,1690.0,204.0,87,0,0,0,111,0.0,2040.0,65212.34460000001,24593.4701,29158.9988,0,768,0,0,0.550409476288382,0.8458025540269829,0.30511614965016753,0,10970.758200000018,10029.33599999999,0,0,273.0,510,0,0,65212.34460000001,0,373260.5090583645,373260.5090583645,0.0,188,273,0,1.5,0,0.0,510,510,373260.5090583645,0,46080.0,0,128,754.2354999999993,256.0,0.0,4,1503.2241,1503.2249000000002,7.374905494588988,5120.0,57.34375,1.680616857638889,139,0,0.0,0,1495.0206904554163,2936.0,212,5.944171927022424,0,0,0,0.0,0.0,0.0,0.0,0.0,0.0,0.0,0.0,0,0,0,0,87,0.0,0,9,0.0,0,0.0,120.0,2553.8414999999995,4821.539202537365,0.0,4821.539202537365,0.0,1503.2241,34768.374299999974,53752.4689,0.8465046069706488,510,373260.5090583645,0,0.0,4,313.2251000000015,1,0.0,2,608.4611,-583.6074999999998,37.5,0,3,614,614,S4 rung 12 + everyone greedy,sumsy,4,8.731149137020111e-11
90,510,4,1,120559.15859999992,3.7312,8997.233999999993,85.3161,1137.2969999999998,,1137.2969999999998,0.0,0.0,0.0,0.0,0.0,0.0025,606.1392,2970.0772749999996,0.0,0.00225074724436876,931.5303000000008,898.6257666666662,0.02,370.95959999999985,0.5811564351636549,0.0,0.0,0.5811564351636549,0.0,2,0,342.19660686039765,1.096472479823586,343.2930793402212,36.21141522132636,1.8416944608160264,38.053109682142384,0.0,0.0,0.0,0.0,0,0,0.0,0.0,0.0,0.5811564351636549,0.5811564351636549,0.0,0.0,0.0,0.034869386109819295,0.5,0.25,0.0,-9666.179198322665,3658.9496,971,2550.0,2156.124900000003,35674.479300000006,982.8154999999997,0.0,0.0,0.0,0.0,0.0,5,607.8496,2550.0,2156.124900000003,612.4425000000002,268.5,0.0,27073.676299999883,0.006728000298870879,8.219203911980426,9.816442553191429,2.7667324909747295,NaN,5.82510611520974,13.971999468801952,1222.0,1227.0,611.0,2040.0,1684.0,204.0,89,0,0,0,112,0.0,2040.0,66059.50589999999,23999.0838,29286.5801,0,768,0,0,0.5568183215587039,0.8444098234054973,0.3021574119517254,0,10946.22650000001,10084.963199999982,0,0,277.0,510,0,0,66059.50589999999,0,367906.4833319433,367906.4833319433,0.0,207,277,0,1.5,0,0.0,510,510,367906.4833319433,0,46080.0,0,128,766.3849,256.0,0.0,4,1539.8654999999999,1539.8644000000013,7.228802461717372,5120.0,57.34375,1.6770092686631943,134,0,0.0,0,1304.5775214157575,2936.0,211,5.812228726082629,0,0,0,0.0,0.0,0.0,0.0,0.0,0.0,0.0,0.0,0,0,0,0,89,0.0,0,9,0.0,0,0.0,120.0,2246.7736000000004,4465.904032467104,0.0,4465.904032467104,0.0,1539.8654999999999,35590.338299999974,53285.6639,0.8455021277283621,510,367906.4833319433,0,0.0,4,191.14520000000084,1,0.0,2,607.8496,-531.1577999999998,37.5,0,3,611,611,S4 rung 12 + everyone greedy,sumsy,4,8.731149137020111e-11
91,510,4,1,120944.63849999984,3.7312,8344.52269999999,148.3213,1077.5358,,1077.5358,0.0,0.0,0.0,0.0,0.0,0.0025,623.8234,2939.0179500000004,0.0,0.002158016457900767,922.1922000000013,855.4488250000002,0.02,368.43999999999966,0.592779563866928,0.0,0.0,0.592779563866928,0.0,1,0,309.42250768895804,1.3302287700210682,310.7527364589791,37.65559130151319,1.8849401972561926,39.54053149876938,0.0,0.0,0.0,0.0,0,0,0.0,0.0,0.0,0.592779563866928,0.592779563866928,0.0,0.0,0.0,0.035566773832015675,0.5,0.25,0.0,-9756.141698322668,3658.9496,977,2550.0,2164.5200999999975,37377.39469999999,994.6907999999983,0.0,0.0,0.0,0.0,0.0,1,607.2952,2550.0,2164.5200999999975,627.0944,268.5,0.0,27538.48979999998,0.010241734683921401,8.019303736799348,9.842092195121925,2.7344346456692894,NaN,5.756524219222325,13.552839484737895,1230.0,1231.0,615.0,2040.0,1692.0,204.0,87,0,0,0,123,0.0,2040.0,66988.60080000001,23480.059200000003,29244.8599,0,768,0,0,0.5592105008046169,0.8327009267844059,0.30971133611243973,1,10778.4396,9871.762899999998,0,0,254.0,510,0,0,66988.60080000001,0,336574.3388339389,336574.3388339389,0.0,211,254,0,1.5,0,0.0,510,510,336574.3388339389,0,46080.0,0,124,694.5463999999995,256.0,0.0,4,1459.1291999999999,1459.1305999999995,6.447934493016091,5120.0,57.34375,1.6713630555555554,136,0,0.0,0,1321.597171944999,2936.0,211,5.657397637126017,0,0,0,0.0,0.0,0.0,0.0,0.0,0.0,0.0,0.0,0,0,0,0,87,0.0,0,9,0.0,0,0.0,120.0,2048.944699999999,4473.68149648108,0.0,4473.68149648108,0.0,1459.1291999999999,36527.78519999997,52724.9191,0.8342315231271946,510,336574.3388339389,0,0.0,4,107.70410000000084,1,0.0,2,607.2952,-453.7124000000001,37.5,0,3,615,615,S4 rung 12 + everyone greedy,sumsy,4,8.731149137020111e-11
92,510,4,1,121323.87839999993,3.7312,7667.220299999996,83.4346,1017.7745999999999,,1017.7745999999999,0.0,0.0,0.0,0.0,0.0,0.0025,681.9603,2904.3837000000003,0.0,0.002069106179835255,899.7674000000005,795.0643750000003,0.02,371.06380000000007,0.6046351551442666,0.0,0.0,0.6046351551442666,0.0,0,0,288.80622400889473,1.661897901290232,290.46812191018495,39.26755322029885,2.1111497376889745,41.37870295798783,0.0,0.0,0.0,0.0,0,0,0.0,0.0,0.0,0.6046351551442666,0.6046351551442666,0.0,0.0,0.0,0.03627810930865599,0.5,0.25,0.0,-9839.585898322674,3658.9496,981,2550.0,2170.7600999999954,27906.7055,1014.2615999999995,0.0,0.0,0.0,0.0,0.0,0,602.378,2550.0,2170.7600999999954,641.2061999999997,268.5,0.0,27823.27059999996,0.009765173245527885,7.8843975510204105,9.598250000000101,2.7267781690140875,NaN,5.700477484881888,13.146254300195755,1240.0,1225.0,620.0,2040.0,1702.0,204.0,84,0,0,0,122,0.0,2040.0,67985.6105000001,22886.4326,29167.497,0,768,0,0,0.5582929649589341,0.8243149141879411,0.3346357678555387,0,10845.020800000013,9658.387000000002,0,0,284.0,510,0,0,67985.6105000001,0,307803.340328104,307803.340328104,0.0,205,284,0,1.5,0,0.0,510,510,307803.340328104,0,46080.0,0,135,774.4050000000009,256.0,0.0,4,1369.3257999999998,1369.3220000000008,5.728535742873633,5120.0,57.34375,1.6633243793402779,152,0,0.0,0,1524.2882187496818,2936.0,211,5.553260404286949,0,0,0,0.0,0.0,0.0,0.0,0.0,0.0,0.0,0.0,0,0,0,0,84,0.0,0,9,0.0,0,0.0,120.0,1830.7411999999995,4421.010600362746,0.0,4421.010600362746,0.0,1369.3257999999998,37555.60900000002,52053.9296,0.8261960381623645,510,307803.340328104,0,0.0,4,48.810999999997875,1,0.0,2,602.378,-335.8142999999999,37.5,0,3,620,620,S4 rung 12 + everyone greedy,sumsy,4,8.731149137020111e-11
93,510,4,1,121693.73949999994,3.7312,7188.003699999994,235.34659999999994,958.0133999999999,,958.0133999999999,0.0,0.0,0.0,0.0,0.0,0.0025,783.4383,2866.446050000001,0.0,0.0019838590052260424,884.6305999999996,717.5071166666673,0.02,388.5860999999996,0.6167278582471519,0.0,0.0,0.6167278582471519,0.0,0,0,345.2979060454723,1.710726046021217,347.0086320914935,40.279179438940005,1.916776686356817,42.195956125296824,0.0,0.0,0.0,0.0,0,0,0.0,0.0,0.0,0.6167278582471519,0.6167278582471519,0.0,0.0,0.0,0.03700367149482912,0.5,0.25,0.0,-9916.257398322658,3658.9496,986,2550.0,2180.1389000000026,42732.8142,1044.8978,0.0,0.0,0.0,0.0,0.0,0,596.5748000000001,2550.0,2180.1389000000026,656.3116999999999,268.5,0.0,28111.794100000017,0.012975194777181571,7.816741988950267,9.518803054662357,2.7187717171717156,NaN,5.655278549369593,12.751866671189882,1244.0,1267.0,622.0,2040.0,1706.0,204.0,83,0,0,0,129,0.0,2040.0,68727.03849999995,22311.8678,29274.8201,0,768,0,0,0.5630228407634552,0.8352865649979935,0.30642351651484634,0,10813.025799999998,9903.812099999988,0,0,297.0,510,0,0,68727.03849999995,0,358394.6256253671,358394.6256253671,0.0,247,297,0,1.5,0,0.0,510,510,358394.6256253671,0,46080.0,0,158,807.4751999999995,256.0,0.0,4,1375.8057,1375.8061999999998,6.953622261361484,5120.0,57.34375,1.6597073133680555,159,0,0.0,0,1403.3246007936661,2936.0,210,5.451785564618161,0,0,0,0.0,0.0,0.0,0.0,0.0,0.0,0.0,0.0,0,0,0,0,83,0.0,0,9,0.0,0,0.0,120.0,1801.6134000000009,4377.96670838929,0.0,4377.96670838929,0.0,1375.8057,37826.77290000001,51586.687900000004,0.8373042574911955,510,358394.6256253671,0,0.0,4,18.169000000001688,1,0.0,2,596.5748000000001,-174.5750999999999,37.5,0,3,622,622,S4 rung 12 + everyone greedy,sumsy,4,8.731149137020111e-11
94,510,4,1,122055.90110000002,3.7312,6603.249700000004,82.68159999999999,898.2521999999998,,898.2521999999998,0.0,0.0,0.0,0.0,0.0,0.0025,893.9247,2830.7218250000014,0.0,0.0019021240142107294,877.0368000000011,645.5990416666672,0.02,377.97639999999836,0.629062415412095,0.0,0.0,0.629062415412095,0.0,1,0,310.8287716893979,1.6600575148202799,312.48882920421823,41.46688575841719,1.9190286671850076,43.3859144256022,0.0,0.0,0.0,0.0,0,0,0.0,0.0,0.0,0.629062415412095,0.629062415412095,0.0,0.0,0.0,0.037743744924725695,0.5,0.25,0.0,-9987.977798322669,3658.9496,991,2550.0,2187.838399999999,28524.3574,1048.8756999999978,0.0,0.0,0.0,0.0,0.0,2,592.6817,2550.0,2187.838399999999,671.2058999999992,268.5,0.0,28454.89620000008,0.008391866133819835,7.671133063209063,9.439234052388208,2.7016079422382653,NaN,5.616258665431962,12.369310671054187,1298.0,1234.0,649.0,2040.0,1760.0,204.0,70,0,0,0,107,0.0,2040.0,69894.32690000001,21852.6699,28822.2979,0,768,0,0,0.5619679207890214,0.8226516516914844,0.28920194715079717,1,10976.016099999983,9466.178199999984,0,0,277.0,510,0,0,69894.32690000001,0,326650.4002026919,326650.4002026919,0.0,214,277,0,1.5,0,0.0,510,510,326650.4002026919,0,46080.0,0,162,748.3453999999995,256.0,0.0,4,1113.5128,1113.5168000000003,6.1586454517258735,5120.0,57.34375,1.6464444487847223,167,0,0.0,0,1432.3826189098515,2936.0,210,5.277343924201205,0,0,0,0.0,0.0,0.0,0.0,0.0,0.0,0.0,0.0,0,0,0,0,70,0.0,0,9,0.0,0,0.0,120.0,1645.9741000000001,5064.892908966052,0.0,5064.892908966052,0.0,1113.5128,38519.911800000016,50674.9678,0.8248804994129182,510,326650.4002026919,0,0.0,4,7.104199999997945,1,0.0,2,592.6817,-4.327499999999759,37.5,0,3,649,649,S4 rung 12 + everyone greedy,sumsy,4,8.731149137020111e-11
95,510,4,1,122409.27459999999,3.7312,6145.816499999995,167.124,838.491,,838.491,0.0,0.0,0.0,0.0,0.0,0.0025,1048.4024,2792.544475000001,0.0,0.0018237565048252473,860.7013999999996,581.3806916666671,0.02,393.2251000000006,0.6416436637203369,0.0,0.0,0.6416436637203369,0.0,2,0,353.1326584049417,1.6118779267820473,354.74453633172374,43.45554686721725,1.751412537984394,45.206959405201644,0.0,0.0,0.0,0.0,0,0,0.0,0.0,0.0,0.6416436637203369,0.6416436637203369,0.0,0.0,0.0,0.03849861982322021,0.5,0.25,0.0,-10054.01059832265,3658.9496,997,2550.0,2196.6264999999985,34799.33630000001,1080.0172000000005,0.0,0.0,0.0,0.0,0.0,0,586.4245000000001,2550.0,2196.6264999999985,686.4854999999989,268.5,0.0,28664.75420000014,0.012490653553744069,7.68855361155699,9.302049999999982,2.6870217948717974,NaN,5.5813148019161885,11.998231350922559,1256.0,1246.0,628.0,2040.0,1718.0,204.0,80,0,0,0,123,0.0,2040.0,70746.71770000002,21297.343100000002,28730.3869,0,768,0,0,0.5719339487476753,0.8335606884905182,0.33034581743293323,4,10782.122200000007,9579.937800000009,0,0,312.0,510,0,0,70746.71770000002,0,356129.60039093514,356129.60039093514,0.0,226,312,0,1.5,0,0.0,510,510,356129.60039093514,0,46080.0,0,186,838.3508000000007,256.0,0.0,4,1224.436,1224.4372000000005,6.866247377708392,5120.0,57.34375,1.6389212174479166,186,0,0.0,0,1495.2191768268533,2936.0,210,5.154861563447675,0,0,0,0.0,0.0,0.0,0.0,0.0,0.0,0.0,0.0,0,0,0,0,80,0.0,0,9,0.0,0,0.0,120.0,1580.5570000000005,4313.2866550517465,0.0,4313.2866550517465,0.0,1224.436,39258.81210000001,50027.73,0.8356835377511955,510,356129.60039093514,0,0.0,4,3.341200000000754,1,0.0,2,586.4245000000001,209.91139999999996,37.5,0,3,628,628,S4 rung 12 + everyone greedy,sumsy,4,8.731149137020111e-11
96,510,4,1,122757.63879999986,3.7312,5679.890200000002,130.039,778.7298,,778.7298,0.0,0.0,0.0,0.0,0.0,0.0025,1206.5962,2758.041700000001,0.0,0.0017486177368264471,862.6548000000006,517.1485000000004,0.02,388.37889999999993,0.6544765369947436,0.0,0.0,0.6544765369947436,0.0,0,0,337.58173402207495,2.087664788250272,339.6693988103252,43.58601955190799,2.067448448483293,45.65346800039128,0.0,0.0,0.0,0.0,0,0,0.0,0.0,0.0,0.6544765369947436,0.6544765369947436,0.0,0.0,0.0,0.039268592219684616,0.5,0.25,0.0,-10115.464089300092,3658.9496,1004,2550.0,2201.635799999998,50376.231400000004,1089.2495999999999,0.0,0.0,0.0,0.0,0.0,0,581.0607,2550.0,2201.635799999998,700.8706999999991,268.5,0.0,29010.668800000123,0.010128775525998179,7.496922603833869,9.202592331768379,2.6793129770992365,NaN,5.534784951274024,11.638284410394881,1278.0,1252.0,639.0,2040.0,1740.0,204.0,75,0,0,0,128,0.0,2040.0,71708.04219999991,20799.489400000002,28462.4503,0,768,0,0,0.5622104568064863,0.8275916751980261,0.320257553099911,0,10676.90739999999,9386.147100000004,0,0,262.0,510,0,0,71708.04219999991,0,343716.9286434835,343716.9286434835,0.0,232,262,0,1.5,0,0.0,510,510,343716.9286434835,0,46080.0,0,150,701.98,256.0,0.0,4,1103.3368,1103.3360999999995,6.548451795495202,5120.0,57.34375,1.6288252322048613,160,0,0.0,0,1420.1489299808213,2936.0,210,5.0542033490460705,0,0,0,0.0,0.0,0.0,0.0,0.0,0.0,0.0,0.0,0,0,0,0,75,0.0,0,9,0.0,0,0.0,120.0,1509.1348999999993,4355.409793144932,0.0,4355.409793144932,0.0,1103.3368,39957.33369999998,49261.9397,0.8298138512330138,510,343716.9286434835,0,0.0,4,0.10189999999965949,1,0.0,2,581.0607,427.8664,37.5,0,3,639,639,S4 rung 12 + everyone greedy,sumsy,4,8.731149137020111e-11
97,510,4,1,123099.45659999996,3.7312,5156.396999999995,52.80630000000001,718.9686,,718.9686,0.0,0.0,0.0,0.0,0.0,0.0025,1409.2149,2721.6009250000006,0.0,0.0016765746860691972,841.1532000000001,437.4620083333336,0.02,400.8781000000001,0.6675660677346386,0.0,0.0,0.6675660677346386,0.0,0,0,349.9153894591444,2.390958210036923,352.3063476691814,45.156244173300614,2.088805312822314,47.24504948612293,0.0,0.0,0.0,0.0,0,0,0.0,0.0,0.0,0.6675660677346386,0.6675660677346386,0.0,0.0,0.0,0.04005396406407831,0.5,0.25,0.0,-10172.26378930007,3658.9496,1010,2550.0,2208.1822000000016,42696.0375,1116.6415000000004,0.0,0.0,0.0,0.0,0.0,0,577.5,2550.0,2208.1822000000016,715.7634000000007,268.5,0.0,29172.08800000007,0.006932032047462953,7.46507146282974,8.93729167999988,2.6681322085889603,NaN,5.497891598218599,11.289135878083037,1250.0,1251.0,625.0,2040.0,1712.0,204.0,82,0,0,0,127,0.0,2040.0,72541.51819999998,20169.6827,28401.5408,0,768,0,0,0.5616118139304207,0.8260991308042731,0.2940858776290598,0,10624.961900000008,9338.804400000005,0,0,326.0,510,0,0,72541.51819999998,0,348133.54390624334,348133.54390624334,0.0,231,326,0,1.5,0,0.0,510,510,348133.54390624334,0,46080.0,0,167,869.811100000001,256.0,0.0,4,1164.3486,1164.347700000001,6.644725376128993,5120.0,57.34375,1.6203584592013889,167,0,0.0,0,1248.4275575994122,2936.0,210,4.9192290264576775,0,0,0,0.0,0.0,0.0,0.0,0.0,0.0,0.0,0.0,0,0,0,0,82,0.0,0,9,0.0,0,0.0,120.0,1393.3399999999992,4250.714842578451,0.0,4250.714842578451,0.0,1164.3486,40383.87480000002,48571.2235,0.8283676459592806,510,348133.54390624334,0,0.0,4,0.0,1,0.0,2,577.5,690.2462999999999,37.5,0,3,625,625,S4 rung 12 + everyone greedy,sumsy,4,8.731149137020111e-11
98,510,4,1,123433.43180000003,3.7312,4676.763300000004,85.7379,659.2074,,659.2074,0.0,0.0,0.0,0.0,0.0,0.0025,1637.6695,2687.6094250000006,0.0,0.0016074998090031462,837.5831999999992,349.9799750000002,0.02,412.666899999999,0.6809173890893313,0.0,0.0,0.6809173890893313,0.0,0,0,326.1717222428464,2.3894152789299374,328.5611375217763,46.639002454041275,2.0239145387818582,48.66291699282314,0.0,0.0,0.0,0.0,0,0,0.0,0.0,0.0,0.6809173890893313,0.6809173890893313,0.0,0.0,0.0,0.04085504334535988,0.5,0.25,0.0,-10223.826689300095,3658.9496,1017,2550.0,2216.024799999997,54722.4361,1143.8967999999973,0.0,0.0,0.0,0.0,0.0,0,576.0662,2550.0,2216.024799999997,731.2299,268.5,0.0,29290.359700000074,0.00812957262419996,7.331045674201087,9.207399690402589,2.6539210059171583,NaN,5.45609459414448,10.950461801740543,1292.0,1283.0,646.0,2040.0,1754.0,204.0,71,0,0,0,157,0.0,2040.0,73295.92130000005,19848.686999999998,28075.0878,0,768,0,0,0.5737255170900133,0.8200028549377367,0.28795593410129317,0,10806.06420000001,9405.731599999996,0,0,338.0,510,0,0,73295.92130000005,0,326017.7106156819,326017.7106156819,0.0,263,338,0,1.5,0,0.0,510,510,326017.7106156819,0,46080.0,0,166,897.0252999999994,256.0,0.0,4,1017.0456999999999,1017.0460000000003,6.0951670780195695,5120.0,57.34375,1.6128306510416666,168,0,0.0,0,1272.1687824063476,2936.0,210,4.854170751311577,0,0,0,0.0,0.0,0.0,0.0,0.0,0.0,0.0,0.0,0,0,0,0,71,0.0,0,9,0.0,0,0.0,120.0,1318.8681000000001,4222.380747431884,0.0,4222.380747431884,0.0,1017.0456999999999,40622.78550000005,47923.7748,0.8223342422868665,510,326017.7106156819,0,0.0,4,0.0,1,0.0,2,576.0662,978.4621,37.5,0,3,646,646,S4 rung 12 + everyone greedy,sumsy,4,8.731149137020111e-11
99,510,4,1,123761.0209999999,3.7312,4237.789,119.44120000000001,599.4462000000001,,599.4462000000001,0.0,0.0,0.0,0.0,0.0,0.0025,1871.6623,2652.9001000000003,0.0,0.0015412708168722165,822.5432999999997,260.4126000000001,0.02,392.9627999999996,0.6945357368711179,0.0,0.0,0.6945357368711179,0.0,0,0,344.9575070373051,2.332912654009568,347.2904196913147,48.392478690604904,2.0921454328766873,50.484624123481595,0.0,0.0,0.0,0.0,0,0,0.0,0.0,0.0,0.6945357368711179,0.6945357368711179,0.0,0.0,0.0,0.04167214421226707,0.5,0.25,0.0,-10270.594389300082,3658.9496,1022,2550.0,2222.4107999999997,34791.9067,1139.468300000001,0.0,0.0,0.0,0.0,0.0,0,568.5186000000001,2550.0,2222.4107999999997,746.5054999999996,268.5,0.0,29616.598100000036,0.006328238848351517,7.219520661824047,8.861151317829366,2.630622656249996,NaN,5.3889737583592545,10.62194794768833,1290.0,1239.0,645.0,2040.0,1752.0,204.0,72,0,0,0,142,0.0,2040.0,74262.6964,19371.0367,27687.107,0,768,0,0,0.5760235708856052,0.8215464908425614,0.33353953949777626,2,10454.369200000023,8944.986099999995,0,0,256.0,510,0,0,74262.6964,0,337842.6915933098,337842.6915933098,0.0,219,256,0,1.5,0,0.0,510,510,337842.6915933098,0,46080.0,0,125,673.439399999999,256.0,0.0,4,885.7593999999999,885.7603000000005,6.369057077473392,5120.0,57.34375,1.6005679817708334,125,0,0.0,0,969.1632873521985,2936.0,209,4.656413148373169,0,0,0,0.0,0.0,0.0,0.0,0.0,0.0,0.0,0.0,0,0,0,0,72,0.0,0,9,0.0,0,0.0,120.0,1281.0051000000003,4877.035088901535,0.0,4877.035088901535,0.0,885.7593999999999,40636.07600000001,47058.1437,0.8238756631340829,510,337842.6915933098,0,0.0,4,0.0,1,0.0,2,568.5186000000001,1272.2160999999999,37.5,0,3,645,645,S4 rung 12 + everyone greedy,sumsy,4,8.731149137020111e-11
100,510,4,1,124081.52529999994,3.7312,3781.1401999999985,89.3578,539.685,,539.685,0.0,0.0,0.0,0.0,0.0,0.0025,2140.2766,2618.280025,0.0,0.0014777704592170812,810.0278999999992,159.33447499999997,0.02,406.5155999999995,0.7084264516085402,0.0,0.0,0.7084264516085402,0.0,0,0,262.12766178660866,2.3507312344816986,264.47839302109037,49.97438375462393,1.991514814684187,51.96589856930811,0.0,0.0,0.0,0.0,0,0,0.0,0.0,0.0,0.7084264516085402,0.7084264516085402,0.0,0.0,0.0,0.042505587096512414,0.5,0.25,0.0,-10312.754289300072,3658.9496,1028,2550.0,2229.4957000000013,47068.385700000006,1167.3461000000016,0.0,0.0,0.0,0.0,0.0,3,562.5096000000001,2550.0,2229.4957000000013,762.0984999999988,268.5,0.0,29805.77879999999,0.009820786525466248,7.212420129345198,8.81392206572758,2.6205179245282992,NaN,5.372766964515317,10.303289509257676,1278.0,1237.0,639.0,2040.0,1740.0,204.0,75,0,0,0,129,0.0,2040.0,75183.21239999986,18905.813,27289.7137,0,768,0,0,0.5828393049355691,0.7871438651738092,0.30292242139639214,0,10500.046799999996,8921.76370000001,0,0,318.0,510,0,0,75183.21239999986,0,264813.84069345257,264813.84069345257,0.0,217,318,0,1.5,0,0.0,510,510,264813.84069345257,0,46080.0,0,135,833.3246999999992,256.0,0.0,4,932.0945,932.0964999999998,4.572449694664379,5120.0,57.34375,1.5883707226562498,164,0,0.0,0,1414.3471044533817,2936.0,208,4.498330769229905,0,0,0,0.0,0.0,0.0,0.0,0.0,0.0,0.0,0.0,0,0,0,0,75,0.0,0,9,0.0,0,0.0,120.0,1221.3154,4166.507917473495,0.0,4166.507917473495,0.0,932.0945,40526.27279999999,46195.5267,0.7898667552854453,510,264813.84069345257,0,0.0,4,0.0,1,0.0,2,562.5096000000001,1600.5916000000002,37.5,0,3,639,639,S4 rung 12 + everyone greedy,sumsy,4,8.731149137020111e-11
101,510,4,1,124397.31599999988,3.7312,3299.162299999999,59.427400000000006,479.9238,,479.9238,0.0,0.0,0.0,0.0,0.0,0.0025,2399.9487,2589.76335,0.0,0.0014168863162973375,809.2323,63.27155000000008,0.02,384.6180000000003,0.722594980640711,0.0,0.0,0.722594980640711,0.0,0,0,275.87010281024124,2.6820193268234216,278.5521221370646,50.21681490697474,2.223967265751345,52.44078217272608,0.0,0.0,0.0,0.0,0,0,0.0,0.0,0.0,0.722594980640711,0.722594980640711,0.0,0.0,0.0,0.04335569883844266,0.5,0.25,0.0,-10350.56538930007,3658.9496,1033,2550.0,2234.209300000002,46081.403399999996,1163.1470000000004,0.0,0.0,0.0,0.0,0.0,0,560.2327,2550.0,2234.209300000002,777.2609999999996,268.5,0.0,30027.81389999996,0.007183081819695843,7.0529203217612135,8.770903448275872,2.605708333333331,NaN,5.341814176359327,9.994190823979947,1276.0,1181.0,638.0,2040.0,1738.0,204.0,75,0,0,0,112,0.0,2040.0,76491.73089999995,18477.651599999997,26467.7521,0,768,0,0,0.5719043112343816,0.7888942159181664,0.2946351189558687,0,10332.037199999997,8329.498899999993,0,0,276.0,510,0,0,76491.73089999995,0,278019.60052252706,278019.60052252706,0.0,161,276,0,1.5,0,0.0,510,510,278019.60052252706,0,46080.0,0,115,719.1754999999994,256.0,0.0,4,813.8118,813.8116999999992,4.8717067705695065,5120.0,57.34375,1.5677640451388888,124,0,0.0,0,1047.4293721438785,2936.0,206,4.269493024777594,0,0,0,0.0,0.0,0.0,0.0,0.0,0.0,0.0,0.0,0,0,0,0,75,0.0,0,9,0.0,0,0.0,120.0,1137.6118000000004,4811.855732632663,0.0,4811.855732632663,0.0,813.8118,40839.127900000014,44945.403699999995,0.7916394819311621,510,278019.60052252706,0,0.0,4,0.0,1,0.0,2,560.2327,1920.0249,37.5,0,3,638,638,S4 rung 12 + everyone greedy,sumsy,4,8.731149137020111e-11
102,510,4,1,124704.80390000001,3.7312,2845.0189,73.2745,420.1626,,420.1626,0.0,0.0,0.0,0.0,0.0,0.0025,2705.841,2554.7148749999997,0.0,0.0013052356745731073,791.3363999999992,0.0,-0.02,404.35310000000004,0.7081430810278968,0.0,0.0,0.7081430810278968,0.0,0,0,273.2620566534674,2.714615375000947,275.9766720284684,52.69502445346245,2.014267284834307,54.709291738296756,0.0,0.0,0.0,0.0,0,0,0.0,0.0,0.0,0.7081430810278968,0.7081430810278968,0.0,0.0,0.0,0.042488584861673805,0.5,0.25,0.0,-10383.557089300068,3658.9496,1039,2550.0,2242.5120999999976,40470.0309,1198.0119000000016,0.0,0.0,0.0,0.0,0.0,0,555.2126000000001,2550.0,2242.5120999999976,793.6588000000008,268.5,0.0,30290.31279999997,0.007306928505756222,6.886581165203511,8.754781636060065,2.6025981343283524,NaN,5.273944614519094,9.694365099260546,1198.0,1253.0,599.0,2040.0,1660.0,204.0,95,0,0,0,147,0.0,2040.0,77162.01920000013,17980.9534,26300.7777,0,768,0,0,0.5833003308070248,0.7842859261206354,0.3272210805878091,0,9768.893800000003,8628.886199999999,0,0,268.0,510,0,0,77162.01920000013,0,270783.0733576945,270783.0733576945,0.0,233,268,0,1.5,0,0.0,510,510,270783.0733576945,0,46080.0,0,123,697.4962999999984,256.0,0.0,4,1023.7270000000001,1023.7268000000003,4.687466366154649,5120.0,57.34375,1.5598841558159722,130,0,0.0,0,997.5168350244537,2936.0,205,4.16050652307485,0,0,0,0.0,0.0,0.0,0.0,0.0,0.0,0.0,0.0,0,0,0,0,95,0.0,0,9,0.0,0,0.0,120.0,1060.9693000000002,4102.513287443963,0.0,4102.513287443963,0.0,1023.7270000000001,41115.30720000003,44281.7311,0.7870907340031423,510,270783.0733576945,0,0.0,4,0.0,1,0.0,2,555.2126000000001,2285.6784,37.5,0,3,599,599,S4 rung 12 + everyone greedy,sumsy,4,8.731149137020111e-11
103,510,4,1,125007.20830000017,3.7312,2389.0587000000005,53.8572,360.40139999999997,,360.40139999999997,0.0,0.0,0.0,0.0,0.0,0.0025,3004.1314,2517.335699999999,0.0,0.0012023831034167463,772.6754999999997,0.0,-0.02,401.1114000000002,0.6939802194073389,0.0,0.0,0.6939802194073389,0.0,0,0,299.3899675281459,2.7317160118568578,302.1216835400028,54.32049860084163,2.202752136168388,56.52325073701002,0.0,0.0,0.0,0.0,0,0,0.0,0.0,0.0,0.6939802194073389,0.6939802194073389,0.0,0.0,0.0,0.04163881316444033,0.5,0.25,0.0,-10412.007289300054,3658.9496,1047,2550.0,2247.5956000000015,46088.5859,1178.5142999999991,0.0,0.0,0.0,0.0,0.0,0,550.6593,2550.0,2247.5956000000015,777.4028999999997,268.5,0.0,30468.46050000002,0.008244454776512209,6.76292675507019,8.612168509984606,2.5852020134228186,NaN,5.2217103779682175,9.40353414628273,1302.0,1282.0,651.0,2040.0,1764.0,204.0,69,0,0,0,162,0.0,2040.0,77939.08060000003,17626.171599999998,25887.1654,0,768,0,0,0.5784726910890228,0.7917916867063728,0.2914219747281932,0,10294.654299999987,8670.072099999983,0,0,298.0,510,0,0,77939.08060000003,0,287341.16806143237,287341.16806143237,0.0,262,298,0,1.5,0,0.0,510,510,287341.16806143237,0,46080.0,0,106,770.3901999999999,256.0,0.0,4,705.7817,705.7812999999995,5.081542582066223,5120.0,57.34375,1.5497316644965278,111,0,0.0,0,769.0008437089517,2936.0,205,3.9968061768475533,0,0,0,0.0,0.0,0.0,0.0,0.0,0.0,0.0,0.0,0,0,0,0,69,0.0,0,9,0.0,0,0.0,120.0,988.7570000000001,5561.326431331755,0.0,5561.326431331755,0.0,705.7817,41857.13370000001,43513.337,0.7945240240838229,510,287341.16806143237,0,0.0,4,0.0,1,0.0,2,550.6593,2643.7300000000005,37.5,0,3,651,651,S4 rung 12 + everyone greedy,sumsy,4,8.731149137020111e-11
104,510,4,1,125303.37469999985,3.7312,2016.1140000000005,118.90509999999999,300.6402,,300.6402,0.0,0.0,0.0,0.0,0.0,0.0025,3276.7426,2482.0934499999994,0.0,0.0011076353148675067,758.7984000000008,0.0,-0.02,383.7620999999998,0.6801006150191921,0.0,0.0,0.6801006150191921,0.0,0,1,296.2505877895397,2.877120651226936,299.12770844076664,55.861636762502,2.2012628483080765,58.06289961081008,0.0,0.0,0.0,0.0,0,0,0.0,0.0,0.0,0.6801006150191921,0.6801006150191921,0.0,0.0,0.0,0.040806036901151525,0.5,0.25,0.0,-10435.897489300045,3658.9496,1054,2550.0,2253.833600000004,60599.3772,1145.1586999999995,0.0,0.0,0.0,0.0,0.0,0,546.2563,2550.0,2253.833600000004,762.0745000000003,268.5,0.0,30671.00380000009,0.0071813268838804255,6.750539681274887,8.345050000000102,2.567338965517243,NaN,5.194334389404563,9.12142812189425,1320.0,1255.0,660.0,2040.0,1782.0,204.0,64,0,0,0,137,0.0,2040.0,78934.2917999999,17196.558800000003,25349.5252,0,768,0,0,0.5770538437473722,0.785361025472818,0.2773198270557302,2,10307.141099999986,8471.927299999983,0,0,290.0,510,0,0,78934.2917999999,0,281751.0863914588,281751.0863914588,0.0,235,290,0,1.5,0,0.0,510,510,281751.0863914588,0,46080.0,0,134,744.5283000000005,256.0,0.0,4,649.8521000000001,649.8515,4.929565912877418,5120.0,57.34375,1.5352636588541668,138,0,0.0,0,974.6009141931443,2936.0,205,3.81322478320547,0,0,0,0.0,0.0,0.0,0.0,0.0,0.0,0.0,0.0,0,0,0,0,64,0.0,0,9,0.0,0,0.0,120.0,1001.1312999999998,6051.828568426179,0.0,6051.828568426179,0.0,649.8521000000001,42489.294299999994,42546.084,0.7881997285033548,510,281751.0863914588,0,0.0,4,0.0,1,0.0,2,546.2563,2976.1024,37.5,0,3,660,660,S4 rung 12 + everyone greedy,sumsy,4,8.731149137020111e-11
105,510,4,1,125593.95340000001,3.7312,1581.1933000000001,48.3095,240.879,,240.879,0.0,0.0,0.0,0.0,0.0,0.0025,3512.1931,2450.2885999999994,0.0,0.001020353652055947,757.4111999999993,0.0,-0.02,364.2884999999998,0.6664986027188082,0.0,0.0,0.6664986027188082,0.0,0,0,287.9276260481766,3.0203842040917173,290.94801025226826,56.481092313193216,2.2329624996645507,58.71405481285777,0.0,0.0,0.0,0.0,0,0,0.0,0.0,0.0,0.6664986027188082,0.6664986027188082,0.0,0.0,0.0,0.03998991616312849,0.5,0.25,0.0,-10456.058289300036,3658.9496,1058,2550.0,2259.4213000000027,30976.787800000002,1112.0511999999997,0.0,0.0,0.0,0.0,0.0,0,539.4155000000001,2550.0,2259.4213000000027,747.0847999999995,268.5,0.0,30928.477900000165,0.005418470068947828,6.591860668789806,8.38797278287474,2.5507826771653495,NaN,5.164476131208538,8.847785278237422,1308.0,1256.0,654.0,2040.0,1770.0,204.0,67,0,0,0,156,0.0,2040.0,79984.41310000017,16840.9866,24716.9451,0,768,0,0,0.5762664803671924,0.7785733572000948,0.29269309001466937,1,10093.879200000001,8279.376999999997,0,0,254.0,510,0,0,79984.41310000017,0,275777.3923262613,275777.3923262613,0.0,236,254,0,1.5,0,0.0,510,510,275777.3923262613,0,46080.0,0,118,647.8987999999988,256.0,0.0,4,626.8876,626.8887999999997,4.766883128082548,5120.0,57.34375,1.520342109375,118,0,0.0,0,875.1736303917809,2936.0,205,3.572063086886067,0,0,0,0.0,0.0,0.0,0.0,0.0,0.0,0.0,0.0,0,0,0,0,67,0.0,0,9,0.0,0,0.0,120.0,946.2371,5836.575883074656,0.0,5836.575883074656,0.0,626.8876,43009.744499999986,41557.9317,0.7815178766976829,510,275777.3923262613,0,0.0,4,0.0,1,0.0,2,539.4155000000001,3271.3141,37.5,0,3,654,654,S4 rung 12 + everyone greedy,sumsy,4,8.731149137020111e-11
106,510,4,1,125880.07309999994,3.7312,1150.2502999999997,46.9266,181.11780000000002,,181.11780000000002,0.0,0.0,0.0,0.0,0.0,0.0025,3745.4479,2415.9311749999993,0.0,0.0009399497842739384,739.6071000000005,0.0,-0.02,365.58520000000004,0.6531686306644321,0.0,0.0,0.6531686306644321,0.0,0,0,291.8225818994617,3.1155647538191125,294.9381466532808,57.53202207762027,2.371464375621879,59.903486453242145,0.0,0.0,0.0,0.0,0,0,0.0,0.0,0.0,0.6531686306644321,0.6531686306644321,0.0,0.0,0.0,0.03919011783986592,0.5,0.25,0.0,-10471.870789300025,3658.9496,1062,2550.0,2263.8802999999966,31036.214500000002,1097.4952999999982,0.0,0.0,0.0,0.0,0.0,0,536.9173000000001,2550.0,2263.8802999999966,732.0140000000004,268.5,0.0,30991.295300000187,0.01046424999323166,6.4475260295260215,8.200556474259102,2.542189759036144,NaN,5.0944294535769465,8.5823517198903,1282.0,1287.0,641.0,2040.0,1744.0,204.0,74,0,0,0,154,0.0,2040.0,80757.69580000003,16400.0805,24439.9316,0,768,0,0,0.5690171743092638,0.7752189434241956,0.32556052648359035,1,10028.033699999998,8297.96599999999,0,0,332.0,510,0,0,80757.69580000003,0,272712.5882345474,272712.5882345474,0.0,267,332,0,1.5,0,0.0,510,510,272712.5882345474,0,46080.0,0,156,844.0069999999998,256.0,0.0,4,608.4256,608.4249000000002,4.681976917347348,5120.0,57.34375,1.511284982638889,166,0,0.0,0,1116.505855178851,2936.0,205,3.4801470062969253,0,0,0,0.0,0.0,0.0,0.0,0.0,0.0,0.0,0.0,0,0,0,0,74,0.0,0,9,0.0,0,0.0,120.0,892.6619000000004,5587.745330550302,0.0,5587.745330550302,0.0,608.4256,43515.04720000003,40840.0121,0.778209408849065,510,272712.5882345474,0,0.0,4,0.0,1,0.0,2,536.9173000000001,3564.3301,37.5,0,3,641,641,S4 rung 12 + everyone greedy,sumsy,4,8.731149137020111e-11
107,510,4,1,126158.63149999977,3.7312,1060.1948000000002,83.0332,121.35660000000001,,121.35660000000001,0.0,0.0,0.0,0.0,0.0,0.0025,3975.7573,2381.6094749999997,0.0,0.0008658817412731519,723.4146000000004,0.0,-0.02,365.6609999999991,0.6401052580511435,0.0,0.0,0.6401052580511435,0.0,1,0,264.38995683213096,3.4742497805335373,267.8642066126645,59.40277761548121,2.157329216014399,61.56010683149562,0.0,0.0,0.0,0.0,0,0,0.0,0.0,0.0,0.6401052580511435,0.6401052580511435,0.0,0.0,0.0,0.03840631548306861,0.5,0.25,0.0,-10483.372889300026,3658.9496,1070,2550.0,2271.4416,47499.7776,1083.747,0.0,0.0,0.0,0.0,0.0,0,536.618,2550.0,2271.4416,718.2790999999992,268.5,0.0,30890.944600000126,0.010396310483418608,6.33798059360731,8.142875000000096,2.531062121212122,NaN,5.0525542939448975,8.324881168293592,1336.0,1314.0,668.0,2040.0,1798.0,204.0,60,0,0,0,171,0.0,2040.0,81332.45369999993,16055.5571,24258.2454,0,768,0,0,0.5727917125002047,0.7582666580953841,0.27825326057706534,1,10379.925799999997,8328.106500000005,0,0,396.0,510,0,0,81332.45369999993,0,248289.53583963166,248289.53583963166,0.0,294,396,0,1.5,0,0.0,510,510,248289.53583963166,0,46080.0,0,241,1002.3006000000003,256.0,0.0,4,531.2125,531.2133,4.073137830557413,5120.0,57.34375,1.499865505642361,246,0,0.0,0,1444.384614906098,2936.0,205,3.299472059461806,0,0,0,0.0,0.0,0.0,0.0,0.0,0.0,0.0,0.0,0,0,0,0,60,0.0,0,9,0.0,0,0.0,120.0,877.8899000000001,6297.4282197305365,0.0,6297.4282197305365,0.0,531.2125,43130.21529999998,40313.8025,0.7614842167718052,510,248289.53583963166,0,0.0,4,0.0,1,0.0,2,536.618,3854.4007,37.5,0,3,668,668,S4 rung 12 + everyone greedy,sumsy,4,8.731149137020111e-11
108,510,4,1,126431.0868,3.7312,977.6389000000001,87.17150000000001,61.5954,,61.5954,0.0,0.0,0.0,0.0,0.0,0.0025,4167.2613,2343.726674999999,0.0,0.0007976502600608275,711.1235999999993,0.0,-0.02,332.27389999999997,0.6273031528901206,0.0,0.0,0.6273031528901206,0.0,0,0,235.48614017852168,3.678346894671211,239.1644870731929,59.90647755214434,2.1562205992725096,62.062698151416846,0.0,0.0,0.0,0.0,0,0,0.0,0.0,0.0,0.6273031528901206,0.6273031528901206,0.0,0.0,0.0,0.037638189173407235,0.5,0.25,0.0,-10493.975189300027,3658.9496,1077,2550.0,2277.5446999999967,59480.4351,1037.1797,0.0,0.0,0.0,0.0,0.0,0,533.1185,2550.0,2277.5446999999967,704.6087999999993,268.5,0.0,30980.195600000126,0.006792667095899362,6.221956635071093,8.002086685962398,2.522916612377849,NaN,5.018144697723846,8.075134733244784,1382.0,1266.0,691.0,2040.0,1844.0,204.0,49,0,0,0,149,0.0,2040.0,82479.43079999997,15738.3249,23512.9513,0,768,0,0,0.5628088196377461,0.7332312993251682,0.2661237295451404,0,10323.705299999998,7876.997100000004,0,0,307.0,510,0,0,82479.43079999997,0,224957.55748966002,224957.55748966002,0.0,246,307,0,1.5,0,0.0,510,510,224957.55748966002,0,46080.0,0,168,774.5353999999996,256.0,0.0,4,459.60080000000005,459.6017000000003,3.476966095938959,5120.0,57.34375,1.4768072092013886,172,0,0.0,0,961.4718950438498,2936.0,205,3.0323560655381945,0,0,0,0.0,0.0,0.0,0.0,0.0,0.0,0.0,0.0,0,0,0,0,49,0.0,0,9,0.0,0,0.0,120.0,866.5520999999999,7721.535324097651,0.0,7721.535324097651,0.0,459.60080000000005,43146.8665,39251.2762,0.7368058921488809,510,224957.55748966002,0,0.0,4,0.0,1,0.0,2,533.1185,4105.6659,37.5,0,3,691,691,S4 rung 12 + everyone greedy,sumsy,4,8.731149137020111e-11
109,510,4,1,126699.56659999996,3.7312,886.9471,54.6581,21.4419,,21.4419,0.0,0.0,0.0,0.0,0.0,0.0025,4355.6649,2307.9641999999994,0.0,0.0007347954195680342,698.1033000000008,0.0,-0.02,315.3688000000004,0.6147570898323182,0.0,0.0,0.6147570898323182,0.0,0,0,251.37166988149207,4.013848024483973,255.38551790597603,60.28558066656552,2.2522908313700936,62.53787149793562,0.0,0.0,0.0,0.0,0,0,0.0,0.0,0.0,0.6147570898323182,0.6147570898323182,0.0,0.0,0.0,0.036885425389939094,0.5,0.25,0.0,-10503.751489300023,3658.9496,1081,2550.0,2281.5202000000004,31051.319400000004,1005.9178000000012,0.0,0.0,0.0,0.0,0.0,0,532.515,2550.0,2281.5202000000004,690.549000000001,268.5,0.0,30996.660900000155,0.005389464220061459,6.030229063250598,7.905286597938125,2.514030563798216,NaN,4.9706440848654205,7.832880691247439,1358.0,1249.0,679.0,2040.0,1820.0,204.0,55,0,0,0,138,0.0,2040.0,83743.84430000011,15381.975300000002,22685.5671,0,768,0,0,0.5512978354295266,0.731919128013413,0.28518630966855296,0,10171.290999999987,7531.756099999997,0,0,337.0,510,0,0,83743.84430000011,0,234588.44965891444,234588.44965891444,0.0,229,337,0,1.5,0,0.0,510,510,234588.44965891444,0,46080.0,0,165,847.2282999999989,256.0,0.0,4,449.7003,449.70210000000014,3.6822061391336485,5120.0,57.34375,1.4511185416666668,165,0,0.0,0,928.5519761113229,2936.0,205,2.711282769097222,0,0,0,0.0,0.0,0.0,0.0,0.0,0.0,0.0,0.0,0,0,0,0,55,0.0,0,9,0.0,0,0.0,120.0,826.2377000000002,7690.579356420796,0.0,7690.579356420796,0.0,449.7003,43238.207900000016,38067.542400000006,0.7355324549420001,510,234588.44965891444,0,0.0,4,0.0,1,0.0,2,532.515,4334.223,37.5,0,3,679,679,S4 rung 12 + everyone greedy,sumsy,4,8.731149137020111e-11
110,510,4,1,126962.28659999996,3.7312,848.7412999999999,78.093,0.00030000000000000003,,0.00030000000000000003,0.0,0.0,0.0,0.0,0.0,0.0025,4557.7268,2267.7162999999996,0.0,0.0006768935405060731,676.5915999999996,0.0,-0.02,306.7685999999985,0.6024619480356719,0.0,0.0,0.6024619480356719,0.0,0,0,247.78777033535837,4.107842805278113,251.8956131406365,61.92913351503882,2.2832760259290024,64.21240954096783,0.0,0.0,0.0,0.0,0,0,0.0,0.0,0.0,0.6024619480356719,0.6024619480356719,0.0,0.0,0.0,0.03614771688214031,0.5,0.25,0.0,-10512.560689300019,3658.9496,1089,2550.0,2287.2799999999997,49255.90870000001,983.9081999999977,0.0,0.0,0.0,0.0,0.0,1,533.2697000000001,2550.0,2287.2799999999997,677.2335999999996,268.5,0.0,31004.40240000015,0.010314425262576452,5.828748713951677,7.759613864306795,2.495780654761906,NaN,4.90380000049323,7.597894270510015,1356.0,1283.0,678.0,2040.0,1818.0,204.0,55,0,0,0,158,0.0,2040.0,84882.96980000002,14988.2979,22000.0224,0,768,0,0,0.5453541083272866,0.719584235504237,0.31864559778095325,1,10023.64619999998,7478.284600000002,0,0,336.0,510,0,0,84882.96980000002,0,228680.54981508548,228680.54981508548,0.0,263,336,0,1.5,0,0.0,510,510,228680.54981508548,0,46080.0,0,181,838.5823000000004,256.0,0.0,4,417.21529999999996,417.21520000000015,3.5106830985128283,5120.0,57.34375,1.4276979231770832,188,0,0.0,0,994.7468184550254,2936.0,205,2.4173314706307867,0,0,0,0.0,0.0,0.0,0.0,0.0,0.0,0.0,0.0,0,0,0,0,55,0.0,0,9,0.0,0,0.0,120.0,817.2447,8007.07526599905,0.0,8007.07526599905,0.0,417.21529999999996,43249.15740000004,36988.3203,0.7233920777451117,510,228680.54981508548,0,0.0,4,0.0,1,0.0,2,533.2697000000001,4557.726500000001,37.5,0,3,678,678,S4 rung 12 + everyone greedy,sumsy,4,8.731149137020111e-11
111,510,4,1,127220.19999999997,3.7312,782.6762999999995,28.8274,0.0,,0.0,0.0,0.0,0.0,0.0,0.0,0.0025,4765.3471,2225.5762749999994,0.0,0.0006235543295141945,653.9832000000001,0.0,-0.02,285.90320000000025,0.5904127090749585,0.0,0.0,0.5904127090749585,0.0,0,0,231.96552231594515,4.711852915496117,236.67737523144126,63.715095739846994,2.4274928930395943,66.14258863288659,0.0,0.0,0.0,0.0,0,0,0.0,0.0,0.0,0.5904127090749585,0.5904127090749585,0.0,0.0,0.0,0.03542476254449751,0.5,0.25,0.0,-10521.04828930002,3658.9496,1094,2550.0,2292.086600000003,39259.101500000004,949.8591000000005,0.0,0.0,0.0,0.0,0.0,0,529.1648,2550.0,2292.086600000003,663.8618999999999,268.5,0.0,31037.178900000144,0.0065142834790059695,5.6908055999999965,7.48514792560794,2.479287227414327,NaN,4.847440594465265,7.369957442394711,1398.0,1250.0,699.0,2040.0,1860.0,204.0,45,0,0,0,142,0.0,2040.0,86399.7718,14528.2688,20997.6475,0,768,0,0,0.5345148379018216,0.6965165003096176,0.27287868719960406,1,10072.54759999999,7113.506999999996,0,0,321.0,510,0,0,86399.7718,0,213765.208642859,213765.208642859,0.0,230,321,0,1.5,0,0.0,510,510,213765.208642859,0,46080.0,0,146,795.851199999999,256.0,0.0,4,340.0495,340.0495,3.1095077354213654,5120.0,57.34375,1.3959617252604168,147,0,0.0,0,789.9377451906887,2936.0,205,2.0979417860243057,0,0,0,0.0,0.0,0.0,0.0,0.0,0.0,0.0,0.0,0,0,0,0,45,0.0,0,9,0.0,0,0.0,120.0,758.0822999999998,9323.649774864454,0.0,9323.649774864454,0.0,340.0495,43831.582299999995,35525.9163,0.7006872469932155,510,213765.208642859,0,0.0,4,0.0,1,0.0,2,529.1648,4765.3471,37.5,0,3,699,699,S4 rung 12 + everyone greedy,sumsy,4,8.731149137020111e-11
112,510,4,1,127469.59370000017,3.7312,733.8150000000003,40.0927,0.0,,0.0,0.0,0.0,0.0,0.0,0.0,0.0025,4968.9764,2182.6967499999996,0.0,0.0005744182483484759,638.5097999999999,0.0,-0.02,282.6902999999996,0.5786044548934592,0.0,0.0,0.5786044548934592,0.0,1,0,189.81538316110496,4.848963454295209,194.66434661540018,65.97122878969796,2.048197727583459,68.01942651728142,0.0,0.0,0.0,0.0,0,0,0.0,0.0,0.0,0.5786044548934592,0.5786044548934592,0.0,0.0,0.0,0.03471626729360755,0.5,0.25,0.0,-10528.875089300014,3658.9496,1101,2550.0,2300.6062999999967,54644.527299999994,934.5606999999994,0.0,0.0,0.0,0.0,0.0,0,529.7188,2550.0,2300.6062999999967,651.8704000000001,268.5,0.0,31108.46460000011,0.008111966087628542,5.550209355828221,7.4119583212735005,2.4588692052980163,NaN,4.803112412321016,7.148858719122874,1382.0,1304.0,691.0,2040.0,1844.0,204.0,49,0,0,0,175,0.0,2040.0,87597.6653,14071.2489,20301.9843,0,768,0,0,0.5359042458205256,0.649665094480133,0.3114557251587522,1,9844.0928,7237.473,0,0,302.0,510,0,0,87597.6653,0,183722.1918941978,183722.1918941978,0.0,284,302,0,1.5,0,0.0,510,510,183722.1918941978,0,46080.0,0,186,742.5785000000009,256.0,0.0,4,315.77250000000004,315.7744999999998,2.346790200053659,5120.0,57.34375,1.3709469010416666,199,0,0.0,0,991.2741813892143,2936.0,205,1.8174418402777777,0,0,0,0.0,0.0,0.0,0.0,0.0,0.0,0.0,0.0,0,0,0,0,49,0.0,0,9,0.0,0,0.0,120.0,714.3014000000002,8986.306078661073,0.0,8986.306078661073,0.0,315.77250000000004,43632.06569999996,34373.2332,0.6545807234087038,510,183722.1918941978,0,0.0,4,0.0,1,0.0,2,529.7188,4968.9764,37.5,0,3,691,691,S4 rung 12 + everyone greedy,sumsy,4,8.731149137020111e-11
113,510,4,1,127716.70879999995,3.7312,671.7487000000001,24.6846,0.0,,0.0,0.0,0.0,0.0,0.0,0.0,0.0025,5153.0528,2136.0725250000005,0.0,0.000529154090378616,622.7354000000006,0.0,-0.02,264.5961,0.56703236579559,0.0,0.0,0.56703236579559,0.0,0,0,179.43626280745238,5.2872578166118025,184.72352062406418,66.57626622647186,2.3347785593554167,68.91104478582727,0.0,0.0,0.0,0.0,0,0,0.0,0.0,0.0,0.56703236579559,0.56703236579559,0.0,0.0,0.0,0.0340219419477354,0.5,0.25,0.0,-10536.213389300005,3658.9496,1109,2550.0,2302.884900000002,68226.30020000001,902.9983000000002,0.0,0.0,0.0,0.0,0.0,0,528.3125,2550.0,2302.884900000002,638.4021999999998,268.5,0.0,31225.773400000067,0.005836918430326267,5.455526572327051,7.331224999999956,2.445459139784947,NaN,4.759309485537604,6.9343929575491865,1424.0,1272.0,712.0,2040.0,1886.0,204.0,38,0,0,0,149,0.0,2040.0,89143.57229999999,13669.9968,19221.7744,0,768,0,0,0.5211372896158672,0.6273761400535576,0.2651351751184039,0,9889.645699999992,6939.429800000009,0,0,279.0,510,0,0,89143.57229999999,0,175444.04596843445,175444.04596843445,0.0,252,279,0,1.5,0,0.0,510,510,175444.04596843445,0,46080.0,0,154,682.2831000000001,256.0,0.0,4,241.1527,241.153,2.106945157920764,5120.0,57.34375,1.3387971180555556,154,0,0.0,0,670.2931977608007,2936.0,205,1.552118091724537,0,0,0,0.0,0.0,0.0,0.0,0.0,0.0,0.0,0.0,0,0,0,0,38,0.0,0,9,0.0,0,0.0,120.0,656.7085999999999,10558.40701962043,0.0,10558.40701962043,0.0,241.1527,43759.431300000004,32891.7712,0.6326809047583584,510,175444.04596843445,0,0.0,4,0.0,1,0.0,2,528.3125,5153.0528,37.5,0,3,712,712,S4 rung 12 + everyone greedy,sumsy,4,8.731149137020111e-11
114,510,4,1,127958.43629999999,3.7312,609.3587000000002,13.9443,0.0,,0.0,0.0,0.0,0.0,0.0,0.0,0.0025,5331.4929,2091.2664750000004,0.0,0.0004874567480567811,612.1122000000004,0.0,-0.02,264.4436000000004,0.5556917184796782,0.0,0.0,0.5556917184796782,0.0,0,0,161.73505903288907,5.681742547216226,167.4168015801053,67.19963584802609,2.2960081244715496,69.49564397249765,0.0,0.0,0.0,0.0,0,0,0.0,0.0,0.0,0.5556917184796782,0.5556917184796782,0.0,0.0,0.0,0.033341503108780694,0.5,0.25,0.0,-10542.930389300009,3658.9496,1116,2550.0,2308.2724999999973,50690.309799999995,890.3990000000002,0.0,0.0,0.0,0.0,0.0,0,530.2536,2550.0,2308.2724999999973,626.1235999999999,268.5,0.0,31147.97820000003,0.004663707844870026,5.307249037721328,7.146151649928312,2.440635555555557,NaN,4.716584796021078,6.726361168822711,1394.0,1299.0,697.0,2040.0,1856.0,204.0,46,0,0,0,164,0.0,2040.0,90474.16819999999,13182.355,18440.1666,0,768,0,0,0.5125546937378884,0.5972942239489918,0.27436896527286203,0,9836.848700000006,6894.1165000000055,0,0,360.0,510,0,0,90474.16819999999,0,163051.914271188,163051.914271188,0.0,279,360,0,1.5,0,0.0,510,510,163051.914271188,0,46080.0,0,207,878.6288000000005,256.0,0.0,4,223.3001,223.30059999999997,1.7719176286911151,5120.0,57.34375,1.311252638888889,217,0,0.0,0,783.2924328624033,2936.0,205,1.1727507957175927,0,0,0,0.0,0.0,0.0,0.0,0.0,0.0,0.0,0.0,0,0,0,0,46,0.0,0,9,0.0,0,0.0,120.0,598.5358000000001,10496.290694151918,0.0,10496.290694151918,0.0,223.3001,43775.82190000002,31622.5216,0.6031600679122713,510,163051.914271188,0,0.0,4,0.0,1,0.0,2,530.2536,5331.4929,37.5,0,3,697,697,S4 rung 12 + everyone greedy,sumsy,4,8.731149137020111e-11
115,510,4,1,128192.85439999988,3.7312,601.2139000000001,63.5111,0.0,,0.0,0.0,0.0,0.0,0.0,0.0,0.0025,5500.4227,2046.9653250000006,0.0,0.0004490451563099067,595.4709,0.0,-0.02,252.8553999999994,0.5445778841100847,0.0,0.0,0.5445778841100847,0.0,0,0,133.36477313959182,6.146577573999781,139.5113507135916,69.23354289764573,2.100025780721012,71.33356867836675,0.0,0.0,0.0,0.0,0,0,0.0,0.0,0.0,0.5445778841100847,0.5445778841100847,0.0,0.0,0.0,0.03267467304660508,0.5,0.25,0.0,-10548.92607606512,3658.9496,1122,2550.0,2315.5819000000006,39676.452600000004,867.6980999999994,0.0,0.0,0.0,0.0,0.0,2,529.3843,2550.0,2315.5819000000006,614.6745000000008,268.5,0.0,31142.67149999999,0.006303181565604794,5.134481523378589,7.030105782792655,2.0617460106383034,NaN,4.678688639378906,6.524570333758029,1418.0,1326.0,709.0,2040.0,1880.0,204.0,40,0,0,0,165,0.0,2040.0,91860.0986,12710.5957,17592.3531,0,768,0,0,0.5060737885566153,0.5534738359439424,0.31501076322406885,2,9766.775999999994,6808.322500000009,0,0,376.0,510,0,0,91860.0986,0,143218.94640130745,143218.94640130745,0.0,306,376,0,1.5,0,0.0,510,510,143218.94640130745,0,46080.0,0,257,775.216500000002,256.0,0.0,4,157.39260000000002,157.39250000000013,1.25387812014911,5120.0,57.34375,1.282616076388889,268,0,0.0,0,752.8170357037881,2936.0,205,0.9007679940682869,0,0,0,0.0,0.0,0.0,0.0,0.0,0.0,0.0,0.0,0,0,0,0,40,0.0,0,9,0.0,0,0.0,120.0,594.0441000000001,11262.024443878538,0.0,11262.024443878538,0.0,157.39260000000002,43802.466399999954,30302.9488,0.5601688194324019,510,143218.94640130745,0,0.0,4,0.0,1,0.0,2,529.3843,5500.4227,37.5,0,3,709,709,S4 rung 12 + everyone greedy,sumsy,4,8.731149137020111e-11
116,510,4,1,128422.44199999978,3.7312,593.3186000000002,59.712300000000006,0.0,,0.0,0.0,0.0,0.0,0.0,0.0,0.0025,5665.7793,2001.2884500000002,0.0,0.000413660397992686,576.0909,0.0,-0.02,245.35669999999953,0.5336863264278829,0.0,0.0,0.5336863264278829,0.0,0,0,149.48444504554183,6.880015152125704,156.36446019766754,70.60203975355154,2.132320230130106,72.73435998368164,0.0,0.0,0.0,0.0,0,0,0.0,0.0,0.0,0.5336863264278829,0.5336863264278829,0.0,0.0,0.0,0.03202117958567297,0.5,0.25,0.0,-10554.938776065119,3658.9496,1129,2550.0,2320.4123999999983,44834.66710000001,848.1313000000006,0.0,0.0,0.0,0.0,0.0,0,527.4892,2550.0,2320.4123999999983,602.7746000000004,268.5,0.0,31104.164500000014,0.008041891464610103,4.967842222222225,6.870821823204355,1.992353598014889,NaN,4.633303836085382,6.3288332237452884,1448.0,1350.0,724.0,2040.0,1910.0,204.0,32,0,0,0,184,0.0,2040.0,93317.7153999998,12229.085100000002,16682.373,0,768,0,0,0.49535584882894756,0.5583676992294717,0.26344995686215444,1,9830.042900000002,6706.587000000003,0,0,403.0,510,0,0,93317.7153999998,0,152810.40525689366,152810.40525689366,0.0,330,403,0,1.5,0,0.0,510,510,152810.40525689366,0,46080.0,0,303,802.9185000000002,256.0,0.0,4,78.7131,78.71249999999995,1.4524582484593223,5120.0,57.34375,1.2524187955729167,309,0,0.0,0,774.8637468584285,2936.0,205,0.7597394929108796,0,0,0,0.0,0.0,0.0,0.0,0.0,0.0,0.0,0.0,0,0,0,0,32,0.0,0,9,0.0,0,0.0,120.0,588.0402000000001,12447.740509799176,0.0,12447.740509799176,0.0,78.7131,43686.61860000001,28911.458100000003,0.5649554909211878,510,152810.40525689366,0,0.0,4,0.0,1,0.0,2,527.4892,5665.7793,37.5,0,3,727,727,S4 rung 12 + everyone greedy,sumsy,4,8.731149137020111e-11
117,510,4,1,128646.90350000003,3.7312,623.2580000000002,94.0283,0.0,,0.0,0.0,0.0,0.0,0.0,0.0,0.0025,5822.8046,1951.284200000001,0.0,0.0003810639586308623,557.3942000000004,0.0,-0.02,233.0701000000035,0.5230125998993252,0.0,0.0,0.5230125998993252,0.0,0,0,135.36880137577774,7.641716921454721,143.01051829723244,71.84342596579255,2.134284810546091,73.97771077633864,0.0,0.0,0.0,0.0,0,0,0.0,0.0,0.0,0.5230125998993252,0.5230125998993252,0.0,0.0,0.0,0.031380755993959515,0.5,0.25,0.0,-10560.872076065127,3658.9496,1135,2550.0,2325.5384999999983,44190.91139999999,824.3022000000026,0.0,0.0,0.0,0.0,0.0,0,530.9649999999999,2550.0,2325.5384999999983,591.2320999999991,268.5,0.0,30959.833900000027,0.007092369565102729,4.800181038374721,6.636620491803385,1.9848487858719612,NaN,4.594249583246828,6.1389682270329295,1464.0,1329.0,732.0,2040.0,1926.0,204.0,28,0,0,0,160,0.0,2040.0,94940.39080000001,11743.0276,15609.7155,0,768,0,0,0.47973345061040495,0.5263045367727524,0.3081715075241691,3,9896.373099999988,6379.440600000005,0,0,453.0,510,0,0,94940.39080000001,0,143578.33913028493,143578.33913028493,0.0,309,453,0,1.5,0,0.0,510,510,143578.33913028493,0,46080.0,0,314,899.1364999999985,256.0,0.0,4,0.0,0.0,1.185850030036257,5120.0,57.34375,1.2171703993055556,314,0,0.0,0,660.882874496616,2936.0,205,0.5515045168670919,0,0,0,0.0,0.0,0.0,0.0,0.0,0.0,0.0,0.0,0,0,0,0,28,0.0,0,9,0.0,0,0.0,120.0,553.3703999999999,14556.986630110463,0.0,14556.986630110463,0.0,0.0,43875.40790000007,27352.7431,0.5334998348712336,510,143578.33913028493,0,0.0,4,0.0,1,0.0,2,530.9649999999999,5822.8046,37.5,0,3,757,757,S4 rung 12 + everyone greedy,sumsy,4,8.731149137020111e-11
118,510,4,1,128862.9423,3.7312,1113.4572,555.3289,0.0,,0.0,0.0,0.0,0.0,0.0,0.0,0.0025,5985.3652,1901.0275250000007,0.0,0.0003510361186907503,538.5804000000002,0.0,-0.02,234.2991000000007,0.5125523479013387,0.0,0.0,0.5125523479013387,0.0,0,0,105.23220350298226,7.08477641953177,112.31697992251404,73.70115041029102,1.8304756915704548,75.53162610186148,0.0,0.0,0.0,0.0,0,0,0.0,0.0,0.0,0.5125523479013387,0.5125523479013387,0.0,0.0,0.0,0.030753140874080324,0.5,0.25,0.0,-10567.075576065123,3658.9496,1142,2550.0,2333.9611999999993,54824.912000000004,814.3908000000007,0.0,0.0,0.0,0.0,0.0,2,528.3736,2550.0,2333.9611999999993,580.7300999999995,268.5,0.0,30751.021199999974,0.007247414802352019,4.596935223245937,6.5703199181447065,1.9763709677419208,NaN,4.563768886154376,5.954799180221942,1466.0,1411.0,733.0,2040.0,1928.0,204.0,28,0,0,0,172,0.0,2040.0,95927.04570000015,11701.7555,14720.4023,0,768,0,0,0.4733807304209334,0.48094026708964077,0.3175559777865946,4,9910.58220000001,6486.275600000016,0,0,496.0,510,0,0,95927.04570000015,0,122598.23766215146,122598.23766215146,0.0,391,496,0,1.5,0,0.0,510,510,122598.23766215146,0,46080.0,0,437,980.2799999999927,256.0,0.0,4,0.0,0.0,0.636191410208774,5120.0,57.34375,1.1850990885416666,460,0,0.0,0,770.6184983600909,2936.0,205,0.3479637213931794,0,0,0,0.0,0.0,0.0,0.0,0.0,0.0,0.0,0.0,0,0,0,0,28,0.0,0,9,0.0,0,0.0,120.0,497.2304999999998,15046.674777775492,0.0,15046.674777775492,0.0,0.0,43354.81670000005,26422.1578,0.4890091838786865,510,122598.23766215146,0,0.0,4,0.0,1,0.0,2,528.3736,5985.3652,37.5,0,3,763,763,S4 rung 12 + everyone greedy,sumsy,4,8.731149137020111e-11
119,510,4,1,129073.28720000014,3.7312,1994.152900000001,971.2155,0.0,,0.0,0.0,0.0,0.0,0.0,0.0,0.0025,6141.6926,1849.1184500000004,0.0,0.0003233744725379192,515.7782999999996,0.0,-0.02,218.54339999999712,0.5023013009433119,0.0,0.0,0.5023013009433119,0.0,0,0,92.33950796622247,5.386702407166289,97.72621037338877,74.5515376163375,1.8095105841632706,76.36104820050076,0.0,0.0,0.0,0.0,0,0,0.0,0.0,0.0,0.5023013009433119,0.5023013009433119,0.0,0.0,0.0,0.030138078056598714,0.5,0.25,0.0,-10578.21007606512,3658.9496,1150,2550.0,2339.655100000001,65030.229900000006,788.6169999999966,0.0,0.0,0.0,0.0,0.0,0,533.9407,2550.0,2339.655100000001,569.7387,268.5,0.0,30573.676700000018,0.005813924079657126,4.464707194244607,6.459145234899371,1.970129102844624,NaN,4.512158110680428,5.776155204815283,1490.0,1390.0,745.0,2040.0,1952.0,204.0,22,0,0,0,181,0.0,2040.0,96854.80280000003,11909.7324,13633.1187,0,768,0,0,0.4595278106535037,0.45856532331930033,0.3107722861953486,5,9834.924100000004,6205.943000000004,0,0,457.0,510,0,0,96854.80280000003,0,112466.4481886234,112466.4481886234,0.0,370,457,0,1.5,0,0.0,510,510,112466.4481886234,0,46080.0,0,450,900.3489999999931,256.0,0.0,4,0.0,0.0,0.3448447775542815,5120.0,57.34375,1.1470496484375,457,0,0.0,0,481.87831948731196,2936.0,205,0.18895359280977866,0,0,0,0.0,0.0,0.0,0.0,0.0,0.0,0.0,0.0,0,0,0,0,22,0.0,0,9,0.0,0,0.0,120.0,504.8363,18029.10473851119,0.0,18029.10473851119,0.0,0.0,42408.654699999955,25542.8511,0.4670343049856025,510,112466.4481886234,0,0.0,4,0.0,1,0.0,2,533.9407,6141.6926,37.5,0,3,812,812,S4 rung 12 + everyone greedy,sumsy,4,8.731149137020111e-11
120,510,4,1,129281.78160000009,3.7312,2805.7188999999985,944.2816,0.0,,0.0,0.0,0.0,0.0,0.0,0.0,0.0025,6286.1499,1796.5731500000002,0.0,0.00029789256410193114,500.94240000000025,0.0,-0.02,206.54710000000023,0.4922552749244457,0.0,0.0,0.4922552749244457,0.0,1,0,90.10956650758581,4.5910547146873215,94.70062122227313,74.24601792912017,2.0681627651581893,76.31418069427836,0.0,0.0,0.0,0.0,0,0,0.0,0.0,0.0,0.4922552749244457,0.4922552749244457,0.0,0.0,0.0,0.029535316495466743,0.5,0.25,0.0,-10598.151676065107,3658.9496,1158,2550.0,2341.5056000000004,61706.5001,764.9069000000004,0.0,0.0,0.0,0.0,0.0,0,536.5571,2550.0,2341.5056000000004,558.0563000000004,268.5,0.0,30380.203100000002,0.0049562106082084445,4.296884859408797,6.49366236702126,1.9603087719298096,NaN,4.544468589620704,5.6028705486708255,1504.0,1387.0,752.0,2040.0,1966.0,204.0,18,0,0,0,182,0.0,2040.0,98197.53050000007,12015.6587,12245.8854,0,768,0,0,0.4443472141203837,0.44889074786297667,0.2693399844021773,4,9956.010099999994,5959.779300000001,0,0,456.0,510,0,0,98197.53050000007,0,110581.66700083815,110581.66700083815,0.0,367,456,0,1.5,0,0.0,510,510,110581.66700083815,0,46080.0,0,469,893.9007999999932,256.0,0.0,4,0.0,0.0,0.24571529298921124,5120.0,57.34375,1.1011698350694443,474,0,0.0,0,291.2545961789207,2936.0,205,0.04668053365151634,0,0,0,0.0,0.0,0.0,0.0,0.0,0.0,0.0,0.0,0,0,0,0,18,0.0,0,9,0.0,0,0.0,120.0,484.4891,19966.015045671997,0.0,19966.015045671997,0.0,0.0,41868.155899999976,24261.5441,0.45751240275145033,510,110581.66700083815,0,0.0,4,0.0,1,0.0,2,536.5571,6286.1499,37.5,0,3,837,837,S4 rung 12 + everyone greedy,sumsy,4,8.731149137020111e-11
