round,persons_alive,farms_open,bakeries_open,money_in_circulation,money_in_dead_balances,outstanding_debt,peer_lent,government_debt,termination,government_peer_debt,government_bank_debt,bonds_outstanding,government_arrears,bonds_issued,coupons,bond_rate,government_cash,government_reserve_target,surplus_redistributed,tax_scale,government_outlay,tax_shortfall,tax_policy_step,consumption_tax,consumption_tax_scale,wealth_tax,wealth_tax_base,wealth_tax_scale,clearing_residue,negative_wealth_persons,zero_cash_persons,wealth_gap_meals,wealth_bottom10_meals,wealth_top10_meals,cash_gap_meals,cash_bottom10_meals,cash_top10_meals,invoices_issued,invoices_paid,invoices_open,invoices_overdue,liquidations,refoundings,bad_debt,bank_bailouts,profit_tax,profit_tax_scale,parking_tax_scale,income_tax_accrued,income_tax_charged,wealth_tax_arrears,consumption_tax_rate_now,bracket_top_rate,bracket_bottom_rate,bank_retained_interest,cumulative_interest_paid,cumulative_write_offs,cumulative_credit_refusals,money_created,money_destroyed,credit_demand,tax,enterprise_tax,deposit_interest,buffer_pool,insurance_premiums,insurance_payouts,missed_payments,cash_banks,gi_created,demurrage_destroyed,demurrage_tax,account_fees,fees,trade_arrears,interest_rate,price_bread,price_grain,price_ticket,price_rent,price_wage,wage_bid_producers,bread_baked,bread_sold,grain_harvested,labour_offered,labour_sold,government_labour,unemployed,hungry,without_bread,half_meals,gluttons,bread_stocked,total_capacity,cash_persons,cash_farms,cash_bakeries,land_persons,land_farms,land_banks,landholders,gini_cash_persons,gini_net_wealth_persons,gini_income_persons,persons_below_meal,persons_income,bread_bill,gluttony_attempted,gluttony_refused,tickets_sold,n_greedy,hungry_greedy,hungry_others,cash_greedy,land_greedy,wealth_greedy,wealth_persons,bread_greedy,greedy_loaves,greedy_tickets,ration,tier_multiplier,tier_sold,tier_revenue,n_consumers,n_hoarders,wealth_hoarders,land_hoarders,shares_hoarders,greedy_land,greedy_shares,ticket_revenue,theatre_labour,cash_theatres,theatres_open,dividends,dividend_income_persons,share_price_mean,share_units_per_firm,founders_stake_pct,book_per_unit_mean,share_trades,share_trades_deferred,share_contracts_outstanding,share_seizures,share_volume,founders_stake_mean,outside_holders,forward_value_mean,coop_worker_open,coop_consumer_open,coop_member_open,coop_retained_reserve,coop_buffer_pledged,buffer_pledged_persons,patronage_wages,rebates,membership_capital,reserved_labour,coop_worker_hours,coop_members_worker,coop_members_consumer,worker_members,unemployed_members,unemployed_nonmembers,rebate_income_persons,coop_open,forprofit_open,cash_coops,coop_members,coop_capital,founder_capital,founder_debt,reserve_shortfall_owned,reserve_shortfall_coops,reserve_shortfall_forprofit,dividends_coops,dividends_forprofit,founders_cash,cash_forprofit,gini_net_wealth_all,n_workers,wealth_workers,n_landowners,wealth_landowners,n_farms,wealth_farms,n_bakeries,wealth_bakeries,n_banks,wealth_banks,wealth_government,land_price,deaths,closures,production_target_farms,production_target_bakeries,rung,system,seed,identity
1,512,4,4,26726.769100000052,0.0,1911.0,561.0,561.0,,561.0,0.0,0.0,0.0,0.0,0.0,0.0025,115.8669,0.0,0.0,1.0,561.0,0.0,0.0,0.0,1.0,0.0,0.0,1.0,0.0,0,0,24.018811372549017,2.902029411764706,26.920840784313725,2.091342352941177,2.8404411764705877,4.931783529411765,847.000000000002,0.0,847.000000000002,0.0,0,0,0.0,0.0,0.0,1.0,1.0,0.0,0.0,0.0,0.0,0.5,0.25,0.0,0.0,0.0,0,2560.0,234.9909000000001,561.0,116.95260000000006,0.0,0.0,0.0,0.0,0.0,0,0.0,2560.0,234.9909000000001,116.95260000000006,271.0,0.0,0.0,0.0,5.0,5.200000000000013,2.0,0.75,3.5939344262295285,3.920000000000001,320.0,77.0,160.0,2048.0,732.0,204.0,329,0,0,0,47,30.0,2048.0,18863.512200000023,1475.758,3789.9839999999995,732,36,0,122,0.10617679722260953,0.4794676584305375,0.6584216017105031,0,5209.594799999996,385.0,47,0,514.0,0,0,0,0.0,0,0.0,47663.51220000014,0.0,0,0,0,1.5,0,0.0,0,0,0.0,0,0.0,0,0,1028.0,206.0,2481.648,2,0.0,0.0,NaN,5120.0,NaN,NaN,0,0,0.0,0,0.0,NaN,0,NaN,0,0,0,0.0,0.0,0.0,0.0,0.0,0.0,0.0,0.0,0,0,0,0,329,0.0,0,0,0.0,0,0.0,0.0,0.0,0.0,0.0,0.0,0.0,0.0,0.0,0.0,0.52806551048421,390,15710.118,122,31953.39420000002,4,1475.7579999999998,4,4018.1839999999993,2,248.16,-445.1331,37.5,0,0,160,160,5 + government bonds,sumsy,8,-1.4551915228366852e-11
2,512,4,4,29002.87389999995,0.0,17990.1823,584.1823000000002,1006.1330999999999,,1006.1330999999999,0.0,0.0,0.0,0.0,0.0,0.0025,139.7499,0.0,0.0,1.0,561.0,0.0,0.0,0.0,1.0,0.0,0.0,1.0,0.0,0,0,24.148317450980393,2.7607284313725486,26.909045882352938,2.181195098039216,2.6187056862745095,4.799900784313726,2485.4972999999995,847.0000000000022,2485.4972999999995,0.0,0,0,0.0,0.0,0.0,1.0,1.0,0.0,0.0,0.0,0.0,0.5,0.25,0.0,0.0,0.0,0,2560.0,283.8952000000002,584.1822999999999,141.21099999999996,0.0,0.0,0.0,0.0,0.0,4,0.0,2560.0,283.8952000000002,141.21099999999996,271.0,0.0,0.0,0.008472370766488413,4.773147382920121,5.477821064301551,2.0121943952802313,NaN,3.4441047197639825,3.8023999999999996,902.0,1089.0,451.0,2048.0,1356.0,204.0,172,0,0,1,48,48.0,2048.0,19697.883399999988,741.5652,6344.900299999999,317,451,0,53,0.08273797099787705,0.4647403873933402,0.35784764566595095,0,7136.745999999978,5197.957500000012,48,0,339.0,0,0,0,0.0,0,0.0,48617.44249999988,0.0,0,0,0,1.5,0,0.0,0,0,0.0,0,0.0,0,0,682.1338999999984,248.0,2078.7751,2,0.0,0.0,NaN,5120.0,NaN,NaN,0,0,0.0,0,0.0,NaN,0,NaN,0,0,0,0.0,0.0,0.0,0.0,0.0,0.0,0.0,0.0,0,0,0,0,172,0.0,0,0,0.0,0,0.0,0.0,0.0,0.0,0.0,0.0,0.0,0.0,0.0,0.0,0.5297683777982618,459,34551.445699999924,53,14065.996800000006,4,670.0160000000014,4,6573.1003,2,512.2339999999999,-866.3831999999999,37.5,0,0,451,451,5 + government bonds,sumsy,8,-1.4551915228366852e-11
3,512,4,4,31235.044099999996,0.0,21822.8145,1497.7096000000001,1401.9290999999994,,1401.9290999999994,0.0,0.0,0.0,0.0,0.0,0.0025,161.3192,0.0,0.0,1.0,535.5459,0.0,0.0,0.0,1.0,0.0,0.0,1.0,0.0,0,0,25.438959495713625,3.029615844866208,28.468575340579832,2.7938649997449425,2.9330092224290185,5.7268742221739615,2876.5516000000207,2485.4973000000023,2876.5516000000207,0.0,0,0,0.0,0.0,0.0,1.0,1.0,0.0,0.0,0.0,0.0,0.5,0.25,0.0,-1.3903999999999999,0.0,0,2560.0,327.8298000000003,1497.7096,163.0498000000001,0.0,0.0,0.0,0.0,0.0,19,15.4282,2560.0,327.8298000000003,163.0498000000001,271.0,0.0,0.0,0.007892074100841468,4.6864506114769755,5.33871567164183,1.9660256249999957,NaN,3.316692657342685,3.6883279999999994,1072.0,1063.0,536.0,2046.6666666666667,1534.0,204.0,128,0,0,1,55,33.0,2048.0,20963.323099999998,1570.7310000000002,6807.185399999999,232,536,0,39,0.10347092772031985,0.4601861502196416,0.28146008287054314,0,7530.168100000015,4981.697000000025,55,0,640.0,0,0,0,0.0,0,0.0,49592.83830000003,0.0,0,0,0,1.5,0,0.0,0,0,0.0,0,0.0,0,0,1258.2563999999973,256.0,1717.0572,2,0.0,0.0,NaN,5120.0,NaN,NaN,0,0,0.0,0,0.0,NaN,0,NaN,0,0,0,0.0,0.0,0.0,0.0,0.0,0.0,0.0,0.0,0,0,0,0,128,0.0,0,0,0.0,0,0.0,0.0,0.0,0.0,0.0,0.0,0.0,0.0,0.0,0.0,0.5332716472896109,473,39136.56550000002,39,10456.272799999999,4,1249.8455999999996,4,7035.3854,2,777.5316,-1240.6098999999995,37.5,0,0,536,536,5 + government bonds,sumsy,8,-1.4551915228366852e-11
4,512,4,4,33422.60220000001,0.0,21399.8563,531.5898,1766.4300999999996,,1766.4300999999996,0.0,0.0,0.0,0.0,0.0,0.0025,183.4948,0.0,0.0,1.0,525.8202000000002,0.0,0.0,0.0,1.0,0.0,0.0,1.0,0.0,0,0,26.00166495492996,3.249949630125826,29.25161458505579,3.80451791179732,3.0599143026885627,6.864432214485882,2838.243700000006,2876.551600000008,2838.243700000006,0.0,0,0,0.0,0.0,0.0,1.0,1.0,0.0,0.0,0.0,0.0,0.5,0.25,0.0,-13.730425000000006,0.0,0,2560.0,372.44190000000026,531.5898,185.3137000000002,0.0,0.0,0.0,0.0,0.0,40,14.6863,2560.0,372.44190000000026,185.3137000000002,271.0,0.0,0.0,0.0029859578252018947,4.532732618409335,5.237928942486096,1.9370731249999988,NaN,3.131122960134872,3.5776781599999987,1078.0,1119.0,539.0,2046.6666666666667,1540.0,204.0,127,0,0,1,70,59.0,2048.0,22474.971500000007,1752.6384,7054.2433,229,539,0,39,0.12544572139216892,0.4565528537042578,0.2800627480198634,1,7233.247599999986,5072.127800000046,70,0,640.0,0,0,0,0.0,0,0.0,50181.49150000001,0.0,0,0,0,1.5,0,0.0,0,0,0.0,0,0.0,0,0,1239.7267999999992,256.0,1942.5679,2,0.0,0.0,NaN,5120.0,NaN,NaN,0,0,0.0,0,0.0,NaN,0,NaN,0,0,0,0.0,0.0,0.0,0.0,0.0,0.0,0.0,0.0,0,0,0,0,127,0.0,0,0,0.0,0,0.0,0.0,0.0,0.0,0.0,0.0,0.0,0.0,0.0,0.0,0.5428195754947103,473,39668.2031,39,10513.288399999996,4,2331.712199999998,4,7282.4432,2,1044.4885,-1582.9352999999996,37.5,0,0,539,539,5 + government bonds,sumsy,8,-1.4551915228366852e-11
5,512,4,4,35567.30370000002,0.0,20981.406200000005,325.0772,2091.5072999999998,,2091.5072999999998,0.0,0.0,0.0,0.0,0.0,0.0025,204.914,0.0,0.0,1.0,508.57199999999955,0.0,0.0,0.0,1.0,0.0,0.0,1.0,0.0,0,0,26.486012273725578,3.7549188469951535,30.24093112072073,4.6745409229725725,3.5312893002048575,8.20583022317743,2837.7034999999987,2838.2437000000054,2837.7034999999987,0.0,0,0,0.0,0.0,0.0,1.0,1.0,0.0,0.0,0.0,0.0,0.5,0.25,0.0,-27.120625,0.0,0,2560.0,415.2984999999996,325.0772,206.73789999999994,0.0,0.0,0.0,0.0,0.0,45,15.586,2560.0,415.2984999999996,206.73789999999994,271.0,0.0,0.0,0.008160304748134745,4.404018198700092,5.150918795620435,1.9588903124999988,NaN,2.9933706673847653,3.4703478151999994,1096.0,1077.0,548.0,2046.6666666666665,1558.0,204.0,122,0,0,1,58,55.0,2048.0,24143.724799999996,1769.5837,7060.6356000000005,220,548,0,37,0.13550600675905233,0.4441016830319191,0.2653844290894991,0,7041.508999999995,4743.127599999999,58,0,640.0,0,0,0,0.0,0,0.0,50876.8244,0.0,0,0,0,1.5,0,0.0,0,0,0.0,0,0.0,0,0,1253.6897999999992,256.0,2372.8596,2,0.0,0.0,NaN,5120.0,NaN,NaN,0,0,0.0,0,0.0,NaN,0,NaN,0,0,0,0.0,0.0,0.0,0.0,0.0,0.0,0.0,0.0,0,0,0,0,122,0.0,0,0,0.0,0,0.0,0.0,0.0,0.0,0.0,0.0,0.0,0.0,0.0,0.0,0.5435844694078387,475,40855.20570000001,37,10021.618699999999,4,3429.6847999999954,4,7288.8355,2,1312.1633000000002,-1886.5932999999998,37.5,0,0,548,548,5 + government bonds,sumsy,8,-1.4551915228366852e-11
6,512,4,4,37669.952,0.0,20172.718699999998,289.2149,2380.7220999999995,,2380.7220999999995,0.0,0.0,0.0,0.0,0.0,0.0025,225.8909,0.0,0.0,1.0,494.1288000000005,0.0,0.0,0.0,1.0,0.0,0.0,1.0,0.0,0,0,27.09764763655104,4.116354915639358,31.2140025521904,5.9189444819688415,3.942836461152021,9.861780943120863,2745.1502999999952,2837.703500000001,2745.1502999999952,0.0,0,0,0.0,0.0,0.0,1.0,1.0,0.0,0.0,0.0,0.0,0.5,0.25,0.0,-39.806749999999994,0.0,0,2560.0,457.3517000000004,289.2149,227.74759999999986,0.0,0.0,0.0,0.0,0.0,48,287.8961,2560.0,457.3517000000004,227.74759999999986,271.0,0.0,0.0,0.012943992153033185,4.304825143403438,5.065213914656763,1.985957500000002,NaN,2.932712040190999,3.366237380743999,1078.0,1046.0,539.0,2046.6666666666667,1540.0,204.0,126,0,0,1,54,24.0,2048.0,25897.441000000024,1825.2959,6891.8115,220,548,0,37,0.1496451734060804,0.43435705221304644,0.27465828357769295,0,6858.9541,4502.847099999995,54,0,640.0,0,0,0,0.0,0,0.0,51595.05150000001,0.0,0,0,0,1.5,0,0.0,0,0,0.0,0,0.0,0,0,1271.0128000000013,256.0,2541.6166,2,0.0,0.0,NaN,5120.0,NaN,NaN,0,0,0.0,0,0.0,NaN,0,NaN,0,0,0,0.0,0.0,0.0,0.0,0.0,0.0,0.0,0.0,0,0,0,0,126,0.0,0,0,0.0,0,0.0,0.0,0.0,0.0,0.0,0.0,0.0,0.0,0.0,0.0,0.5453346254024254,475,41499.703099999984,37,10095.348400000003,4,4583.299300000001,4,7120.0113,2,1571.3650000000002,-2154.8311999999996,37.5,0,0,539,539,5 + government bonds,sumsy,8,-1.4551915228366852e-11
7,512,4,4,39730.13899999999,0.0,19331.926099999997,257.1097,2637.8317999999995,,2637.8317999999995,0.0,0.0,0.0,0.0,0.0,0.0025,247.0803,0.0,0.0,1.0,483.0005999999997,0.0,0.0,0.0,1.0,0.0,0.0,1.0,0.0,0,0,28.351560339435487,3.8813568933692117,32.2329172328047,7.999301019143749,3.7497355513006854,11.749036570444433,2706.0714000000144,2745.150299999994,2706.0714000000144,0.0,0,0,0.0,0.0,0.0,1.0,1.0,0.0,0.0,0.0,0.0,0.5,0.25,0.0,-51.788950000000035,0.0,0,2560.0,499.81300000000044,257.1097,248.9640999999999,0.0,0.0,0.0,0.0,0.0,49,421.5032,2560.0,499.81300000000044,248.9640999999999,271.0,0.0,0.0,0.015,4.201252490774936,4.9927113172542015,2.028719374999999,NaN,2.959488494214177,3.2652502593216797,1078.0,1084.0,539.0,2046.6666666666667,1540.0,204.0,127,0,0,1,48,37.0,2048.0,27561.772399999987,1832.722,6882.237300000001,220,548,0,37,0.18586490666643418,0.4368204779027083,0.29740287445346913,0,6865.482000000019,4554.15770000003,48,0,640.0,0,0,0,0.0,0,0.0,52223.89379999996,0.0,0,0,0,1.5,0,0.0,0,0,0.0,0,0.0,0,0,1298.3803999999996,256.0,2784.8238,2,0.0,0.0,NaN,5120.0,NaN,NaN,0,0,0.0,0,0.0,NaN,0,NaN,0,0,0,0.0,0.0,0.0,0.0,0.0,0.0,0.0,0.0,0,0,0,0,127,0.0,0,0,0.0,0,0.0,0.0,0.0,0.0,0.0,0.0,0.0,0.0,0.0,0.0,0.5559128299100455,475,42012.43149999999,37,10211.4623,4,5688.627700000003,4,7110.437100000001,2,1691.8636999999999,-2390.7514999999994,37.5,0,0,539,539,5 + government bonds,sumsy,8,-1.4551915228366852e-11
8,512,4,4,41749.366399999984,0.0,18458.3263,224.3025,2862.1342999999997,,2862.1342999999997,0.0,0.0,0.0,0.0,0.0,0.0025,267.532,0.0,0.0,1.0,471.3827999999996,0.0,0.0,0.0,1.0,0.0,0.0,1.0,0.0,0,0,29.409990556325866,4.1493221457833735,33.55931270210924,9.547415450333443,4.075108749570959,13.6225241999044,2638.8026000000164,2706.0714000000235,2638.8026000000164,0.0,0,0,0.0,0.0,0.0,1.0,1.0,0.0,0.0,0.0,0.0,0.5,0.25,0.0,-63.067050000000066,0.0,0,2560.0,540.7726000000004,224.3025,269.4351000000004,0.0,0.0,0.0,0.0,0.0,50,486.0843,2560.0,540.7726000000004,269.4351000000004,271.0,0.0,0.0,0.015,4.105805194805167,4.913488014981304,2.0957068750000056,NaN,2.880940672852856,3.167292751542029,1068.0,1078.0,534.0,2046.6666666666665,1530.0,204.0,129,0,0,2,52,41.0,2048.0,29114.0786,1907.9389999999999,6835.9273,220,548,0,37,0.20689134099133955,0.43464674976255524,0.3128291389635509,0,6683.977200000015,4426.05799999997,52,0,640.0,0,0,0,0.0,0,0.0,52740.71090000001,0.0,0,0,0,1.5,0,0.0,0,0,0.0,0,0.0,0,0,1341.2524000000037,256.0,3137.8052,2,0.0,0.0,NaN,5120.0,NaN,NaN,0,0,0.0,0,0.0,NaN,0,NaN,0,0,0,0.0,0.0,0.0,0.0,0.0,0.0,0.0,0.0,0,0,0,0,129,0.0,0,0,0.0,0,0.0,0.0,0.0,0.0,0.0,0.0,0.0,0.0,0.0,0.0,0.5631084494769047,475,42469.13660000001,37,10271.5743,4,6861.746999999999,4,7064.1271,2,1743.3364,-2594.6022999999996,37.5,0,0,534,534,5 + government bonds,sumsy,8,-1.4551915228366852e-11
9,512,4,4,43728.454500000014,0.0,17553.5648,193.1409,3055.2750999999994,,3055.2750999999994,0.0,0.0,0.0,0.0,0.0,0.0025,287.5904,0.0,0.0,1.0,460.6728000000003,0.0,0.0,0.0,1.0,0.0,0.0,1.0,0.0,0,0,29.93333686544571,4.494227006089343,34.42756387153506,11.035219074993545,4.353671117376117,15.388890192369661,2603.0948999999973,2638.802600000003,2603.0948999999973,0.0,0,0,0.0,0.0,0.0,1.0,1.0,0.0,0.0,0.0,0.0,0.5,0.25,0.0,-73.64107500000007,0.0,0,2560.0,580.9118999999996,193.1409,289.5002000000002,0.0,0.0,0.0,0.0,0.0,51,517.3543,2560.0,580.9118999999996,289.5002000000002,271.0,0.0,0.0,0.015,4.014604775280868,4.810585315985125,2.160593593749998,NaN,2.7973912719053247,3.072273968995767,1076.0,1068.0,538.0,2045.3333333333335,1538.0,204.0,126,0,0,1,51,35.0,2048.0,30612.046800000004,1935.6707999999999,6809.455,220,548,0,37,0.2239023223979597,0.4285986501481991,0.30935363359283463,0,6547.898999999996,4287.597899999967,51,0,640.0,0,0,0,0.0,0,0.0,53203.189999999915,0.0,0,0,0,1.5,0,0.0,0,0,0.0,0,0.0,0,0,1382.7798999999989,256.0,3566.3372,2,0.0,0.0,NaN,5120.0,NaN,NaN,0,0,0.0,0,0.0,NaN,0,NaN,0,0,0,0.0,0.0,0.0,0.0,0.0,0.0,0.0,0.0,0,0,0,0,126,0.0,0,0,0.0,0,0.0,0.0,0.0,0.0,0.0,0.0,0.0,0.0,0.0,0.0,0.5674587915850324,475,42949.646999999975,37,10253.543,4,7987.3811,4,7037.6547,2,1761.498,-2767.6846999999993,37.5,0,0,538,538,5 + government bonds,sumsy,8,-1.4551915228366852e-11
10,512,4,4,45667.359800000035,0.0,16618.5092,162.8468,3218.121799999999,,3218.121799999999,0.0,0.0,0.0,0.0,0.0,0.0025,307.6841,0.0,0.0,1.0,450.4371000000005,0.0,0.0,0.0,1.0,0.0,0.0,1.0,0.0,0,0,31.01650615577187,4.366435972431672,35.38294212820354,13.064545869680213,4.209720670374079,17.274266540054292,2572.0778999999993,2603.094899999995,2572.0778999999993,0.0,0,0,0.0,0.0,0.0,1.0,1.0,0.0,0.0,0.0,0.0,0.5,0.25,0.0,-83.51130000000005,0.0,0,2560.0,621.0946999999998,162.8468,309.5941000000003,0.0,0.0,0.0,0.0,0.0,52,532.261,2560.0,621.0946999999998,309.5941000000003,271.0,0.0,0.0,0.015,3.9894031309297895,4.76178379888268,2.188719062499998,NaN,2.7503490597567986,2.9801057499258943,1074.0,1054.0,537.0,2046.6666666666667,1536.0,204.0,127,0,0,1,41,25.0,2048.0,32051.592900000007,1960.2682,6771.1846000000005,220,548,0,37,0.24596362519654424,0.4279505057010424,0.31386276069025354,0,6439.743400000001,4204.830899999998,41,0,640.0,0,0,0,0.0,0,0.0,53607.24700000005,0.0,0,0,0,1.5,0,0.0,0,0,0.0,0,0.0,0,0,1400.7801999999986,256.0,4044.369,2,0.0,0.0,NaN,5120.0,NaN,NaN,0,0,0.0,0,0.0,NaN,0,NaN,0,0,0,0.0,0.0,0.0,0.0,0.0,0.0,0.0,0.0,0,0,0,0,127,0.0,0,0,0.0,0,0.0,0.0,0.0,0.0,0.0,0.0,0.0,0.0,0.0,0.0,0.5752710491687345,475,43344.04730000006,37,10263.199700000001,4,9109.880799999999,4,6999.3842,2,1763.2963,-2910.437699999999,37.5,0,0,537,537,5 + government bonds,sumsy,8,-1.4551915228366852e-11
11,512,4,4,47567.64710000002,0.0,15660.534499999998,139.9277,3358.049399999999,,3358.049399999999,0.0,0.0,0.0,0.0,0.0,0.0025,326.9626,0.0,0.0,1.0,447.6117000000002,0.0,0.0,0.0,1.0,0.0,0.0,1.0,0.0,0,0,31.555263415388882,4.206147901611614,35.7614113170005,14.758635842723987,4.121492503618479,18.880128346342463,2526.8982999999953,2572.077900000006,2526.8982999999953,0.0,0,0,0.0,0.0,0.0,1.0,1.0,0.0,0.0,0.0,0.0,0.5,0.25,0.0,-92.67772500000001,0.0,0,2560.0,659.7127,139.9277,328.89119999999946,0.0,0.0,0.0,0.0,0.0,53,539.1901,2560.0,659.7127,328.89119999999946,271.0,0.0,0.0,0.015,3.9038066355140173,4.721613345864653,2.251159218749998,NaN,2.6671108330866873,2.8907025774281183,1064.0,1070.0,532.0,2046.6666666666667,1526.0,204.0,130,0,0,2,40,33.0,2048.0,33286.614599999986,2029.2138,6785.2955,220,548,0,37,0.2703360257712639,0.430441236119923,0.32181533952723984,0,6259.94059999998,4177.073099999999,40,0,640.0,0,0,0,0.0,0,0.0,53806.779600000045,0.0,0,0,0,1.5,0,0.0,0,0,0.0,0,0.0,0,0,1440.7418999999986,256.0,4600.3705,2,0.0,0.0,NaN,5120.0,NaN,NaN,0,0,0.0,0,0.0,NaN,0,NaN,0,0,0,0.0,0.0,0.0,0.0,0.0,0.0,0.0,0.0,0,0,0,0,130,0.0,0,0,0.0,0,0.0,0.0,0.0,0.0,0.0,0.0,0.0,0.0,0.0,0.0,0.5859506929287952,475,43471.55440000001,37,10335.225200000003,4,10276.728700000001,4,7013.495,2,1757.1170000000002,-3031.086799999999,37.5,0,0,532,532,5 + government bonds,sumsy,8,-1.4551915228366852e-11
12,512,4,4,49429.9578,0.0,14673.678,111.0458,3469.095199999999,,3469.095199999999,0.0,0.0,0.0,0.0,0.0,0.0025,345.8806,0.0,0.0,1.0,438.0083999999997,0.0,0.0,0.0,1.0,0.0,0.0,1.0,0.0,0,0,32.23176910786704,4.534584529732921,36.766353637599956,16.250535429212572,4.457587034365491,20.708122463578064,2497.3106000000093,2526.8983000000103,2497.3106000000093,0.0,0,0,0.0,0.0,0.0,1.0,1.0,0.0,0.0,0.0,0.0,0.5,0.25,0.0,-101.13972499999998,0.0,0,2560.0,697.6893000000003,111.0458,347.8561,0.0,0.0,0.0,0.0,0.0,54,542.3505,2560.0,697.6893000000003,347.8561,271.0,0.0,0.0,0.015,3.982623323890457,4.6659973684210705,2.297397812499997,NaN,2.989366057997817,4.7370850293065,1064.0,1059.0,532.0,2045.3333333333335,1526.0,204.0,130,0,0,1,37,32.0,2048.0,34893.81109999999,2102.3197,6936.4885,220,548,0,37,0.2797879955689253,0.4252211063523388,0.37361128331602744,0,6718.642899999996,4217.598099999994,37,0,640.0,0,0,0,0.0,0,0.0,54378.48700000006,0.0,0,0,0,1.5,0,0.0,0,0,0.0,0,0.0,0,0,1470.334599999998,256.0,4609.107400000001,2,0.0,0.0,NaN,5120.0,NaN,NaN,0,0,0.0,0,0.0,NaN,0,NaN,0,0,0,0.0,0.0,0.0,0.0,0.0,0.0,0.0,0.0,0,0,0,0,130,0.0,0,0,0.0,0,0.0,0.0,0.0,0.0,0.0,0.0,0.0,0.0,0.0,0.0,0.5879700648703292,475,44037.94650000001,37,10340.540499999997,4,11447.736900000002,4,7164.688,2,1747.1689999999999,-3123.214599999999,37.5,0,0,532,532,5 + government bonds,sumsy,8,-1.4551915228366852e-11
13,512,4,4,51254.92679999999,0.0,13676.746799999997,100.9711,3570.066299999999,,3570.066299999999,0.0,0.0,0.0,0.0,0.0,0.0025,364.4443,0.0,0.0,1.0,446.85169999999977,0.0,0.0,0.0,1.0,0.0,0.0,1.0,0.0,0,0,31.544315702007836,4.466014110370217,36.01032981237805,17.360491911261082,4.3345003905812485,21.69499230184233,2535.8634999999995,2497.310600000005,2535.8634999999995,0.0,0,0,0.0,0.0,0.0,1.0,1.0,0.0,0.0,0.0,0.0,0.5,0.25,0.0,-108.89772500000001,0.0,0,2560.0,735.0310000000006,100.9711,366.49190000000044,0.0,0.0,0.0,0.0,0.0,55,543.5333,2560.0,735.0310000000006,366.49190000000044,271.0,0.0,0.0,0.015,3.9633469711090408,4.76533742911153,2.388025937500002,NaN,2.9819155506187665,4.709910467097018,1058.0,1073.0,529.0,2046.6666666666667,1520.0,204.0,131,0,0,1,45,37.0,2048.0,36334.205699999984,2170.2209000000003,7216.9836000000005,220,548,0,37,0.292797113659065,0.4215430065417698,0.37147480352993445,0,6659.658900000012,4252.671300000001,45,0,640.0,0,0,0,0.0,0,0.0,54783.39250000006,0.0,0,0,0,1.5,0,0.0,0,0,0.0,0,0.0,0,0,1528.3366000000012,256.0,4625.539,2,0.0,0.0,NaN,5120.0,NaN,NaN,0,0,0.0,0,0.0,NaN,0,NaN,0,0,0,0.0,0.0,0.0,0.0,0.0,0.0,0.0,0.0,0,0,0,0,131,0.0,0,0,0.0,0,0.0,0.0,0.0,0.0,0.0,0.0,0.0,0.0,0.0,0.0,0.5918083097364051,475,44463.740999999995,37,10319.651499999994,4,12613.540400000002,4,7445.1831,2,1735.2434,-3205.621999999999,37.5,0,0,529,529,5 + government bonds,sumsy,8,-1.4551915228366852e-11
14,512,4,4,53043.07689999999,0.0,12659.0896,80.2452,3650.3113999999996,,3650.3113999999996,0.0,0.0,0.0,0.0,0.0,0.0025,382.7431,0.0,0.0,1.0,444.6894000000003,0.0,0.0,0.0,1.0,0.0,0.0,1.0,0.0,0,0,32.18984644093803,4.351006895360098,36.54085333629813,19.0140915509538,4.228737489738069,23.24282904069187,2559.6909,2535.8634999999913,2559.6909,0.0,0,0,0.0,0.0,0.0,1.0,1.0,0.0,0.0,0.0,0.0,0.5,0.25,0.0,-115.95185000000001,0.0,0,2560.0,771.8499000000011,80.2452,384.8649000000003,0.0,0.0,0.0,0.0,0.0,56,544.5897,2560.0,771.8499000000011,384.8649000000003,271.0,0.0,0.0,0.015,3.9324639146567693,4.774279362101313,2.4771818750000034,NaN,2.98034210088893,4.590538588415861,1066.0,1078.0,533.0,2046.6666666666665,1528.0,204.0,130,0,0,1,53,39.0,2048.0,37709.66750000003,2292.0217,7454.064600000001,220,548,0,37,0.30956385741157333,0.4224775448675122,0.3843464724533652,0,6652.497599999999,4239.196099999997,53,0,640.0,0,0,0,0.0,0,0.0,55123.365199999935,0.0,0,0,0,1.5,0,0.0,0,0,0.0,0,0.0,0,0,1585.3964000000021,256.0,4659.9902999999995,2,0.0,0.0,NaN,5120.0,NaN,NaN,0,0,0.0,0,0.0,NaN,0,NaN,0,0,0,0.0,0.0,0.0,0.0,0.0,0.0,0.0,0.0,0,0,0,0,130,0.0,0,0,0.0,0,0.0,0.0,0.0,0.0,0.0,0.0,0.0,0.0,0.0,0.0,0.5985737577080501,475,44782.71749999998,37,10340.6477,4,13833.2435,4,7682.264,2,1723.1914,-3267.5682999999995,37.5,0,0,533,533,5 + government bonds,sumsy,8,-1.4551915228366852e-11
15,512,4,4,54795.813499999946,0.0,11619.665599999998,58.4784,3708.7896999999994,,3708.7896999999994,0.0,0.0,0.0,0.0,0.0,0.0025,400.3148,0.0,0.0,1.0,441.2214000000004,0.0,0.0,0.0,1.0,0.0,0.0,1.0,0.0,0,0,32.16658039637911,4.560947826691881,36.72752822307098,20.21037679576958,4.445465919870065,24.655842715639643,2551.412999999995,2559.690900000001,2551.412999999995,0.0,0,0,0.0,0.0,0.0,1.0,1.0,0.0,0.0,0.0,0.0,0.5,0.25,0.0,-122.30237499999998,0.0,0,2560.0,807.263400000001,58.4784,402.5262,0.0,0.0,0.0,0.0,0.0,57,544.9517000000001,2560.0,807.263400000001,402.5262,271.0,0.0,0.0,0.015,3.941026330275229,4.705775510204073,2.554608906249999,NaN,2.975743604691202,4.495145767743958,1078.0,1090.0,539.0,2046.6666666666667,1539.9999999999998,204.0,126,0,0,0,61,44.0,2048.0,38969.56629999998,2443.9784999999997,7736.4353,220,548,0,37,0.31821818992620665,0.4179676036371518,0.37529087153902885,0,6655.65250000001,4295.718699999999,61,0,640.0,0,0,0,0.0,0,0.0,55347.7749,0.0,0,0,0,1.5,0,0.0,0,0,0.0,0,0.0,0,0,1634.9496999999994,256.0,4700.5669,2,0.0,0.0,NaN,5120.0,NaN,NaN,0,0,0.0,0,0.0,NaN,0,NaN,0,0,0,0.0,0.0,0.0,0.0,0.0,0.0,0.0,0.0,0,0,0,0,126,0.0,0,0,0.0,0,0.0,0.0,0.0,0.0,0.0,0.0,0.0,0.0,0.0,0.0,0.6022236231012319,475,45041.26649999996,37,10306.508399999997,4,15083.102600000002,4,7964.6346,2,1710.4450000000002,-3308.4748999999993,37.5,0,0,539,539,5 + government bonds,sumsy,8,-1.4551915228366852e-11
16,512,4,4,56513.43139999997,0.0,10563.6338,41.8705,3750.6601999999993,,3750.6601999999993,0.0,0.0,0.0,0.0,0.0,0.0025,417.776,0.0,0.0,1.0,442.1852999999999,0.0,0.0,0.0,1.0,0.0,0.0,1.0,0.0,0,0,32.23036439267119,4.540551829420485,36.77091622209168,21.468395705742292,4.440397267733423,25.90879297347572,2545.1788000000056,2551.413000000007,2545.1788000000056,0.0,0,0,0.0,0.0,0.0,1.0,1.0,0.0,0.0,0.0,0.0,0.5,0.25,0.0,-127.94857499999999,0.0,0,2560.0,842.3820999999991,41.8705,420.05219999999997,0.0,0.0,0.0,0.0,0.0,58,544.9697,2560.0,842.3820999999991,420.05219999999997,271.0,0.0,0.0,0.015,3.9287169187145596,4.668226568265693,2.636143124999997,NaN,2.9919063740342087,4.466056779402399,1084.0,1058.0,542.0,2048.0,1546.0,204.0,125,0,0,1,45,34.0,2048.0,40317.69219999998,2595.1638000000003,7899.5674,220,548,0,37,0.325828023124904,0.41505459219397367,0.3787941810310125,0,6670.702500000006,4156.582500000004,45,0,640.0,0,0,0,0.0,0,0.0,55660.41170000001,0.0,0,0,0,1.5,0,0.0,0,0,0.0,0,0.0,0,0,1687.1315999999981,256.0,4738.2623,2,0.0,0.0,NaN,5120.0,NaN,NaN,0,0,0.0,0,0.0,NaN,0,NaN,0,0,0,0.0,0.0,0.0,0.0,0.0,0.0,0.0,0.0,0,0,0,0,125,0.0,0,0,0.0,0,0.0,0.0,0.0,0.0,0.0,0.0,0.0,0.0,0.0,0.0,0.6059144098429599,475,45283.50660000001,37,10376.9051,4,16332.1902,4,8127.7667,2,1697.3546000000001,-3332.8841999999995,37.5,0,0,542,542,5 + government bonds,sumsy,8,-1.4551915228366852e-11
17,512,4,4,58196.05879999997,0.0,9488.758699999998,23.0272,3773.6873999999993,,3773.6873999999993,0.0,0.0,0.0,0.0,0.0,0.0025,435.1696,0.0,0.0,1.0,440.8031999999997,0.0,0.0,0.0,1.0,0.0,0.0,1.0,0.0,0,0,32.573232047731295,4.293455078805249,36.86668712653655,22.980234300937457,4.171231619471323,27.151465920408782,2500.645299999996,2545.178800000023,2500.645299999996,0.0,0,0,0.0,0.0,0.0,1.0,1.0,0.0,0.0,0.0,0.0,0.5,0.25,0.0,-132.89097500000008,0.0,0,2560.0,877.3725999999994,23.0272,437.51349999999985,0.0,0.0,0.0,0.0,0.0,59,544.8249000000001,2560.0,877.3725999999994,437.51349999999985,271.0,0.0,0.0,0.015,3.9184744030563485,4.654766479400742,2.73011015625,NaN,3.0193590446272283,4.4377694372575,1068.0,1047.0,534.0,2046.6666666666665,1530.0,204.0,129,0,0,2,40,19.0,2048.0,41612.92880000001,2773.2352,8049.694299999999,220,548,0,37,0.34015564165879164,0.4142825284189955,0.38688903121039653,0,6637.5394000000015,4102.642699999997,40,0,640.0,0,0,0,0.0,0,0.0,55920.159199999944,0.0,0,0,0,1.5,0,0.0,0,0,0.0,0,0.0,0,0,1747.2704999999999,256.0,4780.206,2,0.0,0.0,NaN,5120.0,NaN,NaN,0,0,0.0,0,0.0,NaN,0,NaN,0,0,0,0.0,0.0,0.0,0.0,0.0,0.0,0.0,0.0,0,0,0,0,129,0.0,0,0,0.0,0,0.0,0.0,0.0,0.0,0.0,0.0,0.0,0.0,0.0,0.0,0.6109048597297002,475,45573.38939999997,37,10346.7698,4,17608.1639,4,8277.8936,2,1684.1014,-3338.517799999999,37.5,0,0,534,534,5 + government bonds,sumsy,8,-1.4551915228366852e-11
18,512,4,4,59845.02679999998,0.0,8395.3375,4.4812,3778.1684999999993,,3778.1684999999993,0.0,0.0,0.0,0.0,0.0,0.0025,451.8203,0.0,0.0,1.0,439.6507000000004,0.0,0.0,0.0,1.0,0.0,0.0,1.0,0.0,0,0,32.702027790096224,4.173761961800295,36.87578975189652,24.065264398682242,4.078134258939691,28.143398657621937,2476.329699999999,2500.6452999999965,2476.329699999999,0.0,0,0,0.0,0.0,0.0,1.0,1.0,0.0,0.0,0.0,0.0,0.5,0.25,0.0,-137.1295000000002,0.0,0,2560.0,911.0319999999996,4.4812,454.28459999999995,0.0,0.0,0.0,0.0,0.0,60,544.6404,2560.0,911.0319999999996,454.28459999999995,271.0,0.0,0.0,0.015,3.930728973660305,4.626559586466163,2.8197978125,NaN,3.0453624692154726,4.406283861427529,1064.0,1101.0,532.0,2045.3333333333333,1526.0,204.0,129,0,0,1,60,37.0,2048.0,42622.35020000001,2926.2959,8481.063900000001,220,548,0,37,0.3534923026740593,0.41577126923729124,0.41380855413038775,0,6644.444199999989,4327.732599999996,60,0,640.0,0,0,0,0.0,0,0.0,55894.09150000002,0.0,0,0,0,1.5,0,0.0,0,0,0.0,0,0.0,0,0,1804.6706,256.0,4818.8561,2,0.0,0.0,NaN,5120.0,NaN,NaN,0,0,0.0,0,0.0,NaN,0,NaN,0,0,0,0.0,0.0,0.0,0.0,0.0,0.0,0.0,0.0,0,0,0,0,129,0.0,0,0,0.0,0,0.0,0.0,0.0,0.0,0.0,0.0,0.0,0.0,0.0,0.0,0.6186391721968003,475,45527.30180000001,37,10366.789700000001,4,18859.1269,4,8709.2631,2,1670.8084999999999,-3326.3481999999995,37.5,0,0,532,532,5 + government bonds,sumsy,8,-1.4551915228366852e-11
19,512,4,4,61461.101099999934,0.0,7283.944299999999,0.0,3764.6775999999995,,3764.6775999999995,0.0,0.0,0.0,0.0,0.0,0.0025,468.1054,0.0,0.0,1.0,441.02760000000035,0.0,0.0,0.0,1.0,0.0,0.0,1.0,0.0,0,0,32.01104602265701,4.475485016986388,36.4865310396434,24.188962785242893,4.363372898370687,28.55233568361358,2519.923300000008,2476.3296999999884,2519.923300000008,0.0,0,0,0.0,0.0,0.0,1.0,1.0,0.0,0.0,0.0,0.0,0.5,0.25,0.0,-143.36207500000032,0.0,0,2560.0,943.9257000000001,0.0,470.6774000000001,0.0,0.0,0.0,0.0,0.0,60,547.1686,2560.0,943.9257000000001,470.6774000000001,271.0,0.0,0.0,0.015,3.959069416126041,4.638746851851867,2.906095312499999,NaN,3.069629176942025,4.369442869609085,1080.0,1079.0,540.0,2046.6666666666667,1541.9999999999998,204.0,126,0,0,2,50,44.0,2048.0,43686.10499999998,3050.5411,8876.651399999999,220,548,0,37,0.3524094754266691,0.4080767498183966,0.39972045621769725,0,6708.857400000006,4271.835899999998,50,0,640.0,0,0,0,0.0,0,0.0,55922.35719999995,0.0,0,0,0,1.5,0,0.0,0,0,0.0,0,0.0,0,0,1859.9009999999994,256.0,4832.5296,2,0.0,0.0,NaN,5120.0,NaN,NaN,0,0,0.0,0,0.0,NaN,0,NaN,0,0,0,0.0,0.0,0.0,0.0,0.0,0.0,0.0,0.0,0,0,0,0,126,0.0,0,0,0.0,0,0.0,0.0,0.0,0.0,0.0,0.0,0.0,0.0,0.0,0.0,0.6202059578883534,475,45496.8911,37,10425.466100000001,4,20081.2744,4,9093.440600000002,2,1658.1473999999998,-3296.5721999999996,37.5,0,0,540,540,5 + government bonds,sumsy,8,-1.4551915228366852e-11
20,512,4,4,63044.861,0.0,6156.341299999998,0.0,3734.976899999999,,3734.976899999999,0.0,0.0,0.0,0.0,0.0,0.0025,484.0745,0.0,0.0,1.0,444.2098999999997,0.0,0.0,0.0,1.0,0.0,0.0,1.0,0.0,0,0,32.287157067205584,4.4195724496208255,36.70672951682641,25.596083305706088,4.2532638094392485,29.849347115145335,2516.3173999999954,2519.923300000002,2516.3173999999954,0.0,0,0,0.0,0.0,0.0,1.0,1.0,0.0,0.0,0.0,0.0,0.5,0.25,0.0,-151.99773132289596,0.0,0,2560.0,976.2401000000011,0.0,486.7709999999993,0.0,0.0,0.0,0.0,0.0,57,557.9508000000001,2560.0,976.2401000000011,486.7709999999993,271.0,0.0,0.0,0.015,3.9727417279411736,4.657946741154554,2.9804406250000084,NaN,3.116707544589433,4.315350266868737,1074.0,1088.0,537.0,2045.3333333333335,1536.0,204.0,126,0,0,0,66,42.0,2048.0,44675.39620000004,3232.83,9287.4117,220,548,0,37,0.3602561028637563,0.4066720762783751,0.42621790258472747,0,6742.492200000026,4322.342999999997,66,0,640.0,0,0,0,0.0,0,0.0,55876.1593,0.0,0,0,0,1.5,0,0.0,0,0,0.0,0,0.0,0,0,1907.4820000000054,256.0,4807.1978,2,0.0,0.0,NaN,5120.0,NaN,NaN,0,0,0.0,0,0.0,NaN,0,NaN,0,0,0,0.0,0.0,0.0,0.0,0.0,0.0,0.0,0.0,0,0,0,0,126,0.0,0,0,0.0,0,0.0,0.0,0.0,0.0,0.0,0.0,0.0,0.0,0.0,0.0,0.6256259652220098,475,45444.34750000004,37,10431.8118,4,21361.4656,4,9492.7909,2,1641.7625,-3250.902399999999,37.5,0,0,537,537,5 + government bonds,sumsy,8,-1.4551915228366852e-11
21,512,4,4,64595.87330000005,0.0,5011.060699999999,0.0,3687.598599999999,,3687.598599999999,0.0,0.0,0.0,0.0,0.0,0.0025,500.2827,0.0,0.0,1.0,445.7400000000003,0.0,0.0,0.0,1.0,0.0,0.0,1.0,0.0,0,0,32.30537783173002,4.152902442032022,36.45828027376204,26.89215252005685,3.9757200203685854,30.867872540425434,2541.1252000000068,2516.3173999999944,2541.1252000000068,0.0,0,0,0.0,0.0,0.0,1.0,1.0,0.0,0.0,0.0,0.0,0.5,0.25,0.0,-163.1680811631514,0.0,0,2560.0,1008.9877000000001,0.0,503.09000000000003,0.0,0.0,0.0,0.0,0.0,47,572.4855,2560.0,1008.9877000000001,503.09000000000003,271.0,0.0,0.0,0.015,3.96790269767442,4.643612500000012,3.0692642187500025,NaN,3.117923756048494,4.2331106698914684,1088.0,1075.0,544.0,2048.0,1550.0,204.0,124,0,0,1,58,36.0,2048.0,45682.194900000024,3406.9074,9635.8083,220,548,0,37,0.37542945984967724,0.40894270428626167,0.4261195160823261,0,6766.257499999978,4265.495400000002,58,0,640.0,0,0,0,0.0,0,0.0,55841.04430000002,0.0,0,0,0,1.5,0,0.0,0,0,0.0,0,0.0,0,0,1964.3291000000017,256.0,4798.1945,2,0.0,0.0,NaN,5120.0,NaN,NaN,0,0,0.0,0,0.0,NaN,0,NaN,0,0,0,0.0,0.0,0.0,0.0,0.0,0.0,0.0,0.0,0,0,0,0,124,0.0,0,0,0.0,0,0.0,0.0,0.0,0.0,0.0,0.0,0.0,0.0,0.0,0.0,0.6327356154312889,475,45445.4679,37,10395.576400000002,4,22633.445300000003,4,9829.7775,2,1617.8771,-3187.3158999999987,37.5,0,0,544,544,5 + government bonds,sumsy,8,-1.4551915228366852e-11
22,512,4,4,66116.4040999999,0.0,3912.9368,0.0,3619.877,,3619.877,0.0,0.0,0.0,0.0,0.0,0.0025,515.3324,0.0,0.0,1.0,445.19939999999997,0.0,0.0,0.0,1.0,0.0,0.0,1.0,0.0,0,0,32.550560511084115,4.175911817196852,36.72647232828097,28.081706856738982,4.075280791672694,32.15698764841168,2500.0925999999986,2541.1251999999954,2500.0925999999986,0.0,0,0,0.0,0.0,0.0,1.0,1.0,0.0,0.0,0.0,0.0,0.5,0.25,0.0,-177.22881951748008,0.0,0,2560.0,1039.4692000000005,0.0,518.2665999999999,0.0,0.0,0.0,0.0,0.0,25,581.5896,2560.0,1039.4692000000005,518.2665999999999,271.0,0.0,0.0,0.015,3.941603518518521,4.585041697416972,3.143281250000002,NaN,3.086487440283975,4.1457343207348405,1084.0,1080.0,542.0,2046.6666666666667,1546.0,204.0,125,0,0,2,55,39.0,2048.0,46511.456199999935,3686.0670999999998,9962.997800000001,220,548,0,37,0.3830397435268049,0.4097056615135155,0.41115772509446225,0,6688.775600000001,4256.931800000003,55,0,640.0,0,0,0,0.0,0,0.0,55675.548499999924,0.0,0,0,0,1.5,0,0.0,0,0,0.0,0,0.0,0,0,2011.7000000000014,256.0,4858.960999999999,2,0.0,0.0,NaN,5120.0,NaN,NaN,0,0,0.0,0,0.0,NaN,0,NaN,0,0,0,0.0,0.0,0.0,0.0,0.0,0.0,0.0,0.0,0,0,0,0,125,0.0,0,0,0.0,0,0.0,0.0,0.0,0.0,0.0,0.0,0.0,0.0,0.0,0.0,0.6394088476674207,475,45257.26709999992,37,10418.281400000002,4,23943.007299999997,4,10145.557,2,1588.5612,-3104.5446,37.5,0,0,542,542,5 + government bonds,sumsy,8,-1.4551915228366852e-11
23,512,4,4,67606.25660000001,0.0,3578.235200000001,0.0,3530.498900000001,,3530.498900000001,0.0,0.0,0.0,0.0,0.0,0.0025,530.2552,0.0,0.0,1.0,442.24659999999966,0.0,0.0,0.0,1.0,0.0,0.0,1.0,0.0,0,0,32.3737281999264,4.464723436835557,36.83845163676195,27.729609524924783,4.333649082241647,32.063258607166425,2471.1916000000074,2500.0925999999918,2471.1916000000074,0.0,0,0,0.0,0.0,0.0,1.0,1.0,0.0,0.0,0.0,0.0,0.5,0.25,0.0,-194.23926574522594,0.0,0,2560.0,1070.147500000001,0.0,533.4674000000006,0.0,0.0,0.0,0.0,0.0,16,597.7571,2560.0,1070.147500000001,533.4674000000006,271.0,0.0,0.0,0.015,3.891150697674418,4.5654118959107945,3.2187384374999986,NaN,3.0894840148099076,4.153447299837261,1076.0,1075.0,538.0,2045.3333333333335,1538.0,204.0,127,0,0,0,52,38.0,2048.0,46571.64459999994,4705.3757,10276.0949,220,548,0,37,0.37525799442370067,0.40317464851702756,0.4184014321078666,0,6667.460099999999,4182.986999999999,52,0,640.0,0,0,0,0.0,0,0.0,55512.2313,0.0,0,0,0,1.5,0,0.0,0,0,0.0,0,0.0,0,0,2059.992599999999,256.0,4925.1291,2,0.0,0.0,NaN,5120.0,NaN,NaN,0,0,0.0,0,0.0,NaN,0,NaN,0,0,0,0.0,0.0,0.0,0.0,0.0,0.0,0.0,0.0,0,0,0,0,127,0.0,0,0,0.0,0,0.0,0.0,0.0,0.0,0.0,0.0,0.0,0.0,0.0,0.0,0.6417101977607933,475,45077.25899999995,37,10434.972300000001,4,25207.6394,4,10447.2441,2,1551.8271,-3000.243700000001,37.5,0,0,538,538,5 + government bonds,sumsy,8,-1.4551915228366852e-11
24,512,4,4,69066.10510000002,0.0,3433.3844999999997,0.0,3416.5080999999996,,3416.5080999999996,0.0,0.0,0.0,0.0,0.0,0.0025,544.8335,0.0,0.0,1.0,436.5854999999997,0.0,0.0,0.0,1.0,0.0,0.0,1.0,0.0,0,0,33.18603865128052,4.375782069082196,37.56182072036272,28.054225875517417,4.319976962751785,32.374202838269206,2447.9262000000003,2471.191599999995,2447.9262000000003,0.0,0,0,0.0,0.0,0.0,1.0,1.0,0.0,0.0,0.0,0.0,0.5,0.25,0.0,-214.64403319158936,0.0,0,2560.0,1100.1515000000002,0.0,548.3276000000002,0.0,0.0,0.0,0.0,0.0,13,604.63,2560.0,1100.1515000000002,548.3276000000002,271.0,0.0,0.0,0.015,3.999343561643839,4.522167657992566,3.3084079687499988,NaN,3.336899160129439,4.169579048637868,1076.0,1095.0,538.0,2048.0,1538.0,204.0,127,0,0,2,62,49.0,2048.0,46592.980299999974,5684.467700000001,10657.4764,220,548,0,37,0.3740224696541159,0.40431823572168235,0.412552474032724,0,7047.621699999998,4379.281200000004,62,0,640.0,0,0,0,0.0,0,0.0,55475.159999999996,0.0,0,0,0,1.5,0,0.0,0,0,0.0,0,0.0,0,0,2117.381099999999,256.0,4981.7172,2,0.0,0.0,NaN,5120.0,NaN,NaN,0,0,0.0,0,0.0,NaN,0,NaN,0,0,0,0.0,0.0,0.0,0.0,0.0,0.0,0.0,0.0,0,0,0,0,127,0.0,0,0,0.0,0,0.0,0.0,0.0,0.0,0.0,0.0,0.0,0.0,0.0,0.0,0.6471026621362475,475,44969.063799999974,37,10506.0962,4,26217.5913,4,10817.2156,2,1505.3673,-2871.6745999999994,37.5,0,0,538,538,5 + government bonds,sumsy,8,-1.4551915228366852e-11
25,512,4,4,70496.16729999996,0.0,3300.8703999999993,0.0,3300.8703999999993,,3300.8703999999993,0.0,0.0,0.0,0.0,0.0,0.0025,559.3631,0.0,0.0,1.0,448.7286000000003,0.0,0.0,0.0,1.0,0.0,0.0,1.0,0.0,0,0,32.259134474477875,4.2136275260934415,36.472762000571315,26.932887837311505,4.148042743393861,31.080930580705363,2548.3990999999914,2447.9261999999803,2548.3990999999914,0.0,0,0,0.0,0.0,0.0,1.0,1.0,0.0,0.0,0.0,0.0,0.5,0.25,0.0,-234.17703949544688,0.0,0,2560.0,1129.9378000000002,0.0,563.1004999999999,0.0,0.0,0.0,0.0,0.0,13,607.9774,2560.0,1129.9378000000002,563.1004999999999,271.0,0.0,0.0,0.015,4.099612897016367,4.682807948243977,3.4233595312500014,NaN,3.383539106832774,4.165897364491203,1082.0,1039.0,541.0,2045.3333333333333,1544.0,204.0,125,0,0,2,37,29.0,2048.0,46742.32130000002,6613.9111,10904.4453,220,548,0,37,0.37123023096065033,0.4017848737701146,0.40901136124353754,0,7136.222800000008,4259.497800000006,37,0,640.0,0,0,0,0.0,0,0.0,55571.72370000004,0.0,0,0,0,1.5,0,0.0,0,0,0.0,0,0.0,0,0,2190.950100000001,256.0,5068.1491000000005,2,0.0,0.0,NaN,5120.0,NaN,NaN,0,0,0.0,0,0.0,NaN,0,NaN,0,0,0,0.0,0.0,0.0,0.0,0.0,0.0,0.0,0.0,0,0,0,0,125,0.0,0,0,0.0,0,0.0,0.0,0.0,0.0,0.0,0.0,0.0,0.0,0.0,0.0,0.6495456196449898,475,45027.61759999999,37,10544.106099999999,4,27163.911099999998,4,11052.7745,2,1455.6834000000001,-2741.5072999999993,37.5,0,0,541,541,5 + government bonds,sumsy,8,-1.4551915228366852e-11
26,512,4,4,71897.58119999997,0.0,3182.5872999999997,0.0,3182.5872999999997,,3182.5872999999997,0.0,0.0,0.0,0.0,0.0,0.0025,573.2855,0.0,0.0,1.0,459.9740999999996,0.0,0.0,0.0,1.0,0.0,0.0,1.0,0.0,0,0,31.863467033003463,4.072828822638176,35.93629585564164,26.304334561482317,4.04196842448532,30.346302985967636,2541.1776000000064,2548.399099999999,2541.1776000000064,0.0,0,0,0.0,0.0,0.0,1.0,1.0,0.0,0.0,0.0,0.0,0.5,0.25,0.0,-253.07146908103473,0.0,0,2560.0,1158.586099999999,0.0,577.2903999999997,0.0,0.0,0.0,0.0,0.0,13,610.4941,2560.0,1158.586099999999,577.2903999999997,271.0,0.0,0.0,0.015,4.105306603773585,4.757396610169503,3.553209843750005,NaN,3.3745536310445687,4.040920443556466,1062.0,1060.0,531.0,2045.3333333333333,1524.0,204.0,129,0,0,1,37,29.0,2048.0,46622.76390000003,7646.9865,11166.173099999998,220,548,0,37,0.36987929046940726,0.40146690041438005,0.4137910510167462,0,7057.546000000002,4351.625,37,0,640.0,0,0,0,0.0,0,0.0,55416.264,0.0,0,0,0,1.5,0,0.0,0,0,0.0,0,0.0,0,0,2274.054300000003,256.0,5277.8781,2,0.0,0.0,NaN,5120.0,NaN,NaN,0,0,0.0,0,0.0,NaN,0,NaN,0,0,0,0.0,0.0,0.0,0.0,0.0,0.0,0.0,0.0,0,0,0,0,129,0.0,0,0,0.0,0,0.0,0.0,0.0,0.0,0.0,0.0,0.0,0.0,0.0,0.0,0.6544677647138464,475,44887.843499999995,37,10528.420500000002,4,28196.986500000003,4,11303.092299999998,2,1405.1689000000001,-2609.3017999999997,37.5,0,0,531,531,5 + government bonds,sumsy,8,-1.4551915228366852e-11
27,512,4,4,73271.0248,0.0,3049.1962000000003,0.0,3049.1962000000003,,3049.1962000000003,0.0,0.0,0.0,0.0,0.0,0.0025,586.8622,0.0,0.0,1.0,460.6167000000001,0.0,0.0,0.0,1.0,0.0,0.0,1.0,0.0,0,0,31.455464342540516,4.4184806149156595,35.873944957456175,25.406622826834468,4.350859623658731,29.7574824504932,2514.924300000002,2541.177599999999,2514.924300000002,0.0,0,0,0.0,0.0,0.0,1.0,1.0,0.0,0.0,0.0,0.0,0.5,0.25,0.0,-273.79389073928627,0.0,0,2560.0,1186.556399999999,0.0,591.1406999999992,0.0,0.0,0.0,0.0,0.0,11,613.461,2560.0,1186.556399999999,591.1406999999992,271.0,0.0,0.0,0.015,4.131882551594743,4.7168383018867965,3.655389843750002,NaN,3.4506292603657736,4.190426318299268,1060.0,1066.0,530.0,2046.6666666666667,1522.0,204.0,131,0,0,1,44,28.0,2048.0,46498.77509999998,8654.1659,11482.912400000001,220,548,0,37,0.3608907828007961,0.39453789838120423,0.42115361845860133,0,7169.485999999999,4404.586799999996,44,0,640.0,0,0,0,0.0,0,0.0,55256.37270000002,0.0,0,0,0,1.5,0,0.0,0,0,0.0,0,0.0,0,0,2339.449500000001,256.0,5434.8482,2,0.0,0.0,NaN,5120.0,NaN,NaN,0,0,0.0,0,0.0,NaN,0,NaN,0,0,0,0.0,0.0,0.0,0.0,0.0,0.0,0.0,0.0,0,0,0,0,131,0.0,0,0,0.0,0,0.0,0.0,0.0,0.0,0.0,0.0,0.0,0.0,0.0,0.0,0.6557350054560136,475,44771.97490000003,37,10484.3978,4,29204.1659,4,11608.4216,2,1355.1045,-2462.3340000000003,37.5,0,0,530,530,5 + government bonds,sumsy,8,-1.4551915228366852e-11
28,512,4,4,74616.32580000006,0.0,2904.2245,0.0,2904.2245,,2904.2245,0.0,0.0,0.0,0.0,0.0,0.0025,600.5228,0.0,0.0,1.0,463.59510000000023,0.0,0.0,0.0,1.0,0.0,0.0,1.0,0.0,0,0,31.75596166714033,4.050208607224511,35.80617027436484,25.192056721861142,3.9900307013642102,29.18208742322535,2560.9836000000064,2514.9242999999924,2560.9836000000064,0.0,0,0,0.0,0.0,0.0,1.0,1.0,0.0,0.0,0.0,0.0,0.5,0.25,0.0,-295.49849073928635,0.0,0,2560.0,1214.6989999999996,0.0,605.0733999999993,0.0,0.0,0.0,0.0,0.0,10,616.1178,2560.0,1214.6989999999996,605.0733999999993,271.0,0.0,0.0,0.015,4.163705524344569,4.776704690431532,3.7891832812500015,NaN,3.4995576062100255,4.27403840837733,1066.0,1068.0,533.0,2046.6666666666667,1528.0000000000002,204.0,128,0,0,2,43,31.0,2048.0,46346.98509999996,9606.5089,11847.7002,220,548,0,37,0.36052290402667,0.39599002041863995,0.42217401223048445,0,7267.6645,4446.8375,43,0,640.0,0,0,0,0.0,0,0.0,55068.680099999976,0.0,0,0,0,1.5,0,0.0,0,0,0.0,0,0.0,0,0,2425.077300000001,256.0,5598.491,2,0.0,0.0,NaN,5120.0,NaN,NaN,0,0,0.0,0,0.0,NaN,0,NaN,0,0,0,0.0,0.0,0.0,0.0,0.0,0.0,0.0,0.0,0,0,0,0,128,0.0,0,0,0.0,0,0.0,0.0,0.0,0.0,0.0,0.0,0.0,0.0,0.0,0.0,0.66128540647081,475,44438.98639999994,37,10629.693700000002,4,30156.5089,4,11961.7994,2,1304.73,-2303.7016999999996,37.5,0,0,533,533,5 + government bonds,sumsy,8,-1.4551915228366852e-11
29,512,4,4,75934.32309999997,0.0,2748.4581000000003,0.0,2748.4581000000003,,2748.4581000000003,0.0,0.0,0.0,0.0,0.0,0.0025,613.755,0.0,0.0,1.0,467.17019999999945,0.0,0.0,0.0,1.0,0.0,0.0,1.0,0.0,0,0,31.43314484136859,3.94785316663412,35.38099800800271,25.125427521442457,3.826861298487243,28.952288819929702,2576.1744000000017,2560.983600000013,2576.1744000000017,0.0,0,0,0.0,0.0,0.0,1.0,1.0,0.0,0.0,0.0,0.0,0.5,0.25,0.0,-317.9122841762969,0.0,0,2560.0,1242.0027,0.0,618.5857,0.0,0.0,0.0,0.0,0.0,9,618.6537000000001,2560.0,1242.0027,618.5857,271.0,0.0,0.0,0.015,4.198662581244202,4.805205253283305,3.9210676562499933,NaN,3.541153027812899,4.330117553012492,1066.0,1077.0,533.0,2045.3333333333333,1528.0,204.0,129,0,0,1,44,41.0,2048.0,46107.007900000004,10580.5105,12229.771,220,548,0,37,0.36252471646964035,0.39544845622056823,0.42512094127716127,0,7336.053699999998,4521.959600000006,44,0,640.0,0,0,0,0.0,0,0.0,54792.80050000002,0.0,0,0,0,1.5,0,0.0,0,0,0.0,0,0.0,0,0,2509.483299999996,256.0,5784.625,2,0.0,0.0,NaN,5120.0,NaN,NaN,0,0,0.0,0,0.0,NaN,0,NaN,0,0,0,0.0,0.0,0.0,0.0,0.0,0.0,0.0,0.0,0,0,0,0,129,0.0,0,0,0.0,0,0.0,0.0,0.0,0.0,0.0,0.0,0.0,0.0,0.0,0.0,0.6661318978741184,475,44259.2999,37,10533.500600000001,4,31130.510499999997,4,12332.4602,2,1254.2346,-2134.7031,37.5,0,0,533,533,5 + government bonds,sumsy,8,-1.4551915228366852e-11
30,512,4,4,77225.80660000003,0.0,2583.0004,0.0,2583.0004,,2583.0004,0.0,0.0,0.0,0.0,0.0,0.0025,626.5677,0.0,0.0,1.0,471.09209999999996,0.0,0.0,0.0,1.0,0.0,0.0,1.0,0.0,0,0,31.0720993316052,4.049741485579674,35.121840817184875,24.511509055785012,3.963446032400223,28.474955088185236,2625.328599999986,2576.1743999999826,2625.328599999986,0.0,0,0,0.0,0.0,0.0,1.0,1.0,0.0,0.0,0.0,0.0,0.5,0.25,0.0,-340.7070004400763,0.0,0,2560.0,1268.5164999999995,0.0,631.6947000000002,0.0,0.0,0.0,0.0,0.0,8,620.9168,2560.0,1268.5164999999995,631.6947000000002,271.0,0.0,0.0,0.015,4.263435714285715,4.879118878504647,4.042332812500002,NaN,3.596377833952748,4.415866957272527,1070.0,1092.0,535.0,2046.6666666666667,1532.0,204.0,129,0,0,0,60,49.0,2048.0,45765.78969999997,11538.1578,12706.825700000001,220,548,0,37,0.3582755070764878,0.39449206327540853,0.42626026021681795,0,7442.0046999999995,4655.671800000001,60,0,640.0,0,0,0,0.0,0,0.0,54415.679999999986,0.0,0,0,0,1.5,0,0.0,0,0,0.0,0,0.0,0,0,2587.0930000000017,256.0,5967.5489,2,0.0,0.0,NaN,5120.0,NaN,NaN,0,0,0.0,0,0.0,NaN,0,NaN,0,0,0,0.0,0.0,0.0,0.0,0.0,0.0,0.0,0.0,0,0,0,0,129,0.0,0,0,0.0,0,0.0,0.0,0.0,0.0,0.0,0.0,0.0,0.0,0.0,0.0,0.6711217211102865,475,43854.6688,37,10561.011200000003,4,32088.1578,4,12798.104899999998,2,1203.4664,-1956.4326999999998,37.5,0,0,535,535,5 + government bonds,sumsy,8,-1.4551915228366852e-11
31,512,4,4,78490.7005,0.0,2412.6791000000003,0.0,2412.6791000000003,,2412.6791000000003,0.0,0.0,0.0,0.0,0.0,0.0025,639.4623,0.0,0.0,1.0,478.3595999999997,0.0,0.0,0.0,1.0,0.0,0.0,1.0,0.0,0,0,30.607369432951955,3.814384783435171,34.42175421638713,23.911620508584306,3.709298312853834,27.620918821438142,2650.0856000000053,2625.3285999999775,2650.0856000000053,0.0,0,0,0.0,0.0,0.0,1.0,1.0,0.0,0.0,0.0,0.0,0.5,0.25,0.0,-362.8198972184093,0.0,0,2560.0,1295.1060999999995,0.0,644.8563000000004,0.0,0.0,0.0,0.0,0.0,7,622.5046,2560.0,1295.1060999999995,644.8563000000004,271.0,0.0,0.0,0.015,4.315639905660376,4.879788148148158,4.188639843749999,NaN,3.646831509171769,4.503244533951182,1080.0,1060.0,540.0,2048.0,1542.0,204.0,126,0,0,1,45,41.0,2048.0,45532.77429999998,12503.9994,13034.3151,220,548,0,37,0.3574697745203004,0.394062769269766,0.4260626306453932,0,7560.064300000004,4574.578299999998,45,0,640.0,0,0,0,0.0,0,0.0,54146.76209999998,0.0,0,0,0,1.5,0,0.0,0,0,0.0,0,0.0,0,0,2680.7294999999995,256.0,6157.6448,2,0.0,0.0,NaN,5120.0,NaN,NaN,0,0,0.0,0,0.0,NaN,0,NaN,0,0,0,0.0,0.0,0.0,0.0,0.0,0.0,0.0,0.0,0,0,0,0,126,0.0,0,0,0.0,0,0.0,0.0,0.0,0.0,0.0,0.0,0.0,0.0,0.0,0.0,0.6755896270976092,475,43573.364100000006,37,10573.397999999997,4,33053.9994,4,13114.1843,2,1152.0228,-1773.2168000000001,37.5,0,0,540,540,5 + government bonds,sumsy,8,-1.4551915228366852e-11
32,512,4,4,79729.83830000006,0.0,2235.6877000000004,0.0,2235.6877000000004,,2235.6877000000004,0.0,0.0,0.0,0.0,0.0,0.0025,651.9173,0.0,0.0,1.0,484.2143999999998,0.0,0.0,0.0,1.0,0.0,0.0,1.0,0.0,0,0,30.071782890016426,3.6582535260306805,33.730036416047106,23.45327493216751,3.513180863288858,26.96645579545637,2637.788000000007,2650.085599999993,2637.788000000007,0.0,0,0,0.0,0.0,0.0,1.0,1.0,0.0,0.0,0.0,0.0,0.5,0.25,0.0,-384.5638047055964,0.0,0,2560.0,1320.8621999999996,0.0,657.5933000000007,0.0,0.0,0.0,0.0,0.0,6,623.9493,2560.0,1320.8621999999996,657.5933000000007,271.0,0.0,0.0,0.015,4.333605658627086,4.9115880149812865,4.340157031249999,NaN,3.7230666649771917,4.591940288361703,1068.0,1078.0,534.0,2046.6666666666667,1530.0,204.0,129,0,0,2,52,45.0,2048.0,45189.497499999976,13478.0601,13426.4893,220,548,0,37,0.3591617242315608,0.3944180959618011,0.4544452395627441,0,7639.8358,4671.626899999998,52,0,640.0,0,0,0,0.0,0,0.0,53767.583,0.0,0,0,0,1.5,0,0.0,0,0,0.0,0,0.0,0,0,2777.700499999999,256.0,6359.9248,2,0.0,0.0,NaN,5120.0,NaN,NaN,0,0,0.0,0,0.0,NaN,0,NaN,0,0,0,0.0,0.0,0.0,0.0,0.0,0.0,0.0,0.0,0,0,0,0,129,0.0,0,0,0.0,0,0.0,0.0,0.0,0.0,0.0,0.0,0.0,0.0,0.0,0.0,0.6808587106219524,475,43246.767799999994,37,10520.8152,4,34028.0601,4,13494.948499999999,2,1100.4363,-1583.7704000000003,37.5,0,0,534,534,5 + government bonds,sumsy,8,-1.4551915228366852e-11
33,512,4,4,80944.62600000005,0.0,2047.8577999999998,0.0,2047.8577999999998,,2047.8577999999998,0.0,0.0,0.0,0.0,0.0,0.0025,663.6723,0.0,0.0,1.0,486.2289000000003,0.0,0.0,0.0,1.0,0.0,0.0,1.0,0.0,0,0,29.892220539390483,3.788992652645271,33.68121319203575,22.729058486090608,3.6945277747446235,26.423586260835233,2683.7308000000116,2637.7879999999964,2683.7308000000116,0.0,0,0,0.0,0.0,0.0,1.0,1.0,0.0,0.0,0.0,0.0,0.5,0.25,0.0,-406.70536114897936,0.0,0,2560.0,1345.2123000000013,0.0,669.6278000000007,0.0,0.0,0.0,0.0,0.0,2,625.7040999999999,2560.0,1345.2123000000013,669.6278000000007,271.0,0.0,0.0,0.015,4.382301858736057,4.960466171003739,4.469509687499994,NaN,3.772822445750738,4.69319512561581,1076.0,1076.0,538.0,2045.3333333333335,1538.0000000000002,204.0,126,0,0,0,57,40.0,2048.0,44838.50789999998,14410.6518,13847.8655,220,548,0,37,0.35317393836795996,0.3922561444526065,0.4432589010268122,0,7754.114200000004,4715.356799999998,57,0,640.0,0,0,0,0.0,0,0.0,53380.691100000004,0.0,0,0,0,1.5,0,0.0,0,0,0.0,0,0.0,0,0,2860.486199999996,256.0,6558.2244,2,0.0,0.0,NaN,5120.0,NaN,NaN,0,0,0.0,0,0.0,NaN,0,NaN,0,0,0,0.0,0.0,0.0,0.0,0.0,0.0,0.0,0.0,0,0,0,0,126,0.0,0,0,0.0,0,0.0,0.0,0.0,0.0,0.0,0.0,0.0,0.0,0.0,0.0,0.684816265728692,475,42750.02479999997,37,10630.666299999999,4,34960.6518,4,13904.9147,2,1049.1598,-1384.1854999999998,37.5,0,0,538,538,5 + government bonds,sumsy,8,-1.4551915228366852e-11
34,512,4,4,82134.9298,0.0,1858.9488000000001,0.0,1858.9488000000001,,1858.9488000000001,0.0,0.0,0.0,0.0,0.0,0.0025,678.9594,0.0,0.0,1.0,491.6960999999998,0.0,0.0,0.0,1.0,0.0,0.0,1.0,0.0,0,0,29.365383234127084,4.034356869460912,33.399740103587995,21.761985881085906,3.9297062088955075,25.691692089981412,2694.4564000000137,2683.7308000000007,2694.4564000000137,0.0,0,0,0.0,0.0,0.0,1.0,1.0,0.0,0.0,0.0,0.0,0.5,0.25,0.0,-427.18416114897923,0.0,0,2560.0,1369.6961999999999,0.0,681.7028999999998,0.0,0.0,0.0,0.0,0.0,0,626.6449,2560.0,1369.6961999999999,681.7028999999998,271.0,0.0,0.0,0.015,4.462407649769587,4.971162152133606,4.581452812500001,NaN,3.9326655639936097,6.365436790231792,1078.0,1085.0,539.0,2048.0,1540.0,204.0,127,0,0,1,60,42.0,2048.0,44552.7204,15221.6105,14313.1767,220,548,0,37,0.33913296096462875,0.3839923605751645,0.4358709467155182,0,8013.7920999999915,4841.712300000002,60,0,640.0,0,0,0,0.0,0,0.0,53059.00100000001,0.0,0,0,0,1.5,0,0.0,0,0,0.0,0,0.0,0,0,2932.1298000000006,256.0,6741.8179,2,0.0,0.0,NaN,5120.0,NaN,NaN,0,0,0.0,0,0.0,NaN,0,NaN,0,0,0,0.0,0.0,0.0,0.0,0.0,0.0,0.0,0.0,0,0,0,0,127,0.0,0,0,0.0,0,0.0,0.0,0.0,0.0,0.0,0.0,0.0,0.0,0.0,0.0,0.6854299318610451,475,42376.231500000016,37,10682.7695,4,35771.610499999995,4,14358.8159,2,997.0693,-1179.9894000000002,37.5,0,0,539,539,5 + government bonds,sumsy,8,-1.4551915228366852e-11
35,512,4,4,83300.83749999997,0.0,1670.0398,0.0,1670.0398,,1670.0398,0.0,0.0,0.0,0.0,0.0,0.0025,695.1661,0.0,0.0,1.0,500.6822999999996,0.0,0.0,0.0,1.0,0.0,0.0,1.0,0.0,0,0,29.505465443678325,3.6792215241378825,33.184686967816205,22.092941856217138,3.5046571382461953,25.597598994463333,2769.244800000002,2694.4564000000178,2769.244800000002,0.0,0,0,0.0,0.0,0.0,1.0,1.0,0.0,0.0,0.0,0.0,0.5,0.25,0.0,-445.77406114897906,0.0,0,2560.0,1394.0923000000012,0.0,693.7672000000006,0.0,0.0,0.0,0.0,0.0,0,627.0142000000001,2560.0,1394.0923000000012,693.7672000000006,271.0,0.0,0.0,0.015,4.693386187322614,5.072274033149175,4.749415000000006,NaN,4.289184779266246,11.608907340696001,1086.0,1057.0,543.0,2046.6666666666667,1548.0,204.0,124,0,0,0,44,31.0,2048.0,44621.37400000004,15598.6875,14814.805299999998,220,548,0,37,0.34451473959857415,0.386524597932133,0.43967190455771443,0,8595.306499999999,4960.909200000003,44,0,640.0,0,0,0,0.0,0,0.0,53091.75200000001,0.0,0,0,0,1.5,0,0.0,0,0,0.0,0,0.0,0,0,3039.625600000004,256.0,6943.7904,2,0.0,0.0,NaN,5120.0,NaN,NaN,0,0,0.0,0,0.0,NaN,0,NaN,0,0,0,0.0,0.0,0.0,0.0,0.0,0.0,0.0,0.0,0,0,0,0,124,0.0,0,0,0.0,0,0.0,0.0,0.0,0.0,0.0,0.0,0.0,0.0,0.0,0.0,0.6889251048079603,475,42433.02730000004,37,10658.724699999999,4,36148.6875,4,14849.0345,2,944.4073000000001,-974.8737,37.5,0,0,543,543,5 + government bonds,sumsy,8,-1.4551915228366852e-11
36,512,4,4,84443.7248,0.0,1485.5268999999996,0.0,1485.5268999999996,,1485.5268999999996,0.0,0.0,0.0,0.0,0.0,0.0025,698.6467,0.0,0.0,1.0,526.5953999999999,0.0,0.0,0.0,1.0,0.0,0.0,1.0,0.0,0,0,28.340609777621346,3.61606263665555,31.9566724142769,21.318491748270176,3.500992492010354,24.81948424028053,2826.0283000000136,2769.2447999999786,2826.0283000000136,0.0,0,0,0.0,0.0,0.0,1.0,1.0,0.0,0.0,0.0,0.0,0.5,0.25,0.0,-461.716259063929,0.0,0,2560.0,1417.1127000000008,0.0,705.2536,0.0,0.0,0.0,0.0,0.0,4,626.8794,2560.0,1417.1127000000008,705.2536,271.0,0.0,0.0,0.015,4.824953514526709,5.264097940074932,4.908165156249998,NaN,4.426333549161791,12.029710065882808,1068.0,1067.0,534.0,2048.0,1530.0,204.0,129,0,0,2,45,31.0,2048.0,44537.6489,16036.273,15380.502,220,548,0,37,0.3433624305468985,0.38836009393354964,0.4610590557535621,0,8730.18250000002,5148.225399999998,45,0,640.0,0,0,0,0.0,0,0.0,52972.124500000005,0.0,0,0,0,1.5,0,0.0,0,0,0.0,0,0.0,0,0,3141.2256999999986,256.0,7163.7748,2,0.0,0.0,NaN,5120.0,NaN,NaN,0,0,0.0,0,0.0,NaN,0,NaN,0,0,0,0.0,0.0,0.0,0.0,0.0,0.0,0.0,0.0,0,0,0,0,129,0.0,0,0,0.0,0,0.0,0.0,0.0,0.0,0.0,0.0,0.0,0.0,0.0,0.0,0.6928519317281678,475,42270.837799999994,37,10701.286700000004,4,36586.273,4,15403.3212,2,891.2411,-786.8801999999996,37.5,0,0,534,534,5 + government bonds,sumsy,8,-1.4551915228366852e-11
37,512,4,4,85563.64360000014,0.0,1316.5258999999999,0.0,1316.5258999999999,,1316.5258999999999,0.0,0.0,0.0,0.0,0.0,0.0025,709.8094,0.0,0.0,1.0,541.3598999999996,0.0,0.0,0.0,1.0,0.0,0.0,1.0,0.0,0,0,27.942271439176455,3.383963517474067,31.326234956650524,20.806825674985667,3.3340126146129103,24.14083828959858,2902.881800000015,2826.0282999999986,2902.881800000015,0.0,0,0,0.0,0.0,0.0,1.0,1.0,0.0,0.0,0.0,0.0,0.5,0.25,0.0,-473.43062263800783,0.0,0,2560.0,1440.0811999999994,0.0,716.6316999999998,0.0,0.0,0.0,0.0,0.0,7,626.1632,2560.0,1440.0811999999994,716.6316999999998,271.0,0.0,0.0,0.015,4.926685887850464,5.418164727955,5.076790937500008,NaN,4.491246499343311,11.907743305112685,1066.0,1070.0,533.0,2045.3333333333335,1528.0,204.0,129,0,0,1,50,28.0,2048.0,44320.42859999999,16502.0976,15959.9791,220,548,0,37,0.34217686920112533,0.3909456444673236,0.4412021221917197,0,8825.105999999983,5271.553899999997,50,0,640.0,0,0,0,0.0,0,0.0,52719.001800000005,0.0,0,0,0,1.5,0,0.0,0,0,0.0,0,0.0,0,0,3249.146200000005,256.0,7445.1657,2,0.0,0.0,NaN,5120.0,NaN,NaN,0,0,0.0,0,0.0,NaN,0,NaN,0,0,0,0.0,0.0,0.0,0.0,0.0,0.0,0.0,0.0,0,0,0,0,129,0.0,0,0,0.0,0,0.0,0.0,0.0,0.0,0.0,0.0,0.0,0.0,0.0,0.0,0.6977511759847734,475,41916.796099999985,37,10802.205700000002,4,37052.0976,4,15971.388299999999,2,837.4936,-606.7164999999999,37.5,0,0,533,533,5 + government bonds,sumsy,8,-1.4551915228366852e-11
38,512,4,4,86660.73620000004,0.0,1149.7545999999998,0.0,1149.7545999999998,,1149.7545999999998,0.0,0.0,0.0,0.0,0.0,0.0025,720.8771,0.0,0.0,1.0,552.7737000000003,0.0,0.0,0.0,1.0,0.0,0.0,1.0,0.0,0,0,27.20625618976764,3.3331757245612317,30.53943191432887,20.091512993250557,3.297558574655927,23.389071567906484,2948.8994999999863,2902.881799999988,2948.8994999999863,0.0,0,0,0.0,0.0,0.0,1.0,1.0,0.0,0.0,0.0,0.0,0.5,0.25,0.0,-483.1664278301024,0.0,0,2560.0,1462.9074000000014,0.0,727.9270999999995,0.0,0.0,0.0,0.0,0.0,8,625.8444,2560.0,1462.9074000000014,727.9270999999995,271.0,0.0,0.0,0.015,5.025428492136906,5.4736930970149,5.238182499999989,NaN,4.5979671164385705,11.931737172802446,1072.0,1081.0,536.0,2046.6666666666667,1534.0,204.0,127,0,0,0,49,36.0,2048.0,44038.58960000002,16994.5422,16572.0586,220,548,0,37,0.3416575248962166,0.3915126314350239,0.458088208967782,0,9021.367300000014,5432.488199999995,49,0,640.0,0,0,0,0.0,0,0.0,52401.26049999999,0.0,0,0,0,1.5,0,0.0,0,0,0.0,0,0.0,0,0,3352.436799999993,256.0,7708.8243,2,0.0,0.0,NaN,5120.0,NaN,NaN,0,0,0.0,0,0.0,NaN,0,NaN,0,0,0,0.0,0.0,0.0,0.0,0.0,0.0,0.0,0.0,0,0,0,0,127,0.0,0,0,0.0,0,0.0,0.0,0.0,0.0,0.0,0.0,0.0,0.0,0.0,0.0,0.7019550626793067,475,41618.964600000014,37,10782.2959,4,37544.542199999996,4,16572.0586,2,784.1435999999999,-428.8774999999997,37.5,0,0,536,536,5 + government bonds,sumsy,8,-1.4551915228366852e-11
39,512,4,4,87735.78249999997,0.0,982.6093999999999,0.0,982.6093999999999,,982.6093999999999,0.0,0.0,0.0,0.0,0.0,0.0025,731.5681,0.0,0.0,1.0,563.8509,0.0,0.0,0.0,1.0,0.0,0.0,1.0,0.0,0,0,26.17487210195731,3.360134116306947,29.535006218264254,19.26718194270178,3.2956060122743436,22.562787954976123,3035.6752999999967,2948.899500000006,3035.6752999999967,0.0,0,0,0.0,0.0,0.0,1.0,1.0,0.0,0.0,0.0,0.0,0.5,0.25,0.0,-493.28556712630734,0.0,0,2560.0,1484.9537000000012,0.0,738.8407000000008,0.0,0.0,0.0,0.0,0.0,5,624.7067999999999,2560.0,1484.9537000000012,738.8407000000008,271.0,0.0,0.0,0.015,5.184133208606174,5.625093668528858,5.420406249999992,NaN,4.735824333865729,12.588467178081359,1074.0,1069.0,537.0,2048.0,1536.0,204.0,128,0,0,2,48,35.0,2048.0,43761.02409999998,17472.8482,17174.3848,220,548,0,37,0.33727351158024454,0.38693817868880176,0.4409637615963393,0,9248.155100000009,5541.838400000001,48,0,640.0,0,0,0,0.0,0,0.0,52087.792699999896,0.0,0,0,0,1.5,0,0.0,0,0,0.0,0,0.0,0,0,3469.059999999995,256.0,7971.2505,2,0.0,0.0,NaN,5120.0,NaN,NaN,0,0,0.0,0,0.0,NaN,0,NaN,0,0,0,0.0,0.0,0.0,0.0,0.0,0.0,0.0,0.0,0,0,0,0,128,0.0,0,0,0.0,0,0.0,0.0,0.0,0.0,0.0,0.0,0.0,0.0,0.0,0.0,0.7037842619429826,475,41359.079200000015,37,10728.713500000002,4,38022.8482,4,17174.3848,2,732.0556,-251.04129999999998,37.5,0,0,537,537,5 + government bonds,sumsy,8,-1.4551915228366852e-11
40,512,4,4,88789.2128,0.0,823.4024999999999,0.0,823.4024999999999,,823.4024999999999,0.0,0.0,0.0,0.0,0.0,0.0025,742.5603,0.0,0.0,1.0,581.6600999999998,0.0,0.0,0.0,1.0,0.0,0.0,1.0,0.0,0,0,25.36941323743866,3.3048217677099676,28.674235005148628,18.57298804702871,3.2517851252194934,21.824773172248204,3084.5503999999873,3035.675299999999,3084.5503999999873,0.0,0,0,0.0,0.0,0.0,1.0,1.0,0.0,0.0,0.0,0.0,0.5,0.25,0.0,-503.1115671263074,0.0,0,2560.0,1506.5696999999993,0.0,749.5345999999995,0.0,0.0,0.0,0.0,0.0,0,613.2656999999999,2560.0,1506.5696999999993,749.5345999999995,271.0,0.0,0.0,0.015,5.315354699248121,5.737477383177547,5.584773593749992,NaN,4.893228097914881,13.351524880973301,1070.0,1064.0,535.0,2045.3333333333335,1531.9999999999998,204.0,127,0,0,2,46,31.0,2048.0,43495.66960000004,17971.516900000002,17745.913800000002,220,548,0,37,0.33244819950816074,0.38432398315272165,0.4409143339057984,0,9475.934599999995,5655.5374,46,0,640.0,0,0,0,0.0,0,0.0,51786.537199999984,0.0,0,0,0,1.5,0,0.0,0,0,0.0,0,0.0,0,0,3574.2550999999944,256.0,8220.2865,2,0.0,0.0,NaN,5120.0,NaN,NaN,0,0,0.0,0,0.0,NaN,0,NaN,0,0,0,0.0,0.0,0.0,0.0,0.0,0.0,0.0,0.0,0,0,0,0,127,0.0,0,0,0.0,0,0.0,0.0,0.0,0.0,0.0,0.0,0.0,0.0,0.0,0.0,0.7063459500581211,475,41079.11460000004,37,10707.422599999998,4,38521.5169,4,17745.913800000002,2,681.6417,-80.84219999999993,37.5,0,0,535,535,5 + government bonds,sumsy,8,-1.4551915228366852e-11
41,512,4,4,89821.27310000005,0.0,681.8774000000001,0.0,681.8774000000001,,681.8774000000001,0.0,0.0,0.0,0.0,0.0,0.0025,764.8523,0.0,0.0,1.0,596.3838000000004,0.0,0.0,0.0,1.0,0.0,0.0,1.0,0.0,0,0,25.071820077316314,3.179979618337436,28.251799695653748,18.068638313490702,3.1790352584353867,21.24767357192609,3191.734999999995,3084.550399999994,3191.734999999995,0.0,0,0,0.0,0.0,0.0,1.0,1.0,0.0,0.0,0.0,0.0,0.5,0.25,0.0,-511.34536712630734,0.0,0,2560.0,1527.9396999999994,0.0,759.9698999999997,0.0,0.0,0.0,0.0,0.0,0,596.8,2560.0,1527.9396999999994,759.9698999999997,271.0,0.0,0.0,0.015,5.483478715596331,5.948941947565534,5.765251718750006,NaN,5.036489540689964,13.764294669416932,1068.0,1090.0,534.0,2045.3333333333333,1529.9999999999998,204.0,129,0,0,1,61,37.0,2048.0,43011.76090000004,18448.381800000003,18519.042999999998,220,548,0,37,0.33133427427305917,0.3881202505200343,0.45986850783757327,0,9695.267499999984,5976.991800000002,61,0,640.0,0,0,0,0.0,0,0.0,51273.156200000056,0.0,0,0,0,1.5,0,0.0,0,0,0.0,0,0.0,0,0,3689.761100000004,256.0,8480.4351,2,0.0,0.0,NaN,5120.0,NaN,NaN,0,0,0.0,0,0.0,NaN,0,NaN,0,0,0,0.0,0.0,0.0,0.0,0.0,0.0,0.0,0.0,0,0,0,0,129,0.0,0,0,0.0,0,0.0,0.0,0.0,0.0,0.0,0.0,0.0,0.0,0.0,0.0,0.7126960142133929,475,40429.66420000005,37,10843.492,4,38998.3818,4,18519.042999999998,2,637.4563,82.97489999999993,37.5,0,0,534,534,5 + government bonds,sumsy,8,-1.4551915228366852e-11
42,512,4,4,90832.36449999995,0.0,560.6904,0.0,560.6904,,560.6904,0.0,0.0,0.0,0.0,0.0,0.0025,796.664,0.0,0.0,1.0,615.2487000000001,0.0,0.0,0.0,1.0,0.0,0.0,1.0,0.0,0,0,24.237069888633965,3.1049418144936856,27.34201170312765,17.16037569988589,3.0870924754764943,20.247468175362386,3271.343099999993,3191.7349999999856,3271.343099999993,0.0,0,0,0.0,0.0,0.0,1.0,1.0,0.0,0.0,0.0,0.0,0.5,0.25,0.0,-518.1640671263073,0.0,0,2560.0,1548.9085999999993,0.0,770.1128000000003,0.0,0.0,0.0,0.0,0.0,0,588.7028,2560.0,1548.9085999999993,770.1128000000003,271.0,0.0,0.0,0.015,5.630767500000003,6.008013099630983,5.970466249999992,NaN,5.1694213746592865,13.850157841861158,1084.0,1080.0,542.0,2046.6666666666665,1546.0,204.0,125,0,0,1,53,41.0,2048.0,42571.93980000005,18925.887899999998,19185.2947,220,548,0,37,0.3259887812648925,0.38429342272757117,0.4272134893612862,0,9990.337699999995,6081.228900000003,53,0,640.0,0,0,0,0.0,0,0.0,50824.20000000006,0.0,0,0,0,1.5,0,0.0,0,0,0.0,0,0.0,0,0,3821.0983999999953,256.0,8763.8753,2,0.0,0.0,NaN,5120.0,NaN,NaN,0,0,0.0,0,0.0,NaN,0,NaN,0,0,0,0.0,0.0,0.0,0.0,0.0,0.0,0.0,0.0,0,0,0,0,125,0.0,0,0,0.0,0,0.0,0.0,0.0,0.0,0.0,0.0,0.0,0.0,0.0,0.0,0.7154019827848388,475,40007.14030000002,37,10817.0597,4,39475.8879,4,19185.2947,2,601.6403,235.97360000000003,37.5,0,0,542,542,5 + government bonds,sumsy,8,-1.4551915228366852e-11
43,512,4,4,91823.1822999999,0.0,461.1596,0.0,461.1596,,461.1596,0.0,0.0,0.0,0.0,0.0,0.0025,841.1345,0.0,0.0,1.0,631.7726999999998,0.0,0.0,0.0,1.0,0.0,0.0,1.0,0.0,0,0,23.040854398205397,3.1654139162949915,26.206268314500385,16.046461189680215,3.1348138318865497,19.181275021566766,3322.8488000000016,3271.343099999979,3322.8488000000016,0.0,0,0,0.0,0.0,0.0,1.0,1.0,0.0,0.0,0.0,0.0,0.5,0.25,0.0,-523.7709671263071,0.0,0,2560.0,1569.1822000000009,0.0,779.7839000000006,0.0,0.0,0.0,0.0,0.0,0,570.5110999999999,2560.0,1569.1822000000009,779.7839000000006,271.0,0.0,0.0,0.015,5.776191981132077,6.159867411545627,6.150423124999998,NaN,5.334925920247426,14.217803357648682,1074.0,1060.0,537.0,2046.6666666666667,1536.0,204.0,127,0,0,1,52,26.0,2048.0,42183.46389999992,19431.3428,19756.0095,220,548,0,37,0.3142055390725851,0.3743481898755163,0.4372633048826582,0,10201.037700000023,6122.763500000001,52,0,640.0,0,0,0,0.0,0,0.0,50433.46389999997,0.0,0,0,0,1.5,0,0.0,0,0,0.0,0,0.0,0,0,3936.270799999999,256.0,9040.7205,2,0.0,0.0,NaN,5120.0,NaN,NaN,0,0,0.0,0,0.0,NaN,0,NaN,0,0,0,0.0,0.0,0.0,0.0,0.0,0.0,0.0,0.0,0,0,0,0,127,0.0,0,0,0.0,0,0.0,0.0,0.0,0.0,0.0,0.0,0.0,0.0,0.0,0.0,0.7152724874987995,475,39736.559099999926,37,10696.904799999998,4,39981.3428,4,19756.0095,2,570.5110999999999,379.9749,37.5,0,0,537,537,5 + government bonds,sumsy,8,-1.4551915228366852e-11
44,512,4,4,92793.70900000003,0.0,382.0889000000001,0.0,382.0889000000001,,382.0889000000001,0.0,0.0,0.0,0.0,0.0,0.0025,897.1121,0.0,0.0,1.0,648.0876000000001,0.0,0.0,0.0,1.0,0.0,0.0,1.0,0.0,0,0,22.591248126925098,3.061657002609693,25.652905129534794,15.508846621236932,3.0210583031345104,18.529904924371444,3441.9384000000005,3322.848800000009,3441.9384000000005,0.0,0,0,0.0,0.0,0.0,1.0,1.0,0.0,0.0,0.0,0.0,0.5,0.25,0.0,-528.382567126307,0.0,0,2560.0,1589.4733,0.0,789.3326000000002,0.0,0.0,0.0,0.0,0.0,0,548.1783,2560.0,1589.4733,789.3326000000002,271.0,0.0,0.0,0.015,5.925848234200746,6.369773977695168,6.3722170312499955,NaN,5.4794523668940185,14.829697854990552,1076.0,1076.0,538.0,2046.6666666666667,1537.9999999999998,204.0,126,0,0,1,50,29.0,2048.0,41646.55609999999,19905.5686,20463.5127,220,548,0,37,0.3069978607117274,0.3699954850464555,0.4362956182881266,0,10444.81479999998,6376.212700000003,50,0,640.0,0,0,0,0.0,0,0.0,49896.55609999999,0.0,0,0,0,1.5,0,0.0,0,0,0.0,0,0.0,0,0,4078.218899999997,256.0,9332.781200000001,2,0.0,0.0,NaN,5120.0,NaN,NaN,0,0,0.0,0,0.0,NaN,0,NaN,0,0,0,0.0,0.0,0.0,0.0,0.0,0.0,0.0,0.0,0,0,0,0,126,0.0,0,0,0.0,0,0.0,0.0,0.0,0.0,0.0,0.0,0.0,0.0,0.0,0.0,0.7181900736373095,475,39228.00209999999,37,10668.554,4,40455.5686,4,20463.5127,2,548.1783,515.0232,37.5,0,0,538,538,5 + government bonds,sumsy,8,-1.4551915228366852e-11
45,512,4,4,93744.92760000001,0.0,312.2165,0.0,312.2165,,312.2165,0.0,0.0,0.0,0.0,0.0,0.0025,952.5799,0.0,0.0,1.0,664.8818999999994,0.0,0.0,0.0,1.0,0.0,0.0,1.0,0.0,0,0,21.675355755170653,3.1263590762991353,24.801714831469788,14.573460421658984,3.0962963659861438,17.669756787645127,3482.088599999999,3441.938399999984,3482.088599999999,0.0,0,0,0.0,0.0,0.0,1.0,1.0,0.0,0.0,0.0,0.0,0.5,0.25,0.0,-532.2033671263072,0.0,0,2560.0,1608.7814000000005,0.0,798.3943000000004,0.0,0.0,0.0,0.0,0.0,0,534.0853,2560.0,1608.7814000000005,798.3943000000004,271.0,0.0,0.0,0.015,6.0535063432835825,6.456403351955306,6.615573124999999,NaN,5.64129295044098,15.226978176875415,1074.0,1072.0,537.0,2046.6666666666667,1536.0000000000002,204.0,127,0,0,1,48,30.0,2048.0,41095.933400000016,20427.931099999998,21084.8587,220,548,0,37,0.29468323653869377,0.36349453391267184,0.4346762736555152,0,10694.144600000003,6489.3588,48,0,640.0,0,0,0,0.0,0,0.0,49345.93340000007,0.0,0,0,0,1.5,0,0.0,0,0,0.0,0,0.0,0,0,4233.966799999999,256.0,9649.5392,2,0.0,0.0,NaN,5120.0,NaN,NaN,0,0,0.0,0,0.0,NaN,0,NaN,0,0,0,0.0,0.0,0.0,0.0,0.0,0.0,0.0,0.0,0,0,0,0,127,0.0,0,0,0.0,0,0.0,0.0,0.0,0.0,0.0,0.0,0.0,0.0,0.0,0.0,0.7203198960126815,475,38705.62109999999,37,10640.3123,4,40977.9311,4,21084.8587,2,534.0853,640.3634,37.5,0,0,537,537,5 + government bonds,sumsy,8,-1.4551915228366852e-11
46,512,4,4,94676.77920000016,0.0,242.3444,0.0,242.3444,,242.3444,0.0,0.0,0.0,0.0,0.0,0.0025,1001.1149,0.0,0.0,1.0,679.2026999999994,0.0,0.0,0.0,1.0,0.0,0.0,1.0,0.0,0,0,21.304703672545198,3.011082313075731,24.31578598562093,13.701128556588284,2.991151067492336,16.69227962408062,3552.398199999986,3482.08860000002,3552.398199999986,0.0,0,0,0.0,0.0,0.0,1.0,1.0,0.0,0.0,0.0,0.0,0.5,0.25,0.0,-535.3256671263073,0.0,0,2560.0,1628.1484000000019,0.0,807.5450000000002,0.0,0.0,0.0,0.0,0.0,0,527.7987,2560.0,1628.1484000000019,807.5450000000002,271.0,0.0,0.0,0.015,6.200728505535057,6.611959252336423,6.847778281250006,NaN,5.804641478491988,15.7345120462979,1070.0,1084.0,535.0,2046.6666666666667,1532.0,204.0,128,0,0,0,54,36.0,2048.0,40413.1345,20923.2198,21835.209600000002,220,548,0,37,0.2874651576814784,0.3611063604483733,0.4365133724066783,0,10935.815699999981,6721.589700000002,54,0,640.0,0,0,0,0.0,0,0.0,48663.134499999884,0.0,0,0,0,1.5,0,0.0,0,0,0.0,0,0.0,0,0,4382.578100000004,256.0,9976.3017,2,0.0,0.0,NaN,5120.0,NaN,NaN,0,0,0.0,0,0.0,NaN,0,NaN,0,0,0,0.0,0.0,0.0,0.0,0.0,0.0,0.0,0.0,0,0,0,0,128,0.0,0,0,0.0,0,0.0,0.0,0.0,0.0,0.0,0.0,0.0,0.0,0.0,0.0,0.7247296825814245,475,37869.490700000024,37,10793.643799999998,4,41473.219800000006,4,21835.209600000002,2,527.7987,758.7705000000001,37.5,0,0,535,535,5 + government bonds,sumsy,8,-1.4551915228366852e-11
47,512,4,4,95589.96849999989,0.0,186.82609999999997,0.0,186.82609999999997,,186.82609999999997,0.0,0.0,0.0,0.0,0.0,0.0025,1054.3504,0.0,0.0,1.0,695.7216000000003,0.0,0.0,0.0,1.0,0.0,0.0,1.0,0.0,0,0,20.739088597145514,3.072853990676243,23.811942587821758,12.854756790527642,3.0643499298224333,15.919106720350076,3686.8132999999966,3552.3981999999883,3686.8132999999966,0.0,0,0,0.0,0.0,0.0,1.0,1.0,0.0,0.0,0.0,0.0,0.5,0.25,0.0,-537.7491671263072,0.0,0,2560.0,1646.8107000000011,0.0,816.2889000000008,0.0,0.0,0.0,0.0,0.0,0,526.9881,2560.0,1646.8107000000011,816.2889000000008,271.0,0.0,0.0,0.015,6.3954154981549785,6.812269573283853,7.0427713385826864,NaN,5.948454570338394,16.03789161272614,1078.0,1084.0,539.0,2048.0,1540.0,204.0,127,0,0,1,62,35.0,2048.0,39719.4469,21393.0789,22656.2807,220,548,0,37,0.2724708476403386,0.35421453530211133,0.43590502889728633,0,11218.276499999982,6932.630399999996,62,0,635.0,0,0,0,0.0,0,0.0,47969.44689999997,0.0,0,0,0,1.5,0,0.0,0,0,0.0,0,0.0,0,0,4472.159800000006,256.0,10239.823499999999,2,0.0,0.0,NaN,5120.0,NaN,NaN,0,0,0.0,0,0.0,NaN,0,NaN,0,0,0,0.0,0.0,0.0,0.0,0.0,0.0,0.0,0.0,0,0,0,0,127,0.0,0,0,0.0,0,0.0,0.0,0.0,0.0,0.0,0.0,0.0,0.0,0.0,0.0,0.7274321081586315,475,37125.90670000002,37,10843.540200000001,4,41943.0789,4,22656.2807,2,526.9881,867.5243,37.5,0,0,539,539,5 + government bonds,sumsy,8,-1.4551915228366852e-11
48,512,4,4,96484.45460000003,0.0,142.8879,0.0,142.8879,,142.8879,0.0,0.0,0.0,0.0,0.0,0.0025,1104.4898,0.0,0.0,1.0,717.5648999999997,0.0,0.0,0.0,1.0,0.0,0.0,1.0,0.0,0,0,19.798498403417323,3.0260044695979462,22.824502873015273,12.22015008680021,3.0259863806599334,15.246136467460145,3760.501500000005,3686.8132999999857,3760.501500000005,0.0,0,0,0.0,0.0,0.0,1.0,1.0,0.0,0.0,0.0,0.0,0.5,0.25,0.0,-539.6174671263071,0.0,0,2560.0,1665.5138999999974,0.0,825.0963999999988,0.0,0.0,0.0,0.0,0.0,0,527.5244,2560.0,1665.5138999999974,825.0963999999988,271.0,0.0,0.0,0.015,6.562207410881798,6.910519372693736,7.14613986710965,NaN,6.114611116144611,16.197223869350445,1084.0,1066.0,542.0,2046.6666666666665,1545.9999999999998,204.0,125,0,0,2,48,31.0,2048.0,39434.33500000003,21902.8637,23294.633,220,548,0,37,0.2735295424798443,0.3557033660137019,0.4301818548199974,0,11516.51460000002,6995.313099999997,48,0,602.0,0,0,0,0.0,0,0.0,47684.33500000004,0.0,0,0,0,1.5,0,0.0,0,0,0.0,0,0.0,0,0,4301.976200000009,256.0,10220.6087,2,0.0,0.0,NaN,5120.0,NaN,NaN,0,0,0.0,0,0.0,NaN,0,NaN,0,0,0,0.0,0.0,0.0,0.0,0.0,0.0,0.0,0.0,0,0,0,0,125,0.0,0,0,0.0,0,0.0,0.0,0.0,0.0,0.0,0.0,0.0,0.0,0.0,0.0,0.7311575091648821,475,36874.98030000003,37,10809.354699999998,4,42452.8637,4,23294.633,2,527.5244,961.6019000000001,37.5,0,0,542,542,5 + government bonds,sumsy,8,-1.4551915228366852e-11
49,512,4,4,97360.77300000016,0.0,109.74470000000001,0.0,109.74470000000001,,109.74470000000001,0.0,0.0,0.0,0.0,0.0,0.0025,1153.7114,0.0,0.0,1.0,736.2819000000003,0.0,0.0,0.0,1.0,0.0,0.0,1.0,0.0,0,0,19.22314845546021,2.947803958209969,22.17095241367018,11.535977562283117,2.933281704759452,14.469259267042569,3837.1126999999883,3760.501499999999,3837.1126999999883,0.0,0,0,0.0,0.0,0.0,1.0,1.0,0.0,0.0,0.0,0.0,0.5,0.25,0.0,-541.046267126307,0.0,0,2560.0,1683.681600000001,0.0,833.6329000000003,0.0,0.0,0.0,0.0,0.0,0,527.7698,2560.0,1683.681600000001,833.6329000000003,271.0,0.0,0.0,0.015,6.682924442379183,7.144135887850445,7.214605326460477,NaN,6.217659707246069,16.735429562535067,1070.0,1076.0,535.0,2045.3333333333333,1532.0,204.0,128,0,0,2,52,33.0,2048.0,39138.1824,22435.119099999996,24009.9121,220,548,0,37,0.25792360330075037,0.34527525413369187,0.44416343591342833,0,11594.868300000011,7190.8267000000005,52,0,582.0,0,0,0,0.0,0,0.0,47388.18239999999,0.0,0,0,0,1.5,0,0.0,0,0,0.0,0,0.0,0,0,4198.9002999999975,256.0,10096.0782,2,0.0,0.0,NaN,5120.0,NaN,NaN,0,0,0.0,0,0.0,NaN,0,NaN,0,0,0,0.0,0.0,0.0,0.0,0.0,0.0,0.0,0.0,0,0,0,0,128,0.0,0,0,0.0,0,0.0,0.0,0.0,0.0,0.0,0.0,0.0,0.0,0.0,0.0,0.7304870102783023,475,36600.00579999999,37,10788.1766,4,42985.119099999996,4,24009.9121,2,527.7698,1043.9667,37.5,0,0,535,535,5 + government bonds,sumsy,8,-1.4551915228366852e-11
50,512,4,4,98219.49379999981,0.0,85.16359999999999,0.0,85.16359999999999,,85.16359999999999,0.0,0.0,0.0,0.0,0.0,0.0025,1204.7199,0.0,0.0,1.0,749.8224000000005,0.0,0.0,0.0,1.0,0.0,0.0,1.0,0.0,0,0,18.681764350966652,2.9704130653561927,21.652177416322846,10.928729357744789,2.954229883678075,13.882959241422864,3928.8056000000083,3837.112699999984,3928.8056000000083,0.0,0,0,0.0,0.0,0.0,1.0,1.0,0.0,0.0,0.0,0.0,0.5,0.25,0.0,-542.143667126307,0.0,0,2560.0,1701.279199999998,0.0,841.8644999999998,0.0,0.0,0.0,0.0,0.0,0,527.9919,2560.0,1701.279199999998,841.8644999999998,271.0,0.0,0.0,0.015,6.794700739371535,7.261234879406324,7.110436263736264,NaN,6.272743802446889,16.846012482622715,1078.0,1082.0,539.0,2045.3333333333335,1540.0,204.0,126,0,0,1,53,39.0,2048.0,39132.617800000015,22964.7765,24724.7104,220,548,0,37,0.2510886159373229,0.3407457404746981,0.4259466364787807,0,11729.740900000003,7351.866200000001,53,0,546.0,0,0,0,0.0,0,0.0,47382.617800000015,0.0,0,0,0,1.5,0,0.0,0,0,0.0,0,0.0,0,0,3882.2982,256.0,9664.6773,2,0.0,0.0,NaN,5120.0,NaN,NaN,0,0,0.0,0,0.0,NaN,0,NaN,0,0,0,0.0,0.0,0.0,0.0,0.0,0.0,0.0,0.0,0,0,0,0,126,0.0,0,0,0.0,0,0.0,0.0,0.0,0.0,0.0,0.0,0.0,0.0,0.0,0.0,0.7304928063642449,475,36527.353,37,10855.2648,4,43514.77649999999,4,24724.7104,2,527.9919,1119.5563,37.5,0,0,539,539,5 + government bonds,sumsy,8,-1.4551915228366852e-11
51,512,4,4,99060.56670000004,0.0,64.1575,0.0,64.1575,,64.1575,0.0,0.0,0.0,0.0,0.0,0.0025,1253.694,0.0,0.0,1.0,762.3633000000004,0.0,0.0,0.0,1.0,0.0,0.0,1.0,0.0,0,0,18.223752575377176,2.9920221475301645,21.215774722907337,10.300427673564505,2.9673519704292164,13.267779643993721,3956.058500000014,3928.8056000000024,3956.058500000014,0.0,0,0,0.0,0.0,0.0,1.0,1.0,0.0,0.0,0.0,0.0,0.5,0.25,0.0,-542.995367126307,0.0,0,2560.0,1718.9270999999999,0.0,850.1404999999997,0.0,0.0,0.0,0.0,0.0,0,528.1258,2560.0,1718.9270999999999,850.1404999999997,271.0,0.0,0.0,0.015,6.865903133640549,7.3527210820895785,7.049670187393525,NaN,6.257644560815422,17.07257535728137,1072.0,1085.0,536.0,2046.6666666666665,1533.9999999999998,204.0,128,0,0,2,59,43.0,2048.0,38725.03559999996,23552.591400000005,25411.8046,220,548,0,37,0.23760768789729036,0.3318529420590264,0.430925190748936,0,11677.128299999998,7449.504899999995,59,0,587.0,0,0,0,0.0,0,0.0,46975.035599999974,0.0,0,0,0,1.5,0,0.0,0,0,0.0,0,0.0,0,0,4138.156399999999,256.0,9589.315299999998,2,0.0,0.0,NaN,5120.0,NaN,NaN,0,0,0.0,0,0.0,NaN,0,NaN,0,0,0,0.0,0.0,0.0,0.0,0.0,0.0,0.0,0.0,0,0,0,0,128,0.0,0,0,0.0,0,0.0,0.0,0.0,0.0,0.0,0.0,0.0,0.0,0.0,0.0,0.730985900381325,475,36174.91819999996,37,10800.117400000001,4,44102.591400000005,4,25411.8046,2,528.1258,1189.5365,37.5,0,0,536,536,5 + government bonds,sumsy,8,-1.4551915228366852e-11
52,512,4,4,99884.90490000002,0.0,43.151399999999995,0.0,43.151399999999995,,43.151399999999995,0.0,0.0,0.0,0.0,0.0,0.0025,1301.2644,0.0,0.0,1.0,770.3550000000006,0.0,0.0,0.0,1.0,0.0,0.0,1.0,0.0,0,0,17.954979212450628,2.894150481876782,20.84912969432741,10.147059332840799,2.857413530010198,13.004472862850998,3948.962499999991,3956.058500000008,3948.962499999991,0.0,0,0,0.0,0.0,0.0,1.0,1.0,0.0,0.0,0.0,0.0,0.5,0.25,0.0,-543.636967126307,0.0,0,2560.0,1735.6617999999964,0.0,857.9834999999985,0.0,0.0,0.0,0.0,0.0,0,528.1612,2560.0,1735.6617999999964,857.9834999999985,271.0,0.0,0.0,0.015,6.89969401309635,7.271649722735658,6.975006678383123,NaN,6.192287045505921,17.130392593596873,1082.0,1069.0,541.0,2045.3333333333335,1544.0000000000002,204.0,125,0,0,1,56,33.0,2048.0,38528.79050000001,24120.3523,25956.709499999997,220,548,0,37,0.2390032606093866,0.3322676249815675,0.4178927943550119,0,11643.167899999993,7375.772899999998,56,0,569.0,0,0,0,0.0,0,0.0,46778.79049999999,0.0,0,0,0,1.5,0,0.0,0,0,0.0,0,0.0,0,0,3968.778799999997,256.0,9449.627,2,0.0,0.0,NaN,5120.0,NaN,NaN,0,0,0.0,0,0.0,NaN,0,NaN,0,0,0,0.0,0.0,0.0,0.0,0.0,0.0,0.0,0.0,0,0,0,0,125,0.0,0,0,0.0,0,0.0,0.0,0.0,0.0,0.0,0.0,0.0,0.0,0.0,0.0,0.7337222057208641,475,36042.13670000001,37,10736.653800000004,4,44670.352300000006,4,25956.709499999997,2,528.1612,1258.113,37.5,0,0,541,541,5 + government bonds,sumsy,8,-1.4551915228366852e-11
53,512,4,4,100692.34810000002,0.0,25.6622,0.0,25.6622,,25.6622,0.0,0.0,0.0,0.0,0.0,0.0025,1354.9982,0.0,0.0,1.0,774.1443000000005,0.0,0.0,0.0,1.0,0.0,0.0,1.0,0.0,0,0,17.71828559173247,3.042239059820443,20.760524651552913,9.704509923558087,3.018952150471327,12.723462074029415,3969.8145000000054,3948.962499999977,3969.8145000000054,0.0,0,0,0.0,0.0,0.0,1.0,1.0,0.0,0.0,0.0,0.0,0.5,0.25,0.0,-544.0684671263072,0.0,0,2560.0,1752.5568000000005,0.0,865.8310000000002,0.0,0.0,0.0,0.0,0.0,0,528.0309,2560.0,1752.5568000000005,865.8310000000002,271.0,0.0,0.0,0.015,6.831914389140276,7.323730555555565,6.870334260869558,NaN,6.158713792652013,17.496881461394658,1080.0,1105.0,540.0,2046.6666666666667,1542.0,204.0,126,0,0,0,66,48.0,2048.0,38125.47649999994,24681.5731,26656.177600000003,220,548,0,37,0.22754240005306037,0.3276966521564686,0.4214852635372557,0,11587.174300000008,7549.265400000005,66,0,575.0,0,0,0,0.0,0,0.0,46375.476499999924,0.0,0,0,0,1.5,0,0.0,0,0,0.0,0,0.0,0,0,3950.4421999999954,256.0,9346.0918,2,0.0,0.0,NaN,5120.0,NaN,NaN,0,0,0.0,0,0.0,NaN,0,NaN,0,0,0,0.0,0.0,0.0,0.0,0.0,0.0,0.0,0.0,0,0,0,0,126,0.0,0,0,0.0,0,0.0,0.0,0.0,0.0,0.0,0.0,0.0,0.0,0.0,0.0,0.735702242549988,475,35554.95319999997,37,10820.523299999997,4,45231.5731,4,26656.177600000003,2,528.0309,1329.336,37.5,0,0,540,540,5 + government bonds,sumsy,8,-1.4551915228366852e-11
54,512,4,4,101483.49519999989,0.0,13.7459,0.0,13.7459,,13.7459,0.0,0.0,0.0,0.0,0.0,0.0025,1427.5711,0.0,0.0,1.0,766.5402000000004,0.0,0.0,0.0,1.0,0.0,0.0,1.0,0.0,0,0,17.916885584214135,3.0004063927420876,20.917291976956225,9.706595635561214,2.9977939420878377,12.704389577649051,3962.0045000000136,3969.81450000003,3962.0045000000136,0.0,0,0,0.0,0.0,0.0,1.0,1.0,0.0,0.0,0.0,0.0,0.5,0.25,0.0,-544.3251671263072,0.0,0,2560.0,1768.8529000000005,0.0,873.2092000000002,0.0,0.0,0.0,0.0,0.0,0,527.7889,2560.0,1768.8529000000005,873.2092000000002,271.0,0.0,0.0,0.015,6.856502720450271,7.242210091743145,6.7505305653710295,NaN,6.038612367565439,17.630936503696287,1090.0,1066.0,545.0,2048.0,1552.0,204.0,124,0,0,2,56,36.0,2048.0,37972.06390000001,25240.6697,27099.3281,220,548,0,37,0.23183980093697776,0.33028605479217554,0.41096603353990013,0,11465.588799999992,7309.031899999989,56,0,566.0,0,0,0,0.0,0,0.0,46222.06390000001,0.0,0,0,0,1.5,0,0.0,0,0,0.0,0,0.0,0,0,3820.8003000000026,256.0,9216.0735,2,0.0,0.0,NaN,5120.0,NaN,NaN,0,0,0.0,0,0.0,NaN,0,NaN,0,0,0,0.0,0.0,0.0,0.0,0.0,0.0,0.0,0.0,0,0,0,0,124,0.0,0,0,0.0,0,0.0,0.0,0.0,0.0,0.0,0.0,0.0,0.0,0.0,0.0,0.7388318796711615,475,35413.992900000005,37,10808.071,4,45790.6697,4,27099.3281,2,527.7889,1413.8252,37.5,0,0,545,545,5 + government bonds,sumsy,8,-1.4551915228366852e-11
55,512,4,4,102258.75,0.0,5.4741,0.0,5.4741,,5.4741,0.0,0.0,0.0,0.0,0.0,0.0025,1506.3939,0.0,0.0,1.0,769.2992999999996,0.0,0.0,0.0,1.0,0.0,0.0,1.0,0.0,0,0,18.06025410056528,3.006468551735343,21.066722652300626,9.444138136253374,2.9793591786665212,12.423497314919896,3870.1244000000015,3962.0045000000046,3870.1244000000015,0.0,0,0,0.0,0.0,0.0,1.0,1.0,0.0,0.0,0.0,0.0,0.5,0.25,0.0,-544.4626671263073,0.0,0,2560.0,1784.7451999999998,0.0,880.3341000000001,0.0,0.0,0.0,0.0,0.0,0,527.5368000000001,2560.0,1784.7451999999998,880.3341000000001,271.0,0.0,0.0,0.015,6.712725922421951,7.152364378478667,6.582666323024053,NaN,6.000994397338434,18.18517426936303,1078.0,1057.0,539.0,2045.3333333333333,1540.0,204.0,126,0,0,1,45,25.0,2048.0,37894.197100000056,25831.4605,27354.5655,220,548,0,37,0.22103394201874837,0.32417233708877746,0.4144140377099883,0,11336.908199999989,7095.351300000002,45,0,582.0,0,0,0,0.0,0,0.0,46144.19710000001,0.0,0,0,0,1.5,0,0.0,0,0,0.0,0,0.0,0,0,3831.111799999999,256.0,9144.5962,2,0.0,0.0,NaN,5120.0,NaN,NaN,0,0,0.0,0,0.0,NaN,0,NaN,0,0,0,0.0,0.0,0.0,0.0,0.0,0.0,0.0,0.0,0,0,0,0,126,0.0,0,0,0.0,0,0.0,0.0,0.0,0.0,0.0,0.0,0.0,0.0,0.0,0.0,0.7384584122994826,475,35281.95110000004,37,10862.246000000001,4,46381.460499999994,4,27354.5655,2,527.5368000000001,1500.9198000000001,37.5,0,0,539,539,5 + government bonds,sumsy,8,-1.4551915228366852e-11
56,512,4,4,103018.21979999999,0.0,1.0776999999999999,0.0,1.0776999999999999,,1.0776999999999999,0.0,0.0,0.0,0.0,0.0,0.0025,1609.7465,0.0,0.0,1.0,753.1680000000009,0.0,0.0,0.0,1.0,0.0,0.0,1.0,0.0,0,0,18.157956937904657,3.0746901034412506,21.23264704134591,9.473903067226232,3.054320686410716,12.528223753636947,3805.9118000000117,3870.1244000000174,3805.9118000000117,0.0,0,0,0.0,0.0,0.0,1.0,1.0,0.0,0.0,0.0,0.0,0.5,0.25,0.0,-544.5174671263073,0.0,0,2560.0,1800.5301999999997,0.0,887.1306999999999,0.0,0.0,0.0,0.0,0.0,0,527.2109,2560.0,1800.5301999999997,887.1306999999999,271.0,0.0,0.0,0.015,6.609247166361978,7.085816448598153,6.4651153124999965,NaN,5.889237955937199,18.70462125605102,1070.0,1094.0,535.0,2046.6666666666665,1532.0,204.0,128,0,0,1,58,38.0,2048.0,37177.45359999997,26362.156,27871.0257,220,548,0,37,0.2238380454762885,0.32602731417702335,0.41307596986139905,0,11132.401900000006,7230.516400000004,58,0,640.0,0,0,0,0.0,0,0.0,45427.45360000002,0.0,0,0,0,1.5,0,0.0,0,0,0.0,0,0.0,0,0,4137.673799999998,256.0,9470.627100000002,2,0.0,0.0,NaN,5120.0,NaN,NaN,0,0,0.0,0,0.0,NaN,0,NaN,0,0,0,0.0,0.0,0.0,0.0,0.0,0.0,0.0,0.0,0,0,0,0,128,0.0,0,0,0.0,0,0.0,0.0,0.0,0.0,0.0,0.0,0.0,0.0,0.0,0.0,0.7440566765617991,475,34666.19289999997,37,10761.260699999999,4,46912.155999999995,4,27871.0257,2,527.2109,1608.6688,37.5,0,0,535,535,5 + government bonds,sumsy,8,-1.4551915228366852e-11
57,512,4,4,103762.38710000017,0.0,0.0,0.0,0.0,,0.0,0.0,0.0,0.0,0.0,0.0,0.0025,1731.8246,0.0,0.0,1.0,741.5553,0.0,0.0,0.0,1.0,0.0,0.0,1.0,0.0,0,0,18.706529999575068,3.020644674405653,21.72717467398072,9.756295536295491,3.016162985721645,12.772458522017136,3795.800100000004,3805.9118000000085,3795.800100000004,0.0,0,0,0.0,0.0,0.0,1.0,1.0,0.0,0.0,0.0,0.0,0.5,0.25,0.0,-544.5281671263074,0.0,0,2560.0,1815.8327000000004,0.0,893.5121000000008,0.0,0.0,0.0,0.0,0.0,0,527.0089,2560.0,1815.8327000000004,893.5121000000008,271.0,0.0,0.0,0.015,6.578486367880484,7.0144714285714365,6.360375041050906,NaN,5.897686514328408,19.146213958078192,1078.0,1071.0,539.0,2046.6666666666667,1540.0,204.0,127,0,0,1,51,35.0,2048.0,36976.31519999998,26839.2586,28259.480199999998,220,548,0,37,0.2225973529443579,0.328488596918197,0.4172971575336777,0,11196.7386,7045.558899999998,51,0,609.0,0,0,0,0.0,0,0.0,45226.31519999999,0.0,0,0,0,1.5,0,0.0,0,0,0.0,0,0.0,0,0,3873.4684000000016,256.0,9428.4996,2,0.0,0.0,NaN,5120.0,NaN,NaN,0,0,0.0,0,0.0,NaN,0,NaN,0,0,0,0.0,0.0,0.0,0.0,0.0,0.0,0.0,0.0,0,0,0,0,127,0.0,0,0,0.0,0,0.0,0.0,0.0,0.0,0.0,0.0,0.0,0.0,0.0,0.0,0.7471127246304774,475,34428.83909999999,37,10797.476099999998,4,47389.2586,4,28259.480199999998,2,527.0089,1731.8246,37.5,0,0,539,539,5 + government bonds,sumsy,8,-1.4551915228366852e-11
58,512,4,4,104491.44040000008,0.0,0.0,0.0,0.0,,0.0,0.0,0.0,0.0,0.0,0.0,0.0025,1861.9016,0.0,0.0,1.0,738.1076,0.0,0.0,0.0,1.0,0.0,0.0,1.0,0.0,0,0,18.700053653656916,2.986182636270346,21.686236289927265,9.919598294749905,2.9557383304254263,12.875336625175331,3782.7796999999937,3795.800099999994,3782.7796999999937,0.0,0,0,0.0,0.0,0.0,1.0,1.0,0.0,0.0,0.0,0.0,0.5,0.25,0.0,-544.5281671263074,0.0,0,2560.0,1830.9467000000002,0.0,899.7099,0.0,0.0,0.0,0.0,0.0,0,526.7039,2560.0,1830.9467000000002,899.7099,271.0,0.0,0.0,0.015,6.528201017576317,7.01634953445064,6.258496794871794,NaN,5.893881469494051,19.66737921712909,1074.0,1081.0,537.0,2046.6666666666667,1536.0,204.0,127,0,0,0,53,39.0,2048.0,36710.62919999997,27302.9287,28677.3049,220,548,0,37,0.2320055327186914,0.3318724861485325,0.42032849527870453,0,11172.734800000006,7056.985299999999,53,0,624.0,0,0,0,0.0,0,0.0,44960.62919999995,0.0,0,0,0,1.5,0,0.0,0,0,0.0,0,0.0,0,0,3905.3019999999997,256.0,9411.972099999999,2,0.0,0.0,NaN,5120.0,NaN,NaN,0,0,0.0,0,0.0,NaN,0,NaN,0,0,0,0.0,0.0,0.0,0.0,0.0,0.0,0.0,0.0,0,0,0,0,127,0.0,0,0,0.0,0,0.0,0.0,0.0,0.0,0.0,0.0,0.0,0.0,0.0,0.0,0.7507123151287738,475,34263.23199999999,37,10697.397200000001,4,47852.9287,4,28677.3049,2,526.7039,1861.9016,37.5,0,0,537,537,5 + government bonds,sumsy,8,-1.4551915228366852e-11
59,512,4,4,105205.05809999997,0.0,0.0,0.0,0.0,,0.0,0.0,0.0,0.0,0.0,0.0,0.0025,2001.0075,0.0,0.0,1.0,732.4619999999999,0.0,0.0,0.0,1.0,0.0,0.0,1.0,0.0,0,0,18.885925285499273,2.9084346556289855,21.794359941128256,9.900956802722137,2.881443614651224,12.78240041737336,3777.089100000018,3782.7796999999955,3777.089100000018,0.0,0,0,0.0,0.0,0.0,1.0,1.0,0.0,0.0,0.0,0.0,0.5,0.25,0.0,-544.5281671263074,0.0,0,2560.0,1846.3823000000032,0.0,905.9839000000007,0.0,0.0,0.0,0.0,0.0,0,526.5968,2560.0,1846.3823000000032,905.9839000000007,271.0,0.0,0.0,0.015,6.525425716928766,6.992730669145015,6.137770099667768,NaN,5.871459853167784,19.94320565986799,1076.0,1081.0,538.0,2048.0,1538.0,204.0,127,0,0,0,56,40.0,2048.0,36636.83919999999,27743.170000000002,29092.2105,220,548,0,37,0.22865414642324966,0.33239623970024135,0.4355302755519843,0,11150.856600000014,7053.985199999996,56,0,602.0,0,0,0,0.0,0,0.0,44886.83920000002,0.0,0,0,0,1.5,0,0.0,0,0,0.0,0,0.0,0,0,3694.9375999999966,256.0,9205.234100000001,2,0.0,0.0,NaN,5120.0,NaN,NaN,0,0,0.0,0,0.0,NaN,0,NaN,0,0,0,0.0,0.0,0.0,0.0,0.0,0.0,0.0,0.0,0,0,0,0,127,0.0,0,0,0.0,0,0.0,0.0,0.0,0.0,0.0,0.0,0.0,0.0,0.0,0.0,0.7523184494687951,475,34112.683699999994,37,10774.155500000003,4,48293.17,4,29092.2105,2,526.5968,2001.0075,37.5,0,0,538,538,5 + government bonds,sumsy,8,-1.4551915228366852e-11
60,512,4,4,105904.83490000012,0.0,0.0,0.0,0.0,,0.0,0.0,0.0,0.0,0.0,0.0,0.0025,2142.8889,0.0,0.0,1.0,732.1509000000005,0.0,0.0,0.0,1.0,0.0,0.0,1.0,0.0,0,0,18.733343159290573,2.990060043939252,21.72340320322982,9.878628861914157,2.956940726298695,12.835569588212854,3750.7591000000093,3777.089100000008,3750.7591000000093,0.0,0,0,0.0,0.0,0.0,1.0,1.0,0.0,0.0,0.0,0.0,0.5,0.25,0.0,-544.5281671263074,0.0,0,2560.0,1860.2231999999997,0.0,911.4193000000007,0.0,0.0,0.0,0.0,0.0,0,526.5388,2560.0,1860.2231999999997,911.4193000000007,271.0,0.0,0.0,0.015,6.520400091575091,6.9052848428835665,6.001319198664443,NaN,5.8270084620722224,20.086980388217896,1082.0,1092.0,541.0,2048.0,1544.0,204.0,126,0,0,2,62,48.0,2048.0,36566.6217,28157.6042,29563.472599999997,220,548,0,37,0.2309504657655026,0.3325494002197613,0.4164154763906054,0,11119.533500000009,7120.2769,62,0,599.0,0,0,0,0.0,0,0.0,44816.621699999996,0.0,0,0,0,1.5,0,0.0,0,0,0.0,0,0.0,0,0,3594.7902000000013,256.0,8947.7087,2,0.0,0.0,NaN,5120.0,NaN,NaN,0,0,0.0,0,0.0,NaN,0,NaN,0,0,0,0.0,0.0,0.0,0.0,0.0,0.0,0.0,0.0,0,0,0,0,126,0.0,0,0,0.0,0,0.0,0.0,0.0,0.0,0.0,0.0,0.0,0.0,0.0,0.0,0.7537278849108349,475,34105.737700000005,37,10710.883999999996,4,48707.6042,4,29563.472599999997,2,526.5388,2142.8889,37.5,0,0,541,541,5 + government bonds,sumsy,8,-1.4551915228366852e-11
61,512,4,4,106590.42269999982,0.0,0.0,0.0,0.0,,0.0,0.0,0.0,0.0,0.0,0.0,0.0025,2288.0123,0.0,0.0,1.0,731.5899000000006,0.0,0.0,0.0,1.0,0.0,0.0,1.0,0.0,0,0,18.67757665766193,3.0598194556500036,21.73739611331193,9.707885732563543,3.031757001076247,12.739642733639789,3737.8677,3750.7590999999998,3737.8677,0.0,0,0,0.0,0.0,0.0,1.0,1.0,0.0,0.0,0.0,0.0,0.5,0.25,0.0,-544.5281671263074,0.0,0,2560.0,1874.4122,0.0,917.0423000000001,0.0,0.0,0.0,0.0,0.0,0,526.4696,2560.0,1874.4122,917.0423000000001,271.0,0.0,0.0,0.015,6.466039710144933,6.856109944751381,5.901787261146502,NaN,5.744908047119745,20.178855806581304,1086.0,1035.0,543.0,2045.3333333333335,1548.0,204.0,124,0,0,2,36,25.0,2048.0,36704.595299999986,28537.5829,29635.553,220,548,0,37,0.21948466687140744,0.3254178600459523,0.41104115786854045,0,11012.804800000005,6692.351100000006,36,0,628.0,0,0,0,0.0,0,0.0,44954.59529999999,0.0,0,0,0,1.5,0,0.0,0,0,0.0,0,0.0,0,0,3706.322400000003,256.0,8898.2096,2,0.0,0.0,NaN,5120.0,NaN,NaN,0,0,0.0,0,0.0,NaN,0,NaN,0,0,0,0.0,0.0,0.0,0.0,0.0,0.0,0.0,0.0,0,0,0,0,124,0.0,0,0,0.0,0,0.0,0.0,0.0,0.0,0.0,0.0,0.0,0.0,0.0,0.0,0.751652370977075,475,34242.03909999997,37,10712.556199999997,4,49087.5829,4,29635.553,2,526.4696,2288.0123,37.5,0,0,543,543,5 + government bonds,sumsy,8,-1.4551915228366852e-11
62,512,4,4,107262.36209999998,0.0,0.0,0.0,0.0,,0.0,0.0,0.0,0.0,0.0,0.0,0.0025,2441.2988,0.0,0.0,1.0,725.4902999999993,0.0,0.0,0.0,1.0,0.0,0.0,1.0,0.0,0,0,18.930965777790515,3.0552028182108457,21.986168596001363,9.866857764196599,3.050680548354583,12.917538312551182,3645.9405000000056,3737.8677000000052,3645.9405000000056,0.0,0,0,0.0,0.0,0.0,1.0,1.0,0.0,0.0,0.0,0.0,0.5,0.25,0.0,-544.5281671263074,0.0,0,2560.0,1888.0605999999982,0.0,922.2788999999995,0.0,0.0,0.0,0.0,0.0,0,526.3761,2560.0,1888.0605999999982,922.2788999999995,271.0,0.0,0.0,0.015,6.312375996292863,6.87678125000001,5.811113593749999,NaN,5.69642131454429,20.984139933513486,1056.0,1079.0,528.0,2045.3333333333333,1518.0,204.0,131,0,0,0,53,27.0,2048.0,36472.62880000001,28987.7309,29906.3056,220,548,0,37,0.2301648474579001,0.3339402035867409,0.4365878593081627,0,10771.855700000002,6811.053699999999,53,0,640.0,0,0,0,0.0,0,0.0,44722.62880000001,0.0,0,0,0,1.5,0,0.0,0,0,0.0,0,0.0,0,0,3719.112699999999,256.0,8928.0219,2,0.0,0.0,NaN,5120.0,NaN,NaN,0,0,0.0,0,0.0,NaN,0,NaN,0,0,0,0.0,0.0,0.0,0.0,0.0,0.0,0.0,0.0,0,0,0,0,131,0.0,0,0,0.0,0,0.0,0.0,0.0,0.0,0.0,0.0,0.0,0.0,0.0,0.0,0.7565442650020551,475,33973.085100000026,37,10749.5437,4,49537.730899999995,4,29906.3056,2,526.3761,2441.2988,37.5,0,0,528,528,5 + government bonds,sumsy,8,-1.4551915228366852e-11
63,512,4,4,107920.72549999994,0.0,0.0,0.0,0.0,,0.0,0.0,0.0,0.0,0.0,0.0,0.0025,2613.2938,0.0,0.0,1.0,708.2472000000002,0.0,0.0,0.0,1.0,0.0,0.0,1.0,0.0,0,0,19.411786958061093,3.116389388113182,22.528176346174273,9.900899445264983,3.102655862651216,13.0035553079162,3672.8786000000086,3645.9405000000074,3672.8786000000086,0.0,0,0,0.0,0.0,0.0,1.0,1.0,0.0,0.0,0.0,0.0,0.5,0.25,0.0,-544.5281671263074,0.0,0,2560.0,1901.6366,0.0,927.2928,0.0,0.0,0.0,0.0,0.0,0,526.2461000000001,2560.0,1901.6366,927.2928,271.0,0.0,0.0,0.015,6.316785581395347,6.786416697588142,5.776522063492059,NaN,5.60243349791176,20.930438862239743,1078.0,1075.0,539.0,2048.0,1540.0,204.0,127,0,0,0,46,32.0,2048.0,36326.18340000003,29320.088799999998,30242.989700000002,220,548,0,37,0.22159070925520385,0.3304224022014406,0.4171077131034231,0,10755.453900000008,6790.544499999998,46,0,630.0,0,0,0,0.0,0,0.0,44576.18339999999,0.0,0,0,0,1.5,0,0.0,0,0,0.0,0,0.0,0,0,3639.208899999997,256.0,8891.9237,2,0.0,0.0,NaN,5120.0,NaN,NaN,0,0,0.0,0,0.0,NaN,0,NaN,0,0,0,0.0,0.0,0.0,0.0,0.0,0.0,0.0,0.0,0,0,0,0,127,0.0,0,0,0.0,0,0.0,0.0,0.0,0.0,0.0,0.0,0.0,0.0,0.0,0.0,0.7569789828567257,475,33693.82330000001,37,10882.360100000002,4,49870.0888,4,30242.989700000002,2,526.2461000000001,2613.2938,37.5,0,0,539,539,5 + government bonds,sumsy,8,-1.4551915228366852e-11
64,512,4,4,108565.64150000001,0.0,0.0,0.0,0.0,,0.0,0.0,0.0,0.0,0.0,0.0,0.0025,2786.142,0.0,0.0,1.0,708.7418999999996,0.0,0.0,0.0,1.0,0.0,0.0,1.0,0.0,0,0,19.31144151123323,3.072082163257292,22.383523674490522,10.038369457678092,3.0704789030468747,13.108848360724965,3575.478799999998,3672.878599999988,3575.478799999998,0.0,0,0,0.0,0.0,0.0,1.0,1.0,0.0,0.0,0.0,0.0,0.5,0.25,0.0,-544.5281671263074,0.0,0,2560.0,1915.0839999999998,0.0,932.2247999999997,0.0,0.0,0.0,0.0,0.0,0,526.0867000000001,2560.0,1915.0839999999998,932.2247999999997,271.0,0.0,0.0,0.015,6.244897531992688,6.6675632958801465,5.720473437499993,NaN,5.596575321720614,21.40345780513588,1068.0,1094.0,534.0,2048.0,1530.0,204.0,129,0,0,1,55,48.0,2048.0,36059.53470000003,29713.8488,30596.6937,220,548,0,37,0.23077266113020434,0.33678871126752186,0.42024640780054434,0,10695.834500000004,6831.9179,55,0,640.0,0,0,0,0.0,0,0.0,44309.534700000004,0.0,0,0,0,1.5,0,0.0,0,0,0.0,0,0.0,0,0,3661.1029999999955,256.0,8883.335599999999,2,0.0,0.0,NaN,5120.0,NaN,NaN,0,0,0.0,0,0.0,NaN,0,NaN,0,0,0,0.0,0.0,0.0,0.0,0.0,0.0,0.0,0.0,0,0,0,0,129,0.0,0,0,0.0,0,0.0,0.0,0.0,0.0,0.0,0.0,0.0,0.0,0.0,0.0,0.7611622683184951,475,33480.018000000025,37,10829.516699999996,4,50263.8488,4,30596.6937,2,526.0867000000001,2786.142,37.5,0,0,534,534,5 + government bonds,sumsy,8,-1.4551915228366852e-11
65,512,4,4,109197.65140000002,0.0,0.0,0.0,0.0,,0.0,0.0,0.0,0.0,0.0,0.0,0.0025,2967.8984,0.0,0.0,1.0,700.6788,0.0,0.0,0.0,1.0,0.0,0.0,1.0,0.0,0,0,19.664247045531997,3.0565380086510303,22.72078505418303,10.357228294044718,3.0204024685653903,13.37763076261011,3589.1217000000065,3575.478799999995,3589.1217000000065,0.0,0,0,0.0,0.0,0.0,1.0,1.0,0.0,0.0,0.0,0.0,0.5,0.25,0.0,-544.5281671263074,0.0,0,2560.0,1927.9900999999995,0.0,936.8083,0.0,0.0,0.0,0.0,0.0,0,525.8620000000001,2560.0,1927.9900999999995,936.8083,271.0,0.0,0.0,0.015,6.2140192022263445,6.631023562152146,5.654547968749997,NaN,5.573216971703129,21.591316116715245,1078.0,1078.0,539.0,2046.6666666666667,1540.0,204.0,126,0,0,1,59,44.0,2048.0,35990.58689999999,29991.000399999997,30902.9381,220,548,0,37,0.2341173979484077,0.3379863923265949,0.4344480870600578,0,10717.368800000006,6698.712699999999,59,0,640.0,0,0,0,0.0,0,0.0,44240.58690000002,0.0,0,0,0,1.5,0,0.0,0,0,0.0,0,0.0,0,0,3618.910699999998,256.0,8819.365600000001,2,0.0,0.0,NaN,5120.0,NaN,NaN,0,0,0.0,0,0.0,NaN,0,NaN,0,0,0,0.0,0.0,0.0,0.0,0.0,0.0,0.0,0.0,0,0,0,0,126,0.0,0,0,0.0,0,0.0,0.0,0.0,0.0,0.0,0.0,0.0,0.0,0.0,0.0,0.76266037924577,475,33510.31019999998,37,10730.276699999999,4,50541.000400000004,4,30902.9381,2,525.8620000000001,2967.8984,37.5,0,0,539,539,5 + government bonds,sumsy,8,-1.4551915228366852e-11
66,512,4,4,109816.5013,0.0,0.0,0.0,0.0,,0.0,0.0,0.0,0.0,0.0,0.0,0.0025,3153.9695,0.0,0.0,1.0,697.2108999999995,0.0,0.0,0.0,1.0,0.0,0.0,1.0,0.0,0,0,19.86731382542424,2.9523913701608167,22.81970519558506,10.554092795629051,2.944292983629644,13.498385779258696,3618.5655000000106,3589.1216999999942,3618.5655000000106,0.0,0,0,0.0,0.0,0.0,1.0,1.0,0.0,0.0,0.0,0.0,0.5,0.25,0.0,-544.5281671263074,0.0,0,2560.0,1941.1501,0.0,941.477300000001,0.0,0.0,0.0,0.0,0.0,0,525.7565,2560.0,1941.1501,941.477300000001,271.0,0.0,0.0,0.015,6.200794444444441,6.673269444444464,5.605933281250001,NaN,5.538133930711074,21.706320208920452,1080.0,1080.0,540.0,2046.6666666666667,1542.0,204.0,126,0,0,1,60,41.0,2048.0,35913.41699999998,30279.0041,31185.732500000002,220,548,0,37,0.23464799483487608,0.3393963645029583,0.4167333742667261,0,10675.590400000003,6696.8579999999965,60,0,640.0,0,0,0,0.0,0,0.0,44163.41699999996,0.0,0,0,0,1.5,0,0.0,0,0,0.0,0,0.0,0,0,3587.7973000000006,256.0,8758.6217,2,0.0,0.0,NaN,5120.0,NaN,NaN,0,0,0.0,0,0.0,NaN,0,NaN,0,0,0,0.0,0.0,0.0,0.0,0.0,0.0,0.0,0.0,0,0,0,0,126,0.0,0,0,0.0,0,0.0,0.0,0.0,0.0,0.0,0.0,0.0,0.0,0.0,0.0,0.7642137294377236,475,33449.68250000001,37,10713.7345,4,50829.0041,4,31185.732500000002,2,525.7565,3153.9695,37.5,0,0,540,540,5 + government bonds,sumsy,8,-1.4551915228366852e-11
67,512,4,4,110423.1198,0.0,0.0,0.0,0.0,,0.0,0.0,0.0,0.0,0.0,0.0,0.0025,3341.8667,0.0,0.0,1.0,695.7267000000005,0.0,0.0,0.0,1.0,0.0,0.0,1.0,0.0,0,0,19.677408877241177,3.029063796432158,22.706472673673336,10.295062550228785,3.0191583610596826,13.314220911288468,3598.6415999999986,3618.5654999999965,3598.6415999999986,0.0,0,0,0.0,0.0,0.0,1.0,1.0,0.0,0.0,0.0,0.0,0.5,0.25,0.0,-544.5281671263074,0.0,0,2560.0,1953.3814999999988,0.0,945.6683999999995,0.0,0.0,0.0,0.0,0.0,0,525.6667,2560.0,1953.3814999999988,945.6683999999995,271.0,0.0,0.0,0.015,6.19196344892221,6.611884870848706,5.560517968750002,NaN,5.5002789370418546,21.81063663207909,1084.0,1067.0,542.0,2046.6666666666667,1546.0000000000002,204.0,125,0,0,2,54,32.0,2048.0,35919.1731,30589.4436,31350.9791,220,548,0,37,0.22802734092655008,0.3344611510593847,0.4117436794106817,0,10639.351300000017,6606.824999999998,54,0,640.0,0,0,0,0.0,0,0.0,44169.1731,0.0,0,0,0,1.5,0,0.0,0,0,0.0,0,0.0,0,0,3558.7315000000012,256.0,8695.990600000001,2,0.0,0.0,NaN,5120.0,NaN,NaN,0,0,0.0,0,0.0,NaN,0,NaN,0,0,0,0.0,0.0,0.0,0.0,0.0,0.0,0.0,0.0,0,0,0,0,125,0.0,0,0,0.0,0,0.0,0.0,0.0,0.0,0.0,0.0,0.0,0.0,0.0,0.0,0.7633171971255988,475,33444.976399999985,37,10724.1967,4,51139.4436,4,31350.9791,2,525.6667,3341.8667,37.5,0,0,542,542,5 + government bonds,sumsy,8,-1.4551915228366852e-11
68,512,4,4,111017.22630000013,0.0,0.0,0.0,0.0,,0.0,0.0,0.0,0.0,0.0,0.0,0.0025,3531.1896,0.0,0.0,1.0,694.7372999999999,0.0,0.0,0.0,1.0,0.0,0.0,1.0,0.0,0,0,19.57265568945602,3.043110410261286,22.615766099717305,10.274496037705518,3.0290330231149123,13.30352906082043,3566.1528999999937,3598.641600000027,3566.1528999999937,0.0,0,0,0.0,0.0,0.0,1.0,1.0,0.0,0.0,0.0,0.0,0.5,0.25,0.0,-544.5281671263074,0.0,0,2560.0,1965.893499999999,0.0,949.9839999999995,0.0,0.0,0.0,0.0,0.0,0,525.5592,2560.0,1965.893499999999,949.9839999999995,271.0,0.0,0.0,0.015,6.117318552875691,6.600655947955379,5.516238437499996,NaN,5.48432030708868,22.194477954569674,1076.0,1078.0,538.0,2045.3333333333335,1538.0000000000002,204.0,126,0,0,0,49,37.0,2048.0,35897.32500000001,30899.066199999997,31534.124300000003,220,548,0,37,0.22866884105396412,0.3349712003979708,0.41783618002696166,0,10570.969899999998,6594.469399999995,49,0,640.0,0,0,0,0.0,0,0.0,44147.32500000003,0.0,0,0,0,1.5,0,0.0,0,0,0.0,0,0.0,0,0,3530.3925999999974,256.0,8629.962,2,0.0,0.0,NaN,5120.0,NaN,NaN,0,0,0.0,0,0.0,NaN,0,NaN,0,0,0,0.0,0.0,0.0,0.0,0.0,0.0,0.0,0.0,0,0,0,0,126,0.0,0,0,0.0,0,0.0,0.0,0.0,0.0,0.0,0.0,0.0,0.0,0.0,0.0,0.7642456328262124,475,33399.92930000001,37,10747.395700000001,4,51449.0662,4,31534.124300000003,2,525.5592,3531.1896,37.5,0,0,538,538,5 + government bonds,sumsy,8,-1.4551915228366852e-11
69,512,4,4,111599.4490000001,0.0,0.0,0.0,0.0,,0.0,0.0,0.0,0.0,0.0,0.0,0.0025,3728.7662,0.0,0.0,1.0,686.3630999999993,0.0,0.0,0.0,1.0,0.0,0.0,1.0,0.0,0,0,19.78961346568005,3.0505849644248886,22.840198430104934,10.303586455965311,3.0371778342312266,13.340764290196539,3507.724000000021,3566.1529000000055,3507.724000000021,0.0,0,0,0.0,0.0,0.0,1.0,1.0,0.0,0.0,0.0,0.0,0.5,0.25,0.0,-544.5281671263074,0.0,0,2560.0,1977.7772999999993,0.0,953.9057999999997,0.0,0.0,0.0,0.0,0.0,0,525.4698,2560.0,1977.7772999999993,953.9057999999997,271.0,0.0,0.0,0.015,6.095079643527203,6.504141527001901,5.579277656250004,NaN,5.437543712000391,22.455389731429793,1074.0,1066.0,537.0,2048.0,1536.0,204.0,128,0,0,1,43,37.0,2048.0,35850.99550000001,31185.9109,31675.9922,220,548,0,37,0.22971010716185103,0.3357326884075451,0.4190790674096634,0,10489.1979,6497.354899999998,43,0,640.0,0,0,0,0.0,0,0.0,44100.99549999998,0.0,0,0,0,1.5,0,0.0,0,0,0.0,0,0.0,0,0,3570.7377000000024,256.0,8632.3144,2,0.0,0.0,NaN,5120.0,NaN,NaN,0,0,0.0,0,0.0,NaN,0,NaN,0,0,0,0.0,0.0,0.0,0.0,0.0,0.0,0.0,0.0,0,0,0,0,128,0.0,0,0,0.0,0,0.0,0.0,0.0,0.0,0.0,0.0,0.0,0.0,0.0,0.0,0.7653577997423979,475,33377.9662,37,10723.0293,4,51735.9109,4,31675.9922,2,525.4698,3728.7662,37.5,0,0,537,537,5 + government bonds,sumsy,8,-1.4551915228366852e-11
70,512,4,4,112169.81239999994,0.0,0.0,0.0,0.0,,0.0,0.0,0.0,0.0,0.0,0.0,0.0025,3928.6463,0.0,0.0,1.0,683.8692000000007,0.0,0.0,0.0,1.0,0.0,0.0,1.0,0.0,0,0,19.601039856219334,3.0045345626333417,22.605574418852676,10.472441129277781,2.9693531793086705,13.441794308586452,3487.5101999999874,3507.7240000000093,3487.5101999999874,0.0,0,0,0.0,0.0,0.0,1.0,1.0,0.0,0.0,0.0,0.0,0.5,0.25,0.0,-544.5281671263074,0.0,0,2560.0,1989.6366000000014,0.0,957.7952000000009,0.0,0.0,0.0,0.0,0.0,0,525.4062,2560.0,1989.6366000000014,957.7952000000009,271.0,0.0,0.0,0.015,6.0216796244131485,6.515028517823616,5.696570468749993,NaN,5.435580455499871,22.858405572622846,1066.0,1065.0,533.0,2046.6666666666667,1528.0,204.0,130,0,0,2,43,37.0,2048.0,35769.67059999998,31439.0409,31803.361500000003,220,548,0,37,0.23706489562539534,0.337810039772807,0.43879465240296467,0,10444.235200000023,6413.088800000003,43,0,640.0,0,0,0,0.0,0,0.0,44019.67059999998,0.0,0,0,0,1.5,0,0.0,0,0,0.0,0,0.0,0,0,3645.8050999999955,256.0,8703.6869,2,0.0,0.0,NaN,5120.0,NaN,NaN,0,0,0.0,0,0.0,NaN,0,NaN,0,0,0,0.0,0.0,0.0,0.0,0.0,0.0,0.0,0.0,0,0,0,0,130,0.0,0,0,0.0,0,0.0,0.0,0.0,0.0,0.0,0.0,0.0,0.0,0.0,0.0,0.7669947070757652,475,33428.129199999996,37,10591.541400000004,4,51989.0409,4,31803.361500000003,2,525.4062,3928.6463,37.5,0,0,533,533,5 + government bonds,sumsy,8,-1.4551915228366852e-11
71,512,4,4,112729.12900000015,0.0,0.0,0.0,0.0,,0.0,0.0,0.0,0.0,0.0,0.0,0.0025,4135.9289,0.0,0.0,1.0,675.6326000000004,0.0,0.0,0.0,1.0,0.0,0.0,1.0,0.0,0,0,19.680227916896158,3.1691571471585336,22.84938506405469,10.51644991210145,3.126673397545784,13.643123309647233,3410.599800000008,3487.510199999988,3410.599800000008,0.0,0,0,0.0,0.0,0.0,1.0,1.0,0.0,0.0,0.0,0.0,0.5,0.25,0.0,-544.5281671263074,0.0,0,2560.0,2000.6834000000006,0.0,961.1999999999998,0.0,0.0,0.0,0.0,0.0,0,525.3204,2560.0,2000.6834000000006,961.1999999999998,271.0,0.0,0.0,0.015,6.003968262910799,6.358801123595521,5.840136562500007,NaN,5.437581342391642,23.110158001200073,1068.0,1065.0,534.0,2045.3333333333335,1530.0,204.0,128,0,0,0,44,34.0,2048.0,35634.12429999999,31670.8514,31942.5529,220,548,0,37,0.23274793557904783,0.33438332358685874,0.43524568003314656,0,10461.411799999998,6394.226200000001,44,0,640.0,0,0,0,0.0,0,0.0,43884.1243,0.0,0,0,0,1.5,0,0.0,0,0,0.0,0,0.0,0,0,3737.6874000000043,256.0,8820.3511,2,0.0,0.0,NaN,5120.0,NaN,NaN,0,0,0.0,0,0.0,NaN,0,NaN,0,0,0,0.0,0.0,0.0,0.0,0.0,0.0,0.0,0.0,0,0,0,0,128,0.0,0,0,0.0,0,0.0,0.0,0.0,0.0,0.0,0.0,0.0,0.0,0.0,0.0,0.7671377029173894,475,33336.07759999996,37,10548.046699999999,4,52220.8514,4,31942.5529,2,525.3204,4135.9289,37.5,0,0,534,534,5 + government bonds,sumsy,8,-1.4551915228366852e-11
72,512,4,4,113276.76650000003,0.0,0.0,0.0,0.0,,0.0,0.0,0.0,0.0,0.0,0.0,0.0025,4344.6296,0.0,0.0,1.0,673.6437000000005,0.0,0.0,0.0,1.0,0.0,0.0,1.0,0.0,0,0,20.00674463020661,3.006055164450777,23.01279979465739,10.929357683655292,2.9744202047373878,13.90377788839268,3451.2435000000164,3410.599800000001,3451.2435000000164,0.0,0,0,0.0,0.0,0.0,1.0,1.0,0.0,0.0,0.0,0.0,0.5,0.25,0.0,-544.5281671263074,0.0,0,2560.0,2012.3624999999981,0.0,964.9016999999986,0.0,0.0,0.0,0.0,0.0,0,525.2836,2560.0,2012.3624999999981,964.9016999999986,271.0,0.0,0.0,0.015,5.987794161260429,6.446985928705471,5.906232187500004,NaN,5.482400287368168,23.416343100222086,1066.0,1079.0,533.0,2048.0,1528.0,204.0,130,0,0,0,51,38.0,2048.0,35452.27799999998,31826.958800000004,32209.0278,220,548,0,37,0.24214988179188657,0.34342759680842594,0.4262548063090592,0,10522.349600000001,6460.829900000003,51,0,640.0,0,0,0,0.0,0,0.0,43702.277999999955,0.0,0,0,0,1.5,0,0.0,0,0,0.0,0,0.0,0,0,3779.9886000000024,256.0,8918.5887,2,0.0,0.0,NaN,5120.0,NaN,NaN,0,0,0.0,0,0.0,NaN,0,NaN,0,0,0,0.0,0.0,0.0,0.0,0.0,0.0,0.0,0.0,0,0,0,0,130,0.0,0,0,0.0,0,0.0,0.0,0.0,0.0,0.0,0.0,0.0,0.0,0.0,0.0,0.7713439340666679,475,33084.2659,37,10618.0121,4,52376.95880000001,4,32209.0278,2,525.2836,4344.6296,37.5,0,0,533,533,5 + government bonds,sumsy,8,-1.4551915228366852e-11
73,512,4,4,113813.44939999992,0.0,0.0,0.0,0.0,,0.0,0.0,0.0,0.0,0.0,0.0,0.0025,4554.1924,0.0,0.0,1.0,671.8280999999994,0.0,0.0,0.0,1.0,0.0,0.0,1.0,0.0,0,0,19.86569641120611,3.041417240088188,22.907113651294296,10.725691893289577,3.0385653600588585,13.764257253348436,3500.943700000008,3451.2435000000114,3500.943700000008,0.0,0,0,0.0,0.0,0.0,1.0,1.0,0.0,0.0,0.0,0.0,0.5,0.25,0.0,-544.5281671263074,0.0,0,2560.0,2023.3171000000007,0.0,968.2357000000005,0.0,0.0,0.0,0.0,0.0,0,525.2774,2560.0,2023.3171000000007,968.2357000000005,271.0,0.0,0.0,0.015,6.028690756302522,6.4915152700186365,6.021996093750003,NaN,5.504936201102448,23.42457537943355,1074.0,1071.0,537.0,2048.0,1536.0,204.0,128,0,0,2,52,35.0,2048.0,35284.23159999999,31991.9024,32418.250500000002,220,548,0,37,0.23785458101992885,0.3426400770273377,0.42554375251298526,0,10604.365499999998,6456.7278000000015,52,0,640.0,0,0,0,0.0,0,0.0,43534.23160000002,0.0,0,0,0,1.5,0,0.0,0,0,0.0,0,0.0,0,0,3854.077500000002,256.0,9039.5951,2,0.0,0.0,NaN,5120.0,NaN,NaN,0,0,0.0,0,0.0,NaN,0,NaN,0,0,0,0.0,0.0,0.0,0.0,0.0,0.0,0.0,0.0,0,0,0,0,128,0.0,0,0,0.0,0,0.0,0.0,0.0,0.0,0.0,0.0,0.0,0.0,0.0,0.0,0.7724157295749388,475,32926.33079999998,37,10607.900799999998,4,52541.9024,4,32418.250500000002,2,525.2774,4554.1924,37.5,0,0,537,537,5 + government bonds,sumsy,8,-1.4551915228366852e-11
74,512,4,4,114339.37659999995,0.0,0.0,0.0,0.0,,0.0,0.0,0.0,0.0,0.0,0.0,0.0025,4758.2778,0.0,0.0,1.0,676.4181000000002,0.0,0.0,0.0,1.0,0.0,0.0,1.0,0.0,0,0,19.483350018255376,2.982473885611222,22.465823903866596,10.487562089887078,2.9699670241635396,13.457529114050617,3508.1642000000015,3500.9437000000066,3508.1642000000015,0.0,0,0,0.0,0.0,0.0,1.0,1.0,0.0,0.0,0.0,0.0,0.5,0.25,0.0,-544.5281671263074,0.0,0,2560.0,2034.0728000000024,0.0,971.5254000000019,0.0,0.0,0.0,0.0,0.0,0,525.3416,2560.0,2034.0728000000024,971.5254000000019,271.0,0.0,0.0,0.015,6.066070988805973,6.50496126629423,6.164889533011276,NaN,5.562279645957364,23.58293965585496,1074.0,1072.0,537.0,2045.3333333333335,1536.0000000000002,204.0,127,0,0,3,54,32.0,2048.0,35186.94140000002,32188.9077,32597.9336,220,548,0,37,0.2357977536696323,0.33746825250899803,0.4260575987937567,0,10694.509700000008,6502.828100000003,54,0,621.0,0,0,0,0.0,0,0.0,43436.94140000005,0.0,0,0,0,1.5,0,0.0,0,0,0.0,0,0.0,0,0,3828.3964000000024,256.0,9081.9745,2,0.0,0.0,NaN,5120.0,NaN,NaN,0,0,0.0,0,0.0,NaN,0,NaN,0,0,0,0.0,0.0,0.0,0.0,0.0,0.0,0.0,0.0,0,0,0,0,127,0.0,0,0,0.0,0,0.0,0.0,0.0,0.0,0.0,0.0,0.0,0.0,0.0,0.0,0.7717868991946466,475,32945.422999999995,37,10491.518399999997,4,52738.9077,4,32597.9336,2,525.3416,4758.2778,37.5,0,0,537,537,5 + government bonds,sumsy,8,-1.4551915228366852e-11
75,512,4,4,114854.97270000013,0.0,0.0,0.0,0.0,,0.0,0.0,0.0,0.0,0.0,0.0,0.0025,4957.2566,0.0,0.0,1.0,680.6154000000004,0.0,0.0,0.0,1.0,0.0,0.0,1.0,0.0,0,0,19.175328824374475,3.096052057960539,22.271380882335013,10.184691844110942,3.0626812958744605,13.247373139985402,3531.0663000000063,3508.164199999992,3531.0663000000063,0.0,0,0,0.0,0.0,0.0,1.0,1.0,0.0,0.0,0.0,0.0,0.5,0.25,0.0,-544.5281671263074,0.0,0,2560.0,2044.403900000001,0.0,974.6652999999994,0.0,0.0,0.0,0.0,0.0,0,525.3982,2560.0,2044.403900000001,974.6652999999994,271.0,0.0,0.0,0.015,6.0769275829383895,6.547609497206715,6.244755007949123,NaN,5.594843206343808,23.73058467826332,1074.0,1055.0,537.0,2044.0,1536.0000000000002,204.0,127,0,0,1,39,25.0,2048.0,35133.80130000003,32367.160799999998,32668.9885,220,548,0,37,0.22766829019771317,0.3329854170645621,0.4213608716232211,0,10745.872900000004,6411.158600000001,39,0,629.0,0,0,0,0.0,0,0.0,43383.80129999997,0.0,0,0,0,1.5,0,0.0,0,0,0.0,0,0.0,0,0,3927.950899999998,256.0,9202.3673,2,0.0,0.0,NaN,5120.0,NaN,NaN,0,0,0.0,0,0.0,NaN,0,NaN,0,0,0,0.0,0.0,0.0,0.0,0.0,0.0,0.0,0.0,0,0,0,0,127,0.0,0,0,0.0,0,0.0,0.0,0.0,0.0,0.0,0.0,0.0,0.0,0.0,0.0,0.7711549358170078,475,32910.22090000002,37,10473.580400000003,4,52917.1608,4,32668.9885,2,525.3982,4957.2566,37.5,0,0,537,537,5 + government bonds,sumsy,8,-1.4551915228366852e-11
76,512,4,4,115360.24669999999,0.0,0.0,0.0,0.0,,0.0,0.0,0.0,0.0,0.0,0.0,0.0025,5154.1185,0.0,0.0,1.0,681.8291999999994,0.0,0.0,0.0,1.0,0.0,0.0,1.0,0.0,0,0,19.22466000659121,3.060568629085997,22.28522863567721,10.346251735094446,3.0566466910658296,13.402898426160275,3503.3514000000278,3531.0663000000063,3503.3514000000278,0.0,0,0,0.0,0.0,0.0,1.0,1.0,0.0,0.0,0.0,0.0,0.5,0.25,0.0,-544.5281671263074,0.0,0,2560.0,2054.7260000000006,0.0,977.8063000000006,0.0,0.0,0.0,0.0,0.0,0,525.5316,2560.0,2054.7260000000006,977.8063000000006,271.0,0.0,0.0,0.015,6.082425738007373,6.544749343339639,6.302887812500004,NaN,5.646901423302198,24.064577879008418,1066.0,1084.0,533.0,2046.6666666666665,1528.0,204.0,130,0,0,1,54,32.0,2048.0,34836.66409999997,32569.1332,32897.7647,220,548,0,37,0.23270141796953592,0.33947719112724095,0.4296592633988703,0,10786.862100000002,6593.349499999992,54,0,640.0,0,0,0,0.0,0,0.0,43086.66409999996,0.0,0,0,0,1.5,0,0.0,0,0,0.0,0,0.0,0,0,4033.8482000000026,256.0,9377.034599999999,2,0.0,0.0,NaN,5120.0,NaN,NaN,0,0,0.0,0,0.0,NaN,0,NaN,0,0,0,0.0,0.0,0.0,0.0,0.0,0.0,0.0,0.0,0,0,0,0,130,0.0,0,0,0.0,0,0.0,0.0,0.0,0.0,0.0,0.0,0.0,0.0,0.0,0.0,0.7750142533583662,475,32537.9103,37,10548.753799999999,4,53119.1332,4,32897.7647,2,525.5316,5154.1185,37.5,0,0,533,533,5 + government bonds,sumsy,8,-1.4551915228366852e-11
77,512,4,4,115855.35519999996,0.0,0.0,0.0,0.0,,0.0,0.0,0.0,0.0,0.0,0.0,0.0025,5349.4444,0.0,0.0,1.0,682.4463000000004,0.0,0.0,0.0,1.0,0.0,0.0,1.0,0.0,0,0,19.166217900592837,3.083924244050621,22.25014214464346,10.224913728539331,3.0704938761012324,13.295407604640562,3591.4023999999845,3503.351400000025,3591.4023999999845,0.0,0,0,0.0,0.0,0.0,1.0,1.0,0.0,0.0,0.0,0.0,0.5,0.25,0.0,-544.5281671263074,0.0,0,2560.0,2064.891500000001,0.0,980.887300000001,0.0,0.0,0.0,0.0,0.0,0,525.6568,2560.0,2064.891500000001,980.887300000001,271.0,0.0,0.0,0.015,6.184581332082556,6.659967225325856,6.34388317610063,NaN,5.705647613587939,24.12673428904404,1074.0,1066.0,537.0,2046.6666666666665,1536.0,204.0,127,0,0,1,46,29.0,2048.0,34679.54539999999,32707.1417,33123.22380000001,220,548,0,37,0.2310092108426074,0.33927794945564504,0.4267727663468639,0,10925.526699999984,6592.763700000004,46,0,636.0,0,0,0,0.0,0,0.0,42929.545400000025,0.0,0,0,0,1.5,0,0.0,0,0,0.0,0,0.0,0,0,4034.709700000001,256.0,9470.3431,2,0.0,0.0,NaN,5120.0,NaN,NaN,0,0,0.0,0,0.0,NaN,0,NaN,0,0,0,0.0,0.0,0.0,0.0,0.0,0.0,0.0,0.0,0,0,0,0,127,0.0,0,0,0.0,0,0.0,0.0,0.0,0.0,0.0,0.0,0.0,0.0,0.0,0.0,0.7761677562632707,475,32252.973699999988,37,10676.571699999999,4,53257.1417,4,33123.22380000001,2,525.6568,5349.4444,37.5,0,0,537,537,5 + government bonds,sumsy,8,-1.4551915228366852e-11
78,512,4,4,116340.12420000002,0.0,0.0,0.0,0.0,,0.0,0.0,0.0,0.0,0.0,0.0,0.0025,5532.8055,0.0,0.0,1.0,693.9111,0.0,0.0,0.0,1.0,0.0,0.0,1.0,0.0,0,0,18.92128032204549,2.954851846450503,21.876132168495992,9.981763061301436,2.9321229631351877,12.913886024436625,3600.431400000011,3591.402400000007,3600.431400000011,0.0,0,0,0.0,0.0,0.0,1.0,1.0,0.0,0.0,0.0,0.0,0.5,0.25,0.0,-544.5281671263074,0.0,0,2560.0,2075.230999999998,0.0,984.167999999999,0.0,0.0,0.0,0.0,0.0,0,525.769,2560.0,2075.230999999998,984.167999999999,271.0,0.0,0.0,0.015,6.235639522058829,6.701740934579459,6.367833277591972,NaN,5.778737658045923,24.326288566294735,1070.0,1088.0,535.0,2046.6666666666665,1532.0,204.0,128,0,0,1,51,43.0,2048.0,34647.19730000001,32906.356700000004,33425.7622,220,548,0,37,0.23207852336402168,0.3396828094020008,0.4299065085083271,0,11015.003800000024,6784.375800000006,51,0,598.0,0,0,0,0.0,0,0.0,42897.197299999985,0.0,0,0,0,1.5,0,0.0,0,0,0.0,0,0.0,0,0,3807.964299999999,256.0,9302.2335,2,0.0,0.0,NaN,5120.0,NaN,NaN,0,0,0.0,0,0.0,NaN,0,NaN,0,0,0,0.0,0.0,0.0,0.0,0.0,0.0,0.0,0.0,0,0,0,0,128,0.0,0,0,0.0,0,0.0,0.0,0.0,0.0,0.0,0.0,0.0,0.0,0.0,0.0,0.7769125621262019,475,32239.8182,37,10657.379100000002,4,53456.356700000004,4,33425.7622,2,525.769,5532.8055,37.5,0,0,535,535,5 + government bonds,sumsy,8,-1.4551915228366852e-11
79,512,4,4,116814.72100000002,0.0,0.0,0.0,0.0,,0.0,0.0,0.0,0.0,0.0,0.0,0.0025,5710.0577,0.0,0.0,1.0,699.6383999999993,0.0,0.0,0.0,1.0,0.0,0.0,1.0,0.0,0,0,18.857724872296515,2.8932471183765083,21.750971990673023,10.031123413495648,2.861716632304869,12.892840045800517,3655.8657000000053,3600.4314000000136,3655.8657000000053,0.0,0,0,0.0,0.0,0.0,1.0,1.0,0.0,0.0,0.0,0.0,0.5,0.25,0.0,-544.5281671263074,0.0,0,2560.0,2085.403200000002,0.0,987.4313000000006,0.0,0.0,0.0,0.0,0.0,0,525.9126,2560.0,2085.403200000002,987.4313000000006,271.0,0.0,0.0,0.015,6.314342007434947,6.78001061452515,6.3505826825127345,NaN,5.779337535400415,24.27677529166586,1074.0,1076.0,537.0,2046.6666666666667,1536.0,204.0,128,0,0,1,49,47.0,2048.0,34694.443200000016,33074.139500000005,33705.1968,220,548,0,37,0.2326575735873173,0.3398262682017088,0.4273813265728066,0,11037.66799999998,6794.232000000003,49,0,589.0,0,0,0,0.0,0,0.0,42944.443199999994,0.0,0,0,0,1.5,0,0.0,0,0,0.0,0,0.0,0,0,3740.493200000001,256.0,9104.9712,2,0.0,0.0,NaN,5120.0,NaN,NaN,0,0,0.0,0,0.0,NaN,0,NaN,0,0,0,0.0,0.0,0.0,0.0,0.0,0.0,0.0,0.0,0,0,0,0,128,0.0,0,0,0.0,0,0.0,0.0,0.0,0.0,0.0,0.0,0.0,0.0,0.0,0.0,0.7771893740742151,475,32284.8895,37,10659.553699999999,4,53624.139500000005,4,33705.1968,2,525.9126,5710.0577,37.5,0,0,537,537,5 + government bonds,sumsy,8,-1.4551915228366852e-11
80,512,4,4,117280.23190000014,0.0,0.0,0.0,0.0,,0.0,0.0,0.0,0.0,0.0,0.0,0.0025,5877.8497,0.0,0.0,1.0,708.4716000000003,0.0,0.0,0.0,1.0,0.0,0.0,1.0,0.0,0,0,18.616801687770717,2.9964921837159717,21.613293871486693,9.659197490217132,2.965450028558248,12.62464751877538,3604.6566999999923,3655.8657000000176,3604.6566999999923,0.0,0,0,0.0,0.0,0.0,1.0,1.0,0.0,0.0,0.0,0.0,0.5,0.25,0.0,-544.5281671263074,0.0,0,2560.0,2094.4891,0.0,990.2513999999999,0.0,0.0,0.0,0.0,0.0,0,526.0858,2560.0,2094.4891,990.2513999999999,271.0,0.0,0.0,0.015,6.332427323943658,6.70963869158877,6.265927508650517,NaN,5.756183337620283,24.31237829360912,1070.0,1065.0,535.0,2046.6666666666665,1532.0,204.0,128,0,0,2,51,39.0,2048.0,34848.0835,33288.9107,33872.1638,220,548,0,37,0.22635188086388047,0.33587998106056327,0.4248533421317098,0,10976.41320000003,6744.0350999999955,51,0,578.0,0,0,0,0.0,0,0.0,43098.08349999997,0.0,0,0,0,1.5,0,0.0,0,0,0.0,0,0.0,0,0,3621.706099999999,256.0,8867.1384,2,0.0,0.0,NaN,5120.0,NaN,NaN,0,0,0.0,0,0.0,NaN,0,NaN,0,0,0,0.0,0.0,0.0,0.0,0.0,0.0,0.0,0.0,0,0,0,0,128,0.0,0,0,0.0,0,0.0,0.0,0.0,0.0,0.0,0.0,0.0,0.0,0.0,0.0,0.7757412993084609,475,32403.067,37,10695.0165,4,53838.9107,4,33872.1638,2,526.0858,5877.8497,37.5,0,0,535,535,5 + government bonds,sumsy,8,-1.4551915228366852e-11
81,512,4,4,117736.49429999985,0.0,0.0,0.0,0.0,,0.0,0.0,0.0,0.0,0.0,0.0,0.0025,6043.1465,0.0,0.0,1.0,710.4962999999998,0.0,0.0,0.0,1.0,0.0,0.0,1.0,0.0,0,0,18.611325584589572,2.989125439509198,21.600451024098767,9.465462122834694,2.975020790202138,12.440482913036833,3644.064800000003,3604.6567000000027,3644.064800000003,0.0,0,0,0.0,0.0,0.0,1.0,1.0,0.0,0.0,0.0,0.0,0.5,0.25,0.0,-544.5281671263074,0.0,0,2560.0,2103.7376000000013,0.0,993.1773000000002,0.0,0.0,0.0,0.0,0.0,0,526.1622,2560.0,2103.7376000000013,993.1773000000002,271.0,0.0,0.0,0.015,6.30400195167286,6.758035009310992,6.171141693811075,NaN,5.691677395234251,24.226521357222676,1074.0,1076.0,537.0,2045.3333333333335,1536.0,204.0,127,0,0,2,53,40.0,2048.0,34723.29710000001,33442.596000000005,34111.1414,220,548,0,37,0.22554086029449327,0.3356182887572978,0.4262551578518312,0,10903.07240000001,6783.106099999997,53,0,614.0,0,0,0,0.0,0,0.0,42973.29710000002,0.0,0,0,0,1.5,0,0.0,0,0,0.0,0,0.0,0,0,3789.081,256.0,8890.1511,2,0.0,0.0,NaN,5120.0,NaN,NaN,0,0,0.0,0,0.0,NaN,0,NaN,0,0,0,0.0,0.0,0.0,0.0,0.0,0.0,0.0,0.0,0,0,0,0,127,0.0,0,0,0.0,0,0.0,0.0,0.0,0.0,0.0,0.0,0.0,0.0,0.0,0.0,0.7766963108763738,475,32324.064400000003,37,10649.232699999997,4,53992.596000000005,4,34111.1414,2,526.1622,6043.1465,37.5,0,0,537,537,5 + government bonds,sumsy,8,-1.4551915228366852e-11
82,512,4,4,118183.64560000002,0.0,0.0,0.0,0.0,,0.0,0.0,0.0,0.0,0.0,0.0,0.0025,6211.0308,0.0,0.0,1.0,707.3087999999998,0.0,0.0,0.0,1.0,0.0,0.0,1.0,0.0,0,0,18.756134241260614,3.0380343560524627,21.794168597313078,9.160771524396939,3.003670253025569,12.164441777422507,3612.7908000000107,3644.0648000000083,3612.7908000000107,0.0,0,0,0.0,0.0,0.0,1.0,1.0,0.0,0.0,0.0,0.0,0.5,0.25,0.0,-544.5281671263074,0.0,0,2560.0,2112.848699999998,0.0,996.0138999999994,0.0,0.0,0.0,0.0,0.0,0,526.1682,2560.0,2112.848699999998,996.0138999999994,271.0,0.0,0.0,0.015,6.269293233082711,6.699796648044712,6.0383725752508335,NaN,5.596589356973347,24.220449275835882,1074.0,1064.0,537.0,2045.3333333333335,1536.0,204.0,127,0,0,0,47,33.0,2048.0,34742.69579999998,33650.419499999996,34228.0522,220,548,0,37,0.21629448368828053,0.32766622973808723,0.4200396785251015,0,10756.702700000016,6670.528000000004,47,0,598.0,0,0,0,0.0,0,0.0,42992.69580000002,0.0,0,0,0,1.5,0,0.0,0,0,0.0,0,0.0,0,0,3610.9467999999983,256.0,8825.2791,2,0.0,0.0,NaN,5120.0,NaN,NaN,0,0,0.0,0,0.0,NaN,0,NaN,0,0,0,0.0,0.0,0.0,0.0,0.0,0.0,0.0,0.0,0,0,0,0,127,0.0,0,0,0.0,0,0.0,0.0,0.0,0.0,0.0,0.0,0.0,0.0,0.0,0.0,0.7746703943920601,475,32355.07599999998,37,10637.6198,4,54200.419499999996,4,34228.0522,2,526.1682,6211.0308,37.5,0,0,537,537,5 + government bonds,sumsy,8,-1.4551915228366852e-11
83,512,4,4,118621.56240000018,0.0,0.0,0.0,0.0,,0.0,0.0,0.0,0.0,0.0,0.0,0.0025,6382.1512,0.0,0.0,1.0,703.4124000000003,0.0,0.0,0.0,1.0,0.0,0.0,1.0,0.0,0,0,18.93068035934762,3.014248519022486,21.944928878370106,9.22061265291613,2.975823291384922,12.196435944301053,3586.5028999999954,3612.7908000000084,3586.5028999999954,0.0,0,0,0.0,0.0,0.0,1.0,1.0,0.0,0.0,0.0,0.0,0.5,0.25,0.0,-544.5281671263074,0.0,0,2560.0,2122.0831999999973,0.0,998.8711999999995,0.0,0.0,0.0,0.0,0.0,0,526.0628,2560.0,2122.0831999999973,998.8711999999995,271.0,0.0,0.0,0.015,6.193270940959405,6.663251679104469,5.9153060221870115,NaN,5.554236897491479,24.426378724747583,1072.0,1084.0,536.0,2048.0,1534.0,204.0,128,0,0,2,52,43.0,2048.0,34527.668900000004,33855.181300000004,34421.054000000004,220,548,0,37,0.2180473421244613,0.3318750451376349,0.420123000408825,0,10684.756200000029,6713.505699999994,52,0,631.0,0,0,0,0.0,0,0.0,42777.66890000002,0.0,0,0,0,1.5,0,0.0,0,0,0.0,0,0.0,0,0,3732.5581000000043,256.0,8909.4442,2,0.0,0.0,NaN,5120.0,NaN,NaN,0,0,0.0,0,0.0,NaN,0,NaN,0,0,0,0.0,0.0,0.0,0.0,0.0,0.0,0.0,0.0,0,0,0,0,128,0.0,0,0,0.0,0,0.0,0.0,0.0,0.0,0.0,0.0,0.0,0.0,0.0,0.0,0.7773525434465158,475,32122.749500000005,37,10654.919399999999,4,54405.181300000004,4,34421.054000000004,2,526.0628,6382.1512,37.5,0,0,536,536,5 + government bonds,sumsy,8,-1.4551915228366852e-11
84,512,4,4,119050.88379999992,0.0,0.0,0.0,0.0,,0.0,0.0,0.0,0.0,0.0,0.0,0.0025,6560.6183,0.0,0.0,1.0,694.8851999999995,0.0,0.0,0.0,1.0,0.0,0.0,1.0,0.0,0,0,19.024078182825875,3.1298278007557476,22.153905983581623,9.351328772341153,3.118799860874069,12.470128633215223,3547.456199999981,3586.502899999984,3547.456199999981,0.0,0,0,0.0,0.0,0.0,1.0,1.0,0.0,0.0,0.0,0.0,0.5,0.25,0.0,-544.5281671263074,0.0,0,2560.0,2130.678600000002,0.0,1001.344300000001,0.0,0.0,0.0,0.0,0.0,0,525.8642,2560.0,2130.678600000002,1001.344300000001,271.0,0.0,0.0,0.015,6.172916931711881,6.578130726256948,5.858469531250011,NaN,5.560033680279268,24.687449661385266,1074.0,1069.0,537.0,2045.3333333333335,1536.0000000000002,204.0,127,0,0,3,52,39.0,2048.0,34433.70169999998,34045.00600000001,34525.3217,220,548,0,37,0.21472303610163923,0.33047215394764695,0.4211751627056737,0,10706.938999999977,6598.8482,52,0,640.0,0,0,0,0.0,0,0.0,42683.70169999996,0.0,0,0,0,1.5,0,0.0,0,0,0.0,0,0.0,0,0,3749.4205000000065,256.0,8960.3719,2,0.0,0.0,NaN,5120.0,NaN,NaN,0,0,0.0,0,0.0,NaN,0,NaN,0,0,0,0.0,0.0,0.0,0.0,0.0,0.0,0.0,0.0,0,0,0,0,127,0.0,0,0,0.0,0,0.0,0.0,0.0,0.0,0.0,0.0,0.0,0.0,0.0,0.0,0.7777439501994186,475,32053.467899999978,37,10630.2338,4,54595.00600000001,4,34525.3217,2,525.8642,6560.6183,37.5,0,0,537,537,5 + government bonds,sumsy,8,-1.4551915228366852e-11
85,512,4,4,119471.1271000001,0.0,0.0,0.0,0.0,,0.0,0.0,0.0,0.0,0.0,0.0,0.0025,6740.3505,0.0,0.0,1.0,692.6004000000007,0.0,0.0,0.0,1.0,0.0,0.0,1.0,0.0,0,0,19.10099125864027,3.0334897746572933,22.134481033297565,9.31387131199,3.0009616944196704,12.314833006409671,3536.1017999999963,3547.456199999998,3536.1017999999963,0.0,0,0,0.0,0.0,0.0,1.0,1.0,0.0,0.0,0.0,0.0,0.5,0.25,0.0,-544.5281671263074,0.0,0,2560.0,2139.7566999999985,0.0,1004.0297999999995,0.0,0.0,0.0,0.0,0.0,0,525.6956,2560.0,2139.7566999999985,1004.0297999999995,271.0,0.0,0.0,0.015,6.130716893732972,6.544798884758357,5.82112171799028,NaN,5.570277425057241,24.868442443875804,1076.0,1101.0,538.0,2044.0,1538.0000000000002,204.0,127,0,0,1,68,49.0,2048.0,34374.53599999998,34188.213,34819.5605,220,548,0,37,0.22498710806461863,0.3351550943330943,0.4229026184817859,0,10734.618999999984,6749.919300000001,68,0,617.0,0,0,0,0.0,0,0.0,42624.53600000001,0.0,0,0,0,1.5,0,0.0,0,0,0.0,0,0.0,0,0,3591.632100000003,256.0,8822.771499999999,2,0.0,0.0,NaN,5120.0,NaN,NaN,0,0,0.0,0,0.0,NaN,0,NaN,0,0,0,0.0,0.0,0.0,0.0,0.0,0.0,0.0,0.0,0,0,0,0,127,0.0,0,0,0.0,0,0.0,0.0,0.0,0.0,0.0,0.0,0.0,0.0,0.0,0.0,0.77977109313267,475,32083.9506,37,10540.585399999998,4,54738.213,4,34819.5605,2,525.6956,6740.3505,37.5,0,0,538,538,5 + government bonds,sumsy,8,-1.4551915228366852e-11
86,512,4,4,119882.65479999999,0.0,0.0,0.0,0.0,,0.0,0.0,0.0,0.0,0.0,0.0,0.0025,6923.555,0.0,0.0,1.0,687.8676000000003,0.0,0.0,0.0,1.0,0.0,0.0,1.0,0.0,0,0,19.40912811183317,3.0033590584600627,22.412487170293232,9.078907049259962,2.9937264326212887,12.072633481881251,3552.611600000014,3536.101799999999,3552.611600000014,0.0,0,0,0.0,0.0,0.0,1.0,1.0,0.0,0.0,0.0,0.0,0.5,0.25,0.0,-544.5281671263074,0.0,0,2560.0,2148.472300000002,0.0,1006.5154000000007,0.0,0.0,0.0,0.0,0.0,0,525.6456,2560.0,2148.472300000002,1006.5154000000007,271.0,0.0,0.0,0.015,6.149662337662336,6.5029625000000255,5.705274839743584,NaN,5.516546582028022,24.622002924913126,1088.0,1078.0,544.0,2046.6666666666665,1550.0,204.0,124,0,0,1,58,46.0,2048.0,34448.37899999997,34293.798800000004,34989.79860000001,220,548,0,37,0.2131968981422363,0.3281618433281879,0.4142313262867583,0,10716.39700000001,6629.3359999999975,58,0,624.0,0,0,0,0.0,0,0.0,42698.378999999986,0.0,0,0,0,1.5,0,0.0,0,0,0.0,0,0.0,0,0,3560.0914999999964,256.0,8701.4778,2,0.0,0.0,NaN,5120.0,NaN,NaN,0,0,0.0,0,0.0,NaN,0,NaN,0,0,0,0.0,0.0,0.0,0.0,0.0,0.0,0.0,0.0,0,0,0,0,124,0.0,0,0,0.0,0,0.0,0.0,0.0,0.0,0.0,0.0,0.0,0.0,0.0,0.0,0.7777044369113779,475,32106.01839999998,37,10592.3606,4,54843.798800000004,4,34989.79860000001,2,525.6456,6923.555,37.5,0,0,544,544,5 + government bonds,sumsy,8,-1.4551915228366852e-11
87,512,4,4,120286.52760000004,0.0,0.0,0.0,0.0,,0.0,0.0,0.0,0.0,0.0,0.0,0.0025,7102.9638,0.0,0.0,1.0,689.9943000000002,0.0,0.0,0.0,1.0,0.0,0.0,1.0,0.0,0,0,19.42672913570359,2.9904563940358084,22.4171855297394,9.303619529978896,2.9886660837200467,12.292285613698944,3583.113699999985,3552.6116000000115,3583.113699999985,0.0,0,0,0.0,0.0,0.0,1.0,1.0,0.0,0.0,0.0,0.0,0.5,0.25,0.0,-544.5281671263074,0.0,0,2560.0,2156.1272000000017,0.0,1008.5093000000003,0.0,0.0,0.0,0.0,0.0,0,525.632,2560.0,2156.1272000000017,1008.5093000000003,271.0,0.0,0.0,0.015,6.141971724787927,6.619876994434109,5.616544218749995,NaN,5.474377866419274,24.796657317356342,1078.0,1061.0,539.0,2046.6666666666667,1540.0,204.0,127,0,0,1,55,29.0,2048.0,34480.29410000004,34444.7274,35039.2421,220,548,0,37,0.2201362096213879,0.333312984661017,0.43410183120161117,0,10596.271,6516.6319999999905,55,0,640.0,0,0,0,0.0,0,0.0,42730.29410000004,0.0,0,0,0,1.5,0,0.0,0,0,0.0,0,0.0,0,0,3594.5882999999967,256.0,8693.6682,2,0.0,0.0,NaN,5120.0,NaN,NaN,0,0,0.0,0,0.0,NaN,0,NaN,0,0,0,0.0,0.0,0.0,0.0,0.0,0.0,0.0,0.0,0,0,0,0,127,0.0,0,0,0.0,0,0.0,0.0,0.0,0.0,0.0,0.0,0.0,0.0,0.0,0.0,0.779404421468161,475,32126.726000000024,37,10603.568099999997,4,54994.7274,4,35039.2421,2,525.632,7102.9638,37.5,0,0,539,539,5 + government bonds,sumsy,8,-1.4551915228366852e-11
88,512,4,4,120681.66670000015,0.0,0.0,0.0,0.0,,0.0,0.0,0.0,0.0,0.0,0.0,0.0025,7282.1214,0.0,0.0,1.0,689.1272999999995,0.0,0.0,0.0,1.0,0.0,0.0,1.0,0.0,0,0,19.453392592592486,3.056162350820032,22.509554943412518,9.236124685778394,3.0470892920230774,12.283213977801472,3551.3312000000064,3583.113700000001,3551.3312000000064,0.0,0,0,0.0,0.0,0.0,1.0,1.0,0.0,0.0,0.0,0.0,0.5,0.25,0.0,-544.5281671263074,0.0,0,2560.0,2164.8609,0.0,1011.0485000000003,0.0,0.0,0.0,0.0,0.0,0,525.5248,2560.0,2164.8609,1011.0485000000003,271.0,0.0,0.0,0.015,6.101307534883715,6.536656561922378,5.634175981161691,NaN,5.4468464556485205,24.85006884554171,1082.0,1075.0,541.0,2046.6666666666667,1544.0,204.0,125,0,0,2,48,34.0,2048.0,34454.791999999994,34624.4512,35111.3778,220,548,0,37,0.21945273331146886,0.3337524932085638,0.43361288474834137,1,10575.558700000018,6558.905599999994,48,0,637.0,0,0,0,0.0,0,0.0,42704.792,0.0,0,0,0,1.5,0,0.0,0,0,0.0,0,0.0,0,0,3588.9700999999973,256.0,8683.3995,2,0.0,0.0,NaN,5120.0,NaN,NaN,0,0,0.0,0,0.0,NaN,0,NaN,0,0,0,0.0,0.0,0.0,0.0,0.0,0.0,0.0,0.0,0,0,0,0,125,0.0,0,0,0.0,0,0.0,0.0,0.0,0.0,0.0,0.0,0.0,0.0,0.0,0.0,0.7799681444542954,475,32052.68249999999,37,10652.1095,4,55174.4512,4,35111.3778,2,525.5248,7282.1214,37.5,0,0,541,541,5 + government bonds,sumsy,8,-1.4551915228366852e-11
89,512,4,4,121069.36940000003,0.0,0.0,0.0,0.0,,0.0,0.0,0.0,0.0,0.0,0.0,0.0025,7463.9844,0.0,0.0,1.0,684.5679000000008,0.0,0.0,0.0,1.0,0.0,0.0,1.0,0.0,0,0,19.485131784102872,3.0818029321544036,22.566934716257276,9.124469756709685,3.065803468678632,12.190273225388317,3471.4937999999906,3551.3312000000096,3471.4937999999906,0.0,0,0,0.0,0.0,0.0,1.0,1.0,0.0,0.0,0.0,0.0,0.5,0.25,0.0,-544.5281671263074,0.0,0,2560.0,2172.297300000002,0.0,1012.9095000000005,0.0,0.0,0.0,0.0,0.0,0,525.4108,2560.0,2172.297300000002,1012.9095000000005,271.0,0.0,0.0,0.015,6.021894957983202,6.460736074766338,5.65093421874999,NaN,5.4486950209403515,25.30928921194699,1070.0,1071.0,535.0,2045.3333333333335,1532.0,204.0,128,0,0,2,44,39.0,2048.0,34449.537300000025,34805.2242,35127.9547,220,548,0,37,0.21634155449096837,0.3286025556130192,0.42170204873324546,0,10513.662599999992,6449.449500000009,44,0,640.0,0,0,0,0.0,0,0.0,42699.53729999999,0.0,0,0,0,1.5,0,0.0,0,0,0.0,0,0.0,0,0,3616.5978999999934,256.0,8697.258,2,0.0,0.0,NaN,5120.0,NaN,NaN,0,0,0.0,0,0.0,NaN,0,NaN,0,0,0,0.0,0.0,0.0,0.0,0.0,0.0,0.0,0.0,0,0,0,0,128,0.0,0,0,0.0,0,0.0,0.0,0.0,0.0,0.0,0.0,0.0,0.0,0.0,0.0,0.7787862267823196,475,32141.538200000006,37,10557.9991,4,55355.2242,4,35127.9547,2,525.4108,7463.9844,37.5,0,0,535,535,5 + government bonds,sumsy,8,-1.4551915228366852e-11
90,512,4,4,121449.29679999992,0.0,0.0,0.0,0.0,,0.0,0.0,0.0,0.0,0.0,0.0,0.0025,7652.8818,0.0,0.0,1.0,675.6582,0.0,0.0,0.0,1.0,0.0,0.0,1.0,0.0,0,0,19.795980749984913,3.1434594068842574,22.939440156869168,9.058303464504982,3.136615753018916,12.194919217523898,3431.547600000005,3471.4938000000093,3431.547600000005,0.0,0,0,0.0,0.0,0.0,1.0,1.0,0.0,0.0,0.0,0.0,0.5,0.25,0.0,-544.5281671263074,0.0,0,2560.0,2180.0726000000022,0.0,1014.8771000000005,0.0,0.0,0.0,0.0,0.0,0,525.3406,2560.0,2180.0726000000022,1014.8771000000005,271.0,0.0,0.0,0.015,5.981577053824366,6.422081954887227,5.635990468749998,NaN,5.434232949510106,25.632097610681342,1064.0,1059.0,532.0,2045.3333333333333,1526.0,204.0,129,0,0,1,48,27.0,2048.0,34512.11769999999,34925.3006,35140.84910000001,220,548,0,37,0.21135546350457157,0.32687290120839907,0.43692866522031526,0,10457.617700000017,6334.490100000004,48,0,640.0,0,0,0,0.0,0,0.0,42762.11770000004,0.0,0,0,0,1.5,0,0.0,0,0,0.0,0,0.0,0,0,3607.033899999999,256.0,8692.807,2,0.0,0.0,NaN,5120.0,NaN,NaN,0,0,0.0,0,0.0,NaN,0,NaN,0,0,0,0.0,0.0,0.0,0.0,0.0,0.0,0.0,0.0,0,0,0,0,129,0.0,0,0,0.0,0,0.0,0.0,0.0,0.0,0.0,0.0,0.0,0.0,0.0,0.0,0.7782603131153254,475,32158.298599999976,37,10603.819099999997,4,55475.3006,4,35140.84910000001,2,525.3406,7652.8818,37.5,0,0,532,532,5 + government bonds,sumsy,8,-1.4551915228366852e-11
91,512,4,4,121821.41490000006,0.0,0.0,0.0,0.0,,0.0,0.0,0.0,0.0,0.0,0.0,0.0025,7844.3849,0.0,0.0,1.0,671.1344999999994,0.0,0.0,0.0,1.0,0.0,0.0,1.0,0.0,0,0,20.142445072720392,3.068488596775182,23.210933669495574,9.601783333381013,3.052876280212262,12.654659613593275,3487.3474999999767,3431.547600000006,3487.3474999999767,0.0,0,0,0.0,0.0,0.0,1.0,1.0,0.0,0.0,0.0,0.0,0.5,0.25,0.0,-544.5281671263074,0.0,0,2560.0,2187.881899999998,0.0,1016.8393999999995,0.0,0.0,0.0,0.0,0.0,0,525.3296,2560.0,2187.881899999998,1016.8393999999995,271.0,0.0,0.0,0.015,5.959434819734345,6.478260261193986,5.709967187499993,NaN,5.412721020494819,25.51759047776485,1072.0,1054.0,536.0,2046.6666666666667,1534.0,204.0,128,0,0,0,39,18.0,2048.0,34588.40849999998,34995.609800000006,35128.1523,220,548,0,37,0.22153997320757934,0.3337135873466861,0.4396575870775401,0,10466.3142,6281.2443,39,0,640.0,0,0,0,0.0,0,0.0,42838.4085,0.0,0,0,0,1.5,0,0.0,0,0,0.0,0,0.0,0,0,3654.3789999999954,256.0,8739.5298,2,0.0,0.0,NaN,5120.0,NaN,NaN,0,0,0.0,0,0.0,NaN,0,NaN,0,0,0,0.0,0.0,0.0,0.0,0.0,0.0,0.0,0.0,0,0,0,0,128,0.0,0,0,0.0,0,0.0,0.0,0.0,0.0,0.0,0.0,0.0,0.0,0.0,0.0,0.7801681437555501,475,32167.914499999995,37,10670.494,4,55545.609800000006,4,35128.1523,2,525.3296,7844.3849,37.5,0,0,536,536,5 + government bonds,sumsy,8,-1.4551915228366852e-11
92,512,4,4,122185.70549999997,0.0,0.0,0.0,0.0,,0.0,0.0,0.0,0.0,0.0,0.0,0.0025,8036.3751,0.0,0.0,1.0,668.6508000000002,0.0,0.0,0.0,1.0,0.0,0.0,1.0,0.0,0,0,20.38031746353187,3.0704647113736154,23.450782174905484,10.077873195708479,3.026462973267892,13.10433616897637,3441.4260999999974,3487.347499999996,3441.4260999999974,0.0,0,0,0.0,0.0,0.0,1.0,1.0,0.0,0.0,0.0,0.0,0.5,0.25,0.0,-544.5281671263074,0.0,0,2560.0,2195.7094000000006,0.0,1018.7831000000001,0.0,0.0,0.0,0.0,0.0,0,525.307,2560.0,2195.7094000000006,1018.7831000000001,271.0,0.0,0.0,0.015,5.918166757990871,6.440650563909769,5.813774921630087,NaN,5.4259686020800935,25.817245202131677,1064.0,1095.0,532.0,2048.0,1526.0,204.0,130,0,0,2,62,29.0,2048.0,34393.19190000003,35142.6916,35274.993200000004,220,548,0,37,0.22995012007671645,0.3379744468778332,0.4448856019122529,1,10446.9192,6480.392600000004,62,0,638.0,0,0,0,0.0,0,0.0,42643.19190000002,0.0,0,0,0,1.5,0,0.0,0,0,0.0,0,0.0,0,0,3709.1883999999955,256.0,8813.146700000001,2,0.0,0.0,NaN,5120.0,NaN,NaN,0,0,0.0,0,0.0,NaN,0,NaN,0,0,0,0.0,0.0,0.0,0.0,0.0,0.0,0.0,0.0,0,0,0,0,130,0.0,0,0,0.0,0,0.0,0.0,0.0,0.0,0.0,0.0,0.0,0.0,0.0,0.0,0.782568087632439,475,31854.175000000007,37,10789.0169,4,55692.6916,4,35274.993200000004,2,525.307,8036.3751,37.5,0,0,532,532,5 + government bonds,sumsy,8,-1.4551915228366852e-11
93,512,4,4,122543.31579999991,0.0,0.0,0.0,0.0,,0.0,0.0,0.0,0.0,0.0,0.0,0.0025,8230.3941,0.0,0.0,1.0,664.0199999999995,0.0,0.0,0.0,1.0,0.0,0.0,1.0,0.0,0,0,20.469744222795086,3.1003995194583065,23.570143742253396,10.054815442545138,3.083007408696012,13.13782285124115,3477.1315999999965,3441.4261000000206,3477.1315999999965,0.0,0,0,0.0,0.0,0.0,1.0,1.0,0.0,0.0,0.0,0.0,0.5,0.25,0.0,-544.5281671263074,0.0,0,2560.0,2202.3896999999997,0.0,1020.1436,0.0,0.0,0.0,0.0,0.0,0,525.2742,2560.0,2202.3896999999997,1020.1436,271.0,0.0,0.0,0.015,5.951989860465117,6.387696678966783,5.893699218749999,NaN,5.418364969974094,25.52036725837211,1084.0,1075.0,542.0,2045.3333333333333,1546.0,204.0,125,0,0,2,49,33.0,2048.0,34317.291999999994,35202.0593,35361.3351,220,548,0,37,0.2273947376765444,0.33886336736291756,0.42205971488891336,0,10545.90310000001,6398.389100000001,49,0,640.0,0,0,0,0.0,0,0.0,42567.291999999994,0.0,0,0,0,1.5,0,0.0,0,0,0.0,0,0.0,0,0,3771.9674999999993,256.0,8906.9611,2,0.0,0.0,NaN,5120.0,NaN,NaN,0,0,0.0,0,0.0,NaN,0,NaN,0,0,0,0.0,0.0,0.0,0.0,0.0,0.0,0.0,0.0,0,0,0,0,125,0.0,0,0,0.0,0,0.0,0.0,0.0,0.0,0.0,0.0,0.0,0.0,0.0,0.0,0.7834091594085861,475,31708.64749999998,37,10858.644499999999,4,55752.05930000001,4,35361.3351,2,525.2742,8230.3941,37.5,0,0,542,542,5 + government bonds,sumsy,8,-1.4551915228366852e-11
94,512,4,4,122893.58600000007,0.0,0.0,0.0,0.0,,0.0,0.0,0.0,0.0,0.0,0.0,0.0025,8418.5069,0.0,0.0,1.0,667.8143999999996,0.0,0.0,0.0,1.0,0.0,0.0,1.0,0.0,0,0,20.298144457954262,3.1290810737493473,23.42722553170361,9.640892286864677,3.0962339273434787,12.737126214208155,3434.2116999999885,3477.1316000000143,3434.2116999999885,0.0,0,0,0.0,0.0,0.0,1.0,1.0,0.0,0.0,0.0,0.0,0.5,0.25,0.0,-544.5281671263074,0.0,0,2560.0,2209.729799999999,0.0,1021.8861,0.0,0.0,0.0,0.0,0.0,0,525.2676,2560.0,2209.729799999999,1021.8861,271.0,0.0,0.0,0.015,5.941662408088231,6.391049906542034,5.9255485937500065,NaN,5.475772016325632,25.95894794448783,1070.0,1088.0,535.0,2045.3333333333333,1532.0,204.0,128,0,0,1,60,38.0,2048.0,34171.262400000014,35320.3082,35484.8204,220,548,0,37,0.2215533611612699,0.33636125710460085,0.43885648094173946,0,10560.861799999997,6464.528699999995,60,0,640.0,0,0,0,0.0,0,0.0,42421.2624,0.0,0,0,0,1.5,0,0.0,0,0,0.0,0,0.0,0,0,3792.351100000004,256.0,8973.4205,2,0.0,0.0,NaN,5120.0,NaN,NaN,0,0,0.0,0,0.0,NaN,0,NaN,0,0,0,0.0,0.0,0.0,0.0,0.0,0.0,0.0,0.0,0,0,0,0,128,0.0,0,0,0.0,0,0.0,0.0,0.0,0.0,0.0,0.0,0.0,0.0,0.0,0.0,0.783590200758163,475,31539.63400000003,37,10881.628400000001,4,55870.3082,4,35484.8204,2,525.2676,8418.5069,37.5,0,0,535,535,5 + government bonds,sumsy,8,-1.4551915228366852e-11
95,512,4,4,123236.84779999993,0.0,0.0,0.0,0.0,,0.0,0.0,0.0,0.0,0.0,0.0,0.0025,8605.5556,0.0,0.0,1.0,666.6566999999999,0.0,0.0,0.0,1.0,0.0,0.0,1.0,0.0,0,0,20.503323168271617,3.086036037450549,23.589359205722165,10.042173520450666,3.055731585402869,13.097905105853535,3513.3781999999965,3434.211699999993,3513.3781999999965,0.0,0,0,0.0,0.0,0.0,1.0,1.0,0.0,0.0,0.0,0.0,0.5,0.25,0.0,-544.5281671263074,0.0,0,2560.0,2216.7382000000002,0.0,1023.4818999999997,0.0,0.0,0.0,0.0,0.0,0,525.2546,2560.0,2216.7382000000002,1023.4818999999997,271.0,0.0,0.0,0.015,6.01708964552239,6.466503142329014,6.005031718749995,NaN,5.498031663765648,25.81264927534145,1082.0,1072.0,541.0,2046.6666666666665,1544.0,204.0,125,0,0,0,53,33.0,2048.0,34091.17289999998,35355.2533,35605.855599999995,220,548,0,37,0.2311269640580389,0.3422519270678006,0.4427663577948868,0,10662.622300000015,6450.320100000002,53,0,640.0,0,0,0,0.0,0,0.0,42341.172900000005,0.0,0,0,0,1.5,0,0.0,0,0,0.0,0,0.0,0,0,3843.220299999997,256.0,9053.7558,2,0.0,0.0,NaN,5120.0,NaN,NaN,0,0,0.0,0,0.0,NaN,0,NaN,0,0,0,0.0,0.0,0.0,0.0,0.0,0.0,0.0,0.0,0,0,0,0,125,0.0,0,0,0.0,0,0.0,0.0,0.0,0.0,0.0,0.0,0.0,0.0,0.0,0.0,0.7858801240106585,475,31530.31349999999,37,10810.8594,4,55905.2533,4,35605.855599999995,2,525.2546,8605.5556,37.5,0,0,541,541,5 + government bonds,sumsy,8,-1.4551915228366852e-11
96,512,4,4,123572.90840000004,0.0,0.0,0.0,0.0,,0.0,0.0,0.0,0.0,0.0,0.0,0.0025,8782.3173,0.0,0.0,1.0,675.1176000000002,0.0,0.0,0.0,1.0,0.0,0.0,1.0,0.0,0,0,20.507239594050464,3.035519693684294,23.54275928773476,10.035498175068373,2.9920857257981983,13.02758390086657,3565.291299999992,3513.3782000000083,3565.291299999992,0.0,0,0,0.0,0.0,0.0,1.0,1.0,0.0,0.0,0.0,0.0,0.5,0.25,0.0,-544.5281671263074,0.0,0,2560.0,2223.9393999999984,0.0,1025.2727999999993,0.0,0.0,0.0,0.0,0.0,0,525.323,2560.0,2223.9393999999984,1025.2727999999993,271.0,0.0,0.0,0.015,6.07341345083488,6.58681131725416,6.075143959731543,NaN,5.554583024823168,25.926726775931467,1078.0,1078.0,539.0,2048.0,1540.0,204.0,127,0,0,3,54,36.0,2048.0,34198.03990000001,35458.4497,35722.2601,220,548,0,37,0.2284801136331447,0.34296675088586603,0.4250472879545888,0,10725.214100000017,6547.139700000001,54,0,596.0,0,0,0,0.0,0,0.0,42448.03989999996,0.0,0,0,0,1.5,0,0.0,0,0,0.0,0,0.0,0,0,3620.7857999999997,256.0,8886.5184,2,0.0,0.0,NaN,5120.0,NaN,NaN,0,0,0.0,0,0.0,NaN,0,NaN,0,0,0,0.0,0.0,0.0,0.0,0.0,0.0,0.0,0.0,0,0,0,0,127,0.0,0,0,0.0,0,0.0,0.0,0.0,0.0,0.0,0.0,0.0,0.0,0.0,0.0,0.7858290524420186,475,31570.925700000014,37,10877.114200000002,4,56008.4497,4,35722.2601,2,525.323,8782.3173,37.5,0,0,539,539,5 + government bonds,sumsy,8,-1.4551915228366852e-11
97,512,4,4,123902.25919999997,0.0,0.0,0.0,0.0,,0.0,0.0,0.0,0.0,0.0,0.0,0.0025,8950.9301,0.0,0.0,1.0,681.4364999999995,0.0,0.0,0.0,1.0,0.0,0.0,1.0,0.0,0,0,20.420637184180308,2.942634875753004,23.363272059933312,9.902468969410723,2.942634875753004,12.845103845163727,3566.5490999999765,3565.291299999983,3566.5490999999765,0.0,0,0,0.0,0.0,0.0,1.0,1.0,0.0,0.0,0.0,0.0,0.5,0.25,0.0,-544.5281671263074,0.0,0,2560.0,2230.649199999998,0.0,1026.898799999999,0.0,0.0,0.0,0.0,0.0,0,525.3722,2560.0,2230.649199999998,1026.898799999999,271.0,0.0,0.0,0.015,6.100616496756256,6.58914489795914,6.100585303514381,NaN,5.559508196439665,25.94859828088416,1078.0,1079.0,539.0,2044.0000000000002,1540.0,204.0,126,0,0,1,55,37.0,2048.0,34082.547899999976,35586.7903,35822.2808,220,548,0,37,0.22903942660696264,0.3445846277530804,0.43004384816202523,0,10735.239600000006,6582.5652,55,0,626.0,0,0,0,0.0,0,0.0,42332.547900000005,0.0,0,0,0,1.5,0,0.0,0,0,0.0,0,0.0,0,0,3818.966400000003,256.0,8934.337899999999,2,0.0,0.0,NaN,5120.0,NaN,NaN,0,0,0.0,0,0.0,NaN,0,NaN,0,0,0,0.0,0.0,0.0,0.0,0.0,0.0,0.0,0.0,0,0,0,0,126,0.0,0,0,0.0,0,0.0,0.0,0.0,0.0,0.0,0.0,0.0,0.0,0.0,0.0,0.7870546346015137,475,31455.315899999983,37,10877.232,4,56136.7903,4,35822.2808,2,525.3722,8950.9301,37.5,0,0,539,539,5 + government bonds,sumsy,8,-1.4551915228366852e-11
98,512,4,4,124225.28300000017,0.0,0.0,0.0,0.0,,0.0,0.0,0.0,0.0,0.0,0.0,0.0025,9114.63,0.0,0.0,1.0,684.4913999999994,0.0,0.0,0.0,1.0,0.0,0.0,1.0,0.0,0,0,20.120898495977364,3.066125030334589,23.187023526311954,9.640687347874058,3.051255751999504,12.691943099873562,3575.6376000000223,3566.5490999999897,3575.6376000000223,0.0,0,0,0.0,0.0,0.0,1.0,1.0,0.0,0.0,0.0,0.0,0.5,0.25,0.0,-544.5281671263074,0.0,0,2560.0,2236.9761999999987,0.0,1028.3890999999996,0.0,0.0,0.0,0.0,0.0,0,525.4926,2560.0,2236.9761999999987,1028.3890999999996,271.0,0.0,0.0,0.015,6.112962149532708,6.618285501858778,6.118318196721292,NaN,5.532858520331216,25.954480821590856,1076.0,1070.0,538.0,2046.6666666666667,1538.0000000000002,204.0,127,0,0,1,55,29.0,2048.0,34045.05890000002,35711.8141,35877.247,220,548,0,37,0.22607743661468072,0.34151055758079574,0.4213619377469089,0,10684.216000000013,6540.869499999997,55,0,610.0,0,0,0,0.0,0,0.0,42295.05889999999,0.0,0,0,0,1.5,0,0.0,0,0,0.0,0,0.0,0,0,3732.1740999999884,256.0,8951.0404,2,0.0,0.0,NaN,5120.0,NaN,NaN,0,0,0.0,0,0.0,NaN,0,NaN,0,0,0,0.0,0.0,0.0,0.0,0.0,0.0,0.0,0.0,0,0,0,0,127,0.0,0,0,0.0,0,0.0,0.0,0.0,0.0,0.0,0.0,0.0,0.0,0.0,0.0,0.786562807920542,475,31435.912500000006,37,10859.1464,4,56261.8141,4,35877.247,2,525.4926,9114.63,37.5,0,0,538,538,5 + government bonds,sumsy,8,-1.4551915228366852e-11
99,512,4,4,124541.69060000003,0.0,0.0,0.0,0.0,,0.0,0.0,0.0,0.0,0.0,0.0,0.0025,9275.3337,0.0,0.0,1.0,685.8735,0.0,0.0,0.0,1.0,0.0,0.0,1.0,0.0,0,0,20.18407111428457,3.087582587377689,23.27165370166226,9.975418847930982,3.087582587377689,13.06300143530867,3501.183099999995,3575.637600000022,3501.183099999995,0.0,0,0,0.0,0.0,0.0,1.0,1.0,0.0,0.0,0.0,0.0,0.5,0.25,0.0,-544.5281671263074,0.0,0,2560.0,2243.5923999999995,0.0,1030.0562000000007,0.0,0.0,0.0,0.0,0.0,0,525.5546,2560.0,2243.5923999999995,1030.0562000000007,271.0,0.0,0.0,0.015,6.094628264925375,6.479894237918207,6.080322580645159,NaN,5.543611478008864,26.066631025481616,1076.0,1072.0,538.0,2046.6666666666667,1538.0,204.0,127,0,0,1,50,28.0,2048.0,34178.0958,35847.226,35911.2143,220,548,0,37,0.2294842915151527,0.34441879175253676,0.42373567815626756,0,10697.883200000022,6533.441500000002,50,0,589.0,0,0,0,0.0,0,0.0,42428.09579999998,0.0,0,0,0,1.5,0,0.0,0,0,0.0,0,0.0,0,0,3581.3099999999986,256.0,8804.2662,2,0.0,0.0,NaN,5120.0,NaN,NaN,0,0,0.0,0,0.0,NaN,0,NaN,0,0,0,0.0,0.0,0.0,0.0,0.0,0.0,0.0,0.0,0,0,0,0,127,0.0,0,0,0.0,0,0.0,0.0,0.0,0.0,0.0,0.0,0.0,0.0,0.0,0.0,0.7870232624624061,475,31555.35700000002,37,10872.738799999996,4,56397.226,4,35911.2143,2,525.5546,9275.3337,37.5,0,0,538,538,5 + government bonds,sumsy,8,-1.4551915228366852e-11
100,512,4,4,124851.89410000015,0.0,0.0,0.0,0.0,,0.0,0.0,0.0,0.0,0.0,0.0,0.0025,9436.2381,0.0,0.0,1.0,683.8181999999999,0.0,0.0,0.0,1.0,0.0,0.0,1.0,0.0,0,0,20.312719517655403,3.046191353197478,23.35891087085288,10.248287545383414,3.042526924070297,13.290814469453712,3535.830999999987,3501.1830999999966,3535.830999999987,0.0,0,0,0.0,0.0,0.0,1.0,1.0,0.0,0.0,0.0,0.0,0.5,0.25,0.0,-544.5281671263074,0.0,0,2560.0,2249.7965000000017,0.0,1031.5058000000008,0.0,0.0,0.0,0.0,0.0,0,525.5418,2560.0,2249.7965000000017,1031.5058000000008,271.0,0.0,0.0,0.015,6.062747064220179,6.556482309124743,6.017715798319329,NaN,5.544413058588105,26.22624454674027,1074.0,1090.0,537.0,2046.6666666666667,1536.0,204.0,127,0,0,1,56,39.0,2048.0,34225.88479999997,35910.1038,36085.750100000005,220,548,0,37,0.23366055602034375,0.34441897770477725,0.42474587393254293,0,10687.221900000002,6608.394299999995,56,0,595.0,0,0,0,0.0,0,0.0,42475.88479999996,0.0,0,0,0,1.5,0,0.0,0,0,0.0,0,0.0,0,0,3580.5409000000004,256.0,8668.3755,2,0.0,0.0,NaN,5120.0,NaN,NaN,0,0,0.0,0,0.0,NaN,0,NaN,0,0,0,0.0,0.0,0.0,0.0,0.0,0.0,0.0,0.0,0,0,0,0,127,0.0,0,0,0.0,0,0.0,0.0,0.0,0.0,0.0,0.0,0.0,0.0,0.0,0.0,0.7870020689973967,475,31702.119099999985,37,10773.765699999998,4,56460.1038,4,36085.750100000005,2,525.5418,9436.2381,37.5,0,0,537,537,5 + government bonds,sumsy,8,-1.4551915228366852e-11
101,512,4,4,125155.45460000004,0.0,0.0,0.0,0.0,,0.0,0.0,0.0,0.0,0.0,0.0,0.0025,9599.0225,0.0,0.0,1.0,680.2379999999999,0.0,0.0,0.0,1.0,0.0,0.0,1.0,0.0,0,0,20.411486427016563,2.990066138972939,23.4015525659895,10.17402936544914,2.9824665295358517,13.156495894984994,3577.2121999999913,3535.8309999999997,3577.2121999999913,0.0,0,0,0.0,0.0,0.0,1.0,1.0,0.0,0.0,0.0,0.0,0.5,0.25,0.0,-544.5281671263074,0.0,0,2560.0,2256.439499999997,0.0,1033.152999999999,0.0,0.0,0.0,0.0,0.0,0,525.572,2560.0,2256.439499999997,1033.152999999999,271.0,0.0,0.0,0.015,6.1044446788990845,6.584495748613662,5.914643100511074,NaN,5.460707742188383,25.949416730078894,1082.0,1090.0,541.0,2046.6666666666667,1544.0,204.0,125,0,0,1,57,49.0,2048.0,34250.625799999994,35992.0255,36283.6424,220,548,0,37,0.23020436550589207,0.3416612057201167,0.420750435751029,1,10601.430199999992,6653.844700000002,57,0,587.0,0,0,0,0.0,0,0.0,42500.62580000002,0.0,0,0,0,1.5,0,0.0,0,0,0.0,0,0.0,0,0,3471.8955000000005,256.0,8504.5664,2,0.0,0.0,NaN,5120.0,NaN,NaN,0,0,0.0,0,0.0,NaN,0,NaN,0,0,0,0.0,0.0,0.0,0.0,0.0,0.0,0.0,0.0,0,0,0,0,125,0.0,0,0,0.0,0,0.0,0.0,0.0,0.0,0.0,0.0,0.0,0.0,0.0,0.0,0.7863027283630455,475,31742.6397,37,10757.9861,4,56542.0255,4,36283.6424,2,525.572,9599.0225,37.5,0,0,541,541,5 + government bonds,sumsy,8,-1.4551915228366852e-11
102,512,4,4,125453.28920000003,0.0,0.0,0.0,0.0,,0.0,0.0,0.0,0.0,0.0,0.0,0.0025,9755.1976,0.0,0.0,1.0,684.9198,0.0,0.0,0.0,1.0,0.0,0.0,1.0,0.0,0,0,19.834035352493856,3.1127812569216475,22.946816609415503,9.789097302779298,3.0915686514707055,12.880665954250004,3510.8125000000036,3577.212200000001,3510.8125000000036,0.0,0,0,0.0,0.0,0.0,1.0,1.0,0.0,0.0,0.0,0.0,0.5,0.25,0.0,-544.5281671263074,0.0,0,2560.0,2262.1654000000044,0.0,1034.4202000000016,0.0,0.0,0.0,0.0,0.0,0,525.568,2560.0,2262.1654000000044,1034.4202000000016,271.0,0.0,0.0,0.015,6.089636142322092,6.485737476808912,5.806573439999993,NaN,5.400223718380425,25.9669916265537,1078.0,1068.0,539.0,2046.6666666666667,1540.0,204.0,126,0,0,0,55,38.0,2048.0,34156.7681,36136.3646,36297.58870000001,220,548,0,37,0.22323149620917482,0.3362896116754017,0.4189621594638988,0,10488.769999999995,6503.731399999995,55,0,625.0,0,0,0,0.0,0,0.0,42406.76809999996,0.0,0,0,0,1.5,0,0.0,0,0,0.0,0,0.0,0,0,3629.1083999999955,256.0,8581.802199999998,2,0.0,0.0,NaN,5120.0,NaN,NaN,0,0,0.0,0,0.0,NaN,0,NaN,0,0,0,0.0,0.0,0.0,0.0,0.0,0.0,0.0,0.0,0,0,0,0,126,0.0,0,0,0.0,0,0.0,0.0,0.0,0.0,0.0,0.0,0.0,0.0,0.0,0.0,0.7853847003877155,475,31698.99869999998,37,10707.7694,4,56686.3646,4,36297.58870000001,2,525.568,9755.1976,37.5,0,0,539,539,5 + government bonds,sumsy,8,-1.4551915228366852e-11
103,512,4,4,125744.88040000002,0.0,0.0,0.0,0.0,,0.0,0.0,0.0,0.0,0.0,0.0,0.0025,9911.405,0.0,0.0,1.0,683.2572,0.0,0.0,0.0,1.0,0.0,0.0,1.0,0.0,0,0,20.250384851922007,3.032491139941425,23.28287599186343,10.05532854932008,3.0072138642278694,13.06254241354795,3482.540599999988,3510.8124999999964,3482.540599999988,0.0,0,0,0.0,0.0,0.0,1.0,1.0,0.0,0.0,0.0,0.0,0.5,0.25,0.0,-544.5281671263074,0.0,0,2560.0,2268.408800000001,0.0,1035.9575000000007,0.0,0.0,0.0,0.0,0.0,0,525.4108,2560.0,2268.408800000001,1035.9575000000007,271.0,0.0,0.0,0.015,6.005073753527754,6.433284972170664,5.7536999999999985,NaN,5.388032126732784,26.139141667472916,1078.0,1063.0,539.0,2048.0,1540.0,204.0,127,0,0,0,49,28.0,2048.0,34112.16579999998,36229.74219999999,36257.041300000004,220,548,0,37,0.2273544688252389,0.3399057986416134,0.41878235296511335,0,10470.628899999992,6383.393400000003,49,0,640.0,0,0,0,0.0,0,0.0,42362.16579999998,0.0,0,0,0,1.5,0,0.0,0,0,0.0,0,0.0,0,0,3682.367999999999,256.0,8709.115300000001,2,0.0,0.0,NaN,5120.0,NaN,NaN,0,0,0.0,0,0.0,NaN,0,NaN,0,0,0,0.0,0.0,0.0,0.0,0.0,0.0,0.0,0.0,0,0,0,0,127,0.0,0,0,0.0,0,0.0,0.0,0.0,0.0,0.0,0.0,0.0,0.0,0.0,0.0,0.7868264651412527,475,31444.67699999997,37,10917.4888,4,56779.74219999999,4,36257.041300000004,2,525.4108,9911.405,37.5,0,0,539,539,5 + government bonds,sumsy,8,-1.4551915228366852e-11
104,512,4,4,126030.49070000004,0.0,0.0,0.0,0.0,,0.0,0.0,0.0,0.0,0.0,0.0,0.0025,10075.0381,0.0,0.0,1.0,673.7711999999998,0.0,0.0,0.0,1.0,0.0,0.0,1.0,0.0,0,0,20.916606336716768,2.949313664636828,23.865920001353597,10.442250321487831,2.9307156660900873,13.372965987577919,3458.9437999999814,3482.5405999999716,3458.9437999999814,0.0,0,0,0.0,0.0,0.0,1.0,1.0,0.0,0.0,0.0,0.0,0.5,0.25,0.0,-544.5281671263074,0.0,0,2560.0,2274.389699999999,0.0,1037.2641999999994,0.0,0.0,0.0,0.0,0.0,0,525.2584,2560.0,2274.389699999999,1037.2641999999994,271.0,0.0,0.0,0.015,5.942214519056257,6.413303165735533,5.690436249999998,NaN,5.41254926767309,26.478560898113994,1074.0,1102.0,537.0,2048.0,1536.0,204.0,128,0,0,1,64,43.0,2048.0,33963.67790000002,36315.2544,36429.4432,220,548,0,37,0.23557440578743805,0.3475050639286903,0.4241635817064575,0,10489.699799999984,6548.320399999996,64,0,640.0,0,0,0,0.0,0,0.0,42213.67790000003,0.0,0,0,0,1.5,0,0.0,0,0,0.0,0,0.0,0,0,3641.8791999999985,256.0,8721.8187,2,0.0,0.0,NaN,5120.0,NaN,NaN,0,0,0.0,0,0.0,NaN,0,NaN,0,0,0,0.0,0.0,0.0,0.0,0.0,0.0,0.0,0.0,0,0,0,0,128,0.0,0,0,0.0,0,0.0,0.0,0.0,0.0,0.0,0.0,0.0,0.0,0.0,0.0,0.7898422969754002,475,31099.579900000026,37,11114.098000000002,4,56865.2544,4,36429.4432,2,525.2584,10075.0381,37.5,0,0,537,537,5 + government bonds,sumsy,8,-1.4551915228366852e-11
105,512,4,4,126310.54580000012,0.0,0.0,0.0,0.0,,0.0,0.0,0.0,0.0,0.0,0.0,0.0025,10243.3484,0.0,0.0,1.0,666.7178000000001,0.0,0.0,0.0,1.0,0.0,0.0,1.0,0.0,0,0,20.90257428334706,3.0763052440553342,23.978879527402395,10.26796570643685,3.0307775551356464,13.298743261572495,3483.095000000006,3458.9438000000036,3483.095000000006,0.0,0,0,0.0,0.0,0.0,1.0,1.0,0.0,0.0,0.0,0.0,0.5,0.25,0.0,-544.5281671263074,0.0,0,2560.0,2279.9449000000045,0.0,1038.3238000000006,0.0,0.0,0.0,0.0,0.0,0,525.1912,2560.0,2279.9449000000045,1038.3238000000006,271.0,0.0,0.0,0.015,5.9858543255813865,6.386915285451209,5.651287812500002,NaN,5.391273946407001,26.265817027401688,1086.0,1075.0,543.0,2046.6666666666667,1547.9999999999998,204.0,124,0,0,3,52,45.0,2048.0,33985.39310000003,36352.7393,36499.312900000004,220,548,0,37,0.23000949507439938,0.3436279288074229,0.4206115411909648,0,10521.452499999985,6434.7933999999905,52,0,640.0,0,0,0,0.0,0,0.0,42235.39309999997,0.0,0,0,0,1.5,0,0.0,0,0,0.0,0,0.0,0,0,3616.8242000000014,256.0,8704.5609,2,0.0,0.0,NaN,5120.0,NaN,NaN,0,0,0.0,0,0.0,NaN,0,NaN,0,0,0,0.0,0.0,0.0,0.0,0.0,0.0,0.0,0.0,0,0,0,0,124,0.0,0,0,0.0,0,0.0,0.0,0.0,0.0,0.0,0.0,0.0,0.0,0.0,0.0,0.7887912545385238,475,31159.932300000044,37,11075.460800000003,4,56902.7393,4,36499.312900000004,2,525.1912,10243.3484,37.5,0,0,543,543,5 + government bonds,sumsy,8,-1.4551915228366852e-11
106,512,4,4,126585.04959999998,0.0,0.0,0.0,0.0,,0.0,0.0,0.0,0.0,0.0,0.0,0.0025,10404.6428,0.0,0.0,1.0,671.6139000000004,0.0,0.0,0.0,1.0,0.0,0.0,1.0,0.0,0,0,20.68371974977993,3.1382158534825275,23.821935603262457,9.71616921595614,3.123955107989068,12.840124323945208,3464.6567000000227,3483.095000000004,3464.6567000000227,0.0,0,0,0.0,0.0,0.0,1.0,1.0,0.0,0.0,0.0,0.0,0.5,0.25,0.0,-544.5281671263074,0.0,0,2560.0,2285.496200000001,0.0,1039.4673,0.0,0.0,0.0,0.0,0.0,0,525.185,2560.0,2285.496200000001,1039.4673,271.0,0.0,0.0,0.015,5.962790199809707,6.423941713221644,5.6295015625,NaN,5.405466702689012,26.54788522857853,1074.0,1051.0,537.0,2044.0,1536.0,204.0,127,0,0,1,40,33.0,2048.0,34141.30480000002,36436.7663,36391.1216,220,548,0,37,0.2179264681256603,0.3364354680095125,0.4236644222769703,0,10475.388699999976,6266.892500000002,40,0,640.0,0,0,0,0.0,0,0.0,42391.304800000034,0.0,0,0,0,1.5,0,0.0,0,0,0.0,0,0.0,0,0,3602.881,256.0,8686.0291,2,0.0,0.0,NaN,5120.0,NaN,NaN,0,0,0.0,0,0.0,NaN,0,NaN,0,0,0,0.0,0.0,0.0,0.0,0.0,0.0,0.0,0.0,0,0,0,0,127,0.0,0,0,0.0,0,0.0,0.0,0.0,0.0,0.0,0.0,0.0,0.0,0.0,0.0,0.7861875781384438,475,31128.984700000026,37,11262.3201,4,56986.7663,4,36391.1216,2,525.185,10404.6428,37.5,0,0,537,537,5 + government bonds,sumsy,8,-1.4551915228366852e-11
107,512,4,4,126854.18689999993,0.0,0.0,0.0,0.0,,0.0,0.0,0.0,0.0,0.0,0.0,0.0025,10566.2876,0.0,0.0,1.0,669.0231000000008,0.0,0.0,0.0,1.0,0.0,0.0,1.0,0.0,0,0,21.222199226909897,3.131254348961313,24.353453575871207,10.18951829059164,3.1060176112082685,13.295535901799907,3399.900800000003,3464.6567000000146,3399.900800000003,0.0,0,0,0.0,0.0,0.0,1.0,1.0,0.0,0.0,0.0,0.0,0.5,0.25,0.0,-544.5281671263074,0.0,0,2560.0,2290.862700000001,0.0,1040.5109,0.0,0.0,0.0,0.0,0.0,0,525.1518,2560.0,2290.862700000001,1040.5109,271.0,0.0,0.0,0.015,5.90872657869934,6.374577777777784,5.623235624999995,NaN,5.408013928533719,26.92609495269855,1062.0,1061.0,531.0,2046.6666666666665,1524.0,204.0,130,0,0,0,43,27.0,2048.0,34235.26590000001,36524.1158,36334.0622,220,548,0,37,0.23031761392282846,0.3463606290127619,0.42881288062457723,0,10412.598300000005,6269.158899999999,43,0,640.0,0,0,0,0.0,0,0.0,42485.265899999984,0.0,0,0,0,1.5,0,0.0,0,0,0.0,0,0.0,0,0,3598.870799999997,256.0,8669.3036,2,0.0,0.0,NaN,5120.0,NaN,NaN,0,0,0.0,0,0.0,NaN,0,NaN,0,0,0,0.0,0.0,0.0,0.0,0.0,0.0,0.0,0.0,0,0,0,0,130,0.0,0,0,0.0,0,0.0,0.0,0.0,0.0,0.0,0.0,0.0,0.0,0.0,0.0,0.7887614337152586,475,31020.8882,37,11464.377700000001,4,57074.1158,4,36334.0622,2,525.1518,10566.2876,37.5,0,0,531,531,5 + government bonds,sumsy,8,-1.4551915228366852e-11
108,512,4,4,127117.8374,0.0,0.0,0.0,0.0,,0.0,0.0,0.0,0.0,0.0,0.0,0.0025,10731.6811,0.0,0.0,1.0,662.9591999999992,0.0,0.0,0.0,1.0,0.0,0.0,1.0,0.0,0,0,21.49043241795054,3.0367010616455903,24.52713347959613,10.799382271106857,3.0255180342876153,13.824900305394472,3413.716300000013,3399.900799999991,3413.716300000013,0.0,0,0,0.0,0.0,0.0,1.0,1.0,0.0,0.0,0.0,0.0,0.5,0.25,0.0,-544.5281671263074,0.0,0,2560.0,2296.3495000000025,0.0,1041.5675000000003,0.0,0.0,0.0,0.0,0.0,0,525.1894,2560.0,2296.3495000000025,1041.5675000000003,271.0,0.0,0.0,0.015,5.879978644382542,6.364637265917627,5.6052078125,NaN,5.37644994910461,26.805342388393324,1068.0,1077.0,534.0,2048.0,1530.0,204.0,129,0,0,2,48,34.0,2048.0,34260.4331,36540.148199999996,36403.4991,220,548,0,37,0.2400749136634437,0.3546109567653768,0.42705870788478384,0,10396.147699999974,6332.736999999998,48,0,640.0,0,0,0,0.0,0,0.0,42510.433100000024,0.0,0,0,0,1.5,0,0.0,0,0,0.0,0,0.0,0,0,3587.333,256.0,8656.8865,2,0.0,0.0,NaN,5120.0,NaN,NaN,0,0,0.0,0,0.0,NaN,0,NaN,0,0,0,0.0,0.0,0.0,0.0,0.0,0.0,0.0,0.0,0,0,0,0,129,0.0,0,0,0.0,0,0.0,0.0,0.0,0.0,0.0,0.0,0.0,0.0,0.0,0.0,0.7911265700744776,475,31060.471899999997,37,11449.9612,4,57090.148199999996,4,36403.4991,2,525.1894,10731.6811,37.5,0,0,534,534,5 + government bonds,sumsy,8,-1.4551915228366852e-11
109,512,4,4,127375.85430000022,0.0,0.0,0.0,0.0,,0.0,0.0,0.0,0.0,0.0,0.0,0.0025,10898.0086,0.0,0.0,1.0,659.7360000000001,0.0,0.0,0.0,1.0,0.0,0.0,1.0,0.0,0,0,21.14613238970393,2.999026331696056,24.145158721399987,10.860800583214052,2.979808408090141,13.840608991304194,3375.003000000003,3413.7162999999814,3375.003000000003,0.0,0,0,0.0,0.0,0.0,1.0,1.0,0.0,0.0,0.0,0.0,0.5,0.25,0.0,-544.5281671263074,0.0,0,2560.0,2301.9830999999986,0.0,1042.6824000000001,0.0,0.0,0.0,0.0,0.0,0,525.2266,2560.0,2301.9830999999986,1042.6824000000001,271.0,0.0,0.0,0.015,5.875537718491261,6.280379439252342,5.585600319488822,NaN,5.34892937591362,26.751549785207214,1070.0,1087.0,535.0,2045.3333333333335,1532.0,204.0,128,0,0,2,57,42.0,2048.0,34289.55929999999,36576.9806,36520.819,220,548,0,37,0.23536335968895306,0.3474259140995688,0.426852368654453,0,10363.8018,6386.709500000001,57,0,626.0,0,0,0,0.0,0,0.0,42539.55930000001,0.0,0,0,0,1.5,0,0.0,0,0,0.0,0,0.0,0,0,3496.5858000000026,256.0,8565.2602,2,0.0,0.0,NaN,5120.0,NaN,NaN,0,0,0.0,0,0.0,NaN,0,NaN,0,0,0,0.0,0.0,0.0,0.0,0.0,0.0,0.0,0.0,0,0,0,0,128,0.0,0,0,0.0,0,0.0,0.0,0.0,0.0,0.0,0.0,0.0,0.0,0.0,0.0,0.7890587023917643,475,31275.97200000001,37,11263.5873,4,57126.9806,4,36520.819,2,525.2266,10898.0086,37.5,0,0,535,535,5 + government bonds,sumsy,8,-1.4551915228366852e-11
110,512,4,4,127628.70020000002,0.0,0.0,0.0,0.0,,0.0,0.0,0.0,0.0,0.0,0.0,0.0025,11062.4108,0.0,0.0,1.0,659.2362999999997,0.0,0.0,0.0,1.0,0.0,0.0,1.0,0.0,0,0,20.9328422034453,3.0477609321387806,23.980603135584083,10.54466809106765,3.034093597330642,13.578761688398291,3427.4041999999854,3375.0030000000093,3427.4041999999854,0.0,0,0,0.0,0.0,0.0,1.0,1.0,0.0,0.0,0.0,0.0,0.5,0.25,0.0,-544.5281671263074,0.0,0,2560.0,2307.1540999999966,0.0,1043.5982,0.0,0.0,0.0,0.0,0.0,0,525.1856,2560.0,2307.1540999999966,1043.5982,271.0,0.0,0.0,0.015,5.889276757263357,6.330991094619639,5.573735156249991,NaN,5.315604696113454,26.540760245203636,1078.0,1067.0,539.0,2045.3333333333333,1540.0,204.0,126,0,0,3,53,35.0,2048.0,34340.806299999975,36566.8126,36551.7402,220,548,0,37,0.22872733300050485,0.3430226922468984,0.4223576689246804,0,10354.208600000004,6283.858300000002,53,0,640.0,0,0,0,0.0,0,0.0,42590.806300000004,0.0,0,0,0,1.5,0,0.0,0,0,0.0,0,0.0,0,0,3567.1904999999942,256.0,8581.7447,2,0.0,0.0,NaN,5120.0,NaN,NaN,0,0,0.0,0,0.0,NaN,0,NaN,0,0,0,0.0,0.0,0.0,0.0,0.0,0.0,0.0,0.0,0,0,0,0,126,0.0,0,0,0.0,0,0.0,0.0,0.0,0.0,0.0,0.0,0.0,0.0,0.0,0.0,0.7876740837721612,475,31342.772899999978,37,11248.033399999997,4,57116.8126,4,36551.7402,2,525.1856,11062.4108,37.5,0,0,539,539,5 + government bonds,sumsy,8,-1.4551915228366852e-11
111,512,4,4,127876.70770000009,0.0,0.0,0.0,0.0,,0.0,0.0,0.0,0.0,0.0,0.0,0.0025,11222.7739,0.0,0.0,1.0,660.7763999999999,0.0,0.0,0.0,1.0,0.0,0.0,1.0,0.0,0,0,21.24024669450202,3.0781378817008944,24.318384576202913,11.064718953222183,3.0374429482874468,14.10216190150963,3375.1791999999987,3427.4041999999927,3375.1791999999987,0.0,0,0,0.0,0.0,0.0,1.0,1.0,0.0,0.0,0.0,0.0,0.5,0.25,0.0,-544.5281671263074,0.0,0,2560.0,2311.992500000003,0.0,1044.3763000000001,0.0,0.0,0.0,0.0,0.0,0,525.1056,2560.0,2311.992500000003,1044.3763000000001,271.0,0.0,0.0,0.015,5.8513792243767275,6.257316945996273,5.637575624999996,NaN,5.324388987954625,26.67866881720854,1074.0,1083.0,537.0,2044.0,1536.0,204.0,126,0,0,1,55,40.0,2048.0,34292.115799999985,36622.692500000005,36592.33440000001,220,548,0,37,0.24166030032842123,0.35295796087651654,0.42463023581116,0,10347.687000000009,6337.043699999996,55,0,640.0,0,0,0,0.0,0,0.0,42542.11580000002,0.0,0,0,0,1.5,0,0.0,0,0,0.0,0,0.0,0,0,3608.0483999999974,256.0,8621.6855,2,0.0,0.0,NaN,5120.0,NaN,NaN,0,0,0.0,0,0.0,NaN,0,NaN,0,0,0,0.0,0.0,0.0,0.0,0.0,0.0,0.0,0.0,0,0,0,0,126,0.0,0,0,0.0,0,0.0,0.0,0.0,0.0,0.0,0.0,0.0,0.0,0.0,0.0,0.7908679140402788,475,31274.305799999984,37,11267.81,4,57172.692500000005,4,36592.33440000001,2,525.1056,11222.7739,37.5,0,0,537,537,5 + government bonds,sumsy,8,-1.4551915228366852e-11
112,512,4,4,128119.6846999999,0.0,0.0,0.0,0.0,,0.0,0.0,0.0,0.0,0.0,0.0,0.0025,11384.9562,0.0,0.0,1.0,656.5230000000003,0.0,0.0,0.0,1.0,0.0,0.0,1.0,0.0,0,0,21.689857636335283,2.986398308762697,24.67625594509798,11.421831182612069,2.979475523281883,14.401306705893951,3434.447099999993,3375.1791999999955,3434.447099999993,0.0,0,0,0.0,0.0,0.0,1.0,1.0,0.0,0.0,0.0,0.0,0.5,0.25,0.0,-544.5281671263074,0.0,0,2560.0,2317.023000000002,0.0,1045.2425999999996,0.0,0.0,0.0,0.0,0.0,0,525.0206,2560.0,2317.023000000002,1045.2425999999996,271.0,0.0,0.0,0.015,5.881392623716158,6.344057699443401,5.646038593749999,NaN,5.33629918764615,26.688384421170504,1078.0,1071.0,539.0,2046.6666666666667,1540.0,204.0,127,0,0,1,51,37.0,2048.0,34314.91669999998,36620.8919,36633.5214,220,548,0,37,0.24633807850523803,0.3569914051781391,0.42393674285316174,0,10386.790999999988,6298.971500000005,51,0,640.0,0,0,0,0.0,0,0.0,42564.91670000003,0.0,0,0,0,1.5,0,0.0,0,0,0.0,0,0.0,0,0,3613.4646999999995,256.0,8640.3779,2,0.0,0.0,NaN,5120.0,NaN,NaN,0,0,0.0,0,0.0,NaN,0,NaN,0,0,0,0.0,0.0,0.0,0.0,0.0,0.0,0.0,0.0,0,0,0,0,127,0.0,0,0,0.0,0,0.0,0.0,0.0,0.0,0.0,0.0,0.0,0.0,0.0,0.0,0.7920110702594159,475,31282.225099999992,37,11282.691599999998,4,57170.8919,4,36633.5214,2,525.0206,11384.9562,37.5,0,0,539,539,5 + government bonds,sumsy,8,-1.4551915228366852e-11
113,512,4,4,128357.84070000018,0.0,0.0,0.0,0.0,,0.0,0.0,0.0,0.0,0.0,0.0,0.0025,11541.3936,0.0,0.0,1.0,659.8940000000006,0.0,0.0,0.0,1.0,0.0,0.0,1.0,0.0,0,0,20.97320012481401,3.0526500238967555,24.025850148710767,10.744869142525879,3.0385950627019005,13.783464205227778,3398.136600000015,3434.447100000003,3398.136600000015,0.0,0,0,0.0,0.0,0.0,1.0,1.0,0.0,0.0,0.0,0.0,0.5,0.25,0.0,-544.5281671263074,0.0,0,2560.0,2321.8440000000037,0.0,1046.0575000000006,0.0,0.0,0.0,0.0,0.0,0,524.9818,2560.0,2321.8440000000037,1046.0575000000006,271.0,0.0,0.0,0.015,5.876930970149253,6.311822014925401,5.670975566343043,NaN,5.350475392686419,26.841786759572102,1072.0,1072.0,536.0,2046.6666666666665,1534.0,204.0,128,0,0,2,48,39.0,2048.0,34431.62359999999,36681.619999999995,36633.9907,220,548,0,37,0.2336788296291128,0.3447794980356895,0.426331679742608,0,10374.169299999994,6300.07,48,0,618.0,0,0,0,0.0,0,0.0,42681.62359999996,0.0,0,0,0,1.5,0,0.0,0,0,0.0,0,0.0,0,0,3504.6629000000007,256.0,8544.231,2,0.0,0.0,NaN,5120.0,NaN,NaN,0,0,0.0,0,0.0,NaN,0,NaN,0,0,0,0.0,0.0,0.0,0.0,0.0,0.0,0.0,0.0,0,0,0,0,128,0.0,0,0,0.0,0,0.0,0.0,0.0,0.0,0.0,0.0,0.0,0.0,0.0,0.0,0.7881042526196749,475,31580.320600000025,37,11101.303000000002,4,57231.62,4,36633.9907,2,524.9818,11541.3936,37.5,0,0,536,536,5 + government bonds,sumsy,8,-1.4551915228366852e-11
114,512,4,4,128591.16140000001,0.0,0.0,0.0,0.0,,0.0,0.0,0.0,0.0,0.0,0.0,0.0025,11696.0486,0.0,0.0,1.0,659.3892000000001,0.0,0.0,0.0,1.0,0.0,0.0,1.0,0.0,0,0,20.76817942607983,3.164601424129835,23.932780850209664,10.623442332744702,3.109070072268416,13.732512405013118,3454.0611999999865,3398.136599999997,3454.0611999999865,0.0,0,0,0.0,0.0,0.0,1.0,1.0,0.0,0.0,0.0,0.0,0.5,0.25,0.0,-544.5281671263074,0.0,0,2560.0,2326.6792999999975,0.0,1046.9076999999993,0.0,0.0,0.0,0.0,0.0,0,524.9884,2560.0,2326.6792999999975,1046.9076999999993,271.0,0.0,0.0,0.015,5.888477191328944,6.4042108007448535,5.645172031249997,NaN,5.326576229286524,26.760990538164766,1074.0,1061.0,537.0,2045.3333333333333,1536.0,204.0,127,0,0,3,50,29.0,2048.0,34465.309300000015,36698.1654,36610.528,220,548,0,37,0.23103979279640274,0.3416561306080501,0.43492776987192094,0,10347.386200000004,6247.67430000001,50,0,640.0,0,0,0,0.0,0,0.0,42715.30930000001,0.0,0,0,0,1.5,0,0.0,0,0,0.0,0,0.0,0,0,3612.9100999999982,256.0,8596.1217,2,0.0,0.0,NaN,5120.0,NaN,NaN,0,0,0.0,0,0.0,NaN,0,NaN,0,0,0,0.0,0.0,0.0,0.0,0.0,0.0,0.0,0.0,0,0,0,0,127,0.0,0,0,0.0,0,0.0,0.0,0.0,0.0,0.0,0.0,0.0,0.0,0.0,0.0,0.787155674264,475,31690.457199999993,37,11024.852100000002,4,57248.1654,4,36610.528,2,524.9884,11696.0486,37.5,0,0,537,537,5 + government bonds,sumsy,8,-1.4551915228366852e-11
115,512,4,4,128820.07879999987,0.0,0.0,0.0,0.0,,0.0,0.0,0.0,0.0,0.0,0.0,0.0025,11846.9869,0.0,0.0,1.0,660.6846000000008,0.0,0.0,0.0,1.0,0.0,0.0,1.0,0.0,0,0,21.002906401036082,3.094982910241476,24.09788931127756,10.814658115825486,3.058560164116256,13.873218279941742,3418.465199999997,3454.061199999991,3418.465199999997,0.0,0,0,0.0,0.0,0.0,1.0,1.0,0.0,0.0,0.0,0.0,0.5,0.25,0.0,-544.5281671263074,0.0,0,2560.0,2331.0826,0.0,1047.5679,0.0,0.0,0.0,0.0,0.0,0,525.0134,2560.0,2331.0826,1047.5679,271.0,0.0,0.0,0.015,5.8670627213420365,6.373530337078646,5.6495770312500095,NaN,5.336793577908808,26.93294714727398,1068.0,1073.0,534.0,2044.0,1530.0,204.0,128,0,0,2,50,30.0,2048.0,34433.576400000005,36785.2353,36592.7284,220,548,0,37,0.2343420071756619,0.3454044843825901,0.42680943612694966,0,10331.999699999998,6295.358300000005,50,0,640.0,0,0,0,0.0,0,0.0,42683.57640000002,0.0,0,0,0,1.5,0,0.0,0,0,0.0,0,0.0,0,0,3615.7293000000063,256.0,8636.5384,2,0.0,0.0,NaN,5120.0,NaN,NaN,0,0,0.0,0,0.0,NaN,0,NaN,0,0,0,0.0,0.0,0.0,0.0,0.0,0.0,0.0,0.0,0,0,0,0,128,0.0,0,0,0.0,0,0.0,0.0,0.0,0.0,0.0,0.0,0.0,0.0,0.0,0.0,0.7884909686393131,475,31509.450300000008,37,11174.126100000001,4,57335.2353,4,36592.7284,2,525.0134,11846.9869,37.5,0,0,534,534,5 + government bonds,sumsy,8,-1.4551915228366852e-11
116,512,4,4,129044.18249999984,0.0,0.0,0.0,0.0,,0.0,0.0,0.0,0.0,0.0,0.0,0.0025,11998.1135,0.0,0.0,1.0,658.2826000000008,0.0,0.0,0.0,1.0,0.0,0.0,1.0,0.0,0,0,21.161789129339184,3.0264013046801486,24.188190434019333,11.04916935215834,2.987626515922645,14.036795868080986,3406.864499999984,3418.4651999999987,3406.864499999984,0.0,0,0,0.0,0.0,0.0,1.0,1.0,0.0,0.0,0.0,0.0,0.5,0.25,0.0,-544.5281671263074,0.0,0,2560.0,2335.8962999999976,0.0,1048.4347999999984,0.0,0.0,0.0,0.0,0.0,0,524.9896,2560.0,2335.8962999999976,1048.4347999999984,271.0,0.0,0.0,0.015,5.857671402042715,6.328105410447732,5.693721874999998,NaN,5.346425122121614,26.954288969858766,1072.0,1077.0,536.0,2045.3333333333335,1534.0,204.0,128,0,0,0,49,34.0,2048.0,34397.14340000003,36827.2463,36617.7532,220,548,0,37,0.24031403801289164,0.3498553305671843,0.42702660963895345,0,10368.645199999992,6308.712100000004,49,0,640.0,0,0,0,0.0,0,0.0,42647.143400000066,0.0,0,0,0,1.5,0,0.0,0,0,0.0,0,0.0,0,0,3643.9819999999986,256.0,8678.9365,2,0.0,0.0,NaN,5120.0,NaN,NaN,0,0,0.0,0,0.0,NaN,0,NaN,0,0,0,0.0,0.0,0.0,0.0,0.0,0.0,0.0,0.0,0,0,0,0,128,0.0,0,0,0.0,0,0.0,0.0,0.0,0.0,0.0,0.0,0.0,0.0,0.0,0.0,0.7900098295096556,475,31548.78700000002,37,11098.356399999999,4,57377.2463,4,36617.7532,2,524.9896,11998.1135,37.5,0,0,536,536,5 + government bonds,sumsy,8,-1.4551915228366852e-11
117,512,4,4,129263.97489999988,0.0,0.0,0.0,0.0,,0.0,0.0,0.0,0.0,0.0,0.0,0.0025,12147.8635,0.0,0.0,1.0,657.2319000000001,0.0,0.0,0.0,1.0,0.0,0.0,1.0,0.0,0,0,21.154838107317715,3.1107419093556983,24.265580016673415,10.412584932490786,3.096165749806803,13.50875068229759,3423.498999999993,3406.864499999984,3423.498999999993,0.0,0,0,0.0,0.0,0.0,1.0,1.0,0.0,0.0,0.0,0.0,0.5,0.25,0.0,-544.5281671263074,0.0,0,2560.0,2340.207600000001,0.0,1049.0637000000004,0.0,0.0,0.0,0.0,0.0,0,525.0024,2560.0,2340.207600000001,1049.0637000000004,271.0,0.0,0.0,0.015,5.870475813953495,6.3472979515828545,5.724464843749987,NaN,5.3544540568419094,26.954269615986362,1074.0,1075.0,537.0,2048.0,1536.0,204.0,128,0,0,1,55,31.0,2048.0,34363.34140000001,36851.483,36654.5687,220,548,0,37,0.23311045857359503,0.34781615392682474,0.4436077243246852,0,10392.559299999999,6310.761500000007,55,0,640.0,0,0,0,0.0,0,0.0,42613.34139999996,0.0,0,0,0,1.5,0,0.0,0,0,0.0,0,0.0,0,0,3663.657499999992,256.0,8721.7159,2,0.0,0.0,NaN,5120.0,NaN,NaN,0,0,0.0,0,0.0,NaN,0,NaN,0,0,0,0.0,0.0,0.0,0.0,0.0,0.0,0.0,0.0,0,0,0,0,128,0.0,0,0,0.0,0,0.0,0.0,0.0,0.0,0.0,0.0,0.0,0.0,0.0,0.0,0.7896808424428441,475,31356.21290000001,37,11257.128500000003,4,57401.483,4,36654.5687,2,525.0024,12147.8635,37.5,0,0,537,537,5 + government bonds,sumsy,8,-1.4551915228366852e-11
118,512,4,4,129479.18189999998,0.0,0.0,0.0,0.0,,0.0,0.0,0.0,0.0,0.0,0.0,0.0025,12294.0563,0.0,0.0,1.0,658.6649999999998,0.0,0.0,0.0,1.0,0.0,0.0,1.0,0.0,0,0,21.190257829314824,3.1243560903784684,24.314613919693294,10.14188893921944,3.103512838860298,13.245401778079737,3420.60429999998,3423.4989999999866,3420.60429999998,0.0,0,0,0.0,0.0,0.0,1.0,1.0,0.0,0.0,0.0,0.0,0.5,0.25,0.0,-544.5281671263074,0.0,0,2560.0,2344.792999999999,0.0,1049.8845,0.0,0.0,0.0,0.0,0.0,0,525.021,2560.0,2344.792999999999,1049.8845,271.0,0.0,0.0,0.015,5.866195813510936,6.318375324675287,5.801917656250007,NaN,5.3692054456659655,26.890459144832967,1078.0,1051.0,539.0,2046.6666666666667,1540.0,204.0,127,0,0,3,35,26.0,2048.0,34465.98929999997,36879.3368,36522.6419,220,548,0,37,0.22579171218314165,0.34305665251775386,0.42596723732985975,0,10434.356800000003,6165.3717999999935,35,0,640.0,0,0,0,0.0,0,0.0,42715.98929999998,0.0,0,0,0,1.5,0,0.0,0,0,0.0,0,0.0,0,0,3713.2273000000046,256.0,8792.1366,2,0.0,0.0,NaN,5120.0,NaN,NaN,0,0,0.0,0,0.0,NaN,0,NaN,0,0,0,0.0,0.0,0.0,0.0,0.0,0.0,0.0,0.0,0,0,0,0,127,0.0,0,0,0.0,0,0.0,0.0,0.0,0.0,0.0,0.0,0.0,0.0,0.0,0.0,0.7879572304310734,475,31316.341199999988,37,11399.648100000006,4,57429.3368,4,36522.6419,2,525.021,12294.0563,37.5,0,0,539,539,5 + government bonds,sumsy,8,-1.4551915228366852e-11
119,512,4,4,129690.13430000014,0.0,0.0,0.0,0.0,,0.0,0.0,0.0,0.0,0.0,0.0,0.0025,12438.4906,0.0,0.0,1.0,658.1856000000002,0.0,0.0,0.0,1.0,0.0,0.0,1.0,0.0,0,0,21.196548808678997,3.047725891039551,24.24427469971855,10.622490753001108,3.0406297332733,13.663120486274408,3334.037700000006,3420.6042999999904,3334.037700000006,0.0,0,0,0.0,0.0,0.0,1.0,1.0,0.0,0.0,0.0,0.0,0.5,0.25,0.0,-544.5281671263074,0.0,0,2560.0,2349.0476000000012,0.0,1050.5556999999983,0.0,0.0,0.0,0.0,0.0,0,525.0478,2560.0,2349.0476000000012,1050.5556999999983,271.0,0.0,0.0,0.015,5.8945020657277,6.286056250000012,5.9150767187499955,NaN,5.553843063422888,31.6402227599258,1056.0,1065.0,528.0,2044.0,1518.0,204.0,131,0,0,3,39,31.0,2048.0,34543.73670000004,36944.4943,36339.567800000004,220,548,0,37,0.23575108664683575,0.34714962440896047,0.42743156150853157,0,10594.938099999988,6277.644700000001,39,0,640.0,0,0,0,0.0,0,0.0,42793.7367,0.0,0,0,0,1.5,0,0.0,0,0,0.0,0,0.0,0,0,3785.6490999999974,256.0,8898.7971,2,0.0,0.0,NaN,5120.0,NaN,NaN,0,0,0.0,0,0.0,NaN,0,NaN,0,0,0,0.0,0.0,0.0,0.0,0.0,0.0,0.0,0.0,0,0,0,0,131,0.0,0,0,0.0,0,0.0,0.0,0.0,0.0,0.0,0.0,0.0,0.0,0.0,0.0,0.7888488796671975,475,31575.75720000004,37,11217.979499999998,4,57494.4943,4,36339.567800000004,2,525.0478,12438.4906,37.5,0,0,528,528,5 + government bonds,sumsy,8,-1.4551915228366852e-11
120,512,4,4,129896.68809999998,0.0,0.0,0.0,0.0,,0.0,0.0,0.0,0.0,0.0,0.0,0.0025,12577.706,0.0,0.0,1.0,661.3628999999995,0.0,0.0,0.0,1.0,0.0,0.0,1.0,0.0,0,0,21.263076280447518,3.023999711978902,24.287075992426416,10.562087912666088,3.0177835505352357,13.579871463201325,3475.6582999999896,3334.0376999999817,3475.6582999999896,0.0,0,0,0.0,0.0,0.0,1.0,1.0,0.0,0.0,0.0,0.0,0.5,0.25,0.0,-544.5281671263074,0.0,0,2560.0,2353.446199999999,0.0,1051.3410999999992,0.0,0.0,0.0,0.0,0.0,0,525.0754,2560.0,2353.446199999999,1051.3410999999992,271.0,0.0,0.0,0.015,6.038575807940906,6.504996804511259,6.013164733542325,NaN,5.648805831219775,31.420038775141272,1064.0,1083.0,532.0,2044.0,1526.0,204.0,129,0,0,1,53,38.0,2048.0,34499.054099999994,36856.3781,36436.8145,220,548,0,37,0.23729682847281852,0.35075148757885777,0.4290797669878481,0,10785.021600000007,6539.777600000001,53,0,638.0,0,0,0,0.0,0,0.0,42749.05410000003,0.0,0,0,0,1.5,0,0.0,0,0,0.0,0,0.0,0,0,3836.3991000000037,256.0,9001.66,2,0.0,0.0,NaN,5120.0,NaN,NaN,0,0,0.0,0,0.0,NaN,0,NaN,0,0,0,0.0,0.0,0.0,0.0,0.0,0.0,0.0,0.0,0,0,0,0,129,0.0,0,0,0.0,0,0.0,0.0,0.0,0.0,0.0,0.0,0.0,0.0,0.0,0.0,0.7901567580107156,475,31493.734499999977,37,11255.319600000003,4,57406.3781,4,36436.8145,2,525.0754,12577.706,37.5,0,0,532,532,5 + government bonds,sumsy,8,-1.4551915228366852e-11
