round,persons_alive,farms_open,bakeries_open,money_in_circulation,money_in_dead_balances,outstanding_debt,peer_lent,government_debt,termination,government_peer_debt,government_bank_debt,bonds_outstanding,government_arrears,bonds_issued,coupons,bond_rate,government_cash,government_reserve_target,surplus_redistributed,tax_scale,government_outlay,tax_shortfall,tax_policy_step,consumption_tax,consumption_tax_scale,wealth_tax,wealth_tax_base,wealth_tax_scale,clearing_residue,negative_wealth_persons,zero_cash_persons,wealth_gap_meals,wealth_bottom10_meals,wealth_top10_meals,cash_gap_meals,cash_bottom10_meals,cash_top10_meals,invoices_issued,invoices_paid,invoices_open,invoices_overdue,liquidations,refoundings,bad_debt,bank_bailouts,profit_tax,profit_tax_scale,parking_tax_scale,income_tax_accrued,income_tax_charged,wealth_tax_arrears,consumption_tax_rate_now,bracket_top_rate,bracket_bottom_rate,bank_retained_interest,cumulative_interest_paid,cumulative_write_offs,cumulative_credit_refusals,money_created,money_destroyed,credit_demand,tax,enterprise_tax,deposit_interest,buffer_pool,insurance_premiums,insurance_payouts,missed_payments,cash_banks,gi_created,demurrage_destroyed,demurrage_tax,account_fees,fees,trade_arrears,interest_rate,price_bread,price_grain,price_ticket,price_rent,price_wage,wage_bid_producers,bread_baked,bread_sold,grain_harvested,labour_offered,labour_sold,government_labour,unemployed,hungry,without_bread,half_meals,gluttons,bread_stocked,total_capacity,cash_persons,cash_farms,cash_bakeries,land_persons,land_farms,land_banks,landholders,gini_cash_persons,gini_net_wealth_persons,gini_income_persons,persons_below_meal,persons_income,bread_bill,gluttony_attempted,gluttony_refused,tickets_sold,n_greedy,hungry_greedy,hungry_others,cash_greedy,land_greedy,wealth_greedy,wealth_persons,bread_greedy,greedy_loaves,greedy_tickets,ration,tier_multiplier,tier_sold,tier_revenue,n_consumers,n_hoarders,wealth_hoarders,land_hoarders,shares_hoarders,greedy_land,greedy_shares,ticket_revenue,theatre_labour,cash_theatres,theatres_open,dividends,dividend_income_persons,share_price_mean,share_units_per_firm,founders_stake_pct,book_per_unit_mean,share_trades,share_trades_deferred,share_contracts_outstanding,share_seizures,share_volume,founders_stake_mean,outside_holders,forward_value_mean,coop_worker_open,coop_consumer_open,coop_member_open,coop_retained_reserve,coop_buffer_pledged,buffer_pledged_persons,patronage_wages,rebates,membership_capital,reserved_labour,coop_worker_hours,coop_members_worker,coop_members_consumer,worker_members,unemployed_members,unemployed_nonmembers,rebate_income_persons,coop_open,forprofit_open,cash_coops,coop_members,coop_capital,founder_capital,founder_debt,reserve_shortfall_owned,reserve_shortfall_coops,reserve_shortfall_forprofit,dividends_coops,dividends_forprofit,founders_cash,cash_forprofit,gini_net_wealth_all,n_workers,wealth_workers,n_landowners,wealth_landowners,n_farms,wealth_farms,n_bakeries,wealth_bakeries,n_banks,wealth_banks,wealth_government,land_price,deaths,closures,production_target_farms,production_target_bakeries,rung,system,seed,identity
1,512,4,4,26726.52010000004,0.0,1911.0,561.0,561.0,,561.0,0.0,0.0,0.0,0.0,0.0,0.0025,115.9779,0.0,0.0,1.0,561.0,0.0,0.0,0.0,1.0,0.0,0.0,1.0,0.0,0,0,24.229625490196078,2.855088235294118,27.084713725490197,2.131989411764706,2.8131078431372543,4.9450972549019605,847.000000000002,0.0,847.000000000002,0.0,0,0,0.0,0.0,0.0,1.0,1.0,0.0,0.0,0.0,0.0,0.5,0.25,0.0,0.0,0.0,0,2560.0,235.23990000000023,561.0,117.07260000000012,0.0,0.0,0.0,0.0,0.0,0,0.0,2560.0,235.23990000000023,117.07260000000012,271.0,0.0,0.0,0.0,5.0,5.200000000000013,2.0,0.75,3.5939344262295285,3.920000000000001,320.0,89.0,160.0,2048.0,732.0,204.0,329,0,0,0,56,33.0,2048.0,18804.95219999999,1475.758,3833.634,732,36,0,122,0.10774518989222015,0.48317549133345516,0.6559089904672217,0,5210.554799999996,445.0,56,0,514.0,0,0,0,0.0,0,0.0,47604.95220000023,0.0,0,0,0,1.5,0,0.0,0,0,0.0,0,0.0,0,0,1028.0,206.0,2496.198,2,0.0,0.0,NaN,5120.0,NaN,NaN,0,0,0.0,0,0.0,NaN,0,NaN,0,0,0,0.0,0.0,0.0,0.0,0.0,0.0,0.0,0.0,0,0,0,0,329,0.0,0,0,0.0,0,0.0,0.0,0.0,0.0,0.0,0.0,0.0,0.0,0.0,0.0,0.5317315538014917,390,15550.882399999979,122,32054.069800000012,4,1475.7579999999998,4,4076.834,2,248.16,-445.0221,37.5,0,0,160,160,5 + government bonds,sumsy,5,7.275957614183426e-11
2,512,4,4,29003.475899999932,0.0,18195.4073,601.9073,1006.0220999999999,,1006.0220999999999,0.0,0.0,0.0,0.0,0.0,0.0025,139.3189,0.0,0.0,1.0,561.0,0.0,0.0,0.0,1.0,0.0,0.0,1.0,0.0,0,0,24.068278627450983,2.8313478431372547,26.899626470588238,1.9567752941176475,2.7017919607843135,4.658567254901961,2507.6354000000024,847.0000000000022,2507.6354000000024,0.0,0,0,0.0,0.0,0.0,1.0,1.0,0.0,0.0,0.0,0.0,0.5,0.25,0.0,0.0,0.0,0,2560.0,283.04420000000005,601.9073000000001,140.77720000000008,0.0,0.0,0.0,0.0,0.0,4,0.0,2560.0,283.04420000000005,140.77720000000008,271.0,0.0,0.0,0.008472370766488413,4.802509776536302,5.466305701754391,2.013318786127161,NaN,3.444376453274438,3.8023999999999996,912.0,1074.0,456.0,2048.0,1359.0,204.0,172,0,0,2,52,33.0,2048.0,19677.662899999956,741.5652,6331.0798,312,456,0,52,0.07525040433782659,0.46374897905614487,0.3565305214193393,0,7148.733899999977,5157.895499999988,52,0,346.0,0,0,0,0.0,0,0.0,48597.11100000016,0.0,0,0,0,1.5,0,0.0,0,0,0.0,0,0.0,0,0,696.6082999999977,241.0,2113.8491,2,0.0,0.0,NaN,5120.0,NaN,NaN,0,0,0.0,0,0.0,NaN,0,NaN,0,0,0,0.0,0.0,0.0,0.0,0.0,0.0,0.0,0.0,0,0,0,0,172,0.0,0,0,0.0,0,0.0,0.0,0.0,0.0,0.0,0.0,0.0,0.0,0.0,0.0,0.5293256365053836,460,34758.6991,52,13838.411900000003,4,652.1800000000003,4,6574.2798,2,512.2339999999999,-866.7031999999999,37.5,0,0,456,456,5 + government bonds,sumsy,5,7.275957614183426e-11
3,512,4,4,31235.84610000002,0.0,21922.464700000004,1514.9018,1405.5437000000002,,1405.5437000000002,0.0,0.0,0.0,0.0,0.0,0.0025,161.2014,0.0,0.0,1.0,538.8404999999996,0.0,0.0,0.0,1.0,0.0,0.0,1.0,0.0,0,0,25.418380648601,2.9919705145133735,28.410351163114374,2.7698421734897445,2.9377980635250833,5.707640237014828,2913.1963000000137,2507.6353999999837,2913.1963000000137,0.0,0,0,0.0,0.0,0.0,1.0,1.0,0.0,0.0,0.0,0.0,0.5,0.25,0.0,-1.5687999999999995,0.0,0,2560.0,327.62980000000016,1514.9018,162.9439,0.0,0.0,0.0,0.0,0.0,19,15.514600000000002,2560.0,327.62980000000016,162.9439,271.0,0.0,0.0,0.007659667859153725,4.715984430027848,5.386981970260249,1.9650048437499936,NaN,3.3364234917169764,3.6883279999999994,1076.0,1079.0,538.0,2045.3333333333335,1538.0000000000002,204.0,126,0,0,0,52,36.0,2048.0,20908.9269,1582.4191,6853.2438999999995,230,538,0,39,0.10537135906029249,0.46277895227818955,0.27786225990416047,0,7575.133600000009,5088.547200000048,52,0,640.0,0,0,0,0.0,0,0.0,49511.9514,0.0,0,0,0,1.5,0,0.0,0,0,0.0,0,0.0,0,0,1257.603099999996,256.0,1714.5402,2,0.0,0.0,NaN,5120.0,NaN,NaN,0,0,0.0,0,0.0,NaN,0,NaN,0,0,0,0.0,0.0,0.0,0.0,0.0,0.0,0.0,0.0,0,0,0,0,126,0.0,0,0,0.0,0,0.0,0.0,0.0,0.0,0.0,0.0,0.0,0.0,0.0,0.0,0.5361103513072378,473,38999.11539999998,39,10512.836,4,1240.4980999999952,4,7096.4439,2,777.6030000000001,-1244.3423000000003,37.5,0,0,538,538,5 + government bonds,sumsy,5,7.275957614183426e-11
4,512,4,4,33423.97950000001,0.0,21366.2402,516.139,1773.4775,,1773.4775,0.0,0.0,0.0,0.0,0.0,0.0025,183.2633,0.0,0.0,1.0,529.1352000000002,0.0,0.0,0.0,1.0,0.0,0.0,1.0,0.0,0,0,25.85977433698499,3.2988357094820584,29.158610046467047,3.7015295833472175,3.133602289640272,6.835131872987489,2846.2723999999826,2913.196299999993,2846.2723999999826,0.0,0,0,0.0,0.0,0.0,1.0,1.0,0.0,0.0,0.0,0.0,0.5,0.25,0.0,-14.213025000000005,0.0,0,2560.0,371.86660000000035,516.139,185.0428999999999,0.0,0.0,0.0,0.0,0.0,40,14.8335,2560.0,371.86660000000035,185.0428999999999,271.0,0.0,0.0,0.0029520710187287383,4.576299253731399,5.282224626865639,1.937585312499996,NaN,3.1884834765639485,3.5776781599999987,1072.0,1072.0,536.0,2048.0,1534.0,204.0,128,0,0,1,48,37.0,2048.0,22650.86780000001,1783.3229000000001,6832.6845,230,538,0,39,0.12333007005144458,0.4549343888483237,0.28524966197649193,0,7299.395799999988,4905.79280000006,48,0,640.0,0,0,0,0.0,0,0.0,50331.544400000035,0.0,0,0,0,1.5,0,0.0,0,0,0.0,0,0.0,0,0,1240.0545999999974,256.0,1959.0075,2,0.0,0.0,NaN,5120.0,NaN,NaN,0,0,0.0,0,0.0,NaN,0,NaN,0,0,0,0.0,0.0,0.0,0.0,0.0,0.0,0.0,0.0,0,0,0,0,128,0.0,0,0,0.0,0,0.0,0.0,0.0,0.0,0.0,0.0,0.0,0.0,0.0,0.0,0.5402995901537067,473,39759.49339999999,39,10572.050999999998,4,2365.560200000001,4,7075.8844,2,1044.6931,-1590.2142,37.5,0,0,536,536,5 + government bonds,sumsy,5,7.275957614183426e-11
5,512,4,4,35568.737000000016,0.0,20616.6662,330.1997,2103.6771,,2103.6771,0.0,0.0,0.0,0.0,0.0,0.0025,204.9004,0.0,0.0,1.0,513.4629000000002,0.0,0.0,0.0,1.0,0.0,0.0,1.0,0.0,0,0,26.40593353309174,3.6762920893733786,30.082225622465117,4.6587395387498285,3.4937779727527842,8.152517511502612,2801.1646000000005,2846.2723999999944,2801.1646000000005,0.0,0,0,0.0,0.0,0.0,1.0,1.0,0.0,0.0,0.0,0.0,0.5,0.25,0.0,-27.70285,0.0,0,2560.0,415.2424999999997,330.1997,206.7142999999998,0.0,0.0,0.0,0.0,0.0,45,15.6339,2560.0,415.2424999999997,206.7142999999998,271.0,0.0,0.0,0.008404586301364553,4.453708401826479,5.188388454376165,1.958282968749995,NaN,3.0368826885429567,3.4703478151999994,1074.0,1095.0,537.0,2046.6666666666667,1536.0,204.0,127,0,0,2,63,47.0,2048.0,24178.749900000013,1838.1939000000002,6943.5922,230,538,0,39,0.13669130669836904,0.4457722897757115,0.27877882277683397,0,7041.845899999997,4876.810699999995,63,0,640.0,0,0,0,0.0,0,0.0,50893.892899999955,0.0,0,0,0,1.5,0,0.0,0,0,0.0,0,0.0,0,0,1253.3010999999967,256.0,2387.6666999999998,2,0.0,0.0,NaN,5120.0,NaN,NaN,0,0,0.0,0,0.0,NaN,0,NaN,0,0,0,0.0,0.0,0.0,0.0,0.0,0.0,0.0,0.0,0,0,0,0,127,0.0,0,0,0.0,0,0.0,0.0,0.0,0.0,0.0,0.0,0.0,0.0,0.0,0.0,0.544754014095078,473,40267.12519999998,39,10626.767699999999,4,3500.2047999999977,4,7186.792,2,1312.4164,-1898.7767,37.5,0,0,537,537,5 + government bonds,sumsy,5,7.275957614183426e-11
6,512,4,4,37671.33309999997,0.0,20056.7003,294.8078,2398.4847999999997,,2398.4847999999997,0.0,0.0,0.0,0.0,0.0,0.0025,225.9144,0.0,0.0,1.0,499.70810000000023,0.0,0.0,0.0,1.0,0.0,0.0,1.0,0.0,0,0,26.885160828571863,3.98738894530588,30.87254977387774,5.856890923309663,3.8563639642846224,9.713254887594285,2770.9039999999986,2801.164599999994,2770.9039999999986,0.0,0,0,0.0,0.0,0.0,1.0,1.0,0.0,0.0,0.0,0.0,0.5,0.25,0.0,-40.48237500000002,0.0,0,2560.0,457.4038999999999,294.8078,227.77260000000027,0.0,0.0,0.0,0.0,0.0,49,287.98720000000003,2560.0,457.4038999999999,227.77260000000027,271.0,0.0,0.0,0.012743187610194677,4.344930776515129,5.065999999999997,1.995839375000001,NaN,2.9485479243128645,3.366237380743999,1088.0,1056.0,544.0,2045.3333333333335,1550.0,204.0,123,0,0,2,48,33.0,2048.0,25875.749099999986,1858.8069999999998,6865.7122,224,544,0,38,0.15250842916206864,0.4361248856534432,0.2688228632064631,0,6913.2554000000055,4588.246899999976,48,0,640.0,0,0,0,0.0,0,0.0,51575.189500000015,0.0,0,0,0,1.5,0,0.0,0,0,0.0,0,0.0,0,0,1277.3372000000006,256.0,2557.1632,2,0.0,0.0,NaN,5120.0,NaN,NaN,0,0,0.0,0,0.0,NaN,0,NaN,0,0,0,0.0,0.0,0.0,0.0,0.0,0.0,0.0,0.0,0,0,0,0,123,0.0,0,0,0.0,0,0.0,0.0,0.0,0.0,0.0,0.0,0.0,0.0,0.0,0.0,0.5468956409189221,474,41211.3183,38,10363.871199999998,4,4600.591500000001,4,7108.911900000001,2,1571.6619,-2172.5703999999996,37.5,0,0,544,544,5 + government bonds,sumsy,5,7.275957614183426e-11
7,512,4,4,39731.37490000004,0.0,19227.261199999997,261.5846,2660.0692999999997,,2660.0692999999997,0.0,0.0,0.0,0.0,0.0,0.0025,247.1181,0.0,0.0,1.0,487.49890000000033,0.0,0.0,0.0,1.0,0.0,0.0,1.0,0.0,0,0,27.984978668765642,3.859702729239141,31.844681398004784,7.737171485334216,3.7647031336419645,11.50187461897618,2679.4844000000094,2770.9039999999845,2679.4844000000094,0.0,0,0,0.0,0.0,0.0,1.0,1.0,0.0,0.0,0.0,0.0,0.5,0.25,0.0,-52.55210000000002,0.0,0,2560.0,499.9582000000002,261.5846,249.02540000000016,0.0,0.0,0.0,0.0,0.0,50,421.65409999999997,2560.0,499.9582000000002,249.02540000000016,271.0,0.0,0.0,0.015,4.252350137236978,4.999032645403394,2.032670781250002,NaN,2.980214485029413,3.2652502593216797,1066.0,1093.0,533.0,2045.3333333333333,1528.0,204.0,129,0,0,3,55,50.0,2048.0,27435.531299999995,1912.5888,6916.1589,224,544,0,38,0.18521537440602764,0.4372272742491796,0.30222530238382483,0,6864.142000000022,4647.818700000017,55,0,640.0,0,0,0,0.0,0,0.0,52108.01909999997,0.0,0,0,0,1.5,0,0.0,0,0,0.0,0,0.0,0,0,1300.9093000000012,256.0,2798.3237,2,0.0,0.0,NaN,5120.0,NaN,NaN,0,0,0.0,0,0.0,NaN,0,NaN,0,0,0,0.0,0.0,0.0,0.0,0.0,0.0,0.0,0.0,0,0,0,0,129,0.0,0,0,0.0,0,0.0,0.0,0.0,0.0,0.0,0.0,0.0,0.0,0.0,0.0,0.5572799660851089,474,41675.68900000003,38,10432.330100000001,4,5745.396900000002,4,7159.3585,2,1692.221,-2412.9511999999995,37.5,0,0,533,533,5 + government bonds,sumsy,5,7.275957614183426e-11
8,512,4,4,41750.400100000006,0.0,18366.2347,229.9972,2890.0663999999997,,2890.0663999999997,0.0,0.0,0.0,0.0,0.0,0.0025,267.6073,0.0,0.0,1.0,477.1152000000005,0.0,0.0,0.0,1.0,0.0,0.0,1.0,0.0,0,0,28.53668410002265,4.13527593188656,32.671960031909215,9.223712449851579,4.061582656937486,13.285295106789066,2652.4890000000078,2679.484400000003,2652.4890000000078,0.0,0,0,0.0,0.0,0.0,1.0,1.0,0.0,0.0,0.0,0.0,0.5,0.25,0.0,-63.91112500000004,0.0,0,2560.0,540.9748000000002,229.9972,269.5284999999997,0.0,0.0,0.0,0.0,0.0,51,486.2029,2560.0,540.9748000000002,269.5284999999997,271.0,0.0,0.0,0.015,4.185181526861426,4.9115251396648185,2.0945282812499966,NaN,2.9044237101114976,3.167292751542029,1074.0,1061.0,537.0,2044.0,1536.0000000000002,204.0,126,0,0,0,52,35.0,2048.0,29021.84409999999,1953.3117,6878.1392,224,544,0,38,0.20514905408919337,0.4328264984589745,0.30979039342240733,0,6739.0695000000005,4440.477599999973,52,0,640.0,0,0,0,0.0,0,0.0,52667.37930000001,0.0,0,0,0,1.5,0,0.0,0,0,0.0,0,0.0,0,0,1340.4980999999977,256.0,3143.2949,2,0.0,0.0,NaN,5120.0,NaN,NaN,0,0,0.0,0,0.0,NaN,0,NaN,0,0,0,0.0,0.0,0.0,0.0,0.0,0.0,0.0,0.0,0,0,0,0,126,0.0,0,0,0.0,0,0.0,0.0,0.0,0.0,0.0,0.0,0.0,0.0,0.0,0.0,0.5626170395056418,474,42141.353300000024,38,10526.026,4,6877.143399999997,4,7121.3387,2,1743.6619999999998,-2622.4590999999996,37.5,0,0,537,537,5 + government bonds,sumsy,5,7.275957614183426e-11
9,512,4,4,43729.223699999966,0.0,17477.1812,201.9702,3092.0364999999997,,3092.0364999999997,0.0,0.0,0.0,0.0,0.0,0.0025,287.6414,0.0,0.0,1.0,469.5774000000003,0.0,0.0,0.0,1.0,0.0,0.0,1.0,0.0,0,0,28.836731713582648,4.314061943803231,33.150793657385876,10.5829691674184,4.226684095431385,14.809653262849785,2628.1882999999975,2652.489000000005,2628.1882999999975,0.0,0,0,0.0,0.0,0.0,1.0,1.0,0.0,0.0,0.0,0.0,0.5,0.25,0.0,-74.55975000000001,0.0,0,2560.0,581.1764000000007,201.9702,289.6056999999998,0.0,0.0,0.0,0.0,0.0,52,517.4496,2560.0,581.1764000000007,289.6056999999998,271.0,0.0,0.0,0.015,4.134443106617638,4.830292606284654,2.1393139062499977,NaN,2.8157521809026846,3.072273968995767,1082.0,1088.0,541.0,2048.0,1544.0,204.0,126,0,0,1,58,42.0,2048.0,30366.873300000014,1984.1949,7025.423000000001,224,544,0,38,0.22201651863816285,0.42799212423902255,0.30422289430464233,0,6597.891099999981,4498.2740999999905,58,0,640.0,0,0,0,0.0,0,0.0,52985.45589999997,0.0,0,0,0,1.5,0,0.0,0,0,0.0,0,0.0,0,0,1369.1608999999985,256.0,3547.6415,2,0.0,0.0,NaN,5120.0,NaN,NaN,0,0,0.0,0,0.0,NaN,0,NaN,0,0,0,0.0,0.0,0.0,0.0,0.0,0.0,0.0,0.0,0,0,0,0,126,0.0,0,0,0.0,0,0.0,0.0,0.0,0.0,0.0,0.0,0.0,0.0,0.0,0.0,0.5689061600664775,474,42437.59249999997,38,10547.863399999995,4,7999.0502,4,7268.6224,2,1761.8009000000002,-2804.3950999999997,37.5,0,0,541,541,5 + government bonds,sumsy,5,7.275957614183426e-11
10,512,4,4,45667.77410000001,0.0,16562.402000000002,176.2444,3268.2808999999997,,3268.2808999999997,0.0,0.0,0.0,0.0,0.0,0.0025,307.738,0.0,0.0,1.0,463.8857999999999,0.0,0.0,0.0,1.0,0.0,0.0,1.0,0.0,0,0,29.620659710354307,4.075756492177011,33.69641620253132,12.512682408570905,3.948577403646146,16.46125981221705,2602.5202000000045,2628.188299999987,2602.5202000000045,0.0,0,0,0.0,0.0,0.0,1.0,1.0,0.0,0.0,0.0,0.0,0.5,0.25,0.0,-84.49864999999997,0.0,0,2560.0,621.4495999999995,176.2444,309.72890000000007,0.0,0.0,0.0,0.0,0.0,53,532.328,2560.0,621.4495999999995,309.72890000000007,271.0,0.0,0.0,0.015,4.0923475164011265,4.800594063079786,2.188501562499998,NaN,2.7742966341314568,2.9801057499258943,1078.0,1067.0,539.0,2046.6666666666665,1540.0,204.0,126,0,0,1,50,36.0,2048.0,31695.048699999992,2022.2876,7101.4226,224,544,0,38,0.24930575656467902,0.42990775174895535,0.3084488984905136,0,6494.711800000006,4366.534800000002,50,0,640.0,0,0,0,0.0,0,0.0,53286.67870000001,0.0,0,0,0,1.5,0,0.0,0,0,0.0,0,0.0,0,0,1400.640999999999,256.0,4008.9492,2,0.0,0.0,NaN,5120.0,NaN,NaN,0,0,0.0,0,0.0,NaN,0,NaN,0,0,0,0.0,0.0,0.0,0.0,0.0,0.0,0.0,0.0,0,0,0,0,126,0.0,0,0,0.0,0,0.0,0.0,0.0,0.0,0.0,0.0,0.0,0.0,0.0,0.0,0.5792020612329531,474,42696.42960000001,38,10590.2491,4,9128.1665,4,7344.621999999999,2,1763.5715,-2960.5429,37.5,0,0,539,539,5 + government bonds,sumsy,5,7.275957614183426e-11
11,512,4,4,47567.90009999999,0.0,15622.8036,151.4252,3419.7061,,3419.7061,0.0,0.0,0.0,0.0,0.0,0.0025,326.8654,0.0,0.0,1.0,459.1631999999997,0.0,0.0,0.0,1.0,0.0,0.0,1.0,0.0,0,0,30.38130518614116,4.188185801918071,34.56949098805923,14.19111339257201,4.05715908422215,18.24827247679416,2565.418299999985,2602.520199999998,2565.418299999985,0.0,0,0,0.0,0.0,0.0,1.0,1.0,0.0,0.0,0.0,0.0,0.5,0.25,0.0,-93.72754999999992,0.0,0,2560.0,659.8739999999999,151.4252,328.91209999999967,0.0,0.0,0.0,0.0,0.0,54,539.238,2560.0,659.8739999999999,328.91209999999967,271.0,0.0,0.0,0.015,4.069097790055255,4.758243097014897,2.245710937500002,NaN,2.6977503637593254,2.8907025774281183,1072.0,1086.0,536.0,2046.6666666666667,1534.0,204.0,128,0,0,2,57,43.0,2048.0,32767.593800000002,2103.5662,7283.6318,224,544,0,38,0.27243585998323705,0.4326533420066385,0.31618014652776605,0,6338.945099999985,4419.040200000007,57,0,640.0,0,0,0,0.0,0,0.0,53332.27119999995,0.0,0,0,0,1.5,0,0.0,0,0,0.0,0,0.0,0,0,1437.2550000000012,256.0,4547.0049,2,0.0,0.0,NaN,5120.0,NaN,NaN,0,0,0.0,0,0.0,NaN,0,NaN,0,0,0,0.0,0.0,0.0,0.0,0.0,0.0,0.0,0.0,0,0,0,0,128,0.0,0,0,0.0,0,0.0,0.0,0.0,0.0,0.0,0.0,0.0,0.0,0.0,0.0,0.5911208706280116,474,42752.23460000002,38,10580.0366,4,10300.468700000001,4,7526.8312,2,1757.3737,-3092.8406999999997,37.5,0,0,536,536,5 + government bonds,sumsy,5,7.275957614183426e-11
12,512,4,4,49430.08709999999,0.0,14661.466600000002,129.6866,3549.3927,,3549.3927,0.0,0.0,0.0,0.0,0.0,0.0025,345.743,0.0,0.0,1.0,456.55199999999996,0.0,0.0,0.0,1.0,0.0,0.0,1.0,0.0,0,0,30.38515610777408,4.362507495206225,34.7476636029803,15.402628831961644,4.157094132847051,19.559722964808696,2558.7514000000065,2565.4182999999875,2558.7514000000065,0.0,0,0,0.0,0.0,0.0,1.0,1.0,0.0,0.0,0.0,0.0,0.5,0.25,0.0,-102.2461499999999,0.0,0,2560.0,697.8129999999982,129.6866,347.8517999999996,0.0,0.0,0.0,0.0,0.0,55,542.3666000000001,2560.0,697.8129999999982,347.8517999999996,271.0,0.0,0.0,0.015,4.042532066728452,4.71939035250465,2.2889493749999987,NaN,3.0150986615005695,4.685814124556636,1078.0,1079.0,539.0,2045.3333333333335,1540.0,204.0,125,0,0,0,59,39.0,2048.0,34326.595499999974,2191.9278,7493.2181,224,544,0,38,0.28239914640425345,0.4263389594931508,0.3637323718918386,0,6811.830500000007,4361.892099999999,59,0,640.0,0,0,0,0.0,0,0.0,53864.3203,0.0,0,0,0,1.5,0,0.0,0,0,0.0,0,0.0,0,0,1464.9275999999993,256.0,4530.2361,2,0.0,0.0,NaN,5120.0,NaN,NaN,0,0,0.0,0,0.0,NaN,0,NaN,0,0,0,0.0,0.0,0.0,0.0,0.0,0.0,0.0,0.0,0,0,0,0,125,0.0,0,0,0.0,0,0.0,0.0,0.0,0.0,0.0,0.0,0.0,0.0,0.0,0.0,0.5927228562520546,474,43278.19619999998,38,10586.1241,4,11479.853900000002,4,7736.4175000000005,2,1747.3944999999999,-3203.6497,37.5,0,0,539,539,5 + government bonds,sumsy,5,7.275957614183426e-11
13,512,4,4,51255.10099999992,0.0,13678.273599999999,107.8306,3657.2232999999997,,3657.2232999999997,0.0,0.0,0.0,0.0,0.0,0.0025,364.2243,0.0,0.0,1.0,453.57359999999966,0.0,0.0,0.0,1.0,0.0,0.0,1.0,0.0,0,0,30.4912946242288,4.457785100581807,34.94907972481061,16.50926213249269,4.386960968873406,20.896223101366097,2619.763700000013,2558.751400000002,2619.763700000013,0.0,0,0,0.0,0.0,0.0,1.0,1.0,0.0,0.0,0.0,0.0,0.5,0.25,0.0,-110.05414999999988,0.0,0,2560.0,734.9861,107.8306,366.40310000000017,0.0,0.0,0.0,0.0,0.0,56,543.5949,2560.0,734.9861,366.40310000000017,271.0,0.0,0.0,0.015,4.007317423540317,4.805837084870873,2.3818934375000023,NaN,2.982200645463743,4.6371421055583255,1084.0,1079.0,542.0,2048.0,1546.0,204.0,125,0,0,1,53,42.0,2048.0,35786.512,2287.3676,7736.4502999999995,224,544,0,38,0.28836495301812337,0.41983801984059554,0.35959666647036226,0,6749.106700000015,4323.895500000002,53,0,640.0,0,0,0,0.0,0,0.0,54297.28419999992,0.0,0,0,0,1.5,0,0.0,0,0,0.0,0,0.0,0,0,1524.4118000000014,256.0,4536.9519,2,0.0,0.0,NaN,5120.0,NaN,NaN,0,0,0.0,0,0.0,NaN,0,NaN,0,0,0,0.0,0.0,0.0,0.0,0.0,0.0,0.0,0.0,0,0,0,0,125,0.0,0,0,0.0,0,0.0,0.0,0.0,0.0,0.0,0.0,0.0,0.0,0.0,0.0,0.5945068497923234,474,43702.40109999996,38,10594.883099999997,4,12666.317300000002,4,7979.6497,2,1735.5149999999999,-3292.999,37.5,0,0,542,542,5 + government bonds,sumsy,5,7.275957614183426e-11
14,512,4,4,53043.482299999996,0.0,12672.6468,85.3969,3742.6201000000005,,3742.6201000000005,0.0,0.0,0.0,0.0,0.0,0.0025,382.4545,0.0,0.0,1.0,449.62110000000024,0.0,0.0,0.0,1.0,0.0,0.0,1.0,0.0,0,0,30.964253155380764,4.394394422036022,35.35864757741679,17.963848512319043,4.276686222811232,22.240534735130275,2581.9728000000023,2619.763699999987,2581.9728000000023,0.0,0,0,0.0,0.0,0.0,1.0,1.0,0.0,0.0,0.0,0.0,0.5,0.25,0.0,-117.15227499999988,0.0,0,2560.0,771.6187000000003,85.3969,384.69100000000054,0.0,0.0,0.0,0.0,0.0,57,544.6689,2560.0,771.6187000000003,384.69100000000054,271.0,0.0,0.0,0.015,3.953726340545623,4.771324907063201,2.4508159375000007,NaN,2.9880372875516734,4.516932518942021,1076.0,1063.0,538.0,2046.6666666666665,1538.0,204.0,127,0,0,1,49,33.0,2048.0,37262.849100000014,2475.9933,7826.290299999999,224,544,0,38,0.30180667115780313,0.4178124573388713,0.37687059610141493,0,6703.707400000007,4202.811099999997,49,0,640.0,0,0,0,0.0,0,0.0,54746.66869999995,0.0,0,0,0,1.5,0,0.0,0,0,0.0,0,0.0,0,0,1568.5222000000003,256.0,4551.2262,2,0.0,0.0,NaN,5120.0,NaN,NaN,0,0,0.0,0,0.0,NaN,0,NaN,0,0,0,0.0,0.0,0.0,0.0,0.0,0.0,0.0,0.0,0,0,0,0,127,0.0,0,0,0.0,0,0.0,0.0,0.0,0.0,0.0,0.0,0.0,0.0,0.0,0.0,0.5986017560630292,474,44097.48559999997,38,10649.183100000002,4,13945.9666,4,8069.489599999999,2,1723.4812,-3360.1656000000007,37.5,0,0,538,538,5 + government bonds,sumsy,5,7.275957614183426e-11
15,512,4,4,54796.171400000014,0.0,11642.7769,61.1537,3803.7738000000004,,3803.7738000000004,0.0,0.0,0.0,0.0,0.0,0.0025,400.182,0.0,0.0,1.0,443.6081999999995,0.0,0.0,0.0,1.0,0.0,0.0,1.0,0.0,0,0,31.175476829931167,4.603252332706558,35.778729162637724,19.058438174355064,4.4753828898649575,23.533821064220025,2535.366500000009,2581.9727999999905,2535.366500000009,0.0,0,0,0.0,0.0,0.0,1.0,1.0,0.0,0.0,0.0,0.0,0.5,0.25,0.0,-123.54027499999978,0.0,0,2560.0,807.3109000000004,61.1537,402.49730000000005,0.0,0.0,0.0,0.0,0.0,58,544.9978,2560.0,807.3109000000004,402.49730000000005,271.0,0.0,0.0,0.015,3.94285701021356,4.702176305970166,2.5388207812499974,NaN,2.986152409002049,4.394549868674622,1072.0,1077.0,536.0,2046.6666666666667,1534.0,204.0,128,0,0,2,55,33.0,2048.0,38583.86069999996,2654.4137,8030.0007,224,544,0,38,0.3116251255935987,0.41433794061263973,0.3887174936450615,0,6661.7854999999945,4246.457000000004,55,0,640.0,0,0,0,0.0,0,0.0,55040.727700000025,0.0,0,0,0,1.5,0,0.0,0,0,0.0,0,0.0,0,0,1624.8452999999984,256.0,4582.7165,2,0.0,0.0,NaN,5120.0,NaN,NaN,0,0,0.0,0,0.0,NaN,0,NaN,0,0,0,0.0,0.0,0.0,0.0,0.0,0.0,0.0,0.0,0,0,0,0,128,0.0,0,0,0.0,0,0.0,0.0,0.0,0.0,0.0,0.0,0.0,0.0,0.0,0.0,0.6024844946741261,474,44386.213200000006,38,10654.5145,4,15215.4106,4,8273.199999999999,2,1710.7023,-3403.5918,37.5,0,0,536,536,5 + government bonds,sumsy,5,7.275957614183426e-11
16,512,4,4,56513.57369999996,0.0,10593.9606,42.2074,3845.9811,,3845.9811,0.0,0.0,0.0,0.0,0.0,0.0025,417.689,0.0,0.0,1.0,442.38930000000016,0.0,0.0,0.0,1.0,0.0,0.0,1.0,0.0,0,0,31.392253968841455,4.553919128761858,35.946173097603314,20.391832918179844,4.413440223780182,24.805273141960026,2540.8107000000027,2535.366500000011,2540.8107000000027,0.0,0,0,0.0,0.0,0.0,1.0,1.0,0.0,0.0,0.0,0.0,0.5,0.25,0.0,-129.21749999999972,0.0,0,2560.0,842.5976999999998,42.2074,420.09539999999976,0.0,0.0,0.0,0.0,0.0,59,545.0211999999999,2560.0,842.5976999999998,420.09539999999976,271.0,0.0,0.0,0.015,3.9268087992667278,4.6861051948052,2.5951485937499963,NaN,2.9959292791423864,4.34701666749642,1078.0,1091.0,539.0,2045.3333333333333,1540.0,204.0,126,0,0,0,60,40.0,2048.0,39825.58549999995,2796.6407,8329.1478,224,544,0,38,0.3232480028006661,0.4141677693957422,0.3885316897917639,0,6669.0105,4284.1484,60,0,640.0,0,0,0,0.0,0,0.0,55255.49989999992,0.0,0,0,0,1.5,0,0.0,0,0,0.0,0,0.0,0,0,1660.8950999999977,256.0,4599.4895,2,0.0,0.0,NaN,5120.0,NaN,NaN,0,0,0.0,0,0.0,NaN,0,NaN,0,0,0,0.0,0.0,0.0,0.0,0.0,0.0,0.0,0.0,0,0,0,0,126,0.0,0,0,0.0,0,0.0,0.0,0.0,0.0,0.0,0.0,0.0,0.0,0.0,0.0,0.608474610428734,474,44547.56799999997,38,10707.9319,4,16448.6612,4,8572.347,2,1697.6179,-3428.2921,37.5,0,0,539,539,5 + government bonds,sumsy,5,7.275957614183426e-11
17,512,4,4,58196.27799999998,0.0,9525.837,22.9001,3868.8810999999996,,3868.8810999999996,0.0,0.0,0.0,0.0,0.0,0.0025,434.9198,0.0,0.0,1.0,440.5890000000003,0.0,0.0,0.0,1.0,0.0,0.0,1.0,0.0,0,0,31.509165572450527,4.583224444692117,36.09239001714265,21.711025027133264,4.409075400275263,26.120100427408527,2531.1915999999906,2540.810699999989,2531.1915999999906,0.0,0,0,0.0,0.0,0.0,1.0,1.0,0.0,0.0,0.0,0.0,0.5,0.25,0.0,-134.1849249999998,0.0,0,2560.0,877.2957000000008,22.9001,437.4046000000002,0.0,0.0,0.0,0.0,0.0,60,544.8824,2560.0,877.2957000000008,437.4046000000002,271.0,0.0,0.0,0.015,3.9362524344569296,4.642419926199245,2.708507500000001,NaN,3.010166071977724,4.302320326048547,1084.0,1068.0,542.0,2048.0,1546.0,204.0,125,0,0,0,50,34.0,2048.0,41075.990299999976,2954.426,8552.159800000001,224,544,0,38,0.3343363694616841,0.41159360075823814,0.3851601403035769,0,6682.935200000013,4203.917600000001,50,0,640.0,0,0,0,0.0,0,0.0,55478.952099999995,0.0,0,0,0,1.5,0,0.0,0,0,0.0,0,0.0,0,0,1733.4448000000007,256.0,4633.8997,2,0.0,0.0,NaN,5120.0,NaN,NaN,0,0,0.0,0,0.0,NaN,0,NaN,0,0,0,0.0,0.0,0.0,0.0,0.0,0.0,0.0,0.0,0,0,0,0,125,0.0,0,0,0.0,0,0.0,0.0,0.0,0.0,0.0,0.0,0.0,0.0,0.0,0.0,0.6125475630849573,474,44779.428199999995,38,10699.523900000002,4,17697.4701,4,8795.3589,2,1684.3713,-3433.9612999999995,37.5,0,0,542,542,5 + government bonds,sumsy,5,7.275957614183426e-11
18,512,4,4,59844.47669999996,0.0,8441.5434,6.7301,3875.6110999999996,,3875.6110999999996,0.0,0.0,0.0,0.0,0.0,0.0025,452.0361,0.0,0.0,1.0,441.6498000000003,0.0,0.0,0.0,1.0,0.0,0.0,1.0,0.0,0,0,31.968893608694327,4.156754818690183,36.12564842738451,23.260509029510388,3.9742422135570137,27.2347512430674,2504.2932999999966,2531.1916000000033,2504.2932999999966,0.0,0,0,0.0,0.0,0.0,1.0,1.0,0.0,0.0,0.0,0.0,0.5,0.25,0.0,-138.44194999999988,0.0,0,2560.0,911.8013000000007,6.7301,454.61170000000016,0.0,0.0,0.0,0.0,0.0,61,544.6762,2560.0,911.8013000000007,454.61170000000016,271.0,0.0,0.0,0.015,3.943491768007482,4.644203917910441,2.792250937500004,NaN,3.0458863905775355,4.229646254347511,1072.0,1069.0,536.0,2048.0,1534.0,204.0,128,0,0,0,42,37.0,2048.0,42242.64429999998,3127.6995,8819.3783,224,544,0,38,0.35134495667557797,0.41516536866468634,0.39644345436114437,0,6676.770399999987,4215.592699999998,42,0,640.0,0,0,0,0.0,0,0.0,55618.653499999964,0.0,0,0,0,1.5,0,0.0,0,0,0.0,0,0.0,0,0,1787.0406000000025,256.0,4658.0423,2,0.0,0.0,NaN,5120.0,NaN,NaN,0,0,0.0,0,0.0,NaN,0,NaN,0,0,0,0.0,0.0,0.0,0.0,0.0,0.0,0.0,0.0,0,0,0,0,128,0.0,0,0,0.0,0,0.0,0.0,0.0,0.0,0.0,0.0,0.0,0.0,0.0,0.0,0.6203966755831682,474,44876.026299999954,38,10742.627200000003,4,18961.767200000002,4,9062.577299999999,2,1671.0573,-3423.575,37.5,0,0,536,536,5 + government bonds,sumsy,5,7.275957614183426e-11
19,512,4,4,61460.118399999956,0.0,7338.5506000000005,0.0,3863.6419,,3863.6419,0.0,0.0,0.0,0.0,0.0,0.0025,468.1882,0.0,0.0,1.0,442.46070000000026,0.0,0.0,0.0,1.0,0.0,0.0,1.0,0.0,0,0,31.82383798931181,4.327173117759398,36.151011107071206,23.821620840796005,4.209460428874443,28.031081269670448,2494.7982000000093,2504.2932999999953,2494.7982000000093,0.0,0,0,0.0,0.0,0.0,1.0,1.0,0.0,0.0,0.0,0.0,0.5,0.25,0.0,-144.3824999999999,0.0,0,2560.0,944.3582999999984,0.0,470.8486999999994,0.0,0.0,0.0,0.0,0.0,62,545.6075000000001,2560.0,944.3582999999984,470.8486999999994,271.0,0.0,0.0,0.015,3.9566604961832,4.643816853932601,2.8900257812500003,NaN,3.08084560547087,4.247484277418887,1068.0,1048.0,534.0,2048.0,1530.0,204.0,129,0,0,1,37,25.0,2048.0,43421.444199999976,3290.3661,9067.2281,224,544,0,38,0.35424559289351953,0.4105885010620731,0.40496462464631167,0,6694.27499999999,4146.580199999994,37,0,640.0,0,0,0,0.0,0,0.0,55770.50079999995,0.0,0,0,0,1.5,0,0.0,0,0,0.0,0,0.0,0,0,1849.6165000000003,256.0,4667.284299999999,2,0.0,0.0,NaN,5120.0,NaN,NaN,0,0,0.0,0,0.0,NaN,0,NaN,0,0,0,0.0,0.0,0.0,0.0,0.0,0.0,0.0,0.0,0,0,0,0,129,0.0,0,0,0.0,0,0.0,0.0,0.0,0.0,0.0,0.0,0.0,0.0,0.0,0.0,0.623031714372416,474,44974.769299999985,38,10795.7315,4,20215.4574,4,9298.457900000001,2,1658.8808,-3395.4537,37.5,0,0,534,534,5 + government bonds,sumsy,5,7.275957614183426e-11
20,512,4,4,63043.86090000002,0.0,6217.3659,0.0,3833.4809,,3833.4809,0.0,0.0,0.0,0.0,0.0,0.0025,483.9631,0.0,0.0,1.0,443.9397000000001,0.0,0.0,0.0,1.0,0.0,0.0,1.0,0.0,0,0,31.522041576976335,4.499111531029086,36.02115310800542,24.17091112769008,4.3908463341884145,28.561757461878496,2476.4239000000052,2494.7981999999997,2476.4239000000052,0.0,0,0,0.0,0.0,0.0,1.0,1.0,0.0,0.0,0.0,0.0,0.5,0.25,0.0,-153.13190808579898,0.0,0,2560.0,976.257500000001,0.0,486.73960000000034,0.0,0.0,0.0,0.0,0.0,58,557.5328,2560.0,976.257500000001,486.73960000000034,271.0,0.0,0.0,0.015,3.9398814814814807,4.644196037735859,2.9711134375000037,NaN,3.095148756683192,4.151335774881991,1060.0,1080.0,530.0,2046.6666666666665,1522.0,204.0,131,0,0,1,54,28.0,2048.0,44407.410200000006,3462.2576,9446.3969,224,544,0,38,0.35502027121773616,0.4060987667655367,0.40553772774132657,0,6671.616,4255.071999999999,54,0,640.0,0,0,0,0.0,0,0.0,55729.51420000003,0.0,0,0,0,1.5,0,0.0,0,0,0.0,0,0.0,0,0,1901.5126000000023,256.0,4686.3003,2,0.0,0.0,NaN,5120.0,NaN,NaN,0,0,0.0,0,0.0,NaN,0,NaN,0,0,0,0.0,0.0,0.0,0.0,0.0,0.0,0.0,0.0,0,0,0,0,131,0.0,0,0,0.0,0,0.0,0.0,0.0,0.0,0.0,0.0,0.0,0.0,0.0,0.0,0.6266054950047539,474,44830.49980000001,38,10899.014400000002,4,21478.372600000002,4,9665.466699999999,2,1643.1792999999998,-3349.5178,37.5,0,0,530,530,5 + government bonds,sumsy,5,7.275957614183426e-11
21,512,4,4,64595.55490000003,0.0,5074.4807,0.0,3781.6193000000007,,3781.6193000000007,0.0,0.0,0.0,0.0,0.0,0.0025,499.8078,0.0,0.0,1.0,442.0527000000004,0.0,0.0,0.0,1.0,0.0,0.0,1.0,0.0,0,0,32.36680645647195,4.197713112589344,36.56451956906129,25.894563393300714,4.130567666899506,30.025131060200223,2499.0137000000022,2476.423900000017,2499.0137000000022,0.0,0,0,0.0,0.0,0.0,1.0,1.0,0.0,0.0,0.0,0.0,0.5,0.25,0.0,-165.2097966602594,0.0,0,2560.0,1008.3060000000005,0.0,502.70500000000015,0.0,0.0,0.0,0.0,0.0,42,572.7368,2560.0,1008.3060000000005,502.70500000000015,271.0,0.0,0.0,0.015,3.9317517431192655,4.617125836431231,3.051140781249998,NaN,3.0306791301834797,4.026795701635531,1076.0,1090.0,538.0,2046.6666666666667,1538.0,204.0,127,0,0,2,58,38.0,2048.0,45243.474600000045,3613.6904000000004,9865.0223,224,544,0,38,0.369400688435479,0.41001051662415855,0.4057976053672405,0,6604.480399999991,4285.609399999999,58,0,640.0,0,0,0,0.0,0,0.0,55527.71800000006,0.0,0,0,0,1.5,0,0.0,0,0,0.0,0,0.0,0,0,1952.7300999999989,256.0,4800.823,2,0.0,0.0,NaN,5120.0,NaN,NaN,0,0,0.0,0,0.0,NaN,0,NaN,0,0,0,0.0,0.0,0.0,0.0,0.0,0.0,0.0,0.0,0,0,0,0,127,0.0,0,0,0.0,0,0.0,0.0,0.0,0.0,0.0,0.0,0.0,0.0,0.0,0.0,0.635613281384646,474,44625.69390000007,38,10902.0241,4,22720.828999999998,4,10071.9321,2,1619.9639,-3281.8115000000007,37.5,0,0,538,538,5 + government bonds,sumsy,5,7.275957614183426e-11
22,512,4,4,66115.68119999999,0.0,3978.8055999999997,0.0,3709.4651,,3709.4651,0.0,0.0,0.0,0.0,0.0,0.0025,515.413,0.0,0.0,1.0,441.1449000000001,0.0,0.0,0.0,1.0,0.0,0.0,1.0,0.0,0,0,32.22751848016175,4.303441277722806,36.53095975788455,26.819589719007425,4.156802304337807,30.976392023345234,2489.8821999999855,2499.0137000000154,2489.8821999999855,0.0,0,0,0.0,0.0,0.0,1.0,1.0,0.0,0.0,0.0,0.0,0.5,0.25,0.0,-180.1178284270852,0.0,0,2560.0,1039.8737000000003,0.0,518.4282999999998,0.0,0.0,0.0,0.0,0.0,22,583.3483,2560.0,1039.8737000000003,518.4282999999998,271.0,0.0,0.0,0.015,3.9173859943977605,4.591618181818155,3.1500451562499974,NaN,3.0890151594661943,4.166762353712453,1078.0,1071.0,539.0,2045.3333333333335,1540.0,204.0,126,0,0,1,48,38.0,2048.0,46120.13640000003,3863.0683,10177.7542,224,544,0,38,0.37766236299620526,0.4081792448382153,0.41465015302889374,0,6681.879600000004,4195.520400000001,48,0,640.0,0,0,0,0.0,0,0.0,55415.604200000016,0.0,0,0,0,1.5,0,0.0,0,0,0.0,0,0.0,0,0,2016.0288999999982,256.0,4855.961,2,0.0,0.0,NaN,5120.0,NaN,NaN,0,0,0.0,0,0.0,NaN,0,NaN,0,0,0,0.0,0.0,0.0,0.0,0.0,0.0,0.0,0.0,0,0,0,0,126,0.0,0,0,0.0,0,0.0,0.0,0.0,0.0,0.0,0.0,0.0,0.0,0.0,0.0,0.6404301416801337,474,44568.62640000005,38,10846.977799999997,4,23993.727800000004,4,10372.504,2,1590.2784,-3194.0521,37.5,0,0,539,539,5 + government bonds,sumsy,5,7.275957614183426e-11
23,512,4,4,67605.63559999998,0.0,3657.8505000000005,0.0,3616.6857000000005,,3616.6857000000005,0.0,0.0,0.0,0.0,0.0,0.0025,530.0982,0.0,0.0,1.0,439.5282,0.0,0.0,0.0,1.0,0.0,0.0,1.0,0.0,0,0,32.724715997090605,4.566467463726311,37.29118346081691,26.887069480105488,4.458212502077213,31.3452819821827,2470.507499999982,2489.8822000000027,2470.507499999982,0.0,0,0,0.0,0.0,0.0,1.0,1.0,0.0,0.0,0.0,0.0,0.5,0.25,0.0,-197.71868274293854,0.0,0,2560.0,1070.0456000000006,0.0,533.3820000000002,0.0,0.0,0.0,0.0,0.0,17,600.8127,2560.0,1070.0456000000006,533.3820000000002,271.0,0.0,0.0,0.015,3.8921737240075593,4.572639664804436,3.231901562499999,NaN,3.0981902399553256,4.186001400183267,1074.0,1058.0,537.0,2046.6666666666667,1536.0,204.0,127,0,0,1,47,26.0,2048.0,46237.20179999998,4888.8386,10436.801500000001,224,544,0,38,0.3692711102545574,0.4032572342453875,0.42186574756234907,0,6681.712099999997,4117.919799999998,47,0,640.0,0,0,0,0.0,0,0.0,55326.72710000001,0.0,0,0,0,1.5,0,0.0,0,0,0.0,0,0.0,0,0,2068.4169999999995,256.0,4911.882799999999,2,0.0,0.0,NaN,5120.0,NaN,NaN,0,0,0.0,0,0.0,NaN,0,NaN,0,0,0,0.0,0.0,0.0,0.0,0.0,0.0,0.0,0.0,0,0,0,0,127,0.0,0,0,0.0,0,0.0,0.0,0.0,0.0,0.0,0.0,0.0,0.0,0.0,0.0,0.6431783948626131,474,44424.38169999997,38,10902.3454,4,25247.673800000004,4,10619.391300000001,2,1551.79,-3086.5875000000005,37.5,0,0,537,537,5 + government bonds,sumsy,5,7.275957614183426e-11
24,512,4,4,69065.58309999999,0.0,3525.6795,0.0,3503.1779,,3503.1779,0.0,0.0,0.0,0.0,0.0,0.0025,544.69,0.0,0.0,1.0,436.7027999999997,0.0,0.0,0.0,1.0,0.0,0.0,1.0,0.0,0,0,33.02590176434115,4.403113670806964,37.429015435148116,26.68177181709706,4.384650274721948,31.06642209181901,2464.2698999999925,2470.5074999999993,2464.2698999999925,0.0,0,0,0.0,0.0,0.0,1.0,1.0,0.0,0.0,0.0,0.0,0.5,0.25,0.0,-217.9052968614736,0.0,0,2560.0,1100.0524999999986,0.0,548.2475999999996,0.0,0.0,0.0,0.0,0.0,13,606.0643,2560.0,1100.0524999999986,548.2475999999996,271.0,0.0,0.0,0.015,3.9859827966881305,4.569533395522374,3.2894314062500003,NaN,3.3384023414821646,4.15821928908998,1072.0,1087.0,536.0,2046.6666666666667,1534.0,204.0,128,0,0,1,50,40.0,2048.0,46304.5884,5876.2339999999995,10772.123800000001,224,544,0,38,0.36735390854747063,0.4016786670514576,0.413830415958361,0,7042.683200000001,4332.763299999998,50,0,640.0,0,0,0,0.0,0,0.0,55346.36089999999,0.0,0,0,0,1.5,0,0.0,0,0,0.0,0,0.0,0,0,2105.2361,256.0,4961.8826,2,0.0,0.0,NaN,5120.0,NaN,NaN,0,0,0.0,0,0.0,NaN,0,NaN,0,0,0,0.0,0.0,0.0,0.0,0.0,0.0,0.0,0.0,0,0,0,0,128,0.0,0,0,0.0,0,0.0,0.0,0.0,0.0,0.0,0.0,0.0,0.0,0.0,0.0,0.6467552469013684,474,44437.916500000014,38,10908.4444,4,26253.7324,4,10942.5536,2,1503.6996,-2958.4879,37.5,0,0,536,536,5 + government bonds,sumsy,5,7.275957614183426e-11
25,512,4,4,70496.01259999994,0.0,3397.2373000000002,0.0,3385.9873000000002,,3385.9873000000002,0.0,0.0,0.0,0.0,0.0,0.0025,559.0138,0.0,0.0,1.0,447.22910000000036,0.0,0.0,0.0,1.0,0.0,0.0,1.0,0.0,0,0,32.210345082077495,4.2616844695130895,36.47202955159059,26.24459936343582,4.199782251401261,30.444381614837084,2534.0058000000004,2464.2699000000043,2534.0058000000004,0.0,0,0,0.0,0.0,0.0,1.0,1.0,0.0,0.0,0.0,0.0,0.5,0.25,0.0,-237.635123436973,0.0,0,2560.0,1129.5705000000007,0.0,562.8613999999997,0.0,0.0,0.0,0.0,0.0,13,608.8469,2560.0,1129.5705000000007,562.8613999999997,271.0,0.0,0.0,0.015,4.0962730945821875,4.717239325842697,3.4355003125000017,NaN,3.381752463914,4.146919093183035,1068.0,1089.0,534.0,2046.6666666666665,1530.0,204.0,129,0,0,1,57,49.0,2048.0,46206.90609999999,6837.7771,11214.335299999999,224,544,0,38,0.37100661232633736,0.40252393112617146,0.4299794700204356,0,7097.640400000005,4460.841400000002,57,0,640.0,0,0,0,0.0,0,0.0,55200.92939999996,0.0,0,0,0,1.5,0,0.0,0,0,0.0,0,0.0,0,0,2198.720200000001,256.0,5069.133400000001,2,0.0,0.0,NaN,5120.0,NaN,NaN,0,0,0.0,0,0.0,NaN,0,NaN,0,0,0,0.0,0.0,0.0,0.0,0.0,0.0,0.0,0.0,0,0,0,0,129,0.0,0,0,0.0,0,0.0,0.0,0.0,0.0,0.0,0.0,0.0,0.0,0.0,0.0,0.6523935660596112,474,44409.56709999999,38,10791.362299999999,4,27226.527100000003,4,11372.6051,2,1453.4401,-2826.9735,37.5,0,0,534,534,5 + government bonds,sumsy,5,7.275957614183426e-11
26,512,4,4,71897.34410000009,0.0,3267.8129000000004,0.0,3267.8129000000004,,3267.8129000000004,0.0,0.0,0.0,0.0,0.0,0.0025,573.1777,0.0,0.0,1.0,459.60179999999974,0.0,0.0,0.0,1.0,0.0,0.0,1.0,0.0,0,0,31.450975874852016,4.039683076776658,35.49065895162868,25.48470891480643,3.956264111572155,29.440973026378586,2576.6495999999906,2534.005799999994,2576.6495999999906,0.0,0,0,0.0,0.0,0.0,1.0,1.0,0.0,0.0,0.0,0.0,0.5,0.25,0.0,-256.39770210581827,0.0,0,2560.0,1158.6684999999998,0.0,577.2823999999993,0.0,0.0,0.0,0.0,0.0,13,610.9127,2560.0,1158.6684999999998,577.2823999999993,271.0,0.0,0.0,0.015,4.128739697542534,4.726290774907731,3.530373906250002,NaN,3.345316758006981,4.0225115203875434,1084.0,1058.0,542.0,2046.6666666666665,1546.0,204.0,125,0,0,2,51,34.0,2048.0,46141.13799999997,7815.5105,11481.4102,224,544,0,38,0.36903584106510845,0.40051302246810727,0.4053173785476638,0,7096.533700000008,4368.206600000001,51,0,640.0,0,0,0,0.0,0,0.0,55087.41210000003,0.0,0,0,0,1.5,0,0.0,0,0,0.0,0,0.0,0,0,2259.4393000000014,256.0,5275.195,2,0.0,0.0,NaN,5120.0,NaN,NaN,0,0,0.0,0,0.0,NaN,0,NaN,0,0,0,0.0,0.0,0.0,0.0,0.0,0.0,0.0,0.0,0,0,0,0,125,0.0,0,0,0.0,0,0.0,0.0,0.0,0.0,0.0,0.0,0.0,0.0,0.0,0.0,0.6561251053014163,474,44367.18159999998,38,10720.230499999998,4,28215.5105,4,11627.52,2,1402.4639,-2694.6352000000006,37.5,0,0,542,542,5 + government bonds,sumsy,5,7.275957614183426e-11
27,512,4,4,73270.23590000001,0.0,3137.9923000000003,0.0,3137.9923000000003,,3137.9923000000003,0.0,0.0,0.0,0.0,0.0,0.0025,586.9822,0.0,0.0,1.0,463.2432999999996,0.0,0.0,0.0,1.0,0.0,0.0,1.0,0.0,0,0,31.494337520484454,4.156029675616424,35.65036719610087,24.849775577527502,4.082699839855217,28.932475417382722,2550.0604000000067,2576.6495999999943,2550.0604000000067,0.0,0,0,0.0,0.0,0.0,1.0,1.0,0.0,0.0,0.0,0.0,0.5,0.25,0.0,-276.28373927155786,0.0,0,2560.0,1187.1081999999983,0.0,591.3634999999998,0.0,0.0,0.0,0.0,0.0,12,613.2994,2560.0,1187.1081999999983,591.3634999999998,271.0,0.0,0.0,0.015,4.145994516728625,4.73843065420562,3.6580323437500013,NaN,3.4478107881185283,4.189044803591779,1070.0,1076.0,535.0,2045.3333333333333,1532.0,204.0,128,0,0,1,56,31.0,2048.0,46004.289300000026,8837.2738,11798.5487,224,544,0,38,0.35971194717743815,0.3960815170454779,0.4156189960735639,0,7209.399399999995,4461.0901,56,0,640.0,0,0,0,0.0,0,0.0,54914.06420000002,0.0,0,0,0,1.5,0,0.0,0,0,0.0,0,0.0,0,0,2341.140700000001,256.0,5429.8425,2,0.0,0.0,NaN,5120.0,NaN,NaN,0,0,0.0,0,0.0,NaN,0,NaN,0,0,0,0.0,0.0,0.0,0.0,0.0,0.0,0.0,0.0,0,0,0,0,128,0.0,0,0,0.0,0,0.0,0.0,0.0,0.0,0.0,0.0,0.0,0.0,0.0,0.0,0.6587915130254378,474,44093.091800000024,38,10820.9724,4,29237.2738,4,11932.4985,2,1351.8085,-2551.0101000000004,37.5,0,0,535,535,5 + government bonds,sumsy,5,7.275957614183426e-11
28,512,4,4,74615.44610000006,0.0,2994.961,0.0,2994.961,,2994.961,0.0,0.0,0.0,0.0,0.0,0.0025,600.423,0.0,0.0,1.0,465.1811999999996,0.0,0.0,0.0,1.0,0.0,0.0,1.0,0.0,0,0,31.510894327260996,4.045881602953027,35.55677593021402,24.697174723035058,3.9934267697150925,28.69060149275015,2595.091499999989,2550.060399999992,2595.091499999989,0.0,0,0,0.0,0.0,0.0,1.0,1.0,0.0,0.0,0.0,0.0,0.5,0.25,0.0,-297.5141360726101,0.0,0,2560.0,1214.7897999999996,0.0,605.0705999999999,0.0,0.0,0.0,0.0,0.0,11,615.8016,2560.0,1214.7897999999996,605.0705999999999,271.0,0.0,0.0,0.015,4.190339962476545,4.777947222222202,3.8004031250000003,NaN,3.494617586323133,4.281822454467364,1080.0,1066.0,540.0,2046.6666666666667,1542.0,204.0,126,0,0,1,47,27.0,2048.0,45881.57619999997,9799.432,12125.7239,224,544,0,38,0.3629011682876617,0.39838656218744006,0.43310356045118015,0,7318.629800000001,4466.902399999997,47,0,640.0,0,0,0,0.0,0,0.0,54754.85189999997,0.0,0,0,0,1.5,0,0.0,0,0,0.0,0,0.0,0,0,2432.2580000000003,256.0,5592.4894,2,0.0,0.0,NaN,5120.0,NaN,NaN,0,0,0.0,0,0.0,NaN,0,NaN,0,0,0,0.0,0.0,0.0,0.0,0.0,0.0,0.0,0.0,0,0,0,0,126,0.0,0,0,0.0,0,0.0,0.0,0.0,0.0,0.0,0.0,0.0,0.0,0.0,0.0,0.664586526540246,474,43910.547099999974,38,10844.304800000002,4,30199.432,4,12247.5137,2,1301.2685999999999,-2394.5379999999996,37.5,0,0,540,540,5 + government bonds,sumsy,5,7.275957614183426e-11
29,512,4,4,75932.97689999994,0.0,2843.1324999999993,0.0,2843.1324999999993,,2843.1324999999993,0.0,0.0,0.0,0.0,0.0,0.0025,613.8094,0.0,0.0,1.0,470.15370000000047,0.0,0.0,0.0,1.0,0.0,0.0,1.0,0.0,0,0,31.804531191414434,3.742629088744706,35.54716028015914,25.147090400001662,3.696712321974454,28.843802721976115,2614.1015000000098,2595.0915000000005,2614.1015000000098,0.0,0,0,0.0,0.0,0.0,1.0,1.0,0.0,0.0,0.0,0.0,0.5,0.25,0.0,-319.07338607261005,0.0,0,2560.0,1242.4692000000005,0.0,618.7602999999999,0.0,0.0,0.0,0.0,0.0,10,618.124,2560.0,1242.4692000000005,618.7602999999999,271.0,0.0,0.0,0.015,4.232033122171947,4.849069962686586,3.9146957812499954,NaN,3.544753440106371,4.326556191911391,1072.0,1105.0,536.0,2046.6666666666667,1534.0,204.0,128,0,0,1,68,41.0,2048.0,45535.683500000014,10788.6935,12605.064299999998,224,544,0,38,0.37160612802104165,0.40618089965660675,0.431344875859337,0,7374.2233,4676.396600000001,68,0,640.0,0,0,0,0.0,0,0.0,54372.46010000002,0.0,0,0,0,1.5,0,0.0,0,0,0.0,0,0.0,0,0,2505.405299999997,256.0,5771.602199999999,2,0.0,0.0,NaN,5120.0,NaN,NaN,0,0,0.0,0,0.0,NaN,0,NaN,0,0,0,0.0,0.0,0.0,0.0,0.0,0.0,0.0,0.0,0,0,0,0,128,0.0,0,0,0.0,0,0.0,0.0,0.0,0.0,0.0,0.0,0.0,0.0,0.0,0.0,0.6741234047520193,474,43522.38710000001,38,10850.073,4,31188.693499999998,4,12714.694099999999,2,1250.5489,-2229.323099999999,37.5,0,0,536,536,5 + government bonds,sumsy,5,7.275957614183426e-11
30,512,4,4,77224.23819999992,0.0,2682.3212000000008,0.0,2682.3212000000008,,2682.3212000000008,0.0,0.0,0.0,0.0,0.0,0.0025,626.5301,0.0,0.0,1.0,474.8354999999997,0.0,0.0,0.0,1.0,0.0,0.0,1.0,0.0,0,0,31.161034563093576,3.8580381170693117,35.019072680162886,24.50353079192071,3.7757536967672922,28.279284488688,2675.6346000000126,2614.1014999999916,2675.6346000000126,0.0,0,0,0.0,0.0,0.0,1.0,1.0,0.0,0.0,0.0,0.0,0.5,0.25,0.0,-340.9109758368585,0.0,0,2560.0,1268.7386999999999,0.0,631.7558,0.0,0.0,0.0,0.0,0.0,9,620.2278,2560.0,1268.7386999999999,631.7558,271.0,0.0,0.0,0.015,4.291975830258301,4.881898348623876,4.027805468749997,NaN,3.582019211538464,4.407668902727285,1090.0,1084.0,545.0,2046.6666666666667,1552.0,204.0,123,0,0,0,58,43.0,2048.0,45308.56549999994,11713.7039,13010.658,223,545,0,38,0.3659985290931427,0.4014446185737659,0.4372463934226556,0,7500.919299999997,4652.501799999998,58,0,640.0,0,0,0,0.0,0,0.0,54071.34299999995,0.0,0,0,0,1.5,0,0.0,0,0,0.0,0,0.0,0,0,2577.795499999998,256.0,5944.552900000001,2,0.0,0.0,NaN,5120.0,NaN,NaN,0,0,0.0,0,0.0,NaN,0,NaN,0,0,0,0.0,0.0,0.0,0.0,0.0,0.0,0.0,0.0,0,0,0,0,123,0.0,0,0,0.0,0,0.0,0.0,0.0,0.0,0.0,0.0,0.0,0.0,0.0,0.0,0.6767263639243899,474,43294.20909999995,38,10777.133899999997,4,32151.203899999997,4,13108.127799999998,2,1199.6106,-2055.791100000001,37.5,0,0,545,545,5 + government bonds,sumsy,5,7.275957614183426e-11
31,512,4,4,78489.35439999998,0.0,2516.0215000000003,0.0,2516.0215000000003,,2516.0215000000003,0.0,0.0,0.0,0.0,0.0,0.0025,639.1947,0.0,0.0,1.0,481.5572999999996,0.0,0.0,0.0,1.0,0.0,0.0,1.0,0.0,0,0,30.94107980069276,3.8110974716998136,34.75217727239257,23.987266405659806,3.729555201933739,27.71682160759355,2626.085599999998,2675.6345999999903,2626.085599999998,0.0,0,0,0.0,0.0,0.0,1.0,1.0,0.0,0.0,0.0,0.0,0.5,0.25,0.0,-362.237919896624,0.0,0,2560.0,1294.8837999999992,0.0,644.692399999999,0.0,0.0,0.0,0.0,0.0,8,621.8402000000001,2560.0,1294.8837999999992,644.692399999999,271.0,0.0,0.0,0.015,4.320901214953274,4.8353437037037,4.180740312500002,NaN,3.647860433304138,4.483838744033794,1080.0,1070.0,540.0,2048.0,1542.0,204.0,126,0,0,0,48,41.0,2048.0,45049.39910000004,12719.572800000002,13322.6581,223,545,0,38,0.3616313517138503,0.4001369593495232,0.42545079379489215,0,7571.9165,4623.364300000003,48,0,640.0,0,0,0,0.0,0,0.0,53775.67740000006,0.0,0,0,0,1.5,0,0.0,0,0,0.0,0,0.0,0,0,2675.6738000000014,256.0,6136.6895,2,0.0,0.0,NaN,5120.0,NaN,NaN,0,0,0.0,0,0.0,NaN,0,NaN,0,0,0,0.0,0.0,0.0,0.0,0.0,0.0,0.0,0.0,0,0,0,0,126,0.0,0,0,0.0,0,0.0,0.0,0.0,0.0,0.0,0.0,0.0,0.0,0.0,0.0,0.680885503346093,474,42950.613200000036,38,10825.064199999995,4,33157.0728,4,13407.967900000001,2,1148.1808,-1876.8268000000003,37.5,0,0,540,540,5 + government bonds,sumsy,5,7.275957614183426e-11
32,512,4,4,79728.98380000002,0.0,2340.0305999999996,0.0,2340.0305999999996,,2340.0305999999996,0.0,0.0,0.0,0.0,0.0,0.0025,651.544,0.0,0.0,1.0,484.80599999999936,0.0,0.0,0.0,1.0,0.0,0.0,1.0,0.0,0,0,31.304711664908876,3.721576112281459,35.02628777719033,23.722907128855198,3.682830790980666,27.405737919835865,2638.168299999992,2626.085599999997,2638.168299999992,0.0,0,0,0.0,0.0,0.0,1.0,1.0,0.0,0.0,0.0,0.0,0.5,0.25,0.0,-383.84015849785,0.0,0,2560.0,1320.370599999999,0.0,657.3046999999982,0.0,0.0,0.0,0.0,0.0,7,623.5858000000001,2560.0,1320.370599999999,657.3046999999982,271.0,0.0,0.0,0.015,4.3297317027281235,4.893970708955209,4.314036718749996,NaN,3.7167024226321788,4.5813124092024164,1072.0,1063.0,536.0,2048.0,1534.0,204.0,128,0,0,0,51,29.0,2048.0,44810.27070000004,13660.028,13655.955000000002,223,545,0,38,0.3619405744617681,0.40386756640429056,0.432027128810764,0,7653.352199999998,4602.504799999995,51,0,640.0,0,0,0,0.0,0,0.0,53500.049799999986,0.0,0,0,0,1.5,0,0.0,0,0,0.0,0,0.0,0,0,2760.9834999999975,256.0,6327.6003,2,0.0,0.0,NaN,5120.0,NaN,NaN,0,0,0.0,0,0.0,NaN,0,NaN,0,0,0,0.0,0.0,0.0,0.0,0.0,0.0,0.0,0.0,0,0,0,0,128,0.0,0,0,0.0,0,0.0,0.0,0.0,0.0,0.0,0.0,0.0,0.0,0.0,0.0,0.6871258365926458,474,42330.63770000003,38,11169.4121,4,34097.528000000006,4,13729.104800000001,2,1096.8843,-1688.4865999999997,37.5,0,0,536,536,5 + government bonds,sumsy,5,7.275957614183426e-11
33,512,4,4,80943.65520000002,0.0,2152.0401,0.0,2152.0401,,2152.0401,0.0,0.0,0.0,0.0,0.0,0.0025,663.6231,0.0,0.0,1.0,485.7953999999997,0.0,0.0,0.0,1.0,0.0,0.0,1.0,0.0,0,0,31.447171565037795,3.6773865338563967,35.12455809889419,23.867174199085156,3.586549949462987,27.453724148548144,2669.808800000009,2638.168300000006,2669.808800000009,0.0,0,0,0.0,0.0,0.0,1.0,1.0,0.0,0.0,0.0,0.0,0.5,0.25,0.0,-406.0820694331782,0.0,0,2560.0,1345.328599999998,0.0,669.6507999999992,0.0,0.0,0.0,0.0,0.0,4,625.6386,2560.0,1345.328599999998,669.6507999999992,271.0,0.0,0.0,0.015,4.352438152985073,4.93458884758366,4.4665839062499995,NaN,3.7626366690806883,4.667530040337863,1076.0,1072.0,538.0,2048.0,1538.0,204.0,127,0,0,1,48,30.0,2048.0,44505.83449999995,14586.1126,14022.5132,223,545,0,38,0.3648397088119779,0.405203660160697,0.4557767939451496,0,7745.246100000007,4665.813699999998,48,0,640.0,0,0,0,0.0,0,0.0,53159.114399999955,0.0,0,0,0,1.5,0,0.0,0,0,0.0,0,0.0,0,0,2858.6137,256.0,6539.9331999999995,2,0.0,0.0,NaN,5120.0,NaN,NaN,0,0,0.0,0,0.0,NaN,0,NaN,0,0,0,0.0,0.0,0.0,0.0,0.0,0.0,0.0,0.0,0,0,0,0,127,0.0,0,0,0.0,0,0.0,0.0,0.0,0.0,0.0,0.0,0.0,0.0,0.0,0.0,0.6923705257858057,474,42072.67299999997,38,11086.441400000003,4,35023.6126,4,14083.503,2,1045.895,-1488.4170000000001,37.5,0,0,538,538,5 + government bonds,sumsy,5,7.275957614183426e-11
34,512,4,4,82133.98260000002,0.0,1958.2601000000002,0.0,1958.2601000000002,,1958.2601000000002,0.0,0.0,0.0,0.0,0.0,0.0025,678.4125,0.0,0.0,1.0,488.34540000000004,0.0,0.0,0.0,1.0,0.0,0.0,1.0,0.0,0,0,31.319314287758953,3.885641590170197,35.204955877929144,22.88246906029973,3.816589241149396,26.699058301449124,2683.6999000000037,2669.8088000000103,2683.6999000000037,0.0,0,0,0.0,0.0,0.0,1.0,1.0,0.0,0.0,0.0,0.0,0.5,0.25,0.0,-427.6023694331782,0.0,0,2560.0,1369.6726000000003,0.0,681.6892999999993,0.0,0.0,0.0,0.0,0.0,0,627.1778,2560.0,1369.6726000000003,681.6892999999993,271.0,0.0,0.0,0.015,4.520813470533204,4.9789177238806035,4.6220262499999905,NaN,4.111936284722894,9.64544884871764,1072.0,1069.0,536.0,2046.6666666666667,1534.0000000000002,204.0,128,0,0,2,45,32.0,2048.0,44458.02460000001,15126.874600000001,14483.208799999999,223,545,0,38,0.3477286350709652,0.39669824761246586,0.44147801888446336,0,8267.170299999998,4832.749599999995,45,0,640.0,0,0,0,0.0,0,0.0,53074.805300000015,0.0,0,0,0,1.5,0,0.0,0,0,0.0,0,0.0,0,0,2958.096799999994,256.0,6760.2843,2,0.0,0.0,NaN,5120.0,NaN,NaN,0,0,0.0,0,0.0,NaN,0,NaN,0,0,0,0.0,0.0,0.0,0.0,0.0,0.0,0.0,0.0,0,0,0,0,128,0.0,0,0,0.0,0,0.0,0.0,0.0,0.0,0.0,0.0,0.0,0.0,0.0,0.0,0.6914272943158126,474,41801.5558,38,11273.249500000002,4,35564.3746,4,14532.038599999998,2,994.3921,-1279.8476,37.5,0,0,536,536,5 + government bonds,sumsy,5,7.275957614183426e-11
35,512,4,4,83300.41049999998,0.0,1768.2087000000004,0.0,1768.2087000000004,,1768.2087000000004,0.0,0.0,0.0,0.0,0.0,0.0025,687.1054,0.0,0.0,1.0,507.23580000000044,0.0,0.0,0.0,1.0,0.0,0.0,1.0,0.0,0,0,30.870132920710397,3.6246897124244044,34.494822633134795,22.24350483158719,3.597013364205512,25.840518195792704,2774.6393000000107,2683.6999,2774.6393000000107,0.0,0,0,0.0,0.0,0.0,1.0,1.0,0.0,0.0,0.0,0.0,0.5,0.25,0.0,-446.4770815202502,0.0,0,2560.0,1393.5721000000003,0.0,693.5586000000008,0.0,0.0,0.0,0.0,0.0,4,627.4202,2560.0,1393.5721000000003,693.5586000000008,271.0,0.0,0.0,0.015,4.726820775623276,5.17755966228895,4.7558096875,NaN,4.339844789306602,11.775121865266769,1066.0,1083.0,533.0,2045.3333333333335,1527.9999999999998,204.0,129,0,0,2,63,30.0,2048.0,44365.375700000026,15521.215400000001,15149.3838,223,545,0,38,0.34873749845532,0.4004455807732421,0.4639083731137179,0,8592.781499999994,5119.146900000008,63,0,640.0,0,0,0,0.0,0,0.0,52945.65720000004,0.0,0,0,0,1.5,0,0.0,0,0,0.0,0,0.0,0,0,3043.7182000000003,256.0,6949.91,2,0.0,0.0,NaN,5120.0,NaN,NaN,0,0,0.0,0,0.0,NaN,0,NaN,0,0,0,0.0,0.0,0.0,0.0,0.0,0.0,0.0,0.0,0,0,0,0,129,0.0,0,0,0.0,0,0.0,0.0,0.0,0.0,0.0,0.0,0.0,0.0,0.0,0.0,0.6963343218916676,474,41305.87890000001,38,11639.778300000002,4,35958.7154,4,15186.0536,2,941.5924,-1081.1033000000002,37.5,0,0,533,533,5 + government bonds,sumsy,5,7.275957614183426e-11
36,512,4,4,84443.3469,0.0,1597.7768,0.0,1597.7768,,1597.7768,0.0,0.0,0.0,0.0,0.0,0.0025,698.56,0.0,0.0,1.0,530.3491,0.0,0.0,0.0,1.0,0.0,0.0,1.0,0.0,0,0,29.070424455936955,3.62495357782919,32.69537803376615,20.82894276836264,3.583506327173835,24.412449095536473,2919.335199999996,2774.639300000016,2919.335199999996,0.0,0,0,0.0,0.0,0.0,1.0,1.0,0.0,0.0,0.0,0.0,0.5,0.25,0.0,-460.1526372537213,0.0,0,2560.0,1417.0636000000013,0.0,705.2079000000007,0.0,0.0,0.0,0.0,0.0,8,626.3652,2560.0,1417.0636000000013,705.2079000000007,271.0,0.0,0.0,0.015,4.877964393939398,5.358552029520288,4.944980156249999,NaN,4.392365690615486,11.54358596442916,1084.0,1056.0,542.0,2045.3333333333333,1546.0,204.0,124,0,0,2,41,23.0,2048.0,44282.15790000001,15935.570600000001,15680.3708,223,545,0,38,0.3451877728457462,0.3965979316410255,0.4358725704198745,0,8753.844000000016,5151.130400000005,41,0,640.0,0,0,0,0.0,0,0.0,52825.94020000002,0.0,0,0,0,1.5,0,0.0,0,0,0.0,0,0.0,0,0,3164.787299999999,256.0,7220.3224,2,0.0,0.0,NaN,5120.0,NaN,NaN,0,0,0.0,0,0.0,NaN,0,NaN,0,0,0,0.0,0.0,0.0,0.0,0.0,0.0,0.0,0.0,0,0,0,0,124,0.0,0,0,0.0,0,0.0,0.0,0.0,0.0,0.0,0.0,0.0,0.0,0.0,0.0,0.6976453948122285,474,41218.61970000002,38,11607.3205,4,36373.0706,4,15704.8806,2,887.4953,-899.2168000000001,37.5,0,0,542,542,5 + government bonds,sumsy,5,7.275957614183426e-11
37,512,4,4,85563.0474,0.0,1435.7642,0.0,1435.7642,,1435.7642,0.0,0.0,0.0,0.0,0.0,0.0025,709.8616,0.0,0.0,1.0,547.3064999999997,0.0,0.0,0.0,1.0,0.0,0.0,1.0,0.0,0,0,28.247257371839346,3.2926105969238235,31.53986796876317,20.43615717709603,3.233713078041367,23.669870255137397,2881.6402000000007,2919.3351999999836,2881.6402000000007,0.0,0,0,0.0,0.0,0.0,1.0,1.0,0.0,0.0,0.0,0.0,0.5,0.25,0.0,-470.91167668256196,0.0,0,2560.0,1440.2995,0.0,716.7202000000004,0.0,0.0,0.0,0.0,0.0,9,625.5795,2560.0,1440.2995,716.7202000000004,271.0,0.0,0.0,0.015,4.9131701213818815,5.38842142857143,5.08916671875,NaN,4.518537115552645,11.43091995137113,1064.0,1071.0,532.0,2045.3333333333335,1526.0000000000002,204.0,129,0,0,2,44,28.0,2048.0,44106.20749999993,16491.388799999997,16147.211599999999,223,545,0,38,0.34982389706443984,0.39826135576065025,0.44132280064273677,0,8861.98959999999,5262.005199999995,44,0,640.0,0,0,0,0.0,0,0.0,52613.49059999994,0.0,0,0,0,1.5,0,0.0,0,0,0.0,0,0.0,0,0,3257.0667,256.0,7482.7984,2,0.0,0.0,NaN,5120.0,NaN,NaN,0,0,0.0,0,0.0,NaN,0,NaN,0,0,0,0.0,0.0,0.0,0.0,0.0,0.0,0.0,0.0,0,0,0,0,129,0.0,0,0,0.0,0,0.0,0.0,0.0,0.0,0.0,0.0,0.0,0.0,0.0,0.0,0.701881527954834,474,41104.87899999994,38,11508.611600000004,4,36928.8888,4,16159.561399999999,2,833.6675,-725.9026000000001,37.5,0,0,532,532,5 + government bonds,sumsy,5,7.275957614183426e-11
38,512,4,4,86660.39799999997,0.0,1267.0590000000002,0.0,1267.0590000000002,,1267.0590000000002,0.0,0.0,0.0,0.0,0.0,0.0025,720.684,0.0,0.0,1.0,551.2590000000005,0.0,0.0,0.0,1.0,0.0,0.0,1.0,0.0,0,0,28.07267248614656,3.454161153242497,31.526833639389057,19.815912259075702,3.408227589740888,23.224139848816588,2953.5141999999973,2881.640200000019,2953.5141999999973,0.0,0,0,0.0,0.0,0.0,1.0,1.0,0.0,0.0,0.0,0.0,0.5,0.25,0.0,-481.01446314620114,0.0,0,2560.0,1462.649399999998,0.0,727.7780999999994,0.0,0.0,0.0,0.0,0.0,8,625.7366,2560.0,1462.649399999998,727.7780999999994,271.0,0.0,0.0,0.015,5.04470840258541,5.513159849906186,5.251012343749997,NaN,4.624053853153811,12.266983920161762,1066.0,1083.0,533.0,2045.3333333333335,1528.0,204.0,129,0,0,3,51,39.0,2048.0,43805.801100000004,16968.344,16812.4407,223,545,0,38,0.33874888908281564,0.3913562398666983,0.45309237644869316,0,9038.740999999993,5463.419199999999,51,0,640.0,0,0,0,0.0,0,0.0,52276.584999999985,0.0,0,0,0,1.5,0,0.0,0,0,0.0,0,0.0,0,0,3360.6478999999977,256.0,7727.3916,2,0.0,0.0,NaN,5120.0,NaN,NaN,0,0,0.0,0,0.0,NaN,0,NaN,0,0,0,0.0,0.0,0.0,0.0,0.0,0.0,0.0,0.0,0,0,0,0,129,0.0,0,0,0.0,0,0.0,0.0,0.0,0.0,0.0,0.0,0.0,0.0,0.0,0.0,0.7028304939363943,474,40854.0832,38,11422.501799999998,4,37405.844,4,16812.6305,2,780.7826,-546.3750000000002,37.5,0,0,533,533,5 + government bonds,sumsy,5,7.275957614183426e-11
39,512,4,4,87735.24939999993,0.0,1102.7906,0.0,1102.7906,,1102.7906,0.0,0.0,0.0,0.0,0.0,0.0025,731.6254,0.0,0.0,1.0,566.0184000000005,0.0,0.0,0.0,1.0,0.0,0.0,1.0,0.0,0,0,27.155294658269508,3.2996977063266857,30.45499236459619,19.36476722252227,3.2501124543571764,22.61487967687945,3024.417400000012,2953.5142,3024.417400000012,0.0,0,0,0.0,0.0,0.0,1.0,1.0,0.0,0.0,0.0,0.0,0.5,0.25,0.0,-490.617274110855,0.0,0,2560.0,1485.1486000000014,0.0,738.9247000000004,0.0,0.0,0.0,0.0,0.0,7,626.5237999999999,2560.0,1485.1486000000014,738.9247000000004,271.0,0.0,0.0,0.015,5.192162642585552,5.625079252336471,5.3878085937500035,NaN,4.753664827743708,12.509647550311117,1070.0,1052.0,535.0,2044.0,1532.0,204.0,128,0,0,1,50,18.0,2048.0,43641.269799999965,17449.5203,17325.6523,223,545,0,38,0.3321392867854003,0.3858860855923234,0.4378310042372857,0,9258.836399999976,5462.1551,50,0,640.0,0,0,0,0.0,0,0.0,52075.554500000006,0.0,0,0,0,1.5,0,0.0,0,0,0.0,0,0.0,0,0,3448.1975000000025,256.0,7960.6578,2,0.0,0.0,NaN,5120.0,NaN,NaN,0,0,0.0,0,0.0,NaN,0,NaN,0,0,0,0.0,0.0,0.0,0.0,0.0,0.0,0.0,0.0,0,0,0,0,128,0.0,0,0,0.0,0,0.0,0.0,0.0,0.0,0.0,0.0,0.0,0.0,0.0,0.0,0.7036928312511752,474,40721.95769999999,38,11353.5968,4,37887.020300000004,4,17325.6523,2,728.5277,-371.1652,37.5,0,0,535,535,5 + government bonds,sumsy,5,7.275957614183426e-11
40,512,4,4,88788.50039999999,0.0,943.5155000000001,0.0,943.5155000000001,,943.5155000000001,0.0,0.0,0.0,0.0,0.0,0.0025,742.0715,0.0,0.0,1.0,582.5628000000002,0.0,0.0,0.0,1.0,0.0,0.0,1.0,0.0,0,0,26.34666893407595,3.2099631940829636,29.556632128158913,18.558429114415684,3.1926546786073717,21.751083793023057,3118.8058999999744,3024.4174000000116,3118.8058999999744,0.0,0,0,0.0,0.0,0.0,1.0,1.0,0.0,0.0,0.0,0.0,0.5,0.25,0.0,-500.8297936646608,0.0,0,2560.0,1506.7490000000016,0.0,749.6069000000003,0.0,0.0,0.0,0.0,0.0,4,614.0227,2560.0,1506.7490000000016,749.6069000000003,271.0,0.0,0.0,0.015,5.30991331496786,5.769155947955342,5.571796562499997,NaN,4.889404842976646,13.222010629849404,1076.0,1089.0,538.0,2046.6666666666667,1538.0,204.0,127,0,0,2,54,31.0,2048.0,43287.62410000002,17921.566300000002,18010.924,223,545,0,38,0.3322014323061093,0.38690811350471077,0.4567799559011003,0,9503.555100000009,5782.495599999999,54,0,640.0,0,0,0,0.0,0,0.0,51685.411500000075,0.0,0,0,0,1.5,0,0.0,0,0,0.0,0,0.0,0,0,3565.949799999998,256.0,8212.291799999999,2,0.0,0.0,NaN,5120.0,NaN,NaN,0,0,0.0,0,0.0,NaN,0,NaN,0,0,0,0.0,0.0,0.0,0.0,0.0,0.0,0.0,0.0,0,0,0,0,127,0.0,0,0,0.0,0,0.0,0.0,0.0,0.0,0.0,0.0,0.0,0.0,0.0,0.0,0.7082900385374229,474,40347.54809999999,38,11337.863399999998,4,38359.066300000006,4,18010.924,2,677.5031999999999,-201.44400000000007,37.5,0,0,538,538,5 + government bonds,sumsy,5,7.275957614183426e-11
41,512,4,4,89820.64630000002,0.0,801.5921999999999,0.0,801.5921999999999,,801.5921999999999,0.0,0.0,0.0,0.0,0.0,0.0025,765.6619,0.0,0.0,1.0,595.7718,0.0,0.0,0.0,1.0,0.0,0.0,1.0,0.0,0,0,25.38953342017853,3.2394941900171967,28.629027610195728,17.679630591657062,3.185811027172909,20.865441618829973,3155.759200000015,3118.805899999974,3155.759200000015,0.0,0,0,0.0,0.0,0.0,1.0,1.0,0.0,0.0,0.0,0.0,0.5,0.25,0.0,-510.2645936646611,0.0,0,2560.0,1527.854100000001,0.0,759.9015000000004,0.0,0.0,0.0,0.0,0.0,0,597.8688,2560.0,1527.854100000001,759.9015000000004,271.0,0.0,0.0,0.015,5.450677941176471,5.848713594040996,5.742862968750009,NaN,5.025669579387654,13.624505280905362,1074.0,1088.0,537.0,2045.3333333333333,1535.9999999999998,204.0,126,0,0,1,53,43.0,2048.0,42878.774800000014,18423.8898,18684.7929,223,545,0,38,0.32351082904505923,0.38001722268159055,0.4387650449537832,0,9711.711500000009,5930.3376,53,0,640.0,0,0,0,0.0,0,0.0,51250.966100000056,0.0,0,0,0,1.5,0,0.0,0,0,0.0,0,0.0,0,0,3675.4323000000054,256.0,8469.6581,2,0.0,0.0,NaN,5120.0,NaN,NaN,0,0,0.0,0,0.0,NaN,0,NaN,0,0,0,0.0,0.0,0.0,0.0,0.0,0.0,0.0,0.0,0,0,0,0,126,0.0,0,0,0.0,0,0.0,0.0,0.0,0.0,0.0,0.0,0.0,0.0,0.0,0.0,0.7096746805639755,474,39951.21250000002,38,11299.7536,4,38861.389800000004,4,18684.7929,2,633.6188,-35.93029999999999,37.5,0,0,537,537,5 + government bonds,sumsy,5,7.275957614183426e-11
42,512,4,4,90832.07839999993,0.0,679.9598,0.0,679.9598,,679.9598,0.0,0.0,0.0,0.0,0.0,0.0025,801.5505,0.0,0.0,1.0,611.5664999999993,0.0,0.0,0.0,1.0,0.0,0.0,1.0,0.0,0,0,24.2718089663788,3.2741611652373157,27.54597013161611,16.548935134260603,3.209541392719362,19.758476526979962,3264.0415000000085,3155.7592000000172,3264.0415000000085,0.0,0,0,0.0,0.0,0.0,1.0,1.0,0.0,0.0,0.0,0.0,0.5,0.25,0.0,-518.2805936646611,0.0,0,2560.0,1548.567900000001,0.0,769.878700000001,0.0,0.0,0.0,0.0,0.0,0,588.1233,2560.0,1548.567900000001,769.878700000001,271.0,0.0,0.0,0.015,5.622947560975606,6.027906307977752,5.920410468750008,NaN,5.158856752164539,13.879265883919828,1078.0,1066.0,539.0,2046.6666666666667,1540.0000000000002,204.0,126,0,0,1,56,30.0,2048.0,42511.352799999986,18885.6618,19314.4379,223,545,0,38,0.30490288305410074,0.36691659039041213,0.4433410546189904,0,9944.65599999998,5994.0620999999965,56,0,640.0,0,0,0,0.0,0,0.0,50876.361800000064,0.0,0,0,0,1.5,0,0.0,0,0,0.0,0,0.0,0,0,3789.062700000005,256.0,8730.9521,2,0.0,0.0,NaN,5120.0,NaN,NaN,0,0,0.0,0,0.0,NaN,0,NaN,0,0,0,0.0,0.0,0.0,0.0,0.0,0.0,0.0,0.0,0,0,0,0,126,0.0,0,0,0.0,0,0.0,0.0,0.0,0.0,0.0,0.0,0.0,0.0,0.0,0.0,0.7081347576564807,474,39652.478999999985,38,11223.882800000001,4,39323.1618,4,19314.4379,2,598.0199,121.59070000000008,37.5,0,0,539,539,5 + government bonds,sumsy,5,7.275957614183426e-11
43,512,4,4,91822.8925000001,0.0,578.9578,0.0,578.9578,,578.9578,0.0,0.0,0.0,0.0,0.0,0.0025,846.4343,0.0,0.0,1.0,630.8954999999997,0.0,0.0,0.0,1.0,0.0,0.0,1.0,0.0,0,0,23.311448232259412,3.176453135669247,26.48790136792866,15.622012111868221,3.142685171778946,18.76469728364717,3355.2828999999924,3264.04150000002,3355.2828999999924,0.0,0,0,0.0,0.0,0.0,1.0,1.0,0.0,0.0,0.0,0.0,0.5,0.25,0.0,-525.080293664661,0.0,0,2560.0,1569.1858999999963,0.0,779.722399999999,0.0,0.0,0.0,0.0,0.0,0,567.8856000000001,2560.0,1569.1858999999963,779.722399999999,271.0,0.0,0.0,0.015,5.76631424528302,6.1971853432281865,6.099649375000004,NaN,5.314157911044263,14.341940118628946,1078.0,1060.0,539.0,2046.6666666666667,1540.0,204.0,126,0,0,1,43,24.0,2048.0,42156.29409999998,19381.2602,19877.6247,223,545,0,38,0.3045925893459507,0.3661916527969753,0.43508514318723224,0,10190.960199999967,6112.293100000002,43,0,640.0,0,0,0,0.0,0,0.0,50518.79409999996,0.0,0,0,0,1.5,0,0.0,0,0,0.0,0,0.0,0,0,3903.7756000000027,256.0,8993.3936,2,0.0,0.0,NaN,5120.0,NaN,NaN,0,0,0.0,0,0.0,NaN,0,NaN,0,0,0,0.0,0.0,0.0,0.0,0.0,0.0,0.0,0.0,0,0,0,0,126,0.0,0,0,0.0,0,0.0,0.0,0.0,0.0,0.0,0.0,0.0,0.0,0.0,0.0,0.7117259329561978,474,39378.5115,38,11140.2826,4,39818.760200000004,4,19877.6247,2,567.8859,267.4765,37.5,0,0,539,539,5 + government bonds,sumsy,5,7.275957614183426e-11
44,512,4,4,92793.67220000002,0.0,494.2031999999999,0.0,494.2031999999999,,494.2031999999999,0.0,0.0,0.0,0.0,0.0,0.0025,898.7764,0.0,0.0,1.0,646.9808999999996,0.0,0.0,0.0,1.0,0.0,0.0,1.0,0.0,0,0,22.848686061351138,3.198095480921304,26.046781542272438,15.07790157266804,3.142768740307056,18.220670312975095,3416.1380999999883,3355.2829000000124,3416.1380999999883,0.0,0,0,0.0,0.0,0.0,1.0,1.0,0.0,0.0,0.0,0.0,0.5,0.25,0.0,-530.8699936646613,0.0,0,2560.0,1589.2203000000002,0.0,789.1697999999993,0.0,0.0,0.0,0.0,0.0,0,546.0302,2560.0,1589.2203000000002,789.1697999999993,271.0,0.0,0.0,0.015,5.90607378551787,6.381122138836751,6.336004843750008,NaN,5.473720086160995,14.903632772911767,1066.0,1091.0,533.0,2046.6666666666665,1528.0,204.0,129,0,0,1,53,39.0,2048.0,41516.16609999996,19915.0078,20628.5532,223,545,0,38,0.29416513443027026,0.3624816951166612,0.4394043891434214,0,10384.243000000002,6443.526499999996,53,0,640.0,0,0,0,0.0,0,0.0,49878.66609999991,0.0,0,0,0,1.5,0,0.0,0,0,0.0,0,0.0,0,0,4055.043100000005,256.0,9289.1385,2,0.0,0.0,NaN,5120.0,NaN,NaN,0,0,0.0,0,0.0,NaN,0,NaN,0,0,0,0.0,0.0,0.0,0.0,0.0,0.0,0.0,0.0,0,0,0,0,129,0.0,0,0,0.0,0,0.0,0.0,0.0,0.0,0.0,0.0,0.0,0.0,0.0,0.0,0.7155039597747199,474,38703.29529999999,38,11175.370800000004,4,40352.5078,4,20628.5532,2,546.0302,404.57320000000004,37.5,0,0,533,533,5 + government bonds,sumsy,5,7.275957614183426e-11
45,512,4,4,93744.23780000008,0.0,420.3469,0.0,420.3469,,420.3469,0.0,0.0,0.0,0.0,0.0,0.0025,953.8228,0.0,0.0,1.0,662.6633999999997,0.0,0.0,0.0,1.0,0.0,0.0,1.0,0.0,0,0,22.610748173562495,3.0146466395077183,25.625394813070216,14.838198485248855,2.9450974330441517,17.783295918293007,3486.4029,3416.138099999986,3486.4029,0.0,0,0,0.0,0.0,0.0,1.0,1.0,0.0,0.0,0.0,0.0,0.5,0.25,0.0,-535.8121936646612,0.0,0,2560.0,1609.4344000000006,0.0,798.6862999999997,0.0,0.0,0.0,0.0,0.0,0,532.3821,2560.0,1609.4344000000006,798.6862999999997,271.0,0.0,0.0,0.015,6.065243703703708,6.452421747211896,6.578441406249998,NaN,5.613768191635294,15.197315581943878,1076.0,1080.0,538.0,2046.6666666666665,1538.0,204.0,127,0,0,1,54,42.0,2048.0,40902.209300000046,20412.0366,21340.1536,223,545,0,38,0.2988985952249579,0.36795627254718055,0.4531644596527433,0,10666.465300000014,6550.463200000005,54,0,640.0,0,0,0,0.0,0,0.0,49264.70930000009,0.0,0,0,0,1.5,0,0.0,0,0,0.0,0,0.0,0,0,4210.2024999999985,256.0,9603.6334,2,0.0,0.0,NaN,5120.0,NaN,NaN,0,0,0.0,0,0.0,NaN,0,NaN,0,0,0,0.0,0.0,0.0,0.0,0.0,0.0,0.0,0.0,0,0,0,0,127,0.0,0,0,0.0,0,0.0,0.0,0.0,0.0,0.0,0.0,0.0,0.0,0.0,0.0,0.7227403353002064,474,38118.417300000016,38,11146.292000000001,4,40849.5366,4,21340.1536,2,532.3821,533.4759,37.5,0,0,538,538,5 + government bonds,sumsy,5,7.275957614183426e-11
46,512,4,4,94675.86200000004,0.0,346.4906,0.0,346.4906,,346.4906,0.0,0.0,0.0,0.0,0.0,0.0025,998.2674,0.0,0.0,1.0,680.5184999999996,0.0,0.0,0.0,1.0,0.0,0.0,1.0,0.0,0,0,22.103827890594133,3.023234969362883,25.127062859957014,13.783478449728731,3.00681418179081,16.79029263151954,3595.500899999999,3486.4029000000105,3595.500899999999,0.0,0,0,0.0,0.0,0.0,1.0,1.0,0.0,0.0,0.0,0.0,0.5,0.25,0.0,-540.0156936646612,0.0,0,2560.0,1628.3757999999975,0.0,807.6632999999991,0.0,0.0,0.0,0.0,0.0,0,526.4985,2560.0,1628.3757999999975,807.6632999999991,271.0,0.0,0.0,0.015,6.240781313598517,6.642858812615954,6.826492946708468,NaN,5.772330028282774,15.580725855248124,1078.0,1081.0,539.0,2046.6666666666665,1540.0,204.0,127,0,0,2,57,44.0,2048.0,40224.21429999993,20900.8176,22098.3434,223,545,0,38,0.2853287498782717,0.3632179977752372,0.4524217924102858,0,10936.1897,6746.284599999997,57,0,638.0,0,0,0,0.0,0,0.0,48586.714299999985,0.0,0,0,0,1.5,0,0.0,0,0,0.0,0,0.0,0,0,4355.3025000000025,256.0,9927.7208,2,0.0,0.0,NaN,5120.0,NaN,NaN,0,0,0.0,0,0.0,NaN,0,NaN,0,0,0,0.0,0.0,0.0,0.0,0.0,0.0,0.0,0.0,0,0,0,0,127,0.0,0,0,0.0,0,0.0,0.0,0.0,0.0,0.0,0.0,0.0,0.0,0.0,0.0,0.7261705715019906,474,37204.538299999964,38,11382.176,4,41338.3176,4,22098.3434,2,526.4985,651.7768,37.5,0,0,539,539,5 + government bonds,sumsy,5,7.275957614183426e-11
47,512,4,4,95588.99480000009,0.0,282.5306,0.0,282.5306,,282.5306,0.0,0.0,0.0,0.0,0.0,0.0025,1040.0325,0.0,0.0,1.0,700.2146999999994,0.0,0.0,0.0,1.0,0.0,0.0,1.0,0.0,0,0,21.142074383795048,3.0930849354719894,24.235159319267037,12.839884895643882,3.0612203669301854,15.901105262574067,3657.220599999984,3595.500899999995,3657.220599999984,0.0,0,0,0.0,0.0,0.0,1.0,1.0,0.0,0.0,0.0,0.0,0.5,0.25,0.0,-543.4804936646611,0.0,0,2560.0,1646.8672000000006,0.0,816.4466000000006,0.0,0.0,0.0,0.0,0.0,0,525.4512,2560.0,1646.8672000000006,816.4466000000006,271.0,0.0,0.0,0.015,6.4109096261682295,6.757366604823718,7.024812395309894,NaN,5.954677573627083,16.01667930390207,1078.0,1070.0,539.0,2045.3333333333335,1540.0000000000002,204.0,125,0,0,2,61,31.0,2048.0,39886.1897,21416.3475,22777.356,223,545,0,38,0.27910150461900485,0.3593521928999075,0.43283184145282694,0,11224.37430000002,6859.673300000006,61,0,597.0,0,0,0,0.0,0,0.0,48248.6897,0.0,0,0,0,1.5,0,0.0,0,0,0.0,0,0.0,0,0,4193.8130000000065,256.0,9943.6179,2,0.0,0.0,NaN,5120.0,NaN,NaN,0,0,0.0,0,0.0,NaN,0,NaN,0,0,0,0.0,0.0,0.0,0.0,0.0,0.0,0.0,0.0,0,0,0,0,125,0.0,0,0,0.0,0,0.0,0.0,0.0,0.0,0.0,0.0,0.0,0.0,0.0,0.0,0.7281829554393846,474,36900.959499999975,38,11347.730199999998,4,41853.847499999996,4,22777.356,2,525.4512,757.5019,37.5,0,0,539,539,5 + government bonds,sumsy,5,7.275957614183426e-11
48,512,4,4,96483.24389999993,0.0,231.78269999999998,0.0,231.78269999999998,,231.78269999999998,0.0,0.0,0.0,0.0,0.0,0.0025,1083.284,0.0,0.0,1.0,719.3040000000002,0.0,0.0,0.0,1.0,0.0,0.0,1.0,0.0,0,0,20.504873695346834,2.967711985156298,23.472585680503133,11.865995305705084,2.9474932337163757,14.81348853942146,3815.701900000001,3657.2205999999824,3815.701900000001,0.0,0,0,0.0,0.0,0.0,1.0,1.0,0.0,0.0,0.0,0.0,0.5,0.25,0.0,-546.3056936646611,0.0,0,2560.0,1665.7509000000011,0.0,825.4101,0.0,0.0,0.0,0.0,0.0,0,527.1734,2560.0,1665.7509000000011,825.4101,271.0,0.0,0.0,0.015,6.557540203327172,7.012365129151293,7.089293137254894,NaN,6.04696058218375,16.167341502182296,1084.0,1082.0,542.0,2045.3333333333333,1546.0,204.0,124,0,0,1,56,34.0,2048.0,39361.79510000002,21893.0492,23537.451699999998,223,545,0,38,0.2630263228710774,0.35089931690149423,0.42777980429906126,0,11413.208199999986,7095.258500000001,56,0,612.0,0,0,0,0.0,0,0.0,47724.2951,0.0,0,0,0,1.5,0,0.0,0,0,0.0,0,0.0,0,0,4338.647399999995,256.0,10080.4905,2,0.0,0.0,NaN,5120.0,NaN,NaN,0,0,0.0,0,0.0,NaN,0,NaN,0,0,0,0.0,0.0,0.0,0.0,0.0,0.0,0.0,0.0,0,0,0,0,124,0.0,0,0,0.0,0,0.0,0.0,0.0,0.0,0.0,0.0,0.0,0.0,0.0,0.0,0.7293930179465218,474,36355.49499999998,38,11368.8001,4,42330.5492,4,23537.451699999998,2,527.1734,851.5013000000001,37.5,0,0,542,542,5 + government bonds,sumsy,5,7.275957614183426e-11
49,512,4,4,97359.65499999997,0.0,189.83110000000002,0.0,189.83110000000002,,189.83110000000002,0.0,0.0,0.0,0.0,0.0,0.0025,1125.877,0.0,0.0,1.0,735.7566000000003,0.0,0.0,0.0,1.0,0.0,0.0,1.0,0.0,0,0,19.95384416060885,3.0466137511023015,23.000457911711152,11.280523934592736,3.0202728721761796,14.300796806768915,3844.1250000000077,3815.7019000000146,3844.1250000000077,0.0,0,0,0.0,0.0,0.0,1.0,1.0,0.0,0.0,0.0,0.0,0.5,0.25,0.0,-548.6235936646609,0.0,0,2560.0,1683.5889000000018,0.0,833.8570999999996,0.0,0.0,0.0,0.0,0.0,0,528.0447,2560.0,1683.5889000000018,833.8570999999996,271.0,0.0,0.0,0.015,6.650170242537312,7.104128014842315,7.086679608482869,NaN,6.132346630398305,16.448526483235455,1078.0,1072.0,539.0,2046.6666666666667,1540.0,204.0,126,0,0,2,51,33.0,2048.0,38907.88610000001,22479.2145,24114.8372,223,545,0,38,0.2548702478501599,0.34890700084155757,0.42645978115216043,0,11518.076499999976,7128.982499999998,51,0,613.0,0,0,0,0.0,0,0.0,47270.38609999999,0.0,0,0,0,1.5,0,0.0,0,0,0.0,0,0.0,0,0,4344.1345999999985,256.0,10203.7955,2,0.0,0.0,NaN,5120.0,NaN,NaN,0,0,0.0,0,0.0,NaN,0,NaN,0,0,0,0.0,0.0,0.0,0.0,0.0,0.0,0.0,0.0,0,0,0,0,126,0.0,0,0,0.0,0,0.0,0.0,0.0,0.0,0.0,0.0,0.0,0.0,0.0,0.0,0.7326755524360757,474,35843.473699999966,38,11426.9124,4,42916.7145,4,24114.8372,2,528.0447,936.0459,37.5,0,0,539,539,5 + government bonds,sumsy,5,7.275957614183426e-11
50,512,4,4,98217.80339999999,0.0,155.46120000000002,0.0,155.46120000000002,,155.46120000000002,0.0,0.0,0.0,0.0,0.0,0.0025,1172.8356,0.0,0.0,1.0,746.1504000000003,0.0,0.0,0.0,1.0,0.0,0.0,1.0,0.0,0,0,19.691149739537057,2.864525369696524,22.555675109233583,10.983934640784168,2.852171270515787,13.836105911299954,3858.586399999968,3844.1250000000045,3858.586399999968,0.0,0,0,0.0,0.0,0.0,1.0,1.0,0.0,0.0,0.0,0.0,0.5,0.25,0.0,-550.5218936646609,0.0,0,2560.0,1701.8515999999995,0.0,842.4771999999997,0.0,0.0,0.0,0.0,0.0,0,528.3982,2560.0,1701.8515999999995,842.4771999999997,271.0,0.0,0.0,0.015,6.722243417366947,7.157516573556737,7.06177589134126,NaN,6.217199349747819,16.912123453033754,1074.0,1071.0,537.0,2045.3333333333335,1536.0000000000002,204.0,127,0,0,2,48,34.0,2048.0,38680.25899999998,23050.1367,24686.3308,223,545,0,38,0.25025610772878437,0.3461537474775085,0.4402405888028773,0,11628.060700000007,7199.5227,48,0,589.0,0,0,0,0.0,0,0.0,47042.75899999999,0.0,0,0,0,1.5,0,0.0,0,0,0.0,0,0.0,0,0,4159.386000000002,256.0,10099.8431,2,0.0,0.0,NaN,5120.0,NaN,NaN,0,0,0.0,0,0.0,NaN,0,NaN,0,0,0,0.0,0.0,0.0,0.0,0.0,0.0,0.0,0.0,0,0,0,0,127,0.0,0,0,0.0,0,0.0,0.0,0.0,0.0,0.0,0.0,0.0,0.0,0.0,0.0,0.734439459162537,474,35564.143700000015,38,11478.615299999998,4,43487.6367,4,24686.3308,2,528.3982,1017.3744000000002,37.5,0,0,537,537,5 + government bonds,sumsy,5,7.275957614183426e-11
51,512,4,4,99058.96810000004,0.0,125.0947,0.0,125.0947,,125.0947,0.0,0.0,0.0,0.0,0.0,0.0025,1222.2211,0.0,0.0,1.0,754.2339000000005,0.0,0.0,0.0,1.0,0.0,0.0,1.0,0.0,0,0,19.427444627683446,2.9055060066690253,22.332950634352468,10.546808311334303,2.874853599669878,13.42166191100418,3903.813199999998,3858.5863999999788,3903.813199999998,0.0,0,0,0.0,0.0,0.0,1.0,1.0,0.0,0.0,0.0,0.0,0.5,0.25,0.0,-552.0765936646609,0.0,0,2560.0,1718.835300000002,0.0,850.421100000001,0.0,0.0,0.0,0.0,0.0,0,528.5335,2560.0,1718.835300000002,850.421100000001,271.0,0.0,0.0,0.015,6.7850075278810325,7.268809719626164,6.987816526138286,NaN,6.270467239835909,17.343361480182146,1070.0,1076.0,535.0,2045.3333333333333,1532.0,204.0,127,0,0,1,51,36.0,2048.0,38432.15829999998,23595.7362,25317.056299999997,223,545,0,38,0.24710026982122812,0.3435709627170942,0.43857452548362885,0,11690.345299999988,7300.668099999991,51,0,593.0,0,0,0,0.0,0,0.0,46794.65830000001,0.0,0,0,0,1.5,0,0.0,0,0,0.0,0,0.0,0,0,4143.775200000004,256.0,9963.2627,2,0.0,0.0,NaN,5120.0,NaN,NaN,0,0,0.0,0,0.0,NaN,0,NaN,0,0,0,0.0,0.0,0.0,0.0,0.0,0.0,0.0,0.0,0,0,0,0,127,0.0,0,0,0.0,0,0.0,0.0,0.0,0.0,0.0,0.0,0.0,0.0,0.0,0.0,0.736346564482903,474,35360.77019999998,38,11433.888100000002,4,44033.2362,4,25317.056299999997,2,528.5335,1097.1263999999999,37.5,0,0,535,535,5 + government bonds,sumsy,5,7.275957614183426e-11
52,512,4,4,99883.3496000001,0.0,94.7827,0.0,94.7827,,94.7827,0.0,0.0,0.0,0.0,0.0,0.0025,1271.0769,0.0,0.0,1.0,761.2770000000006,0.0,0.0,0.0,1.0,0.0,0.0,1.0,0.0,0,0,18.990651694401723,2.932610499245768,21.923262193647492,9.997757052442067,2.932610499245768,12.930367551687835,3952.486100000023,3903.8132000000037,3952.486100000023,0.0,0,0,0.0,0.0,0.0,1.0,1.0,0.0,0.0,0.0,0.0,0.5,0.25,0.0,-553.3274936646608,0.0,0,2560.0,1735.6185000000016,0.0,858.2697000000004,0.0,0.0,0.0,0.0,0.0,0,528.586,2560.0,1735.6185000000016,858.2697000000004,271.0,0.0,0.0,0.015,6.842167437557822,7.332376350093153,6.877931715771219,NaN,6.233029043811811,17.458631517356885,1074.0,1081.0,537.0,2046.6666666666665,1536.0,204.0,127,0,0,2,60,35.0,2048.0,38237.58679999998,24137.5128,25958.9068,223,545,0,38,0.23380292547727421,0.33683424433121223,0.42344610718574915,0,11662.228099999991,7396.383000000005,60,0,577.0,0,0,0,0.0,0,0.0,46600.08680000006,0.0,0,0,0,1.5,0,0.0,0,0,0.0,0,0.0,0,0,3968.5665999999937,256.0,9749.6803,2,0.0,0.0,NaN,5120.0,NaN,NaN,0,0,0.0,0,0.0,NaN,0,NaN,0,0,0,0.0,0.0,0.0,0.0,0.0,0.0,0.0,0.0,0,0,0,0,127,0.0,0,0,0.0,0,0.0,0.0,0.0,0.0,0.0,0.0,0.0,0.0,0.0,0.0,0.7364462197474451,474,35069.40479999998,38,11530.681999999999,4,44575.0128,4,25958.9068,2,528.586,1176.2942,37.5,0,0,537,537,5 + government bonds,sumsy,5,7.275957614183426e-11
53,512,4,4,100690.91459999993,0.0,71.9875,0.0,71.9875,,71.9875,0.0,0.0,0.0,0.0,0.0,0.0025,1327.2912,0.0,0.0,1.0,767.6928000000006,0.0,0.0,0.0,1.0,0.0,0.0,1.0,0.0,0,0,18.859675680428552,2.973072350125092,21.832748030553645,9.975525490886922,2.9584146854313107,12.933940176318233,3994.46240000002,3952.4861000000133,3994.46240000002,0.0,0,0,0.0,0.0,0.0,1.0,1.0,0.0,0.0,0.0,0.0,0.5,0.25,0.0,-554.2754936646606,0.0,0,2560.0,1752.4350000000009,0.0,866.0641999999993,0.0,0.0,0.0,0.0,0.0,0,528.54,2560.0,1752.4350000000009,866.0641999999993,271.0,0.0,0.0,0.015,6.863943462246775,7.355753049907615,6.778824567474052,NaN,6.168644874672329,17.526866294040854,1082.0,1086.0,541.0,2045.3333333333333,1544.0,204.0,125,0,0,3,58,42.0,2048.0,37993.43099999998,24693.8116,26571.622199999998,223,545,0,38,0.23514511523181092,0.33831434872615085,0.4151564429856358,0,11617.629199999998,7454.242599999998,58,0,578.0,0,0,0,0.0,0,0.0,46355.931,0.0,0,0,0,1.5,0,0.0,0,0,0.0,0,0.0,0,0,3918.160600000002,256.0,9576.2186,2,0.0,0.0,NaN,5120.0,NaN,NaN,0,0,0.0,0,0.0,NaN,0,NaN,0,0,0,0.0,0.0,0.0,0.0,0.0,0.0,0.0,0.0,0,0,0,0,125,0.0,0,0,0.0,0,0.0,0.0,0.0,0.0,0.0,0.0,0.0,0.0,0.0,0.0,0.7396947083322305,474,34803.25019999999,38,11552.680799999998,4,45131.3116,4,26571.622199999998,2,528.54,1255.3037,37.5,0,0,541,541,5 + government bonds,sumsy,5,7.275957614183426e-11
54,512,4,4,101482.13080000013,0.0,49.192299999999996,0.0,49.192299999999996,,49.192299999999996,0.0,0.0,0.0,0.0,0.0,0.0025,1387.039,0.0,0.0,1.0,770.1356999999996,0.0,0.0,0.0,1.0,0.0,0.0,1.0,0.0,0,0,18.373508783085885,2.979155926270372,21.352664709356258,9.705222143048646,2.972426958417417,12.677649101466061,3988.6536999999826,3994.4623999999985,3988.6536999999826,0.0,0,0,0.0,0.0,0.0,1.0,1.0,0.0,0.0,0.0,0.0,0.5,0.25,0.0,-554.9953936646608,0.0,0,2560.0,1768.7837999999997,0.0,873.5823,0.0,0.0,0.0,0.0,0.0,0,528.3241,2560.0,1768.7837999999997,873.5823,271.0,0.0,0.0,0.015,6.8628807727690875,7.372270315398855,6.658872663139333,NaN,6.109484387314326,17.900223068889506,1078.0,1087.0,539.0,2044.0,1540.0,204.0,126,0,0,1,64,42.0,2048.0,37777.12309999995,25297.515000000003,27145.21,223,545,0,38,0.22657587319878036,0.32963450777330006,0.4155261749451149,0,11506.353500000012,7459.951399999998,64,0,567.0,0,0,0,0.0,0,0.0,46139.62309999994,0.0,0,0,0,1.5,0,0.0,0,0,0.0,0,0.0,0,0,3775.580800000002,256.0,9346.919600000001,2,0.0,0.0,NaN,5120.0,NaN,NaN,0,0,0.0,0,0.0,NaN,0,NaN,0,0,0,0.0,0.0,0.0,0.0,0.0,0.0,0.0,0.0,0,0,0,0,126,0.0,0,0,0.0,0,0.0,0.0,0.0,0.0,0.0,0.0,0.0,0.0,0.0,0.0,0.7391601585123566,474,34784.265799999994,38,11355.3573,4,45735.015,4,27145.21,2,528.3241,1337.8467,37.5,0,0,539,539,5 + government bonds,sumsy,5,7.275957614183426e-11
55,512,4,4,102257.1974999998,0.0,30.1721,0.0,30.1721,,30.1721,0.0,0.0,0.0,0.0,0.0,0.0025,1456.3258,0.0,0.0,1.0,770.0132999999998,0.0,0.0,0.0,1.0,0.0,0.0,1.0,0.0,0,0,18.422659074417243,3.0355937013682084,21.45825277578545,9.189744178231408,3.0301138097042766,12.219857987935685,3974.4453000000026,3988.6536999999776,3974.4453000000026,0.0,0,0,0.0,0.0,0.0,1.0,1.0,0.0,0.0,0.0,0.0,0.5,0.25,0.0,-555.4872936646609,0.0,0,2560.0,1784.9332999999958,0.0,880.9209999999982,0.0,0.0,0.0,0.0,0.0,0,527.9845,2560.0,1784.9332999999958,880.9209999999982,271.0,0.0,0.0,0.015,6.849616259398492,7.29179613259669,6.518009849749582,NaN,6.021953050842786,18.11524629406873,1086.0,1064.0,543.0,2046.6666666666667,1548.0,204.0,124,0,0,1,51,32.0,2048.0,37525.04750000003,25874.543599999997,27542.2436,223,545,0,38,0.22098191541159196,0.3274868268276854,0.4110773622765649,0,11424.797000000008,7287.991699999996,51,0,599.0,0,0,0,0.0,0,0.0,45887.547499999986,0.0,0,0,0,1.5,0,0.0,0,0,0.0,0,0.0,0,0,3904.2879,256.0,9331.0525,2,0.0,0.0,NaN,5120.0,NaN,NaN,0,0,0.0,0,0.0,NaN,0,NaN,0,0,0,0.0,0.0,0.0,0.0,0.0,0.0,0.0,0.0,0,0,0,0,124,0.0,0,0,0.0,0,0.0,0.0,0.0,0.0,0.0,0.0,0.0,0.0,0.0,0.0,0.7410735047689649,474,34529.53800000005,38,11358.0095,4,46312.0436,4,27542.2436,2,527.9845,1426.1537,37.5,0,0,543,543,5 + government bonds,sumsy,5,7.275957614183426e-11
56,512,4,4,103016.36350000005,0.0,13.8612,0.0,13.8612,,13.8612,0.0,0.0,0.0,0.0,0.0,0.0025,1535.0684,0.0,0.0,1.0,768.5292000000007,0.0,0.0,0.0,1.0,0.0,0.0,1.0,0.0,0,0,18.462594181184546,2.9961254801336508,21.4587196613182,9.3011142979103,2.988504185859706,12.289618483770006,3907.3417999999992,3974.445300000011,3907.3417999999992,0.0,0,0,0.0,0.0,0.0,1.0,1.0,0.0,0.0,0.0,0.0,0.5,0.25,0.0,-555.7889936646609,0.0,0,2560.0,1800.834000000002,0.0,888.0381000000016,0.0,0.0,0.0,0.0,0.0,0,527.6192,2560.0,1800.834000000002,888.0381000000016,271.0,0.0,0.0,0.015,6.713142989786444,7.248308752327746,6.380768793103445,NaN,5.953960836135692,18.640944566389727,1074.0,1077.0,537.0,2046.6666666666665,1535.9999999999998,204.0,127,0,0,0,53,32.0,2048.0,37362.376999999986,26472.7774,27908.3872,223,545,0,38,0.22394410416861277,0.3308313606665083,0.42884361773735846,0,11251.248700000015,7230.055,53,0,580.0,0,0,0,0.0,0,0.0,45724.877000000044,0.0,0,0,0,1.5,0,0.0,0,0,0.0,0,0.0,0,0,3700.845899999998,256.0,9210.1343,2,0.0,0.0,NaN,5120.0,NaN,NaN,0,0,0.0,0,0.0,NaN,0,NaN,0,0,0,0.0,0.0,0.0,0.0,0.0,0.0,0.0,0.0,0,0,0,0,127,0.0,0,0,0.0,0,0.0,0.0,0.0,0.0,0.0,0.0,0.0,0.0,0.0,0.0,0.7443568219853283,474,34370.408800000005,38,11354.468199999998,4,46910.2774,4,27908.3872,2,527.6192,1521.2072,37.5,0,0,537,537,5 + government bonds,sumsy,5,7.275957614183426e-11
57,512,4,4,103760.3078000001,0.0,7.2101,0.0,7.2101,,7.2101,0.0,0.0,0.0,0.0,0.0,0.0025,1642.8774,0.0,0.0,1.0,753.2139000000001,0.0,0.0,0.0,1.0,0.0,0.0,1.0,0.0,0,0,18.89156168651715,3.084218967580062,21.97578065409721,9.427765407528629,3.077677950297913,12.505443357826541,3833.2144999999978,3907.3417999999997,3833.2144999999978,0.0,0,0,0.0,0.0,0.0,1.0,1.0,0.0,0.0,0.0,0.0,0.5,0.25,0.0,-555.9275936646609,0.0,0,2560.0,1816.0556999999988,0.0,894.5296999999995,0.0,0.0,0.0,0.0,0.0,0,527.2592,2560.0,1816.0556999999988,894.5296999999995,271.0,0.0,0.0,0.015,6.655810491493383,7.083885899814467,6.261782968750003,NaN,5.882202560684448,19.062435314640542,1078.0,1058.0,539.0,2048.0,1540.0,204.0,127,0,0,2,38,30.0,2048.0,37005.751699999986,27014.4152,28172.6829,223,545,0,38,0.21892317139636241,0.32902167840220775,0.41362483510750003,0,11172.038600000007,7041.847499999999,38,0,640.0,0,0,0,0.0,0,0.0,45368.25169999999,0.0,0,0,0,1.5,0,0.0,0,0,0.0,0,0.0,0,0,4007.541100000002,256.0,9397.3214,2,0.0,0.0,NaN,5120.0,NaN,NaN,0,0,0.0,0,0.0,NaN,0,NaN,0,0,0,0.0,0.0,0.0,0.0,0.0,0.0,0.0,0.0,0,0,0,0,127,0.0,0,0,0.0,0,0.0,0.0,0.0,0.0,0.0,0.0,0.0,0.0,0.0,0.0,0.7467600240954311,474,33987.540999999976,38,11380.7107,4,47451.9152,4,28172.6829,2,527.2592,1635.6673,37.5,0,0,539,539,5 + government bonds,sumsy,5,7.275957614183426e-11
58,512,4,4,104489.4014999999,0.0,3.5915,0.0,3.5915,,3.5915,0.0,0.0,0.0,0.0,0.0,0.0025,1763.7315,0.0,0.0,1.0,746.7827999999997,0.0,0.0,0.0,1.0,0.0,0.0,1.0,0.0,0,0,19.26894982891808,3.013546308581049,22.282496137499127,9.650129819081778,2.9966255190286137,12.646755338110392,3736.253199999996,3833.2144999999928,3736.253199999996,0.0,0,0,0.0,0.0,0.0,1.0,1.0,0.0,0.0,0.0,0.0,0.5,0.25,0.0,-555.999693664661,0.0,0,2560.0,1830.9063000000008,0.0,900.6961999999994,0.0,0.0,0.0,0.0,0.0,0,526.9484,2560.0,1830.9063000000008,900.6961999999994,271.0,0.0,0.0,0.015,6.531037254901967,7.021232452830181,6.154101782820105,NaN,5.917335372631806,19.961418873941135,1060.0,1071.0,530.0,2045.3333333333333,1522.0000000000002,204.0,130,0,0,1,44,34.0,2048.0,36859.13490000001,27534.3488,28498.582399999996,223,545,0,38,0.22660570952796588,0.3328254305217999,0.43631665065490455,0,11122.86469999998,6994.740900000006,44,0,617.0,0,0,0,0.0,0,0.0,45221.63489999999,0.0,0,0,0,1.5,0,0.0,0,0,0.0,0,0.0,0,0,3797.0808000000043,256.0,9306.6555,2,0.0,0.0,NaN,5120.0,NaN,NaN,0,0,0.0,0,0.0,NaN,0,NaN,0,0,0,0.0,0.0,0.0,0.0,0.0,0.0,0.0,0.0,0,0,0,0,130,0.0,0,0,0.0,0,0.0,0.0,0.0,0.0,0.0,0.0,0.0,0.0,0.0,0.0,0.7499156161968337,474,33960.83740000002,38,11260.797499999999,4,47971.8488,4,28498.582399999996,2,526.9484,1760.14,37.5,0,0,530,530,5 + government bonds,sumsy,5,7.275957614183426e-11
59,512,4,4,105203.76179999995,0.0,0.0002,0.0,0.0002,,0.0002,0.0,0.0,0.0,0.0,0.0,0.0025,1901.6359,0.0,0.0,1.0,732.7832999999993,0.0,0.0,0.0,1.0,0.0,0.0,1.0,0.0,0,0,19.808123593255594,3.0481726921436048,22.856296285399196,9.756349995751801,3.028076343757061,12.784426339508862,3748.0473999999963,3736.2532000000006,3748.0473999999963,0.0,0,0,0.0,0.0,0.0,1.0,1.0,0.0,0.0,0.0,0.0,0.5,0.25,0.0,-556.035693664661,0.0,0,2560.0,1845.6397000000015,0.0,906.6277000000002,0.0,0.0,0.0,0.0,0.0,0,526.7012,2560.0,1845.6397000000015,906.6277000000002,271.0,0.0,0.0,0.015,6.505945597775723,6.990725468164787,6.026273749999992,NaN,5.865888614379098,20.23923133225226,1068.0,1079.0,534.0,2046.6666666666667,1530.0,204.0,129,0,0,0,47,42.0,2048.0,36604.155900000034,27933.8606,28948.0035,223,545,0,38,0.22831106567332582,0.33917845383874634,0.42195080276259755,0,11096.771399999998,7019.915300000005,47,0,640.0,0,0,0,0.0,0,0.0,44966.65589999997,0.0,0,0,0,1.5,0,0.0,0,0,0.0,0,0.0,0,0,3856.8151999999945,256.0,9289.4047,2,0.0,0.0,NaN,5120.0,NaN,NaN,0,0,0.0,0,0.0,NaN,0,NaN,0,0,0,0.0,0.0,0.0,0.0,0.0,0.0,0.0,0.0,0,0,0,0,129,0.0,0,0,0.0,0,0.0,0.0,0.0,0.0,0.0,0.0,0.0,0.0,0.0,0.0,0.7543793859444541,474,33511.4238,38,11455.232100000001,4,48371.3606,4,28948.0035,2,526.7012,1901.6357,37.5,0,0,534,534,5 + government bonds,sumsy,5,7.275957614183426e-11
60,512,4,4,105903.4534000002,0.0,0.0,0.0,0.0,,0.0,0.0,0.0,0.0,0.0,0.0,0.0025,2048.6778,0.0,0.0,1.0,729.9680999999997,0.0,0.0,0.0,1.0,0.0,0.0,1.0,0.0,0,0,20.09998498423309,2.9832000534307306,23.08318503766382,9.81495054855003,2.9832000534307306,12.79815060198076,3743.3421000000126,3748.0473999999786,3743.3421000000126,0.0,0,0,0.0,0.0,0.0,1.0,1.0,0.0,0.0,0.0,0.0,0.5,0.25,0.0,-556.035693664661,0.0,0,2560.0,1860.3083999999978,0.0,912.4390999999994,0.0,0.0,0.0,0.0,0.0,0,526.6444,2560.0,1860.3083999999978,912.4390999999994,271.0,0.0,0.0,0.015,6.481208667287975,6.9558621268656955,5.934577265238879,NaN,5.815120597177635,20.362652753155523,1072.0,1073.0,536.0,2048.0,1534.0,204.0,128,0,0,1,54,38.0,2048.0,36614.21310000004,28340.557399999998,29311.193400000004,223,545,0,38,0.22490544815381264,0.3390774248822819,0.41915868994738337,0,11041.919800000005,6954.336899999997,54,0,607.0,0,0,0,0.0,0,0.0,44976.71310000001,0.0,0,0,0,1.5,0,0.0,0,0,0.0,0,0.0,0,0,3602.2883999999995,256.0,9062.167300000001,2,0.0,0.0,NaN,5120.0,NaN,NaN,0,0,0.0,0,0.0,NaN,0,NaN,0,0,0,0.0,0.0,0.0,0.0,0.0,0.0,0.0,0.0,0,0,0,0,128,0.0,0,0,0.0,0,0.0,0.0,0.0,0.0,0.0,0.0,0.0,0.0,0.0,0.0,0.7552951310857607,474,33349.36160000001,38,11627.351499999999,4,48778.0574,4,29311.193400000004,2,526.6444,2048.6778,37.5,0,0,536,536,5 + government bonds,sumsy,5,7.275957614183426e-11
61,512,4,4,106589.07869999988,0.0,0.0,0.0,0.0,,0.0,0.0,0.0,0.0,0.0,0.0,0.0025,2200.7784,0.0,0.0,1.0,727.1936999999992,0.0,0.0,0.0,1.0,0.0,0.0,1.0,0.0,0,0,19.904034056227342,2.991685083676094,22.895719139903438,9.815416992721845,2.9805358076655186,12.795952800387363,3716.911600000007,3743.342099999995,3716.911600000007,0.0,0,0,0.0,0.0,0.0,1.0,1.0,0.0,0.0,0.0,0.0,0.5,0.25,0.0,-556.035693664661,0.0,0,2560.0,1874.374699999999,0.0,917.8887999999987,0.0,0.0,0.0,0.0,0.0,0,526.529,2560.0,1874.374699999999,917.8887999999987,271.0,0.0,0.0,0.015,6.44666881324747,6.893690130353831,5.826916093749994,NaN,5.759492477736348,20.58813353035228,1074.0,1087.0,537.0,2046.6666666666665,1536.0,204.0,127,0,0,1,60,42.0,2048.0,36377.78919999998,28742.474700000002,29730.3687,223,545,0,38,0.226347493666462,0.33901765028327335,0.4210114608620166,0,10973.080899999992,7007.5289999999995,60,0,640.0,0,0,0,0.0,0,0.0,44740.28920000006,0.0,0,0,0,1.5,0,0.0,0,0,0.0,0,0.0,0,0,3729.226299999996,256.0,9011.1387,2,0.0,0.0,NaN,5120.0,NaN,NaN,0,0,0.0,0,0.0,NaN,0,NaN,0,0,0,0.0,0.0,0.0,0.0,0.0,0.0,0.0,0.0,0,0,0,0,127,0.0,0,0,0.0,0,0.0,0.0,0.0,0.0,0.0,0.0,0.0,0.0,0.0,0.0,0.7573924400747531,474,33261.580400000006,38,11478.708799999997,4,49179.974700000006,4,29730.3687,2,526.529,2200.7784,37.5,0,0,537,537,5 + government bonds,sumsy,5,7.275957614183426e-11
62,512,4,4,107260.57329999997,0.0,0.0,0.0,0.0,,0.0,0.0,0.0,0.0,0.0,0.0,0.0025,2358.9486,0.0,0.0,1.0,723.3176999999996,0.0,0.0,0.0,1.0,0.0,0.0,1.0,0.0,0,0,20.000421286092404,2.9868551098369185,22.987276395929324,9.752122946591292,2.980648834149334,12.732771780740626,3707.5719000000086,3716.911600000003,3707.5719000000086,0.0,0,0,0.0,0.0,0.0,1.0,1.0,0.0,0.0,0.0,0.0,0.5,0.25,0.0,-556.035693664661,0.0,0,2560.0,1888.5054000000018,0.0,923.3305000000001,0.0,0.0,0.0,0.0,0.0,0,526.3913,2560.0,1888.5054000000018,923.3305000000001,271.0,0.0,0.0,0.015,6.426748681732574,6.825456377079498,5.7741174999999965,NaN,5.6896471767139305,20.6816602687932,1082.0,1062.0,541.0,2046.6666666666667,1544.0,204.0,126,0,0,2,52,30.0,2048.0,36297.7398,29108.282700000003,29988.1629,223,545,0,38,0.22655991925003716,0.3388073402009577,0.41456894938773337,1,10912.667000000014,6825.207099999994,52,0,640.0,0,0,0,0.0,0,0.0,44660.23979999996,0.0,0,0,0,1.5,0,0.0,0,0,0.0,0,0.0,0,0,3695.4351999999976,256.0,8981.047999999999,2,0.0,0.0,NaN,5120.0,NaN,NaN,0,0,0.0,0,0.0,NaN,0,NaN,0,0,0,0.0,0.0,0.0,0.0,0.0,0.0,0.0,0.0,0,0,0,0,126,0.0,0,0,0.0,0,0.0,0.0,0.0,0.0,0.0,0.0,0.0,0.0,0.0,0.0,0.7586039297862124,474,33217.73550000001,38,11442.504300000004,4,49545.78270000001,4,29988.1629,2,526.3913,2358.9486,37.5,0,0,541,541,5 + government bonds,sumsy,5,7.275957614183426e-11
63,512,4,4,107918.5777,0.0,0.0,0.0,0.0,,0.0,0.0,0.0,0.0,0.0,0.0,0.0025,2521.0486,0.0,0.0,1.0,721.0787999999993,0.0,0.0,0.0,1.0,0.0,0.0,1.0,0.0,0,0,19.662743639547255,3.0037568220069564,22.66650046155421,9.61231890376071,2.9948279940450906,12.607146897805801,3708.1364000000085,3707.571900000024,3708.1364000000085,0.0,0,0,0.0,0.0,0.0,1.0,1.0,0.0,0.0,0.0,0.0,0.5,0.25,0.0,-556.035693664661,0.0,0,2560.0,1901.9955999999993,0.0,928.3924999999998,0.0,0.0,0.0,0.0,0.0,0,526.2262000000001,2560.0,1901.9955999999993,928.3924999999998,271.0,0.0,0.0,0.015,6.3219120580235675,6.851830055658643,5.780746718750001,NaN,5.663682144214575,21.044057215975563,1078.0,1103.0,539.0,2045.3333333333333,1540.0,204.0,127,0,0,1,58,52.0,2048.0,36011.83589999994,29483.631200000003,30403.0243,223,545,0,38,0.2207971202251917,0.3344257251350149,0.41591689062199766,0,10855.919100000006,6973.068999999995,58,0,640.0,0,0,0,0.0,0,0.0,44374.3359,0.0,0,0,0,1.5,0,0.0,0,0,0.0,0,0.0,0,0,3699.6779,256.0,8972.8115,2,0.0,0.0,NaN,5120.0,NaN,NaN,0,0,0.0,0,0.0,NaN,0,NaN,0,0,0,0.0,0.0,0.0,0.0,0.0,0.0,0.0,0.0,0,0,0,0,127,0.0,0,0,0.0,0,0.0,0.0,0.0,0.0,0.0,0.0,0.0,0.0,0.0,0.0,0.7594509793698403,474,33050.377899999985,38,11323.958000000002,4,49921.1312,4,30403.0243,2,526.2262000000001,2521.0486,37.5,0,0,539,539,5 + government bonds,sumsy,5,7.275957614183426e-11
64,512,4,4,108563.57590000021,0.0,0.0,0.0,0.0,,0.0,0.0,0.0,0.0,0.0,0.0,0.0025,2696.0327,0.0,0.0,1.0,709.3181999999998,0.0,0.0,0.0,1.0,0.0,0.0,1.0,0.0,0,0,19.523611956368203,3.07786892447692,22.601480880845124,9.714417501159417,3.0698434609709206,12.784260962130338,3607.334500000005,3708.136400000007,3607.334500000005,0.0,0,0,0.0,0.0,0.0,1.0,1.0,0.0,0.0,0.0,0.0,0.5,0.25,0.0,-556.035693664661,0.0,0,2560.0,1915.0018000000018,0.0,933.1017000000003,0.0,0.0,0.0,0.0,0.0,0,526.0616,2560.0,1915.0018000000018,933.1017000000003,271.0,0.0,0.0,0.015,6.352202186311788,6.6648135435992675,5.794971093750002,NaN,5.632683874184147,21.39293786529853,1078.0,1052.0,539.0,2046.6666666666667,1539.9999999999998,204.0,126,0,0,1,48,33.0,2048.0,35961.605800000005,29868.761599999998,30544.3028,223,545,0,38,0.21792374408644788,0.32953160256210445,0.4137730571695959,0,10809.489999999998,6682.516700000001,48,0,640.0,0,0,0,0.0,0,0.0,44324.10579999997,0.0,0,0,0,1.5,0,0.0,0,0,0.0,0,0.0,0,0,3708.781500000001,256.0,8966.8114,2,0.0,0.0,NaN,5120.0,NaN,NaN,0,0,0.0,0,0.0,NaN,0,NaN,0,0,0,0.0,0.0,0.0,0.0,0.0,0.0,0.0,0.0,0,0,0,0,126,0.0,0,0,0.0,0,0.0,0.0,0.0,0.0,0.0,0.0,0.0,0.0,0.0,0.0,0.758924962246815,474,33134.58,38,11189.5258,4,50306.261600000005,4,30544.3028,2,526.0616,2696.0327,37.5,0,0,539,539,5 + government bonds,sumsy,5,7.275957614183426e-11
65,512,4,4,109195.65730000005,0.0,0.0,0.0,0.0,,0.0,0.0,0.0,0.0,0.0,0.0,0.0025,2868.8077,0.0,0.0,1.0,712.7147999999996,0.0,0.0,0.0,1.0,0.0,0.0,1.0,0.0,0,0,20.025741636190066,3.0084257192808685,23.034167355470935,10.051678495882348,3.00411673039408,13.055795226276429,3615.4715999999808,3607.3345000000036,3615.4715999999808,0.0,0,0,0.0,0.0,0.0,1.0,1.0,0.0,0.0,0.0,0.0,0.5,0.25,0.0,-556.035693664661,0.0,0,2560.0,1927.9186000000032,0.0,937.8030000000012,0.0,0.0,0.0,0.0,0.0,0,525.9166,2560.0,1927.9186000000032,937.8030000000012,271.0,0.0,0.0,0.015,6.228854857142857,6.717297761193994,5.858293906250001,NaN,5.643335301154434,21.82224545921088,1072.0,1050.0,536.0,2046.6666666666667,1533.9999999999998,204.0,128,0,0,2,39,22.0,2048.0,35994.687299999976,30161.507599999997,30649.861899999996,223,545,0,38,0.2312894605640614,0.3423340628700873,0.41875052763795106,0,10791.416399999973,6540.2976,39,0,640.0,0,0,0,0.0,0,0.0,44357.18730000004,0.0,0,0,0,1.5,0,0.0,0,0,0.0,0,0.0,0,0,3749.3081000000006,256.0,8994.876199999999,2,0.0,0.0,NaN,5120.0,NaN,NaN,0,0,0.0,0,0.0,NaN,0,NaN,0,0,0,0.0,0.0,0.0,0.0,0.0,0.0,0.0,0.0,0,0,0,0,128,0.0,0,0,0.0,0,0.0,0.0,0.0,0.0,0.0,0.0,0.0,0.0,0.0,0.0,0.7636562217302467,474,33006.90179999999,38,11350.285499999996,4,50599.007600000004,4,30649.861899999996,2,525.9166,2868.8077,37.5,0,0,536,536,5 + government bonds,sumsy,5,7.275957614183426e-11
66,512,4,4,109814.9932,0.0,0.0,0.0,0.0,,0.0,0.0,0.0,0.0,0.0,0.0,0.0025,3056.0385,0.0,0.0,1.0,698.8784999999998,0.0,0.0,0.0,1.0,0.0,0.0,1.0,0.0,0,0,20.294860467187664,3.1032827835198926,23.398143250707555,10.180055041963769,3.093536712349927,13.273591754313694,3551.674000000004,3615.471599999996,3551.674000000004,0.0,0,0,0.0,0.0,0.0,1.0,1.0,0.0,0.0,0.0,0.0,0.5,0.25,0.0,-556.035693664661,0.0,0,2560.0,1940.6640999999995,0.0,942.2577000000002,0.0,0.0,0.0,0.0,0.0,0,525.846,2560.0,1940.6640999999995,942.2577000000002,271.0,0.0,0.0,0.015,6.176175751879705,6.660403013182682,5.977308281249994,NaN,5.624351847094081,22.305225574695925,1062.0,1064.0,531.0,2045.3333333333333,1524.0,204.0,129,0,0,1,38,25.0,2048.0,35839.87260000002,30487.859800000002,30823.0383,223,545,0,38,0.2300877021214469,0.34130223631366885,0.425416912256082,0,10709.246699999969,6571.451000000006,38,0,640.0,0,0,0,0.0,0,0.0,44202.372600000024,0.0,0,0,0,1.5,0,0.0,0,0,0.0,0,0.0,0,0,3825.477299999996,256.0,9082.338,2,0.0,0.0,NaN,5120.0,NaN,NaN,0,0,0.0,0,0.0,NaN,0,NaN,0,0,0,0.0,0.0,0.0,0.0,0.0,0.0,0.0,0.0,0,0,0,0,129,0.0,0,0,0.0,0,0.0,0.0,0.0,0.0,0.0,0.0,0.0,0.0,0.0,0.0,0.7647913463091551,474,32834.2651,38,11368.107499999998,4,50925.35979999999,4,30823.0383,2,525.846,3056.0385,37.5,0,0,531,531,5 + government bonds,sumsy,5,7.275957614183426e-11
67,512,4,4,110421.42579999998,0.0,0.0,0.0,0.0,,0.0,0.0,0.0,0.0,0.0,0.0,0.0025,3249.6773,0.0,0.0,1.0,692.9675999999996,0.0,0.0,0.0,1.0,0.0,0.0,1.0,0.0,0,0,20.640168758980693,2.9448718445060247,23.585040603486718,10.295620195809494,2.937227193871207,13.232847389680702,3515.910999999982,3551.674000000008,3515.910999999982,0.0,0,0,0.0,0.0,0.0,1.0,1.0,0.0,0.0,0.0,0.0,0.5,0.25,0.0,-556.035693664661,0.0,0,2560.0,1953.5674000000008,0.0,946.7234000000005,0.0,0.0,0.0,0.0,0.0,0,525.8579,2560.0,1953.5674000000008,946.7234000000005,271.0,0.0,0.0,0.015,6.144204388422037,6.605492452830155,6.058858749999995,NaN,5.639165671941052,22.643530801824443,1060.0,1071.0,530.0,2046.6666666666667,1522.0,204.0,131,0,0,1,49,24.0,2048.0,35640.69759999998,30758.4554,31065.4381,223,545,0,38,0.2295380359927537,0.34261703843448355,0.43507687417870633,0,10724.227599999967,6580.442900000002,49,0,640.0,0,0,0,0.0,0,0.0,44003.19759999991,0.0,0,0,0,1.5,0,0.0,0,0,0.0,0,0.0,0,0,3877.669599999997,256.0,9181.299500000001,2,0.0,0.0,NaN,5120.0,NaN,NaN,0,0,0.0,0,0.0,NaN,0,NaN,0,0,0,0.0,0.0,0.0,0.0,0.0,0.0,0.0,0.0,0,0,0,0,131,0.0,0,0,0.0,0,0.0,0.0,0.0,0.0,0.0,0.0,0.0,0.0,0.0,0.0,0.7668494983746093,474,32602.504800000013,38,11400.692799999999,4,51195.9554,4,31065.4381,2,525.8579,3249.6773,37.5,0,0,530,530,5 + government bonds,sumsy,5,7.275957614183426e-11
68,512,4,4,111016.04060000023,0.0,0.0,0.0,0.0,,0.0,0.0,0.0,0.0,0.0,0.0,0.0025,3446.7489,0.0,0.0,1.0,689.3772,0.0,0.0,0.0,1.0,0.0,0.0,1.0,0.0,0,0,20.735701992034606,3.1082254661004654,23.84392745813507,10.310529561771588,3.1082254661004654,13.418755027872052,3591.927299999986,3515.911000000015,3591.927299999986,0.0,0,0,0.0,0.0,0.0,1.0,1.0,0.0,0.0,0.0,0.0,0.5,0.25,0.0,-556.035693664661,0.0,0,2560.0,1965.3851999999997,0.0,950.6115000000004,0.0,0.0,0.0,0.0,0.0,0,525.8424,2560.0,1965.3851999999997,950.6115000000004,271.0,0.0,0.0,0.015,6.164174511627908,6.660944692737404,6.092644687500007,NaN,5.654476974206332,22.638893762719974,1074.0,1075.0,537.0,2046.6666666666665,1536.0,204.0,128,0,0,1,44,32.0,2048.0,35481.86569999999,30956.9769,31357.072100000005,223,545,0,38,0.22883330226439647,0.34269548230240954,0.42561605904639044,0,10830.390400000002,6626.487600000001,44,0,640.0,0,0,0,0.0,0,0.0,43844.365699999966,0.0,0,0,0,1.5,0,0.0,0,0,0.0,0,0.0,0,0,3899.2926000000048,256.0,9247.534599999999,2,0.0,0.0,NaN,5120.0,NaN,NaN,0,0,0.0,0,0.0,NaN,0,NaN,0,0,0,0.0,0.0,0.0,0.0,0.0,0.0,0.0,0.0,0,0,0,0,128,0.0,0,0,0.0,0,0.0,0.0,0.0,0.0,0.0,0.0,0.0,0.0,0.0,0.0,0.7682813357841449,474,32407.308799999984,38,11437.0569,4,51394.4769,4,31357.072100000005,2,525.8424,3446.7489,37.5,0,0,537,537,5 + government bonds,sumsy,5,7.275957614183426e-11
69,512,4,4,111597.98939999999,0.0,0.0,0.0,0.0,,0.0,0.0,0.0,0.0,0.0,0.0,0.0025,3641.8961,0.0,0.0,1.0,691.6211999999995,0.0,0.0,0.0,1.0,0.0,0.0,1.0,0.0,0,0,20.579990508359916,3.0118415096206728,23.59183201798059,10.380349098266375,2.988151013404884,13.36850011167126,3558.063700000006,3591.9272999999876,3558.063700000006,0.0,0,0,0.0,0.0,0.0,1.0,1.0,0.0,0.0,0.0,0.0,0.5,0.25,0.0,-556.035693664661,0.0,0,2560.0,1978.051200000003,0.0,954.939600000001,0.0,0.0,0.0,0.0,0.0,0,525.8539000000001,2560.0,1978.051200000003,954.939600000001,271.0,0.0,0.0,0.015,6.189134076137423,6.659894172932343,6.083562031249998,NaN,5.693012721846697,23.03117693843411,1064.0,1077.0,532.0,2046.6666666666667,1526.0,204.0,130,0,0,1,46,40.0,2048.0,35296.60799999999,31237.8495,31619.3243,223,545,0,38,0.23135943095172906,0.3416015913635364,0.4284776642590822,0,10835.792099999986,6665.697400000005,46,0,640.0,0,0,0,0.0,0,0.0,43659.107999999964,0.0,0,0,0,1.5,0,0.0,0,0,0.0,0,0.0,0,0,3893.4796999999985,256.0,9276.4576,2,0.0,0.0,NaN,5120.0,NaN,NaN,0,0,0.0,0,0.0,NaN,0,NaN,0,0,0,0.0,0.0,0.0,0.0,0.0,0.0,0.0,0.0,0,0,0,0,130,0.0,0,0,0.0,0,0.0,0.0,0.0,0.0,0.0,0.0,0.0,0.0,0.0,0.0,0.7694569818861059,474,32356.9898,38,11302.118199999999,4,51675.349500000004,4,31619.3243,2,525.8539000000001,3641.8961,37.5,0,0,532,532,5 + government bonds,sumsy,5,7.275957614183426e-11
70,512,4,4,112167.89859999993,0.0,0.0,0.0,0.0,,0.0,0.0,0.0,0.0,0.0,0.0,0.0025,3834.3108,0.0,0.0,1.0,694.4210999999997,0.0,0.0,0.0,1.0,0.0,0.0,1.0,0.0,0,0,20.667882059696176,2.876675979920719,23.544558039616895,10.393872360249508,2.875654106791761,13.269526467041269,3615.2004000000193,3558.0637000000074,3615.2004000000193,0.0,0,0,0.0,0.0,0.0,1.0,1.0,0.0,0.0,0.0,0.0,0.5,0.25,0.0,-556.035693664661,0.0,0,2560.0,1990.0908000000006,0.0,958.974500000001,0.0,0.0,0.0,0.0,0.0,0,525.8770999999999,2560.0,1990.0908000000006,958.974500000001,271.0,0.0,0.0,0.015,6.2473877532228395,6.7167917910448125,6.115608031496057,NaN,5.711805677972144,23.065376467618076,1072.0,1086.0,536.0,2046.6666666666667,1534.0,204.0,128,0,0,1,57,46.0,2048.0,35082.99929999997,31447.241400000003,31994.494000000002,223,545,0,38,0.23851791530446653,0.3501446107134145,0.4281023707485898,1,10914.279500000031,6784.663100000003,57,0,635.0,0,0,0,0.0,0,0.0,43445.49930000002,0.0,0,0,0,1.5,0,0.0,0,0,0.0,0,0.0,0,0,3883.411099999996,256.0,9282.976,2,0.0,0.0,NaN,5120.0,NaN,NaN,0,0,0.0,0,0.0,NaN,0,NaN,0,0,0,0.0,0.0,0.0,0.0,0.0,0.0,0.0,0.0,0,0,0,0,128,0.0,0,0,0.0,0,0.0,0.0,0.0,0.0,0.0,0.0,0.0,0.0,0.0,0.0,0.7737255412345063,474,32109.0493,38,11336.45,4,51884.7414,4,31994.494000000002,2,525.8770999999999,3834.3108,37.5,0,0,536,536,5 + government bonds,sumsy,5,7.275957614183426e-11
71,512,4,4,112727.24519999999,0.0,0.0,0.0,0.0,,0.0,0.0,0.0,0.0,0.0,0.0,0.0025,4019.7595,0.0,0.0,1.0,700.9592999999996,0.0,0.0,0.0,1.0,0.0,0.0,1.0,0.0,0,0,19.830582811538733,3.083647270995839,22.914230082534573,9.614046988003935,3.0723569050214734,12.686403893025409,3606.8622999999843,3615.2004000000106,3606.8622999999843,0.0,0,0,0.0,0.0,0.0,1.0,1.0,0.0,0.0,0.0,0.0,0.5,0.25,0.0,-556.035693664661,0.0,0,2560.0,2000.6534,0.0,962.3543,0.0,0.0,0.0,0.0,0.0,0,525.9349,2560.0,2000.6534,962.3543,271.0,0.0,0.0,0.015,6.284327981220653,6.663937476808877,6.138228827361565,NaN,5.71949428955299,23.04453704345084,1078.0,1065.0,539.0,2046.6666666666665,1539.9999999999998,204.0,126,0,0,1,56,32.0,2048.0,35122.11580000001,31680.4925,32197.9526,223,545,0,38,0.2236292159468931,0.33848740826548807,0.4189432953406136,0,10960.540600000004,6692.809299999996,56,0,614.0,0,0,0,0.0,0,0.0,43484.61580000005,0.0,0,0,0,1.5,0,0.0,0,0,0.0,0,0.0,0,0,3768.872500000001,256.0,9180.9899,2,0.0,0.0,NaN,5120.0,NaN,NaN,0,0,0.0,0,0.0,NaN,0,NaN,0,0,0,0.0,0.0,0.0,0.0,0.0,0.0,0.0,0.0,0,0,0,0,126,0.0,0,0,0.0,0,0.0,0.0,0.0,0.0,0.0,0.0,0.0,0.0,0.0,0.0,0.7705236348549991,474,32197.827600000008,38,11286.7882,4,52117.99249999999,4,32197.9526,2,525.9349,4019.7595,37.5,0,0,539,539,5 + government bonds,sumsy,5,7.275957614183426e-11
72,512,4,4,113274.98090000011,0.0,0.0,0.0,0.0,,0.0,0.0,0.0,0.0,0.0,0.0,0.0025,4201.2643,0.0,0.0,1.0,705.1005000000001,0.0,0.0,0.0,1.0,0.0,0.0,1.0,0.0,0,0,19.839658114602994,2.967537418018436,22.80719553262143,9.747329058595687,2.9587060807977035,12.70603513939339,3634.7106999999846,3606.8623000000207,3634.7106999999846,0.0,0,0,0.0,0.0,0.0,1.0,1.0,0.0,0.0,0.0,0.0,0.5,0.25,0.0,-556.035693664661,0.0,0,2560.0,2012.2642999999996,0.0,966.2896000000001,0.0,0.0,0.0,0.0,0.0,0,525.9815,2560.0,2012.2642999999996,966.2896000000001,271.0,0.0,0.0,0.015,6.269382093663908,6.715604267161382,6.069837459807075,NaN,5.706963722614466,23.13777977423483,1078.0,1089.0,539.0,2046.6666666666667,1540.0,204.0,126,0,0,0,54,43.0,2048.0,35003.9896,31891.8089,32529.0121,223,545,0,38,0.23048898945632645,0.3416279835683169,0.42261898171597245,0,10943.354000000005,6827.357099999996,54,0,622.0,0,0,0,0.0,0,0.0,43366.4896,0.0,0,0,0,1.5,0,0.0,0,0,0.0,0,0.0,0,0,3775.4389000000006,256.0,9122.924500000001,2,0.0,0.0,NaN,5120.0,NaN,NaN,0,0,0.0,0,0.0,NaN,0,NaN,0,0,0,0.0,0.0,0.0,0.0,0.0,0.0,0.0,0.0,0,0,0,0,126,0.0,0,0,0.0,0,0.0,0.0,0.0,0.0,0.0,0.0,0.0,0.0,0.0,0.0,0.7726289017734098,474,32180.940899999994,38,11185.548700000001,4,52329.3089,4,32529.0121,2,525.9815,4201.2643,37.5,0,0,539,539,5 + government bonds,sumsy,5,7.275957614183426e-11
73,512,4,4,113811.84730000007,0.0,0.0,0.0,0.0,,0.0,0.0,0.0,0.0,0.0,0.0,0.0025,4384.1985,0.0,0.0,1.0,703.4225999999998,0.0,0.0,0.0,1.0,0.0,0.0,1.0,0.0,0,0,19.895030667482303,3.036128555513818,22.93115922299612,9.497865366828236,3.030823751525102,12.528689118353338,3643.660400000006,3634.7106999999983,3643.660400000006,0.0,0,0,0.0,0.0,0.0,1.0,1.0,0.0,0.0,0.0,0.0,0.5,0.25,0.0,-556.035693664661,0.0,0,2560.0,2023.1335999999988,0.0,969.8305,0.0,0.0,0.0,0.0,0.0,0,526.0262,2560.0,2023.1335999999988,969.8305,271.0,0.0,0.0,0.015,6.2892454049135615,6.719741481481493,6.00009105691057,NaN,5.6653739759462285,23.16314548841772,1080.0,1099.0,540.0,2048.0,1542.0,204.0,126,0,0,2,65,55.0,2048.0,34839.41939999999,32124.738999999998,32905.796,223,545,0,38,0.2207815864781426,0.3360051628013574,0.4198141933463211,0,10894.246199999987,6911.880700000004,65,0,615.0,0,0,0,0.0,0,0.0,43201.9194,0.0,0,0,0,1.5,0,0.0,0,0,0.0,0,0.0,0,0,3690.0560000000005,256.0,9031.6682,2,0.0,0.0,NaN,5120.0,NaN,NaN,0,0,0.0,0,0.0,NaN,0,NaN,0,0,0,0.0,0.0,0.0,0.0,0.0,0.0,0.0,0.0,0,0,0,0,126,0.0,0,0,0.0,0,0.0,0.0,0.0,0.0,0.0,0.0,0.0,0.0,0.0,0.0,0.7722584789385638,474,32052.857800000005,38,11149.061599999999,4,52562.239,4,32905.796,2,526.0262,4384.1985,37.5,0,0,540,540,5 + government bonds,sumsy,5,7.275957614183426e-11
74,512,4,4,114337.90529999998,0.0,0.0,0.0,0.0,,0.0,0.0,0.0,0.0,0.0,0.0,0.0025,4564.7972,0.0,0.0,1.0,705.6513000000006,0.0,0.0,0.0,1.0,0.0,0.0,1.0,0.0,0,0,19.86960603155062,3.039139964850239,22.90874599640086,9.47165765947456,3.0215200948753873,12.493177754349949,3654.155399999986,3643.6604000000243,3654.155399999986,0.0,0,0,0.0,0.0,0.0,1.0,1.0,0.0,0.0,0.0,0.0,0.5,0.25,0.0,-556.035693664661,0.0,0,2560.0,2033.942,0.0,973.3963,0.0,0.0,0.0,0.0,0.0,0,526.014,2560.0,2033.942,973.3963,271.0,0.0,0.0,0.015,6.308446889952148,6.714308856088535,5.914033012820515,NaN,5.628172316363449,23.196653702668968,1084.0,1045.0,542.0,2045.3333333333335,1546.0000000000002,204.0,124,0,0,2,50,28.0,2048.0,34955.638299999984,32359.0928,32955.162800000006,223,545,0,38,0.22219027878387587,0.3369704101950277,0.41698265469516493,0,10856.984599999998,6592.326999999995,50,0,624.0,0,0,0,0.0,0,0.0,43318.13829999999,0.0,0,0,0,1.5,0,0.0,0,0,0.0,0,0.0,0,0,3690.3566000000014,256.0,8977.2002,2,0.0,0.0,NaN,5120.0,NaN,NaN,0,0,0.0,0,0.0,NaN,0,NaN,0,0,0,0.0,0.0,0.0,0.0,0.0,0.0,0.0,0.0,0,0,0,0,124,0.0,0,0,0.0,0,0.0,0.0,0.0,0.0,0.0,0.0,0.0,0.0,0.0,0.0,0.7725336073917302,474,32185.899499999985,38,11132.238800000001,4,52796.5928,4,32955.162800000006,2,526.014,4564.7972,37.5,0,0,542,542,5 + government bonds,sumsy,5,7.275957614183426e-11
75,512,4,4,114853.0984,0.0,0.0,0.0,0.0,,0.0,0.0,0.0,0.0,0.0,0.0,0.0025,4743.1616,0.0,0.0,1.0,707.8086000000002,0.0,0.0,0.0,1.0,0.0,0.0,1.0,0.0,0,0,19.517536611644335,3.0304505384612686,22.547987150105605,9.365073473401173,3.0013016343120755,12.366375107713248,3593.3160000000184,3654.1553999999974,3593.3160000000184,0.0,0,0,0.0,0.0,0.0,1.0,1.0,0.0,0.0,0.0,0.0,0.5,0.25,0.0,-556.035693664661,0.0,0,2560.0,2044.8068999999962,0.0,976.9923999999983,0.0,0.0,0.0,0.0,0.0,0,525.9182,2560.0,2044.8068999999962,976.9923999999983,271.0,0.0,0.0,0.015,6.224536330275234,6.663530726257018,5.826616071428564,NaN,5.622097118740875,23.58363895504455,1074.0,1090.0,537.0,2045.3333333333335,1536.0,204.0,127,0,0,2,51,45.0,2048.0,34915.85040000001,32625.148699999998,33195.2625,223,545,0,38,0.21718547199465532,0.3316438492087832,0.4302317975597538,0,10791.947900000003,6784.744600000005,51,0,616.0,0,0,0,0.0,0,0.0,43278.35040000001,0.0,0,0,0,1.5,0,0.0,0,0,0.0,0,0.0,0,0,3589.1954999999953,256.0,8847.757000000001,2,0.0,0.0,NaN,5120.0,NaN,NaN,0,0,0.0,0,0.0,NaN,0,NaN,0,0,0,0.0,0.0,0.0,0.0,0.0,0.0,0.0,0.0,0,0,0,0,127,0.0,0,0,0.0,0,0.0,0.0,0.0,0.0,0.0,0.0,0.0,0.0,0.0,0.0,0.7716338398914386,474,32294.093100000013,38,10984.257299999996,4,53062.6487,4,33195.2625,2,525.9182,4743.1616,37.5,0,0,537,537,5 + government bonds,sumsy,5,7.275957614183426e-11
76,512,4,4,115358.1534000001,0.0,0.0,0.0,0.0,,0.0,0.0,0.0,0.0,0.0,0.0,0.0025,4930.2954,0.0,0.0,1.0,698.3939999999997,0.0,0.0,0.0,1.0,0.0,0.0,1.0,0.0,0,0,19.978907140194078,3.1005426223008414,23.079449762494917,9.801387116874736,3.0646281431283384,12.866015260003076,3586.154699999988,3593.316000000006,3586.154699999988,0.0,0,0,0.0,0.0,0.0,1.0,1.0,0.0,0.0,0.0,0.0,0.5,0.25,0.0,-556.035693664661,0.0,0,2560.0,2054.945,0.0,980.1583000000006,0.0,0.0,0.0,0.0,0.0,0,525.8402,2560.0,2054.945,980.1583000000006,271.0,0.0,0.0,0.015,6.195187749287748,6.650194972067017,5.690008124999993,NaN,5.563798747563038,23.74089572638926,1074.0,1053.0,537.0,2045.3333333333335,1536.0000000000002,204.0,127,0,0,2,43,33.0,2048.0,34993.26419999997,32836.71,33253.020399999994,223,545,0,38,0.22443941421044644,0.336403165463492,0.41671736948231963,0,10701.033800000017,6523.532699999999,43,0,640.0,0,0,0,0.0,0,0.0,43355.764199999976,0.0,0,0,0,1.5,0,0.0,0,0,0.0,0,0.0,0,0,3641.6051999999954,256.0,8819.0232,2,0.0,0.0,NaN,5120.0,NaN,NaN,0,0,0.0,0,0.0,NaN,0,NaN,0,0,0,0.0,0.0,0.0,0.0,0.0,0.0,0.0,0.0,0,0,0,0,127,0.0,0,0,0.0,0,0.0,0.0,0.0,0.0,0.0,0.0,0.0,0.0,0.0,0.0,0.7732145533339636,474,32432.90349999997,38,10922.860700000001,4,53274.21,4,33253.020399999994,2,525.8402,4930.2954,37.5,0,0,537,537,5 + government bonds,sumsy,5,7.275957614183426e-11
77,512,4,4,115853.00619999989,0.0,0.0,0.0,0.0,,0.0,0.0,0.0,0.0,0.0,0.0,0.0025,5119.9451,0.0,0.0,1.0,695.0994000000001,0.0,0.0,0.0,1.0,0.0,0.0,1.0,0.0,0,0,19.862876477594273,3.1246539137226903,22.987530391316962,9.668921863005124,3.0815619597897794,12.750483822794903,3526.5433999999823,3586.1546999999873,3526.5433999999823,0.0,0,0,0.0,0.0,0.0,1.0,1.0,0.0,0.0,0.0,0.0,0.5,0.25,0.0,-556.035693664661,0.0,0,2560.0,2065.1472,0.0,983.2989999999995,0.0,0.0,0.0,0.0,0.0,0,525.8048,2560.0,2065.1472,983.2989999999995,271.0,0.0,0.0,0.015,6.1426488160291415,6.588261538461505,5.694625468749991,NaN,5.530825762742233,24.041627702795136,1066.0,1098.0,533.0,2045.3333333333333,1528.0,204.0,129,0,0,0,59,48.0,2048.0,34758.99380000002,33070.7935,33556.4462,223,545,0,38,0.22220453306417065,0.33388528883709423,0.42291243912490617,0,10610.979500000005,6744.628399999998,59,0,640.0,0,0,0,0.0,0,0.0,43121.49379999997,0.0,0,0,0,1.5,0,0.0,0,0,0.0,0,0.0,0,0,3644.560299999994,256.0,8821.022799999999,2,0.0,0.0,NaN,5120.0,NaN,NaN,0,0,0.0,0,0.0,NaN,0,NaN,0,0,0,0.0,0.0,0.0,0.0,0.0,0.0,0.0,0.0,0,0,0,0,129,0.0,0,0,0.0,0,0.0,0.0,0.0,0.0,0.0,0.0,0.0,0.0,0.0,0.0,0.7740317978568472,474,32267.440000000024,38,10854.053800000003,4,53508.2935,4,33556.4462,2,525.8048,5119.9451,37.5,0,0,533,533,5 + government bonds,sumsy,5,7.275957614183426e-11
78,512,4,4,116337.81189999997,0.0,0.0,0.0,0.0,,0.0,0.0,0.0,0.0,0.0,0.0,0.0025,5314.5569,0.0,0.0,1.0,689.2037999999993,0.0,0.0,0.0,1.0,0.0,0.0,1.0,0.0,0,0,20.47636745657784,3.027733392904459,23.5041008494823,9.835242258687456,3.013089713429013,12.848331972116469,3528.0126000000027,3526.543399999995,3528.0126000000027,0.0,0,0,0.0,0.0,0.0,1.0,1.0,0.0,0.0,0.0,0.0,0.5,0.25,0.0,-556.035693664661,0.0,0,2560.0,2075.1942999999987,0.0,986.3370999999996,0.0,0.0,0.0,0.0,0.0,0,525.6998,2560.0,2075.1942999999987,986.3370999999996,271.0,0.0,0.0,0.015,6.140169483568073,6.505578888888894,5.663710781249987,NaN,5.503512903474987,23.961984112139472,1080.0,1065.0,540.0,2048.0,1542.0,204.0,126,0,0,1,54,36.0,2048.0,34784.25150000002,33226.130600000004,33695.5828,223,545,0,38,0.22700389837000823,0.3411670115780252,0.4194844823112083,0,10645.681099999993,6539.280499999998,54,0,640.0,0,0,0,0.0,0,0.0,43146.7515,0.0,0,0,0,1.5,0,0.0,0,0,0.0,0,0.0,0,0,3624.774899999992,256.0,8791.5903,2,0.0,0.0,NaN,5120.0,NaN,NaN,0,0,0.0,0,0.0,NaN,0,NaN,0,0,0,0.0,0.0,0.0,0.0,0.0,0.0,0.0,0.0,0,0,0,0,126,0.0,0,0,0.0,0,0.0,0.0,0.0,0.0,0.0,0.0,0.0,0.0,0.0,0.0,0.7765642248639029,474,31991.63250000001,38,11155.118999999999,4,53663.630600000004,4,33695.5828,2,525.6998,5314.5569,37.5,0,0,540,540,5 + government bonds,sumsy,5,7.275957614183426e-11
79,512,4,4,116813.08779999998,0.0,0.0,0.0,0.0,,0.0,0.0,0.0,0.0,0.0,0.0,0.0025,5508.3263,0.0,0.0,1.0,688.9284000000006,0.0,0.0,0.0,1.0,0.0,0.0,1.0,0.0,0,0,20.29571811545359,3.1491895940143846,23.444907709467973,9.596647984348094,3.1415226280268467,12.73817061237494,3553.8150000000064,3528.0126000000023,3553.8150000000064,0.0,0,0,0.0,0.0,0.0,1.0,1.0,0.0,0.0,0.0,0.0,0.5,0.25,0.0,-556.035693664661,0.0,0,2560.0,2084.7240999999976,0.0,989.1393999999995,0.0,0.0,0.0,0.0,0.0,0,525.5862,2560.0,2084.7240999999976,989.1393999999995,271.0,0.0,0.0,0.015,6.092497504798467,6.553361111111123,5.651570937499996,NaN,5.493663823642222,24.089115037638727,1080.0,1042.0,540.0,2046.6666666666667,1542.0000000000002,204.0,126,0,0,1,34,21.0,2048.0,34987.0155,33385.723,33644.6994,223,545,0,38,0.21827627549939788,0.3349457668724187,0.4276842043197433,0,10626.510300000016,6348.382400000002,34,0,640.0,0,0,0,0.0,0,0.0,43349.51549999995,0.0,0,0,0,1.5,0,0.0,0,0,0.0,0,0.0,0,0,3617.0053999999977,256.0,8761.7374,2,0.0,0.0,NaN,5120.0,NaN,NaN,0,0,0.0,0,0.0,NaN,0,NaN,0,0,0,0.0,0.0,0.0,0.0,0.0,0.0,0.0,0.0,0,0,0,0,126,0.0,0,0,0.0,0,0.0,0.0,0.0,0.0,0.0,0.0,0.0,0.0,0.0,0.0,0.7741578781032363,474,32079.74570000001,38,11269.7698,4,53823.223,4,33644.6994,2,525.5862,5508.3263,37.5,0,0,540,540,5 + government bonds,sumsy,5,7.275957614183426e-11
80,512,4,4,117278.64940000015,0.0,0.0,0.0,0.0,,0.0,0.0,0.0,0.0,0.0,0.0,0.0025,5706.2496,0.0,0.0,1.0,683.5785000000003,0.0,0.0,0.0,1.0,0.0,0.0,1.0,0.0,0,0,20.674695763721587,3.0172447125131843,23.691940476234773,9.890110497698917,3.007405384982207,12.897515882681123,3458.929499999998,3553.815000000004,3458.929499999998,0.0,0,0,0.0,0.0,0.0,1.0,1.0,0.0,0.0,0.0,0.0,0.5,0.25,0.0,-556.035693664661,0.0,0,2560.0,2094.4383999999973,0.0,991.9803999999986,0.0,0.0,0.0,0.0,0.0,0,525.5012,2560.0,2094.4383999999973,991.9803999999986,271.0,0.0,0.0,0.015,6.002831988742964,6.522593749999996,5.720441406250002,NaN,5.494884115089004,24.77446186882737,1056.0,1066.0,528.0,2046.6666666666667,1518.0,204.0,132,0,0,0,39,24.0,2048.0,34965.493799999975,33624.058699999994,33671.145899999996,223,545,0,38,0.22362402428778583,0.3389504604577087,0.4280935425612382,0,10496.798099999987,6399.0189,39,0,640.0,0,0,0,0.0,0,0.0,43327.99379999999,0.0,0,0,0,1.5,0,0.0,0,0,0.0,0,0.0,0,0,3661.0825000000013,256.0,8786.2002,2,0.0,0.0,NaN,5120.0,NaN,NaN,0,0,0.0,0,0.0,NaN,0,NaN,0,0,0,0.0,0.0,0.0,0.0,0.0,0.0,0.0,0.0,0,0,0,0,132,0.0,0,0,0.0,0,0.0,0.0,0.0,0.0,0.0,0.0,0.0,0.0,0.0,0.0,0.7758796823556235,474,32047.068299999977,38,11280.925500000003,4,54061.558699999994,4,33671.145899999996,2,525.5012,5706.2496,37.5,0,0,528,528,5 + government bonds,sumsy,5,7.275957614183426e-11
81,512,4,4,117735.00679999989,0.0,0.0,0.0,0.0,,0.0,0.0,0.0,0.0,0.0,0.0,0.0025,5912.4755,0.0,0.0,1.0,673.5162,0.0,0.0,0.0,1.0,0.0,0.0,1.0,0.0,0,0,20.98744527239704,3.1347713741849135,24.122216646581954,9.73256425446781,3.121636397398725,12.854200651866535,3473.7128000000043,3458.929500000015,3473.7128000000043,0.0,0,0,0.0,0.0,0.0,1.0,1.0,0.0,0.0,0.0,0.0,0.5,0.25,0.0,-556.035693664661,0.0,0,2560.0,2103.642600000001,0.0,994.4614999999997,0.0,0.0,0.0,0.0,0.0,0,525.4844,2560.0,2103.642600000001,994.4614999999997,271.0,0.0,0.0,0.015,5.9925763302752335,6.5135834274953,5.820718749999993,NaN,5.4673092185937975,24.83817943150865,1062.0,1090.0,531.0,2048.0,1524.0,204.0,131,0,0,0,55,35.0,2048.0,34744.96099999999,33762.0083,33926.6496,223,545,0,38,0.21774438009964237,0.33674213331437564,0.42787895998796754,0,10492.482800000018,6531.908200000004,55,0,640.0,0,0,0,0.0,0,0.0,43107.46099999999,0.0,0,0,0,1.5,0,0.0,0,0,0.0,0,0.0,0,0,3725.2599999999957,256.0,8863.428,2,0.0,0.0,NaN,5120.0,NaN,NaN,0,0,0.0,0,0.0,NaN,0,NaN,0,0,0,0.0,0.0,0.0,0.0,0.0,0.0,0.0,0.0,0,0,0,0,131,0.0,0,0,0.0,0,0.0,0.0,0.0,0.0,0.0,0.0,0.0,0.0,0.0,0.0,0.776624439913737,474,31720.396299999993,38,11387.064699999999,4,54199.5083,4,33926.6496,2,525.4844,5912.4755,37.5,0,0,531,531,5 + government bonds,sumsy,5,7.275957614183426e-11
82,512,4,4,118182.0852000001,0.0,0.0,0.0,0.0,,0.0,0.0,0.0,0.0,0.0,0.0,0.0025,6118.1551,0.0,0.0,1.0,672.3686000000002,0.0,0.0,0.0,1.0,0.0,0.0,1.0,0.0,0,0,20.54067155306627,3.052865152264175,23.593536705330447,9.850444603975435,3.0137582694351344,12.86420287341057,3516.235800000004,3473.7128000000125,3516.235800000004,0.0,0,0,0.0,0.0,0.0,1.0,1.0,0.0,0.0,0.0,0.0,0.5,0.25,0.0,-556.035693664661,0.0,0,2560.0,2112.921599999999,0.0,996.9894999999999,0.0,0.0,0.0,0.0,0.0,0,525.4834,2560.0,2112.921599999999,996.9894999999999,271.0,0.0,0.0,0.015,6.0164274311926595,6.483770000000008,5.947527968750003,NaN,5.457898809505068,24.5725887223735,1080.0,1090.0,540.0,2048.0,1542.0,204.0,126,0,0,0,56,45.0,2048.0,34508.37440000002,33881.66269999999,34167.863,223,545,0,38,0.2214773587026564,0.3342234859090596,0.42288065815297315,0,10581.184799999974,6557.905899999999,56,0,640.0,0,0,0,0.0,0,0.0,42870.87440000003,0.0,0,0,0,1.5,0,0.0,0,0,0.0,0,0.0,0,0,3806.4179000000017,256.0,8980.5466,2,0.0,0.0,NaN,5120.0,NaN,NaN,0,0,0.0,0,0.0,NaN,0,NaN,0,0,0,0.0,0.0,0.0,0.0,0.0,0.0,0.0,0.0,0,0,0,0,126,0.0,0,0,0.0,0,0.0,0.0,0.0,0.0,0.0,0.0,0.0,0.0,0.0,0.0,0.7773278375313586,474,31751.29670000002,38,11119.5777,4,54319.16269999999,4,34167.863,2,525.4834,6118.1551,37.5,0,0,540,540,5 + government bonds,sumsy,5,7.275957614183426e-11
83,512,4,4,118620.21510000009,0.0,0.0,0.0,0.0,,0.0,0.0,0.0,0.0,0.0,0.0,0.0025,6319.4746,0.0,0.0,1.0,675.0410999999999,0.0,0.0,0.0,1.0,0.0,0.0,1.0,0.0,0,0,20.09405839267003,3.1774800992792653,23.271538491949293,9.546183226557368,3.0902656162917896,12.636448842849155,3524.483199999999,3516.235799999994,3524.483199999999,0.0,0,0,0.0,0.0,0.0,1.0,1.0,0.0,0.0,0.0,0.0,0.5,0.25,0.0,-556.035693664661,0.0,0,2560.0,2121.870100000003,0.0,999.4090000000018,0.0,0.0,0.0,0.0,0.0,0,525.4182,2560.0,2121.870100000003,999.4090000000018,271.0,0.0,0.0,0.015,6.072903860640294,6.511100556586269,6.0330879687499985,NaN,5.52194250505188,24.828715760183076,1078.0,1062.0,539.0,2048.0,1540.0,204.0,127,0,0,1,53,31.0,2048.0,34416.135100000014,34042.399900000004,34234.6419,223,545,0,38,0.21522935857566883,0.32865497155958656,0.4241711822632419,0,10670.836000000014,6449.4238999999925,53,0,640.0,0,0,0,0.0,0,0.0,42778.63509999996,0.0,0,0,0,1.5,0,0.0,0,0,0.0,0,0.0,0,0,3861.176299999999,256.0,9082.1454,2,0.0,0.0,NaN,5120.0,NaN,NaN,0,0,0.0,0,0.0,NaN,0,NaN,0,0,0,0.0,0.0,0.0,0.0,0.0,0.0,0.0,0.0,0,0,0,0,127,0.0,0,0,0.0,0,0.0,0.0,0.0,0.0,0.0,0.0,0.0,0.0,0.0,0.0,0.7764736598892772,474,31700.07610000004,38,11078.558999999996,4,54479.899900000004,4,34234.6419,2,525.4182,6319.4746,37.5,0,0,539,539,5 + government bonds,sumsy,5,7.275957614183426e-11
84,512,4,4,119049.22930000011,0.0,0.0,0.0,0.0,,0.0,0.0,0.0,0.0,0.0,0.0,0.0025,6513.0647,0.0,0.0,1.0,681.3804000000008,0.0,0.0,0.0,1.0,0.0,0.0,1.0,0.0,0,0,20.41012847948283,3.036861292370629,23.44698977185346,9.766783828096475,3.022726503206154,12.78951033130263,3560.2334999999753,3524.483199999985,3560.2334999999753,0.0,0,0,0.0,0.0,0.0,1.0,1.0,0.0,0.0,0.0,0.0,0.5,0.25,0.0,-556.035693664661,0.0,0,2560.0,2130.9858,0.0,1001.9849999999999,0.0,0.0,0.0,0.0,0.0,0,525.3408,2560.0,2130.9858,1001.9849999999999,271.0,0.0,0.0,0.015,6.108596941612607,6.589653345724861,6.109825312499994,NaN,5.594017000323259,25.08205842603791,1076.0,1079.0,538.0,2046.6666666666667,1537.9999999999998,204.0,127,0,0,2,53,35.0,2048.0,34237.90860000002,34186.3633,34413.3317,223,545,0,38,0.22828819844025916,0.3436296966314485,0.4363808953235966,0,10774.024599999993,6591.176100000003,53,0,640.0,0,0,0,0.0,0,0.0,42600.40859999995,0.0,0,0,0,1.5,0,0.0,0,0,0.0,0,0.0,0,0,3910.288199999996,256.0,9173.2202,2,0.0,0.0,NaN,5120.0,NaN,NaN,0,0,0.0,0,0.0,NaN,0,NaN,0,0,0,0.0,0.0,0.0,0.0,0.0,0.0,0.0,0.0,0,0,0,0,127,0.0,0,0,0.0,0,0.0,0.0,0.0,0.0,0.0,0.0,0.0,0.0,0.0,0.0,0.7820968171163976,474,31355.71470000001,38,11244.693899999998,4,54623.8633,4,34413.3317,2,525.3408,6513.0647,37.5,0,0,538,538,5 + government bonds,sumsy,5,7.275957614183426e-11
85,512,4,4,119469.61260000005,0.0,0.0,0.0,0.0,,0.0,0.0,0.0,0.0,0.0,0.0,0.0025,6701.2295,0.0,0.0,1.0,685.3838999999996,0.0,0.0,0.0,1.0,0.0,0.0,1.0,0.0,0,0,20.269091411232562,3.116922706112862,23.38601411734542,9.712054669516084,3.110897125527161,12.822951795043245,3581.3738999999837,3560.233499999998,3581.3738999999837,0.0,0,0,0.0,0.0,0.0,1.0,1.0,0.0,0.0,0.0,0.0,0.5,0.25,0.0,-556.035693664661,0.0,0,2560.0,2139.6167000000005,0.0,1004.3883999999997,0.0,0.0,0.0,0.0,0.0,0,525.4102,2560.0,2139.6167000000005,1004.3883999999997,271.0,0.0,0.0,0.015,6.146890218423559,6.616649165120563,6.189797147385106,NaN,5.63357853475039,25.132124630493966,1078.0,1053.0,539.0,2045.3333333333333,1540.0000000000002,204.0,126,0,0,1,47,18.0,2048.0,34254.287099999994,34333.0075,34428.9997,223,545,0,38,0.2215121512654663,0.3387950184007784,0.42565354794260246,0,10845.780699999988,6472.675400000008,47,0,631.0,0,0,0,0.0,0,0.0,42616.78710000003,0.0,0,0,0,1.5,0,0.0,0,0,0.0,0,0.0,0,0,3905.762000000002,256.0,9226.6786,2,0.0,0.0,NaN,5120.0,NaN,NaN,0,0,0.0,0,0.0,NaN,0,NaN,0,0,0,0.0,0.0,0.0,0.0,0.0,0.0,0.0,0.0,0,0,0,0,126,0.0,0,0,0.0,0,0.0,0.0,0.0,0.0,0.0,0.0,0.0,0.0,0.0,0.0,0.7809272213144824,474,31410.685700000005,38,11206.101400000005,4,54770.5075,4,34428.9997,2,525.4102,6701.2295,37.5,0,0,539,539,5 + government bonds,sumsy,5,7.275957614183426e-11
86,512,4,4,119881.55460000013,0.0,0.0,0.0,0.0,,0.0,0.0,0.0,0.0,0.0,0.0,0.0025,6883.6608,0.0,0.0,1.0,689.6831999999993,0.0,0.0,0.0,1.0,0.0,0.0,1.0,0.0,0,0,19.97588762318663,3.0336300981234907,23.00951772131012,9.776816489569809,2.9732920795008466,12.750108569070656,3589.203900000006,3581.373899999998,3589.203900000006,0.0,0,0,0.0,0.0,0.0,1.0,1.0,0.0,0.0,0.0,0.0,0.5,0.25,0.0,-556.035693664661,0.0,0,2560.0,2148.058000000002,0.0,1006.7241000000002,0.0,0.0,0.0,0.0,0.0,0,525.565,2560.0,2148.058000000002,1006.7241000000002,271.0,0.0,0.0,0.015,6.154577565849237,6.680754953271039,6.230634595524954,NaN,5.674679818868903,25.383050292958202,1070.0,1101.0,535.0,2046.6666666666665,1532.0,204.0,129,0,0,1,57,39.0,2048.0,34270.408300000025,34497.3312,34713.651099999995,223,545,0,38,0.22725645959635865,0.3380569933910442,0.42828609559115915,0,10863.410399999999,6776.18990000001,57,0,581.0,0,0,0,0.0,0,0.0,42632.908299999996,0.0,0,0,0,1.5,0,0.0,0,0,0.0,0,0.0,0,0,3619.9986999999983,256.0,8990.9382,2,0.0,0.0,NaN,5120.0,NaN,NaN,0,0,0.0,0,0.0,NaN,0,NaN,0,0,0,0.0,0.0,0.0,0.0,0.0,0.0,0.0,0.0,0,0,0,0,129,0.0,0,0,0.0,0,0.0,0.0,0.0,0.0,0.0,0.0,0.0,0.0,0.0,0.0,0.7809697570163219,474,31611.71270000001,38,11021.195600000001,4,54934.8312,4,34713.651099999995,2,525.565,6883.6608,37.5,0,0,535,535,5 + government bonds,sumsy,5,7.275957614183426e-11
87,512,4,4,120285.07080000007,0.0,0.0,0.0,0.0,,0.0,0.0,0.0,0.0,0.0,0.0,0.0025,7063.9123,0.0,0.0,1.0,690.5451000000006,0.0,0.0,0.0,1.0,0.0,0.0,1.0,0.0,0,0,20.0420843551555,3.0182430208352606,23.06032737599076,9.4733804681387,2.9653244942611865,12.438704962399887,3617.999300000007,3589.2038999999913,3617.999300000007,0.0,0,0,0.0,0.0,0.0,1.0,1.0,0.0,0.0,0.0,0.0,0.5,0.25,0.0,-556.035693664661,0.0,0,2560.0,2156.483800000001,0.0,1009.0936000000006,0.0,0.0,0.0,0.0,0.0,0,525.7132,2560.0,2156.483800000001,1009.0936000000006,271.0,0.0,0.0,0.015,6.214403928905514,6.684599814471256,6.199956239870342,NaN,5.649774677200245,25.23150990456744,1078.0,1069.0,539.0,2046.6666666666667,1540.0,204.0,126,0,0,3,54,33.0,2048.0,34222.4699,34635.665,34846.6744,223,545,0,38,0.2210255636465155,0.3371469874194464,0.42536027316159886,0,10871.30650000001,6643.1977999999945,54,0,617.0,0,0,0,0.0,0,0.0,42584.96990000004,0.0,0,0,0,1.5,0,0.0,0,0,0.0,0,0.0,0,0,3825.373000000001,256.0,8990.636,2,0.0,0.0,NaN,5120.0,NaN,NaN,0,0,0.0,0,0.0,NaN,0,NaN,0,0,0,0.0,0.0,0.0,0.0,0.0,0.0,0.0,0.0,0,0,0,0,126,0.0,0,0,0.0,0,0.0,0.0,0.0,0.0,0.0,0.0,0.0,0.0,0.0,0.0,0.7812696882738086,474,31457.692299999995,38,11127.277600000001,4,55073.165,4,34846.6744,2,525.7132,7063.9123,37.5,0,0,539,539,5 + government bonds,sumsy,5,7.275957614183426e-11
88,512,4,4,120680.69430000012,0.0,0.0,0.0,0.0,,0.0,0.0,0.0,0.0,0.0,0.0,0.0025,7236.0667,0.0,0.0,1.0,697.2566999999995,0.0,0.0,0.0,1.0,0.0,0.0,1.0,0.0,0,0,20.008013459285845,2.9996018070529544,23.007615266338803,9.273333351833761,2.9924481229890394,12.2657814748228,3573.223399999991,3617.9993000000104,3573.223399999991,0.0,0,0,0.0,0.0,0.0,1.0,1.0,0.0,0.0,0.0,0.0,0.5,0.25,0.0,-556.035693664661,0.0,0,2560.0,2164.3765000000008,0.0,1011.2634999999991,0.0,0.0,0.0,0.0,0.0,0,525.8358,2560.0,2164.3765000000008,1011.2634999999991,271.0,0.0,0.0,0.015,6.199890136986302,6.613798141263924,6.144649590834704,NaN,5.598513754327986,25.19823839812636,1076.0,1095.0,538.0,2044.0,1538.0,204.0,126,0,0,0,55,49.0,2048.0,34016.47739999997,34800.7203,35092.1464,223,545,0,38,0.21910302237774903,0.3406765524270434,0.4197886830129405,0,10785.684599999993,6788.879700000001,55,0,611.0,0,0,0,0.0,0,0.0,42378.97740000001,0.0,0,0,0,1.5,0,0.0,0,0,0.0,0,0.0,0,0,3754.380900000004,256.0,9009.4477,2,0.0,0.0,NaN,5120.0,NaN,NaN,0,0,0.0,0,0.0,NaN,0,NaN,0,0,0,0.0,0.0,0.0,0.0,0.0,0.0,0.0,0.0,0,0,0,0,126,0.0,0,0,0.0,0,0.0,0.0,0.0,0.0,0.0,0.0,0.0,0.0,0.0,0.0,0.7835970130698662,474,31058.136899999976,38,11320.8405,4,55238.2203,4,35092.1464,2,525.8358,7236.0667,37.5,0,0,538,538,5 + government bonds,sumsy,5,7.275957614183426e-11
89,512,4,4,121068.4855,0.0,0.0,0.0,0.0,,0.0,0.0,0.0,0.0,0.0,0.0,0.0025,7408.4806,0.0,0.0,1.0,695.6298000000002,0.0,0.0,0.0,1.0,0.0,0.0,1.0,0.0,0,0,20.230964593206046,3.0570729880513277,23.288037581257374,9.386960927484711,3.0514465442656165,12.438407471750327,3589.281999999982,3573.223399999983,3589.281999999982,0.0,0,0,0.0,0.0,0.0,1.0,1.0,0.0,0.0,0.0,0.0,0.5,0.25,0.0,-556.035693664661,0.0,0,2560.0,2172.208799999999,0.0,1013.4169999999995,0.0,0.0,0.0,0.0,0.0,0,525.854,2560.0,2172.208799999999,1013.4169999999995,271.0,0.0,0.0,0.015,6.190079530516431,6.631320964749503,6.043476517571893,NaN,5.583299593097267,25.292685138027196,1078.0,1065.0,539.0,2048.0,1540.0,204.0,127,0,0,1,52,39.0,2048.0,33967.571700000015,34928.4633,35183.6547,223,545,0,38,0.2199533857802516,0.34058859234532557,0.4224658490112807,0,10774.590899999972,6592.434699999999,52,0,626.0,0,0,0,0.0,0,0.0,42330.07169999999,0.0,0,0,0,1.5,0,0.0,0,0,0.0,0,0.0,0,0,3783.216300000005,256.0,9054.4612,2,0.0,0.0,NaN,5120.0,NaN,NaN,0,0,0.0,0,0.0,NaN,0,NaN,0,0,0,0.0,0.0,0.0,0.0,0.0,0.0,0.0,0.0,0,0,0,0,127,0.0,0,0,0.0,0,0.0,0.0,0.0,0.0,0.0,0.0,0.0,0.0,0.0,0.0,0.7841018984897861,474,30992.09020000001,38,11337.9815,4,55365.9633,4,35183.6547,2,525.854,7408.4806,37.5,0,0,539,539,5 + government bonds,sumsy,5,7.275957614183426e-11
90,512,4,4,121448.24269999987,0.0,0.0,0.0,0.0,,0.0,0.0,0.0,0.0,0.0,0.0,0.0025,7580.7591,0.0,0.0,1.0,694.5282,0.0,0.0,0.0,1.0,0.0,0.0,1.0,0.0,0,0,20.217270099190596,3.0402697852148264,23.25753988440542,9.58365604913409,3.014916916364576,12.598572965498667,3604.0206999999896,3589.2819999999865,3604.0206999999896,0.0,0,0,0.0,0.0,0.0,1.0,1.0,0.0,0.0,0.0,0.0,0.5,0.25,0.0,-556.035693664661,0.0,0,2560.0,2180.2428000000023,0.0,1015.6830000000017,0.0,0.0,0.0,0.0,0.0,0,525.7682,2560.0,2180.2428000000023,1015.6830000000017,271.0,0.0,0.0,0.015,6.176222684310015,6.6586654916511865,5.983714802065416,NaN,5.603899257569671,25.48091161771609,1078.0,1058.0,539.0,2046.6666666666667,1540.0,204.0,126,0,0,1,44,30.0,2048.0,34304.26460000002,35073.179,35197.583,223,545,0,38,0.22409189712213662,0.33826118770535074,0.4223716380955498,0,10799.118499999993,6534.443599999996,44,0,581.0,0,0,0,0.0,0,0.0,42666.76460000004,0.0,0,0,0,1.5,0,0.0,0,0,0.0,0,0.0,0,0,3476.5383000000065,256.0,8766.6888,2,0.0,0.0,NaN,5120.0,NaN,NaN,0,0,0.0,0,0.0,NaN,0,NaN,0,0,0,0.0,0.0,0.0,0.0,0.0,0.0,0.0,0.0,0,0,0,0,126,0.0,0,0,0.0,0,0.0,0.0,0.0,0.0,0.0,0.0,0.0,0.0,0.0,0.0,0.7821639409442527,474,31450.333999999984,38,11216.430599999998,4,55510.679,4,35197.583,2,525.7682,7580.7591,37.5,0,0,539,539,5 + government bonds,sumsy,5,7.275957614183426e-11
91,512,4,4,121820.55519999983,0.0,0.0,0.0,0.0,,0.0,0.0,0.0,0.0,0.0,0.0,0.0025,7753.0517,0.0,0.0,1.0,692.9727000000004,0.0,0.0,0.0,1.0,0.0,0.0,1.0,0.0,0,0,20.110446375836126,3.010032082975231,23.120478458811355,9.443563161635542,2.9903454197991843,12.433908581434727,3513.3731999999973,3604.0206999999946,3513.3731999999973,0.0,0,0,0.0,0.0,0.0,1.0,1.0,0.0,0.0,0.0,0.0,0.5,0.25,0.0,-556.035693664661,0.0,0,2560.0,2187.6875,0.0,1017.6508999999996,0.0,0.0,0.0,0.0,0.0,0,525.7038,2560.0,2187.6875,1017.6508999999996,271.0,0.0,0.0,0.015,6.130480623818525,6.575889473684206,5.901319218750002,NaN,5.60138716809493,25.897870590629008,1064.0,1058.0,532.0,2046.6666666666667,1526.0,204.0,130,0,0,1,45,20.0,2048.0,34306.95719999999,35253.8038,35175.3738,223,545,0,38,0.21943906986115302,0.3357736777371929,0.4272601456844145,0,10716.9627,6486.0485,45,0,640.0,0,0,0,0.0,0,0.0,42669.45720000003,0.0,0,0,0,1.5,0,0.0,0,0,0.0,0,0.0,0,0,3776.8443000000016,256.0,8805.6649,2,0.0,0.0,NaN,5120.0,NaN,NaN,0,0,0.0,0,0.0,NaN,0,NaN,0,0,0,0.0,0.0,0.0,0.0,0.0,0.0,0.0,0.0,0,0,0,0,130,0.0,0,0,0.0,0,0.0,0.0,0.0,0.0,0.0,0.0,0.0,0.0,0.0,0.0,0.7817198378151569,474,31440.35309999997,38,11229.1041,4,55691.3038,4,35175.3738,2,525.7038,7753.0517,37.5,0,0,532,532,5 + government bonds,sumsy,5,7.275957614183426e-11
92,512,4,4,122185.4465000001,0.0,0.0,0.0,0.0,,0.0,0.0,0.0,0.0,0.0,0.0,0.0025,7928.7974,0.0,0.0,1.0,687.8421000000008,0.0,0.0,0.0,1.0,0.0,0.0,1.0,0.0,0,0,20.02974053900944,3.0719938900773096,23.10173442908675,9.537424336824724,3.0460158546002054,12.58344019142493,3507.6379000000024,3513.3731999999964,3507.6379000000024,0.0,0,0,0.0,0.0,0.0,1.0,1.0,0.0,0.0,0.0,0.0,0.5,0.25,0.0,-556.035693664661,0.0,0,2560.0,2195.108700000001,0.0,1019.5659000000011,0.0,0.0,0.0,0.0,0.0,0,525.7346,2560.0,2195.108700000001,1019.5659000000011,271.0,0.0,0.0,0.015,6.0799315055762095,6.540520411985023,5.856907343749993,NaN,5.547514766443835,25.84331090006096,1068.0,1076.0,534.0,2046.6666666666667,1530.0,204.0,129,0,0,3,45,30.0,2048.0,34224.74689999999,35339.229,35303.5465,223,545,0,38,0.2236197138623408,0.3388584076722674,0.43378018803567575,0,10658.711400000004,6542.006300000002,45,0,640.0,0,0,0,0.0,0,0.0,42587.24690000002,0.0,0,0,0,1.5,0,0.0,0,0,0.0,0,0.0,0,0,3748.420699999995,256.0,8863.392100000001,2,0.0,0.0,NaN,5120.0,NaN,NaN,0,0,0.0,0,0.0,NaN,0,NaN,0,0,0,0.0,0.0,0.0,0.0,0.0,0.0,0.0,0.0,0,0,0,0,129,0.0,0,0,0.0,0,0.0,0.0,0.0,0.0,0.0,0.0,0.0,0.0,0.0,0.0,0.7832618906871032,474,31380.522999999983,38,11206.723899999999,4,55776.729,4,35303.5465,2,525.7346,7928.7974,37.5,0,0,534,534,5 + government bonds,sumsy,5,7.275957614183426e-11
93,512,4,4,122542.96439999992,0.0,0.0,0.0,0.0,,0.0,0.0,0.0,0.0,0.0,0.0,0.0025,8108.3759,0.0,0.0,1.0,682.1658000000008,0.0,0.0,0.0,1.0,0.0,0.0,1.0,0.0,0,0,20.029469547393415,3.0331293387989016,23.062598886192315,9.92762973861973,3.001585027037155,12.929214765656885,3486.3081000000016,3507.6378999999974,3486.3081000000016,0.0,0,0,0.0,0.0,0.0,1.0,1.0,0.0,0.0,0.0,0.0,0.5,0.25,0.0,-556.035693664661,0.0,0,2560.0,2202.4820999999974,0.0,1021.4095,0.0,0.0,0.0,0.0,0.0,0,525.7692,2560.0,2202.4820999999974,1021.4095,271.0,0.0,0.0,0.015,6.0597402764976955,6.51277317073171,5.8255445312499905,NaN,5.502964778529035,25.919245379670155,1066.0,1085.0,533.0,2044.0,1528.0,204.0,129,0,0,0,49,42.0,2048.0,34055.822900000014,35441.20510000001,35485.9617,223,545,0,38,0.2313436251957648,0.34324067256900737,0.44209892549117935,0,10583.004899999984,6574.8182,49,0,640.0,0,0,0,0.0,0,0.0,42418.322899999985,0.0,0,0,0,1.5,0,0.0,0,0,0.0,0,0.0,0,0,3728.348499999994,256.0,8925.829600000001,2,0.0,0.0,NaN,5120.0,NaN,NaN,0,0,0.0,0,0.0,NaN,0,NaN,0,0,0,0.0,0.0,0.0,0.0,0.0,0.0,0.0,0.0,0,0,0,0,129,0.0,0,0,0.0,0,0.0,0.0,0.0,0.0,0.0,0.0,0.0,0.0,0.0,0.0,0.7855476656229137,474,31347.26240000004,38,11071.0605,4,55878.70510000001,4,35485.9617,2,525.7692,8108.3759,37.5,0,0,533,533,5 + government bonds,sumsy,5,7.275957614183426e-11
94,512,4,4,122893.06899999999,0.0,0.0,0.0,0.0,,0.0,0.0,0.0,0.0,0.0,0.0,0.0025,8288.4049,0.0,0.0,1.0,679.9013999999999,0.0,0.0,0.0,1.0,0.0,0.0,1.0,0.0,0,0,20.32684380803823,3.0010752020250746,23.327919010063304,9.973781180658616,2.983339536054605,12.957120716713222,3492.9603999999827,3486.308100000014,3492.9603999999827,0.0,0,0,0.0,0.0,0.0,1.0,1.0,0.0,0.0,0.0,0.0,0.5,0.25,0.0,-556.035693664661,0.0,0,2560.0,2209.8954000000012,0.0,1023.2753000000012,0.0,0.0,0.0,0.0,0.0,0,525.6914,2560.0,2209.8954000000012,1023.2753000000012,271.0,0.0,0.0,0.015,6.04862407063197,6.488732089552206,5.807430166666674,NaN,5.510924484369672,25.957229251351258,1072.0,1076.0,536.0,2048.0,1534.0,204.0,128,0,0,2,53,43.0,2048.0,34236.58670000005,35521.1311,35613.847599999994,223,545,0,38,0.23049127857079266,0.34328619080189804,0.4260226001016718,0,10624.28000000001,6508.3195,53,0,600.0,0,0,0,0.0,0,0.0,42599.086700000036,0.0,0,0,0,1.5,0,0.0,0,0,0.0,0,0.0,0,0,3484.458100000005,256.0,8707.407299999999,2,0.0,0.0,NaN,5120.0,NaN,NaN,0,0,0.0,0,0.0,NaN,0,NaN,0,0,0,0.0,0.0,0.0,0.0,0.0,0.0,0.0,0.0,0,0,0,0,128,0.0,0,0,0.0,0,0.0,0.0,0.0,0.0,0.0,0.0,0.0,0.0,0.0,0.0,0.7849742679194331,474,31477.378200000032,38,11121.7085,4,55958.6311,4,35613.847599999994,2,525.6914,8288.4049,37.5,0,0,536,536,5 + government bonds,sumsy,5,7.275957614183426e-11
95,512,4,4,123236.36750000007,0.0,0.0,0.0,0.0,,0.0,0.0,0.0,0.0,0.0,0.0,0.0025,8467.5919,0.0,0.0,1.0,678.6570000000004,0.0,0.0,0.0,1.0,0.0,0.0,1.0,0.0,0,0,20.40233845733157,3.101361464820407,23.503699922151977,9.62042890476039,3.090579074199102,12.71100797895949,3540.5372000000148,3492.9603999999836,3540.5372000000148,0.0,0,0,0.0,0.0,0.0,1.0,1.0,0.0,0.0,0.0,0.0,0.5,0.25,0.0,-556.035693664661,0.0,0,2560.0,2216.7015000000006,0.0,1024.8490000000006,0.0,0.0,0.0,0.0,0.0,0,525.5726,2560.0,2216.7015000000006,1024.8490000000006,271.0,0.0,0.0,0.015,6.0709824134705395,6.553043122676607,5.7168779687500075,NaN,5.485976107970266,25.903997064678254,1076.0,1069.0,538.0,2045.3333333333333,1538.0,204.0,127,0,0,1,48,41.0,2048.0,34245.211199999976,35596.20910000001,35706.898700000005,223,545,0,38,0.21872123538281296,0.3376350963294792,0.4228520296680778,0,10608.015799999986,6489.880200000007,48,0,640.0,0,0,0,0.0,0,0.0,42607.71120000003,0.0,0,0,0,1.5,0,0.0,0,0,0.0,0,0.0,0,0,3658.801900000005,256.0,8694.884,2,0.0,0.0,NaN,5120.0,NaN,NaN,0,0,0.0,0,0.0,NaN,0,NaN,0,0,0,0.0,0.0,0.0,0.0,0.0,0.0,0.0,0.0,0,0,0,0,127,0.0,0,0,0.0,0,0.0,0.0,0.0,0.0,0.0,0.0,0.0,0.0,0.0,0.0,0.7835377423510268,474,31317.825799999977,38,11289.8854,4,56033.70910000001,4,35706.898700000005,2,525.5726,8467.5919,37.5,0,0,538,538,5 + government bonds,sumsy,5,7.275957614183426e-11
96,512,4,4,123572.7536,0.0,0.0,0.0,0.0,,0.0,0.0,0.0,0.0,0.0,0.0,0.0025,8642.3873,0.0,0.0,1.0,681.1661999999993,0.0,0.0,0.0,1.0,0.0,0.0,1.0,0.0,0,0,20.479948610501868,3.076509214042705,23.556457824544573,9.736696099325732,3.054130176212422,12.790826275538155,3468.633800000003,3540.53720000001,3468.633800000003,0.0,0,0,0.0,0.0,0.0,1.0,1.0,0.0,0.0,0.0,0.0,0.5,0.25,0.0,-556.035693664661,0.0,0,2560.0,2223.6139000000026,0.0,1026.5249000000024,0.0,0.0,0.0,0.0,0.0,0,525.5194,2560.0,2223.6139000000026,1026.5249000000024,271.0,0.0,0.0,0.015,6.044937853107343,6.44334664179105,5.664636875000002,NaN,5.4533388049487215,25.971055001657863,1072.0,1062.0,536.0,2046.6666666666665,1533.9999999999998,204.0,127,0,0,1,52,28.0,2048.0,34284.17970000001,35727.05070000001,35696.217399999994,223,545,0,38,0.2233167160549614,0.3400831025973534,0.42369122340543286,0,10535.181,6419.723999999998,52,0,640.0,0,0,0,0.0,0,0.0,42646.679699999935,0.0,0,0,0,1.5,0,0.0,0,0,0.0,0,0.0,0,0,3625.3676000000014,256.0,8697.399099999999,2,0.0,0.0,NaN,5120.0,NaN,NaN,0,0,0.0,0,0.0,NaN,0,NaN,0,0,0,0.0,0.0,0.0,0.0,0.0,0.0,0.0,0.0,0,0,0,0,127,0.0,0,0,0.0,0,0.0,0.0,0.0,0.0,0.0,0.0,0.0,0.0,0.0,0.0,0.7842958216744769,474,31443.807499999995,38,11202.8722,4,56164.55070000001,4,35696.217399999994,2,525.5194,8642.3873,37.5,0,0,536,536,5 + government bonds,sumsy,5,7.275957614183426e-11
97,512,4,4,123902.40040000007,0.0,0.0,0.0,0.0,,0.0,0.0,0.0,0.0,0.0,0.0,0.0025,8818.1177,0.0,0.0,1.0,678.2439,0.0,0.0,0.0,1.0,0.0,0.0,1.0,0.0,0,0,20.88596732965651,3.0444742841610903,23.9304416138176,10.3093805462115,3.0416415785439495,13.35102212475545,3471.107200000013,3468.633799999982,3471.107200000013,0.0,0,0,0.0,0.0,0.0,1.0,1.0,0.0,0.0,0.0,0.0,0.5,0.25,0.0,-556.035693664661,0.0,0,2560.0,2230.3532000000005,0.0,1028.1078999999993,0.0,0.0,0.0,0.0,0.0,0,525.458,2560.0,2230.3532000000005,1028.1078999999993,271.0,0.0,0.0,0.015,5.976417166979364,6.4359538175046795,5.630007187500007,NaN,5.425977752030396,26.008463711725557,1074.0,1066.0,537.0,2046.6666666666667,1536.0,204.0,127,0,0,1,45,26.0,2048.0,34360.696199999955,35791.9643,35708.7154,223,545,0,38,0.23858551410750461,0.35178287611209935,0.4386643232574805,0,10502.488000000018,6370.860700000002,45,0,640.0,0,0,0,0.0,0,0.0,42723.19619999991,0.0,0,0,0,1.5,0,0.0,0,0,0.0,0,0.0,0,0,3603.204600000004,256.0,8697.4488,2,0.0,0.0,NaN,5120.0,NaN,NaN,0,0,0.0,0,0.0,NaN,0,NaN,0,0,0,0.0,0.0,0.0,0.0,0.0,0.0,0.0,0.0,0,0,0,0,127,0.0,0,0,0.0,0,0.0,0.0,0.0,0.0,0.0,0.0,0.0,0.0,0.0,0.0,0.7875466977484018,474,31453.149699999987,38,11270.0465,4,56229.4643,4,35708.7154,2,525.458,8818.1177,37.5,0,0,537,537,5 + government bonds,sumsy,5,7.275957614183426e-11
98,512,4,4,124225.03170000005,0.0,0.0,0.0,0.0,,0.0,0.0,0.0,0.0,0.0,0.0,0.0025,8999.4435,0.0,0.0,1.0,670.5531,0.0,0.0,0.0,1.0,0.0,0.0,1.0,0.0,0,0,20.9874080704022,2.980788127000379,23.968196197402577,10.577455932119433,2.96957395195825,13.547029884077682,3486.5746,3471.1072000000117,3486.5746,0.0,0,0,0.0,0.0,0.0,1.0,1.0,0.0,0.0,0.0,0.0,0.5,0.25,0.0,-556.035693664661,0.0,0,2560.0,2237.368699999999,0.0,1029.7501999999997,0.0,0.0,0.0,0.0,0.0,0,525.398,2560.0,2237.368699999999,1029.7501999999997,271.0,0.0,0.0,0.015,5.951263808664257,6.488924485981308,5.593376555023911,NaN,5.407684207659939,26.193274990870453,1070.0,1108.0,535.0,2046.6666666666665,1532.0,204.0,129,0,0,1,64,47.0,2048.0,34262.97079999997,35881.5349,35955.334,223,545,0,38,0.23727238879432622,0.3490639403260998,0.42500277554249366,0,10454.406200000007,6594.000299999997,64,0,627.0,0,0,0,0.0,0,0.0,42625.47079999995,0.0,0,0,0,1.5,0,0.0,0,0,0.0,0,0.0,0,0,3507.0470999999925,256.0,8600.3505,2,0.0,0.0,NaN,5120.0,NaN,NaN,0,0,0.0,0,0.0,NaN,0,NaN,0,0,0,0.0,0.0,0.0,0.0,0.0,0.0,0.0,0.0,0,0,0,0,129,0.0,0,0,0.0,0,0.0,0.0,0.0,0.0,0.0,0.0,0.0,0.0,0.0,0.0,0.7873902785681555,474,31444.613899999986,38,11180.8569,4,56319.0349,4,35955.334,2,525.398,8999.4435,37.5,0,0,535,535,5 + government bonds,sumsy,5,7.275957614183426e-11
99,512,4,4,124541.5635000001,0.0,0.0,0.0,0.0,,0.0,0.0,0.0,0.0,0.0,0.0,0.0025,9181.0703,0.0,0.0,1.0,667.7328000000005,0.0,0.0,0.0,1.0,0.0,0.0,1.0,0.0,0,0,20.84499555648204,3.093405888510917,23.938401444992955,10.486355115936558,3.080980450620586,13.567335566557144,3479.8384999999876,3486.574600000008,3479.8384999999876,0.0,0,0,0.0,0.0,0.0,1.0,1.0,0.0,0.0,0.0,0.0,0.5,0.25,0.0,-556.035693664661,0.0,0,2560.0,2243.468200000002,0.0,1030.942,0.0,0.0,0.0,0.0,0.0,0,525.328,2560.0,2243.468200000002,1030.942,271.0,0.0,0.0,0.015,6.007102240896359,6.380918047882114,5.56686279434851,NaN,5.344875645563398,25.81948965215897,1086.0,1071.0,543.0,2046.6666666666665,1548.0,204.0,124,0,0,2,56,40.0,2048.0,34276.07919999999,35958.8859,36014.3076,223,545,0,38,0.23011296000819947,0.3430952113934558,0.4186191244996591,0,10443.826500000012,6433.6065,56,0,637.0,0,0,0,0.0,0,0.0,42638.57920000002,0.0,0,0,0,1.5,0,0.0,0,0,0.0,0,0.0,0,0,3546.091600000001,256.0,8585.8925,2,0.0,0.0,NaN,5120.0,NaN,NaN,0,0,0.0,0,0.0,NaN,0,NaN,0,0,0,0.0,0.0,0.0,0.0,0.0,0.0,0.0,0.0,0,0,0,0,124,0.0,0,0,0.0,0,0.0,0.0,0.0,0.0,0.0,0.0,0.0,0.0,0.0,0.0,0.7858007158127096,474,31498.74039999998,38,11139.838800000001,4,56396.3859,4,36014.3076,2,525.328,9181.0703,37.5,0,0,543,543,5 + government bonds,sumsy,5,7.275957614183426e-11
100,512,4,4,124851.61460000006,0.0,0.0,0.0,0.0,,0.0,0.0,0.0,0.0,0.0,0.0,0.0025,9354.3682,0.0,0.0,1.0,673.9955999999999,0.0,0.0,0.0,1.0,0.0,0.0,1.0,0.0,0,0,21.060460948303255,3.014760329218145,24.0752212775214,10.524651049143277,3.004131081066273,13.52878213020955,3450.415700000003,3479.8385000000003,3450.415700000003,0.0,0,0,0.0,0.0,0.0,1.0,1.0,0.0,0.0,0.0,0.0,0.5,0.25,0.0,-556.035693664661,0.0,0,2560.0,2249.9489000000003,0.0,1032.4142999999995,0.0,0.0,0.0,0.0,0.0,0,525.2314,2560.0,2249.9489000000003,1032.4142999999995,271.0,0.0,0.0,0.015,5.935850833333324,6.385531040892199,5.568613750000011,NaN,5.356696145272198,26.130813023955035,1076.0,1080.0,538.0,2045.3333333333333,1538.0,204.0,127,0,0,3,60,39.0,2048.0,34259.31600000001,36056.8446,36067.6927,223,545,0,38,0.2353583747437853,0.35115665171292476,0.42181617527783,0,10408.778300000014,6410.718899999991,60,0,640.0,0,0,0,0.0,0,0.0,42621.816,0.0,0,0,0,1.5,0,0.0,0,0,0.0,0,0.0,0,0,3563.912800000007,256.0,8588.1617,2,0.0,0.0,NaN,5120.0,NaN,NaN,0,0,0.0,0,0.0,NaN,0,NaN,0,0,0,0.0,0.0,0.0,0.0,0.0,0.0,0.0,0.0,0,0,0,0,127,0.0,0,0,0.0,0,0.0,0.0,0.0,0.0,0.0,0.0,0.0,0.0,0.0,0.0,0.7884101242619792,474,31397.700300000004,38,11224.115700000002,4,56494.3446,4,36067.6927,2,525.2314,9354.3682,37.5,0,0,538,538,5 + government bonds,sumsy,5,7.275957614183426e-11
101,512,4,4,125155.56489999995,0.0,0.0,0.0,0.0,,0.0,0.0,0.0,0.0,0.0,0.0,0.0025,9533.2118,0.0,0.0,1.0,666.0037999999998,0.0,0.0,0.0,1.0,0.0,0.0,1.0,0.0,0,0,21.266818902690172,3.0980916334103066,24.364910536100478,10.670217198077992,3.0960535028111096,13.766270700889102,3461.779400000001,3450.4156999999955,3461.779400000001,0.0,0,0,0.0,0.0,0.0,1.0,1.0,0.0,0.0,0.0,0.0,0.5,0.25,0.0,-556.035693664661,0.0,0,2560.0,2256.0497,0.0,1033.6321000000007,0.0,0.0,0.0,0.0,0.0,0,525.0974,2560.0,2256.0497,1033.6321000000007,271.0,0.0,0.0,0.015,5.930088888888888,6.371126432532349,5.5387804687500015,NaN,5.344122623164914,26.129751500799706,1082.0,1089.0,541.0,2044.0,1544.0,204.0,124,0,0,2,57,49.0,2048.0,34228.39829999999,36117.4223,36191.8723,223,545,0,38,0.23674290245596774,0.3517314150645585,0.42106562067849684,0,10422.287500000011,6457.866799999999,57,0,640.0,0,0,0,0.0,0,0.0,42590.89829999996,0.0,0,0,0,1.5,0,0.0,0,0,0.0,0,0.0,0,0,3544.819500000001,256.0,8559.5628,2,0.0,0.0,NaN,5120.0,NaN,NaN,0,0,0.0,0,0.0,NaN,0,NaN,0,0,0,0.0,0.0,0.0,0.0,0.0,0.0,0.0,0.0,0,0,0,0,124,0.0,0,0,0.0,0,0.0,0.0,0.0,0.0,0.0,0.0,0.0,0.0,0.0,0.0,0.7888833341697963,474,31421.128899999996,38,11169.769400000001,4,56554.9223,4,36191.8723,2,525.0974,9533.2118,37.5,0,0,541,541,5 + government bonds,sumsy,5,7.275957614183426e-11
102,512,4,4,125453.30190000022,0.0,0.0,0.0,0.0,,0.0,0.0,0.0,0.0,0.0,0.0,0.0025,9710.4108,0.0,0.0,1.0,665.3562000000001,0.0,0.0,0.0,1.0,0.0,0.0,1.0,0.0,0,0,20.92136562667667,3.08054767996071,24.001913306637384,10.690177852264666,3.0579885828734734,13.74816643513814,3440.3711000000067,3461.7793999999853,3440.3711000000067,0.0,0,0,0.0,0.0,0.0,1.0,1.0,0.0,0.0,0.0,0.0,0.5,0.25,0.0,-556.035693664661,0.0,0,2560.0,2262.262999999999,0.0,1034.9395999999992,0.0,0.0,0.0,0.0,0.0,0,525.058,2560.0,2262.262999999999,1034.9395999999992,271.0,0.0,0.0,0.015,5.928477892756349,6.355048423005578,5.541128749999997,NaN,5.332698554112508,26.235030463162143,1078.0,1063.0,539.0,2045.3333333333335,1540.0,204.0,127,0,0,2,57,33.0,2048.0,34310.17949999998,36199.3061,36157.8965,223,545,0,38,0.23473831524097166,0.34641579836355607,0.4214117961018131,0,10381.502600000022,6301.971999999999,57,0,640.0,0,0,0,0.0,0,0.0,42672.679500000006,0.0,0,0,0,1.5,0,0.0,0,0,0.0,0,0.0,0,0,3546.322399999998,256.0,8550.451000000001,2,0.0,0.0,NaN,5120.0,NaN,NaN,0,0,0.0,0,0.0,NaN,0,NaN,0,0,0,0.0,0.0,0.0,0.0,0.0,0.0,0.0,0.0,0,0,0,0,127,0.0,0,0,0.0,0,0.0,0.0,0.0,0.0,0.0,0.0,0.0,0.0,0.0,0.0,0.7871350680090368,474,31628.643800000005,38,11044.0357,4,56636.806099999994,4,36157.8965,2,525.058,9710.4108,37.5,0,0,539,539,5 + government bonds,sumsy,5,7.275957614183426e-11
103,512,4,4,125745.16340000014,0.0,0.0,0.0,0.0,,0.0,0.0,0.0,0.0,0.0,0.0,0.0025,9885.3893,0.0,0.0,1.0,665.1777000000001,0.0,0.0,0.0,1.0,0.0,0.0,1.0,0.0,0,0,20.858330123942658,3.0158754580561236,23.874205581998783,10.580764335416305,3.0075413081405475,13.588305643556852,3412.6698000000088,3440.3710999999907,3412.6698000000088,0.0,0,0,0.0,0.0,0.0,1.0,1.0,0.0,0.0,0.0,0.0,0.5,0.25,0.0,-556.035693664661,0.0,0,2560.0,2268.1384999999987,0.0,1036.0986,0.0,0.0,0.0,0.0,0.0,0,525.0154,2560.0,2268.1384999999987,1036.0986,271.0,0.0,0.0,0.015,5.893369784845658,6.291981111111127,5.5344532812499985,NaN,5.320625888175879,26.25154920934751,1080.0,1069.0,540.0,2045.3333333333333,1542.0,204.0,126,0,0,0,50,28.0,2048.0,34387.97640000002,36257.1326,36150.790700000005,223,545,0,38,0.23307390032942954,0.3452705510010996,0.4215045174506249,0,10372.04229999999,6300.012300000008,50,0,640.0,0,0,0,0.0,0,0.0,42750.4764,0.0,0,0,0,1.5,0,0.0,0,0,0.0,0,0.0,0,0,3542.050099999999,256.0,8538.859,2,0.0,0.0,NaN,5120.0,NaN,NaN,0,0,0.0,0,0.0,NaN,0,NaN,0,0,0,0.0,0.0,0.0,0.0,0.0,0.0,0.0,0.0,0,0,0,0,126,0.0,0,0,0.0,0,0.0,0.0,0.0,0.0,0.0,0.0,0.0,0.0,0.0,0.0,0.7866172511358902,474,31724.26810000003,38,11026.2083,4,56694.6326,4,36150.790700000005,2,525.0154,9885.3893,37.5,0,0,540,540,5 + government bonds,sumsy,5,7.275957614183426e-11
104,512,4,4,126031.02879999994,0.0,0.0,0.0,0.0,,0.0,0.0,0.0,0.0,0.0,0.0,0.0025,10061.9148,0.0,0.0,1.0,661.2354000000001,0.0,0.0,0.0,1.0,0.0,0.0,1.0,0.0,0,0,20.81268751214166,3.0742821227912334,23.886969634932896,10.851994862414,3.0684801557497576,13.920475018163758,3393.966600000006,3412.6697999999974,3393.966600000006,0.0,0,0,0.0,0.0,0.0,1.0,1.0,0.0,0.0,0.0,0.0,0.5,0.25,0.0,-556.035693664661,0.0,0,2560.0,2274.134599999999,0.0,1037.2984999999994,0.0,0.0,0.0,0.0,0.0,0,524.9896,2560.0,2274.134599999999,1037.2984999999994,271.0,0.0,0.0,0.015,5.833704351851859,6.292302793296101,5.526903749999994,NaN,5.314131764231598,26.447143304475752,1074.0,1080.0,537.0,2048.0,1536.0,204.0,128,0,0,1,49,36.0,2048.0,34426.89200000001,36306.135299999994,36183.202600000004,223,545,0,38,0.23462651369358634,0.3442866924254999,0.424016820790895,0,10329.19179999999,6300.400700000007,49,0,640.0,0,0,0,0.0,0,0.0,42789.39199999997,0.0,0,0,0,1.5,0,0.0,0,0,0.0,0,0.0,0,0,3537.2183999999957,256.0,8527.894499999999,2,0.0,0.0,NaN,5120.0,NaN,NaN,0,0,0.0,0,0.0,NaN,0,NaN,0,0,0,0.0,0.0,0.0,0.0,0.0,0.0,0.0,0.0,0,0,0,0,128,0.0,0,0,0.0,0,0.0,0.0,0.0,0.0,0.0,0.0,0.0,0.0,0.0,0.0,0.7862945647592074,474,31911.047200000005,38,10878.344799999999,4,56743.6353,4,36183.202600000004,2,524.9896,10061.9148,37.5,0,0,537,537,5 + government bonds,sumsy,5,7.275957614183426e-11
105,512,4,4,126311.10839999991,0.0,0.0,0.0,0.0,,0.0,0.0,0.0,0.0,0.0,0.0,0.0025,10242.5352,0.0,0.0,1.0,654.5391000000001,0.0,0.0,0.0,1.0,0.0,0.0,1.0,0.0,0,0,21.135670494175145,3.1209554469056098,24.256625941080756,11.129979492928952,3.0921792939670123,14.222158786895964,3402.060200000001,3393.9666000000043,3402.060200000001,0.0,0,0,0.0,0.0,0.0,1.0,1.0,0.0,0.0,0.0,0.0,0.5,0.25,0.0,-556.035693664661,0.0,0,2560.0,2279.9204000000027,0.0,1038.3602000000008,0.0,0.0,0.0,0.0,0.0,0,524.9826,2560.0,2279.9204000000027,1038.3602000000008,271.0,0.0,0.0,0.015,5.833536098020734,6.319142164179106,5.520695468750004,NaN,5.297654299181501,26.537806830003944,1072.0,1061.0,536.0,2046.6666666666665,1534.0,204.0,128,0,0,1,49,25.0,2048.0,34541.24809999999,36348.998100000004,36133.917799999996,223,545,0,38,0.24037997927871801,0.3477214558278816,0.42525663979466377,0,10290.855299999997,6189.381799999999,49,0,640.0,0,0,0,0.0,0,0.0,42903.74809999998,0.0,0,0,0,1.5,0,0.0,0,0,0.0,0,0.0,0,0,3533.2451000000024,256.0,8519.426599999999,2,0.0,0.0,NaN,5120.0,NaN,NaN,0,0,0.0,0,0.0,NaN,0,NaN,0,0,0,0.0,0.0,0.0,0.0,0.0,0.0,0.0,0.0,0,0,0,0,128,0.0,0,0,0.0,0,0.0,0.0,0.0,0.0,0.0,0.0,0.0,0.0,0.0,0.0,0.7869053864040938,474,32012.937700000006,38,10890.810399999997,4,56786.498100000004,4,36133.917799999996,2,524.9826,10242.5352,37.5,0,0,536,536,5 + government bonds,sumsy,5,7.275957614183426e-11
106,512,4,4,126585.81740000015,0.0,0.0,0.0,0.0,,0.0,0.0,0.0,0.0,0.0,0.0,0.0025,10420.4206,0.0,0.0,1.0,654.5237999999998,0.0,0.0,0.0,1.0,0.0,0.0,1.0,0.0,0,0,20.765489627197773,3.185368605399173,23.950858232596946,10.763156800691322,3.148736601404278,13.9118934020956,3397.3486000000125,3402.060200000008,3397.3486000000125,0.0,0,0,0.0,0.0,0.0,1.0,1.0,0.0,0.0,0.0,0.0,0.5,0.25,0.0,-556.035693664661,0.0,0,2560.0,2285.2909999999965,0.0,1039.233099999999,0.0,0.0,0.0,0.0,0.0,0,524.9668,2560.0,2285.2909999999965,1039.233099999999,271.0,0.0,0.0,0.015,5.807673370577287,6.310351865671665,5.568061406249999,NaN,5.288872653323322,26.568991111137354,1072.0,1074.0,536.0,2046.6666666666667,1533.9999999999998,204.0,128,0,0,1,47,29.0,2048.0,34563.45059999997,36402.7412,36131.1128,223,545,0,38,0.23601938118602162,0.34310289159655016,0.4254297987215976,0,10277.17889999999,6237.441200000007,47,0,640.0,0,0,0,0.0,0,0.0,42925.950600000004,0.0,0,0,0,1.5,0,0.0,0,0,0.0,0,0.0,0,0,3563.5592999999994,256.0,8543.1254,2,0.0,0.0,NaN,5120.0,NaN,NaN,0,0,0.0,0,0.0,NaN,0,NaN,0,0,0,0.0,0.0,0.0,0.0,0.0,0.0,0.0,0.0,0,0,0,0,128,0.0,0,0,0.0,0,0.0,0.0,0.0,0.0,0.0,0.0,0.0,0.0,0.0,0.0,0.7855913653483806,474,32070.16399999997,38,10855.786600000001,4,56840.2412,4,36131.1128,2,524.9668,10420.4206,37.5,0,0,536,536,5 + government bonds,sumsy,5,7.275957614183426e-11
107,512,4,4,126854.59769999995,0.0,0.0,0.0,0.0,,0.0,0.0,0.0,0.0,0.0,0.0,0.0025,10598.7285,0.0,0.0,1.0,651.6218999999999,0.0,0.0,0.0,1.0,0.0,0.0,1.0,0.0,0,0,20.970582259993158,3.1089939837358083,24.079576243728965,10.752800131076363,3.0904775748332756,13.843277705909639,3366.6389000000067,3397.348600000005,3366.6389000000067,0.0,0,0,0.0,0.0,0.0,1.0,1.0,0.0,0.0,0.0,0.0,0.5,0.25,0.0,-556.035693664661,0.0,0,2560.0,2291.2197,0.0,1040.3827999999994,0.0,0.0,0.0,0.0,0.0,0,524.9396,2560.0,2291.2197,1040.3827999999994,271.0,0.0,0.0,0.015,5.797767502321261,6.264745607476648,5.6068434374999985,NaN,5.297278558863438,26.69673907324841,1070.0,1077.0,535.0,2046.6666666666667,1532.0,204.0,128,0,0,1,51,32.0,2048.0,34555.95859999997,36459.8904,36138.8842,223,545,0,38,0.23350648751021308,0.34456525005609717,0.42637601086908994,0,10279.19909999999,6244.195599999998,51,0,640.0,0,0,0,0.0,0,0.0,42918.45860000001,0.0,0,0,0,1.5,0,0.0,0,0,0.0,0,0.0,0,0,3588.3797999999992,256.0,8576.1964,2,0.0,0.0,NaN,5120.0,NaN,NaN,0,0,0.0,0,0.0,NaN,0,NaN,0,0,0,0.0,0.0,0.0,0.0,0.0,0.0,0.0,0.0,0,0,0,0,128,0.0,0,0,0.0,0,0.0,0.0,0.0,0.0,0.0,0.0,0.0,0.0,0.0,0.0,0.7861791910491007,474,31982.416099999962,38,10936.042499999998,4,56897.3904,4,36138.8842,2,524.9396,10598.7285,37.5,0,0,535,535,5 + government bonds,sumsy,5,7.275957614183426e-11
108,512,4,4,127118.39049999996,0.0,0.0,0.0,0.0,,0.0,0.0,0.0,0.0,0.0,0.0,0.0025,10775.2506,0.0,0.0,1.0,650.5101000000002,0.0,0.0,0.0,1.0,0.0,0.0,1.0,0.0,0,0,21.047868509794174,3.1738827585545777,24.221751268348754,10.772340637250942,3.160100746438916,13.932441383689858,3397.0513999999966,3366.6388999999886,3397.0513999999966,0.0,0,0,0.0,0.0,0.0,1.0,1.0,0.0,0.0,0.0,0.0,0.5,0.25,0.0,-556.035693664661,0.0,0,2560.0,2296.207200000002,0.0,1041.0799000000004,0.0,0.0,0.0,0.0,0.0,0,524.9142,2560.0,2296.207200000002,1041.0799000000004,271.0,0.0,0.0,0.015,5.810435760971049,6.298047299813774,5.679165,NaN,5.3026394620836586,26.67220277513249,1074.0,1071.0,537.0,2046.6666666666667,1536.0,204.0,128,0,0,2,53,28.0,2048.0,34553.50780000004,36476.704099999995,36152.4347,223,545,0,38,0.23016116042357737,0.34168807790193045,0.4263436130312437,0,10309.079400000013,6222.976699999994,53,0,640.0,0,0,0,0.0,0,0.0,42916.00780000006,0.0,0,0,0,1.5,0,0.0,0,0,0.0,0,0.0,0,0,3634.6656000000003,256.0,8635.579099999999,2,0.0,0.0,NaN,5120.0,NaN,NaN,0,0,0.0,0,0.0,NaN,0,NaN,0,0,0,0.0,0.0,0.0,0.0,0.0,0.0,0.0,0.0,0,0,0,0,128,0.0,0,0,0.0,0,0.0,0.0,0.0,0.0,0.0,0.0,0.0,0.0,0.0,0.0,0.7854628785744162,474,32095.032600000017,38,10820.975199999995,4,56914.204099999995,4,36152.4347,2,524.9142,10775.2506,37.5,0,0,537,537,5 + government bonds,sumsy,5,7.275957614183426e-11
109,512,4,4,127376.38089999984,0.0,0.0,0.0,0.0,,0.0,0.0,0.0,0.0,0.0,0.0,0.0025,10947.9732,0.0,0.0,1.0,651.9330000000003,0.0,0.0,0.0,1.0,0.0,0.0,1.0,0.0,0,0,20.57003882884539,3.032207866052273,23.602246694897666,10.950583970529742,2.9942864079822153,13.944870378511958,3402.0402999999815,3397.05140000001,3402.0402999999815,0.0,0,0,0.0,0.0,0.0,1.0,1.0,0.0,0.0,0.0,0.0,0.5,0.25,0.0,-556.035693664661,0.0,0,2560.0,2302.009600000001,0.0,1042.2210000000007,0.0,0.0,0.0,0.0,0.0,0,524.912,2560.0,2302.009600000001,1042.2210000000007,271.0,0.0,0.0,0.015,5.814586641929498,6.3073376163873025,5.748347343749997,NaN,5.319812950768863,26.71927374414828,1074.0,1078.0,537.0,2045.3333333333335,1535.9999999999998,204.0,127,0,0,1,52,31.0,2048.0,34489.21259999998,36519.492399999996,36186.163499999995,223,545,0,38,0.2443887210751554,0.3454481061667505,0.44429024692242636,0,10336.258599999996,6268.124399999999,52,0,640.0,0,0,0,0.0,0,0.0,42851.71260000002,0.0,0,0,0,1.5,0,0.0,0,0,0.0,0,0.0,0,0,3678.9422999999983,256.0,8708.627199999999,2,0.0,0.0,NaN,5120.0,NaN,NaN,0,0,0.0,0,0.0,NaN,0,NaN,0,0,0,0.0,0.0,0.0,0.0,0.0,0.0,0.0,0.0,0,0,0,0,127,0.0,0,0,0.0,0,0.0,0.0,0.0,0.0,0.0,0.0,0.0,0.0,0.0,0.0,0.7869406191701072,474,32267.037699999986,38,10584.674899999996,4,56956.992399999996,4,36186.163499999995,2,524.912,10947.9732,37.5,0,0,537,537,5 + government bonds,sumsy,5,7.275957614183426e-11
110,512,4,4,127629.54400000034,0.0,0.0,0.0,0.0,,0.0,0.0,0.0,0.0,0.0,0.0,0.0025,11117.4505,0.0,0.0,1.0,652.3971000000001,0.0,0.0,0.0,1.0,0.0,0.0,1.0,0.0,0,0,20.34736178597134,3.089247973444816,23.436609759416157,10.651520737427061,3.051998179056874,13.703518916483937,3401.151899999999,3402.0402999999947,3401.151899999999,0.0,0,0,0.0,0.0,0.0,1.0,1.0,0.0,0.0,0.0,0.0,0.5,0.25,0.0,-556.035693664661,0.0,0,2560.0,2306.8369,0.0,1042.9042999999988,0.0,0.0,0.0,0.0,0.0,0,524.9194,2560.0,2306.8369,1042.9042999999988,271.0,0.0,0.0,0.015,5.836965526802218,6.2822855287569555,5.853117834394907,NaN,5.347181442353522,26.699263872729254,1078.0,1082.0,539.0,2046.6666666666667,1540.0,204.0,127,0,0,1,55,35.0,2048.0,34445.93529999999,36552.803199999995,36246.3956,223,545,0,38,0.23503525369485878,0.3389848101248889,0.4262719156373804,0,10400.93869999999,6315.5967,55,0,628.0,0,0,0,0.0,0,0.0,42808.43529999997,0.0,0,0,0,1.5,0,0.0,0,0,0.0,0,0.0,0,0,3675.7580000000016,256.0,8742.04,2,0.0,0.0,NaN,5120.0,NaN,NaN,0,0,0.0,0,0.0,NaN,0,NaN,0,0,0,0.0,0.0,0.0,0.0,0.0,0.0,0.0,0.0,0,0,0,0,127,0.0,0,0,0.0,0,0.0,0.0,0.0,0.0,0.0,0.0,0.0,0.0,0.0,0.0,0.7853852691767171,474,32228.213,38,10580.2223,4,56990.303199999995,4,36246.3956,2,524.9194,11117.4505,37.5,0,0,539,539,5 + government bonds,sumsy,5,7.275957614183426e-11
111,512,4,4,127877.57809999991,0.0,0.0,0.0,0.0,,0.0,0.0,0.0,0.0,0.0,0.0,0.0025,11281.9268,0.0,0.0,1.0,654.9063000000002,0.0,0.0,0.0,1.0,0.0,0.0,1.0,0.0,0,0,20.48480187246319,3.102361387511725,23.587163259974915,10.56485964932734,3.0813146605705186,13.646174309897859,3447.8745000000004,3401.15189999999,3447.8745000000004,0.0,0,0,0.0,0.0,0.0,1.0,1.0,0.0,0.0,0.0,0.0,0.5,0.25,0.0,-556.035693664661,0.0,0,2560.0,2311.965899999999,0.0,1043.7820000000006,0.0,0.0,0.0,0.0,0.0,0,524.9454,2560.0,2311.965899999999,1043.7820000000006,271.0,0.0,0.0,0.015,5.889446869244935,6.380807620817844,5.936918125000007,NaN,5.379726223736842,26.77802451021979,1076.0,1086.0,538.0,2046.6666666666667,1538.0000000000002,204.0,127,0,0,3,61,39.0,2048.0,34243.99590000003,36578.22349999999,36367.217300000004,223,545,0,38,0.22747808563532557,0.33761435317876387,0.42693453302714324,0,10444.42330000001,6395.939299999999,61,0,640.0,0,0,0,0.0,0,0.0,42606.49589999997,0.0,0,0,0,1.5,0,0.0,0,0,0.0,0,0.0,0,0,3799.6276000000043,256.0,8881.269199999999,2,0.0,0.0,NaN,5120.0,NaN,NaN,0,0,0.0,0,0.0,NaN,0,NaN,0,0,0,0.0,0.0,0.0,0.0,0.0,0.0,0.0,0.0,0,0,0,0,127,0.0,0,0,0.0,0,0.0,0.0,0.0,0.0,0.0,0.0,0.0,0.0,0.0,0.0,0.7860278709612187,474,31942.185600000023,38,10664.310300000001,4,57015.7235,4,36367.217300000004,2,524.9454,11281.9268,37.5,0,0,538,538,5 + government bonds,sumsy,5,7.275957614183426e-11
112,512,4,4,128120.56780000005,0.0,0.0,0.0,0.0,,0.0,0.0,0.0,0.0,0.0,0.0,0.0025,11438.2258,0.0,0.0,1.0,660.7968000000001,0.0,0.0,0.0,1.0,0.0,0.0,1.0,0.0,0,0,20.215536714236244,3.068923643658793,23.284460357895036,10.443021219637243,3.0314661495228608,13.474487369160105,3463.1247000000058,3447.8745000000035,3463.1247000000058,0.0,0,0,0.0,0.0,0.0,1.0,1.0,0.0,0.0,0.0,0.0,0.5,0.25,0.0,-556.035693664661,0.0,0,2560.0,2317.0103000000004,0.0,1044.702300000001,0.0,0.0,0.0,0.0,0.0,0,524.9858,2560.0,2317.0103000000004,1044.702300000001,271.0,0.0,0.0,0.015,5.9335296330275265,6.373613123844742,6.016412656250007,NaN,5.432077356689946,26.720283024639137,1082.0,1090.0,541.0,2044.0,1544.0,204.0,124,0,0,1,60,46.0,2048.0,34038.94800000004,36620.7474,36495.9688,223,545,0,38,0.23048829806896753,0.3415604282731397,0.4260050613109212,0,10561.711900000015,6467.547300000004,60,0,640.0,0,0,0,0.0,0,0.0,42401.44800000002,0.0,0,0,0,1.5,0,0.0,0,0,0.0,0,0.0,0,0,3850.5041000000047,256.0,9001.692,2,0.0,0.0,NaN,5120.0,NaN,NaN,0,0,0.0,0,0.0,NaN,0,NaN,0,0,0,0.0,0.0,0.0,0.0,0.0,0.0,0.0,0.0,0,0,0,0,124,0.0,0,0,0.0,0,0.0,0.0,0.0,0.0,0.0,0.0,0.0,0.0,0.0,0.0,0.7882003744251052,474,31692.976700000025,38,10708.471300000003,4,57058.2474,4,36495.9688,2,524.9858,11438.2258,37.5,0,0,541,541,5 + government bonds,sumsy,5,7.275957614183426e-11
113,512,4,4,128358.87369999991,0.0,0.0,0.0,0.0,,0.0,0.0,0.0,0.0,0.0,0.0,0.0025,11587.3571,0.0,0.0,1.0,665.7438000000006,0.0,0.0,0.0,1.0,0.0,0.0,1.0,0.0,0,0,19.550323285371455,3.0958645288160156,22.64618781418747,10.017472446246968,3.0764125947077687,13.093885040954737,3471.7229000000048,3463.124700000007,3471.7229000000048,0.0,0,0,0.0,0.0,0.0,1.0,1.0,0.0,0.0,0.0,0.0,0.5,0.25,0.0,-556.035693664661,0.0,0,2560.0,2321.6940999999993,0.0,1045.5227000000002,0.0,0.0,0.0,0.0,0.0,0,525.047,2560.0,2321.6940999999993,1045.5227000000002,271.0,0.0,0.0,0.015,6.003960356138708,6.389506284658049,6.110600937499999,NaN,5.496332658565919,26.80516152512272,1082.0,1067.0,541.0,2046.6666666666665,1544.0,204.0,125,0,0,3,56,36.0,2048.0,33937.582200000026,36657.266800000005,36527.7123,223,545,0,38,0.22999399069871673,0.33780707953402667,0.4259844204090073,0,10663.2092,6406.225700000002,56,0,640.0,0,0,0,0.0,0,0.0,42300.08220000002,0.0,0,0,0,1.5,0,0.0,0,0,0.0,0,0.0,0,0,3910.7845999999995,256.0,9123.9083,2,0.0,0.0,NaN,5120.0,NaN,NaN,0,0,0.0,0,0.0,NaN,0,NaN,0,0,0,0.0,0.0,0.0,0.0,0.0,0.0,0.0,0.0,0,0,0,0,125,0.0,0,0,0.0,0,0.0,0.0,0.0,0.0,0.0,0.0,0.0,0.0,0.0,0.0,0.7877003568256131,474,31713.71930000003,38,10586.3629,4,57094.766800000005,4,36527.7123,2,525.047,11587.3571,37.5,0,0,541,541,5 + government bonds,sumsy,5,7.275957614183426e-11
114,512,4,4,128592.20859999998,0.0,0.0,0.0,0.0,,0.0,0.0,0.0,0.0,0.0,0.0,0.0025,11726.7986,0.0,0.0,1.0,673.6437000000005,0.0,0.0,0.0,1.0,0.0,0.0,1.0,0.0,0,0,19.717995736737223,2.970931165949288,22.68892690268651,9.707848616238858,2.970931165949288,12.678779782188146,3510.6662000000024,3471.7228999999975,3510.6662000000024,0.0,0,0,0.0,0.0,0.0,1.0,1.0,0.0,0.0,0.0,0.0,0.5,0.25,0.0,-556.035693664661,0.0,0,2560.0,2326.6650999999965,0.0,1046.5835000000004,0.0,0.0,0.0,0.0,0.0,0,525.144,2560.0,2326.6650999999965,1046.5835000000004,271.0,0.0,0.0,0.015,6.044844846796659,6.47345592592593,6.2072432300163145,NaN,5.5695295408293335,26.913273963939353,1080.0,1077.0,540.0,2044.0,1542.0,204.0,125,0,0,0,55,34.0,2048.0,33939.428799999965,36679.0192,36632.577000000005,223,545,0,38,0.22810754104520736,0.3423379003542768,0.4300995219475672,0,10764.861300000022,6510.297900000001,55,0,613.0,0,0,0,0.0,0,0.0,42301.92879999998,0.0,0,0,0,1.5,0,0.0,0,0,0.0,0,0.0,0,0,3805.0401000000006,256.0,9089.241000000002,2,0.0,0.0,NaN,5120.0,NaN,NaN,0,0,0.0,0,0.0,NaN,0,NaN,0,0,0,0.0,0.0,0.0,0.0,0.0,0.0,0.0,0.0,0,0,0,0,125,0.0,0,0,0.0,0,0.0,0.0,0.0,0.0,0.0,0.0,0.0,0.0,0.0,0.0,0.7891159667642407,474,31547.60459999997,38,10754.324199999995,4,57116.5192,4,36632.577000000005,2,525.144,11726.7986,37.5,0,0,540,540,5 + government bonds,sumsy,5,7.275957614183426e-11
115,512,4,4,128820.80380000004,0.0,0.0,0.0,0.0,,0.0,0.0,0.0,0.0,0.0,0.0,0.0025,11859.9435,0.0,0.0,1.0,678.2337000000006,0.0,0.0,0.0,1.0,0.0,0.0,1.0,0.0,0,0,19.41190905727804,3.01296677222712,22.42487582950516,9.709216261101371,2.9785378245314456,12.687754085632816,3517.7547000000095,3510.6662000000024,3517.7547000000095,0.0,0,0,0.0,0.0,0.0,1.0,1.0,0.0,0.0,0.0,0.0,0.5,0.25,0.0,-556.035693664661,0.0,0,2560.0,2331.404799999999,0.0,1047.5946000000001,0.0,0.0,0.0,0.0,0.0,0,525.296,2560.0,2331.404799999999,1047.5946000000001,271.0,0.0,0.0,0.015,6.063508100558654,6.498617254174414,6.27577674023769,NaN,5.583114475201695,26.891251327175972,1078.0,1074.0,539.0,2048.0,1540.0,204.0,127,0,0,1,52,33.0,2048.0,34054.129199999974,36717.547099999996,36693.8076,223,545,0,38,0.22712952963324118,0.34029972569438893,0.42671033292651295,0,10772.22680000002,6512.2076999999945,52,0,589.0,0,0,0,0.0,0,0.0,42416.62919999998,0.0,0,0,0,1.5,0,0.0,0,0,0.0,0,0.0,0,0,3696.4324999999994,256.0,8970.0804,2,0.0,0.0,NaN,5120.0,NaN,NaN,0,0,0.0,0,0.0,NaN,0,NaN,0,0,0,0.0,0.0,0.0,0.0,0.0,0.0,0.0,0.0,0,0,0,0,127,0.0,0,0,0.0,0,0.0,0.0,0.0,0.0,0.0,0.0,0.0,0.0,0.0,0.0,0.7881552059898207,474,31653.938399999988,38,10762.690799999997,4,57155.047099999996,4,36693.8076,2,525.296,11859.9435,37.5,0,0,539,539,5 + government bonds,sumsy,5,7.275957614183426e-11
116,512,4,4,129045.10959999995,0.0,0.0,0.0,0.0,,0.0,0.0,0.0,0.0,0.0,0.0,0.0025,11989.1958,0.0,0.0,1.0,680.3246999999998,0.0,0.0,0.0,1.0,0.0,0.0,1.0,0.0,0,0,19.337378952419595,3.130720969769188,22.46809992218878,9.660398556499654,3.116883125247266,12.77728168174692,3518.4939999999974,3517.7546999999986,3518.4939999999974,0.0,0,0,0.0,0.0,0.0,1.0,1.0,0.0,0.0,0.0,0.0,0.5,0.25,0.0,-556.035693664661,0.0,0,2560.0,2335.6942000000004,0.0,1048.4235000000006,0.0,0.0,0.0,0.0,0.0,0,525.5026,2560.0,2335.6942000000004,1048.4235000000006,271.0,0.0,0.0,0.015,6.078647695202262,6.524197392923645,6.313394607843139,NaN,5.597525548317722,26.95216147530322,1074.0,1063.0,537.0,2046.6666666666665,1536.0,204.0,127,0,0,1,50,23.0,2048.0,34052.3762,36764.191100000004,36692.734200000006,223,545,0,38,0.22110861436971052,0.33640730473717895,0.43818144823683425,0,10772.363900000024,6461.6025000000045,50,0,612.0,0,0,0,0.0,0,0.0,42414.876199999955,0.0,0,0,0,1.5,0,0.0,0,0,0.0,0,0.0,0,0,3863.797500000001,256.0,9021.1097,2,0.0,0.0,NaN,5120.0,NaN,NaN,0,0,0.0,0,0.0,NaN,0,NaN,0,0,0,0.0,0.0,0.0,0.0,0.0,0.0,0.0,0.0,0,0,0,0,127,0.0,0,0,0.0,0,0.0,0.0,0.0,0.0,0.0,0.0,0.0,0.0,0.0,0.0,0.7871763053318026,474,31675.461899999988,38,10739.414299999999,4,57201.691100000004,4,36692.734200000006,2,525.5026,11989.1958,37.5,0,0,537,537,5 + government bonds,sumsy,5,7.275957614183426e-11
117,512,4,4,129264.79779999993,0.0,0.0,0.0,0.0,,0.0,0.0,0.0,0.0,0.0,0.0,0.0025,12115.2263,0.0,0.0,1.0,682.0230000000004,0.0,0.0,0.0,1.0,0.0,0.0,1.0,0.0,0,0,19.247520976080324,3.0431170224110673,22.29063799849139,9.480355994826171,3.030077486469446,12.510433481295617,3536.646099999982,3518.4939999999856,3536.646099999982,0.0,0,0,0.0,0.0,0.0,1.0,1.0,0.0,0.0,0.0,0.0,0.5,0.25,0.0,-556.035693664661,0.0,0,2560.0,2340.3117999999995,0.0,1049.4557000000004,0.0,0.0,0.0,0.0,0.0,0,525.6218,2560.0,2340.3117999999995,1049.4557000000004,271.0,0.0,0.0,0.015,6.063797928436911,6.558000186219706,6.296066611842114,NaN,5.559707316450777,26.87858886251434,1074.0,1062.0,537.0,2046.6666666666667,1536.0,204.0,127,0,0,2,43,20.0,2048.0,34050.0465,36804.4232,36674.9464,223,545,0,38,0.22376626917404674,0.3360355103598669,0.4254774753127639,0,10714.191699999996,6439.753399999999,43,0,608.0,0,0,0,0.0,0,0.0,42412.54649999995,0.0,0,0,0,1.5,0,0.0,0,0,0.0,0,0.0,0,0,3828.008500000005,256.0,9094.533599999999,2,0.0,0.0,NaN,5120.0,NaN,NaN,0,0,0.0,0,0.0,NaN,0,NaN,0,0,0,0.0,0.0,0.0,0.0,0.0,0.0,0.0,0.0,0,0,0,0,127,0.0,0,0,0.0,0,0.0,0.0,0.0,0.0,0.0,0.0,0.0,0.0,0.0,0.0,0.7872033958537945,474,31796.673000000006,38,10615.873500000002,4,57241.9232,4,36674.9464,2,525.6218,12115.2263,37.5,0,0,537,537,5 + government bonds,sumsy,5,7.275957614183426e-11
118,512,4,4,129480.07559999997,0.0,0.0,0.0,0.0,,0.0,0.0,0.0,0.0,0.0,0.0,0.0025,12241.2321,0.0,0.0,1.0,680.3604000000003,0.0,0.0,0.0,1.0,0.0,0.0,1.0,0.0,0,0,19.117678973637133,3.1088666604933706,22.226545634130503,9.074788114968356,3.0933919868276143,12.16818010179597,3502.390799999971,3536.6460999999927,3502.390799999971,0.0,0,0,0.0,0.0,0.0,1.0,1.0,0.0,0.0,0.0,0.0,0.5,0.25,0.0,-556.035693664661,0.0,0,2560.0,2344.7222000000047,0.0,1050.3625000000013,0.0,0.0,0.0,0.0,0.0,0,525.7148,2560.0,2344.7222000000047,1050.3625000000013,271.0,0.0,0.0,0.015,6.031078328741962,6.542947091932404,6.235336544850503,NaN,5.575746353122101,27.152992428272007,1066.0,1089.0,533.0,2045.3333333333335,1528.0,204.0,129,0,0,2,51,36.0,2048.0,33976.31380000002,36889.4957,36784.784799999994,223,545,0,38,0.21501759690369537,0.33110305266305096,0.4271439986853629,0,10695.770099999994,6567.844299999996,51,0,602.0,0,0,0,0.0,0,0.0,42338.81379999994,0.0,0,0,0,1.5,0,0.0,0,0,0.0,0,0.0,0,0,3753.6726000000026,256.0,9062.5344,2,0.0,0.0,NaN,5120.0,NaN,NaN,0,0,0.0,0,0.0,NaN,0,NaN,0,0,0,0.0,0.0,0.0,0.0,0.0,0.0,0.0,0.0,0,0,0,0,129,0.0,0,0,0.0,0,0.0,0.0,0.0,0.0,0.0,0.0,0.0,0.0,0.0,0.0,0.7862635856764966,474,31677.788100000012,38,10661.025700000004,4,57326.9957,4,36784.784799999994,2,525.7148,12241.2321,37.5,0,0,533,533,5 + government bonds,sumsy,5,7.275957614183426e-11
119,512,4,4,129691.06570000021,0.0,0.0,0.0,0.0,,0.0,0.0,0.0,0.0,0.0,0.0,0.0025,12369.1156,0.0,0.0,1.0,676.6884000000001,0.0,0.0,0.0,1.0,0.0,0.0,1.0,0.0,0,0,19.315394284831388,3.049603413567346,22.364997698398735,9.316071650964155,3.0454273320878906,12.361498983052046,3554.7619999999874,3502.390799999986,3554.7619999999874,0.0,0,0,0.0,0.0,0.0,1.0,1.0,0.0,0.0,0.0,0.0,0.5,0.25,0.0,-556.035693664661,0.0,0,2560.0,2349.0099,0.0,1051.1937000000005,0.0,0.0,0.0,0.0,0.0,0,525.7024,2560.0,2349.0099,1051.1937000000005,271.0,0.0,0.0,0.015,6.094197304832714,6.604033582089529,6.177946562500006,NaN,5.582925351033209,27.130390411825022,1072.0,1076.0,536.0,2045.3333333333333,1534.0,204.0,127,0,0,1,47,42.0,2048.0,33763.9662,36926.3916,36902.6733,223,545,0,38,0.22361618567091224,0.3388352690124734,0.445987197985495,0,10744.66579999997,6557.3563,47,0,640.0,0,0,0,0.0,0,0.0,42126.466199999944,0.0,0,0,0,1.5,0,0.0,0,0,0.0,0,0.0,0,0,3953.885800000004,256.0,9203.2166,2,0.0,0.0,NaN,5120.0,NaN,NaN,0,0,0.0,0,0.0,NaN,0,NaN,0,0,0,0.0,0.0,0.0,0.0,0.0,0.0,0.0,0.0,0,0,0,0,127,0.0,0,0,0.0,0,0.0,0.0,0.0,0.0,0.0,0.0,0.0,0.0,0.0,0.0,0.7895310007845686,474,31421.021700000012,38,10705.444499999998,4,57363.8916,4,36902.6733,2,525.7024,12369.1156,37.5,0,0,536,536,5 + government bonds,sumsy,5,7.275957614183426e-11
120,512,4,4,129897.63080000007,0.0,0.0,0.0,0.0,,0.0,0.0,0.0,0.0,0.0,0.0,0.0025,12488.4636,0.0,0.0,1.0,683.7671999999995,0.0,0.0,0.0,1.0,0.0,0.0,1.0,0.0,0,0,19.163803398192353,3.018848088125357,22.18265148631771,9.404472309826996,2.9917910093629367,12.396263319189933,3566.4977000000035,3554.762000000001,3566.4977000000035,0.0,0,0,0.0,0.0,0.0,1.0,1.0,0.0,0.0,0.0,0.0,0.5,0.25,0.0,-556.035693664661,0.0,0,2560.0,2353.4349,0.0,1052.183499999998,0.0,0.0,0.0,0.0,0.0,0,525.6968,2560.0,2353.4349,1052.183499999998,271.0,0.0,0.0,0.015,6.146121254681645,6.650744756554314,6.09437822445561,NaN,5.633403553988357,27.301408909175468,1068.0,1068.0,534.0,2046.6666666666667,1530.0,204.0,129,0,0,2,52,36.0,2048.0,33910.55210000001,37011.2652,36965.5591,223,545,0,38,0.22424201156580192,0.3379710389561852,0.43665785815571323,0,10796.360099999987,6564.057499999996,52,0,597.0,0,0,0,0.0,0,0.0,42273.052099999986,0.0,0,0,0,1.5,0,0.0,0,0,0.0,0,0.0,0,0,3638.3437999999996,256.0,8996.094000000001,2,0.0,0.0,NaN,5120.0,NaN,NaN,0,0,0.0,0,0.0,NaN,0,NaN,0,0,0,0.0,0.0,0.0,0.0,0.0,0.0,0.0,0.0,0,0,0,0,129,0.0,0,0,0.0,0,0.0,0.0,0.0,0.0,0.0,0.0,0.0,0.0,0.0,0.0,0.7887548711219208,474,31630.617499999982,38,10642.4346,4,57448.7652,4,36965.5591,2,525.6968,12488.4636,37.5,0,0,534,534,5 + government bonds,sumsy,5,7.275957614183426e-11
