round,persons_alive,farms_open,bakeries_open,money_in_circulation,money_in_dead_balances,outstanding_debt,peer_lent,government_debt,termination,government_peer_debt,government_bank_debt,bonds_outstanding,government_arrears,bonds_issued,coupons,bond_rate,government_cash,government_reserve_target,surplus_redistributed,tax_scale,government_outlay,tax_shortfall,tax_policy_step,consumption_tax,consumption_tax_scale,wealth_tax,wealth_tax_base,wealth_tax_scale,clearing_residue,negative_wealth_persons,zero_cash_persons,wealth_gap_meals,wealth_bottom10_meals,wealth_top10_meals,cash_gap_meals,cash_bottom10_meals,cash_top10_meals,invoices_issued,invoices_paid,invoices_open,invoices_overdue,liquidations,refoundings,bad_debt,bank_bailouts,profit_tax,profit_tax_scale,parking_tax_scale,income_tax_accrued,income_tax_charged,wealth_tax_arrears,consumption_tax_rate_now,bracket_top_rate,bracket_bottom_rate,bank_retained_interest,cumulative_interest_paid,cumulative_write_offs,cumulative_credit_refusals,money_created,money_destroyed,credit_demand,tax,enterprise_tax,deposit_interest,buffer_pool,insurance_premiums,insurance_payouts,missed_payments,cash_banks,gi_created,demurrage_destroyed,demurrage_tax,account_fees,fees,trade_arrears,interest_rate,price_bread,price_grain,price_ticket,price_rent,price_wage,wage_bid_producers,bread_baked,bread_sold,grain_harvested,labour_offered,labour_sold,government_labour,unemployed,hungry,without_bread,half_meals,gluttons,bread_stocked,total_capacity,cash_persons,cash_farms,cash_bakeries,land_persons,land_farms,land_banks,landholders,gini_cash_persons,gini_net_wealth_persons,gini_income_persons,persons_below_meal,persons_income,bread_bill,gluttony_attempted,gluttony_refused,tickets_sold,n_greedy,hungry_greedy,hungry_others,cash_greedy,land_greedy,wealth_greedy,wealth_persons,bread_greedy,greedy_loaves,greedy_tickets,ration,tier_multiplier,tier_sold,tier_revenue,n_consumers,n_hoarders,wealth_hoarders,land_hoarders,shares_hoarders,greedy_land,greedy_shares,ticket_revenue,theatre_labour,cash_theatres,theatres_open,dividends,dividend_income_persons,share_price_mean,share_units_per_firm,founders_stake_pct,book_per_unit_mean,share_trades,share_trades_deferred,share_contracts_outstanding,share_seizures,share_volume,founders_stake_mean,outside_holders,forward_value_mean,coop_worker_open,coop_consumer_open,coop_member_open,coop_retained_reserve,coop_buffer_pledged,buffer_pledged_persons,patronage_wages,rebates,membership_capital,reserved_labour,coop_worker_hours,coop_members_worker,coop_members_consumer,worker_members,unemployed_members,unemployed_nonmembers,rebate_income_persons,coop_open,forprofit_open,cash_coops,coop_members,coop_capital,founder_capital,founder_debt,reserve_shortfall_owned,reserve_shortfall_coops,reserve_shortfall_forprofit,dividends_coops,dividends_forprofit,founders_cash,cash_forprofit,gini_net_wealth_all,n_workers,wealth_workers,n_landowners,wealth_landowners,n_farms,wealth_farms,n_bakeries,wealth_bakeries,n_banks,wealth_banks,wealth_government,land_price,deaths,closures,production_target_farms,production_target_bakeries,rung,system,seed,identity
1,128,4,4,8241.512800000006,0.0,8272.044399999999,0.0,942.4739999999999,,0.0,0.0,942.4739999999999,0.0,942.4739999999999,0.0,0.00375,26.2448,2925.0009,0.0,0.9588,975.0003,1882.4812333333334,0.02,6.599999999999998,1.02,0.0,0.0,1.02,0.0,4,0,22.30470769230769,-11.31747692307692,10.987230769230768,1.6618461538461538,3.243446153846154,4.905292307692308,301.69920000000064,0.0,301.69920000000064,0.0,0,0,0.0,0.0,11.5832,1.02,1.02,0.0,0.0,0.0,0.0612,0.5,0.25,30.531599999999997,30.531599999999997,0.0,0,1.176,132.3032,1.176,58.77110000000004,0.0,0.0,0.0,0.0,0.0,0,0.0,0.0,0.0,0.0,0.0,810.0,6.664,0.005,5.0,5.199999999999997,NaN,0.75,3.73124324324325,3.9200000000000013,80.0,22.0,40.0,512.0,185.0,51.0,81,0,0,0,14,8.0,512.0,5200.210000000003,885.9704,1160.0223999999998,192,0,0,32,0.047776027314281544,0.6790387478920825,0.07520233400020038,0,1415.5739999999994,110.0,14,0,0.0,0,0,0,0.0,0,0.0,5093.890000000002,0.0,0,0,0,1.5,0,0.0,0,0,0.0,0,0.0,0,0,0.0,52.0,969.0652,4,87.4801,61.23599999999999,NaN,1280.0,100.0,-0.19462828124999995,0,0,0.0,0,0.0,1280.0,0,0.0,0,0,0,0.0,0.0,0.0,0.0,0.0,0.0,0.0,0.0,0,0,0,0,81,0.0,0,12,0.0,0,0.0,2266.32,2266.32,38.583900000000085,0.0,38.583900000000085,0.0,87.4801,243.192,3015.058000000001,0.738075640037225,96,3818.5319999999997,32,1275.3579999999997,4,0.0,4,942.4739999999999,2,29.355600000000255,26.2448,11.25,0,0,40,40,12 + fiscal policy and VAT,debt,1,1.8189894035458565e-12
2,128,4,4,8001.1936000000105,0.0,8059.222,0.0,1293.4162,,0.0,0.0,1293.4162,0.0,350.9422,3.53425,0.00375,0.0,2323.2145500000006,0.0,0.91929744,573.8094000000001,1419.3458000000005,0.02,81.87210000000003,1.0404,0.0,0.0,1.0404,0.0,4,2,22.656084615384618,-11.174303076923078,11.48178153846154,2.3150807692307698,2.1866407692307694,4.501721538461539,878.5460000000031,301.699200000001,878.5460000000031,0.0,0,0,0.0,0.0,82.68970000000002,1.0404,1.0404,0.0,0.0,0.0,0.062424,0.5,0.25,58.028399999999976,71.88860000000001,0.0,0,13.860200000000003,254.17940000000004,0.0,200.1566999999995,0.0,0.0,0.0,0.0,0.0,2,0.0,0.0,0.0,0.0,0.0,410.0,0.0,0.003112813914740656,4.879570656370661,5.506137719298238,1.85,1.119857017543859,3.514683513401783,3.802399999999999,228.0,259.0,114.0,512.0,345.0,51.0,41,0,0,3,8,6.0,512.0,4952.0710000000045,559.7065,1793.8762,192,0,0,32,0.07876335949898583,0.6724833934369379,0.08931700313521307,4,1564.1518999999985,1263.8088000000012,8,0,40.0,0,0,0,0.0,0,0.0,5227.029800000004,0.0,0,0,0,1.5,0,0.0,0,0,0.0,0,0.0,0,0,74.0,64.0,695.5399,4,0.0,0.0,NaN,1280.0,100.0,-0.18578477864583332,0,0,0.0,0,0.0,1280.0,0,0.0,0,0,0,0.0,0.0,0.0,0.0,0.0,0.0,0.0,0.0,0,0,0,0,41,0.0,0,12,0.0,0,0.0,2266.32,2155.328,2254.3464810810856,0.0,2254.3464810810856,0.0,0.0,17.6768,3049.1226,0.7134686056372013,96,3865.1038000000003,32,1361.926,4,0.0,4,942.4739999999999,2,56.91120000000015,0.0,11.25,0,0,114,114,12 + fiscal policy and VAT,debt,1,1.8189894035458565e-12
3,128,4,4,7955.941699999997,0.0,7951.112300000001,0.0,1397.8142,,0.0,0.0,1397.8142,0.0,104.398,4.849930375,0.00375,0.0376,2015.4062718146724,0.0,0.8814223854719999,466.5965718146721,1134.920347876449,0.02,90.93740000000011,1.061208,0.0,0.0,1.061208,0.0,4,0,26.706204732444935,-10.941351386374183,15.76485334607075,3.050701881974062,1.8470209502966184,4.897722832270681,972.0900000000051,878.5460000000026,972.0900000000051,0.0,0,0,0.0,0.0,77.8736,1.061208,1.061208,0.0,0.0,0.0,0.06367247999999999,0.5,0.25,70.48659999999995,108.48519999999995,0.0,0,164.7241,209.97599999999994,140.2109,367.08609999999857,0.0,0.0,0.0,0.0,0.0,20,0.0,0.0,0.0,0.0,0.0,307.83189999999996,0.0,0.008605608042411995,4.85716363636363,5.449787786259546,1.7805117647058857,1.336796062992127,3.485522329629885,3.688327999999999,262.0,275.0,131.0,508.0,379.00000000000006,51.0,31,0,0,1,15,11.0,512.0,4880.104199999997,588.1313,1950.5182,182,4,6,32,0.09972079976284087,0.6832869720325363,0.12646885152444165,4,1593.0585,1335.7199999999982,15,0,68.0,0,0,0,0.0,0,0.0,6292.281557894733,0.0,0,0,0,1.5,0,0.0,0,0,0.0,0,0.0,0,0,121.07480000000022,64.0,537.1504,4,0.1253,0.0876,NaN,1280.0,100.0,-0.182176092379386,0,0,0.0,0,0.0,1280.0,0,0.0,0,0,0,0.0,0.0,0.0,0.0,0.0,0.0,0.0,0.0,0,0,0,0,31,0.0,0,12,0.0,0,0.0,2266.32,2008.8378000000002,2966.7047990426017,0.0,2966.7047990426017,0.0,0.1253,0.5139,3075.7999000000004,0.7052939918751551,96,3794.5145999999995,32,2497.7669578947352,4,0.0,4,942.4739999999999,2,94.89933157894677,0.0376,16.797855263157885,0,0,131,131,12 + fiscal policy and VAT,debt,1,1.8189894035458565e-12
4,128,4,4,7878.592200000003,0.0,7731.1905,0.0,1491.1232000000002,,0.0,0.0,1491.1232000000002,0.0,93.30899999999998,5.241360125,0.00375,0.0,1860.406503632854,0.0,0.8451077831905535,465.135733029133,989.5098524219036,0.02,94.00270000000002,1.08243216,0.0,0.0,1.08243216,0.0,4,0,29.716427737822997,-11.015948687426445,18.700479050396552,2.869056504242026,1.8417808085066218,4.710837312748648,985.6342000000035,972.0900000000051,985.6342000000035,0.0,0,0,0.0,0.0,83.981,1.08243216,1.08243216,0.0,0.0,0.0,0.0649459296,0.5,0.25,109.57610000000001,146.99699999999984,0.0,0,137.8655,215.21500000000015,137.8348,377.03069999999826,0.0,0.0,0.0,0.0,0.0,19,36.2109,0.0,0.0,0.0,0.0,308.1345,0.0,0.010424940253086953,5.3763774436090195,5.433754477611939,1.7114666666666676,1.4279547619047617,3.3932822856193727,3.5776781599999983,268.0,266.0,134.0,510.6666666666667,385.0,51.0,31,0,0,0,14,7.0,512.0,4734.647400000001,666.2933,2114.6818000000003,172,8,12,28,0.10005160574365046,0.7091897032193664,0.12250905211853103,4,1596.0800999999997,1430.1163999999992,14,0,27.0,0,0,0,0.0,0,0.0,6880.773642519691,0.0,0,0,0,1.5,0,0.0,0,0,0.0,0,0.0,0,0,46.20960000000002,64.0,326.7588,4,0.0,0.0,NaN,1280.0,100.0,-0.17591922997662401,0,0,0.0,0,0.0,1280.0,0,0.0,0,0,0,0.0,0.0,0.0,0.0,0.0,0.0,0.0,0.0,0,0,0,0,31,0.0,0,12,0.0,0,0.0,2266.32,1759.9221,3092.0530477105376,0.0,3092.0530477105376,0.0,0.0,3.9633,3107.7339,0.7225331165285109,100,2040.8113000000005,28,4839.962342519686,4,0.0,4,942.4739999999999,2,128.43289133858252,0.0,20.051940944881903,0,0,134,134,12 + fiscal policy and VAT,debt,1,1.8189894035458565e-12
5,128,4,4,7728.248400000001,0.0,7590.313600000001,0.0,1602.8462000000002,,0.0,0.0,1602.8462000000002,0.0,111.723,5.591227749999999,0.00375,0.0,1777.8347983218491,0.0,0.8102893425231027,482.51599235927654,909.3372388812339,0.02,92.68619999999994,1.1040808032,0.0,0.0,1.1040808032,0.0,4,0,28.097614899899604,-9.73361506152173,18.36399983837787,3.006161994387849,1.5145936103791708,4.52075560476702,1017.2015999999991,985.6342000000025,1017.2015999999991,0.0,0,0,0.0,0.0,84.9203,1.1040808032,1.1040808032,0.0,0.0,0.0,0.066244848192,0.5,0.25,119.04299999999995,179.38609999999977,0.0,0,32.9476,183.29140000000004,10.0254,376.3851999999979,0.0,0.0,0.0,0.0,0.0,26,10.3334,0.0,0.0,0.0,0.0,309.81649999999996,0.0,0.015,5.485891085271317,5.550741911764698,1.6814571428571428,1.5176203125,3.4320022893087496,3.4703478152,272.0,258.0,136.0,512.0,389.0,51.0,30,4,4,2,12,7.0,508.0,4691.621900000001,678.0516,2246.1617,172,8,12,28,0.11667037206392283,0.7150614219241187,0.12459077630806137,4,1633.3957000000019,1415.3598999999997,12,0,7.0,0,0,4,0.0,0,0.0,7227.711485714285,0.0,0,0,0,1.5,0,0.0,0,0,0.0,0,0.0,0,0,11.770199999999999,64.0,102.0798,4,0.0,0.0,NaN,1280.0,100.0,-0.17414413597470238,0,0,0.0,0,0.0,1280.0,0,0.0,0,0,0,0.0,0.0,0.0,0.0,0.0,0.0,0.0,0.0,0,0,0,0,30,0.0,0,12,0.0,0,0.0,2266.32,1716.8712,3193.712813627141,0.0,3193.712813627141,0.0,0.0,0.4263,3026.2931,0.7255573179119423,100,2034.3340999999991,28,5193.377385714286,4,0.0,4,942.4739999999999,2,128.48965714285708,0.0,21.419321428571426,0,0,136,136,12 + fiscal policy and VAT,debt,1,1.8189894035458565e-12
6,128,4,4,7625.207799999996,0.0,7476.047899999999,0.0,1764.4659000000001,,0.0,0.0,1764.4659000000001,0.0,161.61969999999997,6.010165999999999,0.00375,0.0,1741.1036450235138,0.0,0.7769054216111508,519.1492928439459,870.2406800156771,0.02,93.41480000000004,1.126162419264,0.0,0.0,1.126162419264,0.0,4,0,28.367945092670297,-9.108761420926337,19.25918367174396,3.0327805615431753,1.4627362107143755,4.495516772257551,966.8832000000033,1010.5600000000022,973.5248000000033,0.0,0,0,0.0,0.0,89.07169999999999,1.126162419264,1.126162419264,0.0,0.0,0.0,0.06756974515584001,0.5,0.25,107.81789999999998,209.62179999999958,0.0,2,75.62239999999998,178.66300000000007,86.27569999999999,363.540699999998,0.0,0.0,0.0,0.0,0.0,23,6.3457,0.0,0.0,0.0,0.0,347.4146999999998,45.47250000000001,0.015,5.450604705882351,5.54372558139534,1.6857,1.6150603305785125,3.409364341291042,3.3662373807439985,258.0,255.0,129.0,505.33333333333337,374.0,50.0,32,4,4,1,9,6.0,504.0,4537.9082,722.1068,2358.5038,172,8,12,28,0.12788732048667306,0.7160683621273309,0.144584398025839,4,1581.7556000000013,1389.9041999999995,9,0,12.0,0,0,4,0.0,0,0.0,7530.960506249998,0.0,0,0,0,1.5,0,0.0,0,0,0.0,0,0.0,0,0,20.2284,64.0,0.3433,4,0.0,0.0,NaN,1280.0,100.0,-0.1666166837565104,0,0,0.0,0,0.0,1280.0,0,0.0,0,0,0,0.0,0.0,0.0,0.0,0.0,0.0,0.0,0.0,0,0,0,0,32,0.0,0,12,0.0,0,0.0,2266.32,1652.8653,2969.81649226269,0.0,2969.81649226269,0.0,0.0,7.518199999999999,3080.9539,0.7248049853214544,100,2012.9044,28,5518.05610625,4,0.0,4,942.4739999999999,2,129.47545625000038,0.0,22.7643046875,0,0,129,129,12 + fiscal policy and VAT,debt,1,1.8189894035458565e-12
7,125,4,4,7475.637599999997,0.0,6121.680399999999,0.0,1959.9340000000002,,0.0,0.0,1959.9340000000002,0.0,195.4681,6.616142374999999,0.00375,0.0,1718.295580651616,0.0,0.7448969182407714,527.1490648067434,848.2063442439357,0.02,99.2745,1.14868566764928,0.0,0.0,1.14868566764928,0.0,1,0,21.525111537772307,-1.0149340238701348,20.51017751390217,2.559040984623258,1.6920614924395514,4.251102477062809,950.2176000000035,941.7008000000006,982.0416000000035,0.0,0,0,0.0,0.0,91.5261,1.14868566764928,1.14868566764928,0.0,0.0,0.0,0.0689211400589568,0.5,0.25,119.26879999999996,238.52419999999972,1225.2027999999998,12,17.4515,167.02169999999998,263.2461,338.29779999999874,0.0,0.0,0.0,0.0,0.0,36,7.2472,0.0,0.0,0.0,0.0,357.48539999999986,185.94939999999986,0.015,5.399998507462686,5.5221374999999995,1.6937692307692307,1.7139216666666663,3.342381613310883,3.26525025932168,256.0,268.0,128.0,496.6666666666667,360.00000000000006,50.0,33,1,0,2,16,10.0,498.0,4159.208299999999,732.1096,2576.7292,173,8,11,28,0.12081287835475796,0.5132993248319544,0.18507576910312018,1,1411.9238000000023,1447.1996,16,0,13.0,0,0,1,0.0,0,0.0,8801.748257851237,0.0,0,0,0,1.5,0,0.0,0,0,0.0,0,0.0,0,0,22.019,58.0,0.3433,4,0.0,0.0,NaN,1280.0,100.0,-0.14550447007360534,0,0,0.0,0,0.0,1280.0,0,0.0,0,0,0,0.0,0.0,0.0,0.0,0.0,0.0,0.0,0.0,0,0,0,0,33,0.0,0,12,0.0,0,0.0,2266.32,382.9192,2651.4128996941217,0.0,2651.4128996941217,0.0,0.0,0.0829,3309.1821,0.7423262200066594,97,2941.0507000000007,28,5860.69755785124,4,0.0,4,942.4739999999999,2,-1081.0482454545454,0.0,24.22590495867769,3,0,128,128,12 + fiscal policy and VAT,debt,1,1.8189894035458565e-12
8,124,4,4,8660.0314,0.3434,6460.2925,0.0,3750.779499999999,,0.0,1253.0546,2497.7248999999993,0.0,537.7908999999999,7.34903325,0.00375,0.0,1715.4227581849668,0.0,0.7142071652092515,565.1043336394736,841.8140221233125,0.02,99.25070000000002,1.1716593810022657,0.0,0.0,1.1716593810022657,0.0,0,0,20.41513315037308,1.8605329216508906,22.275666072023974,1.5712512058921706,1.8516255117815126,3.422876717673683,930.7487000000026,928.7357000000012,962.7819000000025,0.0,1,0,21.27269999999999,1551.532,90.1872,1.1716593810022657,1.1716593810022657,0.0,0.0,0.0,0.07029956286013594,0.5,0.25,95.92049999999995,260.5617999999997,2057.0258,25,1298.4405,113.70329999999998,1596.234,333.14089999999817,0.0,0.0,0.0,0.0,0.0,14,1557.7894999999999,0.0,0.0,0.0,0.0,401.2682000000001,187.02689999999978,0.015,5.351721052631578,5.481968750000006,1.65148,1.788683333333333,3.3319268947346856,3.167292751542029,256.0,266.0,128.0,494.6666666666667,343.66666666666663,49.0,37,0,0,1,16,13.0,496.0,3589.7686999999996,733.2438,2778.8860999999997,173,8,11,28,0.07183808271726533,0.48050151156982013,0.16579633294335694,0,1504.7113999999983,1423.5577999999996,17,1,10.0,0,0,0,0.0,0,0.0,9387.470124999998,0.0,0,0,0,1.5,0,0.0,0,0,0.0,0,0.0,0,0,16.5148,29.0,0.3433,3,0.0,0.0,NaN,1280.0,100.0,-0.10570523437500003,0,0,0.0,0,0.0,1280.0,0,0.0,0,0,0,0.0,0.0,0.0,0.0,0.0,0.0,0.0,0.0,0,0,0,0,37,0.0,0,11,0.0,0,0.0,2113.44,0.0,2123.9097993808045,0.0,2123.9097993808045,0.0,0.0,0.0,3512.4732,0.5701546528826027,96,3145.382999999999,28,6242.087124999999,4,0.0,4,942.4739999999999,2,-360.26012499999973,-1253.0546,25.708824999999994,1,1,128,128,12 + fiscal policy and VAT,debt,1,1.8189894035458565e-12
9,124,4,4,12449.88379999999,1.113,8942.9483,0.0,7873.5044,,0.0,5154.7139,2718.7904999999996,0.0,221.06560000000016,9.364868124999996,0.00375,0.0,1733.518714979653,0.0,0.6847818300026304,626.0954564457145,852.034165541992,0.02,92.74579999999997,1.195092568622311,0.0,0.0,1.195092568622311,0.0,0,0,22.086792439454637,1.9528741123121243,24.03966655176676,1.6454566509347215,1.775563550469582,3.4210202014043034,914.990200000001,917.3769000000002,912.7047000000008,0.0,4,0,68.96320000000007,5350.926100000001,77.87280000000001,1.195092568622311,1.195092568622311,0.0,0.0,0.0,0.07170555411733866,0.5,0.25,122.53639999999993,287.17769999999985,3412.1393000000003,34,3964.312,173.69,4200.3616999999995,318.39559999999966,0.0,0.0,0.0,0.0,0.0,0,5318.9413,0.0,0.0,0.0,0.0,464.5599999999997,18.7079,0.014943601488847796,5.2983514056224905,5.468276153846158,NaN,1.8144450819672133,3.344598584719785,3.072273968995767,260.0,249.0,130.0,494.6666666666667,318.0,49.0,43,0,0,1,10,5.0,496.0,3556.465399999999,716.3918000000001,2858.0853,173,8,11,28,0.07699560627735047,0.4905109415617348,0.1346131902835639,0,1581.7880000000014,1319.2895,10,0,0.0,0,0,0,0.0,0,0.0,9756.292049999998,0.0,0,0,0,1.5,0,0.0,0,0,0.0,0,0.0,0,0,0.0,0.0,0.0,0,0.0,0.0,NaN,1280.0,100.0,0.00015530273437500824,0,0,0.0,0,0.0,1280.0,0,0.0,0,0,0,0.0,0.0,0.0,0.0,0.0,0.0,0.0,0.0,0,0,0,0,43,0.0,0,8,0.0,0,0.0,1654.7999999999997,0.0,1859.980190393057,0.0,1859.980190393057,0.0,0.0,0.0,3574.4771,0.5711391214187715,96,3149.3734,28,6606.91865,4,0.0,4,955.4208999999998,2,2105.3199499999996,-5154.7139,26.830249999999996,0,4,130,130,12 + fiscal policy and VAT,debt,1,1.8189894035458565e-12
10,124,4,4,12425.884800000003,1.5393,8965.014299999999,0.0,8250.2199,,0.0,5261.2013,2989.0185999999994,0.0,270.22810000000004,10.193386125,0.00375,0.0,1755.382066034582,0.0,0.656568818606522,650.7174085096483,865.9771406897224,0.02,98.35169999999998,1.2189944199947573,0.0,0.0,1.2189944199947573,0.0,0,0,23.811760315191137,1.696433345372642,25.50819366056378,1.7783637044788116,1.611827625778876,3.3901913302576876,909.1681000000002,912.7047,909.1681000000002,0.0,4,0,68.96320000000007,5350.926100000001,86.8764,1.2189944199947573,1.2189944199947573,0.0,0.0,0.0,0.07313966519968544,0.5,0.25,168.17509999999993,332.8164,3412.1393000000003,34,367.3557,390.9284,367.3557,309.9709000000001,0.0,0.0,0.0,0.0,0.0,0,5271.637500000001,0.0,0.0,0.0,0.0,491.5812,0.0,0.009414209470852183,5.195464393939394,5.465131007751935,NaN,1.8096107438016544,3.3358008211174823,2.9801057499258943,258.0,264.0,129.0,494.66666666666663,309.0,49.0,46,0,0,2,15,8.0,496.0,3449.464499999999,716.198,2988.5848000000005,173,8,11,28,0.09243491950333116,0.5102581369690011,0.14402612714605656,0,1601.854400000002,1371.6026000000002,15,0,0.0,0,0,0,0.0,0,0.0,9960.886987704918,0.0,0,0,0,1.5,0,0.0,0,0,0.0,0,0.0,0,0,0.0,0.0,0.0,0,0.0,0.0,NaN,1280.0,100.0,0.02142089939805329,0,0,0.0,0,0.0,1280.0,0,0.0,0,0,0,0.0,0.0,0.0,0.0,0.0,0.0,0.0,0.0,0,0,0,0,46,0.0,0,8,0.0,0,0.0,1654.7999999999997,0.0,1702.3496228328881,0.0,1702.3496228328881,0.0,0.0,0.0,3704.7828,0.5836247427328316,96,3108.2951000000003,28,6852.59188770492,4,0.0,4,980.9049,2,2107.96433852459,-5261.2013,27.2166762295082,0,4,129,129,12 + fiscal policy and VAT,debt,1,1.8189894035458565e-12
11,124,4,4,12390.398900000004,2.3089,8975.9837,0.0,8597.6331,,0.0,5356.5921,3241.040999999999,0.0,252.0224,11.2062185,0.00375,0.0,1764.9251124880698,0.0,0.6295181832799333,620.1185256743161,871.7990416587141,0.02,95.5783,1.2433743083946525,0.0,0.0,1.2433743083946525,0.0,0,0,25.56024485517891,1.6583759756652547,27.218620830844163,2.025553611519838,1.5556830382211293,3.5812366497409673,931.4757999999983,909.1681000000005,931.4757999999983,0.0,4,0,68.96320000000007,5350.926100000001,84.47630000000001,1.2433743083946525,1.2433743083946525,0.0,0.0,0.0,0.07460245850367915,0.5,0.25,213.86079999999993,378.50210000000004,3412.1393000000003,34,374.6269,409.3432,374.6269,310.2190000000002,0.0,0.0,0.0,0.0,0.0,0,5203.9743,0.0,0.0,0.0,0.0,464.8032999999997,0.0,0.014359460960664986,5.144842913385826,5.601012213740448,NaN,1.8038837398373981,3.340433564017416,2.8907025774281183,262.0,254.0,131.0,493.3333333333333,313.0,49.0,44,0,0,3,13,4.0,496.0,3413.8723000000005,708.3004000000001,3064.2519,173,8,11,28,0.10644679560377357,0.5216254384920278,0.16468711315044038,0,1595.7613000000015,1306.7901,13,0,0.0,0,0,0,0.0,0,0.0,10148.495580165289,0.0,0,0,0,1.5,0,0.0,0,0,0.0,0,0.0,0,0,0.0,0.0,0.0,0,0.0,0.0,NaN,1280.0,100.0,0.036220897388300616,0,0,0.0,0,0.0,1280.0,0,0.0,0,0,0,0.0,0.0,0.0,0.0,0.0,0.0,0.0,0.0,0,0,0,0,44,0.0,0,8,0.0,0,0.0,1654.7999999999997,0.0,1708.360653758902,0.0,1708.360653758902,0.0,0.0,0.0,3772.5523000000003,0.5897558247236858,96,3062.5262000000002,28,7085.969380165293,4,0.0,4,997.1813999999999,2,2085.2479727272726,-5356.5921,27.144161157024815,0,4,131,131,12 + fiscal policy and VAT,debt,1,1.8189894035458565e-12
12,124,4,4,12426.606299999992,3.0785,8956.0007,0.0,8949.467499999999,,0.0,5421.0305,3528.4369999999994,0.0,287.3959999999999,12.151101499999994,0.00375,0.0,1774.1077912206538,0.0,0.6035820341288001,625.0390857596914,877.3104941471033,0.02,103.12710000000004,1.2682417945625455,0.0,0.0,1.2682417945625455,0.0,0,0,27.04294682176125,1.557957350355399,28.600904172116653,2.0464529906779463,1.4752523632780306,3.521705353955977,926.9485999999989,931.4757999999996,926.9485999999989,0.0,4,0,68.96320000000007,5350.926100000001,93.8633,1.2682417945625455,1.2682417945625455,0.0,0.0,0.0,0.07609450767375273,0.5,0.25,156.9007999999999,424.17969999999997,3412.1393000000003,34,465.0433999999997,428.06640000000004,362.4058,312.1416999999999,0.0,102.63760000000003,0.0,0.0,0.0,0,5113.7108,0.0,0.0,0.0,0.0,471.92759999999976,0.0,0.015,5.119834814814815,5.634617054263559,NaN,1.8023561983471084,3.3565589629286974,2.803981500105274,258.0,270.0,129.0,492.0,309.0,49.0,45,0,0,0,17,9.0,496.0,3387.3360000000016,741.8773000000001,3183.6821999999997,173,8,11,28,0.11537438698615299,0.5313381824740844,0.172035107553572,0,1699.4117000000017,1382.3554,17,0,0.0,0,0,0,0.0,0,0.0,10355.208304878044,0.0,0,0,0,1.5,0,0.0,0,0,0.0,0,0.0,0,0,0.0,0.0,0.0,0,0.0,0.0,NaN,1280.0,100.0,0.0593344285918445,0,0,0.0,0,0.0,1280.0,0,0.0,0,0,0,0.0,0.0,0.0,0.0,0.0,0.0,0.0,0.0,0,0,0,0,45,0.0,0,8,0.0,0,0.0,1654.7999999999997,0.0,1525.6308125841065,0.0,1525.6308125841065,0.0,0.0,0.0,3925.5595,0.5908961911405994,96,3028.055300000001,28,7327.153004878048,4,0.0,4,1036.4668,2,1937.138317073171,-5421.0305,27.05825609756097,0,4,129,129,12 + fiscal policy and VAT,debt,1,1.8189894035458565e-12
13,124,4,4,12387.575299999991,3.8480999999999996,8963.254099999998,0.0,9305.3255,,0.0,5512.7053,3792.6202000000008,0.0,264.18320000000006,13.228621499999994,0.00375,0.0,1685.431063163563,0.0,0.5787144543226935,620.2933877716366,797.6925754423762,0.02,96.71839999999999,1.2936066304537963,0.0,0.0,1.2936066304537963,0.0,0,0,27.949594024281122,1.5337758835390665,29.483369907820187,2.3534564627880794,1.4205381807022999,3.7739946434903797,930.2510999999984,926.9485999999991,930.2510999999984,0.0,4,0,68.96320000000007,5350.926100000001,80.74289999999999,1.2936066304537963,1.2936066304537963,0.0,0.0,0.0,0.07761639782722778,0.5,0.25,202.41559999999987,469.69449999999983,3412.1393000000003,34,407.7625,446.02389999999997,407.7625,304.7723000000002,0.0,0.0,0.0,0.0,0.0,0,5045.4954,0.0,0.0,0.0,0.0,468.57839999999976,0.0,0.015,5.084098400000001,5.656796969696962,NaN,1.7999943548387092,3.2334138313305942,2.719862055102116,264.0,250.0,132.0,496.0,315.0,49.0,45,0,0,2,8,5.0,496.0,3355.7542000000008,762.3801000000001,3223.9456,173,8,11,28,0.12494224340522742,0.5378599339595329,0.15001723219142105,0,1586.3970000000008,1271.0246000000002,8,0,0.0,0,0,0,0.0,0,0.0,10578.473734710737,0.0,0,0,0,1.5,0,0.0,0,0,0.0,0,0.0,0,0,0.0,0.0,0.0,0,0.0,0.0,NaN,1280.0,100.0,0.07348926209000517,0,0,0.0,0,0.0,1280.0,0,0.0,0,0,0,0.0,0.0,0.0,0.0,0.0,0.0,0.0,0.0,0,0,0,0,45,0.0,0,8,0.0,0,0.0,1654.7999999999997,0.0,1617.1104066733524,0.0,1617.1104066733524,0.0,0.0,0.0,3986.3257000000003,0.5935410596133615,96,3070.4860000000012,28,7507.987734710748,4,0.0,4,1041.8388,2,1914.2444727272732,-5512.7053,27.035342975206625,0,4,132,132,12 + fiscal policy and VAT,debt,1,1.8189894035458565e-12
14,124,4,4,12243.5645,4.6177,8865.5009,0.0,9678.702800000001,,0.0,5499.3735,4179.329300000001,0.0,386.7091,14.218828249999996,0.00375,0.0,1697.7425701676714,0.0,0.5548714188045984,623.055428016434,798.2913051117816,0.02,98.77410000000002,1.3194787630628724,0.0,0.0,1.3194787630628724,0.0,0,0,28.913062211111583,1.4819392559357227,30.395001467047305,2.1628048151074326,1.3470316913352163,3.509836506442649,879.4719000000001,930.2510999999997,879.4719000000001,0.0,4,0,68.96320000000007,5350.926100000001,86.8852,1.3194787630628724,1.3194787630628724,0.0,0.0,0.0,0.07916872578377233,0.5,0.25,247.90359999999984,515.1824999999998,3412.1393000000003,34,323.144,466.3852,323.144,291.4640000000004,0.0,0.0,0.0,0.0,0.0,0,4957.4066,0.0,0.0,0.0,0.0,473.0137000000002,0.0,0.015,5.0102094488188955,5.493507874015753,NaN,1.765505882352942,3.267355282152585,2.6382661934490526,254.0,254.0,127.0,493.33333333333337,305.0,49.0,46,0,0,1,8,4.0,496.0,3254.5361999999986,830.0345,3201.5872,173,8,11,28,0.12779511384557618,0.5468445520757574,0.16990291914863676,0,1562.979900000001,1272.5931999999996,9,1,0.0,0,0,0,0.0,0,0.0,10773.50335080645,0.0,0,0,0,1.5,0,0.0,0,0,0.0,0,0.0,0,0,0.0,0.0,0.0,0,0.0,0.0,NaN,1280.0,100.0,0.08612355689264115,0,0,0.0,0,0.0,1280.0,0,0.0,0,0,0,0.0,0.0,0.0,0.0,0.0,0.0,0.0,0.0,0,0,0,0,46,0.0,0,8,0.0,0,0.0,1654.7999999999997,0.0,1273.2771341220036,0.0,1273.2771341220036,0.0,0.0,0.0,4031.6216999999997,0.597933705245713,96,3076.2411999999986,28,7697.2621508064485,4,0.0,4,1126.1713,2,1871.3127685483864,-5499.3735,26.999915322580637,0,4,127,127,12 + fiscal policy and VAT,debt,1,1.8189894035458565e-12
15,124,4,4,12225.363899999995,16.2666,8903.8853,0.0,10044.890900000002,,0.0,5622.1793,4422.711600000001,0.0,347.78030000000007,15.668563374999993,0.00375,0.0,1734.590289247179,0.0,0.532010716349849,613.9874481327012,829.1995761647865,0.02,99.9656,1.3458683383241299,0.0,0.0,1.3458683383241299,0.0,0,0,30.720294995089652,1.417069001311653,32.137363996401305,3.248619177754528,1.2900333940178215,4.538652571772349,893.4373999999999,879.4718999999996,893.4373999999999,0.0,4,0,68.96320000000007,5350.926100000001,92.45779999999999,1.3458683383241299,1.3458683383241299,0.0,0.0,0.0,0.0807521002994478,0.5,0.25,292.8396999999998,560.1185999999997,3412.1393000000003,34,475.4388,481.9905,475.4388,290.9685999999999,0.0,0.0,0.0,0.0,0.0,0,4850.1501,0.0,0.0,0.0,0.0,466.70309999999984,0.0,0.015,4.951735294117649,5.591243307086613,NaN,1.7588218487394962,3.3040071129180593,2.559118207645581,254.0,255.0,127.0,494.6666666666667,305.0,49.0,46,0,0,3,9,5.0,496.0,3322.8629000000014,857.3583,3194.9926,173,8,11,28,0.1611318644397992,0.556059437577878,0.18532582029272882,1,1570.5661000000023,1262.6925000000003,9,0,0.0,0,0,0,0.0,0,0.0,10902.593564705883,0.0,0,0,0,1.5,0,0.0,0,0,0.0,0,0.0,0,0,0.0,0.0,0.0,0,0.0,0.0,NaN,1280.0,100.0,0.09598226619944855,0,0,0.0,0,0.0,1280.0,0,0.0,0,0,0,0.0,0.0,0.0,0.0,0.0,0.0,0.0,0.0,0,0,0,0,46,0.0,0,8,0.0,0,0.0,1654.7999999999997,0.0,1203.0580661767426,0.0,1203.0580661767426,0.0,0.0,0.0,4052.3509,0.6033176341431119,96,3044.4749000000006,28,7858.118664705885,4,0.0,4,1230.1718,2,1803.3605705882346,-5622.1793,26.48258823529413,0,4,127,127,12 + fiscal policy and VAT,debt,1,1.8189894035458565e-12
16,124,4,4,12125.706900000005,16.9954,8850.021700000001,0.0,10402.8155,,0.0,5652.7371,4750.0784,0.0,420.6758000000001,16.581099,0.00375,0.0,1770.8721010615182,0.0,0.5100918748362352,610.2629802864896,860.0537340410127,0.02,103.67609999999996,1.3727857050906125,0.0,0.0,1.3727857050906125,0.0,0,0,32.54687694719249,1.3758156677100717,33.92269261490256,3.021757177618461,1.2582213702069185,4.27997854782538,889.1228999999992,893.4374,889.1228999999992,0.0,4,0,68.96320000000007,5350.926100000001,93.472,1.3727857050906125,1.3727857050906125,0.0,0.0,0.0,0.08236714230543675,0.5,0.25,337.90429999999986,605.1831999999999,3412.1393000000003,34,406.9627,505.89090000000004,406.9627,297.03530000000006,0.0,0.0,0.0,0.0,0.0,0,4773.1908,0.0,0.0,0.0,0.0,465.24090000000024,0.0,0.015,4.900307251908395,5.601585826771649,NaN,1.7663974789915968,3.3182264819582663,2.4823446614162132,254.0,262.0,127.0,492.0,305.0,49.0,46,0,0,2,14,7.0,496.0,3197.7998000000016,899.9406,3254.7757,175,8,9,28,0.16742551369024006,0.5706517478801305,0.19458726843051832,0,1580.2994,1283.8804999999995,17,3,0.0,0,0,0,0.0,0,0.0,11089.234852941177,0.0,0,0,0,1.5,0,0.0,0,0,0.0,0,0.0,0,0,0.0,0.0,0.0,0,0.0,0.0,NaN,1280.0,100.0,0.11413909393054096,0,0,0.0,0,0.0,1280.0,0,0.0,0,0,0,0.0,0.0,0.0,0.0,0.0,0.0,0.0,0.0,0,0,0,0,46,0.0,0,8,0.0,0,0.0,1654.7999999999997,0.0,1163.3119444133085,0.0,1163.3119444133085,0.0,0.0,0.0,4154.7163,0.6118656545583179,96,2935.0360999999994,28,8154.19875294118,4,0.0,4,1281.2538,2,1717.657149579832,-5652.7371,26.382327731092442,0,4,127,127,12 + fiscal policy and VAT,debt,1,1.8189894035458565e-12
17,124,4,4,12082.173900000003,17.7242,8851.9496,0.0,10749.608000000004,,0.0,5738.3626,5011.245400000003,0.0,372.88999999999993,17.80830825,0.00375,0.0,1798.4331305201217,0.0,0.4890760895929823,592.7601101936914,885.4562036800814,0.02,101.25619999999995,1.4002414191924248,0.0,0.0,1.4002414191924248,0.0,0,0,34.10660583968174,1.3733722167548568,35.4799780564366,3.1698998725608294,1.2807640781209784,4.4506639506818075,896.1610999999998,889.1229000000006,896.1610999999998,0.0,4,0,68.96320000000007,5350.926100000001,90.9151,1.4002414191924248,1.4002414191924248,0.0,0.0,0.0,0.08401448515154548,0.5,0.25,382.6364,649.9153,3412.1393000000003,34,483.10229999999996,525.9065,483.10229999999996,292.0437999999999,0.0,0.0,0.0,0.0,0.0,0,4645.1044,0.0,0.0,0.0,0.0,449.75449999999984,0.0,0.015,4.8589976284585,5.57619307692308,NaN,1.7461106557377046,3.326886424873928,2.407874321573727,260.0,253.0,130.0,493.33333333333337,311.0,49.0,45,0,0,1,9,4.0,496.0,3199.026599999999,940.2222,3297.8206999999998,176,8,8,28,0.17206997913758526,0.5785103467807318,0.204775324231653,0,1593.532600000002,1229.3264000000004,9,0,0.0,0,0,0,0.0,0,0.0,11384.350244537816,0.0,0,0,0,1.5,0,0.0,0,0,0.0,0,0.0,0,0,0.0,0.0,0.0,0,0.0,0.0,NaN,1280.0,100.0,0.13060376928505776,0,0,0.0,0,0.0,1280.0,0,0.0,0,0,0,0.0,0.0,0.0,0.0,0.0,0.0,0.0,0.0,0,0,0,0,45,0.0,0,8,0.0,0,0.0,1654.7999999999997,0.0,1223.6872451751146,0.0,1223.6872451751146,0.0,0.0,0.0,4238.0429,0.615232616741366,96,2907.036200000001,28,8477.314044537816,4,0.0,4,1294.1904,2,1608.8883974789908,-5738.3626,26.495962184873953,0,4,130,130,12 + fiscal policy and VAT,debt,1,1.8189894035458565e-12
18,124,4,4,11896.023999999996,18.453,8711.214999999998,0.0,11105.105800000005,,0.0,5681.0925,5424.013300000004,0.0,574.3876,18.787483249999983,0.00375,0.0,1818.1793766915134,0.0,0.4689261547017515,598.1342775295134,904.7386844610094,0.02,103.89850000000003,1.4282462475762734,0.0,0.0,1.4282462475762734,0.0,0,0,36.10066304756129,1.3130314428020629,37.41369449036336,3.2448779300327932,1.232785125252333,4.477663055285126,873.8149000000011,896.1611000000003,873.8149000000011,0.0,4,0,68.96320000000007,5350.926100000001,96.6491,1.4282462475762734,1.4282462475762734,0.0,0.0,0.0,0.0856947748545764,0.5,0.25,427.3229,694.6017999999999,3412.1393000000003,34,364.59490000000005,550.0160000000001,364.59490000000005,290.1209,0.0,0.0,0.0,0.0,0.0,0,4493.0542000000005,0.0,0.0,0.0,0.0,456.81740000000013,0.0,0.015,4.830746093749999,5.489831250000004,NaN,1.7123108333333332,3.3720953860770595,2.335638091926515,256.0,256.0,128.0,494.6666666666667,307.00000000000006,49.0,46,0,0,1,11,2.0,496.0,3124.0145000000016,1009.2842,3269.6711,177,8,7,28,0.18185168242398886,0.5911074622353174,0.21745373239980847,0,1598.9509000000007,1236.6709999999998,14,3,0.0,0,0,0,0.0,0,0.0,11602.373690983612,0.0,0,0,0,1.5,0,0.0,0,0,0.0,0,0.0,0,0,0.0,0.0,0.0,0,0.0,0.0,NaN,1280.0,100.0,0.1425999197938012,0,0,0.0,0,0.0,1280.0,0,0.0,0,0,0,0.0,0.0,0.0,0.0,0.0,0.0,0.0,0.0,0,0,0,0,46,0.0,0,8,0.0,0,0.0,1654.7999999999997,0.0,1087.8581076449186,0.0,1087.8581076449186,0.0,0.0,0.0,4278.9553000000005,0.6244743847153424,96,2829.0276000000003,28,8773.346090983607,4,0.0,4,1385.6002999999998,2,1472.957418852459,-5681.0925,26.19165983606557,0,4,128,128,12 + fiscal policy and VAT,debt,1,1.8189894035458565e-12
19,124,4,4,11873.629599999997,19.181800000000003,8733.478500000003,0.0,11436.203800000005,,0.0,5787.5301,5648.673700000005,0.0,420.1285,20.335090124999994,0.00375,0.0,1831.836791872412,0.0,0.44960639712803935,581.7787255303364,917.0829195816082,0.02,111.86950000000004,1.4568111725277988,0.0,0.0,1.4568111725277988,0.0,0,0,37.63024431450779,1.213409009618026,38.84365332412582,3.9767450949632805,1.0628163297541007,5.039561424717381,875.4487999999984,873.8149,875.4487999999984,0.0,4,0,68.96320000000007,5350.926100000001,103.90920000000001,1.4568111725277988,1.4568111725277988,0.0,0.0,0.0,0.08740867035166792,0.5,0.25,471.25200000000007,738.5308999999995,3412.1393000000003,34,545.8228,567.4884000000001,545.8228,299.42630000000025,0.0,0.0,0.0,0.0,0.0,0,4394.2672,0.0,0.0,0.0,0.0,441.74039999999985,0.0,0.015,4.834942222222223,5.456813953488367,NaN,1.7286446280991727,3.417927242301837,2.26556894916872,258.0,270.0,129.0,494.6666666666667,309.0,49.0,45,0,0,0,13,11.0,496.0,3061.626499999999,1050.8345,3366.9013999999997,181,8,3,28,0.21715069324605207,0.603188369775759,0.23207053004240685,1,1614.8403000000008,1305.4344,15,2,0.0,0,0,0,0.0,0,0.0,11724.561512499999,0.0,0,0,0,1.5,0,0.0,0,0,0.0,0,0.0,0,0,0.0,0.0,0.0,0,0.0,0.0,NaN,1280.0,100.0,0.16399515625,0,0,0.0,0,0.0,1280.0,0,0.0,0,0,0,0.0,0.0,0.0,0.0,0.0,0.0,0.0,0.0,0,0,0,0,45,0.0,0,8,0.0,0,0.0,1654.7999999999997,0.0,979.4949150736453,0.0,979.4949150736453,0.0,0.0,0.0,4417.7359,0.6332779516602707,96,2771.334,28,8953.2275125,4,0.0,4,1438.4377,2,1311.8706875000007,-5787.5301,25.684662499999998,0,4,129,129,12 + fiscal policy and VAT,debt,1,1.8189894035458565e-12
20,124,4,4,12062.914599999996,19.910600000000002,8967.4719,0.0,11761.477800000002,,0.0,6098.3433,5663.134500000002,0.0,552.2516999999997,21.178064749999987,0.00375,0.0,1835.2849745950548,0.0,0.4310826135663641,578.8970645300456,921.8314747300365,0.02,110.63769999999995,1.485947395978355,0.0,0.0,1.485947395978355,0.0,0,0,40.081616709603,1.1732766885873391,41.25489339819033,4.286625681842,1.162073521273838,5.448699203115837,877.2405,875.4487999999998,877.2405,0.0,4,0,68.96320000000007,5350.926100000001,99.73949999999999,1.485947395978355,1.485947395978355,0.0,0.0,0.0,0.0891568437587013,0.5,0.25,515.2316000000001,782.5104999999995,3412.1393000000003,34,784.8438,594.8299999999999,784.8438,303.7436999999999,0.0,0.0,0.0,0.0,0.0,0,4243.970600000001,0.0,0.0,0.0,0.0,439.1728,0.0,0.015,4.9060217054263555,5.502552307692305,NaN,1.7243852459016387,3.4811751522710015,2.1976018806936577,260.0,258.0,130.0,496.0,311.0,49.0,45,0,0,1,17,5.0,496.0,3353.405799999998,1090.6547,3374.8835,184,8,0,28,0.23288886269094733,0.6218095470823677,0.24003094327492192,1,1644.990300000001,1265.7535999999998,17,0,0.0,0,0,0,0.0,0,0.0,12052.537273553717,0.0,0,0,0,1.5,0,0.0,0,0,0.0,0,0.0,0,0,0.0,0.0,0.0,0,0.0,0.0,NaN,1280.0,100.0,0.1770932964230372,0,0,0.0,0,0.0,1280.0,0,0.0,0,0,0,0.0,0.0,0.0,0.0,0.0,0.0,0.0,0.0,0,0,0,0,45,0.0,0,8,0.0,0,0.0,1654.7999999999997,0.0,1002.7738958145733,0.0,1002.7738958145733,0.0,0.0,0.0,4465.5382,0.6524664926197119,96,2644.2714999999985,28,9408.265773553718,4,0.0,4,1531.2357,2,1128.5584999999996,-6098.3433,25.929669421487592,0,4,130,130,12 + fiscal policy and VAT,debt,1,1.8189894035458565e-12
21,124,4,4,11711.625999999997,20.639400000000002,8662.0749,0.0,12086.945300000001,,0.0,5873.5393,6213.406000000001,0.0,771.3371000000003,21.23271049999999,0.00375,0.0,1821.9379784070916,0.0,0.4133220098874299,572.7074716938636,914.5524689380611,0.02,111.53250000000001,1.515666343897922,0.0,0.0,1.515666343897922,0.0,0,0,40.19547182645405,1.0723870546368584,41.26785888109091,3.800757746215378,1.101658905019113,4.902416651234491,887.8824000000004,877.2405000000017,887.8824000000004,0.0,4,0,68.96320000000007,5350.926100000001,102.969,1.515666343897922,1.515666343897922,0.0,0.0,0.0,0.09093998063387532,0.5,0.25,560.3944000000001,827.6732999999997,3412.1393000000003,34,284.6956,635.2553999999999,284.6956,298.96769999999975,0.0,0.0,0.0,0.0,0.0,0,3990.509,0.0,0.0,0.0,0.0,431.34890000000007,0.0,0.015,4.944550592885375,5.489576515151523,NaN,1.6737564516129038,3.55423212608567,2.1316738242728483,264.0,253.0,132.0,494.6666666666667,315.0,49.0,44,0,0,2,9,3.0,496.0,3187.2850000000017,1139.3722,3394.4598,184,8,0,28,0.21267597910588965,0.6267494154380093,0.24915231601217358,2,1672.6618999999994,1250.9713,11,2,0.0,0,0,0,0.0,0,0.0,12365.562578688518,0.0,0,0,0,1.5,0,0.0,0,0,0.0,0,0.0,0,0,0.0,0.0,0.0,0,0.2468,0.0,NaN,1280.0,100.0,0.19195123335040984,0,0,0.0,0,0.0,1280.0,0,0.0,0,0,0,0.0,0.0,0.0,0.0,0.0,0.0,0.0,0.0,0,0,0,0,44,0.0,0,8,0.0,0,0.0,1654.7999999999997,0.0,1087.5944732854673,0.0,1087.5944732854673,0.0,0.2468,0.0,4533.832,0.6666338913181635,96,2825.9915000000005,28,9539.571078688523,4,0.0,4,1586.7768,2,920.3184999999992,-5873.5393,25.86577868852458,0,4,132,132,12 + fiscal policy and VAT,debt,1,1.8189894035458565e-12
22,124,4,4,11345.092000000008,21.3682,8339.880299999999,0.0,12416.092400000001,,0.0,5629.1907,6786.901700000001,0.0,843.7238000000001,23.296336499999995,0.00375,0.0,1805.0113559252627,0.0,0.3962931430800678,583.0109185823326,903.5546622835084,0.02,117.36210000000004,1.5459796707758806,0.0,0.0,1.5459796707758806,0.0,0,0,42.721367303535416,0.7836531201794957,43.50502042371491,3.814710520670352,0.9258601796060392,4.7405707002763915,872.6223999999999,887.8824000000012,872.6223999999999,0.0,4,0,68.96320000000007,5350.926100000001,109.63060000000002,1.5459796707758806,1.5459796707758806,0.0,0.0,0.0,0.09275878024655283,0.5,0.25,604.0049999999999,871.2838999999999,3412.1393000000003,34,282.074,647.8791999999996,282.074,306.5316000000003,0.0,0.0,0.0,0.0,0.0,0,3714.6385,0.0,0.0,0.0,0.0,440.9473999999999,0.0,0.015,5.02157392996109,5.5211749999999995,NaN,1.654903333333333,3.671419836767678,2.0677236095446627,256.0,257.0,128.0,493.33333333333337,307.0,49.0,45,0,0,2,12,2.0,496.0,3038.3007,1212.8591,3379.2936999999997,184,8,0,28,0.23013425728401393,0.6474531009715623,0.2689939820246341,4,1684.4691000000012,1290.5445000000002,15,3,0.0,0,0,0,0.0,0,0.0,12518.810406451617,0.0,0,0,0,1.5,0,0.0,0,0,0.0,0,0.0,0,0,0.0,0.0,0.0,0,1.5101,0.0,NaN,1280.0,100.0,0.2052918529485887,0,0,0.0,0,0.0,1280.0,0,0.0,0,0,0,0.0,0.0,0.0,0.0,0.0,0.0,0.0,0.0,0,0,0,0,45,0.0,0,8,0.0,0,0.0,1654.7999999999997,0.0,903.3185025125642,0.0,903.3185025125642,0.0,1.5101,0.0,4592.1528,0.6967061884730896,96,2664.618099999999,28,9854.192306451616,4,0.0,4,1711.7883000000002,2,688.0586000000001,-5629.1907,25.106346774193558,0,4,128,128,12 + fiscal policy and VAT,debt,1,1.8189894035458565e-12
23,124,4,4,11096.76140000001,22.097,8134.2801,0.0,12746.222099999999,,0.0,5485.1143,7261.107799999998,0.0,726.2284999999998,25.446789499999994,0.00375,0.0,1797.4285352505608,0.0,0.379965865585169,589.7872429755075,898.2466068337071,0.02,121.09970000000001,1.5768992641913981,0.0,0.0,1.5768992641913981,0.0,1,0,44.963078107083206,0.6891108010352736,45.65218890811848,3.930023622458065,1.026851024251133,4.956874646709198,889.9613000000007,872.6223999999992,889.9613000000007,0.0,4,0,68.96320000000007,5350.926100000001,112.29520000000001,1.5768992641913981,1.5768992641913981,0.0,0.0,0.0,0.09461395585148388,0.5,0.25,646.0065999999999,913.2854999999995,3412.1393000000003,34,412.773,660.3748000000002,412.773,313.25309999999985,0.0,0.0,0.0,0.0,0.0,0,3417.075,0.0,0.0,0.0,0.0,445.90119999999985,0.0,0.015,5.079898443579766,5.600555038759694,NaN,1.6750801652892564,3.7776402885102347,2.005691901258323,258.0,257.0,129.0,493.3333333333333,309.00000000000006,49.0,45,0,0,2,8,5.0,496.0,2965.2115999999987,1257.2595000000001,3457.2153,184,8,0,28,0.245545015208815,0.6640355312413153,0.2752339057711797,6,1734.4412000000007,1305.5339,12,4,0.0,0,0,0,0.0,0,0.0,12792.588300000003,0.0,0,0,0,1.5,0,0.0,0,0,0.0,0,0.0,0,0,0.0,0.0,0.0,0,0.6053,0.0,NaN,1280.0,100.0,0.225255048828125,0,0,0.0,0,0.0,1280.0,0,0.0,0,0,0,0.0,0.0,0.0,0.0,0.0,0.0,0.0,0.0,0,0,0,0,45,0.0,0,8,0.0,0,0.0,1654.7999999999997,0.0,910.3993643284854,0.0,910.3993643284854,0.0,0.6053,0.0,4714.4748,0.7228330394826918,96,2555.1874,28,10237.400899999997,4,0.0,4,1764.2531000000001,2,432.49670000000015,-5485.1143,24.823549999999994,0,4,129,129,12 + fiscal policy and VAT,debt,1,1.8189894035458565e-12
24,124,4,4,10885.8662,22.8258,7886.463000000001,0.0,13099.844299999997,,0.0,5301.9903,7797.853999999997,0.0,824.1421999999998,27.225207374999993,0.00375,0.0,1795.360729608049,0.0,0.36431127192306,616.7678631896449,896.3965530720327,0.02,123.89080000000004,1.6084372494752261,0.0,0.0,1.6084372494752261,0.0,2,0,47.19931713217056,0.5557689846276684,47.75508611679823,4.020556918641995,0.9557531947912908,4.976310113433286,889.2029999999999,889.9613000000016,889.2029999999999,0.0,4,0,68.96320000000007,5350.926100000001,115.661,1.6084372494752261,1.6084372494752261,0.0,0.0,0.0,0.09650623496851357,0.5,0.25,608.3559000000007,954.4241999999994,3412.1393000000003,34,462.97129999999964,673.1377000000001,384.1819,317.79990000000015,0.0,78.78939999999999,0.0,0.0,0.0,0,3098.721,0.0,0.0,0.0,0.0,471.59020000000015,0.0,0.015,5.175617786561266,5.720799206349204,NaN,1.7013805084745741,3.9200735275548224,1.9455211442205729,252.0,253.0,126.0,493.3333333333333,303.0,49.0,47,0,0,2,9,3.0,496.0,2966.6219,1323.8690000000001,3496.6543,184,8,0,28,0.257504686641036,0.6753344740519576,0.27338158798082834,3,1859.7835999999988,1309.4313000000002,12,3,0.0,0,0,0,0.0,0,0.0,13293.981356198354,0.0,0,0,0,1.5,0,0.0,0,0,0.0,0,0.0,0,0,0.0,0.0,0.0,0,2.9216,0.0,NaN,1280.0,100.0,0.24340159373385847,0,0,0.0,0,0.0,1280.0,0,0.0,0,0,0,0.0,0.0,0.0,0.0,0.0,0.0,0.0,0.0,0,0,0,0,47,0.0,0,8,0.0,0,0.0,1654.7999999999997,0.0,814.7792998081371,0.0,814.7792998081371,0.0,2.9216,0.0,4820.5233,0.7478512884779602,96,2507.8717,28,10786.109656198349,4,0.0,4,1844.0468000000005,2,76.49199999999962,-5301.9903,25.126202479338847,0,4,126,126,12 + fiscal policy and VAT,debt,1,1.8189894035458565e-12
25,124,4,4,10593.46310000001,23.5546,7634.776799999999,0.0,13436.923699999998,,0.0,5094.6798,8342.243899999998,0.0,808.5731000000001,29.23776399999999,0.00375,0.0,1791.2684799112267,0.0,0.3493016475198299,603.9243889843461,892.183103274151,0.02,129.37859999999998,1.6406059944647307,0.0,0.0,1.6406059944647307,0.0,2,0,49.442667029451464,0.4179018021029434,49.86056883155441,3.4677865020486363,0.9572085956959585,4.4249950977445955,938.9997999999993,889.203,938.9997999999993,0.0,4,0,68.96320000000007,5350.926100000001,120.2608,1.6406059944647307,1.6406059944647307,0.0,0.0,0.0,0.09843635966788383,0.5,0.25,648.3440000000003,994.4122999999995,3412.1393000000003,34,392.6313,684.3056,392.6313,322.5957000000002,0.0,0.0,0.0,0.0,0.0,0,2791.8057,0.0,0.0,0.0,0.0,456.37690000000003,0.0,0.015,5.362495599999998,5.98856875,NaN,1.7108333333333325,3.923253056759045,1.887155509893956,256.0,250.0,128.0,493.33333333333337,307.0,49.0,45,0,0,1,6,0.0,496.0,2856.2985,1378.0287,3567.3302,184,8,0,28,0.2612630125340367,0.6907748613770559,0.2776698011302159,11,1789.0791000000017,1340.6238999999996,10,4,0.0,0,0,0,0.0,0,0.0,13706.414203389835,0.0,0,0,0,1.5,0,0.0,0,0,0.0,0,0.0,0,0,0.0,0.0,0.0,0,0.0,0.0,NaN,1280.0,100.0,0.2627816954118114,0,0,0.0,0,0.0,1280.0,0,0.0,0,0,0,0.0,0.0,0.0,0.0,0.0,0.0,0.0,0.0,0,0,0,0,45,0.0,0,8,0.0,0,0.0,1654.7999999999997,0.0,915.3745796544337,0.0,915.3745796544337,0.0,0.0,0.0,4945.358899999999,0.7727033566018802,96,2371.2475999999997,28,11335.166603389824,4,0.0,4,1912.1844999999998,2,-190.43520000000024,-5094.6798,25.52070762711861,0,4,128,128,12 + fiscal policy and VAT,debt,1,1.8189894035458565e-12
26,124,4,4,10488.682499999999,24.2834,7569.7129,0.0,13796.923899999994,,0.0,5078.1154,8718.808499999996,0.0,763.2737000000001,31.279409625000003,0.00375,0.0,1796.2353298005978,0.0,0.3349104196420129,642.9228275739175,891.4764198670653,0.02,142.50279999999998,1.6734181143540252,0.0,0.0,1.6734181143540252,0.0,2,0,51.028192607437,0.35808731790225934,51.38627992533925,4.014851779085844,0.9492975932076604,4.964149372293504,943.6404000000002,938.9997999999988,943.6404000000002,0.0,4,0,68.96320000000007,5350.926100000001,139.275,1.6734181143540252,1.6734181143540252,0.0,0.0,0.0,0.10040508686124151,0.5,0.25,687.3319000000001,1033.4001999999996,3412.1393000000003,34,598.6711,702.7229000000002,598.6711,339.6789999999999,0.0,0.0,0.0,0.0,0.0,0,2472.6443,0.0,0.0,0.0,0.0,490.41230000000024,0.0,0.015,5.504404182509502,5.982801587301592,NaN,1.766334745762712,4.051806134097363,1.8305408445971376,252.0,263.0,126.0,494.6666666666667,302.99999999999994,49.0,47,0,0,1,9,7.0,496.0,2779.307799999999,1464.8978,3771.8326,184,8,0,28,0.2967782295962671,0.7087064798844134,0.2727615424151195,7,1851.2914999999978,1447.658299999999,13,4,0.0,0,0,0,0.0,0,0.0,14015.796799999996,0.0,0,0,0,1.5,0,0.0,0,0,0.0,0,0.0,0,0,0.0,0.0,0.0,0,6.4874,0.0,NaN,1280.0,100.0,0.29820671875,0,0,0.0,0,0.0,1280.0,0,0.0,0,0,0,0.0,0.0,0.0,0.0,0.0,0.0,0.0,0.0,0,0,0,0,47,0.0,0,8,0.0,0,0.0,1654.7999999999997,0.0,704.4968769323783,0.0,704.4968769323783,0.0,6.4874,0.0,5236.7303999999995,0.8032166350546868,96,2178.7577999999994,28,11837.038999999997,4,0.0,4,1906.7187,2,-470.60869999999966,-5078.1154,25.662499999999987,0,4,126,126,12 + fiscal policy and VAT,debt,1,1.8189894035458565e-12
27,124,4,4,10158.897199999996,25.0122,7279.5369999999975,0.0,14148.864999999998,,0.0,4821.5042,9327.360799999997,0.0,956.3325999999998,32.69145462500002,0.00375,0.0,1804.1574503035765,0.0,0.32111211035276194,645.6759301446152,891.686841869051,0.02,137.15100000000007,1.7068864766411058,0.0,0.0,1.7068864766411058,0.0,3,0,53.717201580729295,0.18461126151109014,53.90181284224038,3.9539134079499316,0.8744051139922552,4.828318521942187,953.7291999999998,943.6403999999999,953.7291999999998,0.0,4,0,68.96320000000007,5350.926100000001,125.0862,1.7068864766411058,1.7068864766411058,0.0,0.0,0.0,0.10241318859846635,0.5,0.25,726.2125000000001,1072.2808,3412.1393000000003,34,403.49280000000005,732.5492999999998,403.49280000000005,351.82050000000015,0.0,0.0,0.0,0.0,0.0,0,2133.9271,0.0,0.0,0.0,0.0,489.4855000000003,0.0,0.015,5.644560743801652,6.129989763779525,NaN,1.8079697478991599,4.189232947439015,1.7756246192592227,254.0,242.0,127.0,494.6666666666667,305.0,49.0,46,0,0,3,4,0.0,496.0,2688.2209999999995,1526.8595,3809.8896,184,8,0,28,0.29766372234828875,0.7221699190685988,0.2832703445720699,16,1907.3534000000006,1365.9836999999998,6,2,0.0,0,0,0,0.0,0,0.0,14596.467798305086,0.0,0,0,0,1.5,0,0.0,0,0,0.0,0,0.0,0,0,0.0,0.0,0.0,0,2.7696,0.0,NaN,1280.0,100.0,0.31548457709878175,0,0,0.0,0,0.0,1280.0,0,0.0,0,0,0,0.0,0.0,0.0,0.0,0.0,0.0,0.0,0.0,0,0,0,0,46,0.0,0,8,0.0,0,0.0,1654.7999999999997,0.0,730.8440758253901,0.0,730.8440758253901,0.0,2.7696,0.0,5336.7491,0.8323100319595154,96,2094.709,28,12501.758798305087,4,0.0,4,1960.0154000000002,2,-770.4452999999996,-4821.5042,26.49502118644068,0,4,127,127,12 + fiscal policy and VAT,debt,1,1.8189894035458565e-12
28,124,4,4,9976.632400000006,25.741,7135.797399999999,0.0,14532.857299999996,,0.0,4684.5052,9848.352099999996,0.0,941.6671000000005,34.97358075000003,0.00375,0.0,1821.7125089291535,0.0,0.30788229140622814,680.4832147887976,898.5118892861021,0.02,155.41459999999992,1.741024206173928,0.0,0.0,1.741024206173928,0.0,4,0,56.24433367322466,0.01077143160639472,56.255105104831046,4.646800171676038,0.883658958253553,5.530459129929591,988.4505000000017,953.7292000000001,988.4505000000017,0.0,4,0,68.96320000000007,5350.926100000001,152.9358,1.741024206173928,1.741024206173928,0.0,0.0,0.0,0.10446145237043568,0.5,0.25,764.0089,1110.0772,3412.1393000000003,34,570.1043,751.6403000000001,570.1043,355.5752,0.0,0.0,0.0,0.0,0.0,0,1775.9594,0.0,0.0,0.0,0.0,520.6640000000003,0.0,0.015,5.836625384615387,6.296998400000004,NaN,1.8398700854700853,4.342641125100795,1.7223558806814463,250.0,260.0,125.0,492.00000000000006,301.0,49.0,47,0,0,1,11,2.0,496.0,2711.0977999999986,1607.5374000000002,3882.0378000000005,184,8,0,28,0.3358763001419929,0.7403293026211637,0.2800633799215604,15,1969.7333999999994,1517.5226000000007,21,10,0.0,0,0,0,0.0,0,0.0,15032.977204201668,0.0,0,0,0,1.5,0,0.0,0,0,0.0,0,0.0,0,0,0.0,0.0,0.0,0,4.1573,0.0,NaN,1280.0,100.0,0.3377569111081933,0,0,0.0,0,0.0,1280.0,0,0.0,0,0,0,0.0,0.0,0.0,0.0,0.0,0.0,0.0,0.0,0,0,0,0,47,0.0,0,8,0.0,0,0.0,1654.7999999999997,0.0,670.6573153154435,0.0,670.6573153154435,0.0,4.1573,0.0,5489.5752,0.8674452456684316,96,1908.9526,28,13124.02460420168,4,0.0,4,2118.7809000000007,2,-1090.6166000000005,-4684.5052,27.119546218487397,0,4,125,125,12 + fiscal policy and VAT,debt,1,1.8189894035458565e-12
29,124,4,4,9680.756499999998,26.4698,6878.362700000002,0.0,14888.8036,,0.0,4416.5547,10472.248899999999,0.0,996.7868,36.927520750000035,0.00375,0.0,1843.5312506752762,0.0,0.2951975410002915,680.0350771781829,905.3577587835173,0.02,158.10549999999995,1.7758446902974065,0.0,0.0,1.7758446902974065,0.0,6,0,57.98974200157251,-0.15619113898754006,57.833550862584964,4.086593724095662,0.840661999586255,4.927255723681918,1035.4177999999993,988.4505000000004,1035.4177999999993,0.0,4,0,68.96320000000007,5350.926100000001,149.9935,1.7758446902974065,1.7758446902974065,0.0,0.0,0.0,0.10655068141784439,0.5,0.25,801.7213000000002,1147.7896000000003,3412.1393000000003,34,422.2609,717.408,422.2609,384.4432999999999,0.0,0.0,0.0,0.0,0.0,0,1399.2738,0.0,0.0,0.0,0.0,515.1227000000001,0.0,0.015,6.054116400000002,6.536637499999994,NaN,1.8855541666666664,4.464484459014653,1.670685204261003,256.0,250.0,128.0,494.6666666666667,307.0,49.0,46,0,0,1,4,2.0,496.0,2619.605599999999,1664.2727000000002,3997.6043999999997,184,8,0,28,0.3330289318509283,0.7542204646734458,0.2877976295575986,30,2038.2390999999986,1513.5291000000004,10,6,0.0,0,0,0,0.0,0,0.0,15512.83303589744,0.0,0,0,0,1.5,0,0.0,0,0,0.0,0,0.0,0,0,0.0,0.0,0.0,0,0.1061,0.0,NaN,1280.0,100.0,0.36181710061097755,0,0,0.0,0,0.0,1280.0,0,0.0,0,0,0,0.0,0.0,0.0,0.0,0.0,0.0,0.0,0.0,0,0,0,0,46,0.0,0,8,0.0,0,0.0,1654.7999999999997,0.0,798.8897880882486,0.0,798.8897880882486,0.0,0.1061,0.0,5661.877100000001,0.904806594799576,96,1755.2415000000003,28,13757.591535897438,4,0.0,4,2178.6124,2,-1429.5898000000002,-4416.5547,27.59805128205128,0,4,128,128,12 + fiscal policy and VAT,debt,1,1.8189894035458565e-12
30,124,4,4,9780.756600000008,27.1986,6863.2505999999985,0.0,15279.984400000003,,0.0,4355.518,10924.466400000003,0.0,1026.6051,39.266977000000026,0.00375,0.0,1873.8802635111833,0.0,0.2830354023110795,719.5303288731417,917.2919340074554,0.02,165.90960000000013,1.8113615841033548,0.0,0.0,1.8113615841033548,0.0,8,0,59.25959551463197,-0.34308268337886594,58.9165128312531,4.399333842782847,0.8493133146013951,5.248647157384243,1047.8724000000016,1035.4178000000002,1047.8724000000016,0.0,4,0,68.96320000000007,5350.926100000001,159.4729,1.8113615841033548,1.8113615841033548,0.0,0.0,0.0,0.10868169504620129,0.5,0.25,685.8803000000001,1185.0224999999998,3412.1393000000003,34,640.5544,539.8254999999999,487.4805,389.70290000000045,0.0,0.0,0.0,0.0,0.0,0,1157.005,0.0,0.0,0.0,0.0,548.8127000000002,0.0,0.015,6.228387199999999,6.728792000000008,NaN,1.950142735042735,4.671496421676176,1.6205646481331724,250.0,250.0,125.0,494.6666666666667,301.0,49.0,47,0,0,2,4,2.0,496.0,2721.2870999999986,1756.7925,4145.672,184,8,0,28,0.3488150263350065,0.7665509567394655,0.2856047506650712,33,2110.7335999999964,1557.0967999999998,8,4,0.0,0,0,0,0.0,0,0.0,16052.759000000004,0.0,0,0,0,1.5,0,0.0,0,0,0.0,0,0.0,0,0,0.0,0.0,0.0,0,6.3994,0.0,NaN,1280.0,100.0,0.39270732421875,0,0,0.0,0,0.0,1280.0,0,0.0,0,0,0,0.0,0.0,0.0,0.0,0.0,0.0,0.0,0.0,0,0,0,0,47,0.0,0,8,0.0,0,0.0,1654.7999999999997,0.0,668.2153268188569,0.0,668.2153268188569,0.0,6.3994,0.0,5902.4645,0.9520527276945072,96,1625.0957999999994,28,14427.663199999999,4,0.0,4,2202.5025000000005,2,-1787.6996000000004,-4355.518,28.283312499999997,0,4,125,125,12 + fiscal policy and VAT,debt,1,1.8189894035458565e-12
31,124,4,4,9627.035600000003,27.9274,6609.746899999998,0.0,15696.7939,,0.0,4056.4961,11640.2978,0.0,1135.9599,40.96291087500002,0.00375,0.0,1918.0473236332036,0.0,0.271374343735863,758.4469660184196,937.990290755469,0.02,175.65899999999996,1.847588815785422,0.0,0.0,1.847588815785422,0.0,13,0,60.47403548498215,-0.4556356098092296,60.018399875172925,3.6713436826792014,0.8898564998228328,4.561200182502034,1098.6408000000004,1047.8724000000007,1098.6408000000004,0.0,4,0,68.96320000000007,5350.926100000001,170.0051,1.847588815785422,1.847588815785422,0.0,0.0,0.0,0.11085532894712531,0.5,0.25,585.3688000000004,1223.342700000001,3412.1393000000003,34,393.92830000000004,546.9204999999996,255.09660000000002,404.3825000000004,0.0,0.0,0.0,0.0,0.0,0,954.1088,0.0,0.0,0.0,0.0,583.1501000000001,0.0,0.015,6.388420948616604,7.056246400000003,NaN,2.0224598290598292,4.578537999749264,1.5719477086891773,250.0,253.0,125.0,493.3333333333333,301.0,49.0,48,0,0,1,6,3.0,496.0,2565.9747999999995,1831.9118,4275.0401999999995,184,8,0,28,0.3155788201817098,0.7773397144047793,0.26114873927236704,35,2129.362999999999,1616.2705000000008,13,7,0.0,0,0,0,0.0,0,0.0,16594.430148717955,0.0,0,0,0,1.5,0,0.0,0,0,0.0,0,0.0,0,0,0.0,0.0,0.0,0,3.4698,0.0,NaN,1280.0,100.0,0.42029370392628207,0,0,0.0,0,0.0,1280.0,0,0.0,0,0,0,0.0,0.0,0.0,0.0,0.0,0.0,0.0,0.0,0,0,0,0,48,0.0,0,8,0.0,0,0.0,1654.7999999999997,0.0,685.9690954663906,0.0,685.9690954663906,0.0,3.4698,0.0,6106.952,0.9906253035509607,96,1473.4938999999997,28,15120.936248717948,4,0.0,4,2283.8503,2,-2091.1072999999997,-4056.4961,29.252141025641023,0,4,125,125,12 + fiscal policy and VAT,debt,1,1.8189894035458565e-12
32,124,4,4,9731.787600000009,28.6562,6674.722300000001,0.0,16097.173400000005,,0.0,4079.5663,12017.607100000005,0.0,929.561,43.64704425000001,0.00375,0.0,1961.5814099802415,0.0,0.2601937207739454,753.0334099181966,957.6093816534942,0.02,180.81190000000004,1.8845405921011305,0.0,0.0,1.8845405921011305,0.0,17,0,61.792491860026146,-0.6854725972539865,61.107019262772155,4.2915019304215045,0.736000863304337,5.027502793725842,1108.2015999999994,1098.6407999999988,1108.2015999999994,0.0,4,0,68.96320000000007,5350.926100000001,173.6277,1.8845405921011305,1.8845405921011305,0.0,0.0,0.0,0.11307243552606783,0.5,0.25,544.8634000000008,1261.5522000000024,3412.1393000000003,34,646.3128999999999,540.8320999999993,567.598,416.5873000000001,0.0,0.0,0.0,0.0,0.0,0,741.4811,0.0,0.0,0.0,0.0,573.5597,0.0,0.015,6.472483333333329,7.112541599999999,NaN,2.0882760683760693,4.466487569717838,1.524789277428502,250.0,252.0,125.0,494.66666666666663,301.0,49.0,47,0,0,0,3,4.0,496.0,2648.1746,1923.0366,4419.0953,184,8,0,28,0.3515973083082673,0.7897140709711463,0.2568929806600848,43,2097.628999999999,1631.065799999999,16,13,0.0,0,0,0,0.0,0,0.0,17106.393028205108,0.0,0,0,0,1.5,0,0.0,0,0,0.0,0,0.0,0,0,0.0,0.0,0.0,0,6.5092,0.0,NaN,1280.0,100.0,0.45096795698116987,0,0,0.0,0,0.0,1280.0,0,0.0,0,0,0,0.0,0.0,0.0,0.0,0.0,0.0,0.0,0.0,0,0,0,0,47,0.0,0,8,0.0,0,0.0,1654.7999999999997,0.0,561.3783349800917,0.0,561.3783349800917,0.0,6.5092,0.0,6342.1319,1.0254608785139265,96,1315.8915000000002,28,15790.501528205124,4,0.0,4,2318.8401000000003,2,-2344.2404,-4079.5663,30.336897435897438,0,4,125,125,12 + fiscal policy and VAT,debt,1,1.8189894035458565e-12
33,124,4,4,9759.508199999998,29.384999999999998,6694.235699999999,0.0,16527.529300000006,,0.0,4051.2597,12476.269600000005,0.0,1229.9996000000003,45.06208674999999,0.00375,0.0,2012.6388469618073,0.0,0.24947373947805884,776.9372196201261,982.224447974538,0.02,175.24280000000005,1.9222314039431532,0.0,0.0,1.9222314039431532,0.0,18,0,62.82626674816887,-0.7322981390450346,62.09396860912384,5.059214778459585,0.8011730428042823,5.860387821263867,1111.7576999999997,1108.2016000000008,1111.7576999999997,0.0,4,0,68.96320000000007,5350.926100000001,174.7523,1.9222314039431532,1.9222314039431532,0.0,0.0,0.0,0.11533388423658919,0.5,0.25,535.9274000000011,1301.2100000000034,3412.1393000000003,34,580.9903,552.5408999999999,532.3965000000001,412.04639999999995,0.0,0.0,0.0,0.0,0.0,0,518.8541,0.0,0.0,0.0,0.0,595.4203,0.0,0.015,6.430812448132781,7.082996825396823,NaN,2.115115384615385,4.4445250773619955,1.4790455991056466,252.0,241.0,126.0,496.0,303.0,49.0,47,0,0,6,1,2.0,496.0,2986.8798999999985,1979.0817000000002,4274.6925,183,9,0,28,0.3810066470927542,0.7937324538731996,0.2375853338764362,40,2127.3624999999975,1549.8258000000003,10,9,0.0,0,0,0,0.0,0,0.0,17710.29140769231,0.0,0,0,0,1.5,0,0.0,0,0,0.0,0,0.0,0,0,0.0,0.0,0.0,0,3.0657,0.0,NaN,1280.0,100.0,0.4530295575420673,0,0,0.0,0,0.0,1280.0,0,0.0,0,0,0,0.0,0.0,0.0,0.0,0.0,0.0,0.0,0.0,0,0,0,0,47,0.0,0,8,0.0,0,0.0,1654.7999999999997,0.0,631.4568682761684,0.0,631.4568682761684,0.0,3.0657,0.0,6253.7742,1.042103527139634,96,1229.4736,28,16480.81780769231,4,0.0,4,2544.5718,2,-2575.8034,-4051.2597,31.32414102564104,0,4,126,126,12 + fiscal policy and VAT,debt,1,1.8189894035458565e-12
34,124,4,4,9513.768699999993,30.113799999999998,6455.636500000003,0.0,16968.079600000005,,0.0,3802.9152,13165.164400000005,0.0,1532.6185999999998,46.782236625,0.00375,0.0,2064.4335659481762,0.0,0.2391954214115628,790.1897945278085,1007.5750772987842,0.02,180.65809999999988,1.9606760320220162,0.0,0.0,1.9606760320220162,0.0,20,0,66.32411513045281,-0.908950729602428,65.41516440085039,5.423502776355038,0.727815633107497,6.151318409462535,1075.9878,1111.7577000000013,1075.9878,0.0,4,0,68.96320000000007,5350.926100000001,184.35479999999998,1.9606760320220162,1.9606760320220162,0.0,0.0,0.0,0.11764056192132097,0.5,0.25,542.3389000000013,1342.1456000000057,3412.1393000000003,34,315.03929999999997,560.0499999999993,280.51519999999994,416.68180000000035,0.0,0.0,0.0,0.0,0.0,0,286.5189,0.0,0.0,0.0,0.0,610.1417999999998,0.0,0.015,6.393424081632652,7.03063223140496,NaN,2.112697321428572,4.4503762752434755,1.4346742311324776,242.0,245.0,121.0,488.00000000000006,293.0,49.0,48,0,0,4,3,0.0,496.0,2928.100199999999,2094.0302,4205.1194,183,9,0,28,0.38872928487016756,0.8045137047358613,0.24431052770813322,43,2093.0740999999985,1566.3888999999997,10,7,0.0,0,0,0,0.0,0,0.0,18155.31143076923,0.0,0,0,0,1.5,0,0.0,0,0,0.0,0,0.0,0,0,0.0,0.0,0.0,0,7.8352,0.0,NaN,1280.0,100.0,0.46467458759014424,0,0,0.0,0,0.0,1280.0,0,0.0,0,0,0,0.0,0.0,0.0,0.0,0.0,0.0,0.0,0.0,0,0,0,0,48,0.0,0,8,0.0,0,0.0,1654.7999999999997,0.0,344.8421301943764,0.0,344.8421301943764,0.0,7.8352,0.0,6299.149600000001,1.0696709921875562,96,1094.0536000000002,28,17061.257830769227,4,0.0,4,2723.3491000000004,2,-2801.727100000001,-3802.9152,31.726730769230777,0,4,121,121,12 + fiscal policy and VAT,debt,1,1.8189894035458565e-12
35,124,4,4,9245.04000000001,30.842599999999997,6200.636100000001,0.0,17390.7619,,0.0,3546.266,13844.495900000002,0.0,1405.5600000000002,49.365292875,0.00375,0.0,2112.043901825213,0.0,0.22934057004940642,780.2285864836555,1029.9256428834753,0.02,184.54540000000003,1.9998895526624565,0.0,0.0,1.9998895526624565,0.0,24,0,68.55730676591952,-0.9159763102253856,67.64133045569415,5.421854740756484,0.8127784788949921,6.234633219651477,1102.1161000000009,1075.9878000000008,1102.1161000000009,0.0,4,0,68.96320000000007,5350.926100000001,188.1254,1.9998895526624565,1.9998895526624565,0.0,0.0,0.0,0.11999337315974738,0.5,0.25,555.3384000000015,1382.6864000000082,3412.1393000000003,34,289.5253,557.5251999999998,261.98400000000004,425.92900000000026,0.0,0.0,0.0,0.0,0.0,0,43.9732,0.0,0.0,0.0,0.0,601.5121999999994,0.0,0.015,6.376906504065043,7.047744354838714,NaN,2.116108695652174,4.422276974193028,1.391634004198503,248.0,246.0,124.0,490.6666666666667,299.0,49.0,47,1,1,3,2,1.0,495.0,2937.065399999999,2155.5094,4108.492,183,9,0,28,0.38634361293572694,0.8093998721470805,0.2375084770992364,41,2110.9529999999995,1568.7190000000005,10,8,0.0,0,0,1,0.0,0,0.0,18532.39624732141,0.0,0,0,0,1.5,0,0.0,0,0,0.0,0,0.0,0,0,0.0,0.0,0.0,0,4.8212,0.0,NaN,1280.0,100.0,0.4680702674211775,0,0,0.0,0,0.0,1280.0,0,0.0,0,0,0,0.0,0.0,0.0,0.0,0.0,0.0,0.0,0.0,0,0,0,0,47,0.0,0,8,0.0,0,0.0,1654.7999999999997,0.0,496.6094601986108,0.0,496.6094601986108,0.0,4.8212,0.0,6264.001399999999,1.0910054065239965,96,1004.4507000000001,28,17527.94554732143,4,0.0,4,2956.0281999999997,2,-3031.273300000001,-3546.266,31.69045982142858,0,4,124,124,12 + fiscal policy and VAT,debt,1,1.8189894035458565e-12
36,124,4,4,9480.763900000004,31.571400000000004,6178.844000000004,0.0,17830.1365,,0.0,3520.2919,14309.844600000002,0.0,1289.4908999999998,51.91296312500001,0.00375,0.0,2159.361704745543,0.0,0.21989173856337085,806.0390748709644,1051.5948114970288,0.02,192.48099999999997,2.0,0.0,0.0,2.0,0.0,28,0,70.05427199988733,-1.030278813477748,69.02399318640958,6.234933423385574,0.8614887688617269,7.096422192247302,1095.3521000000005,1102.1161000000009,1095.3521000000005,0.0,4,0,68.96320000000007,5350.926100000001,192.066,2.0,2.0,0.0,0.0,0.0,0.12,0.5,0.25,297.0936000000015,1422.670800000007,3412.1393000000003,34,782.7485999999997,546.2958999999983,484.5194,436.3122999999997,0.0,65.67299999999999,0.0,0.0,0.0,0,0.0,0.0,0.0,0.0,0.0,628.0584,0.0,0.015,6.365484126984128,7.095851639344267,NaN,2.084075221238938,4.446776431984114,1.3498849840725475,244.0,252.0,122.0,491.0,295.0,49.0,49,0,0,3,7,1.0,496.0,3057.3275,2251.6135,4171.8229,183,9,0,28,0.401318750054239,0.8109082105293259,0.22615678127754402,32,2187.803199999997,1604.102,12,5,0.0,0,0,0,0.0,0,0.0,18959.611469565207,0.0,0,0,0,1.5,0,0.0,0,0,0.0,0,0.0,0,0,0.0,0.0,0.0,0,5.7827,0.0,NaN,1280.0,100.0,0.49054506581182067,0,0,0.0,0,0.0,1280.0,0,0.0,0,0,0,0.0,0.0,0.0,0.0,0.0,0.0,0.0,0.0,0,0,0,0,49,0.0,0,8,0.0,0,0.0,1654.7999999999997,0.0,225.46715837615272,0.0,225.46715837615272,0.0,5.7827,0.0,6423.4364,1.1173915748526675,96,1176.5652999999998,28,17783.046169565216,4,0.0,4,3049.3596,2,-3333.4912999999997,-3520.2919,31.741630434782614,0,4,122,122,12 + fiscal policy and VAT,debt,1,1.8189894035458565e-12
37,124,4,4,9429.360199999997,32.300200000000004,6016.946299999999,0.0,18239.4707,,0.0,3394.2042,14845.266500000002,0.0,1343.9950000000003,53.65813737500001,0.00375,0.0,2199.8119136781715,0.0,0.21083219893455998,765.7252247148592,1069.8067591187807,0.02,187.1356000000001,2.0,0.0,0.0,2.0,0.0,31,0,71.11044196668666,-1.1084146457020814,70.00202732098458,5.864082645617299,0.7287695233844231,6.5928521690017226,1106.9702000000004,1095.3521000000007,1106.9702000000004,0.0,4,0,68.96320000000007,5350.926100000001,188.2214,2.0,2.0,0.0,0.0,0.0,0.12,0.5,0.25,185.8708000000018,1463.292000000011,3412.1393000000003,34,500.13530000000003,550.8102000000006,348.2913,427.65400000000005,0.0,0.0,0.0,0.0,0.0,0,0.0,0.0,0.0,0.0,0.0,588.3239999999995,0.0,0.015,6.365150612244899,6.997103968253976,NaN,2.0937777777777775,3.9917731170427633,1.3093884345503712,252.0,245.0,126.0,492.0,303.0,49.0,46,1,1,3,3,0.0,495.0,2941.491199999999,2316.1215,4171.7475,183,9,0,28,0.40699600410707615,0.8174411652855662,0.19821739719250298,46,1994.8288000000005,1559.4619000000002,16,13,0.0,0,0,1,0.0,0,0.0,19146.81888230089,0.0,0,0,0,1.5,0,0.0,0,0,0.0,0,0.0,0,0,0.0,0.0,0.0,0,4.9338,0.0,NaN,1280.0,100.0,0.5032749955925055,0,0,0.0,0,0.0,1280.0,0,0.0,0,0,0,0.0,0.0,0.0,0.0,0.0,0.0,0.0,0.0,0,0,0,0,46,0.0,0,8,0.0,0,0.0,1654.7999999999997,0.0,393.2442355518534,0.0,393.2442355518534,0.0,4.9338,0.0,6487.869000000001,1.1313236017361186,96,1070.0914999999998,28,18076.727382300887,4,0.0,4,3159.3695,2,-3444.7140999999997,-3394.2042,31.261128318584074,0,4,126,126,12 + fiscal policy and VAT,debt,1,1.8189894035458565e-12
38,124,4,4,9140.203399999995,33.029,5672.4511,0.0,18680.5732,,0.0,3082.5275,15598.0457,0.0,1516.0529,55.66612825000002,0.00375,0.0,2236.660249941858,0.0,0.2021459123384561,790.3161726286654,1087.5244082945721,0.02,187.8739,2.0,0.0,0.0,2.0,0.0,31,0,72.84957408848668,-1.1494687419637075,71.70010534652297,5.381719342315021,0.8051072910683699,6.186826633383391,1047.599600000001,1106.9702,1047.599600000001,0.0,4,0,68.96320000000007,5350.926100000001,176.7016,2.0,2.0,0.0,0.0,0.0,0.12,0.5,0.25,129.80360000000175,1503.446900000015,3412.1393000000003,34,255.17419999999996,543.6021999999998,158.95209999999997,421.85390000000024,0.0,0.0,0.0,0.0,0.0,0,0.0,0.0,0.0,0.0,0.0,613.1731999999998,0.0,0.015,6.212775396825398,6.796598373983745,NaN,2.140207017543861,3.8163793170257168,1.27010678151386,246.0,252.0,123.0,491.0,297.0,49.0,48,2,2,2,4,6.0,494.0,2917.195400000002,2211.3674,4011.6406,183,9,0,28,0.3975489863289752,0.8203318999610214,0.17277698986419998,50,1947.0595999999987,1565.6194000000003,15,11,0.0,0,0,2,0.0,0,0.0,19395.006699999984,0.0,0,0,0,1.5,0,0.0,0,0,0.0,0,0.0,0,0,0.0,0.0,0.0,0,5.5256,0.0,NaN,1280.0,100.0,0.48439757812500006,0,0,0.0,0,0.0,1280.0,0,0.0,0,0,0,0.0,0.0,0.0,0.0,0.0,0.0,0.0,0.0,0,0,0,0,48,0.0,0,8,0.0,0,0.0,1654.7999999999997,0.0,132.71191786548638,0.0,132.71191786548638,0.0,5.5256,0.0,6223.008,1.1239088845363907,96,1015.4363000000002,28,18379.570399999993,4,195.58539999999994,4,3433.2852999999996,2,-3500.781300000001,-3082.5275,31.406666666666663,0,4,123,123,12 + fiscal policy and VAT,debt,1,1.8189894035458565e-12
39,124,4,4,9120.397,33.757799999999996,5623.997500000005,0.0,19146.269800000002,,0.0,3069.4932,16076.776600000001,0.0,1435.0635000000004,58.48881900000001,0.00375,0.0,2272.459391864235,0.0,0.1938175007501117,788.8724978341222,1107.6186695761567,0.02,178.16139999999996,2.0,0.0,0.0,2.0,0.0,35,0,76.67306421814168,-1.2299112734550934,75.44315294468657,6.406934629195319,0.8638141555987361,7.270748784794055,1039.7101000000018,1047.5996000000002,1039.7101000000018,0.0,4,0,68.96320000000007,5350.926100000001,174.44689999999997,2.0,2.0,0.0,0.0,0.0,0.12,0.5,0.25,100.42760000000182,1542.2547000000156,3412.1393000000003,34,512.8974,531.9749999999995,444.7136,397.0824999999998,0.0,0.0,0.0,0.0,0.0,0,0.0,0.0,0.0,0.0,0.0,616.2038999999999,0.0,0.015,6.1097773662551464,6.7689674796748065,NaN,2.048258771929825,3.653664903812633,1.2320035780684442,246.0,243.0,123.0,491.33333333333337,297.00000000000006,49.0,49,1,0,4,3,2.0,495.0,3003.8321,2164.6665,3951.8984,183,9,0,28,0.4181158903869884,0.8239557577125087,0.15206922373577414,50,1894.8605000000014,1484.6759000000006,10,7,0.0,0,0,1,0.0,0,0.0,19782.965963157887,0.0,0,0,0,1.5,0,0.0,0,0,0.0,0,0.0,0,0,0.0,0.0,0.0,0,9.9116,0.0,NaN,1280.0,100.0,0.48147484837582244,0,0,0.0,0,0.0,1280.0,0,0.0,0,0,0,0.0,0.0,0.0,0.0,0.0,0.0,0.0,0.0,0,0,0,0,49,0.0,0,8,0.0,0,0.0,1654.7999999999997,0.0,96.7201749109056,0.0,96.7201749109056,0.0,9.9116,0.0,6116.564899999999,1.1176341205007063,96,960.2760000000004,28,18822.689963157896,4,314.5568,4,3584.3434,2,-3530.1573000000003,-3069.4932,32.103105263157914,0,4,123,123,12 + fiscal policy and VAT,debt,1,1.8189894035458565e-12
40,124,4,4,9110.479100000002,34.4866,5600.1927000000005,0.0,19586.648699999987,,0.0,3084.9401,16501.708599999987,0.0,1366.5990999999997,60.2839655,0.00375,0.0,2293.880596891623,0.0,0.18583221971920708,766.1680348983491,1118.0785895944152,0.02,187.8152,2.0,0.0,0.0,2.0,0.0,39,1,78.61014637698473,-1.404861609863809,77.20528476712092,7.148370125762799,0.7602165984508804,7.908586724213679,1021.9326999999992,1039.7101000000018,1021.9326999999992,0.0,4,0,68.96320000000007,5350.926100000001,181.1281,2.0,2.0,0.0,0.0,0.0,0.12,0.5,0.25,85.81190000000186,1581.052300000012,3412.1393000000003,34,517.2278000000001,526.4168999999998,463.8145,401.4257999999997,0.0,0.0,0.0,0.0,0.0,0,0.0,0.0,0.0,0.0,0.0,596.5802000000003,0.0,0.015,5.973754580152674,6.529687096774186,NaN,2.0317113043478257,3.5448945185167338,1.195043470726391,248.0,262.0,124.0,490.0,299.0,49.0,48,0,0,2,10,8.0,496.0,2971.6708000000003,2088.4012000000002,4050.4071,183,9,0,28,0.44095027119467267,0.8302164504958272,0.14703182050048147,51,1852.5435999999982,1565.1237000000006,16,6,0.0,0,0,0,0.0,0,0.0,19659.03702894736,0.0,0,0,0,1.5,0,0.0,0,0,0.0,0,0.0,0,0,0.0,0.0,0.0,0,17.3189,0.0,NaN,1280.0,100.0,0.48929484709087173,0,0,0.0,0,0.0,1280.0,0,0.0,0,0,0,0.0,0.0,0.0,0.0,0.0,0.0,0.0,0.0,0,0,0,0,48,0.0,0,8,0.0,0,0.0,1654.7999999999997,0.0,32.714407376194,0.0,32.714407376194,0.0,17.3189,0.0,6138.808300000001,1.1221794230459,96,862.2738999999995,28,18796.763128947365,4,460.17870000000005,4,3672.0285,2,-3544.7729999999997,-3084.9401,30.723881578947378,0,4,124,124,12 + fiscal policy and VAT,debt,1,1.8189894035458565e-12
41,124,4,4,9114.564399999996,35.2154,5598.1777999999995,0.0,20006.469799999988,,0.0,3133.0375,16873.43229999999,0.0,1368.5105000000003,61.87720374999999,0.00375,0.0,2307.3782591779104,0.0,0.17817593226677572,734.0257263233351,1126.4880061186068,0.02,173.36069999999998,2.0,0.0,0.0,2.0,0.0,41,0,81.51213840667735,-1.4306880291102013,80.08145037756715,8.238909774352019,0.8108182386265483,9.049728012978566,1016.8049000000005,1021.9326999999996,1016.8049000000005,0.0,4,0,68.96320000000007,5350.926100000001,159.54,2.0,2.0,0.0,0.0,0.0,0.12,0.5,0.25,78.9829000000019,1620.2717000000152,3412.1393000000003,34,516.1202999999999,511.3061999999996,470.07189999999997,391.5115999999999,0.0,0.0,0.0,0.0,0.0,0,0.0,0.0,0.0,0.0,0.0,568.4176999999997,0.0,0.015,5.89661673469388,6.460375000000002,NaN,2.012704201680673,3.454355405240073,1.1591921666045992,256.0,245.0,128.0,493.33333333333337,307.0,49.0,46,1,1,4,6,5.0,495.0,3115.002800000002,2109.402,3890.1596,183,9,0,28,0.46425198056157124,0.8318409399056466,0.14186054529901804,45,1832.180200000001,1444.6711000000005,19,13,0.0,0,0,1,0.0,0,0.0,19856.64923043478,0.0,0,0,0,1.5,0,0.0,0,0,0.0,0,0.0,0,0,0.0,0.0,0.0,0,5.8256,0.0,NaN,1280.0,100.0,0.4823383814538043,0,0,0.0,0,0.0,1280.0,0,0.0,0,0,0,0.0,0.0,0.0,0.0,0.0,0.0,0.0,0.0,0,0,0,0,46,0.0,0,8,0.0,0,0.0,1654.7999999999997,0.0,68.75070611584783,0.0,68.75070611584783,0.0,5.8256,0.0,5999.561599999999,1.117510206463378,96,835.9520000000003,28,19020.697230434784,4,481.51390000000004,4,3902.5799000000006,2,-3551.6020000000003,-3133.0375,30.475669565217384,0,4,128,128,12 + fiscal policy and VAT,debt,1,1.8189894035458565e-12
42,124,4,4,8731.107000000002,35.9442,5212.1836,0.0,20469.847799999992,,0.0,2810.851,17658.996799999994,0.0,1812.1696,63.27132974999998,0.00375,0.0,2313.73554544749,0.0,0.17083508385738458,744.9594739514582,1133.1579052983268,0.02,165.1446,2.0,0.0,0.0,2.0,0.0,42,0,83.6106881743655,-1.4848634780377805,82.12582469632773,8.024874341063972,0.7762961439227698,8.801170484986741,983.2519999999995,1016.8049000000001,983.2519999999995,0.0,4,0,68.96320000000007,5350.926100000001,164.1065,2.0,2.0,0.0,0.0,0.0,0.12,0.5,0.25,75.71730000000186,1659.566400000019,3412.1393000000003,34,137.924,520.6526000000001,95.36370000000004,360.5223999999998,0.0,0.0,0.0,0.0,0.0,0,0.0,0.0,0.0,0.0,0.0,581.6820000000001,0.0,0.015,5.7581949790795,6.43705691056911,NaN,1.989828070175438,3.3796409975442248,1.124416401606461,246.0,239.0,123.0,489.66666666666674,297.0,49.0,48,1,1,7,3,2.0,495.0,3096.812399999999,1985.5634,3648.7312,183,9,0,28,0.46827834449092465,0.8331773919926573,0.14633370088401643,51,1779.3873999999998,1376.2086000000004,10,7,0.0,0,0,1,0.0,0,0.0,20071.65933361347,0.0,0,0,0,1.5,0,0.0,0,0,0.0,0,0.0,0,0,0.0,0.0,0.0,0,9.455499999999999,0.0,NaN,1280.0,100.0,0.45327719406512607,0,0,0.0,0,0.0,1280.0,0,0.0,0,0,0,0.0,0.0,0.0,0.0,0.0,0.0,0.0,0.0,0,0,0,0,48,0.0,0,8,0.0,0,0.0,1654.7999999999997,0.0,136.14123142536187,0.0,136.14123142536187,0.0,9.455499999999999,0.0,5634.294599999999,1.1069775488162195,96,841.2420000000003,28,19230.41733361345,4,701.1679,4,4176.6767,2,-3554.8675999999996,-2810.851,30.190563025210093,0,4,123,123,12 + fiscal policy and VAT,debt,1,1.8189894035458565e-12
43,124,4,4,8678.5972,36.673,5156.95,0.0,20923.34249999999,,0.0,2823.5512,18099.791299999993,0.0,1576.7544,66.21709337499999,0.00375,0.0,2308.2871637403723,0.0,0.16379667840246034,736.6534391899493,1132.9379258269148,0.02,166.81180000000003,2.0,0.0,0.0,2.0,0.0,44,0,86.72236635470301,-1.5829446900951882,85.13942166460782,8.491250327166968,0.7821765355920604,9.27342686275903,974.0575000000007,983.2519999999981,974.0575000000007,0.0,4,0,68.96320000000007,5350.926100000001,166.7457,2.0,2.0,0.0,0.0,0.0,0.12,0.5,0.25,72.26470000000182,1696.998300000021,3412.1393000000003,34,457.6783,509.45930000000027,416.7938,363.43520000000007,0.0,0.0,0.0,0.0,0.0,0,0.0,0.0,0.0,0.0,0.0,577.3896999999997,0.0,0.015,5.650811788617884,6.407640163934427,NaN,1.9585176991150446,3.312125369316961,1.0906839095582672,244.0,246.0,122.0,485.66666666666674,295.0,49.0,48,1,1,4,6,0.0,495.0,3164.796600000002,1934.4209999999998,3579.3795999999998,183,9,0,28,0.47758350053512943,0.8354297648202529,0.14128948262927232,51,1745.0702999999987,1390.0996999999995,12,6,0.0,0,0,1,0.0,0,0.0,20227.168452631577,0.0,0,0,0,1.5,0,0.0,0,0,0.0,0,0.0,0,0,0.0,0.0,0.0,0,7.075699999999999,0.0,NaN,1280.0,100.0,0.4480686122532894,0,0,0.0,0,0.0,1280.0,0,0.0,0,0,0,0.0,0.0,0.0,0.0,0.0,0.0,0.0,0.0,0,0,0,0,48,0.0,0,8,0.0,0,0.0,1654.7999999999997,0.0,115.09419597013687,0.0,115.09419597013687,0.0,7.075699999999999,0.0,5513.8006000000005,1.1014372611420071,96,803.9252,28,19423.24325263158,4,830.3417999999999,4,4335.6648000000005,2,-3558.3202000000006,-2823.5512,29.84742105263157,0,4,122,122,12 + fiscal policy and VAT,debt,1,1.8189894035458565e-12
44,124,4,4,8382.578099999997,37.4018,4859.7528999999995,0.0,21366.553300000003,,0.0,2578.0034,18788.5499,0.0,1618.3195999999996,67.87016349999996,0.00375,0.0,2300.7563575303,0.0,0.15704825525227897,722.9101850779072,1132.4920133535336,0.02,164.5706,2.0,0.0,0.0,2.0,0.0,48,0,89.3390450944424,-1.7082685687940231,87.63077652564837,7.486226743304816,0.7554202227365422,8.241646966041358,978.3023000000007,974.0575000000016,978.3023000000007,0.0,4,0,68.96320000000007,5350.926100000001,165.479,2.0,2.0,0.0,0.0,0.0,0.12,0.5,0.25,70.35790000000185,1734.1755000000242,3412.1393000000003,34,214.11620000000005,509.40649999999965,175.03220000000005,361.69179999999983,0.0,0.0,0.0,0.0,0.0,0,0.0,0.0,0.0,0.0,0.0,566.7855000000001,0.0,0.015,5.574882520325203,6.357168548387105,NaN,1.9717634782608688,3.234142469898245,1.0579633922715193,248.0,246.0,124.0,489.66666666666674,299.0,49.0,48,0,0,2,0,0.0,496.0,2891.7974000000004,1930.5126,3560.2681,183,9,0,28,0.4598754438686561,0.8390148214113162,0.1450698666313841,57,1731.2164000000002,1371.4211,7,7,0.0,0,0,0,0.0,0,0.0,20367.130484070804,0.0,0,0,0,1.5,0,0.0,0,0,0.0,0,0.0,0,0,0.0,0.0,0.0,0,6.3126999999999995,0.0,NaN,1280.0,100.0,0.45226779193169253,0,0,0.0,0,0.0,1280.0,0,0.0,0,0,0,0.0,0.0,0.0,0.0,0.0,0.0,0.0,0.0,0,0,0,0,48,0.0,0,8,0.0,0,0.0,1654.7999999999997,0.0,148.77831064146426,0.0,148.77831064146426,0.0,6.3126999999999995,0.0,5490.7807,1.1004551280997934,96,746.8638999999998,28,19620.266584070803,4,900.4376000000001,4,4436.8223,2,-3560.227,-2578.0034,29.377765486725668,0,4,124,124,12 + fiscal policy and VAT,debt,1,1.8189894035458565e-12
45,124,4,4,8697.294199999997,38.1306,5173.000700000002,0.0,21808.888800000004,,0.0,2948.3136,18860.575200000003,0.0,1302.024900000001,70.4531095,0.00375,0.0,2285.9716565763943,0.0,0.15057786713588509,717.7984158045014,1127.0718710509295,0.02,164.2754,2.0,0.0,0.0,2.0,0.0,48,0,91.80551217765216,-1.8195286261819947,89.98598355147017,8.642342056717665,0.7297956477408727,9.372137704458536,949.8648000000006,978.3023000000009,949.8648000000006,0.0,4,0,68.96320000000007,5350.926100000001,163.0357,2.0,2.0,0.0,0.0,0.0,0.12,0.5,0.25,68.1608000000018,1770.050900000025,3412.1393000000003,34,813.0835,497.6386000000001,775.011,358.8105,0.0,0.0,0.0,0.0,0.0,0,0.0,0.0,0.0,0.0,0.0,563.9314999999998,0.0,0.015,5.4758428,6.210334959349597,NaN,1.9100491228070178,3.194392201934941,1.0262244905033737,246.0,250.0,123.0,493.3333333333333,297.0,49.0,49,1,1,4,4,4.0,495.0,3064.3666000000003,1891.2288,3741.6988,183,9,0,28,0.49110741294002014,0.8413291115141872,0.13964835603913706,58,1702.9315999999992,1368.9606999999999,14,10,0.0,0,0,1,0.0,0,0.0,20605.53384782609,0.0,0,0,0,1.5,0,0.0,0,0,0.0,0,0.0,0,0,0.0,0.0,0.0,0,25.114800000000002,0.0,NaN,1280.0,100.0,0.4731839521059783,0,0,0.0,0,0.0,1280.0,0,0.0,0,0,0,0.0,0.0,0.0,0.0,0.0,0.0,0.0,0.0,0,0,0,0,49,0.0,0,8,0.0,0,0.0,1654.7999999999997,0.0,78.39284427178814,0.0,78.39284427178814,0.0,25.114800000000002,0.0,5632.9276,1.098396161861867,96,694.9373999999999,28,19910.596447826087,4,1026.6745999999998,4,4339.9521,2,-3562.4240999999997,-2948.3136,29.576452173913033,0,4,123,123,12 + fiscal policy and VAT,debt,1,1.8189894035458565e-12
46,124,4,4,8892.446099999992,38.8594,5369.5224,0.0,22255.196399999993,,0.0,3200.1739,19055.022499999995,0.0,1727.0658999999996,70.72306674999996,0.00375,0.0,2264.6368513571333,0.0,0.14437405900988662,704.8505736507664,1118.904509238089,0.02,153.77359999999993,2.0,0.0,0.0,2.0,0.0,52,0,94.34062289261391,-1.9672648990824453,92.37335799353147,9.413883436049941,0.7528308397263219,10.166714275776263,938.7322000000004,949.8648000000003,938.7322000000004,0.0,4,0,68.96320000000007,5350.926100000001,157.1055,2.0,2.0,0.0,0.0,0.0,0.12,0.5,0.25,68.8018000000017,1807.6242000000311,3412.1393000000003,34,714.3358000000001,518.4551000000008,677.4035,344.0116999999997,0.0,0.0,0.0,0.0,0.0,0,0.0,0.0,0.0,0.0,0.0,553.8668999999999,0.0,0.015,5.38423487394958,6.178035772357729,NaN,1.908318421052631,3.1393919029361426,0.9954377557882725,246.0,238.0,123.0,489.6666666666667,297.0,49.0,49,1,1,4,0,0.0,495.0,3264.6803000000004,1854.4151,3773.3507,183,9,0,28,0.5132791367933707,0.8438124675554035,0.14169251912196446,55,1677.841300000001,1281.4479,8,8,0.0,0,0,1,0.0,0,0.0,20711.057842105285,0.0,0,0,0,1.5,0,0.0,0,0,0.0,0,0.0,0,0,0.0,0.0,0.0,0,30.9162,0.0,NaN,1280.0,100.0,0.47872625308388156,0,0,0.0,0,0.0,1280.0,0,0.0,0,0,0,0.0,0.0,0.0,0.0,0.0,0.0,0.0,0.0,0,0,0,0,49,0.0,0,8,0.0,0,0.0,1654.7999999999997,0.0,35.27937482924466,0.0,35.27937482924466,0.0,30.9162,0.0,5627.7658,1.0963296427216143,96,667.3785000000004,28,20043.679342105275,4,1134.8027,4,4336.7473,2,-3561.7831,-3200.1739,28.650736842105267,0,4,123,123,12 + fiscal policy and VAT,debt,1,1.8189894035458565e-12
47,124,4,4,8638.560800000003,39.5882,5117.874000000001,0.0,22695.738599999997,,0.0,3000.3186,19695.42,0.0,2045.9575,71.45170275000001,0.00375,0.0,2243.50109231314,0.0,0.13842584777867928,695.685550307683,1111.7579865420935,0.02,159.7498,2.0,0.0,0.0,2.0,0.0,51,0,96.8143571263303,-2.064897228101639,94.74945989822865,10.118359669558162,0.726726593150347,10.84508626270851,922.7568999999994,938.7322000000012,922.7568999999994,0.0,4,0,68.96320000000007,5350.926100000001,159.66359999999997,2.0,2.0,0.0,0.0,0.0,0.12,0.5,0.25,70.30990000000176,1846.3317000000377,3412.1393000000003,34,270.3728,523.5293000000001,233.1734,342.6012,0.0,0.0,0.0,0.0,0.0,0,0.0,0.0,0.0,0.0,0.0,547.3693,0.0,0.015,5.3037693227091625,6.139341322314042,NaN,1.8919866071428575,3.09864061822444,0.9655746231146242,242.0,251.0,121.0,489.6666666666667,293.0,49.0,49,0,0,2,3,2.0,496.0,3177.240500000002,1803.7539,3657.5663999999997,183,9,0,28,0.522394659819202,0.8464423234915897,0.13913946056366844,61,1642.922699999999,1331.2460999999998,14,11,0.0,0,0,0,0.0,0,0.0,20890.65356578947,0.0,0,0,0,1.5,0,0.0,0,0,0.0,0,0.0,0,0,0.0,0.0,0.0,0,28.3212,0.0,NaN,1280.0,100.0,0.4693089928556743,0,0,0.0,0,0.0,1280.0,0,0.0,0,0,0,0.0,0.0,0.0,0.0,0.0,0.0,0.0,0.0,0,0,0,0,49,0.0,0,8,0.0,0,0.0,1654.7999999999997,0.0,36.43693838437326,0.0,36.43693838437326,0.0,28.3212,0.0,5461.3203,1.0897516707941308,96,618.0828,28,20272.570765789475,4,1269.7154,4,4551.992499999999,2,-3560.275,-3000.3186,28.624776315789465,0,4,121,121,12 + fiscal policy and VAT,debt,1,1.8189894035458565e-12
48,124,4,4,8525.456000000002,40.317,4939.897200000001,0.0,23116.036400000008,,0.0,2884.387,20231.64940000001,0.0,1825.7203,73.85329975,0.00375,0.0,2209.849121805758,0.0,0.1327227028501977,671.4311928414353,1097.3499978705054,0.02,156.27810000000005,2.0,0.0,0.0,2.0,0.0,51,0,99.7123401987494,-2.077330007451916,97.6350101912975,9.842701983627723,0.7376404896134532,10.580342473241176,919.3112000000001,922.7568999999986,919.3112000000001,0.0,4,0,68.96320000000007,5350.926100000001,152.8591,2.0,2.0,0.0,0.0,0.0,0.12,0.5,0.25,4.709100000001895,1883.9648000000345,3412.1393000000003,34,401.56669999999957,513.9426999999996,298.33279999999996,339.9923999999999,0.0,65.32969999999999,0.0,0.0,0.0,0,0.0,0.0,0.0,0.0,0.0,525.4635,0.0,0.015,5.2301995983935745,6.023929032258066,NaN,1.8162713043478265,3.0546326636506658,0.9366073844211853,248.0,249.0,124.0,493.33333333333337,299.0,49.0,48,1,1,2,3,4.0,495.0,3099.691299999999,1828.6078000000002,3597.1569,183,9,0,28,0.5176458901235665,0.8473299150150602,0.1487447254695895,56,1689.6969000000015,1302.3197,18,15,0.0,0,0,1,0.0,0,0.0,21110.153736607142,0.0,0,0,0,1.5,0,0.0,0,0,0.0,0,0.0,0,0,0.0,0.0,0.0,0,16.6965,0.0,NaN,1280.0,100.0,0.4724814542933873,0,0,0.0,0,0.0,1280.0,0,0.0,0,0,0,0.0,0.0,0.0,0.0,0.0,0.0,0.0,0.0,0,0,0,0,48,0.0,0,8,0.0,0,0.0,1654.7999999999997,0.0,34.24304830671383,0.0,34.24304830671383,0.0,16.6965,0.0,5425.764700000001,1.0926790169347436,96,600.5043000000001,28,20509.64943660715,4,1311.9122,4,4695.943700000001,2,-3625.8758000000003,-2884.387,28.379799107142862,0,4,124,124,12 + fiscal policy and VAT,debt,1,1.8189894035458565e-12
49,124,4,4,8403.8393,41.0458,4852.127600000002,0.0,23545.34010000002,,0.0,2862.407,20682.93310000002,0.0,1795.2787000000003,75.86435749999998,0.00375,0.0,2184.0453484766936,0.0,0.12725452749276953,662.5101313986023,1088.8271823177959,0.02,148.15960000000007,2.0,0.0,0.0,2.0,0.0,53,0,101.61649668363842,-2.202424709923377,99.41407197371504,10.742070121107743,0.7007197522236667,11.44278987333141,918.0977999999992,919.3112000000008,918.0977999999992,0.0,4,0,68.96320000000007,5350.926100000001,150.9502,2.0,2.0,0.0,0.0,0.0,0.12,0.5,0.25,37.82740000000189,1920.7907000000341,3412.1393000000003,34,378.65819999999997,499.54609999999906,374.9506,323.4975999999999,0.0,0.0,0.0,0.0,0.0,0,0.0,0.0,0.0,0.0,0.0,518.6931999999998,2.8226,0.015,5.165951046025104,6.0373475806451555,NaN,1.8030069565217381,2.9202707266253127,0.90850916288855,248.0,239.0,124.0,492.33333333333337,299.0,49.0,48,2,1,4,1,0.0,494.0,3163.9617999999987,1784.3825000000002,3455.495,183,9,0,28,0.5338800102025623,0.8499461250777653,0.12713952090076086,60,1574.8671999999997,1234.6623,6,5,0.0,0,0,2,0.0,0,0.0,21128.781730434774,0.0,0,0,0,1.5,0,0.0,0,0,0.0,0,0.0,0,0,0.0,0.0,0.0,0,14.538599999999999,0.0,NaN,1280.0,100.0,0.4601902076256794,0,0,0.0,0,0.0,1280.0,0,0.0,0,0,0,0.0,0.0,0.0,0.0,0.0,0.0,0.0,0.0,0,0,0,0,48,0.0,0,8,0.0,0,0.0,1654.7999999999997,0.0,94.7095515344634,0.0,94.7095515344634,0.0,14.538599999999999,0.0,5239.8775,1.0874541830300941,96,577.7158,28,20551.065930434783,4,1430.9458,4,4861.598300000001,2,-3592.814799999999,-2862.407,27.244069565217398,0,4,124,124,12 + fiscal policy and VAT,debt,1,1.8189894035458565e-12
50,124,4,4,8241.9973,41.7746,4703.038899999999,0.0,23993.121900000002,,0.0,2767.8862,21225.2357,0.0,2058.3555000000006,77.55693587499995,0.00375,0.0,2156.2251963764124,0.0,0.12201164096006742,679.0355642275415,1078.5076642509416,0.02,150.5387,2.0,0.0,0.0,2.0,0.0,52,0,104.44303357575848,-2.3189147348226316,102.12411884093584,8.964934450092143,0.7328087573689852,9.697743207461127,884.9203999999986,918.0978000000002,884.9203999999986,0.0,4,0,68.96320000000007,5350.926100000001,153.7337,2.0,2.0,0.0,0.0,0.0,0.12,0.5,0.25,49.85190000000186,1957.2208000000373,3412.1393000000003,34,335.66369999999995,496.77690000000035,311.25809999999996,323.1269000000003,0.0,0.0,0.0,0.0,0.0,0,0.0,0.0,0.0,0.0,0.0,537.1035999999999,0.0,0.015,5.07891133603239,5.9011082644628,NaN,1.7961660714285705,2.9384374166995637,0.8812538880018934,242.0,247.0,121.0,489.0,293.0,49.0,50,1,1,3,3,2.0,495.0,2881.1417,1883.1408,3477.7147999999997,183,9,0,28,0.5040549877692024,0.8528010502420158,0.14293114807217622,63,1581.7853999999995,1254.4911000000004,13,10,0.0,0,0,1,0.0,0,0.0,21304.107695652165,0.0,0,0,0,1.5,0,0.0,0,0,0.0,0,0.0,0,0,0.0,0.0,0.0,0,50.4557,0.0,NaN,1280.0,100.0,0.4786896034307065,0,0,0.0,0,0.0,1280.0,0,0.0,0,0,0,0.0,0.0,0.0,0.0,0.0,0.0,0.0,0.0,0,0,0,0,50,0.0,0,8,0.0,0,0.0,1654.7999999999997,0.0,109.86754765434216,0.0,109.86754765434216,0.0,50.4557,0.0,5360.855600000001,1.0868964824893796,96,529.7445999999998,28,20774.363095652174,4,1424.1286999999998,4,4900.4799,2,-3580.7873999999993,-2767.8862,27.045104347826072,0,4,121,121,12 + fiscal policy and VAT,debt,1,1.8189894035458565e-12
51,124,4,4,8311.740400000002,42.5034,4781.7598000000025,0.0,24409.03220000001,,0.0,2893.633,21515.39920000001,0.0,1725.2269999999999,79.59053549999997,0.00375,0.0,2120.0315886672165,0.0,0.11698476135251264,644.0980669973377,1060.667009111478,0.02,147.67849999999996,2.0,0.0,0.0,2.0,0.0,54,0,107.60767401850569,-2.3993954334683325,105.20827858503735,9.26924037165349,0.651652118802065,9.920892490455554,884.0810000000009,884.9203999999978,884.0810000000009,0.0,4,0,68.96320000000007,5350.926100000001,147.8022,2.0,2.0,0.0,0.0,0.0,0.12,0.5,0.25,58.100900000001914,1993.065000000036,3412.1393000000003,34,557.8602000000001,487.3882999999997,530.2650000000001,321.62150000000025,0.0,0.0,0.0,0.0,0.0,0,0.0,0.0,0.0,0.0,0.0,504.66950000000014,0.0,0.015,5.002665447154473,5.851678048780493,NaN,1.780679824561404,2.9184656941726614,0.8548162713618366,246.0,246.0,123.0,491.0,296.99999999999994,49.0,48,0,0,3,2,1.0,496.0,2936.376099999998,1839.1736,3536.1906999999997,183,9,0,28,0.5189776793348295,0.8559462146871306,0.15442605150030797,66,1554.8719999999998,1230.6557000000003,12,10,0.0,0,0,0,0.0,0,0.0,21498.52386607143,0.0,0,0,0,1.5,0,0.0,0,0,0.0,0,0.0,0,0,0.0,0.0,0.0,0,38.2786,0.0,NaN,1280.0,100.0,0.4868762812151228,0,0,0.0,0,0.0,1280.0,0,0.0,0,0,0,0.0,0.0,0.0,0.0,0.0,0.0,0.0,0.0,0,0,0,0,48,0.0,0,8,0.0,0,0.0,1654.7999999999997,0.0,16.283248348099846,0.0,16.283248348099846,0.0,38.2786,0.0,5375.3643,1.0846615014367018,96,465.0779999999996,28,21033.445866071426,4,1526.1320999999998,4,4907.4566,2,-3572.5355,-2893.633,26.94249107142856,0,4,123,123,12 + fiscal policy and VAT,debt,1,1.8189894035458565e-12
52,124,4,4,8240.5784,43.2322,4716.152400000003,0.0,24826.555199999995,,0.0,2872.0615,21954.493699999995,0.0,1805.6935999999998,80.67840424999993,0.00375,0.0,2088.3190229841384,0.0,0.11216498918478911,639.3177721660355,1046.565365322759,0.02,149.65700000000004,2.0,0.0,0.0,2.0,0.0,54,0,110.38602087018367,-2.5161320099520927,107.86988886023158,9.30472974691459,0.7131939704988162,10.017923717413405,873.4463000000003,884.081000000001,873.4463000000003,0.0,4,0,68.96320000000007,5350.926100000001,146.22299999999998,2.0,2.0,0.0,0.0,0.0,0.12,0.5,0.25,62.92670000000196,2029.5294000000392,3412.1393000000003,34,431.32710000000003,501.76030000000094,399.68850000000003,316.9450000000003,0.0,0.0,0.0,0.0,0.0,0,0.0,0.0,0.0,0.0,0.0,502.0876999999999,0.0,0.015,4.948966666666667,5.785070731707314,NaN,1.7577403508771934,2.898565673242482,0.8291717832209817,246.0,252.0,123.0,492.00000000000006,297.0,49.0,49,0,0,5,6,4.0,496.0,2876.537899999999,1853.2757000000001,3510.7648,183,9,0,28,0.5129662435975666,0.8577421010324193,0.1482226958149604,60,1544.7206000000003,1247.1396000000002,15,9,0.0,0,0,0,0.0,0,0.0,21640.931518421035,0.0,0,0,0,1.5,0,0.0,0,0,0.0,0,0.0,0,0,0.0,0.0,0.0,0,40.056999999999995,0.0,NaN,1280.0,100.0,0.49242627698396385,0,0,0.0,0,0.0,1280.0,0,0.0,0,0,0,0.0,0.0,0.0,0.0,0.0,0.0,0.0,0.0,0,0,0,0,49,0.0,0,8,0.0,0,0.0,1654.7999999999997,0.0,6.697136865783932,0.0,6.697136865783932,0.0,40.056999999999995,0.0,5364.040499999999,1.0820390161007627,96,430.8384999999997,28,21210.093018421052,4,1580.3736,4,5021.3406,2,-3567.7068,-2872.0615,26.71019736842106,0,4,123,123,12 + fiscal policy and VAT,debt,1,1.8189894035458565e-12
53,124,4,4,8266.525300000005,43.961,4745.217999999996,0.0,25228.75860000001,,0.0,2952.1904,22276.56820000001,0.0,1690.585,82.32512962499997,0.00375,0.0,2058.573206803511,0.0,0.10754379163037579,615.0424616008243,1033.5667878690072,0.02,144.7911,2.0,0.0,0.0,2.0,0.0,56,0,112.47047651450188,-2.59318696158794,109.87728955291395,10.639055964544786,0.6736591477008668,11.312715112245654,871.6203999999987,873.4463000000009,871.6203999999987,0.0,4,0,68.96320000000007,5350.926100000001,139.6121,2.0,2.0,0.0,0.0,0.0,0.12,0.5,0.25,65.31660000000196,2065.9301000000487,3412.1393000000003,34,519.9793999999999,493.30369999999954,485.9686,309.52799999999996,0.0,0.0,0.0,0.0,0.0,0,0.0,0.0,0.0,0.0,0.0,479.38499999999993,0.0,0.015,4.884985829959512,5.735235199999995,NaN,1.7503870689655174,2.8715952846757338,0.8042966297243519,250.0,247.0,125.0,489.33333333333337,301.0,49.0,47,0,0,4,5,2.0,496.0,2991.645499999999,1741.4762999999998,3533.4035,183,9,0,28,0.5408743694355151,0.8596285110605311,0.1473065738924162,66,1528.8214999999998,1206.5914999999995,11,6,0.0,0,0,0,0.0,0,0.0,21793.015563157907,0.0,0,0,0,1.5,0,0.0,0,0,0.0,0,0.0,0,0,0.0,0.0,0.0,0,28.975300000000004,0.0,NaN,1280.0,100.0,0.49027675267269744,0,0,0.0,0,0.0,1280.0,0,0.0,0,0,0,0.0,0.0,0.0,0.0,0.0,0.0,0.0,0.0,0,0,0,0,47,0.0,0,8,0.0,0,0.0,1654.7999999999997,0.0,17.35140614659042,0.0,17.35140614659042,0.0,28.975300000000004,0.0,5274.8798,1.0786788410774169,96,394.52539999999993,28,21398.490163157894,4,1749.069,4,5055.5884,2,-3565.314,-2952.1904,26.366105263157902,0,4,125,125,12 + fiscal policy and VAT,debt,1,1.8189894035458565e-12
54,124,4,4,8559.401400000004,44.6898,5040.385500000001,0.0,25644.14620000001,,0.0,3295.2553,22348.89090000001,0.0,1884.4923,83.53272624999997,0.00375,0.0,2025.894609780732,0.0,0.1031129874152043,614.245085860343,1017.0616148538213,0.02,139.71380000000008,2.0,0.0,0.0,2.0,0.0,56,0,115.44160582045407,-2.721071523239916,112.72053429721416,12.039246795622217,0.658306242557375,12.697553038179594,860.3185000000004,871.6203999999987,860.3185000000004,0.0,4,0,68.96320000000007,5350.926100000001,139.9546,2.0,2.0,0.0,0.0,0.0,0.12,0.5,0.25,66.87920000000199,2102.6693000000714,3412.1393000000003,34,784.9089,491.30399999999923,749.7323,297.1556999999997,0.0,0.0,0.0,0.0,0.0,0,0.0,0.0,0.0,0.0,0.0,480.43599999999986,0.0,0.015,4.791286008230452,5.69539516129032,NaN,1.6992130434782604,2.8421657163052894,0.7801677308326215,248.0,243.0,124.0,490.66666666666674,299.0,49.0,48,1,1,3,1,1.0,495.0,3117.9586999999997,1913.8435,3527.5992,183,9,0,28,0.562583831147748,0.8616659198793148,0.15399714431736378,70,1508.7924000000003,1164.2824999999998,8,7,0.0,0,0,1,0.0,0,0.0,22015.39900431035,0.0,0,0,0,1.5,0,0.0,0,0,0.0,0,0.0,0,0,0.0,0.0,0.0,0,56.83839999999999,0.0,NaN,1280.0,100.0,0.5133057181943697,0,0,0.0,0,0.0,1280.0,0,0.0,0,0,0,0.0,0.0,0.0,0.0,0.0,0.0,0.0,0.0,0,0,0,0,48,0.0,0,8,0.0,0,0.0,1654.7999999999997,0.0,48.05823507484274,0.0,48.05823507484274,0.0,56.83839999999999,0.0,5441.4427,1.0797578616046974,96,360.00569999999976,28,21655.393304310343,4,1652.8665,4,5085.5067,2,-3563.7485000000006,-3295.2553,26.255806034482763,0,4,124,124,12 + fiscal policy and VAT,debt,1,1.8189894035458565e-12
55,124,4,4,8225.329999999998,45.4186,4709.3982000000005,0.0,26060.752,,0.0,3007.5852,23053.1668,0.0,2281.0303000000004,83.80329775000001,0.00375,0.0,1994.9986306353476,0.0,0.09886473233369789,613.0695226084129,1002.0215037568985,0.02,140.07509999999996,2.0,0.0,0.0,2.0,0.0,57,1,118.42891198199229,-2.935949758757003,115.4929622232353,12.094668647858233,0.587103162247994,12.681771810106227,843.5066000000007,860.3185,843.5066000000007,0.0,4,0,68.96320000000007,5350.926100000001,140.7948,2.0,2.0,0.0,0.0,0.0,0.12,0.5,0.25,69.23450000000201,2140.948200000093,3412.1393000000003,34,182.30149999999992,515.6440999999987,146.37789999999993,296.7486999999998,0.0,0.0,0.0,0.0,0.0,4,0.0,0.0,0.0,0.0,0.0,481.9165000000001,0.0,0.015,4.745083333333334,5.651884426229514,NaN,1.6920008849557524,2.807080357556578,0.7567626989076429,244.0,246.0,122.0,491.00000000000006,295.0,49.0,49,1,1,3,3,1.0,495.0,3089.0268,1765.9229,3370.3803,183,9,0,28,0.5723085556036718,0.8646850593348592,0.16171453631970745,70,1485.434999999999,1167.2905000000003,9,6,0.0,0,0,1,0.0,0,0.0,22091.111904347832,0.0,0,0,0,1.5,0,0.0,0,0,0.0,0,0.0,0,0,0.0,0.0,0.0,0,38.0185,0.0,NaN,1280.0,100.0,0.4896922813349185,0,0,0.0,0,0.0,1280.0,0,0.0,0,0,0,0.0,0.0,0.0,0.0,0.0,0.0,0.0,0.0,0,0,0,0,49,0.0,0,8,0.0,0,0.0,1654.7999999999997,0.0,30.773461616391614,0.0,30.773461616391614,0.0,38.0185,0.0,5136.3032,1.0757962668830128,96,304.5097999999999,28,21786.602104347836,4,1878.1846000000003,4,5292.4149,2,-3561.3903000000005,-3007.5852,25.488195652173907,0,4,122,122,12 + fiscal policy and VAT,debt,1,1.8189894035458565e-12
56,124,4,4,8216.865000000002,46.1474,4701.824099999998,0.0,26471.803699999997,,0.0,3028.3634,23443.4403,0.0,2008.5931000000005,86.4449155,0.00375,0.0,1966.0833483100064,0.0,0.09479150536154952,607.2490557765417,988.0785405400043,0.02,141.2345,2.0,0.0,0.0,2.0,0.0,58,0,120.9970110732534,-2.9219850371437084,118.07502603610969,12.303885600885124,0.6575551887040969,12.96144078958922,840.7537999999994,843.5066000000004,840.7537999999994,0.0,4,0,68.96320000000007,5350.926100000001,138.45600000000002,2.0,2.0,0.0,0.0,0.0,0.12,0.5,0.25,69.3966000000021,2178.16250000012,3412.1393000000003,34,501.7680000000001,509.504199999999,464.71580000000006,297.68510000000003,0.0,0.0,0.0,0.0,0.0,0,0.0,0.0,0.0,0.0,0.0,477.4448,0.0,0.015,4.689058964143426,5.607453658536583,NaN,1.661915789473684,2.78029550778937,0.7340598179404135,246.0,251.0,123.0,491.00000000000006,297.0,49.0,49,1,1,0,5,1.0,495.0,3184.5388000000007,1705.8598,3326.4664,183,9,0,28,0.5742328523009663,0.8671817817183372,0.15544277858274524,65,1477.5957999999998,1176.9537999999998,9,4,0.0,0,0,1,0.0,0,0.0,22269.133329203538,0.0,0,0,0,1.5,0,0.0,0,0,0.0,0,0.0,0,0,0.0,0.0,0.0,0,26.729499999999998,0.0,NaN,1280.0,100.0,0.48630319526064714,0,0,0.0,0,0.0,1280.0,0,0.0,0,0,0,0.0,0.0,0.0,0.0,0.0,0.0,0.0,0.0,0,0,0,0,49,0.0,0,8,0.0,0,0.0,1654.7999999999997,0.0,16.488967258964465,0.0,16.488967258964465,0.0,26.729499999999998,0.0,5032.3261999999995,1.0728093653959079,96,234.78479999999993,28,22034.348529203537,4,2003.6056,4,5413.0635999999995,2,-3561.2253000000005,-3028.3634,25.380013274336285,0,4,123,123,12 + fiscal policy and VAT,debt,1,1.8189894035458565e-12
57,124,4,4,7891.393800000002,46.8762,4377.408699999999,0.0,26879.973499999975,,0.0,2750.2562,24129.717299999975,0.0,1988.3019000000002,87.90850950000002,0.00375,0.0,1934.9019623156698,0.0,0.09088609534065367,593.0728718271561,973.1953332104465,0.02,134.57049999999995,2.0,0.0,0.0,2.0,0.0,61,0,123.53073133509811,-2.9580837589660134,120.5726475761321,10.465340780581194,0.658527654186596,11.12386843476779,844.4933,840.7538000000012,844.4933,0.0,4,0,68.96320000000007,5350.926100000001,136.50769999999997,2.0,2.0,0.0,0.0,0.0,0.12,0.5,0.25,69.72360000000197,2215.597800000143,3412.1393000000003,34,183.98610000000002,508.7285000000006,146.87780000000004,287.9579000000003,0.0,0.0,0.0,0.0,0.0,0,0.0,0.0,0.0,0.0,0.0,464.8804000000001,0.0,0.015,4.6531970954356865,5.522284126984124,NaN,1.635682905982907,2.7404147804380337,0.712038023402201,252.0,241.0,126.0,495.0,303.0,49.0,48,1,0,6,0,0.0,495.0,2827.6317999999997,1781.6195,3282.1425,183,9,0,28,0.5428425470342697,0.8686216148235726,0.15175225306388618,63,1472.0724999999993,1121.4205000000004,7,7,0.0,0,0,1,0.0,0,0.0,22441.115342105266,0.0,0,0,0,1.5,0,0.0,0,0,0.0,0,0.0,0,0,0.0,0.0,0.0,0,28.993399999999998,0.0,NaN,1280.0,100.0,0.49583646792763153,0,0,0.0,0,0.0,1280.0,0,0.0,0,0,0,0.0,0.0,0.0,0.0,0.0,0.0,0.0,0.0,0,0,0,0,48,0.0,0,8,0.0,0,0.0,1654.7999999999997,0.0,75.89721996729156,0.0,75.89721996729156,0.0,28.993399999999998,0.0,5063.762,1.0725357329493754,96,208.4363999999999,28,22232.678942105264,4,1988.5589999999997,4,5478.9735,2,-3560.8954000000003,-2750.2562,24.92873684210526,0,4,126,126,12 + fiscal policy and VAT,debt,1,1.8189894035458565e-12
58,124,4,4,8074.622500000003,47.605,4560.175000000002,0.0,27290.51839999998,,0.0,2982.4048,24308.11359999998,0.0,1905.4621999999997,90.48180437500004,0.00375,0.0,1906.7613442005463,0.0,0.08714158821261873,592.2881011902736,959.2707711336976,0.02,135.05509999999998,2.0,0.0,0.0,2.0,0.0,62,0,125.91084127344025,-3.0598746857222587,122.85096658771799,12.274354706077391,0.6343998415402605,12.90875454761765,819.8749000000003,844.4932999999987,819.8749000000003,0.0,4,0,68.96320000000007,5350.926100000001,140.7099,2.0,2.0,0.0,0.0,0.0,0.12,0.5,0.25,68.53240000000197,2251.6486000001573,3412.1393000000003,34,681.2267,497.269199999999,643.9847000000001,285.98149999999976,0.0,0.0,0.0,0.0,0.0,0,0.0,0.0,0.0,0.0,0.0,465.1521000000001,0.0,0.015,4.5750422764227645,5.5218487603305775,NaN,1.595853571428572,2.7102432592627377,0.690676882700135,242.0,246.0,121.0,487.33333333333337,293.0,49.0,49,1,0,4,2,0.0,495.0,3156.0222999999987,1672.9753,3245.6249,183,9,0,28,0.5797834306463305,0.8711314802438703,0.15981940019885799,69,1424.7264999999986,1125.4604000000002,12,10,0.0,0,0,1,0.0,0,0.0,22573.82637692307,0.0,0,0,0,1.5,0,0.0,0,0,0.0,0,0.0,0,0,0.0,0.0,0.0,0,33.403800000000004,0.0,NaN,1280.0,100.0,0.4881746672175481,0,0,0.0,0,0.0,1280.0,0,0.0,0,0,0,0.0,0.0,0.0,0.0,0.0,0.0,0.0,0.0,0,0,0,0,49,0.0,0,8,0.0,0,0.0,1654.7999999999997,0.0,3.3219016679942115,0.0,3.3219016679942115,0.0,33.403800000000004,0.0,4918.6002,1.0699055248024634,96,165.57369999999975,28,22408.252676923083,4,2195.017,4,5553.714999999999,2,-3562.0837,-2982.4048,24.535243589743605,0,4,121,121,12 + fiscal policy and VAT,debt,1,1.8189894035458565e-12
59,124,4,4,8360.599399999996,48.3338,4847.4244,0.0,27684.064999999984,,0.0,3321.6993,24362.365699999984,0.0,2100.2095999999997,91.15100725,0.00375,0.0,1876.297436967356,0.0,0.08355135477825884,573.8299213749204,943.6489829782372,0.02,132.5084999999999,2.0,0.0,0.0,2.0,0.0,64,0,128.904280594857,-3.1461257544023775,125.75815484045462,12.49658306502832,0.6062703538925047,13.102853418920825,815.9000999999993,819.8748999999998,815.9000999999993,0.0,4,0,68.96320000000007,5350.926100000001,137.41469999999998,2.0,2.0,0.0,0.0,0.0,0.12,0.5,0.25,69.07610000000196,2288.8190000001646,3412.1393000000003,34,809.3481000000002,522.6423999999996,772.7214000000001,286.35139999999933,0.0,0.0,0.0,0.0,0.0,0,0.0,0.0,0.0,0.0,0.0,448.90020000000027,0.0,0.015,4.525553278688526,5.429942276422759,NaN,1.585054385964913,2.6666157715939227,0.669956576219131,246.0,244.0,123.0,490.0,297.00000000000006,49.0,48,1,0,6,1,1.0,495.0,3215.196799999999,1701.1135000000002,3444.2891000000004,183,9,0,28,0.5885697667542968,0.8734793357089212,0.16470747620896153,71,1408.8670999999997,1104.2350000000004,12,11,0.0,0,0,1,0.0,0,0.0,22676.43215357143,0.0,0,0,0,1.5,0,0.0,0,0,0.0,0,0.0,0,0,0.0,0.0,0.0,0,55.661199999999994,0.0,NaN,1280.0,100.0,0.5166582453264509,0,0,0.0,0,0.0,1280.0,0,0.0,0,0,0,0.0,0.0,0.0,0.0,0.0,0.0,0.0,0.0,0,0,0,0,48,0.0,0,8,0.0,0,0.0,1654.7999999999997,0.0,37.801257822178286,0.0,37.801257822178286,0.0,55.661199999999994,0.0,5145.4026,1.0713999408469042,96,122.5647999999999,28,22553.867353571433,4,2236.8478000000005,4,5395.1693,2,-3561.5371,-3321.6993,23.93780357142858,0,4,123,123,12 + fiscal policy and VAT,debt,1,1.8189894035458565e-12
60,124,4,4,8074.353700000001,49.0626,4503.570899999997,0.0,28080.226499999986,,0.0,3019.3644,25060.862099999988,0.0,2524.2167,91.35458262499996,0.00375,0.0,1850.715739874055,0.0,0.08010903896139458,569.1044044682316,931.5180015827034,0.02,130.8841,2.0,0.0,0.0,2.0,0.0,64,0,132.13866572865118,-3.3231912742003877,128.81547445445077,14.318219823376964,0.512912423533034,14.831132246909998,795.3299999999998,815.9001000000002,795.3299999999998,0.0,4,0,68.96320000000007,5350.926100000001,134.0707,2.0,2.0,0.0,0.0,0.0,0.12,0.5,0.25,10.739500000002064,2327.376100000169,3412.1393000000003,34,253.91770000000014,539.4345999999991,157.02400000000003,280.9106000000001,0.0,60.10910000000003,0.0,0.0,0.0,6,0.0,0.0,0.0,0.0,0.0,445.5929000000001,0.0,0.015,4.433757723577237,5.382957851239664,NaN,1.5870223214285706,2.6423511775594855,0.649857878932557,242.0,246.0,121.0,487.33333333333337,293.00000000000006,49.0,48,1,1,3,3,1.0,494.0,3273.8599000000004,1563.1061,3237.3877,183,9,0,28,0.606575601449294,0.8750107364969877,0.16479936172316734,64,1445.7268999999985,1090.7044000000003,11,8,0.0,0,0,1,0.0,0,0.0,22911.340889473675,0.0,0,0,0,1.5,0,0.0,0,0,0.0,0,0.0,0,0,0.0,0.0,0.0,0,32.8371,0.0,NaN,1280.0,100.0,0.48969493575246714,0,0,0.0,0,0.0,1280.0,0,0.0,0,0,0,0.0,0.0,0.0,0.0,0.0,0.0,0.0,0.0,0,0,0,0,48,0.0,0,8,0.0,0,0.0,1654.7999999999997,0.0,10.283752682091745,0.0,10.283752682091745,0.0,32.8371,0.0,4800.4938,1.0690799210577138,96,95.05470000000011,28,22816.286189473685,4,2458.0828,4,5637.794599999999,2,-3619.8708,-3019.3644,23.775815789473697,0,4,121,121,12 + fiscal policy and VAT,debt,1,1.8189894035458565e-12
61,124,4,4,9019.734600000005,49.791399999999996,5480.624599999999,0.0,28473.617499999997,,0.0,3991.6691,24481.948399999997,0.0,2158.839,93.97405249999994,0.00375,0.0,1824.0264979093668,0.0,0.07680854655618512,555.7531635398495,918.0635486062446,0.02,125.88490000000002,2.0,0.0,0.0,2.0,0.0,66,1,136.4875559145539,-3.4987289865155016,132.9888269280384,13.627270688556857,0.5369758524857879,14.164246541042646,792.1710999999999,795.3299999999995,792.1710999999999,0.0,4,0,68.96320000000007,5350.926100000001,129.1356,2.0,2.0,0.0,0.0,0.0,0.12,0.5,0.25,41.683500000002056,2364.8381000001837,3412.1393000000003,34,1399.3616,453.25189999999975,1392.8436,271.4370999999998,0.0,0.0,0.0,0.0,0.0,2,0.0,0.0,0.0,0.0,0.0,434.80990000000014,2.3774,0.015,4.3709791666666655,5.312791056910571,NaN,1.5648473684210533,2.515916382367346,0.6303621425645803,246.0,240.0,123.0,490.0,297.0,49.0,48,2,2,3,0,0.0,494.0,3142.2772000000004,1688.8897,4188.5677,183,9,0,28,0.6041525840949296,0.8768601964451228,0.15390523807919365,69,1346.9299,1049.0349999999996,6,6,0.0,0,0,2,0.0,0,0.0,23129.278872321433,0.0,0,0,0,1.5,0,0.0,0,0,0.0,0,0.0,0,0,0.0,0.0,0.0,0,135.548,0.0,NaN,1280.0,100.0,0.5948931067766462,0,0,0.0,0,0.0,1280.0,0,0.0,0,0,0,0.0,0.0,0.0,0.0,0.0,0.0,0.0,0.0,0,0,0,0,48,0.0,0,8,0.0,0,0.0,1654.7999999999997,0.0,0.0,0.0,0.0,0.0,135.548,0.0,5877.457399999999,1.0720218758841449,96,52.98949999999999,28,23076.28937232142,4,2427.6278,4,4740.494199999999,2,-3588.9528,-3991.6691,23.80533482142856,0,4,123,123,12 + fiscal policy and VAT,debt,1,1.8189894035458565e-12
62,124,4,4,8499.142100000003,244.81709999999998,5172.0148,0.0,28878.4191,,0.0,3662.5137,25215.9054,0.0,3143.2547,91.80300499999998,0.00375,0.0,1793.8557064287554,0.0,0.07364403443807029,558.3523983050956,902.767129285837,0.02,124.98060000000004,2.0,0.0,0.0,2.0,0.0,65,0,139.76765488482778,-3.6000886529048133,136.16756623192296,16.24110063057954,0.6101893645111938,16.85128999509073,771.0950999999998,792.1710999999995,771.0950999999998,0.0,4,0,68.96320000000007,5350.926100000001,130.2386,2.0,2.0,0.0,0.0,0.0,0.12,0.5,0.25,58.640500000002035,2407.26170000021,3412.1393000000003,34,179.36739999999998,504.9341999999987,153.90079999999998,265.31760000000014,0.0,0.0,0.0,0.0,0.0,0,0.0,0.0,0.0,0.0,0.0,439.18280000000016,0.0,0.015,4.286024279835392,5.223031404958673,NaN,1.5438000000000007,2.522705085219173,0.6114512782876428,242.0,243.0,121.0,490.0,293.0,49.0,49,3,2,4,2,1.0,493.0,3568.6911999999993,1679.1887,3251.2622,183,9,0,28,0.6222024916169864,0.8777359290110394,0.14623576760453205,62,1343.1091999999985,1041.5039000000002,9,7,0.0,0,0,3,0.0,0,0.0,23286.7666263158,0.0,0,0,0,1.5,0,0.0,0,0,0.0,0,0.0,0,0,0.0,0.0,0.0,0,60.731199999999994,0.0,NaN,1280.0,100.0,0.5021196576891447,0,0,0.0,0,0.0,1280.0,0,0.0,0,0,0,0.0,0.0,0.0,0.0,0.0,0.0,0.0,0.0,0,0,0,0,49,0.0,0,8,0.0,0,0.0,1654.7999999999997,0.0,0.0,0.0,0.0,0.0,60.731199999999994,0.0,4930.4509,1.0631530295148475,96,45.449400000000026,28,23241.31722631579,4,2550.5319999999992,4,5733.3499999999985,2,-3571.9915,-3662.5137,23.4727105263158,0,4,121,121,12 + fiscal policy and VAT,debt,1,1.8189894035458565e-12
63,124,4,4,8167.553599999999,244.81709999999998,4849.8453,0.0,29283.647300000004,,0.0,3333.3574,25950.289900000003,0.0,2459.6115,94.55549062500002,0.00375,0.0,1772.2346583747785,0.0,0.0706099002192218,557.6138747814312,893.0501555831859,0.02,124.51020000000001,2.0,0.0,0.0,2.0,0.0,65,0,143.90317647874386,-3.782427242951274,140.1207492357926,14.280146394555025,0.5815364085530547,14.86168280310808,753.6055000000008,771.0951000000001,753.6055000000008,0.0,4,0,68.96320000000007,5350.926100000001,127.81819999999999,2.0,2.0,0.0,0.0,0.0,0.12,0.5,0.25,68.05950000000226,2448.215500000247,3412.1393000000003,34,174.81039999999993,506.3988999999988,143.27559999999997,265.25679999999966,0.0,0.0,0.0,0.0,0.0,0,0.0,0.0,0.0,0.0,0.0,440.81400000000014,0.0,0.015,4.235039591836735,5.102780991735537,NaN,1.5286866071428566,2.5021750244458327,0.5931077399390134,242.0,245.0,121.0,488.0,293.0,49.0,50,1,0,3,1,0.0,495.0,3263.233700000001,1722.7913,3181.5286,183,9,0,28,0.6090017724621024,0.8799621989961988,0.15763149590822279,67,1335.1752999999987,1037.5847,7,6,0.0,0,0,1,0.0,0,0.0,23442.926699999985,0.0,0,0,0,1.5,0,0.0,0,0,0.0,0,0.0,0,0,0.0,0.0,0.0,0,61.64759999999999,0.0,NaN,1280.0,100.0,0.499290322265625,0,0,0.0,0,0.0,1280.0,0,0.0,0,0,0,0.0,0.0,0.0,0.0,0.0,0.0,0.0,0.0,0,0,0,0,50,0.0,0,8,0.0,0,0.0,1654.7999999999997,0.0,0.0,0.0,0.0,0.0,61.64759999999999,0.0,4904.3198999999995,1.0612466525590938,96,-1.6635000000000524,28,23444.590200000002,4,2609.9294999999997,4,5881.953299999999,2,-3562.5681999999997,-3333.3574,23.15700000000001,0,4,121,121,12 + fiscal policy and VAT,debt,1,1.8189894035458565e-12
64,124,4,4,7902.081000000006,244.81709999999998,4587.588000000001,0.0,29675.104500000016,,0.0,3054.0368,26621.067700000014,0.0,2476.4713999999994,97.30956875000003,0.00375,0.0,1747.9115586657672,0.0,0.06770077233018985,542.0253733299893,881.2010641105117,0.02,126.77560000000005,2.0,0.0,0.0,2.0,0.0,66,0,146.89529067783573,-3.928806245890095,142.96648443194564,12.83538571196485,0.5536843160852314,13.389070028050082,761.7550000000009,753.6055000000003,761.7550000000009,0.0,4,0,68.96320000000007,5350.926100000001,126.395,2.0,2.0,0.0,0.0,0.0,0.12,0.5,0.25,71.27480000000241,2487.6311000002916,3412.1393000000003,34,225.71300000000005,491.1856000000001,189.51270000000008,264.54929999999996,0.0,0.0,0.0,0.0,0.0,0,0.0,0.0,0.0,0.0,0.0,426.6703000000001,0.0,0.015,4.192317063492063,5.100310569105691,NaN,1.514689473684211,2.4792464966575722,0.5753145077408429,246.0,252.0,123.0,491.3333333333333,297.0,49.0,49,1,0,4,5,3.0,495.0,2965.3405000000025,1697.0382,3239.7023,183,9,0,28,0.5922102562110712,0.8820776302120703,0.16070381604307027,67,1326.0542999999996,1056.4639,11,6,0.0,0,0,1,0.0,0,0.0,23586.97633660714,0.0,0,0,0,1.5,0,0.0,0,0,0.0,0,0.0,0,0,0.0,0.0,0.0,0,64.3124,0.0,NaN,1280.0,100.0,0.5022571476527623,0,0,0.0,0,0.0,1280.0,0,0.0,0,0,0,0.0,0.0,0.0,0.0,0.0,0.0,0.0,0.0,0,0,0,0,49,0.0,0,8,0.0,0,0.0,1654.7999999999997,0.0,0.0,0.0,0.0,0.0,64.3124,0.0,4936.7405,1.05969571322256,96,-51.583499999999816,28,23638.55983660714,4,2725.9256000000005,4,5936.238299999999,2,-3559.3486000000003,-3054.0368,22.93029910714285,0,4,123,123,12 + fiscal policy and VAT,debt,1,1.8189894035458565e-12
65,124,4,4,7712.490400000002,244.81709999999998,4398.488799999999,0.0,30052.823599999996,,0.0,2839.1046,27213.718999999997,0.0,2283.2363,99.82497075000005,0.00375,0.0,1724.2993418575084,0.0,0.06491150051018603,520.5935943677875,869.7558445716722,0.02,122.0136,2.0,0.0,0.0,2.0,0.0,70,0,149.907931862927,-4.069033641376672,145.83889822155032,12.317659316139435,0.4870864494281348,12.804745765567569,757.5408999999999,761.7549999999986,757.5408999999999,0.0,4,0,68.96320000000007,5350.926100000001,120.74520000000001,2.0,2.0,0.0,0.0,0.0,0.12,0.5,0.25,71.7662000000024,2525.903800000337,3412.1393000000003,34,301.1712,490.7618000000002,263.3899,257.9729000000001,0.0,0.0,0.0,0.0,0.0,0,0.0,0.0,0.0,0.0,0.0,406.4509000000001,0.0,0.015,4.133260569105691,5.073807258064514,NaN,1.5265121739130438,2.4383625556751185,0.5580550725086177,248.0,246.0,124.0,490.00000000000006,299.0,49.0,47,1,0,2,1,2.0,495.0,2847.0706000000005,1685.9966,3179.4231999999997,183,9,0,28,0.5939421887003393,0.8852273739434713,0.17615890713084736,72,1301.8837999999992,1016.7821,8,7,0.0,0,0,1,0.0,0,0.0,23755.986505263165,0.0,0,0,0,1.5,0,0.0,0,0,0.0,0,0.0,0,0,0.0,0.0,0.0,0,56.00799999999999,0.0,NaN,1280.0,100.0,0.49510770302220397,0,0,0.0,0,0.0,1280.0,0,0.0,0,0,0,0.0,0.0,0.0,0.0,0.0,0.0,0.0,0.0,0,0,0,0,47,0.0,0,8,0.0,0,0.0,1654.7999999999997,0.0,0.0,0.0,0.0,0.0,56.00799999999999,0.0,4865.4198,1.058519678951385,96,-121.96409999999995,28,23877.950605263155,4,2837.6992000000005,4,6065.576499999999,2,-3558.852900000001,-2839.1046,22.720342105263164,0,4,124,124,12 + fiscal policy and VAT,debt,1,1.8189894035458565e-12
66,124,4,4,7812.716700000002,244.81709999999998,4498.273600000001,0.0,30436.96979999999,,0.0,2905.1077,27531.86209999999,0.0,2202.6353999999997,102.04792675000003,0.00375,0.0,1700.5788123098873,0.0,0.06223714668916636,519.362967669858,857.7498415399249,0.02,121.60930000000002,2.0,0.0,0.0,2.0,0.0,71,0,153.7713566172014,-4.225309262427023,149.54604735477437,14.89295976001151,0.5196502770849328,15.412610037096442,754.4365999999999,757.5408999999992,754.4365999999999,0.0,4,0,68.96320000000007,5350.926100000001,121.1962,2.0,2.0,0.0,0.0,0.0,0.12,0.5,0.25,71.32470000000234,2563.489200000386,3412.1393000000003,34,564.7227000000001,464.4963999999998,526.6958000000001,251.46349999999944,0.0,0.0,0.0,0.0,0.0,0,0.0,0.0,0.0,0.0,0.0,406.8758000000002,0.0,0.015,4.0863258064516135,5.0484717741935485,NaN,1.4532878260869568,2.428086032330535,0.541313420333359,248.0,248.0,124.0,492.66666666666663,299.0,49.0,48,3,2,2,4,4.0,493.0,3046.1651,1609.0259,3157.5256999999997,183,9,0,28,0.6239349624411572,0.8869925912730696,0.1694392156191198,71,1291.3064999999988,1013.4088000000002,16,12,0.0,0,0,3,0.0,0,0.0,23990.003217391288,0.0,0,0,0,1.5,0,0.0,0,0,0.0,0,0.0,0,0,0.0,0.0,0.0,0,57.12620000000001,0.0,NaN,1280.0,100.0,0.4856084710427989,0,0,0.0,0,0.0,1280.0,0,0.0,0,0,0,0.0,0.0,0.0,0.0,0.0,0.0,0.0,0.0,0,0,0,0,48,0.0,0,8,0.0,0,0.0,1654.7999999999997,0.0,74.17209267778583,0.0,74.17209267778583,0.0,57.12620000000001,0.0,4766.551600000001,1.0553903152820319,96,-186.9532999999998,28,24176.956517391303,4,3023.4169,4,6161.747,2,-3559.2900999999997,-2905.1077,22.897682608695657,0,4,124,124,12 + fiscal policy and VAT,debt,1,1.8189894035458565e-12
67,124,4,4,8244.722700000002,244.81709999999998,4930.993499999999,0.0,30814.66719999998,,0.0,3308.4633,27506.203899999982,0.0,2255.3721,103.24076550000001,0.00375,0.0,1674.3304616170249,0.0,0.059672976245572704,508.0761198369632,844.3008410780167,0.02,118.33430000000003,2.0,0.0,0.0,2.0,0.0,70,0,155.9296295456669,-4.293234313076157,151.63639523259073,16.0884116393437,0.5445162570787492,16.632927896422448,739.245099999999,754.4366000000007,739.245099999999,0.0,4,0,68.96320000000007,5350.926100000001,119.36470000000001,2.0,2.0,0.0,0.0,0.0,0.12,0.5,0.25,72.03860000000223,2601.9139000004234,3412.1393000000003,34,889.7987,457.7926999999977,852.0879,248.1499,0.0,0.0,0.0,0.0,0.0,0,0.0,0.0,0.0,0.0,0.0,396.91320000000013,0.0,0.015,4.041474180327869,4.984331707317068,NaN,1.433134210526316,2.4062923539627534,0.5250740177233584,246.0,244.0,123.0,490.6666666666667,297.00000000000006,49.0,48,3,2,1,3,2.0,492.0,3179.2288999999982,1798.0566,3267.4372000000003,183,9,0,28,0.6349203649309736,0.8886554167663572,0.16104934303296736,73,1266.7618999999997,986.1197,15,12,0.0,0,0,3,0.0,0,0.0,23996.211882608713,0.0,0,0,0,1.5,0,0.0,0,0,0.0,0,0.0,0,0,0.0,0.0,0.0,0,88.2747,0.0,NaN,1280.0,100.0,0.5138366852072012,0,0,0.0,0,0.0,1280.0,0,0.0,0,0,0,0.0,0.0,0.0,0.0,0.0,0.0,0.0,0.0,0,0,0,0,48,0.0,0,8,0.0,0,0.0,1654.7999999999997,0.0,8.329676006739874,0.0,8.329676006739874,0.0,88.2747,0.0,5065.4938,1.058031986504515,96,-208.46830000000017,28,24204.6801826087,4,2947.6461,4,6108.345299999999,2,-3558.5719,-3308.4633,21.799317391304353,0,4,123,123,12 + fiscal policy and VAT,debt,1,1.8189894035458565e-12
68,124,4,4,7976.3241,244.81709999999998,4665.428800000001,0.0,31192.104999999985,,0.0,3006.4824,28185.622599999984,0.0,2688.0117999999998,103.14421837499994,0.00375,0.0,1648.7634967551635,0.0,0.057214449624255106,504.9811963290967,831.4605728367758,0.02,119.73650000000002,2.0,0.0,0.0,2.0,0.0,70,1,158.90246579954618,-4.242590715238053,154.65987508430814,16.40591536030903,0.5011496406910169,16.90706500100005,726.9667000000001,739.2450999999999,726.9667000000001,0.0,4,0,68.96320000000007,5350.926100000001,119.9366,2.0,2.0,0.0,0.0,0.0,0.12,0.5,0.25,74.87250000000225,2642.747100000461,3412.1393000000003,34,222.47329999999997,490.8718999999999,184.47399999999993,247.23260000000002,0.0,0.0,0.0,0.0,0.0,2,0.0,0.0,0.0,0.0,0.0,395.07890000000003,0.0,0.015,4.007228112449799,4.923735245901635,NaN,1.4085115044247785,2.3605811903814318,0.5093217971916576,244.0,249.0,122.0,491.0,295.0,49.0,48,2,1,3,6,2.0,493.0,3287.0546999999997,1611.8006,3077.4688,183,9,0,28,0.6428398535919633,0.8901401312317947,0.1601924886219359,74,1242.9534000000003,997.7998000000001,10,4,0.0,0,0,2,0.0,0,0.0,24111.20490789475,0.0,0,0,0,1.5,0,0.0,0,0,0.0,0,0.0,0,0,0.0,0.0,0.0,0,57.907,0.0,NaN,1280.0,100.0,0.4768303240645559,0,0,0.0,0,0.0,1280.0,0,0.0,0,0,0,0.0,0.0,0.0,0.0,0.0,0.0,0.0,0.0,0,0,0,0,48,0.0,0,8,0.0,0,0.0,1654.7999999999997,0.0,0.0,0.0,0.0,0.0,57.907,0.0,4689.269399999999,1.053792757676382,96,-251.3310000000001,28,24362.53590789474,4,3250.8525,4,6385.6482,2,-3555.7336999999998,-3006.4824,21.49701315789474,0,4,122,122,12 + fiscal policy and VAT,debt,1,1.8189894035458565e-12
69,124,4,4,7703.230199999996,244.81709999999998,4392.8952,0.0,31561.544999999973,,0.0,2717.8937,28843.651299999972,0.0,2646.330599999999,105.69196799999992,0.00375,0.0,1623.7688597770507,0.0,0.05485721429973579,493.0943239147051,818.4286731847005,0.02,116.83980000000001,2.0,0.0,0.0,2.0,0.0,71,0,161.25559406214845,-4.410644424863586,156.84494963728488,16.2795293078832,0.5027144974372615,16.782243805320462,729.5794000000006,726.9667000000011,729.5794000000006,0.0,4,0,68.96320000000007,5350.926100000001,115.5713,2.0,2.0,0.0,0.0,0.0,0.12,0.5,0.25,75.4328000000022,2682.7111000004898,3412.1393000000003,34,211.50309999999996,484.5969999999993,172.09939999999997,244.38360000000029,0.0,0.0,0.0,0.0,0.0,0,0.0,0.0,0.0,0.0,0.0,384.1656000000001,0.0,0.015,3.941953441295546,4.8627416,NaN,1.4138120689655171,2.3342270768355236,0.49404214327590784,250.0,247.0,125.0,489.33333333333337,301.00000000000006,49.0,47,2,1,5,4,4.0,494.0,3245.8196999999986,1536.7907,2920.6198,183,9,0,28,0.6426224612398646,0.89181135301504,0.1676412132638616,71,1243.3317000000002,973.6624999999999,15,11,0.0,0,0,2,0.0,0,0.0,24241.072779646027,0.0,0,0,0,1.5,0,0.0,0,0,0.0,0,0.0,0,0,0.0,0.0,0.0,0,31.2381,0.0,NaN,1280.0,100.0,0.4538632376071626,0,0,0.0,0,0.0,1280.0,0,0.0,0,0,0,0.0,0.0,0.0,0.0,0.0,0.0,0.0,0.0,0,0,0,0,47,0.0,0,8,0.0,0,0.0,1654.7999999999997,0.0,0.0,0.0,0.0,0.0,31.2381,0.0,4457.4105,1.050663515388132,96,-291.12849999999986,28,24532.201279646022,4,3424.9831,4,6614.795400000001,2,-3555.1697999999997,-2717.8937,21.127672566371675,0,4,125,125,12 + fiscal policy and VAT,debt,1,1.8189894035458565e-12
70,124,4,4,7641.321500000002,244.81709999999998,4330.028400000001,0.0,31944.10259999997,,0.0,2614.8293,29329.273299999968,0.0,2391.084200000001,108.15969924999995,0.00375,0.0,1601.1543243357441,0.0,0.05259709707058667,501.82995942504834,807.0986828904963,0.02,118.07999999999997,2.0,0.0,0.0,2.0,0.0,71,0,165.7332614442654,-4.588545654508964,161.14471578975645,14.241991312869366,0.5416624942763364,14.783653807145702,717.5587000000008,729.5794000000011,717.5587000000008,0.0,4,0,68.96320000000007,5350.926100000001,115.688,2.0,2.0,0.0,0.0,0.0,0.12,0.5,0.25,74.47470000000247,2721.425600000521,3412.1393000000003,34,411.29070000000013,473.19940000000105,371.6181,241.02509999999972,0.0,0.0,0.0,0.0,0.0,0,0.0,0.0,0.0,0.0,0.0,394.7117999999999,0.0,0.015,3.9047587301587305,4.846346341463416,NaN,1.3898105263157894,2.3222695852741526,0.47922087897763055,246.0,252.0,123.0,487.6666666666667,297.0,49.0,49,0,0,1,5,4.0,496.0,2849.569,1710.4559,3081.2965999999997,183,9,0,28,0.6228927721599187,0.8941250601179564,0.1580566089134936,74,1235.886300000001,983.9992000000001,12,7,0.0,0,0,0,0.0,0,0.0,24434.819729310337,0.0,0,0,0,1.5,0,0.0,0,0,0.0,0,0.0,0,0,0.0,0.0,0.0,0,75.30449999999999,0.0,NaN,1280.0,100.0,0.48658370403421336,0,0,0.0,0,0.0,1280.0,0,0.0,0,0,0,0.0,0.0,0.0,0.0,0.0,0.0,0.0,0.0,0,0,0,0,49,0.0,0,8,0.0,0,0.0,1654.7999999999997,0.0,0.0,0.0,0.0,0.0,75.30449999999999,0.0,4791.7525,1.0518863064399133,96,-347.7824000000001,28,24782.602129310344,4,3367.5496000000003,4,6542.2043,2,-3556.1264999999994,-2614.8293,21.20718103448276,0,4,123,123,12 + fiscal policy and VAT,debt,1,1.8189894035458565e-12
71,124,4,4,7840.261300000001,244.81709999999998,4528.544800000001,0.0,32311.32519999998,,0.0,2765.6849,29545.64029999998,0.0,2316.5766000000003,109.98066187499994,0.00375,0.0,1578.2356438536613,0.0,0.0504300966712785,482.1551994465887,795.8495209024411,0.02,115.38769999999995,2.0,0.0,0.0,2.0,0.0,72,0,168.7867031428053,-4.754209657894032,164.03249348491127,16.136269064039887,0.4263942491010154,16.562663313140902,719.7822999999997,717.5586999999999,719.7822999999997,0.0,4,0,68.96320000000007,5350.926100000001,112.3969,2.0,2.0,0.0,0.0,0.0,0.12,0.5,0.25,74.05130000000258,2760.2277000005474,3412.1393000000003,34,675.2592,476.3194000000001,636.0337,237.9918999999997,0.0,0.0,0.0,0.0,0.0,0,0.0,0.0,0.0,0.0,0.0,376.0853000000001,0.0,0.015,3.8772536290322575,4.814704799999996,NaN,1.3672974137931033,2.2917535812980088,0.4648442526083017,250.0,248.0,125.0,494.66666666666663,301.0,49.0,47,0,0,3,4,3.0,496.0,3187.975100000001,1581.4018999999998,3070.8843,183,9,0,28,0.64989225499688,0.8974393875523101,0.17027158397551112,75,1217.8164000000004,961.5588999999999,9,5,0.0,0,0,0,0.0,0,0.0,24556.90059473684,0.0,0,0,0,1.5,0,0.0,0,0,0.0,0,0.0,0,0,0.0,0.0,0.0,0,57.2025,0.0,NaN,1280.0,100.0,0.47264752158717105,0,0,0.0,0,0.0,1280.0,0,0.0,0,0,0,0.0,0.0,0.0,0.0,0.0,0.0,0.0,0.0,0,0,0,0,47,0.0,0,8,0.0,0,0.0,1654.7999999999997,0.0,0.0,0.0,0.0,0.0,57.2025,0.0,4652.2862000000005,1.0510888976687986,96,-424.2788999999998,28,24981.179494736843,4,3600.1566999999995,4,6628.7429999999995,2,-3556.5484999999994,-2765.6849,20.847157894736842,0,4,125,125,12 + fiscal policy and VAT,debt,1,1.8189894035458565e-12
72,124,4,4,8244.270300000002,244.81709999999998,4871.969900000002,0.0,32687.056800000002,,0.0,3075.2067,29611.850100000003,0.0,2590.4265,110.79235787499998,0.00375,0.0,1557.1394343646714,0.0,0.04835237668842182,484.71956651227197,785.7268812431145,0.02,114.57720000000005,2.0,0.0,0.0,2.0,0.0,73,0,171.60324645141648,-4.88113326529798,166.7221131861185,17.0771607092053,0.4827214086070721,17.559882117812375,718.0355999999991,719.7823000000005,718.0355999999991,0.0,4,0,68.96320000000007,5350.926100000001,113.2081,2.0,2.0,0.0,0.0,0.0,0.12,0.5,0.25,13.467400000002591,2800.4988000005587,3412.1393000000003,34,887.0673999999998,483.05839999999927,786.2124,233.61259999999987,0.0,61.8606,0.0,0.0,0.0,0,0.0,0.0,0.0,0.0,0.0,379.4308,0.0,0.015,3.8345803212851397,4.7964584000000015,NaN,1.3456474137931038,2.2748889520806985,0.45089892503005263,250.0,249.0,125.0,492.00000000000006,301.0,49.0,48,1,1,5,6,5.0,495.0,3306.4272999999985,1649.0763,3288.7667,183,9,0,28,0.6545623996944452,0.8984042963562373,0.16340294445269588,73,1275.7669,954.8104999999998,16,10,0.0,0,0,1,0.0,0,0.0,24747.47660086208,0.0,0,0,0,1.5,0,0.0,0,0,0.0,0,0.0,0,0,0.0,0.0,0.0,0,90.0777,0.0,NaN,1280.0,100.0,0.500237124107624,0,0,0.0,0,0.0,1280.0,0,0.0,0,0,0,0.0,0.0,0.0,0.0,0.0,0.0,0.0,0.0,0,0,0,0,48,0.0,0,8,0.0,0,0.0,1654.7999999999997,0.0,0.0,0.0,0.0,0.0,90.0777,0.0,4937.843,1.0551205826896075,96,-425.2395,28,25172.716100862068,4,3645.3963000000003,4,6481.8862,2,-3617.1309999999994,-3075.2067,20.50946120689655,0,4,125,125,12 + fiscal policy and VAT,debt,1,1.8189894035458565e-12
73,124,4,4,7928.030200000001,244.81709999999998,4590.3478000000005,0.0,33061.05190000001,,0.0,2775.1061,30285.945800000016,0.0,2832.934700000001,111.04013237499994,0.00375,0.0,1537.4967084409304,0.0,0.04636025876885884,477.18225984488544,776.1174139606203,0.02,110.30469999999995,2.0,0.0,0.0,2.0,0.0,74,0,174.81858610091783,-4.96021687025855,169.85836923065926,19.677950912772747,0.42789450105544524,20.10584541382819,695.6128000000008,718.0356000000008,695.6128000000008,0.0,4,0,68.96320000000007,5350.926100000001,110.1785,2.0,2.0,0.0,0.0,0.0,0.12,0.5,0.25,48.08540000000257,2842.828400000571,3412.1393000000003,34,188.1971,504.43719999999894,180.4855,229.60889999999998,0.0,0.0,0.0,0.0,0.0,0,0.0,0.0,0.0,0.0,0.0,373.08669999999984,2.0985,0.015,3.7827399176954715,4.719591869918697,NaN,1.3364666666666667,2.15681034733654,0.4373719572791511,246.0,243.0,123.0,488.33333333333337,296.99999999999994,49.0,48,1,1,6,4,4.0,495.0,3543.779599999999,1438.2268,2946.0238,183,9,0,28,0.6808685417081517,0.900559062747581,0.1556252437004937,77,1158.167400000001,919.2057999999996,14,10,0.0,0,0,1,0.0,0,0.0,24862.817750862083,0.0,0,0,0,1.5,0,0.0,0,0,0.0,0,0.0,0,0,0.0,0.0,0.0,0,43.894600000000004,0.0,NaN,1280.0,100.0,0.4458899414904365,0,0,0.0,0,0.0,1280.0,0,0.0,0,0,0,0.0,0.0,0.0,0.0,0.0,0.0,0.0,0.0,0,0,0,0,48,0.0,0,8,0.0,0,0.0,1654.7999999999997,0.0,0.0,0.0,0.0,0.0,43.894600000000004,0.0,4384.250599999999,1.0478088179158773,96,-469.06409999999994,28,25331.88185086207,4,3977.5765999999994,4,6867.918899999999,2,-3582.5269,-2775.1061,20.18471120689656,0,4,123,123,12 + fiscal policy and VAT,debt,1,1.8189894035458565e-12
74,124,4,4,8611.608900000001,244.81709999999998,5286.956699999999,0.0,33445.7597,,0.0,3446.0123,29999.747400000004,0.0,2857.0562999999997,113.56849249999996,0.00375,0.0,1517.8607102250921,0.0,0.044450216107581854,479.8084054417428,766.5908151500615,0.02,106.551,2.0,0.0,0.0,2.0,0.0,73,0,178.61286343602274,-4.816331432525776,173.796532003497,17.757894355649203,0.479525654102705,18.237420009751908,675.0028999999981,695.6128000000007,675.0028999999981,0.0,4,0,68.96320000000007,5350.926100000001,107.47540000000001,2.0,2.0,0.0,0.0,0.0,0.12,0.5,0.25,61.11560000000253,2883.933000000584,3412.1393000000003,34,1171.4827,487.904,1143.4083,222.5487999999999,0.0,0.0,0.0,0.0,0.0,0,0.0,0.0,0.0,0.0,0.0,377.1500999999999,0.0,0.015,3.7151677824267773,4.613545901639341,NaN,1.3356079646017696,2.202744407683886,0.42425079856077647,244.0,239.0,122.0,487.0,295.0,49.0,49,4,4,2,3,2.0,491.0,3079.443300000003,1605.1277000000002,3927.0379000000003,183,9,0,28,0.6634747677366903,0.9006787870436683,0.16402276293703966,77,1174.4122,887.9250999999998,7,4,0.0,0,0,4,0.0,0,0.0,25063.225499999997,0.0,0,0,0,1.5,0,0.0,0,0,0.0,0,0.0,0,0,0.0,0.0,0.0,0,173.6864,0.0,NaN,1280.0,100.0,0.55786998046875,0,0,0.0,0,0.0,1280.0,0,0.0,0,0,0,0.0,0.0,0.0,0.0,0.0,0.0,0.0,0.0,0,0,0,0,49,0.0,0,8,0.0,0,0.0,1654.7999999999997,0.0,0.0,0.0,0.0,0.0,173.6864,0.0,5532.1656,1.0489242468344966,96,-480.2935999999998,28,25543.5191,4,3918.4187,4,5925.2283,2,-3569.4945,-3446.0123,20.047,0,4,122,122,12 + fiscal policy and VAT,debt,1,1.8189894035458565e-12
75,124,4,4,8305.399500000003,244.81709999999998,4993.286999999999,0.0,33828.20799999999,,0.0,3145.9729,30682.235099999994,0.0,3142.0992,112.49503149999994,0.00375,0.0,1496.7351207443623,0.0,0.04261886720394948,473.11151685851183,756.245788829575,0.02,107.35430000000004,2.0,0.0,0.0,2.0,0.0,74,0,183.36642999535152,-4.79933349201789,178.56709650333363,24.486366070366376,0.4131004546442038,24.89946652501058,684.5770999999999,675.0028999999987,684.5770999999999,0.0,4,0,68.96320000000007,5350.926100000001,113.5768,2.0,2.0,0.0,0.0,0.0,0.12,0.5,0.25,73.65530000000277,2928.775700000583,3412.1393000000003,34,205.1105,511.3198999999993,172.80750000000003,220.39239999999978,0.0,0.0,0.0,0.0,0.0,0,0.0,0.0,0.0,0.0,0.0,372.31599999999975,0.0,0.015,3.6815534979423874,4.683884297520663,NaN,1.3135839285714288,2.127269048492816,0.4115232746039532,242.0,243.0,121.0,488.3333333333333,293.00000000000006,49.0,49,5,2,6,3,4.0,490.0,3765.4425999999994,1579.4881,2960.4687999999996,183,9,0,28,0.7078560719700027,0.9006260027540163,0.1620460784746498,77,1137.5889000000009,894.6175000000002,10,7,0.0,0,0,5,0.0,0,0.0,25244.457962831868,0.0,0,0,0,1.5,0,0.0,0,0,0.0,0,0.0,0,0,0.0,0.0,0.0,0,78.12219999999999,0.0,NaN,1280.0,100.0,0.4609632788301991,0,0,0.0,0,0.0,1280.0,0,0.0,0,0,0,0.0,0.0,0.0,0.0,0.0,0.0,0.0,0.0,0,0,0,0,49,0.0,0,8,0.0,0,0.0,1654.7999999999997,0.0,0.0,0.0,0.0,0.0,78.12219999999999,0.0,4539.9569,1.0429751863153076,96,-510.9489000000001,28,25755.406862831856,4,4066.153,4,6956.0195,2,-3556.9525999999996,-3145.9729,20.034119469026543,0,4,121,121,12 + fiscal policy and VAT,debt,1,1.8189894035458565e-12
76,123,4,4,8001.767899999997,244.81709999999998,4682.7705000000005,0.0,34198.272000000004,,0.0,2845.9341,31352.337900000002,0.0,3146.5741999999996,115.054225875,0.00375,0.0,1476.7321817427703,0.0,0.04086296987514676,462.0136173236218,746.3947878285136,0.02,104.02560000000004,2.0,0.0,0.0,2.0,0.0,73,0,186.27517881894053,-4.7234260871266205,181.5517527318139,19.723123234231387,0.5203226937769493,20.243445928008335,672.9800999999994,684.5770999999997,672.9800999999994,0.0,4,0,68.96320000000007,5350.926100000001,109.55280000000002,2.0,2.0,0.0,0.0,0.0,0.12,0.5,0.25,78.46910000000304,2972.213200000608,3423.8379999999993,34,226.93739999999994,530.5690000000005,188.31369999999998,222.73780000000028,0.0,0.0,0.0,0.0,0.0,0,0.0,0.0,0.0,0.0,0.0,362.1576999999998,0.0,0.015,3.6271079497907963,4.622535537190082,NaN,1.3011875000000006,2.164078944316734,0.39917757636583456,242.0,239.0,121.0,482.0,291.6666666666667,49.0,48,2,2,4,2,3.0,488.0,3460.8244000000013,1580.1372,2960.8062999999997,183,9,0,28,0.6762345707106736,0.8985086426255318,0.147333932111823,75,1113.9046000000003,866.8788000000003,8,6,0.0,0,0,2,0.0,0,0.0,25407.79378392856,0.0,0,0,0,1.5,0,0.0,0,0,0.0,0,0.0,0,0,0.0,0.0,0.0,0,81.94650000000001,0.0,NaN,1280.0,100.0,0.4607692705426898,0,0,0.0,0,0.0,1280.0,0,0.0,0,0,0,0.0,0.0,0.0,0.0,0.0,0.0,0.0,0.0,0,0,0,0,48,0.0,0,8,0.0,0,0.0,1654.7999999999997,0.0,0.0,0.0,0.0,0.0,81.94650000000001,0.0,4540.943499999999,1.039017008329189,95,-504.5651999999999,28,25912.358983928574,4,4179.7598,4,6994.581,2,-3563.8353000000006,-2845.9341,19.703758928571432,1,4,121,121,12 + fiscal policy and VAT,debt,1,1.8189894035458565e-12
77,123,4,4,7725.461699999996,244.81709999999998,4407.267699999999,0.0,34582.4312,,0.0,2560.9686,32021.4626,0.0,2952.3610000000012,117.56726312499995,0.00375,0.0,1464.0819808515428,0.0,0.03917941551629071,469.9927908028778,741.3228622343618,0.02,103.1396,2.0,0.0,0.0,2.0,0.0,75,0,190.7108891897094,-4.798147791825107,185.9127413978843,18.115670274014462,0.47360275930922124,18.589273033323686,648.9487999999991,672.9800999999997,648.9487999999991,0.0,4,0,68.96320000000007,5350.926100000001,108.8877,2.0,2.0,0.0,0.0,0.0,0.12,0.5,0.25,79.27250000000322,3013.993000000626,3423.8379999999993,34,215.7078,492.01400000000035,174.7314,217.63440000000065,0.0,0.0,0.0,0.0,0.0,0,0.0,0.0,0.0,0.0,0.0,373.64709999999974,0.0,0.015,3.596200836820082,4.544977118644065,NaN,1.310624074074074,2.126760950978114,0.3872022490748596,236.0,239.0,118.0,482.6666666666667,286.0,48.0,50,2,0,7,3,0.0,488.0,3320.5345999999995,1544.1827,2860.7444,182,10,0,28,0.6646816797051756,0.898471940315609,0.15744615529716244,79,1118.8522,859.4919999999996,13,10,0.0,0,0,2,0.0,0,0.0,25574.20017500002,0.0,0,0,0,1.5,0,0.0,0,0,0.0,0,0.0,0,0,0.0,0.0,0.0,0,77.5762,0.0,NaN,1280.0,100.0,0.44922902587890623,0,0,0.0,0,0.0,1280.0,0,0.0,0,0,0,0.0,0.0,0.0,0.0,0.0,0.0,0.0,0.0,0,0,0,0,50,0.0,0,8,0.0,0,0.0,1654.7999999999997,0.0,0.0,0.0,0.0,0.0,77.5762,0.0,4404.927099999999,1.0358553429496766,95,-516.9178999999999,28,26091.118075,4,4329.2617,4,7144.4967,2,-3563.0297,-2560.9686,19.51781250000001,0,4,118,118,12 + fiscal policy and VAT,debt,1,1.8189894035458565e-12
78,123,4,4,7537.297000000003,244.81709999999998,4218.189600000002,0.0,34936.919899999986,,0.0,2350.1425,32586.777399999988,0.0,2767.9501999999993,120.07663524999997,0.00375,0.0,1444.1017275515783,0.0,0.037565223597019526,439.4419544700006,730.8047600343855,0.02,104.39220000000002,2.0,0.0,0.0,2.0,0.0,76,0,194.19320573847594,-4.95016963023895,189.24303610823696,16.2181941387083,0.4157292379296919,16.63392337663799,667.8567000000013,648.9487999999997,667.8567000000013,0.0,4,0,68.96320000000007,5350.926100000001,108.0024,2.0,2.0,0.0,0.0,0.0,0.12,0.5,0.25,78.35910000000334,3054.49180000064,3423.8379999999993,34,304.1976000000001,492.3623,262.7854000000001,217.8387000000001,0.0,0.0,0.0,0.0,0.0,0,0.0,0.0,0.0,0.0,0.0,343.9411999999998,0.0,0.015,3.5653081967213134,4.558466393442622,NaN,1.3211276785714279,2.116208909815035,0.3755861816026137,244.0,244.0,122.0,480.0,293.99999999999994,48.0,47,0,0,5,2,1.0,492.0,2969.6766000000016,1583.4869,2984.1335,182,10,0,28,0.6525705852105133,0.8996197543957571,0.1733928270073879,77,1109.5464000000006,869.9352000000005,7,5,0.0,0,0,0,0.0,0,0.0,25784.541122222214,0.0,0,0,0,1.5,0,0.0,0,0,0.0,0,0.0,0,0,0.0,0.0,0.0,0,86.768,0.0,NaN,1280.0,100.0,0.46525527452256943,0,0,0.0,0,0.0,1280.0,0,0.0,0,0,0,0.0,0.0,0.0,0.0,0.0,0.0,0.0,0.0,0,0,0,0,47,0.0,0,8,0.0,0,0.0,1654.7999999999997,0.0,0.0,0.0,0.0,0.0,86.768,0.0,4567.6204,1.0348614061129433,95,-559.5973,28,26344.138422222222,4,4384.3132000000005,4,7097.5727,2,-3563.9409,-2350.1425,19.65936111111111,0,4,122,122,12 + fiscal policy and VAT,debt,1,1.8189894035458565e-12
79,123,4,4,7547.765400000001,244.81709999999998,4227.437999999999,0.0,35307.79559999998,,0.0,2351.9118,32955.88379999998,0.0,2624.4785000000015,122.19681987499995,0.00375,0.0,1430.2230755341466,0.0,0.03601753638482232,452.56151176723614,724.2618086894311,0.02,103.1374,2.0,0.0,0.0,2.0,0.0,78,0,197.7017106229646,-5.092554135066608,192.60915648789802,18.951600283944508,0.45532412452483023,19.40692440846934,658.5351000000003,667.8567000000011,658.5351000000003,0.0,4,0,68.96320000000007,5350.926100000001,108.40490000000001,2.0,2.0,0.0,0.0,0.0,0.12,0.5,0.25,77.13910000000344,3094.261900000663,3423.8379999999993,34,483.23480000000006,472.7663999999995,442.2447,215.6360999999999,0.0,0.0,0.0,0.0,0.0,0,0.0,0.0,0.0,0.0,0.0,355.9313999999999,0.0,0.015,3.536939094650206,4.517976859504133,NaN,1.2375171171171162,2.093602875279555,0.3643185961545354,242.0,243.0,121.0,485.33333333333337,293.0,49.0,49,2,2,8,4,6.0,490.0,3108.6464000000005,1542.9155,2896.2035,182,10,0,28,0.6752469975251862,0.8999889066574391,0.16758708430535862,82,1102.491299999999,859.4762000000001,8,4,0.0,0,0,2,0.0,0,0.0,26004.2171625,0.0,0,0,0,1.5,0,0.0,0,0,0.0,0,0.0,0,0,0.0,0.0,0.0,0,76.8458,0.0,NaN,1280.0,100.0,0.4528601710728236,0,0,0.0,0,0.0,1280.0,0,0.0,0,0,0,0.0,0.0,0.0,0.0,0.0,0.0,0.0,0.0,0,0,0,0,49,0.0,0,8,0.0,0,0.0,1654.7999999999997,0.0,0.0,0.0,0.0,0.0,76.8458,0.0,4439.119,1.0321954744280346,95,-581.6867,28,26585.90386249999,4,4552.328600000001,4,7239.151,2,-3565.1587,-2351.9118,19.816915178571417,0,4,121,121,12 + fiscal policy and VAT,debt,1,1.8189894035458565e-12
80,123,4,4,7761.094900000002,244.81709999999998,4440.294800000002,0.0,35668.8272,,0.0,2543.0378,33125.7894,0.0,2857.9173999999994,123.58067912499993,0.00375,0.0,1413.7107028221562,0.0,0.034533613885767644,438.9317054811346,716.0859018814374,0.02,100.64830000000005,2.0,0.0,0.0,2.0,0.0,77,0,199.84248770756642,-5.231167497715469,194.61132020985096,20.108249608889693,0.36757182746886996,20.47582143635856,636.7384000000006,658.535099999999,636.7384000000006,0.0,4,0,68.96320000000007,5350.926100000001,104.85310000000001,2.0,2.0,0.0,0.0,0.0,0.12,0.5,0.25,76.66640000000356,3134.1534000006804,3423.8379999999993,34,669.8803,456.55080000000004,629.5161,213.2445000000006,0.0,0.0,0.0,0.0,0.0,0,0.0,0.0,0.0,0.0,0.0,343.09409999999986,0.0,0.015,3.4947595833333356,4.442594117647059,NaN,1.2429651376146786,2.062508837779556,0.35338903826989926,238.0,240.0,119.0,479.33333333333337,289.0,49.0,48,2,2,5,4,5.0,490.0,3041.7126000000007,1705.0042,3014.3781,182,10,0,28,0.6935810448534923,0.9031891684764339,0.18107205120955805,82,1070.6890999999998,838.7423000000006,13,9,0.0,0,0,2,0.0,0,0.0,25958.493129729726,0.0,0,0,0,1.5,0,0.0,0,0,0.0,0,0.0,0,0,0.0,0.0,0.0,0,116.9841,0.0,NaN,1280.0,100.0,0.4790048698796453,0,0,0.0,0,0.0,1280.0,0,0.0,0,0,0,0.0,0.0,0.0,0.0,0.0,0.0,0.0,0.0,0,0,0,0,48,0.0,0,8,0.0,0,0.0,1654.7999999999997,0.0,0.0,0.0,0.0,0.0,116.9841,0.0,4719.3823,1.0352523725625364,95,-645.8464999999998,28,26604.339629729726,4,4521.3119,4,7168.8737,2,-3565.6291999999994,-2543.0378,18.562756756756745,0,4,119,119,12 + fiscal policy and VAT,debt,1,1.8189894035458565e-12
81,123,4,4,7713.719800000002,244.81709999999998,4393.100299999997,0.0,36033.929100000016,,0.0,2454.129,33579.800100000015,0.0,3100.3413,124.21781324999999,0.00375,0.0,1399.1531658628494,0.0,0.03311082899367401,434.8641760774774,709.5212855752329,0.02,97.93109999999999,2.0,0.0,0.0,2.0,0.0,78,2,204.34187506130218,-5.455639950435309,198.88623511086686,20.97210311200471,0.34928010665492826,21.32138321865964,636.8922000000015,636.7384000000011,636.8922000000015,0.0,4,0,68.96320000000007,5350.926100000001,104.14339999999999,2.0,2.0,0.0,0.0,0.0,0.12,0.5,0.25,76.84700000000359,3174.462700000693,3423.8379999999993,34,429.9505,477.3256000000005,389.8218,206.69869999999932,0.0,0.0,0.0,0.0,0.0,16,0.0,0.0,0.0,0.0,0.0,340.18960000000004,0.0,0.015,3.4727370212765964,4.4137724999999985,NaN,1.2251245454545456,2.054536037951482,0.34278736712180224,240.0,235.0,120.0,483.33333333333337,291.0,49.0,48,2,2,7,3,2.0,489.0,3360.3460000000005,1492.2467,2861.1271,182,10,0,28,0.6977504460329986,0.904785102714003,0.17646463612077912,81,1069.0292,816.0932000000001,12,9,0.0,0,0,2,0.0,0,0.0,26181.160625688066,0.0,0,0,0,1.5,0,0.0,0,0,0.0,0,0.0,0,0,0.0,0.0,0.0,0,82.1567,0.0,NaN,1280.0,100.0,0.44334165728927744,0,0,0.0,0,0.0,1280.0,0,0.0,0,0,0,0.0,0.0,0.0,0.0,0.0,0.0,0.0,0.0,0,0,0,0,48,0.0,0,8,0.0,0,0.0,1654.7999999999997,0.0,0.0,0.0,0.0,0.0,82.1567,0.0,4353.3738,1.032026324170962,95,-684.0371000000001,28,26865.19772568807,4,4846.138,4,7367.179899999999,2,-3565.4455,-2454.129,18.64447706422018,0,4,120,120,12 + fiscal policy and VAT,debt,1,1.8189894035458565e-12
82,123,4,4,7529.074299999994,244.81709999999998,4209.438399999999,0.0,36396.89960000001,,0.0,2240.4922,34156.40740000001,0.0,2967.691500000001,125.92046049999999,0.00375,0.0,1381.3320764497437,0.0,0.031746662839134646,430.54560177262556,700.5784259664957,0.02,97.87479999999994,2.0,0.0,0.0,2.0,0.0,80,1,206.7668870650305,-5.457896000726387,201.3089910643041,20.814981926492376,0.3631765546712883,21.178158481163663,630.9915000000015,636.8921999999998,630.9915000000015,0.0,4,0,68.96320000000007,5350.926100000001,104.9369,2.0,2.0,0.0,0.0,0.0,0.12,0.5,0.25,77.8306000000035,3215.5486000007054,3423.8379999999993,34,244.17570000000015,428.8212000000002,204.0734000000001,205.77070000000032,0.0,0.0,0.0,0.0,0.0,15,0.0,0.0,0.0,0.0,0.0,338.4078999999999,0.0,0.015,3.441435443037974,4.396044537815128,NaN,1.2448247706422015,2.0334284892061985,0.33250374610814815,238.0,237.0,119.0,479.6666666666668,288.0,48.0,48,4,3,4,2,1.0,487.0,3417.8782000000006,1446.1646,2665.0315,182,10,0,28,0.6952735769302774,0.9052917785812016,0.17264989754525462,82,1056.1399,815.6201999999998,8,6,0.0,0,0,4,0.0,0,0.0,26326.409909090893,0.0,0,0,0,1.5,0,0.0,0,0,0.0,0,0.0,0,0,0.0,0.0,0.0,0,63.11710000000001,0.0,NaN,1280.0,100.0,0.41943015447443177,0,0,0.0,0,0.0,1280.0,0,0.0,0,0,0,0.0,0.0,0.0,0.0,0.0,0.0,0.0,0.0,0,0,0,0,48,0.0,0,8,0.0,0,0.0,1654.7999999999997,0.0,0.0,0.0,0.0,0.0,63.11710000000001,0.0,4111.1961,1.0294820079764804,95,-715.3341000000003,28,27041.744009090904,4,5011.414699999999,4,7612.1129,2,-3564.4611,-2240.4922,18.376868181818185,0,4,119,119,12 + fiscal policy and VAT,debt,1,1.8189894035458565e-12
83,123,4,4,7346.551400000002,244.81709999999998,4027.644800000003,0.0,36762.85660000001,,0.0,2026.8554,34736.001200000006,0.0,2896.1704,128.0826085,0.00375,0.0,1369.1991597018605,0.0,0.0304387003301623,433.62353245505693,695.0761231345735,0.02,98.46599999999995,2.0,0.0,0.0,2.0,0.0,82,1,210.45974179773674,-5.385027645220167,205.07471415251658,18.948441305769528,0.401312675924407,19.349753981693933,623.4937000000018,630.9914999999997,623.4937000000018,0.0,4,0,68.96320000000007,5350.926100000001,103.8043,2.0,2.0,0.0,0.0,0.0,0.12,0.5,0.25,78.55990000000355,3256.931100000719,3423.8379999999993,34,250.50159999999985,433.0245000000005,209.84839999999986,206.9561999999997,0.0,0.0,0.0,0.0,0.0,11,0.0,0.0,0.0,0.0,0.0,342.3353000000001,0.0,0.015,3.3907049586776874,4.343840336134455,NaN,1.2034963302752297,2.023227240790052,0.32252863372490376,238.0,242.0,119.0,482.33333333333337,288.0,48.0,49,3,3,3,3,3.0,486.0,3031.9884000000025,1598.4796999999999,2716.0833000000002,182,10,0,28,0.6837760677748821,0.905318100322416,0.17204552702696785,82,1052.8055999999992,820.5506000000004,14,11,0.0,0,0,3,0.0,0,0.0,26564.54912385322,0.0,0,0,0,1.5,0,0.0,0,0,0.0,0,0.0,0,0,0.0,0.0,0.0,0,84.8905,0.0,NaN,1280.0,100.0,0.43957878081995416,0,0,0.0,0,0.0,1280.0,0,0.0,0,0,0,0.0,0.0,0.0,0.0,0.0,0.0,0.0,0.0,0,0,0,0,49,0.0,0,8,0.0,0,0.0,1654.7999999999997,0.0,0.0,0.0,0.0,0.0,84.8905,0.0,4314.562999999999,1.0282998556548508,95,-737.6505999999999,28,27302.199723853206,4,4978.6703,4,7622.3597,2,-3563.731,-2026.8554,18.672371559633024,0,4,119,119,12 + fiscal policy and VAT,debt,1,1.8189894035458565e-12
84,123,4,4,7540.451200000001,244.81709999999998,4154.073000000002,0.0,37130.33810000001,,0.0,2137.4513,34992.88680000001,0.0,2847.3121,130.2564933749999,0.00375,0.0,1355.3773227348938,0.0,0.029184625876559612,429.4322186444049,688.4671734899292,0.02,95.17130000000004,2.0,0.0,0.0,2.0,0.0,82,0,215.01002715866025,-5.381278934331815,209.62874822432843,20.786840059995477,0.3807689007844243,21.1676089607799,616.6634000000013,623.4937000000001,616.6634000000013,0.0,4,0,68.96320000000007,5350.926100000001,101.6149,2.0,2.0,0.0,0.0,0.0,0.12,0.5,0.25,11.088300000003485,3297.476000000731,3423.8379999999993,34,631.6955,437.79569999999956,523.679,202.34529999999992,0.0,67.08759999999995,0.0,0.0,0.0,1,0.0,0.0,0.0,0.0,0.0,339.5069,0.0,0.015,3.3748663829787238,4.269945000000008,NaN,1.1973254545454555,2.002937557944511,0.3128527747131566,240.0,235.0,120.0,482.00000000000006,290.0,48.0,49,3,1,8,2,0.0,487.0,3382.4673000000003,1488.9616999999998,2669.0222000000003,182,10,0,28,0.6944931218689823,0.9055527683820792,0.17113894291010334,79,1115.9001999999996,793.0936,10,8,0.0,0,0,3,0.0,0,0.0,26731.95348165138,0.0,0,0,0,1.5,0,0.0,0,0,0.0,0,0.0,0,0,0.0,0.0,0.0,0,70.96829999999999,0.0,NaN,1280.0,100.0,0.423682456009891,0,0,0.0,0,0.0,1280.0,0,0.0,0,0,0,0.0,0.0,0.0,0.0,0.0,0.0,0.0,0.0,0,0,0,0,49,0.0,0,8,0.0,0,0.0,1654.7999999999997,0.0,5.46448192320554,0.0,5.46448192320554,0.0,70.96829999999999,0.0,4157.9839,1.0296422910652085,95,-755.9317,28,27487.885181651378,4,5201.0544,4,7711.275999999999,2,-3631.2018000000003,-2137.4513,18.052444954128447,0,4,120,120,12 + fiscal policy and VAT,debt,1,1.8189894035458565e-12
85,122,4,4,7825.138099999998,244.81709999999998,4440.642500000002,0.0,37484.50200000004,,0.0,2446.8582,35037.643800000034,0.0,2877.6917000000003,131.2195222499999,0.00375,0.0,1338.926800880696,0.0,0.027982219290445354,411.3801724280929,680.0403755871305,0.02,94.43359999999998,2.0,0.0,0.0,2.0,0.0,81,0,217.4679112878067,-5.264791150334166,212.20312013747252,21.836371914361685,0.3241757971568551,22.160547711518536,601.7728999999998,616.6634000000013,601.7728999999998,0.0,4,0,68.96320000000007,5350.926100000001,87.6343,2.0,2.0,0.0,0.0,0.0,0.12,0.5,0.25,44.546000000003446,3338.11370000073,3455.800599999999,34,738.4556000000002,453.76869999999997,731.2756000000002,199.1263000000006,0.0,0.0,0.0,0.0,0.0,7,0.0,0.0,0.0,0.0,0.0,321.89080000000007,0.0,0.015,3.348711914893616,4.299511764705881,NaN,1.1674587155963303,1.8740054093649603,0.3034671914717619,238.0,235.0,119.0,476.3333333333334,286.66666666666663,48.0,47,3,3,5,2,0.0,484.0,3193.6647,1582.7567,3048.7167,182,10,0,28,0.7083851343382992,0.9034725896032569,0.15332152083113093,84,983.6109999999999,786.9472999999998,12,10,0.0,0,0,3,0.0,0,0.0,26904.09169090909,0.0,0,0,0,1.5,0,0.0,0,0,0.0,0,0.0,0,0,0.0,0.0,0.0,0,124.9561,0.0,NaN,1280.0,100.0,0.46983127130681823,0,0,0.0,0,0.0,1280.0,0,0.0,0,0,0,0.0,0.0,0.0,0.0,0.0,0.0,0.0,0.0,0,0,0,0,47,0.0,0,8,0.0,0,0.0,1654.7999999999997,0.0,0.0,0.0,0.0,0.0,124.9561,0.0,4631.473400000001,1.028128855659925,94,-760.3189999999998,28,27664.41069090909,4,5225.9524,4,7376.1843,2,-3629.3184,-2446.8582,17.95988181818183,1,4,119,119,12 + fiscal policy and VAT,debt,1,1.8189894035458565e-12
86,122,4,4,7547.746299999997,244.81709999999998,4181.4703,0.0,37861.08320000002,,0.0,2196.6639,35664.41930000002,0.0,3483.8318000000004,131.38707575,0.00375,0.0,1322.668192106371,0.0,0.026829351855679005,414.773970344443,672.5955447375806,0.02,91.21339999999998,2.0,0.0,0.0,2.0,0.0,83,1,220.32951765178709,-5.133945410533421,215.19557224125367,24.902430781154813,0.37126588718202613,25.27369666833684,599.7647000000003,601.7729000000012,599.7647000000003,0.0,4,0,68.96320000000007,5350.926100000001,103.9991,2.0,2.0,0.0,0.0,0.0,0.12,0.5,0.25,62.76560000000343,3380.2257000007403,3455.800599999999,34,199.28259999999995,476.6743999999996,175.39019999999996,181.81789999999992,0.0,0.0,0.0,0.0,0.0,1,0.0,0.0,0.0,0.0,0.0,325.9952,0.0,0.015,3.290525974025975,4.217705982905983,NaN,1.150701886792453,1.8916472817210515,0.294363175727609,234.0,231.0,117.0,477.33333333333337,284.0,48.0,48,9,7,6,5,2.0,477.0,3671.148400000002,1339.6658,2536.9321,181,11,0,28,0.7214927743760771,0.9034515460163846,0.16010072347945625,84,982.4297000000004,760.1115000000002,15,10,0.0,0,0,9,0.0,0,0.0,27004.413112844028,0.0,0,0,0,1.5,0,0.0,0,0,0.0,0,0.0,0,0,0.0,0.0,0.0,0,64.214,0.0,NaN,1280.0,100.0,0.39738560430404246,0,0,0.0,0,0.0,1280.0,0,0.0,0,0,0,0.0,0.0,0.0,0.0,0.0,0.0,0.0,0.0,0,0,0,0,48,0.0,0,8,0.0,0,0.0,1654.7999999999997,0.0,0.0,0.0,0.0,0.0,64.214,0.0,3876.5978999999993,1.0218168790179158,94,-774.5940999999999,28,27779.007212844033,4,5590.1322,4,7925.871300000001,2,-3611.098,-2196.6639,17.511880733944956,0,4,117,117,12 + fiscal policy and VAT,debt,1,1.8189894035458565e-12
87,121,4,4,7780.515200000003,244.81709999999998,4388.930399999998,0.0,38231.55389999999,,0.0,2431.4626,35800.09129999999,0.0,3277.7711999999997,133.73749162499988,0.00375,0.0,1309.5931552856914,0.0,0.025723982559225027,420.81136957579366,665.9893701904608,0.02,88.29650000000001,2.0,0.0,0.0,2.0,0.0,82,0,225.7123705889027,-5.13002459178686,220.58234599711585,20.315028568177166,0.38094593687899725,20.69597450505616,583.6174999999994,599.7647,583.6174999999994,0.0,4,0,68.96320000000007,5350.926100000001,101.2916,2.0,2.0,0.0,0.0,0.0,0.12,0.5,0.25,70.47080000000332,3420.8343000007458,3488.9873999999995,34,690.3871,457.6181999999994,657.4837,195.0661999999991,0.0,0.0,0.0,0.0,0.0,4,0.0,0.0,0.0,0.0,0.0,335.4083,0.0,0.015,3.2414185022026434,4.212234210526316,NaN,1.1606417475728152,1.90671249952325,0.2855322804557807,228.0,227.0,114.0,468.0000000000001,275.0,47.0,50,6,2,12,2,1.0,477.0,2677.115099999999,1489.5528,3613.8473,181,11,0,28,0.7003521689979446,0.8996722615657309,0.15855662719555563,82,976.9725,735.802,8,6,0.0,0,0,6,0.0,0,0.0,27201.771322641514,0.0,0,0,0,1.5,0,0.0,0,0,0.0,0,0.0,0,0,0.0,0.0,0.0,0,197.3519,0.0,NaN,1280.0,100.0,0.5169204991524174,0,0,0.0,0,0.0,1280.0,0,0.0,0,0,0,0.0,0.0,0.0,0.0,0.0,0.0,0.0,0.0,0,0,0,0,50,0.0,0,8,0.0,0,0.0,1654.7999999999997,0.0,0.0,0.0,0.0,0.0,197.3519,0.0,5103.400100000001,1.020503093126083,93,-731.8291000000002,28,27933.600422641513,4,5568.4416,4,6873.6854,2,-3636.406,-2431.4626,17.260528301886794,1,4,114,114,12 + fiscal policy and VAT,debt,1,1.8189894035458565e-12
88,121,4,4,7794.774499999992,244.81709999999998,4407.9600999999975,0.0,38587.21690000003,,0.0,2434.7892,36152.42770000003,0.0,3498.9106,134.24628974999987,0.00375,0.0,1294.3186162384927,0.0,0.024664154477784955,400.91546113482633,658.3962191589951,0.02,87.77040000000001,2.0,0.0,0.0,2.0,0.0,82,0,231.19801873453207,-5.2320020761925985,225.96601665833944,29.992628978312098,0.38914675755162387,30.38177573586372,574.2715000000005,583.6174999999993,574.2715000000005,0.0,4,0,68.96320000000007,5350.926100000001,100.8663,2.0,2.0,0.0,0.0,0.0,0.12,0.5,0.25,75.2412000000033,3462.3532000007676,3488.9873999999995,34,460.4615,446.2022000000016,423.71299999999997,191.6593000000002,0.0,0.0,0.0,0.0,0.0,0,0.0,0.0,0.0,0.0,0.0,316.7997999999999,0.0,0.015,3.207984210526317,4.171602654867257,NaN,1.119074509803921,1.9225420670596522,2.829901717637527,226.0,228.0,113.0,462.3333333333334,275.00000000000006,47.0,48,4,3,8,1,0.0,478.0,3700.2303000000015,1490.1809999999998,2604.3632,181,11,0,28,0.7398626552720335,0.899817047642895,0.17221563903088222,79,957.1639999999994,731.4204000000003,8,7,0.0,0,0,4,0.0,0,0.0,27424.9613446602,0.0,0,0,0,1.5,0,0.0,0,0,0.0,0,0.0,0,0,0.0,0.0,0.0,0,98.0387,0.0,NaN,1280.0,100.0,0.4185595789403823,0,0,0.0,0,0.0,1280.0,0,0.0,0,0,0,0.0,0.0,0.0,0.0,0.0,0.0,0.0,0.0,0,0,0,0,48,0.0,0,8,0.0,0,0.0,1654.7999999999997,0.0,0.0,0.0,0.0,0.0,98.0387,0.0,4094.5441999999994,1.0168069943995097,93,-740.7982,28,28165.7595446602,4,5692.8775000000005,4,7912.793900000001,2,-3631.6348000000003,-2434.7892,17.40962621359223,0,4,113,113,12 + fiscal policy and VAT,debt,1,1.8189894035458565e-12
89,119,4,4,7552.6077000000005,244.81709999999998,4138.912999999999,0.0,38933.84880000003,,0.0,2211.9141,36721.93470000003,0.0,3521.868,135.56705687500008,0.00375,0.0,1274.938461047986,0.0,0.023647991313300216,392.47217004085064,647.4801406986575,0.02,90.25340000000004,2.0,0.0,0.0,2.0,0.0,81,0,234.4986281728634,-5.278523746398102,229.2201044264653,24.44702909571567,0.3739147144378252,24.820943810153494,582.4999999999985,574.2714999999986,582.4999999999985,0.0,4,0,68.96320000000007,5350.926100000001,100.786,2.0,2.0,0.0,0.0,0.0,0.12,0.5,0.25,77.99170000000314,3504.12550000079,3518.6182000000003,34,237.6912999999999,479.8581000000005,198.6694999999999,193.58609999999942,0.0,0.0,0.0,0.0,0.0,0,0.0,0.0,0.0,0.0,0.0,309.2378999999999,0.0,0.015,3.2004770212765936,4.171748695652168,NaN,1.1242826923076923,1.9206788320983068,2.745004666108402,230.0,235.0,115.0,463.66666666666674,275.0,47.0,47,4,3,7,5,5.0,472.0,3324.3116000000014,1522.0119,2706.2842,181,11,0,28,0.7198112927356455,0.8952643930078823,0.16599417889982782,76,936.0990000000004,752.1120999999995,19,14,0.0,0,0,4,0.0,0,0.0,27513.940794117658,0.0,0,0,0,1.5,0,0.0,0,0,0.0,0,0.0,0,0,0.0,0.0,0.0,0,107.646,0.0,NaN,1280.0,100.0,0.43095150333180143,0,0,0.0,0,0.0,1280.0,0,0.0,0,0,0,0.0,0.0,0.0,0.0,0.0,0.0,0.0,0.0,0,0,0,0,47,0.0,0,8,0.0,0,0.0,1654.7999999999997,0.0,0.0,0.0,0.0,0.0,107.646,0.0,4228.2961,1.0131421687618163,91,-715.7814000000003,28,28229.722194117654,4,5770.823200000001,4,7872.7732,2,-3658.5143,-2211.9141,16.786117647058816,2,4,115,115,12 + fiscal policy and VAT,debt,1,1.8189894035458565e-12
90,119,4,4,7345.5027,244.81709999999998,3931.3385999999987,0.0,39289.3016,,0.0,1979.6427,37309.6589,0.0,3355.6744000000003,137.70308924999986,0.00375,0.0,1264.8534921023167,0.0,0.022673694071192248,399.10207868732414,642.8752697348779,0.02,89.2301,2.0,0.0,0.0,2.0,0.0,80,0,237.1017084849608,-5.378859636305106,231.72284884865567,22.788608129913985,0.4521982161967614,23.240806346110745,555.0232000000001,582.4999999999993,555.0232000000001,0.0,4,0,68.96320000000007,5350.926100000001,94.50789999999999,2.0,2.0,0.0,0.0,0.0,0.12,0.5,0.25,77.52230000000307,3544.0914000008156,3518.6182000000003,34,246.29780000000005,453.4028000000003,205.86250000000007,192.41740000000053,0.0,0.0,0.0,0.0,0.0,0,0.0,0.0,0.0,0.0,0.0,316.07660000000004,0.0,0.015,3.1913446351931336,4.095462499999998,NaN,1.1357049504950494,1.9145496106660453,2.6626545261251504,224.0,233.0,112.0,463.00000000000006,273.0,47.0,49,4,2,5,6,3.0,472.0,3447.921499999999,1408.9684,2488.6128,181,11,0,28,0.7017679974403574,0.8959806586455235,0.16483188531390058,76,951.1928000000001,743.5833000000001,14,8,0.0,0,0,4,0.0,0,0.0,27704.097409615402,0.0,0,0,0,1.5,0,0.0,0,0,0.0,0,0.0,0,0,0.0,0.0,0.0,0,82.7419,0.0,NaN,1280.0,100.0,0.398739047288161,0,0,0.0,0,0.0,1280.0,0,0.0,0,0,0,0.0,0.0,0.0,0.0,0.0,0.0,0.0,0.0,0,0,0,0,49,0.0,0,8,0.0,0,0.0,1654.7999999999997,0.0,0.0,0.0,0.0,0.0,82.7419,0.0,3897.5812,1.010598157802042,91,-740.9545999999999,28,28445.05200961539,4,6011.733199999999,4,8142.483100000001,2,-3658.9829,-1979.6427,16.864240384615385,0,4,112,112,12 + fiscal policy and VAT,debt,1,1.8189894035458565e-12
91,119,4,4,7286.419899999998,244.81709999999998,3871.191300000001,0.0,39619.90980000001,,0.0,1895.5294,37724.38040000001,0.0,3039.2000000000007,139.90671925,0.00375,0.0,1243.367212647373,0.0,0.021739537875459125,366.61639394746226,631.0359000982487,0.02,89.06809999999999,2.0,0.0,0.0,2.0,0.0,82,0,240.00329651310847,-5.471730935637381,234.53156557747107,20.019385442984888,0.31690012067242496,20.336285563657313,579.6963000000003,555.0232,579.6963000000003,0.0,4,0,68.96320000000007,5350.926100000001,93.1338,2.0,2.0,0.0,0.0,0.0,0.12,0.5,0.25,76.45780000000292,3583.265000000835,3518.6182000000003,34,386.2778999999998,445.3607000000001,346.03979999999984,185.8182999999994,0.0,0.0,0.0,0.0,0.0,0,0.0,0.0,0.0,0.0,0.0,283.83949999999993,0.0,0.015,3.1855562231759658,4.107903389830507,NaN,1.1208738317757014,1.8988587973027427,2.5827748903413954,236.0,233.0,118.0,466.00000000000006,285.00000000000006,47.0,44,2,1,6,4,2.0,473.0,3038.9726999999993,1549.0704999999998,2698.3767,181,11,0,28,0.6949377328461452,0.8971837081156029,0.17933016294469128,79,942.6988000000005,742.2346,10,6,0.0,0,0,2,0.0,0,0.0,27904.06234059405,0.0,0,0,0,1.5,0,0.0,0,0,0.0,0,0.0,0,0,0.0,0.0,0.0,0,104.0112,0.0,NaN,1280.0,100.0,0.433089698909344,0,0,0.0,0,0.0,1280.0,0,0.0,0,0,0,0.0,0.0,0.0,0.0,0.0,0.0,0.0,0.0,0,0,0,0,44,0.0,0,8,0.0,0,0.0,1654.7999999999997,0.0,0.0,0.0,0.0,0.0,104.0112,0.0,4247.4472000000005,1.0106651700994376,91,-774.1262000000002,28,28678.188540594063,4,5968.6343,4,7998.4344,2,-3660.0466000000006,-1895.5294,17.03557425742574,0,4,118,118,12 + fiscal policy and VAT,debt,1,1.8189894035458565e-12
92,119,4,4,7509.906700000002,244.81709999999998,4093.6344000000026,0.0,39959.423,,0.0,2079.6875,37879.7355,0.0,3013.2725000000005,141.46180287500005,0.00375,0.0,1226.4684146287113,0.0,0.02084386891499021,371.3365134064878,622.3097847524745,0.02,87.40499999999999,2.0,0.0,0.0,2.0,0.0,81,1,242.34241663713996,-5.464902499605021,236.87751413753494,23.186188897239045,0.3876782410395132,23.573867138278562,574.376599999999,579.6963000000005,574.376599999999,0.0,4,0,68.96320000000007,5350.926100000001,93.3466,2.0,2.0,0.0,0.0,0.0,0.12,0.5,0.25,75.41410000000292,3621.977400000865,3518.6182000000003,34,652.8788000000001,429.39199999999965,613.1227,182.76749999999953,0.0,0.0,0.0,0.0,0.0,11,0.0,0.0,0.0,0.0,0.0,288.7200000000001,0.0,0.015,3.1668743478260883,4.096523931623933,NaN,1.138985849056604,1.8884673740668945,2.5052916436311534,234.0,230.0,117.0,465.3333333333333,283.0,47.0,45,3,3,3,2,1.0,473.0,3264.904700000001,1550.0146999999997,2694.9873,181,11,0,28,0.7143481014773811,0.8989554979094527,0.17758643667706675,80,941.7538999999992,728.3811000000003,7,5,0.0,0,0,3,0.0,0,0.0,28049.618953271038,0.0,0,0,0,1.5,0,0.0,0,0,0.0,0,0.0,0,0,0.0,0.0,0.0,0,107.6702,0.0,NaN,1280.0,100.0,0.432611931859667,0,0,0.0,0,0.0,1280.0,0,0.0,0,0,0,0.0,0.0,0.0,0.0,0.0,0.0,0.0,0.0,0,0,0,0,45,0.0,0,8,0.0,0,0.0,1654.7999999999997,0.0,0.0,0.0,0.0,0.0,107.6702,0.0,4245.0019999999995,1.0104810716292842,91,-814.1141,28,28863.733053271033,4,6089.831899999999,4,8034.415,2,-3661.0895,-2079.6875,16.813107476635523,0,4,117,117,12 + fiscal policy and VAT,debt,1,1.8189894035458565e-12
93,119,4,4,7648.061999999997,244.81709999999998,4233.745000000003,0.0,40317.52179999998,,0.0,2195.5391,38121.98269999998,0.0,3342.588500000001,142.04466412500005,0.00375,0.0,1214.7978058292442,0.0,0.019985101515692615,388.1817408796086,616.5434288861628,0.02,87.06739999999995,2.0,0.0,0.0,2.0,0.0,81,0,246.0718636516363,-5.645594215720313,240.426269435916,24.33515927765469,0.4144451876451305,24.749604465299818,569.1386000000012,574.3765999999997,569.1386000000012,0.0,4,0,68.96320000000007,5350.926100000001,94.37839999999998,2.0,2.0,0.0,0.0,0.0,0.12,0.5,0.25,77.3694000000028,3662.985500000894,3518.6182000000003,34,564.1748,426.0195000000003,525.1220000000001,182.53010000000074,0.0,0.0,0.0,0.0,0.0,0,0.0,0.0,0.0,0.0,0.0,306.0608000000001,0.0,0.015,3.140979653679653,4.078629310344828,NaN,1.1392342857142859,1.872295224558321,2.430132894322218,232.0,231.0,116.0,469.00000000000006,281.0,47.0,48,5,2,5,2,1.0,471.0,3235.8554000000017,1686.5374,2725.6692000000003,181,11,0,28,0.7186319187161196,0.8986253687055648,0.16344732420736374,80,949.7769999999997,725.5662999999998,13,11,0.0,0,0,5,0.0,0,0.0,28294.409580188687,0.0,0,0,0,1.5,0,0.0,0,0,0.0,0,0.0,0,0,0.0,0.0,0.0,0,127.5875,0.0,NaN,1280.0,100.0,0.4492323501068691,0,0,0.0,0,0.0,1280.0,0,0.0,0,0,0,0.0,0.0,0.0,0.0,0.0,0.0,0.0,0.0,0,0,0,0,48,0.0,0,8,0.0,0,0.0,1654.7999999999997,0.0,0.0,0.0,0.0,0.0,127.5875,0.0,4412.2065999999995,1.0090481493353858,91,-821.8154000000002,28,29116.22498018868,4,6076.2016,4,8041.3676,2,-3659.1341,-2195.5391,17.084787735849062,0,4,116,116,12 + fiscal policy and VAT,debt,1,1.8189894035458565e-12
94,119,4,4,7525.446399999998,244.81709999999998,4112.192800000001,0.0,40658.223799999985,,0.0,2043.3565,38614.86729999998,0.0,3460.5760999999993,142.95307137500006,0.00375,0.0,1200.4597469900368,0.0,0.01916171533324608,373.1933664157964,608.596672993358,0.02,90.0451,2.0,0.0,0.0,2.0,0.0,80,1,250.05052572383812,-5.8656301636390795,244.18489556019904,24.48798230085935,0.37227371571695117,24.8602560165763,564.4086000000009,569.1385999999995,564.4086000000009,0.0,4,0,68.96320000000007,5350.926100000001,93.78659999999999,2.0,2.0,0.0,0.0,0.0,0.12,0.5,0.25,78.43280000000287,3704.1597000009174,3518.6182000000003,34,319.6701,442.28569999999945,279.55929999999995,186.42729999999997,0.0,0.0,0.0,0.0,0.0,13,0.0,0.0,0.0,0.0,0.0,291.7560000000001,0.0,0.015,3.1265849999999995,4.07886347826087,NaN,1.1012028846153847,1.881582643094812,2.3572289074925514,230.0,240.0,115.0,465.33333333333337,279.0,47.0,46,2,1,5,5,5.0,474.0,3384.8783000000008,1484.1927,2656.3754,181,11,0,28,0.7219076838837941,0.9005903097611521,0.18873966489186267,81,929.3250000000002,750.3803999999999,16,11,0.0,0,0,2,0.0,0,0.0,28443.80388571429,0.0,0,0,0,1.5,0,0.0,0,0,0.0,0,0.0,0,0,0.0,0.0,0.0,0,104.85230000000001,0.0,NaN,1280.0,100.0,0.42270915597098213,0,0,0.0,0,0.0,1280.0,0,0.0,0,0,0,0.0,0.0,0.0,0.0,0.0,0.0,0.0,0.0,0,0,0,0,46,0.0,0,8,0.0,0,0.0,1654.7999999999997,0.0,0.0,0.0,0.0,0.0,104.85230000000001,0.0,4140.5681,1.0080631119193515,91,-852.2380000000002,28,29296.041885714287,4,6400.3795,4,8179.746999999999,2,-3658.0706999999993,-2043.3565,17.08851428571429,0,4,115,115,12 + fiscal policy and VAT,debt,1,1.8189894035458565e-12
95,119,4,4,7504.325600000001,244.81709999999998,4091.857799999997,0.0,41002.10330000003,,0.0,1983.6734,39018.42990000003,0.0,3299.733000000001,144.80119174999987,0.00375,0.0,1185.0125418966443,0.0,0.01837225266151634,371.8347120814859,600.296719597763,0.02,87.28869999999999,2.0,0.0,0.0,2.0,0.0,82,1,252.6635333379423,-6.062908892609669,246.60062444533267,24.879283893875694,0.3520081281440721,25.231292022019765,568.4931000000005,564.4086000000018,568.4931000000005,0.0,4,0,68.96320000000007,5350.926100000001,89.6175,2.0,2.0,0.0,0.0,0.0,0.12,0.5,0.25,79.218600000003,3745.7369000009253,3518.6182000000003,34,380.80240000000015,401.92319999999904,340.01100000000014,182.97799999999933,0.0,0.0,0.0,0.0,0.0,1,0.0,0.0,0.0,0.0,0.0,290.78000000000003,0.0,0.015,3.121902575107296,4.045350847457626,NaN,1.1094028037383172,1.8718836107767893,2.286512040267775,236.0,233.0,118.0,467.6666666666667,284.99999999999994,47.0,46,3,1,4,4,2.0,473.0,3452.234699999998,1456.5134,2595.5775000000003,181,11,0,28,0.7238147778414294,0.9029175664231703,0.1831863260215063,83,941.0985999999996,727.4033,9,5,0.0,0,0,3,0.0,0,0.0,28525.725231730776,0.0,0,0,0,1.5,0,0.0,0,0,0.0,0,0.0,0,0,0.0,0.0,0.0,0,88.6186,0.0,NaN,1280.0,100.0,0.4134559937462439,0,0,0.0,0,0.0,1280.0,0,0.0,0,0,0,0.0,0.0,0.0,0.0,0.0,0.0,0.0,0.0,0,0,0,0,46,0.0,0,8,0.0,0,0.0,1654.7999999999997,0.0,0.0,0.0,0.0,0.0,88.6186,0.0,4052.0909,1.008303201989822,91,-878.6007,28,29404.325931730764,4,6538.204099999999,4,8288.3167,2,-3657.2849,-1983.6734,16.51804326923077,0,4,118,118,12 + fiscal policy and VAT,debt,1,1.8189894035458565e-12
96,119,4,4,7528.081699999996,244.81709999999998,4052.266299999999,0.0,41350.08560000004,,0.0,1911.6611,39438.424500000045,0.0,3267.3067000000015,146.31465674999995,0.00375,0.0,1170.1607300116918,0.0,0.017615315851861865,370.0249711045951,592.400928341128,0.02,86.80209999999994,2.0,0.0,0.0,2.0,0.0,82,0,255.75839379724806,-6.232904571874594,249.5254892253735,23.3611737005684,0.3470026073110566,23.70817630787946,571.4477000000002,568.493100000001,571.4477000000002,0.0,4,0,68.96320000000007,5350.926100000001,91.3266,2.0,2.0,0.0,0.0,0.0,0.12,0.5,0.25,15.871000000002832,3787.332600000939,3518.6182000000003,34,434.9114,411.1553000000006,329.96809999999994,178.2803000000003,0.0,63.83209999999999,0.0,0.0,0.0,0,0.0,0.0,0.0,0.0,0.0,289.10049999999995,0.0,0.015,3.104528755364805,4.056439830508475,NaN,1.1191311320754722,1.871448522332868,2.2179166790597424,236.0,233.0,118.0,468.33333333333337,285.0,47.0,46,3,1,6,3,2.0,473.0,3250.3040000000005,1610.949,2666.8287,180,12,0,28,0.7164228521962481,0.9035204235621008,0.17138514205979072,81,1003.1259999999996,723.3551999999996,20,17,0.0,0,0,3,0.0,0,0.0,28796.67097009348,0.0,0,0,0,1.5,0,0.0,0,0,0.0,0,0.0,0,0,0.0,0.0,0.0,0,112.7701,0.0,NaN,1280.0,100.0,0.4372529496750876,0,0,0.0,0,0.0,1280.0,0,0.0,0,0,0,0.0,0.0,0.0,0.0,0.0,0.0,0.0,0.0,0,0,0,0,46,0.0,0,8,0.0,0,0.0,1654.7999999999997,0.0,0.0,0.0,0.0,0.0,112.7701,0.0,4277.777700000001,1.01063503038892,91,-876.1117999999998,28,29672.782770093465,4,6489.442899999999,4,8257.397,2,-3720.6324999999997,-1911.6611,16.64104205607476,0,4,118,118,12 + fiscal policy and VAT,debt,1,1.8189894035458565e-12
97,119,4,4,7344.429599999994,244.81709999999998,3900.8490999999995,0.0,41702.36210000002,,0.0,1728.8506,39973.51150000002,0.0,3412.7787000000008,147.88972224999998,0.00375,0.0,1160.9249562608372,0.0,0.016889564838765154,374.43707742467484,587.8697708405583,0.02,86.58849999999997,2.0,0.0,0.0,2.0,0.0,82,0,259.4828217616974,-6.412737885665764,253.0700838760316,23.85311964186706,0.32736718304736984,24.180486824914432,563.0154000000023,571.4477000000012,563.0154000000023,0.0,4,0,68.96320000000007,5350.926100000001,91.4614,2.0,2.0,0.0,0.0,0.0,0.12,0.5,0.25,48.10590000000276,3828.9999000009593,3518.6182000000003,34,235.35290000000015,419.0050000000006,225.92050000000012,179.61399999999995,0.0,0.0,0.0,0.0,0.0,0,0.0,0.0,0.0,0.0,0.0,293.97299999999996,0.0,0.015,3.110213793103449,4.05332327586207,NaN,1.1276432692307699,1.7470251955124103,2.1513791786879497,232.0,232.0,116.0,465.6666666666667,281.0,47.0,47,1,1,5,3,0.0,474.0,3376.1101000000017,1510.7138,2457.6057,180,12,0,28,0.7226006191976662,0.9056157586485543,0.15260365172754642,83,900.5562000000004,721.5696000000002,8,5,0.0,0,0,1,0.0,0,0.0,28975.820056603792,0.0,0,0,0,1.5,0,0.0,0,0,0.0,0,0.0,0,0,0.0,0.0,0.0,0,92.26099999999998,0.0,NaN,1280.0,100.0,0.4072034281028892,0,0,0.0,0,0.0,1280.0,0,0.0,0,0,0,0.0,0.0,0.0,0.0,0.0,0.0,0.0,0.0,0,0,0,0,47,0.0,0,8,0.0,0,0.0,1654.7999999999997,0.0,57.91678669719687,0.0,57.91678669719687,0.0,92.26099999999998,0.0,3968.3195,1.0084420659369693,91,-936.1829,28,29912.002956603777,4,6714.265099999999,4,8509.192,2,-3688.3976000000002,-1728.8506,16.786966981132082,0,4,116,116,12 + fiscal policy and VAT,debt,1,1.8189894035458565e-12
98,119,4,4,7898.431900000002,244.81709999999998,4470.322399999998,0.0,42048.699900000014,,0.0,2293.209,39755.49090000001,0.0,3265.8111999999996,149.89585312500006,0.00375,0.0,1147.5605388847182,0.0,0.016193714767408027,361.31630083996697,579.6513675898124,0.02,80.42419999999996,2.0,0.0,0.0,2.0,0.0,83,1,260.88849530335125,-5.879354673478482,255.00914062987275,25.395274597673364,0.31726650716253374,25.712541104835896,551.8790000000001,563.0153999999997,551.8790000000001,0.0,4,0,68.96320000000007,5350.926100000001,75.94460000000001,2.0,2.0,0.0,0.0,0.0,0.12,0.5,0.25,63.576900000002674,3870.0889000009824,3518.6182000000003,34,975.1752999999999,421.17299999999886,949.5572999999999,173.52339999999953,0.0,0.0,0.0,0.0,0.0,1,0.0,0.0,0.0,0.0,0.0,280.7136,0.0,0.015,3.1027879629629616,4.022040677966099,NaN,1.1056292452830185,1.80783998680422,2.0868378033273105,236.0,216.0,118.0,467.33333333333337,284.99999999999994,47.0,45,10,10,7,4,1.0,466.0,3263.6709000000005,1659.5057000000002,2975.2553,180,12,0,28,0.7345566973824047,0.9043340482373967,0.18266111429052323,81,911.5413000000003,670.2021999999997,11,7,0.0,0,0,10,0.0,0,0.0,29220.08552692308,0.0,0,0,0,1.5,0,0.0,0,0,0.0,0,0.0,0,0,0.0,0.0,0.0,0,156.38039999999998,0.0,NaN,1280.0,100.0,0.47243523324819714,0,0,0.0,0,0.0,1280.0,0,0.0,0,0,0,0.0,0.0,0.0,0.0,0.0,0.0,0.0,0.0,0,0,0,0,45,0.0,0,8,0.0,0,0.0,1654.7999999999997,0.0,0.0,0.0,0.0,0.0,156.38039999999998,0.0,4634.761,1.008292808460722,91,-940.1453000000001,28,30160.230826923078,4,6680.218299999999,4,7986.381399999999,2,-3672.9266,-2293.209,16.914649038461548,0,4,118,118,12 + fiscal policy and VAT,debt,1,1.8189894035458565e-12
99,119,4,4,7657.459399999999,244.81709999999998,4240.033200000001,0.0,42435.473300000005,,0.0,2076.746,40358.727300000006,0.0,3881.0076000000004,149.07845200000014,0.00375,0.0,1138.2978177596203,0.0,0.015526533718990815,383.7604850754023,576.6036535064137,0.02,79.98720000000003,2.0,0.0,0.0,2.0,0.0,83,2,263.0887159692044,-5.822526992600146,257.2661889766042,30.210384269105656,0.24901126853955427,30.45939553764521,527.0734,551.8789999999991,527.0734,0.0,4,0,68.96320000000007,5350.926100000001,96.4624,2.0,2.0,0.0,0.0,0.0,0.12,0.5,0.25,74.26020000000258,3913.957500001006,3518.6182000000003,34,217.99540000000002,458.9679000000008,184.8101,157.53699999999884,0.0,0.0,0.0,0.0,0.0,11,0.0,0.0,0.0,0.0,0.0,305.0692,0.0,0.015,3.0576041284403677,4.013590654205611,NaN,1.1068726315789479,1.843876649087948,4.58769565064194,214.0,218.0,107.0,456.6666666666668,262.0,46.0,49,14,7,13,4,4.0,459.0,4051.3275,1366.6905,2239.4414,180,12,0,28,0.7447133594124498,0.9029676724432243,0.18169085670532326,82,891.8897999999998,666.5577000000002,12,8,0.0,0,0,14,0.0,0,0.0,29367.673062264148,0.0,0,0,0,1.5,0,0.0,0,0,0.0,0,0.0,0,0,0.0,0.0,0.0,0,79.9516,0.0,NaN,1280.0,100.0,0.3715962074366156,0,0,0.0,0,0.0,1280.0,0,0.0,0,0,0,0.0,0.0,0.0,0.0,0.0,0.0,0.0,0.0,0,0,0,0,49,0.0,0,8,0.0,0,0.0,1654.7999999999997,0.0,0.0,0.0,0.0,0.0,79.9516,0.0,3606.1319,1.0019641336910876,91,-917.7581,28,30285.43116226415,4,7124.8886,4,8739.404900000001,2,-3662.2433,-2076.746,16.584438679245277,0,4,107,107,12 + fiscal policy and VAT,debt,1,1.8189894035458565e-12
100,118,4,4,7698.808500000001,244.81709999999998,4260.5584,0.0,42806.979699999974,,0.0,2149.0685,40657.91119999997,0.0,3798.0945000000006,151.34041712500007,0.00375,0.0,1134.2390311400886,0.0,0.014886840529768394,384.6803146567002,575.294162426726,0.02,77.01729999999995,2.0,0.0,0.0,2.0,0.0,81,0,268.98015796010804,-5.878761358544052,263.101396601564,23.675360225128788,0.29739924740698864,23.972759472535778,518.0393000000007,527.0734000000007,518.0393000000007,0.0,4,0,68.96320000000007,5350.926100000001,93.13610000000001,2.0,2.0,0.0,0.0,0.0,0.12,0.5,0.25,78.92540000000253,3957.1441000010186,3544.1073000000006,34,494.57790000000006,453.2287999999991,456.05649999999997,174.9028999999996,0.0,0.0,0.0,0.0,0.0,0,0.0,0.0,0.0,0.0,0.0,308.8282,0.0,0.015,3.0417630331753562,3.960642056074771,NaN,1.1088768421052635,1.8679921870290328,4.4500647811226814,214.0,211.0,107.0,442.00000000000006,261.0,45.0,49,13,9,7,4,0.0,451.0,2791.267500000001,1527.8111,3379.7299,180,12,0,28,0.7311549866485085,0.899022839957583,0.19056490784729285,80,894.0831000000004,641.8120000000001,12,8,0.0,0,0,13,0.0,0,0.0,29637.07740526315,0.0,0,0,0,1.5,0,0.0,0,0,0.0,0,0.0,0,0,0.0,0.0,0.0,0,208.0104,0.0,NaN,1280.0,100.0,0.4987087962582236,0,0,0.0,0,0.0,1280.0,0,0.0,0,0,0,0.0,0.0,0.0,0.0,0.0,0.0,0.0,0.0,0,0,0,0,49,0.0,0,8,0.0,0,0.0,1654.7999999999997,0.0,0.0,0.0,0.0,0.0,208.0104,0.0,4907.541,0.999657439558435,90,-858.7665,28,30495.84390526315,4,7077.6414,4,7611.5261,2,-3683.0672000000004,-2149.0685,16.603089473684218,1,4,107,107,12 + fiscal policy and VAT,debt,1,1.8189894035458565e-12
101,112,4,4,7823.3304,244.81709999999998,4243.524699999999,0.0,43157.902100000014,,0.0,2297.8148,40860.087300000014,0.0,3724.0440999999987,152.46231037499996,0.00375,0.0,1125.5872188498456,0.0,0.014273502699941936,357.8649208798766,571.4789042332305,0.02,75.64420000000004,2.0,0.0,0.0,2.0,0.0,75,2,275.4170152496175,-6.143174735960629,269.27384051365686,34.978716955064144,0.20666094942557517,35.18537790448973,521.0841999999999,518.0393000000005,521.0841999999999,0.0,4,0,68.96320000000007,5350.926100000001,94.86,2.0,2.0,0.0,0.0,0.0,0.12,0.5,0.25,80.28980000000257,3999.359100001049,3687.0273000000007,34,572.2022000000001,447.68030000000084,531.3516,170.15470000000025,0.0,0.0,0.0,0.0,0.0,4,0.0,0.0,0.0,0.0,0.0,282.41209999999995,0.0,0.015,3.001746666666668,3.9735149532710277,NaN,1.10928,1.8553446550182595,6.004979541575682,214.0,210.0,107.0,433.0,252.33333333333334,45.0,45,6,2,10,0,0.0,438.0,3835.6268999999993,1511.368,2476.3355,180,12,0,28,0.7573082454079594,0.8823842012134615,0.19475825323868956,75,851.0408000000002,630.3668000000002,11,11,0.0,0,0,6,0.0,0,0.0,30016.031873684213,0.0,0,0,0,1.5,0,0.0,0,0,0.0,0,0.0,0,0,0.0,0.0,0.0,0,116.1137,0.0,NaN,1280.0,100.0,0.40891614566200657,0,0,0.0,0,0.0,1280.0,0,0.0,0,0,0,0.0,0.0,0.0,0.0,0.0,0.0,0.0,0.0,0,0,0,0,45,0.0,0,8,0.0,0,0.0,1654.7999999999997,0.0,0.0,0.0,0.0,0.0,116.1137,0.0,3987.7035,0.9865925607860555,84,-692.5427000000001,28,30708.57457368421,4,7207.5869999999995,4,8520.352899999998,2,-3824.6228,-2297.8148,16.63315263157895,6,4,107,107,12 + fiscal policy and VAT,debt,1,1.8189894035458565e-12
102,109,4,4,7602.075800000002,244.81709999999998,3963.5448,0.0,43514.7635,,0.0,2094.4356,41420.327900000004,0.0,3915.9149999999995,153.2203219999998,0.00375,0.0,1116.352327810962,0.0,0.013685434388704327,362.1625145317904,567.1891102073081,0.02,73.8564,2.0,0.0,0.0,2.0,0.0,71,0,280.89862124718485,-6.115466712108221,274.7831545350767,31.120808046708945,0.37675791589623964,31.497565962605186,477.3935000000005,521.0842000000001,477.3935000000005,0.0,4,0,68.96320000000007,5350.926100000001,91.36749999999999,2.0,2.0,0.0,0.0,0.0,0.12,0.5,0.25,79.51420000000259,4040.1168000010516,3745.100000000001,34,220.20169999999993,441.4562999999996,178.66839999999993,170.01579999999993,0.0,0.0,0.0,0.0,0.0,3,0.0,0.0,0.0,0.0,0.0,291.0193,0.0,0.015,2.9876985436893206,3.929524489795919,NaN,1.0527965116279066,1.8992370497249942,8.42346813052617,196.0,206.0,98.0,422.00000000000006,236.33333333333334,43.0,48,4,3,10,3,1.0,430.0,3714.646499999999,1503.7586999999999,2383.6706000000004,180,12,0,28,0.7320474779591715,0.872988963206492,0.15205209416625243,68,810.4852999999999,615.4659,6,3,0.0,0,0,4,0.0,0,0.0,30288.826599999993,0.0,0,0,0,1.5,0,0.0,0,0,0.0,0,0.0,0,0,0.0,0.0,0.0,0,130.2146,0.0,NaN,1280.0,100.0,0.39913083007812505,0,0,0.0,0,0.0,1280.0,0,0.0,0,0,0,0.0,0.0,0.0,0.0,0.0,0.0,0.0,0.0,0,0,0,0,48,0.0,0,8,0.0,0,0.0,1654.7999999999997,0.0,0.0,0.0,0.0,0.0,130.2146,0.0,3887.4293,0.9796263474063633,81,-585.8649,28,30874.691499999994,4,7358.576,4,8613.5186,2,-3883.3480999999997,-2094.4356,16.639200000000002,3,4,98,98,12 + fiscal policy and VAT,debt,1,1.8189894035458565e-12
103,108,4,4,7381.453299999998,244.81709999999998,3723.1323999999995,0.0,43857.42909999999,,0.0,1891.0564,41966.372699999985,0.0,3585.244800000001,155.32150912499992,0.00375,0.0,1110.7464913028462,0.0,0.013121594491889708,344.19304791499917,564.9929358685644,0.02,74.79580000000001,2.0,0.0,0.0,2.0,0.0,71,0,283.3835467520369,-6.07724237111194,277.3063043809249,31.377719944280493,0.3199117936509561,31.69763173793145,476.109199999999,477.3935000000007,476.109199999999,0.0,4,0,68.96320000000007,5350.926100000001,87.1028,2.0,2.0,0.0,0.0,0.0,0.12,0.5,0.25,76.77780000000254,4078.623600001059,3762.1535000000013,34,199.43470000000005,420.0571999999995,158.19150000000005,167.32569999999967,0.0,0.0,0.0,0.0,0.0,0,0.0,0.0,0.0,0.0,0.0,273.388,0.0,0.015,3.011083091787439,3.8810479999999954,NaN,1.0498574712643678,1.8788510977254405,8.170764086610383,200.0,207.0,100.0,416.00000000000006,243.66666666666666,43.0,45,6,5,4,5,1.0,424.0,3948.770800000001,1316.8424,2115.8401,179,13,0,28,0.7293928699702361,0.8710524912184505,0.1811254922481147,70,814.7915999999999,623.2941999999999,16,11,0.0,0,0,6,0.0,0,0.0,30343.43543372092,0.0,0,0,0,1.5,0,0.0,0,0,0.0,0,0.0,0,0,0.0,0.0,0.0,0,79.8443,0.0,NaN,1280.0,100.0,0.3552712714616642,0,0,0.0,0,0.0,1280.0,0,0.0,0,0,0,0.0,0.0,0.0,0.0,0.0,0.0,0.0,0.0,0,0,0,0,45,0.0,0,8,0.0,0,0.0,1654.7999999999997,0.0,0.0,0.0,0.0,0.0,79.8443,0.0,3432.6825,0.9764956800557638,80,-574.1334999999999,28,30917.568933720926,4,7637.259599999999,4,8929.1311,2,-3903.138,-1891.0564,15.791947674418598,1,4,100,100,12 + fiscal policy and VAT,debt,1,1.8189894035458565e-12
104,107,4,4,7197.850300000001,244.81709999999998,3516.8857,0.0,44182.30539999998,,0.0,1687.6764,42494.628999999986,0.0,3541.528799999999,157.36978687499993,0.00375,0.0,1098.7604604593819,0.0,0.012580984798823852,323.3923900326305,558.4540569729214,0.02,77.12570000000001,2.0,0.0,0.0,2.0,0.0,71,2,283.26456671413376,-6.226981627324917,277.03758508680886,23.929172685153414,0.2613435925675956,24.19051627772101,485.6927999999991,476.10920000000016,485.6927999999991,0.0,4,0,68.96320000000007,5350.926100000001,84.86439999999999,2.0,2.0,0.0,0.0,0.0,0.12,0.5,0.25,73.31120000000246,4114.906100001088,3781.348100000002,34,221.18729999999996,404.7902999999993,181.43819999999997,165.3458,0.0,0.0,0.0,0.0,0.0,18,0.0,0.0,0.0,0.0,0.0,253.70009999999996,0.0,0.015,3.031678301886791,3.920997058823526,NaN,1.0426516853932584,1.8824771194549907,7.925641164012072,204.0,212.0,102.0,418.00000000000006,246.66666666666666,42.0,42,5,1,9,5,5.0,421.0,3378.202899999999,1513.7287000000001,2305.9187,179,13,0,28,0.6978050332370171,0.8689679715359877,0.18487798001356248,66,809.9959999999998,642.7157999999997,11,6,0.0,0,0,5,0.0,0,0.0,30515.54991034483,0.0,0,0,0,1.5,0,0.0,0,0,0.0,0,0.0,0,0,0.0,0.0,0.0,0,116.0933,0.0,NaN,1280.0,100.0,0.3930048444234914,0,0,0.0,0,0.0,1280.0,0,0.0,0,0,0,0.0,0.0,0.0,0.0,0.0,0.0,0.0,0.0,0,0,0,0,42,0.0,0,8,0.0,0,0.0,1654.7999999999997,0.0,0.0,0.0,0.0,0.0,116.0933,0.0,3819.6474000000003,0.974338644858836,79,-573.0495000000001,28,31088.599410344832,4,7542.93,4,8804.009999999998,2,-3925.7817000000005,-1687.6764,15.747862068965517,1,4,102,102,12 + fiscal policy and VAT,debt,1,1.8189894035458565e-12
105,107,4,4,7433.024900000004,244.81709999999998,3750.0798000000004,0.0,44503.5491,,0.0,1920.2329,42583.316199999994,0.0,3431.2756999999997,159.3503819999999,0.00375,0.0,1079.4991226884924,0.0,0.01206264822511231,311.13638979605133,547.6834484589951,0.02,71.7315,2.0,0.0,0.0,2.0,0.0,70,2,283.38601577619005,-6.350342462972963,277.03567331321705,26.948900021383704,0.28988743759471364,27.23878745897842,485.0983000000001,485.6928000000001,485.0983000000001,0.0,4,0,68.96320000000007,5350.926100000001,81.01820000000001,2.0,2.0,0.0,0.0,0.0,0.12,0.5,0.25,71.33070000000244,4150.93250000112,3781.348100000002,34,625.0398,389.8651999999998,587.0329,157.68670000000026,0.0,0.0,0.0,0.0,0.0,9,0.0,0.0,0.0,0.0,0.0,240.973,0.0,0.015,3.0343441624365464,3.914735922330096,NaN,1.0573377777777784,1.8787639157755684,7.687871929091709,206.0,197.0,103.0,410.6666666666667,250.0,42.0,40,8,7,5,4,3.0,417.0,3454.1716999999994,1528.6677000000002,2450.1855,179,13,0,28,0.717120360888478,0.8685974342896057,0.19184706435112742,65,804.7580000000002,597.7657999999997,13,9,0.0,0,0,8,0.0,0,0.0,30701.92837528092,0.0,0,0,0,1.5,0,0.0,0,0,0.0,0,0.0,0,0,0.0,0.0,0.0,0,134.8264,0.0,NaN,1280.0,100.0,0.40841506627457863,0,0,0.0,0,0.0,1280.0,0,0.0,0,0,0,0.0,0.0,0.0,0.0,0.0,0.0,0.0,0.0,0,0,0,0,40,0.0,0,8,0.0,0,0.0,1654.7999999999997,0.0,66.54966337088871,0.0,66.54966337088871,0.0,134.8264,0.0,3978.8532000000005,0.9729748832978447,79,-555.0302999999999,28,31256.958675280897,4,7634.131200000001,4,8671.1012,2,-3927.7622,-1920.2329,15.639775280898876,0,4,103,103,12 + fiscal policy and VAT,debt,1,1.8189894035458565e-12
106,106,4,4,7472.581499999997,244.81709999999998,3769.6736,0.0,44845.978100000044,,0.0,1970.7128,42875.26530000004,0.0,3752.5252,159.68317749999983,0.00375,0.0,1068.2662330740773,0.0,0.011565667118237682,328.2618079581358,542.8036053827183,0.02,73.051,2.0,0.0,0.0,2.0,0.0,69,0,285.3585543642071,-6.224499172205452,279.13405519200165,28.302376198169934,0.3279246882915746,28.63030088646151,463.92870000000073,485.0982999999993,463.92870000000073,0.0,4,0,68.96320000000007,5350.926100000001,68.4288,2.0,2.0,0.0,0.0,0.0,0.12,0.5,0.25,71.90940000000245,4188.446900001184,3801.8896000000022,34,431.41880000000003,391.8621999999992,394.48310000000004,155.1223000000001,0.0,0.0,0.0,0.0,0.0,0,0.0001,0.0,0.0,0.0,0.0,259.7138000000001,0.0,0.015,3.0286781094527364,3.946973000000002,NaN,1.03356091954023,1.8884178010232577,7.457235771218958,200.0,201.0,100.0,409.0,243.0,41.0,42,6,4,8,5,3.0,418.0,3400.1138,1656.0657999999999,2416.4018,179,13,0,28,0.7205598963098856,0.8654590590863809,0.1739261170773465,62,801.4574,608.7643,8,3,0.0,0,0,6,0.0,0,0.0,30958.241933333324,0.0,0,0,0,1.5,0,0.0,0,0,0.0,0,0.0,0,0,0.0,0.0,0.0,0,145.3587,0.0,NaN,1280.0,100.0,0.4178367643229167,0,0,0.0,0,0.0,1280.0,0,0.0,0,0,0,0.0,0.0,0.0,0.0,0.0,0.0,0.0,0.0,0,0,0,0,42,0.0,0,8,0.0,0,0.0,1654.7999999999997,0.0,0.0,0.0,0.0,0.0,145.3587,0.0,4072.4676,0.9703156332252973,78,-521.3276999999998,28,31479.569633333336,4,7627.838,4,8729.290400000002,2,-3947.725,-1970.7128,15.860066666666675,1,4,100,100,12 + fiscal policy and VAT,debt,1,1.8189894035458565e-12
107,106,4,4,7383.9845000000005,244.81709999999998,3680.4084999999986,0.0,45196.71070000005,,0.0,1875.3553,43321.355400000044,0.0,3745.8230999999987,160.77809125,0.00375,0.0,1055.9398665099177,0.0,0.011089161632966289,322.52924582484803,537.964711006612,0.02,73.01889999999996,2.0,0.0,0.0,2.0,0.0,68,1,287.79863964131005,-6.293683323294867,281.50495631801516,28.17160328643689,0.3160799896386231,28.487683276075515,470.5882999999995,463.9287000000001,470.5882999999995,0.0,4,0,68.96320000000007,5350.926100000001,81.123,2.0,2.0,0.0,0.0,0.0,0.12,0.5,0.25,71.24130000000237,4225.009500001241,3801.8896000000022,34,306.30500000000006,394.9020000000003,269.0743000000001,142.43380000000016,0.0,0.0,0.0,0.0,0.0,7,0.0,0.0,0.0,0.0,0.0,254.1149000000001,0.0,0.015,3.1204861538461537,3.9253282828282794,NaN,1.0193837209302328,2.1262591222596363,8.577815635117476,198.0,195.0,99.0,408.00000000000006,241.0,41.0,42,7,5,6,2,0.0,414.0,3643.8002000000006,1410.8631999999998,2329.3211,179,13,0,28,0.7144716630399339,0.8652230853001033,0.21303365967561927,64,853.1693000000004,608.4947999999999,10,8,0.0,0,0,7,0.0,0,0.0,31138.790168965512,0.0,0,0,0,1.5,0,0.0,0,0,0.0,0,0.0,0,0,0.0,0.0,0.0,0,113.92450000000001,0.0,NaN,1280.0,100.0,0.38493444133890087,0,0,0.0,0,0.0,1280.0,0,0.0,0,0,0,0.0,0.0,0.0,0.0,0.0,0.0,0.0,0.0,0,0,0,0,42,0.0,0,8,0.0,0,0.0,1654.7999999999997,0.0,0.0,0.0,0.0,0.0,113.92450000000001,0.0,3740.1843,0.9685682189215419,78,-512.7014000000001,28,31651.49156896552,4,7943.84,4,8852.583400000001,2,-3948.3932000000004,-1875.3553,15.50341379310345,0,4,99,99,12 + fiscal policy and VAT,debt,1,1.8189894035458565e-12
108,104,4,4,7573.926500000006,244.81709999999998,3762.347100000001,0.0,45544.31340000004,,0.0,1993.7465,43550.56690000004,0.0,3496.5182,162.45071650000014,0.00375,0.0,1047.032545947504,0.0,0.010632288173688076,334.3956888549403,533.6643389650029,0.02,76.46679999999999,2.0,0.0,0.0,2.0,0.0,66,0,284.73621235088507,-6.40074943943646,278.3354629114486,28.678597047994494,0.31026735972106917,28.988864407715564,483.6733000000003,470.5882999999999,483.6733000000003,0.0,4,0,68.96320000000007,5350.926100000001,84.963,2.0,2.0,0.0,0.0,0.0,0.12,0.5,0.25,1.5005000000022837,4261.709800001284,3840.152200000002,34,577.7768000000008,387.83479999999963,471.3357,158.62619999999978,0.0,69.36129999999997,0.0,0.0,0.0,0,0.0,0.0,0.0,0.0,0.0,263.9128999999999,0.0,0.015,3.1702741293532317,4.018907070707072,NaN,1.0408488372093028,2.1659493957654403,8.320481166063951,198.0,201.0,99.0,402.66666666666674,237.0,41.0,43,5,3,6,3,2.0,409.0,3786.9406999999997,1446.3400000000001,2340.6458,179,13,0,28,0.7056625425596494,0.8592991605717708,0.19791117425732185,62,936.3358000000001,637.2250999999995,9,6,0.0,0,0,5,0.0,0,0.0,31441.20339069766,0.0,0,0,0,1.5,0,0.0,0,0,0.0,0,0.0,0,0,0.0,0.0,0.0,0,105.54079999999999,0.0,NaN,1280.0,100.0,0.38923492437318313,0,0,0.0,0,0.0,1280.0,0,0.0,0,0,0,0.0,0.0,0.0,0.0,0.0,0.0,0.0,0.0,0,0,0,0,43,0.0,0,8,0.0,0,0.0,1654.7999999999997,0.0,0.0,0.0,0.0,0.0,105.54079999999999,0.0,3786.9858000000004,0.9658525430700924,76,-440.47439999999983,28,31881.677790697675,4,7975.9377,4,8888.811300000001,2,-4056.396600000001,-1993.7465,15.290755813953492,2,4,99,99,12 + fiscal policy and VAT,debt,1,1.8189894035458565e-12
109,103,4,4,7633.010500000002,244.81709999999998,3827.6788999999985,0.0,45884.80270000004,,0.0,2071.3051,43813.49760000004,0.0,3675.7093999999984,163.3101398750002,0.00375,0.0,1035.5541190482104,0.0,0.010194237900932126,328.52336982749927,527.5367126988072,0.02,75.39999999999998,2.0,0.0,0.0,2.0,0.0,64,1,282.81785284991116,-6.402111985230969,276.4157408646802,26.404620415925255,0.26616941171965786,26.67078982764491,469.51810000000063,483.6733000000004,469.51810000000063,0.0,4,0,68.96320000000007,5350.926100000001,68.1088,2.0,2.0,0.0,0.0,0.0,0.12,0.5,0.25,36.38780000000226,4298.097600001305,3868.791700000001,34,437.0668,377.9827999999999,435.56629999999996,161.31810000000004,0.0,0.0,0.0,0.0,0.0,3,0.0,0.0,0.0,0.0,0.0,258.6669999999999,2.0155,0.015,3.2556227979274612,4.130213402061855,NaN,1.0359690476190475,2.012362892011672,8.070866731082033,194.0,193.0,97.0,400.6666666666667,234.66666666666666,40.0,42,5,4,4,1,0.0,404.0,3469.2325000000005,1633.5677,2530.2103,179,13,0,28,0.7051290585459291,0.8572346766028076,0.17928573583968843,62,816.1944000000005,628.3352,3,2,0.0,0,0,5,0.0,0,0.0,31715.088627906985,0.0,0,0,0,1.5,0,0.0,0,0,0.0,0,0.0,0,0,0.0,0.0,0.0,0,143.0805,0.0,NaN,1280.0,100.0,0.42643979719295055,0,0,0.0,0,0.0,1280.0,0,0.0,0,0,0,0.0,0.0,0.0,0.0,0.0,0.0,0.0,0.0,0,0,0,0,42,0.0,0,8,0.0,0,0.0,1654.7999999999997,0.0,0.0,0.0,0.0,0.0,143.0805,0.0,4163.778,0.9617594316305762,75,-446.8113999999998,28,32161.900027906973,4,7870.373100000001,4,8735.579400000002,2,-4050.1544000000004,-2071.3051,15.612732558139541,1,4,97,97,12 + fiscal policy and VAT,debt,1,1.8189894035458565e-12
110,101,4,4,7451.516400000004,245.66039999999998,3612.3163999999997,0.0,46244.59179999999,,0.0,1881.3516,44363.240199999986,0.0,3815.5538000000006,164.29605300000017,0.00375,0.0,1028.0159822199985,0.0,0.009774235299413722,331.1637535271199,524.8022964799991,0.02,77.00419999999997,2.0,0.0,0.0,2.0,0.0,62,0,277.49295899590805,-6.2326630753776,271.2602959205305,26.598019910391777,0.2734515191891207,26.871471429580897,470.9015999999996,469.5180999999992,470.9015999999996,0.0,4,0,68.96320000000007,5350.926100000001,69.64429999999999,2.0,2.0,0.0,0.0,0.0,0.12,0.5,0.25,51.45260000000226,4334.622200001344,3918.8485000000014,34,210.9595,391.61029999999994,189.4997,146.03130000000016,0.0,0.0,0.0,0.0,0.0,4,0.0,0.0,0.0,0.0,0.0,259.4303,0.0,0.015,3.257365989847716,4.128811340206189,NaN,1.060269047619047,2.1186914900143314,7.828740729149571,194.0,197.0,97.0,396.0,232.66666666666669,40.0,41,3,1,6,1,2.0,400.0,3661.2582000000016,1499.2264,2291.0318,179,13,0,28,0.7007467909948182,0.8517969678353741,0.1891225021891756,58,842.5965,641.7011,6,5,0.0,0,0,3,0.0,0,0.0,31957.69089285713,0.0,0,0,0,1.5,0,0.0,0,0,0.0,0,0.0,0,0,0.0,0.0,0.0,0,111.5704,0.0,NaN,1280.0,100.0,0.3898703285435267,0,0,0.0,0,0.0,1280.0,0,0.0,0,0,0,0.0,0.0,0.0,0.0,0.0,0.0,0.0,0.0,0,0,0,0,41,0.0,0,8,0.0,0,0.0,1654.7999999999997,0.0,0.0,0.0,0.0,0.0,111.5704,0.0,3790.2582,0.9562253934572518,73,-415.67369999999994,28,32373.36459285714,4,8080.258499999999,4,9037.1666,2,-4084.8659000000002,-1881.3516,15.539535714285712,2,4,97,97,12 + fiscal policy and VAT,debt,1,1.8189894035458565e-12
111,100,4,4,8081.499499999997,245.66039999999998,4233.8282,0.0,46607.52589999998,,0.0,2511.2755,44096.250399999975,0.0,3614.0178000000005,166.35755112500001,0.00375,0.0,1015.8594008257882,0.0,0.009371536805077876,335.13415949856096,517.4953255505254,0.02,77.4162,2.0,0.0,0.0,2.0,0.0,62,1,279.6828054970942,-6.190959217617049,273.49184627947716,27.187466890737756,0.3288761543341596,27.516343045071917,475.00930000000005,470.90159999999895,475.00930000000005,0.0,4,0,68.96320000000007,5350.926100000001,81.3295,2.0,2.0,0.0,0.0,0.0,0.12,0.5,0.25,59.31550000000222,4369.662700001386,3935.1827000000017,34,1017.2015999999999,387.2184999999998,990.024,147.96799999999965,0.0,0.0,0.0,0.0,0.0,6,0.0,0.0,0.0,0.0,0.0,263.3662,0.0,0.015,3.2582641414141413,4.136423157894735,NaN,1.041576829268293,2.175528185233904,7.593878507275083,190.0,198.0,95.0,391.66666666666663,230.66666666666669,40.0,41,5,5,5,9,6.0,394.0,3284.1162000000013,1787.3915,3009.9918,179,13,0,28,0.7092983774447441,0.848169055261905,0.1856350462339602,59,846.2934999999998,645.1363,13,4,0.0,0,0,5,0.0,0,0.0,32245.889192857143,0.0,0,0,0,1.5,0,0.0,0,0,0.0,0,0.0,0,0,0.0,0.0,0.0,0,211.08409999999998,0.0,NaN,1280.0,100.0,0.4886851332310268,0,0,0.0,0,0.0,1280.0,0,0.0,0,0,0,0.0,0.0,0.0,0.0,0.0,0.0,0.0,0.0,0,0,0,0,41,0.0,0,8,0.0,0,0.0,1654.7999999999997,0.0,0.0,0.0,0.0,0.0,211.08409999999998,0.0,4797.3832999999995,0.9549110357343276,72,-372.94540000000006,28,32618.834592857136,4,7876.225600000001,4,8382.5268,2,-4093.3370000000004,-2511.2755,15.904035714285707,1,4,95,95,12 + fiscal policy and VAT,debt,1,1.8189894035458565e-12
112,99,4,4,8078.198699999997,245.66039999999998,4211.3247,0.0,46939.52349999998,,0.0,2498.1793,44441.344199999985,0.0,4143.1883,165.3563592499999,0.00375,0.0,998.7569609260904,0.0,0.008985429488708667,316.2705550579088,507.15319061739365,0.02,79.99800000000002,2.0,0.0,0.0,2.0,0.0,61,1,281.5833735267053,-6.2634547459195815,275.3199187807857,32.15575393912883,0.24997206016775061,32.40572599929658,481.9463000000007,475.0093000000001,481.9463000000007,0.0,4,0,68.96320000000007,5350.926100000001,78.6948,2.0,2.0,0.0,0.0,0.0,0.12,0.5,0.25,66.35730000000218,4407.646800001432,3961.4272000000005,34,418.5438999999999,421.8447,387.60159999999996,162.18899999999977,0.0,0.0,0.0,0.0,0.0,8,0.0,0.0,0.0,0.0,0.0,246.28100000000006,0.0,0.014110573038228111,3.4721552083333314,4.192337499999999,NaN,1.0558253012048193,2.461240130095789,10.626782559026722,192.0,192.0,96.0,385.3333333333334,231.00000000000003,39.0,38,5,2,9,7,6.0,390.0,4350.7119,1462.7175,2264.7693,179,13,0,28,0.7076805383031541,0.844747568945013,0.21796008651564636,54,902.2990999999992,666.6537999999996,13,6,0.0,0,0,5,0.0,0,0.0,32460.710486585347,0.0,0,0,0,1.5,0,0.0,0,0,0.0,0,0.0,0,0,0.0,0.0,0.0,0,98.31189999999998,0.0,NaN,1280.0,100.0,0.38384709782298015,0,0,0.0,0,0.0,1280.0,0,0.0,0,0,0,0.0,0.0,0.0,0.0,0.0,0.0,0.0,0.0,0,0,0,0,38,0.0,0,8,0.0,0,0.0,1654.7999999999997,0.0,0.0,0.0,0.0,0.0,98.31189999999998,0.0,3727.4867999999997,0.9482378903798019,71,-341.65789999999976,28,32802.368386585375,4,8227.621799999999,4,9187.2173,2,-4112.5395,-2498.1793,15.623652439024395,1,4,96,96,12 + fiscal policy and VAT,debt,1,1.8189894035458565e-12
113,99,4,4,8159.7568999999985,245.66039999999998,4298.4875,0.0,47275.99689999999,,0.0,2538.8306,44737.16629999999,0.0,4019.8661999999995,166.65066724999986,0.00375,0.0,989.6283278570745,0.0,0.00861522979377387,321.3503886038135,501.5784935713831,0.02,84.3953,2.0,0.0,0.0,2.0,0.0,61,1,266.86936518308556,-5.966514673733206,260.9028505093524,24.926955970250244,0.2936216668981713,25.220577637148413,491.2610000000001,481.9463000000002,491.2610000000001,0.0,4,0,68.96320000000007,5350.926100000001,73.5231,2.0,2.0,0.0,0.0,0.0,0.12,0.5,0.25,71.9619000000021,4446.182600001437,3961.4272000000005,34,491.79089999999997,410.23269999999974,458.85970000000003,164.02199999999945,0.0,0.0,0.0,0.0,0.0,2,0.0,0.0,0.0,0.0,0.0,246.7708,0.0,0.015,3.6252247422680424,4.38904,NaN,1.1198109756097558,2.5766914005289783,10.30797908225592,190.0,194.0,95.0,379.0,230.99999999999997,39.0,37,5,3,3,6,5.0,390.0,3056.8633999999997,1692.4148,3410.4787,179,13,0,28,0.6943470700897352,0.8458773303237799,0.21360911626524537,52,932.8876999999992,703.2936000000002,12,6,0.0,0,0,5,0.0,0,0.0,32719.470633734934,0.0,0,0,0,1.5,0,0.0,0,0,0.0,0,0.0,0,0,0.0,0.0,0.0,0,220.42609999999996,0.0,NaN,1280.0,100.0,0.5184354915756777,0,0,0.0,0,0.0,1280.0,0,0.0,0,0,0,0.0,0.0,0.0,0.0,0.0,0.0,0.0,0.0,0,0,0,0,37,0.0,0,8,0.0,0,0.0,1654.7999999999997,0.0,0.0,0.0,0.0,0.0,220.42609999999996,0.0,5102.8935,0.9486634914702077,71,-366.30859999999996,28,33085.77923373494,4,8031.7471,4,8118.0509,2,-4106.9347,-2538.8306,15.83737951807229,0,4,95,95,12 + fiscal policy and VAT,debt,1,1.8189894035458565e-12
114,98,4,4,8585.5697,245.66039999999998,4694.9786,0.0,47636.90019999999,,0.0,2932.699,44704.20119999999,0.0,3882.949900000001,167.75970649999996,0.00375,0.0,984.1662258530883,0.0,0.008260282326270386,340.31410651584605,498.7827255687257,0.02,85.4204,2.0,0.0,0.0,2.0,0.0,61,0,259.03038140897024,-5.904952526228022,253.1254288827422,30.889669733948946,0.3282761992999793,31.217945933248924,513.6755000000004,491.26099999999985,513.6755000000004,0.0,4,0,68.96320000000007,5350.926100000001,71.37349999999999,2.0,2.0,0.0,0.0,0.0,0.12,0.5,0.25,75.82800000000208,4485.023600001499,3994.6150000000007,34,842.5396,416.7268000000001,807.5647,159.86819999999946,0.0,0.0,0.0,0.0,0.0,0,0.0,0.0,0.0,0.0,0.0,262.45130000000006,0.0,0.015,3.7663439153439158,4.551658762886598,NaN,1.1465773809523807,2.681506766700412,10.599667840996798,194.0,189.0,97.0,384.66666666666663,233.0,39.0,38,4,3,4,4,4.0,386.0,3834.740299999998,1861.9213,2888.9080999999996,179,13,0,28,0.7175161389890294,0.8427792631819593,0.20921274766824105,51,982.5844999999999,711.839,10,6,0.0,0,0,4,0.0,0,0.0,33196.23706951219,0.0,0,0,0,1.5,0,0.0,0,0,0.0,0,0.0,0,0,0.0,0.0,0.0,0,164.81189999999998,0.0,NaN,1280.0,100.0,0.4852727090081935,0,0,0.0,0,0.0,1280.0,0,0.0,0,0,0,0.0,0.0,0.0,0.0,0.0,0.0,0.0,0.0,0,0,0,0,38,0.0,0,8,0.0,0,0.0,1654.7999999999997,0.0,0.0,0.0,0.0,0.0,164.81189999999998,0.0,4750.8294,0.9438210452966236,70,-349.5779,28,33545.81496951219,4,7886.5470000000005,4,8700.575,2,-4136.2562,-2932.699,16.797164634146338,1,4,97,97,12 + fiscal policy and VAT,debt,1,1.8189894035458565e-12
115,98,4,4,8391.568500000001,245.66039999999998,4504.904399999998,0.0,48009.07639999999,,0.0,2694.0718,45315.00459999999,0.0,4196.048200000001,167.63547524999993,0.00375,0.0,985.6439104451636,0.0,0.007919958694428046,350.10378628329903,500.35905696344247,0.02,87.92299999999999,2.0,0.0,0.0,2.0,0.0,59,0,252.15267243716625,-5.8704264658160055,246.28224597135022,27.63105211290755,0.33016368869927043,27.96121580160682,519.1252000000006,513.6754999999995,519.1252000000006,0.0,4,0,68.96320000000007,5350.926100000001,76.41900000000001,2.0,2.0,0.0,0.0,0.0,0.12,0.5,0.25,79.75500000000216,4525.8395000015225,3994.6150000000007,34,245.30840000000003,439.30959999999914,208.41950000000003,160.2311999999995,0.0,0.0,0.0,0.0,0.0,0,0.0,0.0,0.0,0.0,0.0,271.2893,0.0,0.014832970703992886,3.8766740740740735,4.7016276595744735,NaN,1.1649283950617286,2.7551617339805987,10.281677805766893,188.0,189.0,94.0,381.00000000000006,228.00000000000003,38.0,38,3,1,4,3,0.0,388.0,3760.4037999999987,1791.4157999999998,2839.7489,179,13,0,28,0.7090999468445061,0.8441600458617926,0.22397036038118134,54,992.9282999999992,732.6913999999999,12,9,0.0,0,0,3,0.0,0,0.0,33519.70526785714,0.0,0,0,0,1.5,0,0.0,0,0,0.0,0,0.0,0,0,0.0,0.0,0.0,0,151.1892,0.0,NaN,1280.0,100.0,0.474096414969308,0,0,0.0,0,0.0,1280.0,0,0.0,0,0,0,0.0,0.0,0.0,0.0,0.0,0.0,0.0,0.0,0,0,0,0,38,0.0,0,8,0.0,0,0.0,1654.7999999999997,0.0,0.0,0.0,0.0,0.0,151.1892,0.0,4631.164699999999,0.9454156785442027,70,-377.3947999999998,28,33897.10006785714,4,8008.7576,4,8814.6777,2,-4132.329000000001,-2694.0718,17.19866071428571,0,4,94,94,12 + fiscal policy and VAT,debt,1,1.8189894035458565e-12
116,98,4,4,8449.828799999997,245.66039999999998,4564.247899999999,0.0,48375.0752,,0.0,2698.6535,45676.4217,0.0,3902.9458999999993,169.92622212499998,0.00375,0.0,992.7499195554885,0.0,0.007593656396217611,351.8164264739317,504.7737047036592,0.02,91.90379999999999,2.0,0.0,0.0,2.0,0.0,59,1,247.4149244961794,-5.8868180723835435,241.52810642379586,26.289665587722197,0.34851266167447853,26.638178249396677,548.6654000000008,519.1252000000004,548.6654000000008,0.0,4,0,68.96320000000007,5350.926100000001,78.7,2.0,2.0,0.0,0.0,0.0,0.12,0.5,0.25,80.83820000000216,4565.717700001558,3994.6150000000007,34,492.23709999999994,433.97679999999934,453.4421,169.21809999999965,0.0,0.0,0.0,0.0,0.0,10,0.0,0.0,0.0,0.0,0.0,270.69660000000005,0.0,0.015,3.96822590673575,4.837178350515465,NaN,1.2563857142857144,2.7930597870975067,9.973227471593887,194.0,193.0,97.0,383.66666666666663,234.0,38.0,36,3,0,10,4,3.0,388.0,4115.8156,1665.3537000000001,2668.6594999999998,179,13,0,28,0.6982163320019905,0.8446733554247896,0.2120750516683858,51,1028.9074999999991,765.8675999999997,10,6,0.0,0,0,3,0.0,0,0.0,33820.54934074072,0.0,0,0,0,1.5,0,0.0,0,0,0.0,0,0.0,0,0,0.0,0.0,0.0,0,102.3341,0.0,NaN,1280.0,100.0,0.44542717158564815,0,0,0.0,0,0.0,1280.0,0,0.0,0,0,0,0.0,0.0,0.0,0.0,0.0,0.0,0.0,0.0,0,0,0,0,36,0.0,0,8,0.0,0,0.0,1654.7999999999997,0.0,0.0,0.0,0.0,0.0,102.3341,0.0,4334.0132,0.9424124883310121,70,-384.0725,28,34204.62184074074,4,8166.057999999999,4,9067.872599999999,2,-4131.2456,-2698.6535,17.47392592592593,0,4,97,97,12 + fiscal policy and VAT,debt,1,1.8189894035458565e-12
117,97,4,4,8332.456400000005,245.66039999999998,4448.644800000001,0.0,48755.509499999964,,0.0,2552.3463,46203.163199999966,0.0,3958.0172000000007,171.28180837500008,0.00375,0.0,1006.8966008381735,0.0,0.007280797752693445,367.7231149267904,513.0063338921159,0.02,92.46980000000002,2.0,0.0,0.0,2.0,0.0,58,1,245.17384504748048,-5.977104267108311,239.19674078037218,19.975585277403045,0.32215277810420506,20.29773805550725,549.5119000000001,548.6654000000012,549.5119000000001,0.0,4,0,68.96320000000007,5350.926100000001,80.5953,2.0,2.0,0.0,0.0,0.0,0.12,0.5,0.25,82.60750000000218,4606.862900001591,3994.6150000000007,34,338.3414999999999,455.7139000000004,298.9656,172.06859999999864,0.0,0.0,0.0,0.0,0.0,9,0.0,0.0,0.0,0.0,0.0,284.6921,0.0,0.015,4.034488481675394,4.928392631578951,NaN,1.282069512195122,2.814645495119035,9.674030647446068,190.0,191.0,95.0,374.6666666666667,228.66666666666666,38.0,37,1,1,2,2,2.0,387.0,3686.6448999999993,1872.4327,2773.3788,179,13,0,28,0.6596796604061603,0.8431264385262545,0.2092512581422019,54,1024.3457999999998,770.5873000000003,5,3,0.0,0,0,1,0.0,0,0.0,34318.39434285715,0.0,0,0,0,1.5,0,0.0,0,0,0.0,0,0.0,0,0,0.0,0.0,0.0,0,131.71020000000001,0.0,NaN,1280.0,100.0,0.4776178431919644,0,0,0.0,0,0.0,1280.0,0,0.0,0,0,0,0.0,0.0,0.0,0.0,0.0,0.0,0.0,0.0,0,0,0,0,37,0.0,0,8,0.0,0,0.0,1654.7999999999997,0.0,0.0,0.0,0.0,0.0,131.71020000000001,0.0,4645.8115,0.9377457122328299,69,-417.23210000000006,28,34735.62644285714,4,8021.3503,4,9027.1647,2,-4129.4761,-2552.3463,18.845785714285718,1,4,95,95,12 + fiscal policy and VAT,debt,1,1.8189894035458565e-12
118,97,4,4,8687.4076,245.66039999999998,4804.2973,0.0,49148.51399999998,,0.0,2864.0254,46284.48859999998,0.0,3833.8505999999993,173.25693050000018,0.00375,0.0,1020.3864644667044,0.0,0.0069808288852824755,382.22126247225924,520.3230763111366,0.02,93.7892,2.0,0.0,0.0,2.0,0.0,58,1,244.4584246895588,-6.086010683020597,238.37241400653818,22.250245702206605,0.3135825038902145,22.563828206096822,557.2022999999997,549.5118999999997,557.2022999999997,0.0,4,0,68.96320000000007,5350.926100000001,81.9105,2.0,2.0,0.0,0.0,0.0,0.12,0.5,0.25,83.3088000000022,4648.094600001623,3994.6150000000007,34,809.7744999999999,454.8233000000003,769.2440999999999,175.24029999999954,0.0,0.0,0.0,0.0,0.0,1,0.0,0.0,0.0,0.0,0.0,297.808,0.0,0.015,4.113544736842105,4.995740000000002,NaN,1.3008634146341456,2.850619992879702,9.383809728022687,190.0,190.0,95.0,384.33333333333337,230.0,38.0,38,2,1,7,3,4.0,386.0,3744.354099999999,1937.9579,3005.0955999999996,179,13,0,28,0.6831251239734211,0.8446094878805095,0.21271908105172455,56,1059.2884999999994,781.5735,11,8,0.0,0,0,2,0.0,0,0.0,34652.14094024387,0.0,0,0,0,1.5,0,0.0,0,0,0.0,0,0.0,0,0,0.0,0.0,0.0,0,156.8724,0.0,NaN,1280.0,100.0,0.5071344780154344,0,0,0.0,0,0.0,1280.0,0,0.0,0,0,0,0.0,0.0,0.0,0.0,0.0,0.0,0.0,0.0,0,0,0,0,38,0.0,0,8,0.0,0,0.0,1654.7999999999997,0.0,0.0,0.0,0.0,0.0,156.8724,0.0,4943.0535,0.937331066403764,69,-463.57660000000004,28,35115.717540243895,4,8012.3387,4,8866.4517,2,-4128.7746,-2864.0254,19.23104268292683,0,4,95,95,12 + fiscal policy and VAT,debt,1,1.8189894035458565e-12
119,97,4,4,8674.898199999998,245.66039999999998,4794.081600000001,0.0,49552.0761,,0.0,2821.8922,46730.183899999996,0.0,4191.5184,173.56148887500024,0.00375,0.0,1037.7420168098356,0.0,0.006693218735208837,391.951455197373,529.0731862065575,0.02,93.53689999999999,2.0,0.0,0.0,2.0,0.0,59,0,242.01891995333304,-6.086954585845095,235.93196536748798,23.08030326002609,0.3275143668509744,23.407817626877065,547.5438999999992,557.2022999999998,547.5438999999992,0.0,4,0,68.96320000000007,5350.926100000001,82.47789999999999,2.0,2.0,0.0,0.0,0.0,0.12,0.5,0.25,85.60250000000218,4691.287200001663,3994.6150000000007,34,438.01989999999995,450.5293,397.121,176.27689999999984,0.0,0.0,0.0,0.0,0.0,0,0.0,0.0,0.0,0.0,0.0,305.8887000000001,0.0,0.015,4.080989528795812,4.993630107526874,NaN,1.312883544303798,2.892408571718003,9.102295436182006,186.0,191.0,93.0,377.0,226.0,38.0,38,2,1,7,5,5.0,386.0,3747.0032999999994,2018.7432,2909.1517000000003,178,14,0,28,0.6873489487936777,0.8448927999505289,0.20595692314012037,57,1062.4995999999996,779.469,12,7,0.0,0,0,2,0.0,0,0.0,34969.59241707318,0.0,0,0,0,1.5,0,0.0,0,0,0.0,0,0.0,0,0,0.0,0.0,0.0,0,158.0498,0.0,NaN,1280.0,100.0,0.5079175993235517,0,0,0.0,0,0.0,1280.0,0,0.0,0,0,0,0.0,0.0,0.0,0.0,0.0,0.0,0.0,0.0,0,0,0,0,38,0.0,0,8,0.0,0,0.0,1654.7999999999997,0.0,0.0,0.0,0.0,0.0,158.0498,0.0,4927.8949,0.9383793744739388,69,-442.0679000000002,28,35411.660317073154,4,7981.5857,4,9027.128700000001,2,-4126.4807,-2821.8922,19.512951219512182,0,4,93,93,12 + fiscal policy and VAT,debt,1,1.8189894035458565e-12
120,97,4,4,8600.2449,245.66039999999998,4652.719000000001,0.0,49947.75119999997,,0.0,2647.2582,47300.49299999997,0.0,4066.8272999999995,175.23315725000012,0.00375,0.0,1050.1251994389704,0.0,0.006417458123318233,383.92841937147983,535.747357959314,0.02,94.3376,2.0,0.0,0.0,2.0,0.0,58,0,246.6634021698738,-6.235547731853351,240.42785443802043,23.16481684967587,0.38009286450134633,23.544909714177216,560.9136999999996,547.5439,560.9136999999996,0.0,4,0,68.96320000000007,5350.926100000001,81.8742,2.0,2.0,0.0,0.0,0.0,0.12,0.5,0.25,18.893200000002228,4734.6484000017035,3994.6150000000007,34,386.45010000000013,461.1033999999993,276.3796,177.60159999999988,0.0,68.08210000000003,0.0,0.0,0.0,2,0.0,0.0,0.0,0.0,0.0,298.55050000000006,0.0,0.015,4.159499470899472,5.035668421052629,NaN,1.3237654320987653,2.897675505495931,8.829226573096545,190.0,189.0,95.0,377.00000000000006,229.99999999999997,38.0,37,1,1,6,5,3.0,386.0,4029.6860000000006,1742.8311999999999,2827.7277,178,14,0,28,0.6794570077550899,0.845026710623084,0.20882220889962144,53,1139.5441999999998,786.1454000000002,9,4,0.0,0,0,1,0.0,0,0.0,35342.95106329109,0.0,0,0,0,1.5,0,0.0,0,0,0.0,0,0.0,0,0,0.0,0.0,0.0,0,112.45289999999999,0.0,NaN,1280.0,100.0,0.47326801213904274,0,0,0.0,0,0.0,1280.0,0,0.0,0,0,0,0.0,0.0,0.0,0.0,0.0,0.0,0.0,0.0,0,0,0,0,37,0.0,0,8,0.0,0,0.0,1654.7999999999997,0.0,0.0,0.0,0.0,0.0,112.45289999999999,0.0,4570.5589,0.9375434390278063,69,-422.0829000000001,28,35765.033963291135,4,8305.3279,4,9181.8418,2,-4193.189799999999,-2647.2582,19.69325316455697,0,4,95,95,12 + fiscal policy and VAT,debt,1,1.8189894035458565e-12
