round,persons_alive,farms_open,bakeries_open,money_in_circulation,money_in_dead_balances,outstanding_debt,peer_lent,government_debt,termination,government_peer_debt,government_bank_debt,bonds_outstanding,government_arrears,bonds_issued,coupons,bond_rate,government_cash,government_reserve_target,surplus_redistributed,tax_scale,government_outlay,tax_shortfall,tax_policy_step,consumption_tax,consumption_tax_scale,wealth_tax,wealth_tax_base,wealth_tax_scale,clearing_residue,negative_wealth_persons,zero_cash_persons,wealth_gap_meals,wealth_bottom10_meals,wealth_top10_meals,cash_gap_meals,cash_bottom10_meals,cash_top10_meals,invoices_issued,invoices_paid,invoices_open,invoices_overdue,liquidations,refoundings,bad_debt,bank_bailouts,profit_tax,profit_tax_scale,parking_tax_scale,income_tax_accrued,income_tax_charged,wealth_tax_arrears,consumption_tax_rate_now,bracket_top_rate,bracket_bottom_rate,bank_retained_interest,cumulative_interest_paid,cumulative_write_offs,cumulative_credit_refusals,money_created,money_destroyed,credit_demand,tax,enterprise_tax,deposit_interest,buffer_pool,insurance_premiums,insurance_payouts,missed_payments,cash_banks,gi_created,demurrage_destroyed,demurrage_tax,account_fees,fees,trade_arrears,interest_rate,price_bread,price_grain,price_ticket,price_rent,price_wage,wage_bid_producers,bread_baked,bread_sold,grain_harvested,labour_offered,labour_sold,government_labour,unemployed,hungry,without_bread,half_meals,gluttons,bread_stocked,total_capacity,cash_persons,cash_farms,cash_bakeries,land_persons,land_farms,land_banks,landholders,gini_cash_persons,gini_net_wealth_persons,gini_income_persons,persons_below_meal,persons_income,bread_bill,gluttony_attempted,gluttony_refused,tickets_sold,n_greedy,hungry_greedy,hungry_others,cash_greedy,land_greedy,wealth_greedy,wealth_persons,bread_greedy,greedy_loaves,greedy_tickets,ration,tier_multiplier,tier_sold,tier_revenue,n_consumers,n_hoarders,wealth_hoarders,land_hoarders,shares_hoarders,greedy_land,greedy_shares,ticket_revenue,theatre_labour,cash_theatres,theatres_open,dividends,dividend_income_persons,share_price_mean,share_units_per_firm,founders_stake_pct,book_per_unit_mean,share_trades,share_trades_deferred,share_contracts_outstanding,share_seizures,share_volume,founders_stake_mean,outside_holders,forward_value_mean,coop_worker_open,coop_consumer_open,coop_member_open,coop_retained_reserve,coop_buffer_pledged,buffer_pledged_persons,patronage_wages,rebates,membership_capital,reserved_labour,coop_worker_hours,coop_members_worker,coop_members_consumer,worker_members,unemployed_members,unemployed_nonmembers,rebate_income_persons,coop_open,forprofit_open,cash_coops,coop_members,coop_capital,founder_capital,founder_debt,reserve_shortfall_owned,reserve_shortfall_coops,reserve_shortfall_forprofit,dividends_coops,dividends_forprofit,founders_cash,cash_forprofit,gini_net_wealth_all,n_workers,wealth_workers,n_landowners,wealth_landowners,n_farms,wealth_farms,n_bakeries,wealth_bakeries,n_banks,wealth_banks,wealth_government,land_price,deaths,closures,production_target_farms,production_target_bakeries,rung,system,seed,identity
1,128,4,4,6687.063099999995,0.0,440.25,140.25,140.25,,140.25,0.0,0.0,0.0,0.0,0.0,0.0025,29.2125,0.0,0.0,1.0,140.25,0.0,0.0,0.0,1.0,0.0,0.0,1.0,0.0,0,0,23.97220615384615,2.81073076923077,26.78293692307692,2.345306153846153,2.6793076923076926,5.024613846153846,222.99999999999986,0.0,222.99999999999986,0.0,0,0,0.0,0.0,0.0,1.0,1.0,0.0,0.0,0.0,0.0,0.5,0.25,0.0,0.0,0.0,0,640.0,59.25689999999994,140.25,29.489799999999974,0.0,0.0,0.0,0.0,0.0,0,0.0,640.0,59.25689999999994,29.489799999999974,79.0,0.0,0.0,0.0,5.0,5.199999999999997,2.0,0.75,3.597459459459462,3.920000000000001,80.0,26.0,40.0,512.0,185.0,51.0,81,0,0,0,16,10.0,512.0,4687.984299999997,368.212,976.596,184,8,0,31,0.11558565716479707,0.4797037309896388,0.656317187975868,0,1311.1661999999997,130.0,16,0,130.0,0,0,0,0.0,0,0.0,11887.984299999998,0.0,0,0,0,1.5,0,0.0,0,0,0.0,0,0.0,0,0,260.0,52.0,625.0582999999999,2,0.0,0.0,NaN,1280.0,NaN,NaN,0,0,0.0,0,0.0,NaN,0,NaN,0,0,0,0.0,0.0,0.0,0.0,0.0,0.0,0.0,0.0,0,0,0,0,81,0.0,0,0,0.0,0,0.0,0.0,0.0,0.0,0.0,0.0,0.0,0.0,0.0,0.0,0.48335823320813365,97,3807.0974999999994,31,8080.886800000001,4,368.212,4,1037.396,2,56.16,-111.0375,37.5,0,0,40,40,5 + government bonds,sumsy,3,3.637978807091713e-12
2,128,4,4,7255.834800000006,0.0,4596.8035,159.05349999999999,251.2875,,251.2875,0.0,0.0,0.0,0.0,0.0,0.0025,35.0581,0.0,0.0,1.0,140.25,0.0,0.0,0.0,1.0,0.0,0.0,1.0,0.0,0,0,24.163726923076922,2.627513846153846,26.791240769230768,2.155221538461539,2.5703823076923076,4.725603846153847,647.7789999999999,222.99999999999983,647.7789999999999,0.0,0,0,0.0,0.0,0.0,1.0,1.0,0.0,0.0,0.0,0.0,0.5,0.25,0.0,0.0,0.0,0,640.0,71.22830000000003,159.05349999999999,35.426799999999986,0.0,0.0,0.0,0.0,0.0,4,0.0,640.0,71.22830000000003,35.426799999999986,79.0,0.0,0.0,0.015,4.808333333333335,5.502426086956521,2.0611717948717962,NaN,3.444378299120221,3.8023999999999996,230.0,270.0,115.0,512.0,341.0,51.0,42,0,0,1,14,11.0,512.0,4914.568700000002,187.21,1601.0994000000003,77,115,0,14,0.08247214281870785,0.46625026580370044,0.3532349107049355,0,1791.2241000000022,1298.2500000000005,14,0,78.0,0,0,0,0.0,0,0.0,12144.535599999996,0.0,0,0,0,1.5,0,0.0,0,0,0.0,0,0.0,0,0,160.7714000000001,58.0,517.8986,2,0.0,0.0,NaN,1280.0,NaN,NaN,0,0,0.0,0,0.0,NaN,0,NaN,0,0,0,0.0,0.0,0.0,0.0,0.0,0.0,0.0,0.0,0,0,0,0,42,0.0,0,0,0.0,0,0.0,0.0,0.0,0.0,0.0,0.0,0.0,0.0,0.0,0.0,0.48846975611165666,114,8428.335100000006,14,3716.2005,4,154.19399999999996,4,1661.8994,2,128.23059999999998,-216.2294,37.5,0,0,115,115,5 + government bonds,sumsy,3,3.637978807091713e-12
3,128,4,4,7813.672200000002,0.0,5514.891999999999,386.1144,351.1028,,351.1028,0.0,0.0,0.0,0.0,0.0,0.0025,40.4281,0.0,0.0,1.0,134.8734,0.0,0.0,0.0,1.0,0.0,0.0,1.0,0.0,0,0,25.200386348486848,2.9213472870283947,28.121733635515245,2.9226383148913455,2.875420610585254,5.7980589254765995,740.2030999999993,647.7789999999997,740.2030999999993,0.0,0,0,0.0,0.0,0.0,1.0,1.0,0.0,0.0,0.0,0.0,0.5,0.25,0.0,-0.48032500000000006,0.0,0,640.0,82.16260000000003,386.1144,40.86370000000002,0.0,0.0,0.0,0.0,0.0,9,14.9863,640.0,82.16260000000003,40.86370000000002,79.0,0.0,0.0,0.015,4.720538867924519,5.371874814814809,2.0251831250000008,NaN,3.3482680878553075,3.6883279999999994,270.0,265.0,135.0,510.66666666666663,387.0,51.0,30,0,0,2,12,10.0,512.0,5228.900099999999,402.77660000000003,1694.7681999999998,57,135,0,10,0.11488165745531309,0.46264862526622497,0.2706416573492372,0,1906.513,1250.9427999999975,12,0,160.0,0,0,0,0.0,0,0.0,12397.443099999993,0.0,0,0,0,1.5,0,0.0,0,0,0.0,0,0.0,0,0,324.02930000000015,64.0,431.8129,2,0.0,0.0,NaN,1280.0,NaN,NaN,0,0,0.0,0,0.0,NaN,0,NaN,0,0,0,0.0,0.0,0.0,0.0,0.0,0.0,0.0,0.0,0,0,0,0,30,0.0,0,0,0.0,0,0.0,0.0,0.0,0.0,0.0,0.0,0.0,0.0,0.0,0.0,0.48635785977373636,118,9712.375299999992,10,2685.0678,4,301.4874000000002,4,1755.5680999999997,2,201.0683,-310.67470000000003,37.5,0,0,135,135,5 + government bonds,sumsy,3,3.637978807091713e-12
4,128,4,4,8360.5208,0.0,5370.862800000001,125.81160000000001,443.086,,443.086,0.0,0.0,0.0,0.0,0.0,0.0025,45.8992,0.0,0.0,1.0,132.41129999999998,0.0,0.0,0.0,1.0,0.0,0.0,1.0,0.0,0,0,25.663667189505183,3.3283406784805156,28.9920078679857,3.932996223082555,3.139727107610977,7.072723330693532,715.6538000000011,740.2031000000001,715.6538000000011,0.0,0,0,0.0,0.0,0.0,1.0,1.0,0.0,0.0,0.0,0.0,0.5,0.25,0.0,-3.7994250000000007,0.0,0,640.0,93.15139999999998,125.8116,46.35030000000001,0.0,0.0,0.0,0.0,0.0,15,3.7923,640.0,93.15139999999998,46.35030000000001,79.0,0.0,0.0,0.011582312651380003,4.585901433691744,5.268073684210535,1.9898293750000007,NaN,3.2004350267500845,3.5776781599999987,266.0,279.0,133.0,509.3333333333333,383.0,51.0,31,0,0,1,18,16.0,512.0,5622.143300000002,444.92099999999994,1739.1949,57,135,0,10,0.122600587967715,0.45413477800918445,0.2840336491308959,0,1828.5815000000005,1279.4664999999964,18,0,160.0,0,0,0,0.0,0,0.0,12544.776899999999,0.0,0,0,0,1.5,0,0.0,0,0,0.0,0,0.0,0,0,318.3727000000001,64.0,504.5701,2,0.0,0.0,NaN,1280.0,NaN,NaN,0,0,0.0,0,0.0,NaN,0,NaN,0,0,0,0.0,0.0,0.0,0.0,0.0,0.0,0.0,0.0,0,0,0,0,31,0.0,0,0,0.0,0,0.0,0.0,0.0,0.0,0.0,0.0,0.0,0.0,0.0,0.0,0.48074637630640304,118,9831.728100000004,10,2713.0487999999996,4,579.6441999999995,4,1799.9948,2,274.71500000000003,-397.1868,37.5,0,0,133,133,5 + government bonds,sumsy,3,3.637978807091713e-12
5,128,4,4,8896.729299999997,0.0,5219.5661,82.7355,525.8215,,525.8215,0.0,0.0,0.0,0.0,0.0,0.0025,51.2115,0.0,0.0,1.0,128.6347,0.0,0.0,0.0,1.0,0.0,0.0,1.0,0.0,0,0,26.15589947961792,3.7735832353683336,29.929482714986253,4.460714310943734,3.4542868964405304,7.9150012073842655,721.794800000001,715.6538000000006,721.794800000001,0.0,0,0,0.0,0.0,0.0,1.0,1.0,0.0,0.0,0.0,0.0,0.5,0.25,0.0,-7.289424999999998,0.0,0,640.0,103.79149999999998,82.7355,51.66799999999998,0.0,0.0,0.0,0.0,0.0,18,78.9656,640.0,103.79149999999998,51.66799999999998,79.0,0.0,0.0,0.015,4.458302702702697,5.1970205882353016,2.0056531249999985,NaN,3.056518770904167,3.4703478151999994,272.0,259.0,136.0,510.66666666666663,389.0,51.0,30,0,0,1,11,9.0,512.0,6016.4569999999985,439.3631,1695.7431,56,136,0,10,0.13045885201830565,0.43871529646916585,0.26867587433746065,0,1783.9823,1154.7003999999984,11,0,160.0,0,0,0,0.0,0,0.0,12765.831800000009,0.0,0,0,0,1.5,0,0.0,0,0,0.0,0,0.0,0,0,320.90449999999976,64.0,614.989,2,0.0,0.0,NaN,1280.0,NaN,NaN,0,0,0.0,0,0.0,NaN,0,NaN,0,0,0,0.0,0.0,0.0,0.0,0.0,0.0,0.0,0.0,0,0,0,0,30,0.0,0,0,0.0,0,0.0,0.0,0.0,0.0,0.0,0.0,0.0,0.0,0.0,0.0,0.4681339433784588,118,10077.8136,10,2688.0182,4,845.6185000000005,4,1756.543,2,346.5307,-474.61,37.5,0,0,136,136,5 + government bonds,sumsy,3,3.637978807091713e-12
6,128,4,4,9422.119700000005,0.0,5020.0032,73.8444,599.6658,,599.6658,0.0,0.0,0.0,0.0,0.0,0.0025,56.6053,0.0,0.0,1.0,125.05580000000002,0.0,0.0,0.0,1.0,0.0,0.0,1.0,0.0,0,0,26.81269521380748,4.081550687553644,30.894245901361124,5.658544412172938,3.8901230603593437,9.548667472532282,694.9977999999993,721.7948000000009,694.9977999999993,0.0,0,0,0.0,0.0,0.0,1.0,1.0,0.0,0.0,0.0,0.0,0.5,0.25,0.0,-10.595450000000001,0.0,0,640.0,114.60960000000006,73.8444,57.07180000000006,0.0,0.0,0.0,0.0,0.0,20,122.8583,640.0,114.60960000000006,57.07180000000006,79.0,0.0,0.0,0.015,4.354674253731333,5.074610447761189,2.0383175000000007,NaN,3.033782573534569,3.366237380743999,268.0,268.0,134.0,510.6666666666667,385.0,51.0,31,0,0,2,14,9.0,512.0,6443.5286000000015,451.30179999999996,1688.3938,56,136,0,10,0.14239801654445983,0.43110107136043396,0.2893406648748247,0,1754.1107999999997,1167.0526999999972,14,0,160.0,0,0,0,0.0,0,0.0,12935.034099999999,0.0,0,0,0,1.5,0,0.0,0,0,0.0,0,0.0,0,0,326.13080000000014,64.0,659.4319,2,0.0,0.0,NaN,1280.0,NaN,NaN,0,0,0.0,0,0.0,NaN,0,NaN,0,0,0,0.0,0.0,0.0,0.0,0.0,0.0,0.0,0.0,0,0,0,0,31,0.0,0,0,0.0,0,0.0,0.0,0.0,0.0,0.0,0.0,0.0,0.0,0.0,0.0,0.4652517589066736,118,10202.517499999998,10,2732.5166,4,1130.9643999999992,4,1749.1936,2,387.06579999999997,-543.0605,37.5,0,0,134,134,5 + government bonds,sumsy,3,3.637978807091713e-12
7,128,4,4,9937.204299999998,0.0,4812.139500000001,65.5435,665.2093,,665.2093,0.0,0.0,0.0,0.0,0.0,0.0025,61.7513,0.0,0.0,1.0,122.14879999999997,0.0,0.0,0.0,1.0,0.0,0.0,1.0,0.0,0,0,27.339815878461717,4.170623710084791,31.510439588546507,7.270991618459061,3.870770847992366,11.141762466451427,684.2544,694.9978000000013,684.2544,0.0,0,0,0.0,0.0,0.0,1.0,1.0,0.0,0.0,0.0,0.0,0.5,0.25,0.0,-13.71735000000001,0.0,0,640.0,124.91539999999999,65.5435,62.22210000000001,0.0,0.0,0.0,0.0,0.0,21,143.8261,640.0,124.91539999999999,62.22210000000001,79.0,0.0,0.0,0.015,4.264138148148141,4.994435820895522,2.077668125,NaN,3.0421800332913524,3.2652502593216797,268.0,270.0,134.0,509.3333333333333,384.99999999999994,51.0,30,0,0,2,14,11.0,512.0,6870.431299999998,445.50860000000006,1693.9533000000001,56,136,0,10,0.17055096137578007,0.42610852955341927,0.3024367207507519,0,1748.7540000000001,1151.317299999998,14,0,160.0,0,0,0,0.0,0,0.0,13104.067500000001,0.0,0,0,0,1.5,0,0.0,0,0,0.0,0,0.0,0,0,332.42690000000005,64.0,721.7337,2,0.0,0.0,NaN,1280.0,NaN,NaN,0,0,0.0,0,0.0,NaN,0,NaN,0,0,0,0.0,0.0,0.0,0.0,0.0,0.0,0.0,0.0,0,0,0,0,30,0.0,0,0,0.0,0,0.0,0.0,0.0,0.0,0.0,0.0,0.0,0.0,0.0,0.0,0.4701863955053287,118,10376.982399999997,10,2727.0851,4,1398.5783999999996,4,1754.7531000000001,2,404.67600000000004,-603.458,37.5,0,0,134,134,5 + government bonds,sumsy,3,3.637978807091713e-12
8,128,4,4,10441.858899999997,0.0,4596.59,57.8578,723.067,,723.067,0.0,0.0,0.0,0.0,0.0,0.0025,66.9741,0.0,0.0,1.0,119.60900000000002,0.0,0.0,0.0,1.0,0.0,0.0,1.0,0.0,0,0,28.178919987498787,4.179067951788128,32.357987939286915,8.792095902132829,4.0136237521476215,12.80571965428045,676.2053999999996,684.2544000000001,676.2053999999996,0.0,0,0,0.0,0.0,0.0,1.0,1.0,0.0,0.0,0.0,0.0,0.5,0.25,0.0,-16.65517500000001,0.0,0,640.0,135.34539999999993,57.8578,67.43989999999997,0.0,0.0,0.0,0.0,0.0,22,154.1055,640.0,135.34539999999993,67.43989999999997,79.0,0.0,0.0,0.015,4.189411538461542,4.934368656716415,2.1335993749999997,NaN,2.965948506637797,3.167292751542029,268.0,260.0,134.0,509.3333333333333,385.0,51.0,31,0,0,2,12,5.0,512.0,7307.427300000003,449.04949999999997,1656.1876,56,136,0,10,0.19997870875585,0.4259393986726481,0.31260144980786686,0,1710.2569999999996,1089.247000000001,12,0,160.0,0,0,0,0.0,0,0.0,13283.1942,0.0,0,0,0,1.5,0,0.0,0,0,0.0,0,0.0,0,0,341.37589999999994,64.0,808.1149,2,0.0,0.0,NaN,1280.0,NaN,NaN,0,0,0.0,0,0.0,NaN,0,NaN,0,0,0,0.0,0.0,0.0,0.0,0.0,0.0,0.0,0.0,0,0,0,0,31,0.0,0,0,0.0,0,0.0,0.0,0.0,0.0,0.0,0.0,0.0,0.0,0.0,0.0,0.4777600397095496,118,10552.8979,10,2730.2963000000004,4,1675.5264999999997,4,1716.9873,2,411.5978,-656.0929,37.5,0,0,134,134,5 + government bonds,sumsy,3,3.637978807091713e-12
9,128,4,4,10936.554100000005,0.0,4373.7216,50.5389,773.6057999999999,,773.6057999999999,0.0,0.0,0.0,0.0,0.0,0.0025,71.9514,0.0,0.0,1.0,117.51290000000002,0.0,0.0,0.0,1.0,0.0,0.0,1.0,0.0,0,0,28.629060259059678,4.545771528404481,33.17483178746416,9.605785464637489,4.423541217005874,14.029326681643361,656.6817000000004,676.2054000000007,656.6817000000004,0.0,0,0,0.0,0.0,0.0,1.0,1.0,0.0,0.0,0.0,0.0,0.5,0.25,0.0,-19.409000000000002,0.0,0,640.0,145.30479999999994,50.5389,72.41879999999999,0.0,0.0,0.0,0.0,0.0,23,159.1037,640.0,145.30479999999994,72.41879999999999,79.0,0.0,0.0,0.015,4.135937307692309,4.861225000000004,2.210510000000002,NaN,2.8558884347869804,3.072273968995767,264.0,260.0,132.0,509.33333333333337,381.0,51.0,32,0,0,2,7,4.0,512.0,7680.924700000005,463.5623,1643.9994,56,136,0,10,0.20768265324795454,0.4181714652567825,0.31977063906002967,0,1648.8986999999997,1075.3437000000004,7,0,160.0,0,0,0,0.0,0,0.0,13398.822300000005,0.0,0,0,0,1.5,0,0.0,0,0,0.0,0,0.0,0,0,353.68160000000034,64.0,917.0126,2,0.0,0.0,NaN,1280.0,NaN,NaN,0,0,0.0,0,0.0,NaN,0,NaN,0,0,0,0.0,0.0,0.0,0.0,0.0,0.0,0.0,0.0,0,0,0,0,32,0.0,0,0,0.0,0,0.0,0.0,0.0,0.0,0.0,0.0,0.0,0.0,0.0,0.0,0.48209779968499333,118,10628.758000000007,10,2770.0643,4,1963.4465000000005,4,1704.799,2,413.2384,-701.6543999999999,37.5,0,0,132,132,5 + government bonds,sumsy,3,3.637978807091713e-12
10,128,4,4,11421.261600000002,0.0,4144.376499999999,44.0621,817.6678999999999,,817.6678999999999,0.0,0.0,0.0,0.0,0.0,0.0025,76.931,0.0,0.0,1.0,116.01349999999996,0.0,0.0,0.0,1.0,0.0,0.0,1.0,0.0,0,0,29.370735142633922,4.362635871675259,33.733371014309185,11.201985932497669,4.189319191622176,15.391305124119844,642.2556999999997,656.6817000000011,642.2556999999997,0.0,0,0,0.0,0.0,0.0,1.0,1.0,0.0,0.0,0.0,0.0,0.5,0.25,0.0,-21.979099999999995,0.0,0,640.0,155.2925,44.0621,77.40759999999999,0.0,0.0,0.0,0.0,0.0,24,161.3648,640.0,155.2925,77.40759999999999,79.0,0.0,0.0,0.015,4.08565056179775,4.788211450381677,2.216248749999999,NaN,2.7965441727724833,2.9801057499258943,262.0,267.0,131.0,509.33333333333337,378.99999999999994,51.0,32,0,0,1,8,8.0,512.0,7999.826100000001,467.4352,1682.7051000000001,56,136,0,10,0.22565574825823398,0.4178767230944198,0.32282909204104726,0,1614.0337999999995,1090.8686999999993,8,0,160.0,0,0,0,0.0,0,0.0,13459.854399999991,0.0,0,0,0,1.5,0,0.0,0,0,0.0,0,0.0,0,0,354.5997999999999,64.0,1032.9994,2,0.0,0.0,NaN,1280.0,NaN,NaN,0,0,0.0,0,0.0,NaN,0,NaN,0,0,0,0.0,0.0,0.0,0.0,0.0,0.0,0.0,0.0,0,0,0,0,32,0.0,0,0,0.0,0,0.0,0.0,0.0,0.0,0.0,0.0,0.0,0.0,0.0,0.0,0.4924135011535249,118,10679.7367,10,2780.1177000000002,4,2240.7266,4,1743.5047,2,412.14189999999996,-740.7368999999999,37.5,0,0,131,131,5 + government bonds,sumsy,3,3.637978807091713e-12
11,128,4,4,11896.345399999998,0.0,3908.6404,37.6711,855.3389999999999,,855.3389999999999,0.0,0.0,0.0,0.0,0.0,0.0025,81.7214,0.0,0.0,1.0,114.6021,0.0,0.0,0.0,1.0,0.0,0.0,1.0,0.0,0,0,29.464860309529914,4.472476695372726,33.93733700490264,12.32681759465222,4.3916111253634575,16.718428720015677,639.2505999999996,642.2557000000002,639.2505999999996,0.0,0,0,0.0,0.0,0.0,1.0,1.0,0.0,0.0,0.0,0.0,0.5,0.25,0.0,-24.365299999999994,0.0,0,640.0,164.91619999999995,37.6711,82.21229999999996,0.0,0.0,0.0,0.0,0.0,25,162.2319,640.0,164.91619999999995,82.21229999999996,79.0,0.0,0.0,0.015,4.059739338235295,4.7291712121212095,2.2841568749999994,NaN,2.7238919464350677,2.8907025774281183,264.0,272.0,132.0,510.6666666666667,381.0,51.0,32,0,0,2,14,12.0,512.0,8264.385300000005,468.5733,1750.079,56,136,0,10,0.24502475843167026,0.41691987396824226,0.3244560016314275,0,1586.5778000000005,1104.2491000000002,14,0,160.0,0,0,0,0.0,0,0.0,13466.544300000001,0.0,0,0,0,1.5,0,0.0,0,0,0.0,0,0.0,0,0,365.4650999999999,64.0,1169.3545,2,0.0,0.0,NaN,1280.0,NaN,NaN,0,0,0.0,0,0.0,NaN,0,NaN,0,0,0,0.0,0.0,0.0,0.0,0.0,0.0,0.0,0.0,0,0,0,0,32,0.0,0,0,0.0,0,0.0,0.0,0.0,0.0,0.0,0.0,0.0,0.0,0.0,0.0,0.503316003802178,118,10700.6272,10,2765.9171000000006,4,2515.2718999999997,4,1810.8786,2,409.65139999999997,-773.6175999999999,37.5,0,0,132,132,5 + government bonds,sumsy,3,3.637978807091713e-12
12,128,4,4,12361.819099999992,0.0,3667.3871999999997,32.154,887.4929999999999,,887.4929999999999,0.0,0.0,0.0,0.0,0.0,0.0025,86.5132,0.0,0.0,1.0,113.87539999999997,0.0,0.0,0.0,1.0,0.0,0.0,1.0,0.0,0,0,29.966374462763177,4.474996475676757,34.44137093843993,13.96804627060771,4.446445002588357,18.414491273196067,640.6546000000003,639.2506,640.6546000000003,0.0,0,0,0.0,0.0,0.0,1.0,1.0,0.0,0.0,0.0,0.0,0.5,0.25,0.0,-26.56719999999998,0.0,0,640.0,174.52630000000022,32.154,87.01370000000006,0.0,0.0,0.0,0.0,0.0,26,162.5094,640.0,174.52630000000022,87.01370000000006,79.0,0.0,0.0,0.015,4.0362486692015205,4.7041699248120326,2.3381299999999987,NaN,3.0839639384791213,4.778800343475226,266.0,263.0,133.0,509.33333333333337,383.0,51.0,31,0,0,1,11,9.0,512.0,8693.012599999995,478.4051,1786.2662,56,136,0,10,0.26413898646598044,0.41690645781854885,0.35902570755463725,0,1720.9936999999998,1061.5333999999998,11,0,160.0,0,0,0,0.0,0,0.0,13637.302299999996,0.0,0,0,0,1.5,0,0.0,0,0,0.0,0,0.0,0,0,374.10079999999977,64.0,1155.1126,2,0.0,0.0,NaN,1280.0,NaN,NaN,0,0,0.0,0,0.0,NaN,0,NaN,0,0,0,0.0,0.0,0.0,0.0,0.0,0.0,0.0,0.0,0,0,0,0,31,0.0,0,0,0.0,0,0.0,0.0,0.0,0.0,0.0,0.0,0.0,0.0,0.0,0.0,0.508551990891305,118,10855.958899999992,10,2781.3433999999997,4,2798.5108999999998,4,1847.0657999999999,2,406.5713,-800.9798,37.5,0,0,133,133,5 + government bonds,sumsy,3,3.637978807091713e-12
13,128,4,4,12818.067200000009,0.0,3420.6830000000004,26.7031,914.1959999999999,,914.1959999999999,0.0,0.0,0.0,0.0,0.0,0.0025,91.1027,0.0,0.0,1.0,113.2162,0.0,0.0,0.0,1.0,0.0,0.0,1.0,0.0,0,0,29.92326402904153,4.814208414848819,34.73747244389035,15.087364242649798,4.739646606430922,19.827010849080718,661.5942999999997,640.6546000000012,661.5942999999997,0.0,0,0,0.0,0.0,0.0,1.0,1.0,0.0,0.0,0.0,0.0,0.5,0.25,0.0,-28.584724999999978,0.0,0,640.0,183.7518999999999,26.7031,91.61799999999995,0.0,0.0,0.0,0.0,0.0,27,162.47449999999998,640.0,183.7518999999999,91.61799999999995,79.0,0.0,0.0,0.015,4.030093207547172,4.825330597014924,2.412041249999997,NaN,3.0497103251197597,4.724151847776818,268.0,265.0,134.0,510.6666666666667,385.0,51.0,31,0,0,1,10,9.0,512.0,9084.443500000005,492.93519999999995,1843.9488999999999,56,136,0,10,0.272202788636007,0.4111320607784268,0.3682851577474422,0,1706.0050000000006,1067.9747000000007,10,0,160.0,0,0,0,0.0,0,0.0,13770.86390000001,0.0,0,0,0,1.5,0,0.0,0,0,0.0,0,0.0,0,0,385.92659999999955,64.0,1143.1624000000002,2,0.0,0.0,NaN,1280.0,NaN,NaN,0,0,0.0,0,0.0,NaN,0,NaN,0,0,0,0.0,0.0,0.0,0.0,0.0,0.0,0.0,0.0,0,0,0,0,31,0.0,0,0,0.0,0,0.0,0.0,0.0,0.0,0.0,0.0,0.0,0.0,0.0,0.0,0.5108457046882233,118,10972.960600000011,10,2797.9033,4,3086.4482,4,1904.7484,2,403.1788,-823.0932999999999,37.5,0,0,134,134,5 + government bonds,sumsy,3,3.637978807091713e-12
14,128,4,4,13265.141800000001,0.0,3169.2172,21.9414,936.1374,,936.1374,0.0,0.0,0.0,0.0,0.0,0.0025,95.6496,0.0,0.0,1.0,113.04409999999996,0.0,0.0,0.0,1.0,0.0,0.0,1.0,0.0,0,0,30.559214954321376,4.363736638071178,34.92295159239256,16.51232758243602,4.329912262902855,20.842239845338874,647.0484,661.5943000000008,647.0484,0.0,0,0,0.0,0.0,0.0,1.0,1.0,0.0,0.0,0.0,0.0,0.5,0.25,0.0,-30.418524999999978,0.0,0,640.0,192.92540000000014,21.9414,96.19170000000003,0.0,0.0,0.0,0.0,0.0,28,163.1177,640.0,192.92540000000014,96.19170000000003,79.0,0.0,0.0,0.015,4.00621231884058,4.7882454545454545,2.51606875,NaN,3.06010003798347,4.582427292343513,264.0,276.0,132.0,510.6666666666667,381.0,51.0,32,0,0,2,16,15.0,512.0,9403.395,537.9396,1928.2491,56,136,0,10,0.2933873979158592,0.41405772369270966,0.3838129747091539,0,1691.1662999999992,1105.7146000000002,16,0,160.0,0,0,0,0.0,0,0.0,13831.946099999997,0.0,0,0,0,1.5,0,0.0,0,0,0.0,0,0.0,0,0,402.571,64.0,1136.7908,2,0.0,0.0,NaN,1280.0,NaN,NaN,0,0,0.0,0,0.0,NaN,0,NaN,0,0,0,0.0,0.0,0.0,0.0,0.0,0.0,0.0,0.0,0,0,0,0,32,0.0,0,0,0.0,0,0.0,0.0,0.0,0.0,0.0,0.0,0.0,0.0,0.0,0.0,0.5199597859874023,118,11024.1551,10,2807.791,4,3404.8598,4,1989.0485999999999,2,400.4644,-840.4878,37.5,0,0,132,132,5 + government bonds,sumsy,3,3.637978807091713e-12
15,128,4,4,13703.185099999986,0.0,2912.5351,16.7251,952.8625,,952.8625,0.0,0.0,0.0,0.0,0.0,0.0025,100.1265,0.0,0.0,1.0,112.37469999999998,0.0,0.0,0.0,1.0,0.0,0.0,1.0,0.0,0,0,30.591643546799784,4.424683882469101,35.016327429268884,17.702989500044723,4.424683882469101,22.127673382513823,662.5693000000002,647.0483999999997,662.5693000000002,0.0,0,0,0.0,0.0,0.0,1.0,1.0,0.0,0.0,0.0,0.0,0.5,0.25,0.0,-32.06832499999997,0.0,0,640.0,201.95669999999984,16.7251,100.69410000000005,0.0,0.0,0.0,0.0,0.0,29,163.33440000000002,640.0,201.95669999999984,100.69410000000005,79.0,0.0,0.0,0.015,4.014025818181818,4.796809629629632,2.61634625,NaN,3.056221590551629,4.444954473573207,270.0,275.0,135.0,509.3333333333333,387.0,51.0,30,0,0,1,19,16.0,512.0,9715.317099999998,566.7536,2022.9113000000002,56,136,0,10,0.2962345992771298,0.4068236605105704,0.37380415117815247,0,1701.5287999999996,1103.8570999999997,19,0,160.0,0,0,0,0.0,0,0.0,13885.998899999988,0.0,0,0,0,1.5,0,0.0,0,0,0.0,0,0.0,0,0,418.61539999999997,64.0,1134.7422000000001,2,0.0,0.0,NaN,1280.0,NaN,NaN,0,0,0.0,0,0.0,NaN,0,NaN,0,0,0,0.0,0.0,0.0,0.0,0.0,0.0,0.0,0.0,0,0,0,0,30,0.0,0,0,0.0,0,0.0,0.0,0.0,0.0,0.0,0.0,0.0,0.0,0.0,0.0,0.5228968380540255,118,11086.620199999994,10,2799.3786999999998,4,3707.0809999999997,4,2083.7108,2,397.3235,-852.736,37.5,0,0,135,135,5 + government bonds,sumsy,3,3.637978807091713e-12
16,128,4,4,14132.474900000003,0.0,2689.0953,12.4674,965.3299,,965.3299,0.0,0.0,0.0,0.0,0.0,0.0025,104.4783,0.0,0.0,1.0,112.59389999999999,0.0,0.0,0.0,1.0,0.0,0.0,1.0,0.0,0,0,30.285805162364145,4.7865412108143355,35.07234637317848,18.47968643488644,4.715776842854026,23.195463277740465,661.4288,662.5692999999997,661.4288,0.0,0,0,0.0,0.0,0.0,1.0,1.0,0.0,0.0,0.0,0.0,0.5,0.25,0.0,-33.533824999999986,0.0,0,640.0,210.71020000000007,12.4674,105.06260000000003,0.0,0.0,0.0,0.0,0.0,30,163.41570000000002,640.0,210.71020000000007,105.06260000000003,79.0,0.0,0.0,0.015,4.024709469696968,4.718458394160584,2.6892200000000024,NaN,3.0702038982097117,4.3116058393660115,274.0,264.0,137.0,510.6666666666667,391.0,51.0,29,0,0,1,15,10.0,512.0,10063.903900000001,609.9915000000001,2060.6111,55,137,0,10,0.30308726410024045,0.4028771984580728,0.38724797528043986,0,1712.0583000000001,1062.5232999999996,15,0,160.0,0,0,0,0.0,0,0.0,13976.716400000003,0.0,0,0,0,1.5,0,0.0,0,0,0.0,0,0.0,0,0,430.2752000000004,64.0,1130.0744,2,0.0,0.0,NaN,1280.0,NaN,NaN,0,0,0.0,0,0.0,NaN,0,NaN,0,0,0,0.0,0.0,0.0,0.0,0.0,0.0,0.0,0.0,0,0,0,0,29,0.0,0,0,0.0,0,0.0,0.0,0.0,0.0,0.0,0.0,0.0,0.0,0.0,0.0,0.5266639051866073,118,11151.382900000004,10,2825.3335000000006,4,4023.7261,4,2121.4106,2,394.0472,-860.8516,37.5,0,0,137,137,5 + government bonds,sumsy,3,3.637978807091713e-12
17,128,4,4,14553.227600000004,0.0,2422.2284,8.4153,973.7452,,973.7452,0.0,0.0,0.0,0.0,0.0,0.0025,108.7272,0.0,0.0,1.0,112.89359999999999,0.0,0.0,0.0,1.0,0.0,0.0,1.0,0.0,0,0,30.61241987315986,4.605910100983199,35.21832997414306,20.291666306191924,4.53313083907105,24.824797145262973,657.5858999999992,661.4288000000001,657.5858999999992,0.0,0,0,0.0,0.0,0.0,1.0,1.0,0.0,0.0,0.0,0.0,0.5,0.25,0.0,-34.81492499999998,0.0,0,640.0,219.24730000000002,8.4153,109.32470000000002,0.0,0.0,0.0,0.0,0.0,31,163.4027,640.0,219.24730000000002,109.32470000000002,79.0,0.0,0.0,0.015,4.027134765625002,4.75989555555555,2.771446874999998,NaN,3.1072720946382546,4.18225766418503,270.0,256.0,135.0,510.66666666666663,386.99999999999994,51.0,30,0,0,2,9,3.0,512.0,10423.856600000003,657.7139999999999,2076.5423,55,137,0,10,0.32111902011271964,0.40291445670097636,0.38883069905875645,0,1706.7648000000008,1030.9465000000005,9,0,160.0,0,0,0,0.0,0,0.0,14076.9248,0.0,0,0,0,1.5,0,0.0,0,0,0.0,0,0.0,0,0,443.4314999999997,64.0,1122.9848000000002,2,0.0,0.0,NaN,1280.0,NaN,NaN,0,0,0.0,0,0.0,NaN,0,NaN,0,0,0,0.0,0.0,0.0,0.0,0.0,0.0,0.0,0.0,0,0,0,0,30,0.0,0,0,0.0,0,0.0,0.0,0.0,0.0,0.0,0.0,0.0,0.0,0.0,0.0,0.5320672031129721,118,11271.765199999998,10,2805.1596,4,4346.730799999999,4,2137.3418,2,390.6766,-865.0179999999999,37.5,0,0,135,135,5 + government bonds,sumsy,3,3.637978807091713e-12
18,128,4,4,14965.498700000002,0.0,2151.1802,4.2341,977.9792,,977.9792,0.0,0.0,0.0,0.0,0.0,0.0025,112.9252,0.0,0.0,1.0,112.96120000000002,0.0,0.0,0.0,1.0,0.0,0.0,1.0,0.0,0,0,31.436864130344137,4.5150988473661355,35.951962977710274,21.772591840455487,4.248770918464057,26.021362758919548,635.3911000000002,657.5858999999996,635.3911000000002,0.0,0,0,0.0,0.0,0.0,1.0,1.0,0.0,0.0,0.0,0.0,0.5,0.25,0.0,-35.91244999999997,0.0,0,640.0,227.7289000000001,4.2341,113.55120000000001,0.0,0.0,0.0,0.0,0.0,32,163.3816,640.0,227.7289000000001,113.55120000000001,79.0,0.0,0.0,0.015,4.01289335793358,4.699932575757577,2.834346875000001,NaN,3.0949869558419705,4.05678993425948,264.0,271.0,132.0,509.33333333333337,381.0,51.0,31,0,0,1,11,8.0,512.0,10685.757199999998,711.076,2161.5513,55,137,0,10,0.3376515641598612,0.40716978120779124,0.39806246902535025,0,1678.0009999999993,1087.4941000000001,11,0,160.0,0,0,0,0.0,0,0.0,14079.081099999998,0.0,0,0,0,1.5,0,0.0,0,0,0.0,0,0.0,0,0,453.49550000000016,64.0,1130.8074000000001,2,0.0,0.0,NaN,1280.0,NaN,NaN,0,0,0.0,0,0.0,NaN,0,NaN,0,0,0,0.0,0.0,0.0,0.0,0.0,0.0,0.0,0.0,0,0,0,0,31,0.0,0,0,0.0,0,0.0,0.0,0.0,0.0,0.0,0.0,0.0,0.0,0.0,0.0,0.5418730511280465,118,11217.344699999998,10,2861.7364000000007,4,4675.375,4,2222.3507,2,387.2979,-865.054,37.5,0,0,132,132,5 + government bonds,sumsy,3,3.637978807091713e-12
19,128,4,4,15369.4965,0.0,1875.4441000000002,0.0,977.5253,,977.5253,0.0,0.0,0.0,0.0,0.0,0.0025,117.0131,0.0,0.0,1.0,112.56210000000002,0.0,0.0,0.0,1.0,0.0,0.0,1.0,0.0,0,0,31.436898013091255,4.422290648254126,35.85918866134538,22.609192129091866,4.252432389854239,26.861624518946105,634.6550000000004,635.3911000000006,634.6550000000004,0.0,0,0,0.0,0.0,0.0,1.0,1.0,0.0,0.0,0.0,0.0,0.5,0.25,0.0,-36.91672499999996,0.0,0,640.0,236.00220000000002,0.0,117.67170000000003,0.0,0.0,0.0,0.0,0.0,33,163.4535,640.0,236.00220000000002,117.67170000000003,79.0,0.0,0.0,0.015,3.9913597826086953,4.694356060606064,2.9057368749999988,NaN,3.0387812564042838,3.935086236231696,264.0,276.0,132.0,510.6666666666667,381.0,51.0,32,0,0,0,15,13.0,512.0,10894.300699999998,746.072,2284.487,55,137,0,10,0.3399698026137421,0.40339451729879316,0.39974591495389356,0,1652.2919000000004,1101.6153,15,0,160.0,0,0,0,0.0,0,0.0,14027.880299999999,0.0,0,0,0,1.5,0,0.0,0,0,0.0,0,0.0,0,0,464.9178999999998,64.0,1164.1702,2,0.0,0.0,NaN,1280.0,NaN,NaN,0,0,0.0,0,0.0,NaN,0,NaN,0,0,0,0.0,0.0,0.0,0.0,0.0,0.0,0.0,0.0,0,0,0,0,32,0.0,0,0,0.0,0,0.0,0.0,0.0,0.0,0.0,0.0,0.0,0.0,0.0,0.0,0.5481385137696755,118,11167.176500000003,10,2860.7038,4,4985.653200000001,4,2344.8325,2,384.0122,-860.5122,37.5,0,0,132,132,5 + government bonds,sumsy,3,3.637978807091713e-12
20,128,4,4,15765.345999999994,0.0,1593.8483,0.0,971.2117,,971.2117,0.0,0.0,0.0,0.0,0.0,0.0025,121.0529,0.0,0.0,1.0,111.95770000000003,0.0,0.0,0.0,1.0,0.0,0.0,1.0,0.0,0,0,30.95685117327955,4.985625953787344,35.942477127066894,23.432416254148304,4.807350484469349,28.239766738617657,642.9813999999993,634.6550000000007,642.9813999999993,0.0,0,0,0.0,0.0,0.0,1.0,1.0,0.0,0.0,0.0,0.0,0.5,0.25,0.0,-38.90444999999994,0.0,0,640.0,244.15049999999997,0.0,121.7346,0.0,0.0,0.0,0.0,0.0,30,165.9071,640.0,244.15049999999997,121.7346,79.0,0.0,0.0,0.015,3.990879699248119,4.6175102941176425,2.9410899999999995,NaN,2.964167974041572,3.8170336491447445,272.0,266.0,136.0,512.0,389.0,51.0,30,0,0,1,14,10.0,512.0,11125.341900000005,776.0356,2364.281,55,137,0,10,0.33823402871949004,0.39478140856378263,0.38416926182335165,0,1642.7668999999996,1061.5739999999996,14,0,160.0,0,0,0,0.0,0,0.0,13999.177199999993,0.0,0,0,0,1.5,0,0.0,0,0,0.0,0,0.0,0,0,470.5743999999999,64.0,1212.7275,2,0.0,0.0,NaN,1280.0,NaN,NaN,0,0,0.0,0,0.0,NaN,0,NaN,0,0,0,0.0,0.0,0.0,0.0,0.0,0.0,0.0,0.0,0,0,0,0,30,0.0,0,0,0.0,0,0.0,0.0,0.0,0.0,0.0,0.0,0.0,0.0,0.0,0.0,0.5508641644005194,118,11146.477399999998,10,2852.6998,4,5290.899,4,2421.5865000000003,2,380.3002,-850.1587999999999,37.5,0,0,136,136,5 + government bonds,sumsy,3,3.637978807091713e-12
21,128,4,4,16153.331399999992,0.0,1307.2641,0.0,959.9097,,959.9097,0.0,0.0,0.0,0.0,0.0,0.0025,124.9453,0.0,0.0,1.0,111.94379999999998,0.0,0.0,0.0,1.0,0.0,0.0,1.0,0.0,0,0,30.751993781077772,5.042373914728364,35.79436769580614,24.50972439908172,4.715083437061747,29.224807836143462,636.0958000000002,642.9813999999994,636.0958000000002,0.0,0,0,0.0,0.0,0.0,1.0,1.0,0.0,0.0,0.0,0.0,0.5,0.25,0.0,-41.64270688996871,0.0,0,640.0,252.0146,0.0,125.65279999999998,0.0,0.0,0.0,0.0,0.0,26,169.6852,640.0,252.0146,125.65279999999998,79.0,0.0,0.0,0.015,3.969446641791042,4.600709629629631,3.0463974999999994,NaN,3.1620722882788175,4.279599994356565,270.0,268.0,135.0,510.6666666666667,387.0,51.0,30,0,0,0,13,9.0,512.0,11400.307899999996,819.3533,2442.1745,55,137,0,10,0.344205795872079,0.3893709380880308,0.4180099498836176,0,1707.8389000000002,1063.8116999999993,13,0,160.0,0,0,0,0.0,0,0.0,14013.41299999999,0.0,0,0,0,1.5,0,0.0,0,0,0.0,0,0.0,0,0,487.4235999999999,64.0,1196.8652000000002,2,0.0,0.0,NaN,1280.0,NaN,NaN,0,0,0.0,0,0.0,NaN,0,NaN,0,0,0,0.0,0.0,0.0,0.0,0.0,0.0,0.0,0.0,0,0,0,0,30,0.0,0,0,0.0,0,0.0,0.0,0.0,0.0,0.0,0.0,0.0,0.0,0.0,0.0,0.5539186408612429,118,11166.602499999997,10,2846.8105000000005,4,5609.4989000000005,4,2496.44,2,374.6091,-834.9644000000001,37.5,0,0,135,135,5 + government bonds,sumsy,3,3.637978807091713e-12
22,128,4,4,16533.386700000003,0.0,1030.2060999999999,0.0,943.1333,,943.1333,0.0,0.0,0.0,0.0,0.0,0.0025,128.8662,0.0,0.0,1.0,111.34319999999998,0.0,0.0,0.0,1.0,0.0,0.0,1.0,0.0,0,0,31.25165788991823,4.651023209927387,35.902681099845616,26.410036518825528,4.315692610174991,30.72572912900052,637.4690999999988,636.0957999999983,637.4690999999988,0.0,0,0,0.0,0.0,0.0,1.0,1.0,0.0,0.0,0.0,0.0,0.5,0.25,0.0,-45.17853188996868,0.0,0,640.0,259.9447000000002,0.0,129.60370000000012,0.0,0.0,0.0,0.0,0.0,20,171.9078,640.0,259.9447000000002,129.60370000000012,79.0,0.0,0.0,0.015,3.9599444029850748,4.645291791044767,3.156137499999998,NaN,3.136364618966864,4.208715448019102,268.0,268.0,134.0,512.0,385.0,51.0,31,0,0,1,15,7.0,512.0,11625.7407,875.9277,2528.8474,55,137,0,10,0.36014317424039466,0.3931225708556214,0.4147393384317988,0,1686.8249,1061.2651,15,0,160.0,0,0,0,0.0,0,0.0,13987.641199999998,0.0,0,0,0,1.5,0,0.0,0,0,0.0,0,0.0,0,0,504.9819999999997,64.0,1202.0969,2,0.0,0.0,NaN,1280.0,NaN,NaN,0,0,0.0,0,0.0,NaN,0,NaN,0,0,0,0.0,0.0,0.0,0.0,0.0,0.0,0.0,0.0,0,0,0,0,31,0.0,0,0,0.0,0,0.0,0.0,0.0,0.0,0.0,0.0,0.0,0.0,0.0,0.0,0.5624497163611972,118,11160.106800000001,10,2827.5344,4,5926.3549,4,2580.0729,2,367.36249999999995,-814.2671,37.5,0,0,134,134,5 + government bonds,sumsy,3,3.637978807091713e-12
23,128,4,4,16905.911400000005,0.0,951.1502,0.0,921.3318,,921.3318,0.0,0.0,0.0,0.0,0.0,0.0025,132.5267,0.0,0.0,1.0,111.0767,0.0,0.0,0.0,1.0,0.0,0.0,1.0,0.0,0,0,31.229582780313514,4.740533727152623,35.97011650746614,25.51383334127136,4.5370877861496846,30.05092112742105,638.2073999999994,637.4690999999996,638.2073999999994,0.0,0,0,0.0,0.0,0.0,1.0,1.0,0.0,0.0,0.0,0.0,0.5,0.25,0.0,-49.36750696460463,0.0,0,640.0,267.47530000000006,0.0,133.33399999999997,0.0,0.0,0.0,0.0,0.0,16,176.4201,640.0,267.47530000000006,133.33399999999997,79.0,0.0,0.0,0.015,3.9363399253731335,4.616351111111107,3.2795387499999995,NaN,3.0787551434204903,4.08815660138683,270.0,268.0,135.0,510.66666666666663,387.0,51.0,30,0,0,2,14,7.0,512.0,11622.121600000006,1131.3026,2607.9043,55,137,0,10,0.35572215266294416,0.3908741230885946,0.4135887529915556,0,1671.0219999999993,1054.9390999999998,14,0,160.0,0,0,0,0.0,0,0.0,13932.664600000007,0.0,0,0,0,1.5,0,0.0,0,0,0.0,0,0.0,0,0,524.7262,64.0,1235.6361000000002,2,0.0,0.0,NaN,1280.0,NaN,NaN,0,0,0.0,0,0.0,NaN,0,NaN,0,0,0,0.0,0.0,0.0,0.0,0.0,0.0,0.0,0.0,0,0,0,0,30,0.0,0,0,0.0,0,0.0,0.0,0.0,0.0,0.0,0.0,0.0,0.0,0.0,0.0,0.5684150488317474,118,11089.939600000005,10,2842.725,4,6238.9842,4,2656.0898,2,358.46029999999996,-788.8051,37.5,0,0,135,135,5 + government bonds,sumsy,3,3.637978807091713e-12
24,128,4,4,17270.91599999999,0.0,918.7754,0.0,894.399,,894.399,0.0,0.0,0.0,0.0,0.0,0.0025,136.1815,0.0,0.0,1.0,110.41379999999998,0.0,0.0,0.0,1.0,0.0,0.0,1.0,0.0,0,0,31.196904118774395,4.785861302690001,35.98276542146439,24.99332988839028,4.704041836669493,29.697371725059774,630.6475999999998,638.2074000000002,630.6475999999998,0.0,0,0,0.0,0.0,0.0,1.0,1.0,0.0,0.0,0.0,0.0,0.5,0.25,0.0,-54.204548274104255,0.0,0,640.0,274.9954,0.0,137.0586,0.0,0.0,0.0,0.0,0.0,13,176.2652,640.0,274.9954,137.0586,79.0,0.0,0.0,0.015,4.008413090909092,4.594385074626864,3.3815712499999995,NaN,3.3690058915326,4.163233880289712,268.0,275.0,134.0,509.3333333333333,385.0,51.0,31,0,0,1,14,13.0,512.0,11623.4239,1383.2586999999999,2694.3652,55,137,0,10,0.3436030957415439,0.38159730624278665,0.40648612294657815,0,1776.5836,1102.3136000000002,14,0,160.0,0,0,0,0.0,0,0.0,13918.3437,0.0,0,0,0,1.5,0,0.0,0,0,0.0,0,0.0,0,0,541.0514,64.0,1257.4215,2,0.0,0.0,NaN,1280.0,NaN,NaN,0,0,0.0,0,0.0,NaN,0,NaN,0,0,0,0.0,0.0,0.0,0.0,0.0,0.0,0.0,0.0,0,0,0,0,31,0.0,0,0,0.0,0,0.0,0.0,0.0,0.0,0.0,0.0,0.0,0.0,0.0,0.0,0.5692811619947227,118,11100.911199999999,10,2817.4325,4,6496.3823,4,2739.5107,2,347.791,-758.2175,37.5,0,0,134,134,5 + government bonds,sumsy,3,3.637978807091713e-12
25,128,4,4,17628.4236,0.0,886.3834999999999,0.0,865.7584999999999,,865.7584999999999,0.0,0.0,0.0,0.0,0.0,0.0025,139.8238,0.0,0.0,1.0,112.4359,0.0,0.0,0.0,1.0,0.0,0.0,1.0,0.0,0,0,31.02044688623023,4.5180530714252685,35.538499957655496,24.28595750791789,4.497010790619069,28.782968298536957,650.0275000000001,630.6476000000001,650.0275000000001,0.0,0,0,0.0,0.0,0.0,1.0,1.0,0.0,0.0,0.0,0.0,0.5,0.25,0.0,-59.09942599182603,0.0,0,640.0,282.4923999999998,0.0,140.77189999999993,0.0,0.0,0.0,0.0,0.0,13,176.0784,640.0,282.4923999999998,140.77189999999993,79.0,0.0,0.0,0.015,4.13602472324723,4.739011194029852,3.5044412499999957,NaN,3.4247698368831148,4.207664538046968,268.0,271.0,134.0,510.6666666666667,385.0,51.0,31,0,0,1,16,13.0,512.0,11608.287899999996,1622.7282,2799.29,55,137,0,10,0.3473996875838812,0.386893185531473,0.4098339024445137,0,1798.2354,1120.8626999999994,16,0,160.0,0,0,0,0.0,0,0.0,13887.735099999996,0.0,0,0,0,1.5,0,0.0,0,0,0.0,0,0.0,0,0,560.7105999999993,64.0,1282.2152999999998,2,0.0,0.0,NaN,1280.0,NaN,NaN,0,0,0.0,0,0.0,NaN,0,NaN,0,0,0,0.0,0.0,0.0,0.0,0.0,0.0,0.0,0.0,0,0,0,0,31,0.0,0,0,0.0,0,0.0,0.0,0.0,0.0,0.0,0.0,0.0,0.0,0.0,0.0,0.5776897374823591,118,11046.292099999995,10,2841.443,4,6739.6032,4,2841.3955,2,337.2402,-725.9346999999999,37.5,0,0,134,134,5 + government bonds,sumsy,3,3.637978807091713e-12
26,128,4,4,17978.597800000007,0.0,856.1348999999999,0.0,837.3848999999999,,837.3848999999999,0.0,0.0,0.0,0.0,0.0,0.0025,143.4009,0.0,0.0,1.0,116.01599999999999,0.0,0.0,0.0,1.0,0.0,0.0,1.0,0.0,0,0,30.09923143952492,4.253148397349514,34.352379836874434,23.50621736069219,4.085899359896213,27.592116720588404,660.2497999999999,650.0275000000004,660.2497999999999,0.0,0,0,0.0,0.0,0.0,1.0,1.0,0.0,0.0,0.0,0.0,0.5,0.25,0.0,-63.66524212280433,0.0,0,640.0,289.8257999999999,0.0,144.40899999999996,0.0,0.0,0.0,0.0,0.0,13,176.4798,640.0,289.8257999999999,144.40899999999996,79.0,0.0,0.0,0.015,4.162383846153844,4.744483823529412,3.6485856250000026,NaN,3.3985242334715102,4.102751130797615,272.0,260.0,136.0,510.66666666666663,388.99999999999994,51.0,30,0,0,0,10,7.0,512.0,11610.270700000001,1869.15,2843.5343,55,137,0,10,0.3445290104890708,0.3859290649153031,0.4023873809365677,0,1801.5576,1082.2197999999994,10,0,160.0,0,0,0,0.0,0,0.0,13876.120300000004,0.0,0,0,0,1.5,0,0.0,0,0,0.0,0,0.0,0,0,583.7737000000004,64.0,1335.7621,2,0.0,0.0,NaN,1280.0,NaN,NaN,0,0,0.0,0,0.0,NaN,0,NaN,0,0,0,0.0,0.0,0.0,0.0,0.0,0.0,0.0,0.0,0,0,0,0,30,0.0,0,0,0.0,0,0.0,0.0,0.0,0.0,0.0,0.0,0.0,0.0,0.0,0.0,0.5822686577472858,118,11016.212599999999,10,2859.9076999999997,4,6987.9,4,2882.5998000000004,2,327.2776,-693.9839999999999,37.5,0,0,136,136,5 + government bonds,sumsy,3,3.637978807091713e-12
27,128,4,4,18321.851900000005,0.0,822.7093,0.0,805.8343,,805.8343,0.0,0.0,0.0,0.0,0.0,0.0025,146.7731,0.0,0.0,1.0,116.75430000000003,0.0,0.0,0.0,1.0,0.0,0.0,1.0,0.0,0,0,29.406766536705412,4.349374313794667,33.75614085050008,22.835613430839107,4.189392025538622,27.02500545637773,645.0172000000009,660.2498000000004,645.0172000000009,0.0,0,0,0.0,0.0,0.0,1.0,1.0,0.0,0.0,0.0,0.0,0.5,0.25,0.0,-68.56929320984379,0.0,0,640.0,296.7459,0.0,147.83999999999997,0.0,0.0,0.0,0.0,0.0,12,177.0856,640.0,296.7459,147.83999999999997,79.0,0.0,0.0,0.015,4.135509266409265,4.736971428571436,3.781521874999998,NaN,3.488354221630856,4.2248483231541325,266.0,259.0,133.0,512.0,383.0,51.0,32,0,0,1,8,3.0,512.0,11616.327200000002,2126.8378,2870.4498999999996,55,137,0,10,0.33460628843921536,0.376844985768261,0.41447694216527786,0,1815.5922000000007,1071.0968999999998,8,0,160.0,0,0,0,0.0,0,0.0,13868.579200000006,0.0,0,0,0,1.5,0,0.0,0,0,0.0,0,0.0,0,0,605.0434999999997,64.0,1384.3782999999999,2,0.0,0.0,NaN,1280.0,NaN,NaN,0,0,0.0,0,0.0,NaN,0,NaN,0,0,0,0.0,0.0,0.0,0.0,0.0,0.0,0.0,0.0,0,0,0,0,32,0.0,0,0,0.0,0,0.0,0.0,0.0,0.0,0.0,0.0,0.0,0.0,0.0,0.0,0.5827147165630586,118,11029.459000000003,10,2839.1202000000003,4,7247.462799999999,4,2906.4754000000003,2,317.5194,-659.0612,37.5,0,0,133,133,5 + government bonds,sumsy,3,3.637978807091713e-12
28,128,4,4,18658.114400000002,0.0,784.5206000000001,0.0,769.5206000000001,,769.5206000000001,0.0,0.0,0.0,0.0,0.0,0.0025,150.1606,0.0,0.0,1.0,116.00080000000001,0.0,0.0,0.0,1.0,0.0,0.0,1.0,0.0,0,0,28.705995777283597,4.447888622761037,33.15388440004463,22.125440783756716,4.288700712756745,26.414141496513462,650.6501000000001,645.0171999999995,650.6501000000001,0.0,0,0,0.0,0.0,0.0,1.0,1.0,0.0,0.0,0.0,0.0,0.5,0.25,0.0,-74.1107697965368,0.0,0,640.0,303.73749999999995,0.0,151.29930000000007,0.0,0.0,0.0,0.0,0.0,10,177.801,640.0,303.73749999999995,151.29930000000007,79.0,0.0,0.0,0.015,4.163795970695971,4.8155310606060615,3.90432125,NaN,3.5516231012846378,4.344657198656553,264.0,273.0,132.0,510.66666666666663,380.99999999999994,51.0,32,0,0,1,12,9.0,512.0,11556.196900000003,2367.4814,2977.3408,55,137,0,10,0.3288509572973135,0.3689413883882071,0.426434169686001,0,1833.9045999999994,1136.7163,12,0,160.0,0,0,0,0.0,0,0.0,13794.851399999998,0.0,0,0,0,1.5,0,0.0,0,0,0.0,0,0.0,0,0,624.6914,64.0,1429.1336999999999,2,0.0,0.0,NaN,1280.0,NaN,NaN,0,0,0.0,0,0.0,NaN,0,NaN,0,0,0,0.0,0.0,0.0,0.0,0.0,0.0,0.0,0.0,0,0,0,0,32,0.0,0,0,0.0,0,0.0,0.0,0.0,0.0,0.0,0.0,0.0,0.0,0.0,0.0,0.5848464262351027,118,11022.824600000002,10,2772.0267999999996,4,7489.9814,4,3010.3262999999997,2,307.8708,-619.3600000000001,37.5,0,0,132,132,5 + government bonds,sumsy,3,3.637978807091713e-12
29,128,4,4,18987.6905,0.0,743.5447,0.0,730.4197,,730.4197,0.0,0.0,0.0,0.0,0.0,0.0025,153.4138,0.0,0.0,1.0,116.79509999999996,0.0,0.0,0.0,1.0,0.0,0.0,1.0,0.0,0,0,29.015792154999442,4.347102086949927,33.36289424194937,21.791771966320884,4.2730350572082045,26.06480702352909,658.6109000000002,650.6501000000004,658.6109000000002,0.0,0,0,0.0,0.0,0.0,1.0,1.0,0.0,0.0,0.0,0.0,0.5,0.25,0.0,-79.84631502206868,0.0,0,640.0,310.4238999999999,0.0,154.6119999999999,0.0,0.0,0.0,0.0,0.0,9,178.5542,640.0,310.4238999999999,154.6119999999999,79.0,0.0,0.0,0.015,4.234250972762646,4.839179699248122,4.040968749999996,NaN,3.5859853184804713,4.407249287256461,266.0,257.0,133.0,510.6666666666667,383.0,51.0,32,0,0,2,7,5.0,512.0,11543.696699999999,2604.5802,3028.2053,55,137,0,10,0.326762571876672,0.37267341364155215,0.42294387835992,0,1854.5284999999994,1088.2024999999999,7,0,160.0,0,0,0,0.0,0,0.0,13768.7537,0.0,0,0,0,1.5,0,0.0,0,0,0.0,0,0.0,0,0,646.5549999999994,64.0,1479.2403,2,0.0,0.0,NaN,1280.0,NaN,NaN,0,0,0.0,0,0.0,NaN,0,NaN,0,0,0,0.0,0.0,0.0,0.0,0.0,0.0,0.0,0.0,0,0,0,0,32,0.0,0,0,0.0,0,0.0,0.0,0.0,0.0,0.0,0.0,0.0,0.0,0.0,0.0,0.5915057602308005,118,10938.713899999997,10,2830.0398,4,7728.9552,4,3058.1508000000003,2,298.26,-577.0059,37.5,0,0,133,133,5 + government bonds,sumsy,3,3.637978807091713e-12
30,128,4,4,19310.4857,0.0,701.4596,0.0,690.2096,,690.2096,0.0,0.0,0.0,0.0,0.0,0.0025,156.7033,0.0,0.0,1.0,118.77129999999998,0.0,0.0,0.0,1.0,0.0,0.0,1.0,0.0,0,0,29.530858276695895,4.129893092932187,33.66075136962808,21.306439348728397,4.005971438785873,25.31241078751427,654.1308000000006,658.610900000001,654.1308000000006,0.0,0,0,0.0,0.0,0.0,1.0,1.0,0.0,0.0,0.0,0.0,0.5,0.25,0.0,-85.41385205155873,0.0,0,640.0,317.2048,0.0,157.9698,0.0,0.0,0.0,0.0,0.0,9,179.077,640.0,317.2048,157.9698,79.0,0.0,0.0,0.015,4.251842481203005,4.916390769230774,4.152687499999999,NaN,3.681068452129071,4.498428415492683,260.0,266.0,130.0,509.33333333333337,377.0,51.0,33,0,0,2,10,7.0,512.0,11486.617200000008,2849.8531,3113.5653,55,137,0,10,0.33047003766696426,0.3817564484518581,0.43383289488209686,0,1869.9111000000003,1130.9900999999995,10,0,160.0,0,0,0,0.0,0,0.0,13698.07660000001,0.0,0,0,0,1.5,0,0.0,0,0,0.0,0,0.0,0,0,664.4299999999998,64.0,1524.6698000000001,2,0.0,0.0,NaN,1280.0,NaN,NaN,0,0,0.0,0,0.0,NaN,0,NaN,0,0,0,0.0,0.0,0.0,0.0,0.0,0.0,0.0,0.0,0,0,0,0,33,0.0,0,0,0.0,0,0.0,0.0,0.0,0.0,0.0,0.0,0.0,0.0,0.0,0.0,0.6013752014020075,118,10748.43940000001,10,2949.6372,4,7976.1031,4,3140.4708,2,288.41880000000003,-533.5063,37.5,0,0,130,130,5 + government bonds,sumsy,3,3.637978807091713e-12
31,128,4,4,19626.921300000005,0.0,656.3833,0.0,647.0083,,647.0083,0.0,0.0,0.0,0.0,0.0,0.0025,159.7854,0.0,0.0,1.0,119.26470000000002,0.0,0.0,0.0,1.0,0.0,0.0,1.0,0.0,0,0,29.12138148825395,4.148476644830593,33.26985813308454,21.235585698148643,4.148476644830593,25.384062342979234,664.9484999999993,654.1308000000005,664.9484999999993,0.0,0,0,0.0,0.0,0.0,1.0,1.0,0.0,0.0,0.0,0.0,0.5,0.25,0.0,-91.17661354277317,0.0,0,640.0,323.56439999999986,0.0,161.1168,0.0,0.0,0.0,0.0,0.0,7,179.6338,640.0,323.56439999999986,161.1168,79.0,0.0,0.0,0.015,4.299427756653992,4.9238522727272676,4.301800000000003,NaN,3.7156539324525197,4.587757164559153,264.0,263.0,132.0,509.33333333333337,381.0,51.0,32,0,0,2,12,4.0,512.0,11435.817999999997,3078.8806,3198.8455,55,137,0,10,0.32764381680545274,0.37983055517305675,0.45296784876693286,0,1899.0259,1130.7494999999997,12,0,160.0,0,0,0,0.0,0,0.0,13633.679900000001,0.0,0,0,0,1.5,0,0.0,0,0,0.0,0,0.0,0,0,688.2880000000005,64.0,1573.958,2,0.0,0.0,NaN,1280.0,NaN,NaN,0,0,0.0,0,0.0,NaN,0,NaN,0,0,0,0.0,0.0,0.0,0.0,0.0,0.0,0.0,0.0,0,0,0,0,32,0.0,0,0,0.0,0,0.0,0.0,0.0,0.0,0.0,0.0,0.0,0.0,0.0,0.0,0.6057837286054473,118,10669.148399999996,10,2964.5315,4,8207.005599999999,4,3222.711,2,278.6116,-487.2229,37.5,0,0,132,132,5 + government bonds,sumsy,3,3.637978807091713e-12
32,128,4,4,19936.838200000013,0.0,609.6617,0.0,602.1617,,602.1617,0.0,0.0,0.0,0.0,0.0,0.0025,162.934,0.0,0.0,1.0,120.59839999999998,0.0,0.0,0.0,1.0,0.0,0.0,1.0,0.0,0,0,28.545819445761087,3.9893895835665436,32.53520902932763,20.95522073905576,3.8104167497888652,24.76563748884463,678.6573999999996,664.9485000000006,678.6573999999996,0.0,0,0,0.0,0.0,0.0,1.0,1.0,0.0,0.0,0.0,0.0,0.5,0.25,0.0,-96.83629586818044,0.0,0,640.0,330.0830999999999,0.0,164.3392,0.0,0.0,0.0,0.0,0.0,6,180.1664,640.0,330.0830999999999,164.3392,79.0,0.0,0.0,0.015,4.323606521739129,4.952667164179101,4.45278375,NaN,3.753698048244533,4.666022791091174,268.0,276.0,134.0,509.3333333333333,385.0,51.0,31,0,0,0,15,9.0,512.0,11331.040199999998,3309.4855000000002,3325.3703000000005,55,137,0,10,0.3287372100389778,0.3753781513921637,0.42800106502805413,0,1930.5748,1193.3153999999997,15,0,160.0,0,0,0,0.0,0,0.0,13515.304600000005,0.0,0,0,0,1.5,0,0.0,0,0,0.0,0,0.0,0,0,712.4454000000001,64.0,1627.8418,2,0.0,0.0,NaN,1280.0,NaN,NaN,0,0,0.0,0,0.0,NaN,0,NaN,0,0,0,0.0,0.0,0.0,0.0,0.0,0.0,0.0,0.0,0,0,0,0,31,0.0,0,0,0.0,0,0.0,0.0,0.0,0.0,0.0,0.0,0.0,0.0,0.0,0.0,0.6099188140797951,118,10620.207100000001,10,2895.0975,4,8439.4855,4,3346.1958000000004,2,268.78020000000004,-439.2277,37.5,0,0,134,134,5 + government bonds,sumsy,3,3.637978807091713e-12
33,128,4,4,20240.529200000004,0.0,560.4131,0.0,554.7881,,554.7881,0.0,0.0,0.0,0.0,0.0,0.0025,165.9544,0.0,0.0,1.0,121.27679999999998,0.0,0.0,0.0,1.0,0.0,0.0,1.0,0.0,0,0,28.899233719898238,3.819540983819599,32.71877470371784,20.9750594533,3.819540983819599,24.7946004371196,687.1290999999995,678.6574000000002,687.1290999999995,0.0,0,0,0.0,0.0,0.0,1.0,1.0,0.0,0.0,0.0,0.0,0.5,0.25,0.0,-102.55275474710417,0.0,0,640.0,336.3089999999998,0.0,167.4213,0.0,0.0,0.0,0.0,0.0,4,180.659,640.0,336.3089999999998,167.4213,79.0,0.0,0.0,0.015,4.402561685823754,4.978734074074071,4.602005000000004,NaN,3.813280007583419,4.783980531303508,270.0,261.0,135.0,512.0,387.0,51.0,31,0,0,0,10,4.0,512.0,11279.036799999994,3546.2745,3387.6972,55,137,0,10,0.3367819248038537,0.3839487838694824,0.427923901601164,0,1962.2481999999995,1149.0685999999998,10,0,160.0,0,0,0,0.0,0,0.0,13449.703599999993,0.0,0,0,0,1.5,0,0.0,0,0,0.0,0,0.0,0,0,736.3208000000005,64.0,1680.9072999999999,2,0.0,0.0,NaN,1280.0,NaN,NaN,0,0,0.0,0,0.0,NaN,0,NaN,0,0,0,0.0,0.0,0.0,0.0,0.0,0.0,0.0,0.0,0,0,0,0,31,0.0,0,0,0.0,0,0.0,0.0,0.0,0.0,0.0,0.0,0.0,0.0,0.0,0.0,0.6187077086687969,118,10542.586299999999,10,2907.1173,4,8678.1495,4,3405.4827,2,258.90880000000004,-388.8337,37.5,0,0,135,135,5 + government bonds,sumsy,3,3.637978807091713e-12
34,128,4,4,20538.058600000004,0.0,510.7494000000001,0.0,506.9994000000001,,506.9994000000001,0.0,0.0,0.0,0.0,0.0,0.0025,168.954,0.0,0.0,1.0,123.49139999999998,0.0,0.0,0.0,1.0,0.0,0.0,1.0,0.0,0,0,28.860206290957343,3.5800922389864955,32.44029852994384,20.4629063988802,3.5540820325127815,24.016988431392985,679.5084000000003,687.1291000000001,679.5084000000003,0.0,0,0,0.0,0.0,0.0,1.0,1.0,0.0,0.0,0.0,0.0,0.5,0.25,0.0,-107.87833557726256,0.0,0,640.0,342.4706000000001,0.0,170.47459999999995,0.0,0.0,0.0,0.0,0.0,3,180.8945,640.0,342.4706000000001,170.47459999999995,79.0,0.0,0.0,0.015,4.48571924528302,4.996303759398498,4.719995000000003,NaN,4.1106225986615,8.091341715614162,266.0,265.0,133.0,512.0,383.0,51.0,32,0,0,1,8,6.0,512.0,11267.614000000001,3718.8194999999996,3475.0803,55,137,0,10,0.3355451534592857,0.38496753688757424,0.46320765499235184,0,2061.0776000000005,1188.7156000000002,8,0,160.0,0,0,0,0.0,0,0.0,13424.683200000009,0.0,0,0,0,1.5,0,0.0,0,0,0.0,0,0.0,0,0,755.1992000000005,64.0,1726.6963,2,0.0,0.0,NaN,1280.0,NaN,NaN,0,0,0.0,0,0.0,NaN,0,NaN,0,0,0,0.0,0.0,0.0,0.0,0.0,0.0,0.0,0.0,0,0,0,0,32,0.0,0,0,0.0,0,0.0,0.0,0.0,0.0,0.0,0.0,0.0,0.0,0.0,0.0,0.622707363223493,118,10503.112200000003,10,2921.571,4,8852.5695,4,3489.8258,2,248.7803,-338.0454000000001,37.5,0,0,133,133,5 + government bonds,sumsy,3,3.637978807091713e-12
35,128,4,4,20829.587799999998,0.0,460.8493,0.0,458.9743,,458.9743,0.0,0.0,0.0,0.0,0.0,0.0025,171.87,0.0,0.0,1.0,125.8247,0.0,0.0,0.0,1.0,0.0,0.0,1.0,0.0,0,0,28.235620300535356,3.828023450106729,32.063643750642086,19.71032252406262,3.7270843162407963,23.437406840303414,699.5825000000002,679.5084000000003,699.5825000000002,0.0,0,0,0.0,0.0,0.0,1.0,1.0,0.0,0.0,0.0,0.0,0.5,0.25,0.0,-112.77420235055325,0.0,0,640.0,348.4708,0.0,173.44690000000003,0.0,0.0,0.0,0.0,0.0,3,181.0256,640.0,348.4708,173.44690000000003,79.0,0.0,0.0,0.015,4.701452380952382,5.186231060606062,4.943318749999994,NaN,4.384361482493929,11.7457935300793,264.0,273.0,132.0,510.66666666666663,381.0,51.0,31,0,0,1,13,11.0,512.0,11223.308999999992,3815.7163,3651.2032,55,137,0,10,0.3261524833329017,0.37568891635357615,0.46510112293632444,0,2158.0719000000004,1283.4965000000004,13,0,160.0,0,0,0,0.0,0,0.0,13366.7806,0.0,0,0,0,1.5,0,0.0,0,0,0.0,0,0.0,0,0,790.930999999999,64.0,1786.4637,2,0.0,0.0,NaN,1280.0,NaN,NaN,0,0,0.0,0,0.0,NaN,0,NaN,0,0,0,0.0,0.0,0.0,0.0,0.0,0.0,0.0,0.0,0,0,0,0,31,0.0,0,0,0.0,0,0.0,0.0,0.0,0.0,0.0,0.0,0.0,0.0,0.0,0.0,0.6227058378000707,118,10478.908399999991,10,2887.8722,4,8951.3413,4,3662.9087,2,238.54739999999998,-287.1043,37.5,0,0,132,132,5 + government bonds,sumsy,3,3.637978807091713e-12
36,128,4,4,21115.137199999997,0.0,415.30000000000007,0.0,415.30000000000007,,415.30000000000007,0.0,0.0,0.0,0.0,0.0,0.0025,174.7949,0.0,0.0,1.0,131.87579999999997,0.0,0.0,0.0,1.0,0.0,0.0,1.0,0.0,0,0,26.911444947454083,3.642517607176957,30.55396255463104,18.28450607383814,3.6220975670755613,21.9066036409137,727.1332999999995,699.5825000000004,727.1332999999995,0.0,0,0,0.0,0.0,0.0,1.0,1.0,0.0,0.0,0.0,0.0,0.5,0.25,0.0,-116.45432994134156,0.0,0,640.0,354.45059999999995,0.0,176.41479999999999,0.0,0.0,0.0,0.0,0.0,7,181.12279999999998,640.0,354.45059999999995,176.41479999999999,79.0,0.0,0.0,0.015,4.904319607843138,5.35438571428571,5.114303750000002,NaN,4.479135350615438,11.577374230779686,266.0,255.0,133.0,510.66666666666663,383.0,51.0,32,0,0,1,7,4.0,512.0,11229.43080000001,3918.9655,3756.5401,55,137,0,10,0.30504783034617344,0.3640413591403724,0.44065534695346087,0,2202.9030999999986,1250.6015000000002,7,0,160.0,0,0,0,0.0,0,0.0,13359.304800000005,0.0,0,0,0,1.5,0,0.0,0,0,0.0,0,0.0,0,0,818.2886000000003,64.0,1854.2831,2,0.0,0.0,NaN,1280.0,NaN,NaN,0,0,0.0,0,0.0,NaN,0,NaN,0,0,0,0.0,0.0,0.0,0.0,0.0,0.0,0.0,0.0,0,0,0,0,32,0.0,0,0,0.0,0,0.0,0.0,0.0,0.0,0.0,0.0,0.0,0.0,0.0,0.0,0.6205664217240476,118,10443.586900000006,10,2915.7179,4,9056.4655,4,3765.2056000000002,2,228.2806,-240.50510000000006,37.5,0,0,133,133,5 + government bonds,sumsy,3,3.637978807091713e-12
37,128,4,4,21395.161300000007,0.0,375.3472000000001,0.0,375.3472000000001,,375.3472000000001,0.0,0.0,0.0,0.0,0.0,0.0025,177.479,0.0,0.0,1.0,137.56610000000003,0.0,0.0,0.0,1.0,0.0,0.0,1.0,0.0,0,0,25.158649427126434,3.5663011727987257,28.72495059992516,16.876651386122226,3.482072442125464,20.35872382824769,736.5947000000001,727.1333000000002,736.5947000000001,0.0,0,0,0.0,0.0,0.0,1.0,1.0,0.0,0.0,0.0,0.0,0.5,0.25,0.0,-119.17829225457947,0.0,0,640.0,359.9758999999999,0.0,179.152,0.0,0.0,0.0,0.0,0.0,9,181.2896,640.0,359.9758999999999,179.152,79.0,0.0,0.0,0.015,4.94481610486891,5.466626515151516,5.2826456250000025,NaN,4.607944790026249,11.450646576014385,264.0,267.0,132.0,510.66666666666663,381.0,51.0,31,0,0,1,10,6.0,512.0,11179.291500000001,4042.6105,3889.9298,55,137,0,10,0.3101345178186159,0.3655983786810435,0.4405587564796656,0,2244.3013,1320.265899999999,10,0,160.0,0,0,0,0.0,0,0.0,13297.442899999996,0.0,0,0,0,1.5,0,0.0,0,0,0.0,0,0.0,0,0,845.2233000000003,64.0,1924.5609,2,0.0,0.0,NaN,1280.0,NaN,NaN,0,0,0.0,0,0.0,NaN,0,NaN,0,0,0,0.0,0.0,0.0,0.0,0.0,0.0,0.0,0.0,0,0,0,0,31,0.0,0,0,0.0,0,0.0,0.0,0.0,0.0,0.0,0.0,0.0,0.0,0.0,0.0,0.6253821178440826,118,10417.543500000002,10,2879.8993999999993,4,9180.110499999999,4,3895.5553,2,218.08339999999998,-197.8682000000001,37.5,0,0,132,132,5 + government bonds,sumsy,3,3.637978807091713e-12
38,128,4,4,21669.51780000001,0.0,334.06870000000004,0.0,334.06870000000004,,334.06870000000004,0.0,0.0,0.0,0.0,0.0,0.0025,180.2276,0.0,0.0,1.0,138.70210000000003,0.0,0.0,0.0,1.0,0.0,0.0,1.0,0.0,0,0,24.82615851794005,3.671144534072792,28.497303052012843,16.836065161629136,3.671144534072792,20.50720969570193,749.8985999999995,736.5947000000009,749.8985999999995,0.0,0,0,0.0,0.0,0.0,1.0,1.0,0.0,0.0,0.0,0.0,0.5,0.25,0.0,-121.67980755799319,0.0,0,640.0,365.64350000000024,0.0,181.95709999999994,0.0,0.0,0.0,0.0,0.0,8,181.5779,640.0,365.64350000000024,181.95709999999994,79.0,0.0,0.0,0.015,5.078938576779025,5.567413636363633,5.481773750000001,NaN,4.716775218919261,11.410062459320425,264.0,267.0,132.0,510.6666666666667,380.99999999999994,51.0,32,0,0,0,9,8.0,512.0,11105.3907,4162.1718,4044.101,55,137,0,10,0.30374455309854587,0.3622854341357935,0.4444827321039433,0,2287.2784,1356.0765999999999,9,0,160.0,0,0,0,0.0,0,0.0,13211.819499999996,0.0,0,0,0,1.5,0,0.0,0,0,0.0,0,0.0,0,0,877.0838000000002,64.0,1996.0488,2,0.0,0.0,NaN,1280.0,NaN,NaN,0,0,0.0,0,0.0,NaN,0,NaN,0,0,0,0.0,0.0,0.0,0.0,0.0,0.0,0.0,0.0,0,0,0,0,32,0.0,0,0,0.0,0,0.0,0.0,0.0,0.0,0.0,0.0,0.0,0.0,0.0,0.0,0.6284632530690899,118,10339.3141,10,2872.5054,4,9299.6718,4,4046.6865,2,208.0077,-153.84110000000004,37.5,0,0,132,132,5 + government bonds,sumsy,3,3.637978807091713e-12
39,128,4,4,21938.343799999995,0.0,294.35020000000003,0.0,294.35020000000003,,294.35020000000003,0.0,0.0,0.0,0.0,0.0,0.0025,182.9116,0.0,0.0,1.0,142.4646,0.0,0.0,0.0,1.0,0.0,0.0,1.0,0.0,0,0,23.47680715880595,3.7894736380843663,27.266280796890314,15.79231390479996,3.7666705695170686,19.558984474317025,760.9241000000002,749.8986000000001,760.9241000000002,0.0,0,0,0.0,0.0,0.0,1.0,1.0,0.0,0.0,0.0,0.0,0.5,0.25,0.0,-123.63534374250754,0.0,0,640.0,371.17400000000004,0.0,184.69510000000005,0.0,0.0,0.0,0.0,0.0,9,181.7886,640.0,371.17400000000004,184.69510000000005,79.0,0.0,0.0,0.015,5.2169140151515165,5.650940151515153,5.6719500000000025,NaN,4.868127105193306,11.366314457444101,264.0,264.0,132.0,512.0,381.0,51.0,32,0,0,1,12,5.0,512.0,11039.760699999997,4279.7964,4188.581,55,137,0,10,0.2907857624152348,0.3481033226808201,0.4439940977032679,0,2346.307900000001,1377.2653000000003,12,0,160.0,0,0,0,0.0,0,0.0,13134.466899999998,0.0,0,0,0,1.5,0,0.0,0,0,0.0,0,0.0,0,0,907.5120000000004,64.0,2065.5055,2,0.0,0.0,NaN,1280.0,NaN,NaN,0,0,0.0,0,0.0,NaN,0,NaN,0,0,0,0.0,0.0,0.0,0.0,0.0,0.0,0.0,0.0,0,0,0,0,32,0.0,0,0,0.0,0,0.0,0.0,0.0,0.0,0.0,0.0,0.0,0.0,0.0,0.0,0.6268341291513828,118,10329.613099999995,10,2804.8538,4,9417.2964,4,4188.581,2,197.8544,-111.43860000000004,37.5,0,0,132,132,5 + government bonds,sumsy,3,3.637978807091713e-12
40,128,4,4,22201.721100000006,0.0,255.497,0.0,255.497,,255.497,0.0,0.0,0.0,0.0,0.0,0.0025,185.5456,0.0,0.0,1.0,146.33429999999998,0.0,0.0,0.0,1.0,0.0,0.0,1.0,0.0,0,0,23.022902715536798,3.404591581704588,26.427494297241388,14.901580735054065,3.3219181853734674,18.22349892042753,802.2830000000001,760.9241000000002,802.2830000000001,0.0,0,0,0.0,0.0,0.0,1.0,1.0,0.0,0.0,0.0,0.0,0.5,0.25,0.0,-125.91133723698144,0.0,0,640.0,376.62269999999984,0.0,187.3895,0.0,0.0,0.0,0.0,0.0,6,179.61610000000002,640.0,376.62269999999984,187.3895,79.0,0.0,0.0,0.015,5.400756666666667,5.875246268656717,5.837535000000001,NaN,5.000553605519479,11.330679277183258,268.0,270.0,134.0,510.6666666666667,385.0,51.0,31,0,0,2,13,8.0,512.0,10940.384799999996,4383.2247,4379.8758,55,137,0,10,0.29970177528627717,0.3555235466593636,0.4412137619642613,0,2418.8010000000004,1458.2043,13,0,160.0,0,0,0,0.0,0,0.0,13023.368899999998,0.0,0,0,0,1.5,0,0.0,0,0,0.0,0,0.0,0,0,934.0056000000001,64.0,2133.0741,2,0.0,0.0,NaN,1280.0,NaN,NaN,0,0,0.0,0,0.0,NaN,0,NaN,0,0,0,0.0,0.0,0.0,0.0,0.0,0.0,0.0,0.0,0,0,0,0,31,0.0,0,0,0.0,0,0.0,0.0,0.0,0.0,0.0,0.0,0.0,0.0,0.0,0.0,0.6348620558315055,118,10223.362299999997,10,2800.0066000000006,4,9520.724699999999,4,4379.8758,2,188.1273,-69.9514,37.5,0,0,134,134,5 + government bonds,sumsy,3,3.637978807091713e-12
41,128,4,4,22459.440499999997,0.0,219.1286,0.0,219.1286,,219.1286,0.0,0.0,0.0,0.0,0.0,0.0025,188.2841,0.0,0.0,1.0,151.49159999999998,0.0,0.0,0.0,1.0,0.0,0.0,1.0,0.0,0,0,23.228950919555384,3.2315165619480375,26.46046748150342,14.3850170852128,3.208915740249312,17.59393282546211,820.7233000000004,802.2830000000002,820.7233000000004,0.0,0,0,0.0,0.0,0.0,1.0,1.0,0.0,0.0,0.0,0.0,0.5,0.25,0.0,-128.22573866555285,0.0,0,640.0,382.2805999999998,0.0,190.18829999999983,0.0,0.0,0.0,0.0,0.0,3,175.6923,640.0,382.2805999999998,190.18829999999983,79.0,0.0,0.0,0.015,5.565407407407405,6.012860447761198,5.9774931250000005,NaN,5.16717391645022,11.278409857356111,268.0,270.0,134.0,509.33333333333337,385.0,51.0,31,0,0,3,16,9.0,512.0,10840.09,4509.0844,4550.7649,55,137,0,10,0.2907343069222672,0.35899908078956777,0.4324283493976113,0,2484.678099999999,1502.6599999999994,16,0,160.0,0,0,0,0.0,0,0.0,12912.338499999994,0.0,0,0,0,1.5,0,0.0,0,0,0.0,0,0.0,0,0,956.3989,64.0,2195.5248,2,0.0,0.0,NaN,1280.0,NaN,NaN,0,0,0.0,0,0.0,NaN,0,NaN,0,0,0,0.0,0.0,0.0,0.0,0.0,0.0,0.0,0.0,0,0,0,0,31,0.0,0,0,0.0,0,0.0,0.0,0.0,0.0,0.0,0.0,0.0,0.0,0.0,0.0,0.641034794137447,118,9974.807100000002,10,2937.5314000000003,4,9646.5844,4,4550.7649,2,179.9511,-30.84450000000001,37.5,0,0,134,134,5 + government bonds,sumsy,3,3.637978807091713e-12
42,128,4,4,22712.19730000001,0.0,187.004,0.0,187.004,,187.004,0.0,0.0,0.0,0.0,0.0,0.0025,192.8332,0.0,0.0,1.0,156.10969999999998,0.0,0.0,0.0,1.0,0.0,0.0,1.0,0.0,0,0,23.0860167200933,3.074303235595545,26.160319955688845,14.451586289543982,3.0411478772515217,17.492734166795504,842.2417999999993,820.7233000000003,842.2417999999993,0.0,0,0,0.0,0.0,0.0,1.0,1.0,0.0,0.0,0.0,0.0,0.5,0.25,0.0,-130.4172386655529,0.0,0,640.0,387.2431999999999,0.0,192.61140000000015,0.0,0.0,0.0,0.0,0.0,0,173.9674,640.0,387.2431999999999,192.61140000000015,79.0,0.0,0.0,0.015,5.760229347826087,6.173446268656711,6.263006249999998,NaN,5.316767561327556,11.223803570617637,268.0,276.0,134.0,508.00000000000006,385.00000000000006,51.0,30,0,0,0,16,13.0,512.0,10665.0528,4632.8859999999995,4770.516,55,137,0,10,0.2944826842828663,0.3642556665614818,0.43474717734765167,0,2546.150599999998,1589.8233,16,0,160.0,0,0,0,0.0,0,0.0,12732.036700000002,0.0,0,0,0,1.5,0,0.0,0,0,0.0,0,0.0,0,0,1002.0809999999997,64.0,2276.9419,2,0.0,0.0,NaN,1280.0,NaN,NaN,0,0,0.0,0,0.0,NaN,0,NaN,0,0,0,0.0,0.0,0.0,0.0,0.0,0.0,0.0,0.0,0,0,0,0,30,0.0,0,0,0.0,0,0.0,0.0,0.0,0.0,0.0,0.0,0.0,0.0,0.0,0.0,0.6490979088497209,118,9757.4554,10,2974.5813,4,9770.386,4,4770.516,2,173.9743,5.829200000000014,37.5,0,0,134,134,5 + government bonds,sumsy,3,3.637978807091713e-12
43,128,4,4,22959.907199999983,0.0,159.906,0.0,159.906,,159.906,0.0,0.0,0.0,0.0,0.0,0.0025,198.9581,0.0,0.0,1.0,161.5744,0.0,0.0,0.0,1.0,0.0,0.0,1.0,0.0,0,0,22.04314006274979,3.223807934649574,25.26694799739936,13.312072779989498,3.1866305955075442,16.49870337549704,875.504400000001,842.2417999999992,875.504400000001,0.0,0,0,0.0,0.0,0.0,1.0,1.0,0.0,0.0,0.0,0.0,0.5,0.25,0.0,-132.28723866555293,0.0,0,640.0,392.2900999999997,0.0,195.0724,0.0,0.0,0.0,0.0,0.0,0,169.1483,640.0,392.2900999999997,195.0724,79.0,0.0,0.0,0.015,5.969336679536678,6.327238235294125,6.484732500000002,NaN,5.477078234464073,11.220693583360578,272.0,259.0,136.0,512.0,389.0,51.0,30,0,0,0,10,6.0,512.0,10583.830999999996,4749.843,4899.636200000001,55,137,0,10,0.27782520617416306,0.35139789928186604,0.4318358178328059,0,2631.512899999999,1546.0581999999995,10,0,160.0,0,0,0,0.0,0,0.0,12646.331899999992,0.0,0,0,0,1.5,0,0.0,0,0,0.0,0,0.0,0,0,1037.5572000000002,64.0,2358.4906,2,0.0,0.0,NaN,1280.0,NaN,NaN,0,0,0.0,0,0.0,NaN,0,NaN,0,0,0,0.0,0.0,0.0,0.0,0.0,0.0,0.0,0.0,0,0,0,0,30,0.0,0,0,0.0,0,0.0,0.0,0.0,0.0,0.0,0.0,0.0,0.0,0.0,0.0,0.6482167480269938,118,9627.9426,10,3018.3893000000003,4,9887.343,4,4899.636200000001,2,169.1483,39.052099999999996,37.5,0,0,136,136,5 + government bonds,sumsy,3,3.637978807091713e-12
44,128,4,4,23202.621200000016,0.0,137.29699999999997,0.0,137.29699999999997,,137.29699999999997,0.0,0.0,0.0,0.0,0.0,0.0025,205.7044,0.0,0.0,1.0,167.43939999999995,0.0,0.0,0.0,1.0,0.0,0.0,1.0,0.0,0,0,20.446146894977577,3.2845177546953344,23.730664649672914,11.883251787824532,3.2363375528414537,15.119589340665986,886.1505000000008,875.504400000001,886.1505000000008,0.0,0,0,0.0,0.0,0.0,1.0,1.0,0.0,0.0,0.0,0.0,0.5,0.25,0.0,-133.88633866555293,0.0,0,640.0,397.2859999999999,0.0,197.49379999999996,0.0,0.0,0.0,0.0,0.0,0,166.465,640.0,397.2859999999999,197.49379999999996,79.0,0.0,0.0,0.015,6.079907835820895,6.550003759398502,6.736436250000004,NaN,5.686414083188007,11.230532221536425,266.0,268.0,133.0,512.0,383.0,51.0,32,0,0,1,11,8.0,512.0,10426.7687,4890.3886,5069.8162999999995,55,137,0,10,0.2662406510195965,0.3418448239612504,0.43790140767906705,0,2682.0864999999994,1629.4152999999997,11,0,160.0,0,0,0,0.0,0,0.0,12489.268700000002,0.0,0,0,0,1.5,0,0.0,0,0,0.0,0,0.0,0,0,1077.8298000000007,64.0,2443.4782,2,0.0,0.0,NaN,1280.0,NaN,NaN,0,0,0.0,0,0.0,NaN,0,NaN,0,0,0,0.0,0.0,0.0,0.0,0.0,0.0,0.0,0.0,0,0,0,0,32,0.0,0,0,0.0,0,0.0,0.0,0.0,0.0,0.0,0.0,0.0,0.0,0.0,0.0,0.6500419432566369,118,9510.2293,10,2979.0394,4,10027.8886,4,5069.8162999999995,2,166.465,68.40740000000002,37.5,0,0,133,133,5 + government bonds,sumsy,3,3.637978807091713e-12
45,128,4,4,23440.329399999988,0.0,116.0699,0.0,116.0699,,116.0699,0.0,0.0,0.0,0.0,0.0,0.0025,212.7832,0.0,0.0,1.0,170.5414,0.0,0.0,0.0,1.0,0.0,0.0,1.0,0.0,0,0,20.50509891020889,3.060215290346554,23.565314200555445,12.19437766324002,2.9611835513115565,15.155561214551577,898.3220999999984,886.1505000000004,898.3220999999984,0.0,0,0,0.0,0.0,0.0,1.0,1.0,0.0,0.0,0.0,0.0,0.5,0.25,0.0,-135.25923866555294,0.0,0,640.0,402.2918000000004,0.0,199.92210000000006,0.0,0.0,0.0,0.0,0.0,0,165.7081,640.0,402.2918000000004,199.92210000000006,79.0,0.0,0.0,0.015,6.238131923076925,6.641519548872168,6.938336249999999,NaN,5.868046861953294,11.252385518649794,266.0,260.0,133.0,510.6666666666667,383.0,51.0,31,0,0,2,10,4.0,512.0,10317.690200000003,5019.9766,5200.9138,55,137,0,10,0.26422731768492147,0.34447062819055096,0.4466589028300101,0,2753.8004000000014,1621.9143000000006,10,0,160.0,0,0,0,0.0,0,0.0,12380.190200000008,0.0,0,0,0,1.5,0,0.0,0,0,0.0,0,0.0,0,0,1110.1337999999998,64.0,2523.2575,2,0.0,0.0,NaN,1280.0,NaN,NaN,0,0,0.0,0,0.0,NaN,0,NaN,0,0,0,0.0,0.0,0.0,0.0,0.0,0.0,0.0,0.0,0,0,0,0,31,0.0,0,0,0.0,0,0.0,0.0,0.0,0.0,0.0,0.0,0.0,0.0,0.0,0.0,0.6554431410768218,118,9356.735700000003,10,3023.4545,4,10157.4766,4,5200.9138,2,165.7081,96.71329999999999,37.5,0,0,133,133,5 + government bonds,sumsy,3,3.637978807091713e-12
46,128,4,4,23673.113700000005,0.0,97.154,0.0,97.154,,97.154,0.0,0.0,0.0,0.0,0.0,0.0025,219.712,0.0,0.0,1.0,174.9797,0.0,0.0,0.0,1.0,0.0,0.0,1.0,0.0,0,0,19.919200416446166,2.964440846227201,22.88364126267337,12.107282117187076,2.869378486890459,14.976660604077535,919.4695000000014,898.3220999999979,919.4695000000014,0.0,0,0,0.0,0.0,0.0,1.0,1.0,0.0,0.0,0.0,0.0,0.5,0.25,0.0,-136.42003866555294,0.0,0,640.0,407.2156999999999,0.0,202.2929,0.0,0.0,0.0,0.0,0.0,0,165.5675,640.0,407.2156999999999,202.2929,79.0,0.0,0.0,0.015,6.378237192982453,6.852041666666677,7.2507825000000015,NaN,6.044295451729579,11.243741068537158,264.0,285.0,132.0,509.33333333333337,381.00000000000006,51.0,31,0,0,0,17,16.0,512.0,10027.0139,5145.019200000001,5496.7554,55,137,0,10,0.2818538223559508,0.35822725631104535,0.45488511682746635,0,2815.1229000000003,1817.797599999999,17,0,160.0,0,0,0,0.0,0,0.0,12089.513900000007,0.0,0,0,0,1.5,0,0.0,0,0,0.0,0,0.0,0,0,1160.1252000000002,64.0,2619.0457,2,0.0,0.0,NaN,1280.0,NaN,NaN,0,0,0.0,0,0.0,NaN,0,NaN,0,0,0,0.0,0.0,0.0,0.0,0.0,0.0,0.0,0.0,0,0,0,0,31,0.0,0,0,0.0,0,0.0,0.0,0.0,0.0,0.0,0.0,0.0,0.0,0.0,0.0,0.668380003640529,118,9125.6702,10,2963.8437,4,10282.5192,4,5496.7554,2,165.5675,122.55799999999999,37.5,0,0,132,132,5 + government bonds,sumsy,3,3.637978807091713e-12
47,128,4,4,23901.32939999999,0.0,79.8061,0.0,79.8061,,79.8061,0.0,0.0,0.0,0.0,0.0,0.0025,226.1813,0.0,0.0,1.0,178.9093,0.0,0.0,0.0,1.0,0.0,0.0,1.0,0.0,0,0,19.056951030276345,3.0999576820958437,22.156908712372186,10.941499165295925,3.050427478834829,13.991926644130753,969.5157000000014,919.4695000000007,969.5157000000014,0.0,0,0,0.0,0.0,0.0,1.0,1.0,0.0,0.0,0.0,0.0,0.5,0.25,0.0,-137.39163866555293,0.0,0,640.0,411.78429999999963,0.0,204.51279999999994,0.0,0.0,0.0,0.0,0.0,0,165.69170000000003,640.0,411.78429999999963,204.51279999999994,79.0,0.0,0.0,0.015,6.6811763052208795,7.018497794117657,7.384517500000001,NaN,6.1866528361520805,11.301432271601675,272.0,249.0,136.0,512.0,389.0,51.0,30,0,0,2,5,6.0,512.0,9974.672900000003,5253.1489,5587.5177,55,137,0,10,0.2589895490927576,0.34080322606575253,0.42710330817783526,0,2920.065399999999,1663.612899999999,5,0,160.0,0,0,0,0.0,0,0.0,12037.172900000003,0.0,0,0,0,1.5,0,0.0,0,0,0.0,0,0.0,0,0,1181.5228000000002,64.0,2694.1169,2,0.0,0.0,NaN,1280.0,NaN,NaN,0,0,0.0,0,0.0,NaN,0,NaN,0,0,0,0.0,0.0,0.0,0.0,0.0,0.0,0.0,0.0,0,0,0,0,30,0.0,0,0,0.0,0,0.0,0.0,0.0,0.0,0.0,0.0,0.0,0.0,0.0,0.0,0.6651768854129709,118,9103.478600000004,10,2933.6943,4,10390.6489,4,5587.5177,2,165.69170000000003,146.3752,37.5,0,0,136,136,5 + government bonds,sumsy,3,3.637978807091713e-12
48,128,4,4,24124.95320000001,0.0,67.2198,0.0,67.2198,,67.2198,0.0,0.0,0.0,0.0,0.0,0.0025,230.8398,0.0,0.0,1.0,187.4071,0.0,0.0,0.0,1.0,0.0,0.0,1.0,0.0,0,0,17.475946664959427,2.9766510956596117,20.45259776061904,8.881303977256144,2.9766510956596117,11.857955072915754,952.4377999999998,969.5157000000005,952.4377999999998,0.0,0,0,0.0,0.0,0.0,1.0,1.0,0.0,0.0,0.0,0.0,0.5,0.25,0.0,-138.1897386655529,0.0,0,640.0,416.3762000000001,0.0,206.74329999999998,0.0,0.0,0.0,0.0,0.0,0,165.86329999999998,640.0,416.3762000000001,206.74329999999998,79.0,0.0,0.0,0.015,6.7459487272727285,7.211059999999999,7.521144897959184,NaN,6.457157370543177,12.744066903486106,260.0,275.0,130.0,509.33333333333337,377.00000000000006,51.0,32,0,0,2,16,11.0,512.0,9838.749,5414.924800000001,5815.8151,55,137,0,10,0.23687718152099446,0.32684554815423117,0.4511555683391497,0,2950.6631000000016,1855.1359000000004,16,0,147.0,0,0,0,0.0,0,0.0,11901.249,0.0,0,0,0,1.5,0,0.0,0,0,0.0,0,0.0,0,0,1105.6083,64.0,2658.7612,2,0.0,0.0,NaN,1280.0,NaN,NaN,0,0,0.0,0,0.0,NaN,0,NaN,0,0,0,0.0,0.0,0.0,0.0,0.0,0.0,0.0,0.0,0,0,0,0,32,0.0,0,0,0.0,0,0.0,0.0,0.0,0.0,0.0,0.0,0.0,0.0,0.0,0.0,0.6649321567354691,118,8993.662100000001,10,2907.5869,4,10552.4248,4,5815.8151,2,165.86329999999998,163.62,37.5,0,0,130,130,5 + government bonds,sumsy,3,3.637978807091713e-12
49,128,4,4,24344.04850000002,0.0,57.00090000000001,0.0,57.00090000000001,,57.00090000000001,0.0,0.0,0.0,0.0,0.0,0.0025,237.9512,0.0,0.0,1.0,189.22400000000002,0.0,0.0,0.0,1.0,0.0,0.0,1.0,0.0,0,0,16.92012677636426,3.143606414702348,20.06373319106661,8.224423384250757,3.113868338329117,11.338291722579875,1018.5730999999998,952.4377999999983,1018.5730999999998,0.0,0,0,0.0,0.0,0.0,1.0,1.0,0.0,0.0,0.0,0.0,0.5,0.25,0.0,-138.8619386655529,0.0,0,640.0,420.90470000000005,0.0,208.9289000000001,0.0,0.0,0.0,0.0,0.0,0,166.13,640.0,420.90470000000005,208.9289000000001,79.0,0.0,0.0,0.015,6.972402681992335,7.433874814814813,7.532756666666668,NaN,6.492388790180869,12.531770937411647,270.0,261.0,135.0,509.33333333333337,387.0,51.0,30,0,0,1,13,4.0,512.0,9793.464999999995,5512.3394,5987.684200000001,55,137,0,10,0.21459772616867467,0.3133988427713392,0.42602171896582863,0,3029.802500000001,1819.7970999999995,13,0,150.0,0,0,0,0.0,0,0.0,11855.964999999993,0.0,0,0,0,1.5,0,0.0,0,0,0.0,0,0.0,0,0,1129.9135,64.0,2646.4787,2,0.0,0.0,NaN,1280.0,NaN,NaN,0,0,0.0,0,0.0,NaN,0,NaN,0,0,0,0.0,0.0,0.0,0.0,0.0,0.0,0.0,0.0,0,0,0,0,30,0.0,0,0,0.0,0,0.0,0.0,0.0,0.0,0.0,0.0,0.0,0.0,0.0,0.0,0.6629471749245561,118,8932.973899999997,10,2922.9910999999997,4,10649.8394,4,5987.684200000001,2,166.13,180.9503,37.5,0,0,135,135,5 + government bonds,sumsy,3,3.637978807091713e-12
50,128,4,4,24558.700100000005,0.0,47.09140000000001,0.0,47.09140000000001,,47.09140000000001,0.0,0.0,0.0,0.0,0.0,0.0025,241.0179,0.0,0.0,1.0,195.57610000000003,0.0,0.0,0.0,1.0,0.0,0.0,1.0,0.0,0,0,16.6441383133402,3.013817060239215,19.657955373579416,7.996969051363771,3.013817060239215,11.010786111602986,1016.2792999999999,1018.573099999999,1016.2792999999999,0.0,0,0,0.0,0.0,0.0,1.0,1.0,0.0,0.0,0.0,0.0,0.5,0.25,0.0,-139.4318386655529,0.0,0,640.0,425.3484000000001,0.0,211.11019999999988,0.0,0.0,0.0,0.0,0.0,0,166.6249,640.0,425.3484000000001,211.11019999999988,79.0,0.0,0.0,0.015,6.981111940298507,7.472233582089552,7.619644078947368,NaN,6.509392888042973,12.1558178092893,268.0,268.0,134.0,510.6666666666667,384.99999999999994,51.0,31,0,0,1,11,6.0,512.0,9666.263400000003,5666.1059000000005,6132.4718,55,137,0,10,0.2101138903180002,0.3177375294525937,0.43123695285863617,0,3025.987,1870.9379999999999,11,0,152.0,0,0,0,0.0,0,0.0,11728.763399999998,0.0,0,0,0,1.5,0,0.0,0,0,0.0,0,0.0,0,0,1158.1859,64.0,2686.2162,2,0.0,0.0,NaN,1280.0,NaN,NaN,0,0,0.0,0,0.0,NaN,0,NaN,0,0,0,0.0,0.0,0.0,0.0,0.0,0.0,0.0,0.0,0,0,0,0,31,0.0,0,0,0.0,0,0.0,0.0,0.0,0.0,0.0,0.0,0.0,0.0,0.0,0.0,0.6690025525344316,118,8786.865900000004,10,2941.8975,4,10803.6059,4,6132.4718,2,166.6249,193.92649999999998,37.5,0,0,134,134,5 + government bonds,sumsy,3,3.637978807091713e-12
51,128,4,4,24768.976800000008,0.0,39.0756,0.0,39.0756,,39.0756,0.0,0.0,0.0,0.0,0.0,0.0025,247.575,0.0,0.0,1.0,195.81969999999995,0.0,0.0,0.0,1.0,0.0,0.0,1.0,0.0,0,0,16.595711431296042,2.9599389841228962,19.55565041541894,8.196614129465459,2.9436775234997308,11.14029165296519,1023.5380999999993,1016.2793000000004,1023.5380999999993,0.0,0,0,0.0,0.0,0.0,1.0,1.0,0.0,0.0,0.0,0.0,0.5,0.25,0.0,-139.90273866555293,0.0,0,640.0,429.7232999999998,0.0,213.21509999999984,0.0,0.0,0.0,0.0,0.0,0,166.8809,640.0,429.7232999999998,213.21509999999984,79.0,0.0,0.0,0.015,7.041735036496351,7.582993233082702,7.570076870748301,NaN,6.51580014775989,11.95132275745427,266.0,274.0,133.0,510.66666666666663,383.0,51.0,31,0,0,1,18,7.0,512.0,9519.8967,5816.4936,6337.0174,55,137,0,10,0.21365956341272585,0.3144054884086511,0.4284394395766713,0,3018.4305000000027,1929.4354,18,0,147.0,0,0,0,0.0,0,0.0,11582.396700000003,0.0,0,0,0,1.5,0,0.0,0,0,0.0,0,0.0,0,0,1112.8013000000003,64.0,2681.1132,2,0.0,0.0,NaN,1280.0,NaN,NaN,0,0,0.0,0,0.0,NaN,0,NaN,0,0,0,0.0,0.0,0.0,0.0,0.0,0.0,0.0,0.0,0,0,0,0,31,0.0,0,0,0.0,0,0.0,0.0,0.0,0.0,0.0,0.0,0.0,0.0,0.0,0.0,0.6729344596420599,118,8718.850100000003,10,2863.5466,4,10953.9936,4,6337.0174,2,166.8809,208.49939999999998,37.5,0,0,133,133,5 + government bonds,sumsy,3,3.637978807091713e-12
52,128,4,4,24974.832299999984,0.0,31.0598,0.0,31.0598,,31.0598,0.0,0.0,0.0,0.0,0.0,0.0025,254.3251,0.0,0.0,1.0,197.52050000000003,0.0,0.0,0.0,1.0,0.0,0.0,1.0,0.0,0,0,15.839359000685262,2.917693837753302,18.75705283843856,7.684949326068692,2.880950817170501,10.565900143239192,1048.4881999999993,1023.5381,1048.4881999999993,0.0,0,0,0.0,0.0,0.0,1.0,1.0,0.0,0.0,0.0,0.0,0.5,0.25,0.0,-140.29353866555294,0.0,0,640.0,434.1444999999999,0.0,215.34639999999996,0.0,0.0,0.0,0.0,0.0,0,166.96980000000002,640.0,434.1444999999999,215.34639999999996,79.0,0.0,0.0,0.015,7.123295925925926,7.599177941176466,7.4360733766233755,NaN,6.549500174225503,11.831210734917137,272.0,270.0,136.0,510.6666666666667,389.00000000000006,51.0,30,0,0,2,14,9.0,512.0,9402.907099999999,5952.446500000001,6501.4715,55,137,0,10,0.2094230544701703,0.31033245451387015,0.43160980421236683,0,3072.8885999999984,1923.2899,14,0,154.0,0,0,0,0.0,0,0.0,11465.407099999997,0.0,0,0,0,1.5,0,0.0,0,0,0.0,0,0.0,0,0,1145.1553,64.0,2696.7123,2,0.0,0.0,NaN,1280.0,NaN,NaN,0,0,0.0,0,0.0,NaN,0,NaN,0,0,0,0.0,0.0,0.0,0.0,0.0,0.0,0.0,0.0,0,0,0,0,30,0.0,0,0,0.0,0,0.0,0.0,0.0,0.0,0.0,0.0,0.0,0.0,0.0,0.0,0.6757457026844946,118,8666.983800000004,10,2798.4233000000004,4,11089.946500000002,4,6501.4715,2,166.96980000000002,223.2653,37.5,0,0,136,136,5 + government bonds,sumsy,3,3.637978807091713e-12
53,128,4,4,25176.663800000002,0.0,23.44,0.0,23.44,,23.44,0.0,0.0,0.0,0.0,0.0,0.0025,260.879,0.0,0.0,1.0,199.809,0.0,0.0,0.0,1.0,0.0,0.0,1.0,0.0,0,0,16.18368816890267,2.789435835560083,18.973124004462754,7.577126648377945,2.722686807881401,10.299813456259345,1031.670500000001,1048.488199999999,1031.670500000001,0.0,0,0,0.0,0.0,0.0,1.0,1.0,0.0,0.0,0.0,0.0,0.5,0.25,0.0,-140.60413866555297,0.0,0,640.0,438.1685000000001,0.0,217.27910000000003,0.0,0.0,0.0,0.0,0.0,0,166.9468,640.0,438.1685000000001,217.27910000000003,79.0,0.0,0.0,0.015,7.163263805970151,7.587093283582099,7.356460975609755,NaN,6.593543854689756,17.80020621243438,268.0,268.0,134.0,509.33333333333337,385.0,51.0,30,0,0,1,12,10.0,512.0,9517.226099999998,6113.409799999999,6634.6214,55,137,0,10,0.20021650112486555,0.30513272574566797,0.41142390693422803,0,3061.4495999999986,1919.7547000000004,12,0,123.0,0,0,0,0.0,0,0.0,11579.726100000007,0.0,0,0,0,1.5,0,0.0,0,0,0.0,0,0.0,0,0,904.8446999999999,64.0,2483.5807,2,0.0,0.0,NaN,1280.0,NaN,NaN,0,0,0.0,0,0.0,NaN,0,NaN,0,0,0,0.0,0.0,0.0,0.0,0.0,0.0,0.0,0.0,0,0,0,0,30,0.0,0,0,0.0,0,0.0,0.0,0.0,0.0,0.0,0.0,0.0,0.0,0.0,0.0,0.6735170208585743,118,8742.047399999996,10,2837.6787,4,11250.9098,4,6634.6214,2,166.9468,237.43900000000002,37.5,0,0,134,134,5 + government bonds,sumsy,3,3.637978807091713e-12
54,128,4,4,25374.3801,0.0,17.3078,0.0,17.3078,,17.3078,0.0,0.0,0.0,0.0,0.0,0.0025,269.4795,0.0,0.0,1.0,200.92979999999994,0.0,0.0,0.0,1.0,0.0,0.0,1.0,0.0,0,0,16.126069287754476,3.071799689985231,19.197868977739706,7.306114153342289,3.017266641089413,10.323380794431701,1043.0906999999995,1031.670500000001,1043.0906999999995,0.0,0,0,0.0,0.0,0.0,1.0,1.0,0.0,0.0,0.0,0.0,0.5,0.25,0.0,-140.83843866555296,0.0,0,640.0,442.28370000000007,0.0,219.23710000000005,0.0,0.0,0.0,0.0,0.0,0,166.9448,640.0,442.28370000000007,219.23710000000005,79.0,0.0,0.0,0.015,7.193913970588238,7.672318656716414,7.2725591836734695,NaN,6.595343505863548,18.199865988795956,268.0,272.0,134.0,510.6666666666667,385.0,51.0,31,0,0,2,15,13.0,512.0,9433.590400000001,6249.0717,6814.164999999999,55,137,0,10,0.19477356978791405,0.3073920882159209,0.4181949107767864,0,3063.8524000000007,1956.7446000000007,15,0,147.0,0,0,0,0.0,0,0.0,11496.090400000005,0.0,0,0,0,1.5,0,0.0,0,0,0.0,0,0.0,0,0,1069.0662,64.0,2441.1287,2,0.0,0.0,NaN,1280.0,NaN,NaN,0,0,0.0,0,0.0,NaN,0,NaN,0,0,0,0.0,0.0,0.0,0.0,0.0,0.0,0.0,0.0,0,0,0,0,31,0.0,0,0,0.0,0,0.0,0.0,0.0,0.0,0.0,0.0,0.0,0.0,0.0,0.0,0.6776726415053462,118,8578.099800000002,10,2917.9906,4,11386.5717,4,6814.164999999999,2,166.9448,252.1717,37.5,0,0,134,134,5 + government bonds,sumsy,3,3.637978807091713e-12
55,128,4,4,25567.901000000005,0.0,12.5173,0.0,12.5173,,12.5173,0.0,0.0,0.0,0.0,0.0,0.0025,280.2431,0.0,0.0,1.0,201.78919999999994,0.0,0.0,0.0,1.0,0.0,0.0,1.0,0.0,0,0,15.78060775810221,2.958713553741642,18.739321311843852,7.132417792286227,2.9253894453062492,10.057807237592476,1045.6432,1043.0906999999995,1045.6432,0.0,0,0,0.0,0.0,0.0,1.0,1.0,0.0,0.0,0.0,0.0,0.5,0.25,0.0,-141.011538665553,0.0,0,640.0,446.47909999999985,0.0,221.21639999999996,0.0,0.0,0.0,0.0,0.0,0,166.9846,640.0,446.47909999999985,221.21639999999996,79.0,0.0,0.0,0.015,7.1859505576208145,7.634394074074074,7.157679856115108,NaN,6.511439500968991,18.24864212127445,270.0,269.0,135.0,509.3333333333333,387.0,51.0,30,0,0,2,12,16.0,512.0,9428.421499999995,6385.6803,6953.3427,55,137,0,10,0.1911651854481946,0.2988938357908244,0.42245780796843224,0,3044.4884999999986,1933.0206999999991,12,0,139.0,0,0,0,0.0,0,0.0,11490.9215,0.0,0,0,0,1.5,0,0.0,0,0,0.0,0,0.0,0,0,994.9174999999999,64.0,2353.2288,2,0.0,0.0,NaN,1280.0,NaN,NaN,0,0,0.0,0,0.0,NaN,0,NaN,0,0,0,0.0,0.0,0.0,0.0,0.0,0.0,0.0,0.0,0,0,0,0,30,0.0,0,0,0.0,0,0.0,0.0,0.0,0.0,0.0,0.0,0.0,0.0,0.0,0.0,0.6767527033427896,118,8645.799699999996,10,2845.1218000000003,4,11523.1803,4,6953.3427,2,166.9846,267.72580000000005,37.5,0,0,135,135,5 + government bonds,sumsy,3,3.637978807091713e-12
56,128,4,4,25757.685000000016,0.0,7.9928,0.0,7.9928,,7.9928,0.0,0.0,0.0,0.0,0.0,0.0025,292.8703,0.0,0.0,1.0,201.566,0.0,0.0,0.0,1.0,0.0,0.0,1.0,0.0,0,0,15.409488047943267,2.9707712589221322,18.380259306865398,6.51720373952301,2.9707712589221322,9.487974998445143,1018.8499,1045.6431999999998,1018.8499,0.0,0,0,0.0,0.0,0.0,1.0,1.0,0.0,0.0,0.0,0.0,0.5,0.25,0.0,-141.136538665553,0.0,0,640.0,450.21599999999995,0.0,222.93559999999997,0.0,0.0,0.0,0.0,0.0,0,166.98829999999998,640.0,450.21599999999995,222.93559999999997,79.0,0.0,0.0,0.015,7.141839928057557,7.604923484848485,6.971969784172659,NaN,6.450838442190551,18.902709527678393,264.0,278.0,132.0,509.3333333333333,381.0,51.0,31,0,0,1,16,23.0,512.0,9337.625900000001,6541.1302,7150.1188,55,137,0,10,0.18240798808466452,0.2992549244428737,0.4144886110785613,0,2984.4156999999996,1985.4315000000008,17,1,139.0,0,0,0,0.0,0,0.0,11400.125899999994,0.0,0,0,0,1.5,0,0.0,0,0,0.0,0,0.0,0,0,969.1037999999996,64.0,2268.9515,2,0.0,0.0,NaN,1280.0,NaN,NaN,0,0,0.0,0,0.0,NaN,0,NaN,0,0,0,0.0,0.0,0.0,0.0,0.0,0.0,0.0,0.0,0,0,0,0,31,0.0,0,0,0.0,0,0.0,0.0,0.0,0.0,0.0,0.0,0.0,0.0,0.0,0.0,0.6803934722650151,118,8560.685100000004,10,2839.4408,4,11678.630200000001,4,7150.1188,2,166.98829999999998,284.8775,37.5,0,0,132,132,5 + government bonds,sumsy,3,3.637978807091713e-12
57,128,4,4,25943.572499999984,0.0,4.7358,0.0,4.7358,,4.7358,0.0,0.0,0.0,0.0,0.0,0.0025,309.3982,0.0,0.0,1.0,200.328,0.0,0.0,0.0,1.0,0.0,0.0,1.0,0.0,0,0,15.467061434562398,2.8973119910244645,18.364373425586862,6.914541700380997,2.8572506705043126,9.771792370885308,1042.0671999999981,1018.8498999999996,1042.0671999999981,0.0,0,0,0.0,0.0,0.0,1.0,1.0,0.0,0.0,0.0,0.0,0.5,0.25,0.0,-141.21653866555297,0.0,0,640.0,454.1125000000001,0.0,224.71519999999987,0.0,0.0,0.0,0.0,0.0,0,166.8263,640.0,454.1125000000001,224.71519999999987,79.0,0.0,0.0,0.015,7.234565882352946,7.551964705882339,6.896334482758622,NaN,6.3061059382570965,18.686051464189813,272.0,255.0,136.0,510.6666666666667,389.00000000000006,51.0,29,0,0,1,13,10.0,512.0,9351.3643,6651.772800000001,7222.2463,55,137,0,10,0.18418407784158797,0.296040959713026,0.406021181923087,0,2979.3724,1844.8143000000014,13,0,145.0,0,0,0,0.0,0,0.0,11413.864300000007,0.0,0,0,0,1.5,0,0.0,0,0,0.0,0,0.0,0,0,999.9685000000002,64.0,2241.9646000000002,2,0.0,0.0,NaN,1280.0,NaN,NaN,0,0,0.0,0,0.0,NaN,0,NaN,0,0,0,0.0,0.0,0.0,0.0,0.0,0.0,0.0,0.0,0,0,0,0,29,0.0,0,0,0.0,0,0.0,0.0,0.0,0.0,0.0,0.0,0.0,0.0,0.0,0.0,0.6805395038064919,118,8610.092299999998,10,2803.772,4,11789.2728,4,7222.2463,2,166.8263,304.6624,37.5,0,0,136,136,5 + government bonds,sumsy,3,3.637978807091713e-12
58,128,4,4,26125.761800000004,0.0,3.2111,0.0,3.2111,,3.2111,0.0,0.0,0.0,0.0,0.0,0.0025,326.3391,0.0,0.0,1.0,202.929,0.0,0.0,0.0,1.0,0.0,0.0,1.0,0.0,0,0,15.14226363096232,2.9769815606081065,18.11924519157043,6.9417986948605,2.9769815606081065,9.918780255468606,1015.8090000000011,1042.0671999999993,1015.8090000000011,0.0,0,0,0.0,0.0,0.0,1.0,1.0,0.0,0.0,0.0,0.0,0.5,0.25,0.0,-141.26393866555296,0.0,0,640.0,457.81070000000017,0.0,226.38590000000005,0.0,0.0,0.0,0.0,0.0,0,166.56939999999997,640.0,457.81070000000017,226.38590000000005,79.0,0.0,0.0,0.015,7.012478490566038,7.4687238805970235,6.710640000000001,NaN,6.256627981818187,19.18674660232956,268.0,265.0,134.0,510.66666666666663,385.0,51.0,31,0,0,1,14,6.0,512.0,9237.2311,6797.733,7289.106900000001,55,137,0,10,0.18745312473493847,0.3019742888643826,0.4156595444136282,0,2937.5179999999996,1858.3068,14,0,160.0,0,0,0,0.0,0,0.0,11299.731100000003,0.0,0,0,0,1.5,0,0.0,0,0,0.0,0,0.0,0,0,1073.7024000000001,64.0,2308.7823,2,0.0,0.0,NaN,1280.0,NaN,NaN,0,0,0.0,0,0.0,NaN,0,NaN,0,0,0,0.0,0.0,0.0,0.0,0.0,0.0,0.0,0.0,0,0,0,0,31,0.0,0,0,0.0,0,0.0,0.0,0.0,0.0,0.0,0.0,0.0,0.0,0.0,0.0,0.6862869132584197,118,8515.583099999996,10,2784.1479999999997,4,11935.233,4,7289.106900000001,2,166.56939999999997,323.128,37.5,0,0,134,134,5 + government bonds,sumsy,3,3.637978807091713e-12
59,128,4,4,26304.254299999997,0.0,1.9551999999999998,0.0,1.9551999999999998,,1.9551999999999998,0.0,0.0,0.0,0.0,0.0,0.0025,350.8276,0.0,0.0,1.0,196.7006,0.0,0.0,0.0,1.0,0.0,0.0,1.0,0.0,0,0,15.45642420914483,3.044737708790356,18.501161917935185,7.430622545128797,3.0446099146235213,10.475232459752318,1004.9025000000014,1015.8089999999995,1004.9025000000014,0.0,0,0,0.0,0.0,0.0,1.0,1.0,0.0,0.0,0.0,0.0,0.5,0.25,0.0,-141.29603866555297,0.0,0,640.0,461.5075,0.0,227.97340000000005,0.0,0.0,0.0,0.0,0.0,0,166.26459999999997,640.0,461.5075,227.97340000000005,79.0,0.0,0.0,0.015,6.889263138686132,7.387332089552249,6.599734013605441,NaN,6.102830186130844,19.576901370177108,268.0,274.0,134.0,510.66666666666663,385.0,51.0,30,0,0,0,15,9.0,512.0,9141.052100000003,6924.2815,7421.6507,55,137,0,10,0.19463997997082272,0.30691811914555656,0.4090024633604197,0,2880.2900999999993,1887.6581,15,0,147.0,0,0,0,0.0,0,0.0,11203.5521,0.0,0,0,0,1.5,0,0.0,0,0,0.0,0,0.0,0,0,970.1608999999999,64.0,2300.1778,2,0.0,0.0,NaN,1280.0,NaN,NaN,0,0,0.0,0,0.0,NaN,0,NaN,0,0,0,0.0,0.0,0.0,0.0,0.0,0.0,0.0,0.0,0,0,0,0,30,0.0,0,0,0.0,0,0.0,0.0,0.0,0.0,0.0,0.0,0.0,0.0,0.0,0.0,0.6910893003251979,118,8434.418200000002,10,2769.1339,4,12061.7815,4,7421.6507,2,166.26459999999997,348.8724,37.5,0,0,134,134,5 + government bonds,sumsy,3,3.637978807091713e-12
60,128,4,4,26479.139000000006,0.0,0.6993,0.0,0.6993,,0.6993,0.0,0.0,0.0,0.0,0.0,0.0025,379.6684,0.0,0.0,1.0,193.24409999999997,0.0,0.0,0.0,1.0,0.0,0.0,1.0,0.0,0,0,15.759590981667056,2.9258309379387972,18.685421919605854,7.586627484647204,2.9193291819758445,10.50595666662305,1000.874000000001,1004.9025000000006,1000.874000000001,0.0,0,0,0.0,0.0,0.0,1.0,1.0,0.0,0.0,0.0,0.0,0.5,0.25,0.0,-141.31553866555296,0.0,0,640.0,465.1152999999999,0.0,229.47909999999985,0.0,0.0,0.0,0.0,0.0,0,166.07459999999998,640.0,465.1152999999999,229.47909999999985,79.0,0.0,0.0,0.015,6.832547924528304,7.249073529411772,6.43964965517241,NaN,5.935355092648193,19.53157638432507,272.0,265.0,136.0,512.0,389.0,51.0,30,0,0,0,11,7.0,512.0,9118.285700000006,7041.192,7492.379000000001,55,137,0,10,0.20023618061712534,0.30810689855801043,0.4046418032106329,0,2840.0234,1810.6252000000004,11,0,145.0,0,0,0,0.0,0,0.0,11180.7857,0.0,0,0,0,1.5,0,0.0,0,0,0.0,0,0.0,0,0,933.7491999999994,64.0,2281.5393,2,0.0,0.0,NaN,1280.0,NaN,NaN,0,0,0.0,0,0.0,NaN,0,NaN,0,0,0,0.0,0.0,0.0,0.0,0.0,0.0,0.0,0.0,0,0,0,0,30,0.0,0,0,0.0,0,0.0,0.0,0.0,0.0,0.0,0.0,0.0,0.0,0.0,0.0,0.6932581617892244,118,8454.960900000002,10,2725.8248,4,12178.692,4,7492.379000000001,2,166.07459999999998,378.9691,37.5,0,0,136,136,5 + government bonds,sumsy,3,3.637978807091713e-12
61,128,4,4,26650.477500000005,0.0,0.0001,0.0,0.0001,,0.0001,0.0,0.0,0.0,0.0,0.0,0.0025,411.4174,0.0,0.0,1.0,191.6529,0.0,0.0,0.0,1.0,0.0,0.0,1.0,0.0,0,0,15.92605170727343,3.0671754239279414,18.993227131201373,7.28607797163951,3.047590996575275,10.333668968214784,959.7285999999988,1000.8740000000008,959.7285999999988,0.0,0,0,0.0,0.0,0.0,1.0,1.0,0.0,0.0,0.0,0.0,0.5,0.25,0.0,-141.32253866555297,0.0,0,640.0,468.66150000000005,0.0,230.9189,0.0,0.0,0.0,0.0,0.0,0,165.7052,640.0,468.66150000000005,230.9189,79.0,0.0,0.0,0.015,6.617193115942029,7.050213432835812,6.2631642335766395,NaN,5.8759287513844605,20.240051894406168,268.0,276.0,134.0,512.0,385.0,51.0,31,0,0,1,14,14.0,512.0,9109.154799999995,7172.6735,7591.6521,55,137,0,10,0.183855983611674,0.29768147337827755,0.4087476817010407,0,2793.5897999999997,1826.3453,14,0,137.0,0,0,0,0.0,0,0.0,11171.654799999998,0.0,0,0,0,1.5,0,0.0,0,0,0.0,0,0.0,0,0,858.0534999999996,64.0,2199.8745,2,0.0,0.0,NaN,1280.0,NaN,NaN,0,0,0.0,0,0.0,NaN,0,NaN,0,0,0,0.0,0.0,0.0,0.0,0.0,0.0,0.0,0.0,0,0,0,0,31,0.0,0,0,0.0,0,0.0,0.0,0.0,0.0,0.0,0.0,0.0,0.0,0.0,0.0,0.6914178921810727,118,8448.033499999994,10,2723.6213,4,12310.1735,4,7591.6521,2,165.7052,411.4173,37.5,0,0,134,134,5 + government bonds,sumsy,3,3.637978807091713e-12
62,128,4,4,26818.282499999998,0.0,0.0,0.0,0.0,,0.0,0.0,0.0,0.0,0.0,0.0,0.0025,450.4602,0.0,0.0,1.0,185.61199999999994,0.0,0.0,0.0,1.0,0.0,0.0,1.0,0.0,0,0,16.908071891317174,3.0335300019872813,19.941601893304455,8.033332933347186,3.0335300019872813,11.066862935334466,951.2925999999995,959.7285999999999,951.2925999999995,0.0,0,0,0.0,0.0,0.0,1.0,1.0,0.0,0.0,0.0,0.0,0.5,0.25,0.0,-141.32253866555297,0.0,0,640.0,472.1950000000001,0.0,232.2834000000001,0.0,0.0,0.0,0.0,0.0,0,165.3023,640.0,472.1950000000001,232.2834000000001,79.0,0.0,0.0,0.015,6.5525586466165455,6.987258208955221,6.159580624999998,NaN,5.812642511434224,20.81090629159602,268.0,266.0,134.0,510.6666666666667,385.0,51.0,31,0,0,2,15,11.0,512.0,9033.763299999999,7271.1529,7658.526099999999,55,137,0,10,0.19357884785472002,0.30965088201978364,0.4140921934523052,0,2770.7038000000007,1742.980600000001,15,0,160.0,0,0,0,0.0,0,0.0,11096.263299999995,0.0,0,0,0,1.5,0,0.0,0,0,0.0,0,0.0,0,0,985.5328999999996,64.0,2239.0777,2,0.0,0.0,NaN,1280.0,NaN,NaN,0,0,0.0,0,0.0,NaN,0,NaN,0,0,0,0.0,0.0,0.0,0.0,0.0,0.0,0.0,0.0,0,0,0,0,31,0.0,0,0,0.0,0,0.0,0.0,0.0,0.0,0.0,0.0,0.0,0.0,0.0,0.0,0.6977381580310109,118,8337.847600000001,10,2758.4157,4,12408.652900000001,4,7658.526099999999,2,165.3023,450.4602,37.5,0,0,134,134,5 + government bonds,sumsy,3,3.637978807091713e-12
63,128,4,4,26982.682999999997,0.0,0.0,0.0,0.0,,0.0,0.0,0.0,0.0,0.0,0.0,0.0025,491.7615,0.0,0.0,1.0,183.79890000000003,0.0,0.0,0.0,1.0,0.0,0.0,1.0,0.0,0,0,17.000041546867813,3.1556158147450644,20.155657361612878,8.175433533886629,3.1556158147450644,11.331049348631693,939.0408999999984,951.2926000000007,939.0408999999984,0.0,0,0,0.0,0.0,0.0,1.0,1.0,0.0,0.0,0.0,0.0,0.5,0.25,0.0,-141.32253866555297,0.0,0,640.0,475.5994999999998,0.0,233.56649999999993,0.0,0.0,0.0,0.0,0.0,0,165.0229,640.0,475.5994999999998,233.56649999999993,79.0,0.0,0.0,0.015,6.4676973076923066,6.844747407407396,6.1261816455696225,NaN,5.779882954446838,20.993712017446512,270.0,260.0,135.0,509.33333333333337,387.00000000000006,51.0,30,0,0,2,9,8.0,512.0,9036.1774,7360.2999,7669.8753,55,137,0,10,0.19654696713900321,0.3109389819333337,0.4037713906605309,0,2769.5727000000006,1681.6012999999998,9,0,158.0,0,0,0,0.0,0,0.0,11098.677399999995,0.0,0,0,0,1.5,0,0.0,0,0,0.0,0,0.0,0,0,967.9367000000003,64.0,2259.5460000000003,2,0.0,0.0,NaN,1280.0,NaN,NaN,0,0,0.0,0,0.0,NaN,0,NaN,0,0,0,0.0,0.0,0.0,0.0,0.0,0.0,0.0,0.0,0,0,0,0,30,0.0,0,0,0.0,0,0.0,0.0,0.0,0.0,0.0,0.0,0.0,0.0,0.0,0.0,0.698955922485782,118,8347.495500000003,10,2751.1819,4,12497.7999,4,7669.8753,2,165.0229,491.7615,37.5,0,0,135,135,5 + government bonds,sumsy,3,3.637978807091713e-12
64,128,4,4,27143.777899999997,0.0,0.0,0.0,0.0,,0.0,0.0,0.0,0.0,0.0,0.0,0.0025,535.742,0.0,0.0,1.0,181.4185,0.0,0.0,0.0,1.0,0.0,0.0,1.0,0.0,0,0,17.00973411473933,3.0481773533357766,20.057911468075105,7.696034131277139,3.0102944140207315,10.70632854529787,914.892399999999,939.0408999999994,914.892399999999,0.0,0,0,0.0,0.0,0.0,1.0,1.0,0.0,0.0,0.0,0.0,0.5,0.25,0.0,-141.32253866555297,0.0,0,640.0,478.9051000000002,0.0,234.76839999999999,0.0,0.0,0.0,0.0,0.0,0,164.8058,640.0,478.9051000000002,234.76839999999999,79.0,0.0,0.0,0.015,6.3043468164793985,6.869407633587779,6.098374999999998,NaN,5.735816823608012,21.883961764378615,262.0,267.0,131.0,509.3333333333333,379.0,51.0,32,0,0,2,14,7.0,512.0,8991.967199999997,7457.2988000000005,7716.3252,55,137,0,10,0.19373088001811212,0.30456666183219605,0.42413773011796163,0,2707.5564,1683.2605999999994,14,0,156.0,0,0,0,0.0,0,0.0,11054.4672,0.0,0,0,0,1.5,0,0.0,0,0,0.0,0,0.0,0,0,951.3464999999997,64.0,2277.6389,2,0.0,0.0,NaN,1280.0,NaN,NaN,0,0,0.0,0,0.0,NaN,0,NaN,0,0,0,0.0,0.0,0.0,0.0,0.0,0.0,0.0,0.0,0,0,0,0,32,0.0,0,0,0.0,0,0.0,0.0,0.0,0.0,0.0,0.0,0.0,0.0,0.0,0.0,0.698807184498828,118,8348.131699999998,10,2706.3355,4,12594.7988,4,7716.3252,2,164.8058,535.742,37.5,0,0,131,131,5 + government bonds,sumsy,3,3.637978807091713e-12
65,128,4,4,27301.604800000016,0.0,0.0,0.0,0.0,,0.0,0.0,0.0,0.0,0.0,0.0,0.0025,584.4343,0.0,0.0,1.0,176.83739999999997,0.0,0.0,0.0,1.0,0.0,0.0,1.0,0.0,0,0,17.204178458074857,3.026388680946419,20.230567139021275,7.698161020617686,2.9930630787925274,10.691224099410213,921.2549,914.8924000000005,921.2549,0.0,0,0,0.0,0.0,0.0,1.0,1.0,0.0,0.0,0.0,0.0,0.5,0.25,0.0,-141.32253866555297,0.0,0,640.0,482.1731000000001,0.0,235.90130000000016,0.0,0.0,0.0,0.0,0.0,0,164.71609999999998,640.0,482.1731000000001,235.90130000000016,79.0,0.0,0.0,0.015,6.296105166051659,6.763096268656716,6.030770000000001,NaN,5.6898670862396,21.767519055079894,268.0,271.0,134.0,509.33333333333337,385.0,51.0,31,0,0,1,12,11.0,512.0,8929.820199999998,7523.0244,7800.9173,55,137,0,10,0.1922921020151116,0.30590398680685293,0.4244414641320984,0,2725.5473000000006,1706.2444999999998,12,0,160.0,0,0,0,0.0,0,0.0,10992.320199999996,0.0,0,0,0,1.5,0,0.0,0,0,0.0,0,0.0,0,0,964.9232000000002,64.0,2298.6925,2,0.0,0.0,NaN,1280.0,NaN,NaN,0,0,0.0,0,0.0,NaN,0,NaN,0,0,0,0.0,0.0,0.0,0.0,0.0,0.0,0.0,0.0,0,0,0,0,31,0.0,0,0,0.0,0,0.0,0.0,0.0,0.0,0.0,0.0,0.0,0.0,0.0,0.0,0.7012853310432499,118,8295.430699999997,10,2696.8895,4,12660.524399999998,4,7800.9173,2,164.71609999999998,584.4343,37.5,0,0,134,134,5 + government bonds,sumsy,3,3.637978807091713e-12
66,128,4,4,27456.35329999999,0.0,0.0,0.0,0.0,,0.0,0.0,0.0,0.0,0.0,0.0,0.0025,633.3908,0.0,0.0,1.0,176.60540000000003,0.0,0.0,0.0,1.0,0.0,0.0,1.0,0.0,0,0,16.44745642798015,3.1218982976941474,19.569354725674295,7.890701815054597,3.0769052803032992,10.967607095357895,921.3770000000006,921.2548999999999,921.3770000000006,0.0,0,0,0.0,0.0,0.0,1.0,1.0,0.0,0.0,0.0,0.0,0.5,0.25,0.0,-141.32253866555297,0.0,0,640.0,485.2515,0.0,236.93769999999995,0.0,0.0,0.0,0.0,0.0,0,164.59120000000001,640.0,485.2515,236.93769999999995,79.0,0.0,0.0,0.015,6.291953558052436,6.764007462686572,6.024573124999998,NaN,5.712614155604548,22.076223172785014,268.0,267.0,134.0,510.6666666666667,385.0,51.0,31,0,0,0,11,11.0,512.0,8904.654099999994,7596.1993,7852.1847,55,137,0,10,0.19442970672563797,0.3012966428290407,0.41689185508942805,0,2734.9299999999994,1679.9516000000003,11,0,160.0,0,0,0,0.0,0,0.0,10967.154099999998,0.0,0,0,0,1.5,0,0.0,0,0,0.0,0,0.0,0,0,963.9316999999996,64.0,2305.3332,2,0.0,0.0,NaN,1280.0,NaN,NaN,0,0,0.0,0,0.0,NaN,0,NaN,0,0,0,0.0,0.0,0.0,0.0,0.0,0.0,0.0,0.0,0,0,0,0,31,0.0,0,0,0.0,0,0.0,0.0,0.0,0.0,0.0,0.0,0.0,0.0,0.0,0.0,0.7011865628145362,118,8331.103599999995,10,2636.0505,4,12733.6993,4,7852.1847,2,164.59120000000001,633.3908,37.5,0,0,134,134,5 + government bonds,sumsy,3,3.637978807091713e-12
67,128,4,4,27607.97680000002,0.0,0.0,0.0,0.0,,0.0,0.0,0.0,0.0,0.0,0.0,0.0025,682.5088,0.0,0.0,1.0,176.48929999999996,0.0,0.0,0.0,1.0,0.0,0.0,1.0,0.0,0,0,16.627205347417792,3.1512818789632884,19.778487226381078,7.459330572838663,3.09293507439326,10.552265647231923,909.2562999999998,921.3769999999993,909.2562999999998,0.0,0,0,0.0,0.0,0.0,1.0,1.0,0.0,0.0,0.0,0.0,0.5,0.25,0.0,-141.32253866555297,0.0,0,640.0,488.3765,0.0,237.99479999999988,0.0,0.0,0.0,0.0,0.0,0,164.4435,640.0,488.3765,237.99479999999988,79.0,0.0,0.0,0.015,6.265136531365315,6.723731578947366,6.142385,NaN,5.734468139173296,22.535191369644608,266.0,271.0,133.0,512.0,383.0,51.0,32,0,0,1,17,10.0,512.0,8841.6319,7670.255000000001,7925.0878,55,137,0,10,0.18649873943590078,0.302370443701369,0.42176763519137817,0,2733.1749,1697.8520000000005,17,0,160.0,0,0,0,0.0,0,0.0,10904.131899999997,0.0,0,0,0,1.5,0,0.0,0,0,0.0,0,0.0,0,0,982.7816,64.0,2324.0498,2,0.0,0.0,NaN,1280.0,NaN,NaN,0,0,0.0,0,0.0,NaN,0,NaN,0,0,0,0.0,0.0,0.0,0.0,0.0,0.0,0.0,0.0,0,0,0,0,32,0.0,0,0,0.0,0,0.0,0.0,0.0,0.0,0.0,0.0,0.0,0.0,0.0,0.0,0.7034996513035783,118,8201.385600000001,10,2702.7463000000002,4,12807.755000000001,4,7925.0878,2,164.4435,682.5088,37.5,0,0,133,133,5 + government bonds,sumsy,3,3.637978807091713e-12
68,128,4,4,27756.549899999987,0.0,0.0,0.0,0.0,,0.0,0.0,0.0,0.0,0.0,0.0,0.0025,732.3813,0.0,0.0,1.0,175.7371,0.0,0.0,0.0,1.0,0.0,0.0,1.0,0.0,0,0,16.28609053584266,3.2762979295649397,19.5623884654076,7.064702078771384,3.1743841335993945,10.239086212370777,936.2142000000007,909.2563000000006,936.2142000000007,0.0,0,0,0.0,0.0,0.0,1.0,1.0,0.0,0.0,0.0,0.0,0.5,0.25,0.0,-141.32253866555297,0.0,0,640.0,491.42689999999976,0.0,239.01179999999997,0.0,0.0,0.0,0.0,0.0,0,164.429,640.0,491.42689999999976,239.01179999999997,79.0,0.0,0.0,0.015,6.309456818181818,6.7736338235294165,6.287445000000004,NaN,5.7354093737055765,22.276695672115608,272.0,264.0,136.0,510.6666666666667,389.0,51.0,30,0,0,0,15,3.0,512.0,8822.907500000001,7716.8886,7962.4731,55,137,0,10,0.18270167945983218,0.2955486709644315,0.41274327777037745,0,2768.333200000002,1665.6966,15,0,160.0,0,0,0,0.0,0,0.0,10885.4075,0.0,0,0,0,1.5,0,0.0,0,0,0.0,0,0.0,0,0,1005.9912000000007,64.0,2357.4704,2,0.0,0.0,NaN,1280.0,NaN,NaN,0,0,0.0,0,0.0,NaN,0,NaN,0,0,0,0.0,0.0,0.0,0.0,0.0,0.0,0.0,0.0,0,0,0,0,30,0.0,0,0,0.0,0,0.0,0.0,0.0,0.0,0.0,0.0,0.0,0.0,0.0,0.0,0.7026115637640771,118,8211.1447,10,2674.2628,4,12854.388600000002,4,7962.4731,2,164.429,732.3813,37.5,0,0,136,136,5 + government bonds,sumsy,3,3.637978807091713e-12
69,128,4,4,27902.13360000002,0.0,0.0,0.0,0.0,,0.0,0.0,0.0,0.0,0.0,0.0,0.0025,781.0191,0.0,0.0,1.0,176.98019999999994,0.0,0.0,0.0,1.0,0.0,0.0,1.0,0.0,0,0,16.615319722229586,3.1846603443221935,19.79998006655178,7.329152795477693,3.1846603443221935,10.513813139799886,932.3261999999997,936.2142000000015,932.3261999999997,0.0,0,0,0.0,0.0,0.0,1.0,1.0,0.0,0.0,0.0,0.0,0.5,0.25,0.0,-141.32253866555297,0.0,0,640.0,494.4163,0.0,240.01160000000016,0.0,0.0,0.0,0.0,0.0,0,164.4429,640.0,494.4163,240.01160000000016,79.0,0.0,0.0,0.015,6.275717977528091,6.745045588235293,6.430545625000001,NaN,5.779475228149084,22.480081266773002,272.0,267.0,136.0,512.0,389.0,51.0,30,0,0,3,9,8.0,512.0,8789.540600000002,7786.742200000001,7983.8329,55,137,0,10,0.18890007850637835,0.30906553101404777,0.41681100450299335,0,2786.163599999998,1675.6167000000003,9,0,160.0,0,0,0,0.0,0,0.0,10852.040600000002,0.0,0,0,0,1.5,0,0.0,0,0,0.0,0,0.0,0,0,1028.8873,64.0,2396.5559000000003,2,0.0,0.0,NaN,1280.0,NaN,NaN,0,0,0.0,0,0.0,NaN,0,NaN,0,0,0,0.0,0.0,0.0,0.0,0.0,0.0,0.0,0.0,0,0,0,0,30,0.0,0,0,0.0,0,0.0,0.0,0.0,0.0,0.0,0.0,0.0,0.0,0.0,0.0,0.7079894588962554,118,8112.281499999997,10,2739.7590999999998,4,12924.2422,4,7983.8329,2,164.4429,781.0191,37.5,0,0,136,136,5 + government bonds,sumsy,3,3.637978807091713e-12
70,128,4,4,28044.7734,0.0,0.0,0.0,0.0,,0.0,0.0,0.0,0.0,0.0,0.0,0.0025,830.5389,0.0,0.0,1.0,176.03410000000002,0.0,0.0,0.0,1.0,0.0,0.0,1.0,0.0,0,0,17.358570397486393,3.1498173524364534,20.508387749922846,7.537037100797207,3.1498173524364534,10.68685445323366,900.5863000000003,932.3261999999994,900.5863000000003,0.0,0,0,0.0,0.0,0.0,1.0,1.0,0.0,0.0,0.0,0.0,0.5,0.25,0.0,-141.32253866555297,0.0,0,640.0,497.36019999999974,0.0,240.97130000000013,0.0,0.0,0.0,0.0,0.0,0,164.4678,640.0,497.36019999999974,240.97130000000013,79.0,0.0,0.0,0.015,6.2841225092250905,6.81220230769231,6.630069999999998,NaN,5.8990216337833585,23.85935238723527,260.0,271.0,130.0,508.0,377.0,51.0,32,0,0,1,13,11.0,512.0,8676.094099999995,7874.8842,8051.7261,55,137,0,10,0.19473541770296765,0.31910077669932146,0.4511282439680919,0,2764.218300000002,1702.9971999999996,13,0,160.0,0,0,0,0.0,0,0.0,10738.594099999997,0.0,0,0,0,1.5,0,0.0,0,0,0.0,0,0.0,0,0,1060.8111999999996,64.0,2447.0623,2,0.0,0.0,NaN,1280.0,NaN,NaN,0,0,0.0,0,0.0,NaN,0,NaN,0,0,0,0.0,0.0,0.0,0.0,0.0,0.0,0.0,0.0,0,0,0,0,32,0.0,0,0,0.0,0,0.0,0.0,0.0,0.0,0.0,0.0,0.0,0.0,0.0,0.0,0.7138121273418336,118,7899.934099999999,10,2838.66,4,13012.3842,4,8051.7261,2,164.4678,830.5389,37.5,0,0,130,130,5 + government bonds,sumsy,3,3.637978807091713e-12
71,128,4,4,28184.53789999999,0.0,0.0,0.0,0.0,,0.0,0.0,0.0,0.0,0.0,0.0,0.0025,879.7486,0.0,0.0,1.0,176.27,0.0,0.0,0.0,1.0,0.0,0.0,1.0,0.0,0,0,17.395606612768454,3.1957108461933617,20.591317458961814,7.812841001735062,3.166203636108784,10.979044637843845,936.0714999999996,900.586299999999,936.0714999999996,0.0,0,0,0.0,0.0,0.0,1.0,1.0,0.0,0.0,0.0,0.0,0.5,0.25,0.0,-141.32253866555297,0.0,0,640.0,500.23549999999994,0.0,241.90489999999994,0.0,0.0,0.0,0.0,0.0,0,164.5612,640.0,500.23549999999994,241.90489999999994,79.0,0.0,0.0,0.015,6.427062121212122,6.873667910447758,6.731808750000001,NaN,5.938440094503293,23.506760510486348,268.0,264.0,134.0,510.66666666666663,385.0,51.0,31,0,0,1,13,7.0,512.0,8616.823399999997,7904.2618,8129.1889,55,137,0,10,0.2016493053722097,0.32092652912707,0.4291215432190916,0,2827.808400000002,1696.7444000000003,13,0,160.0,0,0,0,0.0,0,0.0,10679.323400000001,0.0,0,0,0,1.5,0,0.0,0,0,0.0,0,0.0,0,0,1077.0894,64.0,2489.954,2,0.0,0.0,NaN,1280.0,NaN,NaN,0,0,0.0,0,0.0,NaN,0,NaN,0,0,0,0.0,0.0,0.0,0.0,0.0,0.0,0.0,0.0,0,0,0,0,31,0.0,0,0,0.0,0,0.0,0.0,0.0,0.0,0.0,0.0,0.0,0.0,0.0,0.0,0.7160444346738017,118,7801.5761999999995,10,2877.7472000000002,4,13041.7618,4,8129.1889,2,164.5612,879.7486,37.5,0,0,134,134,5 + government bonds,sumsy,3,3.637978807091713e-12
72,128,4,4,28321.48820000002,0.0,0.0,0.0,0.0,,0.0,0.0,0.0,0.0,0.0,0.0,0.0025,924.9721,0.0,0.0,1.0,180.27870000000001,0.0,0.0,0.0,1.0,0.0,0.0,1.0,0.0,0,0,17.23048539308572,2.9449219249613456,20.175407318047068,7.667301505346172,2.932422494604282,10.599723999950454,945.7761000000002,936.0714999999994,945.7761000000002,0.0,0,0,0.0,0.0,0.0,1.0,1.0,0.0,0.0,0.0,0.0,0.5,0.25,0.0,-141.32253866555297,0.0,0,640.0,503.0497,0.0,242.8507000000001,0.0,0.0,0.0,0.0,0.0,0,164.7692,640.0,503.0497,242.8507000000001,79.0,0.0,0.0,0.015,6.460200757575758,6.946090298507464,6.746357615894039,NaN,6.040057642857151,23.579547310452384,268.0,264.0,134.0,510.6666666666667,385.0,51.0,31,0,0,2,11,6.0,512.0,8645.4307,7959.9648,8167.0307999999995,55,137,0,10,0.21115951485722428,0.3272559209461685,0.4420075834467967,0,2866.3410000000003,1705.4930000000002,11,0,151.0,0,0,0,0.0,0,0.0,10707.930699999997,0.0,0,0,0,1.5,0,0.0,0,0,0.0,0,0.0,0,0,1018.6999999999998,64.0,2459.3206,2,0.0,0.0,NaN,1280.0,NaN,NaN,0,0,0.0,0,0.0,NaN,0,NaN,0,0,0,0.0,0.0,0.0,0.0,0.0,0.0,0.0,0.0,0,0,0,0,31,0.0,0,0,0.0,0,0.0,0.0,0.0,0.0,0.0,0.0,0.0,0.0,0.0,0.0,0.7179747132110801,118,7817.062900000002,10,2890.8678,4,13097.4648,4,8167.0307999999995,2,164.7692,924.9721,37.5,0,0,134,134,5 + government bonds,sumsy,3,3.637978807091713e-12
73,128,4,4,28455.691500000004,0.0,0.0,0.0,0.0,,0.0,0.0,0.0,0.0,0.0,0.0,0.0025,969.2995,0.0,0.0,1.0,181.20820000000003,0.0,0.0,0.0,1.0,0.0,0.0,1.0,0.0,0,0,16.954552883851445,2.987781642564981,19.942334526416428,7.013378734747979,2.9799389474976534,9.993317682245634,949.0557000000007,945.7760999999999,949.0557000000007,0.0,0,0,0.0,0.0,0.0,1.0,1.0,0.0,0.0,0.0,0.0,0.5,0.25,0.0,-141.32253866555297,0.0,0,640.0,505.79670000000027,0.0,243.77720000000005,0.0,0.0,0.0,0.0,0.0,0,164.9304,640.0,505.79670000000027,243.77720000000005,79.0,0.0,0.0,0.015,6.472843137254903,7.02297518796993,6.774815999999999,NaN,6.058710438424695,23.82840864760412,266.0,255.0,133.0,509.33333333333337,383.00000000000006,51.0,31,0,0,2,6,1.0,512.0,8724.064999999999,8020.224400000001,8141.3247,55,137,0,10,0.19507860745678784,0.31412669067376875,0.4384730886431447,0,2859.7826999999993,1650.5750000000003,6,0,150.0,0,0,0,0.0,0,0.0,10786.565000000002,0.0,0,0,0,1.5,0,0.0,0,0,0.0,0,0.0,0,0,1016.2223999999998,64.0,2435.8475,2,0.0,0.0,NaN,1280.0,NaN,NaN,0,0,0.0,0,0.0,NaN,0,NaN,0,0,0,0.0,0.0,0.0,0.0,0.0,0.0,0.0,0.0,0,0,0,0,31,0.0,0,0,0.0,0,0.0,0.0,0.0,0.0,0.0,0.0,0.0,0.0,0.0,0.0,0.7132580522808896,118,7880.895199999998,10,2905.6697999999997,4,13157.724400000001,4,8141.3247,2,164.9304,969.2995,37.5,0,0,133,133,5 + government bonds,sumsy,3,3.637978807091713e-12
74,128,4,4,28587.179800000005,0.0,0.0,0.0,0.0,,0.0,0.0,0.0,0.0,0.0,0.0,0.0025,1013.2624,0.0,0.0,1.0,181.56379999999996,0.0,0.0,0.0,1.0,0.0,0.0,1.0,0.0,0,0,16.55089009773983,3.125360649377432,19.676250747117262,6.64178236255664,3.102375267826246,9.744157630382885,931.0470999999998,949.0556999999992,931.0470999999998,0.0,0,0,0.0,0.0,0.0,1.0,1.0,0.0,0.0,0.0,0.0,0.5,0.25,0.0,-141.32253866555297,0.0,0,640.0,508.51170000000013,0.0,244.67949999999985,0.0,0.0,0.0,0.0,0.0,0,165.1996,640.0,508.51170000000013,244.67949999999985,79.0,0.0,0.0,0.015,6.430220955882355,7.046516153846152,6.774589873417721,NaN,6.053829664014146,24.398272287343364,260.0,272.0,130.0,509.3333333333333,377.00000000000006,51.0,32,0,0,1,11,7.0,512.0,8615.265699999998,8093.7693,8221.5758,55,137,0,10,0.19011416678144344,0.3077369991569259,0.43362147223973335,0,2823.8355999999994,1749.0201000000004,11,0,158.0,0,0,0,0.0,0,0.0,10677.765699999993,0.0,0,0,0,1.5,0,0.0,0,0,0.0,0,0.0,0,0,1070.3852,64.0,2478.107,2,0.0,0.0,NaN,1280.0,NaN,NaN,0,0,0.0,0,0.0,NaN,0,NaN,0,0,0,0.0,0.0,0.0,0.0,0.0,0.0,0.0,0.0,0,0,0,0,32,0.0,0,0,0.0,0,0.0,0.0,0.0,0.0,0.0,0.0,0.0,0.0,0.0,0.0,0.7141124044228131,118,7811.244300000002,10,2866.5214000000005,4,13231.2693,4,8221.5758,2,165.1996,1013.2624,37.5,0,0,130,130,5 + government bonds,sumsy,3,3.637978807091713e-12
75,128,4,4,28715.896800000002,0.0,0.0,0.0,0.0,,0.0,0.0,0.0,0.0,0.0,0.0,0.0025,1058.4196,0.0,0.0,1.0,180.36790000000002,0.0,0.0,0.0,1.0,0.0,0.0,1.0,0.0,0,0,16.7553130948097,3.0692933805532676,19.82460647536297,6.959856541737504,3.0692933805532676,10.029149922290772,944.1616999999999,931.0470999999999,944.1616999999999,0.0,0,0,0.0,0.0,0.0,1.0,1.0,0.0,0.0,0.0,0.0,0.5,0.25,0.0,-141.32253866555297,0.0,0,640.0,511.28299999999996,0.0,245.60300000000007,0.0,0.0,0.0,0.0,0.0,0,165.3872,640.0,511.28299999999996,245.60300000000007,79.0,0.0,0.0,0.015,6.507099622641508,6.986178195488721,6.625064052287582,NaN,6.0221409864555975,24.08240429598685,266.0,265.0,133.0,510.66666666666663,383.0,51.0,32,0,0,1,9,8.0,512.0,8611.9584,8135.804999999999,8285.804,55,137,0,10,0.18236839718129683,0.3071906985756301,0.4263575857653148,0,2847.9662000000003,1724.3813999999998,9,0,153.0,0,0,0,0.0,0,0.0,10674.458400000003,0.0,0,0,0,1.5,0,0.0,0,0,0.0,0,0.0,0,0,1013.6348,64.0,2458.5226000000002,2,0.0,0.0,NaN,1280.0,NaN,NaN,0,0,0.0,0,0.0,NaN,0,NaN,0,0,0,0.0,0.0,0.0,0.0,0.0,0.0,0.0,0.0,0,0,0,0,32,0.0,0,0,0.0,0,0.0,0.0,0.0,0.0,0.0,0.0,0.0,0.0,0.0,0.0,0.7145811401405722,118,7804.173899999998,10,2870.2845,4,13273.305,4,8285.804,2,165.3872,1058.4196,37.5,0,0,133,133,5 + government bonds,sumsy,3,3.637978807091713e-12
76,128,4,4,28842.1276,0.0,0.0,0.0,0.0,,0.0,0.0,0.0,0.0,0.0,0.0,0.0025,1101.326,0.0,0.0,1.0,182.5239,0.0,0.0,0.0,1.0,0.0,0.0,1.0,0.0,0,0,16.41762170480382,3.079200058462883,19.496821763266706,7.238802296557793,2.94434084950919,10.183143146066984,949.4678000000016,944.1617,949.4678000000016,0.0,0,0,0.0,0.0,0.0,1.0,1.0,0.0,0.0,0.0,0.0,0.5,0.25,0.0,-141.32253866555297,0.0,0,640.0,513.7691999999997,0.0,246.39919999999992,0.0,0.0,0.0,0.0,0.0,0,165.4314,640.0,513.7691999999997,246.39919999999992,79.0,0.0,0.0,0.015,6.534763099630995,7.079301515151528,6.530652413793105,NaN,6.043935899602166,24.358831752557343,264.0,271.0,132.0,510.6666666666667,380.99999999999994,51.0,32,0,0,1,15,9.0,512.0,8624.847800000001,8193.3738,8378.4851,55,137,0,10,0.1855503686757809,0.30154363110555815,0.42683974086591125,0,2844.0824999999986,1770.9207999999996,15,0,145.0,0,0,0,0.0,0,0.0,10687.347799999998,0.0,0,0,0,1.5,0,0.0,0,0,0.0,0,0.0,0,0,946.9446000000002,64.0,2378.6634999999997,2,0.0,0.0,NaN,1280.0,NaN,NaN,0,0,0.0,0,0.0,NaN,0,NaN,0,0,0,0.0,0.0,0.0,0.0,0.0,0.0,0.0,0.0,0,0,0,0,32,0.0,0,0,0.0,0,0.0,0.0,0.0,0.0,0.0,0.0,0.0,0.0,0.0,0.0,0.713467998521411,118,7890.6445,10,2796.7033,4,13330.8738,4,8378.4851,2,165.4314,1101.326,37.5,0,0,132,132,5 + government bonds,sumsy,3,3.637978807091713e-12
77,128,4,4,28965.625499999987,0.0,0.0,0.0,0.0,,0.0,0.0,0.0,0.0,0.0,0.0,0.0025,1143.524,0.0,0.0,1.0,183.30039999999994,0.0,0.0,0.0,1.0,0.0,0.0,1.0,0.0,0,0,17.107892852212164,2.9983866063870885,20.106279458599253,7.439166740480217,2.9685291294614826,10.4076958699417,966.0958000000021,949.4678000000007,966.0958000000021,0.0,0,0,0.0,0.0,0.0,1.0,1.0,0.0,0.0,0.0,0.0,0.5,0.25,0.0,-141.32253866555297,0.0,0,640.0,516.5020999999998,0.0,247.33369999999996,0.0,0.0,0.0,0.0,0.0,0,165.3778,640.0,516.5020999999998,247.33369999999996,79.0,0.0,0.0,0.015,6.592235820895525,7.045154074074089,6.372319727891153,NaN,5.996740322854402,23.94537703386964,270.0,268.0,135.0,510.6666666666667,387.0,51.0,31,0,0,2,13,10.0,512.0,8668.5148,8238.5225,8448.9821,55,137,0,10,0.1968671982742649,0.3161756414220953,0.4181983670728038,0,2860.9912,1766.719200000001,13,0,147.0,0,0,0,0.0,0,0.0,10731.014800000003,0.0,0,0,0,1.5,0,0.0,0,0,0.0,0,0.0,0,0,936.7309999999994,64.0,2300.7043,2,0.0,0.0,NaN,1280.0,NaN,NaN,0,0,0.0,0,0.0,NaN,0,NaN,0,0,0,0.0,0.0,0.0,0.0,0.0,0.0,0.0,0.0,0,0,0,0,31,0.0,0,0,0.0,0,0.0,0.0,0.0,0.0,0.0,0.0,0.0,0.0,0.0,0.0,0.7174070928365863,118,7866.5942000000005,10,2864.4206,4,13376.022500000001,4,8448.9821,2,165.3778,1143.524,37.5,0,0,135,135,5 + government bonds,sumsy,3,3.637978807091713e-12
78,128,4,4,29086.8137,0.0,0.0,0.0,0.0,,0.0,0.0,0.0,0.0,0.0,0.0,0.0025,1184.0105,0.0,0.0,1.0,184.912,0.0,0.0,0.0,1.0,0.0,0.0,1.0,0.0,0,0,17.34358581801706,2.992686652882228,20.33627247089929,7.444381044297767,2.972043487333862,10.416424531631629,946.0546999999988,966.0958000000011,946.0546999999988,0.0,0,0,0.0,0.0,0.0,1.0,1.0,0.0,0.0,0.0,0.0,0.5,0.25,0.0,-141.32253866555297,0.0,0,640.0,518.8118,0.0,248.06999999999996,0.0,0.0,0.0,0.0,0.0,0,165.3662,640.0,518.8118,248.06999999999996,79.0,0.0,0.0,0.015,6.560322388059701,7.00041127819548,6.26306258064516,NaN,5.960394816647841,24.26270593268385,266.0,268.0,133.0,509.33333333333337,383.0,51.0,31,0,0,1,15,8.0,512.0,8649.652599999998,8308.6777,8497.565200000001,55,137,0,10,0.2029812276073375,0.32296592195904705,0.4362178077899763,0,2823.662799999999,1758.1663999999998,15,0,155.0,0,0,0,0.0,0,0.0,10712.152600000007,0.0,0,0,0,1.5,0,0.0,0,0,0.0,0,0.0,0,0,970.7746999999998,64.0,2281.5415,2,0.0,0.0,NaN,1280.0,NaN,NaN,0,0,0.0,0,0.0,NaN,0,NaN,0,0,0,0.0,0.0,0.0,0.0,0.0,0.0,0.0,0.0,0,0,0,0,31,0.0,0,0,0.0,0,0.0,0.0,0.0,0.0,0.0,0.0,0.0,0.0,0.0,0.0,0.7202603386387108,118,7774.8178,10,2937.3347999999996,4,13446.1777,4,8497.565200000001,2,165.3662,1184.0105,37.5,0,0,133,133,5 + government bonds,sumsy,3,3.637978807091713e-12
79,128,4,4,29205.281999999996,0.0,0.0,0.0,0.0,,0.0,0.0,0.0,0.0,0.0,0.0,0.0025,1225.4515,0.0,0.0,1.0,184.01690000000002,0.0,0.0,0.0,1.0,0.0,0.0,1.0,0.0,0,0,17.663691612072494,2.7366894982618954,20.40038111033439,7.513236534817884,2.7366894982618954,10.249926033079781,975.746099999999,946.0546999999993,975.746099999999,0.0,0,0,0.0,0.0,0.0,1.0,1.0,0.0,0.0,0.0,0.0,0.5,0.25,0.0,-141.32253866555297,0.0,0,640.0,521.5316999999999,0.0,248.99689999999998,0.0,0.0,0.0,0.0,0.0,0,165.2844,640.0,521.5316999999999,248.99689999999998,79.0,0.0,0.0,0.015,6.577629537366541,7.116637777777771,6.158794160583939,NaN,5.856988224767649,23.98488721689969,270.0,281.0,135.0,510.6666666666667,387.0,51.0,30,0,0,1,17,17.0,512.0,8651.045999999998,8351.6922,8647.9704,55,137,0,10,0.202529467426539,0.3257965406598342,0.40937448568193835,0,2807.1931,1848.313899999998,17,0,137.0,0,0,0,0.0,0,0.0,10713.545999999997,0.0,0,0,0,1.5,0,0.0,0,0,0.0,0,0.0,0,0,843.7547999999997,64.0,2163.8374999999996,2,0.0,0.0,NaN,1280.0,NaN,NaN,0,0,0.0,0,0.0,NaN,0,NaN,0,0,0,0.0,0.0,0.0,0.0,0.0,0.0,0.0,0.0,0,0,0,0,30,0.0,0,0,0.0,0,0.0,0.0,0.0,0.0,0.0,0.0,0.0,0.0,0.0,0.0,0.7216105877363859,118,7776.4048,10,2937.1412,4,13489.1922,4,8647.9704,2,165.2844,1225.4515,37.5,0,0,135,135,5 + government bonds,sumsy,3,3.637978807091713e-12
80,128,4,4,29321.53580000002,0.0,0.0,0.0,0.0,,0.0,0.0,0.0,0.0,0.0,0.0,0.0025,1266.2557,0.0,0.0,1.0,184.5027,0.0,0.0,0.0,1.0,0.0,0.0,1.0,0.0,0,0,17.36889396871388,2.929784712267929,20.298678680981812,7.23605782629156,2.922169156024188,10.158226982315748,958.7357999999992,975.7461000000004,958.7357999999992,0.0,0,0,0.0,0.0,0.0,1.0,1.0,0.0,0.0,0.0,0.0,0.5,0.25,0.0,-141.32253866555297,0.0,0,640.0,523.7461999999997,0.0,249.6834000000001,0.0,0.0,0.0,0.0,0.0,0,165.166,640.0,523.7461999999997,249.6834000000001,79.0,0.0,0.0,0.015,6.625581749049432,6.939233823529406,6.012075333333332,NaN,5.757382798259964,23.805430467912476,272.0,263.0,136.0,510.6666666666667,389.0,51.0,30,0,0,1,13,12.0,512.0,8672.735799999999,8423.9882,8664.788700000001,55,137,0,10,0.18879601261461287,0.3132711004645563,0.40107441807649136,0,2779.8926000000015,1742.5280000000005,13,0,150.0,0,0,0,0.0,0,0.0,10735.235799999997,0.0,0,0,0,1.5,0,0.0,0,0,0.0,0,0.0,0,0,901.8112999999997,64.0,2128.6014,2,0.0,0.0,NaN,1280.0,NaN,NaN,0,0,0.0,0,0.0,NaN,0,NaN,0,0,0,0.0,0.0,0.0,0.0,0.0,0.0,0.0,0.0,0,0,0,0,30,0.0,0,0,0.0,0,0.0,0.0,0.0,0.0,0.0,0.0,0.0,0.0,0.0,0.0,0.7182931597447235,118,7818.9472,10,2916.2886000000003,4,13561.4882,4,8664.788700000001,2,165.166,1266.2557,37.5,0,0,136,136,5 + government bonds,sumsy,3,3.637978807091713e-12
81,128,4,4,29435.49500000001,0.0,0.0,0.0,0.0,,0.0,0.0,0.0,0.0,0.0,0.0,0.0025,1305.6641,0.0,0.0,1.0,185.8478,0.0,0.0,0.0,1.0,0.0,0.0,1.0,0.0,0,0,16.82727593296812,3.1412933900984865,19.968569323066607,6.501019268468656,3.1412933900984865,9.642312658567143,939.2113999999997,958.735800000001,939.2113999999997,0.0,0,0,0.0,0.0,0.0,1.0,1.0,0.0,0.0,0.0,0.0,0.5,0.25,0.0,-141.32253866555297,0.0,0,640.0,526.0408000000001,0.0,250.4325,0.0,0.0,0.0,0.0,0.0,0,164.8848,640.0,526.0408000000001,250.4325,79.0,0.0,0.0,0.015,6.436016730038025,6.846010370370368,5.806764999999999,NaN,5.697598194816991,24.139126005790406,270.0,263.0,135.0,510.66666666666663,387.0,51.0,30,0,0,2,10,11.0,512.0,8682.130000000005,8487.000800000002,8653.4851,55,137,0,10,0.1765369264584269,0.3065039441504738,0.408046596212295,0,2745.089700000001,1692.6724000000006,10,0,160.0,0,0,0,0.0,0,0.0,10744.63,0.0,0,0,0,1.5,0,0.0,0,0,0.0,0,0.0,0,0,929.0823999999998,64.0,2142.3302,2,0.0,0.0,NaN,1280.0,NaN,NaN,0,0,0.0,0,0.0,NaN,0,NaN,0,0,0,0.0,0.0,0.0,0.0,0.0,0.0,0.0,0.0,0,0,0,0,30,0.0,0,0,0.0,0,0.0,0.0,0.0,0.0,0.0,0.0,0.0,0.0,0.0,0.0,0.7167135001365494,118,7837.647700000002,10,2906.9823,4,13624.500800000002,4,8653.4851,2,164.8848,1305.6641,37.5,0,0,135,135,5 + government bonds,sumsy,3,3.637978807091713e-12
82,128,4,4,29547.206600000016,0.0,0.0,0.0,0.0,,0.0,0.0,0.0,0.0,0.0,0.0,0.0025,1350.1571,0.0,0.0,1.0,180.5299,0.0,0.0,0.0,1.0,0.0,0.0,1.0,0.0,0,0,16.696100286332832,3.093378319305113,19.789478605637942,7.024050082897588,3.0786738109876057,10.102723893885194,899.5240000000001,939.211400000001,899.5240000000001,0.0,0,0,0.0,0.0,0.0,1.0,1.0,0.0,0.0,0.0,0.0,0.5,0.25,0.0,-141.32253866555297,0.0,0,640.0,528.2884000000006,0.0,251.10379999999995,0.0,0.0,0.0,0.0,0.0,0,164.647,640.0,528.2884000000006,251.10379999999995,79.0,0.0,0.0,0.015,6.299735249042147,6.700939393939395,5.713635000000001,NaN,5.5822879333619415,24.832045943991695,264.0,261.0,132.0,509.3333333333333,381.00000000000006,51.0,32,0,0,2,11,7.0,512.0,8676.9713,8552.2792,8637.477499999999,55,137,0,10,0.18513303345474408,0.3049635727150506,0.41711907975477613,0,2667.1198,1644.2309000000005,11,0,160.0,0,0,0,0.0,0,0.0,10739.471300000007,0.0,0,0,0,1.5,0,0.0,0,0,0.0,0,0.0,0,0,914.1816000000001,64.0,2165.6745,2,0.0,0.0,NaN,1280.0,NaN,NaN,0,0,0.0,0,0.0,NaN,0,NaN,0,0,0,0.0,0.0,0.0,0.0,0.0,0.0,0.0,0.0,0,0,0,0,32,0.0,0,0,0.0,0,0.0,0.0,0.0,0.0,0.0,0.0,0.0,0.0,0.0,0.0,0.7168196928189092,118,7922.251499999998,10,2817.2198,4,13689.779199999999,4,8637.477499999999,2,164.647,1350.1571,37.5,0,0,132,132,5 + government bonds,sumsy,3,3.637978807091713e-12
83,128,4,4,29656.673599999987,0.0,0.0,0.0,0.0,,0.0,0.0,0.0,0.0,0.0,0.0,0.0025,1398.1293,0.0,0.0,1.0,176.70739999999995,0.0,0.0,0.0,1.0,0.0,0.0,1.0,0.0,0,0,16.87266143702809,3.1811904627825123,20.053851899810603,7.294935988239009,3.1275886986245234,10.42252468686353,895.8139999999988,899.5240000000006,895.8139999999988,0.0,0,0,0.0,0.0,0.0,1.0,1.0,0.0,0.0,0.0,0.0,0.5,0.25,0.0,-141.32253866555297,0.0,0,640.0,530.533,0.0,251.73760000000007,0.0,0.0,0.0,0.0,0.0,0,164.4818,640.0,530.533,251.73760000000007,79.0,0.0,0.0,0.015,6.127124812030075,6.672833333333324,5.7029275,NaN,5.52576082345309,25.09609402806845,264.0,266.0,132.0,509.3333333333333,381.00000000000006,51.0,31,0,0,2,11,8.0,512.0,8666.722400000002,8588.8436,8653.1993,55,137,0,10,0.18897059829532536,0.303734566163667,0.4186806397488938,0,2645.7948,1629.8152,11,0,160.0,0,0,0,0.0,0,0.0,10729.222400000002,0.0,0,0,0,1.5,0,0.0,0,0,0.0,0,0.0,0,0,912.4684000000001,64.0,2185.2972,2,0.0,0.0,NaN,1280.0,NaN,NaN,0,0,0.0,0,0.0,NaN,0,NaN,0,0,0,0.0,0.0,0.0,0.0,0.0,0.0,0.0,0.0,0,0,0,0,31,0.0,0,0,0.0,0,0.0,0.0,0.0,0.0,0.0,0.0,0.0,0.0,0.0,0.0,0.7169432874281065,118,7933.419600000003,10,2795.8028,4,13726.3436,4,8653.1993,2,164.4818,1398.1293,37.5,0,0,132,132,5 + government bonds,sumsy,3,3.637978807091713e-12
84,128,4,4,29763.941199999994,0.0,0.0,0.0,0.0,,0.0,0.0,0.0,0.0,0.0,0.0,0.0025,1450.4428,0.0,0.0,1.0,171.8662,0.0,0.0,0.0,1.0,0.0,0.0,1.0,0.0,0,0,17.481422523335066,3.3387795839581167,20.820202107293184,7.553847327174081,3.241667276142718,10.7955146033168,887.8710000000011,895.8140000000002,887.8710000000011,0.0,0,0,0.0,0.0,0.0,1.0,1.0,0.0,0.0,0.0,0.0,0.5,0.25,0.0,-141.32253866555297,0.0,0,640.0,532.7323999999999,0.0,252.30379999999997,0.0,0.0,0.0,0.0,0.0,0,164.2618,640.0,532.7323999999999,252.30379999999997,79.0,0.0,0.0,0.015,6.0783815789473685,6.562939849624069,5.655743749999997,NaN,5.487296999941101,25.189410676749322,266.0,266.0,133.0,509.3333333333333,383.0,51.0,31,0,0,1,13,6.0,512.0,8673.111400000002,8625.6887,8664.2487,55,137,0,10,0.18240812381644256,0.30116366555983953,0.4173721522084166,0,2641.9831999999997,1616.8495,13,0,160.0,0,0,0,0.0,0,0.0,10735.611400000005,0.0,0,0,0,1.5,0,0.0,0,0,0.0,0,0.0,0,0,904.9189999999996,64.0,2186.1878,2,0.0,0.0,NaN,1280.0,NaN,NaN,0,0,0.0,0,0.0,NaN,0,NaN,0,0,0,0.0,0.0,0.0,0.0,0.0,0.0,0.0,0.0,0,0,0,0,31,0.0,0,0,0.0,0,0.0,0.0,0.0,0.0,0.0,0.0,0.0,0.0,0.0,0.0,0.7165690468436481,118,7930.8688999999995,10,2804.7425,4,13763.1887,4,8664.2487,2,164.2618,1450.4428,37.5,0,0,133,133,5 + government bonds,sumsy,3,3.637978807091713e-12
85,128,4,4,29869.056600000014,0.0,0.0,0.0,0.0,,0.0,0.0,0.0,0.0,0.0,0.0,0.0025,1503.5805,0.0,0.0,1.0,170.49810000000002,0.0,0.0,0.0,1.0,0.0,0.0,1.0,0.0,0,0,18.02270354500194,3.1642317025510693,21.18693524755301,7.557474763302145,3.1482399710529165,10.705714734355062,885.5270000000011,887.8710000000005,885.5270000000011,0.0,0,0,0.0,0.0,0.0,1.0,1.0,0.0,0.0,0.0,0.0,0.5,0.25,0.0,-141.32253866555297,0.0,0,640.0,534.8845999999999,0.0,252.83989999999997,0.0,0.0,0.0,0.0,0.0,0,164.069,640.0,534.8845999999999,252.83989999999997,79.0,0.0,0.0,0.015,6.02089811320755,6.545315789473692,5.758020000000001,NaN,5.478071026865472,25.3674156208425,266.0,265.0,133.0,510.6666666666667,383.0,51.0,32,0,0,3,11,7.0,512.0,8680.678800000003,8657.7873,8663.2008,55,137,0,10,0.1895385216375589,0.3094785957637143,0.43682201143574795,0,2638.292499999999,1595.5380000000007,11,0,160.0,0,0,0,0.0,0,0.0,10743.1788,0.0,0,0,0,1.5,0,0.0,0,0,0.0,0,0.0,0,0,921.2832000000002,64.0,2199.7402,2,0.0,0.0,NaN,1280.0,NaN,NaN,0,0,0.0,0,0.0,NaN,0,NaN,0,0,0,0.0,0.0,0.0,0.0,0.0,0.0,0.0,0.0,0,0,0,0,32,0.0,0,0,0.0,0,0.0,0.0,0.0,0.0,0.0,0.0,0.0,0.0,0.0,0.0,0.7190807512786657,118,7932.603700000002,10,2810.5751,4,13795.2873,4,8663.2008,2,164.069,1503.5805,37.5,0,0,133,133,5 + government bonds,sumsy,3,3.637978807091713e-12
86,128,4,4,29972.048500000004,0.0,0.0,0.0,0.0,,0.0,0.0,0.0,0.0,0.0,0.0,0.0025,1557.7165,0.0,0.0,1.0,168.8865,0.0,0.0,0.0,1.0,0.0,0.0,1.0,0.0,0,0,18.76316740569879,3.2415270079626857,22.004694413661475,7.647436909874718,3.2415270079626857,10.888963917837403,869.0352000000004,885.5269999999999,869.0352000000004,0.0,0,0,0.0,0.0,0.0,1.0,1.0,0.0,0.0,0.0,0.0,0.5,0.25,0.0,-141.32253866555297,0.0,0,640.0,537.0081000000004,0.0,253.34290000000001,0.0,0.0,0.0,0.0,0.0,0,163.9286,640.0,537.0081000000004,253.34290000000001,79.0,0.0,0.0,0.015,5.967522743682309,6.469963636363639,5.920795625000002,NaN,5.476565770976748,25.742896086270804,264.0,277.0,132.0,508.0,381.0,51.0,32,0,0,3,17,14.0,512.0,8595.832399999994,8693.204600000001,8731.288,55,137,0,10,0.19771894942513057,0.32178845790876265,0.4306014026212761,0,2628.5131,1653.0037999999997,17,0,160.0,0,0,0,0.0,0,0.0,10658.332400000003,0.0,0,0,0,1.5,0,0.0,0,0,0.0,0,0.0,0,0,947.3273000000004,64.0,2230.0784000000003,2,0.0,0.0,NaN,1280.0,NaN,NaN,0,0,0.0,0,0.0,NaN,0,NaN,0,0,0,0.0,0.0,0.0,0.0,0.0,0.0,0.0,0.0,0,0,0,0,32,0.0,0,0,0.0,0,0.0,0.0,0.0,0.0,0.0,0.0,0.0,0.0,0.0,0.0,0.7244286481954187,118,7794.516999999996,10,2863.8154000000004,4,13830.704600000001,4,8731.288,2,163.9286,1557.7165,37.5,0,0,132,132,5 + government bonds,sumsy,3,3.637978807091713e-12
87,128,4,4,30072.971999999994,0.0,0.0,0.0,0.0,,0.0,0.0,0.0,0.0,0.0,0.0,0.0025,1612.7014,0.0,0.0,1.0,167.38960000000003,0.0,0.0,0.0,1.0,0.0,0.0,1.0,0.0,0,0,18.891754236927767,3.1661585365428038,22.05791277347057,8.168903157717159,3.111332281641086,11.280235439358245,892.7625000000004,869.0352000000009,892.7625000000004,0.0,0,0,0.0,0.0,0.0,1.0,1.0,0.0,0.0,0.0,0.0,0.5,0.25,0.0,-141.32253866555297,0.0,0,640.0,539.0765000000001,0.0,253.8165000000001,0.0,0.0,0.0,0.0,0.0,0,163.8684,640.0,539.0765000000001,253.8165000000001,79.0,0.0,0.0,0.015,6.045811567164179,6.454136029411767,6.07779375,NaN,5.463971155853354,25.21050279771228,272.0,268.0,136.0,508.00000000000006,389.0,51.0,30,0,0,0,14,12.0,512.0,8558.656000000004,8696.9547,8771.3773,55,137,0,10,0.19194493855109984,0.31114340743606417,0.41329878695003,0,2668.1934,1620.2775000000001,14,0,160.0,0,0,0,0.0,0,0.0,10621.156,0.0,0,0,0,1.5,0,0.0,0,0,0.0,0,0.0,0,0,972.447,64.0,2269.4142,2,0.0,0.0,NaN,1280.0,NaN,NaN,0,0,0.0,0,0.0,NaN,0,NaN,0,0,0,0.0,0.0,0.0,0.0,0.0,0.0,0.0,0.0,0,0,0,0,30,0.0,0,0,0.0,0,0.0,0.0,0.0,0.0,0.0,0.0,0.0,0.0,0.0,0.0,0.7224022865378927,118,7774.653400000004,10,2846.5026,4,13834.4547,4,8771.3773,2,163.8684,1612.7014,37.5,0,0,136,136,5 + government bonds,sumsy,3,3.637978807091713e-12
88,128,4,4,30171.877299999996,0.0,0.0,0.0,0.0,,0.0,0.0,0.0,0.0,0.0,0.0,0.0025,1664.9176,0.0,0.0,1.0,169.5852,0.0,0.0,0.0,1.0,0.0,0.0,1.0,0.0,0,0,18.81026652248434,3.1833328835053543,21.99359940598969,7.480791179763486,3.1765551461211006,10.657346325884587,886.0977000000007,892.7625000000012,886.0977000000007,0.0,0,0,0.0,0.0,0.0,1.0,1.0,0.0,0.0,0.0,0.0,0.5,0.25,0.0,-141.32253866555297,0.0,0,640.0,541.0946999999996,0.0,254.29849999999988,0.0,0.0,0.0,0.0,0.0,0,163.7986,640.0,541.0946999999996,254.29849999999988,79.0,0.0,0.0,0.015,6.037711494252874,6.452575555555561,6.216396875000002,NaN,5.5596698048035,25.502314639528883,270.0,261.0,135.0,512.0,387.0,51.0,31,0,0,0,15,2.0,512.0,8569.5081,8725.982499999998,8738.973399999999,55,137,0,10,0.1869235529144615,0.31392009619224703,0.42015922791068583,0,2694.0762,1575.8427000000001,15,0,160.0,0,0,0,0.0,0,0.0,10632.0081,0.0,0,0,0,1.5,0,0.0,0,0,0.0,0,0.0,0,0,994.6235000000003,64.0,2308.6971000000003,2,0.0,0.0,NaN,1280.0,NaN,NaN,0,0,0.0,0,0.0,NaN,0,NaN,0,0,0,0.0,0.0,0.0,0.0,0.0,0.0,0.0,0.0,0,0,0,0,31,0.0,0,0,0.0,0,0.0,0.0,0.0,0.0,0.0,0.0,0.0,0.0,0.0,0.0,0.7232750804400108,118,7729.5774,10,2902.4307000000003,4,13863.482499999998,4,8738.973399999999,2,163.7986,1664.9176,37.5,0,0,135,135,5 + government bonds,sumsy,3,3.637978807091713e-12
89,128,4,4,30268.487000000023,0.0,0.0,0.0,0.0,,0.0,0.0,0.0,0.0,0.0,0.0,0.0025,1716.9105,0.0,0.0,1.0,169.35819999999995,0.0,0.0,0.0,1.0,0.0,0.0,1.0,0.0,0,0,18.915269232431342,2.9398874597748192,21.855156692206165,7.4611528729749095,2.9378757449292663,10.399028617904175,892.2649999999988,886.0977000000013,892.2649999999988,0.0,0,0,0.0,0.0,0.0,1.0,1.0,0.0,0.0,0.0,0.0,0.5,0.25,0.0,-141.32253866555297,0.0,0,640.0,543.3902999999998,0.0,254.91359999999986,0.0,0.0,0.0,0.0,0.0,0,163.7442,640.0,543.3902999999998,254.91359999999986,79.0,0.0,0.0,0.015,6.046726353790611,6.4982592592592505,6.334281874999998,NaN,5.64578374008732,25.72325600628627,270.0,277.0,135.0,512.0,387.0,51.0,31,0,0,1,14,10.0,512.0,8497.4867,8741.664,8803.294800000001,55,137,0,10,0.19019444366635452,0.3196386733937602,0.4214309141828705,0,2728.5773,1674.9431999999993,14,0,160.0,0,0,0,0.0,0,0.0,10559.986699999992,0.0,0,0,0,1.5,0,0.0,0,0,0.0,0,0.0,0,0,1013.4850999999996,64.0,2345.3868,2,0.0,0.0,NaN,1280.0,NaN,NaN,0,0,0.0,0,0.0,NaN,0,NaN,0,0,0,0.0,0.0,0.0,0.0,0.0,0.0,0.0,0.0,0,0,0,0,31,0.0,0,0,0.0,0,0.0,0.0,0.0,0.0,0.0,0.0,0.0,0.0,0.0,0.0,0.7264306966195706,118,7630.465999999999,10,2929.5206999999996,4,13879.164,4,8803.294800000001,2,163.7442,1716.9105,37.5,0,0,135,135,5 + government bonds,sumsy,3,3.637978807091713e-12
90,128,4,4,30363.34280000003,0.0,0.0,0.0,0.0,,0.0,0.0,0.0,0.0,0.0,0.0,0.0025,1767.9696,0.0,0.0,1.0,169.6107,0.0,0.0,0.0,1.0,0.0,0.0,1.0,0.0,0,0,18.474101204423857,3.197836511250514,21.671937715674368,7.853716258741013,3.166105419161495,11.019821677902508,911.1278999999993,892.2649999999999,911.1278999999993,0.0,0,0,0.0,0.0,0.0,1.0,1.0,0.0,0.0,0.0,0.0,0.5,0.25,0.0,-141.32253866555297,0.0,0,640.0,545.1442000000002,0.0,255.2713999999999,0.0,0.0,0.0,0.0,0.0,0,163.899,640.0,545.1442000000002,255.2713999999999,79.0,0.0,0.0,0.015,6.170404182509506,6.637984444444439,6.542125625,NaN,5.693825256392301,25.766131832922593,270.0,263.0,135.0,510.66666666666663,387.0,51.0,31,0,0,0,11,6.0,512.0,8464.239099999997,8756.925299999999,8809.0704,55,137,0,10,0.19509186827333935,0.3177225775899346,0.424764401639538,0,2748.0429000000013,1622.8163,11,0,160.0,0,0,0,0.0,0,0.0,10526.739099999997,0.0,0,0,0,1.5,0,0.0,0,0,0.0,0,0.0,0,0,1046.7401,64.0,2401.2394,2,0.0,0.0,NaN,1280.0,NaN,NaN,0,0,0.0,0,0.0,NaN,0,NaN,0,0,0,0.0,0.0,0.0,0.0,0.0,0.0,0.0,0.0,0,0,0,0,31,0.0,0,0,0.0,0,0.0,0.0,0.0,0.0,0.0,0.0,0.0,0.0,0.0,0.0,0.7267716873132479,118,7630.643299999996,10,2896.0957999999996,4,13894.425299999999,4,8809.0704,2,163.899,1767.9696,37.5,0,0,135,135,5 + government bonds,sumsy,3,3.637978807091713e-12
91,128,4,4,30456.40609999999,0.0,0.0,0.0,0.0,,0.0,0.0,0.0,0.0,0.0,0.0,0.0025,1815.0068,0.0,0.0,1.0,173.07999999999998,0.0,0.0,0.0,1.0,0.0,0.0,1.0,0.0,0,0,18.064044193750373,3.054086805758606,21.118130999508978,7.5541604242148495,3.054086805758606,10.608247229973454,913.6482999999988,911.1279000000017,913.6482999999988,0.0,0,0,0.0,0.0,0.0,1.0,1.0,0.0,0.0,0.0,0.0,0.5,0.25,0.0,-141.32253866555297,0.0,0,640.0,546.9366999999997,0.0,255.6850000000001,0.0,0.0,0.0,0.0,0.0,0,164.081,640.0,546.9366999999997,255.6850000000001,79.0,0.0,0.0,0.015,6.234204089219331,6.756754135338337,6.726400680272111,NaN,5.835323335037574,26.269249863365623,266.0,269.0,133.0,512.0,383.0,51.0,32,0,0,1,14,6.0,512.0,8466.304500000004,8791.3522,8844.1274,55,137,0,10,0.19828428989073643,0.32400894397305535,0.4279799632337311,0,2779.541600000002,1677.0009,14,0,147.0,0,0,0,0.0,0,0.0,10528.804499999995,0.0,0,0,0,1.5,0,0.0,0,0,0.0,0,0.0,0,0,988.7809000000003,64.0,2375.5342,2,0.0,0.0,NaN,1280.0,NaN,NaN,0,0,0.0,0,0.0,NaN,0,NaN,0,0,0,0.0,0.0,0.0,0.0,0.0,0.0,0.0,0.0,0,0,0,0,32,0.0,0,0,0.0,0,0.0,0.0,0.0,0.0,0.0,0.0,0.0,0.0,0.0,0.0,0.728685638896279,118,7631.853100000001,10,2896.9514,4,13928.852200000001,4,8844.1274,2,164.081,1815.0068,37.5,0,0,133,133,5 + government bonds,sumsy,3,3.637978807091713e-12
92,128,4,4,30547.55540000002,0.0,0.0,0.0,0.0,,0.0,0.0,0.0,0.0,0.0,0.0,0.0025,1859.8358,0.0,0.0,1.0,174.8689,0.0,0.0,0.0,1.0,0.0,0.0,1.0,0.0,0,0,17.282375152342127,3.1386246974033782,20.420999849745506,6.964410087445621,3.1288337985709167,10.093243886016538,930.6235000000013,913.6482999999984,930.6235000000013,0.0,0,0,0.0,0.0,0.0,1.0,1.0,0.0,0.0,0.0,0.0,0.5,0.25,0.0,-141.32253866555297,0.0,0,640.0,548.8506999999997,0.0,256.1828,0.0,0.0,0.0,0.0,0.0,0,164.2316,640.0,548.8506999999997,256.1828,79.0,0.0,0.0,0.015,6.333712734082396,6.833011194029861,6.908921052631576,NaN,5.867823700526251,26.139232461692878,268.0,267.0,134.0,510.6666666666667,385.0,51.0,31,0,0,0,12,5.0,512.0,8418.493400000003,8811.6641,8882.6937,55,137,0,10,0.18531217329368044,0.3130003558691774,0.4249501233692927,0,2804.668,1691.1012999999998,12,0,152.0,0,0,0,0.0,0,0.0,10480.993399999998,0.0,0,0,0,1.5,0,0.0,0,0,0.0,0,0.0,0,0,1050.1559999999995,64.0,2410.6368,2,0.0,0.0,NaN,1280.0,NaN,NaN,0,0,0.0,0,0.0,NaN,0,NaN,0,0,0,0.0,0.0,0.0,0.0,0.0,0.0,0.0,0.0,0,0,0,0,31,0.0,0,0,0.0,0,0.0,0.0,0.0,0.0,0.0,0.0,0.0,0.0,0.0,0.0,0.7269436008649917,118,7633.618200000002,10,2847.3752,4,13949.1641,4,8882.6937,2,164.2316,1859.8358,37.5,0,0,134,134,5 + government bonds,sumsy,3,3.637978807091713e-12
93,128,4,4,30636.9011,0.0,0.0,0.0,0.0,,0.0,0.0,0.0,0.0,0.0,0.0,0.0025,1901.482,0.0,0.0,1.0,177.66100000000003,0.0,0.0,0.0,1.0,0.0,0.0,1.0,0.0,0,0,17.12928661658803,3.066593015223503,20.195879631811533,6.840086395861589,3.0451218318273066,9.885208227688896,937.563999999999,930.6235,937.563999999999,0.0,0,0,0.0,0.0,0.0,1.0,1.0,0.0,0.0,0.0,0.0,0.5,0.25,0.0,-141.32253866555297,0.0,0,640.0,550.6543,0.0,256.6537000000001,0.0,0.0,0.0,0.0,0.0,0,164.531,640.0,550.6543,256.6537000000001,79.0,0.0,0.0,0.015,6.364802554744523,6.884805970149246,7.024429496402879,NaN,5.898910499197428,26.067218894538353,268.0,274.0,134.0,512.0,385.0,51.0,31,0,0,0,13,10.0,512.0,8404.065600000002,8842.4904,8952.3603,55,137,0,10,0.17972605481417236,0.30746542068321836,0.42706657220191957,0,2816.9760999999994,1743.9558999999995,13,0,139.0,0,0,0,0.0,0,0.0,10466.565600000007,0.0,0,0,0,1.5,0,0.0,0,0,0.0,0,0.0,0,0,976.3957000000003,64.0,2371.9718000000003,2,0.0,0.0,NaN,1280.0,NaN,NaN,0,0,0.0,0,0.0,NaN,0,NaN,0,0,0,0.0,0.0,0.0,0.0,0.0,0.0,0.0,0.0,0,0,0,0,31,0.0,0,0,0.0,0,0.0,0.0,0.0,0.0,0.0,0.0,0.0,0.0,0.0,0.0,0.7260932531961404,118,7646.2089000000005,10,2820.3567000000003,4,13979.9904,4,8952.3603,2,164.531,1901.482,37.5,0,0,134,134,5 + government bonds,sumsy,3,3.637978807091713e-12
94,128,4,4,30724.387099999985,0.0,0.0,0.0,0.0,,0.0,0.0,0.0,0.0,0.0,0.0,0.0025,1941.9643,0.0,0.0,1.0,178.5331,0.0,0.0,0.0,1.0,0.0,0.0,1.0,0.0,0,0,16.62820691385955,3.0736405750768228,19.701847488936373,6.813983806321286,3.010920036188107,9.824903842509393,949.1518000000012,937.5639999999993,949.1518000000012,0.0,0,0,0.0,0.0,0.0,1.0,1.0,0.0,0.0,0.0,0.0,0.5,0.25,0.0,-141.32253866555297,0.0,0,640.0,552.5139999999998,0.0,257.1764999999999,0.0,0.0,0.0,0.0,0.0,0,164.7242,640.0,552.5139999999998,257.1764999999999,79.0,0.0,0.0,0.015,6.437538910505836,6.919642962962972,7.0197804054054025,NaN,5.922905714885236,25.991775641711143,270.0,257.0,135.0,512.0,387.0,51.0,31,0,0,1,8,4.0,512.0,8436.579099999997,8871.678,8919.0805,55,137,0,10,0.1868028252966598,0.3015150269673421,0.43804528588071934,0,2837.3138999999983,1654.4474999999998,8,0,148.0,0,0,0,0.0,0,0.0,10499.079099999995,0.0,0,0,0,1.5,0,0.0,0,0,0.0,0,0.0,0,0,1038.9274999999996,64.0,2390.361,2,0.0,0.0,NaN,1280.0,NaN,NaN,0,0,0.0,0,0.0,NaN,0,NaN,0,0,0,0.0,0.0,0.0,0.0,0.0,0.0,0.0,0.0,0,0,0,0,31,0.0,0,0,0.0,0,0.0,0.0,0.0,0.0,0.0,0.0,0.0,0.0,0.0,0.0,0.724037818225276,118,7791.7242,10,2707.3549,4,14009.178,4,8919.0805,2,164.7242,1941.9643,37.5,0,0,135,135,5 + government bonds,sumsy,3,3.637978807091713e-12
95,128,4,4,30809.9923,0.0,0.0,0.0,0.0,,0.0,0.0,0.0,0.0,0.0,0.0,0.0025,1980.1501,0.0,0.0,1.0,180.5731,0.0,0.0,0.0,1.0,0.0,0.0,1.0,0.0,0,0,16.720682205435306,2.9797483821870814,19.700430587622385,6.905677154364919,2.8564266481245713,9.762103802489491,929.6298000000008,949.1518000000009,929.6298000000008,0.0,0,0,0.0,0.0,0.0,1.0,1.0,0.0,0.0,0.0,0.0,0.5,0.25,0.0,-141.32253866555297,0.0,0,640.0,554.3947999999998,0.0,257.7183,0.0,0.0,0.0,0.0,0.0,0,164.843,640.0,554.3947999999998,257.7183,79.0,0.0,0.0,0.015,6.39738178571429,6.929013636363643,6.999870503597123,NaN,5.952782151635215,26.533782766658135,264.0,280.0,132.0,510.6666666666667,381.00000000000006,51.0,32,0,0,0,18,10.0,512.0,8375.786300000002,8920.5897,9012.8635,55,137,0,10,0.19785587165932728,0.313420192579289,0.4428635809265764,0,2814.3078000000014,1791.2669000000012,18,0,139.0,0,0,0,0.0,0,0.0,10438.286300000003,0.0,0,0,0,1.5,0,0.0,0,0,0.0,0,0.0,0,0,972.9820000000001,64.0,2355.7597,2,0.0,0.0,NaN,1280.0,NaN,NaN,0,0,0.0,0,0.0,NaN,0,NaN,0,0,0,0.0,0.0,0.0,0.0,0.0,0.0,0.0,0.0,0,0,0,0,32,0.0,0,0,0.0,0,0.0,0.0,0.0,0.0,0.0,0.0,0.0,0.0,0.0,0.0,0.7287430821125591,118,7701.694899999999,10,2736.5914000000002,4,14058.0897,4,9012.8635,2,164.843,1980.1501,37.5,0,0,132,132,5 + government bonds,sumsy,3,3.637978807091713e-12
96,128,4,4,30894.052600000014,0.0,0.0,0.0,0.0,,0.0,0.0,0.0,0.0,0.0,0.0,0.0025,2019.0428,0.0,0.0,1.0,179.4461,0.0,0.0,0.0,1.0,0.0,0.0,1.0,0.0,0,0,17.057823238874192,3.134409678251914,20.192232917126105,6.58854751177676,3.0909243404980344,9.679471852274794,963.4185000000019,929.6298000000014,963.4185000000019,0.0,0,0,0.0,0.0,0.0,1.0,1.0,0.0,0.0,0.0,0.0,0.5,0.25,0.0,-141.32253866555297,0.0,0,640.0,555.9397,0.0,258.09280000000007,0.0,0.0,0.0,0.0,0.0,0,164.9666,640.0,555.9397,258.09280000000007,79.0,0.0,0.0,0.015,6.519336121673002,6.973665441176485,6.929947445255475,NaN,5.878526115910772,25.87339734085409,272.0,263.0,136.0,512.0,389.0,51.0,30,0,0,1,10,8.0,512.0,8432.507900000002,8930.7166,9043.1733,55,137,0,10,0.18672151912911317,0.31205268859599955,0.4334320495153765,0,2832.0552,1714.5853999999997,10,0,137.0,0,0,0,0.0,0,0.0,10495.007899999999,0.0,0,0,0,1.5,0,0.0,0,0,0.0,0,0.0,0,0,949.4028000000001,64.0,2303.6454,2,0.0,0.0,NaN,1280.0,NaN,NaN,0,0,0.0,0,0.0,NaN,0,NaN,0,0,0,0.0,0.0,0.0,0.0,0.0,0.0,0.0,0.0,0,0,0,0,30,0.0,0,0,0.0,0,0.0,0.0,0.0,0.0,0.0,0.0,0.0,0.0,0.0,0.0,0.7276930376408581,118,7706.842500000001,10,2788.1654,4,14068.2166,4,9043.1733,2,164.9666,2019.0428,37.5,0,0,136,136,5 + government bonds,sumsy,3,3.637978807091713e-12
97,128,4,4,30976.428100000026,0.0,0.0,0.0,0.0,,0.0,0.0,0.0,0.0,0.0,0.0,0.0025,2054.288,0.0,0.0,1.0,182.8669,0.0,0.0,0.0,1.0,0.0,0.0,1.0,0.0,0,0,17.024625172673506,3.1119154923579604,20.136540665031468,6.462135688223028,3.0924302615215766,9.554565949744605,931.6323999999997,963.4185000000007,931.6323999999997,0.0,0,0,0.0,0.0,0.0,1.0,1.0,0.0,0.0,0.0,0.0,0.5,0.25,0.0,-141.32253866555297,0.0,0,640.0,557.6245000000004,0.0,258.5787000000002,0.0,0.0,0.0,0.0,0.0,0,165.0254,640.0,557.6245000000004,258.5787000000002,79.0,0.0,0.0,0.015,6.439553461538459,6.891972932330825,6.834720945945945,NaN,5.9342907177012885,26.4137208756615,266.0,260.0,133.0,510.6666666666667,383.00000000000006,51.0,31,0,0,2,8,6.0,512.0,8452.852200000001,8987.4815,9001.2264,55,137,0,10,0.18884596654251262,0.3190307792305809,0.43795078689297884,0,2817.7221000000013,1674.2838999999994,8,0,148.0,0,0,0,0.0,0,0.0,10515.352199999996,0.0,0,0,0,1.5,0,0.0,0,0,0.0,0,0.0,0,0,1011.5386999999998,64.0,2315.5546,2,0.0,0.0,NaN,1280.0,NaN,NaN,0,0,0.0,0,0.0,NaN,0,NaN,0,0,0,0.0,0.0,0.0,0.0,0.0,0.0,0.0,0.0,0,0,0,0,31,0.0,0,0,0.0,0,0.0,0.0,0.0,0.0,0.0,0.0,0.0,0.0,0.0,0.0,0.7295608414922548,118,7659.561499999999,10,2855.7907,4,14124.9815,4,9001.2264,2,165.0254,2054.288,37.5,0,0,133,133,5 + government bonds,sumsy,3,3.637978807091713e-12
98,128,4,4,31057.150299999987,0.0,0.0,0.0,0.0,,0.0,0.0,0.0,0.0,0.0,0.0,0.0025,2091.4641,0.0,0.0,1.0,180.6293,0.0,0.0,0.0,1.0,0.0,0.0,1.0,0.0,0,0,17.45059186198948,3.1030054102533047,20.553597272242786,6.556537992152944,3.1030054102533047,9.659543402406248,922.2355999999996,931.6323999999987,922.2355999999996,0.0,0,0,0.0,0.0,0.0,1.0,1.0,0.0,0.0,0.0,0.0,0.5,0.25,0.0,-141.32253866555297,0.0,0,640.0,559.2778,0.0,259.0273999999999,0.0,0.0,0.0,0.0,0.0,0,164.9486,640.0,559.2778,259.0273999999999,79.0,0.0,0.0,0.015,6.353319083969467,6.9254625954198445,6.744245833333333,NaN,5.865959739479739,26.914952698458087,262.0,262.0,131.0,509.33333333333337,379.0,51.0,32,0,0,1,8,5.0,512.0,8473.020199999997,9019.571100000001,8997.4096,55,137,0,10,0.18252531631961655,0.31653790173668894,0.4286849256122438,0,2767.6721,1664.5696000000003,8,0,144.0,0,0,0,0.0,0,0.0,10535.520199999997,0.0,0,0,0,1.5,0,0.0,0,0,0.0,0,0.0,0,0,971.1714,64.0,2310.7367000000004,2,0.0,0.0,NaN,1280.0,NaN,NaN,0,0,0.0,0,0.0,NaN,0,NaN,0,0,0,0.0,0.0,0.0,0.0,0.0,0.0,0.0,0.0,0,0,0,0,32,0.0,0,0,0.0,0,0.0,0.0,0.0,0.0,0.0,0.0,0.0,0.0,0.0,0.0,0.7287763326253238,118,7693.0743999999995,10,2842.4458,4,14157.071100000001,4,8997.4096,2,164.9486,2091.4641,37.5,0,0,131,131,5 + government bonds,sumsy,3,3.637978807091713e-12
99,128,4,4,31136.2516,0.0,0.0,0.0,0.0,,0.0,0.0,0.0,0.0,0.0,0.0,0.0025,2130.6714,0.0,0.0,1.0,178.2106,0.0,0.0,0.0,1.0,0.0,0.0,1.0,0.0,0,0,17.587715004989416,2.9676499281532913,20.55536493314271,7.0501907658754055,2.9676499281532913,10.017840694028697,908.4345000000003,922.2355999999997,908.4345000000003,0.0,0,0,0.0,0.0,0.0,1.0,1.0,0.0,0.0,0.0,0.0,0.5,0.25,0.0,-141.32253866555297,0.0,0,640.0,560.8986999999998,0.0,259.4389,0.0,0.0,0.0,0.0,0.0,0,165.0612,640.0,560.8986999999998,259.4389,79.0,0.0,0.0,0.015,6.3049776515151486,6.820110687022903,6.623837500000005,NaN,5.878839402740592,27.06581787248271,262.0,264.0,131.0,510.6666666666667,379.00000000000006,51.0,32,0,0,1,9,5.0,512.0,8462.790200000001,9048.661,9002.582499999999,55,137,0,10,0.19206803574369524,0.3184143329190585,0.44723933818113903,0,2772.7651999999994,1664.5140999999992,9,0,152.0,0,0,0,0.0,0,0.0,10525.290200000009,0.0,0,0,0,1.5,0,0.0,0,0,0.0,0,0.0,0,0,1006.8233000000007,64.0,2326.4853000000003,2,0.0,0.0,NaN,1280.0,NaN,NaN,0,0,0.0,0,0.0,NaN,0,NaN,0,0,0,0.0,0.0,0.0,0.0,0.0,0.0,0.0,0.0,0,0,0,0,32,0.0,0,0,0.0,0,0.0,0.0,0.0,0.0,0.0,0.0,0.0,0.0,0.0,0.0,0.7295598593153569,118,7746.784600000001,10,2778.5056,4,14186.161,4,9002.582499999999,2,165.0612,2130.6714,37.5,0,0,131,131,5 + government bonds,sumsy,3,3.637978807091713e-12
100,128,4,4,31213.7603,0.0,0.0,0.0,0.0,,0.0,0.0,0.0,0.0,0.0,0.0,0.0025,2170.7984,0.0,0.0,1.0,176.8552,0.0,0.0,0.0,1.0,0.0,0.0,1.0,0.0,0,0,17.751182300449862,3.025375208481379,20.776557508931244,7.095977082856981,3.025375208481379,10.12135229133836,930.8453999999996,908.4345000000001,930.8453999999996,0.0,0,0,0.0,0.0,0.0,1.0,1.0,0.0,0.0,0.0,0.0,0.5,0.25,0.0,-141.32253866555297,0.0,0,640.0,562.4913,0.0,259.82519999999994,0.0,0.0,0.0,0.0,0.0,0,165.0066,640.0,562.4913,259.82519999999994,79.0,0.0,0.0,0.015,6.321410486891386,6.938222727272724,6.403213907284766,NaN,5.78829227416884,26.842002433043213,264.0,267.0,132.0,510.66666666666663,381.0,51.0,32,0,0,3,13,6.0,512.0,8446.944999999998,9059.8224,9043.7162,55,137,0,10,0.18880846177967303,0.31611845032611097,0.42751699770577334,0,2750.351599999999,1687.8166,13,0,151.0,0,0,0,0.0,0,0.0,10509.444999999998,0.0,0,0,0,1.5,0,0.0,0,0,0.0,0,0.0,0,0,966.8852999999996,64.0,2327.4717,2,0.0,0.0,NaN,1280.0,NaN,NaN,0,0,0.0,0,0.0,NaN,0,NaN,0,0,0,0.0,0.0,0.0,0.0,0.0,0.0,0.0,0.0,0,0,0,0,32,0.0,0,0,0.0,0,0.0,0.0,0.0,0.0,0.0,0.0,0.0,0.0,0.0,0.0,0.7295692103346392,118,7701.073599999997,10,2808.3713999999995,4,14197.3224,4,9043.7162,2,165.0066,2170.7984,37.5,0,0,132,132,5 + government bonds,sumsy,3,3.637978807091713e-12
101,128,4,4,31289.475499999997,0.0,0.0,0.0,0.0,,0.0,0.0,0.0,0.0,0.0,0.0,0.0025,2210.156,0.0,0.0,1.0,177.31550000000001,0.0,0.0,0.0,1.0,0.0,0.0,1.0,0.0,0,0,17.63367773944889,3.0369725300722834,20.670650269521172,6.690026527125681,3.0369725300722834,9.726999057197965,907.1802000000005,930.8453999999979,907.1802000000005,0.0,0,0,0.0,0.0,0.0,1.0,1.0,0.0,0.0,0.0,0.0,0.5,0.25,0.0,-141.32253866555297,0.0,0,640.0,564.2848000000001,0.0,260.3190999999998,0.0,0.0,0.0,0.0,0.0,0,164.9972,640.0,564.2848000000001,260.3190999999998,79.0,0.0,0.0,0.015,6.340921509433961,6.708121804511282,6.314923809523811,NaN,5.733987721907677,26.64570728299368,266.0,265.0,133.0,508.0,382.99999999999994,51.0,30,0,0,1,11,5.0,512.0,8466.962000000001,9093.322499999998,9056.949799999999,55,137,0,10,0.1851495393580953,0.31563198634934975,0.4248310497662169,0,2740.4755,1680.3441999999995,11,0,147.0,0,0,0,0.0,0,0.0,10529.461999999994,0.0,0,0,0,1.5,0,0.0,0,0,0.0,0,0.0,0,0,928.2938000000003,64.0,2297.0879999999997,2,0.0,0.0,NaN,1280.0,NaN,NaN,0,0,0.0,0,0.0,NaN,0,NaN,0,0,0,0.0,0.0,0.0,0.0,0.0,0.0,0.0,0.0,0,0,0,0,30,0.0,0,0,0.0,0,0.0,0.0,0.0,0.0,0.0,0.0,0.0,0.0,0.0,0.0,0.7293079752856366,118,7686.968099999999,10,2842.4939000000004,4,14230.822499999998,4,9056.949799999999,2,164.9972,2210.156,37.5,0,0,133,133,5 + government bonds,sumsy,3,3.637978807091713e-12
102,128,4,4,31363.84580000001,0.0,0.0,0.0,0.0,,0.0,0.0,0.0,0.0,0.0,0.0,0.0025,2248.4679,0.0,0.0,1.0,177.86249999999998,0.0,0.0,0.0,1.0,0.0,0.0,1.0,0.0,0,0,17.656182183937723,3.0196593741833473,20.67584155812107,6.578945483083397,3.0196593741833473,9.598604857266745,917.6044999999996,907.1801999999999,917.6044999999996,0.0,0,0,0.0,0.0,0.0,1.0,1.0,0.0,0.0,0.0,0.0,0.5,0.25,0.0,-141.32253866555297,0.0,0,640.0,565.6296999999998,0.0,260.60150000000004,0.0,0.0,0.0,0.0,0.0,0,164.8078,640.0,565.6296999999998,260.60150000000004,79.0,0.0,0.0,0.015,6.265255094339623,6.786499999999997,6.238067500000001,NaN,5.787639638832765,26.90020306206815,266.0,265.0,133.0,510.6666666666667,383.00000000000006,51.0,31,0,0,3,11,6.0,512.0,8458.3183,9105.7392,9068.4738,55,137,0,10,0.18064669166786418,0.3141303654732115,0.43921879781957207,0,2761.3819000000008,1660.2926,11,0,160.0,0,0,0,0.0,0,0.0,10520.818299999997,0.0,0,0,0,1.5,0,0.0,0,0,0.0,0,0.0,0,0,998.0908000000002,64.0,2318.0388000000003,2,0.0,0.0,NaN,1280.0,NaN,NaN,0,0,0.0,0,0.0,NaN,0,NaN,0,0,0,0.0,0.0,0.0,0.0,0.0,0.0,0.0,0.0,0,0,0,0,31,0.0,0,0,0.0,0,0.0,0.0,0.0,0.0,0.0,0.0,0.0,0.0,0.0,0.0,0.7292542840173979,118,7659.526999999998,10,2861.2913000000003,4,14243.2392,4,9068.4738,2,164.8078,2248.4679,37.5,0,0,133,133,5 + government bonds,sumsy,3,3.637978807091713e-12
103,128,4,4,31436.7774,0.0,0.0,0.0,0.0,,0.0,0.0,0.0,0.0,0.0,0.0,0.0025,2288.3918,0.0,0.0,1.0,175.74090000000007,0.0,0.0,0.0,1.0,0.0,0.0,1.0,0.0,0,0,17.40315534651033,2.9954142860583266,20.39856963256866,7.033198800667379,2.9954142860583266,10.028613086725706,913.5215000000003,917.6044999999989,913.5215000000003,0.0,0,0,0.0,0.0,0.0,1.0,1.0,0.0,0.0,0.0,0.0,0.5,0.25,0.0,-141.32253866555297,0.0,0,640.0,567.0684000000001,0.0,260.91099999999994,0.0,0.0,0.0,0.0,0.0,0,164.647,640.0,567.0684000000001,260.91099999999994,79.0,0.0,0.0,0.015,6.240604832713753,6.806981060606063,6.0815303797468365,NaN,5.77387201766289,27.161055188149287,264.0,269.0,132.0,508.00000000000006,381.0,51.0,31,0,0,0,12,7.0,512.0,8451.923000000004,9131.2022,9093.868900000001,55,137,0,10,0.18479681192079012,0.3132950998000561,0.4254218492602686,0,2744.7546999999995,1678.7226999999996,12,0,158.0,0,0,0,0.0,0,0.0,10514.423000000003,0.0,0,0,0,1.5,0,0.0,0,0,0.0,0,0.0,0,0,960.8818000000002,64.0,2306.7445,2,0.0,0.0,NaN,1280.0,NaN,NaN,0,0,0.0,0,0.0,NaN,0,NaN,0,0,0,0.0,0.0,0.0,0.0,0.0,0.0,0.0,0.0,0,0,0,0,31,0.0,0,0,0.0,0,0.0,0.0,0.0,0.0,0.0,0.0,0.0,0.0,0.0,0.0,0.7292523872091863,118,7722.059600000001,10,2792.3633999999997,4,14268.7022,4,9093.868900000001,2,164.647,2288.3918,37.5,0,0,132,132,5 + government bonds,sumsy,3,3.637978807091713e-12
104,128,4,4,31508.24759999998,0.0,0.0,0.0,0.0,,0.0,0.0,0.0,0.0,0.0,0.0,0.0025,2328.5162,0.0,0.0,1.0,175.04859999999996,0.0,0.0,0.0,1.0,0.0,0.0,1.0,0.0,0,0,17.08716896666551,3.1130137193914442,20.20018268605695,7.316352598592692,3.055543328361407,10.3718959269541,919.0070999999989,913.5215000000002,919.0070999999989,0.0,0,0,0.0,0.0,0.0,1.0,1.0,0.0,0.0,0.0,0.0,0.5,0.25,0.0,-141.32253866555297,0.0,0,640.0,568.5297999999999,0.0,261.2344999999998,0.0,0.0,0.0,0.0,0.0,0,164.685,640.0,568.5297999999999,261.2344999999998,79.0,0.0,0.0,0.015,6.275273764258553,6.746321641791036,6.018042499999999,NaN,5.692406923526298,26.74016091871436,268.0,263.0,134.0,512.0,385.0,51.0,31,0,0,1,8,7.0,512.0,8463.229300000003,9144.9779,9094.5352,55,137,0,10,0.19166352864931246,0.308982950429026,0.43713862946786297,0,2736.252399999999,1650.3969999999995,8,0,160.0,0,0,0,0.0,0,0.0,10525.729300000006,0.0,0,0,0,1.5,0,0.0,0,0,0.0,0,0.0,0,0,962.8867999999999,64.0,2312.304,2,0.0,0.0,NaN,1280.0,NaN,NaN,0,0,0.0,0,0.0,NaN,0,NaN,0,0,0,0.0,0.0,0.0,0.0,0.0,0.0,0.0,0.0,0,0,0,0,31,0.0,0,0,0.0,0,0.0,0.0,0.0,0.0,0.0,0.0,0.0,0.0,0.0,0.0,0.7281617446780506,118,7832.046700000001,10,2693.6826,4,14282.477899999998,4,9094.5352,2,164.685,2328.5162,37.5,0,0,134,134,5 + government bonds,sumsy,3,3.637978807091713e-12
105,128,4,4,31578.272199999985,0.0,0.0,0.0,0.0,,0.0,0.0,0.0,0.0,0.0,0.0,0.0025,2367.1924,0.0,0.0,1.0,176.0214,0.0,0.0,0.0,1.0,0.0,0.0,1.0,0.0,0,0,17.30885870537164,3.117779393498843,20.426638098870484,7.191909340601083,3.114531603841147,10.306440944442231,911.4122999999992,919.0070999999994,911.4122999999992,0.0,0,0,0.0,0.0,0.0,1.0,1.0,0.0,0.0,0.0,0.0,0.5,0.25,0.0,-141.32253866555297,0.0,0,640.0,569.9753999999998,0.0,261.55800000000005,0.0,0.0,0.0,0.0,0.0,0,164.66,640.0,569.9753999999998,261.55800000000005,79.0,0.0,0.0,0.015,6.187969343065695,6.791002272727266,6.020321710526312,NaN,5.715127285443882,27.175367318023252,264.0,274.0,132.0,510.66666666666663,381.0,51.0,32,0,0,0,16,9.0,512.0,8463.1169,9176.398799999999,9139.6594,55,137,0,10,0.18679700277964373,0.31111212655205533,0.4270613156459948,0,2722.1413999999986,1695.5036000000005,16,0,152.0,0,0,0,0.0,0,0.0,10525.616899999999,0.0,0,0,0,1.5,0,0.0,0,0,0.0,0,0.0,0,0,915.0888999999994,64.0,2267.2447,2,0.0,0.0,NaN,1280.0,NaN,NaN,0,0,0.0,0,0.0,NaN,0,NaN,0,0,0,0.0,0.0,0.0,0.0,0.0,0.0,0.0,0.0,0,0,0,0,32,0.0,0,0,0.0,0,0.0,0.0,0.0,0.0,0.0,0.0,0.0,0.0,0.0,0.0,0.729004645605547,118,7784.999500000003,10,2740.617399999999,4,14313.898799999999,4,9139.6594,2,164.66,2367.1924,37.5,0,0,132,132,5 + government bonds,sumsy,3,3.637978807091713e-12
106,128,4,4,31646.901500000004,0.0,0.0,0.0,0.0,,0.0,0.0,0.0,0.0,0.0,0.0,0.0025,2407.7888,0.0,0.0,1.0,173.57209999999998,0.0,0.0,0.0,1.0,0.0,0.0,1.0,0.0,0,0,18.308442477367326,3.158589314611985,21.467031791979313,7.466622442305181,3.158589314611985,10.625211756917166,924.8728000000009,911.4122999999998,924.8728000000009,0.0,0,0,0.0,0.0,0.0,1.0,1.0,0.0,0.0,0.0,0.0,0.5,0.25,0.0,-141.32253866555297,0.0,0,640.0,571.3707,0.0,261.8463,0.0,0.0,0.0,0.0,0.0,0,164.5322,640.0,571.3707,261.8463,79.0,0.0,0.0,0.015,6.269951937984497,6.690241176470595,5.944969480519477,NaN,5.6278206685681065,26.47816759927715,272.0,258.0,136.0,512.0,389.0,51.0,30,0,0,2,9,4.0,512.0,8549.511000000002,9183.752,9108.029400000001,55,137,0,10,0.18532586359325132,0.3132084569668274,0.4152483387590058,0,2732.1184999999996,1617.6476000000002,9,0,154.0,0,0,0,0.0,0,0.0,10612.011000000004,0.0,0,0,0,1.5,0,0.0,0,0,0.0,0,0.0,0,0,915.5252999999994,64.0,2233.2880999999998,2,0.0,0.0,NaN,1280.0,NaN,NaN,0,0,0.0,0,0.0,NaN,0,NaN,0,0,0,0.0,0.0,0.0,0.0,0.0,0.0,0.0,0.0,0,0,0,0,30,0.0,0,0,0.0,0,0.0,0.0,0.0,0.0,0.0,0.0,0.0,0.0,0.0,0.0,0.7281462170063053,118,7784.0111000000015,10,2827.9999000000003,4,14321.252,4,9108.029400000001,2,164.5322,2407.7888,37.5,0,0,136,136,5 + government bonds,sumsy,3,3.637978807091713e-12
107,128,4,4,31714.138700000007,0.0,0.0,0.0,0.0,,0.0,0.0,0.0,0.0,0.0,0.0,0.0025,2445.6271,0.0,0.0,1.0,175.87220000000008,0.0,0.0,0.0,1.0,0.0,0.0,1.0,0.0,0,0,18.219450786723595,3.0947857151430163,21.314236501866613,8.213833051819767,3.039968094600883,11.25380114642065,888.0649999999995,924.8727999999994,888.0649999999995,0.0,0,0,0.0,0.0,0.0,1.0,1.0,0.0,0.0,0.0,0.0,0.5,0.25,0.0,-141.32253866555297,0.0,0,640.0,572.7628,0.0,262.15779999999995,0.0,0.0,0.0,0.0,0.0,0,164.4746,640.0,572.7628,262.15779999999995,79.0,0.0,0.0,0.015,6.108119101123596,6.6141287878787836,5.8124350000000025,NaN,5.628769164988094,27.162506906452467,264.0,267.0,132.0,509.33333333333337,381.0,51.0,31,0,0,1,10,6.0,512.0,8563.114399999997,9224.0017,9084.8693,55,137,0,10,0.20615029770155835,0.3238921862367792,0.4256155705210498,0,2687.1609999999987,1630.8678000000002,10,0,160.0,0,0,0,0.0,0,0.0,10625.614399999997,0.0,0,0,0,1.5,0,0.0,0,0,0.0,0,0.0,0,0,929.9896000000003,64.0,2232.0516,2,0.0,0.0,NaN,1280.0,NaN,NaN,0,0,0.0,0,0.0,NaN,0,NaN,0,0,0,0.0,0.0,0.0,0.0,0.0,0.0,0.0,0.0,0,0,0,0,31,0.0,0,0,0.0,0,0.0,0.0,0.0,0.0,0.0,0.0,0.0,0.0,0.0,0.0,0.7309060642959091,118,7806.0552,10,2819.5592,4,14361.5017,4,9084.8693,2,164.4746,2445.6271,37.5,0,0,132,132,5 + government bonds,sumsy,3,3.637978807091713e-12
108,128,4,4,31779.99820000001,0.0,0.0,0.0,0.0,,0.0,0.0,0.0,0.0,0.0,0.0,0.0025,2487.3948,0.0,0.0,1.0,171.33320000000003,0.0,0.0,0.0,1.0,0.0,0.0,1.0,0.0,0,0,18.505890724133305,3.0596016922826186,21.565492416415925,8.307787226483395,3.0596016922826186,11.367388918766013,891.5717999999996,888.0649999999997,891.5717999999996,0.0,0,0,0.0,0.0,0.0,1.0,1.0,0.0,0.0,0.0,0.0,0.5,0.25,0.0,-141.32253866555297,0.0,0,640.0,574.1405000000001,0.0,262.4136999999999,0.0,0.0,0.0,0.0,0.0,0,164.3556,640.0,574.1405000000001,262.4136999999999,79.0,0.0,0.0,0.015,6.094453790613719,6.640695454545451,5.816774375000002,NaN,5.560792408013608,27.333541836216483,264.0,277.0,132.0,510.6666666666667,381.0,51.0,32,0,0,0,15,12.0,512.0,8494.915399999998,9232.4618,9163.8943,55,137,0,10,0.20306784724571836,0.32168534666282955,0.425647445795281,0,2662.6530999999995,1688.1637000000003,15,0,160.0,0,0,0,0.0,0,0.0,10557.415399999994,0.0,0,0,0,1.5,0,0.0,0,0,0.0,0,0.0,0,0,930.6839000000003,64.0,2236.9763000000003,2,0.0,0.0,NaN,1280.0,NaN,NaN,0,0,0.0,0,0.0,NaN,0,NaN,0,0,0,0.0,0.0,0.0,0.0,0.0,0.0,0.0,0.0,0,0,0,0,32,0.0,0,0,0.0,0,0.0,0.0,0.0,0.0,0.0,0.0,0.0,0.0,0.0,0.0,0.7317633946296402,118,7775.197899999999,10,2782.2175,4,14369.9618,4,9163.8943,2,164.3556,2487.3948,37.5,0,0,132,132,5 + government bonds,sumsy,3,3.637978807091713e-12
109,128,4,4,31844.579799999992,0.0,0.0,0.0,0.0,,0.0,0.0,0.0,0.0,0.0,0.0,0.0025,2528.9335,0.0,0.0,1.0,170.9494,0.0,0.0,0.0,1.0,0.0,0.0,1.0,0.0,0,0,17.961624162304965,3.210964222431564,21.172588384736528,8.00590708299019,3.153685788428438,11.159592871418626,893.2471999999995,891.5717999999983,893.2471999999995,0.0,0,0,0.0,0.0,0.0,1.0,1.0,0.0,0.0,0.0,0.0,0.5,0.25,0.0,-141.32253866555297,0.0,0,640.0,575.4183999999999,0.0,262.63560000000007,0.0,0.0,0.0,0.0,0.0,0,164.3066,640.0,575.4183999999999,262.63560000000007,79.0,0.0,0.0,0.015,6.142845703125001,6.505534814814811,5.953364375000006,NaN,5.5138305654437145,26.851635845334677,270.0,256.0,135.0,512.0,387.0,51.0,31,0,0,1,7,6.0,512.0,8534.4713,9236.333700000001,9119.6996,55,137,0,10,0.1997930578275835,0.31555972927200915,0.4344903941399596,0,2677.0593999999987,1572.5685000000003,7,0,160.0,0,0,0,0.0,0,0.0,10596.971300000003,0.0,0,0,0,1.5,0,0.0,0,0,0.0,0,0.0,0,0,952.538300000001,64.0,2260.8351000000002,2,0.0,0.0,NaN,1280.0,NaN,NaN,0,0,0.0,0,0.0,NaN,0,NaN,0,0,0,0.0,0.0,0.0,0.0,0.0,0.0,0.0,0.0,0,0,0,0,31,0.0,0,0,0.0,0,0.0,0.0,0.0,0.0,0.0,0.0,0.0,0.0,0.0,0.0,0.7294924175127795,118,7813.8510000000015,10,2783.1203,4,14373.833700000001,4,9119.6996,2,164.3066,2528.9335,37.5,0,0,135,135,5 + government bonds,sumsy,3,3.637978807091713e-12
110,128,4,4,31907.818399999996,0.0,0.0,0.0,0.0,,0.0,0.0,0.0,0.0,0.0,0.0,0.0025,2568.5679,0.0,0.0,1.0,172.3073,0.0,0.0,0.0,1.0,0.0,0.0,1.0,0.0,0,0,18.532533260566534,3.0764556397824516,21.608988900348987,8.521479643995448,2.99622973009296,11.517709374088408,865.254600000001,893.2471999999987,865.254600000001,0.0,0,0,0.0,0.0,0.0,1.0,1.0,0.0,0.0,0.0,0.0,0.5,0.25,0.0,-141.32253866555297,0.0,0,640.0,576.7613999999999,0.0,262.90129999999994,0.0,0.0,0.0,0.0,0.0,0,164.1274,640.0,576.7613999999999,262.90129999999994,79.0,0.0,0.0,0.015,6.01757564575646,6.490493129771,6.088139999999999,NaN,5.6138858099542315,27.755360548421645,262.0,271.0,131.0,510.6666666666667,379.0,51.0,33,0,0,0,13,8.0,512.0,8489.406499999997,9259.8627,9137.5029,55,137,0,10,0.2099923717245431,0.32931048963462195,0.44671242713014947,0,2671.754999999999,1630.7630000000006,13,0,160.0,0,0,0,0.0,0,0.0,10551.906500000005,0.0,0,0,0,1.5,0,0.0,0,0,0.0,0,0.0,0,0,974.1023999999999,64.0,2288.3509999999997,2,0.0,0.0,NaN,1280.0,NaN,NaN,0,0,0.0,0,0.0,NaN,0,NaN,0,0,0,0.0,0.0,0.0,0.0,0.0,0.0,0.0,0.0,0,0,0,0,33,0.0,0,0,0.0,0,0.0,0.0,0.0,0.0,0.0,0.0,0.0,0.0,0.0,0.0,0.7341771979266123,118,7700.984099999999,10,2850.9224,4,14397.3627,4,9137.5029,2,164.1274,2568.5679,37.5,0,0,131,131,5 + government bonds,sumsy,3,3.637978807091713e-12
111,128,4,4,31969.822600000018,0.0,0.0,0.0,0.0,,0.0,0.0,0.0,0.0,0.0,0.0,0.0025,2611.0201,0.0,0.0,1.0,168.79339999999996,0.0,0.0,0.0,1.0,0.0,0.0,1.0,0.0,0,0,19.11191851251884,3.139981619741093,22.251900132259934,8.727585789360797,3.1221428487533363,11.849728638114133,912.6891000000006,865.2546000000008,912.6891000000006,0.0,0,0,0.0,0.0,0.0,1.0,1.0,0.0,0.0,0.0,0.0,0.5,0.25,0.0,-141.32253866555297,0.0,0,640.0,577.9957999999997,0.0,263.0803999999999,0.0,0.0,0.0,0.0,0.0,0,164.0102,640.0,577.9957999999997,263.0803999999999,79.0,0.0,0.0,0.015,6.112877454545452,6.649548888888893,6.238934193548384,NaN,5.605441852360388,27.17269543822578,270.0,275.0,135.0,512.0,387.0,51.0,31,0,0,2,19,10.0,512.0,8444.2375,9236.4291,9220.2556,55,137,0,10,0.2143220880844774,0.33218779222320394,0.4207414363526516,0,2714.373500000002,1681.0412999999994,19,0,155.0,0,0,0,0.0,0,0.0,10506.737499999997,0.0,0,0,0,1.5,0,0.0,0,0,0.0,0,0.0,0,0,967.0347999999994,64.0,2293.8701,2,0.0,0.0,NaN,1280.0,NaN,NaN,0,0,0.0,0,0.0,NaN,0,NaN,0,0,0,0.0,0.0,0.0,0.0,0.0,0.0,0.0,0.0,0,0,0,0,31,0.0,0,0,0.0,0,0.0,0.0,0.0,0.0,0.0,0.0,0.0,0.0,0.0,0.0,0.7357817599077934,118,7678.014899999999,10,2828.7226,4,14373.9291,4,9220.2556,2,164.0102,2611.0201,37.5,0,0,135,135,5 + government bonds,sumsy,3,3.637978807091713e-12
112,128,4,4,32030.545200000008,0.0,0.0,0.0,0.0,,0.0,0.0,0.0,0.0,0.0,0.0,0.0025,2650.2555,0.0,0.0,1.0,171.46579999999997,0.0,0.0,0.0,1.0,0.0,0.0,1.0,0.0,0,0,18.5984607713546,3.1030350629421464,21.701495834296747,8.512960549649062,3.063878758225174,11.576839307874236,910.5383999999992,912.6890999999995,910.5383999999992,0.0,0,0,0.0,0.0,0.0,1.0,1.0,0.0,0.0,0.0,0.0,0.5,0.25,0.0,-141.32253866555297,0.0,0,640.0,579.2773999999998,0.0,263.32640000000015,0.0,0.0,0.0,0.0,0.0,0,164.101,640.0,579.2773999999998,263.32640000000015,79.0,0.0,0.0,0.015,6.16647356321839,6.584841176470583,6.2468797468354405,NaN,5.614835593658948,26.852690576736563,272.0,261.0,136.0,509.3333333333333,389.0,51.0,30,0,0,0,9,6.0,512.0,8464.842499999999,9252.942299999999,9178.230300000001,55,137,0,10,0.20505386221376853,0.32394589976352095,0.41643572493261294,0,2728.7647,1609.4495999999997,9,0,158.0,0,0,0,0.0,0,0.0,10527.342500000004,0.0,0,0,0,1.5,0,0.0,0,0,0.0,0,0.0,0,0,987.0069999999996,64.0,2320.1736,2,0.0,0.0,NaN,1280.0,NaN,NaN,0,0,0.0,0,0.0,NaN,0,NaN,0,0,0,0.0,0.0,0.0,0.0,0.0,0.0,0.0,0.0,0,0,0,0,30,0.0,0,0,0.0,0,0.0,0.0,0.0,0.0,0.0,0.0,0.0,0.0,0.0,0.0,0.7333953906212893,118,7752.555899999998,10,2774.7866,4,14390.442299999999,4,9178.230300000001,2,164.101,2650.2555,37.5,0,0,136,136,5 + government bonds,sumsy,3,3.637978807091713e-12
113,128,4,4,32090.104399999997,0.0,0.0,0.0,0.0,,0.0,0.0,0.0,0.0,0.0,0.0,0.0025,2687.4436,0.0,0.0,1.0,172.9691,0.0,0.0,0.0,1.0,0.0,0.0,1.0,0.0,0,0,18.00462097056706,3.0502865771866743,21.054907547753736,8.224071458485415,3.0502865771866743,11.274358035672089,892.5565999999998,910.5384000000008,892.5565999999998,0.0,0,0,0.0,0.0,0.0,1.0,1.0,0.0,0.0,0.0,0.0,0.5,0.25,0.0,-141.32253866555297,0.0,0,640.0,580.4407999999999,0.0,263.5326000000001,0.0,0.0,0.0,0.0,0.0,0,164.1028,640.0,580.4407999999999,263.5326000000001,79.0,0.0,0.0,0.015,6.115686973180079,6.598169924812028,6.242250000000003,NaN,5.699414839290525,27.50651820796499,266.0,261.0,133.0,512.0,383.0,51.0,32,0,0,1,6,6.0,512.0,8581.980400000002,9277.1417,9132.8632,55,137,0,10,0.1945191283441987,0.3118789373633959,0.4268065142998998,0,2725.1024000000007,1596.1943000000006,6,0,144.0,0,0,0,0.0,0,0.0,10644.4804,0.0,0,0,0,1.5,0,0.0,0,0,0.0,0,0.0,0,0,898.8840000000005,64.0,2246.5726999999997,2,0.0,0.0,NaN,1280.0,NaN,NaN,0,0,0.0,0,0.0,NaN,0,NaN,0,0,0,0.0,0.0,0.0,0.0,0.0,0.0,0.0,0.0,0,0,0,0,32,0.0,0,0,0.0,0,0.0,0.0,0.0,0.0,0.0,0.0,0.0,0.0,0.0,0.0,0.7282063780612207,118,7902.8072999999995,10,2741.6731,4,14414.6417,4,9132.8632,2,164.1028,2687.4436,37.5,0,0,133,133,5 + government bonds,sumsy,3,3.637978807091713e-12
114,128,4,4,32148.459799999993,0.0,0.0,0.0,0.0,,0.0,0.0,0.0,0.0,0.0,0.0,0.0025,2725.4804,0.0,0.0,1.0,171.54489999999998,0.0,0.0,0.0,1.0,0.0,0.0,1.0,0.0,0,0,18.423228109606605,3.1065633859429065,21.52979149554951,8.278232215791695,3.080447696026826,11.35867991181852,895.3448999999997,892.5565999999997,895.3448999999997,0.0,0,0,0.0,0.0,0.0,1.0,1.0,0.0,0.0,0.0,0.0,0.5,0.25,0.0,-141.32253866555297,0.0,0,640.0,581.6445999999999,0.0,263.74240000000015,0.0,0.0,0.0,0.0,0.0,0,164.1466,640.0,581.6445999999999,263.74240000000015,79.0,0.0,0.0,0.015,6.130556043956044,6.720190076335876,6.179511320754712,NaN,5.7106301308646525,27.950549574415497,262.0,273.0,131.0,510.6666666666667,379.0,51.0,32,0,0,1,15,9.0,512.0,8521.340900000001,9287.8488,9185.2722,55,137,0,10,0.20637066298964135,0.32884379276655173,0.4299570913864652,0,2707.8063000000016,1673.6417999999999,15,0,159.0,0,0,0,0.0,0,0.0,10583.840900000001,0.0,0,0,0,1.5,0,0.0,0,0,0.0,0,0.0,0,0,982.5422999999993,64.0,2264.3709,2,0.0,0.0,NaN,1280.0,NaN,NaN,0,0,0.0,0,0.0,NaN,0,NaN,0,0,0,0.0,0.0,0.0,0.0,0.0,0.0,0.0,0.0,0,0,0,0,32,0.0,0,0,0.0,0,0.0,0.0,0.0,0.0,0.0,0.0,0.0,0.0,0.0,0.0,0.7339641869770979,118,7764.7672999999995,10,2819.0735999999997,4,14425.3488,4,9185.2722,2,164.1466,2725.4804,37.5,0,0,131,131,5 + government bonds,sumsy,3,3.637978807091713e-12
115,128,4,4,32205.540699999994,0.0,0.0,0.0,0.0,,0.0,0.0,0.0,0.0,0.0,0.0,0.0025,2762.597,0.0,0.0,1.0,171.96179999999998,0.0,0.0,0.0,1.0,0.0,0.0,1.0,0.0,0,0,18.447569336521116,3.022685409745383,21.470254746266498,8.705027921745264,2.94437528388691,11.649403205632174,904.7895000000015,895.3449000000007,904.7895000000015,0.0,0,0,0.0,0.0,0.0,1.0,1.0,0.0,0.0,0.0,0.0,0.5,0.25,0.0,-141.32253866555297,0.0,0,640.0,582.9191,0.0,263.99899999999985,0.0,0.0,0.0,0.0,0.0,0,164.3246,640.0,582.9191,263.99899999999985,79.0,0.0,0.0,0.015,6.207276492537311,6.640220149253742,6.161728187919465,NaN,5.622400944674362,27.312197572886042,268.0,268.0,134.0,510.66666666666663,385.0,51.0,31,0,0,1,14,8.0,512.0,8534.958499999999,9286.975699999999,9222.1901,55,137,0,10,0.20615564074286374,0.3247039413241153,0.4208388959571543,0,2707.7179999999985,1663.5500999999992,14,0,149.0,0,0,0,0.0,0,0.0,10597.4585,0.0,0,0,0,1.5,0,0.0,0,0,0.0,0,0.0,0,0,918.0975000000003,64.0,2234.4948,2,0.0,0.0,NaN,1280.0,NaN,NaN,0,0,0.0,0,0.0,NaN,0,NaN,0,0,0,0.0,0.0,0.0,0.0,0.0,0.0,0.0,0.0,0,0,0,0,31,0.0,0,0,0.0,0,0.0,0.0,0.0,0.0,0.0,0.0,0.0,0.0,0.0,0.0,0.7326797212255627,118,7768.659699999998,10,2828.7988,4,14424.475699999999,4,9222.1901,2,164.3246,2762.597,37.5,0,0,134,134,5 + government bonds,sumsy,3,3.637978807091713e-12
116,128,4,4,32261.45950000001,0.0,0.0,0.0,0.0,,0.0,0.0,0.0,0.0,0.0,0.0,0.0025,2797.0774,0.0,0.0,1.0,174.11400000000003,0.0,0.0,0.0,1.0,0.0,0.0,1.0,0.0,0,0,17.51818892527586,2.995409442085981,20.513598367361844,8.161641493740964,2.974770513142578,11.136412006883543,912.2997999999998,904.789500000001,912.2997999999998,0.0,0,0,0.0,0.0,0.0,1.0,1.0,0.0,0.0,0.0,0.0,0.5,0.25,0.0,-141.32253866555297,0.0,0,640.0,584.0812000000003,0.0,264.22520000000003,0.0,0.0,0.0,0.0,0.0,0,164.3956,640.0,584.0812000000003,264.22520000000003,79.0,0.0,0.0,0.015,6.152480000000002,6.646665185185183,6.101871895424834,NaN,5.607329730273068,26.94399461439728,270.0,275.0,135.0,510.66666666666663,387.0,51.0,31,0,0,2,19,10.0,512.0,8510.848499999996,9294.3073,9267.909800000001,55,137,0,10,0.2040652643762546,0.31824359312177664,0.4328384586647507,0,2713.6178000000004,1691.9320000000007,19,0,153.0,0,0,0,0.0,0,0.0,10573.348500000002,0.0,0,0,0,1.5,0,0.0,0,0,0.0,0,0.0,0,0,933.5863999999996,64.0,2226.9209,2,0.0,0.0,NaN,1280.0,NaN,NaN,0,0,0.0,0,0.0,NaN,0,NaN,0,0,0,0.0,0.0,0.0,0.0,0.0,0.0,0.0,0.0,0,0,0,0,31,0.0,0,0,0.0,0,0.0,0.0,0.0,0.0,0.0,0.0,0.0,0.0,0.0,0.0,0.7315243391994093,118,7825.499299999995,10,2747.8491999999997,4,14431.8073,4,9267.909800000001,2,164.3956,2797.0774,37.5,0,0,135,135,5 + government bonds,sumsy,3,3.637978807091713e-12
117,128,4,4,32316.29139999998,0.0,0.0,0.0,0.0,,0.0,0.0,0.0,0.0,0.0,0.0,0.0025,2832.5426,0.0,0.0,1.0,172.57760000000005,0.0,0.0,0.0,1.0,0.0,0.0,1.0,0.0,0,0,18.151608407066362,2.9936477147926825,21.145256121859045,7.817679899937781,2.993635837155847,10.81131573709363,916.9519000000001,912.2997999999997,916.9519000000001,0.0,0,0,0.0,0.0,0.0,1.0,1.0,0.0,0.0,0.0,0.0,0.5,0.25,0.0,-141.32253866555297,0.0,0,640.0,585.1680999999994,0.0,264.4035999999999,0.0,0.0,0.0,0.0,0.0,0,164.2854,640.0,585.1680999999994,264.4035999999999,79.0,0.0,0.0,0.015,6.17420805860806,6.631999264705883,6.007318421052635,NaN,5.526203420736929,26.706087569573988,272.0,273.0,136.0,509.33333333333337,389.0,51.0,30,0,0,0,15,12.0,512.0,8493.8327,9307.2687,9301.9418,55,137,0,10,0.19933866333760641,0.32448057569450683,0.41204210024490906,0,2693.6681999999996,1685.5588000000002,15,0,152.0,0,0,0,0.0,0,0.0,10556.332700000006,0.0,0,0,0,1.5,0,0.0,0,0,0.0,0,0.0,0,0,913.1124000000005,64.0,2216.4202,2,0.0,0.0,NaN,1280.0,NaN,NaN,0,0,0.0,0,0.0,NaN,0,NaN,0,0,0,0.0,0.0,0.0,0.0,0.0,0.0,0.0,0.0,0,0,0,0,30,0.0,0,0,0.0,0,0.0,0.0,0.0,0.0,0.0,0.0,0.0,0.0,0.0,0.0,0.7336584615910355,118,7687.6675000000005,10,2868.6652,4,14444.7687,4,9301.9418,2,164.2854,2832.5426,37.5,0,0,136,136,5 + government bonds,sumsy,3,3.637978807091713e-12
118,128,4,4,32370.09799999998,0.0,0.0,0.0,0.0,,0.0,0.0,0.0,0.0,0.0,0.0,0.0025,2866.8712,0.0,0.0,1.0,173.18699999999998,0.0,0.0,0.0,1.0,0.0,0.0,1.0,0.0,0,0,18.055249867284367,3.1534421107112958,21.208691977995663,7.639524767691285,3.1364850932521597,10.776009860943446,898.1208000000004,916.9519000000007,898.1208000000004,0.0,0,0,0.0,0.0,0.0,1.0,1.0,0.0,0.0,0.0,0.0,0.5,0.25,0.0,-141.32253866555297,0.0,0,640.0,586.1934000000002,0.0,264.5698000000002,0.0,0.0,0.0,0.0,0.0,0,164.192,640.0,586.1934000000002,264.5698000000002,79.0,0.0,0.0,0.015,6.147900760456275,6.49353529411765,5.85982375,NaN,5.513455876719694,26.724862218768344,272.0,263.0,136.0,512.0,389.0,51.0,30,0,0,1,16,4.0,512.0,8515.493999999997,9328.9841,9262.1133,55,137,0,10,0.19433318475123085,0.31979624870273105,0.4119744774214047,0,2688.3323000000005,1616.8979000000002,16,0,160.0,0,0,0,0.0,0,0.0,10577.994,0.0,0,0,0,1.5,0,0.0,0,0,0.0,0,0.0,0,0,937.5718,64.0,2232.4434,2,0.0,0.0,NaN,1280.0,NaN,NaN,0,0,0.0,0,0.0,NaN,0,NaN,0,0,0,0.0,0.0,0.0,0.0,0.0,0.0,0.0,0.0,0,0,0,0,30,0.0,0,0,0.0,0,0.0,0.0,0.0,0.0,0.0,0.0,0.0,0.0,0.0,0.0,0.7321189771093526,118,7651.373599999997,10,2926.6204000000007,4,14466.4841,4,9262.1133,2,164.192,2866.8712,37.5,0,0,136,136,5 + government bonds,sumsy,3,3.637978807091713e-12
119,128,4,4,32422.686100000003,0.0,0.0,0.0,0.0,,0.0,0.0,0.0,0.0,0.0,0.0,0.0025,2901.4716,0.0,0.0,1.0,172.4488,0.0,0.0,0.0,1.0,0.0,0.0,1.0,0.0,0,0,18.60891043512775,2.9962441256280825,21.605154560755835,8.304919226929732,2.9962441256280825,11.301163352557815,910.6278999999996,898.1207999999996,910.6278999999996,0.0,0,0,0.0,0.0,0.0,1.0,1.0,0.0,0.0,0.0,0.0,0.5,0.25,0.0,-141.32253866555297,0.0,0,640.0,587.4119000000002,0.0,264.8204,0.0,0.0,0.0,0.0,0.0,0,164.0022,640.0,587.4119000000002,264.8204,79.0,0.0,0.0,0.015,6.070365602836883,6.58549926470588,5.831765000000001,NaN,5.5360010702591,26.92622344369181,272.0,282.0,136.0,510.6666666666667,389.0,51.0,30,0,0,2,18,14.0,512.0,8457.080000000002,9333.4969,9334.07,55,137,0,10,0.20090712844297243,0.32637947582032734,0.414680304722822,0,2698.1758999999993,1711.8431000000012,18,0,160.0,0,0,0,0.0,0,0.0,10519.579999999994,0.0,0,0,0,1.5,0,0.0,0,0,0.0,0,0.0,0,0,933.0824000000001,64.0,2232.5654,2,0.0,0.0,NaN,1280.0,NaN,NaN,0,0,0.0,0,0.0,NaN,0,NaN,0,0,0,0.0,0.0,0.0,0.0,0.0,0.0,0.0,0.0,0,0,0,0,30,0.0,0,0,0.0,0,0.0,0.0,0.0,0.0,0.0,0.0,0.0,0.0,0.0,0.0,0.7350260825581976,118,7546.8742,10,2972.7057999999997,4,14470.9969,4,9334.07,2,164.0022,2901.4716,37.5,0,0,136,136,5 + government bonds,sumsy,3,3.637978807091713e-12
120,128,4,4,32474.350100000003,0.0,0.0,0.0,0.0,,0.0,0.0,0.0,0.0,0.0,0.0,0.0025,2937.6064,0.0,0.0,1.0,170.27370000000002,0.0,0.0,0.0,1.0,0.0,0.0,1.0,0.0,0,0,18.208929868541183,3.1886186163457815,21.39754848488697,7.954209161593582,3.159226140077187,11.11343530167077,893.7618000000001,910.6278999999998,893.7618000000001,0.0,0,0,0.0,0.0,0.0,1.0,1.0,0.0,0.0,0.0,0.0,0.5,0.25,0.0,-141.32253866555297,0.0,0,640.0,588.3360000000002,0.0,264.9148,0.0,0.0,0.0,0.0,0.0,0,163.923,640.0,588.3360000000002,264.9148,79.0,0.0,0.0,0.015,6.133929924242424,6.5093466666666675,5.809745625000001,NaN,5.52177568086022,27.15988443488364,270.0,264.0,135.0,509.33333333333337,387.00000000000006,51.0,30,0,0,2,13,11.0,512.0,8477.657599999999,9355.231800000001,9310.3111,55,137,0,10,0.1953263874224529,0.3155210786708258,0.41935498137430627,0,2681.305199999999,1619.3575,13,0,160.0,0,0,0,0.0,0,0.0,10540.157600000004,0.0,0,0,0,1.5,0,0.0,0,0,0.0,0,0.0,0,0,929.5593000000001,64.0,2229.6202,2,0.0,0.0,NaN,1280.0,NaN,NaN,0,0,0.0,0,0.0,NaN,0,NaN,0,0,0,0.0,0.0,0.0,0.0,0.0,0.0,0.0,0.0,0,0,0,0,30,0.0,0,0,0.0,0,0.0,0.0,0.0,0.0,0.0,0.0,0.0,0.0,0.0,0.0,0.7318930255766947,118,7608.7543000000005,10,2931.4033,4,14492.7318,4,9310.3111,2,163.923,2937.6064,37.5,0,0,135,135,5 + government bonds,sumsy,3,3.637978807091713e-12
