round,persons_alive,farms_open,bakeries_open,money_in_circulation,money_in_dead_balances,outstanding_debt,peer_lent,government_debt,termination,government_peer_debt,government_bank_debt,bonds_outstanding,government_arrears,bonds_issued,coupons,bond_rate,government_cash,government_reserve_target,surplus_redistributed,tax_scale,government_outlay,tax_shortfall,tax_policy_step,consumption_tax,consumption_tax_scale,wealth_tax,wealth_tax_base,wealth_tax_scale,clearing_residue,negative_wealth_persons,zero_cash_persons,wealth_gap_meals,wealth_bottom10_meals,wealth_top10_meals,cash_gap_meals,cash_bottom10_meals,cash_top10_meals,invoices_issued,invoices_paid,invoices_open,invoices_overdue,liquidations,refoundings,bad_debt,bank_bailouts,profit_tax,profit_tax_scale,parking_tax_scale,income_tax_accrued,income_tax_charged,wealth_tax_arrears,consumption_tax_rate_now,bracket_top_rate,bracket_bottom_rate,bank_retained_interest,cumulative_interest_paid,cumulative_write_offs,cumulative_credit_refusals,money_created,money_destroyed,credit_demand,tax,enterprise_tax,deposit_interest,buffer_pool,insurance_premiums,insurance_payouts,missed_payments,cash_banks,gi_created,demurrage_destroyed,demurrage_tax,account_fees,fees,trade_arrears,interest_rate,price_bread,price_grain,price_ticket,price_rent,price_wage,wage_bid_producers,bread_baked,bread_sold,grain_harvested,labour_offered,labour_sold,government_labour,unemployed,hungry,without_bread,half_meals,gluttons,bread_stocked,total_capacity,cash_persons,cash_farms,cash_bakeries,land_persons,land_farms,land_banks,landholders,gini_cash_persons,gini_net_wealth_persons,gini_income_persons,persons_below_meal,persons_income,bread_bill,gluttony_attempted,gluttony_refused,tickets_sold,n_greedy,hungry_greedy,hungry_others,cash_greedy,land_greedy,wealth_greedy,wealth_persons,bread_greedy,greedy_loaves,greedy_tickets,ration,tier_multiplier,tier_sold,tier_revenue,n_consumers,n_hoarders,wealth_hoarders,land_hoarders,shares_hoarders,greedy_land,greedy_shares,ticket_revenue,theatre_labour,cash_theatres,theatres_open,dividends,dividend_income_persons,share_price_mean,share_units_per_firm,founders_stake_pct,book_per_unit_mean,share_trades,share_trades_deferred,share_contracts_outstanding,share_seizures,share_volume,founders_stake_mean,outside_holders,forward_value_mean,coop_worker_open,coop_consumer_open,coop_member_open,coop_retained_reserve,coop_buffer_pledged,buffer_pledged_persons,patronage_wages,rebates,membership_capital,reserved_labour,coop_worker_hours,coop_members_worker,coop_members_consumer,worker_members,unemployed_members,unemployed_nonmembers,rebate_income_persons,coop_open,forprofit_open,cash_coops,coop_members,coop_capital,founder_capital,founder_debt,reserve_shortfall_owned,reserve_shortfall_coops,reserve_shortfall_forprofit,dividends_coops,dividends_forprofit,founders_cash,cash_forprofit,gini_net_wealth_all,n_workers,wealth_workers,n_landowners,wealth_landowners,n_farms,wealth_farms,n_bakeries,wealth_bakeries,n_banks,wealth_banks,wealth_government,land_price,deaths,closures,production_target_farms,production_target_bakeries,rung,system,seed,identity
1,512,4,4,25863.984000000033,0.0,25973.88,0.0,4359.824,,0.0,4359.824,0.0,0.0,0.0,0.0,0.0025,0.0,0.0,0.0,1.0,4460.0012,0.0,0.0,0.0,1.0,0.0,0.0,1.0,0.0,0,0,7.5172,3.5685725490196085,11.085772549019609,1.0170705882352942,3.384807843137255,4.401878431372549,1078.3919999999973,0.0,1078.3919999999973,0.0,0,0,0.0,0.0,40.232,1.0,1.0,0.0,0.0,0.0,0.0,0.5,0.25,109.89599999999999,109.896,0.0,0,4360.999999999999,476.21600000000007,4360.999999999999,100.17719999999991,0.0,0.0,0.0,0.0,0.0,0,0.0,0.0,0.0,0.0,0.0,3800.0,6.664,0.005,5.0,5.200000000000013,NaN,0.75,3.6544486692015257,3.920000000000001,320.0,71.0,160.0,2048.0,526.0,204.0,380,0,0,0,42,29.0,2048.0,20534.24000000002,1391.512,3938.232,768,0,0,128,0.028945815585030843,0.23566541265835106,0.05945785284799543,0,5529.240000000008,355.0,42,0,0.0,0,0,0,0.0,0,0.0,29174.24000000005,0.0,0,0,0,1.5,0,0.0,0,0,0.0,0,0.0,0,0,0.0,0.0,0.0,0,0.0,0.0,NaN,5120.0,NaN,NaN,0,0,0.0,0,0.0,NaN,0,NaN,0,0,0,0.0,0.0,0.0,0.0,0.0,0.0,0.0,0.0,0,0,0,0,380,0.0,0,0,0.0,0,0.0,0.0,0.0,0.0,0.0,0.0,0.0,0.0,0.0,0.0,1.7907203482257337,384,15336.715999999995,128,13837.523999999998,4,-8364.728,4,-7918.407999999999,2,108.72000000000064,-4359.824,11.25,0,0,160,160,2 + government,debt,1,1.7462298274040222e-10
2,512,4,4,28659.337299999992,0.0,28841.934,0.0,7048.6651,,0.0,7048.6651,0.0,0.0,0.0,0.0,0.0025,0.0,0.0,0.0,1.0,3020.0011999999997,0.0,0.0,0.0,1.0,0.0,0.0,1.0,0.0,0,0,8.196829803921569,3.373027647058823,11.569857450980392,1.5689964705882347,3.307991764705882,4.8769882352941165,3330.5636000000195,1078.3919999999996,3330.5636000000195,0.0,0,0,0.0,0.0,299.3578,1.0,1.0,0.0,0.0,0.0,0.0,0.5,0.25,182.5967,239.7625,0.0,0,3509.5898,714.2364999999999,3452.424,352.95920000000325,0.0,0.0,0.0,0.0,0.0,0,0.0,0.0,0.0,0.0,0.0,2360.0,0.0,0.0034488078166953623,4.764598078682528,5.512312472160354,NaN,1.1233614699331849,3.5450956521738872,3.8023999999999996,898.0,1093.0,449.0,2048.0,1104.0,204.0,236,0,0,3,59,42.0,2048.0,21448.62970000001,617.8588,6592.8488,768,0,0,128,0.05095058210430503,0.24705179834588642,0.09950614951775694,0,6122.095399999973,5207.705700000003,59,0,0.0,0,0,0,0.0,0,0.0,30088.629699999983,0.0,0,0,0,1.5,0,0.0,0,0,0.0,0,0.0,0,0,0.0,0.0,0.0,0,0.0,0.0,NaN,5120.0,NaN,NaN,0,0,0.0,0,0.0,NaN,0,NaN,0,0,0,0.0,0.0,0.0,0.0,0.0,0.0,0.0,0.0,0,0,0,0,236,0.0,0,0,0.0,0,0.0,0.0,0.0,0.0,0.0,0.0,0.0,0.0,0.0,0.0,1.4171065587538545,384,15690.3869,128,14398.242799999996,4,-9518.6129,4,-5062.8312000000005,2,181.47949999999824,-7048.6651,11.25,0,0,449,449,2 + government,debt,1,1.7462298274040222e-10
3,512,4,4,31709.971899999942,0.0,31948.839099999997,0.0,8630.9963,,0.0,8630.9963,0.0,0.0,0.0,0.0,0.0025,0.0,0.0,0.0,1.0,2509.9816269899356,0.0,0.0,0.0,1.0,0.0,0.0,1.0,0.0,0,0,12.833622150563198,3.621274731366619,16.454896881929816,2.2834405527856396,3.621274731366619,5.9047152841522585,3822.241900000056,3330.563600000026,3822.241900000056,0.0,0,0,0.0,0.0,238.1423,1.0,1.0,0.0,0.0,0.0,0.0,0.5,0.25,238.8672,382.88679999999994,0.0,0,3950.7500999999997,900.1155000000001,3863.8963000000003,962.893900000026,0.0,0.0,0.0,0.0,0.0,0,0.0,0.0,0.0,0.0,0.0,1881.0547999999992,0.0,0.005981960197440616,4.688987289719659,5.4435844155844055,NaN,1.3402762523191083,3.3697276062197687,3.6883279999999994,1078.0,1070.0,539.0,2044.0000000000002,1283.9999999999998,204.0,189,0,0,1,56,33.0,2048.0,22604.240999999958,2232.7889,6872.942,768,0,0,128,0.0697489511792555,0.3163824471464327,0.11949502940752055,0,6172.827700000008,5017.216400000035,56,0,0.0,0,0,0,0.0,0,0.0,35545.36513363024,0.0,0,0,0,1.5,0,0.0,0,0,0.0,0,0.0,0,0,0.0,0.0,0.0,0,0.0,0.0,NaN,5120.0,NaN,NaN,0,0,0.0,0,0.0,NaN,0,NaN,0,0,0,0.0,0.0,0.0,0.0,0.0,0.0,0.0,0.0,0,0,0,0,189,0.0,0,0,0.0,0,0.0,0.0,0.0,0.0,0.0,0.0,0.0,0.0,0.0,0.0,1.1932993637963303,384,16054.499699999975,128,19490.865433630293,4,-9629.2755,4,-4581.777999999999,2,237.8088000000006,-8630.9963,16.85042204899777,0,0,539,539,2 + government,debt,1,1.7462298274040222e-10
4,512,4,4,33093.785000000054,0.0,33377.1098,0.0,10548.837,,0.0,10548.837,0.0,0.0,0.0,0.0,0.0025,0.0,0.0,0.0,1.0,2486.013924581751,0.0,0.0,0.0,1.0,0.0,0.0,1.0,0.0,0,0,15.712250967576171,3.717313192966152,19.429564160542323,2.961997081356354,3.717313192966152,6.679310274322505,3772.641999999994,3435.315200000021,4159.56869999998,0.0,0,0,0.0,0.0,236.0593,1.0,1.0,0.0,0.0,0.0,0.0,0.5,0.25,283.3248,542.5074999999999,0.0,4,2493.6198999999997,1109.8068,2765.3835,611.3289000000058,0.0,0.0,0.0,0.0,0.0,0,0.0,0.0,0.0,0.0,0.0,1867.0683999999987,0.0,0.007220552075582304,4.553044618215267,5.382419223659904,NaN,1.4408781885397401,3.1981563319692046,3.5776781599999987,1082.0,1087.0,541.0,2046.6666666666667,1288.0,204.0,189,0,0,1,55,42.0,2048.0,23686.090700000022,2586.3513000000003,6821.343000000001,768,0,0,128,0.09113302029913672,0.3503549704081568,0.11776281422612045,0,6031.009200000012,4949.159499999995,55,0,0.0,0,0,0,0.0,0,0.0,39126.073126716175,0.0,0,0,0,1.5,0,0.0,0,0,0.0,0,0.0,0,0,0.0,0.0,0.0,0,0.0,0.0,NaN,5120.0,NaN,NaN,0,0,0.0,0,0.0,NaN,0,NaN,0,0,0,0.0,0.0,0.0,0.0,0.0,0.0,0.0,0.0,0,0,0,0,189,0.0,0,0,0.0,0,0.0,0.0,0.0,0.0,0.0,0.0,0.0,0.0,0.0,0.0,1.0568023527257357,384,16376.933999999994,128,22749.13912671613,4,-8987.161900000001,4,-4432.4169999999995,2,282.32520000000034,-10548.837,20.104143784786626,0,0,541,541,2 + government,debt,1,1.7462298274040222e-10
5,512,4,4,34046.69860000002,0.0,34359.132000000005,0.0,12020.4292,,0.0,12020.4292,0.0,0.0,0.0,0.0,0.0025,0.0,0.0,0.0,1.0,2350.8684216648167,0.0,0.0,0.0,1.0,0.0,0.0,1.0,0.0,0,0,18.09658838769272,3.724346908268558,21.820935295961277,4.017833995694764,3.724346908268558,7.742180903963322,3688.697499999991,3733.118299999979,4115.147899999982,0.0,0,0,0.0,0.0,223.7178,1.0,1.0,0.0,0.0,0.0,0.0,0.5,0.25,312.4334,709.2785999999998,0.0,8,2188.7934999999998,1235.8799,2477.5814,932.0224000000073,0.0,0.0,0.0,0.0,0.0,0,0.0,0.0,0.0,0.0,0.0,1749.8659999999966,0.0,0.008789752420075986,4.424971611721627,5.28405584415586,NaN,1.5753025974025994,3.116947499691875,3.4703478152,1078.0,1092.0,539.0,2046.6666666666667,1284.0,204.0,191,0,0,2,62,50.0,2048.0,24727.4724,2565.5819,6753.6443,768,0,0,128,0.11649194662216633,0.36991016826457135,0.13685543860607918,0,5873.450699999992,4832.069000000017,62,0,0.0,0,0,0,0.0,0,0.0,41326.38913197778,0.0,0,0,0,1.5,0,0.0,0,0,0.0,0,0.0,0,0,0.0,0.0,0.0,0,0.0,0.0,NaN,5120.0,NaN,NaN,0,0,0.0,0,0.0,NaN,0,NaN,0,0,0,0.0,0.0,0.0,0.0,0.0,0.0,0.0,0.0,0,0,0,0,191,0.0,0,0,0.0,0,0.0,0.0,0.0,0.0,0.0,0.0,0.0,0.0,0.0,0.0,1.0020517721168611,384,16589.872599999995,128,24736.516531977806,4,-8719.380099999998,4,-4299.155699999999,2,311.49259999999987,-12020.4292,21.6131728280961,0,0,539,539,2 + government,debt,1,1.7462298274040222e-10
6,512,4,4,34969.106799999965,0.0,35300.746199999994,0.0,13451.6134,,0.0,13451.6134,0.0,0.0,0.0,0.0,0.0025,0.0,0.0,0.0,1.0,2286.907509295076,0.0,0.0,0.0,1.0,0.0,0.0,1.0,0.0,0,0,20.599734952389444,4.069198809770585,24.668933762160027,4.958924025882793,4.069198809770585,9.028122835653377,3625.592200000025,3653.454400000004,4087.285700000034,0.0,0,0,0.0,0.0,202.58259999999999,1.0,1.0,0.0,0.0,0.0,0.0,0.5,0.25,331.6394,880.9690999999999,0.0,12,2265.764,1343.3558,2574.9731,915.8246999999981,0.0,0.0,0.0,0.0,0.0,0,0.0,0.0,0.0,0.0,0.0,1702.8087999999989,0.0,0.009587295900015369,4.32143444338725,5.215151481481511,NaN,1.6203277777777778,3.038114971032073,3.3662373807439994,1080.0,1051.0,540.0,2045.3333333333333,1286.0000000000002,204.0,189,0,0,2,51,28.0,2048.0,25953.143899999995,2503.233,6512.7299,768,0,0,128,0.13432953814117488,0.385635060536363,0.14553623529038529,0,5767.499099999995,4541.8276,51,0,0.0,0,0,0,0.0,0,0.0,44100.62982207789,0.0,0,0,0,1.5,0,0.0,0,0,0.0,0,0.0,0,0,0.0,0.0,0.0,0,0.0,0.0,NaN,5120.0,NaN,NaN,0,0,0.0,0,0.0,NaN,0,NaN,0,0,0,0.0,0.0,0.0,0.0,0.0,0.0,0.0,0.0,0,0,0,0,189,0.0,0,0,0.0,0,0.0,0.0,0.0,0.0,0.0,0.0,0.0,0.0,0.0,0.0,0.9569998833758298,384,17037.23989999999,128,27063.38992207794,4,-8493.1778,4,-4339.110100000001,2,330.75740000000184,-13451.6134,23.62953896103899,0,0,540,540,2 + government,debt,1,1.7462298274040222e-10
7,512,4,4,35890.935,0.0,36236.792499999996,0.0,14877.2297,,0.0,14877.2297,0.0,0.0,0.0,0.0,0.0025,0.0001,0.0,0.0,1.0,2245.4648041246824,0.0,0.0,0.0,1.0,0.0,0.0,1.0,0.0,0,0,22.283383138929516,4.110064322875613,26.39344746180513,5.9946652623222585,4.110064322875613,10.104729585197871,3572.1614000000186,3593.4095000000098,4066.037600000051,0.0,0,0,0.0,0.0,216.32660000000004,1.0,1.0,0.0,0.0,0.0,0.0,0.5,0.25,345.8575000000001,1057.3761,0.0,16,2375.5646999999994,1453.7365,2707.252,887.1095999999968,0.0,0.0,0.0,0.0,0.0,0,0.0,0.0,0.0,0.0,0.0,1675.037800000003,0.0,0.00985770427751758,4.219053164556966,5.141138661710015,NaN,1.5890447955390339,2.9722813935469343,3.2652502593216792,1076.0,1106.0,538.0,2045.3333333333333,1282.0,204.0,190,0,0,1,63,48.0,2048.0,26927.496199999987,2472.7430999999997,6490.695599999999,768,0,0,128,0.1555345375319137,0.39602969435779833,0.14643760934985894,0,5640.625100000008,4666.272800000004,63,0,0.0,0,0,0,0.0,0,0.0,45593.67219999997,0.0,0,0,0,1.5,0,0.0,0,0,0.0,0,0.0,0,0,0.0,0.0,0.0,0,0.0,0.0,NaN,5120.0,NaN,NaN,0,0,0.0,0,0.0,NaN,0,NaN,0,0,0,0.0,0.0,0.0,0.0,0.0,0.0,0.0,0.0,0,0,0,0,190,0.0,0,0,0.0,0,0.0,0.0,0.0,0.0,0.0,0.0,0.0,0.0,0.0,0.0,0.9204433196227313,384,17276.27169999999,128,28317.40049999999,4,-8235.1165,4,-4160.184399999999,2,345.0343000000001,-14877.2296,24.304916666666667,0,0,538,538,2 + government,debt,1,1.7462298274040222e-10
8,512,4,4,36763.871399999996,0.0,37121.43,0.0,16251.4372,,0.0,16251.4372,0.0,0.0,0.0,0.0,0.0025,0.0,0.0,0.0,1.0,2197.581553107811,0.0,0.0,0.0,1.0,0.0,0.0,1.0,0.0,0,0,23.55540422653218,4.2173475970783665,27.772751823610548,7.262526704312662,4.2173475970783665,11.479874301391028,3568.708700000016,3554.7549999999947,4079.991300000039,0.0,0,0,0.0,0.0,196.74769999999998,1.0,1.0,0.0,0.0,0.0,0.0,0.5,0.25,357.55860000000007,1238.4722999999994,0.0,20,2442.0307999999995,1569.0944,2783.9183999999996,897.7605999999976,0.0,0.0,0.0,0.0,0.0,0,0.0,0.0,0.0,0.0,0.0,1640.6671000000015,0.0,0.009626736054707832,4.117752247190982,5.13051874999998,NaN,1.544272426470587,2.905088653571467,3.167292751542029,1088.0,1068.0,544.0,2046.6666666666667,1294.0,204.0,188,0,0,2,53,41.0,2048.0,28079.77570000006,2423.9278,6260.1679,768,0,0,128,0.17612226293058297,0.3994815996212844,0.14549009705899274,0,5550.038899999981,4397.759399999969,53,0,0.0,0,0,0,0.0,0,0.0,46385.571744609566,0.0,0,0,0,1.5,0,0.0,0,0,0.0,0,0.0,0,0,0.0,0.0,0.0,0,0.0,0.0,NaN,5120.0,NaN,NaN,0,0,0.0,0,0.0,NaN,0,NaN,0,0,0,0.0,0.0,0.0,0.0,0.0,0.0,0.0,0.0,0,0,0,0,188,0.0,0,0,0.0,0,0.0,0.0,0.0,0.0,0.0,0.0,0.0,0.0,0.0,0.0,0.9013993339171702,384,17602.238200000007,128,28783.33354460968,4,-7995.3806,4,-4189.7521,2,356.79419999999845,-16251.4372,23.835671933085507,0,0,544,544,2 + government,debt,1,1.7462298274040222e-10
9,512,4,4,37625.035499999976,0.0,37992.8051,0.0,17612.3823,,0.0,17612.3823,0.0,0.0,0.0,0.0,0.0025,0.0002,0.0,0.0,1.0,2179.74003362031,0.0,0.0,0.0,1.0,0.0,0.0,1.0,0.0,0,0,24.463438203968312,4.330063909095086,28.7935021130634,8.467172985460632,4.330063909095086,12.797236894555718,3452.4490999999957,3583.232599999995,3949.207799999993,0.0,0,0,0.0,0.0,198.7545,1.0,1.0,0.0,0.0,0.0,0.0,0.5,0.25,367.7696,1424.0010999999997,0.0,24,2548.3229,1687.1588000000006,2869.7637999999997,900.0526000000002,0.0,0.0,0.0,0.0,0.0,0,0.0,0.0,0.0,0.0,0.0,1636.1977000000024,0.0,0.009746618361991144,4.033603249767874,5.028154850746248,NaN,1.5108986940298499,2.8426605085778776,3.072273968995767,1072.0,1077.0,536.0,2045.3333333333335,1278.0,204.0,192,0,0,1,58,37.0,2048.0,29148.118199999983,2450.4309,6026.486199999999,768,0,0,128,0.19288842455831268,0.4000486233577758,0.14641389997039655,0,5412.5332,4344.1907,58,0,0.0,0,0,0,0.0,0,0.0,46938.13655294116,0.0,0,0,0,1.5,0,0.0,0,0,0.0,0,0.0,0,0,0.0,0.0,0.0,0,0.0,0.0,NaN,5120.0,NaN,NaN,0,0,0.0,0,0.0,NaN,0,NaN,0,0,0,0.0,0.0,0.0,0.0,0.0,0.0,0.0,0.0,0,0,0,0,192,0.0,0,0,0.0,0,0.0,0.0,0.0,0.0,0.0,0.0,0.0,0.0,0.0,0.0,0.879098312785384,384,17923.535400000008,128,29014.601152941155,4,-7680.326300000001,4,-4222.4738,2,367.0639999999996,-17612.382100000003,23.164086397058803,0,0,536,536,2 + government,debt,1,1.7462298274040222e-10
10,512,4,4,38374.290999999976,0.0,38751.4467,0.0,18860.5939,,0.0,18860.5939,0.0,0.0,0.0,0.0,0.0025,0.0001,0.0,0.0,1.0,2111.1000759198855,0.0,0.0,0.0,1.0,0.0,0.0,1.0,0.0,0,0,25.541411881125846,4.428607131520695,29.97001901264654,9.604895389037456,4.428607131520695,14.033502520558152,3482.954699999949,3539.107900000003,3893.0545999999817,0.0,0,0,0.0,0.0,210.0945,1.0,1.0,0.0,0.0,0.0,0.0,0.5,0.25,377.1557,1613.8951000000002,0.0,28,2559.4297999999994,1810.1743,2789.0218999999997,950.9500000000061,0.0,0.0,0.0,0.0,0.0,0,0.0,0.0,0.0,0.0,0.0,1578.6649999999981,0.0,0.009924067604588645,4.112203835360149,5.029552680221805,NaN,1.480900184842883,2.787790006963797,2.9801057499258943,1082.0,1069.0,541.0,2046.6666666666665,1288.0,204.0,189,0,0,1,44,39.0,2048.0,30063.871800000008,2355.9542,5954.4649,768,0,0,128,0.2092193526221895,0.40346997483240665,0.14793326045382194,0,5311.699499999983,4395.9459,44,0,0.0,0,0,0,0.0,0,0.0,47469.4247552238,0.0,0,0,0,1.5,0,0.0,0,0,0.0,0,0.0,0,0,0.0,0.0,0.0,0,0.0,0.0,NaN,5120.0,NaN,NaN,0,0,0.0,0,0.0,NaN,0,NaN,0,0,0,0.0,0.0,0.0,0.0,0.0,0.0,0.0,0.0,0,0,0,0,189,0.0,0,0,0.0,0,0.0,0.0,0.0,0.0,0.0,0.0,0.0,0.0,0.0,0.0,0.8598042781102897,384,18144.573899999996,128,29324.850855223853,4,-7486.2518,4,-4093.5351,2,376.508900000003,-18860.5938,22.663480410447747,0,0,541,541,2 + government,debt,1,1.7462298274040222e-10
11,512,4,4,39237.471900000004,0.0,39622.658500000005,0.0,20221.3757,,0.0,20221.3757,0.0,0.0,0.0,0.0,0.0025,0.0002,0.0,0.0,1.0,2144.0418243517847,0.0,0.0,0.0,1.0,0.0,0.0,1.0,0.0,0,0,25.384701725641893,4.346952061925434,29.731653787567325,10.101329397393085,4.346952061925434,14.44828145931852,3443.4270000000215,3489.2877999999982,3847.193800000014,0.0,0,0,0.0,0.0,207.32129999999998,1.0,1.0,0.0,0.0,0.0,0.0,0.5,0.25,385.1866,1807.5913999999996,0.0,32,2796.1036000000004,1932.9226999999996,3014.205,877.5621,0.0,0.0,0.0,0.0,0.0,0,0.0,0.0,0.0,0.0,0.0,1601.2274999999995,0.0,0.010202584023020822,4.06123058387396,5.026352336448599,NaN,1.5182517757009355,2.792299325706016,2.8907025774281183,1070.0,1079.0,535.0,2046.6666666666665,1276.0,204.0,192,0,0,2,55,41.0,2048.0,31002.00320000005,2383.285,5852.1835,768,0,0,128,0.2232734900664619,0.40608104116931165,0.15000745428502849,0,5320.199200000004,4382.0678000000025,55,0,0.0,0,0,0,0.0,0,0.0,48061.97332938998,0.0,0,0,0,1.5,0,0.0,0,0,0.0,0,0.0,0,0,0.0,0.0,0.0,0,0.0,0.0,NaN,5120.0,NaN,NaN,0,0,0.0,0,0.0,NaN,0,NaN,0,0,0,0.0,0.0,0.0,0.0,0.0,0.0,0.0,0.0,0,0,0,0,192,0.0,0,0,0.0,0,0.0,0.0,0.0,0.0,0.0,0.0,0.0,0.0,0.0,0.0,0.8352738293486694,384,18303.2196,128,29758.753729390002,4,-7170.3698,4,-3994.856500000001,2,384.5986000000009,-20221.375500000002,22.213502772643245,0,0,535,535,2 + government,debt,1,1.7462298274040222e-10
12,512,4,4,40012.26980000002,0.0,40404.364700000006,0.0,21492.6519,,0.0,21492.6519,0.0,0.0,0.0,0.0,0.0025,0.0,0.0,0.0,1.0,2102.0701405050118,0.0,0.0,0.0,1.0,0.0,0.0,1.0,0.0,0,0,26.9951214990812,4.446439401391777,31.44156090047298,11.290905946364438,4.446439401391777,15.737345347756216,3423.6431000001107,3511.927400000017,3758.9095000001153,0.0,0,0,0.0,0.0,204.82809999999998,1.0,1.0,0.0,0.0,0.0,0.0,0.5,0.25,392.09489999999994,2005.6525999999997,0.0,36,2842.6073,2067.8094,2986.7208,931.9045999999969,0.0,0.0,0.0,0.0,0.0,0,0.0,0.0,0.0,0.0,0.0,1565.9925999999962,0.0,0.010324660500740324,4.036010869565216,5.000914365671638,NaN,1.5039593283582087,2.7462667739212954,2.803981500105274,1072.0,1058.0,536.0,2045.3333333333333,1278.0,204.0,192,0,0,1,48,28.0,2048.0,31966.3458,2352.8297000000002,5693.0943,768,0,0,128,0.23672932156971283,0.413513854608774,0.15050639127717425,0,5234.442100000024,4270.099499999999,48,0,0.0,0,0,0,0.0,0,0.0,49456.606256074825,0.0,0,0,0,1.5,0,0.0,0,0,0.0,0,0.0,0,0,0.0,0.0,0.0,0,0.0,0.0,NaN,5120.0,NaN,NaN,0,0,0.0,0,0.0,NaN,0,NaN,0,0,0,0.0,0.0,0.0,0.0,0.0,0.0,0.0,0.0,0,0,0,0,192,0.0,0,0,0.0,0,0.0,0.0,0.0,0.0,0.0,0.0,0.0,0.0,0.0,0.0,0.8154634842643893,384,18499.71249999999,128,30956.893756074765,4,-6912.273899999999,4,-3952.9856999999997,2,391.56570000000005,-21492.6519,22.773776635514032,0,0,536,536,2 + government,debt,1,1.7462298274040222e-10
13,512,4,4,40799.256499999996,0.0,41197.6407,0.0,22775.4979,,0.0,22775.4979,0.0,0.0,0.0,0.0,0.0025,0.0,0.0,0.0,1.0,2094.87641922215,0.0,0.0,0.0,1.0,0.0,0.0,1.0,0.0,0,0,28.18020549183855,4.36416288081674,32.54436837265529,12.518795595682377,4.36416288081674,16.882958476499116,3402.0890000000286,3490.72800000006,3670.2705000000155,0.0,0,0,0.0,0.0,206.89430000000002,1.0,1.0,0.0,0.0,0.0,0.0,0.5,0.25,398.3841999999999,2207.631400000002,0.0,40,2991.2865,2204.2998,3063.7785000000003,919.4941999999905,0.0,0.0,0.0,0.0,0.0,0,0.0,0.0,0.0,0.0,0.0,1562.1256999999973,0.0,0.010592799436428348,3.96836543438078,4.97246977611939,NaN,1.4981020522388053,2.7063902463087937,2.719862055102116,1072.0,1082.0,536.0,2046.6666666666667,1278.0,204.0,192,0,0,1,48,39.0,2048.0,32857.23999999999,2345.6553000000004,5596.361199999999,768,0,0,128,0.2534035365593126,0.4202937810558316,0.15099436858449344,0,5184.665599999979,4293.771400000004,48,0,0.0,0,0,0,0.0,0,0.0,50182.851462686565,0.0,0,0,0,1.5,0,0.0,0,0,0.0,0,0.0,0,0,0.0,0.0,0.0,0,0.0,0.0,NaN,5120.0,NaN,NaN,0,0,0.0,0,0.0,NaN,0,NaN,0,0,0,0.0,0.0,0.0,0.0,0.0,0.0,0.0,0.0,0,0,0,0,192,0.0,0,0,0.0,0,0.0,0.0,0.0,0.0,0.0,0.0,0.0,0.0,0.0,0.0,0.7992999744784435,384,18592.23960000002,128,31590.611862686565,4,-6630.8971,4,-3848.758800000001,2,397.91380000000044,-22775.4979,22.55938992537313,0,0,536,536,2 + government,debt,1,1.7462298274040222e-10
14,512,4,4,41531.3652,0.0,41936.8634,0.0,24004.2906,,0.0,24004.2906,0.0,0.0,0.0,0.0,0.0025,0.0,0.0,0.0,1.0,2065.847609019754,0.0,0.0,0.0,1.0,0.0,0.0,1.0,0.0,0,0,28.920871778697457,4.537247433504696,33.45811921220215,13.272929664638232,4.537247433504696,17.81017709814293,3363.9939999999265,3507.781200000014,3526.483299999935,0.0,0,0,0.0,0.0,202.6738,1.0,1.0,0.0,0.0,0.0,0.0,0.5,0.25,405.4981999999999,2413.585600000001,0.0,44,3080.1637000000005,2348.0550000000007,3043.8128,950.9300999999697,0.0,0.0,0.0,0.0,0.0,0,0.0,0.0,0.0,0.0,0.0,1542.0190999999968,0.0,0.010811207651376956,3.9190558823529407,4.932041791044792,NaN,1.4676130597014905,2.6509530808593764,2.6382661934490526,1072.0,1054.0,536.0,2046.6666666666665,1278.0,204.0,192,0,0,2,48,23.0,2048.0,33816.99619999999,2331.8427999999994,5382.5262,768,0,0,128,0.26274352552628155,0.42203119590272653,0.15030634709356394,0,5090.441099999987,4130.684899999999,48,0,0.0,0,0,0,0.0,0,0.0,51075.1318417911,0.0,0,0,0,1.5,0,0.0,0,0,0.0,0,0.0,0,0,0.0,0.0,0.0,0,0.0,0.0,NaN,5120.0,NaN,NaN,0,0,0.0,0,0.0,NaN,0,NaN,0,0,0,0.0,0.0,0.0,0.0,0.0,0.0,0.0,0.0,0,0,0,0,192,0.0,0,0,0.0,0,0.0,0.0,0.0,0.0,0.0,0.0,0.0,0.0,0.0,0.0,0.781991123051172,384,18867.553199999988,128,32207.578641791028,4,-6356.1584,4,-3861.6337999999996,2,405.08659999999816,-24004.2906,22.47153078358208,0,0,536,536,2 + government,debt,1,1.7462298274040222e-10
15,512,4,4,42258.942799999946,0.0,42671.6916,0.0,25174.7642,,0.0,25174.7642,0.0,0.0,0.0,0.0,0.0025,0.0001,0.0,0.0,1.0,2041.3111077123463,0.0,0.0,0.0,1.0,0.0,0.0,1.0,0.0,0,0,29.873067462752854,4.481219091132644,34.3542865538855,14.357307694905511,4.481219091132644,18.838526786038155,3314.569899999909,3526.4832999999967,3314.569899999909,0.0,0,0,0.0,0.0,205.69089999999997,1.0,1.0,0.0,0.0,0.0,0.0,0.5,0.25,412.74879999999985,2623.2441000000017,0.0,44,3223.4032,2495.8256,3020.9953,990.8575999999729,0.0,0.0,0.0,0.0,0.0,0,0.0,0.0,0.0,0.0,0.0,1523.9962999999987,0.0,0.011088277718268544,3.843185661764707,4.863540934579436,NaN,1.4523271028037368,2.6035403420616037,2.559118207645581,1070.0,1088.0,535.0,2045.3333333333335,1276.0,204.0,192,0,0,0,45,42.0,2048.0,34643.88369999997,2335.9336000000003,5279.1254,768,0,0,128,0.27497704625830344,0.4254443459702528,0.1517989282743215,0,5008.273499999993,4181.386000000001,45,0,0.0,0,0,0,0.0,0,0.0,51550.78614776114,0.0,0,0,0,1.5,0,0.0,0,0,0.0,0,0.0,0,0,0.0,0.0,0.0,0,0.0,0.0,NaN,5120.0,NaN,NaN,0,0,0.0,0,0.0,NaN,0,NaN,0,0,0,0.0,0.0,0.0,0.0,0.0,0.0,0.0,0.0,0,0,0,0,192,0.0,0,0,0.0,0,0.0,0.0,0.0,0.0,0.0,0.0,0.0,0.0,0.0,0.0,0.7679037396356478,384,19028.150500000007,128,32522.635647761155,4,-6117.441000000001,4,-3764.074600000001,2,412.39599999999757,-25174.7641,22.014195895522356,0,0,535,535,2 + government,debt,1,1.7462298274040222e-10
16,512,4,4,43091.80540000002,0.0,43512.0907,0.0,26507.4295,,0.0,26507.4295,0.0,0.0,0.0,0.0,0.0025,0.0,0.0,0.0,1.0,2026.361538080578,0.0,0.0,0.0,1.0,0.0,0.0,1.0,0.0,0,0,31.00581391238166,4.624009104477159,35.62982301685882,15.61191126578603,4.624009104477159,20.235920370263187,3254.3756000000367,3314.5698999999504,3254.3756000000367,0.0,0,0,0.0,0.0,197.9434,1.0,1.0,0.0,0.0,0.0,0.0,0.5,0.25,420.2852999999999,2836.8243000000007,0.0,44,3483.6593999999996,2650.7967999999996,3277.6157,819.5701999999739,0.0,0.0,0.0,0.0,0.0,0,0.0,0.0,0.0,0.0,0.0,1519.059600000001,0.0,0.011373200247428588,3.7905237558685445,4.78773925233643,NaN,1.4254706542056066,2.5476407581136167,2.4823446614162132,1070.0,1065.0,535.0,2048.0,1276.0,204.0,193,0,0,0,53,30.0,2048.0,35537.46710000003,2452.6903,5101.648,768,0,0,128,0.28651189394650944,0.42879015409090404,0.15013356817648393,0,4930.491199999987,4036.9078,53,0,0.0,0,0,0,0.0,0,0.0,52268.27532429906,0.0,0,0,0,1.5,0,0.0,0,0,0.0,0,0.0,0,0,0.0,0.0,0.0,0,0.0,0.0,NaN,5120.0,NaN,NaN,0,0,0.0,0,0.0,NaN,0,NaN,0,0,0,0.0,0.0,0.0,0.0,0.0,0.0,0.0,0.0,0,0,0,0,193,0.0,0,0,0.0,0,0.0,0.0,0.0,0.0,0.0,0.0,0.0,0.0,0.0,0.0,0.7488082179274191,384,19241.027799999996,128,33027.247524299055,4,-5709.436900000001,4,-3740.5919999999996,2,419.9913000000014,-26507.4295,21.784906542056053,0,0,535,535,2 + government,debt,1,1.7462298274040222e-10
17,512,4,4,43901.233499999966,0.0,44329.4693,0.0,27817.0743,,0.0,27817.0743,0.0,0.0,0.0,0.0,0.0025,0.0,0.0,0.0,1.0,1976.5637374587836,0.0,0.0,0.0,1.0,0.0,0.0,1.0,0.0,0,0,31.72607186668855,4.689912438163978,36.41598430485252,16.591096673926863,4.689912438163978,21.28100911209084,3210.4404999999983,3254.375600000039,3210.4404999999983,0.0,0,0,0.0,0.0,197.4019,1.0,1.0,0.0,0.0,0.0,0.0,0.5,0.25,428.23579999999987,3054.603199999998,0.0,44,3628.3045999999995,2818.8765,3418.4762,799.4519999999859,0.0,0.0,0.0,0.0,0.0,0,0.0,0.0,0.0,0.0,0.0,1476.2088999999994,0.0,0.01151221112316914,3.7293240223463684,4.693959665427507,NaN,1.4058914498141273,2.500114458482567,2.407874321573727,1076.0,1074.0,538.0,2048.0,1282.0,204.0,191,0,0,1,48,33.0,2048.0,36375.6948,2561.6544,4963.8843,768,0,0,128,0.29614942641289765,0.4306707054256651,0.15346609955281765,0,4843.521700000006,4005.294,48,0,0.0,0,0,0,0.0,0,0.0,52797.11673644865,0.0,0,0,0,1.5,0,0.0,0,0,0.0,0,0.0,0,0,0.0,0.0,0.0,0,0.0,0.0,NaN,5120.0,NaN,NaN,0,0,0.0,0,0.0,NaN,0,NaN,0,0,0,0.0,0.0,0.0,0.0,0.0,0.0,0.0,0.0,0,0,0,0,191,0.0,0,0,0.0,0,0.0,0.0,0.0,0.0,0.0,0.0,0.0,0.0,0.0,0.0,0.7291604198352082,384,19433.4574,128,33363.659336448596,4,-5309.2254,4,-3677.395700000001,2,428.0005999999986,-27817.0743,21.382059813084098,0,0,538,538,2 + government,debt,1,1.7462298274040222e-10
18,512,4,4,44687.843899999985,0.0,45124.1192,0.0,29103.9904,,0.0,29103.9904,0.0,0.0,0.0,0.0,0.0025,0.0001,0.0,0.0,1.0,1938.8355252336967,0.0,0.0,0.0,1.0,0.0,0.0,1.0,0.0,0,0,33.05017093194455,4.6357857228898744,37.68595665483443,17.837326864071873,4.6357857228898744,22.473112586961747,3153.972599999992,3210.44050000001,3153.972599999992,0.0,0,0,0.0,0.0,194.2922,1.0,1.0,0.0,0.0,0.0,0.0,0.5,0.25,436.2752999999999,3276.466099999999,0.0,44,3780.4946000000004,2993.884200000001,3566.6712,790.9976000000063,0.0,0.0,0.0,0.0,0.0,0,0.0,0.0,0.0,0.0,0.0,1446.5558999999996,0.0,0.011736085261908955,3.660528917910448,4.645309158878501,NaN,1.3826949532710284,2.45240107441201,2.335638091926515,1070.0,1072.0,535.0,2046.6666666666667,1276.0,204.0,192,0,0,2,44,39.0,2048.0,37186.8235,2686.5396,4814.4807,768,0,0,128,0.30695028930975843,0.43506834771309677,0.15615499694429258,0,4735.215699999954,3924.087,44,0,0.0,0,0,0,0.0,0,0.0,53382.693001858715,0.0,0,0,0,1.5,0,0.0,0,0,0.0,0,0.0,0,0,0.0,0.0,0.0,0,0.0,0.0,NaN,5120.0,NaN,NaN,0,0,0.0,0,0.0,NaN,0,NaN,0,0,0,0.0,0.0,0.0,0.0,0.0,0.0,0.0,0.0,0,0,0,0,192,0.0,0,0,0.0,0,0.0,0.0,0.0,0.0,0.0,0.0,0.0,0.0,0.0,0.0,0.7128882971571382,384,19495.644599999996,128,33887.04840185877,4,-4893.0928,4,-3625.8392999999996,2,436.0989000000012,-29103.990299999998,21.08837174721191,0,0,535,535,2 + government,debt,1,1.7462298274040222e-10
19,512,4,4,45464.595400000006,0.0,45908.8542,0.0,30380.9916,,0.0,30380.9916,0.0,0.0,0.0,0.0,0.0025,0.0,0.0,0.0,1.0,1905.3555545728723,0.0,0.0,0.0,1.0,0.0,0.0,1.0,0.0,0,0,34.01409301593825,4.7870474139564685,38.801140429894716,18.973833892481757,4.7870474139564685,23.760881306438225,3116.345199999956,3153.972599999997,3116.345199999956,0.0,0,0,0.0,0.0,192.40820000000002,1.0,1.0,0.0,0.0,0.0,0.0,0.5,0.25,444.2587999999999,3502.299599999998,0.0,44,3952.9395999999997,3176.1881,3735.0896,773.8768999999927,0.0,0.0,0.0,0.0,0.0,0,0.0,0.0,0.0,0.0,0.0,1422.1685999999956,0.0,0.011979620936939746,3.61686685823755,4.597116822429909,NaN,1.3692413084112132,2.4020678817901295,2.26556894916872,1070.0,1044.0,535.0,2045.3333333333333,1275.9999999999998,204.0,192,0,0,1,35,25.0,2048.0,38060.941099999916,2812.3162,4591.338100000001,768,0,0,128,0.3151861554635291,0.4366475367737812,0.15764156493610315,0,4650.126600000012,3776.009000000002,35,0,0.0,0,0,0,0.0,0,0.0,53989.58696168226,0.0,0,0,0,1.5,0,0.0,0,0,0.0,0,0.0,0,0,0.0,0.0,0.0,0,0.0,0.0,NaN,5120.0,NaN,NaN,0,0,0.0,0,0.0,NaN,0,NaN,0,0,0,0.0,0.0,0.0,0.0,0.0,0.0,0.0,0.0,0,0,0,0,192,0.0,0,0,0.0,0,0.0,0.0,0.0,0.0,0.0,0.0,0.0,0.0,0.0,0.0,0.6967452963398733,384,19711.32210000001,128,34278.26486168224,4,-4476.0688,4,-3648.0219000000006,2,444.1412000000014,-30380.9916,20.740424299065428,0,0,535,535,2 + government,debt,1,1.7462298274040222e-10
20,512,4,4,46278.19480000003,0.0,46730.34360000001,0.0,31694.7472,,0.0,31694.7472,0.0,0.0,0.0,0.0,0.0025,0.0001,0.0,0.0,1.0,1923.6256818798443,0.0,0.0,0.0,1.0,0.0,0.0,1.0,0.0,0,0,35.27356753740321,4.810522828234159,40.084090365637365,20.153986350948525,4.810522828234159,24.96450917918268,3034.4302999999777,3116.3451999999547,3034.4302999999777,0.0,0,0,0.0,0.0,196.9854,1.0,1.0,0.0,0.0,0.0,0.0,0.5,0.25,452.14879999999994,3732.0531999999985,0.0,44,4180.462699999999,3366.8633,3958.5991,761.7726000000026,0.0,0.0,0.0,0.0,0.0,0,0.0,0.0,0.0,0.0,0.0,1446.1968999999972,0.0,0.012236179052605066,3.558582428702852,4.523393749999997,NaN,1.3450185606060603,2.3636581816857603,2.1976018806936577,1056.0,1087.0,528.0,2046.6666666666665,1262.0,204.0,196,0,0,2,54,36.0,2048.0,38778.08729999998,2972.7025,4527.4049,768,0,0,128,0.3250162979941267,0.4413903471115488,0.15654605838945157,0,4585.325300000007,3868.1791,54,0,0.0,0,0,0,0.0,0,0.0,54551.747172897194,0.0,0,0,0,1.5,0,0.0,0,0,0.0,0,0.0,0,0,0.0,0.0,0.0,0,0.0,0.0,NaN,5120.0,NaN,NaN,0,0,0.0,0,0.0,NaN,0,NaN,0,0,0,0.0,0.0,0.0,0.0,0.0,0.0,0.0,0.0,0,0,0,0,196,0.0,0,0,0.0,0,0.0,0.0,0.0,0.0,0.0,0.0,0.0,0.0,0.0,0.0,0.6783936322490527,384,19717.023399999987,128,34834.72377289717,4,-4024.4351,4,-3510.9950999999996,2,452.09000000000265,-31694.7471,20.5386196261682,0,0,528,528,2 + government,debt,1,1.7462298274040222e-10
21,512,4,4,47032.52740000001,0.0,47492.71000000001,0.0,32949.3798,,0.0,32949.3798,0.0,0.0,0.0,0.0,0.0025,0.0,0.0,0.0,1.0,1846.5601447595502,0.0,0.0,0.0,1.0,0.0,0.0,1.0,0.0,0,0,36.130347489552946,4.7754637451923525,40.9058112347453,21.108916849122046,4.7754637451923525,25.8843805943144,3045.632999999936,3034.4302999999923,3045.632999999936,0.0,0,0,0.0,0.0,197.6993,1.0,1.0,0.0,0.0,0.0,0.0,0.5,0.25,460.1826,3965.911599999998,0.0,44,4323.2303,3568.8977000000004,4097.4057,750.4047999999973,0.0,0.0,0.0,0.0,0.0,0,0.0,0.0,0.0,0.0,0.0,1376.833299999998,0.0,0.012481230159342722,3.527841357466067,4.470917318435755,NaN,1.3249057728119171,2.3158777192099937,2.1316738242728483,1074.0,1105.0,537.0,2045.3333333333335,1280.0000000000002,204.0,191,0,0,1,62,56.0,2048.0,39381.07380000002,3080.746,4570.7076,768,0,0,128,0.33471885177255567,0.44531258909277005,0.1604640707489562,0,4501.251199999985,3898.264700000004,62,0,0.0,0,0,0,0.0,0,0.0,54875.687618181815,0.0,0,0,0,1.5,0,0.0,0,0,0.0,0,0.0,0,0,0.0,0.0,0.0,0,0.0,0.0,NaN,5120.0,NaN,NaN,0,0,0.0,0,0.0,NaN,0,NaN,0,0,0,0.0,0.0,0.0,0.0,0.0,0.0,0.0,0.0,0,0,0,0,191,0.0,0,0,0.0,0,0.0,0.0,0.0,0.0,0.0,0.0,0.0,0.0,0.0,0.0,0.6592286398067952,384,19761.09010000001,128,35114.597518181814,4,-3625.1442000000006,4,-3266.7323999999994,2,460.1825999999983,-32949.3798,20.175278409090904,0,0,537,537,2 + government,debt,1,1.7462298274040222e-10
22,512,4,4,47757.704499999985,0.0,48225.7509,0.0,34174.6258,,0.0,34174.6258,0.0,0.0,0.0,0.0,0.0025,0.0001,0.0,0.0,1.0,1809.5677287886338,0.0,0.0,0.0,1.0,0.0,0.0,1.0,0.0,0,0,37.332438573443376,4.791010365030705,42.12344893847408,22.475752223803553,4.791010365030705,27.266762588834258,3086.075300000032,3045.6329999999466,3086.075300000032,0.0,0,0,0.0,0.0,177.02850000000004,1.0,1.0,0.0,0.0,0.0,0.0,0.5,0.25,468.04640000000006,4203.578199999998,0.0,44,4284.7015,3559.524399999999,4054.8987,749.0703999999932,0.0,0.0,0.0,0.0,0.0,0,0.0,0.0,0.0,0.0,0.0,1343.8935999999967,0.0,0.012573332642184918,3.5717106704438155,4.481324309392295,NaN,1.3184977900552475,2.4386989880176797,2.0677236095446627,1086.0,1059.0,543.0,2046.6666666666667,1292.0,204.0,188,0,0,0,51,40.0,2048.0,40229.26229999996,3071.8364,4456.6057,768,0,0,128,0.3438537989036232,0.44894022934703925,0.16641627689036054,0,4630.630099999994,3782.4416000000006,51,0,0.0,0,0,0,0.0,0,0.0,55492.17680279327,0.0,0,0,0,1.5,0,0.0,0,0,0.0,0,0.0,0,0,0.0,0.0,0.0,0,0.0,0.0,NaN,5120.0,NaN,NaN,0,0,0.0,0,0.0,NaN,0,NaN,0,0,0,0.0,0.0,0.0,0.0,0.0,0.0,0.0,0.0,0,0,0,0,188,0.0,0,0,0.0,0,0.0,0.0,0.0,0.0,0.0,0.0,0.0,0.0,0.0,0.0,0.6485611783422456,384,19827.16309999999,128,35665.0137027933,4,-3342.8087000000005,4,-3179.8743,2,468.0464000000029,-34174.625700000004,19.873586592178757,0,0,543,543,2 + government,debt,1,1.7462298274040222e-10
23,512,4,4,48536.91799999997,0.0,49012.485100000005,0.0,35426.2901,,0.0,35426.2901,0.0,0.0,0.0,0.0,0.0025,0.0,0.0,0.0,1.0,1839.299760550688,0.0,0.0,0.0,1.0,0.0,0.0,1.0,0.0,0,0,37.57671596485217,4.736988385087185,42.31370434993936,23.11589181458564,4.736988385087185,27.85288019967283,3072.1217999999844,3086.0753000000295,3072.1217999999844,0.0,0,0,0.0,0.0,185.0951,1.0,1.0,0.0,0.0,0.0,0.0,0.5,0.25,475.5671000000001,4444.907199999998,0.0,44,4372.527999999999,3593.314500000001,4138.7197,758.5091999999999,0.0,0.0,0.0,0.0,0.0,0,0.0,0.0,0.0,0.0,0.0,1367.8359999999977,0.0,0.012659873662730022,3.5683257490636744,4.500537988826794,NaN,1.3298147113594028,2.4422616472645187,2.005691901258323,1074.0,1068.0,537.0,2048.0,1280.0,204.0,192,0,0,2,49,37.0,2048.0,41050.29959999999,3122.4737,4364.1447,768,0,0,128,0.35146145052244315,0.4520969820645704,0.164332961061477,0,4632.009199999991,3810.971900000004,49,0,0.0,0,0,0,0.0,0,0.0,56239.3941414364,0.0,0,0,0,1.5,0,0.0,0,0,0.0,0,0.0,0,0,0.0,0.0,0.0,0,0.0,0.0,NaN,5120.0,NaN,NaN,0,0,0.0,0,0.0,NaN,0,NaN,0,0,0,0.0,0.0,0.0,0.0,0.0,0.0,0.0,0.0,0,0,0,0,192,0.0,0,0,0.0,0,0.0,0.0,0.0,0.0,0.0,0.0,0.0,0.0,0.0,0.0,0.6356134556899369,384,20045.394100000005,128,36194.00004143644,4,-3028.2012999999997,4,-3071.3753000000006,2,475.56709999999566,-35426.2901,19.777466850828713,0,0,537,537,2 + government,debt,1,1.7462298274040222e-10
24,512,4,4,49414.812400000024,0.0,49898.1411,0.0,36680.9623,,0.0,36680.9623,0.0,0.0,0.0,0.0,0.0025,0.0,0.0,0.0,1.0,1839.1348287752817,0.0,0.0,0.0,1.0,0.0,0.0,1.0,0.0,0,0,38.49323675913637,4.670420400077558,43.16365715921393,23.960940286495333,4.670420400077558,28.63136068657289,3073.2597999999825,3072.121799999996,3073.2597999999825,0.0,0,0,0.0,0.0,191.48720000000003,1.0,1.0,0.0,0.0,0.0,0.0,0.5,0.25,483.32870000000014,4690.112699999997,0.0,44,4488.8253,3610.9308999999994,4251.3814,761.5998000000004,0.0,0.0,0.0,0.0,0.0,0,0.0,0.0,0.0,0.0,0.0,1368.1197000000004,0.0,0.012715912922121892,3.5467685454545466,4.495577653631253,NaN,1.3395601489757878,2.4271693741221907,1.9455211442205729,1074.0,1100.0,537.0,2045.3333333333333,1280.0,204.0,192,0,0,2,64,51.0,2048.0,41769.18189999999,3262.2632999999996,4383.3672,768,0,0,128,0.3602635386528761,0.4577275463975914,0.16663567985901473,0,4620.327699999992,3901.4454000000014,64,0,0.0,0,0,0,0.0,0,0.0,57088.64737486033,0.0,0,0,0,1.5,0,0.0,0,0,0.0,0,0.0,0,0,0.0,0.0,0.0,0,0.0,0.0,NaN,5120.0,NaN,NaN,0,0,0.0,0,0.0,NaN,0,NaN,0,0,0,0.0,0.0,0.0,0.0,0.0,0.0,0.0,0.0,0,0,0,0,192,0.0,0,0,0.0,0,0.0,0.0,0.0,0.0,0.0,0.0,0.0,0.0,0.0,0.0,0.6224839728384386,384,20180.144699999993,128,36908.50267486032,4,-2720.3555000000006,4,-2851.1928000000007,2,483.32870000000275,-36680.9623,19.94722067039104,0,0,537,537,2 + government,debt,1,1.7462298274040222e-10
25,512,4,4,50266.93060000007,0.0,50758.5723,0.0,37910.4097,,0.0,37910.4097,0.0,0.0,0.0,0.0,0.0025,0.0002,0.0,0.0,1.0,1811.6041851776224,0.0,0.0,0.0,1.0,0.0,0.0,1.0,0.0,0,0,39.587690556930035,4.73726440753792,44.32495496446796,24.965236538976534,4.73726440753792,29.702500946514455,3075.312000000007,3073.2597999999875,3075.312000000007,0.0,0,0,0.0,0.0,178.5616,1.0,1.0,0.0,0.0,0.0,0.0,0.5,0.25,491.64170000000024,4939.734199999998,0.0,44,4561.1097,3708.9914999999996,4319.8012,765.5578999999999,0.0,0.0,0.0,0.0,0.0,0,0.0,0.0,0.0,0.0,0.0,1343.4255999999964,0.0,0.012764020792553808,3.53889651837524,4.491534380776335,NaN,1.3298077634011096,2.4085853633540353,1.887155509893956,1082.0,1034.0,541.0,2045.3333333333333,1287.9999999999998,204.0,189,0,0,1,35,27.0,2048.0,42701.82030000006,3407.5701999999997,4157.5399,768,0,0,128,0.3656754463061862,0.46027354850450086,0.16806730761200273,0,4591.857399999997,3659.2189999999982,35,0,0.0,0,0,0,0.0,0,0.0,58133.55321620115,0.0,0,0,0,1.5,0,0.0,0,0,0.0,0,0.0,0,0,0.0,0.0,0.0,0,0.0,0.0,NaN,5120.0,NaN,NaN,0,0,0.0,0,0.0,NaN,0,NaN,0,0,0,0.0,0.0,0.0,0.0,0.0,0.0,0.0,0.0,0,0,0,0,189,0.0,0,0,0.0,0,0.0,0.0,0.0,0.0,0.0,0.0,0.0,0.0,0.0,0.0,0.613578110199525,384,20443.768999999997,128,37689.78421620108,4,-2406.9924,4,-2876.0601,2,491.6417000000001,-37910.409499999994,20.093402234636816,0,0,541,541,2 + government,debt,1,1.7462298274040222e-10
26,512,4,4,51178.0763,0.0,51678.1545,0.0,39199.0081,,0.0,39199.0081,0.0,0.0,0.0,0.0,0.0025,0.0001,0.0,0.0,1.0,1851.326764804708,0.0,0.0,0.0,1.0,0.0,0.0,1.0,0.0,0,0,40.65903961751004,4.660567937327292,45.319607554837326,26.177625805815246,4.660567937327292,30.83819374314254,2994.778600000022,3075.311999999999,2994.778600000022,0.0,0,0,0.0,0.0,187.3787,1.0,1.0,0.0,0.0,0.0,0.0,0.5,0.25,500.07820000000015,5193.646099999996,0.0,44,4737.8615,3826.7157999999995,4492.3861,752.2821000000014,0.0,0.0,0.0,0.0,0.0,0,0.0,0.0,0.0,0.0,0.0,1384.1941000000013,0.0,0.012815564712537147,3.496784509624198,4.434566226415108,NaN,1.333413584905661,2.4116005848542867,1.8305408445971376,1060.0,1091.0,530.0,2046.6666666666667,1266.0,204.0,195,0,0,1,53,42.0,2048.0,43466.848199999986,3607.3352,4103.8928,768,0,0,128,0.373752457370631,0.46436044993779446,0.1652060244982454,0,4580.019800000006,3814.9919,53,0,0.0,0,0,0,0.0,0,0.0,58786.23363438074,0.0,0,0,0,1.5,0,0.0,0,0,0.0,0,0.0,0,0,0.0,0.0,0.0,0,0.0,0.0,NaN,5120.0,NaN,NaN,0,0,0.0,0,0.0,NaN,0,NaN,0,0,0,0.0,0.0,0.0,0.0,0.0,0.0,0.0,0.0,0,0,0,0,195,0.0,0,0,0.0,0,0.0,0.0,0.0,0.0,0.0,0.0,0.0,0.0,0.0,0.0,0.6011765489700374,384,20630.981999999996,128,38155.25163438077,4,-2039.1711999999998,4,-2728.7472000000007,2,500.078199999999,-39199.008,19.947116451016644,0,0,530,530,2 + government,debt,1,1.7462298274040222e-10
27,512,4,4,52052.6953,0.0,52561.584,0.0,40451.4538,,0.0,40451.4538,0.0,0.0,0.0,0.0,0.0025,0.0001,0.0,0.0,1.0,1807.5982072394136,0.0,0.0,0.0,1.0,0.0,0.0,1.0,0.0,0,0,41.69515629409976,4.651646911034044,46.346803205133796,27.142493264533535,4.651646911034044,31.794140175567577,3025.008800000004,2994.77860000001,3025.008800000004,0.0,0,0,0.0,0.0,186.3588,1.0,1.0,0.0,0.0,0.0,0.0,0.5,0.25,508.8887000000002,5452.1439999999975,0.0,44,4824.8764,3950.2574,4575.189,751.1491999999994,0.0,0.0,0.0,0.0,0.0,0,0.0,0.0,0.0,0.0,0.0,1346.0245000000002,0.0,0.012841515196111142,3.4705101185050142,4.424836059479552,NaN,1.3163553903345733,2.384539122675817,1.7756246192592227,1076.0,1097.0,538.0,2046.6666666666665,1282.0,204.0,191,0,0,2,63,54.0,2048.0,44206.12249999996,3738.4818,4108.0909,768,0,0,128,0.3804148563455141,0.4678827784818407,0.16802195746948767,0,4546.423899999988,3807.1496000000006,63,0,0.0,0,0,0,0.0,0,0.0,59567.04699811324,0.0,0,0,0,1.5,0,0.0,0,0,0.0,0,0.0,0,0,0.0,0.0,0.0,0,0.0,0.0,NaN,5120.0,NaN,NaN,0,0,0.0,0,0.0,NaN,0,NaN,0,0,0,0.0,0.0,0.0,0.0,0.0,0.0,0.0,0.0,0,0,0,0,191,0.0,0,0,0.0,0,0.0,0.0,0.0,0.0,0.0,0.0,0.0,0.0,0.0,0.0,0.5888121503109973,384,20786.39289999999,128,38780.65409811324,4,-1739.9683999999997,4,-2523.5891,2,508.8886999999977,-40451.453700000005,20.001203773584916,0,0,538,538,2 + government,debt,1,1.7462298274040222e-10
28,512,4,4,52900.79209999999,0.0,53418.509600000005,0.0,41677.3956,,0.0,41677.3956,0.0,0.0,0.0,0.0,0.0025,0.0003,0.0,0.0,1.0,1774.9611456921964,0.0,0.0,0.0,1.0,0.0,0.0,1.0,0.0,0,0,42.55961057092542,4.627351046124828,47.18696161705025,28.15852758385196,4.627351046124828,32.785878629976786,3030.112099999986,3025.008799999995,3030.112099999986,0.0,0,0,0.0,0.0,173.8032,1.0,1.0,0.0,0.0,0.0,0.0,0.5,0.25,517.7175000000002,5715.046999999998,0.0,44,4920.8498,4072.7529999999992,4666.7756,751.275499999998,0.0,0.0,0.0,0.0,0.0,0,0.0,0.0,0.0,0.0,0.0,1316.8525000000018,0.0,0.01287926015410781,3.4627964049195796,4.425750738007361,NaN,1.3083433579335781,2.3669834901622697,1.7223558806814463,1084.0,1057.0,542.0,2045.3333333333335,1290.0,204.0,188,0,0,1,53,35.0,2048.0,45060.949600000014,3899.9615999999996,3939.8806,768,0,0,128,0.38580452685009003,0.46965031542232416,0.16742545157923594,0,4515.002899999984,3660.1757999999954,53,0,0.0,0,0,0,0.0,0,0.0,60225.363696654254,0.0,0,0,0,1.5,0,0.0,0,0,0.0,0,0.0,0,0,0.0,0.0,0.0,0,0.0,0.0,NaN,5120.0,NaN,NaN,0,0,0.0,0,0.0,NaN,0,NaN,0,0,0,0.0,0.0,0.0,0.0,0.0,0.0,0.0,0.0,0,0,0,0,188,0.0,0,0,0.0,0,0.0,0.0,0.0,0.0,0.0,0.0,0.0,0.0,0.0,0.0,0.5794441276131903,384,21005.355400000004,128,39220.008296654276,4,-1410.4324000000001,4,-2490.8394000000003,2,517.7175000000025,-41677.395300000004,19.7453308550186,0,0,542,542,2 + government,debt,1,1.7462298274040222e-10
29,512,4,4,53772.69599999997,0.0,54299.0783,0.0,42926.9805,,0.0,42926.9805,0.0,0.0,0.0,0.0,0.0025,0.0001,0.0,0.0,1.0,1779.8931217844581,0.0,0.0,0.0,1.0,0.0,0.0,1.0,0.0,0,0,43.68004928864821,4.60997388056457,48.29002316921279,29.253851092209814,4.60997388056457,33.86382497277438,3027.4764000000046,3030.1121000000044,3027.4764000000046,0.0,0,0,0.0,0.0,181.88920000000002,1.0,1.0,0.0,0.0,0.0,0.0,0.5,0.25,526.3823000000002,5982.223000000001,0.0,44,5068.6363,4196.7324,4810.1251,738.6962999999993,0.0,0.0,0.0,0.0,0.0,0,0.0,0.0,0.0,0.0,0.0,1322.8069000000023,0.0,0.012904428438746117,3.4413155124653723,4.42980462962965,NaN,1.3034287037037038,2.360062435549028,1.670685204261003,1080.0,1083.0,540.0,2046.6666666666665,1286.0,204.0,190,0,0,1,51,44.0,2048.0,45834.868199999946,4095.3261,3842.5016,768,0,0,128,0.3929712609142102,0.4738739298026502,0.1700578823278882,0,4500.863299999991,3726.944699999998,51,0,0.0,0,0,0,0.0,0,0.0,60906.983683394785,0.0,0,0,0,1.5,0,0.0,0,0,0.0,0,0.0,0,0,0.0,0.0,0.0,0,0.0,0.0,NaN,5120.0,NaN,NaN,0,0,0.0,0,0.0,NaN,0,NaN,0,0,0,0.0,0.0,0.0,0.0,0.0,0.0,0.0,0.0,0,0,0,0,190,0.0,0,0,0.0,0,0.0,0.0,0.0,0.0,0.0,0.0,0.0,0.0,0.0,0.0,0.570105253942695,384,20998.821999999993,128,39908.16168339483,4,-1047.0117,4,-2387.2584,2,526.3823000000011,-42926.9804,19.625150369003673,0,0,540,540,2 + government,debt,1,1.7462298274040222e-10
30,512,4,4,54648.172900000056,0.0,55183.273499999996,0.0,44180.1919,,0.0,44180.1919,0.0,0.0,0.0,0.0,0.0025,0.0001,0.0,0.0,1.0,1781.5256910549408,0.0,0.0,0.0,1.0,0.0,0.0,1.0,0.0,0,0,44.38552776561058,4.711704493811372,49.09723225942195,29.937785510537722,4.711704493811372,34.6494900043491,2974.373299999993,3027.476399999992,2974.373299999993,0.0,0,0,0.0,0.0,180.2296,1.0,1.0,0.0,0.0,0.0,0.0,0.5,0.25,535.1006,6253.789799999997,0.0,44,5198.4569,4322.980000000001,4935.6084,742.9452000000003,0.0,0.0,0.0,0.0,0.0,0,0.0,0.0,0.0,0.0,0.0,1327.2699000000002,0.0,0.012912100715539353,3.4394413825757586,4.379304291044769,NaN,1.298782649253732,2.34730700128751,1.6205646481331724,1072.0,1056.0,536.0,2046.6666666666667,1278.0,204.0,192,0,0,3,46,33.0,2048.0,46671.692200000056,4311.8438,3664.6367999999998,768,0,0,128,0.39586837592678426,0.4746527559819169,0.16977800583100167,0,4468.874099999986,3632.0501000000013,46,0,0.0,0,0,0,0.0,0,0.0,61687.190866666715,0.0,0,0,0,1.5,0,0.0,0,0,0.0,0,0.0,0,0,0.0,0.0,0.0,0,0.0,0.0,NaN,5120.0,NaN,NaN,0,0,0.0,0,0.0,NaN,0,NaN,0,0,0,0.0,0.0,0.0,0.0,0.0,0.0,0.0,0.0,0,0,0,0,192,0.0,0,0,0.0,0,0.0,0.0,0.0,0.0,0.0,0.0,0.0,0.0,0.0,0.0,0.5591397230147779,384,21259.575999999994,128,40427.61486666666,4,-662.4377999999999,4,-2364.1632000000004,2,535.1006000000016,-44180.1918,19.551430555555555,0,0,536,536,2 + government,debt,1,1.7462298274040222e-10
31,512,4,4,55543.141900000046,0.0,56087.0049,0.0,45452.9395,,0.0,45452.9395,0.0,0.0,0.0,0.0,0.0025,0.0002,0.0,0.0,1.0,1787.0945291792164,0.0,0.0,0.0,1.0,0.0,0.0,1.0,0.0,0,0,44.93527255410412,4.748604282419873,49.683876836523986,30.626225065498044,4.748604282419873,35.37482934791792,2940.3704999999954,2974.373299999988,2940.3704999999954,0.0,0,0,0.0,0.0,181.1047,1.0,1.0,0.0,0.0,0.0,0.0,0.5,0.25,543.8629999999999,6529.765599999999,0.0,44,5350.1926,4455.223599999999,5082.9792,735.2484999999988,0.0,0.0,0.0,0.0,0.0,0,0.0,0.0,0.0,0.0,0.0,1333.0881000000015,0.0,0.012819531742507329,3.3941212464589223,4.346478236397727,NaN,1.2963844277673553,2.343448712657231,1.5719477086891773,1066.0,1059.0,533.0,2044.0000000000002,1272.0,204.0,193,0,0,0,44,24.0,2048.0,47531.47120000006,4507.9920999999995,3503.6784000000002,768,0,0,128,0.401105103463272,0.477136982870789,0.1698582170695162,0,4454.153399999998,3594.374399999999,44,0,0.0,0,0,0,0.0,0,0.0,62493.44731940301,0.0,0,0,0,1.5,0,0.0,0,0,0.0,0,0.0,0,0,0.0,0.0,0.0,0,0.0,0.0,NaN,5120.0,NaN,NaN,0,0,0.0,0,0.0,NaN,0,NaN,0,0,0,0.0,0.0,0.0,0.0,0.0,0.0,0.0,0.0,0,0,0,0,193,0.0,0,0,0.0,0,0.0,0.0,0.0,0.0,0.0,0.0,0.0,0.0,0.0,0.0,0.5504057314671966,384,21485.955500000004,128,41007.49181940298,4,-298.2333000000001,4,-2324.1616,2,543.8629999999994,-45452.9393,19.48173973880598,0,0,533,533,2 + government,debt,1,1.7462298274040222e-10
32,512,4,4,56429.89649999994,0.0,56982.6615,0.0,46717.6123,,0.0,46717.6123,0.0,0.0,0.0,0.0,0.0025,0.0,0.0,0.0,1.0,1769.0507356045139,0.0,0.0,0.0,1.0,0.0,0.0,1.0,0.0,0,0,46.743046706442236,4.784453620570164,51.5275003270124,32.22362527283813,4.784453620570164,37.008078893408296,2929.479700000003,2940.370500000007,2929.479700000003,0.0,0,0,0.0,0.0,184.61810000000003,1.0,1.0,0.0,0.0,0.0,0.0,0.5,0.25,552.765,6810.2483999999995,0.0,44,5470.112400000001,4583.357800000002,5198.5316,731.6373999999993,0.0,0.0,0.0,0.0,0.0,0,0.0,0.0,0.0,0.0,0.0,1321.020799999998,0.0,0.01262283964116276,3.3800876497695835,4.320927528089893,NaN,1.2798835205992498,2.317694587545195,1.524789277428502,1068.0,1085.0,534.0,2048.0,1274.0,204.0,193,0,0,2,51,36.0,2048.0,48275.87229999994,4697.335999999999,3456.6881999999996,768,0,0,128,0.4071041605797212,0.4807903311367283,0.17249790804805842,0,4411.796199999988,3667.3950999999984,51,0,0.0,0,0,0,0.0,0,0.0,63210.22090787988,0.0,0,0,0,1.5,0,0.0,0,0,0.0,0,0.0,0,0,0.0,0.0,0.0,0,0.0,0.0,NaN,5120.0,NaN,NaN,0,0,0.0,0,0.0,NaN,0,NaN,0,0,0,0.0,0.0,0.0,0.0,0.0,0.0,0.0,0.0,0,0,0,0,193,0.0,0,0,0.0,0,0.0,0.0,0.0,0.0,0.0,0.0,0.0,0.0,0.0,0.0,0.5410901931895145,384,21535.355500000012,128,41674.865407879945,4,59.166800000000194,4,-2170.1918,2,552.7649999999958,-46717.6123,19.44576641651033,0,0,534,534,2 + government,debt,1,1.7462298274040222e-10
33,512,4,4,57298.90380000001,0.0,57860.5907,0.0,47964.5577,,0.0,47964.5577,0.0,0.0,0.0,0.0,0.0025,0.0,0.0,0.0,1.0,1743.7915526324364,0.0,0.0,0.0,1.0,0.0,0.0,1.0,0.0,0,0,47.484856608618465,4.766970303885102,52.25182691250357,33.191610563360506,4.766970303885102,37.95858086724561,2896.4286999999913,2929.479699999988,2896.4286999999913,0.0,0,0,0.0,0.0,179.27589999999998,1.0,1.0,0.0,0.0,0.0,0.0,0.5,0.25,561.6869,7095.1975999999995,0.0,44,5584.1861,4715.1788000000015,5308.1588,730.4357000000003,0.0,0.0,0.0,0.0,0.0,0,0.0,0.0,0.0,0.0,0.0,1297.619400000001,0.0,0.012457298060759354,3.365123755868546,4.245362011173178,NaN,1.2740098696461835,2.307829273257492,1.4790455991056466,1074.0,1065.0,537.0,2045.3333333333333,1280.0000000000002,204.0,190,0,0,0,45,32.0,2048.0,49082.076900000015,4882.1415,3334.6854000000003,768,0,0,128,0.41203848257090914,0.48273730546477434,0.17101075018207568,0,4390.061400000006,3583.8568000000014,45,0,0.0,0,0,0,0.0,0,0.0,63826.33505730335,0.0,0,0,0,1.5,0,0.0,0,0,0.0,0,0.0,0,0,0.0,0.0,0.0,0,0.0,0.0,NaN,5120.0,NaN,NaN,0,0,0.0,0,0.0,NaN,0,NaN,0,0,0,0.0,0.0,0.0,0.0,0.0,0.0,0.0,0.0,0,0,0,0,190,0.0,0,0,0.0,0,0.0,0.0,0.0,0.0,0.0,0.0,0.0,0.0,0.0,0.0,0.5368830059994998,384,21744.92559999998,128,42081.40945730336,4,412.0284999999999,4,-2091.2346,2,561.6869000000006,-47964.5577,19.198252808988748,0,0,537,537,2 + government,debt,1,1.7462298274040222e-10
34,512,4,4,58183.838100000045,0.0,58754.346399999995,0.0,49227.3296,,0.0,49227.3296,0.0,0.0,0.0,0.0,0.0025,0.0002,0.0,0.0,1.0,1748.3325183066281,0.0,0.0,0.0,1.0,0.0,0.0,1.0,0.0,0,0,48.72971656572838,4.793880739943429,53.523597305671814,34.31498335979336,4.793880739943429,39.10886409973679,2886.053400000008,2896.4287,2886.053400000008,0.0,0,0,0.0,0.0,177.8213,1.0,1.0,0.0,0.0,0.0,0.0,0.5,0.25,570.5082999999997,7384.524200000001,0.0,44,5730.117200000001,4845.1829,5449.612,725.3765000000005,0.0,0.0,0.0,0.0,0.0,0,0.0,0.0,0.0,0.0,0.0,1304.1307999999972,0.0,0.01230239908668014,3.3237848288621663,4.260942696629231,NaN,1.2731140449438199,2.300466197625315,1.4346742311324776,1068.0,1081.0,534.0,2048.0,1274.0,204.0,193,0,0,0,54,35.0,2048.0,49862.23570000002,5061.2729,3260.3293,768,0,0,128,0.4173059366933689,0.4860544898827215,0.1714596457465234,0,4373.170200000001,3593.0114000000017,54,0,0.0,0,0,0,0.0,0,0.0,64538.829398324066,0.0,0,0,0,1.5,0,0.0,0,0,0.0,0,0.0,0,0,0.0,0.0,0.0,0,0.0,0.0,NaN,5120.0,NaN,NaN,0,0,0.0,0,0.0,NaN,0,NaN,0,0,0,0.0,0.0,0.0,0.0,0.0,0.0,0.0,0.0,0,0,0,0,193,0.0,0,0,0.0,0,0.0,0.0,0.0,0.0,0.0,0.0,0.0,0.0,0.0,0.0,0.5360617899609081,384,21751.418700000002,128,42787.41069832403,4,759.2160999999999,4,-1964.6307000000004,2,570.5082999999968,-49227.329399999995,19.110148044692753,0,0,534,534,2 + government,debt,1,1.7462298274040222e-10
35,512,4,4,59050.380500000094,0.0,59629.7714,0.0,50471.7714,,0.0,50471.7714,0.0,0.0,0.0,0.0,0.0025,0.0,0.0,0.0,1.0,1717.5589240789013,0.0,0.0,0.0,1.0,0.0,0.0,1.0,0.0,0,0,50.85925947216843,4.736247813261739,55.59550728543017,36.12284692608609,4.736247813261739,40.85909473934783,2897.7824000000037,2886.053400000003,2897.7824000000037,0.0,0,0,0.0,0.0,179.04670000000002,1.0,1.0,0.0,0.0,0.0,0.0,0.5,0.25,579.3908999999996,7678.308300000002,0.0,44,5844.598399999999,4978.056,5559.6969,719.2556000000012,0.0,0.0,0.0,0.0,0.0,0,0.0,0.0,0.0,0.0,0.0,1278.8227000000004,0.0,0.012124453715139413,3.334011235955058,4.234434629629637,NaN,1.2595018518518537,2.274074881345109,1.391634004198503,1080.0,1068.0,540.0,2048.0,1286.0,204.0,190,0,0,1,46,34.0,2048.0,50644.23730000009,5242.6272,3163.5159999999996,768,0,0,128,0.4249787140538528,0.4915063721200734,0.17549945116840937,0,4342.72559999999,3560.724000000002,46,0,0.0,0,0,0,0.0,0,0.0,65310.51109775288,0.0,0,0,0,1.5,0,0.0,0,0,0.0,0,0.0,0,0,0.0,0.0,0.0,0,0.0,0.0,NaN,5120.0,NaN,NaN,0,0,0.0,0,0.0,NaN,0,NaN,0,0,0,0.0,0.0,0.0,0.0,0.0,0.0,0.0,0.0,0,0,0,0,190,0.0,0,0,0.0,0,0.0,0.0,0.0,0.0,0.0,0.0,0.0,0.0,0.0,0.0,0.5381396347109488,384,21702.258600000016,128,43608.2524977528,4,1108.6272,4,-1860.4840000000002,2,579.3908999999949,-50471.7714,19.096710674157297,0,0,540,540,2 + government,debt,1,1.7462298274040222e-10
36,512,4,4,59941.72490000004,0.0,60529.9085,0.0,51738.2285,,0.0,51738.2285,0.0,0.0,0.0,0.0,0.0025,0.0001,0.0,0.0,1.0,1734.7081894553785,0.0,0.0,0.0,1.0,0.0,0.0,1.0,0.0,0,0,51.811950021796626,4.791816660947404,56.60376668274403,37.18879041585526,4.791816660947404,41.98060707680266,2849.3454999999976,2897.782400000006,2849.3454999999976,0.0,0,0,0.0,0.0,176.5999,1.0,1.0,0.0,0.0,0.0,0.0,0.5,0.25,588.1835999999997,7976.457099999999,0.0,44,6000.6996,5109.355199999999,5711.3435,720.6055000000009,0.0,0.0,0.0,0.0,0.0,0,0.0,0.0,0.0,0.0,0.0,1294.614499999998,0.0,0.011976276009792581,3.3016333953488357,4.203374344569291,NaN,1.2689380149812752,2.281105847576718,1.3498849840725475,1068.0,1075.0,534.0,2046.6666666666667,1274.0,204.0,193,0,0,2,45,42.0,2048.0,51435.77580000004,5453.3628,3052.5861999999997,768,0,0,128,0.43063355207190446,0.4948646890881794,0.17406843896548674,0,4340.794400000001,3549.2558999999983,45,0,0.0,0,0,0,0.0,0,0.0,65945.23713333343,0.0,0,0,0,1.5,0,0.0,0,0,0.0,0,0.0,0,0,0.0,0.0,0.0,0,0.0,0.0,NaN,5120.0,NaN,NaN,0,0,0.0,0,0.0,NaN,0,NaN,0,0,0,0.0,0.0,0.0,0.0,0.0,0.0,0.0,0.0,0,0,0,0,193,0.0,0,0,0.0,0,0.0,0.0,0.0,0.0,0.0,0.0,0.0,0.0,0.0,0.0,0.5399323395370177,384,21695.887299999988,128,44249.34983333338,4,1484.7228000000005,4,-1770.4537999999998,2,588.1836000000021,-51738.2284,18.892527777777804,0,0,534,534,2 + government,debt,1,1.7462298274040222e-10
37,512,4,4,60830.020799999984,0.0,61427.0943,0.0,53001.7343,,0.0,53001.7343,0.0,0.0,0.0,0.0,0.0025,0.0,0.0,0.0,1.0,1718.9908904379638,0.0,0.0,0.0,1.0,0.0,0.0,1.0,0.0,0,0,52.8542156211022,4.916196466342565,57.77041208744477,38.00568690479382,4.916196466342565,42.92188337113638,2837.105399999996,2849.345500000006,2837.105399999996,0.0,0,0,0.0,0.0,175.1985,1.0,1.0,0.0,0.0,0.0,0.0,0.5,0.25,597.0734999999997,8279.106899999999,0.0,44,6123.8382,5235.542299999999,5830.0783,714.1793999999999,0.0,0.0,0.0,0.0,0.0,0,0.0,0.0,0.0,0.0,0.0,1283.1784999999988,0.0,0.011799198231746967,3.286590831758035,4.200384240150113,NaN,1.2545735459662288,2.265387506435566,1.3093884345503712,1066.0,1058.0,533.0,2045.3333333333335,1272.0,204.0,193,0,0,1,38,39.0,2048.0,52259.46379999999,5646.3961,2924.1609,768,0,0,128,0.43293227724818495,0.4961710487559594,0.17739285409028782,0,4300.901100000017,3477.213100000001,38,0,0.0,0,0,0,0.0,0,0.0,66877.62973258433,0.0,0,0,0,1.5,0,0.0,0,0,0.0,0,0.0,0,0,0.0,0.0,0.0,0,0.0,0.0,NaN,5120.0,NaN,NaN,0,0,0.0,0,0.0,NaN,0,NaN,0,0,0,0.0,0.0,0.0,0.0,0.0,0.0,0.0,0.0,0,0,0,0,193,0.0,0,0,0.0,0,0.0,0.0,0.0,0.0,0.0,0.0,0.0,0.0,0.0,0.0,0.5409494821340215,384,21955.611800000002,128,44922.0179325843,4,1843.1160999999997,4,-1697.9191,2,597.073499999995,-53001.7343,19.03407022471913,0,0,533,533,2 + government,debt,1,1.7462298274040222e-10
38,512,4,4,61732.770200000065,0.0,62338.7902,0.0,54279.7502,,0.0,54279.7502,0.0,0.0,0.0,0.0,0.0025,0.0002,0.0,0.0,1.0,1721.1119819650537,0.0,0.0,0.0,1.0,0.0,0.0,1.0,0.0,0,0,53.74718941909482,4.844168567063087,58.59135798615791,39.025195281458316,4.844168567063087,43.86936384852141,2815.356500000023,2837.105399999996,2815.356500000023,0.0,0,0,0.0,0.0,176.83,1.0,1.0,0.0,0.0,0.0,0.0,0.5,0.25,606.0199999999999,8586.242299999998,0.0,44,6263.357,5360.6076,5965.1681,708.1049000000005,0.0,0.0,0.0,0.0,0.0,0,0.0,0.0,0.0,0.0,0.0,1287.2805000000014,0.0,0.011650560488361026,3.272506007393717,4.170283646616559,NaN,1.2514633458646618,2.2565430628284004,1.27010678151386,1064.0,1082.0,532.0,2046.6666666666667,1270.0,204.0,194,0,0,2,56,43.0,2048.0,53007.74260000006,5850.0643,2874.9631,768,0,0,128,0.43745541393530996,0.49831835993077966,0.17600866621382782,0,4289.130299999995,3540.851500000002,56,0,0.0,0,0,0,0.0,0,0.0,67460.42984953099,0.0,0,0,0,1.5,0,0.0,0,0,0.0,0,0.0,0,0,0.0,0.0,0.0,0,0.0,0.0,NaN,5120.0,NaN,NaN,0,0,0.0,0,0.0,NaN,0,NaN,0,0,0,0.0,0.0,0.0,0.0,0.0,0.0,0.0,0.0,0,0,0,0,194,0.0,0,0,0.0,0,0.0,0.0,0.0,0.0,0.0,0.0,0.0,0.0,0.0,0.0,0.5415617071314076,384,22140.263800000004,128,45320.16604953097,4,2212.1443,4,-1546.1569,2,606.0199999999982,-54279.75,18.818603189493434,0,0,532,532,2 + government,debt,1,1.7462298274040222e-10
39,512,4,4,62610.736500000006,0.0,63225.7808,0.0,55533.0608,,0.0,55533.0608,0.0,0.0,0.0,0.0,0.0025,0.0002,0.0,0.0,1.0,1688.8724730406875,0.0,0.0,0.0,1.0,0.0,0.0,1.0,0.0,0,0,54.6613375314227,4.826521195731103,59.487858727153814,39.99008641803569,4.826521195731103,44.81660761376679,2840.971699999995,2815.356500000002,2840.971699999995,0.0,0,0,0.0,0.0,171.79619999999997,1.0,1.0,0.0,0.0,0.0,0.0,0.5,0.25,615.0442999999998,8897.9362,0.0,44,6363.0573,5485.091,6060.3877,706.9616000000002,0.0,0.0,0.0,0.0,0.0,0,0.0,0.0,0.0,0.0,0.0,1256.9034999999994,0.0,0.01149413346791742,3.2677685849056606,4.174267100371745,NaN,1.2482739776951666,2.251069495301067,1.2320035780684442,1076.0,1060.0,538.0,2045.3333333333333,1282.0,204.0,191,0,0,1,47,33.0,2048.0,53824.637300000046,6022.8604,2763.2386,768,0,0,128,0.44141175124541343,0.5005025659893052,0.17861521906319244,0,4280.729400000011,3463.8347000000003,47,0,0.0,0,0,0,0.0,0,0.0,68241.49504436091,0.0,0,0,0,1.5,0,0.0,0,0,0.0,0,0.0,0,0,0.0,0.0,0.0,0,0.0,0.0,NaN,5120.0,NaN,NaN,0,0,0.0,0,0.0,NaN,0,NaN,0,0,0,0.0,0.0,0.0,0.0,0.0,0.0,0.0,0.0,0,0,0,0,191,0.0,0,0,0.0,0,0.0,0.0,0.0,0.0,0.0,0.0,0.0,0.0,0.0,0.0,0.5433443726307188,384,22374.299300000002,128,45867.1957443609,4,2550.3004,4,-1456.9213999999997,2,615.0442999999996,-55533.0606,18.771950187969928,0,0,538,538,2 + government,debt,1,1.7462298274040222e-10
40,512,4,4,63501.390800000016,0.0,64125.3759,0.0,56798.9759,,0.0,56798.9759,0.0,0.0,0.0,0.0,0.0025,0.0002,0.0,0.0,1.0,1694.2489904327242,0.0,0.0,0.0,1.0,0.0,0.0,1.0,0.0,0,0,55.313218715157845,4.7934670921389,60.10668580729674,40.693251065946995,4.7934670921389,45.4867181580859,2813.8843000000147,2840.9717000000037,2813.8843000000147,0.0,0,0,0.0,0.0,175.1217,1.0,1.0,0.0,0.0,0.0,0.0,0.5,0.25,623.9850999999999,9214.064900000003,0.0,44,6496.4445,5605.7901999999995,6189.2566,705.9978000000011,0.0,0.0,0.0,0.0,0.0,0,0.0,0.0,0.0,0.0,0.0,1262.899999999999,0.0,0.011371528698569531,3.2509403720930194,4.143398691588801,NaN,1.2494332710280376,2.2599753029317244,1.195043470726391,1070.0,1075.0,535.0,2046.6666666666667,1276.0,204.0,192,0,0,2,54,32.0,2048.0,54612.12790000001,6222.4299,2666.8328,768,0,0,128,0.4444140715672822,0.501924176667722,0.1790949704973388,0,4282.251499999997,3494.760899999996,54,0,0.0,0,0,0,0.0,0,0.0,68992.24412304827,0.0,0,0,0,1.5,0,0.0,0,0,0.0,0,0.0,0,0,0.0,0.0,0.0,0,0.0,0.0,NaN,5120.0,NaN,NaN,0,0,0.0,0,0.0,NaN,0,NaN,0,0,0,0.0,0.0,0.0,0.0,0.0,0.0,0.0,0.0,0,0,0,0,192,0.0,0,0,0.0,0,0.0,0.0,0.0,0.0,0.0,0.0,0.0,0.0,0.0,0.0,0.5442862565870152,384,22636.134999999987,128,46356.1091230483,4,2915.2299000000007,4,-1352.3671999999997,2,623.9851000000021,-56798.975699999995,18.7241096654275,0,0,535,535,2 + government,debt,1,1.7462298274040222e-10
41,512,4,4,64372.382000000005,0.0,65005.340299999996,0.0,58045.2603,,0.0,58045.2603,0.0,0.0,0.0,0.0,0.0025,0.0,0.0,0.0,1.0,1670.5695109059359,0.0,0.0,0.0,1.0,0.0,0.0,1.0,0.0,0,0,56.290048865594926,4.822417024519283,61.11246589011421,41.57510558357882,4.822417024519283,46.3975226080981,2800.63310000001,2813.8843000000143,2800.63310000001,0.0,0,0,0.0,0.0,173.1432,1.0,1.0,0.0,0.0,0.0,0.0,0.5,0.25,632.9582999999998,9534.691900000002,0.0,44,6592.813,5721.8218,6281.1592,708.2811999999996,0.0,0.0,0.0,0.0,0.0,0,0.0,0.0,0.0,0.0,0.0,1241.4465999999984,0.0,0.011227505339062973,3.2388371268656697,4.098915055762089,NaN,1.2377760223048317,2.254304182878012,1.1591921666045992,1076.0,1072.0,538.0,2045.3333333333335,1282.0,204.0,190,0,0,1,47,34.0,2048.0,55404.09390000002,6396.6474,2571.6407,768,0,0,128,0.4477928190419398,0.5040076190051661,0.18079019898548698,0,4263.999400000006,3472.033399999998,47,0,0.0,0,0,0,0.0,0,0.0,69797.56518224302,0.0,0,0,0,1.5,0,0.0,0,0,0.0,0,0.0,0,0,0.0,0.0,0.0,0,0.0,0.0,NaN,5120.0,NaN,NaN,0,0,0.0,0,0.0,NaN,0,NaN,0,0,0,0.0,0.0,0.0,0.0,0.0,0.0,0.0,0.0,0,0,0,0,190,0.0,0,0,0.0,0,0.0,0.0,0.0,0.0,0.0,0.0,0.0,0.0,0.0,0.0,0.5456367517619858,384,22859.595200000018,128,46937.96998224299,4,3254.8073999999997,4,-1246.5992999999999,2,632.9583000000034,-58045.2603,18.741499065420562,0,0,538,538,2 + government,debt,1,1.7462298274040222e-10
42,512,4,4,65257.89349999997,0.0,65899.754,0.0,59305.994,,0.0,59305.994,0.0,0.0,0.0,0.0,0.0025,0.0001,0.0,0.0,1.0,1677.467931582296,0.0,0.0,0.0,1.0,0.0,0.0,1.0,0.0,0,0,57.02030353132195,4.787564959236067,61.80786849055802,42.425277753579785,4.787564959236067,47.21284271281585,2768.3372,2800.633099999998,2768.3372,0.0,0,0,0.0,0.0,171.4348,1.0,1.0,0.0,0.0,0.0,0.0,0.5,0.25,641.8604999999997,9859.718499999999,0.0,44,6720.9218,5835.410300000001,6404.7974,706.962799999999,0.0,0.0,0.0,0.0,0.0,0,0.0,0.0,0.0,0.0,0.0,1249.9422999999992,0.0,0.011113089578067904,3.2057345370370376,4.072743738317752,NaN,1.232976074766356,2.249671604555588,1.124416401606461,1070.0,1080.0,535.0,2046.6666666666665,1276.0,204.0,192,0,0,0,58,32.0,2048.0,56192.53689999997,6576.8186000000005,2488.5379000000003,768,0,0,128,0.45089436757028367,0.5053411484671222,0.17899853499764595,0,4250.636300000003,3462.1933000000004,58,0,0.0,0,0,0,0.0,0,0.0,70451.71667695163,0.0,0,0,0,1.5,0,0.0,0,0,0.0,0,0.0,0,0,0.0,0.0,0.0,0,0.0,0.0,NaN,5120.0,NaN,NaN,0,0,0.0,0,0.0,NaN,0,NaN,0,0,0,0.0,0.0,0.0,0.0,0.0,0.0,0.0,0.0,0,0,0,0,192,0.0,0,0,0.0,0,0.0,0.0,0.0,0.0,0.0,0.0,0.0,0.0,0.0,0.0,0.5461608874053927,384,23130.515800000012,128,47321.200876951654,4,3600.3386,4,-1128.7421000000002,2,641.8605000000057,-59305.9939,18.566640334572476,0,0,535,535,2 + government,debt,1,1.7462298274040222e-10
43,512,4,4,66133.36180000004,0.0,66784.1593,0.0,60556.7193,,0.0,60556.7193,0.0,0.0,0.0,0.0,0.0025,0.0001,0.0,0.0,1.0,1655.170340439186,0.0,0.0,0.0,1.0,0.0,0.0,1.0,0.0,0,0,58.27536397655163,4.8310258056563695,63.106389782208005,43.55542597809311,4.8310258056563695,48.386451783749486,2802.960200000003,2768.337200000007,2802.960200000003,0.0,0,0,0.0,0.0,171.21110000000002,1.0,1.0,0.0,0.0,0.0,0.0,0.5,0.25,650.7974999999997,10189.2172,0.0,44,6832.844599999999,5957.376299999999,6512.2829,700.9782000000007,0.0,0.0,0.0,0.0,0.0,0,0.0,0.0,0.0,0.0,0.0,1232.0163999999997,0.0,0.01097931956503858,3.21058838289963,4.096511666666657,NaN,1.2302122222222218,2.2371375263521602,1.0906839095582672,1080.0,1076.0,540.0,2048.0,1286.0,204.0,190,0,0,2,58,28.0,2048.0,56980.04220000005,6727.9271,2425.3924,768,0,0,128,0.4543070836347267,0.5072840974882324,0.18355730208898557,0,4242.098400000005,3454.5931000000014,58,0,0.0,0,0,0,0.0,0,0.0,71183.92658130845,0.0,0,0,0,1.5,0,0.0,0,0,0.0,0,0.0,0,0,0.0,0.0,0.0,0,0.0,0.0,NaN,5120.0,NaN,NaN,0,0,0.0,0,0.0,NaN,0,NaN,0,0,0,0.0,0.0,0.0,0.0,0.0,0.0,0.0,0.0,0,0,0,0,190,0.0,0,0,0.0,0,0.0,0.0,0.0,0.0,0.0,0.0,0.0,0.0,0.0,0.0,0.5466247294330973,384,23355.59799999999,128,47828.32858130842,4,3916.8071,4,-990.9276000000002,2,650.7975000000001,-60556.7192,18.49464112149534,0,0,540,540,2 + government,debt,1,1.7462298274040222e-10
44,512,4,4,67007.39940000005,0.0,67667.08009999999,0.0,61805.9601,,0.0,61805.9601,0.0,0.0,0.0,0.0,0.0025,0.0,0.0,0.0,1.0,1649.6241039771662,0.0,0.0,0.0,1.0,0.0,0.0,1.0,0.0,0,0,58.77468888207601,4.853498311123988,63.628187193200006,43.975573891273406,4.853498311123988,48.82907220239739,2804.897000000012,2802.960200000003,2804.897000000012,0.0,0,0,0.0,0.0,171.8817,1.0,1.0,0.0,0.0,0.0,0.0,0.5,0.25,659.6806999999998,10523.138099999996,0.0,44,6954.5138,6080.476200000001,6629.4761,703.1709999999998,0.0,0.0,0.0,0.0,0.0,0,0.0,0.0,0.0,0.0,0.0,1225.8283999999996,0.0,0.010860261923366886,3.1991008379888273,4.096481481481498,NaN,1.2268987037037036,2.249157361230746,1.0579633922715193,1080.0,1074.0,540.0,2045.3333333333335,1286.0,204.0,190,0,0,1,47,32.0,2048.0,57791.73770000006,6902.8958,2312.7659,768,0,0,128,0.45656356135238174,0.5086133356359461,0.18560233149732608,0,4247.529800000007,3435.8343000000004,47,0,0.0,0,0,0,0.0,0,0.0,71963.78250000002,0.0,0,0,0,1.5,0,0.0,0,0,0.0,0,0.0,0,0,0.0,0.0,0.0,0,0.0,0.0,NaN,5120.0,NaN,NaN,0,0,0.0,0,0.0,NaN,0,NaN,0,0,0,0.0,0.0,0.0,0.0,0.0,0.0,0.0,0.0,0,0,0,0,190,0.0,0,0,0.0,0,0.0,0.0,0.0,0.0,0.0,0.0,0.0,0.0,0.0,0.0,0.5476657106196163,384,23596.313500000004,128,48367.46900000001,4,4257.1358,4,-902.5941000000003,2,659.6807000000044,-61805.9601,18.453183333333328,0,0,540,540,2 + government,debt,1,1.7462298274040222e-10
45,512,4,4,67892.70779999992,0.0,68561.2389,0.0,63066.4389,,0.0,63066.4389,0.0,0.0,0.0,0.0,0.0025,0.0,0.0,0.0,1.0,1657.0091809226699,0.0,0.0,0.0,1.0,0.0,0.0,1.0,0.0,0,0,59.72161434691707,4.827806004703393,64.54942035162047,44.89089199400221,4.827806004703393,49.71869799870561,2773.8239000000135,2804.8970000000118,2773.8239000000135,0.0,0,0,0.0,0.0,171.047,1.0,1.0,0.0,0.0,0.0,0.0,0.5,0.25,668.5310999999998,10861.473599999996,0.0,44,7089.1039,6203.7955,6759.6188,705.5617999999994,0.0,0.0,0.0,0.0,0.0,0,0.0,0.0,0.0,0.0,0.0,1234.7307000000005,0.0,0.009138823268016898,3.18573157894737,4.079017723880621,NaN,1.2194852611940306,2.249042261826705,1.0262244905033737,1072.0,1083.0,536.0,2046.6666666666667,1277.9999999999998,204.0,192,0,0,1,60,32.0,2048.0,58575.05169999997,7093.3696,2224.2865,768,0,0,128,0.45912073952966215,0.5099215148780711,0.1860143439523554,0,4233.46130000001,3450.147300000002,60,0,0.0,0,0,0,0.0,0,0.0,72708.92476666669,0.0,0,0,0,1.5,0,0.0,0,0,0.0,0,0.0,0,0,0.0,0.0,0.0,0,0.0,0.0,NaN,5120.0,NaN,NaN,0,0,0.0,0,0.0,NaN,0,NaN,0,0,0,0.0,0.0,0.0,0.0,0.0,0.0,0.0,0.0,0,0,0,0,192,0.0,0,0,0.0,0,0.0,0.0,0.0,0.0,0.0,0.0,0.0,0.0,0.0,0.0,0.5477628182728711,384,23868.933599999986,128,48839.99116666669,4,4612.9696,4,-790.1135,2,668.5310999999947,-63066.4389,18.403480555555554,0,0,536,536,2 + government,debt,1,1.7462298274040222e-10
46,512,4,4,68764.97919999999,0.0,69440.5403,0.0,64312.0603,,0.0,64312.0603,0.0,0.0,0.0,0.0,0.0025,0.0001,0.0,0.0,1.0,1631.197432368751,0.0,0.0,0.0,1.0,0.0,0.0,1.0,0.0,0,0,60.544194694268,4.826679065864467,65.37087376013247,45.7634520978619,4.826679065864467,50.59013116372637,2786.7946000000225,2773.8239000000212,2786.7946000000225,0.0,0,0,0.0,0.0,169.9604,1.0,1.0,0.0,0.0,0.0,0.0,0.5,0.25,675.5610999999999,11204.279699999997,0.0,44,7202.529099999999,6330.257699999999,6866.753,700.9136000000007,0.0,0.0,0.0,0.0,0.0,0,0.0,0.0,0.0,0.0,0.0,1210.687399999998,0.0,0.008524211506445653,3.1829667592592576,4.061127726432556,NaN,1.2211133086876154,2.246976916475974,0.9954377557882725,1082.0,1080.0,541.0,2046.6666666666667,1288.0,204.0,189,0,0,2,55,35.0,2048.0,59369.65510000001,7248.310300000001,2147.0137,768,0,0,128,0.4624169688091382,0.5117974666370642,0.18976326918155317,0,4232.207500000017,3437.604099999998,55,0,0.0,0,0,0,0.0,0,0.0,73418.12530895528,0.0,0,0,0,1.5,0,0.0,0,0,0.0,0,0.0,0,0,0.0,0.0,0.0,0,0.0,0.0,NaN,5120.0,NaN,NaN,0,0,0.0,0,0.0,NaN,0,NaN,0,0,0,0.0,0.0,0.0,0.0,0.0,0.0,0.0,0.0,0,0,0,0,189,0.0,0,0,0.0,0,0.0,0.0,0.0,0.0,0.0,0.0,0.0,0.0,0.0,0.0,0.5481172222260977,384,24087.481999999985,128,49330.64330895523,4,4933.2703,4,-666.4263,2,675.561099999999,-64312.0602,18.29227891791046,0,0,541,541,2 + government,debt,1,1.7462298274040222e-10
47,512,4,4,69649.20929999987,0.0,70334.5692,0.0,65572.4092,,0.0,65572.4092,0.0,0.0,0.0,0.0,0.0025,0.0001,0.0,0.0,1.0,1642.1446623509157,0.0,0.0,0.0,1.0,0.0,0.0,1.0,0.0,0,0,61.999633175365155,4.798631732387993,66.79826490775314,46.95357135854149,4.798631732387993,51.752203090929484,2780.624699999991,2786.7946000000034,2780.624699999991,0.0,0,0,0.0,0.0,168.6093,1.0,1.0,0.0,0.0,0.0,0.0,0.5,0.25,685.3598999999999,11551.482399999992,0.0,44,7337.6036,6453.373500000001,7000.1997,703.3559000000007,0.0,0.0,0.0,0.0,0.0,0,0.0,0.0,0.0,0.0,0.0,1221.9913000000008,0.0,0.00901902999945528,3.1794012093023243,4.0770810408921765,NaN,1.2215107806691445,2.2548274666320003,0.9655746231146242,1076.0,1075.0,538.0,2045.3333333333333,1282.0,204.0,191,0,0,0,52,34.0,2048.0,60189.47609999986,7415.3784000000005,2044.3546999999999,768,0,0,128,0.46661971043771433,0.5151563396277057,0.1890967591952597,0,4237.677299999992,3417.8562999999986,52,0,0.0,0,0,0,0.0,0,0.0,74256.70141608128,0.0,0,0,0,1.5,0,0.0,0,0,0.0,0,0.0,0,0,0.0,0.0,0.0,0,0.0,0.0,NaN,5120.0,NaN,NaN,0,0,0.0,0,0.0,NaN,0,NaN,0,0,0,0.0,0.0,0.0,0.0,0.0,0.0,0.0,0.0,0,0,0,0,191,0.0,0,0,0.0,0,0.0,0.0,0.0,0.0,0.0,0.0,0.0,0.0,0.0,0.0,0.5503061017497057,384,24113.7321,128,50142.96931608131,4,5265.6984,4,-568.1253,2,685.3599000000067,-65572.40909999999,18.31669963031423,0,0,538,538,2 + government,debt,1,1.7462298274040222e-10
48,512,4,4,70538.03229999995,0.0,71232.762,0.0,66836.922,,0.0,66836.922,0.0,0.0,0.0,0.0,0.0025,0.0,0.0,0.0,1.0,1638.1042692053022,0.0,0.0,0.0,1.0,0.0,0.0,1.0,0.0,0,0,62.77606854973214,4.798262923389937,67.57433147312207,47.52835483027598,4.798262923389937,52.32661775366592,2769.1022000000144,2780.6246999999994,2769.1022000000144,0.0,0,0,0.0,0.0,169.4441,1.0,1.0,0.0,0.0,0.0,0.0,0.5,0.25,694.7296999999999,11903.155399999992,0.0,44,7467.915800000001,6579.092799999999,7125.6126,701.4550000000008,0.0,0.0,0.0,0.0,0.0,0,0.0,0.0,0.0,0.0,0.0,1218.4266999999982,0.0,0.010059967124677634,3.177274976915972,4.047388311688323,NaN,1.2208452690166973,2.251860949865961,0.9366073844211853,1078.0,1083.0,539.0,2048.0,1284.0,204.0,191,0,0,1,53,41.0,2048.0,60983.921400000036,7581.8096,1972.3012999999999,768,0,0,128,0.46812580928247405,0.5162055973157522,0.1877548723676723,0,4235.434100000005,3440.9887999999974,53,0,0.0,0,0,0,0.0,0,0.0,75055.72559330855,0.0,0,0,0,1.5,0,0.0,0,0,0.0,0,0.0,0,0,0.0,0.0,0.0,0,0.0,0.0,NaN,5120.0,NaN,NaN,0,0,0.0,0,0.0,NaN,0,NaN,0,0,0,0.0,0.0,0.0,0.0,0.0,0.0,0.0,0.0,0,0,0,0,191,0.0,0,0,0.0,0,0.0,0.0,0.0,0.0,0.0,0.0,0.0,0.0,0.0,0.0,0.5498214756742867,384,24405.22449999999,128,50650.50109330855,4,5597.4896,4,-439.21870000000007,2,694.7296999999962,-66836.922,18.322661710037167,0,0,539,539,2 + government,debt,1,1.7462298274040222e-10
49,512,4,4,71429.52349999997,0.0,72133.4381,0.0,68103.9181,,0.0,68103.9181,0.0,0.0,0.0,0.0,0.0025,0.0,0.0,0.0,1.0,1635.3313832490217,0.0,0.0,0.0,1.0,0.0,0.0,1.0,0.0,0,0,63.81670964690763,4.755968777654504,68.57267842456214,48.412397767757945,4.755968777654504,53.168366545412454,2762.3030000000067,2769.102199999997,2762.3030000000067,0.0,0,0,0.0,0.0,167.5204,1.0,1.0,0.0,0.0,0.0,0.0,0.5,0.25,703.9145999999998,12259.319299999997,0.0,44,7598.016500000001,6706.5253,7251.0375,702.5153000000012,0.0,0.0,0.0,0.0,0.0,0,0.0,0.0,0.0,0.0,0.0,1215.928199999999,0.0,0.01086989239922118,3.1729890566037757,4.055698696461817,NaN,1.2163385474860349,2.259657367411134,0.90850916288855,1074.0,1060.0,537.0,2046.6666666666667,1280.0,204.0,191,0,0,1,45,33.0,2048.0,61850.18679999995,7742.617900000001,1836.7188,768,0,0,128,0.4710339538563244,0.5184292707288811,0.19034174969163487,0,4229.6337999999905,3363.368400000002,45,0,0.0,0,0,0,0.0,0,0.0,75914.32429907228,0.0,0,0,0,1.5,0,0.0,0,0,0.0,0,0.0,0,0,0.0,0.0,0.0,0,0.0,0.0,NaN,5120.0,NaN,NaN,0,0,0.0,0,0.0,NaN,0,NaN,0,0,0,0.0,0.0,0.0,0.0,0.0,0.0,0.0,0.0,0,0,0,0,191,0.0,0,0,0.0,0,0.0,0.0,0.0,0.0,0.0,0.0,0.0,0.0,0.0,0.0,0.5515901792475644,384,24600.607299999996,128,51313.716999072334,4,5923.657899999999,4,-373.84119999999996,2,703.9146000000037,-68103.9181,18.31267903525046,0,0,537,537,2 + government,debt,1,1.7462298274040222e-10
50,512,4,4,72341.25069999993,0.0,73054.2607,0.0,69391.0607,,0.0,69391.0607,0.0,0.0,0.0,0.0,0.0025,0.0,0.0,0.0,1.0,1646.5775898796326,0.0,0.0,0.0,1.0,0.0,0.0,1.0,0.0,0,0,64.4234416787501,4.743310884759593,69.16675256350969,49.029564178437695,4.743310884759593,53.77287506319729,2745.9406000000095,2762.30300000001,2745.9406000000095,0.0,0,0,0.0,0.0,168.1755,1.0,1.0,0.0,0.0,0.0,0.0,0.5,0.25,713.0099999999999,12619.986599999995,0.0,44,7744.8027,6833.075500000001,7393.2308,699.9554000000004,0.0,0.0,0.0,0.0,0.0,0,0.0,0.0,0.0,0.0,0.0,1227.7459,0.0,0.011236245986400415,3.156156651162791,4.051589887640454,NaN,1.2185516853932588,2.26148136222268,0.8812538880018934,1068.0,1075.0,534.0,2046.6666666666667,1274.0,204.0,193,0,0,2,55,31.0,2048.0,62687.117299999954,7910.6908,1743.4425999999999,768,0,0,128,0.4730399333524362,0.5194623815764334,0.19096066222520425,0,4229.7989,3392.8684000000003,55,0,0.0,0,0,0,0.0,0,0.0,76699.3373670391,0.0,0,0,0,1.5,0,0.0,0,0,0.0,0,0.0,0,0,0.0,0.0,0.0,0,0.0,0.0,NaN,5120.0,NaN,NaN,0,0,0.0,0,0.0,NaN,0,NaN,0,0,0,0.0,0.0,0.0,0.0,0.0,0.0,0.0,0.0,0,0,0,0,193,0.0,0,0,0.0,0,0.0,0.0,0.0,0.0,0.0,0.0,0.0,0.0,0.0,0.0,0.5516555093505213,384,24898.694699999996,128,51800.64266703913,4,6257.0908,4,-266.1573999999999,2,713.0099999999984,-69391.0607,18.245078212290522,0,0,534,534,2 + government,debt,1,1.7462298274040222e-10
51,512,4,4,73234.94810000002,0.0,73957.1274,0.0,70660.2474,,0.0,70660.2474,0.0,0.0,0.0,0.0,0.0025,0.0002,0.0,0.0,1.0,1620.5311873104326,0.0,0.0,0.0,1.0,0.0,0.0,1.0,0.0,0,0,66.074516072693,4.704196905901733,70.77871297859474,50.38562221177416,4.704196905901733,55.089819117675894,2758.5099999999934,2745.9406000000163,2758.5099999999934,0.0,0,0,0.0,0.0,169.7531,1.0,1.0,0.0,0.0,0.0,0.0,0.5,0.25,722.1793,12985.257799999992,0.0,44,7854.256800000001,6960.559400000001,7498.1549,698.2972,0.0,0.0,0.0,0.0,0.0,0,0.0,0.0,0.0,0.0,0.0,1203.9146000000014,0.0,0.011522573662875384,3.1639251845018435,4.028352875695721,NaN,1.2150489795918364,2.2593159226013633,0.8548162713618366,1078.0,1084.0,539.0,2045.3333333333333,1284.0,204.0,190,0,0,3,59,35.0,2048.0,63483.83089999998,8054.1378,1696.9792,768,0,0,128,0.4764372156226431,0.5222089976992677,0.19265572828967836,0,4226.408499999999,3429.694899999998,59,0,0.0,0,0,0,0.0,0,0.0,77521.54631573035,0.0,0,0,0,1.5,0,0.0,0,0,0.0,0,0.0,0,0,0.0,0.0,0.0,0,0.0,0.0,NaN,5120.0,NaN,NaN,0,0,0.0,0,0.0,NaN,0,NaN,0,0,0,0.0,0.0,0.0,0.0,0.0,0.0,0.0,0.0,0,0,0,0,190,0.0,0,0,0.0,0,0.0,0.0,0.0,0.0,0.0,0.0,0.0,0.0,0.0,0.0,0.552510896584433,384,24989.047899999994,128,52532.498415730355,4,6565.8978,4,-111.66080000000005,2,722.1792999999961,-70660.2472,18.27827528089888,0,0,539,539,2 + government,debt,1,1.7462298274040222e-10
52,512,4,4,74124.59080000003,0.0,74855.8665,0.0,71925.3065,,0.0,71925.3065,0.0,0.0,0.0,0.0,0.0025,0.0,0.0,0.0,1.0,1615.7299779199377,0.0,0.0,0.0,1.0,0.0,0.0,1.0,0.0,0,0,67.38311680706754,4.726337248500662,72.1094540555682,51.5892989987501,4.726337248500662,56.315636247250765,2775.5055999999995,2758.510000000005,2775.5055999999995,0.0,0,0,0.0,0.0,169.0225,1.0,1.0,0.0,0.0,0.0,0.0,0.5,0.25,731.2757,13355.043499999992,0.0,44,7975.4755,7085.832800000002,7614.7862,703.9745999999999,0.0,0.0,0.0,0.0,0.0,0,0.0,0.0,0.0,0.0,0.0,1198.0936000000004,0.0,0.011758259154402574,3.172374858757062,4.049794814814801,NaN,1.2189570370370375,2.2685747726963976,0.8291717832209817,1080.0,1062.0,540.0,2044.0000000000002,1286.0,204.0,189,0,0,2,46,29.0,2048.0,64352.14650000007,8197.3019,1575.1424,768,0,0,128,0.48060175581310616,0.5254401576458696,0.1942863889414581,0,4237.377700000004,3369.0620999999996,46,0,0.0,0,0,0,0.0,0,0.0,78349.51074489791,0.0,0,0,0,1.5,0,0.0,0,0,0.0,0,0.0,0,0,0.0,0.0,0.0,0,0.0,0.0,NaN,5120.0,NaN,NaN,0,0,0.0,0,0.0,NaN,0,NaN,0,0,0,0.0,0.0,0.0,0.0,0.0,0.0,0.0,0.0,0,0,0,0,189,0.0,0,0,0.0,0,0.0,0.0,0.0,0.0,0.0,0.0,0.0,0.0,0.0,0.0,0.5561982810819959,384,24980.871400000015,128,53368.63934489799,4,6874.4219,4,-32.53760000000011,2,731.275700000002,-71925.3065,18.22573469387755,0,0,540,540,2 + government,debt,1,1.7462298274040222e-10
53,512,4,4,75044.70610000002,0.0,75785.01640000001,0.0,73220.7764,,0.0,73220.7764,0.0,0.0,0.0,0.0,0.0025,0.0002,0.0,0.0,1.0,1642.0629464006995,0.0,0.0,0.0,1.0,0.0,0.0,1.0,0.0,0,0,68.63888719338591,4.626481417484112,73.26536861087001,52.662526942369134,4.626481417484112,57.28900835985325,2759.3687999999997,2775.5056000000036,2759.3687999999997,0.0,0,0,0.0,0.0,170.8075,1.0,1.0,0.0,0.0,0.0,0.0,0.5,0.25,740.3103,13729.322699999992,0.0,44,8131.2557,7211.140399999998,7766.0111,706.2147,0.0,0.0,0.0,0.0,0.0,0,0.0,0.0,0.0,0.0,0.0,1223.3022000000024,0.0,0.011950681951548683,3.1631788693234477,4.067396067415726,NaN,1.2235041198501875,2.2824232977676098,0.8042966297243519,1068.0,1079.0,534.0,2045.3333333333333,1274.0,204.0,193,0,0,0,53,31.0,2048.0,65189.3694000001,8362.474400000001,1492.8621,768,0,0,128,0.4839414517007219,0.5281848034818679,0.19398471361269354,0,4250.292900000005,3413.07,53,0,0.0,0,0,0,0.0,0,0.0,79231.75446666662,0.0,0,0,0,1.5,0,0.0,0,0,0.0,0,0.0,0,0,0.0,0.0,0.0,0,0.0,0.0,NaN,5120.0,NaN,NaN,0,0,0.0,0,0.0,NaN,0,NaN,0,0,0,0.0,0.0,0.0,0.0,0.0,0.0,0.0,0.0,0,0,0,0,193,0.0,0,0,0.0,0,0.0,0.0,0.0,0.0,0.0,0.0,0.0,0.0,0.0,0.0,0.5592014389059956,384,25072.513099999986,128,54159.24136666664,4,7204.9544000000005,4,86.14209999999997,2,740.3102999999937,-73220.77620000001,18.284355555555564,0,0,534,534,2 + government,debt,1,1.7462298274040222e-10
54,512,4,4,75956.71249999992,0.0,76706.2006,0.0,74508.2806,,0.0,74508.2806,0.0,0.0,0.0,0.0,0.0025,0.0,0.0,0.0,1.0,1626.87063649421,0.0,0.0,0.0,1.0,0.0,0.0,1.0,0.0,0,0,69.4907403731589,4.663219396751484,74.15395976991039,53.31157330123756,4.663219396751484,57.974792697989045,2769.760400000014,2759.368800000001,2769.760400000014,0.0,0,0,0.0,0.0,171.53629999999998,1.0,1.0,0.0,0.0,0.0,0.0,0.5,0.25,749.4881,14108.247799999996,0.0,44,8250.684500000001,7338.6781,7880.9372,705.4745000000008,0.0,0.0,0.0,0.0,0.0,0,0.0,0.0,0.0,0.0,0.0,1209.3329000000006,0.0,0.012105790209958719,3.1801510128913435,4.050220074349463,NaN,1.2197154275092916,2.282210226794616,0.7801677308326215,1076.0,1086.0,538.0,2048.0,1282.0,204.0,191,0,0,1,59,35.0,2048.0,65989.76030000004,8505.9512,1461.001,768,0,0,128,0.48596420148699626,0.5296334911285128,0.195942713401561,0,4254.0348999999915,3453.643999999999,59,0,0.0,0,0,0,0.0,0,0.0,80084.5277606741,0.0,0,0,0,1.5,0,0.0,0,0,0.0,0,0.0,0,0,0.0,0.0,0.0,0,0.0,0.0,NaN,5120.0,NaN,NaN,0,0,0.0,0,0.0,NaN,0,NaN,0,0,0,0.0,0.0,0.0,0.0,0.0,0.0,0.0,0.0,0,0,0,0,191,0.0,0,0,0.0,0,0.0,0.0,0.0,0.0,0.0,0.0,0.0,0.0,0.0,0.0,0.5592484292473305,384,25337.137799999986,128,54747.389960674154,4,7513.791200000001,4,255.24099999999999,2,749.4881000000023,-74508.2806,18.352561797752813,0,0,538,538,2 + government,debt,1,1.7462298274040222e-10
55,512,4,4,76869.3003,0.0,77627.9872,0.0,75796.3872,,0.0,75796.3872,0.0,0.0,0.0,0.0,0.0025,0.0,0.0,0.0,1.0,1625.4222059522633,0.0,0.0,0.0,1.0,0.0,0.0,1.0,0.0,0,0,70.63172481530198,4.6815750654364265,75.31329988073841,54.48476585890151,4.6815750654364265,59.16634092433794,2797.6591999999905,2769.7603999999938,2797.6591999999905,0.0,0,0,0.0,0.0,169.65849999999998,1.0,1.0,0.0,0.0,0.0,0.0,0.5,0.25,758.6869,14491.778899999998,0.0,44,8377.4391,7464.851300000001,8003.1068,709.8563999999989,0.0,0.0,0.0,0.0,0.0,0,0.0,0.0,0.0,0.0,0.0,1205.6405000000034,0.0,0.012240794093068396,3.20236567164179,4.073637707948245,NaN,1.2265273567467643,2.2968341100168184,0.7567626989076429,1082.0,1072.0,541.0,2046.6666666666665,1288.0,204.0,190,0,0,0,47,36.0,2048.0,66841.06239999997,8638.2901,1389.9478,768,0,0,128,0.4892275919709863,0.5320612194080743,0.19543656500549877,0,4284.238099999995,3432.935999999999,47,0,0.0,0,0,0,0.0,0,0.0,80892.18412490693,0.0,0,0,0,1.5,0,0.0,0,0,0.0,0,0.0,0,0,0.0,0.0,0.0,0,0.0,0.0,NaN,5120.0,NaN,NaN,0,0,0.0,0,0.0,NaN,0,NaN,0,0,0,0.0,0.0,0.0,0.0,0.0,0.0,0.0,0.0,0,0,0,0,190,0.0,0,0,0.0,0,0.0,0.0,0.0,0.0,0.0,0.0,0.0,0.0,0.0,0.0,0.5619204819244425,384,25353.971899999993,128,55538.212224907045,4,7811.4901,4,385.1478,2,758.6868999999988,-75796.3872,18.295731412639373,0,0,541,541,2 + government,debt,1,1.7462298274040222e-10
56,512,4,4,77804.23789999996,0.0,78572.1195,0.0,77106.8395,,0.0,77106.8395,0.0,0.0,0.0,0.0,0.0025,0.0003,0.0,0.0,1.0,1645.543333263909,0.0,0.0,0.0,1.0,0.0,0.0,1.0,0.0,0,0,71.16743813957542,4.548199835074004,75.71563797464944,54.937303035458086,4.548199835074004,59.485502870532095,2771.1480999999935,2797.6591999999832,2771.1480999999935,0.0,0,0,0.0,0.0,170.005,1.0,1.0,0.0,0.0,0.0,0.0,0.5,0.25,767.8815999999999,14879.918599999994,0.0,44,8526.5666,7591.628999999999,8147.6216,714.0712000000003,0.0,0.0,0.0,0.0,0.0,0,0.0,0.0,0.0,0.0,0.0,1222.8280000000032,0.0,0.012356498013872983,3.2007045794392517,4.062708582089546,NaN,1.2332386194029847,2.319407721953607,0.7340598179404135,1072.0,1070.0,536.0,2048.0,1278.0,204.0,192,0,0,3,53,32.0,2048.0,67720.5754,8792.3148,1291.3473999999999,768,0,0,128,0.4918797221634368,0.5342427089147546,0.19660505982265764,0,4304.2669,3424.7538999999992,53,0,0.0,0,0,0,0.0,0,0.0,81850.17054972274,0.0,0,0,0,1.5,0,0.0,0,0,0.0,0,0.0,0,0,0.0,0.0,0.0,0,0.0,0.0,NaN,5120.0,NaN,NaN,0,0,0.0,0,0.0,NaN,0,NaN,0,0,0,0.0,0.0,0.0,0.0,0.0,0.0,0.0,0.0,0,0,0,0,192,0.0,0,0,0.0,0,0.0,0.0,0.0,0.0,0.0,0.0,0.0,0.0,0.0,0.0,0.5660537261330667,384,25584.857399999997,128,56265.31314972274,4,8130.8748,4,487.5073999999999,2,767.8816000000006,-77106.8392,18.397910351201464,0,0,536,536,2 + government,debt,1,1.7462298274040222e-10
57,512,4,4,78740.0671999998,0.0,79517.2826,0.0,78418.3226,,0.0,78418.3226,0.0,0.0,0.0,0.0,0.0025,0.0001,0.0,0.0,1.0,1640.3873785249202,0.0,0.0,0.0,1.0,0.0,0.0,1.0,0.0,0,0,72.88173464521194,4.57358979580871,77.45532444102064,56.4334206297734,4.57358979580871,61.00701042558211,2800.8355000000156,2771.1480999999944,2800.8355000000156,0.0,0,0,0.0,0.0,174.0166,1.0,1.0,0.0,0.0,0.0,0.0,0.5,0.25,777.2154000000003,15272.7791,0.0,44,8653.9938,7718.164500000001,8270.4671,714.4378999999992,0.0,0.0,0.0,0.0,0.0,0,0.0,0.0,0.0,0.0,0.0,1217.8928999999994,0.0,0.012453720805204908,3.2180788389513126,4.102465549348234,NaN,1.2252433891992565,2.322946852463004,0.712038023402201,1074.0,1068.0,537.0,2044.0000000000002,1280.0000000000002,204.0,191,0,0,1,45,32.0,2048.0,68588.19249999989,8926.049,1225.8256000000001,768,0,0,128,0.4958800726906045,0.537445939653753,0.19663253381309254,0,4304.5253000000075,3436.9082000000017,45,0,0.0,0,0,0,0.0,0,0.0,82795.1013955222,0.0,0,0,0,1.5,0,0.0,0,0,0.0,0,0.0,0,0,0.0,0.0,0.0,0,0.0,0.0,NaN,5120.0,NaN,NaN,0,0,0.0,0,0.0,NaN,0,NaN,0,0,0,0.0,0.0,0.0,0.0,0.0,0.0,0.0,0.0,0,0,0,0,191,0.0,0,0,0.0,0,0.0,0.0,0.0,0.0,0.0,0.0,0.0,0.0,0.0,0.0,0.5692930100448188,384,25915.690200000023,128,56879.41119552238,4,8429.969000000001,4,622.9456,2,777.215400000001,-78418.3225,18.49857929104477,0,0,537,537,2 + government,debt,1,1.7462298274040222e-10
58,512,4,4,79697.36080000001,0.0,80483.9812,0.0,79751.3412,,0.0,79751.3412,0.0,0.0,0.0,0.0,0.0025,0.0003,0.0,0.0,1.0,1660.6832547605907,0.0,0.0,0.0,1.0,0.0,0.0,1.0,0.0,0,0,73.10367504738882,4.537863026733974,77.64153807412279,56.92359992418217,4.537863026733974,61.46146295091614,2792.2955000000034,2800.835500000015,2792.2955000000034,0.0,0,0,0.0,0.0,174.53130000000002,1.0,1.0,0.0,0.0,0.0,0.0,0.5,0.25,786.6204000000002,15670.3653,0.0,44,8802.203099999999,7844.909500000001,8414.0219,719.7580999999996,0.0,0.0,0.0,0.0,0.0,0,0.0,0.0,0.0,0.0,0.0,1235.901000000002,0.0,0.012541041431571386,3.2270792171481824,4.107742322097371,NaN,1.2311430711610478,2.342020832083912,0.690676882700135,1068.0,1073.0,534.0,2046.6666666666667,1274.0,204.0,193,0,0,2,50,33.0,2048.0,69456.42370000003,9079.189699999999,1161.7470999999998,768,0,0,128,0.49759796810951284,0.5381564518043533,0.1982040065420949,0,4330.887200000005,3462.6559999999995,50,0,0.0,0,0,0,0.0,0,0.0,83571.22754357549,0.0,0,0,0,1.5,0,0.0,0,0,0.0,0,0.0,0,0,0.0,0.0,0.0,0,0.0,0.0,NaN,5120.0,NaN,NaN,0,0,0.0,0,0.0,NaN,0,NaN,0,0,0,0.0,0.0,0.0,0.0,0.0,0.0,0.0,0.0,0,0,0,0,193,0.0,0,0,0.0,0,0.0,0.0,0.0,0.0,0.0,0.0,0.0,0.0,0.0,0.0,0.5696872076058435,384,26209.49359999998,128,57361.73394357543,4,8748.4697,4,759.8271,2,786.6204000000052,-79751.3409,18.378650837988847,0,0,534,534,2 + government,debt,1,1.7462298274040222e-10
59,512,4,4,80651.50039999995,0.0,81447.6551,0.0,81081.3351,,0.0,81081.3351,0.0,0.0,0.0,0.0,0.0025,0.0001,0.0,0.0,1.0,1652.8248908593785,0.0,0.0,0.0,1.0,0.0,0.0,1.0,0.0,0,0,73.76946642585504,4.44605344375339,78.21551986960843,57.49888380650067,4.44605344375339,61.944937250254064,2818.2060000000106,2792.29550000001,2818.2060000000106,0.0,0,0,0.0,0.0,181.14999999999998,1.0,1.0,0.0,0.0,0.0,0.0,0.5,0.25,796.1547000000003,16072.785099999997,0.0,44,8926.325,7972.185399999999,8533.4395,721.5918,0.0,0.0,0.0,0.0,0.0,0,0.0,0.0,0.0,0.0,0.0,1226.8568999999995,0.0,0.012616570454911585,3.2422870353581126,4.120629664179102,NaN,1.2428597014925384,2.354204843503048,0.669956576219131,1072.0,1103.0,536.0,2045.3333333333335,1278.0000000000002,204.0,191,0,0,2,60,54.0,2048.0,70230.65339999997,9205.667599999999,1215.1793,768,0,0,128,0.5002652060772892,0.5401953344134651,0.20010352951901056,0,4350.472300000007,3576.242599999998,60,0,0.0,0,0,0,0.0,0,0.0,84413.42157977527,0.0,0,0,0,1.5,0,0.0,0,0,0.0,0,0.0,0,0,0.0,0.0,0.0,0,0.0,0.0,NaN,5120.0,NaN,NaN,0,0,0.0,0,0.0,NaN,0,NaN,0,0,0,0.0,0.0,0.0,0.0,0.0,0.0,0.0,0.0,0,0,0,0,191,0.0,0,0,0.0,0,0.0,0.0,0.0,0.0,0.0,0.0,0.0,0.0,0.0,0.0,0.5719697091038884,384,26476.069099999982,128,57937.35247977527,4,9040.307599999998,4,1014.2193,2,796.154699999995,-81081.33499999999,18.46714606741572,0,0,536,536,2 + government,debt,1,1.7462298274040222e-10
60,512,4,4,81593.04949999998,0.0,82398.7999,0.0,82398.7999,,0.0,82398.7999,0.0,0.0,0.0,0.0,0.0025,0.0002,0.0,0.0,1.0,1645.4481395979037,0.0,0.0,0.0,1.0,0.0,0.0,1.0,0.0,0,0,75.01092649274023,4.426029733652004,79.43695622639223,58.57088817294489,4.426029733652004,62.99691790659689,2839.8253999999897,2818.2060000000406,2839.8253999999897,0.0,0,0,0.0,0.0,170.0377,1.0,1.0,0.0,0.0,0.0,0.0,0.5,0.25,805.7504000000002,16480.023299999993,0.0,44,9042.2064,8100.657300000003,8644.5639,733.3936999999992,0.0,0.0,0.0,0.0,0.0,0,0.0,0.0,0.0,0.0,0.0,1217.4700000000012,0.0,0.012686227352142256,3.2920145695364234,4.132068391866897,NaN,1.2442959334565624,2.3664907520708685,0.649857878932557,1082.0,1057.0,541.0,2045.3333333333333,1287.9999999999998,204.0,189,0,0,0,54,33.0,2048.0,71131.48420000008,9324.3099,1137.2552,768,0,0,128,0.5034495041233347,0.5429788288631527,0.20043930189736558,0,4380.490199999996,3479.6593999999996,54,0,0.0,0,0,0,0.0,0,0.0,85449.22796119397,0.0,0,0,0,1.5,0,0.0,0,0,0.0,0,0.0,0,0,0.0,0.0,0.0,0,0.0,0.0,NaN,5120.0,NaN,NaN,0,0,0.0,0,0.0,NaN,0,NaN,0,0,0,0.0,0.0,0.0,0.0,0.0,0.0,0.0,0.0,0,0,0,0,189,0.0,0,0,0.0,0,0.0,0.0,0.0,0.0,0.0,0.0,0.0,0.0,0.0,0.0,0.5753115328849072,384,26507.784800000005,128,58941.44316119402,4,9324.3099,4,1137.2552,2,805.7504000000022,-82398.7997,18.642895522388077,0,0,541,541,2 + government,debt,1,1.7462298274040222e-10
61,512,4,4,82941.52620000008,0.0,83756.8131,0.0,83756.8131,,0.0,83756.8131,0.0,0.0,0.0,0.0,0.0025,0.0001,0.0,0.0,1.0,1675.9470015404008,0.0,0.0,0.0,1.0,0.0,0.0,1.0,0.0,0,0,74.64204749348242,4.212420007961406,78.85446750144384,58.49070348018861,4.212420007961406,62.703123488150005,2875.8567999999964,2839.825399999996,2875.8567999999964,0.0,0,0,0.0,0.0,178.9383,1.0,1.0,0.0,0.0,0.0,0.0,0.5,0.25,815.2869000000003,16892.017199999987,0.0,44,9210.3337,7861.856999999999,8807.8763,729.9280999999996,0.0,0.0,0.0,0.0,0.0,0,0.0,0.0,0.0,0.0,0.0,1241.4019999999994,0.0,0.012750632091139337,3.313413007380075,4.188224675324674,NaN,1.2522296846011147,2.4079562485816197,0.6303621425645803,1078.0,1084.0,539.0,2048.0,1284.0,204.0,191,0,0,3,54,42.0,2048.0,71982.8966000001,9614.9942,1343.6353,768,0,0,128,0.5061938421633343,0.5448581312182816,0.19953553343673747,0,4443.152100000002,3591.739700000001,54,0,0.0,0,0,0,0.0,0,0.0,86317.18575341965,0.0,0,0,0,1.5,0,0.0,0,0,0.0,0,0.0,0,0,0.0,0.0,0.0,0,0.0,0.0,NaN,5120.0,NaN,NaN,0,0,0.0,0,0.0,NaN,0,NaN,0,0,0,0.0,0.0,0.0,0.0,0.0,0.0,0.0,0.0,0,0,0,0,191,0.0,0,0,0.0,0,0.0,0.0,0.0,0.0,0.0,0.0,0.0,0.0,0.0,0.0,0.5778248411526794,384,26783.9051,128,59533.280653419606,4,9614.9942,4,1343.6353,2,815.2869000000064,-83756.813,18.664439001848436,0,0,539,539,2 + government,debt,1,1.7462298274040222e-10
62,512,4,4,84288.98109999982,0.0,85115.8261,0.0,85115.8261,,0.0,85115.8261,0.0,0.0,0.0,0.0,0.0025,0.0,0.0,0.0,1.0,1685.323400866858,0.0,0.0,0.0,1.0,0.0,0.0,1.0,0.0,0,0,74.87182097267934,4.205791574658777,79.07761254733812,58.75082893401102,4.205791574658777,62.95662050866979,2880.837600000003,2875.8567999999923,2880.837600000003,0.0,0,0,0.0,0.0,179.76229999999998,1.0,1.0,0.0,0.0,0.0,0.0,0.5,0.25,826.845,17310.80129999999,0.0,44,9342.438100000001,7994.9832,8935.2121,745.0939999999987,0.0,0.0,0.0,0.0,0.0,0,0.0,0.0,0.0,0.0,0.0,1247.9521,0.0,0.01279282905729357,3.3474045496750224,4.209898324022345,NaN,1.2650372439478597,2.422662226802733,0.6114512782876428,1074.0,1077.0,537.0,2044.0,1280.0,204.0,191,0,0,1,53,43.0,2048.0,72838.9768999999,9919.1328,1530.8714,768,0,0,128,0.5070188187655571,0.5452938038970525,0.20283285065682533,0,4461.235,3605.154699999999,53,0,0.0,0,0,0,0.0,0,0.0,87264.66286660466,0.0,0,0,0,1.5,0,0.0,0,0,0.0,0,0.0,0,0,0.0,0.0,0.0,0,0.0,0.0,NaN,5120.0,NaN,NaN,0,0,0.0,0,0.0,NaN,0,NaN,0,0,0,0.0,0.0,0.0,0.0,0.0,0.0,0.0,0.0,0,0,0,0,191,0.0,0,0,0.0,0,0.0,0.0,0.0,0.0,0.0,0.0,0.0,0.0,0.0,0.0,0.5792439227829294,384,27130.209400000007,128,60134.45346660485,4,9919.1328,4,1530.8714,2,826.8450000000041,-85115.8261,18.78344526901672,0,0,537,537,2 + government,debt,1,1.7462298274040222e-10
63,512,4,4,85650.41330000004,0.0,86489.8539,0.0,86489.8539,,0.0,86489.8539,0.0,0.0,0.0,0.0,0.0025,0.0,0.0,0.0,1.0,1696.798469327702,0.0,0.0,0.0,1.0,0.0,0.0,1.0,0.0,0,0,76.06560549258381,4.168812802304173,80.23441829488799,59.82123362629823,4.168812802304173,63.9900464286024,2880.540500000014,2880.837600000012,2880.540500000014,0.0,0,0,0.0,0.0,177.40879999999999,1.0,1.0,0.0,0.0,0.0,0.0,0.5,0.25,839.4406,17736.38049999999,0.0,44,9489.7326,8128.3004,9076.749,748.3492999999999,0.0,0.0,0.0,0.0,0.0,0,0.0,0.0,0.0,0.0,0.0,1254.9389999999983,0.0,0.012839394319099463,3.3587184284377947,4.1910432282003764,NaN,1.2696571428571413,2.438911578834722,0.5931077399390134,1078.0,1069.0,539.0,2046.6666666666667,1284.0000000000002,204.0,190,0,0,1,49,40.0,2048.0,73746.9685,10215.9007,1687.5441,768,0,0,128,0.5112151369816773,0.5489303977710134,0.20173085411716074,0,4498.461600000015,3590.4700000000025,49,0,0.0,0,0,0,0.0,0,0.0,88320.19755027929,0.0,0,0,0,1.5,0,0.0,0,0,0.0,0,0.0,0,0,0.0,0.0,0.0,0,0.0,0.0,NaN,5120.0,NaN,NaN,0,0,0.0,0,0.0,NaN,0,NaN,0,0,0,0.0,0.0,0.0,0.0,0.0,0.0,0.0,0.0,0,0,0,0,190,0.0,0,0,0.0,0,0.0,0.0,0.0,0.0,0.0,0.0,0.0,0.0,0.0,0.0,0.582925938715223,384,27106.13379999998,128,61214.06375027932,4,10215.9007,4,1687.5441,2,839.4406000000025,-86489.8539,18.975558659217896,0,0,539,539,2 + government,debt,1,1.7462298274040222e-10
64,512,4,4,87035.00460000007,0.0,87887.6213,0.0,87887.6213,,0.0,87887.6213,0.0,0.0,0.0,0.0,0.0025,0.0,0.0,0.0,1.0,1716.284164096251,0.0,0.0,0.0,1.0,0.0,0.0,1.0,0.0,0,0,77.4180055080294,4.199226552731064,81.61723206076046,61.09281591732184,4.199226552731064,65.2920424700529,2898.071799999993,2880.5405000000073,2898.071799999993,0.0,0,0,0.0,0.0,180.73080000000002,1.0,1.0,0.0,0.0,0.0,0.0,0.5,0.25,852.6167000000002,18168.829899999982,0.0,44,9647.9845,8263.393199999999,9228.7112,750.963199999999,0.0,0.0,0.0,0.0,0.0,0,0.0,0.0,0.0,0.0,0.0,1272.9279999999999,0.0,0.012884247415961007,3.366840955951264,4.246430410447755,NaN,1.261911940298506,2.4475154662653558,0.5753145077408429,1072.0,1067.0,536.0,2046.6666666666667,1278.0,204.0,192,0,0,2,53,32.0,2048.0,74661.1399,10525.554199999999,1848.3105,768,0,0,128,0.5149226085555529,0.5519340601003047,0.20022802628444003,0,4506.590700000007,3592.419299999999,53,0,0.0,0,0,0,0.0,0,0.0,89287.59018571432,0.0,0,0,0,1.5,0,0.0,0,0,0.0,0,0.0,0,0,0.0,0.0,0.0,0,0.0,0.0,NaN,5120.0,NaN,NaN,0,0,0.0,0,0.0,NaN,0,NaN,0,0,0,0.0,0.0,0.0,0.0,0.0,0.0,0.0,0.0,0,0,0,0,192,0.0,0,0,0.0,0,0.0,0.0,0.0,0.0,0.0,0.0,0.0,0.0,0.0,0.0,0.5872723240460915,384,27079.423799999993,128,62208.16638571427,4,10525.554199999999,4,1848.3105,2,852.6166999999967,-87887.6213,19.04485714285712,0,0,536,536,2 + government,debt,1,1.7462298274040222e-10
65,512,4,4,88429.69479999992,0.0,89295.8998,0.0,89295.8998,,0.0,89295.8998,0.0,0.0,0.0,0.0,0.0025,0.0,0.0,0.0,1.0,1721.364832263987,0.0,0.0,0.0,1.0,0.0,0.0,1.0,0.0,0,0,77.89653560027408,4.0875324224334,81.98406802270748,61.72717805666343,4.0875324224334,65.81471047909683,2899.2688000000026,2898.0718000000015,2899.2688000000026,0.0,0,0,0.0,0.0,186.81580000000002,1.0,1.0,0.0,0.0,0.0,0.0,0.5,0.25,866.2050000000003,18608.26809999999,0.0,44,9795.0347,8400.344500000001,9369.1848,752.5247000000011,0.0,0.0,0.0,0.0,0.0,0,0.0,0.0,0.0,0.0,0.0,1276.9407999999994,0.0,0.012925661003276218,3.3670441605839385,4.2248716945996225,NaN,1.27799255121043,2.454653963165801,0.5580550725086177,1074.0,1096.0,537.0,2045.3333333333333,1280.0,204.0,191,0,0,2,62,44.0,2048.0,75501.80409999989,10841.3708,2086.5199,768,0,0,128,0.5167565175527256,0.5528807828564355,0.20054228937714158,0,4530.944600000012,3690.2803999999965,62,0,0.0,0,0,0,0.0,0,0.0,90039.02965223872,0.0,0,0,0,1.5,0,0.0,0,0,0.0,0,0.0,0,0,0.0,0.0,0.0,0,0.0,0.0,NaN,5120.0,NaN,NaN,0,0,0.0,0,0.0,NaN,0,NaN,0,0,0,0.0,0.0,0.0,0.0,0.0,0.0,0.0,0.0,0,0,0,0,191,0.0,0,0,0.0,0,0.0,0.0,0.0,0.0,0.0,0.0,0.0,0.0,0.0,0.0,0.5891376106750281,384,27385.49380000001,128,62653.53585223878,4,10841.3708,4,2086.5199,2,866.2049999999937,-89295.8998,18.928679104477588,0,0,537,537,2 + government,debt,1,1.7462298274040222e-10
66,512,4,4,89812.91479999997,0.0,90693.2825,0.0,90692.9499,,0.0,90692.9499,0.0,0.0,0.0,0.0,0.0025,0.0,0.0,0.0,1.0,1712.7295538824803,0.0,0.0,0.0,1.0,0.0,0.0,1.0,0.0,0,0,78.81552078543756,4.070015103650632,82.88553588908819,62.499535510082374,4.070015103650632,66.56955061373301,2925.559299999987,2899.2687999999944,2925.559299999987,0.0,0,0,0.0,0.0,178.49190000000002,1.0,1.0,0.0,0.0,0.0,0.0,0.5,0.25,880.3677000000001,19054.747599999988,0.0,44,9921.0844,8537.864399999999,9488.7676,762.1585999999995,0.0,0.0,0.0,0.0,0.0,0,0.0,0.0,0.0,0.0,0.0,1268.279499999998,0.542,0.012947513249962475,3.390863295880148,4.24323616236163,NaN,1.2758083025830262,2.4555915730209903,0.541313420333359,1084.0,1068.0,542.0,2045.3333333333335,1290.0,204.0,189,0,0,0,55,33.0,2048.0,76428.42140000006,11137.8269,2246.6665000000003,768,0,0,128,0.5184685351349876,0.5542321887507624,0.20200806398930715,0,4548.059300000006,3621.4419999999977,55,0,0.0,0,0,0,0.0,0,0.0,91150.89558994412,0.0,0,0,0,1.5,0,0.0,0,0,0.0,0,0.0,0,0,0.0,0.0,0.0,0,0.0,0.0,NaN,5120.0,NaN,NaN,0,0,0.0,0,0.0,NaN,0,NaN,0,0,0,0.0,0.0,0.0,0.0,0.0,0.0,0.0,0.0,0,0,0,0,189,0.0,0,0,0.0,0,0.0,0.0,0.0,0.0,0.0,0.0,0.0,0.0,0.0,0.0,0.5911084553631893,384,27710.84499999999,128,63440.05058994416,4,11137.8269,4,2246.6665000000003,2,880.0351000000026,-90692.9499,19.16988826815645,0,0,542,542,2 + government,debt,1,1.7462298274040222e-10
67,512,4,4,91222.1946,0.0,92117.3006,0.0,92116.0922,,0.0,92116.0922,0.0,0.0,0.0,0.0,0.0025,0.0,0.0,0.0,1.0,1728.6899423610369,0.0,0.0,0.0,1.0,0.0,0.0,1.0,0.0,0,0,78.85306571199453,4.039002952252659,82.89206866424719,62.91779801916413,4.039002952252659,66.95680097141678,2933.2851999999943,2925.559299999995,2933.2851999999943,0.0,0,0,0.0,0.0,182.5779,1.0,1.0,0.0,0.0,0.0,0.0,0.5,0.25,895.106,19508.212399999993,0.0,44,10085.212199999998,8675.9324,9646.4857,759.0096000000011,0.0,0.0,0.0,0.0,0.0,0,0.0,0.0,0.0,0.0,0.0,1281.0906999999995,1.8913,0.012961671971175233,3.395591272052,4.265078333333327,NaN,1.2815220370370364,2.473006263651772,0.5250740177233584,1080.0,1077.0,540.0,2048.0,1286.0,204.0,190,0,0,2,52,36.0,2048.0,77342.57209999993,11464.3533,2415.2692,768,0,0,128,0.5208340892379424,0.5554309322371109,0.1993431836743862,0,4571.202499999995,3657.0518000000043,52,0,0.0,0,0,0,0.0,0,0.0,92039.88374575651,0.0,0,0,0,1.5,0,0.0,0,0,0.0,0,0.0,0,0,0.0,0.0,0.0,0,0.0,0.0,NaN,5120.0,NaN,NaN,0,0,0.0,0,0.0,NaN,0,NaN,0,0,0,0.0,0.0,0.0,0.0,0.0,0.0,0.0,0.0,0,0,0,0,190,0.0,0,0,0.0,0,0.0,0.0,0.0,0.0,0.0,0.0,0.0,0.0,0.0,0.0,0.5932917323894307,384,28044.677800000027,128,63995.20594575646,4,11464.3533,4,2415.2692,2,893.8975999999998,-92116.0922,19.137124538745393,0,0,540,540,2 + government,debt,1,1.7462298274040222e-10
68,512,4,4,92644.42259999995,0.0,93554.0128,0.0,93550.5778,,0.0,93550.5778,0.0,0.0,0.0,0.0,0.0025,0.0002,0.0,0.0,1.0,1738.5299629478786,0.0,0.0,0.0,1.0,0.0,0.0,1.0,0.0,0,0,80.57815044793024,4.038635914639343,84.61678636256958,64.57619690361759,4.038635914639343,68.61483281825693,2915.940600000002,2933.2852000000025,2915.940600000002,0.0,0,0,0.0,0.0,182.7927,1.0,1.0,0.0,0.0,0.0,0.0,0.5,0.25,909.5901999999998,19968.792699999995,0.0,44,10237.547499999999,8815.3195,9791.4514,764.6259000000013,0.0,0.0,0.0,0.0,0.0,0,0.0,0.0,0.0,0.0,0.0,1290.3123999999973,1.8999,0.012967286357580465,3.3949987607245014,4.26919626865672,NaN,1.2853785447761172,2.483036135558843,0.5093217971916576,1072.0,1049.0,536.0,2045.3333333333333,1278.0000000000002,204.0,191,0,0,2,41,22.0,2048.0,78354.46409999994,11803.5795,2486.3788,768,0,0,128,0.5238483934556974,0.5578604946500014,0.20401965380783804,0,4573.245700000003,3561.353700000002,41,0,0.0,0,0,0,0.0,0,0.0,93117.59796666658,0.0,0,0,0,1.5,0,0.0,0,0,0.0,0,0.0,0,0,0.0,0.0,0.0,0,0.0,0.0,NaN,5120.0,NaN,NaN,0,0,0.0,0,0.0,NaN,0,NaN,0,0,0,0.0,0.0,0.0,0.0,0.0,0.0,0.0,0.0,0,0,0,0,191,0.0,0,0,0.0,0,0.0,0.0,0.0,0.0,0.0,0.0,0.0,0.0,0.0,0.0,0.5969320656859147,384,28109.290400000016,128,65008.30756666669,4,11803.5795,4,2486.3788,2,906.1551999999915,-93550.5776,19.222830555555547,0,0,536,536,2 + government,debt,1,1.7462298274040222e-10
69,512,4,4,94091.86779999995,0.0,95015.8901,0.0,95010.2192,,0.0,95010.2192,0.0,0.0,0.0,0.0,0.0025,0.0002,0.0,0.0,1.0,1755.0981954303454,0.0,0.0,0.0,1.0,0.0,0.0,1.0,0.0,0,0,81.27937949609277,4.081574448976037,85.3609539450688,65.19805492919781,4.081574448976037,69.27962937817384,2901.309099999986,2915.94060000001,2901.309099999986,0.0,0,0,0.0,0.0,188.2383,1.0,1.0,0.0,0.0,0.0,0.0,0.5,0.25,924.0222999999995,20436.545399999988,0.0,44,10403.1165,8955.671300000002,9949.7959,763.208599999999,0.0,0.0,0.0,0.0,0.0,1,0.0,0.0,0.0,0.0,0.0,1306.9552999999978,1.904,0.012970995960463597,3.3769403107861007,4.262690994371476,NaN,1.2825615384615385,2.484646595714595,0.49404214327590784,1066.0,1094.0,533.0,2045.3333333333333,1272.0,204.0,193,0,0,3,56,39.0,2048.0,79234.50679999999,12145.17,2712.1908,768,0,0,128,0.5245433738506666,0.5581761858825756,0.2022260300224643,0,4574.415399999997,3694.372699999994,56,0,0.0,0,0,0,0.0,0,0.0,94042.06763582077,0.0,0,0,0,1.5,0,0.0,0,0,0.0,0,0.0,0,0,0.0,0.0,0.0,0,0.0,0.0,NaN,5120.0,NaN,NaN,0,0,0.0,0,0.0,NaN,0,NaN,0,0,0,0.0,0.0,0.0,0.0,0.0,0.0,0.0,0.0,0,0,0,0,193,0.0,0,0,0.0,0,0.0,0.0,0.0,0.0,0.0,0.0,0.0,0.0,0.0,0.0,0.5980949292610485,384,28443.827500000032,128,65598.24013582086,4,12145.17,4,2712.1908,2,918.3513999999969,-95010.21900000001,19.28067817164176,0,0,533,533,2 + government,debt,1,1.7462298274040222e-10
70,512,4,4,95525.03230000017,0.0,96463.5842,0.0,96457.9133,,0.0,96457.9133,0.0,0.0,0.0,0.0,0.0025,0.0,0.0,0.0,1.0,1737.8752800578332,0.0,0.0,0.0,1.0,0.0,0.0,1.0,0.0,0,0,83.54084506142672,4.038590024058095,87.57943508548482,67.30869026194108,4.038590024058095,71.34728028599918,2950.1045999999938,2901.3090999999936,2950.1045999999938,0.0,0,0,0.0,2.251,176.766,1.0,1.0,0.0,0.0,0.0,0.0,0.5,0.25,938.5518999999995,20911.596299999994,0.0,45,10530.6263,9097.4618,10072.344299999999,765.233999999998,0.0,0.0,0.0,0.0,0.0,3,0.0,0.0,0.0,0.0,0.0,1292.121999999998,6.390499999999999,0.012972361151724872,3.510108504672902,4.246231284916202,NaN,1.2829221601489753,2.7398176205914795,5.561636871026603,1074.0,1070.0,537.0,2044.0,1280.0,204.0,191,0,0,2,57,30.0,2048.0,80335.42060000013,12196.542800000001,2993.0688999999998,768,0,0,128,0.52790708186053,0.5607189490482489,0.21902167300014108,0,4856.729899999995,3755.816100000005,57,0,0.0,0,0,0,0.0,0,0.0,95110.52952307707,0.0,0,0,0,1.5,0,0.0,0,0,0.0,0,0.0,0,0,0.0,0.0,0.0,0,0.0,0.0,NaN,5120.0,NaN,NaN,0,0,0.0,0,0.0,NaN,0,NaN,0,0,0,0.0,0.0,0.0,0.0,0.0,0.0,0.0,0.0,0,0,0,0,191,0.0,0,0,0.0,0,0.0,0.0,0.0,0.0,0.0,0.0,0.0,0.0,0.0,0.0,0.6007301042688751,384,28524.692200000034,128,66585.83732307694,4,12196.542800000001,4,2993.0688999999998,2,932.8809999999913,-96457.9133,19.238423076923077,0,0,537,537,2 + government,debt,1,1.7462298274040222e-10
71,512,4,4,96948.9838,0.0,97902.0012,0.0,97896.3303,,0.0,97896.3303,0.0,0.0,0.0,0.0,0.0025,0.0,0.0,0.0,1.0,1763.4275672148458,0.0,0.0,0.0,1.0,0.0,0.0,1.0,0.0,0,0,82.12149947738565,3.8521229727920225,85.97362245017769,66.45642113600293,3.8521229727920225,70.30854410879495,3076.5333999999934,2950.1046000000024,3076.5333999999934,0.0,0,0,0.0,4.5113,188.46589999999998,1.0,1.0,0.0,0.0,0.0,0.0,0.5,0.25,953.0173999999996,21393.885499999997,0.0,46,10662.153600000001,9238.2021,10196.5787,809.5496999999971,0.0,0.0,0.0,0.0,0.0,4,0.0,0.0,0.0,0.0,0.0,1300.0914999999986,6.5511,0.01297692348929363,3.6214982472324686,4.408652407407391,NaN,1.2951194444444452,2.8125350875713986,5.466691577070647,1080.0,1084.0,540.0,2045.3333333333335,1286.0,204.0,189,0,0,2,53,39.0,2048.0,81378.87549999998,12187.660699999999,3382.4476000000004,768,0,0,128,0.5315477142607214,0.5635648420509491,0.2193527022756776,0,4969.158999999999,3925.704099999996,53,0,0.0,0,0,0,0.0,0,0.0,96158.13878491621,0.0,0,0,0,1.5,0,0.0,0,0,0.0,0,0.0,0,0,0.0,0.0,0.0,0,0.0,0.0,NaN,5120.0,NaN,NaN,0,0,0.0,0,0.0,NaN,0,NaN,0,0,0,0.0,0.0,0.0,0.0,0.0,0.0,0.0,0.0,0,0,0,0,189,0.0,0,0,0.0,0,0.0,0.0,0.0,0.0,0.0,0.0,0.0,0.0,0.0,0.0,0.6037102682464228,384,28572.39090000002,128,67585.74788491621,4,12187.660699999999,4,3382.4476000000004,2,947.346499999997,-97896.3303,19.24383240223463,0,0,540,540,2 + government,debt,1,1.7462298274040222e-10
72,512,4,4,98409.87209999986,0.0,99377.53689999999,0.0,99371.866,,0.0,99371.866,0.0,0.0,0.0,0.0,0.0025,0.0,0.0,0.0,1.0,1822.585640354073,0.0,0.0,0.0,1.0,0.0,0.0,1.0,0.0,0,0,80.56754595796409,3.6762739338662778,84.24381989183036,65.26898606345728,3.6762739338662778,68.94525999732355,3133.7089999999876,3076.5333999999916,3133.7089999999876,0.0,0,0,0.0,7.6865000000000006,187.3085,1.0,1.0,0.0,0.0,0.0,0.0,0.5,0.25,967.6647999999994,21883.366900000005,0.0,47,10840.755599999999,9379.8673,10368.3229,838.7921999999993,0.0,0.0,0.0,0.0,0.0,4,0.0,0.0,0.0,0.0,0.0,1344.5478999999991,7.677099999999999,0.012978435549496617,3.7126076995305137,4.524830912476709,NaN,1.3453337057728123,2.8724887254958227,5.302690829758528,1074.0,1065.0,537.0,2045.3333333333335,1280.0,204.0,192,0,0,1,47,34.0,2048.0,82509.01800000007,12239.2645,3661.5896000000002,768,0,0,128,0.5327530678269696,0.5643945069417822,0.2173825314789768,0,5084.069699999996,3953.9271999999974,47,0,0.0,0,0,0,0.0,0,0.0,97428.79399999985,0.0,0,0,0,1.5,0,0.0,0,0,0.0,0,0.0,0,0,0.0,0.0,0.0,0,0.0,0.0,NaN,5120.0,NaN,NaN,0,0,0.0,0,0.0,NaN,0,NaN,0,0,0,0.0,0.0,0.0,0.0,0.0,0.0,0.0,0.0,0,0,0,0,192,0.0,0,0,0.0,0,0.0,0.0,0.0,0.0,0.0,0.0,0.0,0.0,0.0,0.0,0.6048577198561516,384,29018.732300000025,128,68410.0617,4,12239.2645,4,3661.5896000000002,2,961.9939000000132,-99371.866,19.426791666666677,0,0,537,537,2 + government,debt,1,1.7462298274040222e-10
73,512,4,4,99918.92810000008,0.0,100901.3403,0.0,100895.6694,,0.0,100895.6694,0.0,0.0,0.0,0.0,0.0025,0.0,0.0,0.0,1.0,1873.473187337546,0.0,0.0,0.0,1.0,0.0,0.0,1.0,0.0,0,0,81.01948491030025,3.5947559525717376,84.614240862872,65.44448080632343,3.5947559525717376,69.03923675889516,3190.4901000000186,3133.708999999993,3190.4901000000186,0.0,0,0,0.0,9.9712,194.67000000000002,1.0,1.0,0.0,0.0,0.0,0.0,0.5,0.25,982.4121999999994,22380.22610000001,0.0,48,11033.533800000001,9524.477799999999,10553.128,849.7030000000016,0.0,0.0,0.0,0.0,0.0,4,0.0,0.0,0.0,0.0,0.0,1383.407899999998,6.1396,0.012978792842265705,3.778216761363637,4.622624299065459,NaN,1.3771211214953263,2.917484260452994,5.143610104865774,1070.0,1056.0,535.0,2046.6666666666667,1276.0,204.0,193,0,0,0,43,23.0,2048.0,83694.20130000004,12320.185099999999,3904.5417,768,0,0,128,0.5358871279735282,0.5678338119979784,0.21869701361067495,0,5174.9802,3989.7969000000007,43,0,0.0,0,0,0,0.0,0,0.0,99192.44559050287,0.0,0,0,0,1.5,0,0.0,0,0,0.0,0,0.0,0,0,0.0,0.0,0.0,0,0.0,0.0,NaN,5120.0,NaN,NaN,0,0,0.0,0,0.0,NaN,0,NaN,0,0,0,0.0,0.0,0.0,0.0,0.0,0.0,0.0,0.0,0,0,0,0,193,0.0,0,0,0.0,0,0.0,0.0,0.0,0.0,0.0,0.0,0.0,0.0,0.0,0.0,0.6078263814031162,384,29119.74469999999,128,70072.7008905028,4,12320.185099999999,4,3904.5417,2,976.7412999999916,-100895.6694,20.180005586592184,0,0,535,535,2 + government,debt,1,1.7462298274040222e-10
74,512,4,4,101452.40910000005,0.0,102449.85489999999,0.0,102444.184,,0.0,102444.184,0.0,0.0,0.0,0.0,0.0025,0.0,0.0,0.0,1.0,1907.3638154066555,0.0,0.0,0.0,1.0,0.0,0.0,1.0,0.0,0,0,80.40712061756827,3.57331505211382,83.98043566968208,64.7973109372766,3.57331505211382,68.37062598939043,3239.966999999987,3190.4901000000214,3239.966999999987,0.0,0,0,0.0,13.180399999999999,201.40320000000003,1.0,1.0,0.0,0.0,0.0,0.0,0.5,0.25,997.4457999999996,22884.704600000015,0.0,49,11204.538400000001,9671.057399999998,10717.0493,865.6096,0.0,0.0,0.0,0.0,0.0,4,0.0,0.0,0.0,0.0,0.0,1408.6370999999992,7.349399999999999,0.012976828550741289,3.816241651205934,4.691362803738316,NaN,1.4054441121495322,2.9493772041536035,4.989301801719799,1070.0,1078.0,535.0,2048.0,1276.0,204.0,193,0,0,0,43,34.0,2048.0,84827.05360000006,12419.7671,4205.5884,768,0,0,128,0.5355436906965654,0.5677033565662826,0.21717845537193137,0,5246.760800000012,4113.908499999997,43,0,0.0,0,0,0,0.0,0,0.0,100691.48891962615,0.0,0,0,0,1.5,0,0.0,0,0,0.0,0,0.0,0,0,0.0,0.0,0.0,0,0.0,0.0,NaN,5120.0,NaN,NaN,0,0,0.0,0,0.0,NaN,0,NaN,0,0,0,0.0,0.0,0.0,0.0,0.0,0.0,0.0,0.0,0,0,0,0,193,0.0,0,0,0.0,0,0.0,0.0,0.0,0.0,0.0,0.0,0.0,0.0,0.0,0.0,0.6081396900775462,384,29633.56600000001,128,71057.92291962614,4,12419.7671,4,4205.5884,2,991.7749000000014,-102444.184,20.656816822429896,0,0,535,535,2 + government,debt,1,1.7462298274040222e-10
75,512,4,4,103019.6463999999,0.0,104032.3853,0.0,104026.7144,,0.0,104026.7144,0.0,0.0,0.0,0.0,0.0025,0.0,0.0,0.0,1.0,1948.1884172219682,0.0,0.0,0.0,1.0,0.0,0.0,1.0,0.0,0,0,80.80943827705696,3.525198363494161,84.33463664055111,65.15238725592735,3.525198363494161,68.67758561942152,3257.9448999999913,3239.9669999999787,3257.9448999999913,0.0,0,0,0.0,15.4895,200.94940000000003,1.0,1.0,0.0,0.0,0.0,0.0,0.5,0.25,1012.7388999999997,23396.92550000001,0.0,50,11388.3536,9821.1163,10892.7464,881.0886999999955,0.0,0.0,0.0,0.0,0.0,4,0.0,0.0,0.0,0.0,0.0,1444.4466999999986,5.8372,0.012976484260620372,3.8614347338935557,4.74231294559099,NaN,1.4157722326454045,2.9697310518547186,4.839622747668203,1066.0,1071.0,533.0,2048.0,1272.0,204.0,194,0,0,1,53,29.0,2048.0,85988.27519999996,12553.2405,4478.130700000001,768,0,0,128,0.5367314166215249,0.5686937358177646,0.21517017009322248,0,5296.818199999996,4135.596599999998,53,0,0.0,0,0,0,0.0,0,0.0,102178.99137196249,0.0,0,0,0,1.5,0,0.0,0,0,0.0,0,0.0,0,0,0.0,0.0,0.0,0,0.0,0.0,NaN,5120.0,NaN,NaN,0,0,0.0,0,0.0,NaN,0,NaN,0,0,0,0.0,0.0,0.0,0.0,0.0,0.0,0.0,0.0,0,0,0,0,194,0.0,0,0,0.0,0,0.0,0.0,0.0,0.0,0.0,0.0,0.0,0.0,0.0,0.0,0.6094236180993489,384,30100.812300000016,128,72078.17907196259,4,12553.2405,4,4478.130700000001,2,1007.0679999999967,-104026.7144,21.081661682242984,0,0,533,533,2 + government,debt,1,1.7462298274040222e-10
76,512,4,4,104598.63029999999,0.0,105626.94679999999,0.0,105621.2759,,0.0,105621.2759,0.0,0.0,0.0,0.0,0.0025,0.0,0.0,0.0,1.0,1954.6496451434655,0.0,0.0,0.0,1.0,0.0,0.0,1.0,0.0,0,0,80.64899380962243,3.5262208238588855,84.1752146334813,65.15508640276957,3.5262208238588855,68.68130722662845,3298.892699999992,3257.9448999999836,3298.892699999992,0.0,0,0,0.0,18.7327,201.7516,1.0,1.0,0.0,0.0,0.0,0.0,0.5,0.25,1028.3164999999997,23917.058900000007,0.0,51,11552.2062,9973.222300000001,11049.2626,882.5311999999967,0.0,0.0,0.0,0.0,0.0,4,0.0,0.0,0.0,0.0,0.0,1444.9408999999985,7.082800000000001,0.012975522034966769,3.8923129334582964,4.765492551210421,NaN,1.4310094972067033,2.996486602766113,4.69443406523816,1074.0,1067.0,537.0,2046.6666666666667,1279.9999999999998,204.0,191,0,0,1,47,26.0,2048.0,87193.4508,12673.0985,4732.081,768,0,0,128,0.5365214641364795,0.5681847204625092,0.2112824740722803,0,5358.273500000005,4153.0979000000025,47,0,0.0,0,0,0,0.0,0,0.0,103503.1469200751,0.0,0,0,0,1.5,0,0.0,0,0,0.0,0,0.0,0,0,0.0,0.0,0.0,0,0.0,0.0,NaN,5120.0,NaN,NaN,0,0,0.0,0,0.0,NaN,0,NaN,0,0,0,0.0,0.0,0.0,0.0,0.0,0.0,0.0,0.0,0,0,0,0,191,0.0,0,0,0.0,0,0.0,0.0,0.0,0.0,0.0,0.0,0.0,0.0,0.0,0.0,0.6094707990032131,384,30627.13769999999,128,72876.00922007507,4,12673.0985,4,4732.081,2,1022.6456000000009,-105621.2759,21.236583489681067,0,0,537,537,2 + government,debt,1,1.7462298274040222e-10
77,512,4,4,106203.23559999991,0.0,107247.3251,0.0,107241.6542,,0.0,107241.6542,0.0,0.0,0.0,0.0,0.0025,0.0,0.0,0.0,1.0,1983.7855126340526,0.0,0.0,0.0,1.0,0.0,0.0,1.0,0.0,0,0,80.78710420738321,3.462667700393471,84.24977190777669,65.37202400212155,3.462667700393471,68.83469170251503,3334.5388000000025,3298.892699999991,3334.5388000000025,0.0,0,0,0.0,21.066200000000002,211.8243,1.0,1.0,0.0,0.0,0.0,0.0,0.5,0.25,1044.0894999999996,24445.165199999996,0.0,52,11731.506,10126.9007,11220.165599999998,894.7549999999998,0.0,0.0,0.0,0.0,0.0,4,0.0,0.0,0.0,0.0,0.0,1469.9995999999971,5.5729,0.012976571890457572,3.94336070780399,4.804991401869144,NaN,1.447466915887848,3.0835827642762386,6.554179069835687,1070.0,1102.0,535.0,2046.6666666666667,1276.0,204.0,192,0,0,3,64,43.0,2048.0,88320.5364999999,12747.6755,5135.0236,768,0,0,128,0.5376683433523453,0.5689077286715822,0.21683926676264242,0,5472.6691999999975,4345.583499999997,64,0,0.0,0,0,0,0.0,0,0.0,104805.76590782111,0.0,0,0,0,1.5,0,0.0,0,0,0.0,0,0.0,0,0,0.0,0.0,0.0,0,0.0,0.0,NaN,5120.0,NaN,NaN,0,0,0.0,0,0.0,NaN,0,NaN,0,0,0,0.0,0.0,0.0,0.0,0.0,0.0,0.0,0.0,0,0,0,0,192,0.0,0,0,0.0,0,0.0,0.0,0.0,0.0,0.0,0.0,0.0,0.0,0.0,0.0,0.6108038406753284,384,31097.32820000003,128,73708.4377078212,4,12747.6755,4,5135.0236,2,1038.4186000000018,-107241.6542,21.46514245810055,0,0,535,535,2 + government,debt,1,1.7462298274040222e-10
78,512,4,4,107772.6596000001,0.0,108832.74919999999,0.0,108827.0783,,0.0,108827.0783,0.0,0.0,0.0,0.0,0.0025,0.0,0.0,0.0,1.0,1966.9516542526867,0.0,0.0,0.0,1.0,0.0,0.0,1.0,0.0,0,0,80.74169428387187,3.319420793412847,84.06111507728471,65.4812885073037,3.319420793412847,68.80070930071655,3428.104300000001,3334.538799999997,3428.104300000001,0.0,0,0,0.0,24.343400000000003,210.7973,1.0,1.0,0.0,0.0,0.0,0.0,0.5,0.25,1060.0895999999998,24981.373399999997,0.0,53,11851.5967,10282.172700000001,11332.699700000001,920.0675000000055,0.0,0.0,0.0,0.0,0.0,4,0.0,0.0,0.0,0.0,0.0,1446.4285999999997,6.8847000000000005,0.012976695128873377,4.032024426078968,4.874300000000007,NaN,1.460466544117646,3.1068397321716685,6.357553697740617,1088.0,1089.0,544.0,2044.0000000000002,1294.0,204.0,187,0,0,0,59,49.0,2048.0,89468.57760000002,12781.2696,5522.8124,768,0,0,128,0.5390526631490513,0.569816767551014,0.21615600230288434,0,5538.915699999986,4390.8745999999965,59,0,0.0,0,0,0,0.0,0,0.0,106143.3964710281,0.0,0,0,0,1.5,0,0.0,0,0,0.0,0,0.0,0,0,0.0,0.0,0.0,0,0.0,0.0,NaN,5120.0,NaN,NaN,0,0,0.0,0,0.0,NaN,0,NaN,0,0,0,0.0,0.0,0.0,0.0,0.0,0.0,0.0,0.0,0,0,0,0,187,0.0,0,0,0.0,0,0.0,0.0,0.0,0.0,0.0,0.0,0.0,0.0,0.0,0.0,0.6120890195383801,384,31589.828699999984,128,74553.56777102801,4,12781.2696,4,5522.8124,2,1054.4187000000065,-108827.0783,21.71200373831772,0,0,544,544,2 + government,debt,1,1.7462298274040222e-10
79,512,4,4,109393.85139999993,0.0,110469.9294,0.0,110464.2585,,0.0,110464.2585,0.0,0.0,0.0,0.0,0.0025,0.0,0.0,0.0,1.0,2026.2958580559985,0.0,0.0,0.0,1.0,0.0,0.0,1.0,0.0,0,0,79.84796945636636,3.3676217945281355,83.21559125089449,64.82609683407553,3.3676217945281355,68.19371862860366,3413.954999999998,3428.1042999999895,3413.954999999998,0.0,0,0,0.0,26.701300000000003,200.98749999999998,1.0,1.0,0.0,0.0,0.0,0.0,0.5,0.25,1076.0780000000002,25525.5089,0.0,54,12057.7975,10436.6057,11530.3917,936.5233999999966,0.0,0.0,0.0,0.0,0.0,4,0.0,0.0,0.0,0.0,0.0,1494.0651,5.427499999999999,0.012981621610657959,4.078551904761906,4.896279444444454,NaN,1.4852170370370374,3.1524946533766562,6.166827086808396,1080.0,1050.0,540.0,2048.0,1286.0,204.0,190,0,0,3,44,34.0,2048.0,90807.81009999987,12878.5897,5707.451599999999,768,0,0,128,0.538853298312949,0.5693460084006445,0.21694823535016927,0,5621.711999999975,4282.479500000001,44,0,0.0,0,0,0,0.0,0,0.0,107632.38468823518,0.0,0,0,0,1.5,0,0.0,0,0,0.0,0,0.0,0,0,0.0,0.0,0.0,0,0.0,0.0,NaN,5120.0,NaN,NaN,0,0,0.0,0,0.0,NaN,0,NaN,0,0,0,0.0,0.0,0.0,0.0,0.0,0.0,0.0,0.0,0,0,0,0,190,0.0,0,0,0.0,0,0.0,0.0,0.0,0.0,0.0,0.0,0.0,0.0,0.0,0.0,0.6117515993638574,384,32164.438699999995,128,75467.94598823525,4,12878.5897,4,5707.451599999999,2,1070.407099999994,-110464.2585,21.90699816176469,0,0,540,540,2 + government,debt,1,1.7462298274040222e-10
80,512,4,4,111080.27250000004,0.0,112172.5403,0.0,112166.8694,,0.0,112166.8694,0.0,0.0,0.0,0.0,0.0025,0.0,0.0,0.0,1.0,2079.0999870537453,0.0,0.0,0.0,1.0,0.0,0.0,1.0,0.0,0,0,79.80483875763844,3.3401121050660145,83.14495086270445,64.75619824230054,3.3401121050660145,68.09631034736655,3410.9136000000085,3413.95499999998,3410.9136000000085,0.0,0,0,0.0,30.012500000000003,209.99679999999998,1.0,1.0,0.0,0.0,0.0,0.0,0.5,0.25,1092.2678000000003,26077.830400000003,0.0,55,12280.676,10594.2549,11745.6724,931.1667999999971,0.0,0.0,0.0,0.0,0.0,4,0.0,0.0,0.0,0.0,0.0,1540.7269999999976,6.7987,0.01298084787241421,4.079926086956518,4.944694559099458,NaN,1.4996495309568456,3.181682692422873,5.981822274204147,1066.0,1058.0,533.0,2044.0,1272.0,204.0,193,0,0,2,44,26.0,2048.0,92151.3761000001,12988.6823,5940.2141,768,0,0,128,0.5390878939061732,0.5694570564944237,0.21336161045913116,0,5660.12780000001,4316.561799999996,44,0,0.0,0,0,0,0.0,0,0.0,109261.0763666667,0.0,0,0,0,1.5,0,0.0,0,0,0.0,0,0.0,0,0,0.0,0.0,0.0,0,0.0,0.0,NaN,5120.0,NaN,NaN,0,0,0.0,0,0.0,NaN,0,NaN,0,0,0,0.0,0.0,0.0,0.0,0.0,0.0,0.0,0.0,0,0,0,0,193,0.0,0,0,0.0,0,0.0,0.0,0.0,0.0,0.0,0.0,0.0,0.0,0.0,0.0,0.612020811286778,384,32748.763099999982,128,76512.31326666665,4,12988.6823,4,5940.2141,2,1086.5968999999868,-112166.8694,22.27825555555556,0,0,533,533,2 + government,debt,1,1.7462298274040222e-10
81,512,4,4,112778.97119999987,0.0,113887.89199999999,0.0,113882.2211,,0.0,113882.2211,0.0,0.0,0.0,0.0,0.0025,0.0,0.0,0.0,1.0,2089.957866475248,0.0,0.0,0.0,1.0,0.0,0.0,1.0,0.0,0,0,80.48948820178782,3.361325791699296,83.85081399348712,65.37830592939261,3.361325791699296,68.73963172109191,3413.732899999997,3410.9136000000167,3413.732899999997,0.0,0,0,0.0,32.394800000000004,216.3414,1.0,1.0,0.0,0.0,0.0,0.0,0.5,0.25,1108.9208000000003,26638.6648,0.0,56,12457.0581,10758.3594,11913.4716,938.7543999999964,0.0,0.0,0.0,0.0,0.0,5,0.0,0.0,0.0,0.0,0.0,1551.4107000000029,5.349399999999999,0.01297721551089866,4.069269716376944,4.93928348968104,NaN,1.5074300187617247,3.1817605687721926,5.80236760597802,1066.0,1093.0,533.0,2045.3333333333333,1272.0,204.0,193,0,0,0,61,34.0,2048.0,93378.13829999993,13092.8736,6307.9593,768,0,0,128,0.5388110687019383,0.5690294369750875,0.2125965788167108,0,5674.473999999998,4447.7118,61,0,0.0,0,0,0,0.0,0,0.0,110654.10089662277,0.0,0,0,0,1.5,0,0.0,0,0,0.0,0,0.0,0,0,0.0,0.0,0.0,0,0.0,0.0,NaN,5120.0,NaN,NaN,0,0,0.0,0,0.0,NaN,0,NaN,0,0,0,0.0,0.0,0.0,0.0,0.0,0.0,0.0,0.0,0,0,0,0,193,0.0,0,0,0.0,0,0.0,0.0,0.0,0.0,0.0,0.0,0.0,0.0,0.0,0.0,0.6122887937975352,384,33287.016999999985,128,77367.08389662289,4,13092.8736,4,6307.9593,2,1103.249900000007,-113882.2211,22.494742964352685,0,0,533,533,2 + government,debt,1,1.7462298274040222e-10
82,512,4,4,114455.2369000001,0.0,115581.0931,0.0,115575.4222,,0.0,115575.4222,0.0,0.0,0.0,0.0,0.0025,0.0,0.0,0.0,1.0,2065.9577333387247,0.0,0.0,0.0,1.0,0.0,0.0,1.0,0.0,0,0,81.69888458564849,3.3362918938474846,85.03517647949597,66.43967919396569,3.3362918938474846,69.77597108781318,3478.61629999999,3413.732899999998,3478.61629999999,0.0,0,0,0.0,36.101400000000005,207.9522,1.0,1.0,0.0,0.0,0.0,0.0,0.5,0.25,1125.8562000000004,27208.075800000002,0.0,57,12598.075300000002,10921.8096,12046.6028,944.5459999999966,0.0,0.0,0.0,0.0,0.0,5,0.0,0.0,0.0,0.0,0.0,1528.811600000001,7.0791,0.01297767032816544,4.10679598130841,4.965359484346198,NaN,1.5049162062615093,3.1771995375865085,5.628296577798678,1086.0,1070.0,543.0,2048.0,1292.0,204.0,189,0,0,0,46,34.0,2048.0,94696.45760000005,13160.396700000001,6598.3826,768,0,0,128,0.5400686803952905,0.5698224766234421,0.2129748331771646,0,5712.591000000019,4394.271699999998,46,0,0.0,0,0,0,0.0,0,0.0,112062.0514161352,0.0,0,0,0,1.5,0,0.0,0,0,0.0,0,0.0,0,0,0.0,0.0,0.0,0,0.0,0.0,NaN,5120.0,NaN,NaN,0,0,0.0,0,0.0,NaN,0,NaN,0,0,0,0.0,0.0,0.0,0.0,0.0,0.0,0.0,0.0,0,0,0,0,189,0.0,0,0,0.0,0,0.0,0.0,0.0,0.0,0.0,0.0,0.0,0.0,0.0,0.0,0.613237910943188,384,33797.61669999999,128,78264.43471613515,4,13160.396700000001,4,6598.3826,2,1120.1852999999946,-115575.4222,22.61145028142587,0,0,543,543,2 + government,debt,1,1.7462298274040222e-10
83,512,4,4,116186.41549999996,0.0,117329.1946,0.0,117323.5237,,0.0,117323.5237,0.0,0.0,0.0,0.0,0.0025,0.0,0.0,0.0,1.0,2115.7371044385986,0.0,0.0,0.0,1.0,0.0,0.0,1.0,0.0,0,0,81.4223776723781,3.4183618494264074,84.84073952180451,66.38610356448073,3.4183618494264074,69.80446541390712,3451.125599999985,3478.616300000012,3451.125599999985,0.0,0,0,0.0,38.508100000000006,211.69989999999999,1.0,1.0,0.0,0.0,0.0,0.0,0.5,0.25,1142.7791000000004,27785.952899999993,0.0,58,12817.9445,11086.7659,12257.0757,949.220700000003,0.0,0.0,0.0,0.0,0.0,5,0.0,0.0,0.0,0.0,0.0,1573.6391000000037,4.8690999999999995,0.012982218568274216,4.1127931196984004,4.9912527102803415,NaN,1.5116650467289716,3.206260556060116,5.459447680464717,1070.0,1061.0,535.0,2048.0,1276.0,204.0,193,0,0,1,42,30.0,2048.0,96071.36479999992,13303.971700000002,6811.079,768,0,0,128,0.5384415497266426,0.567955639818067,0.2092082111748792,0,5738.580699999977,4363.673500000003,42,0,0.0,0,0,0,0.0,0,0.0,113407.9994961325,0.0,0,0,0,1.5,0,0.0,0,0,0.0,0,0.0,0,0,0.0,0.0,0.0,0,0.0,0.0,NaN,5120.0,NaN,NaN,0,0,0.0,0,0.0,NaN,0,NaN,0,0,0,0.0,0.0,0.0,0.0,0.0,0.0,0.0,0.0,0,0,0,0,193,0.0,0,0,0.0,0,0.0,0.0,0.0,0.0,0.0,0.0,0.0,0.0,0.0,0.0,0.6120145412875515,384,34501.504400000034,128,78906.49509613254,4,13303.971700000002,4,6811.079,2,1137.1081999999997,-117323.5237,22.57374309392264,0,0,535,535,2 + government,debt,1,1.7462298274040222e-10
84,512,4,4,117932.91089999993,0.0,119092.8857,0.0,119087.2148,,0.0,119087.2148,0.0,0.0,0.0,0.0,0.0025,0.0,0.0,0.0,1.0,2122.3469265912586,0.0,0.0,0.0,1.0,0.0,0.0,1.0,0.0,0,0,81.97392630473747,3.4001636359644136,85.3740899407019,66.91270619204879,3.4001636359644136,70.3128698280132,3463.522900000013,3451.125600000004,3463.522900000013,0.0,0,0,0.0,42.252300000000005,217.9163,1.0,1.0,0.0,0.0,0.0,0.0,0.5,0.25,1159.9748000000004,28372.570599999995,0.0,59,13000.6244,11254.129,12431.68,947.6801000000046,0.0,0.0,0.0,0.0,0.0,5,0.0,0.0,0.0,0.0,0.0,1579.4569,6.612699999999999,0.012981023849468854,4.1215113259668525,5.0239570356473,NaN,1.5161771106941857,3.217355968396368,5.295664250050777,1066.0,1086.0,533.0,2046.6666666666667,1272.0,204.0,193,0,0,1,56,37.0,2048.0,97340.34249999994,13432.953800000001,7159.6146,768,0,0,128,0.5386087693760722,0.5678005700268325,0.21137920562559542,0,5744.939000000017,4475.961300000002,56,0,0.0,0,0,0,0.0,0,0.0,114754.72383831766,0.0,0,0,0,1.5,0,0.0,0,0,0.0,0,0.0,0,0,0.0,0.0,0.0,0,0.0,0.0,NaN,5120.0,NaN,NaN,0,0,0.0,0,0.0,NaN,0,NaN,0,0,0,0.0,0.0,0.0,0.0,0.0,0.0,0.0,0.0,0,0,0,0,193,0.0,0,0,0.0,0,0.0,0.0,0.0,0.0,0.0,0.0,0.0,0.0,0.0,0.0,0.6125377070244968,384,35070.73740000001,128,79683.98643831772,4,13432.953800000001,4,7159.6146,2,1154.3038999999962,-119087.2148,22.674975700934574,0,0,533,533,2 + government,debt,1,1.7462298274040222e-10
85,512,4,4,119662.71319999978,0.0,120840.2513,0.0,120834.9124,,0.0,120834.9124,0.0,0.0,0.0,0.0,0.0025,0.0001,0.0,0.0,1.0,2103.477252993316,0.0,0.0,0.0,1.0,0.0,0.0,1.0,0.0,0,0,82.66073770120047,3.396538896111808,86.05727659731228,67.56994060300585,3.396538896111808,70.96647949911765,3500.140000000013,3463.5229000000195,3500.140000000013,0.0,0,0,0.0,44.683400000000006,213.9318,1.0,1.0,0.0,0.0,0.0,0.0,0.5,0.25,1177.5381000000004,28968.12719999999,0.0,59,13153.8321,11424.029799999998,12575.8388,954.9585999999982,0.0,0.0,0.0,0.0,0.0,3,0.0,0.0,0.0,0.0,0.0,1559.4385,4.8289,0.012981686409437998,4.158254892823858,5.031193877551033,NaN,1.5132027829313532,3.223209627487746,5.136794322549253,1078.0,1073.0,539.0,2046.6666666666665,1284.0,204.0,190,0,0,1,59,28.0,2048.0,98649.06009999971,13547.2381,7466.4149,768,0,0,128,0.5390865244880352,0.5679015127883396,0.21052900208688308,0,5770.525100000011,4461.8075,59,0,0.0,0,0,0,0.0,0,0.0,116115.42041519677,0.0,0,0,0,1.5,0,0.0,0,0,0.0,0,0.0,0,0,0.0,0.0,0.0,0,0.0,0.0,NaN,5120.0,NaN,NaN,0,0,0.0,0,0.0,NaN,0,NaN,0,0,0,0.0,0.0,0.0,0.0,0.0,0.0,0.0,0.0,0,0,0,0,190,0.0,0,0,0.0,0,0.0,0.0,0.0,0.0,0.0,0.0,0.0,0.0,0.0,0.0,0.6130809837055082,384,35633.53980000001,128,80481.880615197,4,13547.2381,4,7466.4149,2,1172.1992000000052,-120834.9123,22.742656660412784,0,0,539,539,2 + government,debt,1,1.7462298274040222e-10
86,512,4,4,121409.64460000009,0.0,122604.5825,0.0,122599.2436,,0.0,122599.2436,0.0,0.0,0.0,0.0,0.0025,0.0,0.0,0.0,1.0,2116.4362886992158,0.0,0.0,0.0,1.0,0.0,0.0,1.0,0.0,0,0,82.86481213828033,3.371736359856712,86.23654849813704,68.1062565449136,3.371736359856712,71.47799290477032,3516.8233000000173,3500.140000000014,3516.8233000000173,0.0,0,0,0.0,47.843300000000006,216.3073,1.0,1.0,0.0,0.0,0.0,0.0,0.5,0.25,1194.9379000000008,29572.301699999993,0.0,60,13339.1854,11592.254,12752.8027,958.7103999999983,0.0,0.0,0.0,0.0,0.0,5,0.0,0.0,0.0,0.0,0.0,1567.5485999999983,5.961200000000001,0.012986142016235751,4.163803327171905,5.039618518518524,NaN,1.525165370370369,3.247002031508101,4.982690492872777,1080.0,1082.0,540.0,2046.6666666666665,1286.0,204.0,190,0,0,2,52,36.0,2048.0,99960.69590000002,13674.965300000002,7773.983399999999,768,0,0,128,0.5401270462638439,0.5681345347458484,0.21269238905998633,0,5816.870999999981,4505.235200000002,52,0,0.0,0,0,0,0.0,0,0.0,117392.79195936928,0.0,0,0,0,1.5,0,0.0,0,0,0.0,0,0.0,0,0,0.0,0.0,0.0,0,0.0,0.0,NaN,5120.0,NaN,NaN,0,0,0.0,0,0.0,NaN,0,NaN,0,0,0,0.0,0.0,0.0,0.0,0.0,0.0,0.0,0.0,0,0,0,0,190,0.0,0,0,0.0,0,0.0,0.0,0.0,0.0,0.0,0.0,0.0,0.0,0.0,0.0,0.6138074317658482,384,36256.37999999999,128,81136.4119593692,4,13674.965300000002,4,7773.983399999999,2,1189.5990000000045,-122599.2436,22.6980417439703,0,0,540,540,2 + government,debt,1,1.7462298274040222e-10
87,512,4,4,123163.05309999989,0.0,124375.51670000001,0.0,124370.1778,,0.0,124370.1778,0.0,0.0,0.0,0.0,0.0025,0.0,0.0,0.0,1.0,2122.7215645900865,0.0,0.0,0.0,1.0,0.0,0.0,1.0,0.0,0,0,84.54345882129252,3.413772066859495,87.95723088815203,69.55202001571023,3.413772066859495,72.96579208256972,3509.4719999999847,3516.82330000002,3509.4719999999847,0.0,0,0,0.0,50.467200000000005,217.7002,1.0,1.0,0.0,0.0,0.0,0.0,0.5,0.25,1212.4636000000005,30185.297799999997,0.0,61,13518.028099999998,11764.619600000004,12922.6263,967.9418999999991,0.0,0.0,0.0,0.0,0.0,4,0.0,0.0,0.0,0.0,0.0,1573.098200000001,5.1134,0.01298774767160352,4.172702495378931,5.045099999999994,NaN,1.534583643122677,3.2546416842330115,4.8332097780865935,1076.0,1082.0,538.0,2045.3333333333333,1282.0,204.0,190,0,0,2,58,38.0,2048.0,101267.27769999988,13815.371,8080.404399999999,768,0,0,128,0.5429849688315056,0.5706907281038498,0.21523300154933378,0,5821.4458999999715,4514.864100000003,58,0,0.0,0,0,0,0.0,0,0.0,118837.18276666658,0.0,0,0,0,1.5,0,0.0,0,0,0.0,0,0.0,0,0,0.0,0.0,0.0,0,0.0,0.0,NaN,5120.0,NaN,NaN,0,0,0.0,0,0.0,NaN,0,NaN,0,0,0,0.0,0.0,0.0,0.0,0.0,0.0,0.0,0.0,0,0,0,0,190,0.0,0,0,0.0,0,0.0,0.0,0.0,0.0,0.0,0.0,0.0,0.0,0.0,0.0,0.6163746837755553,384,36336.1048,128,82501.07796666668,4,13815.371,4,8080.404399999999,2,1207.1246999999883,-124370.1778,22.877480555555533,0,0,538,538,2 + government,debt,1,1.7462298274040222e-10
88,512,4,4,124929.11300000008,0.0,126159.2154,0.0,126153.8765,,0.0,126153.8765,0.0,0.0,0.0,0.0,0.0025,0.0,0.0,0.0,1.0,2127.888061385245,0.0,0.0,0.0,1.0,0.0,0.0,1.0,0.0,0,0,85.10957780979021,3.505046123484579,88.61462393327479,70.030994590669,3.505046123484579,73.53604071415357,3525.332399999985,3509.4719999999943,3525.332399999985,0.0,0,0,0.0,53.6593,213.0815,1.0,1.0,0.0,0.0,0.0,0.0,0.5,0.25,1230.1024000000004,30807.14869999999,0.0,62,13703.1604,11937.1005,13099.2422,968.6629999999953,0.0,0.0,0.0,0.0,0.0,5,0.0,0.0,0.0,0.0,0.0,1577.091999999998,5.9123,0.012989739198152267,4.19662960526315,5.071220037105733,NaN,1.5346974025974025,3.2630447528997806,5.4190938486209275,1078.0,1064.0,539.0,2045.3333333333333,1284.0,204.0,190,0,0,1,51,28.0,2048.0,102643.55650000004,13947.134999999998,8338.4215,768,0,0,128,0.5421153164036079,0.5697770427194606,0.21487811390897749,0,5841.492700000028,4465.2138999999925,51,0,0.0,0,0,0,0.0,0,0.0,120321.96006877332,0.0,0,0,0,1.5,0,0.0,0,0,0.0,0,0.0,0,0,0.0,0.0,0.0,0,0.0,0.0,NaN,5120.0,NaN,NaN,0,0,0.0,0,0.0,NaN,0,NaN,0,0,0,0.0,0.0,0.0,0.0,0.0,0.0,0.0,0.0,0,0,0,0,190,0.0,0,0,0.0,0,0.0,0.0,0.0,0.0,0.0,0.0,0.0,0.0,0.0,0.0,0.6159260421673156,384,37000.579699999995,128,83321.38036877329,4,13947.134999999998,4,8338.4215,2,1224.7635000000034,-126153.8765,23.018754646840154,0,0,539,539,2 + government,debt,1,1.7462298274040222e-10
89,512,4,4,126733.88609999992,0.0,127981.73049999999,0.0,127976.43,,0.0,127976.43,0.0,0.0,0.0,0.0,0.0025,0.0001,0.0,0.0,1.0,2156.3066297428322,0.0,0.0,0.0,1.0,0.0,0.0,1.0,0.0,0,0,86.56648691668416,3.507680605419252,90.0741675221034,71.39379920419776,3.507680605419252,74.901479809617,3504.843299999993,3525.332399999994,3504.843299999993,0.0,0,0,0.0,56.2674,217.42780000000002,1.0,1.0,0.0,0.0,0.0,0.0,0.5,0.25,1247.8444000000004,31437.92159999999,0.0,62,13916.628,12111.8549,13303.5971,967.717399999999,0.0,0.0,0.0,0.0,0.0,4,0.0,0.0,0.0,0.0,0.0,1602.352499999997,5.0440000000000005,0.012991556570957664,4.194473945641983,5.044344692737424,NaN,1.5388186219739282,3.2820641467927643,5.35031872693404,1074.0,1067.0,537.0,2046.6666666666667,1280.0,204.0,192,0,0,1,48,24.0,2048.0,104043.70409999987,14098.536,8591.6459,768,0,0,128,0.5445896036746745,0.5718570996625894,0.2163819222647816,0,5875.651299999989,4475.503699999996,48,0,0.0,0,0,0,0.0,0,0.0,121723.4181779219,0.0,0,0,0,1.5,0,0.0,0,0,0.0,0,0.0,0,0,0.0,0.0,0.0,0,0.0,0.0,NaN,5120.0,NaN,NaN,0,0,0.0,0,0.0,NaN,0,NaN,0,0,0,0.0,0.0,0.0,0.0,0.0,0.0,0.0,0.0,0,0,0,0,192,0.0,0,0,0.0,0,0.0,0.0,0.0,0.0,0.0,0.0,0.0,0.0,0.0,0.0,0.6179940365001722,384,37080.69939999998,128,84642.71877792205,4,14098.536,4,8591.6459,2,1242.5439000000017,-127976.42989999999,23.020461038961038,0,0,537,537,2 + government,debt,1,1.7462298274040222e-10
90,512,4,4,128543.44290000001,0.0,129809.2767,0.0,129803.9762,,0.0,129803.9762,0.0,0.0,0.0,0.0,0.0025,0.0,0.0,0.0,1.0,2157.5955256979364,0.0,0.0,0.0,1.0,0.0,0.0,1.0,0.0,0,0,88.41479175379087,3.5069909942401014,91.92178274803096,73.12872398925653,3.5069909942401014,76.63571498349663,3546.732099999992,3504.843300000004,3546.732099999992,0.0,0,0,0.0,59.4917,228.6204,1.0,1.0,0.0,0.0,0.0,0.0,0.5,0.25,1265.8338000000006,32077.803799999994,0.0,63,14098.0095,12288.452700000002,13476.3757,972.5346999999978,0.0,0.0,0.0,0.0,0.0,5,0.0,0.0,0.0,0.0,0.0,1603.9193999999968,5.9268,0.012937049434484715,4.207184622383984,5.112258395522358,NaN,1.5333731343283574,3.293934137317219,5.2905155834200235,1072.0,1099.0,536.0,2046.6666666666667,1278.0,204.0,192,0,0,1,58,42.0,2048.0,105300.75179999998,14235.7551,9006.936,768,0,0,128,0.5477713176042407,0.5745650969928471,0.2136827666657677,0,5880.743600000003,4623.695899999999,58,0,0.0,0,0,0,0.0,0,0.0,123027.94232513964,0.0,0,0,0,1.5,0,0.0,0,0,0.0,0,0.0,0,0,0.0,0.0,0.0,0,0.0,0.0,NaN,5120.0,NaN,NaN,0,0,0.0,0,0.0,NaN,0,NaN,0,0,0,0.0,0.0,0.0,0.0,0.0,0.0,0.0,0.0,0,0,0,0,192,0.0,0,0,0.0,0,0.0,0.0,0.0,0.0,0.0,0.0,0.0,0.0,0.0,0.0,0.6209626164674265,384,37118.4368,128,85909.50552513964,4,14235.7551,4,9006.936,2,1260.5333000000076,-129803.9762,23.082279329608923,0,0,536,536,2 + government,debt,1,1.7462298274040222e-10
91,512,4,4,130340.31730000013,0.0,131624.3002,0.0,131619.0874,,0.0,131619.0874,0.0,0.0,0.0,0.0,0.0025,0.0,0.0,0.0,1.0,2148.0516023596047,0.0,0.0,0.0,1.0,0.0,0.0,1.0,0.0,0,0,90.0562627399531,3.4316220805346758,93.48788482048778,74.75514583474232,3.4316220805346758,78.186767915277,3557.8457999999887,3546.7320999999874,3557.8457999999887,0.0,0,0,0.0,61.996,214.73919999999998,1.0,1.0,0.0,0.0,0.0,0.0,0.5,0.25,1283.9829000000007,32726.825099999995,0.0,63,14265.090200000002,12468.215800000002,13634.218,985.1875000000067,0.0,0.0,0.0,0.0,0.0,3,0.0,0.0,0.0,0.0,0.0,1592.7052999999987,4.956,0.012622718271382298,4.240146052631579,5.110204999999983,NaN,1.5510999999999988,3.298727970571307,5.196061308167433,1080.0,1064.0,540.0,2046.6666666666667,1286.0,204.0,190,0,0,3,49,36.0,2048.0,106699.7297000001,14375.1836,9265.404,768,0,0,128,0.5504480143250334,0.5766930790904148,0.21833301092519442,0,5910.493300000005,4511.5154,50,1,0.0,0,0,0,0.0,0,0.0,124364.18820746274,0.0,0,0,0,1.5,0,0.0,0,0,0.0,0,0.0,0,0,0.0,0.0,0.0,0,0.0,0.0,NaN,5120.0,NaN,NaN,0,0,0.0,0,0.0,NaN,0,NaN,0,0,0,0.0,0.0,0.0,0.0,0.0,0.0,0.0,0.0,0,0,0,0,190,0.0,0,0,0.0,0,0.0,0.0,0.0,0.0,0.0,0.0,0.0,0.0,0.0,0.0,0.6230529024003877,384,37193.85730000001,128,87170.33090746262,4,14375.1836,4,9265.404,2,1278.7701000000027,-131619.0874,23.00059701492536,0,0,540,540,2 + government,debt,1,1.7462298274040222e-10
92,512,4,4,132181.42369999996,0.0,133483.5575,0.0,133478.3447,,0.0,133478.3447,0.0,0.0,0.0,0.0,0.0025,0.0,0.0,0.0,1.0,2176.993628065936,0.0,0.0,0.0,1.0,0.0,0.0,1.0,0.0,0,0,90.38907565815455,3.344275293883753,93.7333509520383,75.13259115360053,3.344275293883753,78.47686644748428,3541.24690000001,3557.8457999999905,3541.24690000001,0.0,0,0,0.0,65.2525,221.78159999999997,1.0,1.0,0.0,0.0,0.0,0.0,0.5,0.25,1302.1338000000005,33384.9206,0.0,64,14489.864000000001,12648.7576,13850.301300000001,978.3355999999985,0.0,0.0,0.0,0.0,0.0,4,0.0,0.0,0.0,0.0,0.0,1617.2935999999968,6.1004000000000005,0.012332140911375706,4.240327762302694,5.119952523364493,NaN,1.5500357009345787,3.324480965737233,5.1975466148133656,1070.0,1077.0,535.0,2044.0,1276.0,204.0,192,0,0,0,52,37.0,2048.0,108060.81389999998,14549.335599999999,9571.2742,768,0,0,128,0.5506784530718114,0.5767203314149629,0.21662940359189387,0,5927.917200000005,4566.833000000001,52,0,0.0,0,0,0,0.0,0,0.0,125929.4859,0.0,0,0,0,1.5,0,0.0,0,0,0.0,0,0.0,0,0,0.0,0.0,0.0,0,0.0,0.0,NaN,5120.0,NaN,NaN,0,0,0.0,0,0.0,NaN,0,NaN,0,0,0,0.0,0.0,0.0,0.0,0.0,0.0,0.0,0.0,0,0,0,0,192,0.0,0,0,0.0,0,0.0,0.0,0.0,0.0,0.0,0.0,0.0,0.0,0.0,0.0,0.6235102094318452,384,37830.06330000004,128,88099.4226,4,14549.335599999999,4,9571.2742,2,1296.9209999999814,-133478.3447,23.266499999999983,0,0,535,535,2 + government,debt,1,1.7462298274040222e-10
93,512,4,4,134020.94789999997,0.0,135341.458,0.0,135336.2452,,0.0,135336.2452,0.0,0.0,0.0,0.0,0.0025,0.0,0.0,0.0,1.0,2171.4237259062766,0.0,0.0,0.0,1.0,0.0,0.0,1.0,0.0,0,0,90.90594593003262,3.4269317232210894,94.3328776532537,75.79654594075046,3.4269317232210894,79.22347766397155,3534.451000000005,3541.246900000015,3534.451000000005,0.0,0,0,0.0,67.7812,217.9228,1.0,1.0,0.0,0.0,0.0,0.0,0.5,0.25,1320.5101000000004,34052.3122,0.0,65,14672.0807,12832.556499999997,14023.0893,984.1752999999916,0.0,0.0,0.0,0.0,0.0,3,0.0,0.0,0.0,0.0,0.0,1611.7027,5.0255,0.012023150085854974,4.255846384976532,5.079578624535318,NaN,1.5527652416356894,3.3289849958065294,5.119125676879678,1076.0,1065.0,538.0,2048.0,1282.0,204.0,191,0,0,2,51,29.0,2048.0,109477.71759999999,14693.863099999999,9849.3672,768,0,0,128,0.5500054566761734,0.575674856486559,0.21712064153094524,0,5949.380100000017,4532.476400000006,51,0,0.0,0,0,0,0.0,0,0.0,127334.12887476628,0.0,0,0,0,1.5,0,0.0,0,0,0.0,0,0.0,0,0,0.0,0.0,0.0,0,0.0,0.0,NaN,5120.0,NaN,NaN,0,0,0.0,0,0.0,NaN,0,NaN,0,0,0,0.0,0.0,0.0,0.0,0.0,0.0,0.0,0.0,0,0,0,0,191,0.0,0,0,0.0,0,0.0,0.0,0.0,0.0,0.0,0.0,0.0,0.0,0.0,0.0,0.6230177153091252,384,38486.82480000003,128,88847.30407476633,4,14693.863099999999,4,9849.3672,2,1315.297300000014,-135336.2452,23.25053551401868,0,0,538,538,2 + government,debt,1,1.7462298274040222e-10
94,512,4,4,135876.72990000003,0.0,137215.739,0.0,137210.5262,,0.0,137210.5262,0.0,0.0,0.0,0.0,0.0025,0.0,0.0,0.0,1.0,2179.7566511896575,0.0,0.0,0.0,1.0,0.0,0.0,1.0,0.0,0,0,91.18069162213875,3.4346277372265384,94.61531935936529,76.21205736384161,3.4346277372265384,79.64668510106814,3591.8020999999885,3534.4510000000087,3591.8020999999885,0.0,0,0,0.0,71.0699,224.08909999999997,1.0,1.0,0.0,0.0,0.0,0.0,0.5,0.25,1339.0091000000002,34728.9935,0.0,66,14870.733400000001,13014.951399999998,14212.956600000001,984.6879999999995,0.0,0.0,0.0,0.0,0.0,4,0.0,0.0,0.0,0.0,0.0,1617.9889,6.173,0.011751273015588867,4.2691922862453495,5.182643947858448,NaN,1.5573452513966481,3.346973299075696,5.061047895972948,1074.0,1076.0,537.0,2045.3333333333333,1280.0,204.0,191,0,0,2,51,32.0,2048.0,110854.40320000004,14831.7862,10190.540500000001,768,0,0,128,0.54994962174135,0.5752161361065657,0.21819018057414907,0,5970.336500000006,4593.650899999996,51,0,0.0,0,0,0,0.0,0,0.0,128742.25878364322,0.0,0,0,0,1.5,0,0.0,0,0,0.0,0,0.0,0,0,0.0,0.0,0.0,0,0.0,0.0,NaN,5120.0,NaN,NaN,0,0,0.0,0,0.0,NaN,0,NaN,0,0,0,0.0,0.0,0.0,0.0,0.0,0.0,0.0,0.0,0,0,0,0,191,0.0,0,0,0.0,0,0.0,0.0,0.0,0.0,0.0,0.0,0.0,0.0,0.0,0.0,0.6231171099963577,384,39146.15720000001,128,89596.10158364315,4,14831.7862,4,10190.540500000001,2,1333.7962999999957,-137210.5262,23.29147862453534,0,0,537,537,2 + government,debt,1,1.7462298274040222e-10
95,512,4,4,137737.94580000007,0.0,139095.57630000002,0.0,139090.3635,,0.0,139090.3635,0.0,0.0,0.0,0.0,0.0025,0.0,0.0,0.0,1.0,2184.673434871521,0.0,0.0,0.0,1.0,0.0,0.0,1.0,0.0,0,0,92.94226701313227,3.414856819433274,96.35712383256553,77.89418595984645,3.414856819433274,81.30904277927972,3587.0809999999974,3591.802100000006,3587.0809999999974,0.0,0,0,0.0,73.623,227.21009999999998,1.0,1.0,0.0,0.0,0.0,0.0,0.5,0.25,1357.6305,35415.04609999998,0.0,67,15060.7343,13199.5184,14393.338199999998,994.1794000000001,0.0,0.0,0.0,0.0,0.0,3,0.0,0.0,0.0,0.0,0.0,1621.1406999999974,5.0778,0.011484007211896482,4.281685806451613,5.165884171322178,NaN,1.5678878957169446,3.357061548269062,5.004810716614082,1074.0,1085.0,537.0,2045.3333333333333,1280.0,204.0,191,0,0,0,49,44.0,2048.0,112198.02210000007,15009.464499999998,10530.4592,768,0,0,128,0.5530209700595763,0.5778526489349294,0.21905814588231798,0,5989.248,4645.629099999999,49,0,0.0,0,0,0,0.0,0,0.0,130138.63939608946,0.0,0,0,0,1.5,0,0.0,0,0,0.0,0,0.0,0,0,0.0,0.0,0.0,0,0.0,0.0,NaN,5120.0,NaN,NaN,0,0,0.0,0,0.0,NaN,0,NaN,0,0,0,0.0,0.0,0.0,0.0,0.0,0.0,0.0,0.0,0,0,0,0,191,0.0,0,0,0.0,0,0.0,0.0,0.0,0.0,0.0,0.0,0.0,0.0,0.0,0.0,0.6258204173893602,384,39173.136500000015,128,90965.50289608941,4,15009.464499999998,4,10530.4592,2,1352.4176999999993,-139090.3635,23.360178770949723,0,0,537,537,2 + government,debt,1,1.7462298274040222e-10
96,512,4,4,139619.5018999999,0.0,140995.8566,0.0,140990.6438,,0.0,140990.6438,0.0,0.0,0.0,0.0,0.0025,0.0,0.0,0.0,1.0,2201.622115662035,0.0,0.0,0.0,1.0,0.0,0.0,1.0,0.0,0,0,94.66815332916434,3.3909710346196755,98.05912436378401,79.48920274898198,3.3909710346196755,82.88017378360165,3608.7593999999867,3587.0809999999965,3608.7593999999867,0.0,0,0,0.0,76.94390000000001,227.6629,1.0,1.0,0.0,0.0,0.0,0.0,0.5,0.25,1376.3547,36110.497899999995,0.0,68,15265.107799999998,13383.551700000002,14588.792599999999,999.3509999999918,0.0,0.0,0.0,0.0,0.0,4,0.0,0.0,0.0,0.0,0.0,1636.4444000000005,6.2303999999999995,0.01123357194417477,4.316145496750232,5.215706156716401,NaN,1.5680662313432827,3.3705777202281717,4.955604558007025,1072.0,1077.0,536.0,2048.0,1278.0,204.0,192,0,0,2,55,44.0,2048.0,113561.84649999996,15183.2073,10874.4481,768,0,0,128,0.5555692912379666,0.5800886188197196,0.2210513798484548,0,6012.313100000013,4648.4887,55,0,0.0,0,0,0,0.0,0,0.0,131623.91505865913,0.0,0,0,0,1.5,0,0.0,0,0,0.0,0,0.0,0,0,0.0,0.0,0.0,0,0.0,0.0,NaN,5120.0,NaN,NaN,0,0,0.0,0,0.0,NaN,0,NaN,0,0,0,0.0,0.0,0.0,0.0,0.0,0.0,0.0,0.0,0,0,0,0,192,0.0,0,0,0.0,0,0.0,0.0,0.0,0.0,0.0,0.0,0.0,0.0,0.0,0.0,0.6281455524614812,384,39251.80979999998,128,92372.10525865917,4,15183.2073,4,10874.4481,2,1371.1418999999962,-140990.6438,23.51831843575417,0,0,536,536,2 + government,debt,1,1.7462298274040222e-10
97,512,4,4,141496.6195,0.0,142891.8376,0.0,142886.6248,,0.0,142886.6248,0.0,0.0,0.0,0.0,0.0025,0.0,0.0,0.0,1.0,2190.043158454926,0.0,0.0,0.0,1.0,0.0,0.0,1.0,0.0,0,0,94.48910823994939,3.4335689898525517,97.92267722980193,79.53655805190546,3.4335689898525517,82.970127041758,3628.966600000007,3608.759400000012,3628.966600000007,0.0,0,0,0.0,79.52140000000001,222.6958,1.0,1.0,0.0,0.0,0.0,0.0,0.5,0.25,1395.2181,36815.450999999994,0.0,69,15447.556700000001,13570.4391,14761.4989,1002.3387999999998,0.0,0.0,0.0,0.0,0.0,3,0.0,0.0,0.0,0.0,0.0,1620.3145999999983,5.1208,0.010988132173451492,4.340956120527305,5.210675370370375,NaN,1.5776498148148166,3.387963845700623,4.874609062465725,1080.0,1062.0,540.0,2045.3333333333333,1286.0,204.0,189,0,0,1,50,33.0,2048.0,114999.58030000005,15352.0609,11144.978299999999,768,0,0,128,0.5550630737602873,0.5792370121532706,0.21821782499816256,0,6047.829200000003,4610.095399999997,50,0,0.0,0,0,0,0.0,0,0.0,133063.7032850746,0.0,0,0,0,1.5,0,0.0,0,0,0.0,0,0.0,0,0,0.0,0.0,0.0,0,0.0,0.0,NaN,5120.0,NaN,NaN,0,0,0.0,0,0.0,NaN,0,NaN,0,0,0,0.0,0.0,0.0,0.0,0.0,0.0,0.0,0.0,0,0,0,0,189,0.0,0,0,0.0,0,0.0,0.0,0.0,0.0,0.0,0.0,0.0,0.0,0.0,0.0,0.6277977002682564,384,39928.628100000016,128,93135.07518507462,4,15352.0609,4,11144.978299999999,2,1390.0052999999982,-142886.6248,23.52099347014924,0,0,540,540,2 + government,debt,1,1.7462298274040222e-10
98,512,4,4,143414.81199999995,0.0,144823.7352,0.0,144823.7352,,0.0,144823.7352,0.0,0.0,0.0,0.0,0.0025,0.0,0.0,0.0,1.0,2225.6437363989176,0.0,0.0,0.0,1.0,0.0,0.0,1.0,0.0,0,0,96.2094486419063,3.3478989304263718,99.55734757233267,81.15522159195642,3.3478989304263718,84.50312052238279,3605.0344,3628.966599999994,3605.0344,0.0,0,0,0.0,79.52140000000001,225.77519999999998,1.0,1.0,0.0,0.0,0.0,0.0,0.5,0.25,1408.9232000000002,37530.65599999999,0.0,70,15680.763500000003,13762.570999999998,14979.675000000001,1005.5455000000046,0.0,0.0,0.0,0.0,0.0,1,0.0,0.0,0.0,0.0,0.0,1652.6399000000017,2.9365,0.008702761062740882,4.327477174929838,5.214360560747685,NaN,1.5899442990654202,3.410128846324138,4.898564536236431,1070.0,1069.0,535.0,2046.6666666666665,1276.0,204.0,192,0,0,1,44,35.0,2048.0,116447.77769999998,15548.004700000001,11419.0296,768,0,0,128,0.5583955446942519,0.5821426720074037,0.22352548378417403,1,6074.270500000013,4626.073099999997,44,0,0.0,0,0,0,0.0,0,0.0,134622.30356666673,0.0,0,0,0,1.5,0,0.0,0,0,0.0,0,0.0,0,0,0.0,0.0,0.0,0,0.0,0.0,NaN,5120.0,NaN,NaN,0,0,0.0,0,0.0,NaN,0,NaN,0,0,0,0.0,0.0,0.0,0.0,0.0,0.0,0.0,0.0,0,0,0,0,192,0.0,0,0,0.0,0,0.0,0.0,0.0,0.0,0.0,0.0,0.0,0.0,0.0,0.0,0.6297519998910972,384,39967.89420000002,128,94654.40936666669,4,15548.004700000001,4,11419.0296,2,1408.9232000000047,-144823.7352,23.66474722222225,0,0,535,535,2 + government,debt,1,1.7462298274040222e-10
99,512,4,4,145352.83969999998,0.0,146775.938,0.0,146775.938,,0.0,146775.938,0.0,0.0,0.0,0.0,0.0025,0.0,0.0,0.0,1.0,2235.5783603716523,0.0,0.0,0.0,1.0,0.0,0.0,1.0,0.0,0,0,97.79778312563586,3.2398904474895662,101.03767357312543,82.83022358554575,3.2398904474895662,86.07011403303531,3594.624099999993,3605.0344000000027,3594.624099999993,0.0,0,0,0.0,79.52140000000001,228.3067,1.0,1.0,0.0,0.0,0.0,0.0,0.5,0.25,1423.0983,38254.7748,0.0,70,15887.088599999997,13949.0609,15177.1449,1007.4990999999937,0.0,0.0,0.0,0.0,0.0,0,0.0,0.0,0.0,0.0,0.0,1664.3575999999985,0.0,0.008147661222600616,4.3260305194805175,5.204417790262165,NaN,1.585231647940075,3.4112989694589917,4.872155583065302,1068.0,1078.0,534.0,2046.6666666666667,1274.0,204.0,193,0,0,2,55,36.0,2048.0,117864.81210000001,15734.444099999999,11753.583499999999,768,0,0,128,0.5601961490744585,0.5832703030765589,0.2206141185146857,0,6080.49529999999,4663.460899999998,55,0,0.0,0,0,0,0.0,0,0.0,136180.97042523374,0.0,0,0,0,1.5,0,0.0,0,0,0.0,0,0.0,0,0,0.0,0.0,0.0,0,0.0,0.0,NaN,5120.0,NaN,NaN,0,0,0.0,0,0.0,NaN,0,NaN,0,0,0,0.0,0.0,0.0,0.0,0.0,0.0,0.0,0.0,0,0,0,0,193,0.0,0,0,0.0,0,0.0,0.0,0.0,0.0,0.0,0.0,0.0,0.0,0.0,0.0,0.6306254753777156,384,40628.24799999998,128,95552.72242523367,4,15734.444099999999,4,11753.583499999999,2,1423.0982999999906,-146775.938,23.849164485981305,0,0,534,534,2 + government,debt,1,1.7462298274040222e-10
100,512,4,4,147268.16330000004,0.0,148714.4574,0.0,148714.4574,,0.0,148714.4574,0.0,0.0,0.0,0.0,0.0025,0.0002,0.0,0.0,1.0,2212.3571211595645,0.0,0.0,0.0,1.0,0.0,0.0,1.0,0.0,0,0,98.35927639523699,3.2527119975655525,101.61198839280254,83.4291411396824,3.2527119975655525,86.68185313724796,3638.588799999992,3594.6241000000023,3638.588799999992,0.0,0,0,0.0,79.52140000000001,227.0284,1.0,1.0,0.0,0.0,0.0,0.0,0.5,0.25,1446.2941,38988.6544,0.0,70,16056.4598,14141.136199999997,15345.776,1007.7219999999995,0.0,0.0,0.0,0.0,0.0,0,0.0,0.0,0.0,0.0,0.0,1641.3248000000012,0.0,0.008659774542858644,4.3428471627907035,5.24132825278808,NaN,1.5834040892193326,3.412273423222626,4.806972779585387,1076.0,1075.0,538.0,2045.3333333333333,1282.0,204.0,190,0,0,1,52,36.0,2048.0,119280.00010000003,15896.5773,12091.5857,768,0,0,128,0.5595041660780671,0.5823832031034466,0.2202344776325469,0,6083.748700000009,4668.560700000006,52,0,0.0,0,0,0,0.0,0,0.0,137541.86868426963,0.0,0,0,0,1.5,0,0.0,0,0,0.0,0,0.0,0,0,0.0,0.0,0.0,0,0.0,0.0,NaN,5120.0,NaN,NaN,0,0,0.0,0,0.0,NaN,0,NaN,0,0,0,0.0,0.0,0.0,0.0,0.0,0.0,0.0,0.0,0,0,0,0,190,0.0,0,0,0.0,0,0.0,0.0,0.0,0.0,0.0,0.0,0.0,0.0,0.0,0.0,0.6298929726016227,384,41272.52130000002,128,96269.34738426965,4,15896.5773,4,12091.5857,2,1446.2941000000137,-148714.4572,23.778474719101126,0,0,538,538,2 + government,debt,1,1.7462298274040222e-10
101,512,4,4,149214.13699999976,0.0,150681.7129,0.0,150681.7129,,0.0,150681.7129,0.0,0.0,0.0,0.0,0.0025,0.0001,0.0,0.0,1.0,2236.7638453714803,0.0,0.0,0.0,1.0,0.0,0.0,1.0,0.0,0,0,98.5116748675431,3.2333900091541667,101.74506487669727,83.76816309096003,3.2333900091541667,87.0015531001142,3627.75649999999,3638.5887999999936,3627.75649999999,0.0,0,0,0.0,79.52140000000001,235.54219999999998,1.0,1.0,0.0,0.0,0.0,0.0,0.5,0.25,1467.5759,39732.226599999995,0.0,70,16276.8331,14330.859399999998,15554.5427,1013.0837999999937,0.0,0.0,0.0,0.0,0.0,0,0.0,0.0,0.0,0.0,0.0,1663.5118999999993,0.0,0.00991715624343836,4.35553141025641,5.214381936685284,NaN,1.5907366852886395,3.4286968167878014,4.777565426963751,1074.0,1092.0,537.0,2046.6666666666667,1280.0,204.0,192,0,0,1,56,49.0,2048.0,120643.80789999985,16091.5874,12478.741600000001,768,0,0,128,0.559708610783463,0.582113633747884,0.22024719612574373,0,6120.048100000012,4756.2402999999995,56,0,0.0,0,0,0,0.0,0,0.0,138884.62300780666,0.0,0,0,0,1.5,0,0.0,0,0,0.0,0,0.0,0,0,0.0,0.0,0.0,0,0.0,0.0,NaN,5120.0,NaN,NaN,0,0,0.0,0,0.0,NaN,0,NaN,0,0,0,0.0,0.0,0.0,0.0,0.0,0.0,0.0,0.0,0,0,0,0,192,0.0,0,0,0.0,0,0.0,0.0,0.0,0.0,0.0,0.0,0.0,0.0,0.0,0.0,0.6298886820792478,384,41897.3155,128,96987.30750780676,4,16091.5874,4,12478.741600000001,2,1467.5759000000107,-150681.7128,23.75106133828999,0,0,537,537,2 + government,debt,1,1.7462298274040222e-10
102,512,4,4,151146.6554,0.0,152634.7023,0.0,152634.7023,,0.0,152634.7023,0.0,0.0,0.0,0.0,0.0025,0.0,0.0,0.0,1.0,2223.3907920328575,0.0,0.0,0.0,1.0,0.0,0.0,1.0,0.0,0,0,98.93283321036455,3.3359554678711496,102.2687886782357,84.05638756556617,3.3359554678711496,87.39234303343733,3656.6311000000132,3627.756500000017,3656.6311000000132,0.0,0,0,0.0,79.52140000000001,222.4004,1.0,1.0,0.0,0.0,0.0,0.0,0.5,0.25,1488.0469,40485.6353,0.0,70,16455.2438,14522.725399999998,15722.3061,1023.8150000000049,0.0,0.0,0.0,0.0,0.0,0,0.0,0.0,0.0,0.0,0.0,1648.4676999999997,0.0,0.010672019576986323,4.397018988549617,5.266494063079804,NaN,1.5892621521335826,3.443702709881017,4.7616952818866265,1078.0,1048.0,539.0,2046.6666666666667,1284.0000000000002,204.0,190,0,0,0,40,33.0,2048.0,122170.75220000008,16261.5007,12714.4025,768,0,0,128,0.5582202925519442,0.5807932774804625,0.22070105835541964,0,6135.020200000022,4608.075899999999,40,0,0.0,0,0,0,0.0,0,0.0,140496.0388145252,0.0,0,0,0,1.5,0,0.0,0,0,0.0,0,0.0,0,0,0.0,0.0,0.0,0,0.0,0.0,NaN,5120.0,NaN,NaN,0,0,0.0,0,0.0,NaN,0,NaN,0,0,0,0.0,0.0,0.0,0.0,0.0,0.0,0.0,0.0,0,0,0,0,190,0.0,0,0,0.0,0,0.0,0.0,0.0,0.0,0.0,0.0,0.0,0.0,0.0,0.0,0.6286059095769376,384,42663.37919999998,128,97832.65961452511,4,16261.5007,4,12714.4025,2,1488.0469000000012,-152634.7023,23.861050279329593,0,0,539,539,2 + government,debt,1,1.7462298274040222e-10
103,512,4,4,153139.30660000019,0.0,154647.3459,0.0,154647.3459,,0.0,154647.3459,0.0,0.0,0.0,0.0,0.0025,0.0,0.0,0.0,1.0,2266.001656283315,0.0,0.0,0.0,1.0,0.0,0.0,1.0,0.0,0,0,98.57462123178968,3.3119352440336667,101.88655647582335,84.02845110748831,3.3119352440336667,87.34038635152197,3652.878900000009,3656.6310999999982,3652.878900000009,0.0,0,0,0.0,79.52140000000001,236.54619999999997,1.0,1.0,0.0,0.0,0.0,0.0,0.5,0.25,1508.0393,41248.8089,0.0,70,16708.9729,14716.321700000002,15965.7917,1016.5300999999945,0.0,0.0,0.0,0.0,0.0,0,0.0,0.0,0.0,0.0,0.0,1685.594600000003,0.0,0.011102243956765923,4.38178080808081,5.286394756554307,NaN,1.6041709737827725,3.471684306505918,4.768731001917114,1068.0,1089.0,534.0,2048.0,1274.0,204.0,193,0,0,1,63,36.0,2048.0,123572.20240000004,16472.5195,13094.5847,768,0,0,128,0.5582235155505086,0.5803218870697573,0.2225562358974802,0,6173.209499999988,4771.759300000002,63,0,0.0,0,0,0,0.0,0,0.0,141880.50239257896,0.0,0,0,0,1.5,0,0.0,0,0,0.0,0,0.0,0,0,0.0,0.0,0.0,0,0.0,0.0,NaN,5120.0,NaN,NaN,0,0,0.0,0,0.0,NaN,0,NaN,0,0,0,0.0,0.0,0.0,0.0,0.0,0.0,0.0,0.0,0,0,0,0,193,0.0,0,0,0.0,0,0.0,0.0,0.0,0.0,0.0,0.0,0.0,0.0,0.0,0.0,0.6285412749049559,384,43330.53289999998,128,98549.96949257886,4,16472.5195,4,13094.5847,2,1508.039300000004,-154647.3459,23.83893228200374,0,0,534,534,2 + government,debt,1,1.7462298274040222e-10
104,512,4,4,155090.87099999996,0.0,156618.9934,0.0,156618.9934,,0.0,156618.9934,0.0,0.0,0.0,0.0,0.0025,0.0002,0.0,0.0,1.0,2228.083781012087,0.0,0.0,0.0,1.0,0.0,0.0,1.0,0.0,0,0,99.61703515753356,3.341047596058605,102.95808275359217,84.77156591293027,3.341047596058605,88.11261350898887,3705.1398000000254,3652.878900000029,3705.1398000000254,0.0,0,0,0.0,79.52140000000001,234.5115,1.0,1.0,0.0,0.0,0.0,0.0,0.5,0.25,1528.1224,42022.0455,0.0,70,16863.3642,14911.799799999999,16110.2107,1029.6783000000032,0.0,0.0,0.0,0.0,0.0,0,0.0,0.0,0.0,0.0,0.0,1649.6929,0.0,0.011429460302970342,4.416433795013852,5.294194833948362,NaN,1.6013271217712177,3.4662591214470373,4.694594710784012,1084.0,1083.0,542.0,2046.6666666666665,1290.0,204.0,189,0,0,1,57,39.0,2048.0,124977.38320000007,16645.0838,13468.4038,768,0,0,128,0.5572095948024598,0.5795551178534009,0.22232862810290377,0,6188.178600000032,4782.997800000001,57,0,0.0,0,0,0,0.0,0,0.0,143457.4328179776,0.0,0,0,0,1.5,0,0.0,0,0,0.0,0,0.0,0,0,0.0,0.0,0.0,0,0.0,0.0,NaN,5120.0,NaN,NaN,0,0,0.0,0,0.0,NaN,0,NaN,0,0,0,0.0,0.0,0.0,0.0,0.0,0.0,0.0,0.0,0,0,0,0,189,0.0,0,0,0.0,0,0.0,0.0,0.0,0.0,0.0,0.0,0.0,0.0,0.0,0.0,0.6283242604764894,384,44022.87440000001,128,99434.55841797756,4,16645.0838,4,13468.4038,2,1528.1224000000002,-156618.9932,24.06256460674159,0,0,542,542,2 + government,debt,1,1.7462298274040222e-10
105,512,4,4,157066.8188000001,0.0,158614.8487,0.0,158614.8487,,0.0,158614.8487,0.0,0.0,0.0,0.0,0.0025,0.0001,0.0,0.0,1.0,2250.365783398041,0.0,0.0,0.0,1.0,0.0,0.0,1.0,0.0,0,0,100.91636897522501,3.3429715988874533,104.25934057411247,86.16603461474698,3.3429715988874533,89.50900621363444,3713.009699999985,3705.1398000000117,3713.009699999985,0.0,0,0,0.0,79.52140000000001,229.17550000000003,1.0,1.0,0.0,0.0,0.0,0.0,0.5,0.25,1548.0299,42805.14049999999,0.0,70,17081.556800000002,15105.609,16318.3693,1037.6089000000024,0.0,0.0,0.0,0.0,0.0,0,0.0,0.0,0.0,0.0,0.0,1667.3985000000039,0.0,0.011694315370524082,4.440908884688092,5.336451851851833,NaN,1.6119768518518505,3.491601991401133,4.666555604687244,1080.0,1058.0,540.0,2046.6666666666667,1286.0,204.0,190,0,0,3,47,29.0,2048.0,126502.89640000011,16854.858500000002,13709.0638,768,0,0,128,0.5598092344504857,0.5816797158620617,0.224539395138051,0,6223.994799999993,4698.481600000001,47,0,0.0,0,0,0,0.0,0,0.0,144950.18484280462,0.0,0,0,0,1.5,0,0.0,0,0,0.0,0,0.0,0,0,0.0,0.0,0.0,0,0.0,0.0,NaN,5120.0,NaN,NaN,0,0,0.0,0,0.0,NaN,0,NaN,0,0,0,0.0,0.0,0.0,0.0,0.0,0.0,0.0,0.0,0,0,0,0,190,0.0,0,0,0.0,0,0.0,0.0,0.0,0.0,0.0,0.0,0.0,0.0,0.0,0.0,0.6305186400418605,384,44116.966799999966,128,100833.2180428045,4,16854.858500000002,4,13709.0638,2,1548.0299000000014,-158614.8486,24.019906826568267,0,0,540,540,2 + government,debt,1,1.7462298274040222e-10
106,512,4,4,159083.18399999983,0.0,160651.127,0.0,160651.127,,0.0,160651.127,0.0,0.0,0.0,0.0,0.0025,0.0002,0.0,0.0,1.0,2278.4328576681223,0.0,0.0,0.0,1.0,0.0,0.0,1.0,0.0,0,0,102.47669597026788,3.3501380526932807,105.82683402296117,87.63010254999293,3.3501380526932807,90.98024060268621,3674.932399999977,3713.009700000006,3674.932399999977,0.0,0,0,0.0,79.52140000000001,238.36260000000001,1.0,1.0,0.0,0.0,0.0,0.0,0.5,0.25,1567.9430000000002,43598.21459999999,0.0,70,17319.0592,15302.694,16545.8982,1035.228999999997,0.0,0.0,0.0,0.0,0.0,0,0.0,0.0,0.0,0.0,0.0,1692.2340000000045,0.0,0.01190585874511118,4.427297424103042,5.304967850467272,NaN,1.6227523364485987,3.51152769549021,9.966874224085677,1070.0,1087.0,535.0,2044.0000000000002,1276.0,204.0,192,0,0,1,53,40.0,2048.0,127929.2238,17089.7889,14064.1711,768,0,0,128,0.5626059198404105,0.5841874370090161,0.22623822535301819,0,6238.7997000000205,4812.472300000007,53,0,0.0,0,0,0,0.0,0,0.0,146499.1971333333,0.0,0,0,0,1.5,0,0.0,0,0,0.0,0,0.0,0,0,0.0,0.0,0.0,0,0.0,0.0,NaN,5120.0,NaN,NaN,0,0,0.0,0,0.0,NaN,0,NaN,0,0,0,0.0,0.0,0.0,0.0,0.0,0.0,0.0,0.0,0,0,0,0,192,0.0,0,0,0.0,0,0.0,0.0,0.0,0.0,0.0,0.0,0.0,0.0,0.0,0.0,0.6333090795403056,384,44138.7095,128,102360.48763333335,4,17089.7889,4,14064.1711,2,1567.9430000000066,-160651.1268,24.179652777777758,0,0,535,535,2 + government,debt,1,1.7462298274040222e-10
107,512,4,4,161102.77990000014,0.0,162690.8942,0.0,162690.8942,,0.0,162690.8942,0.0,0.0,0.0,0.0,0.0025,0.0002,0.0,0.0,1.0,2278.405603146731,0.0,0.0,0.0,1.0,0.0,0.0,1.0,0.0,0,0,104.85215049952582,3.419010741987162,108.27116124151298,89.81181532162556,3.419010741987162,93.23082606361272,3706.077400000017,3674.932399999973,3706.077400000017,0.0,0,0,0.0,79.52140000000001,239.44740000000002,1.0,1.0,0.0,0.0,0.0,0.0,0.5,0.25,1588.1143000000002,44401.47009999999,0.0,70,17522.1411,15502.5452,16739.0569,1041.8960999999963,0.0,0.0,0.0,0.0,0.0,0,0.0,0.0,0.0,0.0,0.0,1694.0038999999995,0.0,0.012078175798237271,4.451080552995389,5.338445065176939,NaN,1.6212268156424556,3.512645437485611,10.081435793273329,1074.0,1085.0,537.0,2046.6666666666667,1280.0,204.0,192,0,0,1,54,48.0,2048.0,129355.5844000001,17284.0628,14463.1325,768,0,0,128,0.5653437717682666,0.5866043375112899,0.22519653471286127,0,6255.782999999982,4829.422399999998,54,0,0.0,0,0,0,0.0,0,0.0,148049.691315888,0.0,0,0,0,1.5,0,0.0,0,0,0.0,0,0.0,0,0,0.0,0.0,0.0,0,0.0,0.0,NaN,5120.0,NaN,NaN,0,0,0.0,0,0.0,NaN,0,NaN,0,0,0,0.0,0.0,0.0,0.0,0.0,0.0,0.0,0.0,0,0,0,0,192,0.0,0,0,0.0,0,0.0,0.0,0.0,0.0,0.0,0.0,0.0,0.0,0.0,0.0,0.6360090283382298,384,44169.059199999996,128,103880.63211588787,4,17284.0628,4,14463.1325,2,1588.114300000001,-162690.894,24.34128504672898,0,0,537,537,2 + government,debt,1,1.7462298274040222e-10
108,512,4,4,163131.1069,0.0,164739.5116,0.0,164739.5116,,0.0,164739.5116,0.0,0.0,0.0,0.0,0.0025,0.0003,0.0,0.0,1.0,2281.5997286382885,0.0,0.0,0.0,1.0,0.0,0.0,1.0,0.0,0,0,104.87690810253642,3.4462488804490774,108.3231569829855,89.84285314752928,3.4462488804490774,93.28910202797836,3729.8629000000046,3706.0773999999783,3729.8629000000046,0.0,0,0,0.0,79.52140000000001,229.9418,1.0,1.0,0.0,0.0,0.0,0.0,0.5,0.25,1608.4047000000003,45214.92439999999,0.0,70,17731.881,15703.553999999998,16938.7171,1046.440000000001,0.0,0.0,0.0,0.0,0.0,0,0.0,0.0,0.0,0.0,0.0,1694.062600000001,0.0,0.012224606600592977,4.489051006711411,5.37234415584416,NaN,1.627199814471242,3.529398779591432,10.165892833565097,1078.0,1043.0,539.0,2046.6666666666667,1284.0,204.0,191,0,0,1,38,30.0,2048.0,130965.03810000017,17489.5702,14676.4983,768,0,0,128,0.5637510922362172,0.585077309194665,0.22486336990863798,0,6291.533900000035,4682.080200000001,38,0,0.0,0,0,0,0.0,0,0.0,149641.57101620123,0.0,0,0,0,1.5,0,0.0,0,0,0.0,0,0.0,0,0,0.0,0.0,0.0,0,0.0,0.0,NaN,5120.0,NaN,NaN,0,0,0.0,0,0.0,NaN,0,NaN,0,0,0,0.0,0.0,0.0,0.0,0.0,0.0,0.0,0.0,0,0,0,0,191,0.0,0,0,0.0,0,0.0,0.0,0.0,0.0,0.0,0.0,0.0,0.0,0.0,0.0,0.6351849463134669,384,44974.240200000015,128,104667.33081620114,4,17489.5702,4,14676.4983,2,1608.4046999999846,-164739.51129999998,24.318402234636835,0,0,539,539,2 + government,debt,1,1.7462298274040222e-10
109,512,4,4,165219.52910000016,0.0,166848.3011,0.0,166848.3011,,0.0,166848.3011,0.0,0.0,0.0,0.0,0.0025,0.0,0.0,0.0,1.0,2328.641899490676,0.0,0.0,0.0,1.0,0.0,0.0,1.0,0.0,0,0,105.90733866387397,3.478058794607291,109.38539745848125,91.1694420220043,3.478058794607291,94.6475008166116,3660.654500000018,3729.862899999998,3660.654500000018,0.0,0,0,0.0,79.52140000000001,236.6388,1.0,1.0,0.0,0.0,0.0,0.0,0.5,0.25,1628.7720000000004,46038.6221,0.0,70,17994.206800000004,15905.784599999999,17190.8764,1043.5518000000036,0.0,0.0,0.0,0.0,0.0,0,0.0,0.0,0.0,0.0,0.0,1736.0902000000015,0.0,0.012349388306452155,4.4545517209302306,5.333217735849086,NaN,1.638940943396227,3.5624035804785787,10.630299322735803,1060.0,1075.0,530.0,2046.6666666666665,1266.0,204.0,195,0,0,2,56,27.0,2048.0,132484.33310000005,17746.906,14988.289999999999,768,0,0,128,0.566186117460455,0.5867854162349024,0.2245993272065101,0,6307.938100000004,4788.6430999999975,56,0,0.0,0,0,0,0.0,0,0.0,151229.67496270884,0.0,0,0,0,1.5,0,0.0,0,0,0.0,0,0.0,0,0,0.0,0.0,0.0,0,0.0,0.0,NaN,5120.0,NaN,NaN,0,0,0.0,0,0.0,NaN,0,NaN,0,0,0,0.0,0.0,0.0,0.0,0.0,0.0,0.0,0.0,0,0,0,0,195,0.0,0,0,0.0,0,0.0,0.0,0.0,0.0,0.0,0.0,0.0,0.0,0.0,0.0,0.6372179632752073,384,45573.68120000004,128,105655.9937627087,4,17746.906,4,14988.289999999999,2,1628.7719999999972,-166848.3011,24.40799721706863,0,0,530,530,2 + government,debt,1,1.7462298274040222e-10
110,512,4,4,167259.23480000006,0.0,168908.7715,0.0,168908.7715,,0.0,168908.7715,0.0,0.0,0.0,0.0,0.0025,0.0,0.0,0.0,1.0,2270.4973308961726,0.0,0.0,0.0,1.0,0.0,0.0,1.0,0.0,0,0,107.43187086618586,3.5281268495699027,110.95999771575576,92.41485094876532,3.5281268495699027,95.94297779833522,3742.201699999988,3660.6545000000033,3742.201699999988,0.0,0,0,0.0,79.52140000000001,237.32570000000004,1.0,1.0,0.0,0.0,0.0,0.0,0.5,0.25,1649.5367000000008,46872.863700000016,0.0,70,18150.386300000002,16110.680600000002,17336.9094,1044.270100000005,0.0,0.0,0.0,0.0,0.0,0,0.0,0.0,0.0,0.0,0.0,1682.4995000000026,0.0,0.01245376743938034,4.471088773584909,5.370417407407392,NaN,1.6256851851851848,3.542762696083033,10.532977620218023,1080.0,1060.0,540.0,2045.3333333333333,1286.0,204.0,189,0,0,1,41,23.0,2048.0,134046.26830000005,17917.6184,15295.3481,768,0,0,128,0.5651579183315398,0.5858369380016422,0.2272216176222166,0,6301.289300000006,4739.354100000003,41,0,0.0,0,0,0,0.0,0,0.0,152926.86796792454,0.0,0,0,0,1.5,0,0.0,0,0,0.0,0,0.0,0,0,0.0,0.0,0.0,0,0.0,0.0,NaN,5120.0,NaN,NaN,0,0,0.0,0,0.0,NaN,0,NaN,0,0,0,0.0,0.0,0.0,0.0,0.0,0.0,0.0,0.0,0,0,0,0,189,0.0,0,0,0.0,0,0.0,0.0,0.0,0.0,0.0,0.0,0.0,0.0,0.0,0.0,0.636895803777304,384,46341.52190000001,128,106585.34606792449,4,17917.6184,4,15295.3481,2,1649.536699999995,-168908.7715,24.584114150943403,0,0,540,540,2 + government,debt,1,1.7462298274040222e-10
111,512,4,4,169350.7488,0.0,171020.9933,0.0,171020.9933,,0.0,171020.9933,0.0,0.0,0.0,0.0,0.0025,0.0001,0.0,0.0,1.0,2321.953241586247,0.0,0.0,0.0,1.0,0.0,0.0,1.0,0.0,0,0,109.06836891384765,3.4332289842502135,112.50159789809786,94.14603680476448,3.4332289842502135,97.57926578901468,3677.758200000004,3742.2016999999714,3677.758200000004,0.0,0,0,0.0,79.52140000000001,241.77259999999998,1.0,1.0,0.0,0.0,0.0,0.0,0.5,0.25,1670.244500000001,47717.40750000001,0.0,70,18405.5357,16314.0217,17581.6997,1054.2775000000051,0.0,0.0,0.0,0.0,0.0,0,0.0,0.0,0.0,0.0,0.0,1731.7731999999994,0.0,0.012550426588143229,4.450137832874199,5.333965789473688,NaN,1.6317176691729336,3.570724213737418,10.887782000331887,1064.0,1089.0,532.0,2046.6666666666665,1270.0,204.0,194,0,0,1,51,38.0,2048.0,135524.31640000007,18176.1252,15650.307100000002,768,0,0,128,0.5678429953748374,0.5879587877179802,0.22792554535128318,0,6324.248200000016,4846.200100000003,51,0,0.0,0,0,0,0.0,0,0.0,154252.20973333338,0.0,0,0,0,1.5,0,0.0,0,0,0.0,0,0.0,0,0,0.0,0.0,0.0,0,0.0,0.0,NaN,5120.0,NaN,NaN,0,0,0.0,0,0.0,NaN,0,NaN,0,0,0,0.0,0.0,0.0,0.0,0.0,0.0,0.0,0.0,0,0,0,0,194,0.0,0,0,0.0,0,0.0,0.0,0.0,0.0,0.0,0.0,0.0,0.0,0.0,0.0,0.6393970710332089,384,46383.86820000001,128,107868.34153333334,4,18176.1252,4,15650.307100000002,2,1670.2445000000043,-171020.9932,24.385277777777773,0,0,532,532,2 + government,debt,1,1.7462298274040222e-10
112,512,4,4,171429.87109999996,0.0,173121.023,0.0,173121.023,,0.0,173121.023,0.0,0.0,0.0,0.0,0.0025,0.0003,0.0,0.0,1.0,2298.2524426801892,0.0,0.0,0.0,1.0,0.0,0.0,1.0,0.0,0,0,110.24056920869646,3.5097022631862687,113.75027147188273,95.30325299852238,3.5097022631862687,98.81295526170865,3737.874899999993,3677.7581999999907,3737.874899999993,0.0,0,0,0.0,79.52140000000001,239.7247,1.0,1.0,0.0,0.0,0.0,0.0,0.5,0.25,1691.151900000001,48572.51220000002,0.0,70,18601.0583,16521.936,17766.861,1053.3307000000007,0.0,0.0,0.0,0.0,0.0,0,0.0,0.0,0.0,0.0,0.0,1710.8375000000015,0.0,0.012631673708926743,4.496158828996281,5.404228917910448,NaN,1.625449253731343,3.5683674183145904,11.040718374034203,1072.0,1076.0,536.0,2046.6666666666665,1278.0,204.0,192,0,0,2,50,42.0,2048.0,137014.17530000015,18371.3126,16044.3829,768,0,0,128,0.5671767664359246,0.5870761847127299,0.2272832229348305,0,6327.725800000012,4837.866899999998,50,0,0.0,0,0,0,0.0,0,0.0,155811.56284887242,0.0,0,0,0,1.5,0,0.0,0,0,0.0,0,0.0,0,0,0.0,0.0,0.0,0,0.0,0.0,NaN,5120.0,NaN,NaN,0,0,0.0,0,0.0,NaN,0,NaN,0,0,0,0.0,0.0,0.0,0.0,0.0,0.0,0.0,0.0,0,0,0,0,192,0.0,0,0,0.0,0,0.0,0.0,0.0,0.0,0.0,0.0,0.0,0.0,0.0,0.0,0.6393441151673163,384,47192.857800000005,128,108618.7050488722,4,18371.3126,4,16044.3829,2,1691.1519000000199,-173121.02269999997,24.475765037594005,0,0,536,536,2 + government,debt,1,1.7462298274040222e-10
113,512,4,4,173531.31620000015,0.0,175243.4233,0.0,175243.4233,,0.0,175243.4233,0.0,0.0,0.0,0.0,0.0025,0.0,0.0,0.0,1.0,2313.7266185265253,0.0,0.0,0.0,1.0,0.0,0.0,1.0,0.0,0,0,111.25122122562007,3.426567597546828,114.6777888231669,96.47845033342541,3.426567597546828,99.90501793097225,3740.1994000000063,3737.874899999982,3740.1994000000063,0.0,0,0,0.0,79.52140000000001,238.6998,1.0,1.0,0.0,0.0,0.0,0.0,0.5,0.25,1712.1071000000006,49438.11740000001,0.0,70,18829.7273,16728.282199999998,17985.0773,1056.9312999999959,0.0,0.0,0.0,0.0,0.0,0,0.0,0.0,0.0,0.0,0.0,1720.2345999999982,0.0,0.012706199313377332,4.516099068033551,5.403281902985086,NaN,1.6457223880597027,3.5927099364325614,11.183785883618064,1072.0,1073.0,536.0,2045.3333333333333,1278.0,204.0,192,0,0,1,57,35.0,2048.0,138541.1616,18602.372499999998,16387.7821,768,0,0,128,0.5701919320613982,0.5895841276168643,0.2308241958776267,0,6372.760599999988,4845.7743,57,0,0.0,0,0,0,0.0,0,0.0,157266.33700298503,0.0,0,0,0,1.5,0,0.0,0,0,0.0,0,0.0,0,0,0.0,0.0,0.0,0,0.0,0.0,NaN,5120.0,NaN,NaN,0,0,0.0,0,0.0,NaN,0,NaN,0,0,0,0.0,0.0,0.0,0.0,0.0,0.0,0.0,0.0,0,0,0,0,192,0.0,0,0,0.0,0,0.0,0.0,0.0,0.0,0.0,0.0,0.0,0.0,0.0,0.0,0.6419682449235977,384,47166.644600000014,128,110099.69240298499,4,18602.372499999998,4,16387.7821,2,1712.1071000000165,-175243.4233,24.381738805970144,0,0,536,536,2 + government,debt,1,1.7462298274040222e-10
114,512,4,4,175626.24899999978,0.0,177359.4316,0.0,177359.4316,,0.0,177359.4316,0.0,0.0,0.0,0.0,0.0025,0.0,0.0,0.0,1.0,2301.5197354211164,0.0,0.0,0.0,1.0,0.0,0.0,1.0,0.0,0,0,112.94105762055693,3.487632117804935,116.42868973836187,97.96335075781752,3.487632117804935,101.45098287562244,3783.1781000000233,3740.1994000000323,3783.1781000000233,0.0,0,0,0.0,79.52140000000001,241.9634,1.0,1.0,0.0,0.0,0.0,0.0,0.5,0.25,1733.1826000000008,50314.33460000001,0.0,70,19031.9062,16936.973400000003,18176.7645,1061.729799999998,0.0,0.0,0.0,0.0,0.0,0,0.0,0.0,0.0,0.0,0.0,1705.3972000000026,0.0,0.012772068620753087,4.542637812789613,5.425143518518541,NaN,1.6410972222222249,3.610128831244526,11.280605769606538,1080.0,1079.0,540.0,2046.6666666666667,1286.0,204.0,190,0,0,0,52,38.0,2048.0,140044.54269999993,18810.656199999998,16771.0501,768,0,0,128,0.5723314703702509,0.5916033554162965,0.22980094108784122,0,6404.8872999999885,4901.5061999999925,52,0,0.0,0,0,0,0.0,0,0.0,159003.2646104477,0.0,0,0,0,1.5,0,0.0,0,0,0.0,0,0.0,0,0,0.0,0.0,0.0,0,0.0,0.0,NaN,5120.0,NaN,NaN,0,0,0.0,0,0.0,NaN,0,NaN,0,0,0,0.0,0.0,0.0,0.0,0.0,0.0,0.0,0.0,0,0,0,0,190,0.0,0,0,0.0,0,0.0,0.0,0.0,0.0,0.0,0.0,0.0,0.0,0.0,0.0,0.6440897890025294,384,47259.46119999999,128,111743.80341044781,4,18810.656199999998,4,16771.0501,2,1733.182600000011,-177359.4316,24.68583582089554,0,0,540,540,2 + government,debt,1,1.7462298274040222e-10
115,512,4,4,177739.77500000005,0.0,179494.0838,0.0,179494.0838,,0.0,179494.0838,0.0,0.0,0.0,0.0,0.0025,0.0002,0.0,0.0,1.0,2321.2476157014494,0.0,0.0,0.0,1.0,0.0,0.0,1.0,0.0,0,0,112.95218037053729,3.487501648962922,116.4396820195002,98.35052801108536,3.487501648962922,101.83802966004828,3790.0209000000045,3783.1780999999905,3790.0209000000045,0.0,0,0,0.0,79.52140000000001,242.27689999999998,1.0,1.0,0.0,0.0,0.0,0.0,0.5,0.25,1754.3088000000012,51201.13160000002,0.0,70,19259.287899999996,17145.7619,18393.6171,1073.394800000006,0.0,0.0,0.0,0.0,0.0,0,0.0,0.0,0.0,0.0,0.0,1721.6223999999977,0.0,0.012832807566302753,4.563629526462399,5.442527087198515,NaN,1.6508805194805187,3.637203420006392,11.451907877230138,1078.0,1077.0,539.0,2048.0,1284.0,204.0,191,0,0,2,49,44.0,2048.0,141577.113,19038.805999999997,17123.8558,768,0,0,128,0.5723292151631836,0.5910925612096076,0.2295217062842969,0,6447.599300000009,4915.029000000003,49,0,0.0,0,0,0,0.0,0,0.0,160482.55299999996,0.0,0,0,0,1.5,0,0.0,0,0,0.0,0,0.0,0,0,0.0,0.0,0.0,0,0.0,0.0,NaN,5120.0,NaN,NaN,0,0,0.0,0,0.0,NaN,0,NaN,0,0,0,0.0,0.0,0.0,0.0,0.0,0.0,0.0,0.0,0,0,0,0,191,0.0,0,0,0.0,0,0.0,0.0,0.0,0.0,0.0,0.0,0.0,0.0,0.0,0.0,0.6442767653571622,384,47991.939300000005,128,112490.61370000005,4,19038.805999999997,4,17123.8558,2,1754.3087999999839,-179494.08359999998,24.616458333333373,0,0,539,539,2 + government,debt,1,1.7462298274040222e-10
116,512,4,4,179887.40049999964,0.0,181662.9507,0.0,181662.9507,,0.0,181662.9507,0.0,0.0,0.0,0.0,0.0025,0.0003,0.0,0.0,1.0,2349.687181397302,0.0,0.0,0.0,1.0,0.0,0.0,1.0,0.0,0,0,114.60029115582115,3.4812547273223533,118.0815458831435,99.92708102326671,3.4812547273223533,103.40833575058906,3791.7831999999876,3790.0208999999986,3791.7831999999876,0.0,0,0,0.0,79.52140000000001,238.92129999999997,1.0,1.0,0.0,0.0,0.0,0.0,0.5,0.25,1775.5502000000015,52098.60180000003,0.0,70,19504.0557,17356.4302,18627.8269,1078.2948999999978,0.0,0.0,0.0,0.0,0.0,0,0.0,0.0,0.0,0.0,0.0,1747.2948000000033,0.0,0.012887311283406127,4.596875477099231,5.506117977528077,NaN,1.658959737827716,3.6709450529773195,11.816039630400686,1068.0,1048.0,534.0,2045.3333333333335,1274.0,204.0,193,0,0,2,43,27.0,2048.0,143235.15739999988,19277.4603,17374.782499999998,768,0,0,128,0.5742234898208427,0.5927508092843705,0.23257470620341647,0,6475.569899999987,4817.525499999994,43,0,0.0,0,0,0,0.0,0,0.0,162253.3009844153,0.0,0,0,0,1.5,0,0.0,0,0,0.0,0,0.0,0,0,0.0,0.0,0.0,0,0.0,0.0,NaN,5120.0,NaN,NaN,0,0,0.0,0,0.0,NaN,0,NaN,0,0,0,0.0,0.0,0.0,0.0,0.0,0.0,0.0,0.0,0,0,0,0,193,0.0,0,0,0.0,0,0.0,0.0,0.0,0.0,0.0,0.0,0.0,0.0,0.0,0.0,0.645952865523947,384,48182.772200000014,128,114070.5287844155,4,19277.4603,4,17374.782499999998,2,1775.5501999999753,-181662.95039999997,24.76320779220778,0,0,534,534,2 + government,debt,1,1.7462298274040222e-10
117,512,4,4,182065.36839999986,0.0,183862.3912,0.0,183862.3912,,0.0,183862.3912,0.0,0.0,0.0,0.0,0.0025,0.0003,0.0,0.0,1.0,2366.6818801483987,0.0,0.0,0.0,1.0,0.0,0.0,1.0,0.0,0,0,114.46805192857046,3.500447564610004,117.96849949318047,100.05330780660063,3.500447564610004,103.55375537121063,3812.58719999999,3791.7832000000053,3812.58719999999,0.0,0,0,0.0,79.52140000000001,247.8987,1.0,1.0,0.0,0.0,0.0,0.0,0.5,0.25,1797.0228000000016,53006.91640000003,0.0,70,19747.211900000002,17569.244,18860.3699,1075.5622000000078,0.0,0.0,0.0,0.0,0.0,0,0.0,0.0,0.0,0.0,0.0,1759.9003000000012,0.0,0.012936312127159032,4.590092442396313,5.520411048689129,NaN,1.6676101123595513,3.7010600965283222,11.996061766077204,1068.0,1085.0,534.0,2045.3333333333335,1274.0,204.0,193,0,0,2,59,31.0,2048.0,144779.627,19506.8827,17778.8584,768,0,0,128,0.5737621472422576,0.5919740871187629,0.23049043265371516,0,6524.719899999969,4980.2503,59,0,0.0,0,0,0,0.0,0,0.0,163890.84317977508,0.0,0,0,0,1.5,0,0.0,0,0,0.0,0,0.0,0,0,0.0,0.0,0.0,0,0.0,0.0,NaN,5120.0,NaN,NaN,0,0,0.0,0,0.0,NaN,0,NaN,0,0,0,0.0,0.0,0.0,0.0,0.0,0.0,0.0,0.0,0,0,0,0,193,0.0,0,0,0.0,0,0.0,0.0,0.0,0.0,0.0,0.0,0.0,0.0,0.0,0.0,0.6459108693009992,384,48987.8627,128,114902.98047977527,4,19506.8827,4,17778.8584,2,1797.0228000000106,-183862.3909,24.884396067415743,0,0,534,534,2 + government,debt,1,1.7462298274040222e-10
118,512,4,4,184212.28289999987,0.0,186031.077,0.0,186031.077,,0.0,186031.077,0.0,0.0,0.0,0.0,0.0025,0.0003,0.0,0.0,1.0,2339.570951265492,0.0,0.0,0.0,1.0,0.0,0.0,1.0,0.0,0,0,115.40432340933215,3.432196030152045,118.83651943948419,101.12305181375183,3.432196030152045,104.55524784390386,3862.9073999999996,3812.587199999984,3862.9073999999996,0.0,0,0,0.0,79.52140000000001,250.2567,1.0,1.0,0.0,0.0,0.0,0.0,0.5,0.25,1818.794100000002,53926.22820000004,0.0,70,19932.079800000003,17785.1653,19034.5393,1090.2008000000014,0.0,0.0,0.0,0.0,0.0,0,0.0,0.0,0.0,0.0,0.0,1733.6846000000032,0.0,0.012981530540300929,4.634695211786381,5.5449521335807175,NaN,1.6734302411873836,3.707864825334601,11.994436382160288,1078.0,1086.0,539.0,2045.3333333333335,1284.0000000000002,204.0,190,0,0,0,53,40.0,2048.0,146293.4734,19712.2368,18206.5724,768,0,0,128,0.5741055625743703,0.5919346586711227,0.2341556171616741,0,6547.125399999963,5033.27900000001,53,0,0.0,0,0,0,0.0,0,0.0,165504.34189438185,0.0,0,0,0,1.5,0,0.0,0,0,0.0,0,0.0,0,0,0.0,0.0,0.0,0,0.0,0.0,NaN,5120.0,NaN,NaN,0,0,0.0,0,0.0,NaN,0,NaN,0,0,0,0.0,0.0,0.0,0.0,0.0,0.0,0.0,0.0,0,0,0,0,190,0.0,0,0,0.0,0,0.0,0.0,0.0,0.0,0.0,0.0,0.0,0.0,0.0,0.0,0.646385711428799,384,49712.54379999999,128,115791.79809438204,4,19712.2368,4,18206.5724,2,1818.794099999995,-186031.07669999998,25.01415168539327,0,0,539,539,2 + government,debt,1,1.7462298274040222e-10
119,512,4,4,186385.73420000012,0.0,188226.2614,0.0,188226.2614,,0.0,188226.2614,0.0,0.0,0.0,0.0,0.0025,0.0001,0.0,0.0,1.0,2367.235838432632,0.0,0.0,0.0,1.0,0.0,0.0,1.0,0.0,0,0,115.12363781834068,3.4259458239029073,118.54958364224359,101.11311492848235,3.4259458239029073,104.53906075238524,3872.7596999999814,3862.907400000002,3872.7596999999814,0.0,0,0,0.0,79.52140000000001,241.1155,1.0,1.0,0.0,0.0,0.0,0.0,0.5,0.25,1840.527200000002,54856.38350000004,0.0,70,20172.2252,17998.7739,19263.803,1102.2108999999948,0.0,0.0,0.0,0.0,0.0,0,0.0,0.0,0.0,0.0,0.0,1755.4594999999997,0.0,0.013007037248639622,4.669135606060607,5.571513358070491,NaN,1.690656771799629,3.737907451678979,12.140222102983298,1078.0,1056.0,539.0,2048.0,1284.0,204.0,191,0,0,3,43,32.0,2048.0,147972.43260000006,19936.0064,18477.2951,768,0,0,128,0.5739828327378544,0.5914668809139212,0.23390935586041306,0,6609.566400000009,4930.607200000001,43,0,0.0,0,0,0,0.0,0,0.0,167250.34897847875,0.0,0,0,0,1.5,0,0.0,0,0,0.0,0,0.0,0,0,0.0,0.0,0.0,0,0.0,0.0,NaN,5120.0,NaN,NaN,0,0,0.0,0,0.0,NaN,0,NaN,0,0,0,0.0,0.0,0.0,0.0,0.0,0.0,0.0,0.0,0,0,0,0,191,0.0,0,0,0.0,0,0.0,0.0,0.0,0.0,0.0,0.0,0.0,0.0,0.0,0.0,0.6461977674052586,384,50551.57110000001,128,116698.77787847865,4,19936.0064,4,18477.2951,2,1840.5271999999825,-188226.26129999998,25.101453617810755,0,0,539,539,2 + government,debt,1,1.7462298274040222e-10
120,512,4,4,188613.82370000018,0.0,190477.1085,0.0,190476.6222,,0.0,190476.6222,0.0,0.0,0.0,0.0,0.0025,0.0,0.0,0.0,1.0,2409.495029934025,0.0,0.0,0.0,1.0,0.0,0.0,1.0,0.0,0,0,115.63832068408618,3.309479764062563,118.94780044814874,101.79348101385972,3.309479764062563,105.10296077792228,3893.612900000003,3872.7597000000133,3893.612900000003,0.0,0,0,0.0,79.52140000000001,256.1134,1.0,1.0,0.0,0.0,0.0,0.0,0.5,0.25,1863.284800000002,55797.51500000005,0.0,70,20442.1715,18214.082000000002,19523.7976,1100.270600000002,0.0,0.0,0.0,0.0,0.0,0,0.0,0.0,0.0,0.0,0.0,1793.1751999999965,1.8662,0.013019004535372502,4.704140276497694,5.648597373358338,NaN,1.7016307692307722,3.780527594339614,12.537094281846372,1066.0,1085.0,533.0,2044.0000000000002,1272.0,204.0,194,0,0,0,51,42.0,2048.0,149518.19490000024,20179.946,18915.6828,768,0,0,128,0.5754834816017917,0.5924951035263741,0.23434197502023335,0,6649.7545000000155,5103.992199999998,51,0,0.0,0,0,0,0.0,0,0.0,168994.56091113188,0.0,0,0,0,1.5,0,0.0,0,0,0.0,0,0.0,0,0,0.0,0.0,0.0,0,0.0,0.0,NaN,5120.0,NaN,NaN,0,0,0.0,0,0.0,NaN,0,NaN,0,0,0,0.0,0.0,0.0,0.0,0.0,0.0,0.0,0.0,0,0,0,0,194,0.0,0,0,0.0,0,0.0,0.0,0.0,0.0,0.0,0.0,0.0,0.0,0.0,0.0,0.6474817128810921,384,51329.07199999997,128,117665.48891113179,4,20179.946,4,18915.6828,2,1862.798499999994,-190476.6222,25.359851576994437,0,0,533,533,2 + government,debt,1,1.7462298274040222e-10
