round,persons_alive,farms_open,bakeries_open,money_in_circulation,money_in_dead_balances,outstanding_debt,peer_lent,government_debt,termination,government_peer_debt,government_bank_debt,bonds_outstanding,government_arrears,bonds_issued,coupons,bond_rate,government_cash,government_reserve_target,surplus_redistributed,tax_scale,government_outlay,tax_shortfall,tax_policy_step,consumption_tax,consumption_tax_scale,wealth_tax,wealth_tax_base,wealth_tax_scale,clearing_residue,negative_wealth_persons,zero_cash_persons,wealth_gap_meals,wealth_bottom10_meals,wealth_top10_meals,cash_gap_meals,cash_bottom10_meals,cash_top10_meals,invoices_issued,invoices_paid,invoices_open,invoices_overdue,liquidations,refoundings,bad_debt,bank_bailouts,profit_tax,profit_tax_scale,parking_tax_scale,income_tax_accrued,income_tax_charged,wealth_tax_arrears,consumption_tax_rate_now,bracket_top_rate,bracket_bottom_rate,bank_retained_interest,cumulative_interest_paid,cumulative_write_offs,cumulative_credit_refusals,money_created,money_destroyed,credit_demand,tax,enterprise_tax,deposit_interest,buffer_pool,insurance_premiums,insurance_payouts,missed_payments,cash_banks,gi_created,demurrage_destroyed,demurrage_tax,account_fees,fees,trade_arrears,interest_rate,price_bread,price_grain,price_ticket,price_rent,price_wage,wage_bid_producers,bread_baked,bread_sold,grain_harvested,labour_offered,labour_sold,government_labour,unemployed,hungry,without_bread,half_meals,gluttons,bread_stocked,total_capacity,cash_persons,cash_farms,cash_bakeries,land_persons,land_farms,land_banks,landholders,gini_cash_persons,gini_net_wealth_persons,gini_income_persons,persons_below_meal,persons_income,bread_bill,gluttony_attempted,gluttony_refused,tickets_sold,n_greedy,hungry_greedy,hungry_others,cash_greedy,land_greedy,wealth_greedy,wealth_persons,bread_greedy,greedy_loaves,greedy_tickets,ration,tier_multiplier,tier_sold,tier_revenue,n_consumers,n_hoarders,wealth_hoarders,land_hoarders,shares_hoarders,greedy_land,greedy_shares,ticket_revenue,theatre_labour,cash_theatres,theatres_open,dividends,dividend_income_persons,share_price_mean,share_units_per_firm,founders_stake_pct,book_per_unit_mean,share_trades,share_trades_deferred,share_contracts_outstanding,share_seizures,share_volume,founders_stake_mean,outside_holders,forward_value_mean,coop_worker_open,coop_consumer_open,coop_member_open,coop_retained_reserve,coop_buffer_pledged,buffer_pledged_persons,patronage_wages,rebates,membership_capital,reserved_labour,coop_worker_hours,coop_members_worker,coop_members_consumer,worker_members,unemployed_members,unemployed_nonmembers,rebate_income_persons,coop_open,forprofit_open,cash_coops,coop_members,coop_capital,founder_capital,founder_debt,reserve_shortfall_owned,reserve_shortfall_coops,reserve_shortfall_forprofit,dividends_coops,dividends_forprofit,founders_cash,cash_forprofit,gini_net_wealth_all,n_workers,wealth_workers,n_landowners,wealth_landowners,n_farms,wealth_farms,n_bakeries,wealth_bakeries,n_banks,wealth_banks,wealth_government,land_price,deaths,closures,production_target_farms,production_target_bakeries,rung,system,seed,identity
1,512,4,4,26725.73000000006,0.0,1911.0,561.0,561.0,,561.0,0.0,0.0,0.0,0.0,0.0,0.0025,119.2842,0.0,0.0,1.0,561.0,0.0,0.0,0.0,1.0,0.0,0.0,1.0,0.0,0,0,24.22611450980392,2.813941176470588,27.040055686274506,2.2493521568627446,2.729029411764706,4.978381568627451,847.000000000002,0.0,847.000000000002,0.0,0,0,0.0,0.0,0.0,1.0,1.0,0.0,0.0,0.0,0.0,0.5,0.25,0.0,0.0,0.0,0,2560.0,236.03000000000023,561.0,120.44930000000002,3.0168,0.0,0.0,0.0,0.0,0,0.0,2560.0,236.03000000000023,117.43250000000009,271.0,0.0,0.0,0.0,5.0,5.200000000000013,2.0,0.75,3.5939344262295285,3.920000000000001,320.0,99.0,160.0,2048.0,732.0,204.0,329,0,0,0,60,39.0,2048.0,18755.282200000034,1475.758,3882.134,732,36,0,122,0.11201195831063626,0.48231810959812527,0.6603254210172702,0,5210.7747999999965,495.0,60,0,514.0,0,0,0,0.0,0,0.0,47555.282200000205,0.0,0,0,0,1.5,0,0.0,0,0,0.0,0,0.0,0,0,1028.0,206.0,2493.2716,2,0.0,0.0,NaN,5120.0,NaN,NaN,0,0,0.0,0,0.0,NaN,0,NaN,0,0,0,0.0,0.0,0.0,0.0,0.0,0.0,0.0,0.0,0,0,0,0,329,0.0,0,0,0.0,0,0.0,0.0,0.0,0.0,0.0,0.0,0.0,0.0,0.0,0.0,0.5314463677189298,390,15591.157999999998,122,31964.12420000002,4,1475.7579999999998,4,4125.334,2,248.16,-441.7158,37.5,0,0,160,160,6 + charge on balances,sumsy,9,-2.9103830456733704e-11
2,512,4,4,29003.242999999955,0.0,18233.1682,602.1682000000001,1002.7158,,1002.7158,0.0,0.0,0.0,0.0,0.0,0.0025,139.0495,0.0,0.0,1.0,561.0,0.0,0.0,0.0,1.0,0.0,0.0,1.0,0.0,0,0,24.049946666666667,2.8241656862745095,26.874112352941175,1.9595962745098034,2.754375882352941,4.713972156862744,2531.366200000006,847.0000000000022,2531.366200000006,0.0,0,0,0.0,0.0,0.0,1.0,1.0,0.0,0.0,0.0,0.0,0.5,0.25,0.0,0.0,0.0,0,2560.0,282.4869999999997,602.1682000000001,140.50199999999984,0.0,0.0,0.0,0.0,0.0,4,0.0,2560.0,282.4869999999997,140.50199999999984,271.0,0.0,0.0,0.008472370766488413,4.8052414933837255,5.506271772428897,2.008256845238093,NaN,3.4440138745387157,3.8023999999999996,914.0,1058.0,457.0,2048.0,1355.0,204.0,173,0,0,1,48,26.0,2048.0,19735.31240000001,741.5652,6302.9331,311,457,0,52,0.07412791371701966,0.4651002573615588,0.35847517208209867,0,7133.828699999978,5083.945499999982,48,0,336.0,0,0,0,0.0,0,0.0,48628.00099999985,0.0,0,0,0,1.5,0,0.0,0,0,0.0,0,0.0,0,0,674.7742999999994,235.0,2084.3828,2,0.0,0.0,NaN,5120.0,NaN,NaN,0,0,0.0,0,0.0,NaN,0,NaN,0,0,0,0.0,0.0,0.0,0.0,0.0,0.0,0.0,0.0,0,0,0,0,173,0.0,0,0,0.0,0,0.0,0.0,0.0,0.0,0.0,0.0,0.0,0.0,0.0,0.0,0.5301577368618589,460,34790.59339999994,52,13837.407600000004,4,648.6128000000008,4,6546.1331,2,512.234,-863.6663,37.5,0,0,457,457,6 + charge on balances,sumsy,9,-2.9103830456733704e-11
3,512,4,4,31234.152400000003,0.0,21880.139,1511.8686,1402.8128,,1402.8128,0.0,0.0,0.0,0.0,0.0,0.0025,161.911,0.0,0.0,1.0,539.1465000000005,0.0,0.0,0.0,1.0,0.0,0.0,1.0,0.0,0,0,25.309999297847426,2.9032878032908003,28.213287101138224,2.779010929177582,2.787976425002993,5.566987354180575,2898.320599999977,2531.366199999995,2898.320599999977,0.0,0,0,0.0,0.0,0.0,1.0,1.0,0.0,0.0,0.0,0.0,0.5,0.25,0.0,-1.6045249999999995,0.0,0,2560.0,329.0906000000003,1511.8686,163.66829999999996,0.0,0.0,0.0,0.0,0.0,18,15.5318,2560.0,329.0906000000003,163.66829999999996,271.0,0.0,0.0,0.007656349172872295,4.721818562329437,5.3693121042830105,1.9669106687898017,NaN,3.3360141247120203,3.6883279999999994,1074.0,1099.0,537.0,2046.6666666666665,1536.0,204.0,126,0,0,1,57,45.0,2048.0,20834.324799999988,1603.4810000000002,6904.0892,231,537,0,39,0.10370123261685849,0.45978506990906354,0.27886198376029503,0,7567.873900000016,5189.2786000000515,57,0,628.0,0,0,0,0.0,0,0.0,49457.25350000008,0.0,0,0,0,1.5,0,0.0,0,0,0.0,0,0.0,0,0,1235.2198999999955,256.0,1714.8146,2,0.0,0.0,NaN,5120.0,NaN,NaN,0,0,0.0,0,0.0,NaN,0,NaN,0,0,0,0.0,0.0,0.0,0.0,0.0,0.0,0.0,0.0,0,0,0,0,126,0.0,0,0,0.0,0,0.0,0.0,0.0,0.0,0.0,0.0,0.0,0.0,0.0,0.0,0.5341988602665677,473,39056.02750000004,39,10401.226,4,1263.6548000000003,4,7147.289100000001,2,777.6192,-1240.9017999999999,37.5,0,0,537,537,6 + charge on balances,sumsy,9,-2.9103830456733704e-11
4,512,4,4,33422.520599999996,0.0,21432.8516,510.69880000000006,1770.6898,,1770.6898,0.0,0.0,0.0,0.0,0.0,0.0025,183.157,0.0,0.0,1.0,529.7879999999996,0.0,0.0,0.0,1.0,0.0,0.0,1.0,0.0,0,0,25.61410529579324,3.37347362713966,28.9875789229329,3.477398773732423,3.1964443768696915,6.6738431506021145,2850.2308000000057,2898.3205999999923,2850.2308000000057,0.0,0,0,0.0,0.0,0.0,1.0,1.0,0.0,0.0,0.0,0.0,0.5,0.25,0.0,-14.246425000000002,0.0,0,2560.0,371.63180000000045,510.6988,184.92980000000028,0.0,0.0,0.0,0.0,0.0,38,14.832,2560.0,371.63180000000045,184.92980000000028,271.0,0.0,0.0,0.002957993637806883,4.573379754020867,5.250427407407418,1.936355156249998,NaN,3.1925496385818968,3.5776781599999987,1080.0,1057.0,540.0,2046.6666666666667,1542.0,204.0,125,0,0,1,45,34.0,2048.0,22679.837899999995,1770.7121,6812.6471,228,540,0,38,0.11854323493815855,0.45292122265701873,0.2810092876361747,0,7330.774699999988,4834.062400000056,45,0,640.0,0,0,0,0.0,0,0.0,50379.82460000006,0.0,0,0,0,1.5,0,0.0,0,0,0.0,0,0.0,0,0,1239.2672999999988,256.0,1961.3345,2,0.0,0.0,NaN,5120.0,NaN,NaN,0,0,0.0,0,0.0,NaN,0,NaN,0,0,0,0.0,0.0,0.0,0.0,0.0,0.0,0.0,0.0,0,0,0,0,125,0.0,0,0,0.0,0,0.0,0.0,0.0,0.0,0.0,0.0,0.0,0.0,0.0,0.0,0.5382955478522622,474,40112.439300000035,38,10267.3853,4,2358.5502999999962,4,7055.847,2,1044.705,-1587.5328000000002,37.5,0,0,540,540,6 + charge on balances,sumsy,9,-2.9103830456733704e-11
5,512,4,4,35567.96600000001,0.0,20679.5737,329.9744,2100.6642,,2100.6642,0.0,0.0,0.0,0.0,0.0,0.0025,204.8408,0.0,0.0,1.0,513.1313999999998,0.0,0.0,0.0,1.0,0.0,0.0,1.0,0.0,0,0,26.313049670027883,3.747760792937452,30.060810462965335,4.660725501379732,3.5703453411414903,8.231070842521222,2779.6162999999997,2850.230799999988,2779.6162999999997,0.0,0,0,0.0,0.0,0.0,1.0,1.0,0.0,0.0,0.0,0.0,0.5,0.25,0.0,-27.680324999999996,0.0,0,2560.0,414.5545999999999,329.9744,206.63700000000009,0.2575,0.0,0.0,0.0,0.0,43,15.6066,2560.0,414.5545999999999,206.37950000000012,271.0,0.0,0.0,0.008494115844799319,4.4540835195530715,5.1771840823970035,1.957356406250001,NaN,3.0387268682360173,3.4703478151999994,1068.0,1074.0,534.0,2046.6666666666667,1530.0,204.0,129,0,0,0,50,34.0,2048.0,24289.286900000003,1835.5431,6835.434700000001,228,540,0,38,0.1340401741435413,0.44361444532814565,0.28192645083720547,0,7024.81829999999,4783.685699999999,50,0,640.0,0,0,0,0.0,0,0.0,51017.368000000024,0.0,0,0,0,1.5,0,0.0,0,0,0.0,0,0.0,0,0,1252.7081000000007,256.0,2387.2538999999997,2,0.0,0.0,NaN,5120.0,NaN,NaN,0,0,0.0,0,0.0,NaN,0,NaN,0,0,0,0.0,0.0,0.0,0.0,0.0,0.0,0.0,0.0,0,0,0,0,129,0.0,0,0,0.0,0,0.0,0.0,0.0,0.0,0.0,0.0,0.0,0.0,0.0,0.0,0.5420360000334532,474,40661.557000000015,38,10355.811,4,3506.6336,4,7078.6346,2,1312.4012000000002,-1895.8234000000002,37.5,0,0,534,534,6 + charge on balances,sumsy,9,-2.9103830456733704e-11
6,512,4,4,37670.3701,0.0,19891.229600000002,294.90819999999997,2395.5724,,2395.5724,0.0,0.0,0.0,0.0,0.0,0.0025,231.7329,0.0,0.0,1.0,499.74899999999957,0.0,0.0,0.0,1.0,0.0,0.0,1.0,0.0,0,0,27.039415443643737,3.905626861042708,30.945042304686442,6.05463808819557,3.7534562990895113,9.808094387285081,2731.0774000000088,2779.616299999995,2731.0774000000088,0.0,0,0,0.0,0.0,0.0,1.0,1.0,0.0,0.0,0.0,0.0,0.5,0.25,0.0,-40.40652500000001,0.0,0,2560.0,457.59590000000026,294.9082,233.72469999999987,5.923299999999999,0.0,0.0,0.0,0.0,46,287.93449999999996,2560.0,457.59590000000026,227.8013999999999,271.0,0.0,0.0,0.012751888406888531,4.34509065077908,5.057872253258862,1.9921050000000005,NaN,2.9519378716757,3.366237380743999,1074.0,1091.0,537.0,2048.0,1536.0,204.0,128,0,0,0,56,45.0,2048.0,25807.664799999988,1849.8812,6947.8934,228,540,0,38,0.15214503317586092,0.4371762864112838,0.2755521495268909,0,6878.387099999998,4740.493899999977,56,0,640.0,0,0,0,0.0,0,0.0,51513.89510000004,0.0,0,0,0,1.5,0,0.0,0,0,0.0,0,0.0,0,0,1274.9472000000003,256.0,2545.2633,2,0.0,0.0,NaN,5120.0,NaN,NaN,0,0,0.0,0,0.0,NaN,0,NaN,0,0,0,0.0,0.0,0.0,0.0,0.0,0.0,0.0,0.0,0,0,0,0,128,0.0,0,0,0.0,0,0.0,0.0,0.0,0.0,0.0,0.0,0.0,0.0,0.0,0.0,0.5481132649993221,474,41128.077399999995,38,10385.817700000001,4,4604.224,4,7191.0932999999995,2,1571.6215000000002,-2163.8395,37.5,0,0,537,537,6 + charge on balances,sumsy,9,-2.9103830456733704e-11
7,512,4,4,39730.66880000004,0.0,19063.763600000002,255.7863,2651.3587,,2651.3587,0.0,0.0,0.0,0.0,0.0,0.0025,258.9323,0.0,0.0,1.0,487.5191999999995,0.0,0.0,0.0,1.0,0.0,0.0,1.0,0.0,0,0,28.174661401180874,3.974626568953512,32.14928797013438,7.736808958975855,3.847793772058656,11.58460273103451,2726.026399999983,2731.0773999999997,2726.026399999983,0.0,0,0,0.0,0.0,0.0,1.0,1.0,0.0,0.0,0.0,0.0,0.5,0.25,0.0,-52.425625000000025,0.0,0,2560.0,499.70129999999995,255.7863,261.06840000000017,12.2866,0.0,0.0,0.0,0.0,48,421.6077,2560.0,499.70129999999995,248.78180000000023,271.0,0.0,0.0,0.015,4.251189943609033,5.020419259259228,2.0384935937499984,NaN,2.9791568553939007,3.2652502593216797,1080.0,1064.0,540.0,2048.0,1542.0,204.0,126,0,0,0,47,38.0,2048.0,27520.371900000027,1854.7452,6891.9529,228,540,0,38,0.18155731161881739,0.43508965204793526,0.29575728333017715,0,6902.714600000015,4523.266100000011,47,0,640.0,0,0,0,0.0,0,0.0,52204.75140000004,0.0,0,0,0,1.5,0,0.0,0,0,0.0,0,0.0,0,0,1304.635899999999,256.0,2783.0588,2,0.0,0.0,NaN,5120.0,NaN,NaN,0,0,0.0,0,0.0,NaN,0,NaN,0,0,0,0.0,0.0,0.0,0.0,0.0,0.0,0.0,0.0,0,0,0,0,126,0.0,0,0,0.0,0,0.0,0.0,0.0,0.0,0.0,0.0,0.0,0.0,0.0,0.0,0.554833205780112,474,41759.57570000004,38,10445.1757,4,5692.340299999998,4,7135.1528,2,1692.1870999999999,-2392.4264000000003,37.5,0,0,540,540,6 + charge on balances,sumsy,9,-2.9103830456733704e-11
8,512,4,4,41749.51450000001,0.0,18198.5616,218.0503,2869.409,,2869.409,0.0,0.0,0.0,0.0,0.0,0.0025,286.2188,0.0,0.0,1.0,476.9825999999999,0.0,0.0,0.0,1.0,0.0,0.0,1.0,0.0,0,0,28.8709820213717,4.063549457300844,32.93453147867254,9.35388392012037,3.929597112122483,13.283481032242854,2613.922099999992,2726.026399999997,2613.922099999992,0.0,0,0,0.0,0.0,0.0,1.0,1.0,0.0,0.0,0.0,0.0,0.5,0.25,0.0,-63.736525000000036,0.0,0,2560.0,541.1542999999997,218.0503,288.54870000000034,19.1357,0.0,0.0,0.0,0.0,49,486.1645,2560.0,541.1542999999997,269.4130000000004,271.0,0.0,0.0,0.015,4.189217119565195,4.866895318352045,2.105848906249999,NaN,2.900995563184894,3.167292751542029,1068.0,1104.0,534.0,2048.0,1530.0,204.0,129,0,0,0,64,54.0,2048.0,28890.4747,1962.3669,6995.4188,228,540,0,38,0.2090185243528877,0.4353924163266165,0.3137051188026452,0,6718.9314,4624.8956999999755,64,0,640.0,0,0,0,0.0,0,0.0,52553.003399999994,0.0,0,0,0,1.5,0,0.0,0,0,0.0,0,0.0,0,0,1347.7432999999994,256.0,3128.8708,2,0.0,0.0,NaN,5120.0,NaN,NaN,0,0,0.0,0,0.0,NaN,0,NaN,0,0,0,0.0,0.0,0.0,0.0,0.0,0.0,0.0,0.0,0,0,0,0,129,0.0,0,0,0.0,0,0.0,0.0,0.0,0.0,0.0,0.0,0.0,0.0,0.0,0.0,0.5650566135748452,474,42081.8339,38,10471.1695,4,6883.214300000001,4,7238.6187,2,1743.6363000000001,-2583.1902,37.5,0,0,534,534,6 + charge on balances,sumsy,9,-2.9103830456733704e-11
9,512,4,4,43728.48690000004,0.0,17449.1218,183.8125,3053.2215,,3053.2215,0.0,0.0,0.0,0.0,0.0,0.0025,315.5467,0.0,0.0,1.0,470.03129999999965,0.0,0.0,0.0,1.0,0.0,0.0,1.0,0.0,0,0,29.02929851636517,4.4052617738588635,33.434560290224034,10.665720432291295,4.279667854741812,14.945388287033108,2662.896200000003,2613.9221000000016,2662.896200000003,0.0,0,0,0.0,0.0,0.0,1.0,1.0,0.0,0.0,0.0,0.0,0.5,0.25,0.0,-74.34032500000002,0.0,0,2560.0,581.0276000000001,183.8125,318.06660000000005,28.812600000000003,0.0,0.0,0.0,0.0,50,517.4047,2560.0,581.0276000000001,289.2540000000002,271.0,0.0,0.0,0.015,4.134276885880076,4.867456250000005,2.1508996875,NaN,2.812967910203289,3.072273968995767,1088.0,1034.0,544.0,2048.0,1550.0,204.0,124,0,0,2,38,28.0,2048.0,30455.87680000001,1959.5662,6949.5028,224,544,0,38,0.21977367904800427,0.4272813284791681,0.30229285672404194,0,6608.749499999987,4274.842299999998,38,0,640.0,0,0,0,0.0,0,0.0,53096.55469999999,0.0,0,0,0,1.5,0,0.0,0,0,0.0,0,0.0,0,0,1376.5757999999998,256.0,3530.5897,2,0.0,0.0,NaN,5120.0,NaN,NaN,0,0,0.0,0,0.0,NaN,0,NaN,0,0,0,0.0,0.0,0.0,0.0,0.0,0.0,0.0,0.0,0,0,0,0,124,0.0,0,0,0.0,0,0.0,0.0,0.0,0.0,0.0,0.0,0.0,0.0,0.0,0.0,0.5671906513190559,474,42565.46660000004,38,10531.0881,4,7963.6659,4,7192.7027,2,1761.7689,-2737.6748000000002,37.5,0,0,544,544,6 + charge on balances,sumsy,9,-2.9103830456733704e-11
10,512,4,4,45667.35410000002,0.0,16506.6882,148.3187,3201.5402,,3201.5402,0.0,0.0,0.0,0.0,0.0,0.0025,346.2444,0.0,0.0,1.0,463.8653999999998,0.0,0.0,0.0,1.0,0.0,0.0,1.0,0.0,0,0,30.145690245810993,4.190851666380909,34.3365419121919,12.637150547463404,4.043409043577182,16.680559591040588,2564.2759000000115,2662.896199999999,2564.2759000000115,0.0,0,0,0.0,0.0,0.0,1.0,1.0,0.0,0.0,0.0,0.0,0.5,0.25,0.0,-84.236825,0.0,0,2560.0,621.1328000000003,148.3187,349.02100000000036,39.842,0.0,0.0,0.0,0.0,51,532.2782,2560.0,621.1328000000003,309.1790000000002,271.0,0.0,0.0,0.015,4.087593908153702,4.800896233521679,2.202433906249996,NaN,2.7696189194634657,2.9801057499258943,1062.0,1067.0,531.0,2045.3333333333333,1524.0,204.0,130,0,0,1,42,30.0,2048.0,31729.952199999978,2057.1769,7012.4623,224,544,0,38,0.24406566194289403,0.4297164759429746,0.31658491238303976,0,6442.7726000000075,4361.4627,42,0,640.0,0,0,0,0.0,0,0.0,53341.27930000004,0.0,0,0,0,1.5,0,0.0,0,0,0.0,0,0.0,0,0,1409.5576999999976,256.0,3989.2401,2,0.0,0.0,NaN,5120.0,NaN,NaN,0,0,0.0,0,0.0,NaN,0,NaN,0,0,0,0.0,0.0,0.0,0.0,0.0,0.0,0.0,0.0,0,0,0,0,130,0.0,0,0,0.0,0,0.0,0.0,0.0,0.0,0.0,0.0,0.0,0.0,0.0,0.0,0.5781118234548952,474,42785.26840000001,38,10556.0109,4,9152.028899999998,4,7255.6622,2,1763.5348000000001,-2855.2958,37.5,0,0,531,531,6 + charge on balances,sumsy,9,-2.9103830456733704e-11
11,512,4,4,47567.44029999999,0.0,15528.319199999998,112.3834,3313.9235000000003,,3313.9235000000003,0.0,0.0,0.0,0.0,0.0,0.0025,377.0942,0.0,0.0,1.0,458.62770000000046,0.0,0.0,0.0,1.0,0.0,0.0,1.0,0.0,0,0,30.48864774353401,4.114423672005949,34.60307141553996,13.997321160439244,4.008754096350723,18.006075256789966,2531.9776000000047,2564.275899999999,2531.9776000000047,0.0,0,0,0.0,0.0,0.0,1.0,1.0,0.0,0.0,0.0,0.0,0.5,0.25,0.0,-93.42554999999993,0.0,0,2560.0,659.9137999999992,112.3834,380.1534999999999,51.7268,0.0,0.0,0.0,0.0,52,539.1913999999999,2560.0,659.9137999999992,328.4266999999997,271.0,0.0,0.0,0.015,4.067010412757976,4.731160902255648,2.255097968750002,NaN,2.6915465944701653,2.8907025774281183,1064.0,1066.0,532.0,2046.6666666666667,1526.0,204.0,130,0,0,2,43,31.0,2048.0,32848.36880000004,2116.0329,7164.922599999999,224,544,0,38,0.26503660962420494,0.4302777383598466,0.3201639619667225,0,6306.155999999992,4335.433100000003,43,0,640.0,0,0,0,0.0,0,0.0,53430.34509999998,0.0,0,0,0,1.5,0,0.0,0,0,0.0,0,0.0,0,0,1443.2627000000014,256.0,4521.8304,2,0.0,0.0,NaN,5120.0,NaN,NaN,0,0,0.0,0,0.0,NaN,0,NaN,0,0,0,0.0,0.0,0.0,0.0,0.0,0.0,0.0,0.0,0,0,0,0,130,0.0,0,0,0.0,0,0.0,0.0,0.0,0.0,0.0,0.0,0.0,0.0,0.0,0.0,0.5880656885544735,474,42876.506100000006,38,10553.839000000004,4,10301.637200000001,4,7408.122399999999,2,1757.3404,-2936.8293000000003,37.5,0,0,532,532,6 + charge on balances,sumsy,9,-2.9103830456733704e-11
12,512,4,4,49429.87960000003,0.0,14516.790099999998,79.2233,3393.1467000000002,,3393.1467000000002,0.0,0.0,0.0,0.0,0.0,0.0025,396.6824,0.0,0.0,1.0,456.3174000000002,0.0,0.0,0.0,1.0,0.0,0.0,1.0,0.0,0,0,30.653056748839685,4.371759925049636,35.024816673889326,15.053130919958047,4.281582398081428,19.334713318039473,2533.6011999999882,2531.9776000000106,2533.6011999999882,0.0,0,0,0.0,0.0,0.0,1.0,1.0,0.0,0.0,0.0,0.0,0.5,0.25,0.0,-101.90737499999989,0.0,0,2560.0,697.5607000000006,79.2233,399.8332,52.6284,0.0,0.0,0.0,0.0,53,542.3175,2560.0,697.5607000000006,347.2048000000003,271.0,0.0,0.0,0.015,4.035240774907752,4.725330581613487,2.2965653125000025,NaN,3.011578513292841,4.668017632298832,1066.0,1084.0,533.0,2045.3333333333335,1528.0,204.0,129,0,0,1,56,36.0,2048.0,34350.222499999996,2186.3226,7447.813,224,544,0,38,0.2761041341951551,0.4268773054541912,0.36967492784459255,0,6770.02279999999,4374.201000000004,56,0,640.0,0,0,0,0.0,0,0.0,53902.8480000001,0.0,0,0,0,1.5,0,0.0,0,0,0.0,0,0.0,0,0,1469.8018000000015,256.0,4506.5216,2,0.0,0.0,NaN,5120.0,NaN,NaN,0,0,0.0,0,0.0,NaN,0,NaN,0,0,0,0.0,0.0,0.0,0.0,0.0,0.0,0.0,0.0,0,0,0,0,129,0.0,0,0,0.0,0,0.0,0.0,0.0,0.0,0.0,0.0,0.0,0.0,0.0,0.0,0.5917744924726576,474,43213.87740000001,38,10688.9706,4,11462.679200000002,4,7691.0127,2,1747.3589,-2996.4643,37.5,0,0,533,533,6 + charge on balances,sumsy,9,-2.9103830456733704e-11
13,512,4,4,51255.09879999998,0.0,13482.107899999997,56.0701,3449.2168,,3449.2168,0.0,0.0,0.0,0.0,0.0,0.0025,410.5812,0.0,0.0,1.0,452.75249999999994,0.0,0.0,0.0,1.0,0.0,0.0,1.0,0.0,0,0,30.739837595258997,4.555663963028925,35.295501558287924,16.474824681371146,4.435262468617739,20.910087149988886,2620.6494999999995,2533.601200000001,2620.6494999999995,0.0,0,0,0.0,0.0,0.0,1.0,1.0,0.0,0.0,0.0,0.0,0.5,0.25,0.0,-109.68107499999986,0.0,0,2560.0,734.7807999999999,56.0701,413.70020000000005,47.8691,0.0,0.0,0.0,0.0,54,543.5459000000001,2560.0,734.7807999999999,365.83109999999994,271.0,0.0,0.0,0.015,4.012863977485933,4.825276851851851,2.386051562500003,NaN,2.9820662224024903,4.619991006293626,1080.0,1066.0,540.0,2046.6666666666667,1542.0,204.0,126,0,0,1,45,34.0,2048.0,35842.088500000005,2263.5292,7676.6293000000005,224,544,0,38,0.28548987520221014,0.42111346897177526,0.3614833809398226,0,6736.01120000001,4277.713000000005,45,0,640.0,0,0,0,0.0,0,0.0,54365.363200000014,0.0,0,0,0,1.5,0,0.0,0,0,0.0,0,0.0,0,0,1527.073000000002,256.0,4518.724700000001,2,0.0,0.0,NaN,5120.0,NaN,NaN,0,0,0.0,0,0.0,NaN,0,NaN,0,0,0,0.0,0.0,0.0,0.0,0.0,0.0,0.0,0.0,0,0,0,0,126,0.0,0,0,0.0,0,0.0,0.0,0.0,0.0,0.0,0.0,0.0,0.0,0.0,0.0,0.5936368071064932,474,43680.7639,38,10684.599300000002,4,12630.638100000002,4,7919.829,2,1735.4796999999999,-3038.6356,37.5,0,0,540,540,6 + charge on balances,sumsy,9,-2.9103830456733704e-11
14,512,4,4,53043.445799999965,0.0,12431.0177,39.6622,3488.8789000000006,,3488.8789000000006,0.0,0.0,0.0,0.0,0.0,0.0025,429.8397,0.0,0.0,1.0,450.24330000000043,0.0,0.0,0.0,1.0,0.0,0.0,1.0,0.0,0,0,31.20276385178382,4.3676392360159895,35.57040308779981,17.832018505325276,4.305461747488733,22.13748025281401,2579.451100000013,2620.6495000000177,2579.451100000013,0.0,0,0,0.0,0.0,0.0,1.0,1.0,0.0,0.0,0.0,0.0,0.5,0.25,0.0,-116.74729999999987,0.0,0,2560.0,771.653,39.6622,433.0373999999999,48.8089,0.0,0.0,0.0,0.0,55,544.6206999999999,2560.0,771.653,384.2284999999999,271.0,0.0,0.0,0.015,3.9582222851746933,4.802342883895156,2.4720640624999968,NaN,2.9913585653206014,4.481391276104818,1068.0,1059.0,534.0,2046.6666666666667,1530.0,204.0,129,0,0,0,47,22.0,2048.0,37297.93359999998,2463.2028999999998,7766.4431,224,544,0,38,0.301108809523549,0.4210154578903158,0.3774432066728395,0,6684.110300000013,4191.7574,47,0,640.0,0,0,0,0.0,0,0.0,54791.857499999984,0.0,0,0,0,1.5,0,0.0,0,0,0.0,0,0.0,0,0,1582.1209999999978,256.0,4541.4058,2,0.0,0.0,NaN,5120.0,NaN,NaN,0,0,0.0,0,0.0,NaN,0,NaN,0,0,0,0.0,0.0,0.0,0.0,0.0,0.0,0.0,0.0,0,0,0,0,129,0.0,0,0,0.0,0,0.0,0.0,0.0,0.0,0.0,0.0,0.0,0.0,0.0,0.0,0.5989396087578978,474,44062.27669999997,38,10729.580799999998,4,13921.0641,4,8009.6427,2,1723.4469,-3059.0392000000006,37.5,0,0,534,534,6 + charge on balances,sumsy,9,-2.9103830456733704e-11
15,512,4,4,54795.738999999936,0.0,11354.5388,14.2735,3503.1523,,3503.1523,0.0,0.0,0.0,0.0,0.0,0.0025,448.1507,0.0,0.0,1.0,444.11310000000003,0.0,0.0,0.0,1.0,0.0,0.0,1.0,0.0,0,0,32.09206069090566,4.303558256412229,36.39561894731789,19.68760099003709,4.281447419390534,23.96904840942762,2548.635599999994,2579.4511000000034,2548.635599999994,0.0,0,0,0.0,0.0,0.0,1.0,1.0,0.0,0.0,0.0,0.0,0.5,0.25,0.0,-123.10622499999978,0.0,0,2560.0,807.7067999999992,14.2735,451.4494999999998,49.2461,0.0,0.0,0.0,0.0,56,544.9583,2560.0,807.7067999999992,402.2033999999999,271.0,0.0,0.0,0.015,3.9519573002754784,4.735767476635503,2.5399178124999984,NaN,2.98543866866612,4.346949537821674,1070.0,1089.0,535.0,2048.0,1532.0,204.0,129,0,0,0,58,29.0,2048.0,38556.26580000001,2641.5934,8035.6576000000005,224,544,0,38,0.3160064180496476,0.42062658255365415,0.37863588055742836,0,6654.8789,4303.681499999996,58,0,640.0,0,0,0,0.0,0,0.0,55020.8388999999,0.0,0,0,0,1.5,0,0.0,0,0,0.0,0,0.0,0,0,1625.547399999999,256.0,4569.1132,2,0.0,0.0,NaN,5120.0,NaN,NaN,0,0,0.0,0,0.0,NaN,0,NaN,0,0,0,0.0,0.0,0.0,0.0,0.0,0.0,0.0,0.0,0,0,0,0,129,0.0,0,0,0.0,0,0.0,0.0,0.0,0.0,0.0,0.0,0.0,0.0,0.0,0.0,0.6049928991763749,474,44297.28749999997,38,10723.551399999998,4,15190.206900000001,4,8278.857100000001,2,1710.6769000000002,-3055.0016,37.5,0,0,535,535,6 + charge on balances,sumsy,9,-2.9103830456733704e-11
16,512,4,4,56513.40400000003,0.0,10257.8598,0.0,3497.2256,,3497.2256,0.0,0.0,0.0,0.0,0.0,0.0025,465.9218,0.0,0.0,1.0,443.4093,0.0,0.0,0.0,1.0,0.0,0.0,1.0,0.0,0,0,32.389691169402454,4.492356726512902,36.882047895915356,20.858003255639478,4.46162263839077,25.319625894030246,2551.3207999999972,2548.6356000000005,2551.3207999999972,0.0,0,0,0.0,0.0,0.0,1.0,1.0,0.0,0.0,0.0,0.0,0.5,0.25,0.0,-129.94277499999976,0.0,0,2560.0,842.3350000000005,0.0,469.3399,49.881,0.0,0.0,0.0,0.0,57,545.566,2560.0,842.3350000000005,419.4589,271.0,0.0,0.0,0.015,3.942209837545123,4.688208502772638,2.625546562500001,NaN,2.996210109514934,4.216541051687022,1082.0,1108.0,541.0,2048.0,1544.0,204.0,126,0,0,1,59,55.0,2048.0,39713.134600000005,2791.7868,8402.1163,224,544,0,38,0.3259937486463227,0.4190696675071459,0.379408469460196,0,6684.0219,4367.968499999996,59,0,640.0,0,0,0,0.0,0,0.0,55148.356900000006,0.0,0,0,0,1.5,0,0.0,0,0,0.0,0,0.0,0,0,1680.3498000000006,256.0,4594.8785,2,0.0,0.0,NaN,5120.0,NaN,NaN,0,0,0.0,0,0.0,NaN,0,NaN,0,0,0,0.0,0.0,0.0,0.0,0.0,0.0,0.0,0.0,0,0,0,0,126,0.0,0,0,0.0,0,0.0,0.0,0.0,0.0,0.0,0.0,0.0,0.0,0.0,0.0,0.6105028185258248,474,44218.96559999999,38,10929.391300000003,4,16431.1526,4,8639.3891,2,1698.1770000000001,-3031.3038,37.5,0,0,541,541,6 + charge on balances,sumsy,9,-2.9103830456733704e-11
17,512,4,4,58195.87680000007,0.0,9137.6767,0.0,3467.7948,,3467.7948,0.0,0.0,0.0,0.0,0.0,0.0025,483.4501,0.0,0.0,1.0,442.3179000000006,0.0,0.0,0.0,1.0,0.0,0.0,1.0,0.0,0,0,32.9959639607848,4.259848252200576,37.255812212985376,22.27503814573361,4.1435842089888695,26.41862235472248,2534.2070999999896,2551.3208000000113,2534.2070999999896,0.0,0,0,0.0,0.0,0.0,1.0,1.0,0.0,0.0,0.0,0.0,0.5,0.25,0.0,-140.71363570058503,0.0,0,2560.0,877.5272000000018,0.0,486.9364000000004,49.9162,0.0,0.0,0.0,0.0,53,557.3147,2560.0,877.5272000000018,437.0202000000004,271.0,0.0,0.0,0.015,3.948149617590817,4.656575046210702,2.712137031250005,NaN,3.01590715270241,4.205663863670987,1082.0,1046.0,541.0,2046.6666666666667,1544.0,204.0,124,0,0,1,44,34.0,2048.0,41041.08140000003,2960.2264999999998,8549.2322,224,544,0,38,0.34074176224755237,0.42056120512668516,0.3852794751500279,0,6686.260799999991,4129.764499999995,44,0,640.0,0,0,0,0.0,0,0.0,55446.95290000004,0.0,0,0,0,1.5,0,0.0,0,0,0.0,0,0.0,0,0,1735.7677000000033,256.0,4604.5719,2,0.0,0.0,NaN,5120.0,NaN,NaN,0,0,0.0,0,0.0,NaN,0,NaN,0,0,0,0.0,0.0,0.0,0.0,0.0,0.0,0.0,0.0,0,0,0,0,124,0.0,0,0,0.0,0,0.0,0.0,0.0,0.0,0.0,0.0,0.0,0.0,0.0,0.0,0.6163208507022797,474,44385.07460000004,38,11061.878300000004,4,17690.3446,4,8774.345000000001,2,1683.0293000000001,-2984.3447,37.5,0,0,541,541,6 + charge on balances,sumsy,9,-2.9103830456733704e-11
18,512,4,4,59844.25960000004,0.0,7996.7796,0.0,3417.6500000000005,,3417.6500000000005,0.0,0.0,0.0,0.0,0.0,0.0025,499.9743,0.0,0.0,1.0,442.98090000000013,0.0,0.0,0.0,1.0,0.0,0.0,1.0,0.0,0,0,33.20492296884265,4.107216410875488,37.31213937971814,23.58865922086872,4.023724581228144,27.612383802096865,2508.0420999999883,2534.20709999999,2508.0420999999883,0.0,0,0,0.0,0.0,0.0,1.0,1.0,0.0,0.0,0.0,0.0,0.5,0.25,0.0,-154.62541070058518,0.0,0,2560.0,911.6171999999999,0.0,503.5619999999996,49.547700000000006,0.0,0.0,0.0,0.0,39,572.7699,2560.0,911.6171999999999,454.01429999999965,271.0,0.0,0.0,0.015,3.9544751156336737,4.668618164793986,2.7908662499999988,NaN,3.0460456124795425,4.115263783829097,1068.0,1081.0,534.0,2046.6666666666667,1530.0000000000002,204.0,129,0,0,2,59,34.0,2048.0,42148.49460000005,3139.1148000000003,8882.173,224,544,0,38,0.3530839412660043,0.42172376023167013,0.39776946378507505,0,6666.971300000001,4274.7876000000015,59,0,640.0,0,0,0,0.0,0,0.0,55516.99680000006,0.0,0,0,0,1.5,0,0.0,0,0,0.0,0,0.0,0,0,1786.1543999999992,256.0,4601.733,2,0.0,0.0,NaN,5120.0,NaN,NaN,0,0,0.0,0,0.0,NaN,0,NaN,0,0,0,0.0,0.0,0.0,0.0,0.0,0.0,0.0,0.0,0,0,0,0,129,0.0,0,0,0.0,0,0.0,0.0,0.0,0.0,0.0,0.0,0.0,0.0,0.0,0.0,0.6229522367216966,474,44429.92920000005,38,11087.067599999997,4,18959.9852,4,9095.1258,2,1660.0653,-2917.6757000000007,37.5,0,0,534,534,6 + charge on balances,sumsy,9,-2.9103830456733704e-11
19,512,4,4,61460.38550000006,0.0,6836.7401,0.0,3348.3628,,3348.3628,0.0,0.0,0.0,0.0,0.0,0.0025,516.4449,0.0,0.0,1.0,443.6897999999997,0.0,0.0,0.0,1.0,0.0,0.0,1.0,0.0,0,0,32.611475074613445,4.419119485700799,37.03059456031424,23.914842363207953,4.32147731622924,28.23631967943719,2516.5953999999915,2508.042100000006,2516.5953999999915,0.0,0,0,0.0,0.0,0.0,1.0,1.0,0.0,0.0,0.0,0.0,0.5,0.25,0.0,-171.15681070058514,0.0,0,2560.0,943.8741000000005,0.0,520.1433000000005,50.055099999999996,0.0,0.0,0.0,0.0,21,582.1304,2560.0,943.8741000000005,470.0882000000006,271.0,0.0,0.0,0.015,3.9687292523364515,4.6325840740740585,2.8799885937500034,NaN,3.02529604926983,3.991805870314225,1080.0,1070.0,540.0,2045.3333333333333,1542.0,204.0,125,0,0,2,49,33.0,2048.0,43213.64390000002,3291.5758,9208.288499999999,224,544,0,38,0.3521876594120019,0.4136515414187245,0.4031263098360389,0,6650.401499999989,4246.540300000003,49,0,640.0,0,0,0,0.0,0,0.0,55525.63440000003,0.0,0,0,0,1.5,0,0.0,0,0,0.0,0,0.0,0,0,1843.192700000002,256.0,4648.302,2,0.0,0.0,NaN,5120.0,NaN,NaN,0,0,0.0,0,0.0,NaN,0,NaN,0,0,0,0.0,0.0,0.0,0.0,0.0,0.0,0.0,0.0,0,0,0,0,125,0.0,0,0,0.0,0,0.0,0.0,0.0,0.0,0.0,0.0,0.0,0.0,0.0,0.0,0.6242198392989882,474,44422.06210000001,38,11103.572299999998,4,20203.1985,4,9409.0813,2,1631.0066000000002,-2831.9179,37.5,0,0,540,540,6 + charge on balances,sumsy,9,-2.9103830456733704e-11
20,512,4,4,63044.060699999965,0.0,5658.980299999999,0.0,3261.3552999999997,,3261.3552999999997,0.0,0.0,0.0,0.0,0.0,0.0025,532.6704,0.0,0.0,1.0,445.2912,0.0,0.0,0.0,1.0,0.0,0.0,1.0,0.0,0,0,32.54680222955178,4.429758652532954,36.97656088208473,24.950796979874838,4.385789918738059,29.336586898612893,2497.030900000009,2516.595399999998,2497.030900000009,0.0,0,0,0.0,0.0,0.0,1.0,1.0,0.0,0.0,0.0,0.0,0.5,0.25,0.0,-189.83259804501245,0.0,0,2560.0,976.3248000000001,0.0,536.4643000000005,50.1978,0.0,0.0,0.0,0.0,16,597.642,2560.0,976.3248000000001,486.26650000000035,271.0,0.0,0.0,0.015,3.9490854976303305,4.630654664179121,2.944251249999999,NaN,3.0762488410117967,4.128285246712997,1072.0,1055.0,536.0,2045.3333333333333,1534.0000000000002,204.0,127,0,0,1,40,25.0,2048.0,44340.32129999998,3471.1109,9462.6898,224,544,0,38,0.3587815685577189,0.41148123569256434,0.40172068503580105,0,6681.095799999991,4166.285199999998,40,0,640.0,0,0,0,0.0,0,0.0,55591.80959999998,0.0,0,0,0,1.5,0,0.0,0,0,0.0,0,0.0,0,0,1884.3207999999993,256.0,4639.6263,2,0.0,0.0,NaN,5120.0,NaN,NaN,0,0,0.0,0,0.0,NaN,0,NaN,0,0,0,0.0,0.0,0.0,0.0,0.0,0.0,0.0,0.0,0,0,0,0,127,0.0,0,0,0.0,0,0.0,0.0,0.0,0.0,0.0,0.0,0.0,0.0,0.0,0.0,0.6282697724492758,474,44454.80489999999,38,11137.004700000001,4,21473.4859,4,9651.3226,2,1594.3692,-2728.6848999999997,37.5,0,0,536,536,6 + charge on balances,sumsy,9,-2.9103830456733704e-11
21,512,4,4,64595.57089999998,0.0,4459.2725,0.0,3152.3997999999997,,3152.3997999999997,0.0,0.0,0.0,0.0,0.0,0.0025,549.3773,0.0,0.0,1.0,443.0879999999996,0.0,0.0,0.0,1.0,0.0,0.0,1.0,0.0,0,0,32.70164677293007,4.286965462614976,36.98861223554505,26.00410261348482,4.231724576966119,30.23582719045094,2449.304399999997,2497.030900000013,2449.304399999997,0.0,0,0,0.0,0.0,0.0,1.0,1.0,0.0,0.0,0.0,0.0,0.5,0.25,0.0,-211.3192345362223,0.0,0,2560.0,1008.4898000000009,0.0,553.2900999999999,51.0012,0.0,0.0,0.0,0.0,11,616.7651000000001,2560.0,1008.4898000000009,502.28890000000007,271.0,0.0,0.0,0.015,3.915303853383459,4.584377401129937,3.043367656249995,NaN,3.046184050416113,4.004436689311608,1062.0,1064.0,531.0,2046.6666666666667,1524.0,204.0,130,0,0,3,42,26.0,2048.0,45300.51269999995,3655.2578,9757.886300000002,224,544,0,38,0.3701039067301428,0.41158024020049444,0.4213226807383046,0,6584.316999999999,4165.8833,42,0,640.0,0,0,0,0.0,0,0.0,55487.4749,0.0,0,0,0,1.5,0,0.0,0,0,0.0,0,0.0,0,0,1947.7552999999969,256.0,4715.7717,2,0.0,0.0,NaN,5120.0,NaN,NaN,0,0,0.0,0,0.0,NaN,0,NaN,0,0,0,0.0,0.0,0.0,0.0,0.0,0.0,0.0,0.0,0,0,0,0,130,0.0,0,0,0.0,0,0.0,0.0,0.0,0.0,0.0,0.0,0.0,0.0,0.0,0.0,0.6343527572127117,474,44392.64129999996,38,11094.833600000002,4,22748.385100000003,4,9934.359100000001,2,1547.3419000000001,-2603.0224999999996,37.5,0,0,531,531,6 + charge on balances,sumsy,9,-2.9103830456733704e-11
22,512,4,4,66115.62889999998,0.0,3302.8086,0.0,3019.1861,,3019.1861,0.0,0.0,0.0,0.0,0.0,0.0025,566.6577,0.0,0.0,1.0,439.29869999999977,0.0,0.0,0.0,1.0,0.0,0.0,1.0,0.0,0,0,32.842888335161874,4.238811825592529,37.0817001607544,26.9744043299269,4.127246598201963,31.10165092812887,2432.0652999999947,2449.304399999988,2432.0652999999947,0.0,0,0,0.0,0.0,0.0,1.0,1.0,0.0,0.0,0.0,0.0,0.5,0.25,0.0,-235.8613845362222,0.0,0,2560.0,1039.9420000000002,0.0,570.7212999999999,52.7838,0.0,0.0,0.0,0.0,8,628.5982,2560.0,1039.9420000000002,517.9375,271.0,0.0,0.0,0.015,3.8766006548175893,4.54335582706766,3.1220725000000056,NaN,3.0717352505568747,4.079007732381657,1064.0,1069.0,532.0,2044.0,1526.0,204.0,129,0,0,1,47,25.0,2048.0,46182.62879999997,3871.2337,10088.4116,224,544,0,38,0.37766177938187506,0.4100904220311643,0.4263484225949701,0,6610.897399999997,4144.086100000003,47,0,640.0,0,0,0,0.0,0,0.0,55372.56489999997,0.0,0,0,0,1.5,0,0.0,0,0,0.0,0,0.0,0,0,1998.1264000000035,256.0,4778.0989,2,0.0,0.0,NaN,5120.0,NaN,NaN,0,0,0.0,0,0.0,NaN,0,NaN,0,0,0,0.0,0.0,0.0,0.0,0.0,0.0,0.0,0.0,0,0,0,0,129,0.0,0,0,0.0,0,0.0,0.0,0.0,0.0,0.0,0.0,0.0,0.0,0.0,0.0,0.6392105784719506,474,44288.69039999998,38,11083.8745,4,23987.611199999996,4,10252.724400000001,2,1493.0247,-2452.5284,37.5,0,0,532,532,6 + charge on balances,sumsy,9,-2.9103830456733704e-11
23,512,4,4,67605.68310000007,0.0,2918.3773000000006,0.0,2860.6055000000006,,2860.6055000000006,0.0,0.0,0.0,0.0,0.0,0.0025,582.4283,0.0,0.0,1.0,434.95350000000025,0.0,0.0,0.0,1.0,0.0,0.0,1.0,0.0,0,0,32.763235551311446,4.366052798402397,37.12928834971384,26.55507308898551,4.295219565548893,30.850292654534403,2461.9154999999864,2432.065299999976,2461.9154999999864,0.0,0,0,0.0,0.0,0.0,1.0,1.0,0.0,0.0,0.0,0.0,0.5,0.25,0.0,-263.4364044934086,0.0,0,2560.0,1069.9458000000006,0.0,586.7883999999996,53.9948,0.0,0.0,0.0,0.0,6,636.4418000000001,2560.0,1069.9458000000006,532.7935999999999,271.0,0.0,0.0,0.015,3.8566242282506993,4.573673831775675,3.218096718749994,NaN,3.0760253221087765,4.118969666465214,1070.0,1069.0,535.0,2046.6666666666667,1532.0,204.0,129,0,0,1,46,25.0,2048.0,46259.58710000001,4852.063099999999,10420.4703,224,544,0,38,0.37162567012328696,0.4050686791084994,0.4431354673103387,0,6635.000799999985,4122.731299999998,46,0,640.0,0,0,0,0.0,0,0.0,55241.87420000003,0.0,0,0,0,1.5,0,0.0,0,0,0.0,0,0.0,0,0,2059.581899999996,256.0,4854.692499999999,2,0.0,0.0,NaN,5120.0,NaN,NaN,0,0,0.0,0,0.0,NaN,0,NaN,0,0,0,0.0,0.0,0.0,0.0,0.0,0.0,0.0,0.0,0,0,0,0,129,0.0,0,0,0.0,0,0.0,0.0,0.0,0.0,0.0,0.0,0.0,0.0,0.0,0.0,0.6419505030490236,474,44177.17400000002,38,11064.700199999996,4,25194.291299999997,4,10572.6231,2,1435.0178999999998,-2278.1772000000005,37.5,0,0,535,535,6 + charge on balances,sumsy,9,-2.9103830456733704e-11
24,512,4,4,69065.11559999983,0.0,2722.9487999999997,0.0,2685.4482,,2685.4482,0.0,0.0,0.0,0.0,0.0,0.0025,603.2704,0.0,0.0,1.0,432.7146,0.0,0.0,0.0,1.0,0.0,0.0,1.0,0.0,0,0,33.580497128773104,4.120036947683823,37.700534076456925,26.74263170807541,4.085582097042339,30.82821380511775,2442.7892000000006,2461.9154999999914,2442.7892000000006,0.0,0,0,0.0,0.0,0.0,1.0,1.0,0.0,0.0,0.0,0.0,0.5,0.25,0.0,-292.1144044934085,0.0,0,2560.0,1100.5675,0.0,604.9110999999996,57.0286,0.0,0.0,0.0,0.0,0,629.6659999999999,2560.0,1100.5675,547.8824999999996,271.0,0.0,0.0,0.015,3.8531067405355492,4.537923738317758,3.2708179687500056,NaN,3.07246086058081,4.1204513307787085,1070.0,1083.0,535.0,2046.6666666666665,1532.0,204.0,128,0,0,1,50,35.0,2048.0,46092.866999999926,6047.5836,10780.6824,224,544,0,38,0.37307722216609407,0.40787059802073133,0.4483908753054533,0,6632.463399999999,4172.9146,50,0,640.0,0,0,0,0.0,0,0.0,55026.84969999988,0.0,0,0,0,1.5,0,0.0,0,0,0.0,0,0.0,0,0,2093.3235000000036,256.0,4911.046200000001,2,0.0,0.0,NaN,5120.0,NaN,NaN,0,0,0.0,0,0.0,NaN,0,NaN,0,0,0,0.0,0.0,0.0,0.0,0.0,0.0,0.0,0.0,0,0,0,0,128,0.0,0,0,0.0,0,0.0,0.0,0.0,0.0,0.0,0.0,0.0,0.0,0.0,0.0,0.6491579598144381,474,43913.92619999993,38,11112.923499999999,4,26410.083000000002,4,10920.6752,2,1374.8978,-2082.1778,37.5,0,0,535,535,6 + charge on balances,sumsy,9,-2.9103830456733704e-11
25,512,4,4,70494.24719999988,0.0,2540.2909999999997,0.0,2510.2909999999997,,2510.2909999999997,0.0,0.0,0.0,0.0,0.0,0.0025,657.0716,0.0,0.0,1.0,432.31680000000046,0.0,0.0,0.0,1.0,0.0,0.0,1.0,0.0,0,0,34.151082626996484,3.992035074731417,38.1431177017279,26.77817781830756,3.933890753902489,30.712068572210047,2456.4764999999857,2442.789200000007,2456.4764999999857,0.0,0,0,0.0,0.0,0.0,1.0,1.0,0.0,0.0,0.0,0.0,0.5,0.25,0.0,-318.96880449340864,0.0,0,2560.0,1130.8684,0.0,640.2947999999999,77.79809999999999,0.0,0.0,0.0,0.0,0,625.9899,2560.0,1130.8684,562.4967000000003,271.0,0.0,0.0,0.015,3.9712797979798,4.546511173184331,3.3493467187499926,NaN,3.3208751147708937,4.116069122821655,1074.0,1089.0,537.0,2046.6666666666667,1536.0,204.0,127,0,0,2,57,45.0,2048.0,46110.960799999935,6978.3771,11140.3756,224,544,0,38,0.3751783405794653,0.41074975942992187,0.42588315353870554,0,7025.067999999999,4324.723700000002,57,0,640.0,0,0,0,0.0,0,0.0,55002.26819999988,0.0,0,0,0,1.5,0,0.0,0,0,0.0,0,0.0,0,0,2143.581899999995,256.0,4981.4722,2,0.0,0.0,NaN,5120.0,NaN,NaN,0,0,0.0,0,0.0,NaN,0,NaN,0,0,0,0.0,0.0,0.0,0.0,0.0,0.0,0.0,0.0,0,0,0,0,127,0.0,0,0,0.0,0,0.0,0.0,0.0,0.0,0.0,0.0,0.0,0.0,0.0,0.0,0.6548513284100443,474,43791.65279999993,38,11210.615399999999,4,27348.377099999998,4,11268.2084,2,1318.1788999999999,-1853.2193999999997,37.5,0,0,537,537,6 + charge on balances,sumsy,9,-2.9103830456733704e-11
26,512,4,4,71895.17749999998,0.0,2357.6338999999994,0.0,2335.1338999999994,,2335.1338999999994,0.0,0.0,0.0,0.0,0.0,0.0025,716.758,0.0,0.0,1.0,445.5768000000002,0.0,0.0,0.0,1.0,0.0,0.0,1.0,0.0,0,0,32.877179169646745,4.092926882514243,36.970106052160986,25.46783707211847,4.019966009960492,29.487803082078965,2538.8562000000024,2456.4765000000043,2538.8562000000024,0.0,0,0,0.0,0.0,0.0,1.0,1.0,0.0,0.0,0.0,0.0,0.5,0.25,0.0,-344.0715044934085,0.0,0,2560.0,1159.0696999999998,0.0,662.4128999999999,86.4258,0.0,0.0,0.0,0.0,0,624.0645999999999,2560.0,1159.0696999999998,575.9871000000004,271.0,0.0,0.0,0.015,4.088870312499999,4.682479035250468,3.482214062499999,NaN,3.3724069004329045,4.127223487695385,1078.0,1088.0,539.0,2045.3333333333335,1539.9999999999998,204.0,126,0,0,1,62,48.0,2048.0,46017.1372,7874.378900000001,11570.3464,224,544,0,38,0.367205762362496,0.40386483269920825,0.408829942880228,0,7120.320799999996,4448.690899999999,62,0,640.0,0,0,0,0.0,0,0.0,54865.76929999997,0.0,0,0,0,1.5,0,0.0,0,0,0.0,0,0.0,0,0,2228.6169999999993,256.0,5092.492399999999,2,0.0,0.0,NaN,5120.0,NaN,NaN,0,0,0.0,0,0.0,NaN,0,NaN,0,0,0,0.0,0.0,0.0,0.0,0.0,0.0,0.0,0.0,0,0,0,0,126,0.0,0,0,0.0,0,0.0,0.0,0.0,0.0,0.0,0.0,0.0,0.0,0.0,0.0,0.655811911591988,474,43730.67500000002,38,11135.094299999997,4,28251.878900000003,4,11686.0192,2,1263.2109,-1618.3758999999993,37.5,0,0,539,539,6 + charge on balances,sumsy,9,-2.9103830456733704e-11
27,512,4,4,73268.18890000002,0.0,2174.976800000001,0.0,2159.976800000001,,2159.976800000001,0.0,0.0,0.0,0.0,0.0,0.0025,794.1962,0.0,0.0,1.0,458.7705999999997,0.0,0.0,0.0,1.0,0.0,0.0,1.0,0.0,0,0,31.98267079723012,4.021462883234557,36.004133680464676,24.484250621533036,4.014643798546071,28.498894420079107,2563.662299999995,2538.8561999999934,2563.662299999995,0.0,0,0,0.0,0.0,0.0,1.0,1.0,0.0,0.0,0.0,0.0,0.5,0.25,0.0,-367.42280449340876,0.0,0,2560.0,1186.9886000000006,0.0,696.6739000000005,107.5076,0.0,0.0,0.0,0.0,0,623.4785999999999,2560.0,1186.9886000000006,589.1662999999999,271.0,0.0,0.0,0.015,4.1263639359698665,4.719744999999991,3.609685000000006,NaN,3.362538682919915,4.0326341756567725,1080.0,1062.0,540.0,2046.6666666666665,1542.0,204.0,126,0,0,2,55,33.0,2048.0,45904.30449999999,8799.013900000002,11846.116300000002,224,544,0,38,0.3604478807433722,0.3999381754053777,0.41016563714312215,0,7114.5331,4382.198499999999,55,0,640.0,0,0,0,0.0,0,0.0,54710.26130000001,0.0,0,0,0,1.5,0,0.0,0,0,0.0,0,0.0,0,0,2310.198400000004,256.0,5301.0794000000005,2,0.0,0.0,NaN,5120.0,NaN,NaN,0,0,0.0,0,0.0,NaN,0,NaN,0,0,0,0.0,0.0,0.0,0.0,0.0,0.0,0.0,0.0,0,0,0,0,126,0.0,0,0,0.0,0,0.0,0.0,0.0,0.0,0.0,0.0,0.0,0.0,0.0,0.0,0.6583249102840647,474,43620.849699999984,38,11089.4116,4,29184.013899999998,4,11949.629100000002,2,1209.5822,-1365.780600000001,37.5,0,0,540,540,6 + charge on balances,sumsy,9,-2.9103830456733704e-11
28,512,4,4,74613.3947,0.0,1992.3196999999996,0.0,1984.8196999999996,,1984.8196999999996,0.0,0.0,0.0,0.0,0.0,0.0025,899.0161,0.0,0.0,1.0,462.9779999999995,0.0,0.0,0.0,1.0,0.0,0.0,1.0,0.0,0,0,31.284706181155432,4.08767656905815,35.37238275021358,23.955459729658,4.014440891470613,27.969900621128613,2573.699099999994,2563.6623000000027,2573.699099999994,0.0,0,0,0.0,0.0,0.0,1.0,1.0,0.0,0.0,0.0,0.0,0.5,0.25,0.0,-389.0226044934088,0.0,0,2560.0,1214.7941999999996,0.0,732.1549999999997,130.1561,0.0,0.0,0.0,0.0,0,623.1977999999999,2560.0,1214.7941999999996,601.9988999999996,271.0,0.0,0.0,0.015,4.149730840258542,4.738331666666656,3.7123918749999945,NaN,3.4428500001832156,4.170390225621995,1080.0,1083.0,540.0,2045.3333333333335,1542.0,204.0,126,0,0,0,52,40.0,2048.0,45743.00159999999,9702.9629,12194.465199999999,224,544,0,38,0.35821396123583393,0.39597689234320876,0.4253059541920261,0,7241.609699999999,4494.1585000000005,52,0,640.0,0,0,0,0.0,0,0.0,54506.28309999999,0.0,0,0,0,1.5,0,0.0,0,0,0.0,0,0.0,0,0,2375.9307999999965,256.0,5450.7510999999995,2,0.0,0.0,NaN,5120.0,NaN,NaN,0,0,0.0,0,0.0,NaN,0,NaN,0,0,0,0.0,0.0,0.0,0.0,0.0,0.0,0.0,0.0,0,0,0,0,126,0.0,0,0,0.0,0,0.0,0.0,0.0,0.0,0.0,0.0,0.0,0.0,0.0,0.0,0.6608651182157159,474,43532.072899999985,38,10974.210199999996,4,30095.462900000002,4,12285.818,2,1156.2586999999999,-1085.8035999999995,37.5,0,0,540,540,6 + charge on balances,sumsy,9,-2.9103830456733704e-11
29,512,4,4,75930.40610000001,0.0,1809.6626,0.0,1809.6626,,1809.6626,0.0,0.0,0.0,0.0,0.0,0.0025,1028.3687,0.0,0.0,1.0,465.5993999999996,0.0,0.0,0.0,1.0,0.0,0.0,1.0,0.0,0,0,31.359226424309526,3.6946681656146465,35.05389458992417,23.759995544281338,3.650830689765522,27.410826234046862,2600.170599999997,2573.699100000003,2600.170599999997,0.0,0,0,0.0,0.0,0.0,1.0,1.0,0.0,0.0,0.0,0.0,0.5,0.25,0.0,-408.8706044934087,0.0,0,2560.0,1242.9886000000022,0.0,763.7002000000003,148.9266,0.0,0.0,0.0,0.0,0,622.9541,2560.0,1242.9886000000022,614.7736,271.0,0.0,0.0,0.015,4.197099814471247,4.787352962962958,3.8558662500000027,NaN,3.490235214187416,4.249931987115836,1080.0,1078.0,540.0,2048.0,1542.0,204.0,126,0,0,0,55,39.0,2048.0,45537.90010000004,10582.5945,12550.974400000001,224,544,0,38,0.35975939035295346,0.39801510591595335,0.418563772208862,0,7317.838899999996,4524.473600000004,55,0,640.0,0,0,0,0.0,0,0.0,54258.50630000006,0.0,0,0,0,1.5,0,0.0,0,0,0.0,0,0.0,0,0,2467.7544000000016,256.0,5607.6143,2,0.0,0.0,NaN,5120.0,NaN,NaN,0,0,0.0,0,0.0,NaN,0,NaN,0,0,0,0.0,0.0,0.0,0.0,0.0,0.0,0.0,0.0,0,0,0,0,126,0.0,0,0,0.0,0,0.0,0.0,0.0,0.0,0.0,0.0,0.0,0.0,0.0,0.0,0.6664843087261687,474,43268.76540000003,38,10989.740899999999,4,30982.5945,4,12630.1672,2,1102.9723,-781.2939000000001,37.5,0,0,540,540,6 + charge on balances,sumsy,9,-2.9103830456733704e-11
30,512,4,4,77221.94810000004,0.0,1634.5054999999998,0.0,1634.5054999999998,,1634.5054999999998,0.0,0.0,0.0,0.0,0.0,0.0025,1180.7979,0.0,0.0,1.0,470.9136000000005,0.0,0.0,0.0,1.0,0.0,0.0,1.0,0.0,0,0,30.409393263288038,4.00333604706252,34.41272931035056,22.402062217411373,3.9687535770600384,26.37081579447141,2607.7581000000087,2600.1706000000104,2607.7581000000087,0.0,0,0,0.0,0.0,0.0,1.0,1.0,0.0,0.0,0.0,0.0,0.5,0.25,0.0,-426.96760449340877,0.0,0,2560.0,1268.4579999999992,0.0,796.9982999999999,171.066,0.0,0.0,0.0,0.0,0,622.8895,2560.0,1268.4579999999992,625.9323000000003,271.0,0.0,0.0,0.015,4.232357273559011,4.828227374301692,4.01059921875,NaN,3.5388546218643744,4.300260390308251,1074.0,1093.0,537.0,2048.0,1536.0,204.0,128,0,0,1,61,48.0,2048.0,45191.51379999999,11459.8911,12972.1116,224,544,0,38,0.34985705703653025,0.391961861376352,0.42253134281871696,0,7379.891799999992,4625.9664999999995,61,0,640.0,0,0,0,0.0,0,0.0,53876.944699999985,0.0,0,0,0,1.5,0,0.0,0,0,0.0,0,0.0,0,0,2566.7835000000005,256.0,5794.744199999999,2,0.0,0.0,NaN,5120.0,NaN,NaN,0,0,0.0,0,0.0,NaN,0,NaN,0,0,0,0.0,0.0,0.0,0.0,0.0,0.0,0.0,0.0,0,0,0,0,128,0.0,0,0,0.0,0,0.0,0.0,0.0,0.0,0.0,0.0,0.0,0.0,0.0,0.0,0.6685821722206751,474,42883.59080000001,38,10993.353900000004,4,31859.8911,4,13039.1444,2,1049.865,-453.70759999999973,37.5,0,0,537,537,6 + charge on balances,sumsy,9,-2.9103830456733704e-11
31,512,4,4,78487.48999999999,0.0,1459.3484000000003,0.0,1459.3484000000003,,1459.3484000000003,0.0,0.0,0.0,0.0,0.0,0.0025,1356.3718,0.0,0.0,1.0,474.8711999999995,0.0,0.0,0.0,1.0,0.0,0.0,1.0,0.0,0,0,29.91276692485055,4.038471891098166,33.95123881594872,22.008553797437177,3.9716422166303302,25.980196014067506,2637.071899999996,2607.758099999999,2637.071899999996,0.0,0,0,0.0,0.0,0.0,1.0,1.0,0.0,0.0,0.0,0.0,0.5,0.25,0.0,-443.3125044934086,0.0,0,2560.0,1294.4580999999987,0.0,829.4489000000001,192.31580000000002,0.0,0.0,0.0,0.0,0,622.856,2560.0,1294.4580999999987,637.1330999999999,271.0,0.0,0.0,0.015,4.2809128060263655,4.837771033210324,4.150171718750004,NaN,3.5826695899697816,4.388607987526376,1084.0,1062.0,542.0,2046.6666666666667,1546.0,204.0,125,0,0,2,56,32.0,2048.0,44946.76890000003,12297.3712,13284.3402,224,544,0,38,0.34459761422969426,0.3876842163721994,0.4231454828328791,0,7488.136200000003,4546.3294000000005,56,0,640.0,0,0,0,0.0,0,0.0,53597.02450000006,0.0,0,0,0,1.5,0,0.0,0,0,0.0,0,0.0,0,0,2656.1099000000027,256.0,5979.7819,2,0.0,0.0,NaN,5120.0,NaN,NaN,0,0,0.0,0,0.0,NaN,0,NaN,0,0,0,0.0,0.0,0.0,0.0,0.0,0.0,0.0,0.0,0,0,0,0,125,0.0,0,0,0.0,0,0.0,0.0,0.0,0.0,0.0,0.0,0.0,0.0,0.0,0.0,0.6708711056704935,474,42665.75480000004,38,10931.269699999999,4,32697.371199999998,4,13339.213,2,996.7888,-102.97660000000042,37.5,0,0,542,542,6 + charge on balances,sumsy,9,-2.9103830456733704e-11
32,512,4,4,79727.40319999993,0.0,1284.1913000000004,0.0,1284.1913000000004,,1284.1913000000004,0.0,0.0,0.0,0.0,0.0,0.0025,1556.4857,0.0,0.0,1.0,480.31800000000027,0.0,0.0,0.0,1.0,0.0,0.0,1.0,0.0,0,0,30.379642125980478,3.8315923468488924,34.21123447282937,22.483329810948533,3.7664880349926464,26.24981784594118,2661.0011999999883,2637.071900000006,2661.0011999999883,0.0,0,0,0.0,0.0,0.0,1.0,1.0,0.0,0.0,0.0,0.0,0.5,0.25,0.0,-457.9061044934086,0.0,0,2560.0,1320.0867999999994,0.0,865.2854999999989,217.3874,0.0,0.0,0.0,0.0,0,622.8329,2560.0,1320.0867999999994,647.8981000000001,271.0,0.0,0.0,0.015,4.30364924528302,4.909093135435971,4.274571875000004,NaN,3.6517520888546717,4.475994182572052,1078.0,1060.0,539.0,2045.3333333333335,1540.0,204.0,126,0,0,1,46,23.0,2048.0,44699.78849999999,13131.9765,13562.3045,224,544,0,38,0.356456224379178,0.3977364190756483,0.42675907518814893,0,7578.027399999999,4561.868200000001,46,0,640.0,0,0,0,0.0,0,0.0,53314.86879999999,0.0,0,0,0,1.5,0,0.0,0,0,0.0,0,0.0,0,0,2735.7260000000024,256.0,6154.0151000000005,2,0.0,0.0,NaN,5120.0,NaN,NaN,0,0,0.0,0,0.0,NaN,0,NaN,0,0,0,0.0,0.0,0.0,0.0,0.0,0.0,0.0,0.0,0,0,0,0,126,0.0,0,0,0.0,0,0.0,0.0,0.0,0.0,0.0,0.0,0.0,0.0,0.0,0.0,0.6799005616342861,474,42371.9064,38,10942.962399999999,4,33531.9765,4,13605.0173,2,943.723,272.29439999999954,37.5,0,0,539,539,6 + charge on balances,sumsy,9,-2.9103830456733704e-11
33,512,4,4,80941.92989999996,0.0,1109.0342000000003,0.0,1109.0342000000003,,1109.0342000000003,0.0,0.0,0.0,0.0,0.0,0.0025,1780.554,0.0,0.0,1.0,482.8680000000003,0.0,0.0,0.0,1.0,0.0,0.0,1.0,0.0,0,0,31.0270349370479,3.538304518036074,34.56533945508398,22.949582392066272,3.499556508234851,26.449138900301122,2664.8217999999843,2661.0012000000147,2664.8217999999843,0.0,0,0,0.0,0.0,0.0,1.0,1.0,0.0,0.0,0.0,0.0,0.5,0.25,0.0,-470.74830449340845,0.0,0,2560.0,1345.4732999999994,0.0,898.1681000000007,239.88939999999997,0.0,0.0,0.0,0.0,0,622.818,2560.0,1345.4732999999994,658.2787,271.0,0.0,0.0,0.015,4.320863909090917,4.952937943925204,4.434862812500011,NaN,3.7111962871980633,4.557992940171605,1070.0,1100.0,535.0,2046.6666666666667,1532.0000000000002,204.0,128,0,0,0,59,40.0,2048.0,44235.376500000006,13962.1658,13995.301800000001,224,544,0,38,0.36088095348354177,0.4028128160314317,0.4329628263069112,0,7649.1182999999955,4752.950300000009,59,0,640.0,0,0,0,0.0,0,0.0,52815.28149999995,0.0,0,0,0,1.5,0,0.0,0,0,0.0,0,0.0,0,0,2838.312200000007,256.0,6345.7137999999995,2,0.0,0.0,NaN,5120.0,NaN,NaN,0,0,0.0,0,0.0,NaN,0,NaN,0,0,0,0.0,0.0,0.0,0.0,0.0,0.0,0.0,0.0,0,0,0,0,128,0.0,0,0,0.0,0,0.0,0.0,0.0,0.0,0.0,0.0,0.0,0.0,0.0,0.0,0.6874280189283013,474,41894.403999999995,38,10920.877499999999,4,34362.1658,4,14025.8546,2,890.6654,671.5197999999998,37.5,0,0,535,535,6 + charge on balances,sumsy,9,-2.9103830456733704e-11
34,512,4,4,82132.13310000005,0.0,933.8770999999999,0.0,933.8770999999999,,933.8770999999999,0.0,0.0,0.0,0.0,0.0,0.0025,2021.224,0.0,0.0,1.0,484.8008999999999,0.0,0.0,0.0,1.0,0.0,0.0,1.0,0.0,0,0,30.277859598646515,3.8564473828177848,34.1343069814643,21.855167371248402,3.7860164330303308,25.641183804278732,2690.8920999999923,2664.8218000000115,2690.8920999999923,0.0,0,0,0.0,0.0,0.0,1.0,1.0,0.0,0.0,0.0,0.0,0.5,0.25,0.0,-481.8389044934083,0.0,0,2560.0,1369.7967999999996,0.0,923.392300000001,255.42300000000006,0.0,0.0,0.0,0.0,0,622.8580999999999,2560.0,1369.7967999999996,667.9693,271.0,0.0,0.0,0.015,4.368689697542529,4.946196118299431,4.584411249999993,NaN,3.7490963928756447,4.644627455614113,1082.0,1058.0,541.0,2048.0,1544.0,204.0,126,0,0,0,46,28.0,2048.0,43919.76380000001,14748.168099999999,14274.5961,224,544,0,38,0.34913819396496826,0.39485070183480975,0.43151872771062605,0,7758.871800000004,4622.073699999996,46,0,640.0,0,0,0,0.0,0,0.0,52464.49350000002,0.0,0,0,0,1.5,0,0.0,0,0,0.0,0,0.0,0,0,2934.023199999996,256.0,6545.523,2,0.0,0.0,NaN,5120.0,NaN,NaN,0,0,0.0,0,0.0,NaN,0,NaN,0,0,0,0.0,0.0,0.0,0.0,0.0,0.0,0.0,0.0,0,0,0,0,126,0.0,0,0,0.0,0,0.0,0.0,0.0,0.0,0.0,0.0,0.0,0.0,0.0,0.0,0.6877848622810192,474,41536.244,38,10928.2495,4,35148.168099999995,4,14292.9889,2,837.6628000000001,1087.3469,37.5,0,0,541,541,6 + charge on balances,sumsy,9,-2.9103830456733704e-11
35,512,4,4,83298.37190000011,0.0,758.7200000000001,0.0,758.7200000000001,,758.7200000000001,0.0,0.0,0.0,0.0,0.0,0.0025,2281.8211,0.0,0.0,1.0,490.1661000000004,0.0,0.0,0.0,1.0,0.0,0.0,1.0,0.0,0,0,29.91583563710047,3.6855567770413575,33.60139241414183,21.528897688091327,3.586425334941559,25.115323023032886,2676.3604000000028,2690.8921000000078,2676.3604000000028,0.0,0,0,0.0,0.0,0.0,1.0,1.0,0.0,0.0,0.0,0.0,0.5,0.25,0.0,-491.17760449340824,0.0,0,2560.0,1393.7612000000008,0.0,955.7336000000006,278.42889999999994,0.0,0.0,0.0,0.0,0,622.8926,2560.0,1393.7612000000008,677.3047000000003,271.0,0.0,0.0,0.015,4.571603122130389,4.974505420560753,4.726345625000001,NaN,4.21250162145188,11.343562975418592,1070.0,1089.0,535.0,2048.0,1532.0,204.0,129,0,0,2,58,37.0,2048.0,43825.313299999936,15010.6649,14817.646499999999,224,544,0,38,0.34751155390360533,0.39362260118670234,0.4464028240473057,0,8425.771799999991,4978.475799999994,58,0,640.0,0,0,0,0.0,0,0.0,52334.86769999997,0.0,0,0,0,1.5,0,0.0,0,0,0.0,0,0.0,0,0,3024.8612000000007,256.0,6740.0335,2,0.0,0.0,NaN,5120.0,NaN,NaN,0,0,0.0,0,0.0,NaN,0,NaN,0,0,0,0.0,0.0,0.0,0.0,0.0,0.0,0.0,0.0,0,0,0,0,129,0.0,0,0,0.0,0,0.0,0.0,0.0,0.0,0.0,0.0,0.0,0.0,0.0,0.0,0.6898925423178308,474,41420.44759999996,38,10914.420100000001,4,35410.6649,4,14823.8793,2,784.6546000000001,1523.1010999999999,37.5,0,0,535,535,6 + charge on balances,sumsy,9,-2.9103830456733704e-11
36,512,4,4,84441.16639999994,0.0,589.4899999999999,0.0,589.4899999999999,,589.4899999999999,0.0,0.0,0.0,0.0,0.0,0.0025,2507.1664,0.0,0.0,1.0,512.9326000000002,0.0,0.0,0.0,1.0,0.0,0.0,1.0,0.0,0,0,28.643623243908873,3.3973833292983597,32.041006573207234,20.48670902506773,3.3592577323506547,23.845966757418385,2834.471000000001,2676.3604000000037,2834.471000000001,0.0,0,0,0.0,0.0,0.0,1.0,1.0,0.0,0.0,0.0,0.0,0.5,0.25,0.0,-498.76480449340835,0.0,0,2560.0,1417.2055000000016,0.0,943.6281000000006,256.8792,0.0,0.0,0.0,0.0,0,622.8065,2560.0,1417.2055000000016,686.7489000000012,271.0,0.0,0.0,0.015,4.783584114832534,5.221242592592595,4.8889198437499966,NaN,4.334716128601223,11.525700531090283,1080.0,1045.0,540.0,2045.3333333333333,1542.0,204.0,125,0,0,1,41,18.0,2048.0,43837.22580000002,15220.4612,15317.2578,224,544,0,38,0.34636331522153774,0.3943129697679235,0.44818692177879993,0,8656.133299999994,4998.845399999998,41,0,640.0,0,0,0,0.0,0,0.0,52311.604900000035,0.0,0,0,0,1.5,0,0.0,0,0,0.0,0,0.0,0,0,3128.9086999999977,256.0,6936.2487,2,0.0,0.0,NaN,5120.0,NaN,NaN,0,0,0.0,0,0.0,NaN,0,NaN,0,0,0,0.0,0.0,0.0,0.0,0.0,0.0,0.0,0.0,0,0,0,0,125,0.0,0,0,0.0,0,0.0,0.0,0.0,0.0,0.0,0.0,0.0,0.0,0.0,0.0,0.6923166442662647,474,41353.714000000036,38,10957.8909,4,35620.4612,4,15317.2578,2,731.5257,1917.6764000000003,37.5,0,0,540,540,6 + charge on balances,sumsy,9,-2.9103830456733704e-11
37,512,4,4,85561.12130000009,0.0,443.76430000000005,0.0,443.76430000000005,,443.76430000000005,0.0,0.0,0.0,0.0,0.0,0.0025,2745.9338,0.0,0.0,1.0,536.7189000000006,0.0,0.0,0.0,1.0,0.0,0.0,1.0,0.0,0,0,27.658032825292967,3.297709050111108,30.955741875404076,19.602874695824767,3.2726904806661894,22.875565176490955,2889.378200000005,2834.4710000000064,2889.378200000005,0.0,0,0,0.0,0.0,0.0,1.0,1.0,0.0,0.0,0.0,0.0,0.5,0.25,0.0,-504.6595044934084,0.0,0,2560.0,1440.0450999999985,0.0,963.9067999999997,268.17830000000004,0.0,0.0,0.0,0.0,0,610.1382,2560.0,1440.0450999999985,695.7284999999995,271.0,0.0,0.0,0.015,4.852819322344324,5.3928296435272145,5.03534640625001,NaN,4.410826966198232,11.260840927168822,1066.0,1092.0,533.0,2046.6666666666665,1527.9999999999998,204.0,129,0,0,1,48,39.0,2048.0,43521.22189999999,15567.5202,15898.2696,224,544,0,38,0.3438267706510334,0.3943670935289074,0.4362984328502515,0,8718.473900000017,5299.278700000002,48,0,640.0,0,0,0,0.0,0,0.0,51960.4264,0.0,0,0,0,1.5,0,0.0,0,0,0.0,0,0.0,0,0,3222.6217000000065,256.0,7218.0376,2,0.0,0.0,NaN,5120.0,NaN,NaN,0,0,0.0,0,0.0,NaN,0,NaN,0,0,0,0.0,0.0,0.0,0.0,0.0,0.0,0.0,0.0,0,0,0,0,129,0.0,0,0,0.0,0,0.0,0.0,0.0,0.0,0.0,0.0,0.0,0.0,0.0,0.0,0.6961685210229205,474,40957.0419,38,11003.3845,4,35967.5202,4,15898.2696,2,679.6025999999999,2302.1695,37.5,0,0,533,533,6 + charge on balances,sumsy,9,-2.9103830456733704e-11
38,512,4,4,86658.78240000001,0.0,318.7479,0.0,318.7479,,318.7479,0.0,0.0,0.0,0.0,0.0,0.0025,3010.9657,0.0,0.0,1.0,544.4861999999998,0.0,0.0,0.0,1.0,0.0,0.0,1.0,0.0,0,0,26.83744639568754,3.5585857173576554,30.396032113045194,18.69978145827102,3.487375040416016,22.187156498687035,2908.725900000006,2889.3782000000074,2908.725900000006,0.0,0,0,0.0,0.0,0.0,1.0,1.0,0.0,0.0,0.0,0.0,0.5,0.25,0.0,-509.0973044934086,0.0,0,2560.0,1462.3389000000006,0.0,984.1179000000005,279.9584,0.0,0.0,0.0,0.0,0,592.8833,2560.0,1462.3389000000006,704.1595000000009,271.0,0.0,0.0,0.015,4.965241674333029,5.4088334579439366,5.202339375000006,NaN,4.5042554795258996,11.206295784067848,1070.0,1087.0,535.0,2046.6666666666667,1532.0,204.0,128,0,0,0,64,38.0,2048.0,43165.16260000006,15937.288999999999,16472.3448,224,544,0,38,0.32856947850891194,0.3845760407018137,0.4392119464235005,0,8886.895300000018,5397.217700000003,64,0,640.0,0,0,0,0.0,0,0.0,51577.20659999999,0.0,0,0,0,1.5,0,0.0,0,0,0.0,0,0.0,0,0,3329.4972000000043,256.0,7480.137000000001,2,0.0,0.0,NaN,5120.0,NaN,NaN,0,0,0.0,0,0.0,NaN,0,NaN,0,0,0,0.0,0.0,0.0,0.0,0.0,0.0,0.0,0.0,0,0,0,0,128,0.0,0,0,0.0,0,0.0,0.0,0.0,0.0,0.0,0.0,0.0,0.0,0.0,0.0,0.695668814863645,474,40591.63620000006,38,10985.5704,4,36337.289,4,16472.3448,2,634.6161999999999,2692.2178000000004,37.5,0,0,535,535,6 + charge on balances,sumsy,9,-2.9103830456733704e-11
39,512,4,4,87734.05659999998,0.0,212.87210000000005,0.0,212.87210000000005,,212.87210000000005,0.0,0.0,0.0,0.0,0.0,0.0025,3290.2898,0.0,0.0,1.0,557.0984999999997,0.0,0.0,0.0,1.0,0.0,0.0,1.0,0.0,0,0,26.215338884736116,3.297667021956115,29.513005906692232,18.344585612265785,3.2551931302329637,21.59977874249875,3005.663800000012,2908.7258999999813,3005.663800000012,0.0,0,0,0.0,0.0,0.0,1.0,1.0,0.0,0.0,0.0,0.0,0.5,0.25,0.0,-512.2847044934085,0.0,0,2560.0,1484.7257999999986,0.0,998.8395,286.3403,0.0,0.0,0.0,0.0,0,583.9922,2560.0,1484.7257999999986,712.4991999999987,271.0,0.0,0.0,0.015,5.090154291044776,5.497543750000022,5.361960312500001,NaN,4.611256913458189,11.161583894463792,1088.0,1072.0,544.0,2048.0,1550.0,204.0,124,0,0,1,52,35.0,2048.0,42884.00690000004,16254.8838,17004.9964,224,544,0,38,0.3306776171019725,0.38485727523074553,0.43253751959869335,0,9139.351600000018,5456.645399999999,52,0,640.0,0,0,0,0.0,0,0.0,51288.02979999997,0.0,0,0,0,1.5,0,0.0,0,0,0.0,0,0.0,0,0,3431.6546000000008,256.0,7715.887500000001,2,0.0,0.0,NaN,5120.0,NaN,NaN,0,0,0.0,0,0.0,NaN,0,NaN,0,0,0,0.0,0.0,0.0,0.0,0.0,0.0,0.0,0.0,0,0,0,0,124,0.0,0,0,0.0,0,0.0,0.0,0.0,0.0,0.0,0.0,0.0,0.0,0.0,0.0,0.6991519895105454,474,40376.18650000001,38,10911.843300000002,4,36654.8838,4,17004.9964,2,597.9948,3077.4177,37.5,0,0,544,544,6 + charge on balances,sumsy,9,-2.9103830456733704e-11
40,512,4,4,88787.60770000011,0.0,124.72420000000001,0.0,124.72420000000001,,124.72420000000001,0.0,0.0,0.0,0.0,0.0,0.0025,3591.0535,0.0,0.0,1.0,571.1133000000003,0.0,0.0,0.0,1.0,0.0,0.0,1.0,0.0,0,0,25.185816929595177,3.3826953353385343,28.56851226493371,17.544189096365283,3.299549429341015,20.843738525706296,3045.0467000000012,3005.663800000009,3045.0467000000012,0.0,0,0,0.0,0.0,0.0,1.0,1.0,0.0,0.0,0.0,0.0,0.5,0.25,0.0,-514.4132044934088,0.0,0,2560.0,1506.4489000000017,0.0,1023.7840000000007,303.5047,0.0,0.0,0.0,0.0,0,566.7859,2560.0,1506.4489000000017,720.2792999999998,271.0,0.0,0.0,0.015,5.208045786516852,5.632057063197029,5.531135312500007,NaN,4.747326080269952,11.095930837766934,1076.0,1068.0,538.0,2046.6666666666667,1538.0,204.0,127,0,0,2,49,32.0,2048.0,42549.37869999998,16627.0104,17504.7853,224,544,0,38,0.32179060851638663,0.3767735049119627,0.4366573517375998,0,9300.14729999999,5562.192899999998,49,0,640.0,0,0,0,0.0,0,0.0,50949.37949999999,0.0,0,0,0,1.5,0,0.0,0,0,0.0,0,0.0,0,0,3539.926600000005,256.0,7948.5939,2,0.0,0.0,NaN,5120.0,NaN,NaN,0,0,0.0,0,0.0,NaN,0,NaN,0,0,0,0.0,0.0,0.0,0.0,0.0,0.0,0.0,0.0,0,0,0,0,127,0.0,0,0,0.0,0,0.0,0.0,0.0,0.0,0.0,0.0,0.0,0.0,0.0,0.0,0.6991532575342079,474,40143.5641,38,10805.8154,4,37027.0104,4,17504.7853,2,566.7871,3466.3293,37.5,0,0,538,538,6 + charge on balances,sumsy,9,-2.9103830456733704e-11
41,512,4,4,89820.07480000015,0.0,58.52060000000001,0.0,58.52060000000001,,58.52060000000001,0.0,0.0,0.0,0.0,0.0,0.0025,3911.3974,0.0,0.0,1.0,584.3426999999999,0.0,0.0,0.0,1.0,0.0,0.0,1.0,0.0,0,0,24.766634917339474,3.2868163794556233,28.0534512967951,16.734819065378932,3.205063348306387,19.939882413685318,3090.4054000000046,3045.04669999999,3090.4054000000046,0.0,0,0,0.0,0.0,0.0,1.0,1.0,0.0,0.0,0.0,0.0,0.5,0.25,0.0,-515.6605044934087,0.0,0,2560.0,1527.5329000000002,0.0,1042.1115000000004,314.5798,0.0,0.0,0.0,0.0,0,544.4227000000001,2560.0,1527.5329000000002,727.5317000000002,271.0,0.0,0.0,0.015,5.31091284658041,5.737696641791054,5.713865625000002,NaN,4.88253579133883,11.028844261587947,1072.0,1082.0,536.0,2045.3333333333335,1534.0,204.0,127,0,0,1,50,41.0,2048.0,42111.85269999993,16978.9366,18084.9244,224,544,0,38,0.3151718004963311,0.3747167321292706,0.4367423836727824,0,9497.77290000001,5746.407700000004,50,0,640.0,0,0,0,0.0,0,0.0,50511.852699999974,0.0,0,0,0,1.5,0,0.0,0,0,0.0,0,0.0,0,0,3656.874000000001,256.0,8188.541,2,0.0,0.0,NaN,5120.0,NaN,NaN,0,0,0.0,0,0.0,NaN,0,NaN,0,0,0,0.0,0.0,0.0,0.0,0.0,0.0,0.0,0.0,0,0,0,0,127,0.0,0,0,0.0,0,0.0,0.0,0.0,0.0,0.0,0.0,0.0,0.0,0.0,0.0,0.7022955332040124,474,39644.703399999926,38,10867.149299999997,4,37378.9366,4,18084.9244,2,544.4227000000001,3852.8768,37.5,0,0,536,536,6 + charge on balances,sumsy,9,-2.9103830456733704e-11
42,512,4,4,90831.44699999999,0.0,16.5763,0.0,16.5763,,16.5763,0.0,0.0,0.0,0.0,0.0,0.0025,4254.4671,0.0,0.0,1.0,595.8840000000004,0.0,0.0,0.0,1.0,0.0,0.0,1.0,0.0,0,0,24.64771268198342,3.2298166069225873,27.877529288906008,16.299694674687707,3.161638637266184,19.46133331195389,3159.726599999996,3090.405399999998,3159.726599999996,0.0,0,0,0.0,0.0,0.0,1.0,1.0,0.0,0.0,0.0,0.0,0.5,0.25,0.0,-516.2458044934089,0.0,0,2560.0,1548.6278000000011,0.0,1059.8417000000004,325.29169999999993,0.0,0.0,0.0,0.0,0,530.3478,2560.0,1548.6278000000011,734.5500000000004,271.0,0.0,0.0,0.015,5.449627952029518,5.867027238805963,5.878724843749998,NaN,4.996270179087109,10.961970025460356,1072.0,1084.0,536.0,2046.6666666666665,1534.0,204.0,128,0,0,2,59,44.0,2048.0,41597.80989999998,17313.2752,18725.9089,224,544,0,38,0.30853024475518254,0.3733385251264205,0.43776018883243717,0,9682.585000000006,5907.3966999999975,59,0,640.0,0,0,0,0.0,0,0.0,49997.80989999999,0.0,0,0,0,1.5,0,0.0,0,0,0.0,0,0.0,0,0,3762.383899999999,256.0,8409.6381,2,0.0,0.0,NaN,5120.0,NaN,NaN,0,0,0.0,0,0.0,NaN,0,NaN,0,0,0,0.0,0.0,0.0,0.0,0.0,0.0,0.0,0.0,0,0,0,0,128,0.0,0,0,0.0,0,0.0,0.0,0.0,0.0,0.0,0.0,0.0,0.0,0.0,0.0,0.7060710837472892,474,38878.62589999998,38,11119.183999999997,4,37713.275200000004,4,18725.9089,2,530.3478,4237.8908,37.5,0,0,536,536,6 + charge on balances,sumsy,9,-2.9103830456733704e-11
43,512,4,4,91822.7008,0.0,0.00030000000000000003,0.0,0.00030000000000000003,,0.00030000000000000003,0.0,0.0,0.0,0.0,0.0,0.0025,4611.3369,0.0,0.0,1.0,611.4491999999996,0.0,0.0,0.0,1.0,0.0,0.0,1.0,0.0,0,0,24.053531039531265,3.1434957585611687,27.197026798092434,15.734881671776863,3.125053413055509,18.859935084832372,3252.2971000000075,3159.7265999999886,3252.2971000000075,0.0,0,0,0.0,0.0,0.0,1.0,1.0,0.0,0.0,0.0,0.0,0.5,0.25,0.0,-516.4115044934089,0.0,0,2560.0,1568.746200000001,0.0,1071.5892000000003,330.64660000000003,0.0,0.0,0.0,0.0,0,524.1741999999999,2560.0,1568.746200000001,740.9426000000004,271.0,0.0,0.0,0.015,5.600961545711585,5.994994629629644,6.088771718749997,NaN,5.113556197287693,10.886710166368257,1080.0,1061.0,540.0,2045.3333333333335,1542.0,204.0,125,0,0,2,55,28.0,2048.0,41149.25299999997,17640.579299999998,19252.2006,224,544,0,38,0.30912230989686784,0.3769034967054654,0.4316075166884128,0,9912.952699999987,5942.620199999992,55,0,640.0,0,0,0,0.0,0,0.0,49549.25299999998,0.0,0,0,0,1.5,0,0.0,0,0,0.0,0,0.0,0,0,3896.813899999998,256.0,8645.1568,2,0.0,0.0,NaN,5120.0,NaN,NaN,0,0,0.0,0,0.0,NaN,0,NaN,0,0,0,0.0,0.0,0.0,0.0,0.0,0.0,0.0,0.0,0,0,0,0,125,0.0,0,0,0.0,0,0.0,0.0,0.0,0.0,0.0,0.0,0.0,0.0,0.0,0.0,0.7115037801635391,474,38392.62150000001,38,11156.631500000003,4,38040.5793,4,19252.2006,2,524.1741999999999,4611.3366000000005,37.5,0,0,540,540,6 + charge on balances,sumsy,9,-2.9103830456733704e-11
44,512,4,4,92794.05239999997,0.0,0.0,0.0,0.0,,0.0,0.0,0.0,0.0,0.0,0.0,0.0025,4978.3011,0.0,0.0,1.0,628.4270999999994,0.0,0.0,0.0,1.0,0.0,0.0,1.0,0.0,0,0,23.182550787125553,3.0855503789059147,26.26810116603147,14.801623934387434,3.070069318587656,17.871693252975092,3348.749500000008,3252.2971000000125,3348.749500000008,0.0,0,0,0.0,0.0,0.0,1.0,1.0,0.0,0.0,0.0,0.0,0.5,0.25,0.0,-516.4115044934089,0.0,0,2560.0,1588.6483999999998,0.0,1089.8129000000001,342.69839999999994,0.0,0.0,0.0,0.0,0,523.6507,2560.0,1588.6483999999998,747.1145000000007,271.0,0.0,0.0,0.015,5.735562825278811,6.185064007421166,6.287625468750006,NaN,5.257273756771987,10.837124554125579,1078.0,1076.0,539.0,2045.3333333333335,1540.0,204.0,127,0,0,3,52,31.0,2048.0,40573.66189999998,17997.2828,19838.3809,224,544,0,38,0.2998445490295476,0.3713707636981589,0.4500303635085847,0,10136.037400000037,6171.465600000001,52,0,640.0,0,0,0,0.0,0,0.0,48973.66189999998,0.0,0,0,0,1.5,0,0.0,0,0,0.0,0,0.0,0,0,4024.0803000000037,256.0,8882.775,2,0.0,0.0,NaN,5120.0,NaN,NaN,0,0,0.0,0,0.0,NaN,0,NaN,0,0,0,0.0,0.0,0.0,0.0,0.0,0.0,0.0,0.0,0,0,0,0,127,0.0,0,0,0.0,0,0.0,0.0,0.0,0.0,0.0,0.0,0.0,0.0,0.0,0.0,0.7137507591242636,474,37822.93959999997,38,11150.722300000003,4,38397.2828,4,19838.3809,2,523.6507,4978.3011,37.5,0,0,539,539,6 + charge on balances,sumsy,9,-2.9103830456733704e-11
45,512,4,4,93745.57050000015,0.0,0.0,0.0,0.0,,0.0,0.0,0.0,0.0,0.0,0.0,0.0025,5337.9102,0.0,0.0,1.0,643.5283,0.0,0.0,0.0,1.0,0.0,0.0,1.0,0.0,0,0,22.41412661473196,3.045083828716344,25.459210443448303,14.272133891978779,3.024310613940237,17.296444505919016,3357.304799999999,3348.7495000000176,3357.304799999999,0.0,0,0,0.0,0.0,0.0,1.0,1.0,0.0,0.0,0.0,0.0,0.5,0.25,0.0,-516.4115044934089,0.0,0,2560.0,1608.4819000000011,0.0,1104.9520999999995,351.61870000000005,0.0,0.0,0.0,0.0,0,523.9792,2560.0,1608.4819000000011,753.3334000000003,271.0,0.0,0.0,0.015,5.83307330827068,6.235643283582088,6.502106406249998,NaN,5.405262939371754,10.793401249322532,1072.0,1064.0,536.0,2044.0000000000002,1534.0000000000002,204.0,127,0,0,1,42,30.0,2048.0,40037.57689999997,18389.0423,20308.3632,224,544,0,38,0.29260681916124676,0.3667799746429601,0.4333069011957891,0,10342.325799999991,6206.390000000003,42,0,640.0,0,0,0,0.0,0,0.0,48437.5769,0.0,0,0,0,1.5,0,0.0,0,0,0.0,0,0.0,0,0,4161.348099999998,256.0,9148.6987,2,0.0,0.0,NaN,5120.0,NaN,NaN,0,0,0.0,0,0.0,NaN,0,NaN,0,0,0,0.0,0.0,0.0,0.0,0.0,0.0,0.0,0.0,0,0,0,0,127,0.0,0,0,0.0,0,0.0,0.0,0.0,0.0,0.0,0.0,0.0,0.0,0.0,0.0,0.7161581267648502,474,37347.384799999985,38,11090.192099999998,4,38789.0423,4,20308.3632,2,523.9792,5337.9102,37.5,0,0,536,536,6 + charge on balances,sumsy,9,-2.9103830456733704e-11
46,512,4,4,94677.98060000007,0.0,0.0,0.0,0.0,,0.0,0.0,0.0,0.0,0.0,0.0,0.0025,5701.2095,0.0,0.0,1.0,654.4728000000006,0.0,0.0,0.0,1.0,0.0,0.0,1.0,0.0,0,0,21.87276070845262,3.04957543283426,24.922336141286884,13.582294516255839,3.03222709649438,16.614521612750217,3375.275,3357.3048000000317,3375.275,0.0,0,0,0.0,0.0,0.0,1.0,1.0,0.0,0.0,0.0,0.0,0.5,0.25,0.0,-516.4115044934089,0.0,0,2560.0,1627.5898999999986,0.0,1127.074699999999,367.9299,0.0,0.0,0.0,0.0,0,524.37,2560.0,1627.5898999999986,759.1447999999995,271.0,0.0,0.0,0.015,5.9275109141791,6.316306390977444,6.745194374999999,NaN,5.544404538131023,10.766692443369188,1064.0,1072.0,532.0,2046.6666666666665,1526.0,204.0,130,0,0,2,51,29.0,2048.0,39387.3845,18738.4496,20872.3269,224,544,0,38,0.2824395842513918,0.36132281709742475,0.44970624034613405,0,10524.937600000008,6354.291699999995,51,0,640.0,0,0,0,0.0,0,0.0,47787.3845,0.0,0,0,0,1.5,0,0.0,0,0,0.0,0,0.0,0,0,4316.924399999999,256.0,9454.240099999999,2,0.0,0.0,NaN,5120.0,NaN,NaN,0,0,0.0,0,0.0,NaN,0,NaN,0,0,0,0.0,0.0,0.0,0.0,0.0,0.0,0.0,0.0,0,0,0,0,130,0.0,0,0,0.0,0,0.0,0.0,0.0,0.0,0.0,0.0,0.0,0.0,0.0,0.0,0.7187918164075071,474,36710.446100000016,38,11076.9384,4,39138.4496,4,20872.3269,2,524.37,5701.2095,37.5,0,0,532,532,6 + charge on balances,sumsy,9,-2.9103830456733704e-11
47,512,4,4,95591.49259999998,0.0,0.0,0.0,0.0,,0.0,0.0,0.0,0.0,0.0,0.0,0.0025,6061.9604,0.0,0.0,1.0,665.0654999999997,0.0,0.0,0.0,1.0,0.0,0.0,1.0,0.0,0,0,21.421728487757633,3.0101634107339774,24.43189189849161,12.898278447977857,3.0009519590500093,15.899230407027865,3527.159400000015,3375.274999999982,3527.159400000015,0.0,0,0,0.0,0.0,0.0,1.0,1.0,0.0,0.0,0.0,0.0,0.5,0.25,0.0,-516.4115044934089,0.0,0,2560.0,1646.4879999999998,0.0,1142.5883999999999,377.7306,0.0,0.0,0.0,0.0,0,524.8009,2560.0,1646.4879999999998,764.8578000000002,271.0,0.0,0.0,0.015,6.104338680109988,6.540334078212318,7.0227651491365695,NaN,5.670722759052283,10.774535556478192,1074.0,1091.0,537.0,2045.3333333333335,1535.9999999999998,204.0,127,0,0,2,59,39.0,2048.0,38550.37939999999,19026.465799999998,21647.2555,224,544,0,38,0.2764637009743842,0.3616927727039305,0.4354134919076662,0,10791.629399999978,6659.833499999997,59,0,637.0,0,0,0,0.0,0,0.0,46950.379399999954,0.0,0,0,0,1.5,0,0.0,0,0,0.0,0,0.0,0,0,4473.501399999995,256.0,9780.6306,2,0.0,0.0,NaN,5120.0,NaN,NaN,0,0,0.0,0,0.0,NaN,0,NaN,0,0,0,0.0,0.0,0.0,0.0,0.0,0.0,0.0,0.0,0,0,0,0,127,0.0,0,0,0.0,0,0.0,0.0,0.0,0.0,0.0,0.0,0.0,0.0,0.0,0.0,0.7247251143979876,474,35794.667000000016,38,11155.712399999999,4,39426.4658,4,21647.2555,2,524.8009,6061.9604,37.5,0,0,537,537,6 + charge on balances,sumsy,9,-2.9103830456733704e-11
48,512,4,4,96486.83909999998,0.0,0.0,0.0,0.0,,0.0,0.0,0.0,0.0,0.0,0.0,0.0025,6401.3402,0.0,0.0,1.0,684.9044999999998,0.0,0.0,0.0,1.0,0.0,0.0,1.0,0.0,0,0,20.55856991328512,3.0369741259370864,23.595544039222204,12.297425636783244,3.0093502506849616,15.306775887468206,3621.942699999971,3527.1594000000164,3621.942699999971,0.0,0,0,0.0,0.0,0.0,1.0,1.0,0.0,0.0,0.0,0.0,0.5,0.25,0.0,-516.4115044934089,0.0,0,2560.0,1664.6534999999985,0.0,1148.0479000000007,377.60290000000003,0.0,0.0,0.0,0.0,0,525.194,2560.0,1664.6534999999985,770.4449999999993,271.0,0.0,0.0,0.015,6.2928980038022795,6.6671768946395025,7.220700482315104,NaN,5.838984434310174,10.807356025476425,1082.0,1052.0,541.0,2045.3333333333335,1544.0,204.0,125,0,0,1,40,28.0,2048.0,38056.18369999996,19378.720500000003,22147.7565,224,544,0,38,0.2634411990048442,0.3510113601250848,0.4318257205154079,0,11107.268900000003,6620.128699999998,40,0,622.0,0,0,0,0.0,0,0.0,46456.18369999997,0.0,0,0,0,1.5,0,0.0,0,0,0.0,0,0.0,0,0,4491.275699999995,256.0,9977.6442,2,0.0,0.0,NaN,5120.0,NaN,NaN,0,0,0.0,0,0.0,NaN,0,NaN,0,0,0,0.0,0.0,0.0,0.0,0.0,0.0,0.0,0.0,0,0,0,0,125,0.0,0,0,0.0,0,0.0,0.0,0.0,0.0,0.0,0.0,0.0,0.0,0.0,0.0,0.7245480512590436,474,35431.008400000006,38,11025.175299999999,4,39778.720499999996,4,22147.7565,2,525.194,6401.3402,37.5,0,0,541,541,6 + charge on balances,sumsy,9,-2.9103830456733704e-11
49,512,4,4,97364.16700000003,0.0,0.0,0.0,0.0,,0.0,0.0,0.0,0.0,0.0,0.0,0.0025,6729.1157,0.0,0.0,1.0,706.0643999999995,0.0,0.0,0.0,1.0,0.0,0.0,1.0,0.0,0,0,19.929605630731363,3.0684413164851945,22.998046947216558,11.446094915191061,3.0473031082773194,14.493398023468382,3672.5186000000085,3621.9426999999755,3672.5186000000085,0.0,0,0,0.0,0.0,0.0,1.0,1.0,0.0,0.0,0.0,0.0,0.5,0.25,0.0,-516.4115044934089,0.0,0,2560.0,1682.6720999999977,0.0,1164.3847,388.32300000000004,0.0,0.0,0.0,0.0,0,525.5382,2560.0,1682.6720999999977,776.0616999999996,271.0,0.0,0.0,0.015,6.419781630740403,6.8879822975518055,7.2840554782608615,NaN,6.016255001767208,10.749225606573557,1062.0,1067.0,531.0,2046.6666666666667,1524.0,204.0,130,0,0,2,48,25.0,2048.0,37796.705400000006,19780.321,22727.4017,224,544,0,38,0.25216988899456094,0.34651992993334435,0.4338405655844768,0,11266.097099999986,6849.90700000001,48,0,575.0,0,0,0,0.0,0,0.0,46196.70540000005,0.0,0,0,0,1.5,0,0.0,0,0,0.0,0,0.0,0,0,4188.331899999996,256.0,9805.085,2,0.0,0.0,NaN,5120.0,NaN,NaN,0,0,0.0,0,0.0,NaN,0,NaN,0,0,0,0.0,0.0,0.0,0.0,0.0,0.0,0.0,0.0,0,0,0,0,130,0.0,0,0,0.0,0,0.0,0.0,0.0,0.0,0.0,0.0,0.0,0.0,0.0,0.0,0.7255201671906126,474,35123.31609999998,38,11073.3893,4,40180.320999999996,4,22727.4017,2,525.5382,6729.1157,37.5,0,0,531,531,6 + charge on balances,sumsy,9,-2.9103830456733704e-11
50,512,4,4,98223.5560999999,0.0,0.0,0.0,0.0,,0.0,0.0,0.0,0.0,0.0,0.0,0.0025,7036.3131,0.0,0.0,1.0,720.2985000000002,0.0,0.0,0.0,1.0,0.0,0.0,1.0,0.0,0,0,19.49888066020026,2.9755469677093647,22.474427627909623,11.110770993807977,2.904435728463313,14.01520672227129,3794.45730000001,3672.518600000012,3794.45730000001,0.0,0,0,0.0,0.0,0.0,1.0,1.0,0.0,0.0,0.0,0.0,0.5,0.25,0.0,-516.4115044934089,0.0,0,2560.0,1700.6108999999997,0.0,1164.4463999999975,382.6175,0.0,0.0,0.0,0.0,0,525.9701,2560.0,1700.6108999999997,781.8288999999995,271.0,0.0,0.0,0.015,6.5674192934782525,7.064406168224318,7.292440035273367,NaN,6.093444646846588,10.605924860520457,1070.0,1104.0,535.0,2045.3333333333333,1532.0,204.0,128,0,0,1,63,43.0,2048.0,37369.59120000002,20138.8987,23575.8206,224,544,0,38,0.24949328146642658,0.34384026903769094,0.4272872728085335,0,11441.13800000002,7250.430899999991,63,0,567.0,0,0,0,0.0,0,0.0,45769.59120000002,0.0,0,0,0,1.5,0,0.0,0,0,0.0,0,0.0,0,0,4134.813499999999,256.0,9576.9624,2,0.0,0.0,NaN,5120.0,NaN,NaN,0,0,0.0,0,0.0,NaN,0,NaN,0,0,0,0.0,0.0,0.0,0.0,0.0,0.0,0.0,0.0,0,0,0,0,128,0.0,0,0,0.0,0,0.0,0.0,0.0,0.0,0.0,0.0,0.0,0.0,0.0,0.0,0.7280728537262555,474,34809.82700000003,38,10959.764199999998,4,40538.898700000005,4,23575.8206,2,525.9701,7036.3131,37.5,0,0,535,535,6 + charge on balances,sumsy,9,-2.9103830456733704e-11
51,512,4,4,99065.66829999999,0.0,0.0,0.0,0.0,,0.0,0.0,0.0,0.0,0.0,0.0,0.0025,7322.9795,0.0,0.0,1.0,736.8634000000004,0.0,0.0,0.0,1.0,0.0,0.0,1.0,0.0,0,0,18.772689249650647,3.0370818893633778,21.809771139014025,10.274753401613864,3.001050486043611,13.275803887657476,3884.8086999999946,3794.457300000003,3884.8086999999946,0.0,0,0,0.0,0.0,0.0,1.0,1.0,0.0,0.0,0.0,0.0,0.5,0.25,0.0,-516.4115044934089,0.0,0,2560.0,1717.8877999999986,0.0,1166.4154999999987,378.9141,0.0,0.0,0.0,0.0,0,526.4519,2560.0,1717.8877999999986,787.5013999999998,271.0,0.0,0.0,0.015,6.695506343283584,7.139868450184492,7.309609964412821,NaN,6.083948454977373,10.287747114704842,1084.0,1072.0,542.0,2046.6666666666667,1546.0,204.0,125,0,0,2,56,37.0,2048.0,37120.629300000015,20531.2732,24136.429799999998,224,544,0,38,0.2338513891711127,0.3319567719587946,0.42213669955008504,0,11517.009300000023,7177.582800000002,56,0,562.0,0,0,0,0.0,0,0.0,45520.62930000003,0.0,0,0,0,1.5,0,0.0,0,0,0.0,0,0.0,0,0,4108.000800000005,256.0,9427.9046,2,0.0,0.0,NaN,5120.0,NaN,NaN,0,0,0.0,0,0.0,NaN,0,NaN,0,0,0,0.0,0.0,0.0,0.0,0.0,0.0,0.0,0.0,0,0,0,0,125,0.0,0,0,0.0,0,0.0,0.0,0.0,0.0,0.0,0.0,0.0,0.0,0.0,0.0,0.7262773419642312,474,34655.2449,38,10865.384399999999,4,40931.273199999996,4,24136.429799999998,2,526.4519,7322.9795,37.5,0,0,542,542,6 + charge on balances,sumsy,9,-2.9103830456733704e-11
52,512,4,4,99890.54060000011,0.0,0.0,0.0,0.0,,0.0,0.0,0.0,0.0,0.0,0.0,0.0025,7609.4385,0.0,0.0,1.0,751.2351999999997,0.0,0.0,0.0,1.0,0.0,0.0,1.0,0.0,0,0,18.81579071384288,2.9688460337163893,21.78463674755927,10.040959912128674,2.953954863959132,12.994914776087805,3876.6028,3884.8086999999864,3876.6028,0.0,0,0,0.0,0.0,0.0,1.0,1.0,0.0,0.0,0.0,0.0,0.5,0.25,0.0,-516.4115044934089,0.0,0,2560.0,1735.127700000001,0.0,1186.5067000000024,393.34919999999994,0.0,0.0,0.0,0.0,0,526.7732000000001,2560.0,1735.127700000001,793.1575000000001,271.0,0.0,0.0,0.015,6.707071309192194,7.164383673469388,7.207407386363638,NaN,6.066178838776928,9.979114701263699,1078.0,1077.0,539.0,2045.3333333333333,1540.0,204.0,126,0,0,1,55,36.0,2048.0,37065.73620000001,20988.042699999998,24611.7316,224,544,0,38,0.2352223168977372,0.33673479602577583,0.41463317274600575,0,11454.060700000018,7223.515799999993,55,0,528.0,0,0,0,0.0,0,0.0,45465.73619999999,0.0,0,0,0,1.5,0,0.0,0,0,0.0,0,0.0,0,0,3805.5111000000006,256.0,9088.8184,2,0.0,0.0,NaN,5120.0,NaN,NaN,0,0,0.0,0,0.0,NaN,0,NaN,0,0,0,0.0,0.0,0.0,0.0,0.0,0.0,0.0,0.0,0,0,0,0,126,0.0,0,0,0.0,0,0.0,0.0,0.0,0.0,0.0,0.0,0.0,0.0,0.0,0.0,0.7295659811955442,474,34478.6585,38,10987.077700000003,4,41388.0427,4,24611.7316,2,526.7732000000001,7609.4385,37.5,0,0,539,539,6 + charge on balances,sumsy,9,-2.9103830456733704e-11
53,512,4,4,100698.92850000001,0.0,0.0,0.0,0.0,,0.0,0.0,0.0,0.0,0.0,0.0,0.0025,7905.3895,0.0,0.0,1.0,752.5355999999995,0.0,0.0,0.0,1.0,0.0,0.0,1.0,0.0,0,0,18.684171936216515,2.955677565096001,21.639849501312515,10.01761700021641,2.913365476406935,12.930982476623344,3845.0943000000016,3876.6027999999924,3845.0943000000016,0.0,0,0,0.0,0.0,0.0,1.0,1.0,0.0,0.0,0.0,0.0,0.5,0.25,0.0,-516.4115044934089,0.0,0,2560.0,1751.612099999998,0.0,1203.407899999998,405.06149999999997,0.0,0.0,0.0,0.0,0,526.9049,2560.0,1751.612099999998,798.3463999999997,271.0,0.0,0.0,0.015,6.679578824626869,7.092767222222225,7.084519666048245,NaN,6.013064332614364,9.730180826538547,1080.0,1072.0,540.0,2046.6666666666667,1542.0,204.0,126,0,0,1,54,31.0,2048.0,36993.554700000015,21412.8835,25017.8306,224,544,0,38,0.2380697130399807,0.33712621117149943,0.4324036328750014,0,11385.971900000017,7160.508500000004,54,0,539.0,0,0,0,0.0,0,0.0,45393.55469999997,0.0,0,0,0,1.5,0,0.0,0,0,0.0,0,0.0,0,0,3818.5561000000043,256.0,8842.3653,2,0.0,0.0,NaN,5120.0,NaN,NaN,0,0,0.0,0,0.0,NaN,0,NaN,0,0,0,0.0,0.0,0.0,0.0,0.0,0.0,0.0,0.0,0,0,0,0,126,0.0,0,0,0.0,0,0.0,0.0,0.0,0.0,0.0,0.0,0.0,0.0,0.0,0.0,0.7312194926142257,474,34479.93460000001,38,10913.6201,4,41812.883499999996,4,25017.8306,2,526.9049,7905.3895,37.5,0,0,540,540,6 + charge on balances,sumsy,9,-2.9103830456733704e-11
54,512,4,4,101490.98219999993,0.0,0.0,0.0,0.0,,0.0,0.0,0.0,0.0,0.0,0.0,0.0025,8227.1187,0.0,0.0,1.0,749.4501000000008,0.0,0.0,0.0,1.0,0.0,0.0,1.0,0.0,0,0,18.692688205637022,2.974534586228797,21.66722279186582,9.529423627703881,2.945139607355658,12.47456323505954,3841.070500000011,3845.0942999999984,3841.070500000011,0.0,0,0,0.0,0.0,0.0,1.0,1.0,0.0,0.0,0.0,0.0,0.5,0.25,0.0,-516.4115044934089,0.0,0,2560.0,1767.9463000000007,0.0,1232.7425000000007,429.5511,0.0,0.0,0.0,0.0,0,526.9476999999999,2560.0,1767.9463000000007,803.1914000000002,271.0,0.0,0.0,0.015,6.610142343173432,7.09846103896106,6.962381172291309,NaN,5.924549314365691,9.438275401742388,1078.0,1084.0,539.0,2046.6666666666665,1540.0,204.0,126,0,0,1,49,43.0,2048.0,36676.6912,21806.3641,25455.4191,224,544,0,38,0.22667244870462833,0.3315245874634405,0.41565682780309055,0,11244.170000000007,7165.3943,49,0,563.0,0,0,0,0.0,0,0.0,45076.6912,0.0,0,0,0,1.5,0,0.0,0,0,0.0,0,0.0,0,0,3919.820600000007,256.0,8798.4414,2,0.0,0.0,NaN,5120.0,NaN,NaN,0,0,0.0,0,0.0,NaN,0,NaN,0,0,0,0.0,0.0,0.0,0.0,0.0,0.0,0.0,0.0,0,0,0,0,126,0.0,0,0,0.0,0,0.0,0.0,0.0,0.0,0.0,0.0,0.0,0.0,0.0,0.0,0.7319265689504355,474,34112.9924,38,10963.6988,4,42206.364100000006,4,25455.4191,2,526.9476999999999,8227.1187,37.5,0,0,539,539,6 + charge on balances,sumsy,9,-2.9103830456733704e-11
55,512,4,4,102266.94480000004,0.0,0.0,0.0,0.0,,0.0,0.0,0.0,0.0,0.0,0.0,0.0025,8579.5032,0.0,0.0,1.0,741.6572999999996,0.0,0.0,0.0,1.0,0.0,0.0,1.0,0.0,0,0,18.393482312839176,3.039347055425361,21.432829368264535,9.18633283438593,3.036895386231024,12.223228220616953,3800.5500999999954,3841.070500000008,3800.5500999999954,0.0,0,0,0.0,0.0,0.0,1.0,1.0,0.0,0.0,0.0,0.0,0.5,0.25,0.0,-516.4115044934089,0.0,0,2560.0,1784.0373999999988,0.0,1262.8173000000006,455.1857,0.0,0.0,0.0,0.0,0,526.899,2560.0,1784.0373999999988,807.6315999999997,271.0,0.0,0.0,0.015,6.57438378378378,7.075794579439243,6.820266040955633,NaN,5.826019106334249,15.701047323432217,1070.0,1036.0,535.0,2046.6666666666667,1532.0,204.0,129,0,0,0,34,21.0,2048.0,36445.87870000002,22221.3606,25570.2482,224,544,0,38,0.22038773272939194,0.3267001889631349,0.43295556339761876,0,11050.437100000016,6811.061599999996,34,0,586.0,0,0,0,0.0,0,0.0,44845.878699999965,0.0,0,0,0,1.5,0,0.0,0,0,0.0,0,0.0,0,0,3996.675900000001,256.0,8923.055100000001,2,0.0,0.0,NaN,5120.0,NaN,NaN,0,0,0.0,0,0.0,NaN,0,NaN,0,0,0,0.0,0.0,0.0,0.0,0.0,0.0,0.0,0.0,0,0,0,0,129,0.0,0,0,0.0,0,0.0,0.0,0.0,0.0,0.0,0.0,0.0,0.0,0.0,0.0,0.7323629198317809,474,33977.90590000002,38,10867.9728,4,42621.3606,4,25570.2482,2,526.899,8579.5032,37.5,0,0,535,535,6 + charge on balances,sumsy,9,-2.9103830456733704e-11
56,512,4,4,103027.35609999999,0.0,0.0,0.0,0.0,,0.0,0.0,0.0,0.0,0.0,0.0,0.0025,8963.7888,0.0,0.0,1.0,737.6436000000002,0.0,0.0,0.0,1.0,0.0,0.0,1.0,0.0,0,0,18.441861247660814,2.928212704152076,21.370073951812888,9.353422352216688,2.9138608036449103,12.267283155861598,3686.8392999999774,3800.5501000000195,3686.8392999999774,0.0,0,0,0.0,0.0,0.0,1.0,1.0,0.0,0.0,0.0,0.0,0.5,0.25,0.0,-516.4115044934089,0.0,0,2560.0,1799.5886999999984,0.0,1298.6391999999983,487.2005,0.0,0.0,0.0,0.0,0,526.7211,2560.0,1799.5886999999984,811.4387,271.0,0.0,0.0,0.015,6.4573100732600786,6.92799867924524,6.707425971731439,NaN,5.739698002983211,16.085864733150366,1060.0,1092.0,530.0,2048.0,1522.0,204.0,131,0,0,1,51,39.0,2048.0,35999.3931,22623.612500000003,25974.304500000002,224,544,0,38,0.22861362933231222,0.3347688246918219,0.43445249548325804,0,10870.13889999996,7051.382600000005,51,0,566.0,0,0,0,0.0,0,0.0,44399.393100000016,0.0,0,0,0,1.5,0,0.0,0,0,0.0,0,0.0,0,0,3796.4030999999945,256.0,8939.5361,2,0.0,0.0,NaN,5120.0,NaN,NaN,0,0,0.0,0,0.0,NaN,0,NaN,0,0,0,0.0,0.0,0.0,0.0,0.0,0.0,0.0,0.0,0,0,0,0,131,0.0,0,0,0.0,0,0.0,0.0,0.0,0.0,0.0,0.0,0.0,0.0,0.0,0.0,0.7384851870626514,474,33511.30769999996,38,10888.0854,4,43023.6125,4,25974.304500000002,2,526.7211,8963.7888,37.5,0,0,530,530,6 + charge on balances,sumsy,9,-2.9103830456733704e-11
57,512,4,4,103772.55400000002,0.0,0.0,0.0,0.0,,0.0,0.0,0.0,0.0,0.0,0.0,0.0025,9369.238,0.0,0.0,1.0,724.5110999999997,0.0,0.0,0.0,1.0,0.0,0.0,1.0,0.0,0,0,19.179000927212385,3.096902362849252,22.27590329006164,9.458137335406258,3.0894661941483457,12.547603529554603,3690.409499999985,3686.839299999997,3690.409499999985,0.0,0,0,0.0,0.0,0.0,1.0,1.0,0.0,0.0,0.0,0.0,0.5,0.25,0.0,-516.4115044934089,0.0,0,2560.0,1814.8020999999994,0.0,1315.0033999999998,500.1239000000001,0.0,0.0,0.0,0.0,0,526.5005,2560.0,1814.8020999999994,814.8794999999997,271.0,0.0,0.0,0.015,6.406288568773239,6.83161617100369,6.547964860139862,NaN,5.725737228144613,16.34343520130401,1076.0,1076.0,538.0,2046.6666666666667,1538.0,204.0,127,0,0,1,50,42.0,2048.0,35837.64610000001,22900.6336,26309.8587,224,544,0,38,0.2226969908142462,0.33570893989284745,0.4176364587895469,0,10943.9652,6893.166500000006,50,0,572.0,0,0,0,0.0,0,0.0,44237.64610000003,0.0,0,0,0,1.5,0,0.0,0,0,0.0,0,0.0,0,0,3745.435900000001,256.0,8828.6771,2,0.0,0.0,NaN,5120.0,NaN,NaN,0,0,0.0,0,0.0,NaN,0,NaN,0,0,0,0.0,0.0,0.0,0.0,0.0,0.0,0.0,0.0,0,0,0,0,127,0.0,0,0,0.0,0,0.0,0.0,0.0,0.0,0.0,0.0,0.0,0.0,0.0,0.0,0.7404145336967269,474,32985.94129999999,38,11251.704799999998,4,43300.6336,4,26309.8587,2,526.5005,9369.238,37.5,0,0,538,538,6 + charge on balances,sumsy,9,-2.9103830456733704e-11
58,512,4,4,104502.7738000001,0.0,0.0,0.0,0.0,,0.0,0.0,0.0,0.0,0.0,0.0,0.0025,9793.9976,0.0,0.0,1.0,718.7837999999995,0.0,0.0,0.0,1.0,0.0,0.0,1.0,0.0,0,0,19.16794152927096,2.9932096408130278,22.161151170083983,9.42985779481467,2.9893950678914956,12.419252862706164,3635.892900000001,3690.4095000000034,3635.892900000001,0.0,0,0,0.0,0.0,0.0,1.0,1.0,0.0,0.0,0.0,0.0,0.5,0.25,0.0,-516.4115044934089,0.0,0,2560.0,1829.7801999999995,0.0,1337.2653999999977,519.2366999999999,0.0,0.0,0.0,0.0,0,526.2507,2560.0,1829.7801999999995,818.0286999999996,271.0,0.0,0.0,0.015,6.337603444976073,6.755397201492539,6.426444740973318,NaN,5.70401137163165,16.65825050559486,1072.0,1045.0,536.0,2046.6666666666667,1534.0,204.0,128,0,0,1,33,31.0,2048.0,35550.701299999986,23184.7866,26380.7025,224,544,0,38,0.22530868378067215,0.33621383387896486,0.4185388145083633,0,10893.647700000016,6622.795599999997,33,0,637.0,0,0,0,0.0,0,0.0,43950.701299999986,0.0,0,0,0,1.5,0,0.0,0,0,0.0,0,0.0,0,0,4093.6453000000038,256.0,9066.3351,2,0.0,0.0,NaN,5120.0,NaN,NaN,0,0,0.0,0,0.0,NaN,0,NaN,0,0,0,0.0,0.0,0.0,0.0,0.0,0.0,0.0,0.0,0,0,0,0,128,0.0,0,0,0.0,0,0.0,0.0,0.0,0.0,0.0,0.0,0.0,0.0,0.0,0.0,0.7427423386441312,474,32761.631399999966,38,11189.069900000002,4,43584.7866,4,26380.7025,2,526.2507,9793.9976,37.5,0,0,536,536,6 + charge on balances,sumsy,9,-2.9103830456733704e-11
59,512,4,4,105218.11160000006,0.0,0.0,0.0,0.0,,0.0,0.0,0.0,0.0,0.0,0.0,0.0025,10248.5207,0.0,0.0,1.0,711.0776999999993,0.0,0.0,0.0,1.0,0.0,0.0,1.0,0.0,0,0,19.0253754973735,3.0097216896933223,22.03509718706682,9.185477635403258,3.001687942185388,12.187165577588646,3595.0886000000014,3635.89289999999,3595.0886000000014,0.0,0,0,0.0,0.0,0.0,1.0,1.0,0.0,0.0,0.0,0.0,0.5,0.25,0.0,-516.4115044934089,0.0,0,2560.0,1844.6622000000013,0.0,1368.6493999999986,547.8414000000001,0.0,0.0,0.0,0.0,0,526.1358,2560.0,1844.6622000000013,820.8080000000012,271.0,0.0,0.0,0.015,6.266340205223872,6.793337001897536,6.314232500000005,NaN,5.716690263759614,17.215935777045306,1054.0,1072.0,527.0,2046.6666666666665,1516.0,204.0,132,0,0,3,49,33.0,2048.0,35150.23819999999,23451.242599999998,26624.552900000002,224,544,0,38,0.21540766580868387,0.33136811903856933,0.4274799991668847,0,10818.276099999983,6717.516699999991,49,0,640.0,0,0,0,0.0,0,0.0,43550.23819999993,0.0,0,0,0,1.5,0,0.0,0,0,0.0,0,0.0,0,0,4041.108800000003,256.0,9217.4214,2,0.0,0.0,NaN,5120.0,NaN,NaN,0,0,0.0,0,0.0,NaN,0,NaN,0,0,0,0.0,0.0,0.0,0.0,0.0,0.0,0.0,0.0,0,0,0,0,132,0.0,0,0,0.0,0,0.0,0.0,0.0,0.0,0.0,0.0,0.0,0.0,0.0,0.0,0.7437547490761858,474,32389.426999999992,38,11160.811200000004,4,43851.242600000005,4,26624.552900000002,2,526.1358,10248.5207,37.5,0,0,527,527,6 + charge on balances,sumsy,9,-2.9103830456733704e-11
60,512,4,4,105918.90849999998,0.0,0.0,0.0,0.0,,0.0,0.0,0.0,0.0,0.0,0.0,0.0025,10703.1008,0.0,0.0,1.0,703.0809,0.0,0.0,0.0,1.0,0.0,0.0,1.0,0.0,0,0,19.231531746037703,3.0249826800710835,22.256514426108787,9.381503903830732,3.0204441144734613,12.401948018304193,3633.912699999993,3595.088600000004,3633.912699999993,0.0,0,0,0.0,0.0,0.0,1.0,1.0,0.0,0.0,0.0,0.0,0.5,0.25,0.0,-516.4115044934089,0.0,0,2560.0,1859.2030999999997,0.0,1370.0493999999999,546.6411,0.0,0.0,0.0,0.0,0,526.0726,2560.0,1859.2030999999997,823.4082999999998,271.0,0.0,0.0,0.015,6.283802299908002,6.751702798507449,6.2314425632911385,NaN,5.715662953732794,17.217167287797878,1072.0,1087.0,536.0,2044.0000000000002,1534.0000000000002,204.0,127,0,0,0,54,42.0,2048.0,34850.05699999999,23637.427200000002,26988.3096,224,544,0,38,0.22257551018630717,0.3363258685452424,0.4214732975034363,0,10925.664500000003,6830.493099999998,54,0,632.0,0,0,0,0.0,0,0.0,43250.05700000002,0.0,0,0,0,1.5,0,0.0,0,0,0.0,0,0.0,0,0,3938.2717,256.0,9213.941299999999,2,0.0,0.0,NaN,5120.0,NaN,NaN,0,0,0.0,0,0.0,NaN,0,NaN,0,0,0,0.0,0.0,0.0,0.0,0.0,0.0,0.0,0.0,0,0,0,0,127,0.0,0,0,0.0,0,0.0,0.0,0.0,0.0,0.0,0.0,0.0,0.0,0.0,0.0,0.7475574612798839,474,32158.11460000001,38,11091.942399999998,4,44037.427200000006,4,26988.3096,2,526.0726,10703.1008,37.5,0,0,536,536,6 + charge on balances,sumsy,9,-2.9103830456733704e-11
61,512,4,4,106605.89170000007,0.0,0.0,0.0,0.0,,0.0,0.0,0.0,0.0,0.0,0.0,0.0025,11155.7302,0.0,0.0,1.0,705.0444,0.0,0.0,0.0,1.0,0.0,0.0,1.0,0.0,0,0,18.860622265338073,3.060951912339487,21.92157417767756,9.30854272065802,3.038200762849585,12.346743483507606,3626.4554999999978,3633.912700000008,3626.4554999999978,0.0,0,0,0.0,0.0,0.0,1.0,1.0,0.0,0.0,0.0,0.0,0.5,0.25,0.0,-516.4115044934089,0.0,0,2560.0,1873.0167999999999,0.0,1379.3473999999992,553.6759,0.0,0.0,0.0,0.0,0,526.058,2560.0,1873.0167999999999,825.6714999999997,271.0,0.0,0.0,0.015,6.303094687791237,6.712742565055758,6.150422611464974,NaN,5.707944940214332,17.26486483398617,1076.0,1073.0,538.0,2048.0,1538.0,204.0,127,0,0,3,51,43.0,2048.0,34708.77679999999,23841.634100000003,27231.461499999998,224,544,0,38,0.21846706243485814,0.3310733920092781,0.4216358752057763,0,10939.877600000016,6763.220599999997,51,0,628.0,0,0,0,0.0,0,0.0,43108.776799999956,0.0,0,0,0,1.5,0,0.0,0,0,0.0,0,0.0,0,0,3862.4654000000032,256.0,9142.2311,2,0.0,0.0,NaN,5120.0,NaN,NaN,0,0,0.0,0,0.0,NaN,0,NaN,0,0,0,0.0,0.0,0.0,0.0,0.0,0.0,0.0,0.0,0,0,0,0,127,0.0,0,0,0.0,0,0.0,0.0,0.0,0.0,0.0,0.0,0.0,0.0,0.0,0.0,0.7469964023097737,474,32148.9958,38,10959.780999999997,4,44241.6341,4,27231.461499999998,2,526.058,11155.7302,37.5,0,0,538,538,6 + charge on balances,sumsy,9,-2.9103830456733704e-11
62,512,4,4,107278.95790000005,0.0,0.0,0.0,0.0,,0.0,0.0,0.0,0.0,0.0,0.0,0.0025,11608.6399,0.0,0.0,1.0,707.2068000000005,0.0,0.0,0.0,1.0,0.0,0.0,1.0,0.0,0,0,18.686583920637798,2.9735293825119076,21.660113303149704,9.278214994982442,2.9371530713996146,12.215368066382055,3630.3771000000106,3626.4555000000055,3630.3771000000106,0.0,0,0,0.0,0.0,0.0,1.0,1.0,0.0,0.0,0.0,0.0,0.5,0.25,0.0,-516.4115044934089,0.0,0,2560.0,1886.9337999999993,0.0,1391.0705000000012,563.0804,0.0,0.0,0.0,0.0,0,526.0396,2560.0,1886.9337999999993,827.9900999999985,271.0,0.0,0.0,0.015,6.288366946778707,6.745106529850766,6.104491339869287,NaN,5.696548255521628,17.42041726744205,1072.0,1071.0,536.0,2044.0,1534.0000000000002,204.0,127,0,0,1,54,37.0,2048.0,34682.73550000002,24035.6325,27439.558600000004,224,544,0,38,0.22210018842511614,0.33226229909734606,0.420537319975562,0,10900.000699999991,6734.840999999995,54,0,612.0,0,0,0,0.0,0,0.0,43082.73549999996,0.0,0,0,0,1.5,0,0.0,0,0,0.0,0,0.0,0,0,3735.9487000000036,256.0,8986.3518,2,0.0,0.0,NaN,5120.0,NaN,NaN,0,0,0.0,0,0.0,NaN,0,NaN,0,0,0,0.0,0.0,0.0,0.0,0.0,0.0,0.0,0.0,0,0,0,0,127,0.0,0,0,0.0,0,0.0,0.0,0.0,0.0,0.0,0.0,0.0,0.0,0.0,0.0,0.7479784786954724,474,32193.559900000004,38,10889.1756,4,44435.63250000001,4,27439.558600000004,2,526.0396,11608.6399,37.5,0,0,536,536,6 + charge on balances,sumsy,9,-2.9103830456733704e-11
63,512,4,4,107938.5916,0.0,0.0,0.0,0.0,,0.0,0.0,0.0,0.0,0.0,0.0,0.0025,12058.6157,0.0,0.0,1.0,705.5543999999996,0.0,0.0,0.0,1.0,0.0,0.0,1.0,0.0,0,0,18.53215986836216,3.1162978680565754,21.648457736418738,8.904865326442012,3.0934592442494213,11.998324570691432,3643.7243000000035,3630.3771000000183,3643.7243000000035,0.0,0,0,0.0,0.0,0.0,1.0,1.0,0.0,0.0,0.0,0.0,0.5,0.25,0.0,-516.4115044934089,0.0,0,2560.0,1900.3662999999992,0.0,1395.6904000000009,565.5869000000001,0.0,0.0,0.0,0.0,0,526.0228,2560.0,1900.3662999999992,830.103499999999,271.0,0.0,0.0,0.015,6.279320829406223,6.744840706319709,6.042771819645735,NaN,5.6449392532045,17.410630594884363,1076.0,1061.0,538.0,2046.6666666666667,1538.0,204.0,127,0,0,0,42,32.0,2048.0,34656.91799999999,24220.504500000003,27569.1127,224,544,0,38,0.20870237028010274,0.3226666598308754,0.4198701229419395,0,10844.041099999971,6662.359400000003,42,0,621.0,0,0,0,0.0,0,0.0,43056.918000000056,0.0,0,0,0,1.5,0,0.0,0,0,0.0,0,0.0,0,0,3752.5613000000017,256.0,8907.4179,2,0.0,0.0,NaN,5120.0,NaN,NaN,0,0,0.0,0,0.0,NaN,0,NaN,0,0,0,0.0,0.0,0.0,0.0,0.0,0.0,0.0,0.0,0,0,0,0,127,0.0,0,0,0.0,0,0.0,0.0,0.0,0.0,0.0,0.0,0.0,0.0,0.0,0.0,0.7453005235150554,474,32150.714999999986,38,10906.202999999998,4,44620.504499999995,4,27569.1127,2,526.0228,12058.6157,37.5,0,0,538,538,6 + charge on balances,sumsy,9,-2.9103830456733704e-11
64,512,4,4,108584.79489999995,0.0,0.0,0.0,0.0,,0.0,0.0,0.0,0.0,0.0,0.0,0.0025,12519.0886,0.0,0.0,1.0,704.5394999999996,0.0,0.0,0.0,1.0,0.0,0.0,1.0,0.0,0,0,18.785947302398483,3.02966307781206,21.815610380210543,9.422698984086624,2.973903175867601,12.396602159954226,3603.9515000000006,3643.724299999995,3603.9515000000006,0.0,0,0,0.0,0.0,0.0,1.0,1.0,0.0,0.0,0.0,0.0,0.5,0.25,0.0,-516.4115044934089,0.0,0,2560.0,1913.7966999999999,0.0,1414.607099999999,582.5069,0.0,0.0,0.0,0.0,0,525.997,2560.0,1913.7966999999999,832.1001999999995,271.0,0.0,0.0,0.015,6.234613899253736,6.720882958801499,5.945795468749995,NaN,5.605472939254536,17.619106200039457,1068.0,1072.0,534.0,2048.0,1530.0,204.0,129,0,0,1,48,33.0,2048.0,34457.57969999999,24436.8992,27722.773,224,544,0,38,0.22717557259637733,0.3377688253665041,0.438053930305941,0,10742.44179999999,6683.506100000005,48,0,640.0,0,0,0,0.0,0,0.0,42857.57969999998,0.0,0,0,0,1.5,0,0.0,0,0,0.0,0,0.0,0,0,3805.3090999999968,256.0,8922.4574,2,0.0,0.0,NaN,5120.0,NaN,NaN,0,0,0.0,0,0.0,NaN,0,NaN,0,0,0,0.0,0.0,0.0,0.0,0.0,0.0,0.0,0.0,0,0,0,0,129,0.0,0,0,0.0,0,0.0,0.0,0.0,0.0,0.0,0.0,0.0,0.0,0.0,0.0,0.7518374466463291,474,31831.733299999985,38,11025.846399999999,4,44836.8992,4,27722.773,2,525.997,12519.0886,37.5,0,0,534,534,6 + charge on balances,sumsy,9,-2.9103830456733704e-11
65,512,4,4,109218.03920000012,0.0,0.0,0.0,0.0,,0.0,0.0,0.0,0.0,0.0,0.0,0.0025,12981.7647,0.0,0.0,1.0,699.5261999999998,0.0,0.0,0.0,1.0,0.0,0.0,1.0,0.0,0,0,19.170434258432447,3.0401670341330345,22.210601292565485,9.397363852977415,3.0240490808306975,12.421412933808112,3596.995299999998,3603.951499999975,3596.995299999998,0.0,0,0,0.0,0.0,0.0,1.0,1.0,0.0,0.0,0.0,0.0,0.5,0.25,0.0,-516.4115044934089,0.0,0,2560.0,1926.755699999998,0.0,1421.298800000001,587.4676000000001,0.0,0.0,0.0,0.0,0,525.9058,2560.0,1926.755699999998,833.8311999999994,271.0,0.0,0.0,0.015,6.207132875457875,6.695318317757006,5.856358974358981,NaN,5.589369634135896,17.79069892388504,1070.0,1092.0,535.0,2046.6666666666667,1532.0,204.0,129,0,0,0,52,49.0,2048.0,34527.36989999997,24615.479,27994.861599999997,224,544,0,38,0.22267718026472316,0.3376556873758134,0.4216588923169986,0,10727.606000000018,6778.1891,52,0,585.0,0,0,0,0.0,0,0.0,42927.36989999997,0.0,0,0,0,1.5,0,0.0,0,0,0.0,0,0.0,0,0,3425.970000000004,256.0,8572.6582,2,0.0,0.0,NaN,5120.0,NaN,NaN,0,0,0.0,0,0.0,NaN,0,NaN,0,0,0,0.0,0.0,0.0,0.0,0.0,0.0,0.0,0.0,0,0,0,0,129,0.0,0,0,0.0,0,0.0,0.0,0.0,0.0,0.0,0.0,0.0,0.0,0.0,0.0,0.7517872158456598,474,31839.32249999995,38,11088.047400000001,4,45015.479,4,27994.861599999997,2,525.9058,12981.7647,37.5,0,0,535,535,6 + charge on balances,sumsy,9,-2.9103830456733704e-11
66,512,4,4,109838.43160000013,0.0,0.0,0.0,0.0,,0.0,0.0,0.0,0.0,0.0,0.0,0.0025,13443.6467,0.0,0.0,1.0,696.4407000000007,0.0,0.0,0.0,1.0,0.0,0.0,1.0,0.0,0,0,19.16289195885668,3.0382523868749414,22.20114434573162,9.440914028896875,3.020827304136787,12.461741333033663,3564.6203999999975,3596.9952999999978,3564.6203999999975,0.0,0,0,0.0,0.0,0.0,1.0,1.0,0.0,0.0,0.0,0.0,0.5,0.25,0.0,-516.4115044934089,0.0,0,2560.0,1939.6075999999982,0.0,1426.8764999999976,591.3489999999999,0.0,0.0,0.0,0.0,0,525.7984,2560.0,1939.6075999999982,835.5274999999996,271.0,0.0,0.0,0.015,6.220767413632115,6.585566604823743,5.794752968749994,NaN,5.529332018588511,17.731524276354737,1078.0,1071.0,539.0,2048.0,1540.0,204.0,127,0,0,1,53,44.0,2048.0,34386.653799999985,24770.649400000002,28152.1302,224,544,0,38,0.2250820972378791,0.33742550619363576,0.4336727007393668,0,10682.635900000018,6662.441899999995,53,0,640.0,0,0,0,0.0,0,0.0,42786.653800000015,0.0,0,0,0,1.5,0,0.0,0,0,0.0,0,0.0,0,0,3708.641899999996,256.0,8559.553100000001,2,0.0,0.0,NaN,5120.0,NaN,NaN,0,0,0.0,0,0.0,NaN,0,NaN,0,0,0,0.0,0.0,0.0,0.0,0.0,0.0,0.0,0.0,0,0,0,0,127,0.0,0,0,0.0,0,0.0,0.0,0.0,0.0,0.0,0.0,0.0,0.0,0.0,0.0,0.7527589741129121,474,31816.181399999983,38,10970.472399999999,4,45170.6494,4,28152.1302,2,525.7984,13443.6467,37.5,0,0,539,539,6 + charge on balances,sumsy,9,-2.9103830456733704e-11
67,512,4,4,110446.5133,0.0,0.0,0.0,0.0,,0.0,0.0,0.0,0.0,0.0,0.0,0.0025,13907.9198,0.0,0.0,1.0,697.9707,0.0,0.0,0.0,1.0,0.0,0.0,1.0,0.0,0,0,19.16621121303888,3.1234318606215563,22.289643073660436,9.06304438467224,3.111419913470467,12.174464298142707,3564.5623999999875,3564.620399999995,3564.5623999999875,0.0,0,0,0.0,0.0,0.0,1.0,1.0,0.0,0.0,0.0,0.0,0.5,0.25,0.0,-516.4115044934089,0.0,0,2560.0,1951.9182999999987,0.0,1440.2685999999983,603.322,0.0,0.0,0.0,0.0,0,525.7086,2560.0,1951.9182999999987,836.9465999999984,271.0,0.0,0.0,0.015,6.1465283809523825,6.60998584729979,5.737323688394283,NaN,5.492856686507975,17.8445475398663,1074.0,1050.0,537.0,2046.6666666666667,1536.0,204.0,127,0,0,3,43,30.0,2048.0,34473.74249999998,24906.6064,28135.2246,224,544,0,38,0.21015944327614866,0.32678343666854315,0.41622885914058916,0,10602.822800000009,6453.854800000002,43,0,629.0,0,0,0,0.0,0,0.0,42873.74249999995,0.0,0,0,0,1.5,0,0.0,0,0,0.0,0,0.0,0,0,3608.776600000004,256.0,8497.3114,2,0.0,0.0,NaN,5120.0,NaN,NaN,0,0,0.0,0,0.0,NaN,0,NaN,0,0,0,0.0,0.0,0.0,0.0,0.0,0.0,0.0,0.0,0,0,0,0,127,0.0,0,0,0.0,0,0.0,0.0,0.0,0.0,0.0,0.0,0.0,0.0,0.0,0.0,0.7490274947205857,474,31885.918599999997,38,10987.823900000003,4,45306.606400000004,4,28135.2246,2,525.7086,13907.9198,37.5,0,0,537,537,6 + charge on balances,sumsy,9,-2.9103830456733704e-11
68,512,4,4,111042.2128999999,0.0,0.0,0.0,0.0,,0.0,0.0,0.0,0.0,0.0,0.0,0.0025,14387.8582,0.0,0.0,1.0,689.6423999999994,0.0,0.0,0.0,1.0,0.0,0.0,1.0,0.0,0,0,19.613526942068795,3.0982210999923723,22.711748042061167,9.091535085812769,3.0871774037870128,12.178712489599782,3522.753599999996,3564.562399999994,3522.753599999996,0.0,0,0,0.0,0.0,0.0,1.0,1.0,0.0,0.0,0.0,0.0,0.5,0.25,0.0,-516.4115044934089,0.0,0,2560.0,1964.3004000000003,0.0,1457.455999999999,619.2430999999999,0.0,0.0,0.0,0.0,0,525.5844,2560.0,1964.3004000000003,838.2129000000004,271.0,0.0,0.0,0.015,6.077862499999997,6.593521804511271,5.682146349206349,NaN,5.405855690919306,18.0276530929977,1064.0,1096.0,532.0,2044.0000000000002,1526.0000000000002,204.0,129,0,0,2,59,45.0,2048.0,34202.842599999996,25071.9784,28357.889,224,544,0,38,0.21481072825636272,0.3330334642645123,0.41704174695915874,0,10420.57249999998,6661.3372999999965,59,0,630.0,0,0,0,0.0,0,0.0,42602.842599999996,0.0,0,0,0,1.5,0,0.0,0,0,0.0,0,0.0,0,0,3579.7521999999994,256.0,8496.060300000001,2,0.0,0.0,NaN,5120.0,NaN,NaN,0,0,0.0,0,0.0,NaN,0,NaN,0,0,0,0.0,0.0,0.0,0.0,0.0,0.0,0.0,0.0,0,0,0,0,129,0.0,0,0,0.0,0,0.0,0.0,0.0,0.0,0.0,0.0,0.0,0.0,0.0,0.0,0.7527977737102804,474,31584.913400000005,38,11017.929199999999,4,45471.97840000001,4,28357.889,2,525.5844,14387.8582,37.5,0,0,532,532,6 + charge on balances,sumsy,9,-2.9103830456733704e-11
69,512,4,4,111626.18379999993,0.0,0.0,0.0,0.0,,0.0,0.0,0.0,0.0,0.0,0.0,0.0025,14871.0683,0.0,0.0,1.0,681.9363000000005,0.0,0.0,0.0,1.0,0.0,0.0,1.0,0.0,0,0,19.988100015328058,3.0792647973223644,23.06736481265042,9.343467023667829,3.059491495151624,12.402958518819451,3480.9882999999973,3522.753599999994,3480.9882999999973,0.0,0,0,0.0,0.0,0.0,1.0,1.0,0.0,0.0,0.0,0.0,0.5,0.25,0.0,-516.4115044934089,0.0,0,2560.0,1976.0290999999988,0.0,1462.9209999999987,623.7928,0.0,0.0,0.0,0.0,0,525.4868,2560.0,1976.0290999999988,839.1281999999993,271.0,0.0,0.0,0.015,6.089205936920223,6.418496851851847,5.627095468750005,NaN,5.356943951037581,17.915571794727647,1080.0,1078.0,540.0,2045.3333333333333,1542.0,204.0,125,0,0,0,61,38.0,2048.0,34024.48520000003,25188.1965,28510.6981,224,544,0,38,0.21476443599000072,0.33339728996287255,0.4120573212076817,0,10435.568399999995,6564.164000000001,61,0,640.0,0,0,0,0.0,0,0.0,42424.485199999974,0.0,0,0,0,1.5,0,0.0,0,0,0.0,0,0.0,0,0,3601.3411000000033,256.0,8506.248899999999,2,0.0,0.0,NaN,5120.0,NaN,NaN,0,0,0.0,0,0.0,NaN,0,NaN,0,0,0,0.0,0.0,0.0,0.0,0.0,0.0,0.0,0.0,0,0,0,0,125,0.0,0,0,0.0,0,0.0,0.0,0.0,0.0,0.0,0.0,0.0,0.0,0.0,0.0,0.7540705632980611,474,31439.71210000001,38,10984.773100000002,4,45588.1965,4,28510.6981,2,525.4868,14871.0683,37.5,0,0,540,540,6 + charge on balances,sumsy,9,-2.9103830456733704e-11
70,512,4,4,112198.1836999999,0.0,0.0,0.0,0.0,,0.0,0.0,0.0,0.0,0.0,0.0,0.0025,15351.2002,0.0,0.0,1.0,683.2112999999999,0.0,0.0,0.0,1.0,0.0,0.0,1.0,0.0,0,0,19.823853668518463,3.118275319464542,22.942128987983004,9.073906654971077,3.0802177798642902,12.154124434835367,3523.164199999993,3480.988299999999,3523.164199999993,0.0,0,0,0.0,0.0,0.0,1.0,1.0,0.0,0.0,0.0,0.0,0.5,0.25,0.0,-516.4115044934089,0.0,0,2560.0,1988.0000999999986,0.0,1470.919300000001,630.7057,0.0,0.0,0.0,0.0,0,525.2652,2560.0,1988.0000999999986,840.2135999999988,271.0,0.0,0.0,0.015,6.00178241860465,6.448831249999987,5.577875781250005,NaN,5.365554649111222,17.97090119620112,1088.0,1075.0,544.0,2048.0,1550.0,204.0,124,0,0,2,52,39.0,2048.0,34045.03160000002,25253.9707,28564.175199999998,224,544,0,38,0.21219758293325408,0.3314403869511142,0.41230708720339937,0,10491.073600000029,6451.916099999999,52,0,640.0,0,0,0,0.0,0,0.0,42445.03160000004,0.0,0,0,0,1.5,0,0.0,0,0,0.0,0,0.0,0,0,3569.840500000003,256.0,8458.5408,2,0.0,0.0,NaN,5120.0,NaN,NaN,0,0,0.0,0,0.0,NaN,0,NaN,0,0,0,0.0,0.0,0.0,0.0,0.0,0.0,0.0,0.0,0,0,0,0,124,0.0,0,0,0.0,0,0.0,0.0,0.0,0.0,0.0,0.0,0.0,0.0,0.0,0.0,0.7534930249912053,474,31427.669000000005,38,11017.3626,4,45653.9707,4,28564.175199999998,2,525.2652,15351.2002,37.5,0,0,544,544,6 + charge on balances,sumsy,9,-2.9103830456733704e-11
71,512,4,4,112758.99140000016,0.0,0.0,0.0,0.0,,0.0,0.0,0.0,0.0,0.0,0.0,0.0025,15838.2831,0.0,0.0,1.0,673.3988999999993,0.0,0.0,0.0,1.0,0.0,0.0,1.0,0.0,0,0,20.436404452278097,3.135793287218728,23.572197739496826,9.23057568548528,3.134410364709863,12.36498605019514,3451.267899999999,3523.1642000000106,3451.267899999999,0.0,0,0,0.0,0.0,0.0,1.0,1.0,0.0,0.0,0.0,0.0,0.5,0.25,0.0,-516.4115044934089,0.0,0,2560.0,1999.1922999999997,0.0,1478.003400000001,637.1674999999999,0.0,0.0,0.0,0.0,0,525.1052,2560.0,1999.1922999999997,840.8359,271.0,0.0,0.0,0.015,5.94913405253284,6.399009124767224,5.525253749999996,NaN,5.340940508268756,18.27724779838308,1074.0,1066.0,537.0,2045.3333333333333,1536.0,204.0,127,0,0,0,50,31.0,2048.0,34095.3225,25391.3065,28511.5729,224,544,0,38,0.21623287547475467,0.33578455512019123,0.4178677808029394,0,10377.381600000017,6341.776900000008,50,0,640.0,0,0,0,0.0,0,0.0,42495.32250000003,0.0,0,0,0,1.5,0,0.0,0,0,0.0,0,0.0,0,0,3536.162399999997,256.0,8397.4012,2,0.0,0.0,NaN,5120.0,NaN,NaN,0,0,0.0,0,0.0,NaN,0,NaN,0,0,0,0.0,0.0,0.0,0.0,0.0,0.0,0.0,0.0,0,0,0,0,127,0.0,0,0,0.0,0,0.0,0.0,0.0,0.0,0.0,0.0,0.0,0.0,0.0,0.0,0.7548213614216552,474,31529.34400000001,38,10965.9785,4,45791.30649999999,4,28511.5729,2,525.1052,15838.2831,37.5,0,0,537,537,6 + charge on balances,sumsy,9,-2.9103830456733704e-11
72,512,4,4,113308.51419999996,0.0,0.0,0.0,0.0,,0.0,0.0,0.0,0.0,0.0,0.0,0.0025,16330.3404,0.0,0.0,1.0,667.4930000000005,0.0,0.0,0.0,1.0,0.0,0.0,1.0,0.0,0,0,20.442059941511037,3.0760090518194647,23.518068993330502,9.53593866771709,3.067825623223707,12.603764290940799,3458.563600000015,3451.2679000000117,3458.563600000015,0.0,0,0,0.0,0.0,0.0,1.0,1.0,0.0,0.0,0.0,0.0,0.5,0.25,0.0,-516.4115044934089,0.0,0,2560.0,2010.4771999999984,0.0,1487.1335000000017,645.6845000000001,0.0,0.0,0.0,0.0,0,525.07,2560.0,2010.4771999999984,841.4489999999993,271.0,0.0,0.0,0.015,5.913850508788155,6.424558955223908,5.609685781249999,NaN,5.301497875289544,18.35089987260841,1072.0,1081.0,536.0,2048.0,1534.0,204.0,128,0,0,0,57,31.0,2048.0,33973.01909999999,25469.307699999998,28586.1331,224,544,0,38,0.21988828984876552,0.3380674831846082,0.41948822873447167,0,10308.679199999977,6392.872399999996,57,0,640.0,0,0,0,0.0,0,0.0,42373.01910000002,0.0,0,0,0,1.5,0,0.0,0,0,0.0,0,0.0,0,0,3590.1988999999994,256.0,8424.6439,2,0.0,0.0,NaN,5120.0,NaN,NaN,0,0,0.0,0,0.0,NaN,0,NaN,0,0,0,0.0,0.0,0.0,0.0,0.0,0.0,0.0,0.0,0,0,0,0,128,0.0,0,0,0.0,0,0.0,0.0,0.0,0.0,0.0,0.0,0.0,0.0,0.0,0.0,0.7563240977750942,474,31460.6377,38,10912.381399999998,4,45869.307700000005,4,28586.1331,2,525.07,16330.3404,37.5,0,0,536,536,6 + charge on balances,sumsy,9,-2.9103830456733704e-11
73,512,4,4,113846.61820000014,0.0,0.0,0.0,0.0,,0.0,0.0,0.0,0.0,0.0,0.0,0.0025,16821.0308,0.0,0.0,1.0,663.5354999999995,0.0,0.0,0.0,1.0,0.0,0.0,1.0,0.0,0,0,20.639558697755163,2.993140636241247,23.63269933399641,9.466907624295134,2.9892778200247894,12.456185444319923,3425.247800000008,3458.563600000008,3425.247800000008,0.0,0,0,0.0,0.0,0.0,1.0,1.0,0.0,0.0,0.0,0.0,0.5,0.25,0.0,-516.4115044934089,0.0,0,2560.0,2021.8960000000043,0.0,1491.8533999999995,649.7187000000001,0.0,0.0,0.0,0.0,0,525.0222,2560.0,2021.8960000000043,842.1347000000022,271.0,0.0,0.0,0.015,5.911279395604399,6.315273703703718,5.720824843750007,NaN,5.280641716657606,18.313727071716,1080.0,1092.0,540.0,2048.0,1542.0,204.0,126,0,0,1,57,43.0,2048.0,33734.38189999999,25549.4409,28715.965600000003,224,544,0,38,0.2158874897066163,0.3382268317980155,0.41815720754839125,0,10323.455800000009,6455.117100000004,57,0,640.0,0,0,0,0.0,0,0.0,42134.38189999995,0.0,0,0,0,1.5,0,0.0,0,0,0.0,0,0.0,0,0,3661.327900000005,256.0,8500.7768,2,0.0,0.0,NaN,5120.0,NaN,NaN,0,0,0.0,0,0.0,NaN,0,NaN,0,0,0,0.0,0.0,0.0,0.0,0.0,0.0,0.0,0.0,0,0,0,0,126,0.0,0,0,0.0,0,0.0,0.0,0.0,0.0,0.0,0.0,0.0,0.0,0.0,0.0,0.7577288009290384,474,31138.58320000002,38,10995.798700000003,4,45949.4409,4,28715.965600000003,2,525.0222,16821.0308,37.5,0,0,540,540,6 + charge on balances,sumsy,9,-2.9103830456733704e-11
74,512,4,4,114374.07270000002,0.0,0.0,0.0,0.0,,0.0,0.0,0.0,0.0,0.0,0.0,0.0025,17310.1043,0.0,0.0,1.0,663.2448000000002,0.0,0.0,0.0,1.0,0.0,0.0,1.0,0.0,0,0,20.273576576216414,3.0244711713239996,23.298047747540416,9.417158979920881,3.0055971509340815,12.422756130854962,3457.7165000000045,3425.2478000000056,3457.7165000000045,0.0,0,0,0.0,0.0,0.0,1.0,1.0,0.0,0.0,0.0,0.0,0.5,0.25,0.0,-516.4115044934089,0.0,0,2560.0,2032.5455000000002,0.0,1499.9416000000003,657.4801,0.0,0.0,0.0,0.0,0,524.9236,2560.0,2032.5455000000002,842.4614999999999,271.0,0.0,0.0,0.015,5.912899442896943,6.363616451016644,5.784750000000011,NaN,5.31236045867017,18.439862229915633,1082.0,1077.0,541.0,2046.6666666666667,1544.0,204.0,125,0,0,2,55,43.0,2048.0,33605.48279999998,25595.4242,28772.0375,224,544,0,38,0.21798390050627692,0.335301314187906,0.4254634550303542,0,10385.783999999992,6368.192700000007,55,0,640.0,0,0,0,0.0,0,0.0,42005.482800000005,0.0,0,0,0,1.5,0,0.0,0,0,0.0,0,0.0,0,0,3702.240000000007,256.0,8566.100299999998,2,0.0,0.0,NaN,5120.0,NaN,NaN,0,0,0.0,0,0.0,NaN,0,NaN,0,0,0,0.0,0.0,0.0,0.0,0.0,0.0,0.0,0.0,0,0,0,0,125,0.0,0,0,0.0,0,0.0,0.0,0.0,0.0,0.0,0.0,0.0,0.0,0.0,0.0,0.7575152558498952,474,31179.999599999992,38,10825.483199999999,4,45995.4242,4,28772.0375,2,524.9236,17310.1043,37.5,0,0,541,541,6 + charge on balances,sumsy,9,-2.9103830456733704e-11
75,512,4,4,114890.66590000017,0.0,0.0,0.0,0.0,,0.0,0.0,0.0,0.0,0.0,0.0,0.0025,17791.8917,0.0,0.0,1.0,663.4284000000004,0.0,0.0,0.0,1.0,0.0,0.0,1.0,0.0,0,0,20.15809442477527,3.036849925947081,23.194944350722352,9.214305484284132,3.011353161563125,12.225658645847256,3441.201900000014,3457.7164999999904,3441.201900000014,0.0,0,0,0.0,0.0,0.0,1.0,1.0,0.0,0.0,0.0,0.0,0.5,0.25,0.0,-516.4115044934089,0.0,0,2560.0,2043.4068000000025,0.0,1502.6728999999998,659.6969999999999,0.0,0.0,0.0,0.0,0,524.8346,2560.0,2043.4068000000025,842.9759000000004,271.0,0.0,0.0,0.015,5.9203175422138825,6.368405018587387,5.89498796875,NaN,5.348690085062644,18.650039322052216,1076.0,1066.0,538.0,2045.3333333333333,1538.0,204.0,127,0,0,1,47,39.0,2048.0,33490.26639999999,25673.348599999998,28750.8114,224,544,0,38,0.21553997358337784,0.3343482331968257,0.4386553863176521,0,10411.852599999977,6311.058499999999,47,0,640.0,0,0,0,0.0,0,0.0,41890.26639999993,0.0,0,0,0,1.5,0,0.0,0,0,0.0,0,0.0,0,0,3772.7923,256.0,8659.513200000001,2,0.0,0.0,NaN,5120.0,NaN,NaN,0,0,0.0,0,0.0,NaN,0,NaN,0,0,0,0.0,0.0,0.0,0.0,0.0,0.0,0.0,0.0,0,0,0,0,127,0.0,0,0,0.0,0,0.0,0.0,0.0,0.0,0.0,0.0,0.0,0.0,0.0,0.0,0.7578888861416584,474,31088.053599999977,38,10802.2128,4,46073.3486,4,28750.8114,2,524.8346,17791.8917,37.5,0,0,538,538,6 + charge on balances,sumsy,9,-2.9103830456733704e-11
76,512,4,4,115397.52640000008,0.0,0.0,0.0,0.0,,0.0,0.0,0.0,0.0,0.0,0.0,0.0025,18265.0363,0.0,0.0,1.0,664.2597000000004,0.0,0.0,0.0,1.0,0.0,0.0,1.0,0.0,0,0,19.900934722011236,3.177848720995526,23.078783443006763,9.203009937891983,3.1555797776920276,12.35858971558401,3412.1346000000035,3441.2019000000096,3412.1346000000035,0.0,0,0,0.0,0.0,0.0,1.0,1.0,0.0,0.0,0.0,0.0,0.5,0.25,0.0,-516.4115044934089,0.0,0,2560.0,2053.139500000002,0.0,1504.512199999997,661.4976,0.0,0.0,0.0,0.0,0,524.8494,2560.0,2053.139500000002,843.0146000000004,271.0,0.0,0.0,0.015,5.91492459639126,6.349784299065427,5.9731829687499935,NaN,5.39291185481054,18.845305754893847,1070.0,1053.0,535.0,2046.6666666666665,1532.0,204.0,128,0,0,0,44,24.0,2048.0,33445.606000000014,25733.4166,28669.3162,224,544,0,38,0.21550389038772466,0.33475084377549424,0.42450411224431406,0,10449.041100000026,6228.415599999997,44,0,640.0,0,0,0,0.0,0,0.0,41845.605999999985,0.0,0,0,0,1.5,0,0.0,0,0,0.0,0,0.0,0,0,3822.837099999996,256.0,8759.3019,2,0.0,0.0,NaN,5120.0,NaN,NaN,0,0,0.0,0,0.0,NaN,0,NaN,0,0,0,0.0,0.0,0.0,0.0,0.0,0.0,0.0,0.0,0,0,0,0,128,0.0,0,0,0.0,0,0.0,0.0,0.0,0.0,0.0,0.0,0.0,0.0,0.0,0.0,0.7583156464126966,474,31080.617500000008,38,10764.988500000001,4,46133.416600000004,4,28669.3162,2,524.8494,18265.0363,37.5,0,0,535,535,6 + charge on balances,sumsy,9,-2.9103830456733704e-11
77,512,4,4,115894.03829999996,0.0,0.0,0.0,0.0,,0.0,0.0,0.0,0.0,0.0,0.0,0.0025,18732.5617,0.0,0.0,1.0,663.6528000000002,0.0,0.0,0.0,1.0,0.0,0.0,1.0,0.0,0,0,20.371762522417047,3.0608205149504895,23.432583037367536,9.460546570954394,3.0455134396694836,12.506060010623877,3440.4231000000145,3412.134600000003,3440.4231000000145,0.0,0,0,0.0,0.0,0.0,1.0,1.0,0.0,0.0,0.0,0.0,0.5,0.25,0.0,-516.4115044934089,0.0,0,2560.0,2063.488099999998,0.0,1507.8480999999997,664.4386000000001,0.0,0.0,0.0,0.0,0,524.9298,2560.0,2063.488099999998,843.4094999999996,271.0,0.0,0.0,0.015,5.915871164510161,6.4146500000000275,6.031285468749995,NaN,5.431334470402005,18.955508259808227,1068.0,1082.0,534.0,2048.0,1530.0,204.0,129,0,0,1,50,33.0,2048.0,33245.11750000003,25757.296,28782.2444,224,544,0,38,0.220372786748545,0.3398480041986236,0.4278616288520123,0,10500.984800000018,6400.972599999995,50,0,640.0,0,0,0,0.0,0,0.0,41645.11750000004,0.0,0,0,0,1.5,0,0.0,0,0,0.0,0,0.0,0,0,3860.022699999997,256.0,8851.8889,2,0.0,0.0,NaN,5120.0,NaN,NaN,0,0,0.0,0,0.0,NaN,0,NaN,0,0,0,0.0,0.0,0.0,0.0,0.0,0.0,0.0,0.0,0,0,0,0,129,0.0,0,0,0.0,0,0.0,0.0,0.0,0.0,0.0,0.0,0.0,0.0,0.0,0.0,0.7610744757976726,474,30894.76679999999,38,10750.350699999999,4,46157.296,4,28782.2444,2,524.9298,18732.5617,37.5,0,0,534,534,6 + charge on balances,sumsy,9,-2.9103830456733704e-11
78,512,4,4,116380.34709999997,0.0,0.0,0.0,0.0,,0.0,0.0,0.0,0.0,0.0,0.0,0.0025,19186.6116,0.0,0.0,1.0,663.7599000000005,0.0,0.0,0.0,1.0,0.0,0.0,1.0,0.0,0,0,20.286347736543412,2.936847720641094,23.223195457184506,9.496256400711584,2.932100272068154,12.428356672779739,3439.7947999999933,3440.423100000013,3439.7947999999933,0.0,0,0,0.0,0.0,0.0,1.0,1.0,0.0,0.0,0.0,0.0,0.5,0.25,0.0,-516.4115044934089,0.0,0,2560.0,2073.691200000003,0.0,1503.7721999999999,659.9082999999999,0.0,0.0,0.0,0.0,0,525.054,2560.0,2073.691200000003,843.8639000000013,271.0,0.0,0.0,0.015,5.954310230414744,6.37764394785846,6.0630928684627525,NaN,5.450767151470029,18.880557725836404,1074.0,1085.0,537.0,2046.6666666666665,1536.0,204.0,128,0,0,0,55,39.0,2048.0,33086.36619999999,25787.350199999997,28920.3023,224,544,0,38,0.22166529932161305,0.34105441235105993,0.4268594294293562,0,10566.450100000015,6460.426599999997,55,0,631.0,0,0,0,0.0,0,0.0,41486.36620000002,0.0,0,0,0,1.5,0,0.0,0,0,0.0,0,0.0,0,0,3825.811599999997,256.0,8874.6628,2,0.0,0.0,NaN,5120.0,NaN,NaN,0,0,0.0,0,0.0,NaN,0,NaN,0,0,0,0.0,0.0,0.0,0.0,0.0,0.0,0.0,0.0,0,0,0,0,128,0.0,0,0,0.0,0,0.0,0.0,0.0,0.0,0.0,0.0,0.0,0.0,0.0,0.0,0.762353238917929,474,30743.866499999996,38,10742.499699999998,4,46187.3502,4,28920.3023,2,525.054,19186.6116,37.5,0,0,537,537,6 + charge on balances,sumsy,9,-2.9103830456733704e-11
79,512,4,4,116857.05520000009,0.0,0.0,0.0,0.0,,0.0,0.0,0.0,0.0,0.0,0.0,0.0025,19626.1087,0.0,0.0,1.0,668.0744000000001,0.0,0.0,0.0,1.0,0.0,0.0,1.0,0.0,0,0,20.02460506261002,3.0296747786611764,23.054279841271196,9.430669578838835,3.0230496553993436,12.453719234238179,3470.381300000005,3439.7947999999833,3470.381300000005,0.0,0,0,0.0,0.0,0.0,1.0,1.0,0.0,0.0,0.0,0.0,0.5,0.25,0.0,-516.4115044934089,0.0,0,2560.0,2083.2918999999974,0.0,1502.4926000000016,658.3064000000002,0.0,0.0,0.0,0.0,0,525.1702,2560.0,2083.2918999999974,844.1861999999996,271.0,0.0,0.0,0.015,5.983409876543209,6.422641821561347,6.093033173843699,NaN,5.468333035014648,18.834244567795054,1076.0,1053.0,538.0,2048.0,1538.0,204.0,127,0,0,1,44,25.0,2048.0,33129.754899999985,25802.3816,28886.0562,224,544,0,38,0.2225200564188956,0.33969235824919797,0.4254081688773137,0,10603.6003,6300.530599999999,44,0,627.0,0,0,0,0.0,0,0.0,41529.754900000036,0.0,0,0,0,1.5,0,0.0,0,0,0.0,0,0.0,0,0,3820.331799999999,256.0,8887.5836,2,0.0,0.0,NaN,5120.0,NaN,NaN,0,0,0.0,0,0.0,NaN,0,NaN,0,0,0,0.0,0.0,0.0,0.0,0.0,0.0,0.0,0.0,0,0,0,0,127,0.0,0,0,0.0,0,0.0,0.0,0.0,0.0,0.0,0.0,0.0,0.0,0.0,0.0,0.7617608556216691,474,30863.496299999995,38,10666.258600000003,4,46202.3816,4,28886.0562,2,525.1702,19626.1087,37.5,0,0,538,538,6 + charge on balances,sumsy,9,-2.9103830456733704e-11
80,512,4,4,117324.50620000003,0.0,0.0,0.0,0.0,,0.0,0.0,0.0,0.0,0.0,0.0,0.0025,20053.098,0.0,0.0,1.0,671.3385,0.0,0.0,0.0,1.0,0.0,0.0,1.0,0.0,0,0,19.98664354601202,3.0965320729355352,23.083175618947553,9.462377557534602,3.0757584569894147,12.538136014524017,3460.892199999996,3470.3813,3460.892199999996,0.0,0,0,0.0,0.0,0.0,1.0,1.0,0.0,0.0,0.0,0.0,0.5,0.25,0.0,-516.4115044934089,0.0,0,2560.0,2092.549000000001,0.0,1501.9722000000006,657.5204,0.0,0.0,0.0,0.0,0,525.25,2560.0,2092.549000000001,844.4518,271.0,0.0,0.0,0.015,5.963620988805966,6.440919999999993,6.088487582781454,NaN,5.493702668503973,18.935542511976482,1070.0,1072.0,535.0,2046.6666666666667,1532.0,204.0,128,0,0,1,45,29.0,2048.0,33227.05610000001,25849.0907,28908.898400000002,224,544,0,38,0.21945579122561698,0.33679697501457895,0.42672357738816835,0,10607.95019999999,6393.001699999995,45,0,604.0,0,0,0,0.0,0,0.0,41627.05609999998,0.0,0,0,0,1.5,0,0.0,0,0,0.0,0,0.0,0,0,3677.446499999998,256.0,8761.113000000001,2,0.0,0.0,NaN,5120.0,NaN,NaN,0,0,0.0,0,0.0,NaN,0,NaN,0,0,0,0.0,0.0,0.0,0.0,0.0,0.0,0.0,0.0,0,0,0,0,128,0.0,0,0,0.0,0,0.0,0.0,0.0,0.0,0.0,0.0,0.0,0.0,0.0,0.0,0.7603982666383744,474,31013.570200000002,38,10613.485899999998,4,46249.0907,4,28908.898400000002,2,525.25,20053.098,37.5,0,0,535,535,6 + charge on balances,sumsy,9,-2.9103830456733704e-11
81,512,4,4,117781.86069999999,0.0,0.0,0.0,0.0,,0.0,0.0,0.0,0.0,0.0,0.0,0.0025,20476.938,0.0,0.0,1.0,669.1200000000001,0.0,0.0,0.0,1.0,0.0,0.0,1.0,0.0,0,0,20.225338459231327,2.875986939918763,23.101325399150088,9.788607822059376,2.8701047063176404,12.658712528377015,3475.880199999998,3460.8921999999875,3475.880199999998,0.0,0,0,0.0,0.0,0.0,1.0,1.0,0.0,0.0,0.0,0.0,0.5,0.25,0.0,-516.4115044934089,0.0,0,2560.0,2102.645500000001,0.0,1505.285599999999,660.1252999999999,0.0,0.0,0.0,0.0,0,525.3324,2560.0,2102.645500000001,845.1603000000011,271.0,0.0,0.0,0.015,5.989320494053061,6.481049063670408,6.055962459546922,NaN,5.470388001052735,18.92848040967316,1068.0,1093.0,534.0,2046.6666666666667,1530.0,204.0,129,0,0,1,51,48.0,2048.0,33063.216199999995,25884.9602,29090.627099999998,224,544,0,38,0.22758054002188155,0.3442243168747481,0.42685416968325396,0,10563.946799999982,6546.327299999995,51,0,618.0,0,0,0,0.0,0,0.0,41463.21619999995,0.0,0,0,0,1.5,0,0.0,0,0,0.0,0,0.0,0,0,3742.5847999999983,256.0,8740.7868,2,0.0,0.0,NaN,5120.0,NaN,NaN,0,0,0.0,0,0.0,NaN,0,NaN,0,0,0,0.0,0.0,0.0,0.0,0.0,0.0,0.0,0.0,0,0,0,0,129,0.0,0,0,0.0,0,0.0,0.0,0.0,0.0,0.0,0.0,0.0,0.0,0.0,0.0,0.7637017903230674,474,30841.482799999983,38,10621.733399999997,4,46284.9602,4,29090.627099999998,2,525.3324,20476.938,37.5,0,0,534,534,6 + charge on balances,sumsy,9,-2.9103830456733704e-11
82,512,4,4,118230.16830000003,0.0,0.0,0.0,0.0,,0.0,0.0,0.0,0.0,0.0,0.0,0.0025,20886.5883,0.0,0.0,1.0,672.0015,0.0,0.0,0.0,1.0,0.0,0.0,1.0,0.0,0,0,20.09618916980142,3.01492857951772,23.11111774931914,9.538161619413748,2.978338288413786,12.516499907827534,3461.670099999988,3475.8802,3461.670099999988,0.0,0,0,0.0,0.0,0.0,1.0,1.0,0.0,0.0,0.0,0.0,0.5,0.25,0.0,-516.4115044934089,0.0,0,2560.0,2111.6923999999985,0.0,1502.3397999999997,656.8376000000001,0.0,0.0,0.0,0.0,0,525.4092,2560.0,2111.6923999999985,845.5021999999992,271.0,0.0,0.0,0.015,6.022403497164462,6.430354664179082,5.972192880794708,NaN,5.439061142611563,18.812016640164636,1072.0,1058.0,536.0,2046.6666666666665,1534.0,204.0,128,0,0,3,51,34.0,2048.0,33179.76980000001,25927.9483,29091.332100000003,224,544,0,38,0.225375876218594,0.3432181518080304,0.425423680922548,0,10535.48050000001,6371.702900000001,51,0,604.0,0,0,0,0.0,0,0.0,41579.76980000003,0.0,0,0,0,1.5,0,0.0,0,0,0.0,0,0.0,0,0,3607.2045000000035,256.0,8619.120599999998,2,0.0,0.0,NaN,5120.0,NaN,NaN,0,0,0.0,0,0.0,NaN,0,NaN,0,0,0,0.0,0.0,0.0,0.0,0.0,0.0,0.0,0.0,0,0,0,0,128,0.0,0,0,0.0,0,0.0,0.0,0.0,0.0,0.0,0.0,0.0,0.0,0.0,0.0,0.7628606056510074,474,30831.720700000005,38,10748.049099999997,4,46327.948300000004,4,29091.332100000003,2,525.4092,20886.5883,37.5,0,0,536,536,6 + charge on balances,sumsy,9,-2.9103830456733704e-11
83,512,4,4,118670.0398,0.0,0.0,0.0,0.0,,0.0,0.0,0.0,0.0,0.0,0.0,0.0025,21284.0307,0.0,0.0,1.0,675.7142999999995,0.0,0.0,0.0,1.0,0.0,0.0,1.0,0.0,0,0,20.117642865035926,2.9945646250835627,23.112207490119488,9.39983383436801,2.9909426915634483,12.390776525931459,3506.3533999999963,3461.670099999988,3506.3533999999963,0.0,0,0,0.0,0.0,0.0,1.0,1.0,0.0,0.0,0.0,0.0,0.5,0.25,0.0,-516.4115044934089,0.0,0,2560.0,2120.1285000000003,0.0,1501.9577000000004,656.2946000000001,0.0,0.0,0.0,0.0,0,525.3852,2560.0,2120.1285000000003,845.6631,271.0,0.0,0.0,0.015,6.003580037664783,6.501589199255114,5.88120135135135,NaN,5.421372855283296,18.758571823641102,1074.0,1062.0,537.0,2044.0,1536.0,204.0,127,0,0,1,43,30.0,2048.0,33395.61939999997,25954.4418,29089.7243,224,544,0,38,0.21882486948694257,0.3389377286985338,0.42169046512021535,0,10515.291199999998,6375.802,43,0,592.0,0,0,0,0.0,0,0.0,41795.61939999999,0.0,0,0,0,1.5,0,0.0,0,0,0.0,0,0.0,0,0,3481.671199999999,256.0,8420.8384,2,0.0,0.0,NaN,5120.0,NaN,NaN,0,0,0.0,0,0.0,NaN,0,NaN,0,0,0,0.0,0.0,0.0,0.0,0.0,0.0,0.0,0.0,0,0,0,0,127,0.0,0,0,0.0,0,0.0,0.0,0.0,0.0,0.0,0.0,0.0,0.0,0.0,0.0,0.7604409036740869,474,31035.642599999974,38,10759.9768,4,46354.4418,4,29089.7243,2,525.3852,21284.0307,37.5,0,0,537,537,6 + charge on balances,sumsy,9,-2.9103830456733704e-11
84,512,4,4,119100.8822,0.0,0.0,0.0,0.0,,0.0,0.0,0.0,0.0,0.0,0.0,0.0025,21680.6681,0.0,0.0,1.0,673.6028999999999,0.0,0.0,0.0,1.0,0.0,0.0,1.0,0.0,0,0,20.19037566152923,3.0301630621159044,23.220538723645138,9.707226098079623,3.025445942053297,12.732672040132918,3406.3621999999928,3506.3534000000063,3406.3621999999928,0.0,0,0,0.0,0.0,0.0,1.0,1.0,0.0,0.0,0.0,0.0,0.5,0.25,0.0,-516.4115044934089,0.0,0,2560.0,2129.157600000003,0.0,1507.139499999998,661.0096,0.0,0.0,0.0,0.0,0,525.322,2560.0,2129.157600000003,846.1299000000013,271.0,0.0,0.0,0.015,5.963152952202444,6.362780863039386,5.76962000000001,NaN,5.385494620566728,18.885384241745623,1066.0,1067.0,533.0,2046.6666666666665,1528.0,204.0,130,0,0,0,41,32.0,2048.0,33373.54799999999,26043.0184,29063.4316,224,544,0,38,0.2250325611544215,0.3429103692773028,0.42451133388238516,0,10417.32850000001,6362.684200000008,41,0,630.0,0,0,0,0.0,0,0.0,41773.54800000005,0.0,0,0,0,1.5,0,0.0,0,0,0.0,0,0.0,0,0,3634.8606000000063,256.0,8414.894100000001,2,0.0,0.0,NaN,5120.0,NaN,NaN,0,0,0.0,0,0.0,NaN,0,NaN,0,0,0,0.0,0.0,0.0,0.0,0.0,0.0,0.0,0.0,0,0,0,0,130,0.0,0,0,0.0,0,0.0,0.0,0.0,0.0,0.0,0.0,0.0,0.0,0.0,0.0,0.7619054013432274,474,31073.30389999999,38,10700.244099999996,4,46443.0184,4,29063.4316,2,525.322,21680.6681,37.5,0,0,533,533,6 + charge on balances,sumsy,9,-2.9103830456733704e-11
85,512,4,4,119523.35230000012,0.0,0.0,0.0,0.0,,0.0,0.0,0.0,0.0,0.0,0.0,0.0025,22082.6951,0.0,0.0,1.0,669.0640000000005,0.0,0.0,0.0,1.0,0.0,0.0,1.0,0.0,0,0,20.394651857194855,3.0290404283320838,23.42369228552694,9.979754901302831,3.013061580482759,12.99281648178559,3418.4277000000043,3406.3621999999814,3418.4277000000043,0.0,0,0,0.0,0.0,0.0,1.0,1.0,0.0,0.0,0.0,0.0,0.5,0.25,0.0,-516.4115044934089,0.0,0,2560.0,2137.5298999999995,0.0,1516.1950999999997,669.9828000000001,0.0,0.0,0.0,0.0,0,525.2766,2560.0,2137.5298999999995,846.2123000000003,271.0,0.0,0.0,0.015,5.9011985915492975,6.397420488721813,5.7165260317460325,NaN,5.333352661361178,18.920464898622566,1064.0,1065.0,532.0,2048.0,1526.0,204.0,130,0,0,0,44,29.0,2048.0,33372.89350000002,26048.912,29066.605199999998,224,544,0,38,0.22830289340841525,0.34498747444227074,0.42436507796554546,0,10327.253300000011,6284.776500000002,44,0,630.0,0,0,0,0.0,0,0.0,41772.89350000002,0.0,0,0,0,1.5,0,0.0,0,0,0.0,0,0.0,0,0,3601.4114000000004,256.0,8426.9699,2,0.0,0.0,NaN,5120.0,NaN,NaN,0,0,0.0,0,0.0,NaN,0,NaN,0,0,0,0.0,0.0,0.0,0.0,0.0,0.0,0.0,0.0,0,0,0,0,130,0.0,0,0,0.0,0,0.0,0.0,0.0,0.0,0.0,0.0,0.0,0.0,0.0,0.0,0.7626066002178964,474,31065.519000000015,38,10707.3745,4,46448.912,4,29066.605199999998,2,525.2766,22082.6951,37.5,0,0,532,532,6 + charge on balances,sumsy,9,-2.9103830456733704e-11
86,512,4,4,119937.11870000008,0.0,0.0,0.0,0.0,,0.0,0.0,0.0,0.0,0.0,0.0,0.0025,22487.4797,0.0,0.0,1.0,662.1126000000003,0.0,0.0,0.0,1.0,0.0,0.0,1.0,0.0,0,0,20.510218670277848,3.028891822495011,23.53911049277286,9.817311019450774,3.021966675673959,12.839277695124732,3413.366700000004,3418.4277000000166,3413.366700000004,0.0,0,0,0.0,0.0,0.0,1.0,1.0,0.0,0.0,0.0,0.0,0.5,0.25,0.0,-516.4115044934089,0.0,0,2560.0,2146.2335999999996,0.0,1520.2762000000002,673.848,0.0,0.0,0.0,0.0,0,525.2148,2560.0,2146.2335999999996,846.4282000000004,271.0,0.0,0.0,0.015,5.879269202226343,6.363982584269671,5.665222656250011,NaN,5.28193547841291,18.851109045049373,1068.0,1078.0,534.0,2048.0,1530.0,204.0,129,0,0,1,48,36.0,2048.0,33241.2034,26078.190199999997,29124.8826,224,544,0,38,0.2240279093021833,0.34114430189744516,0.4234304822295738,0,10272.390200000033,6337.8521999999975,48,0,640.0,0,0,0,0.0,0,0.0,41641.20340000002,0.0,0,0,0,1.5,0,0.0,0,0,0.0,0,0.0,0,0,3625.7425000000067,256.0,8480.148,2,0.0,0.0,NaN,5120.0,NaN,NaN,0,0,0.0,0,0.0,NaN,0,NaN,0,0,0,0.0,0.0,0.0,0.0,0.0,0.0,0.0,0.0,0,0,0,0,129,0.0,0,0,0.0,0,0.0,0.0,0.0,0.0,0.0,0.0,0.0,0.0,0.0,0.0,0.7620658573747383,474,30991.92059999999,38,10649.282799999999,4,46478.1902,4,29124.8826,2,525.2148,22487.4797,37.5,0,0,534,534,6 + charge on balances,sumsy,9,-2.9103830456733704e-11
87,512,4,4,120342.53849999982,0.0,0.0,0.0,0.0,,0.0,0.0,0.0,0.0,0.0,0.0,0.0025,22889.3325,0.0,0.0,1.0,659.6543999999996,0.0,0.0,0.0,1.0,0.0,0.0,1.0,0.0,0,0,20.64919337605675,3.0452255823925256,23.694418958449276,9.835719401140036,3.039862270753516,12.875581671893553,3376.442999999986,3413.3667,3376.442999999986,0.0,0,0,0.0,0.0,0.0,1.0,1.0,0.0,0.0,0.0,0.0,0.5,0.25,0.0,-516.4115044934089,0.0,0,2560.0,2154.5802,0.0,1523.1037000000008,676.6116999999999,0.0,0.0,0.0,0.0,0,525.0944,2560.0,2154.5802,846.4920000000002,271.0,0.0,0.0,0.015,5.866676944444445,6.271348880596989,5.601251597444102,NaN,5.288166734782601,18.900641313698152,1072.0,1080.0,536.0,2046.6666666666667,1534.0,204.0,128,0,0,1,56,37.0,2048.0,33260.71599999997,26108.3374,29179.2247,224,544,0,38,0.22633714438641372,0.34346558226497126,0.43245781274874306,0,10302.6209,6336.011100000001,56,0,626.0,0,0,0,0.0,0,0.0,41660.71600000002,0.0,0,0,0,1.5,0,0.0,0,0,0.0,0,0.0,0,0,3506.3835000000076,256.0,8379.8335,2,0.0,0.0,NaN,5120.0,NaN,NaN,0,0,0.0,0,0.0,NaN,0,NaN,0,0,0,0.0,0.0,0.0,0.0,0.0,0.0,0.0,0.0,0,0,0,0,128,0.0,0,0,0.0,0,0.0,0.0,0.0,0.0,0.0,0.0,0.0,0.0,0.0,0.0,0.7627375014633941,474,30991.302999999985,38,10669.413,4,46508.3374,4,29179.2247,2,525.0944,22889.3325,37.5,0,0,536,536,6 + charge on balances,sumsy,9,-2.9103830456733704e-11
88,512,4,4,120739.99810000004,0.0,0.0,0.0,0.0,,0.0,0.0,0.0,0.0,0.0,0.0,0.0025,23285.0035,0.0,0.0,1.0,658.2417,0.0,0.0,0.0,1.0,0.0,0.0,1.0,0.0,0,0,20.42980344711907,3.0459782867637517,23.475781733882823,10.080071745863613,3.0294774801099176,13.109549225973531,3434.6560999999883,3376.4430000000066,3434.6560999999883,0.0,0,0,0.0,0.0,0.0,1.0,1.0,0.0,0.0,0.0,0.0,0.5,0.25,0.0,-516.4115044934089,0.0,0,2560.0,2162.5404,0.0,1523.5854,677.1528999999999,0.0,0.0,0.0,0.0,0,524.9424,2560.0,2162.5404,846.4324999999997,271.0,0.0,0.0,0.015,5.86071317757009,6.356238104089198,5.588216406249996,NaN,5.2609587688556685,18.830714313171253,1076.0,1070.0,538.0,2046.6666666666667,1538.0,204.0,127,0,0,0,55,28.0,2048.0,33254.9189,26094.9775,29193.031899999998,224,544,0,38,0.2296731805053629,0.34306638617785645,0.420298428114364,0,10282.200500000004,6270.963099999996,55,0,640.0,0,0,0,0.0,0,0.0,41654.91889999997,0.0,0,0,0,1.5,0,0.0,0,0,0.0,0,0.0,0,0,3576.4584999999975,256.0,8387.1239,2,0.0,0.0,NaN,5120.0,NaN,NaN,0,0,0.0,0,0.0,NaN,0,NaN,0,0,0,0.0,0.0,0.0,0.0,0.0,0.0,0.0,0.0,0,0,0,0,127,0.0,0,0,0.0,0,0.0,0.0,0.0,0.0,0.0,0.0,0.0,0.0,0.0,0.0,0.7626326962176913,474,31123.933899999996,38,10530.985,4,46494.97749999999,4,29193.031899999998,2,524.9424,23285.0035,37.5,0,0,538,538,6 + charge on balances,sumsy,9,-2.9103830456733704e-11
89,512,4,4,121129.6527000002,0.0,0.0,0.0,0.0,,0.0,0.0,0.0,0.0,0.0,0.0,0.0025,23668.5819,0.0,0.0,1.0,657.5735999999997,0.0,0.0,0.0,1.0,0.0,0.0,1.0,0.0,0,0,20.2919010300404,3.144743422391423,23.436644452431825,10.012882155152194,3.1045398564620723,13.117422011614268,3439.0211000000063,3434.6560999999947,3439.0211000000063,0.0,0,0,0.0,0.0,0.0,1.0,1.0,0.0,0.0,0.0,0.0,0.5,0.25,0.0,-516.4115044934089,0.0,0,2560.0,2170.345399999997,0.0,1518.6465000000017,672.2208,0.0,0.0,0.0,0.0,0,524.8836,2560.0,2170.345399999997,846.4256999999993,271.0,0.0,0.0,0.015,5.844062230552957,6.329059334565631,5.5603199059561135,NaN,5.242013936867428,18.708212345188606,1082.0,1067.0,541.0,2048.0,1544.0,204.0,126,0,0,2,43,30.0,2048.0,33314.14060000002,26133.855000000003,29123.6799,224,544,0,38,0.23188743300448134,0.3453544506799684,0.435620721569298,0,10283.437500000033,6235.614400000006,43,0,638.0,0,0,0,0.0,0,0.0,41714.14059999998,0.0,0,0,0,1.5,0,0.0,0,0,0.0,0,0.0,0,0,3547.4841,256.0,8364.5117,2,0.0,0.0,NaN,5120.0,NaN,NaN,0,0,0.0,0,0.0,NaN,0,NaN,0,0,0,0.0,0.0,0.0,0.0,0.0,0.0,0.0,0.0,0,0,0,0,126,0.0,0,0,0.0,0,0.0,0.0,0.0,0.0,0.0,0.0,0.0,0.0,0.0,0.0,0.763079572831993,474,31122.149600000022,38,10591.991,4,46533.855,4,29123.6799,2,524.8836,23668.5819,37.5,0,0,541,541,6 + charge on balances,sumsy,9,-2.9103830456733704e-11
90,512,4,4,121511.18810000001,0.0,0.0,0.0,0.0,,0.0,0.0,0.0,0.0,0.0,0.0,0.0025,24059.0798,0.0,0.0,1.0,655.7018999999999,0.0,0.0,0.0,1.0,0.0,0.0,1.0,0.0,0,0,20.38133602611575,3.052932488929409,23.434268515045158,9.761099772615946,3.046750749385404,12.80785052200135,3342.2392000000073,3439.0211000000013,3342.2392000000073,0.0,0,0,0.0,0.0,0.0,1.0,1.0,0.0,0.0,0.0,0.0,0.5,0.25,0.0,-516.4115044934089,0.0,0,2560.0,2178.464600000003,0.0,1531.6764000000003,685.1813000000001,0.0,0.0,0.0,0.0,0,524.8104,2560.0,2178.464600000003,846.4951000000008,271.0,0.0,0.0,0.015,5.793778762696214,6.254209022556404,5.525020781249988,NaN,5.250748350110149,19.075378321792346,1064.0,1083.0,532.0,2045.3333333333335,1526.0,204.0,129,0,0,0,49,40.0,2048.0,33265.76660000001,26213.194799999997,29111.371499999997,224,544,0,38,0.22299242324023605,0.34041463044755704,0.4261859227457916,0,10203.082000000019,6274.6624,49,0,640.0,0,0,0,0.0,0,0.0,41665.766600000024,0.0,0,0,0,1.5,0,0.0,0,0,0.0,0,0.0,0,0,3536.0132999999923,256.0,8336.965,2,0.0,0.0,NaN,5120.0,NaN,NaN,0,0,0.0,0,0.0,NaN,0,NaN,0,0,0,0.0,0.0,0.0,0.0,0.0,0.0,0.0,0.0,0,0,0,0,129,0.0,0,0,0.0,0,0.0,0.0,0.0,0.0,0.0,0.0,0.0,0.0,0.0,0.0,0.7617315741902022,474,30960.757500000003,38,10705.009100000001,4,46613.1948,4,29111.371499999997,2,524.8104,24059.0798,37.5,0,0,532,532,6 + charge on balances,sumsy,9,-2.9103830456733704e-11
91,512,4,4,121885.00630000011,0.0,0.0,0.0,0.0,,0.0,0.0,0.0,0.0,0.0,0.0,0.0025,24444.2739,0.0,0.0,1.0,650.0613000000005,0.0,0.0,0.0,1.0,0.0,0.0,1.0,0.0,0,0,20.88099166943885,3.052763320546044,23.933754989984894,10.166609003537783,3.022065755235833,13.188674758773615,3360.767100000005,3342.2391999999923,3360.767100000005,0.0,0,0,0.0,0.0,0.0,1.0,1.0,0.0,0.0,0.0,0.0,0.5,0.25,0.0,-516.4115044934089,0.0,0,2560.0,2186.181800000002,0.0,1528.604499999999,682.1895999999999,0.0,0.0,0.0,0.0,0,524.7626,2560.0,2186.181800000002,846.4149000000015,271.0,0.0,0.0,0.015,5.798073358001858,6.2304787709497305,5.521543906250007,NaN,5.214304933056339,18.9498604897842,1074.0,1081.0,537.0,2048.0,1536.0,204.0,128,0,0,0,52,45.0,2048.0,33224.26170000001,26183.4151,29187.9519,224,544,0,38,0.22617572778501116,0.34343212965193093,0.4233225357914112,0,10200.389899999987,6267.717300000008,52,0,640.0,0,0,0,0.0,0,0.0,41624.2617,0.0,0,0,0,1.5,0,0.0,0,0,0.0,0,0.0,0,0,3533.7881000000043,256.0,8320.3411,2,0.0,0.0,NaN,5120.0,NaN,NaN,0,0,0.0,0,0.0,NaN,0,NaN,0,0,0,0.0,0.0,0.0,0.0,0.0,0.0,0.0,0.0,0,0,0,0,128,0.0,0,0,0.0,0,0.0,0.0,0.0,0.0,0.0,0.0,0.0,0.0,0.0,0.0,0.7629155345946399,474,30959.623000000007,38,10664.638699999998,4,46583.4151,4,29187.9519,2,524.7626,24444.2739,37.5,0,0,537,537,6 + charge on balances,sumsy,9,-2.9103830456733704e-11
92,512,4,4,122250.97960000004,0.0,0.0,0.0,0.0,,0.0,0.0,0.0,0.0,0.0,0.0,0.0025,24824.5777,0.0,0.0,1.0,650.5458000000006,0.0,0.0,0.0,1.0,0.0,0.0,1.0,0.0,0,0,20.995414411784587,3.0292457737614997,24.024660185546086,10.296934123706816,2.9691274263876712,13.266061550094488,3354.2843999999927,3360.76710000001,3354.2843999999927,0.0,0,0,0.0,0.0,0.0,1.0,1.0,0.0,0.0,0.0,0.0,0.5,0.25,0.0,-516.4115044934089,0.0,0,2560.0,2194.0266999999994,0.0,1531.9682999999989,685.5138999999999,0.0,0.0,0.0,0.0,0,524.7544,2560.0,2194.0266999999994,846.4543999999994,271.0,0.0,0.0,0.015,5.788294362292049,6.206848327137533,5.5118201562500015,NaN,5.197645598678705,18.864737224653105,1076.0,1082.0,538.0,2048.0,1538.0,204.0,127,0,0,2,65,40.0,2048.0,33179.40140000002,26176.8,29237.5959,224,544,0,38,0.22830976154605964,0.3444676954516144,0.42174577252183676,0,10185.753200000021,6262.934499999998,65,0,640.0,0,0,0,0.0,0,0.0,41579.40140000002,0.0,0,0,0,1.5,0,0.0,0,0,0.0,0,0.0,0,0,3527.5649000000008,256.0,8307.8502,2,0.0,0.0,NaN,5120.0,NaN,NaN,0,0,0.0,0,0.0,NaN,0,NaN,0,0,0,0.0,0.0,0.0,0.0,0.0,0.0,0.0,0.0,0,0,0,0,127,0.0,0,0,0.0,0,0.0,0.0,0.0,0.0,0.0,0.0,0.0,0.0,0.0,0.0,0.7634671202023644,474,30789.980500000027,38,10789.420900000001,4,46576.8,4,29237.5959,2,524.7544,24824.5777,37.5,0,0,538,538,6 + charge on balances,sumsy,9,-2.9103830456733704e-11
93,512,4,4,122610.17989999984,0.0,0.0,0.0,0.0,,0.0,0.0,0.0,0.0,0.0,0.0,0.0025,25193.1235,0.0,0.0,1.0,649.4441999999996,0.0,0.0,0.0,1.0,0.0,0.0,1.0,0.0,0,0,20.77027787946408,3.029930123324903,23.80020800278898,10.12117720253229,3.026529074021321,13.147706276553611,3389.745600000004,3354.284399999993,3389.745600000004,0.0,0,0,0.0,0.0,0.0,1.0,1.0,0.0,0.0,0.0,0.0,0.5,0.25,0.0,-516.4115044934089,0.0,0,2560.0,2200.7997000000005,0.0,1526.6167999999982,680.5292,0.0,0.0,0.0,0.0,0,524.6842,2560.0,2200.7997000000005,846.0876000000005,271.0,0.0,0.0,0.015,5.781407525870181,6.215001104972383,5.555917343750002,NaN,5.186090457008527,18.71181119010248,1086.0,1063.0,543.0,2045.3333333333335,1548.0,204.0,124,0,0,0,45,34.0,2048.0,33256.14160000001,26151.851599999998,29164.171100000003,224,544,0,38,0.22945276794846992,0.34440105537012844,0.4179851257537057,0,10218.798200000005,6145.636200000003,45,0,640.0,0,0,0,0.0,0,0.0,41656.14159999999,0.0,0,0,0,1.5,0,0.0,0,0,0.0,0,0.0,0,0,3555.787100000001,256.0,8320.2079,2,0.0,0.0,NaN,5120.0,NaN,NaN,0,0,0.0,0,0.0,NaN,0,NaN,0,0,0,0.0,0.0,0.0,0.0,0.0,0.0,0.0,0.0,0,0,0,0,124,0.0,0,0,0.0,0,0.0,0.0,0.0,0.0,0.0,0.0,0.0,0.0,0.0,0.0,0.7630205705797253,474,30876.76730000001,38,10779.3743,4,46551.851599999995,4,29164.171100000003,2,524.6842,25193.1235,37.5,0,0,543,543,6 + charge on balances,sumsy,9,-2.9103830456733704e-11
94,512,4,4,122962.46339999994,0.0,0.0,0.0,0.0,,0.0,0.0,0.0,0.0,0.0,0.0,0.0025,25563.0181,0.0,0.0,1.0,648.6741000000007,0.0,0.0,0.0,1.0,0.0,0.0,1.0,0.0,0,0,20.46335932529446,3.113063411419902,23.57642273671436,9.96235722894391,3.0954974671583173,13.057854696102227,3312.6178999999956,3389.7456000000097,3312.6178999999956,0.0,0,0,0.0,0.0,0.0,1.0,1.0,0.0,0.0,0.0,0.0,0.5,0.25,0.0,-516.4115044934089,0.0,0,2560.0,2207.7165,0.0,1534.7284999999993,688.9496999999999,0.0,0.0,0.0,0.0,0,524.6212,2560.0,2207.7165,845.7788000000007,271.0,0.0,0.0,0.015,5.72918028301887,6.175314419475647,5.584050156250005,NaN,5.207125963661864,19.04474256191676,1068.0,1060.0,534.0,2048.0,1530.0,204.0,129,0,0,2,43,29.0,2048.0,33324.67959999999,26196.792,29013.9692,224,544,0,38,0.22306921281557068,0.33860547965043586,0.42510040730801935,0,10156.475400000003,6072.9311000000025,43,0,640.0,0,0,0,0.0,0,0.0,41724.67959999998,0.0,0,0,0,1.5,0,0.0,0,0,0.0,0,0.0,0,0,3573.7921000000033,256.0,8339.383300000001,2,0.0,0.0,NaN,5120.0,NaN,NaN,0,0,0.0,0,0.0,NaN,0,NaN,0,0,0,0.0,0.0,0.0,0.0,0.0,0.0,0.0,0.0,0,0,0,0,129,0.0,0,0,0.0,0,0.0,0.0,0.0,0.0,0.0,0.0,0.0,0.0,0.0,0.0,0.7607524772526517,474,30947.197999999997,38,10777.481599999997,4,46596.792,4,29013.9692,2,524.6212,25563.0181,37.5,0,0,534,534,6 + charge on balances,sumsy,9,-2.9103830456733704e-11
95,512,4,4,123307.60910000003,0.0,0.0,0.0,0.0,,0.0,0.0,0.0,0.0,0.0,0.0,0.0025,25931.4554,0.0,0.0,1.0,642.8141999999997,0.0,0.0,0.0,1.0,0.0,0.0,1.0,0.0,0,0,21.074179132831762,3.1428526802014467,24.217031813033213,10.136990153684744,3.129487150469606,13.26647730415435,3316.5161999999928,3312.6178999999825,3316.5161999999928,0.0,0,0,0.0,0.0,0.0,1.0,1.0,0.0,0.0,0.0,0.0,0.5,0.25,0.0,-516.4115044934089,0.0,0,2560.0,2214.8543,0.0,1534.918000000003,689.3235000000001,0.0,0.0,0.0,0.0,0,524.5936,2560.0,2214.8543,845.5945000000004,271.0,0.0,0.0,0.015,5.702079268292678,6.194214258911806,5.672965625,NaN,5.203311318338572,19.14145895972455,1066.0,1066.0,533.0,2045.3333333333333,1528.0,204.0,129,0,0,1,49,23.0,2048.0,33314.72409999999,26171.6075,28961.957400000003,224,544,0,38,0.22418693263670786,0.342647039391879,0.42738573211368647,0,10140.326299999995,6078.416499999995,49,0,640.0,0,0,0,0.0,0,0.0,41714.72409999999,0.0,0,0,0,1.5,0,0.0,0,0,0.0,0,0.0,0,0,3630.698,256.0,8403.2711,2,0.0,0.0,NaN,5120.0,NaN,NaN,0,0,0.0,0,0.0,NaN,0,NaN,0,0,0,0.0,0.0,0.0,0.0,0.0,0.0,0.0,0.0,0,0,0,0,129,0.0,0,0,0.0,0,0.0,0.0,0.0,0.0,0.0,0.0,0.0,0.0,0.0,0.0,0.7620829006002776,474,30842.2772,38,10872.4469,4,46571.6075,4,28961.957400000003,2,524.5936,25931.4554,37.5,0,0,533,533,6 + charge on balances,sumsy,9,-2.9103830456733704e-11
96,512,4,4,123645.40470000003,0.0,0.0,0.0,0.0,,0.0,0.0,0.0,0.0,0.0,0.0,0.0025,26295.1114,0.0,0.0,1.0,639.7745999999995,0.0,0.0,0.0,1.0,0.0,0.0,1.0,0.0,0,0,21.607227250264113,3.046218853732262,24.653446103996373,10.585359133531952,3.029774216076593,13.615133349608545,3305.119899999989,3316.516200000003,3305.119899999989,0.0,0,0,0.0,0.0,0.0,1.0,1.0,0.0,0.0,0.0,0.0,0.5,0.25,0.0,-516.4115044934089,0.0,0,2560.0,2222.2044000000024,0.0,1534.5298000000005,688.9752,0.0,0.0,0.0,0.0,0,524.6342,2560.0,2222.2044000000024,845.5546000000015,271.0,0.0,0.0,0.015,5.688749588289116,6.138283395522367,5.776531718749994,NaN,5.206049474512717,19.034382966755476,1072.0,1093.0,536.0,2046.6666666666667,1534.0,204.0,128,0,0,0,45,47.0,2048.0,33139.26989999999,26145.2171,29037.799,224,544,0,38,0.2324412226911634,0.34843064591253703,0.4266450487298288,0,10178.914699999996,6217.803300000003,45,0,640.0,0,0,0,0.0,0,0.0,41539.2699,0.0,0,0,0,1.5,0,0.0,0,0,0.0,0,0.0,0,0,3696.980299999996,256.0,8503.3731,2,0.0,0.0,NaN,5120.0,NaN,NaN,0,0,0.0,0,0.0,NaN,0,NaN,0,0,0,0.0,0.0,0.0,0.0,0.0,0.0,0.0,0.0,0,0,0,0,128,0.0,0,0,0.0,0,0.0,0.0,0.0,0.0,0.0,0.0,0.0,0.0,0.0,0.0,0.7648149609864134,474,30713.783900000002,38,10825.486,4,46545.2171,4,29037.799,2,524.6342,26295.1114,37.5,0,0,536,536,6 + charge on balances,sumsy,9,-2.9103830456733704e-11
97,512,4,4,123976.90830000008,0.0,0.0,0.0,0.0,,0.0,0.0,0.0,0.0,0.0,0.0,0.0025,26654.0927,0.0,0.0,1.0,638.2752000000003,0.0,0.0,0.0,1.0,0.0,0.0,1.0,0.0,0,0,21.439035592818296,3.1079720130766555,24.54700760589495,10.361647619152551,3.0806106468627625,13.442258266015314,3315.1631999999963,3305.1199000000156,3315.1631999999963,0.0,0,0,0.0,0.0,0.0,1.0,1.0,0.0,0.0,0.0,0.0,0.5,0.25,0.0,-516.4115044934089,0.0,0,2560.0,2228.4963999999995,0.0,1535.6517000000003,690.6007000000001,0.0,0.0,0.0,0.0,0,524.653,2560.0,2228.4963999999995,845.0509999999991,271.0,0.0,0.0,0.015,5.737764292589034,6.1800808988763976,5.849916093750001,NaN,5.246025754121607,19.168006696094263,1068.0,1039.0,534.0,2048.0,1530.0,204.0,129,0,0,1,41,22.0,2048.0,33211.86399999994,26117.361,28873.418299999998,224,544,0,38,0.22742137923871897,0.34517875638558926,0.4289796470049514,0,10218.190799999982,5961.537100000007,41,0,640.0,0,0,0,0.0,0,0.0,41611.86399999999,0.0,0,0,0,1.5,0,0.0,0,0,0.0,0,0.0,0,0,3743.9463000000005,256.0,8595.5193,2,0.0,0.0,NaN,5120.0,NaN,NaN,0,0,0.0,0,0.0,NaN,0,NaN,0,0,0,0.0,0.0,0.0,0.0,0.0,0.0,0.0,0.0,0,0,0,0,129,0.0,0,0,0.0,0,0.0,0.0,0.0,0.0,0.0,0.0,0.0,0.0,0.0,0.0,0.7633398545508594,474,30715.08499999996,38,10896.779000000004,4,46517.36099999999,4,28873.418299999998,2,524.653,26654.0927,37.5,0,0,534,534,6 + charge on balances,sumsy,9,-2.9103830456733704e-11
98,512,4,4,124301.8100000001,0.0,0.0,0.0,0.0,,0.0,0.0,0.0,0.0,0.0,0.0,0.0025,27001.5238,0.0,0.0,1.0,643.7781000000006,0.0,0.0,0.0,1.0,0.0,0.0,1.0,0.0,0,0,21.098468334025874,3.1260787349427606,24.224547068968633,9.917883780145136,3.1167548874496194,13.034638667594754,3360.2122000000163,3315.1631999999945,3360.2122000000163,0.0,0,0,0.0,0.0,0.0,1.0,1.0,0.0,0.0,0.0,0.0,0.5,0.25,0.0,-516.4115044934089,0.0,0,2560.0,2235.098299999997,0.0,1536.730500000001,691.9427999999999,0.0,0.0,0.0,0.0,0,524.6438,2560.0,2235.098299999997,844.7876999999992,271.0,0.0,0.0,0.015,5.767922131147534,6.276195497185772,5.925790156250002,NaN,5.308548137191366,19.250185212718744,1066.0,1098.0,533.0,2046.6666666666667,1528.0,204.0,130,0,0,0,62,34.0,2048.0,32957.267899999984,26088.7825,29045.850000000002,224,544,0,38,0.22221887919840766,0.34319748115901105,0.4303425695476075,0,10308.545900000021,6333.178499999993,62,0,640.0,0,0,0,0.0,0,0.0,41357.26789999998,0.0,0,0,0,1.5,0,0.0,0,0,0.0,0,0.0,0,0,3792.5057000000015,256.0,8683.742,2,0.0,0.0,NaN,5120.0,NaN,NaN,0,0,0.0,0,0.0,NaN,0,NaN,0,0,0,0.0,0.0,0.0,0.0,0.0,0.0,0.0,0.0,0,0,0,0,130,0.0,0,0,0.0,0,0.0,0.0,0.0,0.0,0.0,0.0,0.0,0.0,0.0,0.0,0.7639779267960589,474,30514.658799999983,38,10842.6091,4,46488.782499999994,4,29045.850000000002,2,524.6438,27001.5238,37.5,0,0,533,533,6 + charge on balances,sumsy,9,-2.9103830456733704e-11
99,512,4,4,124619.74710000005,0.0,0.0,0.0,0.0,,0.0,0.0,0.0,0.0,0.0,0.0,0.0025,27325.3185,0.0,0.0,1.0,647.1593999999994,0.0,0.0,0.0,1.0,0.0,0.0,1.0,0.0,0,0,21.264974265849226,2.99823249610807,24.263206761957292,10.423918123744482,2.9869102415997646,13.410828365344246,3439.6094999999877,3360.212200000006,3439.6094999999877,0.0,0,0,0.0,0.0,0.0,1.0,1.0,0.0,0.0,0.0,0.0,0.5,0.25,0.0,-516.4115044934089,0.0,0,2560.0,2242.0628999999963,0.0,1523.1259000000002,678.1799,0.0,0.0,0.0,0.0,0,524.7022,2560.0,2242.0628999999963,844.945999999999,271.0,0.0,0.0,0.015,5.853933183047796,6.3184677121771,5.988296457326896,NaN,5.331203663075569,18.929061919190953,1084.0,1109.0,542.0,2048.0,1546.0,204.0,125,0,0,1,61,59.0,2048.0,32753.82710000002,26054.847999999998,29296.6632,224,544,0,38,0.2360151024546706,0.35358597707258443,0.4242659448101076,0,10442.882299999983,6492.011900000006,61,0,621.0,0,0,0,0.0,0,0.0,41153.82710000001,0.0,0,0,0,1.5,0,0.0,0,0,0.0,0,0.0,0,0,3718.7321000000024,256.0,8664.3881,2,0.0,0.0,NaN,5120.0,NaN,NaN,0,0,0.0,0,0.0,NaN,0,NaN,0,0,0,0.0,0.0,0.0,0.0,0.0,0.0,0.0,0.0,0,0,0,0,125,0.0,0,0,0.0,0,0.0,0.0,0.0,0.0,0.0,0.0,0.0,0.0,0.0,0.0,0.7683546803352392,474,30348.599500000015,38,10805.227599999998,4,46454.848,4,29296.6632,2,524.7022,27325.3185,37.5,0,0,542,542,6 + charge on balances,sumsy,9,-2.9103830456733704e-11
100,512,4,4,124931.27779999985,0.0,0.0,0.0,0.0,,0.0,0.0,0.0,0.0,0.0,0.0,0.0025,27622.1283,0.0,0.0,1.0,656.8136999999995,0.0,0.0,0.0,1.0,0.0,0.0,1.0,0.0,0,0,20.875399547014148,2.9825762294905505,23.857975776504702,10.295966006814504,2.9638768862525127,13.259842893067017,3417.6978000000045,3439.6094999999873,3417.6978000000045,0.0,0,0,0.0,0.0,0.0,1.0,1.0,0.0,0.0,0.0,0.0,0.5,0.25,0.0,-516.4115044934089,0.0,0,2560.0,2248.469299999998,0.0,1511.824599999999,666.692,0.0,0.0,0.0,0.0,0,524.81,2560.0,2248.469299999998,845.1325999999996,271.0,0.0,0.0,0.015,5.923704310344825,6.266478453038682,5.972101372212698,NaN,5.339722999443174,18.769068225490862,1086.0,1044.0,543.0,2046.6666666666667,1548.0,204.0,124,0,0,1,49,31.0,2048.0,33107.84490000005,26078.309,29157.982999999997,224,544,0,38,0.23543421559116084,0.3517542956295088,0.41676155293421524,0,10459.36370000002,6184.347299999998,49,0,583.0,0,0,0,0.0,0,0.0,41507.84490000002,0.0,0,0,0,1.5,0,0.0,0,0,0.0,0,0.0,0,0,3481.735100000003,256.0,8440.2026,2,0.0,0.0,NaN,5120.0,NaN,NaN,0,0,0.0,0,0.0,NaN,0,NaN,0,0,0,0.0,0.0,0.0,0.0,0.0,0.0,0.0,0.0,0,0,0,0,124,0.0,0,0,0.0,0,0.0,0.0,0.0,0.0,0.0,0.0,0.0,0.0,0.0,0.0,0.7659870781571589,474,30699.935700000027,38,10807.9092,4,46478.308999999994,4,29157.982999999997,2,524.81,27622.1283,37.5,0,0,543,543,6 + charge on balances,sumsy,9,-2.9103830456733704e-11
101,512,4,4,125237.1424,0.0,0.0,0.0,0.0,,0.0,0.0,0.0,0.0,0.0,0.0,0.0025,27910.177,0.0,0.0,1.0,664.6371000000005,0.0,0.0,0.0,1.0,0.0,0.0,1.0,0.0,0,0,20.373402756570908,3.139554106980034,23.51295686355094,9.67191055354331,3.119419481350737,12.791330034894047,3383.051500000011,3417.697800000023,3383.051500000011,0.0,0,0,0.0,0.0,0.0,1.0,1.0,0.0,0.0,0.0,0.0,0.5,0.25,0.0,-516.4115044934089,0.0,0,2560.0,2254.1353999999988,0.0,1516.7608000000032,671.7308000000002,0.0,0.0,0.0,0.0,0,524.8724,2560.0,2254.1353999999988,845.0299999999991,271.0,0.0,0.0,0.015,5.856859325210873,6.283678171641811,5.935260267111858,NaN,5.373426351773609,19.00141496619576,1072.0,1067.0,536.0,2046.6666666666667,1534.0,204.0,128,0,0,1,46,29.0,2048.0,33295.45439999998,26093.9892,29110.537599999996,224,544,0,38,0.22187860253286606,0.3425034334535575,0.42548086470451074,0,10433.01059999999,6249.268900000002,46,0,599.0,0,0,0,0.0,0,0.0,41695.454400000024,0.0,0,0,0,1.5,0,0.0,0,0,0.0,0,0.0,0,0,3555.220900000003,256.0,8302.111799999999,2,0.0,0.0,NaN,5120.0,NaN,NaN,0,0,0.0,0,0.0,NaN,0,NaN,0,0,0,0.0,0.0,0.0,0.0,0.0,0.0,0.0,0.0,0,0,0,0,128,0.0,0,0,0.0,0,0.0,0.0,0.0,0.0,0.0,0.0,0.0,0.0,0.0,0.0,0.7620699639142543,474,30812.4626,38,10882.991800000003,4,46493.989199999996,4,29110.537599999996,2,524.8724,27910.177,37.5,0,0,536,536,6 + charge on balances,sumsy,9,-2.9103830456733704e-11
102,512,4,4,125536.6651000001,0.0,0.0,0.0,0.0,,0.0,0.0,0.0,0.0,0.0,0.0,0.0025,28203.0299,0.0,0.0,1.0,657.1401000000001,0.0,0.0,0.0,1.0,0.0,0.0,1.0,0.0,0,0,20.89325508564219,3.039503950896512,23.932759036538698,9.582368501177005,3.035835887154421,12.618204388331426,3403.1141000000052,3383.0514999999996,3403.1141000000052,0.0,0,0,0.0,0.0,0.0,1.0,1.0,0.0,0.0,0.0,0.0,0.5,0.25,0.0,-516.4115044934089,0.0,0,2560.0,2260.4772999999946,0.0,1520.0570000000027,674.8504999999999,0.0,0.0,0.0,0.0,0,524.9516,2560.0,2260.4772999999946,845.2064999999975,271.0,0.0,0.0,0.015,5.8522634935305,6.344782958801508,5.877128976377956,NaN,5.303175043325898,18.937804859842892,1068.0,1082.0,534.0,2046.6666666666667,1530.0000000000002,204.0,129,0,0,2,55,34.0,2048.0,33100.168899999975,26084.139600000002,29196.4375,224,544,0,38,0.22009147537607965,0.3449502122980741,0.426123615177743,0,10307.846500000014,6332.1491000000005,55,0,635.0,0,0,0,0.0,0,0.0,41500.16889999999,0.0,0,0,0,1.5,0,0.0,0,0,0.0,0,0.0,0,0,3731.9769000000024,256.0,8427.937600000001,2,0.0,0.0,NaN,5120.0,NaN,NaN,0,0,0.0,0,0.0,NaN,0,NaN,0,0,0,0.0,0.0,0.0,0.0,0.0,0.0,0.0,0.0,0,0,0,0,129,0.0,0,0,0.0,0,0.0,0.0,0.0,0.0,0.0,0.0,0.0,0.0,0.0,0.0,0.763882860902398,474,30449.80309999999,38,11050.3658,4,46484.1396,4,29196.4375,2,524.9516,28203.0299,37.5,0,0,534,534,6 + charge on balances,sumsy,9,-2.9103830456733704e-11
103,512,4,4,125830.1347000001,0.0,0.0,0.0,0.0,,0.0,0.0,0.0,0.0,0.0,0.0,0.0025,28493.2036,0.0,0.0,1.0,656.625,0.0,0.0,0.0,1.0,0.0,0.0,1.0,0.0,0,0,20.852254412298016,3.0965471435034804,23.948801555801495,9.947889840123823,3.0705940547723607,13.018483894896184,3420.9210999999987,3403.1141000000084,3420.9210999999987,0.0,0,0,0.0,0.0,0.0,1.0,1.0,0.0,0.0,0.0,0.0,0.5,0.25,0.0,-516.4115044934089,0.0,0,2560.0,2266.5303999999974,0.0,1522.7873999999997,677.5161000000002,0.0,0.0,0.0,0.0,0,525.0576,2560.0,2266.5303999999974,845.2712999999984,271.0,0.0,0.0,0.015,5.848155783582098,6.330708364312265,5.805977968750003,NaN,5.2480878612749375,18.699493198757402,1076.0,1072.0,538.0,2045.3333333333335,1538.0,204.0,127,0,0,0,50,32.0,2048.0,32946.32929999999,26095.804200000002,29203.9144,224,544,0,38,0.22687255569625964,0.3472165544105579,0.42247343642434987,0,10268.659999999993,6269.223000000009,50,0,640.0,0,0,0,0.0,0,0.0,41346.32929999998,0.0,0,0,0,1.5,0,0.0,0,0,0.0,0,0.0,0,0,3715.825900000002,256.0,8565.8256,2,0.0,0.0,NaN,5120.0,NaN,NaN,0,0,0.0,0,0.0,NaN,0,NaN,0,0,0,0.0,0.0,0.0,0.0,0.0,0.0,0.0,0.0,0,0,0,0,127,0.0,0,0,0.0,0,0.0,0.0,0.0,0.0,0.0,0.0,0.0,0.0,0.0,0.0,0.7654128674108545,474,30437.309100000002,38,10909.020199999999,4,46495.8042,4,29203.9144,2,525.0576,28493.2036,37.5,0,0,538,538,6 + charge on balances,sumsy,9,-2.9103830456733704e-11
104,512,4,4,126117.9499999999,0.0,0.0,0.0,0.0,,0.0,0.0,0.0,0.0,0.0,0.0,0.0025,28784.5525,0.0,0.0,1.0,656.1609000000004,0.0,0.0,0.0,1.0,0.0,0.0,1.0,0.0,0,0,21.01120532830952,3.0844855418224486,24.095690870131968,10.198058249536382,3.072110432248483,13.270168681784865,3378.3483000000015,3420.921099999996,3378.3483000000015,0.0,0,0,0.0,0.0,0.0,1.0,1.0,0.0,0.0,0.0,0.0,0.5,0.25,0.0,-516.4115044934089,0.0,0,2560.0,2272.1846999999993,0.0,1529.4610999999982,684.3444000000001,0.0,0.0,0.0,0.0,0,524.9746,2560.0,2272.1846999999993,845.1166999999998,271.0,0.0,0.0,0.015,5.833853881700558,6.263218435754193,5.764521870047548,NaN,5.304089178983065,18.93453619688693,1074.0,1082.0,537.0,2048.0,1536.0,204.0,128,0,0,2,57,35.0,2048.0,32905.0446,26140.2567,29223.966699999997,224,544,0,38,0.23563399425492282,0.3537071311370308,0.44163783128009015,0,10345.265300000014,6312.229900000004,57,0,631.0,0,0,0,0.0,0,0.0,41305.04460000006,0.0,0,0,0,1.5,0,0.0,0,0,0.0,0,0.0,0,0,3637.413300000003,256.0,8539.1549,2,0.0,0.0,NaN,5120.0,NaN,NaN,0,0,0.0,0,0.0,NaN,0,NaN,0,0,0,0.0,0.0,0.0,0.0,0.0,0.0,0.0,0.0,0,0,0,0,128,0.0,0,0,0.0,0,0.0,0.0,0.0,0.0,0.0,0.0,0.0,0.0,0.0,0.0,0.7677003343768021,474,30425.710399999985,38,10879.3342,4,46540.2567,4,29223.966699999997,2,524.9746,28784.5525,37.5,0,0,537,537,6 + charge on balances,sumsy,9,-2.9103830456733704e-11
105,512,4,4,126400.07780000009,0.0,0.0,0.0,0.0,,0.0,0.0,0.0,0.0,0.0,0.0,0.0025,29058.095,0.0,0.0,1.0,654.5595000000003,0.0,0.0,0.0,1.0,0.0,0.0,1.0,0.0,0,0,20.735851782510228,3.1092307772933556,23.845082559803583,9.991113634445892,3.0859940273386153,13.077107661784506,3413.9796000000265,3378.348300000006,3413.9796000000265,0.0,0,0,0.0,0.0,0.0,1.0,1.0,0.0,0.0,0.0,0.0,0.5,0.25,0.0,-516.4115044934089,0.0,0,2560.0,2277.8722,0.0,1515.6165999999967,670.4377,0.0,0.0,0.0,0.0,0,524.8346,2560.0,2277.8722,845.1788999999989,271.0,0.0,0.0,0.015,5.827710451977397,6.282771903881749,5.735942301184432,NaN,5.299128608933553,18.8669330897828,1082.0,1062.0,541.0,2045.3333333333333,1544.0,204.0,125,0,0,0,39,34.0,2048.0,33258.361100000024,26117.117899999997,29162.1334,224,544,0,38,0.230903574874618,0.34599021098525773,0.4221753405173043,0,10372.810000000014,6189.028499999995,39,0,591.0,0,0,0,0.0,0,0.0,41658.361100000046,0.0,0,0,0,1.5,0,0.0,0,0,0.0,0,0.0,0,0,3389.941899999999,256.0,8279.5358,2,0.0,0.0,NaN,5120.0,NaN,NaN,0,0,0.0,0,0.0,NaN,0,NaN,0,0,0,0.0,0.0,0.0,0.0,0.0,0.0,0.0,0.0,0,0,0,0,125,0.0,0,0,0.0,0,0.0,0.0,0.0,0.0,0.0,0.0,0.0,0.0,0.0,0.0,0.7634166334796058,474,30832.338200000024,38,10826.022899999998,4,46517.1179,4,29162.1334,2,524.8346,29058.095,37.5,0,0,541,541,6 + charge on balances,sumsy,9,-2.9103830456733704e-11
106,512,4,4,126676.0649999999,0.0,0.0,0.0,0.0,,0.0,0.0,0.0,0.0,0.0,0.0,0.0025,29340.4796,0.0,0.0,1.0,653.8710000000008,0.0,0.0,0.0,1.0,0.0,0.0,1.0,0.0,0,0,20.853137615644712,3.0446558207089915,23.897793436353705,9.653633085405518,3.0353155569141927,12.68894864231971,3353.4732999999974,3413.9796000000215,3353.4732999999974,0.0,0,0,0.0,0.0,0.0,1.0,1.0,0.0,0.0,0.0,0.0,0.5,0.25,0.0,-516.4115044934089,0.0,0,2560.0,2284.012800000001,0.0,1529.5540999999998,684.1983000000001,0.0,0.0,0.0,0.0,0,524.8782,2560.0,2284.012800000001,845.3558000000005,271.0,0.0,0.0,0.015,5.794415934065933,6.287143691148771,5.669940156249999,NaN,5.2774094571599965,19.07544641966032,1062.0,1092.0,531.0,2048.0,1524.0,204.0,131,0,0,2,59,45.0,2048.0,33099.4844,26166.4099,29229.2488,224,544,0,38,0.2198327102188944,0.3428682200781905,0.42828383415876625,0,10236.515199999983,6327.502199999999,59,0,640.0,0,0,0,0.0,0,0.0,41499.48440000006,0.0,0,0,0,1.5,0,0.0,0,0,0.0,0,0.0,0,0,3628.7616999999996,256.0,8315.5641,2,0.0,0.0,NaN,5120.0,NaN,NaN,0,0,0.0,0,0.0,NaN,0,NaN,0,0,0,0.0,0.0,0.0,0.0,0.0,0.0,0.0,0.0,0,0,0,0,131,0.0,0,0,0.0,0,0.0,0.0,0.0,0.0,0.0,0.0,0.0,0.0,0.0,0.0,0.7632240252996756,474,30495.439999999988,38,11004.0444,4,46566.409900000006,4,29229.2488,2,524.8782,29340.4796,37.5,0,0,531,531,6 + charge on balances,sumsy,9,-2.9103830456733704e-11
107,512,4,4,126946.7574999999,0.0,0.0,0.0,0.0,,0.0,0.0,0.0,0.0,0.0,0.0,0.0025,29614.1455,0.0,0.0,1.0,650.1327000000003,0.0,0.0,0.0,1.0,0.0,0.0,1.0,0.0,0,0,21.129457073542714,3.0804126524514084,24.20986972599412,10.091243605991489,3.0677967198680154,13.159040325859502,3395.159399999995,3353.4733000000124,3395.159399999995,0.0,0,0,0.0,0.0,0.0,1.0,1.0,0.0,0.0,0.0,0.0,0.5,0.25,0.0,-516.4115044934089,0.0,0,2560.0,2289.307500000001,0.0,1522.6878999999992,677.4777,0.0,0.0,0.0,0.0,0,524.906,2560.0,2289.307500000001,845.210199999999,271.0,0.0,0.0,0.015,5.831629291044777,6.2595544444444355,5.624860625000001,NaN,5.205315370386203,18.715670362834704,1080.0,1072.0,540.0,2045.3333333333333,1542.0,204.0,126,0,0,1,49,45.0,2048.0,33031.72140000003,26132.958700000003,29276.1003,224,544,0,38,0.2259927610874144,0.34538179234027644,0.4190469431289783,0,10221.968799999997,6251.5066000000015,49,0,640.0,0,0,0,0.0,0,0.0,41431.7214,0.0,0,0,0,1.5,0,0.0,0,0,0.0,0,0.0,0,0,3599.9108000000006,256.0,8366.925599999999,2,0.0,0.0,NaN,5120.0,NaN,NaN,0,0,0.0,0,0.0,NaN,0,NaN,0,0,0,0.0,0.0,0.0,0.0,0.0,0.0,0.0,0.0,0,0,0,0,126,0.0,0,0,0.0,0,0.0,0.0,0.0,0.0,0.0,0.0,0.0,0.0,0.0,0.0,0.7643833375249351,474,30431.94190000003,38,10999.7795,4,46532.9587,4,29276.1003,2,524.906,29614.1455,37.5,0,0,540,540,6 + charge on balances,sumsy,9,-2.9103830456733704e-11
108,512,4,4,127211.75359999979,0.0,0.0,0.0,0.0,,0.0,0.0,0.0,0.0,0.0,0.0,0.0025,29887.9179,0.0,0.0,1.0,654.3096000000008,0.0,0.0,0.0,1.0,0.0,0.0,1.0,0.0,0,0,21.255314849490304,2.9640295543427277,24.219344403833034,10.428084251173727,2.9386685323966857,13.366752783570412,3375.7625999999937,3395.1593999999864,3375.7625999999937,0.0,0,0,0.0,0.0,0.0,1.0,1.0,0.0,0.0,0.0,0.0,0.5,0.25,0.0,-516.4115044934089,0.0,0,2560.0,2295.0039,0.0,1532.5424000000003,687.2716,0.0,0.0,0.0,0.0,0,524.8592,2560.0,2295.0039,845.2708,271.0,0.0,0.0,0.015,5.787687181903864,6.2584033519552955,5.664532343750002,NaN,5.2154702732998,18.83000986989139,1074.0,1061.0,537.0,2046.6666666666667,1536.0,204.0,127,0,0,1,47,36.0,2048.0,33033.203599999986,26162.767,29175.802600000003,224,544,0,38,0.2380001909843532,0.3529718571664304,0.4310907271152187,0,10205.999699999998,6140.7361,47,0,640.0,0,0,0,0.0,0,0.0,41433.203599999964,0.0,0,0,0,1.5,0,0.0,0,0,0.0,0,0.0,0,0,3625.300700000001,256.0,8427.203300000001,2,0.0,0.0,NaN,5120.0,NaN,NaN,0,0,0.0,0,0.0,NaN,0,NaN,0,0,0,0.0,0.0,0.0,0.0,0.0,0.0,0.0,0.0,0,0,0,0,127,0.0,0,0,0.0,0,0.0,0.0,0.0,0.0,0.0,0.0,0.0,0.0,0.0,0.0,0.7667979170896282,474,30451.649800000003,38,10981.5538,4,46562.767,4,29175.802600000003,2,524.8592,29887.9179,37.5,0,0,537,537,6 + charge on balances,sumsy,9,-2.9103830456733704e-11
109,512,4,4,127471.5341000001,0.0,0.0,0.0,0.0,,0.0,0.0,0.0,0.0,0.0,0.0,0.0025,30161.6035,0.0,0.0,1.0,649.3778999999992,0.0,0.0,0.0,1.0,0.0,0.0,1.0,0.0,0,0,21.282507538341484,2.9999783555679755,24.28248589390946,10.341676281684045,2.9536360607181487,13.295312342402193,3308.63900000002,3375.762600000008,3308.63900000002,0.0,0,0,0.0,0.0,0.0,1.0,1.0,0.0,0.0,0.0,0.0,0.5,0.25,0.0,-516.4115044934089,0.0,0,2560.0,2300.219500000003,0.0,1533.1032999999993,688.0138000000001,0.0,0.0,0.0,0.0,0,524.718,2560.0,2300.219500000003,845.0895000000004,271.0,0.0,0.0,0.015,5.762941986879103,6.15633457943929,5.669956718749999,NaN,5.245806528596334,19.056906813260525,1070.0,1067.0,535.0,2046.6666666666665,1531.9999999999998,204.0,128,0,0,1,45,35.0,2048.0,33048.155599999984,26183.007600000004,29109.618499999997,224,544,0,38,0.234417271517964,0.3516742170677254,0.42686513149452665,0,10231.380400000011,6149.059100000003,45,0,640.0,0,0,0,0.0,0,0.0,41448.15560000004,0.0,0,0,0,1.5,0,0.0,0,0,0.0,0,0.0,0,0,3628.772299999999,256.0,8444.4309,2,0.0,0.0,NaN,5120.0,NaN,NaN,0,0,0.0,0,0.0,NaN,0,NaN,0,0,0,0.0,0.0,0.0,0.0,0.0,0.0,0.0,0.0,0,0,0,0,128,0.0,0,0,0.0,0,0.0,0.0,0.0,0.0,0.0,0.0,0.0,0.0,0.0,0.0,0.7662865511005812,474,30404.78909999999,38,11043.3665,4,46583.007600000004,4,29109.618499999997,2,524.718,30161.6035,37.5,0,0,535,535,6 + charge on balances,sumsy,9,-2.9103830456733704e-11
110,512,4,4,127726.08359999982,0.0,0.0,0.0,0.0,,0.0,0.0,0.0,0.0,0.0,0.0,0.0025,30437.5693,0.0,0.0,1.0,646.6034999999994,0.0,0.0,0.0,1.0,0.0,0.0,1.0,0.0,0,0,21.355839941973116,3.03814900626303,24.393988948236146,10.188822526921385,3.0357118659844713,13.224534392905857,3351.856399999997,3308.6390000000206,3351.856399999997,0.0,0,0,0.0,0.0,0.0,1.0,1.0,0.0,0.0,0.0,0.0,0.5,0.25,0.0,-516.4115044934089,0.0,0,2560.0,2305.4505000000017,0.0,1538.273600000002,693.3984,0.0,0.0,0.0,0.0,0,524.6812,2560.0,2305.4505000000017,844.8752000000001,271.0,0.0,0.0,0.015,5.762891636363639,6.248794756554301,5.698058281249999,NaN,5.254372804528041,19.107982876998005,1068.0,1100.0,534.0,2046.6666666666667,1530.0,204.0,128,0,0,1,63,49.0,2048.0,32863.319500000005,26138.373,29287.994599999998,224,544,0,38,0.22801337822928835,0.34959179910323446,0.42735218989340806,0,10237.800100000004,6339.180800000003,63,0,640.0,0,0,0,0.0,0,0.0,41263.319500000005,0.0,0,0,0,1.5,0,0.0,0,0,0.0,0,0.0,0,0,3646.7572999999993,256.0,8474.146,2,0.0,0.0,NaN,5120.0,NaN,NaN,0,0,0.0,0,0.0,NaN,0,NaN,0,0,0,0.0,0.0,0.0,0.0,0.0,0.0,0.0,0.0,0,0,0,0,128,0.0,0,0,0.0,0,0.0,0.0,0.0,0.0,0.0,0.0,0.0,0.0,0.0,0.0,0.7665167896406397,474,30231.6238,38,11031.695699999998,4,46538.373,4,29287.994599999998,2,524.6812,30437.5693,37.5,0,0,534,534,6 + charge on balances,sumsy,9,-2.9103830456733704e-11
111,512,4,4,127975.77490000002,0.0,0.0,0.0,0.0,,0.0,0.0,0.0,0.0,0.0,0.0,0.0025,30697.4091,0.0,0.0,1.0,646.5984000000003,0.0,0.0,0.0,1.0,0.0,0.0,1.0,0.0,0,0,21.38692043491752,3.071385662262202,24.458306097179722,10.311081968688638,3.0660118621970454,13.377093830885686,3384.4746000000077,3351.8564000000024,3384.4746000000077,0.0,0,0,0.0,0.0,0.0,1.0,1.0,0.0,0.0,0.0,0.0,0.5,0.25,0.0,-516.4115044934089,0.0,0,2560.0,2310.3087000000005,0.0,1527.4535999999991,682.8064999999999,0.0,0.0,0.0,0.0,0,524.7222,2560.0,2310.3087000000005,844.6471000000007,271.0,0.0,0.0,0.015,5.812022284122564,6.228234011090588,5.710036891679757,NaN,5.2417535459413,18.80644148606276,1082.0,1077.0,541.0,2046.6666666666667,1544.0,204.0,125,0,0,2,60,44.0,2048.0,32823.26410000002,26110.4865,29333.1095,224,544,0,38,0.22760707119280887,0.34901839361673215,0.4229462961416124,0,10292.947400000015,6259.548000000002,60,0,637.0,0,0,0,0.0,0,0.0,41223.2641,0.0,0,0,0,1.5,0,0.0,0,0,0.0,0,0.0,0,0,3637.293500000005,256.0,8486.7835,2,0.0,0.0,NaN,5120.0,NaN,NaN,0,0,0.0,0,0.0,NaN,0,NaN,0,0,0,0.0,0.0,0.0,0.0,0.0,0.0,0.0,0.0,0,0,0,0,125,0.0,0,0,0.0,0,0.0,0.0,0.0,0.0,0.0,0.0,0.0,0.0,0.0,0.0,0.7665256191366348,474,30192.331200000008,38,11030.9329,4,46510.4865,4,29333.1095,2,524.7222,30697.4091,37.5,0,0,541,541,6 + charge on balances,sumsy,9,-2.9103830456733704e-11
112,512,4,4,128220.41949999989,0.0,0.0,0.0,0.0,,0.0,0.0,0.0,0.0,0.0,0.0,0.0025,30945.4036,0.0,0.0,1.0,652.1064,0.0,0.0,0.0,1.0,0.0,0.0,1.0,0.0,0,0,21.31253585722163,3.012491148580959,24.32502700580259,10.568878245728621,2.9979246551686733,13.566802900897295,3361.7756000000163,3384.474600000029,3361.7756000000163,0.0,0,0,0.0,0.0,0.0,1.0,1.0,0.0,0.0,0.0,0.0,0.5,0.25,0.0,-516.4115044934089,0.0,0,2560.0,2315.355400000002,0.0,1526.1727999999985,681.5319999999999,0.0,0.0,0.0,0.0,0,524.735,2560.0,2315.355400000002,844.6408000000005,271.0,0.0,0.0,0.015,5.80858024231128,6.1748627306273365,5.704924839743593,NaN,5.252048167493686,18.748005650412335,1084.0,1073.0,542.0,2045.3333333333335,1546.0,204.0,125,0,0,2,60,35.0,2048.0,32911.15889999998,26107.977700000003,29313.0304,224,544,0,38,0.24085350896815316,0.3550126084291554,0.43962139753027385,0,10317.470200000012,6232.606600000003,60,0,624.0,0,0,0,0.0,0,0.0,41311.158899999966,0.0,0,0,0,1.5,0,0.0,0,0,0.0,0,0.0,0,0,3559.873100000002,256.0,8418.1139,2,0.0,0.0,NaN,5120.0,NaN,NaN,0,0,0.0,0,0.0,NaN,0,NaN,0,0,0,0.0,0.0,0.0,0.0,0.0,0.0,0.0,0.0,0,0,0,0,125,0.0,0,0,0.0,0,0.0,0.0,0.0,0.0,0.0,0.0,0.0,0.0,0.0,0.0,0.7679928891425409,474,30458.58179999999,38,10852.577099999999,4,46507.9777,4,29313.0304,2,524.735,30945.4036,37.5,0,0,542,542,6 + charge on balances,sumsy,9,-2.9103830456733704e-11
113,512,4,4,128460.35730000008,0.0,0.0,0.0,0.0,,0.0,0.0,0.0,0.0,0.0,0.0,0.0025,31181.0937,0.0,0.0,1.0,651.7239000000005,0.0,0.0,0.0,1.0,0.0,0.0,1.0,0.0,0,0,21.296399115945235,3.1182939769644085,24.414693092909644,10.205949305541015,3.0984041987863504,13.304353504327366,3383.5778999999993,3361.775600000017,3383.5778999999993,0.0,0,0,0.0,0.0,0.0,1.0,1.0,0.0,0.0,0.0,0.0,0.5,0.25,0.0,-516.4115044934089,0.0,0,2560.0,2320.0622000000003,0.0,1518.2582000000007,673.6494,0.0,0.0,0.0,0.0,0,524.7184,2560.0,2320.0622000000003,844.608799999999,271.0,0.0,0.0,0.015,5.777612749762132,6.215088376383763,5.694245408163264,NaN,5.236476284942177,18.706077443168272,1084.0,1051.0,542.0,2045.3333333333333,1546.0,204.0,125,0,0,1,40,23.0,2048.0,33334.12290000001,26082.1244,29156.7468,224,544,0,38,0.23136771219261099,0.34808694533377493,0.4165340731783955,0,10284.832000000004,6072.271000000001,40,0,588.0,0,0,0,0.0,0,0.0,41734.12290000002,0.0,0,0,0,1.5,0,0.0,0,0,0.0,0,0.0,0,0,3348.216299999999,256.0,8181.551100000001,2,0.0,0.0,NaN,5120.0,NaN,NaN,0,0,0.0,0,0.0,NaN,0,NaN,0,0,0,0.0,0.0,0.0,0.0,0.0,0.0,0.0,0.0,0,0,0,0,125,0.0,0,0,0.0,0,0.0,0.0,0.0,0.0,0.0,0.0,0.0,0.0,0.0,0.0,0.7636040723273414,474,30803.53349999999,38,10930.589399999999,4,46482.12439999999,4,29156.7468,2,524.7184,31181.0937,37.5,0,0,542,542,6 + charge on balances,sumsy,9,-2.9103830456733704e-11
114,512,4,4,128695.14279999987,0.0,0.0,0.0,0.0,,0.0,0.0,0.0,0.0,0.0,0.0,0.0025,31429.7144,0.0,0.0,1.0,648.2456999999993,0.0,0.0,0.0,1.0,0.0,0.0,1.0,0.0,0,0,21.230360239192223,3.0667771877098624,24.297137426902086,10.197345900121142,3.038342212638789,13.23568811275993,3313.9128000000183,3383.5779000000066,3313.9128000000183,0.0,0,0,0.0,0.0,0.0,1.0,1.0,0.0,0.0,0.0,0.0,0.5,0.25,0.0,-516.4115044934089,0.0,0,2560.0,2325.214499999996,0.0,1532.8076999999982,688.1708,0.0,0.0,0.0,0.0,0,524.7452,2560.0,2325.214499999996,844.6369,271.0,0.0,0.0,0.015,5.709467756584919,6.212641807909639,5.647393059936895,NaN,5.227054845050348,19.036063163011015,1062.0,1101.0,531.0,2046.6666666666667,1524.0,204.0,130,0,0,1,58,43.0,2048.0,33185.52360000002,26124.468200000003,29227.1108,224,544,0,38,0.22683462286756662,0.34639192317621204,0.4283356236274376,0,10157.991099999967,6286.123999999996,58,0,634.0,0,0,0,0.0,0,0.0,41585.52359999999,0.0,0,0,0,1.5,0,0.0,0,0,0.0,0,0.0,0,0,3580.4471999999914,256.0,8203.580600000001,2,0.0,0.0,NaN,5120.0,NaN,NaN,0,0,0.0,0,0.0,NaN,0,NaN,0,0,0,0.0,0.0,0.0,0.0,0.0,0.0,0.0,0.0,0,0,0,0,130,0.0,0,0,0.0,0,0.0,0.0,0.0,0.0,0.0,0.0,0.0,0.0,0.0,0.0,0.763793263027498,474,30627.018800000016,38,10958.5048,4,46524.4682,4,29227.1108,2,524.7452,31429.7144,37.5,0,0,531,531,6 + charge on balances,sumsy,9,-2.9103830456733704e-11
115,512,4,4,128925.71409999992,0.0,0.0,0.0,0.0,,0.0,0.0,0.0,0.0,0.0,0.0,0.0025,31671.9028,0.0,0.0,1.0,640.6008999999992,0.0,0.0,0.0,1.0,0.0,0.0,1.0,0.0,0,0,21.404824598826025,3.166862960199885,24.57168755902591,10.4497445217996,3.143486927341406,13.593231449141006,3357.542599999982,3313.912800000015,3357.542599999982,0.0,0,0,0.0,0.0,0.0,1.0,1.0,0.0,0.0,0.0,0.0,0.5,0.25,0.0,-516.4115044934089,0.0,0,2560.0,2329.4286999999986,0.0,1523.6635000000012,679.3856999999999,0.0,0.0,0.0,0.0,0,524.761,2560.0,2329.4286999999986,844.2777999999998,271.0,0.0,0.0,0.015,5.758071065032988,6.18989370370367,5.612587656249994,NaN,5.14791274251329,18.679387592459904,1080.0,1061.0,540.0,2046.6666666666667,1542.0,204.0,126,0,0,1,49,32.0,2048.0,33175.21430000003,26077.7183,29193.1981,224,544,0,38,0.22912354336015417,0.3461752785437904,0.4230389265257848,0,10130.733799999993,6109.3134,49,0,640.0,0,0,0,0.0,0,0.0,41575.214300000036,0.0,0,0,0,1.5,0,0.0,0,0,0.0,0,0.0,0,0,3592.056099999996,256.0,8282.9196,2,0.0,0.0,NaN,5120.0,NaN,NaN,0,0,0.0,0,0.0,NaN,0,NaN,0,0,0,0.0,0.0,0.0,0.0,0.0,0.0,0.0,0.0,0,0,0,0,126,0.0,0,0,0.0,0,0.0,0.0,0.0,0.0,0.0,0.0,0.0,0.0,0.0,0.0,0.7637446282874458,474,30756.378700000023,38,10818.8356,4,46477.7183,4,29193.1981,2,524.761,31671.9028,37.5,0,0,540,540,6 + charge on balances,sumsy,9,-2.9103830456733704e-11
116,512,4,4,129151.49770000021,0.0,0.0,0.0,0.0,,0.0,0.0,0.0,0.0,0.0,0.0,0.0025,31916.058,0.0,0.0,1.0,646.0577999999996,0.0,0.0,0.0,1.0,0.0,0.0,1.0,0.0,0,0,21.51896699033893,3.0254450239023902,24.544412014241324,10.581355351522099,3.018232300738686,13.599587652260785,3318.098600000009,3357.542600000001,3318.098600000009,0.0,0,0,0.0,0.0,0.0,1.0,1.0,0.0,0.0,0.0,0.0,0.5,0.25,0.0,-516.4115044934089,0.0,0,2560.0,2334.2163999999966,0.0,1536.0744999999974,691.8965999999999,0.0,0.0,0.0,0.0,0,524.7268,2560.0,2334.2163999999966,844.1779000000004,271.0,0.0,0.0,0.015,5.694492265193369,6.162497388059718,5.571042812499999,NaN,5.166833424704493,18.80676561508396,1072.0,1086.0,536.0,2046.6666666666665,1533.9999999999998,204.0,127,0,0,2,60,36.0,2048.0,33106.295999999995,26100.2181,29182.4375,224,544,0,38,0.243875916357986,0.356835505421349,0.4403351097268111,0,10119.820400000015,6184.218599999998,60,0,640.0,0,0,0,0.0,0,0.0,41506.29600000001,0.0,0,0,0,1.5,0,0.0,0,0,0.0,0,0.0,0,0,3565.4673999999995,256.0,8321.761299999998,2,0.0,0.0,NaN,5120.0,NaN,NaN,0,0,0.0,0,0.0,NaN,0,NaN,0,0,0,0.0,0.0,0.0,0.0,0.0,0.0,0.0,0.0,0,0,0,0,127,0.0,0,0,0.0,0,0.0,0.0,0.0,0.0,0.0,0.0,0.0,0.0,0.0,0.0,0.7675109618530378,474,30725.309800000014,38,10780.986200000001,4,46500.218100000006,4,29182.4375,2,524.7268,31916.058,37.5,0,0,536,536,6 + charge on balances,sumsy,9,-2.9103830456733704e-11
117,512,4,4,129372.94470000005,0.0,0.0,0.0,0.0,,0.0,0.0,0.0,0.0,0.0,0.0,0.0025,32151.7466,0.0,0.0,1.0,638.9229000000001,0.0,0.0,0.0,1.0,0.0,0.0,1.0,0.0,0,0,21.80666639873611,3.0914167935936354,24.898083192329747,10.440694989815073,3.0765441494809362,13.517239139296008,3323.432400000001,3318.098600000013,3323.432400000001,0.0,0,0,0.0,0.0,0.0,1.0,1.0,0.0,0.0,0.0,0.0,0.5,0.25,0.0,-516.4115044934089,0.0,0,2560.0,2338.553,0.0,1525.2401000000011,681.2771999999999,0.0,0.0,0.0,0.0,0,524.5876,2560.0,2338.553,843.9628999999995,271.0,0.0,0.0,0.015,5.702454362416107,6.115401848428838,5.611544566929128,NaN,5.1630361175440385,18.767529006118288,1082.0,1043.0,541.0,2045.3333333333335,1544.0000000000002,204.0,125,0,0,2,40,17.0,2048.0,33315.60810000001,26070.6895,28987.228199999998,224,544,0,38,0.23447167080576747,0.35100320720936695,0.4346116489853107,0,10161.445099999988,5947.6599,40,0,635.0,0,0,0,0.0,0,0.0,41715.608100000056,0.0,0,0,0,1.5,0,0.0,0,0,0.0,0,0.0,0,0,3563.330799999996,256.0,8323.0847,2,0.0,0.0,NaN,5120.0,NaN,NaN,0,0,0.0,0,0.0,NaN,0,NaN,0,0,0,0.0,0.0,0.0,0.0,0.0,0.0,0.0,0.0,0,0,0,0,125,0.0,0,0,0.0,0,0.0,0.0,0.0,0.0,0.0,0.0,0.0,0.0,0.0,0.0,0.7645316420871515,474,30861.68580000001,38,10853.9223,4,46470.68949999999,4,28987.228199999998,2,524.5876,32151.7466,37.5,0,0,541,541,6 + charge on balances,sumsy,9,-2.9103830456733704e-11
118,512,4,4,129589.84360000014,0.0,0.0,0.0,0.0,,0.0,0.0,0.0,0.0,0.0,0.0,0.0025,32393.1825,0.0,0.0,1.0,639.8153999999992,0.0,0.0,0.0,1.0,0.0,0.0,1.0,0.0,0,0,21.840214159475643,3.069072881067386,24.909287040543028,10.509085145221833,3.069072881067386,13.578158026289218,3273.4861999999894,3323.432400000005,3273.4861999999894,0.0,0,0,0.0,0.0,0.0,1.0,1.0,0.0,0.0,0.0,0.0,0.5,0.25,0.0,-516.4115044934089,0.0,0,2560.0,2343.1010999999967,0.0,1536.8078,693.0361,0.0,0.0,0.0,0.0,0,524.5528,2560.0,2343.1010999999967,843.7716999999988,271.0,0.0,0.0,0.015,5.617929346826128,6.124974060150356,5.617606406250005,NaN,5.182156386716705,19.048658172231622,1064.0,1087.0,532.0,2045.3333333333333,1526.0,204.0,129,0,0,2,49,33.0,2048.0,33271.37590000003,26078.704100000003,28963.890399999997,224,544,0,38,0.2370328864758955,0.35413819686405734,0.4459837981279131,0,10098.47310000003,6106.689200000001,49,0,640.0,0,0,0,0.0,0,0.0,41671.37590000001,0.0,0,0,0,1.5,0,0.0,0,0,0.0,0,0.0,0,0,3595.268100000003,256.0,8358.1379,2,0.0,0.0,NaN,5120.0,NaN,NaN,0,0,0.0,0,0.0,NaN,0,NaN,0,0,0,0.0,0.0,0.0,0.0,0.0,0.0,0.0,0.0,0,0,0,0,129,0.0,0,0,0.0,0,0.0,0.0,0.0,0.0,0.0,0.0,0.0,0.0,0.0,0.0,0.7657184588718928,474,30767.999500000016,38,10903.376399999997,4,46478.7041,4,28963.890399999997,2,524.5528,32393.1825,37.5,0,0,532,532,6 + charge on balances,sumsy,9,-2.9103830456733704e-11
119,512,4,4,129802.34729999996,0.0,0.0,0.0,0.0,,0.0,0.0,0.0,0.0,0.0,0.0,0.0025,32633.701,0.0,0.0,1.0,630.3294000000003,0.0,0.0,0.0,1.0,0.0,0.0,1.0,0.0,0,0,22.089946345311,3.080642230207902,25.1705885755189,10.990384205466448,3.0496916039828172,14.040075809449265,3289.805700000007,3273.4861999999926,3289.805700000007,0.0,0,0,0.0,0.0,0.0,1.0,1.0,0.0,0.0,0.0,0.0,0.5,0.25,0.0,-516.4115044934089,0.0,0,2560.0,2347.4962999999993,0.0,1531.309900000001,687.7920000000001,0.0,0.0,0.0,0.0,0,524.5698,2560.0,2347.4962999999993,843.5178999999994,271.0,0.0,0.0,0.015,5.641745539033458,6.121132149532723,5.629393906250007,NaN,5.160312754164933,18.97568581885224,1070.0,1076.0,535.0,2045.3333333333333,1532.0,204.0,128,0,0,3,52,36.0,2048.0,33253.837,26034.8927,28968.8788,224,544,0,38,0.2395508364686032,0.350871784904909,0.43967190967638237,0,10096.393699999982,6070.518200000001,52,0,640.0,0,0,0,0.0,0,0.0,41653.837000000014,0.0,0,0,0,1.5,0,0.0,0,0,0.0,0,0.0,0,0,3602.812100000004,256.0,8386.468,2,0.0,0.0,NaN,5120.0,NaN,NaN,0,0,0.0,0,0.0,NaN,0,NaN,0,0,0,0.0,0.0,0.0,0.0,0.0,0.0,0.0,0.0,0,0,0,0,128,0.0,0,0,0.0,0,0.0,0.0,0.0,0.0,0.0,0.0,0.0,0.0,0.0,0.0,0.7646907852127636,474,30922.0471,38,10731.789900000003,4,46434.8927,4,28968.8788,2,524.5698,32633.701,37.5,0,0,535,535,6 + charge on balances,sumsy,9,-2.9103830456733704e-11
120,512,4,4,130010.84559999997,0.0,0.0,0.0,0.0,,0.0,0.0,0.0,0.0,0.0,0.0,0.0025,32867.3887,0.0,0.0,1.0,633.0017999999991,0.0,0.0,0.0,1.0,0.0,0.0,1.0,0.0,0,0,21.851573211399206,3.138793028879007,24.990366240278213,10.857601617511165,3.1207020488487656,13.978303666359931,3305.9152999999915,3289.805699999993,3305.9152999999915,0.0,0,0,0.0,0.0,0.0,1.0,1.0,0.0,0.0,0.0,0.0,0.5,0.25,0.0,-516.4115044934089,0.0,0,2560.0,2351.5016999999993,0.0,1531.9213999999993,688.7871,0.0,0.0,0.0,0.0,0,524.6036,2560.0,2351.5016999999993,843.1343000000008,271.0,0.0,0.0,0.015,5.664225023255816,6.1397673507462525,5.66975359375,NaN,5.171997229126185,18.904165456264458,1072.0,1075.0,536.0,2044.0,1534.0000000000002,204.0,127,0,0,1,54,34.0,2048.0,33221.55630000002,26007.1721,28962.7548,224,544,0,38,0.23911116534903454,0.35161738803853204,0.437733420991411,0,10125.549200000005,6089.041900000002,54,0,640.0,0,0,0,0.0,0,0.0,41621.556300000026,0.0,0,0,0,1.5,0,0.0,0,0,0.0,0,0.0,0,0,3628.6423000000004,256.0,8427.3701,2,0.0,0.0,NaN,5120.0,NaN,NaN,0,0,0.0,0,0.0,NaN,0,NaN,0,0,0,0.0,0.0,0.0,0.0,0.0,0.0,0.0,0.0,0,0,0,0,127,0.0,0,0,0.0,0,0.0,0.0,0.0,0.0,0.0,0.0,0.0,0.0,0.0,0.0,0.7650439865052692,474,30878.676300000003,38,10742.880000000003,4,46407.1721,4,28962.7548,2,524.6036,32867.3887,37.5,0,0,536,536,6 + charge on balances,sumsy,9,-2.9103830456733704e-11
