round,persons_alive,farms_open,bakeries_open,money_in_circulation,money_in_dead_balances,outstanding_debt,peer_lent,government_debt,termination,government_peer_debt,government_bank_debt,bonds_outstanding,government_arrears,bonds_issued,coupons,bond_rate,government_cash,government_reserve_target,surplus_redistributed,tax_scale,government_outlay,tax_shortfall,tax_policy_step,consumption_tax,consumption_tax_scale,wealth_tax,wealth_tax_base,wealth_tax_scale,clearing_residue,negative_wealth_persons,zero_cash_persons,wealth_gap_meals,wealth_bottom10_meals,wealth_top10_meals,cash_gap_meals,cash_bottom10_meals,cash_top10_meals,invoices_issued,invoices_paid,invoices_open,invoices_overdue,liquidations,refoundings,bad_debt,bank_bailouts,profit_tax,profit_tax_scale,parking_tax_scale,income_tax_accrued,income_tax_charged,wealth_tax_arrears,consumption_tax_rate_now,bracket_top_rate,bracket_bottom_rate,bank_retained_interest,cumulative_interest_paid,cumulative_write_offs,cumulative_credit_refusals,money_created,money_destroyed,credit_demand,tax,enterprise_tax,deposit_interest,buffer_pool,insurance_premiums,insurance_payouts,missed_payments,cash_banks,gi_created,demurrage_destroyed,demurrage_tax,account_fees,fees,trade_arrears,interest_rate,price_bread,price_grain,price_ticket,price_rent,price_wage,wage_bid_producers,bread_baked,bread_sold,grain_harvested,labour_offered,labour_sold,government_labour,unemployed,hungry,without_bread,half_meals,gluttons,bread_stocked,total_capacity,cash_persons,cash_farms,cash_bakeries,land_persons,land_farms,land_banks,landholders,gini_cash_persons,gini_net_wealth_persons,gini_income_persons,persons_below_meal,persons_income,bread_bill,gluttony_attempted,gluttony_refused,tickets_sold,n_greedy,hungry_greedy,hungry_others,cash_greedy,land_greedy,wealth_greedy,wealth_persons,bread_greedy,greedy_loaves,greedy_tickets,ration,tier_multiplier,tier_sold,tier_revenue,n_consumers,n_hoarders,wealth_hoarders,land_hoarders,shares_hoarders,greedy_land,greedy_shares,ticket_revenue,theatre_labour,cash_theatres,theatres_open,dividends,dividend_income_persons,share_price_mean,share_units_per_firm,founders_stake_pct,book_per_unit_mean,share_trades,share_trades_deferred,share_contracts_outstanding,share_seizures,share_volume,founders_stake_mean,outside_holders,forward_value_mean,coop_worker_open,coop_consumer_open,coop_member_open,coop_retained_reserve,coop_buffer_pledged,buffer_pledged_persons,patronage_wages,rebates,membership_capital,reserved_labour,coop_worker_hours,coop_members_worker,coop_members_consumer,worker_members,unemployed_members,unemployed_nonmembers,rebate_income_persons,coop_open,forprofit_open,cash_coops,coop_members,coop_capital,founder_capital,founder_debt,reserve_shortfall_owned,reserve_shortfall_coops,reserve_shortfall_forprofit,dividends_coops,dividends_forprofit,founders_cash,cash_forprofit,gini_net_wealth_all,n_workers,wealth_workers,n_landowners,wealth_landowners,n_farms,wealth_farms,n_bakeries,wealth_bakeries,n_banks,wealth_banks,wealth_government,land_price,deaths,closures,production_target_farms,production_target_bakeries,rung,system,seed,identity
1,512,4,4,113486.83809999992,0.0,2579.8501,757.3501,757.3501,,757.3501,0.0,0.0,0.0,0.0,0.0,0.0025,999.6379,2272.050000000002,0.0,1.0,757.3500000000007,424.13736666666733,0.0,0.0,1.0,0.0,0.0,1.0,0.0,0,0,24.104115468409585,15.142104945363563,39.24622041377315,10.722333333333335,6.4932871459695,17.215620479302835,1141.199999999998,0.0,1141.199999999998,0.0,0,0,0.0,0.0,0.0,1.0,1.0,0.0,0.0,0.0,0.0,0.5,0.25,0.0,0.0,0.0,48,2560.0,2004.640300000004,757.3501,1001.4337000000015,0.0,0.0,0.0,0.0,0.0,0,238.0534,2560.0,2004.640300000004,1001.4337000000015,274.0,0.0,0.0,0.0,6.75,7.019999999999987,2.700000000000026,1.0124999999999997,4.853010899182519,5.292000000000001,320.0,72.0,160.0,2048.0,734.0,204.0,328,0,0,0,43,29.0,2048.0,97562.12389999996,968.7024,7503.435100000001,643,125,0,113,0.08521077292118662,0.18161318341950583,0.6644372792441409,0,4462.436999999998,486.0,43,0,520.0,0,0,0,0.0,0,0.0,141420.51839999983,0.0,0,0,0,1.5,0,0.0,0,0,0.0,0,0.0,0,0,1404.0000000000134,208.0,6214.8854,4,547.853,547.8976000000006,NaN,5120.0,100.0,0.3160360807291667,0,0,0.0,0,0.0,5120.0,0,0.0,0,0,6,0.0,0.0,0.0,0.0,0.0,0.0,0.0,0.0,0,0,0,0,328,0.0,6,6,7205.894499999999,3072,4659.7472,4659.7472,0.0,2057.4576,1047.8802,1009.5773999999999,260.35900000000004,287.494,3795.2643999999996,7481.1284,0.20191051918864833,399,88589.14435878894,113,52831.37404121095,4,0.0,4,757.3501000000001,2,238.0534,242.28779999999995,50.62500000000001,0,0,160,160,"EB best SuMSy village, full money stock",sumsy,2,1.1641532182693481e-10
2,512,4,4,114030.56770000001,0.0,20108.346999999998,1204.3626,719.4826,,719.4826,0.0,0.0,0.0,0.0,0.0,0.0025,1209.9744,2272.050000000002,0.0,1.0,757.3500000000006,354.02520000000067,0.0,0.0,1.0,0.0,0.0,1.0,0.0,0,0,24.00794219317356,14.582701661787402,38.59064385496096,10.02206216412491,6.578729557007988,16.600791721132897,3368.7974999999906,1141.199999999998,3368.7974999999906,0.0,0,0,0.0,0.0,0.0,1.0,1.0,0.0,0.0,0.0,0.0,0.5,0.25,0.0,-7.5735,0.0,48,2560.0,2016.270400000001,1204.3626,1004.7511000000011,0.0,0.0,0.0,0.0,0.0,0,390.8124,2560.0,2016.270400000001,1004.7511000000011,274.0,0.0,0.0,0.015,6.467525000000002,7.446216666666646,2.9618725000000166,NaN,4.726314243759266,5.13324,900.0,1080.0,450.0,2048.0,1362.0,204.0,171,0,0,0,46,39.0,2048.0,95237.5363,1001.1108,10882.046199999999,318,450,0,53,0.08020569225843865,0.18199926577978842,0.3653378323944936,0,7350.2775000000465,6984.927000000002,46,0,640.0,0,0,0,0.0,0,0.0,139273.32790000003,0.0,0,0,0,1.5,0,0.0,0,0,0.0,0,0.0,0,0,1895.5984000000105,256.0,5309.087599999999,4,194.01889999999997,194.0160000000002,NaN,5120.0,100.0,0.35260710937499984,0,0,0.0,0,0.0,5120.0,0,0.0,0,0,6,0.0,0.0,0.0,0.0,0.0,0.0,0.0,0.0,0,0,0,0,171,0.0,6,6,8055.0016000000005,3072,4659.7472,4659.7472,0.0,12063.847427792782,6609.875579291485,5453.971848501296,95.1325,98.88640000000001,3874.7143,9137.243,0.19456974733059695,459,111951.60644726567,53,27321.721452734364,4,0.0,4,719.4826000000003,2,390.8124,490.4918,50.624999999999986,0,0,450,450,"EB best SuMSy village, full money stock",sumsy,2,1.1641532182693481e-10
3,512,4,4,114562.95749999992,0.0,24906.44889999998,1506.8582999999999,681.6151,,681.6151,0.0,0.0,0.0,0.0,0.0,0.0025,1449.3397,2240.3586000000023,0.0,1.0,725.6586000000009,263.67296666666743,0.0,0.0,1.0,0.0,0.0,1.0,0.0,0,0,25.454537985444762,14.665009016981786,40.11954700242655,9.90653241826376,7.559064590501972,17.465597008765734,3911.9855000000134,3368.7974999999924,3911.9855000000134,0.0,0,0,0.0,0.0,0.0,1.0,1.0,0.0,0.0,0.0,0.0,0.5,0.25,0.0,-26.812000000000005,0.0,48,2560.0,2027.6101999999998,1506.8582999999999,1007.7669999999993,0.0,0.0,0.0,0.0,0.0,0,470.79560000000004,2560.0,2027.6101999999998,1007.7669999999993,274.0,0.0,0.0,0.015,6.504248212649019,7.278477570093483,3.180296718750001,NaN,4.655206857049541,4.979242800000001,1070.0,1091.0,535.0,2048.0,1532.0,204.0,128,0,0,0,59,47.0,2048.0,94120.69580000006,2317.1905,11749.856800000001,233,535,0,39,0.08425057914275191,0.1887256971434632,0.29687746722488684,0,8067.846100000059,7096.13480000008,59,0,640.0,0,0,0,0.0,0,0.0,138056.79410000006,0.0,0,0,0,1.5,0,0.0,0,0,0.0,0,0.0,0,0,2035.3899000000006,256.0,4455.0791,4,107.009,107.03519999999867,NaN,5120.0,100.0,0.352246920572917,0,0,0.0,0,0.0,5120.0,0,0.0,0,0,6,0.0,0.0,0.0,0.0,0.0,0.0,0.0,0.0,0,0,0,0,128,0.0,6,6,9129.3701,3072,4659.7472,4659.7472,0.0,14680.66167246721,7488.365203964882,7192.296468502327,52.300200000000004,54.7088,3986.8095,9392.756300000001,0.20671121779123625,473,118018.0051824219,39,20038.78891757813,4,0.0,4,681.6151,2,470.79560000000004,767.7246,50.625,0,0,535,535,"EB best SuMSy village, full money stock",sumsy,2,1.1641532182693481e-10
4,512,4,4,115084.41099999998,0.0,24056.75429999994,98.3066,643.7476,,643.7476,0.0,0.0,0.0,0.0,0.0,0.0025,1682.1998,2227.5996750000018,0.0,1.0,729.7743000000003,181.79995833333388,0.0,0.0,1.0,0.0,0.0,1.0,0.0,0,0,25.47199251137283,14.357911432841652,39.82990394421448,9.565817137576277,8.012410679805873,17.57822781738215,3892.7674000000166,3911.9855000000002,3892.7674000000166,0.0,0,0,0.0,0.0,0.0,1.0,1.0,0.0,0.0,0.0,0.0,0.5,0.25,0.0,-60.13810000000002,0.0,48,2560.0,2038.5465000000002,98.3066,1010.7431000000007,0.0,0.0,0.0,0.0,0.0,0,516.2937000000001,2560.0,2038.5465000000002,1010.7431000000007,274.0,0.0,0.0,0.015,7.36057698042871,7.149017343173463,3.3650037499999947,NaN,4.5123766167265105,4.829865515999999,1084.0,1073.0,542.0,2048.0,1546.0,204.0,125,0,0,2,52,46.0,2048.0,92293.54269999993,2576.3352,12850.0998,226,542,0,38,0.08583394684323786,0.19349646109453156,0.30020100408029426,0,7949.873199999993,7897.899100000006,52,0,640.0,0,0,0,0.0,0,0.0,136791.07400000002,0.0,0,0,0,1.5,0,0.0,0,0,0.0,0,0.0,0,0,2153.6023999999966,256.0,5165.9398,4,194.4986,194.47439999999776,NaN,5120.0,100.0,0.4025649479166679,0,0,0.0,0,0.0,5120.0,0,0.0,0,0,6,0.0,0.0,0.0,0.0,0.0,0.0,0.0,0.0,0,0,0,0,125,0.0,6,6,10230.1016,3072,4659.7472,4659.7472,0.0,13193.42722809711,6707.601287901132,6485.82594019598,96.3313,98.16730000000001,4036.1987000000004,10362.2732,0.21110267810944916,474,117321.03832851569,38,19470.03567148438,4,0.0,4,643.7476000000001,2,516.2937000000001,1038.4522000000002,50.62500000000002,0,0,542,542,"EB best SuMSy village, full money stock",sumsy,2,1.1641532182693481e-10
5,512,4,4,115595.1064999999,0.0,22731.744300000035,0.0,605.8801,,605.8801,0.0,0.0,0.0,0.0,0.0,0.0025,1819.391,2277.594720000002,0.0,1.0,825.8583000000006,152.73457333333394,0.0,0.0,1.0,0.0,0.0,1.0,0.0,0,0,22.261382903093555,12.549369376666439,34.810752279759996,8.06232232546947,7.657129905373854,15.719452230843324,3999.3597000000063,3892.767400000013,3999.3597000000063,0.0,0,0,0.0,0.0,0.0,1.0,1.0,0.0,0.0,0.0,0.0,0.5,0.25,0.0,-92.71300000000002,0.0,48,2560.0,2049.3044999999997,0.0,1014.5950999999997,0.0,0.0,0.0,0.0,0.0,0,537.4426,2560.0,2049.3044999999997,1014.5950999999997,274.0,0.0,0.0,0.015,7.5567667295004775,7.427909888059713,3.4984737499999974,NaN,4.448879946026079,4.684969550520001,1072.0,1061.0,536.0,2045.3333333333335,1534.0,204.0,127,0,0,1,56,28.0,2048.0,90290.26079999996,2825.8565,14181.043099999999,226,542,0,38,0.08446386803488859,0.19590844319900014,0.292276638785838,0,7839.630600000013,8017.729500000007,56,0,640.0,0,0,0,0.0,0,0.0,135035.75210000016,0.0,0,0,0,1.5,0,0.0,0,0,0.0,0,0.0,0,0,2239.0231999999983,256.0,5941.112499999999,4,295.4818,295.4647999999991,NaN,5120.0,100.0,0.47573726888020795,0,0,0.0,0,0.0,5120.0,0,0.0,0,0,6,0.0,0.0,0.0,0.0,0.0,0.0,0.0,0.0,0,0,0,0,127,0.0,6,6,10979.1538,3072,4659.7472,4659.7472,0.0,10628.623487215385,5802.363643607693,4826.259843607693,146.961,148.5208,4199.8171,11968.8583,0.21269883754193053,474,115800.03955703136,38,19235.712542968755,4,0.0,4,605.8800999999999,2,537.4426,1213.5109000000002,50.62500000000003,0,0,536,536,"EB best SuMSy village, full money stock",sumsy,2,1.1641532182693481e-10
6,512,4,4,116095.24279999996,0.0,21406.734300000004,0.0,568.0126,,568.0126,0.0,0.0,0.0,0.0,0.0,0.0025,1935.5118,2321.930500000002,0.0,1.0,847.8698000000009,128.80623333333406,0.0,0.0,1.0,0.0,0.0,1.0,0.0,0,0,21.757571723868143,11.868144139143974,33.62571586301212,7.999608906197973,7.754461266245057,15.75407017244303,3977.760099999988,3999.359700000021,3977.760099999988,0.0,0,0,0.0,0.0,0.0,1.0,1.0,0.0,0.0,0.0,0.0,0.5,0.25,0.0,-123.50429999999999,0.0,48,2560.0,2059.863699999999,0.0,1018.5541999999996,0.0,0.0,0.0,0.0,0.0,0,546.4624,2560.0,2059.863699999999,1018.5541999999996,274.0,0.0,0.0,0.015,7.548667138810197,7.332889074074052,3.6030312499999995,NaN,4.341504297697741,4.544420464004401,1080.0,1059.0,540.0,2046.6666666666665,1542.0,204.0,126,0,0,2,43,22.0,2048.0,88266.81730000007,3184.2635,15478.479200000002,226,542,0,38,0.08684569980710166,0.20041085039358886,0.27654044843577874,0,7751.366099999982,7994.038499999999,43,0,640.0,0,0,0,0.0,0,0.0,133637.9973,0.0,0,0,0,1.5,0,0.0,0,0,0.0,0,0.0,0,0,2305.9399999999996,256.0,6683.7086,4,385.9611,385.9288000000089,NaN,5120.0,100.0,0.5380070247395837,0,0,0.0,0,0.0,5120.0,0,0.0,0,0,6,0.0,0.0,0.0,0.0,0.0,0.0,0.0,0.0,0,0,0,0,126,0.0,6,6,12105.9347,3072,4659.7472,4659.7472,0.0,9425.09234378123,5275.148621890617,4149.943721890616,192.44170000000003,193.5194,4733.5851999999995,13240.516599999999,0.2162108421109361,474,114528.86463359381,38,19109.13266640626,4,0.0,4,568.0126,2,546.4624,1367.4992,50.62500000000004,0,0,540,540,"EB best SuMSy village, full money stock",sumsy,2,1.1641532182693481e-10
7,512,4,4,116585.01320000009,0.0,20081.756800000025,0.0,530.1451,,530.1451,0.0,0.0,0.0,0.0,0.0,0.0025,2053.2997,2353.2099000000017,0.0,1.0,846.9620999999989,99.97006666666721,0.0,0.0,1.0,0.0,0.0,1.0,0.0,0,0,22.195951539387774,11.541003225959724,33.7369547653475,8.557696837609235,7.750395637655118,16.308092475264353,3898.0823000000114,3977.7600999999963,3898.0823000000114,0.0,0,0,0.0,0.0,0.0,1.0,1.0,0.0,0.0,0.0,0.0,0.5,0.25,0.0,-152.51219999999998,0.0,48,2560.0,2070.229599999999,0.0,1022.3894999999994,0.0,0.0,0.0,0.0,0.0,0,549.8489,2560.0,2070.229599999999,1022.3894999999994,274.0,0.0,0.0,0.015,7.4433755102040795,7.279704127579759,3.7447615625000004,NaN,4.28475450674587,4.408087850084269,1066.0,1078.0,533.0,2045.3333333333335,1528.0,204.0,129,0,0,2,47,31.0,2048.0,86134.89239999997,3574.4993,16851.1347,226,542,0,38,0.09863489675352488,0.20574530117736445,0.28480509198151993,0,7647.830400000034,8023.958799999998,47,0,640.0,0,0,0,0.0,0,0.0,132861.45440000022,0.0,0,0,0,1.5,0,0.0,0,0,0.0,0,0.0,0,0,2396.6474000000003,256.0,7421.3382,4,479.62179999999995,479.6280000000097,NaN,5120.0,100.0,0.5798467154947916,0,0,0.0,0,0.0,5120.0,0,0.0,0,0,6,0.0,0.0,0.0,0.0,0.0,0.0,0.0,0.0,0,0,0,0,129,0.0,6,6,13962.3927,3072,4659.7472,4659.7472,0.0,6802.773873481787,3394.3068332450976,3408.467040236689,240.53109999999998,239.0907,4976.702900000001,13884.5795,0.22041210909909625,474,113869.8757976564,38,18991.57860234376,4,0.0,4,530.1451000000002,2,549.8489,1523.1546,50.62500000000006,0,0,533,533,"EB best SuMSy village, full money stock",sumsy,2,1.1641532182693481e-10
8,512,4,4,117064.66510000004,0.0,18756.779299999987,0.0,492.2776,,492.2776,0.0,0.0,0.0,0.0,0.0,0.0025,2183.2227,2372.2381875000015,0.0,1.0,835.1454000000004,63.00516250000055,0.0,0.0,1.0,0.0,0.0,1.0,0.0,0,0,22.716311837806295,11.398712578997339,34.115024416803635,9.2984001974432,7.895454457775955,17.193854655219155,3850.3116000000173,3898.0823000000073,3850.3116000000173,0.0,0,0,0.0,0.0,0.0,1.0,1.0,0.0,0.0,0.0,0.0,0.5,0.25,0.0,-179.73649999999995,0.0,48,2560.0,2080.3481,0.0,1025.994699999999,0.0,0.0,0.0,0.0,0.0,0,550.4225,2560.0,2080.3481,1025.994699999999,274.0,0.0,0.0,0.015,7.338837779850753,7.1766134831461,3.868895625000004,NaN,4.705472504735121,9.619428059172666,1068.0,1072.0,534.0,2045.3333333333335,1530.0,204.0,128,0,0,1,47,33.0,2048.0,84843.97639999999,3912.3365,18082.5517,226,542,0,38,0.10852881370366507,0.210510319204674,0.3315524441592399,0,8326.713000000022,7867.234100000007,47,0,640.0,0,0,0,0.0,0,0.0,131903.80120000002,0.0,0,0,0,1.5,0,0.0,0,0,0.0,0,0.0,0,0,2476.0932000000025,256.0,7492.1553,4,551.1334,551.1624000000037,NaN,5120.0,100.0,0.6269490885416674,0,0,0.0,0,0.0,5120.0,0,0.0,0,0,6,0.0,0.0,0.0,0.0,0.0,0.0,0.0,0.0,0,0,0,0,128,0.0,6,6,14796.731500000002,3072,4659.7472,4659.7472,0.0,5250.862485901714,2617.9232944225832,2632.9391914791304,275.0685,276.06489999999997,5267.678599999999,14690.312,0.2241097190495187,474,112932.4526710937,38,18971.34852890627,4,0.0,4,492.27760000000035,2,550.4225,1690.9451,50.625000000000064,0,0,534,534,"EB best SuMSy village, full money stock",sumsy,2,1.1641532182693481e-10
9,512,4,4,117534.41959999996,0.0,17431.769300000025,0.0,454.4101,,454.4101,0.0,0.0,0.0,0.0,0.0,0.0025,2324.7512,2383.127966666668,0.0,1.0,823.4153999999999,19.458922222222554,0.0,0.0,1.0,0.0,0.0,1.0,0.0,0,0,22.775787771685177,11.591226291031871,34.36701406271705,9.799750394923581,8.232205346426364,18.031955741349947,3845.0759999999864,3850.311599999996,3845.0759999999864,0.0,0,0,0.0,0.0,0.0,1.0,1.0,0.0,0.0,0.0,0.0,0.5,0.25,0.0,-205.1776,0.0,48,2560.0,2090.245499999999,0.0,1029.3784999999998,0.0,0.0,0.0,0.0,0.0,0,549.7765999999999,2560.0,2090.245499999999,1029.3784999999998,274.0,0.0,0.0,0.015,7.270121588785044,7.153413084112124,4.068606093750006,NaN,4.6875236720403155,9.663954114473945,1070.0,1070.0,535.0,2046.6666666666667,1532.0,204.0,128,0,0,1,50,30.0,2048.0,83553.2341000001,4228.373,19242.061400000002,226,542,0,38,0.11418480254488794,0.211307967206243,0.33729459301736275,0,8335.238500000016,7779.030099999997,50,0,640.0,0,0,0,0.0,0,0.0,130961.9037999999,0.0,0,0,0,1.5,0,0.0,0,0,0.0,0,0.0,0,0,2603.907900000004,256.0,7636.2233,4,569.0858999999999,569.1103999999989,NaN,5120.0,100.0,0.6728783105468753,0,0,0.0,0,0.0,5120.0,0,0.0,0,0,6,0.0,0.0,0.0,0.0,0.0,0.0,0.0,0.0,0,0,0,0,128,0.0,6,6,15646.668599999999,3072,4659.7472,4659.7472,0.0,5275.151804356372,2581.8707609352887,2693.2810434210833,288.9992,280.0867,5575.160999999999,15459.989099999999,0.22418494159700142,474,112169.70324843748,38,18792.200551562517,4,0.0,4,454.41010000000006,2,549.7765999999999,1870.3411,50.62500000000008,0,0,535,535,"EB best SuMSy village, full money stock",sumsy,2,1.1641532182693481e-10
10,512,4,4,117994.5096000001,0.0,16106.759300000002,0.0,416.5426,,416.5426,0.0,0.0,0.0,0.0,0.0,0.0025,2473.569,2389.5279600000013,0.0,0.918611177556953,815.7092999999993,0.0,0.0,0.0,0.918611177556953,0.0,0.0,0.918611177556953,0.0,0,0,23.470266634891075,11.233361226116994,34.703627861008066,10.748399813553952,8.099502588551827,18.847902402105777,3809.944100000005,3845.076000000009,3809.944100000005,0.0,0,0,0.0,0.0,0.0,0.918611177556953,0.918611177556953,0.0,0.0,0.0,0.0,0.5,0.25,0.0,-228.83530000000013,0.0,48,2560.0,2099.9100000000017,0.0,1032.5870000000014,0.0,0.0,0.0,0.0,0.0,0,549.4655,2560.0,2099.9100000000017,1032.5870000000014,274.0,0.0,0.0,0.015,7.195166510757722,7.074522574626875,4.266034687499996,NaN,4.672661413903774,9.488112593651557,1072.0,1069.0,536.0,2046.6666666666665,1534.0,204.0,128,0,0,2,41,36.0,2048.0,82386.53459999985,4571.1479,20206.8985,226,542,0,38,0.1255847712753082,0.21744683432633938,0.35095964323165707,0,8345.874299999992,7691.633000000004,41,0,640.0,0,0,0,0.0,0,0.0,129578.38959999986,0.0,0,0,0,1.5,0,0.0,0,0,0.0,0,0.0,0,0,2730.2621999999974,256.0,7806.8940999999995,4,709.4604000000002,709.4420000000092,NaN,5120.0,100.0,0.7326202994791674,0,0,0.0,0,0.0,5120.0,0,0.0,0,0,6,0.0,0.0,0.0,0.0,0.0,0.0,0.0,0.0,0,0,0,0,128,0.0,6,6,15930.9461,3072,4659.7472,4659.7472,0.0,4878.14444061411,2586.8519082936955,2291.2925323204145,322.0665,387.3939,5914.3690000000015,16653.9944,0.22960322438363123,474,110855.79427421869,38,18722.595325781273,4,0.0,4,416.54259999999977,2,549.4655,2057.0263999999997,50.62500000000008,0,0,536,536,"EB best SuMSy village, full money stock",sumsy,2,1.1641532182693481e-10
11,512,4,4,118445.60730000005,0.0,14781.78179999999,0.0,378.6751,,378.6751,0.0,0.0,0.0,0.0,0.0,0.0025,2546.2369,2392.47070909091,0.0,0.7701338293619618,807.2993999999995,0.0,0.0,0.0,0.7701338293619618,0.0,0.0,0.7701338293619618,0.0,0,0,24.10583586659916,11.059827971250977,35.16566383785014,11.857514628647289,7.8564509194473935,19.713965548094684,3736.9088999999904,3809.9440999999993,3736.9088999999904,0.0,0,0,0.0,0.0,0.0,0.7701338293619618,0.7701338293619618,0.0,0.0,0.0,0.0,0.5,0.25,0.0,-250.70970000000017,0.0,48,2560.0,2108.9022999999984,0.0,951.3325999999997,0.0,0.0,0.0,0.0,0.0,0,548.9077,2560.0,2108.9022999999984,951.3325999999997,274.0,0.0,0.0,0.015,7.098285028248578,6.990430263157877,4.414276718750002,NaN,4.666097083337929,9.641843231033427,1064.0,1062.0,532.0,2045.3333333333335,1526.0,204.0,129,0,0,2,39,37.0,2048.0,81442.35170000003,4929.7485,21004.7761,226,542,0,38,0.14007638489300067,0.22204323350729194,0.35982937431782824,0,8319.085100000024,7538.37869999999,39,0,640.0,0,0,0,0.0,0,0.0,128830.73390000004,0.0,0,0,0,1.5,0,0.0,0,0,0.0,0,0.0,0,0,2825.1371000000013,256.0,7973.5864,4,834.7103,834.6591999999887,NaN,5120.0,100.0,0.7738579199218757,0,0,0.0,0,0.0,5120.0,0,0.0,0,0,6,0.0,0.0,0.0,0.0,0.0,0.0,0.0,0.0,0,0,0,0,129,0.0,6,6,16628.549300000002,3072,4659.7472,4659.7472,0.0,4143.769116590427,2076.4559082952132,2067.3132082952134,380.62080000000003,454.0895,6405.3823999999995,17279.5617,0.23348224267848905,474,110223.9681929688,38,18606.76570703127,4,0.0,4,378.6751000000004,2,548.9077,2167.5618,50.62500000000008,0,0,532,532,"EB best SuMSy village, full money stock",sumsy,2,1.1641532182693481e-10
12,512,4,4,118888.34719999997,0.0,13456.8043,0.0,340.8076,,340.8076,0.0,0.0,0.0,0.0,0.0,0.0025,2477.4667,2392.2047000000007,0.0,0.6880958076264786,796.4262000000007,0.0,0.0,0.0,0.6880958076264786,0.0,0.0,0.6880958076264786,0.0,0,0,24.677049137119905,11.183013963830122,35.86006310095003,13.14838968506273,7.716226149139854,20.864615834202585,3664.427600000003,3736.9088999999963,3664.427600000003,0.0,0,0,0.0,0.0,0.0,0.6880958076264786,0.6880958076264786,0.0,0.0,0.0,0.0,0.5,0.25,0.0,-270.8005,0.0,48,2560.0,2117.2600999999995,0.0,800.3989999999991,0.0,0.0,0.0,0.0,0.0,0,548.6168,2560.0,2117.2600999999995,800.3989999999991,274.0,0.0,0.0,0.015,6.96648954372624,6.867095291902078,4.583557343750002,NaN,4.662703070977401,9.7907496991589,1062.0,1052.0,531.0,2045.3333333333333,1524.0,204.0,130,0,0,2,42,25.0,2048.0,80815.10079999994,5256.859399999999,21639.5651,226,542,0,38,0.15590922918053174,0.22513065885273598,0.37301993051150806,0,8319.558799999992,7328.747000000005,42,0,640.0,0,0,0,0.0,0,0.0,128821.82510000015,0.0,0,0,0,1.5,0,0.0,0,0,0.0,0,0.0,0,0,2933.476700000001,256.0,8150.7384,4,942.962,942.9835999999797,NaN,5120.0,100.0,0.7953711425781259,0,0,0.0,0,0.0,5120.0,0,0.0,0,0,6,0.0,0.0,0.0,0.0,0.0,0.0,0.0,0.0,0,0,0,0,130,0.0,6,6,17747.967399999998,3072,4659.7472,4659.7472,0.0,3789.145753757324,1921.0398725036691,1868.1058812536553,497.2327,445.72929999999997,6863.5641000000005,17299.195499999998,0.23591529347847184,474,110238.55283710947,38,18583.272262890645,4,0.0,4,340.8076000000001,2,548.6168,2136.6591,50.62500000000008,0,0,531,531,"EB best SuMSy village, full money stock",sumsy,2,1.1641532182693481e-10
13,512,4,4,119322.5417,0.0,12131.826799999992,0.0,302.9401,,302.9401,0.0,0.0,0.0,0.0,0.0,0.0025,2342.6573,2398.2775250000004,0.0,0.7413581259733193,781.6412999999991,18.54007500000019,0.0,0.0,0.7413581259733193,0.0,0.0,0.7413581259733193,0.0,0,0,25.563864270439705,11.069172919471358,36.633037189911065,14.87169980320606,7.387555822645943,22.259255625852003,3650.472400000014,3664.4275999999836,3650.472400000014,0.0,0,0,0.0,0.0,0.0,0.7413581259733193,0.7413581259733193,0.0,0.0,0.0,0.0,0.5,0.25,0.0,-289.1076,0.0,48,2560.0,2125.8055000000004,0.0,718.557600000001,0.0,0.0,0.0,0.0,0.0,0,548.1045,2560.0,2125.8055000000004,718.557600000001,274.0,0.0,0.0,0.015,6.852514571949001,6.840814312617729,4.765214687499993,NaN,4.659985056959346,9.950085085699953,1062.0,1098.0,531.0,2045.3333333333335,1524.0000000000002,204.0,130,0,0,1,57,43.0,2048.0,80084.18329999995,5548.1904,22464.0029,226,542,0,38,0.17311537041115943,0.2293594025172101,0.3809806496728543,0,8331.576899999998,7524.061000000003,57,0,640.0,0,0,0,0.0,0,0.0,127805.8115,0.0,0,0,0,1.5,0,0.0,0,0,0.0,0,0.0,0,0,3049.737399999996,256.0,8335.403300000002,4,1078.0352,1078.0823999999914,NaN,5120.0,100.0,0.8515464746093757,0,0,0.0,0,0.0,5120.0,0,0.0,0,0,6,0.0,0.0,0.0,0.0,0.0,0.0,0.0,0.0,0,0,0,0,130,0.0,6,6,17963.9473,3072,4659.7472,4659.7472,0.0,3492.4080920670026,1764.9635506399673,1727.4445414270351,514.3078,563.7274,7391.3205,18383.6493,0.23956779881797607,474,109291.9879351562,38,18513.823564843762,4,0.0,4,302.9400999999998,2,548.1045,2039.7171999999998,50.62500000000008,0,0,531,531,"EB best SuMSy village, full money stock",sumsy,2,1.1641532182693481e-10
14,512,4,4,119747.64140000002,0.0,10806.81680000002,0.0,265.0726,,265.0726,0.0,0.0,0.0,0.0,0.0,0.0025,2282.0446,2401.1526500000004,0.0,0.8548121208718905,768.8505000000002,39.702683333333425,0.0,0.0,0.8548121208718905,0.0,0.0,0.8548121208718905,0.0,0,0,26.31580471675352,11.00547105722892,37.32127577398244,16.67647790359018,7.0802918303575355,23.756769733947717,3735.1679999999847,3650.4724000000024,3735.1679999999847,0.0,0,0,0.0,0.0,0.0,0.8548121208718905,0.8548121208718905,0.0,0.0,0.0,0.0,0.5,0.25,0.0,-305.6315999999998,0.0,48,2560.0,2134.9002999999984,0.0,778.3042000000003,0.0,0.0,0.0,0.0,0.0,0,546.7456,2560.0,2134.9002999999984,778.3042000000003,274.0,0.0,0.0,0.015,6.75203165876777,6.883644444444416,5.016603593750001,NaN,4.688660269113357,10.11936057366088,1080.0,1055.0,540.0,2046.6666666666665,1542.0,204.0,126,0,0,0,45,29.0,2048.0,79731.6348,5825.504000000001,22810.701500000003,226,542,0,38,0.19341902885786033,0.23370337502665017,0.3795171206850281,0,8466.191299999986,7123.393399999997,45,0,640.0,0,0,0,0.0,0,0.0,127748.66299999999,0.0,0,0,0,1.5,0,0.0,0,0,0.0,0,0.0,0,0,3210.626300000001,256.0,8551.010900000001,4,1115.0581,1115.0623999999914,NaN,5120.0,100.0,0.8738249967447921,0,0,0.0,0,0.0,5120.0,0,0.0,0,0,6,0.0,0.0,0.0,0.0,0.0,0.0,0.0,0.0,0,0,0,0,126,0.0,6,6,18760.4395,3072,4659.7472,4659.7472,0.0,3363.9217922741454,1715.3157961370728,1648.6059961370727,580.3991,534.659,8016.2951,18426.7769,0.243360291279773,474,109310.60012617195,38,18438.06287382815,4,0.0,4,265.0726000000004,2,546.7456,2016.9720000000002,50.62500000000008,0,0,540,540,"EB best SuMSy village, full money stock",sumsy,2,1.1641532182693481e-10
15,512,4,4,120163.46569999994,0.0,9481.806799999998,0.0,227.2051,,227.2051,0.0,0.0,0.0,0.0,0.0,0.0025,2355.713,2409.1328750000002,0.0,0.9054670016063575,757.5795,17.806625000000015,0.0,0.0,0.9054670016063575,0.0,0.0,0.9054670016063575,0.0,0,0,27.676459302305563,11.028331156964027,38.70479045926959,18.40576149437155,6.944018586235416,25.349780080606966,3703.8737999999885,3735.1679999999947,3703.8737999999885,0.0,0,0,0.0,0.0,0.0,0.9054670016063575,0.9054670016063575,0.0,0.0,0.0,0.0,0.5,0.25,0.0,-320.37249999999955,0.0,48,2560.0,2144.175700000001,0.0,901.4719999999993,0.0,0.0,0.0,0.0,0.0,0,544.6309,2560.0,2144.175700000001,901.4719999999993,274.0,0.0,0.0,0.015,6.6459202602230425,6.889483738317735,5.304385625,NaN,4.828564785975022,10.330678458283126,1070.0,1076.0,535.0,2048.0,1532.0,204.0,129,0,0,3,47,37.0,2048.0,79329.15209999995,6120.0552,23009.7316,226,542,0,38,0.2100773933328921,0.2398211776819712,0.37008864729299185,0,8640.381900000019,7151.010199999993,47,0,640.0,0,0,0,0.0,0,0.0,126800.1919000001,0.0,0,0,0,1.5,0,0.0,0,0,0.0,0,0.0,0,0,3394.8068,256.0,8804.1829,4,1174.9334000000001,1174.9412000000057,NaN,5120.0,100.0,0.9204694661458341,0,0,0.0,0,0.0,5120.0,0,0.0,0,0,6,0.0,0.0,0.0,0.0,0.0,0.0,0.0,0.0,0,0,0,0,129,0.0,6,6,18715.5433,3072,4659.7472,4659.7472,0.0,3030.30703192694,1567.2441563671398,1463.0628755597997,561.7592,613.1741999999999,8557.036,19218.4264,0.2490378486160787,474,108107.64351250009,38,18692.54838750002,4,0.0,4,227.20510000000013,2,544.6309,2128.5079,50.62500000000008,0,0,535,535,"EB best SuMSy village, full money stock",sumsy,2,1.1641532182693481e-10
16,512,4,4,120570.59050000005,0.0,8156.829300000003,0.0,189.3376,,189.3376,0.0,0.0,0.0,0.0,0.0,0.0025,2495.237,2413.10705,0.0,0.8278314194972525,745.6709999999995,0.0,0.0,0.0,0.8278314194972525,0.0,0.0,0.8278314194972525,0.0,0,0,28.54298893213118,11.04784263219584,39.59083156432702,19.801241130664216,6.693471144461665,26.494712275125885,3754.8541999999848,3703.873799999977,3754.8541999999848,0.0,0,0,0.0,0.0,0.0,0.8278314194972525,0.8278314194972525,0.0,0.0,0.0,0.0,0.5,0.25,0.0,-333.3294999999994,0.0,48,2560.0,2152.875199999999,0.0,957.885000000001,0.0,0.0,0.0,0.0,0.0,0,542.5597,2560.0,2152.875199999999,957.885000000001,274.0,0.0,0.0,0.015,6.6195644651162695,6.997854307116076,5.531586562499983,NaN,4.9290955903248665,10.572116500240687,1068.0,1075.0,534.0,2044.0000000000002,1530.0,204.0,128,0,0,0,56,32.0,2048.0,78956.87530000001,6309.1713,23203.2994,226,542,0,38,0.22523120149904985,0.2413944440877671,0.39542170575598656,0,8791.515900000002,7116.03179999999,56,0,640.0,0,0,0,0.0,0,0.0,126669.30350000001,0.0,0,0,0,1.5,0,0.0,0,0,0.0,0,0.0,0,0,3540.215399999989,256.0,9063.4478,4,1194.6282999999999,1194.633199999989,NaN,5120.0,100.0,0.9380715755208341,0,0,0.0,0,0.0,5120.0,0,0.0,0,0,6,0.0,0.0,0.0,0.0,0.0,0.0,0.0,0.0,0,0,0,0,128,0.0,6,6,19458.0077,3072,4659.7472,4659.7472,0.0,3048.214487131988,1591.217087923919,1456.9973992080688,618.5426,576.0857,8935.274899999999,19117.9108,0.25029346167174316,474,107988.52488906257,38,18680.77861093752,4,0.0,4,189.33759999999984,2,542.5597,2305.8994000000002,50.62500000000008,0,0,534,534,"EB best SuMSy village, full money stock",sumsy,2,1.1641532182693481e-10
17,512,4,4,120969.9757000001,0.0,6831.851800000004,0.0,151.4701,,151.4701,0.0,0.0,0.0,0.0,0.0,0.0025,2554.9627,2392.3207249999996,0.0,0.67447359149694,742.7129999999995,0.0,0.0,0.0,0.67447359149694,0.0,0.0,0.67447359149694,0.0,0,0,29.329101552599294,10.875426472612997,40.20452802521229,21.41345593169543,6.340928548292397,27.75438447998783,3794.599500000018,3754.854200000001,3794.599500000018,0.0,0,0,0.0,0.0,0.0,0.67447359149694,0.67447359149694,0.0,0.0,0.0,0.0,0.5,0.25,0.0,-344.50299999999925,0.0,48,2560.0,2160.6148000000017,0.0,877.9475999999994,0.0,0.0,0.0,0.0,0.0,0,541.4445,2560.0,2160.6148000000017,877.9475999999994,274.0,0.0,0.0,0.015,6.591381215469624,7.006678107606713,5.764343906250016,NaN,4.956219501938999,10.749408021683005,1078.0,1086.0,539.0,2048.0,1540.0,204.0,127,0,0,0,55,39.0,2048.0,78539.06309999998,6554.4762,23445.682200000003,226,542,0,38,0.2416079803162754,0.24420395893735658,0.39869892373814286,0,8892.223700000004,7158.240000000012,55,0,640.0,0,0,0,0.0,0,0.0,126113.08280000006,0.0,0,0,0,1.5,0,0.0,0,0,0.0,0,0.0,0,0,3689.18010000001,256.0,9334.347,4,1184.7259,1184.713199999984,NaN,5120.0,100.0,0.9718336783854175,0,0,0.0,0,0.0,5120.0,0,0.0,0,0,6,0.0,0.0,0.0,0.0,0.0,0.0,0.0,0.0,0,0,0,0,127,0.0,6,6,19820.6752,3072,4659.7472,4659.7472,0.0,3053.083869555311,1585.5437281631428,1467.5401413921686,613.6449,571.081,9454.3746,19513.8302,0.2531190027211314,474,107474.45521679691,38,18638.627583203142,4,0.0,4,151.47009999999955,2,541.4445,2403.4926,50.62500000000008,0,0,539,539,"EB best SuMSy village, full money stock",sumsy,2,1.1641532182693481e-10
18,512,4,4,121362.3091,0.0,5506.874299999997,0.0,113.6026,,113.6026,0.0,0.0,0.0,0.0,0.0,0.0025,2456.7881,2365.2410249999994,0.0,0.5884257212278832,739.5509999999992,0.0,0.0,0.0,0.5884257212278832,0.0,0.0,0.5884257212278832,0.0,0,0,30.631343590208804,10.703986701107901,41.3353302913167,23.523925668386408,5.964138844349506,29.48806451273591,3763.610300000011,3794.5994999999875,3763.610300000011,0.0,0,0,0.0,0.0,0.0,0.5884257212278832,0.5884257212278832,0.0,0.0,0.0,0.0,0.5,0.25,0.0,-353.89329999999933,0.0,48,2560.0,2167.666600000002,0.0,717.5782999999998,0.0,0.0,0.0,0.0,0.0,0,541.0969,2560.0,2167.666600000002,717.5782999999998,274.0,0.0,0.0,0.015,6.543134899328854,6.936315370370391,6.05673921874999,NaN,5.0084291649647765,10.97010821210062,1080.0,1043.0,540.0,2048.0,1542.0,204.0,126,0,0,1,37,22.0,2048.0,78472.67000000007,6860.3065,23391.228200000005,226,542,0,38,0.2643683879846317,0.25123392355025276,0.4211703471683397,0,8986.056900000007,6824.489699999995,37,0,640.0,0,0,0,0.0,0,0.0,125937.97529999999,0.0,0,0,0,1.5,0,0.0,0,0,0.0,0,0.0,0,0,3876.3130999999935,256.0,9640.2194,4,1194.7688,1194.8176000000044,NaN,5120.0,100.0,0.9980751985677091,0,0,0.0,0,0.0,5120.0,0,0.0,0,0,6,0.0,0.0,0.0,0.0,0.0,0.0,0.0,0.0,0,0,0,0,126,0.0,6,6,20213.036799999998,3072,4659.7472,4659.7472,0.0,2809.0190931411807,1465.3300965705903,1343.6889965705902,634.8308000000001,559.938,10009.605500000001,19678.7173,0.26083351184067105,474,107331.29668554685,38,18606.678614453143,4,0.0,4,113.60260000000017,2,541.0969,2343.1855,50.62500000000008,0,0,540,540,"EB best SuMSy village, full money stock",sumsy,2,1.1641532182693481e-10
19,512,4,4,121747.27720000007,0.0,4181.896099999999,0.0,75.7351,,75.7351,0.0,0.0,0.0,0.0,0.0,0.0025,2277.3011,2337.035474999999,0.0,0.6443168132861862,734.1399000000002,19.91145833333303,0.0,0.0,0.6443168132861862,0.0,0.0,0.6443168132861862,0.0,0,0,31.863363883370216,10.390400629426548,42.25376451279677,25.569071686307158,5.469905924851448,31.038977611158607,3720.0519999999865,3763.610300000007,3720.0519999999865,0.0,0,0,0.0,0.0,0.0,0.6443168132861862,0.6443168132861862,0.0,0.0,0.0,0.0,0.5,0.25,0.0,-361.50009999999935,0.0,48,2560.0,2175.0319000000013,0.0,628.8880999999999,0.0,0.0,0.0,0.0,0.0,0,540.6038000000001,2560.0,2175.0319000000013,628.8880999999999,274.0,0.0,0.0,0.015,6.47905403669725,6.971849340866265,6.359239687499999,NaN,5.088790574609376,11.287234730042515,1062.0,1090.0,531.0,2046.6666666666665,1524.0,204.0,131,0,0,0,52,36.0,2048.0,78166.04929999997,7187.8924,23603.795,226,542,0,38,0.28552313518463635,0.25673877761061425,0.406987105235753,0,9025.81790000001,7062.168900000002,52,0,640.0,0,0,0,0.0,0,0.0,125472.18960000007,0.0,0,0,0,1.5,0,0.0,0,0,0.0,0,0.0,0,0,4069.913399999999,256.0,9971.6356,4,1288.1264,1288.1152000000209,NaN,5120.0,100.0,1.0361907682291673,0,0,0.0,0,0.0,5120.0,0,0.0,0,0,6,0.0,0.0,0.0,0.0,0.0,0.0,0.0,0.0,0,0,0,0,131,0.0,6,6,20554.948099999998,3072,4659.7472,4659.7472,0.0,2403.4477597888917,1278.8531736418931,1124.5945861469986,669.6049,618.5215000000001,10610.5365,20208.3749,0.2677274198454793,474,106943.0680828125,38,18529.121517187516,4,0.0,4,75.73509999999987,2,540.6038000000001,2201.5660000000003,50.62500000000008,0,0,531,531,"EB best SuMSy village, full money stock",sumsy,2,1.1641532182693481e-10
20,512,4,4,122124.15020000003,0.0,2856.914299999998,0.0,37.8676,,37.8676,0.0,0.0,0.0,0.0,0.0,0.0025,2171.0112,2309.986349999999,0.0,0.7736754661646108,726.9489000000003,46.32504999999977,0.0,0.0,0.7736754661646108,0.0,0.0,0.7736754661646108,0.0,0,0,32.75493549780687,10.402673316609885,43.157608814416754,27.385641480286235,5.350477272793407,32.73611875307964,3801.4112999999775,3720.051999999992,3801.4112999999775,0.0,0,0,0.0,0.0,0.0,0.7736754661646108,0.7736754661646108,0.0,0.0,0.0,0.0,0.5,0.25,0.0,-367.32369999999923,0.0,48,2560.0,2183.126999999999,0.0,692.2151999999998,0.0,0.0,0.0,0.0,0.0,0,539.3102,2560.0,2183.126999999999,692.2151999999998,274.0,0.0,0.0,0.015,6.457641849380368,7.045458659217835,6.5939515625,NaN,5.1466609784618855,11.622789436814443,1074.0,1049.0,537.0,2048.0,1536.0,204.0,128,0,0,2,40,23.0,2048.0,78095.42599999995,7457.8755,23591.649299999997,226,542,0,38,0.30355342408373764,0.26124031726834973,0.4098789891364074,0,9176.481999999996,6774.066300000006,40,0,640.0,0,0,0,0.0,0,0.0,125255.49639999993,0.0,0,0,0,1.5,0,0.0,0,0,0.0,0,0.0,0,0,4220.129,256.0,10268.878,4,1271.3709000000001,1271.3636000000192,NaN,5120.0,100.0,1.063577685546876,0,0,0.0,0,0.0,5120.0,0,0.0,0,0,6,0.0,0.0,0.0,0.0,0.0,0.0,0.0,0.0,0,0,0,0,128,0.0,6,6,20909.9563,3072,4659.7472,4659.7472,0.0,2371.303615695706,1250.7618937097673,1120.5417219859387,668.6797,602.6912,11058.6643,20408.4465,0.27381370562638163,474,106757.2316109375,38,18498.26478906252,4,0.0,4,37.867599999999584,2,539.3102,2133.1436,50.62500000000008,0,0,537,537,"EB best SuMSy village, full money stock",sumsy,2,1.1641532182693481e-10
21,512,4,4,122492.57100000007,0.0,1531.9331999999995,0.0,0.0001,,0.0001,0.0,0.0,0.0,0.0,0.0,0.0025,2210.6142,2285.2691999999997,0.0,0.8428546709487621,724.5468000000003,24.884999999999916,0.0,0.0,0.8428546709487621,0.0,0.0,0.8428546709487621,0.0,0,0,33.26444992333858,10.361456295986445,43.625906219325024,28.806924313687308,5.117850427274842,33.92477474096215,3735.0758999999994,3801.411299999997,3735.0758999999994,0.0,0,0,0.0,0.0,0.0,0.8428546709487621,0.8428546709487621,0.0,0.0,0.0,0.0,0.5,0.25,0.0,-371.3637999999991,0.0,48,2560.0,2191.5791999999974,0.0,834.9148000000005,0.0,0.0,0.0,0.0,0.0,0,537.285,2560.0,2191.5791999999974,834.9148000000005,274.0,0.0,0.0,0.015,6.457662476722526,7.000142937853106,6.93870140625,NaN,5.228925228893593,11.896914287939312,1062.0,1074.0,531.0,2045.3333333333335,1524.0,204.0,130,0,0,2,46,29.0,2048.0,77676.22559999995,7834.919899999999,23652.687700000002,226,542,0,38,0.3215930867955066,0.2643763666687198,0.4211038505737712,0,9247.002100000007,6935.529499999993,46,0,640.0,0,0,0,0.0,0,0.0,124678.9324,0.0,0,0,0,1.5,0,0.0,0,0,0.0,0,0.0,0,0,4440.7689,256.0,10580.8386,4,1315.0513,1315.0527999999815,NaN,5120.0,100.0,1.0976787076822923,0,0,0.0,0,0.0,5120.0,0,0.0,0,0,6,0.0,0.0,0.0,0.0,0.0,0.0,0.0,0.0,0,0,0,0,130,0.0,6,6,21253.6705,3072,4659.7472,4659.7472,0.0,1976.623538689786,1062.3064608125858,914.3170778772003,687.9727,627.0786,11514.2432,20814.775700000002,0.27859618714849166,474,106371.58319531249,38,18307.349204687518,4,0.0,4,0.00010000000020227162,2,537.285,2210.6141,50.62500000000008,0,0,531,531,"EB best SuMSy village, full money stock",sumsy,2,1.1641532182693481e-10
22,512,4,4,122852.7875,0.0,335.91050000000007,0.0,0.0,,0.0,0.0,0.0,0.0,0.0,0.0,0.0025,2362.8468,2262.479825,0.0,0.750112151612783,724.5518000000005,0.0,0.0,0.0,0.750112151612783,0.0,0.0,0.750112151612783,0.0,0,0,33.98980240293207,10.267299972905898,44.25710237583797,30.050022685616856,4.855468154742828,34.90549084035968,3738.9114999999983,3735.075900000003,3738.9114999999983,0.0,0,0,0.0,0.0,0.0,0.750112151612783,0.750112151612783,0.0,0.0,0.0,0.0,0.5,0.25,0.0,-373.62069999999926,0.0,48,2560.0,2199.783500000003,0.0,912.1465999999991,0.0,0.0,0.0,0.0,0.0,0,535.1753,2560.0,2199.783500000003,912.1465999999991,274.0,0.0,0.0,0.015,6.50387785046729,6.967999063670409,7.315975624999988,NaN,5.3111791916480975,12.206977523365607,1068.0,1070.0,534.0,2045.3333333333333,1530.0,204.0,128,0,0,3,50,28.0,2048.0,77057.3586,8224.4528,23751.9034,226,542,0,38,0.3353189688508864,0.2665405836277752,0.43001049598471663,0,9415.75320000001,6959.1493,50,0,640.0,0,0,0,0.0,0,0.0,123994.33429999999,0.0,0,0,0,1.5,0,0.0,0,0,0.0,0,0.0,0,0,4682.224399999992,256.0,10921.0506,4,1342.3001,1342.2840000000238,NaN,5120.0,100.0,1.1313657486979174,0,0,0.0,0,0.0,5120.0,0,0.0,0,0,6,0.0,0.0,0.0,0.0,0.0,0.0,0.0,0.0,0,0,0,0,128,0.0,6,6,21643.4732,3072,4659.7472,4659.7472,0.0,1774.3104166875396,983.5558840304507,790.7545326570889,698.2304,644.0697,12014.9267,21253.9336,0.2820818231851192,474,105708.98542695306,38,18285.348873046896,4,0.0,4,0.0,2,535.1753,2362.8468,50.62500000000008,0,0,534,534,"EB best SuMSy village, full money stock",sumsy,2,1.1641532182693481e-10
23,512,4,4,123206.31710000001,0.0,22.7069,0.0,0.0,,0.0,0.0,0.0,0.0,0.0,0.0,0.0025,2408.5433,2243.088375,0.0,0.5975184158414839,729.7335999999996,0.0,0.0,0.0,0.5975184158414839,0.0,0.0,0.5975184158414839,0.0,0,0,34.44106659844244,9.884206009932257,44.325272608374696,30.616272574140805,4.419414542183635,35.03568711632444,3720.3865000000155,3738.9114999999947,3720.3865000000155,0.0,0,0,0.0,0.0,0.0,0.5975184158414839,0.5975184158414839,0.0,0.0,0.0,0.0,0.5,0.25,0.0,-374.4726999999994,0.0,48,2560.0,2206.4703999999997,0.0,813.3344999999997,0.0,0.0,0.0,0.0,0.0,0,534.1148000000001,2560.0,2206.4703999999997,813.3344999999997,274.0,0.0,0.0,0.015,6.5666660482374795,6.907437500000029,7.676714062499995,NaN,5.419114012270171,12.539290527286761,1072.0,1078.0,536.0,2044.0,1534.0,204.0,128,0,0,3,50,35.0,2048.0,75586.65689999993,9477.5092,23969.7195,226,542,0,38,0.3496331170324285,0.2718988420760138,0.43858546905878604,0,9634.146200000003,7078.866000000003,50,0,640.0,0,0,0,0.0,0,0.0,123320.12739999998,0.0,0,0,0,1.5,0,0.0,0,0,0.0,0,0.0,0,0,4913.096999999997,256.0,11229.7734,4,1374.5482,1374.4936000000198,NaN,5120.0,100.0,1.165970550130209,0,0,0.0,0,0.0,5120.0,0,0.0,0,0,6,0.0,0.0,0.0,0.0,0.0,0.0,0.0,0.0,0,0,0,0,128,0.0,6,6,22516.7716,3072,4659.7472,4659.7472,0.0,690.9669401701435,427.0395700850718,263.92737008507174,716.957,657.5912000000001,12311.6582,22160.230499999998,0.28810036789961835,474,104964.01685585939,38,18356.110544140643,4,0.0,4,0.0,2,534.1148000000001,2408.5433,50.62500000000008,0,0,536,536,"EB best SuMSy village, full money stock",sumsy,2,1.1641532182693481e-10
24,512,4,4,123553.32400000005,0.0,0.0040999999999999995,0.0,0.0,,0.0,0.0,0.0,0.0,0.0,0.0,0.0025,2283.8056,2228.1772499999997,0.0,0.5463701388137225,736.7816999999998,0.0,0.0,0.0,0.5463701388137225,0.0,0.0,0.5463701388137225,0.0,0,0,34.80038995998933,9.506066578339523,44.30645653832885,30.757550522811925,3.9108539066822825,34.66840442949421,3755.5948999999955,3720.3865000000114,3755.5948999999955,0.0,0,0,0.0,0.0,0.0,0.5463701388137225,0.5463701388137225,0.0,0.0,0.0,0.0,0.5,0.25,0.0,-374.52189999999945,0.0,48,2560.0,2212.9931,0.0,649.8550000000005,0.0,0.0,0.0,0.0,0.0,0,534.1755,2560.0,2212.9931,649.8550000000005,274.0,0.0,0.0,0.015,6.700371468926554,6.986158691588777,8.009324687500007,NaN,5.558557591783468,12.832283683283118,1070.0,1062.0,535.0,2044.0000000000002,1532.0,204.0,126,0,0,0,45,28.0,2048.0,74124.12140000008,10890.6948,24239.8213,226,542,0,38,0.3657071515144201,0.2780284352933575,0.4551050548169311,1,9868.583100000016,7115.794500000001,45,0,640.0,0,0,0,0.0,0,0.0,122863.5649000001,0.0,0,0,0,1.5,0,0.0,0,0,0.0,0,0.0,0,0,5125.967800000004,256.0,11480.705399999999,4,1509.5005999999998,1509.4967999999715,NaN,5120.0,100.0,1.1963469205729174,0,0,0.0,0,0.0,5120.0,0,0.0,0,0,6,0.0,0.0,0.0,0.0,0.0,0.0,0.0,0.0,0,0,0,0,126,0.0,6,6,23528.192000000003,3072,4659.7472,4659.7472,0.0,0.0,0.0,0.0,777.0145,732.4861,12660.050799999999,23083.0295,0.29410238746379025,474,104551.66286093756,38,18311.902039062516,4,0.0,4,0.0,2,534.1755,2283.8056,50.62500000000008,0,0,535,535,"EB best SuMSy village, full money stock",sumsy,2,1.1641532182693481e-10
25,512,4,4,123893.49060000003,0.0,4.5609,4.5609,0.0,,0.0,0.0,0.0,0.0,0.0,0.0,0.0025,2094.0969,2220.7121249999996,0.0,0.6622653294790534,751.7808000000003,42.20507499999985,0.0,0.0,0.6622653294790534,0.0,0.0,0.6622653294790534,0.0,0,0,34.53456744379995,9.122191039301882,43.65675848310183,30.42112196202075,3.5162522238794436,33.93737418590019,3800.2568000000206,3755.594899999978,3800.2568000000206,0.0,0,0,0.0,0.0,0.0,0.6622653294790534,0.6622653294790534,0.0,0.0,0.0,0.0,0.5,0.25,0.0,-374.52189999999945,0.0,48,2560.0,2219.8334000000004,4.5609,596.9081000000009,0.0,0.0,0.0,0.0,0.0,0,534.6071,2560.0,2219.8334000000004,596.9081000000009,274.0,0.0,0.0,0.015,6.847404469273743,7.069638878504711,8.438006562500009,NaN,5.721331513585888,13.034532440307778,1070.0,1074.0,535.0,2048.0,1532.0,204.0,128,0,0,3,42,39.0,2048.0,72610.55100000002,12206.9948,24674.781499999997,226,542,0,38,0.38441041419401345,0.2844781865406698,0.46656133225346474,1,10149.563799999993,7354.112399999999,43,1,640.0,0,0,0,0.0,0,0.0,122342.60130000014,0.0,0,0,0,1.5,0,0.0,0,0,0.0,0,0.0,0,0,5400.3242000000055,256.0,11772.4593,4,1663.9605999999999,1663.8708000000304,NaN,5120.0,100.0,1.230391419270834,0,0,0.0,0,0.0,5120.0,0,0.0,0,0,6,0.0,0.0,0.0,0.0,0.0,0.0,0.0,0.0,0,0,0,0,128,0.0,6,6,24525.361200000003,3072,4659.7472,4659.7472,0.0,0.0,0.0,0.0,851.392,812.5686,13149.649100000002,24128.8744,0.3003276338409029,474,104214.4971609376,38,18128.104139062518,4,0.0,4,4.560900000000402,2,534.6071,2094.0969,50.62500000000008,0,0,535,535,"EB best SuMSy village, full money stock",sumsy,2,1.1641532182693481e-10
26,512,4,4,124224.59539999992,0.0,12.1953,7.6344,0.0,,0.0,0.0,0.0,0.0,0.0,0.0,0.0025,2021.4693,2220.5693249999995,0.0,0.8435095837258152,768.2793,66.36667499999983,0.0,0.0,0.8435095837258152,0.0,0.0,0.8435095837258152,0.0,0,0,34.969433021703956,8.68062950507328,43.65006252677724,30.240378220618602,3.058493084447153,33.29887130506575,3860.0073000000025,3800.256800000007,3860.0073000000025,0.0,0,0,0.0,0.0,0.0,0.8435095837258152,0.8435095837258152,0.0,0.0,0.0,0.0,0.5,0.25,0.0,-374.52189999999945,0.0,48,2560.0,2228.8951999999995,7.6344,727.5101999999995,0.0,0.0,0.0,0.0,0.0,1,534.3812,2560.0,2228.8951999999995,727.5101999999995,274.0,0.0,0.0,0.015,7.094342634949684,7.235418644067801,8.847070625000004,NaN,5.93375326866962,13.270504745823445,1062.0,1093.0,531.0,2044.0,1524.0,204.0,130,0,0,0,52,56.0,2048.0,70881.40500000001,13382.0017,25341.9666,226,542,0,38,0.39929795248199307,0.291505222565821,0.4783547979444598,3,10460.5121,7754.116500000005,52,0,640.0,0,0,0,0.0,0,0.0,121585.39230000008,0.0,0,0,0,1.5,0,0.0,0,0,0.0,0,0.0,0,0,5662.125200000002,256.0,12063.3716,4,1853.2698,1853.277199999955,NaN,5120.0,100.0,1.2679413183593757,0,0,0.0,0,0.0,5120.0,0,0.0,0,0,6,0.0,0.0,0.0,0.0,0.0,0.0,0.0,0.0,0,0,0,0,130,0.0,6,6,25504.9326,3072,4659.7472,4659.7472,0.0,0.0,0.0,0.0,936.0819,917.1879,13606.208099999998,25282.407300000003,0.3070990671809093,474,103233.46759609385,38,18351.924703906272,4,0.0,4,12.195300000000316,2,534.3812,2021.4693,50.62500000000008,0,0,531,531,"EB best SuMSy village, full money stock",sumsy,2,1.1641532182693481e-10
27,512,4,4,124547.09289999997,0.0,12.1953,0.0,0.0,,0.0,0.0,0.0,0.0,0.0,0.0,0.0025,2124.2191,2230.17135,0.0,0.9395725184954536,795.9876000000007,35.31741666666676,0.0,0.0,0.9395725184954536,0.0,0.0,0.9395725184954536,0.0,0,0,33.99160742757558,8.363202006244636,42.354809433820215,29.367885631976186,2.766267575422679,32.13415320739887,3976.5726999999774,3860.0072999999948,3976.5726999999774,0.0,0,0,0.0,0.0,0.0,0.9395725184954536,0.9395725184954536,0.0,0.0,0.0,0.0,0.5,0.25,0.0,-374.52189999999945,0.0,48,2560.0,2237.5025,0.0,930.3457000000009,0.0,0.0,0.0,0.0,0.0,2,533.4727,2560.0,2237.5025,930.3457000000009,274.0,0.0,0.0,0.015,7.404950234741779,7.371643761638691,9.303060156249995,NaN,6.182064676849893,13.491356252442712,1074.0,1065.0,537.0,2048.0,1536.0,204.0,128,1,1,1,57,43.0,2047.0,69183.37690000009,14382.6524,25965.384400000003,226,542,0,38,0.4066105390415464,0.29108405352869715,0.4737409399396786,3,10945.713200000002,7886.271999999995,57,0,640.0,0,0,1,0.0,0,0.0,120919.23000000003,0.0,0,0,0,1.5,0,0.0,0,0,0.0,0,0.0,0,0,5953.958499999996,256.0,12357.9874,4,1920.6126,1920.6112000000273,NaN,5120.0,100.0,1.2968091080729176,0,0,0.0,0,0.0,5120.0,0,0.0,0,0,6,0.0,0.0,0.0,0.0,0.0,0.0,0.0,0.0,0,0,0,0,128,0.0,6,6,26536.798400000003,3072,4659.7472,4659.7472,0.0,0.0,0.0,0.0,977.9721000000001,942.6405,14049.131300000003,26169.2258,0.30669354580008745,474,102716.89400625,38,18202.33599375002,4,0.0,4,12.195300000000316,2,533.4727,2124.2191,50.62500000000008,0,0,537,537,"EB best SuMSy village, full money stock",sumsy,2,1.1641532182693481e-10
28,512,4,4,124860.25539999978,0.0,12.2156,0.63,0.0,,0.0,0.0,0.0,0.0,0.0,0.0,0.0025,2298.7899,2251.462575,0.0,0.896795266499249,830.8358999999997,0.0,0.0,0.0,0.896795266499249,0.0,0.0,0.896795266499249,0.0,0,0,33.384117395057295,7.923180110795815,41.307297505853114,28.864436744524895,2.4123958976545885,31.276832642179482,4092.806699999981,3976.5726999999833,4092.806699999981,0.0,0,0,0.0,0.0,0.0,0.896795266499249,0.896795266499249,0.0,0.0,0.0,0.0,0.5,0.25,0.0,-374.64379999999943,0.0,48,2560.0,2246.8374999999987,0.63,1039.5116999999993,0.0,0.0,0.0,0.0,0.0,0,533.2664,2560.0,2246.8374999999987,1039.5116999999993,274.0,0.0,0.0,0.015,7.67303564173591,7.545938333333298,9.705256562499999,NaN,6.493896378948094,13.685414207250224,1080.0,1083.0,540.0,2045.6666666666665,1542.0,204.0,125,1,0,3,58,47.0,2047.0,67390.50119999993,15276.905400000001,26736.9096,226,542,0,38,0.4170978942673389,0.29413174883035476,0.4545109385785031,4,11497.693799999994,8309.897599999991,58,0,640.0,0,0,1,0.0,0,0.0,120168.37942499992,0.0,0,0,0,1.5,0,0.0,0,0,0.0,0,0.0,0,0,6211.364199999999,256.0,12623.882899999999,4,1992.0318000000002,1991.9911999999795,NaN,5120.0,100.0,1.3289324243164067,0,0,0.0,0,0.0,5120.0,0,0.0,0,0,6,0.0,0.0,0.0,0.0,0.0,0.0,0.0,0.0,0,0,0,0,125,0.0,6,6,27515.815700000003,3072,4659.7472,4659.7472,0.0,0.0,0.0,0.0,1018.5617,973.4701000000001,14687.0738,27121.8822,0.3096884652906067,474,101963.52668554673,38,18204.85273945314,4,0.0,4,12.21560000000045,2,533.2664,2298.7899,50.75156250000008,0,0,540,540,"EB best SuMSy village, full money stock",sumsy,2,1.1641532182693481e-10
29,512,4,4,125165.4651999999,0.0,36.1669,24.561,0.0,,0.0,0.0,0.0,0.0,0.0,0.0,0.0025,2395.482,2281.0132500000004,0.0,0.7935725081663324,860.9157000000008,0.0,0.0,0.0,0.7935725081663324,0.0,0.0,0.7935725081663324,0.0,0,0,32.97210887417674,7.453212677256639,40.42532155143338,27.907989489120883,2.029715377139724,29.937704866260606,4217.3561000000045,4092.806700000008,4217.3561000000045,0.0,0,0,0.0,0.0,0.0,0.7935725081663324,0.7935725081663324,0.0,0.0,0.0,0.0,0.5,0.25,0.0,-374.7595999999994,0.0,48,2560.0,2254.7901999999963,24.561,994.5,0.0,0.0,0.0,0.0,0.0,0,533.3091,2560.0,2254.7901999999963,994.5,274.0,0.0,0.0,0.015,7.998598852772465,7.791013172541752,10.104676093749987,NaN,6.79138971796714,13.819587758643307,1078.0,1046.0,539.0,2043.3333333333333,1540.0,204.0,125,0,0,2,43,28.0,2048.0,65854.71340000005,16145.2145,27362.1193,226,542,0,38,0.42272096238112633,0.29614583472589495,0.46529694190874626,10,11973.10649999999,8366.534399999999,44,1,640.0,0,0,0,0.0,0,0.0,119641.90691406243,0.0,0,0,0,1.5,0,0.0,0,0,0.0,0,0.0,0,0,6466.992699999992,256.0,12874.6269,4,2025.3821,2025.4256000000544,NaN,5120.0,100.0,1.355090601755779,0,0,0.0,0,0.0,5120.0,0,0.0,0,0,6,0.0,0.0,0.0,0.0,0.0,0.0,0.0,0.0,0,0,0,0,125,0.0,6,6,28489.048000000003,3072,4659.7472,4659.7472,0.0,0.0,0.0,0.0,1043.2081,982.174,15117.4481,27892.9127,0.31140379500705406,474,101273.25339438477,38,18368.653519677755,4,0.0,4,36.16690000000017,2,533.3091,2395.482,50.872113281250066,0,0,539,539,"EB best SuMSy village, full money stock",sumsy,2,1.1641532182693481e-10
30,512,4,4,125461.8599999999,0.0,80.10249999999999,45.0242,0.0,,0.0,0.0,0.0,0.0,0.0,0.0,0.0025,2343.8744,2320.486000000001,0.0,0.77255998486455,897.4420000000001,0.0,0.0,0.0,0.77255998486455,0.0,0.0,0.77255998486455,0.0,0,0,32.28796804185612,6.804081093628623,39.09204913548474,27.035734885524363,1.5225164136084361,28.5582512991328,4365.726299999986,4217.3560999999845,4365.726299999986,0.0,0,0,0.0,0.0,0.0,0.77255998486455,0.77255998486455,0.0,0.0,0.0,0.0,0.5,0.25,0.0,-374.9650999999994,0.0,48,2560.0,2263.6052000000004,45.0242,883.3013999999993,0.0,0.0,0.0,0.0,0.0,2,534.3884,2560.0,2263.6052000000004,883.3013999999993,274.0,0.0,0.0,0.015,8.335300732600729,8.17241785714283,10.2900390784983,NaN,6.995869478777441,13.893081040062794,1064.0,1092.0,532.0,2045.3333333333335,1526.0,204.0,129,0,0,1,57,40.0,2048.0,64421.42250000006,16989.331599999998,28448.680699999997,226,542,0,38,0.43120795723864647,0.2974166103801057,0.4728362965164057,13,12217.226299999995,9102.148399999996,57,0,586.0,0,0,0,0.0,0,0.0,119278.22387439455,0.0,0,0,0,1.5,0,0.0,0,0,0.0,0,0.0,0,0,6029.962900000003,256.0,12724.162400000001,4,2097.5376,2097.5680000000034,NaN,5120.0,100.0,1.379662732197444,0,0,0.0,0,0.0,5120.0,0,0.0,0,0,6,0.0,0.0,0.0,0.0,0.0,0.0,0.0,0.0,0,0,0,0,129,0.0,6,6,29545.4088,3072,4659.7472,4659.7472,0.0,0.0,0.0,0.0,1101.8444,995.6931999999999,15525.129300000004,28616.765900000002,0.3121820774271564,474,100905.0211906671,38,18373.202683727435,4,0.0,4,74.65930000000026,2,534.3884,2343.8744,50.986937900390686,0,0,532,532,"EB best SuMSy village, full money stock",sumsy,2,1.1641532182693481e-10
31,512,4,4,125749.65580000001,0.0,143.12199999999999,64.1386,0.0,,0.0,0.0,0.0,0.0,0.0,0.0,0.0025,2236.8254,2370.756700000001,0.0,0.8923300973559973,935.2227000000008,44.643766666666885,0.0,0.0,0.8923300973559973,0.0,0.0,0.8923300973559973,0.0,0,0,31.393165055460685,6.397865113846889,37.791030169307575,26.2143419342754,1.246189554415915,27.460531488691316,4580.040500000023,4365.726300000007,4580.040500000023,0.0,0,0,0.0,0.0,0.0,0.8923300973559973,0.8923300973559973,0.0,0.0,0.0,0.0,0.5,0.25,0.0,-375.17069999999933,0.0,48,2560.0,2272.204199999999,64.1386,863.9046999999991,0.0,0.0,0.0,0.0,0.0,6,535.4432,2560.0,2272.204199999999,863.9046999999991,274.0,0.0,0.0,0.015,8.568004919583732,8.463897031539931,10.32078276481149,NaN,7.093312235193368,13.944796768406748,1078.0,1057.0,539.0,2046.6666666666665,1540.0,204.0,125,2,2,1,45,33.0,2046.0,63545.81949999994,17818.4288,29204.7492,226,542,0,38,0.43766484159033214,0.2980233901045717,0.4819784216735552,22,12480.770500000015,9056.381200000005,47,2,557.0,0,0,2,0.0,0,0.0,119491.32182720379,0.0,0,0,0,1.5,0,0.0,0,0,0.0,0,0.0,0,0,5748.6759999999995,256.0,12408.3897,4,2028.8419,2028.8712000000357,NaN,5120.0,100.0,1.3878208218123163,0,0,0.0,0,0.0,5120.0,0,0.0,0,0,6,0.0,0.0,0.0,0.0,0.0,0.0,0.0,0.0,0,0,0,0,125,0.0,6,6,30610.9234,3072,4659.7472,4659.7472,0.0,0.0,0.0,0.0,1112.8542,915.9877000000001,15778.890300000003,28820.6443,0.31209767328292104,474,101082.84931069652,38,18408.472516507376,4,0.0,4,137.95100000000002,2,535.4432,2236.8254,51.1600420224976,0,0,539,539,"EB best SuMSy village, full money stock",sumsy,2,1.1641532182693481e-10
32,512,4,4,126029.56110000025,0.0,215.9919,75.7862,0.0,,0.0,0.0,0.0,0.0,0.0,0.0,0.0025,2242.8992,2429.3518750000007,0.0,1.0,961.3296000000004,62.15089166666697,0.0,0.0,1.0,0.0,0.0,1.0,0.0,0,0,31.04887153463315,5.9719887446749285,37.02086027930808,25.597712138109657,1.11569009647097,26.713402234580627,4559.261799999992,4580.0404999999955,4559.261799999992,0.0,0,0,0.0,0.0,0.0,1.0,1.0,0.0,0.0,0.0,0.0,0.5,0.25,0.0,-375.7295999999994,0.0,48,2560.0,2280.0947,75.7862,1001.9038999999999,0.0,0.0,0.0,0.0,0.0,10,536.238,2560.0,2280.0947,1001.9038999999999,274.0,0.0,0.0,0.015,8.624401217228463,8.50423558052433,10.154674414062482,NaN,7.175444935932885,13.894437657279774,1068.0,1068.0,534.0,2044.6666666666667,1530.0,204.0,129,2,0,4,49,32.0,2046.0,63184.32159999998,18627.294199999997,29756.4407,224,544,0,38,0.4379015424284862,0.2997047453746413,0.47763456061009757,21,12540.983499999986,9210.860499999999,51,2,512.0,0,0,2,0.0,0,0.0,118703.54277916289,0.0,0,0,0,1.5,0,0.0,0,0,0.0,0,0.0,0,0,5199.193299999991,256.0,11682.3674,4,2052.9948999999997,2053.04760000001,NaN,5120.0,100.0,1.4241079687980578,0,0,0.0,0,0.0,5120.0,0,0.0,0,0,6,0.0,0.0,0.0,0.0,0.0,0.0,0.0,0.0,0,0,0,0,129,0.0,6,6,30277.943600000002,3072,4659.7472,4659.7472,0.0,0.0,0.0,0.0,1046.6288,1006.3661,16083.5937,29788.158700000004,0.31295137099377346,474,100314.23780956997,38,18389.304969592835,4,0.0,4,201.36050000000068,2,536.238,2242.8992,51.3251400789571,0,0,534,534,"EB best SuMSy village, full money stock",sumsy,2,1.1641532182693481e-10
33,512,4,4,126298.93290000016,0.0,303.84020000000004,92.27000000000001,0.0,,0.0,0.0,0.0,0.0,0.0,0.0,0.0025,2366.7676,2490.1298500000007,0.0,1.0,967.6587000000003,41.12075000000019,0.0,0.0,1.0,0.0,0.0,1.0,0.0,0,0,31.691932350943897,5.549349957195831,37.24128230813973,26.03309121112103,0.8484982355723379,26.881589446693365,4581.591799999998,4559.261799999985,4581.591799999998,0.0,0,0,0.0,0.0,0.0,1.0,1.0,0.0,0.0,0.0,0.0,0.5,0.25,0.0,-376.56409999999937,0.0,48,2560.0,2290.628199999999,92.27000000000001,1127.3849999999998,0.0,0.0,0.0,0.0,0.0,14,536.3380999999999,2560.0,2290.628199999999,1127.3849999999998,274.0,0.0,0.0,0.015,8.713003267973866,8.562085928705438,10.019268639053264,NaN,7.165804657443095,13.64258655796354,1066.0,1071.0,533.0,2041.3333333333333,1528.0,204.0,128,3,3,4,58,31.0,2045.0,62720.20589999997,19367.3153,30308.792699999998,224,544,0,38,0.4457408752671952,0.30592781936508096,0.4515945729857529,27,12516.682199999992,9331.626500000011,63,5,507.0,0,0,3,0.0,0,0.0,117909.9118526003,0.0,0,0,0,1.5,0,0.0,0,0,0.0,0,0.0,0,0,5079.769200000005,256.0,10999.513299999999,4,2094.1883000000003,2094.248800000031,NaN,5120.0,100.0,1.457356311422848,0,0,0.0,0,0.0,5120.0,0,0.0,0,0,6,0.0,0.0,0.0,0.0,0.0,0.0,0.0,0.0,0,0,0,0,128,0.0,6,6,29926.353800000004,3072,4659.7472,4659.7472,0.0,0.0,0.0,0.0,995.9850000000001,1098.2033,16607.300099999997,30749.267499999998,0.3182122617974281,474,99465.5825230376,38,18444.329329562726,4,0.0,4,289.20880000000034,2,536.3380999999999,2366.7676,51.54675877540402,0,0,533,533,"EB best SuMSy village, full money stock",sumsy,2,1.1641532182693481e-10
34,512,4,4,126560.56719999993,0.0,423.00479999999993,127.65440000000001,0.0,,0.0,0.0,0.0,0.0,0.0,0.0,0.0025,2480.8204,2553.3915500000003,0.0,1.0,977.5985999999996,24.190383333333404,0.0,0.0,1.0,0.0,0.0,1.0,0.0,0,0,31.604731696496884,5.364346077149716,36.969077773646596,26.061550368523616,0.7198624323423138,26.78141280086593,4593.88829999999,4581.591799999999,4593.88829999999,0.0,0,0,0.0,0.0,0.0,1.0,1.0,0.0,0.0,0.0,0.0,0.5,0.25,0.0,-378.16664678671157,0.0,48,2560.0,2298.3657000000003,127.65440000000001,1130.0058999999994,0.0,0.0,0.0,0.0,0.0,16,536.3759,2560.0,2298.3657000000003,1130.0058999999994,274.0,0.0,0.0,0.015,8.699008837209304,8.537105037313413,9.874241788321179,NaN,7.1447095610603775,13.434123999404582,1072.0,1075.0,536.0,2039.6666666666667,1534.0,204.0,127,5,2,7,52,41.0,2043.0,62066.62200000004,19985.6788,30747.834500000004,223,545,0,38,0.4483528745153271,0.3052833713975489,0.42731000337613967,35,12538.594200000003,9351.434500000001,55,3,548.0,0,0,5,0.0,0,0.0,118163.9387776149,0.0,0,0,0,1.5,0,0.0,0,0,0.0,0,0.0,0,0,5411.084500000006,256.0,10743.2356,4,2154.7754999999997,2154.7591999999668,NaN,5120.0,100.0,1.4585238234201243,0,0,0.0,0,0.0,5120.0,0,0.0,0,0,6,0.0,0.0,0.0,0.0,0.0,0.0,0.0,0.0,0,0,0,0,127,0.0,6,6,30784.234900000003,3072,4659.7472,4659.7472,0.0,0.0,0.0,0.0,1082.6399999999999,1072.1354999999999,16857.469600000004,30692.514000000003,0.3168504171913298,474,99799.50299061532,38,18364.43578699963,4,0.0,4,406.23129999999946,2,536.3759,2480.8204,51.88727152744933,0,0,536,536,"EB best SuMSy village, full money stock",sumsy,2,1.1641532182693481e-10
35,512,4,4,126815.78229999998,0.0,533.1591,118.99709999999999,0.0,,0.0,0.0,0.0,0.0,0.0,0.0,0.0025,2595.9162,2614.9651000000003,0.0,1.0,976.027799999999,6.3496333333334105,0.0,0.0,1.0,0.0,0.0,1.0,0.0,0,0,32.29686323945554,5.305735243729321,37.60259848318486,26.330445651696223,0.6783037813453049,27.00874943304153,4588.230899999977,4593.888299999998,4588.230899999977,0.0,0,0,0.0,0.0,0.0,1.0,1.0,0.0,0.0,0.0,0.0,0.5,0.25,0.0,-379.78904678671165,0.0,48,2560.0,2304.7848999999997,118.99709999999999,1131.9696999999996,0.0,0.0,0.0,0.0,0.0,29,537.2828,2560.0,2304.7848999999997,1131.9696999999996,274.0,0.0,0.0,0.015,8.712609622641509,8.590659586466122,9.794280628272263,NaN,7.10793131817491,13.066357735511536,1064.0,1060.0,532.0,2034.6666666666667,1526.0,204.0,128,9,7,5,57,39.0,2039.0,61330.45170000002,20570.3563,31031.2832,223,545,0,38,0.4547483107419734,0.3069904688201963,0.4448203562118749,33,12439.452300000015,9235.366199999999,61,4,573.0,0,0,9,0.0,0,0.0,118189.48228546922,0.0,0,0,0,1.5,0,0.0,0,0,0.0,0,0.0,0,0,5612.1228000000065,256.0,10750.4921,4,2299.7414,2299.715200000009,NaN,5120.0,100.0,1.4651677774833844,0,0,0.0,0,0.0,5120.0,0,0.0,0,0,6,0.0,0.0,0.0,0.0,0.0,0.0,0.0,0.0,0,0,0,0,128,0.0,6,6,31526.5568,3072,4659.7472,4659.7472,0.0,0.0,0.0,0.0,1190.0170999999998,1109.7243,17290.4832,30825.5748,0.31767469266544124,474,99663.6699441874,38,18525.812341281784,4,12.024400000000242,4,504.96499999999924,2,537.2828,2595.9162,52.148453398123436,0,0,532,532,"EB best SuMSy village, full money stock",sumsy,2,1.1641532182693481e-10
36,512,4,4,127064.83849999991,0.0,622.9367,108.74879999999999,0.0,,0.0,0.0,0.0,0.0,0.0,0.0,0.0025,2713.6054,2673.9599000000003,0.0,0.965032979010615,972.7608999999995,0.0,0.0,0.0,0.965032979010615,0.0,0.0,0.965032979010615,0.0,0,0,32.5785616916655,5.275465724544356,37.85402741620986,26.73634067274824,0.6609158690893463,27.39725654183759,4546.574100000005,4588.230900000001,4546.574100000005,0.0,0,0,0.0,0.0,0.0,0.965032979010615,0.965032979010615,0.0,0.0,0.0,0.0,0.5,0.25,0.0,-383.3678467867117,0.0,48,2560.0,2310.943800000003,108.74879999999999,1133.796900000001,0.0,0.0,0.0,0.0,0.0,19,538.636,2560.0,2310.943800000003,1133.796900000001,274.0,0.0,0.0,0.015,8.706422360844527,8.544479433962275,9.649045053003542,NaN,7.06280135724386,12.674367003446187,1060.0,1042.0,530.0,2033.0000000000002,1521.0,203.0,128,14,7,13,54,30.0,2034.0,60885.26409999991,21091.320499999998,31155.7452,223,545,0,38,0.45775157104899167,0.30898845359480864,0.44574211639455585,36,12343.4983,9072.092099999998,59,5,566.0,0,0,14,0.0,0,0.0,117295.71492894349,0.0,0,0,0,1.5,0,0.0,0,0,0.0,0,0.0,0,0,5461.359500000005,256.0,10680.2673,4,2386.8788999999997,2386.91800000004,NaN,5120.0,100.0,1.5050746965222208,0,0,0.0,0,0.0,5120.0,0,0.0,0,0,6,0.0,0.0,0.0,0.0,0.0,0.0,0.0,0.0,0,0,0,0,128,0.0,6,6,30979.212,3072,4659.7472,4659.7472,0.0,0.0,0.0,0.0,1129.9961999999998,1256.8827,17812.7896,31948.121,0.31857850846925784,474,99000.95655810682,38,18294.758370836716,4,18.813500000000204,4,588.8294999999998,2,538.636,2713.6054,52.52857969545083,0,0,530,530,"EB best SuMSy village, full money stock",sumsy,2,1.1641532182693481e-10
37,512,4,4,127306.7331,0.0,724.7522000000001,125.9294,0.0,,0.0,0.0,0.0,0.0,0.0,0.0,0.0025,2792.6336,2729.03235,0.0,0.9090613532969531,972.070599999999,0.0,0.0,0.0,0.9090613532969531,0.0,0.0,0.9090613532969531,0.0,0,0,33.31335609566534,5.148349718201453,38.46170581386679,27.301606087306023,0.5520209394613146,27.85362702676734,4483.058700000007,4546.5740999999725,4483.058700000007,0.0,0,0,0.0,0.0,0.0,0.9090613532969531,0.9090613532969531,0.0,0.0,0.0,0.0,0.5,0.25,0.0,-387.7631929001782,0.0,48,2560.0,2318.105399999999,125.9294,1096.5788999999986,0.0,0.0,0.0,0.0,0.0,19,539.8089,2560.0,2318.105399999999,1096.5788999999986,274.0,0.0,0.0,0.015,8.751475423728818,8.488704752851724,9.49318351449274,NaN,7.03147135266904,12.2941359933428,1052.0,1062.0,526.0,2019.0000000000005,1513.0,203.0,127,6,2,11,50,33.0,2042.0,60493.01000000008,21524.853799999997,31475.670700000002,223,545,0,38,0.4646583774074673,0.31368306695507586,0.43302682221864486,44,12245.535999999993,9294.066900000005,56,6,552.0,0,0,6,0.0,0,0.0,116887.0541689635,0.0,0,0,0,1.5,0,0.0,0,0,0.0,0,0.0,0,0,5240.2372999999925,256.0,10480.756099999999,4,2506.2362000000003,2506.1792000000078,NaN,5120.0,100.0,1.5277962433555736,0,0,0.0,0,0.0,5120.0,0,0.0,0,0,6,0.0,0.0,0.0,0.0,0.0,0.0,0.0,0.0,0,0,0,0,127,0.0,6,6,30916.423300000002,3072,4659.7472,4659.7472,0.0,0.0,0.0,0.0,1150.8281000000002,1355.4081,18345.2074,32564.8573,0.32305616286560057,474,98560.27845602801,38,18326.77571293554,4,21.387800000000425,4,688.9467000000013,2,539.8089,2792.6336,52.82736505839419,0,0,526,526,"EB best SuMSy village, full money stock",sumsy,2,1.1641532182693481e-10
38,512,4,4,127544.0877999999,0.0,802.9914000000001,102.41859999999997,0.0,,0.0,0.0,0.0,0.0,0.0,0.0,0.0025,2799.0558,2782.44085,0.0,0.8944632884750101,981.9132999999998,0.0,0.0,0.0,0.8944632884750101,0.0,0.0,0.8944632884750101,0.0,0,0,33.809131735193986,5.197845134021985,39.006976869215976,27.463547475964592,0.5420061980300442,28.005553673994633,4493.166000000002,4483.058700000012,4493.166000000002,0.0,0,0,0.0,0.0,0.0,0.8944632884750101,0.8944632884750101,0.0,0.0,0.0,0.0,0.5,0.25,0.0,-392.0952280206133,0.0,48,2560.0,2322.6452999999997,102.41859999999997,1034.6582999999991,0.0,0.0,0.0,0.0,0.0,30,540.5699,2560.0,2322.6452999999997,1034.6582999999991,274.0,0.0,0.0,0.015,8.687502849002849,8.443709433962267,9.387592578849727,NaN,6.989957386690119,11.952729265519537,1060.0,1053.0,530.0,2028.666666666667,1522.0000000000002,204.0,128,9,7,9,48,37.0,2039.0,60561.472999999976,21715.4248,31724.7424,220,548,0,38,0.4676867137609191,0.31348636794342766,0.4383325066666728,43,12244.523299999993,9147.9405,56,8,539.0,0,0,9,0.0,0,0.0,118087.0338094457,0.0,0,0,0,1.5,0,0.0,0,0,0.0,0,0.0,0,0,5059.912400000003,256.0,10202.8219,4,2511.5036,2511.4571999999976,NaN,5120.0,100.0,1.5008322936163736,0,0,0.0,0,0.0,5120.0,0,0.0,0,0,6,0.0,0.0,0.0,0.0,0.0,0.0,0.0,0.0,0,0,0,0,128,0.0,6,6,32090.506900000004,3072,4659.7472,4659.7472,0.0,0.0,0.0,0.0,1278.6638000000003,1232.8398,18866.4315,31552.482200000002,0.32284881824738765,474,99676.1736097465,38,18410.860199699193,4,39.542199999999866,4,749.9074999999993,2,540.5699,2799.0558,53.11345204341242,0,0,530,530,"EB best SuMSy village, full money stock",sumsy,2,1.1641532182693481e-10
39,512,4,4,127776.1847000001,0.0,916.0523000000002,144.92620000000002,0.0,,0.0,0.0,0.0,0.0,0.0,0.0,0.0025,2802.8298,2825.9338,0.0,0.9147179902652615,969.9593999999992,7.701333333333271,0.0,0.0,0.9147179902652615,0.0,0.0,0.9147179902652615,0.0,0,0,34.7542214539825,5.244269548910214,39.99849100289271,28.307623274202925,0.512900720498719,28.820523994701645,4506.584400000012,4493.166000000018,4506.584400000012,0.0,0,0,0.0,0.0,0.0,0.9147179902652615,0.9147179902652615,0.0,0.0,0.0,0.0,0.5,0.25,0.0,-397.7427971386665,0.0,48,2560.0,2327.9030999999995,144.92620000000002,1020.290500000001,0.0,0.0,0.0,0.0,0.0,27,541.5826,2560.0,2327.9030999999995,1020.290500000001,274.0,0.0,0.0,0.015,8.642683186705764,8.566000763358801,9.228927221172022,NaN,6.958144174789791,11.793846816014693,1048.0,1023.0,524.0,2027.666666666667,1509.0000000000002,203.0,130,8,2,15,38,17.0,2040.0,60971.356600000094,21977.533000000003,31627.515699999996,219,549,0,38,0.47406124172626973,0.3163570321593978,0.4420311449001788,42,12096.688100000005,8841.464899999995,47,9,529.0,0,0,8,0.0,0,0.0,118933.65467052071,0.0,0,0,0,1.5,0,0.0,0,0,0.0,0,0.0,0,0,4882.102499999999,256.0,9855.366999999998,4,2562.1659,2562.2028000000264,NaN,5120.0,100.0,1.4805206899804604,0,0,0.0,0,0.0,5120.0,0,0.0,0,0,6,0.0,0.0,0.0,0.0,0.0,0.0,0.0,0.0,0,0,0,0,130,0.0,6,6,32570.579599999997,3072,4659.7472,4659.7472,0.0,0.0,0.0,0.0,1377.2428999999997,1184.923,19405.059300000004,30889.8361,0.3248967119256889,474,100543.20994850618,38,18390.44472201451,4,58.28450000000157,4,845.1021000000001,2,541.5826,2802.8298,53.25459670145889,0,0,524,524,"EB best SuMSy village, full money stock",sumsy,2,1.1641532182693481e-10
40,512,4,4,128001.52249999996,0.0,1016.9116,136.8279,0.0,,0.0,0.0,0.0,0.0,0.0,0.0,0.0025,2832.4422,2860.652025,0.0,0.9393802743866814,969.7088000000005,9.40327499999997,0.0,0.0,0.9393802743866814,0.0,0.0,0.9393802743866814,0.0,0,0,35.79351069705893,5.037666616839221,40.83117731389815,29.074189620931687,0.45886575810730734,29.533055379038995,4408.797399999995,4506.584400000012,4408.797399999995,0.0,0,0,0.0,0.0,0.0,0.9393802743866814,0.9393802743866814,0.0,0.0,0.0,0.0,0.5,0.25,0.0,-403.8991971386667,0.0,48,2560.0,2334.662199999999,136.8279,1046.2954000000009,0.0,0.0,0.0,0.0,0.0,34,542.1406999999999,2560.0,2334.662199999999,1046.2954000000009,274.0,0.0,0.0,0.015,8.656644288389515,8.427634165067168,9.13309768786126,NaN,6.90138680422101,11.44003141153425,1042.0,1068.0,521.0,2022.0,1504.0,204.0,131,7,5,14,54,31.0,2041.0,60970.96140000002,22274.204400000002,31906.5742,219,549,0,38,0.4781450806555587,0.3220025839684122,0.4264692458987862,51,11974.507299999997,9245.296100000001,56,2,519.0,0,0,7,0.0,0,0.0,117918.44182623671,0.0,0,0,0,1.5,0,0.0,0,0,0.0,0,0.0,0,0,4740.077699999994,256.0,9475.1996,4,2600.9093000000003,2600.8892000000014,NaN,5120.0,100.0,1.525000352115283,0,0,0.0,0,0.0,5120.0,0,0.0,0,0,6,0.0,0.0,0.0,0.0,0.0,0.0,0.0,0.0,0,0,0,0,131,0.0,6,6,31491.3793,3072,4659.7472,4659.7472,0.0,0.0,0.0,0.0,1258.0040000000001,1342.9053000000001,19984.427300000003,32164.5989,0.3300292038475252,474,99572.1164103198,38,18346.325415916952,4,60.79309999999896,4,944.3287999999993,2,542.1406999999999,2832.4422,53.589094587523704,0,0,521,521,"EB best SuMSy village, full money stock",sumsy,2,1.1641532182693481e-10
41,512,4,4,128221.91569999994,0.0,1099.2448999999997,124.1137,0.0,,0.0,0.0,0.0,0.0,0.0,0.0,0.0025,2889.7167,2888.2417499999992,0.0,0.9380930893856234,971.2745999999987,0.0,0.0,0.0,0.9380930893856234,0.0,0.0,0.9380930893856234,0.0,0,0,36.41591397425776,5.01909694434069,41.43501091859845,29.389069042364138,0.4511540802704554,29.840223122634594,4500.357399999986,4408.797399999991,4500.357399999986,0.0,0,0,0.0,0.0,0.0,0.9380930893856234,0.9380930893856234,0.0,0.0,0.0,0.0,0.5,0.25,0.0,-410.9267272117283,0.0,48,2560.0,2339.606800000002,124.1137,1076.4100999999991,0.0,0.0,0.0,0.0,0.0,37,542.6623,2560.0,2339.606800000002,1076.4100999999991,274.0,0.0,0.0,0.015,8.633877574590954,8.505422011385173,8.961156261022913,NaN,6.833134029787116,11.096830469188221,1054.0,1039.0,527.0,2023.0000000000002,1516.0000000000002,204.0,128,14,9,14,49,29.0,2034.0,60887.0766,22406.126399999997,32007.638,219,549,0,38,0.47811754466176826,0.3231000556813002,0.42091856268888006,46,11955.219900000007,8970.598800000002,56,7,567.0,0,0,14,0.0,0,0.0,117636.12105127944,0.0,0,0,0,1.5,0,0.0,0,0,0.0,0,0.0,0,0,5080.975599999992,256.0,9488.6957,4,2631.8311999999996,2631.8007999999754,NaN,5120.0,100.0,1.5448207316212894,0,0,0.0,0,0.0,5120.0,0,0.0,0,0,6,0.0,0.0,0.0,0.0,0.0,0.0,0.0,0.0,0,0,0,0,128,0.0,6,6,31216.850900000005,3072,4659.7472,4659.7472,0.0,0.0,0.0,0.0,1227.9603000000002,1403.8709,20613.554600000003,32685.6092,0.33106025898319946,474,99341.61948926751,38,18294.50156201185,4,90.9395999999997,4,997.3915999999999,2,542.6623,2889.7167,53.90979443578836,0,0,527,527,"EB best SuMSy village, full money stock",sumsy,2,1.1641532182693481e-10
42,512,4,4,128440.32669999996,0.0,1162.1688000000001,111.71310000000001,0.0,,0.0,0.0,0.0,0.0,0.0,0.0,0.0025,2951.8001,2904.8739749999995,0.0,0.897152496555608,963.9709000000005,0.0,0.0,0.0,0.897152496555608,0.0,0.0,0.897152496555608,0.0,0,0,36.94079197997493,5.2813796704301845,42.222171650405116,29.697007769294448,0.564646667034701,30.26165443632915,4470.8975999999975,4500.35740000001,4470.8975999999975,0.0,0,0,0.0,0.0,0.0,0.897152496555608,0.897152496555608,0.0,0.0,0.0,0.0,0.5,0.25,0.0,-419.0117801505919,0.0,48,2560.0,2341.589,111.71310000000001,1075.2426999999996,0.0,0.0,0.0,0.0,0.0,35,543.3251,2560.0,2341.589,1075.2426999999996,274.0,0.0,0.0,0.015,8.614386919431283,8.546828406909784,8.862910370370354,NaN,6.79022428334649,10.7643010276333,1042.0,1055.0,521.0,2017.0000000000005,1503.0,203.0,130,13,7,20,57,37.0,2035.0,60967.746099999975,22544.3052,32130.1232,217,551,0,38,0.4782086262046261,0.3211043989607403,0.4293967699065233,47,11802.782300000003,9088.178200000004,59,2,540.0,0,0,13,0.0,0,0.0,118925.68341516417,0.0,0,0,0,1.5,0,0.0,0,0,0.0,0,0.0,0,0,4785.971599999992,256.0,9303.027,4,2701.897900000001,2701.9368000000413,NaN,5120.0,100.0,1.513548474081885,0,0,0.0,0,0.0,5120.0,0,0.0,0,0,6,0.0,0.0,0.0,0.0,0.0,0.0,0.0,0.0,0,0,0,0,130,0.0,6,6,32336.777,3072,4659.7472,4659.7472,0.0,0.0,0.0,0.0,1386.9179,1314.98,21107.1283,31640.678399999997,0.32913094087404926,474,100551.33471816331,38,18374.348697000805,4,107.66269999999895,4,1044.4684000000007,2,543.3251,2951.8001,54.2172654153121,0,0,521,521,"EB best SuMSy village, full money stock",sumsy,2,1.1641532182693481e-10
43,512,4,4,128656.13649999995,0.0,1161.5323999999991,48.4188,0.0,,0.0,0.0,0.0,0.0,0.0,0.0,0.0025,2969.0808,2911.5179249999987,0.0,0.8469704727262422,961.7984999999993,0.0,0.0,0.0,0.8469704727262422,0.0,0.0,0.8469704727262422,0.0,0,0,37.5321317895233,5.34566307015024,42.877794859673536,30.040091078721037,0.6323376267329048,30.672428705453942,4425.560699999984,4470.897600000023,4425.560699999984,0.0,0,0,0.0,0.0,0.0,0.8469704727262422,0.8469704727262422,0.0,0.0,0.0,0.0,0.5,0.25,0.0,-426.91020232543195,0.0,48,2560.0,2344.190199999998,48.4188,1029.1071000000015,0.0,0.0,0.0,0.0,0.0,47,543.658,2560.0,2344.190199999998,1029.1071000000015,274.0,0.0,0.0,0.015,8.62247548828125,8.427458317399585,8.759454197080286,NaN,6.7328392830488,10.441371996804302,1046.0,1024.0,523.0,2010.3333333333335,1507.0,203.0,128,12,7,19,45,25.0,2036.0,61138.91570000001,22696.3708,32110.1306,216,552,0,38,0.4801577806654611,0.3207303829624064,0.42112805342386994,40,11741.708299999993,8829.4149,52,7,548.0,0,0,12,0.0,0,0.0,119660.18594613443,0.0,0,0,0,1.5,0,0.0,0,0,0.0,0,0.0,0,0,4800.180899999997,256.0,9197.980599999999,4,2697.0035999999996,2696.9739999999515,NaN,5120.0,100.0,1.5017867073460078,0,0,0.0,0,0.0,5120.0,0,0.0,0,0,6,0.0,0.0,0.0,0.0,0.0,0.0,0.0,0.0,0,0,0,0,128,0.0,6,6,32841.7718,3072,4659.7472,4659.7472,0.0,0.0,0.0,0.0,1440.6951000000001,1256.3084999999999,21613.036700000004,31162.710199999998,0.3286717958270249,474,101360.26459401053,38,18299.92135212396,4,110.30299999999988,4,1042.0676999999987,2,543.658,2969.0808,54.44428163516132,0,0,523,523,"EB best SuMSy village, full money stock",sumsy,2,1.1641532182693481e-10
44,512,4,4,128869.37779999996,0.0,1131.9952999999998,24.499699999999997,0.0,,0.0,0.0,0.0,0.0,0.0,0.0,0.0025,2929.3225,2911.859824999998,0.0,0.8317654885565925,962.6971999999989,0.0,0.0,0.0,0.8317654885565925,0.0,0.0,0.8317654885565925,0.0,0,0,37.99695830636342,5.351859567320747,43.34881787368416,30.37282365219964,0.6653675842943,31.03819123649394,4347.938799999991,4425.560699999957,4347.938799999991,0.0,0,0,0.0,0.0,0.0,0.8317654885565925,0.8317654885565925,0.0,0.0,0.0,0.0,0.5,0.25,0.0,-435.30510212715546,0.0,48,2560.0,2346.7587000000017,24.499699999999997,972.7317000000014,0.0,0.0,0.0,0.0,0.0,40,544.2658,2560.0,2346.7587000000017,972.7317000000014,274.0,0.0,0.0,0.015,8.532733625731,8.342849325626187,8.613855338078295,NaN,6.663300926128497,10.128130836900171,1038.0,1026.0,519.0,2012.3333333333337,1499.0,203.0,131,13,7,22,40,23.0,2035.0,61266.76850000001,22801.8274,32086.6409,215,553,0,38,0.48049456889134623,0.3241633773563366,0.43431678509046656,39,11582.689000000004,8754.584700000007,45,5,562.0,0,0,13,0.0,0,0.0,118748.79113550819,0.0,0,0,0,1.5,0,0.0,0,0,0.0,0,0.0,0,0,4840.986700000002,256.0,9240.5527,4,2783.0724999999998,2783.0647999999574,NaN,5120.0,100.0,1.5460660809806015,0,0,0.0,0,0.0,5120.0,0,0.0,0,0,6,0.0,0.0,0.0,0.0,0.0,0.0,0.0,0.0,0,0,0,0,131,0.0,6,6,31720.4863,3072,4659.7472,4659.7472,0.0,0.0,0.0,0.0,1348.3596999999997,1434.7128,22191.9922,32408.5347,0.3320636319487198,474,100588.1855656304,38,18160.60556987779,4,104.61659999999938,4,1019.0930000000008,2,544.2658,2929.3225,54.66164966566694,0,0,519,519,"EB best SuMSy village, full money stock",sumsy,2,1.1641532182693481e-10
45,512,4,4,129076.18449999994,0.0,1104.5587999999996,27.6992,0.0,,0.0,0.0,0.0,0.0,0.0,0.0,0.0025,2885.8112,2908.114924999999,0.0,0.8511253677534725,952.6791000000009,7.434574999999616,0.0,0.0,0.8511253677534725,0.0,0.0,0.8511253677534725,0.0,0,0,39.3607375633839,5.292602233239753,44.653339796623655,31.577570318837676,0.5388977073383514,32.11646802617602,4301.847700000007,4347.938799999985,4301.847700000007,0.0,0,0,0.0,0.0,0.0,0.8511253677534725,0.8511253677534725,0.0,0.0,0.0,0.0,0.5,0.25,0.0,-443.47300212715515,0.0,48,2560.0,2353.1932999999976,27.6992,958.2429999999999,0.0,0.0,0.0,0.0,0.0,40,544.4222,2560.0,2353.1932999999976,958.2429999999999,274.0,0.0,0.0,0.015,8.472330197554092,8.33433404669262,8.41601884057971,NaN,6.597752614268764,9.842459499174591,1028.0,1063.0,514.0,2007.6666666666672,1489.0,203.0,133,8,2,24,54,36.0,2040.0,61286.74110000004,22840.7913,32352.413600000003,214,554,0,38,0.4902876261182918,0.3287640089433832,0.43896146759959986,43,11415.837200000002,9006.087,59,5,552.0,0,0,8,0.0,0,0.0,118811.17915554343,0.0,0,0,0,1.5,0,0.0,0,0,0.0,0,0.0,0,0,4645.6424,256.0,9166.0051,4,2889.8670000000006,2889.847200000052,NaN,5120.0,100.0,1.559983041220067,0,0,0.0,0,0.0,5120.0,0,0.0,0,0,6,0.0,0.0,0.0,0.0,0.0,0.0,0.0,0.0,0,0,0,0,133,0.0,6,6,31599.4484,3072,4659.7472,4659.7472,0.0,0.0,0.0,0.0,1371.0025000000003,1518.8645,22929.7923,32759.7616,0.33657264424356614,474,100738.19142564412,38,18072.98772989925,4,99.27720000000045,4,997.8718999999983,2,544.4222,2885.8112,54.93810661695816,0,0,514,514,"EB best SuMSy village, full money stock",sumsy,2,1.1641532182693481e-10
46,512,4,4,129279.87669999989,0.0,1117.0136999999995,69.48299999999999,0.0,,0.0,0.0,0.0,0.0,0.0,0.0,0.0025,2868.8899,2901.3638249999985,0.0,0.8792675485708505,950.5941999999994,10.824641666666139,0.0,0.0,0.8792675485708505,0.0,0.0,0.8792675485708505,0.0,0,0,40.401864195796186,5.499026367891457,45.900890563687646,32.22671267689918,0.6153815496685524,32.84209422656773,4368.218100000002,4301.847700000025,4368.218100000002,0.0,0,0,0.0,0.0,0.0,0.8792675485708505,0.8792675485708505,0.0,0.0,0.0,0.0,0.5,0.25,0.0,-451.44640212715524,0.0,48,2560.0,2356.307799999998,69.48299999999999,982.1335999999988,0.0,0.0,0.0,0.0,0.0,39,544.1777999999999,2560.0,2356.307799999998,982.1335999999988,274.0,0.0,0.0,0.015,8.421172700871248,8.301942938931301,8.357653380782924,NaN,6.4793878464672465,9.547185714199353,1048.0,1033.0,524.0,2010.0000000000007,1510.0,204.0,130,9,7,19,49,29.0,2039.0,61503.05440000005,22812.6793,32323.4288,213,555,0,38,0.4924793585167757,0.3291956393225841,0.4292344941894266,39,11372.28430000001,8699.071399999999,54,5,562.0,0,0,9,0.0,0,0.0,120037.32228175216,0.0,0,0,0,1.5,0,0.0,0,0,0.0,0,0.0,0,0,4697.001200000003,256.0,9227.646499999999,4,2845.0116999999996,2844.9836000000523,NaN,5120.0,100.0,1.5334798073713012,0,0,0.0,0,0.0,5120.0,0,0.0,0,0,6,0.0,0.0,0.0,0.0,0.0,0.0,0.0,0.0,0,0,0,0,130,0.0,6,6,32491.326999999997,3072,4659.7472,4659.7472,0.0,0.0,0.0,0.0,1457.8966,1387.1151,23532.9309,31872.427600000003,0.3371584501769127,474,101770.38593242184,38,18266.93634933034,4,94.6802000000007,4,1015.799799999997,2,544.1777999999999,2868.8899,55.203159719008625,0,0,524,524,"EB best SuMSy village, full money stock",sumsy,2,1.1641532182693481e-10
47,512,4,4,129478.79059999989,0.0,1144.137899999999,86.54310000000001,0.0,,0.0,0.0,0.0,0.0,0.0,0.0,0.0025,2896.6467,2892.413124999999,0.0,0.8756059835679002,940.2250000000001,0.0,0.0,0.0,0.8756059835679002,0.0,0.0,0.8756059835679002,0.0,0,0,41.35627687193792,5.501922629294491,46.858199501232406,33.01307440846446,0.5876959648594128,33.600770373323876,4357.096999999975,4368.21809999998,4357.096999999975,0.0,0,0,0.0,0.0,0.0,0.8756059835679002,0.8756059835679002,0.0,0.0,0.0,0.0,0.5,0.25,0.0,-459.4849344038122,0.0,48,2560.0,2361.086099999999,86.54310000000001,1016.6267999999997,0.0,0.0,0.0,0.0,0.0,44,543.8453,2560.0,2361.086099999999,1016.6267999999997,274.0,0.0,0.0,0.015,8.35443554274736,8.32840115163143,8.17693362369339,NaN,6.397665800877569,9.260770142773374,1042.0,1041.0,521.0,2014.333333333334,1503.0000000000002,203.0,131,9,4,22,43,33.0,2039.0,61599.63189999995,22871.8995,32208.493300000002,213,555,0,38,0.4941777022939027,0.33009200096871005,0.4131879493335229,44,11201.431899999998,8696.967400000001,51,8,574.0,0,0,9,0.0,0,0.0,120431.62066880068,0.0,0,0,0,1.5,0,0.0,0,0,0.0,0,0.0,0,0,4693.559900000006,256.0,9358.2739,4,2934.7906,2934.8280000000395,NaN,5120.0,100.0,1.5282467620064892,0,0,0.0,0,0.0,5120.0,0,0.0,0,0,6,0.0,0.0,0.0,0.0,0.0,0.0,0.0,0.0,0,0,0,0,131,0.0,6,6,32759.045099999996,3072,4659.7472,4659.7472,0.0,0.0,0.0,0.0,1525.4153000000001,1409.3753,24131.9418,31679.6216,0.3381468587257914,474,102156.14548147717,38,18275.47518732351,4,91.45850000000064,4,1047.0217000000011,2,543.8453,2896.6467,55.319271481302,0,0,521,521,"EB best SuMSy village, full money stock",sumsy,2,1.1641532182693481e-10
48,512,4,4,129675.43280000008,0.0,1104.6470999999997,20.842000000000002,0.0,,0.0,0.0,0.0,0.0,0.0,0.0,0.0025,2927.6873,2882.416599999999,0.0,0.8364794681408246,932.7748000000007,0.0,0.0,0.0,0.8364794681408246,0.0,0.0,0.8364794681408246,0.0,0,0,42.298855786345705,5.511769899524995,47.8106256858707,33.72744716163934,0.6727886736432637,34.4002358352826,4396.977699999973,4357.096999999991,4396.977699999973,0.0,0,0,0.0,0.0,0.0,0.8364794681408246,0.8364794681408246,0.0,0.0,0.0,0.0,0.5,0.25,0.0,-467.5231253890536,0.0,48,2560.0,2363.3578000000034,20.842000000000002,1013.1057000000004,0.0,0.0,0.0,0.0,0.0,49,543.4929999999999,2560.0,2363.3578000000034,1013.1057000000004,274.0,0.0,0.0,0.015,8.36601729834791,8.453624903474852,8.096588675958186,NaN,6.349228097315328,9.131492284219144,1036.0,1029.0,518.0,2011.333333333334,1497.0,203.0,132,8,6,25,43,32.0,2040.0,61750.960599999984,22893.0977,32096.175699999996,212,556,0,38,0.4953446322949291,0.3333928023474271,0.41374189513988524,38,11089.152500000006,8608.6318,48,5,574.0,0,0,8,0.0,0,0.0,119687.9254525548,0.0,0,0,0,1.5,0,0.0,0,0,0.0,0,0.0,0,0,4647.441899999999,256.0,9464.0185,4,2988.3215999999998,2988.3872000000533,NaN,5120.0,100.0,1.5653764949400202,0,0,0.0,0,0.0,5120.0,0,0.0,0,0,6,0.0,0.0,0.0,0.0,0.0,0.0,0.0,0.0,0,0,0,0,132,0.0,6,6,31757.4286,3072,4659.7472,4659.7472,0.0,0.0,0.0,0.0,1433.0739,1555.2477,24769.501499999995,32695.863299999997,0.3413695339762626,474,101564.22850526017,38,18123.69694729466,4,88.33359999999993,4,1011.5317999999997,2,543.4929999999999,2927.6873,55.56860153269827,0,0,518,518,"EB best SuMSy village, full money stock",sumsy,2,1.1641532182693481e-10
49,512,4,4,129865.59479999995,0.0,1064.6043,17.6055,0.0,,0.0,0.0,0.0,0.0,0.0,0.0,0.0025,2910.2058,2874.0653749999997,0.0,0.8053306231063976,938.6657000000007,0.0,0.0,0.0,0.8053306231063976,0.0,0.0,0.8053306231063976,0.0,0,0,43.11054443399855,5.382869583096982,48.49341401709553,34.46351840957913,0.5467594503433717,35.010277859922496,4164.382000000012,4396.97769999998,4164.382000000012,0.0,0,0,0.0,0.0,0.0,0.8053306231063976,0.8053306231063976,0.0,0.0,0.0,0.0,0.5,0.25,0.0,-474.78739082115237,0.0,48,2560.0,2369.8379999999997,17.6055,970.524699999999,0.0,0.0,0.0,0.0,0.0,56,543.0198,2560.0,2369.8379999999997,970.524699999999,274.0,0.0,0.0,0.015,8.349596508244423,8.051227184466043,7.991123793103455,NaN,6.391839348218051,9.316963610501872,1030.0,1031.0,515.0,2007.333333333334,1492.0,204.0,134,5,3,27,43,29.0,2043.0,61931.86679999999,22981.647999999997,31998.9533,212,556,0,38,0.5032929039855072,0.337176892901482,0.41920197241004664,49,11114.560200000002,8608.434,47,4,580.0,0,0,5,0.0,0,0.0,119793.67383926202,0.0,0,0,0,1.5,0,0.0,0,0,0.0,0,0.0,0,0,4634.851800000004,256.0,9499.9011,4,3009.139,3009.1484000000164,NaN,5120.0,100.0,1.575988403036928,0,0,0.0,0,0.0,5120.0,0,0.0,0,0,6,0.0,0.0,0.0,0.0,0.0,0.0,0.0,0.0,0,0,0,0,134,0.0,6,6,31524.856799999998,3072,4659.7472,4659.7472,0.0,0.0,0.0,0.0,1419.0499000000002,1590.0891000000001,25454.1848,32955.6456,0.3449811530340985,474,101744.09438449927,38,18049.579454762712,4,88.49589999999989,4,972.0719000000008,2,543.0198,2910.2058,55.80764671947448,0,0,515,515,"EB best SuMSy village, full money stock",sumsy,2,1.1641532182693481e-10
50,512,4,4,130050.06929999997,0.0,1037.109,22.5015,0.0,,0.0,0.0,0.0,0.0,0.0,0.0,0.0025,2861.642,2862.793125,0.0,0.8063200519086481,936.8243,0.38370833333344007,0.0,0.0,0.8063200519086481,0.0,0.0,0.8063200519086481,0.0,0,0,44.22209366889134,5.3861284639343605,49.6082221328257,35.3031223915942,0.44269475122179197,35.745817142815994,4338.566699999996,4164.381999999994,4338.566699999996,0.0,0,0,0.0,0.0,0.0,0.8063200519086481,0.8063200519086481,0.0,0.0,0.0,0.0,0.5,0.25,0.0,-480.5228143409959,0.0,48,2560.0,2375.525499999999,22.5015,936.9408,0.0,0.0,0.0,0.0,0.0,74,542.1363,2560.0,2375.525499999999,936.9408,274.0,0.0,0.0,0.015,8.313018250950568,8.356995551257246,7.904269464285713,NaN,6.37329239854616,9.45556959958382,1034.0,1052.0,517.0,2007.6666666666674,1496.0000000000002,204.0,134,3,2,27,53,35.0,2045.0,62223.278,22880.651700000002,32170.6095,212,556,0,38,0.5143827844259505,0.34053040491952347,0.4335402705909337,47,11104.404699999983,8745.295199999999,58,5,560.0,0,0,3,0.0,0,0.0,121294.12435086555,0.0,0,0,0,1.5,0,0.0,0,0,0.0,0,0.0,0,0,4426.390899999999,256.0,9371.7518,4,3035.1102,3035.1079999999597,NaN,5120.0,100.0,1.5448728764101327,0,0,0.0,0,0.0,5120.0,0,0.0,0,0,6,0.0,0.0,0.0,0.0,0.0,0.0,0.0,0.0,0,0,0,0,134,0.0,6,6,32525.367300000005,3072,4659.7472,4659.7472,0.0,0.0,0.0,0.0,1549.7752,1485.335,26050.915300000004,31897.645699999997,0.34821873029512473,474,103048.03651640844,38,18246.08783445706,4,85.65879999999925,4,948.2897000000003,2,542.1363,2861.642,56.176350409094844,0,0,517,517,"EB best SuMSy village, full money stock",sumsy,2,1.1641532182693481e-10
51,512,4,4,130232.54840000012,0.0,1000.6973999999996,21.527,0.0,,0.0,0.0,0.0,0.0,0.0,0.0,0.0025,2820.3966,2853.48295,0.0,0.8347235683596578,932.7186999999992,11.028783333333346,0.0,0.0,0.8347235683596578,0.0,0.0,0.8347235683596578,0.0,0,0,44.8056058024438,5.58886470687199,50.394470509315795,35.81740638030351,0.5412943963600577,36.35870077666357,4267.66690000002,4338.566699999998,4267.66690000002,0.0,0,0,0.0,0.0,0.0,0.8347235683596578,0.8347235683596578,0.0,0.0,0.0,0.0,0.5,0.25,0.0,-486.95194973587894,0.0,48,2560.0,2377.5208999999995,21.527,939.2564999999998,0.0,0.0,0.0,0.0,0.0,62,542.1233,2560.0,2377.5208999999995,939.2564999999998,274.0,0.0,0.0,0.015,8.265964591439685,8.125558126195067,7.76471602914389,NaN,6.2718711192020375,9.339526605334274,1046.0,1028.0,523.0,2009.3333333333342,1508.0000000000005,204.0,130,4,3,38,50,33.0,2044.0,62748.81480000005,22898.4826,32036.1455,211,557,0,38,0.5153061463867183,0.339866142711583,0.42891120523212733,45,11018.849799999987,8497.411599999996,55,5,549.0,0,0,4,0.0,0,0.0,122215.49353243827,0.0,0,0,0,1.5,0,0.0,0,0,0.0,0,0.0,0,0,4262.829099999995,256.0,9186.5856,4,2910.523,2910.5503999999723,NaN,5120.0,100.0,1.5304536848040113,0,0,0.0,0,0.0,5120.0,0,0.0,0,0,6,0.0,0.0,0.0,0.0,0.0,0.0,0.0,0.0,0,0,0,0,130,0.0,6,6,32801.7084,3072,4659.7472,4659.7472,0.0,0.0,0.0,0.0,1536.2797,1374.2432999999999,26493.926300000003,31319.505300000004,0.3475394860860197,474,104020.54594971315,38,18194.94758272511,4,81.46759999999995,4,916.9453000000003,2,542.1233,2820.3966,56.46054639273104,0,0,523,523,"EB best SuMSy village, full money stock",sumsy,2,1.1641532182693481e-10
52,512,4,4,130409.28210000004,0.0,953.8955000000001,12.7537,0.0,,0.0,0.0,0.0,0.0,0.0,0.0,0.0025,2820.4997,2842.915775,0.0,0.8539162683008094,927.4401000000001,7.472025000000031,0.0,0.0,0.8539162683008094,0.0,0.0,0.8539162683008094,0.0,0,0,45.83203508504974,5.505475306153148,51.33751039120289,36.744919906539785,0.5305520561200581,37.27547196265984,4199.278100000007,4267.666900000003,4199.278100000007,0.0,0,0,0.0,0.0,0.0,0.8539162683008094,0.8539162683008094,0.0,0.0,0.0,0.0,0.5,0.25,0.0,-493.2838985251591,0.0,48,2560.0,2383.2663,12.7537,974.9137000000009,0.0,0.0,0.0,0.0,0.0,58,541.8912,2560.0,2383.2663,974.9137000000009,274.0,0.0,0.0,0.015,8.241549661835744,8.134782295719857,7.622101238938052,NaN,6.259046841494087,9.35127946917265,1028.0,1035.0,514.0,1993.6666666666674,1489.9999999999995,204.0,134,10,8,27,51,36.0,2038.0,63151.90879999997,22848.4689,31967.5714,210,558,0,38,0.5271202938373711,0.34886742080959965,0.45315061881282115,56,10876.418600000008,8530.003899999996,55,4,565.0,0,0,10,0.0,0,0.0,121628.68814860375,0.0,0,0,0,1.5,0,0.0,0,0,0.0,0,0.0,0,0,4306.4872,256.0,9078.9421,4,3035.6156,3035.6015999999895,NaN,5120.0,100.0,1.5636568748642279,0,0,0.0,0,0.0,5120.0,0,0.0,0,0,6,0.0,0.0,0.0,0.0,0.0,0.0,0.0,0.0,0,0,0,0,134,0.0,6,6,31688.0547,3072,4659.7472,4659.7472,0.0,0.0,0.0,0.0,1480.8718000000001,1554.7438000000002,27160.2552,32206.9277,0.3562855196999366,474,103566.00742660736,38,18062.680721996276,4,76.97100000000137,4,875.5159999999987,2,541.8912,2820.4997,56.73337453702181,0,0,514,514,"EB best SuMSy village, full money stock",sumsy,2,1.1641532182693481e-10
53,512,4,4,130584.50859999988,0.0,911.9381000000001,20.865399999999998,0.0,,0.0,0.0,0.0,0.0,0.0,0.0,0.0025,2850.4898,2830.1392749999995,0.0,0.8365010156968485,920.1685999999993,0.0,0.0,0.0,0.8365010156968485,0.0,0.0,0.8365010156968485,0.0,0,0,46.79708286140957,5.5226451482321135,52.31972800964168,37.51113754404236,0.5435159538300277,38.05465349787239,4274.527499999986,4199.278099999996,4274.527499999986,0.0,0,0,0.0,0.0,0.0,0.8365010156968485,0.8365010156968485,0.0,0.0,0.0,0.0,0.5,0.25,0.0,-499.7432985251591,0.0,48,2560.0,2384.773499999999,20.865399999999998,997.8404999999995,0.0,0.0,0.0,0.0,0.0,50,541.5554999999999,2560.0,2384.773499999999,997.8404999999995,274.0,0.0,0.0,0.015,8.186110365251732,8.233128626692428,7.47127712665406,NaN,6.22935024732039,9.365501055923167,1034.0,1013.0,517.0,2002.6666666666672,1495.0,203.0,130,8,3,30,34,27.0,2040.0,64008.16890000003,22743.3727,31749.9464,209,559,0,38,0.5253719240544517,0.35152424090849177,0.4281054783890792,47,10847.745700000007,8292.529800000004,41,7,529.0,0,0,8,0.0,0,0.0,121805.41409265948,0.0,0,0,0,1.5,0,0.0,0,0,0.0,0,0.0,0,0,3952.305599999998,256.0,8690.9753,4,2936.9883,2936.940399999966,NaN,5120.0,100.0,1.570556428580596,0,0,0.0,0,0.0,5120.0,0,0.0,0,0,6,0.0,0.0,0.0,0.0,0.0,0.0,0.0,0.0,0,0,0,0,130,0.0,6,6,30838.4867,3072,4659.7472,4659.7472,0.0,0.0,0.0,0.0,1378.6592999999998,1558.329,27840.222199999997,32345.8077,0.35894424009697,474,103727.49377970974,38,18077.920312949762,4,73.5760999999984,4,837.829499999998,2,541.5554999999999,2850.4898,56.99528955554092,0,0,517,517,"EB best SuMSy village, full money stock",sumsy,2,1.1641532182693481e-10
54,512,4,4,130757.11230000001,0.0,885.2857999999999,29.5181,0.0,,0.0,0.0,0.0,0.0,0.0,0.0,0.0025,2862.3668,2818.7664499999996,0.0,0.7992250382407006,918.4796000000009,0.0,0.0,0.0,0.7992250382407006,0.0,0.0,0.7992250382407006,0.0,0,0,47.994171065482504,5.651665280228759,53.64583634571127,38.26370735265757,0.564124724546143,38.82783207720371,4241.070900000005,4274.527499999999,4241.070900000005,0.0,0,0,0.0,0.0,0.0,0.7992250382407006,0.7992250382407006,0.0,0.0,0.0,0.0,0.5,0.25,0.0,-505.2409498550518,0.0,48,2560.0,2387.396299999998,29.5181,978.4246999999988,0.0,0.0,0.0,0.0,0.0,62,541.0063,2560.0,2387.396299999998,978.4246999999988,274.0,0.0,0.0,0.015,8.273104114832533,8.26432661448142,7.459587656529517,NaN,6.420821551874142,13.78329228786995,1022.0,1045.0,511.0,2001.6666666666679,1484.0000000000002,204.0,135,5,3,29,48,35.0,2043.0,64557.15429999991,22411.961800000005,31801.5824,207,561,0,38,0.5208262549590545,0.3485652369070964,0.4189640511907662,42,11052.901300000009,8645.393799999996,53,5,559.0,0,0,5,0.0,0,0.0,123332.29932435104,0.0,0,0,0,1.5,0,0.0,0,0,0.0,0,0.0,0,0,4169.9095,256.0,8583.0407,4,2930.2294,2930.199600000054,NaN,5120.0,100.0,1.531475445351073,0,0,0.0,0,0.0,5120.0,0,0.0,0,0,6,0.0,0.0,0.0,0.0,0.0,0.0,0.0,0.0,0,0,0,0,135,0.0,6,6,31758.7947,3072,4659.7472,4659.7472,0.0,0.0,0.0,0.0,1502.6989,1427.5305,28447.5203,31037.7902,0.3561923265638307,474,105093.0950039687,38,18239.204320382254,4,69.84260000000177,4,815.3132999999998,2,541.0063,2862.3668,57.17548386137488,0,0,511,511,"EB best SuMSy village, full money stock",sumsy,2,1.1641532182693481e-10
55,512,4,4,130928.80939999991,0.0,847.0398,21.618000000000002,0.0,,0.0,0.0,0.0,0.0,0.0,0.0,0.0025,2821.8554,2810.3771,0.0,0.7894173384835071,928.2410999999994,0.0,0.0,0.0,0.7894173384835071,0.0,0.0,0.7894173384835071,0.0,0,0,47.74886535623423,5.761647328988698,53.51051268522293,38.13960197521373,0.6825857456637098,38.82218772087744,4306.336400000007,4241.070899999987,4306.336400000007,0.0,0,0,0.0,0.0,0.0,0.7894173384835071,0.7894173384835071,0.0,0.0,0.0,0.0,0.5,0.25,0.0,-510.95184985505233,0.0,48,2560.0,2388.302900000002,21.618000000000002,935.3614999999995,0.0,0.0,0.0,0.0,0.0,57,541.0022,2560.0,2388.302900000002,935.3614999999995,274.0,0.0,0.0,0.015,8.326906528189914,8.278641698841714,7.401222147651008,NaN,6.391014807532846,13.36979351923385,1036.0,1011.0,518.0,2005.0000000000007,1498.0000000000002,204.0,132,6,3,32,38,22.0,2042.0,64931.429300000054,22149.784699999997,31729.371900000002,206,562,0,38,0.5214752431489531,0.34769386219813003,0.4266485587390416,36,11092.965500000008,8418.502500000002,41,3,596.0,0,0,6,0.0,0,0.0,123970.10053422132,0.0,0,0,0,1.5,0,0.0,0,0,0.0,0,0.0,0,0,4411.1284000000005,256.0,8755.3659,4,2769.5546,2769.502799999957,NaN,5120.0,100.0,1.5231856687039744,0,0,0.0,0,0.0,5120.0,0,0.0,0,0,6,0.0,0.0,0.0,0.0,0.0,0.0,0.0,0.0,0,0,0,0,132,0.0,6,6,31899.7674,3072,4659.7472,4659.7472,0.0,0.0,0.0,0.0,1443.9435999999998,1325.611,28796.2831,30734.7551,0.3555000444526424,474,105800.9965214647,38,18169.10401275664,4,64.43139999999948,4,782.6083999999992,2,541.0022,2821.8554,57.34824515209317,0,0,518,518,"EB best SuMSy village, full money stock",sumsy,2,1.1641532182693481e-10
56,512,4,4,131095.03539999994,0.0,795.6159000000005,6.3674,0.0,,0.0,0.0,0.0,0.0,0.0,0.0,0.0025,2767.4692,2803.2726000000002,0.0,0.8199246100039664,934.2792000000006,11.934466666666745,0.0,0.0,0.8199246100039664,0.0,0.0,0.8199246100039664,0.0,0,0,48.026076514969894,5.672300640718575,53.69837715568847,38.63986876770401,0.5825661081926735,39.22243487589668,4232.256000000001,4306.336400000011,4232.256000000001,0.0,0,0,0.0,0.0,0.0,0.8199246100039664,0.8199246100039664,0.0,0.0,0.0,0.0,0.5,0.25,0.0,-516.432810685312,0.0,48,2560.0,2393.7740000000035,6.3674,926.4618999999998,0.0,0.0,0.0,0.0,0.0,54,541.2934,2560.0,2393.7740000000035,926.4618999999998,274.0,0.0,0.0,0.015,8.254074299516905,8.230968750000002,7.300160034013608,NaN,6.383168402285496,12.968699713656838,1024.0,1035.0,512.0,2000.333333333334,1486.0000000000005,204.0,136,5,4,25,45,21.0,2043.0,65194.9387,22018.014199999998,31730.0003,206,562,0,38,0.532563500140353,0.3532965572910627,0.42862241787147903,48,10997.067299999997,8542.966899999996,49,4,588.0,0,0,5,0.0,0,0.0,124240.74951839531,0.0,0,0,0,1.5,0,0.0,0,0,0.0,0,0.0,0,0,4292.494100000002,256.0,8843.3196,4,2817.627,2817.6272000000486,NaN,5120.0,100.0,1.5309464805561808,0,0,0.0,0,0.0,5120.0,0,0.0,0,0,6,0.0,0.0,0.0,0.0,0.0,0.0,0.0,0.0,0,0,0,0,136,0.0,6,6,31704.6884,3072,4659.7472,4659.7472,0.0,0.0,0.0,0.0,1455.5644,1362.0626,29221.0296,30886.645699999997,0.36102309881212236,474,106098.01790353828,38,18142.73161485705,4,63.01670000000013,4,732.5992000000006,2,541.2934,2767.4692,57.657250652449555,0,0,512,512,"EB best SuMSy village, full money stock",sumsy,2,1.1641532182693481e-10
57,512,4,4,131258.07869999995,0.0,769.6714000000003,31.858000000000004,0.0,,0.0,0.0,0.0,0.0,0.0,0.0,0.0025,2759.1916,2796.630075,0.0,0.8517739090045058,926.1089999999997,12.479491666666641,0.0,0.0,0.8517739090045058,0.0,0.0,0.8517739090045058,0.0,0,0,48.837956040088656,5.708456147258429,54.54641218734709,39.5273093262937,0.601331787768431,40.12864111406213,4245.50790000001,4232.256000000009,4245.50790000001,0.0,0,0,0.0,0.0,0.0,0.8517739090045058,0.8517739090045058,0.0,0.0,0.0,0.0,0.5,0.25,0.0,-521.1374687982498,0.0,48,2560.0,2396.9566999999997,31.858000000000004,963.8117000000009,0.0,0.0,0.0,0.0,0.0,52,540.8091,2560.0,2396.9566999999997,963.8117000000009,274.0,0.0,0.0,0.015,8.275115203021723,8.161212162162181,7.178566785714287,NaN,6.327505387008771,12.579638722247127,1036.0,1059.0,518.0,2010.0000000000007,1498.0,204.0,133,6,3,26,51,37.0,2042.0,65543.55730000007,21744.3962,31957.4922,204,564,0,38,0.5368352398789329,0.3562808304533591,0.4234380457974556,41,10983.271199999992,8763.347000000005,57,6,560.0,0,0,6,0.0,0,0.0,124334.12392636783,0.0,0,0,0,1.5,0,0.0,0,0,0.0,0,0.0,0,0,4019.997400000001,256.0,8712.632300000001,4,2765.8183000000004,2765.8519999999494,NaN,5120.0,100.0,1.5417699021906401,0,0,0.0,0,0.0,5120.0,0,0.0,0,0,6,0.0,0.0,0.0,0.0,0.0,0.0,0.0,0.0,0,0,0,0,133,0.0,6,6,31336.5026,3072,4659.7472,4659.7472,0.0,0.0,0.0,0.0,1390.3025,1375.5158000000001,29616.229400000004,31078.018099999998,0.36403542148063184,474,106319.90749743416,38,18014.216428933665,4,58.24670000000151,4,711.4247000000005,2,540.8091,2759.1916,57.95428218966714,0,0,518,518,"EB best SuMSy village, full money stock",sumsy,2,1.1641532182693481e-10
58,512,4,4,131416.71990000014,0.0,737.7582000000002,23.579399999999996,0.0,,0.0,0.0,0.0,0.0,0.0,0.0,0.0025,2787.7147,2791.0989750000003,0.0,0.8546476957493641,928.4697999999995,1.128091666666781,0.0,0.0,0.8546476957493641,0.0,0.0,0.8546476957493641,0.0,0,0,49.42460337223024,5.633399784500291,55.05800315673053,40.01847870923931,0.5785853932964462,40.59706410253576,4297.169700000002,4245.507900000001,4297.169700000002,0.0,0,0,0.0,0.0,0.0,0.8546476957493641,0.8546476957493641,0.0,0.0,0.0,0.0,0.5,0.25,0.0,-525.8799953158211,0.0,48,2560.0,2401.3588000000004,23.579399999999996,1003.0797000000009,0.0,0.0,0.0,0.0,0.0,53,540.4,2560.0,2401.3588000000004,1003.0797000000009,274.0,0.0,0.0,0.015,8.308673463414634,8.19764310344828,7.080510815602828,NaN,6.2801588041915,12.202249560579716,1044.0,1025.0,522.0,2008.333333333334,1506.0,204.0,129,6,4,29,43,32.0,2042.0,65986.82659999994,21568.323,31909.1717,204,564,0,38,0.5356224021512217,0.35650174682331603,0.4035949289803622,46,10952.269699999986,8516.3903,49,6,564.0,0,0,6,0.0,0,0.0,124371.68369787926,0.0,0,0,0,1.5,0,0.0,0,0,0.0,0,0.0,0,0,3993.408099999995,256.0,8624.2839,4,2737.8515,2737.816000000018,NaN,5120.0,100.0,1.5547841372631135,0,0,0.0,0,0.0,5120.0,0,0.0,0,0,6,0.0,0.0,0.0,0.0,0.0,0.0,0.0,0.0,0,0,0,0,129,0.0,6,6,30724.551199999998,3072,4659.7472,4659.7472,0.0,0.0,0.0,0.0,1324.2721,1413.5794,30224.957000000002,31377.227399999996,0.3642861518868874,474,106473.43404459115,38,17898.2496532881,4,62.14349999999831,4,675.6146999999992,2,540.4,2787.7147,58.3122466075546,0,0,522,522,"EB best SuMSy village, full money stock",sumsy,2,1.1641532182693481e-10
59,512,4,4,131573.41949999976,0.0,691.8770000000001,8.7876,0.0,,0.0,0.0,0.0,0.0,0.0,0.0,0.0025,2816.0222,2789.1012999999994,0.0,0.8318018901645857,932.234299999999,0.0,0.0,0.0,0.8318018901645857,0.0,0.0,0.8318018901645857,0.0,0,0,49.89469586674712,5.652344312384066,55.54704017913119,40.527905545459404,0.6190630983277359,41.14696864378715,4293.861500000001,4297.169700000006,4293.861500000001,0.0,0,0,0.0,0.0,0.0,0.8318018901645857,0.8318018901645857,0.0,0.0,0.0,0.0,0.5,0.25,0.0,-530.519995315821,0.0,48,2560.0,2403.300399999998,8.7876,1007.0944999999989,0.0,0.0,0.0,0.0,0.0,50,540.0465,2560.0,2403.300399999998,1007.0944999999989,274.0,0.0,0.0,0.015,8.288976279527562,8.30264368932039,6.935449913043478,NaN,6.264535788155824,12.176711250055343,1030.0,1016.0,515.0,2004.000000000001,1492.0000000000002,204.0,133,9,5,25,36,23.0,2039.0,66504.09489999997,21391.9218,31736.658499999998,202,566,0,38,0.54040343256919,0.36070324952429655,0.41760605914205784,41,10831.593300000002,8421.599900000003,45,9,575.0,0,0,9,0.0,0,0.0,124943.82946408624,0.0,0,0,0,1.5,0,0.0,0,0,0.0,0,0.0,0,0,3987.8837,256.0,8584.6756,4,2758.0347,2758.0796000000273,NaN,5120.0,100.0,1.548635327847488,0,0,0.0,0,0.0,5120.0,0,0.0,0,0,6,0.0,0.0,0.0,0.0,0.0,0.0,0.0,0.0,0,0,0,0,133,0.0,6,6,30601.2537,3072,4659.7472,4659.7472,0.0,0.0,0.0,0.0,1346.1562,1411.8785,30785.414,31112.0022,0.3685787898300783,474,106994.28903298572,38,17949.540431100464,4,57.40979999999945,4,634.4672000000019,2,540.0465,2816.0222,58.58389705151188,0,0,515,515,"EB best SuMSy village, full money stock",sumsy,2,1.1641532182693481e-10
60,512,4,4,131726.21620000002,0.0,677.4535000000001,41.09459999999999,0.0,,0.0,0.0,0.0,0.0,0.0,0.0,0.0025,2825.1492,2787.2731749999994,0.0,0.799706149456053,925.4622999999991,0.0,0.0,0.0,0.799706149456053,0.0,0.0,0.799706149456053,0.0,0,0,50.57602896333399,5.752431464324854,56.32846042765884,41.20696895693877,0.602255123313862,41.80922408025263,4202.998399999992,4293.861500000007,4202.998399999992,0.0,0,0,0.0,0.0,0.0,0.799706149456053,0.799706149456053,0.0,0.0,0.0,0.0,0.5,0.25,0.0,-534.9644189894835,0.0,48,2560.0,2407.203300000005,41.09459999999999,981.6053000000004,0.0,0.0,0.0,0.0,0.0,49,539.8027,2560.0,2407.203300000005,981.6053000000004,274.0,0.0,0.0,0.015,8.261272033898303,8.173824999999985,6.864649063032372,NaN,6.242097307480964,12.195043454172252,1024.0,1062.0,512.0,2007.000000000001,1484.9999999999998,203.0,134,4,1,27,52,38.0,2044.0,66521.13030000008,21318.4693,31905.586299999995,202,566,0,38,0.5512523856208489,0.3643741319542215,0.4102165772178785,41,10753.283200000005,8773.470899999997,54,2,587.0,0,0,4,0.0,0,0.0,125729.44339418304,0.0,0,0,0,1.5,0,0.0,0,0,0.0,0,0.0,0,0,4029.5490000000023,256.0,8616.0784,4,2780.4069,2780.3571999999735,NaN,5120.0,100.0,1.5365750034601087,0,0,0.0,0,0.0,5120.0,0,0.0,0,0,6,0.0,0.0,0.0,0.0,0.0,0.0,0.0,0.0,0,0,0,0,134,0.0,6,6,31192.578400000002,3072,4659.7472,4659.7472,0.0,0.0,0.0,0.0,1421.3620999999998,1359.0448,31253.716499999995,30647.5556,0.37240808719427343,474,107693.89453537679,38,18035.548858806276,4,62.803499999999985,4,614.6499999999987,2,539.8027,2825.1492,58.9182509120802,0,0,512,512,"EB best SuMSy village, full money stock",sumsy,2,1.1641532182693481e-10
61,512,4,4,131874.98530000015,0.0,667.1448,40.058099999999996,0.0,,0.0,0.0,0.0,0.0,0.0,0.0,0.0025,2796.9136,2784.335374999999,0.0,0.7890667805424474,926.9145,0.0,0.0,0.0,0.7890667805424474,0.0,0.0,0.7890667805424474,0.0,0,0,51.29084060399611,5.669731709911447,56.960572313907555,41.993036497977926,0.5201820819652495,42.51321857994317,4418.186800000001,4202.9983999999995,4418.186800000001,0.0,0,0,0.0,0.0,0.0,0.7890667805424474,0.7890667805424474,0.0,0.0,0.0,0.0,0.5,0.25,0.0,-539.0625662757635,0.0,48,2560.0,2411.2309,40.058099999999996,945.439899999999,0.0,0.0,0.0,0.0,0.0,54,539.6636000000001,2560.0,2411.2309,945.439899999999,274.0,0.0,0.0,0.015,8.296630753968252,8.413359082217976,6.839536576576576,NaN,6.162550478914692,11.829192150547085,1046.0,1008.0,523.0,2009.0000000000007,1508.0,203.99999999999997,130,6,6,23,34,23.0,2042.0,67109.98749999997,21168.2678,31749.460900000002,202,566,0,38,0.5521984647689591,0.36539836196476294,0.4131473579934968,48,10763.715699999995,8363.003799999999,38,4,555.0,0,0,6,0.0,0,0.0,126093.1605164158,0.0,0,0,0,1.5,0,0.0,0,0,0.0,0,0.0,0,0,3795.9427999999994,256.0,8510.6919,4,2681.8979999999997,2681.9019999999996,NaN,5120.0,100.0,1.5352002218763923,0,0,0.0,0,0.0,5120.0,0,0.0,0,0,6,0.0,0.0,0.0,0.0,0.0,0.0,0.0,0.0,0,0,0,0,130,0.0,6,6,30872.1384,3072,4659.7472,4659.7472,0.0,0.0,0.0,0.0,1355.3623,1326.5357,31610.901599999997,30556.2822,0.37356593882930555,474,108137.62707496951,38,17955.533441446212,4,59.31970000000001,4,607.8251,2,539.6636000000001,2796.9136,59.09277087559701,0,0,523,523,"EB best SuMSy village, full money stock",sumsy,2,1.1641532182693481e-10
62,512,4,4,132023.17610000004,0.0,644.3821999999999,24.720499999999998,0.0,,0.0,0.0,0.0,0.0,0.0,0.0,0.0025,2753.4131,2782.84995,0.0,0.8139520859415651,930.882600000001,9.812283333333198,0.0,0.0,0.8139520859415651,0.0,0.0,0.8139520859415651,0.0,0,0,51.41623632836908,5.758249497746756,57.174485826115834,41.999403904020575,0.6029836088038973,42.60238751282447,4224.5846000000165,4418.186800000003,4224.5846000000165,0.0,0,0,0.0,0.0,0.0,0.8139520859415651,0.8139520859415651,0.0,0.0,0.0,0.0,0.5,0.25,0.0,-542.659976042836,0.0,48,2560.0,2411.809200000001,24.720499999999998,933.3878000000004,0.0,0.0,0.0,0.0,0.0,58,539.385,2560.0,2411.809200000001,933.3878000000004,274.0,0.0,0.0,0.015,8.29284180094787,8.199969980506856,6.738778421052622,NaN,6.1514168485182985,11.474316386030672,1026.0,1055.0,513.0,2011.3333333333344,1488.0000000000002,204.0,135,11,7,22,53,37.0,2037.0,67280.88929999998,21151.5087,31808.017499999998,200,568,0,38,0.5513737870799125,0.3651302118211113,0.416908525718531,40,10622.853099999993,8748.948100000003,61,8,570.0,0,0,11,0.0,0,0.0,126547.49403802543,0.0,0,0,0,1.5,0,0.0,0,0,0.0,0,0.0,0,0,3841.1036999999947,256.0,8489.962500000001,4,2748.5443999999998,2748.551599999983,NaN,5120.0,100.0,1.5334358376684658,0,0,0.0,0,0.0,5120.0,0,0.0,0,0,6,0.0,0.0,0.0,0.0,0.0,0.0,0.0,0.0,0,0,0,0,135,0.0,6,6,31074.577400000002,3072,4659.7472,4659.7472,0.0,0.0,0.0,0.0,1410.6038999999998,1337.9405,31942.824099999998,30374.9113,0.37346346394080165,474,108576.67265044728,38,17970.82138757824,4,58.34769999999844,4,586.0344999999998,2,539.385,2753.4131,59.33417600416762,0,0,513,513,"EB best SuMSy village, full money stock",sumsy,2,1.1641532182693481e-10
63,512,4,4,132170.47970000003,0.0,624.8574999999998,31.8422,0.0,,0.0,0.0,0.0,0.0,0.0,0.0,0.0025,2745.4368,2781.1447249999997,0.0,0.8441207727659127,925.897799999999,11.902641666666568,0.0,0.0,0.8441207727659127,0.0,0.0,0.8441207727659127,0.0,0,0,51.69565517129006,5.89369993342863,57.58935510471869,42.25818525297129,0.7008569821948191,42.9590422351661,4298.9804000000195,4224.584600000013,4298.9804000000195,0.0,0,0,0.0,0.0,0.0,0.8441207727659127,0.8441207727659127,0.0,0.0,0.0,0.0,0.5,0.25,0.0,-546.6609280188624,0.0,48,2560.0,2412.6964000000007,31.8422,963.4009000000004,0.0,0.0,0.0,0.0,0.0,47,539.1474000000001,2560.0,2412.6964000000007,963.4009000000004,274.0,0.0,0.0,0.015,8.288602613746372,8.232654615384654,6.621143127147768,NaN,6.112038121525083,11.130086894449754,1040.0,1033.0,520.0,2009.0000000000002,1501.0,202.99999999999997,131,10,6,26,54,30.0,2038.0,67603.53249999996,20950.0413,31817.5873,198,570,0,38,0.5541427942537847,0.3667107278660571,0.4095158370324361,37,10639.184400000011,8562.126500000002,58,4,582.0,0,0,10,0.0,0,0.0,127083.89558594553,0.0,0,0,0,1.5,0,0.0,0,0,0.0,0,0.0,0,0,3853.5053000000007,256.0,8514.734400000001,4,2720.813,2720.8236000000397,NaN,5120.0,100.0,1.5293282980577867,0,0,0.0,0,0.0,5120.0,0,0.0,0,0,6,0.0,0.0,0.0,0.0,0.0,0.0,0.0,0.0,0,0,0,0,131,0.0,6,6,31179.629299999997,3072,4659.7472,4659.7472,0.0,0.0,0.0,0.0,1421.9669,1298.8461,32196.748100000004,30102.7337,0.3752451938155261,474,109086.93048697831,38,17996.965098967183,4,54.12089999999989,4,570.7366000000011,2,539.1474000000001,2745.4368,59.64039440401131,0,0,520,520,"EB best SuMSy village, full money stock",sumsy,2,1.1641532182693481e-10
64,512,4,4,132313.71470000013,0.0,622.5509,42.866299999999995,0.0,,0.0,0.0,0.0,0.0,0.0,0.0,0.0025,2775.1137,2780.6399999999994,0.0,0.8487821320502666,925.4212000000008,1.8420999999998457,0.0,0.0,0.8487821320502666,0.0,0.0,0.8487821320502666,0.0,0,0,52.346195982352455,5.776232136338108,58.122428118690564,42.82452154091557,0.6807168155357334,43.5052383564513,4272.757700000008,4298.980400000006,4272.757700000008,0.0,0,0,0.0,0.0,0.0,0.8487821320502666,0.8487821320502666,0.0,0.0,0.0,0.0,0.5,0.25,0.0,-550.3132280188622,0.0,48,2560.0,2416.7649999999944,42.866299999999995,1000.7519999999997,0.0,0.0,0.0,0.0,0.0,48,538.6675,2560.0,2416.7649999999944,1000.7519999999997,274.0,0.0,0.0,0.015,8.250916412213746,8.166521497120938,6.482187408759126,NaN,6.061139353620423,10.992245250715422,1042.0,1048.0,521.0,2004.6666666666674,1503.0000000000002,203.0,129,7,4,22,51,33.0,2041.0,67950.36490000003,20898.8974,31815.3162,198,570,0,38,0.5546572666697838,0.3700377520399376,0.40176159126528654,35,10566.603400000004,8646.960400000005,54,3,548.0,0,0,7,0.0,0,0.0,126480.62957361514,0.0,0,0,0,1.5,0,0.0,0,0,0.0,0,0.0,0,0,3552.238700000001,256.0,8335.355,4,2699.7300999999998,2699.7363999999816,NaN,5120.0,100.0,1.5582577405990303,0,0,0.0,0,0.0,5120.0,0,0.0,0,0,6,0.0,0.0,0.0,0.0,0.0,0.0,0.0,0.0,0,0,0,0,129,0.0,6,6,30120.434699999998,3072,4659.7472,4659.7472,0.0,0.0,0.0,0.0,1300.0133999999998,1399.7167,32682.150699999995,30929.1339,0.37836525433725954,474,108599.30349344343,38,17881.326080171755,4,56.88299999999799,4,565.6679000000004,2,538.6675,2775.1137,59.86057912085586,0,0,521,521,"EB best SuMSy village, full money stock",sumsy,2,1.1641532182693481e-10
65,512,4,4,132452.45440000005,0.0,607.9265000000001,26.6685,0.0,,0.0,0.0,0.0,0.0,0.0,0.0,0.0025,2811.0073,2782.035825,0.0,0.8243849508389898,925.7519000000008,0.0,0.0,0.0,0.8243849508389898,0.0,0.0,0.8243849508389898,0.0,0,0,53.131681412707934,5.761643737639834,58.89332515034777,43.53705753427207,0.6213076932337795,44.158365227505854,4158.409900000006,4272.757700000008,4158.409900000006,0.0,0,0,0.0,0.0,0.0,0.8243849508389898,0.8243849508389898,0.0,0.0,0.0,0.0,0.5,0.25,0.0,-553.6540625381662,0.0,48,2560.0,2421.260299999999,26.6685,1007.9225999999994,0.0,0.0,0.0,0.0,0.0,50,538.1819,2560.0,2421.260299999999,1007.9225999999994,274.0,0.0,0.0,0.015,8.250935462345089,7.947043953934752,6.4322148397976475,NaN,5.998474748304772,10.66247789319396,1042.0,1049.0,521.0,2012.6666666666674,1504.0,204.0,132,5,3,24,48,40.0,2043.0,68005.89050000004,20781.6188,31846.0288,197,571,0,38,0.5580512008270213,0.37198666544661285,0.3924540906240024,42,10475.579899999993,8655.231299999998,53,5,593.0,0,0,5,0.0,0,0.0,126557.59828345083,0.0,0,0,0,1.5,0,0.0,0,0,0.0,0,0.0,0,0,3814.3034000000052,256.0,8469.7271,4,2738.0474,2738.076399999945,NaN,5120.0,100.0,1.5667539226134748,0,0,0.0,0,0.0,5120.0,0,0.0,0,0,6,0.0,0.0,0.0,0.0,0.0,0.0,0.0,0.0,0,0,0,0,132,0.0,6,6,30048.4585,3072,4659.7472,4659.7472,0.0,0.0,0.0,0.0,1308.2327,1429.8147000000001,33148.490900000004,31048.9162,0.3802422758470312,474,108719.35423301063,38,17838.244050440204,4,61.506100000000515,4,546.4204,2,538.1819,2811.0073,60.14705740382378,0,0,521,521,"EB best SuMSy village, full money stock",sumsy,2,1.1641532182693481e-10
66,512,4,4,132589.56819999983,0.0,577.3427000000003,11.4886,0.0,,0.0,0.0,0.0,0.0,0.0,0.0,0.0025,2818.0533,2783.8552,0.0,0.7956014040018252,925.7571000000006,0.0,0.0,0.0,0.7956014040018252,0.0,0.0,0.7956014040018252,0.0,0,0,53.30459639272428,5.959318649564527,59.2639150422888,43.66895618806338,0.683375988359508,44.3523321764229,4290.756599999968,4158.409899999995,4290.756599999968,0.0,0,0,0.0,0.0,0.0,0.7956014040018252,0.7956014040018252,0.0,0.0,0.0,0.0,0.5,0.25,0.0,-557.456062538166,0.0,48,2560.0,2422.886199999999,11.4886,979.4622999999989,0.0,0.0,0.0,0.0,0.0,42,538.2226,2560.0,2422.886199999999,979.4622999999989,274.0,0.0,0.0,0.015,8.14475646258503,8.185357471264306,6.347364824120604,NaN,5.976691783228302,10.34260355639814,1044.0,1029.0,522.0,2011.6666666666672,1505.9999999999998,204.0,130,7,5,23,45,33.0,2041.0,68401.64579999995,20542.1785,31693.8799,195,573,0,38,0.5576373809645689,0.3692446906180986,0.4017435969660996,35,10447.744299999991,8380.954399999997,51,6,597.0,0,0,7,0.0,0,0.0,127704.60702184208,0.0,0,0,0,1.5,0,0.0,0,0,0.0,0,0.0,0,0,3789.376800000001,256.0,8595.5881,4,2763.3894999999998,2763.401599999969,NaN,5120.0,100.0,1.539658406118388,0,0,0.0,0,0.0,5120.0,0,0.0,0,0,6,0.0,0.0,0.0,0.0,0.0,0.0,0.0,0.0,0,0,0,0,130,0.0,6,6,30672.061200000004,3072,4659.7472,4659.7472,0.0,0.0,0.0,0.0,1403.9434999999999,1359.4460000000001,33382.0456,30159.585300000002,0.3777076995727884,474,109880.69557344982,38,17823.911448392195,4,58.70999999999913,4,518.6326999999992,2,538.2226,2818.0533,60.34760892942561,0,0,522,522,"EB best SuMSy village, full money stock",sumsy,2,1.1641532182693481e-10
67,512,4,4,132722.9535000001,0.0,565.9018000000002,30.722900000000003,0.0,,0.0,0.0,0.0,0.0,0.0,0.0,0.0025,2804.2294,2780.255725,0.0,0.7754546633909407,913.8431999999998,0.0,0.0,0.0,0.7754546633909407,0.0,0.0,0.7754546633909407,0.0,0,0,54.430554182372084,6.004931099106826,60.43548528147891,44.88661709964119,0.6492099410258941,45.53582704066709,4177.909700000005,4290.756599999999,4177.909700000005,0.0,0,0,0.0,0.0,0.0,0.7754546633909407,0.7754546633909407,0.0,0.0,0.0,0.0,0.5,0.25,0.0,-561.4260387488041,0.0,48,2560.0,2426.6147000000024,30.722900000000003,946.7283000000008,0.0,0.0,0.0,0.0,0.0,35,538.3606,2560.0,2426.6147000000024,946.7283000000008,274.0,0.0,0.0,0.015,8.106966792452827,8.046247001934246,6.271485620915023,NaN,5.929921462857862,10.032325449706196,1034.0,1060.0,517.0,2011.0000000000005,1496.0,204.0,133,5,2,21,56,38.0,2043.0,68451.44369999995,20463.341800000002,31685.7576,193,575,0,38,0.5669356513359454,0.37387783482050474,0.40557074153050876,43,10315.9599,8593.384799999996,61,5,612.0,0,0,5,0.0,0,0.0,127823.44908950487,0.0,0,0,0,1.5,0,0.0,0,0,0.0,0,0.0,0,0,3838.149199999994,256.0,8779.8204,4,2775.8516999999997,2775.8487999999684,NaN,5120.0,100.0,1.54199752660839,0,0,0.0,0,0.0,5120.0,0,0.0,0,0,6,0.0,0.0,0.0,0.0,0.0,0.0,0.0,0.0,0,0,0,0,133,0.0,6,6,30769.769000000004,3072,4659.7472,4659.7472,0.0,0.0,0.0,0.0,1419.2667000000001,1356.585,33779.9733,30159.150800000003,0.38222688348961276,474,110070.5362640566,38,17752.912825448304,4,61.43710000000101,4,504.46470000000227,2,538.3606,2804.2294,60.3895200610868,0,0,517,517,"EB best SuMSy village, full money stock",sumsy,2,1.1641532182693481e-10
68,512,4,4,132851.82759999996,0.0,574.8893999999999,45.432300000000005,0.0,,0.0,0.0,0.0,0.0,0.0,0.0,0.0025,2773.0669,2774.086,0.0,0.776309296993759,909.6002999999996,0.33969999999999345,0.0,0.0,0.776309296993759,0.0,0.0,0.776309296993759,0.0,0,0,55.24957901365076,5.783119877086077,61.03269889073683,45.760113382134804,0.5097998422794097,46.26991322441422,4291.6259999999875,4177.90969999999,4291.6259999999875,0.0,0,0,0.0,0.0,0.0,0.776309296993759,0.776309296993759,0.0,0.0,0.0,0.0,0.5,0.25,0.0,-564.8389387488043,0.0,48,2560.0,2431.1259000000005,45.432300000000005,924.6837999999999,0.0,0.0,0.0,0.0,0.0,46,538.2278,2560.0,2431.1259000000005,924.6837999999999,274.0,0.0,0.0,0.015,8.090343810444876,8.109347248576826,6.181408774834439,NaN,5.848122080549608,9.731355686215009,1054.0,1034.0,527.0,2016.0000000000005,1516.0,204.0,128,2,2,16,42,26.0,2046.0,68798.10190000018,20284.8373,31543.744599999998,191,577,0,38,0.5668676919155888,0.37730680486028234,0.38400823932232764,47,10301.472399999988,8365.415500000003,46,4,604.0,0,0,2,0.0,0,0.0,127276.49296515576,0.0,0,0,0,1.5,0,0.0,0,0,0.0,0,0.0,0,0,3733.570900000001,256.0,8913.8491,4,2727.1956,2727.2400000000566,NaN,5120.0,100.0,1.5619535829331535,0,0,0.0,0,0.0,5120.0,0,0.0,0,0,6,0.0,0.0,0.0,0.0,0.0,0.0,0.0,0.0,0,0,0,0,128,0.0,6,6,29998.9333,3072,4659.7472,4659.7472,0.0,0.0,0.0,0.0,1317.5361,1409.6595000000002,34176.105599999995,30743.4977,0.38544872035068956,474,109667.53022104758,38,17608.962744108183,4,58.585799999998926,4,516.3035999999993,2,538.2278,2773.0669,60.27872855841425,0,0,527,527,"EB best SuMSy village, full money stock",sumsy,2,1.1641532182693481e-10
69,512,4,4,132976.47449999995,0.0,604.6768999999996,62.1281,0.0,,0.0,0.0,0.0,0.0,0.0,0.0,0.0025,2747.2947,2769.493375,0.0,0.7948876730140075,907.738500000001,7.399558333333364,0.0,0.0,0.7948876730140075,0.0,0.0,0.7948876730140075,0.0,0,0,56.08435309210223,5.651418723905208,61.73577181600744,46.265732473532374,0.4545835555410997,46.72031602907347,4234.207799999997,4291.625999999998,4234.207799999997,0.0,0,0,0.0,0.0,0.0,0.7948876730140075,0.7948876730140075,0.0,0.0,0.0,0.0,0.5,0.25,0.0,-567.6415326912075,0.0,48,2560.0,2435.353099999998,62.1281,927.5858000000005,0.0,0.0,0.0,0.0,0.0,57,537.4055000000001,2560.0,2435.353099999998,927.5858000000005,274.0,0.0,0.0,0.015,8.061881067961167,8.046198091603049,6.121461075949372,NaN,5.9179719043258245,10.907654953320979,1048.0,1030.0,524.0,2024.6666666666672,1510.0,204.0,131,6,5,23,40,25.0,2042.0,69127.1373,20268.1438,31249.3676,190,578,0,38,0.5676287849819985,0.3808118543698529,0.3939839065475774,52,10363.343299999995,8303.737500000001,46,6,632.0,0,0,6,0.0,0,0.0,127303.08334272362,0.0,0,0,0,1.5,0,0.0,0,0,0.0,0,0.0,0,0,3868.763400000003,256.0,9047.1256,4,2753.2129,2753.2248000000163,NaN,5120.0,100.0,1.5605092685924375,0,0,0.0,0,0.0,5120.0,0,0.0,0,0,6,0.0,0.0,0.0,0.0,0.0,0.0,0.0,0.0,0,0,0,0,131,0.0,6,6,29813.658900000002,3072,4659.7472,4659.7472,0.0,0.0,0.0,0.0,1323.0469000000003,1430.1660000000002,34536.9033,30750.9781,0.3886697958989205,474,109574.47413341586,38,17728.60920930781,4,60.20499999999993,4,544.4719000000005,2,537.4055000000001,2747.2947,60.0974357732856,0,0,524,524,"EB best SuMSy village, full money stock",sumsy,2,1.1641532182693481e-10
70,512,4,4,133100.07809999978,0.0,635.1077999999998,64.3765,0.0,,0.0,0.0,0.0,0.0,0.0,0.0,0.0025,2747.784,2763.51125,0.0,0.808042503486039,904.5412999999995,5.242416666666638,0.0,0.0,0.808042503486039,0.0,0.0,0.808042503486039,0.0,0,0,56.49730883730468,5.814050205021266,62.31135904232594,46.827505299187706,0.5089351325349626,47.336440431722664,4229.524700000001,4234.2077999999865,4229.524700000001,0.0,0,0,0.0,0.0,0.0,0.808042503486039,0.808042503486039,0.0,0.0,0.0,0.0,0.5,0.25,0.0,-570.9846910385791,0.0,48,2560.0,2436.3963999999983,64.3765,950.3275000000004,0.0,0.0,0.0,0.0,0.0,56,537.4328,2560.0,2436.3963999999983,950.3275000000004,274.0,0.0,0.0,0.015,8.045990490196075,8.177717864077671,6.029855172413796,NaN,6.010832544118807,13.399254084654421,1030.0,1020.0,515.0,2011.6666666666674,1492.0,204.0,135,10,7,24,36,23.0,2038.0,69703.77780000003,20125.7276,30953.517499999998,190,578,0,38,0.5675294604008445,0.3790447727910311,0.4030677284301247,48,10384.90710000001,8206.910299999998,41,5,609.0,0,0,10,0.0,0,0.0,128367.7386557477,0.0,0,0,0,1.5,0,0.0,0,0,0.0,0,0.0,0,0,3672.1818000000017,256.0,9031.8384,4,2747.4605,2747.429999999987,NaN,5120.0,100.0,1.5226622590972836,0,0,0.0,0,0.0,5120.0,0,0.0,0,0,6,0.0,0.0,0.0,0.0,0.0,0.0,0.0,0.0,0,0,0,0,135,0.0,6,6,30451.7642,3072,4659.7472,4659.7472,0.0,0.0,0.0,0.0,1415.5059,1331.9545999999998,34820.90059999999,29659.319299999996,0.3869530747117569,474,110689.5539673299,38,17678.184688417856,4,68.73250000000007,4,566.3752999999997,2,537.4328,2747.784,59.849179368771146,0,0,515,515,"EB best SuMSy village, full money stock",sumsy,2,1.1641532182693481e-10
71,512,4,4,133223.70109999998,0.0,654.0045000000002,57.4522,0.0,,0.0,0.0,0.0,0.0,0.0,0.0,0.0025,2769.8727,2755.03665,0.0,0.795631819026567,898.335899999999,0.0,0.0,0.0,0.795631819026567,0.0,0.0,0.795631819026567,0.0,0,0,56.84944158199405,5.877669136393631,62.72711071838768,47.08863724269048,0.6061908584525412,47.694828101143024,4153.1639000000105,4229.52469999998,4153.1639000000105,0.0,0,0,0.0,0.0,0.0,0.795631819026567,0.795631819026567,0.0,0.0,0.0,0.0,0.5,0.25,0.0,-574.889175091496,0.0,48,2560.0,2436.376999999998,57.4522,965.9546999999994,0.0,0.0,0.0,0.0,0.0,44,537.7924,2560.0,2436.376999999998,965.9546999999994,274.0,0.0,0.0,0.015,8.023468243243244,8.092297260273993,5.9286428125,NaN,5.971185528139174,13.164278629477637,1022.0,1036.0,511.0,2007.0000000000005,1482.9999999999998,203.0,135,11,6,26,45,28.0,2037.0,69921.11019999998,19994.532,30834.501600000003,189,579,0,38,0.56697591114711,0.3801004751465804,0.3999541819935577,40,10270.054400000015,8312.313100000001,50,5,640.0,0,0,11,0.0,0,0.0,128237.35941984641,0.0,0,0,0,1.5,0,0.0,0,0,0.0,0,0.0,0,0,3794.3313999999996,256.0,9165.8922,4,2702.0718,2702.1243999999597,NaN,5120.0,100.0,1.5236653315166373,0,0,0.0,0,0.0,5120.0,0,0.0,0,0,6,0.0,0.0,0.0,0.0,0.0,0.0,0.0,0.0,0,0,0,0,135,0.0,6,6,30296.686999999998,3072,4659.7472,4659.7472,0.0,0.0,0.0,0.0,1381.6813,1320.3905,35140.747599999995,29698.238800000003,0.3881842504285127,474,110665.87118425203,38,17571.48823559443,4,65.4409999999989,4,588.5635000000002,2,537.7924,2769.8727,59.61240482296546,0,0,511,511,"EB best SuMSy village, full money stock",sumsy,2,1.1641532182693481e-10
72,512,4,4,133344.84360000002,0.0,666.4908000000003,51.234899999999996,0.0,,0.0,0.0,0.0,0.0,0.0,0.0,0.0025,2780.1543,2747.625875,0.0,0.7684453742248312,895.8192000000003,0.0,0.0,0.0,0.7684453742248312,0.0,0.0,0.7684453742248312,0.0,0,0,57.362573993517486,5.854033639285491,63.216607632802976,47.523198077008395,0.6048779007180584,48.12807597772645,4238.321300000003,4153.163899999993,4238.321300000003,0.0,0,0,0.0,0.0,0.0,0.7684453742248312,0.7684453742248312,0.0,0.0,0.0,0.0,0.5,0.25,0.0,-578.8493250914953,0.0,48,2560.0,2438.857499999999,51.234899999999996,951.9689000000013,0.0,0.0,0.0,0.0,0.0,48,538.2487000000001,2560.0,2438.857499999999,951.9689000000013,274.0,0.0,0.0,0.015,8.05731776504298,8.178917248062021,5.898201718749998,NaN,5.960987539199475,12.931005254952389,1032.0,1047.0,516.0,2004.0000000000005,1493.0,203.0,131,7,3,24,47,34.0,2041.0,70066.7812,19795.818199999998,30899.1216,188,580,0,38,0.5675376617967853,0.3820012318712509,0.3976308361901495,40,10311.521100000005,8436.0117,52,5,640.0,0,0,7,0.0,0,0.0,128119.9555708474,0.0,0,0,0,1.5,0,0.0,0,0,0.0,0,0.0,0,0,3774.849099999999,256.0,9264.7196,4,2693.7447,2693.780000000033,NaN,5120.0,100.0,1.5268918106285294,0,0,0.0,0,0.0,5120.0,0,0.0,0,0,6,0.0,0.0,0.0,0.0,0.0,0.0,0.0,0.0,0,0,0,0,131,0.0,6,6,30178.338799999998,3072,4659.7472,4659.7472,0.0,0.0,0.0,0.0,1369.5651999999998,1324.1795,35474.07780000001,29781.3206,0.3901715839816924,474,110581.68767311302,38,17538.267897734408,4,61.167599999998856,4,605.3231999999998,2,538.2487000000001,2780.1543,59.46109660593202,0,0,516,516,"EB best SuMSy village, full money stock",sumsy,2,1.1641532182693481e-10
73,512,4,4,133464.90420000014,0.0,666.2924,38.306400000000004,0.0,,0.0,0.0,0.0,0.0,0.0,0.0,0.0025,2750.4868,2741.905025,0.0,0.761276999368301,904.0310999999994,0.0,0.0,0.0,0.761276999368301,0.0,0.0,0.761276999368301,0.0,0,0,57.37512969303334,5.825064245576092,63.20019393860943,47.508588865587775,0.6326633448613833,48.14125221044916,4222.208100000004,4238.321299999977,4222.208100000004,0.0,0,0,0.0,0.0,0.0,0.761276999368301,0.761276999368301,0.0,0.0,0.0,0.0,0.5,0.25,0.0,-582.6682801590625,0.0,48,2560.0,2439.9393999999984,38.306400000000004,919.961000000001,0.0,0.0,0.0,0.0,0.0,54,538.4842000000001,2560.0,2439.9393999999984,919.961000000001,274.0,0.0,0.0,0.015,8.098850631681245,8.069497312859893,5.89925858267716,NaN,5.960606108092545,12.784482680584135,1042.0,1029.0,521.0,2010.3333333333337,1503.9999999999998,203.99999999999997,130,9,8,19,45,29.0,2039.0,70302.23630000006,19725.382700000002,30822.364999999998,188,580,0,38,0.5667760809213,0.3811898839002472,0.3932874277078773,38,10373.055399999996,8333.7173,46,1,635.0,0,0,9,0.0,0,0.0,128166.87696823222,0.0,0,0,0,1.5,0,0.0,0,0,0.0,0,0.0,0,0,3746.0291999999968,256.0,9325.9492,4,2637.0174,2637.03399999999,NaN,5120.0,100.0,1.5229083730774502,0,0,0.0,0,0.0,5120.0,0,0.0,0,0,6,0.0,0.0,0.0,0.0,0.0,0.0,0.0,0.0,0,0,0,0,130,0.0,6,6,30130.3197,3072,4659.7472,4659.7472,0.0,0.0,0.0,0.0,1337.0712,1299.9462,35750.657900000006,29743.377200000003,0.3893820380859998,474,110773.68973619097,38,17393.18723204124,4,58.35059999999976,4,607.9417999999996,2,538.4842000000001,2750.4868,59.16794451715026,0,0,521,521,"EB best SuMSy village, full money stock",sumsy,2,1.1641532182693481e-10
74,512,4,4,133584.3897,0.0,653.0682,26.2256,0.0,,0.0,0.0,0.0,0.0,0.0,0.0,0.0025,2713.2025,2735.2438500000003,0.0,0.7796784744957677,904.2378999999999,7.347116666666807,0.0,0.0,0.7796784744957677,0.0,0.0,0.7796784744957677,0.0,0,0,57.30579222145253,5.815545463648893,63.12133768510142,47.596828057609244,0.7478328160316391,48.34466087364088,4168.693900000011,4222.208099999984,4168.693900000011,0.0,0,0,0.0,0.0,0.0,0.7796784744957677,0.7796784744957677,0.0,0.0,0.0,0.0,0.5,0.25,0.0,-587.2771517866589,0.0,48,2560.0,2440.5145000000025,26.2256,911.8601999999998,0.0,0.0,0.0,0.0,0.0,47,538.991,2560.0,2440.5145000000025,911.8601999999998,274.0,0.0,0.0,0.015,8.063634233365478,8.028421470019364,5.911536150234742,NaN,5.979026537141965,12.627742051037293,1034.0,1037.0,517.0,2014.0000000000007,1494.9999999999998,203.0,134,8,5,27,45,34.0,2040.0,70485.6331,19654.0763,30782.2555,188,580,0,38,0.5734793008427761,0.3873481027458572,0.4071373486651728,36,10345.044200000002,8361.988700000002,49,4,639.0,0,0,8,0.0,0,0.0,127441.34349995147,0.0,0,0,0,1.5,0,0.0,0,0,0.0,0,0.0,0,0,3777.4716,256.0,9410.2313,4,2681.5194999999994,2681.5332000000535,NaN,5120.0,100.0,1.5469114746084258,0,0,0.0,0,0.0,5120.0,0,0.0,0,0,6,0.0,0.0,0.0,0.0,0.0,0.0,0.0,0.0,0,0,0,0,134,0.0,6,6,29306.693599999995,3072,4659.7472,4659.7472,0.0,0.0,0.0,0.0,1266.7768999999998,1414.7426,36076.38249999999,30539.869499999997,0.3953995234773193,474,110159.82967526557,38,17281.513824685797,4,54.470799999999144,4,598.5973999999997,2,538.991,2713.2025,58.96267708323209,0,0,517,517,"EB best SuMSy village, full money stock",sumsy,2,1.1641532182693481e-10
75,512,4,4,133699.7744,0.0,633.1053,18.2074,0.0,,0.0,0.0,0.0,0.0,0.0,0.0,0.0025,2699.8484,2729.9544750000005,0.0,0.8047639523872545,904.7403000000002,10.035358333333534,0.0,0.0,0.8047639523872545,0.0,0.0,0.8047639523872545,0.0,0,0,57.99281632604969,5.79671223195569,63.78952855800537,48.35745607381651,0.6754414433335297,49.03289751715003,4165.2944,4168.693900000005,4165.2944,0.0,0,0,0.0,0.0,0.0,0.8047639523872545,0.8047639523872545,0.0,0.0,0.0,0.0,0.5,0.25,0.0,-591.5479540526633,0.0,48,2560.0,2444.6153000000018,18.2074,935.7229999999997,0.0,0.0,0.0,0.0,0.0,46,538.9619,2560.0,2444.6153000000018,935.7229999999997,274.0,0.0,0.0,0.015,8.054418312559916,8.052998834951456,5.922638785834736,NaN,5.958421622643224,12.50795839770081,1030.0,1043.0,515.0,2005.000000000001,1492.0000000000002,204.0,133,8,6,21,51,35.0,2040.0,70810.28610000003,19549.2671,30833.8161,188,580,0,38,0.5782249529622232,0.389899667670099,0.40686309582359304,38,10287.898199999983,8400.758299999992,60,9,593.0,0,0,8,0.0,0,0.0,127715.75626870373,0.0,0,0,0,1.5,0,0.0,0,0,0.0,0,0.0,0,0,3512.1247999999982,256.0,9267.594799999999,4,2674.3641000000002,2674.3491999999756,NaN,5120.0,100.0,1.5379259193106183,0,0,0.0,0,0.0,5120.0,0,0.0,0,0,6,0.0,0.0,0.0,0.0,0.0,0.0,0.0,0.0,0,0,0,0,133,0.0,6,6,29330.4619,3072,4659.7472,4659.7472,0.0,0.0,0.0,0.0,1277.0959,1397.2682,36440.395000000004,30320.2161,0.3979760104803469,474,110454.72735339007,38,17261.028915313625,4,51.71390000000247,4,581.3914000000004,2,538.9619,2699.8484,58.76690326813261,0,0,515,515,"EB best SuMSy village, full money stock",sumsy,2,1.1641532182693481e-10
76,512,4,4,133811.24679999996,0.0,617.7218999999999,21.9969,0.0,,0.0,0.0,0.0,0.0,0.0,0.0,0.0025,2719.2003,2724.5253,0.0,0.8091937298500711,903.7044999999995,1.7749999999999393,0.0,0.0,0.8091937298500711,0.0,0.0,0.8091937298500711,0.0,0,0,58.26550902597789,5.836240325966054,64.10174935194394,48.80257672166128,0.6419924182647315,49.44456913992601,4246.173899999997,4165.294400000001,4246.173899999997,0.0,0,0,0.0,0.0,0.0,0.8091937298500711,0.8091937298500711,0.0,0.0,0.0,0.0,0.5,0.25,0.0,-595.5414287551757,0.0,48,2560.0,2448.5275999999985,21.9969,967.4002999999999,0.0,0.0,0.0,0.0,0.0,48,538.7146,2560.0,2448.5275999999985,967.4002999999999,274.0,0.0,0.0,0.015,8.055007081339717,8.099949999999994,5.8529156140350915,NaN,5.939788934043278,12.891008970658335,1044.0,1045.0,522.0,2012.6666666666667,1505.9999999999998,204.0,130,6,4,24,48,40.0,2042.0,71243.19750000001,19428.831899999997,30884.978499999997,188,580,0,38,0.5773949091579276,0.3890802311647026,0.40013802755160977,39,10332.655199999997,8417.482400000004,50,2,570.0,0,0,6,0.0,0,0.0,128256.8794161511,0.0,0,0,0,1.5,0,0.0,0,0,0.0,0,0.0,0,0,3336.1619000000023,256.0,8996.324,4,2593.1225,2593.1500000000015,NaN,5120.0,100.0,1.5191507776592015,0,0,0.0,0,0.0,5120.0,0,0.0,0,0,6,0.0,0.0,0.0,0.0,0.0,0.0,0.0,0.0,0,0,0,0,130,0.0,6,6,29512.9155,3072,4659.7472,4659.7472,0.0,0.0,0.0,0.0,1273.2653,1319.8572,36661.3976,29797.2189,0.3973267391209352,474,111061.74470344173,38,17195.134712709365,4,48.64880000000085,4,569.0731000000005,2,538.7146,2719.2003,58.580183991981485,0,0,522,522,"EB best SuMSy village, full money stock",sumsy,2,1.1641532182693481e-10
77,512,4,4,133920.0613,0.0,612.884,28.7594,0.0,,0.0,0.0,0.0,0.0,0.0,0.0,0.0025,2744.3198,2719.0300749999997,0.0,0.7881753285309414,903.771,0.0,0.0,0.0,0.7881753285309414,0.0,0.0,0.7881753285309414,0.0,0,0,58.60821563050126,5.725048992672181,64.33326462317345,48.95527031045411,0.5664031485606341,49.52167345901474,4263.3756,4246.173899999984,4263.3756,0.0,0,0,0.0,0.0,0.0,0.7881753285309414,0.7881753285309414,0.0,0.0,0.0,0.0,0.5,0.25,0.0,-598.8876749048214,0.0,48,2560.0,2451.1854999999987,28.7594,973.6367000000005,0.0,0.0,0.0,0.0,0.0,52,538.219,2560.0,2451.1854999999987,973.6367000000005,274.0,0.0,0.0,0.015,8.048139189189193,8.179914450867052,5.808716747967487,NaN,5.924684174128631,12.677609437614663,1038.0,1036.0,519.0,2010.666666666667,1499.9999999999998,203.99999999999994,133,9,5,25,48,39.0,2039.0,71508.17489999995,19355.6373,30777.1884,187,581,0,38,0.5754399947967743,0.3892228397962727,0.39142064306362245,44,10268.429999999995,8337.872200000003,57,9,615.0,0,0,9,0.0,0,0.0,128240.25593104676,0.0,0,0,0,1.5,0,0.0,0,0,0.0,0,0.0,0,0,3572.360800000004,256.0,8996.5219,4,2594.4296999999992,2594.4051999999983,NaN,5120.0,100.0,1.5181378821419214,0,0,0.0,0,0.0,5120.0,0,0.0,0,0,6,0.0,0.0,0.0,0.0,0.0,0.0,0.0,0.0,0,0,0,0,133,0.0,6,6,29370.3589,3072,4659.7472,4659.7472,0.0,0.0,0.0,0.0,1271.4743,1322.9553999999998,36873.136399999996,29758.9887,0.39758913737710544,474,111062.93069484652,38,17177.325236200235,4,45.63720000000103,4,567.2468000000008,2,538.219,2744.3198,58.40210048235232,0,0,519,519,"EB best SuMSy village, full money stock",sumsy,2,1.1641532182693481e-10
78,512,4,4,134027.22549999985,0.0,623.1597999999999,43.857099999999996,0.0,,0.0,0.0,0.0,0.0,0.0,0.0,0.0025,2749.5037,2712.2343749999995,0.0,0.7572173176542878,898.5743000000006,0.0,0.0,0.0,0.7572173176542878,0.0,0.0,0.7572173176542878,0.0,0,0,58.94933265181171,5.710894385149283,64.660227036961,49.33621464727944,0.6058705344841465,49.94208518176359,4198.152199999999,4263.375600000004,4198.152199999999,0.0,0,0,0.0,0.0,0.0,0.7572173176542878,0.7572173176542878,0.0,0.0,0.0,0.0,0.5,0.25,0.0,-602.640289319236,0.0,48,2560.0,2452.835800000005,43.857099999999996,948.8581999999999,0.0,0.0,0.0,0.0,0.0,48,538.2565,2560.0,2452.835800000005,948.8581999999999,274.0,0.0,0.0,0.015,8.087852263779535,8.054243159922926,5.761339218750002,NaN,5.882086284505005,12.37894904525425,1038.0,1016.0,519.0,2007.0000000000005,1499.0,203.0,131,5,1,33,38,28.0,2043.0,71670.92579999998,19357.5856,30580.754699999998,187,581,0,38,0.5810433135565831,0.39241433563345396,0.38949096864057364,38,10195.839099999992,8217.257900000008,39,1,640.0,0,0,5,0.0,0,0.0,128389.88270514962,0.0,0,0,0,1.5,0,0.0,0,0,0.0,0,0.0,0,0,3687.257100000001,256.0,9130.1992,4,2579.0310000000004,2578.9755999999884,NaN,5120.0,100.0,1.5138300577026962,0,0,0.0,0,0.0,5120.0,0,0.0,0,0,6,0.0,0.0,0.0,0.0,0.0,0.0,0.0,0.0,0,0,0,0,131,0.0,6,6,29413.899100000002,3072,4659.7472,4659.7472,0.0,0.0,0.0,0.0,1272.2217,1306.8093000000001,37100.859200000006,29654.640399999997,0.40075986393478913,474,111215.80069765853,38,17174.082007491143,4,41.63310000000092,4,581.5267000000003,2,538.2565,2749.5037,58.30525596064645,0,0,519,519,"EB best SuMSy village, full money stock",sumsy,2,1.1641532182693481e-10
79,512,4,4,134131.86530000006,0.0,617.9541000000004,29.0105,0.0,,0.0,0.0,0.0,0.0,0.0,0.0,0.0025,2710.0842,2710.6381499999998,0.0,0.7576768952185196,907.4583000000007,0.1846499999999954,0.0,0.0,0.7576768952185196,0.0,0.0,0.7576768952185196,0.0,0,0,59.09467492943379,5.648747392416268,64.74342232185006,49.49391246344557,0.547970556016278,50.04188301946184,4073.880399999992,4198.152199999991,4073.880399999992,0.0,0,0,0.0,0.0,0.0,0.7576768952185196,0.7576768952185196,0.0,0.0,0.0,0.0,0.5,0.25,0.0,-605.9564190489659,0.0,48,2560.0,2455.3602000000014,29.0105,912.7089000000004,0.0,0.0,0.0,0.0,0.0,51,538.2043,2560.0,2455.3602000000014,912.7089000000004,274.0,0.0,0.0,0.015,8.030143035542748,7.9061996101364365,5.700692812499999,NaN,6.0261352087786495,14.382098687941083,1026.0,1041.0,513.0,2000.3333333333335,1487.9999999999998,203.99999999999997,134,7,6,23,49,31.0,2041.0,71940.14930000003,19147.436999999998,30586.347199999997,187,581,0,38,0.5819600160980842,0.39377844566549913,0.3987982488402553,44,10339.563599999994,8359.378900000002,52,3,640.0,0,0,7,0.0,0,0.0,128604.34896291787,0.0,0,0,0,1.5,0,0.0,0,0,0.0,0,0.0,0,0,3648.443399999999,256.0,9209.6433,4,2644.9837,2644.904400000022,NaN,5120.0,100.0,1.509397157189408,0,0,0.0,0,0.0,5120.0,0,0.0,0,0,6,0.0,0.0,0.0,0.0,0.0,0.0,0.0,0.0,0,0,0,0,134,0.0,6,6,29398.2372,3072,4659.7472,4659.7472,0.0,0.0,0.0,0.0,1310.5947,1334.389,37403.6895,29545.1903,0.4019075418331046,474,111435.93999723849,38,17168.40896567944,4,58.00970000000052,4,559.9443999999994,2,538.2043,2710.0842,58.21276944241737,0,0,513,513,"EB best SuMSy village, full money stock",sumsy,2,1.1641532182693481e-10
80,512,4,4,134233.81240000014,0.0,615.3930999999999,37.7859,0.0,,0.0,0.0,0.0,0.0,0.0,0.0,0.0025,2679.6784,2708.4833750000003,0.0,0.7815410177168003,900.9811999999994,9.60165833333349,0.0,0.0,0.7815410177168003,0.0,0.0,0.7815410177168003,0.0,0,0,59.56076985405895,5.685746661785235,65.24651651584418,50.223755468736755,0.5859245373727325,50.80968000610949,4179.272899999993,4073.8804000000127,4179.272899999993,0.0,0,0,0.0,0.0,0.0,0.7815410177168003,0.7815410177168003,0.0,0.0,0.0,0.0,0.5,0.25,0.0,-610.034619048966,0.0,48,2560.0,2458.0529,37.7859,914.5470999999997,0.0,0.0,0.0,0.0,0.0,38,538.45,2560.0,2458.0529,914.5470999999997,274.0,0.0,0.0,0.015,7.996893391642375,7.987088099808047,5.696137968750004,NaN,6.001446308901473,14.293081843325782,1042.0,1029.0,521.0,2010.666666666667,1503.9999999999998,204.0,131,8,5,25,48,23.0,2040.0,72278.98420000002,18872.588200000002,30576.4321,187,581,0,38,0.5889105066946101,0.39839898149223774,0.39151768534338816,44,10391.215499999975,8228.803300000003,51,3,640.0,0,0,8,0.0,0,0.0,128161.67496758659,0.0,0,0,0,1.5,0,0.0,0,0,0.0,0,0.0,0,0,3645.5283000000027,256.0,9287.6795,4,2529.1402,2529.1303999999827,NaN,5120.0,100.0,1.5259827328209628,0,0,0.0,0,0.0,5120.0,0,0.0,0,0,6,0.0,0.0,0.0,0.0,0.0,0.0,0.0,0.0,0,0,0,0,131,0.0,6,6,28656.474800000004,3072,4659.7472,4659.7472,0.0,0.0,0.0,0.0,1179.7091,1349.4311,37712.28020000001,30080.225000000002,0.40615564676201665,474,111260.51544512052,38,16901.15952246605,4,53.07350000000042,4,562.3195999999998,2,538.45,2679.6784,58.12444481750857,0,0,521,521,"EB best SuMSy village, full money stock",sumsy,2,1.1641532182693481e-10
81,512,4,4,134330.38829999993,0.0,648.7873999999998,62.51270000000001,0.0,,0.0,0.0,0.0,0.0,0.0,0.0,0.0025,2684.3465,2705.86205,0.0,0.7993241476276204,897.2532000000007,7.171850000000025,0.0,0.0,0.7993241476276204,0.0,0.0,0.7993241476276204,0.0,0,0,60.3269739289426,5.453448144899189,65.78042207384179,50.909940611756184,0.422526945864727,51.33246755762091,4209.162200000001,4179.272900000001,4209.162200000001,0.0,0,0,0.0,0.0,0.0,0.7993241476276204,0.7993241476276204,0.0,0.0,0.0,0.0,0.5,0.25,0.0,-612.9502078525259,0.0,48,2560.0,2463.4241000000025,62.51270000000001,945.5750999999988,0.0,0.0,0.0,0.0,0.0,64,538.1759,2560.0,2463.4241000000025,945.5750999999988,274.0,0.0,0.0,0.015,8.039987307692309,8.106696711798842,5.674446523178809,NaN,5.999686456244762,13.950693918912657,1034.0,1040.0,517.0,2007.6666666666672,1496.0,204.0,134,4,4,20,42,25.0,2044.0,72692.77289999998,18686.462499999998,30565.4242,186,582,0,38,0.588682237168556,0.400511629154777,0.39576577315311434,54,10328.562399999993,8361.586800000001,48,6,604.0,0,0,4,0.0,0,0.0,128391.77121474447,0.0,0,0,0,1.5,0,0.0,0,0,0.0,0,0.0,0,0,3427.3657000000007,256.0,9163.2063,4,2519.1531,2519.085599999996,NaN,5120.0,100.0,1.5182975290432619,0,0,0.0,0,0.0,5120.0,0,0.0,0,0,6,0.0,0.0,0.0,0.0,0.0,0.0,0.0,0.0,0,0,0,0,134,0.0,6,6,28604.6204,3072,4659.7472,4659.7472,0.0,0.0,0.0,0.0,1187.1391999999998,1332.0139,37903.6091,29810.4726,0.4080835810657566,474,111430.29693198862,38,16961.474282755913,4,49.63600000000042,4,599.1513999999997,2,538.1759,2684.3465,58.040094800720674,0,0,517,517,"EB best SuMSy village, full money stock",sumsy,2,1.1641532182693481e-10
82,512,4,4,134426.30269999977,0.0,677.9551000000002,61.9373,0.0,,0.0,0.0,0.0,0.0,0.0,0.0,0.0025,2705.7639,2705.248725,0.0,0.7988984342149892,902.0879999999997,0.0,0.0,0.0,0.7988984342149892,0.0,0.0,0.7988984342149892,0.0,0,0,60.03158117986336,5.548360661960749,65.57994184182411,50.616165043003086,0.48650232883791766,51.10266737184101,4172.470299999987,4209.162199999995,4172.470299999987,0.0,0,0,0.0,0.0,0.0,0.7988984342149892,0.7988984342149892,0.0,0.0,0.0,0.0,0.5,0.25,0.0,-616.2566738986495,0.0,48,2560.0,2464.085599999998,61.9373,967.2981999999996,0.0,0.0,0.0,0.0,0.0,57,538.0988,2560.0,2464.085599999998,967.2981999999996,274.0,0.0,0.0,0.015,8.036294721407627,8.02021293436291,5.5909305031446515,NaN,5.982682360429275,13.749846171286421,1036.0,1023.0,518.0,2017.3333333333337,1498.0000000000002,204.0,133,12,8,28,42,26.0,2036.0,72987.11029999997,18583.088900000002,30417.9599,186,582,0,38,0.5858361646814778,0.3966929932511929,0.39828223313059685,47,10310.265099999999,8221.129500000003,51,9,636.0,0,0,12,0.0,0,0.0,129296.81121893776,0.0,0,0,0,1.5,0,0.0,0,0,0.0,0,0.0,0,0,3555.8317999999986,256.0,9194.2809,4,2468.8469,2468.866800000031,NaN,5120.0,100.0,1.4864870547101017,0,0,0.0,0,0.0,5120.0,0,0.0,0,0,6,0.0,0.0,0.0,0.0,0.0,0.0,0.0,0.0,0,0,0,0,133,0.0,6,6,29317.6746,3072,4659.7472,4659.7472,0.0,0.0,0.0,0.0,1252.4861,1216.3608,37951.6753,28877.655099999996,0.4043797106194178,474,112354.1890193823,38,16942.6221995554,4,47.43089999999938,4,630.5241999999998,2,538.0988,2705.7639,57.88699041618733,0,0,518,518,"EB best SuMSy village, full money stock",sumsy,2,1.1641532182693481e-10
83,512,4,4,134520.54700000008,0.0,693.5685000000002,50.306400000000004,0.0,,0.0,0.0,0.0,0.0,0.0,0.0,0.0025,2731.4601,2704.9773,0.0,0.7770249714847112,897.2502000000001,0.0,0.0,0.0,0.7770249714847112,0.0,0.0,0.7770249714847112,0.0,0,0,60.43306318907879,5.575032986299709,66.0080961753785,50.95202434810704,0.5059523690824749,51.45797671718951,4138.438399999984,4172.470299999978,4138.438399999984,0.0,0,0,0.0,0.0,0.0,0.7770249714847112,0.7770249714847112,0.0,0.0,0.0,0.0,0.5,0.25,0.0,-619.8422404472586,0.0,48,2560.0,2465.755700000002,50.306400000000004,967.2482000000017,0.0,0.0,0.0,0.0,0.0,53,538.1786,2560.0,2465.755700000002,967.2482000000017,274.0,0.0,0.0,0.015,8.019012476190476,8.047731249999968,5.588195468749992,NaN,5.984768331523137,13.450608400246471,1024.0,1050.0,512.0,2000.0000000000007,1484.9999999999998,203.0,134,10,6,24,47,41.0,2038.0,73080.17889999993,18439.512000000002,30489.9447,185,583,0,38,0.5903218777662598,0.40001178517681835,0.39926769290053876,51,10233.913500000002,8419.963099999999,52,5,640.0,0,0,10,0.0,0,0.0,129231.45802923793,0.0,0,0,0,1.5,0,0.0,0,0,0.0,0,0.0,0,0,3576.4450999999954,256.0,9241.2727,4,2530.8009999999995,2530.8316000000027,NaN,5120.0,100.0,1.4884933600784678,0,0,0.0,0,0.0,5120.0,0,0.0,0,0,6,0.0,0.0,0.0,0.0,0.0,0.0,0.0,0.0,0,0,0,0,134,0.0,6,6,29267.891200000002,3072,4659.7472,4659.7472,0.0,0.0,0.0,0.0,1286.2669,1244.5341,38218.5065,28902.8382,0.4074653199087992,474,112269.63737635757,38,16961.820652880295,4,44.5067999999992,4,649.0617000000002,2,538.1786,2731.4601,57.813325847458906,0,0,512,512,"EB best SuMSy village, full money stock",sumsy,2,1.1641532182693481e-10
84,512,4,4,134613.36970000024,0.0,711.9357000000005,57.2402,0.0,,0.0,0.0,0.0,0.0,0.0,0.0,0.0025,2732.7378,2704.85285,0.0,0.7540040723672615,895.3213999999997,0.0,0.0,0.0,0.7540040723672615,0.0,0.0,0.7540040723672615,0.0,0,0,60.96028708422121,5.484760057895257,66.44504714211647,51.42907353959642,0.5384100198728899,51.967483559469315,4233.59670000001,4138.4384,4233.59670000001,0.0,0,0,0.0,0.0,0.0,0.7540040723672615,0.7540040723672615,0.0,0.0,0.0,0.0,0.5,0.25,0.0,-623.8433670738218,0.0,48,2560.0,2467.177300000002,57.2402,941.2014000000007,0.0,0.0,0.0,0.0,0.0,46,538.5094,2560.0,2467.177300000002,941.2014000000007,274.0,0.0,0.0,0.015,8.060575073313785,8.138217567567587,5.70102173202614,NaN,6.060647523691773,13.21577400273825,1036.0,1023.0,518.0,2007.333333333334,1497.0,203.0,132,14,9,22,49,31.0,2034.0,73493.59250000007,18310.0439,30446.272699999998,185,583,0,38,0.591647022023446,0.4048003966438867,0.3973953305994542,44,10411.308400000014,8245.968300000002,57,8,612.0,0,0,14,0.0,0,0.0,128778.96184884913,0.0,0,0,0,1.5,0,0.0,0,0,0.0,0,0.0,0,0,3489.0252999999975,256.0,9092.2134,4,2445.288,2445.2911999999774,NaN,5120.0,100.0,1.5002223006212256,0,0,0.0,0,0.0,5120.0,0,0.0,0,0,6,0.0,0.0,0.0,0.0,0.0,0.0,0.0,0.0,0,0,0,0,132,0.0,6,6,28522.8478,3072,4659.7472,4659.7472,0.0,0.0,0.0,0.0,1169.7119,1275.5760999999998,38440.1506,29325.682199999996,0.4117369274502387,474,111786.0492537307,38,16992.912595118483,4,41.83460000000014,4,670.1010999999999,2,538.5094,2732.7378,57.59844286970463,0,0,518,518,"EB best SuMSy village, full money stock",sumsy,2,1.1641532182693481e-10
85,512,4,4,134707.25159999993,0.0,743.1361000000002,72.05860000000001,0.0,,0.0,0.0,0.0,0.0,0.0,0.0,0.0025,2701.5399,2703.8363249999998,0.0,0.7559004986391828,899.9649999999993,0.7654749999998481,0.0,0.0,0.7559004986391828,0.0,0.0,0.7559004986391828,0.0,0,0,60.35067391785653,5.600920774018067,65.95159469187459,50.90299866014164,0.5929994601119191,51.49599812025357,4270.684000000009,4233.596699999997,4270.684000000009,0.0,0,0,0.0,0.0,0.0,0.7559004986391828,0.7559004986391828,0.0,0.0,0.0,0.0,0.5,0.25,0.0,-628.6186775607723,0.0,48,2560.0,2466.1180999999997,72.05860000000001,913.0404000000005,0.0,0.0,0.0,0.0,0.0,43,539.1856,2560.0,2466.1180999999997,913.0404000000005,274.0,0.0,0.0,0.015,8.079189117647067,8.241635658914747,5.7171807812500015,NaN,6.054029207592396,12.952745581968442,1032.0,1020.0,516.0,2006.3333333333342,1493.0,203.0,133,13,6,24,40,23.0,2035.0,73731.30570000013,18258.0885,30327.325,184,584,0,38,0.5858292251045771,0.40012612726100616,0.40305492637526474,44,10375.317200000003,8240.772900000007,45,5,640.0,0,0,13,0.0,0,0.0,129517.05511269532,0.0,0,0,0,1.5,0,0.0,0,0,0.0,0,0.0,0,0,3658.995700000001,256.0,9149.8069,4,2397.4547000000002,2397.4792000000302,NaN,5120.0,100.0,1.4741128846142886,0,0,0.0,0,0.0,5120.0,0,0.0,0,0,6,0.0,0.0,0.0,0.0,0.0,0.0,0.0,0.0,0,0,0,0,133,0.0,6,6,29209.452500000003,3072,4659.7472,4659.7472,0.0,0.0,0.0,0.0,1237.7867999999999,1159.6679,38309.87820000001,28525.7679,0.4074064173460894,474,112548.07522202414,38,16968.979890671264,4,39.86490000000049,4,703.2712000000001,2,539.1856,2701.5399,57.39376683339368,0,0,516,516,"EB best SuMSy village, full money stock",sumsy,2,1.1641532182693481e-10
86,512,4,4,134798.76199999996,0.0,767.9375000000001,67.7299,0.0,,0.0,0.0,0.0,0.0,0.0,0.0,0.0025,2672.3166,2703.287075,0.0,0.7814448544960316,902.0408999999994,10.323491666666692,0.0,0.0,0.7814448544960316,0.0,0.0,0.7814448544960316,0.0,0,0,60.17466412597237,5.5786748827597235,65.7533390087321,50.88799983797631,0.5857347434000997,51.47373458137641,4195.4650000000065,4270.684000000003,4195.4650000000065,0.0,0,0,0.0,0.0,0.0,0.7814448544960316,0.7814448544960316,0.0,0.0,0.0,0.0,0.5,0.25,0.0,-633.8674953613211,0.0,48,2560.0,2468.489599999998,67.7299,916.4685000000001,0.0,0.0,0.0,0.0,0.0,38,539.8824,2560.0,2468.489599999998,916.4685000000001,274.0,0.0,0.0,0.015,8.084099146110052,8.127363813229584,5.72027974882261,NaN,6.052109580245394,12.669041678075443,1028.0,1054.0,514.0,2005.333333333334,1489.0000000000005,203.0,132,10,7,18,48,37.0,2038.0,73649.16930000005,18284.896,30452.8995,184,584,0,38,0.5910216862402928,0.4030289366668114,0.4002921852386405,43,10349.44239999998,8520.640499999996,54,6,637.0,0,0,10,0.0,0,0.0,129350.7164445924,0.0,0,0,0,1.5,0,0.0,0,0,0.0,0,0.0,0,0,3643.8182000000024,256.0,9199.5982,4,2420.7347,2420.7412000000036,NaN,5120.0,100.0,1.477753820617571,0,0,0.0,0,0.0,5120.0,0,0.0,0,0,6,0.0,0.0,0.0,0.0,0.0,0.0,0.0,0.0,0,0,0,0,132,0.0,6,6,29242.849700000002,3072,4659.7472,4659.7472,0.0,0.0,0.0,0.0,1234.5277999999996,1186.2069,38307.17839999999,28694.544,0.41030649779655426,474,112410.06569469193,38,16940.650749900517,4,37.581599999999526,4,730.3558999999996,2,539.8824,2672.3166,57.19881290880748,0,0,514,514,"EB best SuMSy village, full money stock",sumsy,2,1.1641532182693481e-10
87,512,4,4,134889.35500000004,0.0,781.9427,55.6268,0.0,,0.0,0.0,0.0,0.0,0.0,0.0,0.0025,2674.3642,2702.7492250000005,0.0,0.8048445004958256,902.5888999999999,9.461675000000165,0.0,0.0,0.8048445004958256,0.0,0.0,0.8048445004958256,0.0,0,0,60.03219616772068,5.609596795458776,65.64179296317946,50.93880099741332,0.651300454858216,51.59010145227153,4184.488500000013,4195.465000000002,4184.488500000013,0.0,0,0,0.0,0.0,0.0,0.8048445004958256,0.8048445004958256,0.0,0.0,0.0,0.0,0.5,0.25,0.0,-638.633544622723,0.0,48,2560.0,2469.406999999998,55.6268,947.9345000000001,0.0,0.0,0.0,0.0,0.0,45,539.8067,2560.0,2469.406999999998,947.9345000000001,274.0,0.0,0.0,0.015,8.073239631782949,7.997098848368547,5.712221451104102,NaN,6.0364824814792035,12.406052171143969,1042.0,1032.0,521.0,2015.0000000000002,1503.0000000000002,203.0,131,13,11,13,45,35.0,2035.0,73818.36890000002,18175.3865,30447.4231,183,585,0,38,0.5930024099152231,0.40386821672147355,0.39969632753548945,40,10408.070699999997,8331.583300000004,51,6,634.0,0,0,13,0.0,0,0.0,129409.08766542857,0.0,0,0,0,1.5,0,0.0,0,0,0.0,0,0.0,0,0,3621.5484000000006,256.0,9234.0056,4,2384.4317000000005,2384.4199999999482,NaN,5120.0,100.0,1.4736402784382252,0,0,0.0,0,0.0,5120.0,0,0.0,0,0,6,0.0,0.0,0.0,0.0,0.0,0.0,0.0,0.0,0,0,0,0,131,0.0,6,6,29291.429799999998,3072,4659.7472,4659.7472,0.0,0.0,0.0,0.0,1230.143,1154.2886999999998,38306.9739,28565.3854,0.41092556677244185,474,112565.92923412265,38,16843.158431305892,4,35.0059999999994,4,746.9366999999993,2,539.8067,2674.3642,57.01311929563915,0,0,521,521,"EB best SuMSy village, full money stock",sumsy,2,1.1641532182693481e-10
88,512,4,4,134976.43839999996,0.0,778.6195999999998,40.024800000000006,0.0,,0.0,0.0,0.0,0.0,0.0,0.0,0.0025,2706.9961,2702.1670999999997,0.0,0.8008688933541505,901.3759999999988,0.0,0.0,0.0,0.8008688933541505,0.0,0.0,0.8008688933541505,0.0,0,0,60.190458131588166,5.503574887671422,65.69403301925959,51.33638685882118,0.6141865863457611,51.95057344516694,4211.171799999975,4184.488500000015,4211.171799999975,0.0,0,0,0.0,0.0,0.0,0.8008688933541505,0.8008688933541505,0.0,0.0,0.0,0.0,0.5,0.25,0.0,-643.985319622723,0.0,48,2560.0,2472.9166000000027,40.024800000000006,977.6102000000005,0.0,0.0,0.0,0.0,0.0,42,539.9196,2560.0,2472.9166000000027,977.6102000000005,274.0,0.0,0.0,0.015,8.087690288461538,8.142081165048495,5.70586617886179,NaN,6.030050819285911,12.180937421486895,1030.0,1040.0,515.0,2018.3333333333337,1491.0000000000005,203.0,133,12,4,23,45,37.0,2036.0,73924.20259999996,18120.1224,30505.566899999998,183,585,0,38,0.5955123729847047,0.4073114295783067,0.3953043660731568,40,10322.069500000001,8411.1979,50,5,615.0,0,0,12,0.0,0,0.0,128665.25721132074,0.0,0,0,0,1.5,0,0.0,0,0,0.0,0,0.0,0,0,3509.1077000000005,256.0,9179.6308,4,2452.5461999999998,2452.51159999999,NaN,5120.0,100.0,1.4953086886661857,0,0,0.0,0,0.0,5120.0,0,0.0,0,0,6,0.0,0.0,0.0,0.0,0.0,0.0,0.0,0.0,0,0,0,0,133,0.0,6,6,28522.457300000002,3072,4659.7472,4659.7472,0.0,0.0,0.0,0.0,1179.2728,1273.2734,38487.42550000001,29282.862800000003,0.41437516894033677,474,111975.92792038267,38,16689.329290938007,4,33.086700000001656,4,745.5328999999992,2,539.9196,2706.9961,56.8362461290963,0,0,515,515,"EB best SuMSy village, full money stock",sumsy,2,1.1641532182693481e-10
89,512,4,4,135059.09829999993,0.0,773.4615999999996,39.7305,0.0,,0.0,0.0,0.0,0.0,0.0,0.0,0.0025,2734.1192,2701.9717499999997,0.0,0.7744442438900322,902.9896000000002,0.0,0.0,0.0,0.7744442438900322,0.0,0.0,0.7744442438900322,0.0,0,0,60.264964772869725,5.440927290775237,65.70589206364497,51.61609220405351,0.4969005127105152,52.11299271676402,4230.673300000001,4211.171800000002,4230.673300000001,0.0,0,0,0.0,0.0,0.0,0.7744442438900322,0.7744442438900322,0.0,0.0,0.0,0.0,0.5,0.25,0.0,-649.3457196227221,0.0,48,2560.0,2477.340099999997,39.7305,974.3135000000001,0.0,0.0,0.0,0.0,0.0,42,539.973,2560.0,2477.340099999997,974.3135000000001,274.0,0.0,0.0,0.015,8.07359545454545,8.10129480769231,5.664318124999999,NaN,6.014322132382978,11.949811064086896,1040.0,1056.0,520.0,2008.0000000000005,1501.0000000000002,203.0,129,10,7,21,63,41.0,2038.0,73799.96590000002,18076.2102,30663.1516,183,585,0,38,0.6015849615909816,0.4101415212647057,0.39848865077879814,48,10358.586299999984,8525.716799999995,67,4,640.0,0,0,10,0.0,0,0.0,128574.9505368939,0.0,0,0,0,1.5,0,0.0,0,0,0.0,0,0.0,0,0,3625.1636,256.0,9245.6784,4,2415.9574000000002,2415.9532000000036,NaN,5120.0,100.0,1.4942344379940993,0,0,0.0,0,0.0,5120.0,0,0.0,0,0,6,0.0,0.0,0.0,0.0,0.0,0.0,0.0,0.0,0,0,0,0,129,0.0,6,6,28664.9999,3072,4659.7472,4659.7472,0.0,0.0,0.0,0.0,1170.5387,1245.4187,38631.783299999996,29320.0403,0.41710797717873604,474,111931.35460559961,38,16643.59593129433,4,31.167699999999968,4,742.2939000000006,2,539.973,2734.1192,56.59672913030286,0,0,520,520,"EB best SuMSy village, full money stock",sumsy,2,1.1641532182693481e-10
90,512,4,4,135138.05759999985,0.0,814.711,82.67479999999999,0.0,,0.0,0.0,0.0,0.0,0.0,0.0,0.0025,2731.6798,2702.6822999999995,0.0,0.7506420013183521,901.4164999999998,0.0,0.0,0.0,0.7506420013183521,0.0,0.0,0.7506420013183521,0.0,0,0,60.544532310735505,5.389129387014193,65.9336616977497,51.766530639739464,0.46038506214791614,52.22691570188738,4286.17530000002,4230.673300000015,4286.17530000002,0.0,0,0,0.0,0.0,0.0,0.7506420013183521,0.7506420013183521,0.0,0.0,0.0,0.0,0.5,0.25,0.0,-654.060071617616,0.0,48,2560.0,2481.040699999997,82.67479999999999,943.4803000000002,0.0,0.0,0.0,0.0,0.0,48,539.8154999999999,2560.0,2481.040699999997,943.4803000000002,274.0,0.0,0.0,0.015,8.112571716203254,8.129857714285752,5.656678662420387,NaN,5.998443017317354,11.714128302559763,1050.0,1043.0,525.0,2011.0000000000002,1511.0,203.0,130,11,8,21,57,40.0,2037.0,73882.99650000008,18040.4273,30689.7839,183,585,0,38,0.60430449579629,0.4103723004775106,0.387247371268711,47,10390.977700000016,8461.412299999995,62,5,628.0,0,0,11,0.0,0,0.0,129082.15587797023,0.0,0,0,0,1.5,0,0.0,0,0,0.0,0,0.0,0,0,3552.3942000000034,256.0,9253.3546,4,2393.2133000000003,2393.211199999959,NaN,5120.0,100.0,1.473339904149211,0,0,0.0,0,0.0,5120.0,0,0.0,0,0,6,0.0,0.0,0.0,0.0,0.0,0.0,0.0,0.0,0,0,0,0,130,0.0,6,6,29238.6483,3072,4659.7472,4659.7472,0.0,0.0,0.0,0.0,1221.2758000000001,1171.9375,38683.92600000001,28744.9175,0.4172967653950248,474,112411.48713105558,38,16670.668746914725,4,29.558100000000195,4,785.1529,2,539.8154999999999,2731.6798,56.368888585200594,0,0,525,525,"EB best SuMSy village, full money stock",sumsy,2,1.1641532182693481e-10
91,512,4,4,135215.02249999985,0.0,872.2583999999999,97.81279999999998,0.0,,0.0,0.0,0.0,0.0,0.0,0.0,0.0025,2697.2319,2702.260299999999,0.0,0.7547653932560623,905.7703000000004,1.6761333333329276,0.0,0.0,0.7547653932560623,0.0,0.0,0.7547653932560623,0.0,0,0,60.460932591730554,5.362247261128779,65.82317985285933,51.53693453531071,0.45462808468121346,51.991562619991925,4210.136599999999,4286.175300000027,4210.136599999999,0.0,0,0,0.0,0.0,0.0,0.7547653932560623,0.7547653932560623,0.0,0.0,0.0,0.0,0.5,0.25,0.0,-658.6932412399477,0.0,48,2560.0,2483.035099999997,97.81279999999998,915.3939999999998,0.0,0.0,0.0,0.0,0.0,56,539.8064999999999,2560.0,2483.035099999997,915.3939999999998,274.0,0.0,0.0,0.015,8.076669660678645,8.03091302681992,5.592325156249996,NaN,6.025558803176543,12.163655094892063,1044.0,1002.0,522.0,2010.0000000000005,1505.0,203.0,131,12,10,19,38,19.0,2036.0,74316.01250000007,18065.3664,30323.7103,183,585,0,38,0.6007989867694012,0.4105590837514854,0.3880523732466188,57,10386.46390000002,8092.823000000002,40,2,640.0,0,0,12,0.0,0,0.0,129427.88027926648,0.0,0,0,0,1.5,0,0.0,0,0,0.0,0,0.0,0,0,3579.088099999997,256.0,9272.8949,4,2378.5163,2378.432800000021,NaN,5120.0,100.0,1.4601827733912514,0,0,0.0,0,0.0,5120.0,0,0.0,0,0,6,0.0,0.0,0.0,0.0,0.0,0.0,0.0,0.0,0,0,0,0,131,0.0,6,6,29278.3834,3072,4659.7472,4659.7472,0.0,0.0,0.0,0.0,1233.2867,1145.2296,38744.5762,28383.5882,0.41770896031599447,474,112637.15054992904,38,16790.729729337647,4,27.39979999999923,4,844.8585999999996,2,539.8064999999999,2697.2319,56.22261637740357,0,0,522,522,"EB best SuMSy village, full money stock",sumsy,2,1.1641532182693481e-10
92,512,4,4,135289.72389999998,0.0,906.9765,72.7728,0.0,,0.0,0.0,0.0,0.0,0.0,0.0,0.0025,2673.5086,2702.4553749999995,0.0,0.7784744579333706,901.7614999999997,9.648924999999812,0.0,0.0,0.7784744579333706,0.0,0.0,0.7784744579333706,0.0,0,0,60.91945468120829,5.0973878396276024,66.0168425208359,52.17103720172798,0.3784649370261555,52.549502138754136,4143.232000000007,4210.136600000023,4143.232000000007,0.0,0,0,0.0,0.0,0.0,0.7784744579333706,0.7784744579333706,0.0,0.0,0.0,0.0,0.5,0.25,0.0,-662.9785920378549,0.0,48,2560.0,2485.2986000000005,72.7728,921.5051000000001,0.0,0.0,0.0,0.0,0.0,74,539.5635,2560.0,2485.2986000000005,921.5051000000001,274.0,0.0,0.0,0.015,8.03278197044335,8.057093750000014,5.556033281249993,NaN,6.032607452939192,11.93754595829543,1024.0,1015.0,512.0,2011.3333333333337,1485.0,203.0,137,9,6,28,33,17.0,2039.0,74659.14729999997,18011.7929,30134.4803,182,586,0,38,0.6060838597591929,0.41693411113443335,0.407505164182963,54,10268.569299999997,8153.273700000002,39,6,640.0,0,0,9,0.0,0,0.0,128616.41175515209,0.0,0,0,0,1.5,0,0.0,0,0,0.0,0,0.0,0,0,3555.8612999999955,256.0,9271.2313,4,2427.5026,2427.5039999999944,NaN,5120.0,100.0,1.485196350170775,0,0,0.0,0,0.0,5120.0,0,0.0,0,0,6,0.0,0.0,0.0,0.0,0.0,0.0,0.0,0.0,0,0,0,0,137,0.0,6,6,28280.7605,3072,4659.7472,4659.7472,0.0,0.0,0.0,0.0,1164.8497,1262.6529,38894.2582,29136.744000000002,0.42376381277388253,474,112031.79620371957,38,16584.615551432522,4,25.374499999999898,4,881.6019999999999,2,539.5635,2673.5086,56.08329209947689,0,0,512,512,"EB best SuMSy village, full money stock",sumsy,2,1.1641532182693481e-10
93,512,4,4,135364.1731000001,0.0,898.0122000000002,40.6189,0.0,,0.0,0.0,0.0,0.0,0.0,0.0,0.0025,2683.9417,2702.356849999999,0.0,0.7935550150894897,896.8590999999999,6.1383833333331195,0.0,0.0,0.7935550150894897,0.0,0.0,0.7935550150894897,0.0,0,0,61.18743730296713,5.295505133231669,66.4829424361988,52.39397716091755,0.47609613763451336,52.870073298552065,4133.449399999996,4143.231999999999,4133.449399999996,0.0,0,0,0.0,0.0,0.0,0.7935550150894897,0.7935550150894897,0.0,0.0,0.0,0.0,0.5,0.25,0.0,-668.7280208647152,0.0,48,2560.0,2485.5508,40.6189,950.6097000000003,0.0,0.0,0.0,0.0,0.0,55,540.0924,2560.0,2485.5508,950.6097000000003,274.0,0.0,0.0,0.015,8.006945756097561,8.101278346456684,5.535247968749998,NaN,6.02737991897994,11.694607689503663,1016.0,1025.0,508.0,2002.6666666666679,1477.0,203.0,136,17,13,30,49,25.0,2031.0,74813.35939999997,17954.2617,30115.1758,182,586,0,38,0.6060213228294931,0.4155854705080775,0.407184522131939,50,10210.61839999997,8207.1194,56,7,640.0,0,0,17,0.0,0,0.0,128746.76368410118,0.0,0,0,0,1.5,0,0.0,0,0,0.0,0,0.0,0,0,3542.558699999998,256.0,9257.3421,4,2439.7900999999993,2439.743200000013,NaN,5120.0,100.0,1.481746514092564,0,0,0.0,0,0.0,5120.0,0,0.0,0,0,6,0.0,0.0,0.0,0.0,0.0,0.0,0.0,0.0,0,0,0,0,136,0.0,6,6,28277.6095,3072,4659.7472,4659.7472,0.0,0.0,0.0,0.0,1175.8030999999999,1263.987,39038.762800000004,29049.170100000003,0.42246646895324425,474,112275.76841554209,38,16470.995268559138,4,22.46190000000024,4,875.550299999999,2,540.0924,2683.9417,56.02068983987609,0,0,508,508,"EB best SuMSy village, full money stock",sumsy,2,1.1641532182693481e-10
94,512,4,4,135435.91109999997,0.0,914.2538999999997,66.07639999999999,0.0,,0.0,0.0,0.0,0.0,0.0,0.0,0.0025,2716.1647,2700.3289249999993,0.0,0.7805989037243848,893.9763000000008,0.0,0.0,0.0,0.7805989037243848,0.0,0.0,0.7805989037243848,0.0,0,0,61.36211095955079,5.370869702843896,66.73298066239468,52.557919414334286,0.41155652663242215,52.9694759409667,4150.661899999996,4133.449399999994,4150.661899999996,0.0,0,0,0.0,0.0,0.0,0.7805989037243848,0.7805989037243848,0.0,0.0,0.0,0.0,0.5,0.25,0.0,-674.5009158277002,0.0,48,2560.0,2488.261999999999,66.07639999999999,969.9329000000006,0.0,0.0,0.0,0.0,0.0,54,540.3064999999999,2560.0,2488.261999999999,969.9329000000006,274.0,0.0,0.0,0.015,8.013745603864745,8.135161220472433,5.516597500000013,NaN,6.020595978561211,11.440139635970072,1016.0,1035.0,508.0,1992.3333333333344,1477.0000000000002,203.0,134,12,5,26,47,25.0,2036.0,74886.20520000007,17896.200500000003,30159.1103,182,586,0,38,0.6029615129688883,0.4113888346683754,0.3979338472616185,55,10197.804199999982,8294.22670000001,53,6,640.0,0,0,12,0.0,0,0.0,129601.95266981673,0.0,0,0,0,1.5,0,0.0,0,0,0.0,0,0.0,0,0,3530.6224000000084,256.0,9237.9239,4,2431.6773000000003,2431.6787999999992,NaN,5120.0,100.0,1.4549169298939455,0,0,0.0,0,0.0,5120.0,0,0.0,0,0,6,0.0,0.0,0.0,0.0,0.0,0.0,0.0,0.0,0,0,0,0,134,0.0,6,6,29071.3032,3072,4659.7472,4659.7472,0.0,0.0,0.0,0.0,1264.3822,1167.2951,39030.4115,28221.9315,0.4184695469494564,474,113109.00606559857,38,16492.946604218116,4,20.47359999999935,4,893.7803000000004,2,540.3064999999999,2716.1647,56.03100879708166,0,0,508,508,"EB best SuMSy village, full money stock",sumsy,2,1.1641532182693481e-10
95,512,4,4,135506.8228999999,0.0,927.9628999999998,68.14609999999999,0.0,,0.0,0.0,0.0,0.0,0.0,0.0,0.0025,2731.458,2699.6995749999987,0.0,0.7546193635240085,894.7327999999989,0.0,0.0,0.0,0.7546193635240085,0.0,0.0,0.7546193635240085,0.0,0,0,61.48564657498691,5.398301568108649,66.88394814309555,52.48622720768348,0.4185292896351054,52.90475649731858,4199.976599999998,4150.661899999996,4199.976599999998,0.0,0,0,0.0,0.0,0.0,0.7546193635240085,0.7546193635240085,0.0,0.0,0.0,0.0,0.5,0.25,0.0,-680.7439309719307,0.0,48,2560.0,2489.0882,68.14609999999999,954.2352000000001,0.0,0.0,0.0,0.0,0.0,49,540.7115,2560.0,2489.0882,954.2352000000001,274.0,0.0,0.0,0.015,8.061960039564774,8.073313899613897,5.645680468749997,NaN,6.068530814966458,11.211521024306329,1036.0,1011.0,518.0,2003.6666666666674,1497.0,203.0,131,13,10,24,33,23.0,2035.0,75117.59839999994,17836.48,30073.4356,182,586,0,38,0.6004277708768915,0.41060709504894777,0.39378598372875406,50,10385.846899999982,8150.641599999986,39,6,640.0,0,0,13,0.0,0,0.0,129812.82795217517,0.0,0,0,0,1.5,0,0.0,0,0,0.0,0,0.0,0,0,3613.235499999998,256.0,9207.1394,4,2336.7812000000004,2336.758000000053,NaN,5120.0,100.0,1.4496499231756712,0,0,0.0,0,0.0,5120.0,0,0.0,0,0,6,0.0,0.0,0.0,0.0,0.0,0.0,0.0,0.0,0,0,0,0,131,0.0,6,6,29059.823200000003,3072,4659.7472,4659.7472,0.0,0.0,0.0,0.0,1218.583,1118.1982,39068.6814,28057.231799999998,0.417863035152352,474,113189.12447350619,38,16623.703478668926,4,18.911299999999756,4,909.0516000000007,2,540.7115,2731.458,56.04086340121298,0,0,518,518,"EB best SuMSy village, full money stock",sumsy,2,1.1641532182693481e-10
96,512,4,4,135576.47220000005,0.0,945.2854000000003,68.3367,0.0,,0.0,0.0,0.0,0.0,0.0,0.0,0.0025,2710.1654,2700.8985249999996,0.0,0.7470428183315084,900.1172000000009,0.0,0.0,0.0,0.7470428183315084,0.0,0.0,0.7470428183315084,0.0,0,0,61.26771295276061,5.431177132937128,66.69889008569774,52.28626650439549,0.45997024873694037,52.746236753132436,4105.381499999988,4199.976600000004,4105.381499999988,0.0,0,0,0.0,0.0,0.0,0.7470428183315084,0.7470428183315084,0.0,0.0,0.0,0.0,0.5,0.25,0.0,-687.1161929596524,0.0,48,2560.0,2490.3506999999986,68.3367,922.9752000000013,0.0,0.0,0.0,0.0,0.0,52,541.1013,2560.0,2490.3506999999986,922.9752000000013,274.0,0.0,0.0,0.015,8.065846692607005,8.061896449704118,5.809391875000003,NaN,6.159767212486406,10.915877883791609,1014.0,1028.0,507.0,2004.000000000001,1475.0000000000002,203.0,137,11,7,30,46,25.0,2037.0,75191.2638999999,17866.8879,30070.3684,182,586,0,38,0.6028334272826961,0.41284140689469706,0.408836508939888,56,10385.631600000012,8291.690400000001,53,7,640.0,0,0,11,0.0,0,0.0,129756.81862426184,0.0,0,0,0,1.5,0,0.0,0,0,0.0,0,0.0,0,0,3718.010800000002,256.0,9196.685300000001,4,2405.4274,2405.459600000046,NaN,5120.0,100.0,1.452340921219356,0,0,0.0,0,0.0,5120.0,0,0.0,0,0,6,0.0,0.0,0.0,0.0,0.0,0.0,0.0,0.0,0,0,0,0,137,0.0,6,6,28976.214200000002,3072,4659.7472,4659.7472,0.0,0.0,0.0,0.0,1245.92,1159.5074,39183.858400000005,28157.727400000003,0.420160489274789,474,113069.98074977433,38,16686.83787448752,4,17.11959999999999,4,928.1657999999998,2,541.1013,2710.1654,55.980223468906885,0,0,507,507,"EB best SuMSy village, full money stock",sumsy,2,1.1641532182693481e-10
97,512,4,4,135642.0695000001,0.0,960.0786999999998,67.6007,0.0,,0.0,0.0,0.0,0.0,0.0,0.0,0.0025,2681.337,2701.0456249999997,0.0,0.7631267227078729,900.5534000000007,6.569541666666585,0.0,0.0,0.7631267227078729,0.0,0.0,0.7631267227078729,0.0,0,0,61.534588700269055,5.289881884804399,66.82447058507346,52.51456937242737,0.39505960347586383,52.90962897590323,4219.881599999998,4105.381500000011,4219.881599999998,0.0,0,0,0.0,0.0,0.0,0.7631267227078729,0.7631267227078729,0.0,0.0,0.0,0.0,0.5,0.25,0.0,-693.4645508100971,0.0,48,2560.0,2494.402700000004,67.6007,915.3988000000002,0.0,0.0,0.0,0.0,0.0,50,541.3947000000001,2560.0,2494.402700000004,915.3988000000002,274.0,0.0,0.0,0.015,8.10202767175573,8.206799999999996,5.899885468749994,NaN,6.208242547629277,11.271833126450687,1024.0,1048.0,512.0,1998.3333333333342,1485.0000000000002,203.0,134,11,6,29,50,40.0,2037.0,75091.71550000006,17812.2279,30345.1823,182,586,0,38,0.6089648615083616,0.4159713385091821,0.4071417455629325,60,10518.585000000006,8490.925000000005,56,6,640.0,0,0,11,0.0,0,0.0,129607.1328576702,0.0,0,0,0,1.5,0,0.0,0,0,0.0,0,0.0,0,0,3775.926699999996,256.0,9170.212099999999,4,2354.4712000000004,2354.4580000000046,NaN,5120.0,100.0,1.460099653104329,0,0,0.0,0,0.0,5120.0,0,0.0,0,0,6,0.0,0.0,0.0,0.0,0.0,0.0,0.0,0.0,0,0,0,0,134,0.0,6,6,28935.1158,3072,4659.7472,4659.7472,0.0,0.0,0.0,0.0,1208.2312,1146.24,39348.9915,28392.5065,0.42332307683504244,474,112934.31628992133,38,16672.81656774886,4,15.41740000000027,4,944.6613000000007,2,541.3947000000001,2681.337,55.99236341280609,0,0,512,512,"EB best SuMSy village, full money stock",sumsy,2,1.1641532182693481e-10
98,512,4,4,135705.24949999986,0.0,1017.5699,111.93739999999998,0.0,,0.0,0.0,0.0,0.0,0.0,0.0,0.0025,2669.7802,2701.683725,0.0,0.789131789553442,904.5932999999991,10.634508333333239,0.0,0.0,0.789131789553442,0.0,0.0,0.789131789553442,0.0,0,0,61.16471696973745,5.246456882547187,66.41117385228463,52.4354609850759,0.37080659506888736,52.806267580144784,4243.057499999992,4219.881599999989,4243.057499999992,0.0,0,0,0.0,0.0,0.0,0.789131789553442,0.789131789553442,0.0,0.0,0.0,0.0,0.5,0.25,0.0,-699.7893851795942,0.0,48,2560.0,2496.8200000000006,111.93739999999998,936.2188000000004,0.0,0.0,0.0,0.0,0.0,52,541.6129000000001,2560.0,2496.8200000000006,936.2188000000004,274.0,0.0,0.0,0.015,8.155563521400781,8.172258220502885,5.950778906250004,NaN,6.205664162464719,10.933678132657166,1034.0,1028.0,517.0,2000.0000000000005,1495.0000000000002,203.0,131,10,8,27,49,38.0,2038.0,75123.8825,17810.7788,30368.691600000002,181,587,0,38,0.6123592160396487,0.4175773527745694,0.4091847458944302,62,10574.97670000001,8383.919300000003,53,4,640.0,0,0,10,0.0,0,0.0,129687.86734607484,0.0,0,0,0,1.5,0,0.0,0,0,0.0,0,0.0,0,0,3808.4985000000024,256.0,9190.503499999999,4,2278.7046,2278.7103999999626,NaN,5120.0,100.0,1.458315695814244,0,0,0.0,0,0.0,5120.0,0,0.0,0,0,6,0.0,0.0,0.0,0.0,0.0,0.0,0.0,0.0,0,0,0,0,131,0.0,6,6,29035.679099999998,3072,4659.7472,4659.7472,0.0,0.0,0.0,0.0,1175.8018,1102.9028,39409.695700000004,28334.2948,0.42480482093686267,474,113132.51200957017,38,16555.355336504712,4,14.361699999999473,4,1003.2082,2,541.6129000000001,2669.7802,56.003957059229826,0,0,517,517,"EB best SuMSy village, full money stock",sumsy,2,1.1641532182693481e-10
99,512,4,4,135767.77220000018,0.0,1117.465,151.265,0.0,,0.0,0.0,0.0,0.0,0.0,0.0,0.0025,2684.5319,2703.6782249999997,0.0,0.8047335447003796,910.5668999999994,6.382108333333235,0.0,0.0,0.8047335447003796,0.0,0.0,0.8047335447003796,0.0,0,0,60.76428697112189,5.079962832071073,65.84424980319297,52.13328551153264,0.3479763390730679,52.48126185060571,4255.655400000002,4243.057499999996,4255.655400000002,0.0,0,0,0.0,0.0,0.0,0.8047335447003796,0.8047335447003796,0.0,0.0,0.0,0.0,0.5,0.25,0.0,-705.528673235933,0.0,48,2560.0,2497.4772999999986,151.265,968.4149999999998,0.0,0.0,0.0,0.0,0.0,68,541.3692,2560.0,2497.4772999999986,968.4149999999998,274.0,0.0,0.0,0.015,8.147755834136932,8.244465758754869,5.972988032786889,NaN,6.215748287775521,10.60566778867745,1028.0,1037.0,514.0,2002.6666666666672,1489.0,203.0,134,13,8,24,52,39.0,2035.0,75274.29460000007,17828.289699999998,30364.1538,180,588,0,38,0.6122681163725667,0.4176218819828794,0.4104172040757623,60,10550.217899999996,8449.222799999998,60,8,610.0,0,0,13,0.0,0,0.0,129684.96009744403,0.0,0,0,0,1.5,0,0.0,0,0,0.0,0,0.0,0,0,3643.5227000000023,256.0,9075.133,4,2297.7174,2297.6867999999886,NaN,5120.0,100.0,1.4552481923600487,0,0,0.0,0,0.0,5120.0,0,0.0,0,0,6,0.0,0.0,0.0,0.0,0.0,0.0,0.0,0.0,0,0,0,0,134,0.0,6,6,29010.189100000003,3072,4659.7472,4659.7472,0.0,0.0,0.0,0.0,1184.6451,1113.0722999999998,39448.732500000006,28257.387399999996,0.4252214122440381,474,113307.92128954791,38,16377.038807896064,4,13.056400000001304,4,1104.4086000000007,2,541.3692,2684.5319,55.945024045240444,0,0,514,514,"EB best SuMSy village, full money stock",sumsy,2,1.1641532182693481e-10
100,512,4,4,135830.62539999982,0.0,1153.5979999999997,90.54609999999998,0.0,,0.0,0.0,0.0,0.0,0.0,0.0,0.0025,2718.5484,2705.7588250000003,0.0,0.7943084412870641,909.6984000000007,0.0,0.0,0.0,0.7943084412870641,0.0,0.0,0.7943084412870641,0.0,0,0,60.79015054825208,5.048244337385114,65.83839488563719,52.042798451237445,0.38679963952818647,52.42959809076563,4278.353100000017,4255.655400000006,4278.353100000017,0.0,0,0,0.0,0.0,0.0,0.7943084412870641,0.7943084412870641,0.0,0.0,0.0,0.0,0.5,0.25,0.0,-711.9561579289159,0.0,48,2560.0,2497.1467999999977,90.54609999999998,987.2516000000004,0.0,0.0,0.0,0.0,0.0,68,541.4725,2560.0,2497.1467999999977,987.2516000000004,274.0,0.0,0.0,0.015,8.183486454183274,8.208772832369974,5.948254948805473,NaN,6.168981079974304,10.287497755017128,1038.0,1004.0,519.0,2004.6666666666672,1499.0000000000002,203.0,131,16,11,30,40,31.0,2032.0,75675.45700000001,17801.428099999997,30210.7908,178,590,0,38,0.6068973872729218,0.4167515728621798,0.4045643255832452,56,10535.575000000026,8216.220400000007,51,11,586.0,0,0,16,0.0,0,0.0,129804.16733455904,0.0,0,0,0,1.5,0,0.0,0,0,0.0,0,0.0,0,0,3485.677400000007,256.0,8882.928600000001,4,2203.1322,2203.09280000002,NaN,5120.0,100.0,1.4514699739968149,0,0,0.0,0,0.0,5120.0,0,0.0,0,0,6,0.0,0.0,0.0,0.0,0.0,0.0,0.0,0.0,0,0,0,0,131,0.0,6,6,28757.8618,3072,4659.7472,4659.7472,0.0,0.0,0.0,0.0,1133.4027,1069.7295,39296.091499999995,28137.285699999997,0.4246051664207138,474,113398.51999732318,38,16405.64733723582,4,11.54279999999926,4,1142.0552000000007,2,541.4725,2718.5484,55.9587479632046,0,0,519,519,"EB best SuMSy village, full money stock",sumsy,2,1.1641532182693481e-10
101,512,4,4,135891.35179999986,0.0,1161.2874999999992,66.51329999999999,0.0,,0.0,0.0,0.0,0.0,0.0,0.0,0.0025,2735.9223,2708.4333,0.0,0.7719162565405709,913.6874999999993,0.0,0.0,0.0,0.7719162565405709,0.0,0.0,0.7719162565405709,0.0,0,0,60.56407225645741,5.0641553962125565,65.62822765266996,51.76999896878299,0.40245035869033174,52.17244932747332,4156.969600000013,4278.353100000012,4156.969600000013,0.0,0,0,0.0,0.0,0.0,0.7719162565405709,0.7719162565405709,0.0,0.0,0.0,0.0,0.5,0.25,0.0,-718.6646144969409,0.0,48,2560.0,2499.273600000001,66.51329999999999,975.1056000000015,0.0,0.0,0.0,0.0,0.0,65,541.7409,2560.0,2499.273600000001,975.1056000000015,274.0,0.0,0.0,0.015,8.105103505355398,8.179781818181844,5.877745156250007,NaN,6.142141839291351,9.978872822366613,1012.0,1027.0,506.0,1993.6666666666674,1473.0000000000005,203.0,136,21,13,27,55,32.0,2027.0,75526.26649999995,17928.771,30156.1982,178,590,0,38,0.6071187815484413,0.41573362968824257,0.4110085909060983,61,10337.862600000013,8323.941299999993,65,10,640.0,0,0,21,0.0,0,0.0,129799.69219867203,0.0,0,0,0,1.5,0,0.0,0,0,0.0,0,0.0,0,0,3761.7569000000044,256.0,9002.4529,4,2344.3767000000003,2344.4400000000287,NaN,5120.0,100.0,1.4548441863771302,0,0,0.0,0,0.0,5120.0,0,0.0,0,0,6,0.0,0.0,0.0,0.0,0.0,0.0,0.0,0.0,0,0,0,0,136,0.0,6,6,28870.898699999998,3072,4659.7472,4659.7472,0.0,0.0,0.0,0.0,1202.3686,1142.0081,39354.27220000001,28216.523400000002,0.4237340507984102,474,113417.46514415416,38,16382.227054517885,4,9.71429999999964,4,1151.5731999999998,2,541.7409,2735.9223,56.041802739814415,0,0,506,506,"EB best SuMSy village, full money stock",sumsy,2,1.1641532182693481e-10
102,512,4,4,135955.16289999985,0.0,1170.4429999999998,73.4933,0.0,,0.0,0.0,0.0,0.0,0.0,0.0,0.0025,2737.254,2708.1981250000003,0.0,0.7482139236432211,900.4757999999998,0.0,0.0,0.0,0.7482139236432211,0.0,0.0,0.7482139236432211,0.0,0,0,60.91495197848234,5.264246237063288,66.17919821554563,52.14420460034138,0.484534582264322,52.628739182605706,4228.730800000028,4156.969600000002,4228.730800000028,0.0,0,0,0.0,0.0,0.0,0.7482139236432211,0.7482139236432211,0.0,0.0,0.0,0.0,0.5,0.25,0.0,-726.7110144969414,0.0,48,2560.0,2496.1889000000006,73.4933,946.2655999999997,0.0,0.0,0.0,0.0,0.0,59,542.5496,2560.0,2496.1889000000006,946.2655999999997,274.0,0.0,0.0,0.015,8.15326586538461,8.208052241715453,5.824373940345367,NaN,6.143453970016794,10.401449741881834,1026.0,1040.0,513.0,1993.6666666666674,1486.0,202.0,129,17,8,27,55,36.0,2031.0,75411.13770000004,17900.6049,30360.147800000002,177,591,0,38,0.6071349275612987,0.41548859520930836,0.40428879085311986,48,10426.536799999974,8479.396499999993,63,8,637.0,0,0,17,0.0,0,0.0,129708.8303781083,0.0,0,0,0,1.5,0,0.0,0,0,0.0,0,0.0,0,0,3710.1261999999992,256.0,9003.468900000002,4,2329.1525,2329.1940000000427,NaN,5120.0,100.0,1.4579943226806906,0,0,0.0,0,0.0,5120.0,0,0.0,0,0,6,0.0,0.0,0.0,0.0,0.0,0.0,0.0,0.0,0,0,0,0,129,0.0,6,6,28933.085099999997,3072,4659.7472,4659.7472,0.0,0.0,0.0,0.0,1195.3762000000002,1133.7763,39309.8333,28331.1365,0.42350470077905866,474,113376.21167636359,38,16332.618701744756,4,9.057300000000396,4,1161.3856999999998,2,542.5496,2737.254,55.981119363097974,0,0,513,513,"EB best SuMSy village, full money stock",sumsy,2,1.1641532182693481e-10
103,512,4,4,136015.04950000005,0.0,1159.7057999999997,58.7692,0.0,,0.0,0.0,0.0,0.0,0.0,0.0,0.0025,2701.7147,2709.3337,0.0,0.7544181778721554,910.3125999999992,2.539666666666714,0.0,0.0,0.7544181778721554,0.0,0.0,0.7544181778721554,0.0,0,0,60.60636222693336,5.184614533712911,65.79097676064627,51.83286782723464,0.4910843387886643,52.3239521660233,4281.57009999998,4228.7307999999975,4281.57009999998,0.0,0,0,0.0,0.0,0.0,0.7544181778721554,0.7544181778721554,0.0,0.0,0.0,0.0,0.5,0.25,0.0,-735.2614409070882,0.0,48,2560.0,2500.1134000000006,58.7692,918.8279000000007,0.0,0.0,0.0,0.0,0.0,55,543.2908,2560.0,2500.1134000000006,918.8279000000007,274.0,0.0,0.0,0.015,8.19073914767097,8.23083030888027,5.812396019108289,NaN,6.129684324562582,10.103266360901832,1036.0,1009.0,518.0,1998.0000000000007,1497.0000000000002,203.0,129,14,11,21,41,23.0,2034.0,75517.53200000005,17988.6605,30312.809400000002,177,591,0,38,0.6053590289191471,0.41698528412430647,0.4037099033490519,57,10468.659900000004,8264.455800000009,48,7,628.0,0,0,14,0.0,0,0.0,129092.00480209358,0.0,0,0,0,1.5,0,0.0,0,0,0.0,0,0.0,0,0,3650.1847000000053,256.0,8951.0421,4,2284.7518999999998,2284.7327999999966,NaN,5120.0,100.0,1.4818074734237314,0,0,0.0,0,0.0,5120.0,0,0.0,0,0,6,0.0,0.0,0.0,0.0,0.0,0.0,0.0,0.0,0,0,0,0,129,0.0,6,6,28193.3928,3072,4659.7472,4659.7472,0.0,0.0,0.0,0.0,1085.7149000000002,1199.037,39351.552899999995,29059.1192,0.42477967987852217,474,112779.61799223011,38,16312.38680986351,4,8.591800000000148,4,1151.1140000000005,2,543.2908,2701.7147,55.99321899175859,0,0,518,518,"EB best SuMSy village, full money stock",sumsy,2,1.1641532182693481e-10
104,512,4,4,136072.46290000016,0.0,1139.1155999999994,39.2654,0.0,,0.0,0.0,0.0,0.0,0.0,0.0,0.0025,2671.5333,2712.5170249999996,0.0,0.7877484358449904,914.4947999999996,13.661241666666532,0.0,0.0,0.7877484358449904,0.0,0.0,0.7877484358449904,0.0,0,0,60.48958504040211,5.065917200452202,65.55550224085431,51.9676790173706,0.3706376217944383,52.338316639165036,4158.892800000006,4281.570099999998,4158.892800000006,0.0,0,0,0.0,0.0,0.0,0.7877484358449904,0.7877484358449904,0.0,0.0,0.0,0.0,0.5,0.25,0.0,-742.209479851242,0.0,48,2560.0,2502.5865999999987,39.2654,927.6515999999998,0.0,0.0,0.0,0.0,0.0,77,542.8299999999999,2560.0,2502.5865999999987,927.6515999999998,274.0,0.0,0.0,0.015,8.15804726027397,8.087681250000012,5.778396718750001,NaN,6.096199231764892,9.800168370074779,1024.0,1022.0,512.0,2007.0000000000011,1485.0000000000005,203.0,134,18,9,25,36,28.0,2030.0,75469.5171000001,18106.2949,30293.2034,176,592,0,38,0.6070094955994865,0.41769363321661546,0.4138375971831587,56,10345.051800000003,8337.524299999997,42,6,640.0,0,0,18,0.0,0,0.0,129139.67102325184,0.0,0,0,0,1.5,0,0.0,0,0,0.0,0,0.0,0,0,3698.1739000000007,256.0,8989.0842,4,2345.6559,2345.64079999995,NaN,5120.0,100.0,1.485831152483578,0,0,0.0,0,0.0,5120.0,0,0.0,0,0,6,0.0,0.0,0.0,0.0,0.0,0.0,0.0,0.0,0,0,0,0,134,0.0,6,6,28229.8306,3072,4659.7472,4659.7472,0.0,0.0,0.0,0.0,1119.7586000000001,1225.8972999999999,39482.557,29158.7519,0.425490157496456,474,112868.74032095523,38,16270.930702296724,4,7.917100000000573,4,1131.1985000000004,2,542.8299999999999,2671.5333,56.07476566086914,0,0,512,512,"EB best SuMSy village, full money stock",sumsy,2,1.1641532182693481e-10
105,512,4,4,136130.4655,0.0,1133.8820999999998,56.9372,0.0,,0.0,0.0,0.0,0.0,0.0,0.0,0.0025,2686.003,2716.01365,0.0,0.8121588862391176,910.845600000001,10.003549999999905,0.0,0.0,0.8121588862391176,0.0,0.0,0.8121588862391176,0.0,0,0,60.61278685498828,5.275408139995699,65.88819499498399,52.14881436499248,0.4415501822897002,52.59036454728218,4149.803199999987,4158.892800000003,4149.803199999987,0.0,0,0,0.0,0.0,0.0,0.8121588862391176,0.8121588862391176,0.0,0.0,0.0,0.0,0.5,0.25,0.0,-749.57830570726,0.0,48,2560.0,2501.9973999999975,56.9372,968.4722000000003,0.0,0.0,0.0,0.0,0.0,67,542.5746,2560.0,2501.9973999999975,968.4722000000003,274.0,0.0,0.0,0.015,8.13430313418217,8.133470866141707,5.739053281249995,NaN,6.0569341073862635,9.506163318972535,1016.0,1021.0,508.0,1999.6666666666672,1476.9999999999998,202.99999999999997,134,16,10,35,53,27.0,2032.0,75407.6381000001,18161.9338,30306.5816,176,592,0,38,0.60778910603,0.41390247164211935,0.39458235330191727,54,10241.273699999983,8305.123499999996,65,12,640.0,0,0,16,0.0,0,0.0,130076.46187035972,0.0,0,0,0,1.5,0,0.0,0,0,0.0,0,0.0,0,0,3672.9940999999967,256.0,9025.734400000001,4,2426.9758,2427.0067999999765,NaN,5120.0,100.0,1.458881895539798,0,0,0.0,0,0.0,5120.0,0,0.0,0,0,6,0.0,0.0,0.0,0.0,0.0,0.0,0.0,0.0,0,0,0,0,134,0.0,6,6,29186.3049,3072,4659.7472,4659.7472,0.0,0.0,0.0,0.0,1263.6869,1163.2889,39528.2671,28307.9449,0.4218337515745123,474,113887.30786048286,38,16189.154009876904,4,7.306700000001001,4,1126.5754000000006,2,542.5746,2686.003,56.152744663206114,0,0,508,508,"EB best SuMSy village, full money stock",sumsy,2,1.1641532182693481e-10
106,512,4,4,136189.08380000014,0.0,1124.5881,54.44150000000001,0.0,,0.0,0.0,0.0,0.0,0.0,0.0,0.0025,2732.0203,2719.5686749999995,0.0,0.8020257640261174,908.1963999999989,0.0,0.0,0.0,0.8020257640261174,0.0,0.0,0.8020257640261174,0.0,0,0,60.680037471282496,5.37917105019702,66.05920852147952,52.19629563499888,0.5346057340505583,52.73090136904945,4174.221199999999,4149.80319999999,4174.221199999999,0.0,0,0,0.0,0.0,0.0,0.8020257640261174,0.8020257640261174,0.0,0.0,0.0,0.0,0.5,0.25,0.0,-757.1711385361153,0.0,48,2560.0,2501.3816999999954,54.44150000000001,997.9843999999993,0.0,0.0,0.0,0.0,0.0,70,542.3715,2560.0,2501.3816999999954,997.9843999999993,274.0,0.0,0.0,0.015,8.089870463320466,8.149453333333332,5.720573557692301,NaN,6.004303811567488,9.220978419403359,1020.0,1036.0,510.0,1987.3333333333346,1481.0,203.0,133,18,11,27,47,41.0,2030.0,75313.8422,18207.903400000003,30399.8282,176,592,0,38,0.6034610910081983,0.4110230734536684,0.39544810156265964,50,10191.276999999995,8381.105800000003,52,5,624.0,0,0,18,0.0,0,0.0,130027.26572669351,0.0,0,0,0,1.5,0,0.0,0,0,0.0,0,0.0,0,0,3569.637899999996,256.0,8993.118199999999,4,2435.4463,2435.4767999999926,NaN,5120.0,100.0,1.4613120839547002,0,0,0.0,0,0.0,5120.0,0,0.0,0,0,6,0.0,0.0,0.0,0.0,0.0,0.0,0.0,0.0,0,0,0,0,133,0.0,6,6,29219.5362,3072,4659.7472,4659.7472,0.0,0.0,0.0,0.0,1258.5167,1176.9296,39613.69070000001,28381.3136,0.41910727919532276,474,113848.09317334897,38,16179.172553344553,4,7.0974999999998545,4,1117.4906,2,542.3715,2732.0203,56.157121153361864,0,0,510,510,"EB best SuMSy village, full money stock",sumsy,2,1.1641532182693481e-10
107,512,4,4,136245.90860000005,0.0,1081.6975000000002,19.4619,0.0,,0.0,0.0,0.0,0.0,0.0,0.0,0.0025,2769.9765,2721.6937749999993,0.0,0.7627472643270775,903.2331999999993,0.0,0.0,0.0,0.7627472643270775,0.0,0.0,0.7627472643270775,0.0,0,0,61.115587703524724,5.343807289862376,66.45939499338711,52.603054764481506,0.4985770226729016,53.10163178715441,4153.425000000013,4174.221200000008,4153.425000000013,0.0,0,0,0.0,0.0,0.0,0.7627472643270775,0.7627472643270775,0.0,0.0,0.0,0.0,0.5,0.25,0.0,-764.4889519594061,0.0,48,2560.0,2503.1752000000015,19.4619,985.8826000000003,0.0,0.0,0.0,0.0,0.0,74,542.1257,2560.0,2503.1752000000015,985.8826000000003,274.0,0.0,0.0,0.015,8.060505778648382,8.092808219178108,5.699753906249997,NaN,5.945382627936403,8.944349066821259,1022.0,1021.0,511.0,1996.333333333334,1483.0000000000002,203.0,133,16,7,34,51,35.0,2032.0,75217.08810000001,18285.5213,30360.1971,176,592,0,38,0.605332231884548,0.4144186279208477,0.3996886287540957,50,10117.285999999991,8229.776399999999,58,7,640.0,0,0,16,0.0,0,0.0,129356.29552677562,0.0,0,0,0,1.5,0,0.0,0,0,0.0,0,0.0,0,0,3647.8424999999984,256.0,9070.999899999999,4,2460.3219,2460.3131999999896,NaN,5120.0,100.0,1.4870313524822028,0,0,0.0,0,0.0,5120.0,0,0.0,0,0,6,0.0,0.0,0.0,0.0,0.0,0.0,0.0,0.0,0,0,0,0,133,0.0,6,6,28567.1753,3072,4659.7472,4659.7472,0.0,0.0,0.0,0.0,1193.3269,1266.9950000000001,39630.7693,29149.543,0.4221832228310831,474,113124.27113003735,38,16232.024396738272,4,6.000700000000506,4,1075.6967999999988,2,542.1257,2769.9765,56.231497102902274,0,0,511,511,"EB best SuMSy village, full money stock",sumsy,2,1.1641532182693481e-10
108,512,4,4,136300.98330000005,0.0,1017.2093000000002,1.4834,0.0,,0.0,0.0,0.0,0.0,0.0,0.0,0.0025,2763.0,2721.6532499999994,0.0,0.7291293065930835,899.9551000000004,0.0,0.0,0.0,0.7291293065930835,0.0,0.0,0.7291293065930835,0.0,0,0,61.44061294967784,5.399042322113042,66.83965527179087,52.87204308598513,0.48646803799327687,53.35851112397841,4163.989799999988,4153.42499999998,4163.989799999988,0.0,0,0,0.0,0.0,0.0,0.7291293065930835,0.7291293065930835,0.0,0.0,0.0,0.0,0.5,0.25,0.0,-771.5054573923433,0.0,48,2560.0,2504.9253,1.4834,938.1033999999997,0.0,0.0,0.0,0.0,0.0,64,541.9953,2560.0,2504.9253,938.1033999999997,274.0,0.0,0.0,0.015,8.022890573372209,8.050465631067937,5.675739687499999,NaN,5.8816191170485705,8.67601859481662,1030.0,1029.0,515.0,1989.6666666666672,1491.0000000000002,203.0,129,13,7,37,53,38.0,2035.0,75132.41969999994,18305.1084,30389.5055,175,593,0,38,0.6075672435306123,0.41459833659127177,0.3955001869996422,50,10070.993299999987,8255.554400000003,58,5,640.0,0,0,13,0.0,0,0.0,129418.26023649966,0.0,0,0,0,1.5,0,0.0,0,0,0.0,0,0.0,0,0,3632.4733999999994,256.0,9168.9544,4,2480.7942000000003,2480.754800000011,NaN,5120.0,100.0,1.4909156880166614,0,0,0.0,0,0.0,5120.0,0,0.0,0,0,6,0.0,0.0,0.0,0.0,0.0,0.0,0.0,0.0,0,0,0,0,129,0.0,6,6,28671.911000000004,3072,4659.7472,4659.7472,0.0,0.0,0.0,0.0,1207.1815,1273.6127,39741.7896,29191.6573,0.42228024485019433,474,113225.58501517595,38,16192.675221323683,4,4.8968000000004395,4,1012.3125,2,541.9953,2763.0,56.30261910465029,0,0,515,515,"EB best SuMSy village, full money stock",sumsy,2,1.1641532182693481e-10
109,512,4,4,136355.65199999994,0.0,971.8662999999998,18.8312,0.0,,0.0,0.0,0.0,0.0,0.0,0.0,0.0025,2719.5895,2720.4542499999993,0.0,0.7298321775040142,895.7573999999996,0.2882499999997587,0.0,0.0,0.7298321775040142,0.0,0.0,0.7298321775040142,0.0,0,0,61.76823393175939,5.479000948349767,67.24723488010916,53.35575066178189,0.4937137966024852,53.84946445838437,4127.4335999999985,4163.9897999999675,4127.4335999999985,0.0,0,0,0.0,0.0,0.0,0.7298321775040142,0.7298321775040142,0.0,0.0,0.0,0.0,0.5,0.25,0.0,-777.8434654754844,0.0,48,2560.0,2505.331299999995,18.8312,897.0560000000003,0.0,0.0,0.0,0.0,0.0,64,541.6800000000001,2560.0,2505.331299999995,897.0560000000003,274.0,0.0,0.0,0.015,8.010360515873014,8.026237499999997,5.637079843750012,NaN,5.919935061178688,9.710306581722508,1024.0,1008.0,512.0,1987.6666666666679,1485.0,203.0,132,10,8,29,40,27.0,2038.0,75349.51220000001,18355.814399999996,30224.737500000003,174,594,0,38,0.6081880097758614,0.41199780235659444,0.3947021523002132,52,10088.921100000014,8074.443399999997,44,4,640.0,0,0,10,0.0,0,0.0,130326.35323885715,0.0,0,0,0,1.5,0,0.0,0,0,0.0,0,0.0,0,0,3607.7311000000077,256.0,9164.3184,4,2520.5002,2520.4587999999744,NaN,5120.0,100.0,1.465975127514896,0,0,0.0,0,0.0,5120.0,0,0.0,0,0,6,0.0,0.0,0.0,0.0,0.0,0.0,0.0,0.0,0,0,0,0,132,0.0,6,6,29318.6885,3072,4659.7472,4659.7472,0.0,0.0,0.0,0.0,1311.2226,1209.2776,39839.10780000001,28426.181800000002,0.41971498621817815,474,114237.33616277453,38,16089.017076082671,4,3.9848000000001775,4,967.8815000000004,2,541.6800000000001,2719.5895,56.30025124494104,0,0,512,512,"EB best SuMSy village, full money stock",sumsy,2,1.1641532182693481e-10
110,512,4,4,136408.41770000014,0.0,931.3461000000001,19.1093,0.0,,0.0,0.0,0.0,0.0,0.0,0.0,0.0025,2680.2938,2717.8950999999993,0.0,0.7603604931382053,894.3566999999997,12.533766666666452,0.0,0.0,0.7603604931382053,0.0,0.0,0.7603604931382053,0.0,0,0,62.10246852945718,5.4871658899309885,67.58963441938816,53.843180271282925,0.47936118165269026,54.32254145293562,4155.04089999999,4127.433600000013,4155.04089999999,0.0,0,0,0.0,0.0,0.0,0.7603604931382053,0.7603604931382053,0.0,0.0,0.0,0.0,0.5,0.25,0.0,-783.4626419072023,0.0,48,2560.0,2507.2342999999973,19.1093,898.9241000000011,0.0,0.0,0.0,0.0,0.0,67,541.069,2560.0,2507.2342999999973,898.9241000000011,274.0,0.0,0.0,0.015,7.97647641228938,8.127781728880137,5.632585624999991,NaN,5.9447582949722095,10.241917989928028,1018.0,1009.0,509.0,2000.0000000000011,1479.0000000000005,203.0,135,10,8,29,39,18.0,2038.0,75585.4266000001,18400.890199999998,30093.8115,173,595,0,38,0.6107461329938517,0.41335405407668135,0.4145203532160011,52,10084.4151,8048.264699999985,48,9,640.0,0,0,10,0.0,0,0.0,130563.02811756002,0.0,0,0,0,1.5,0,0.0,0,0,0.0,0,0.0,0,0,3604.854799999994,256.0,9106.926599999999,4,2513.2146000000002,2513.2083999999754,NaN,5120.0,100.0,1.4607906482530744,0,0,0.0,0,0.0,5120.0,0,0.0,0,0,6,0.0,0.0,0.0,0.0,0.0,0.0,0.0,0.0,0,0,0,0,135,0.0,6,6,29313.285900000003,3072,4659.7472,4659.7472,0.0,0.0,0.0,0.0,1311.6479,1201.5666999999999,40041.9615,28288.342399999998,0.4210000355180259,474,114585.34256768654,38,15977.685549873548,4,3.77560000000085,4,927.5704999999998,2,541.069,2680.2938,56.22761462486254,0,0,509,509,"EB best SuMSy village, full money stock",sumsy,2,1.1641532182693481e-10
111,512,4,4,136459.63249999992,0.0,930.3922000000005,55.6873,0.0,,0.0,0.0,0.0,0.0,0.0,0.0,0.0025,2683.4954,2712.8961749999994,0.0,0.7842121709599004,890.5711999999993,9.800258333333204,0.0,0.0,0.7842121709599004,0.0,0.0,0.7842121709599004,0.0,0,0,62.415292498394614,5.377285041816447,67.79257754021106,54.17857253567902,0.45913154775232223,54.63770408343134,4131.25560000001,4155.040900000001,4131.25560000001,0.0,0,0,0.0,0.0,0.0,0.7842121709599004,0.7842121709599004,0.0,0.0,0.0,0.0,0.5,0.25,0.0,-788.8561369114498,0.0,48,2560.0,2508.7852000000007,55.6873,937.2585,0.0,0.0,0.0,0.0,0.0,71,540.5716,2560.0,2508.7852000000007,937.2585,274.0,0.0,0.0,0.015,8.010869156159075,8.06520705882355,5.692778281250013,NaN,6.012998823834397,9.984472423516328,1020.0,1031.0,510.0,2000.0000000000014,1481.0000000000002,203.0,135,12,7,30,41,28.0,2036.0,75626.30820000004,18522.4366,30117.484999999997,173,595,0,38,0.609226029116231,0.41554004176199477,0.4057941263236686,53,10195.960299999986,8259.206100000007,51,10,640.0,0,0,12,0.0,0,0.0,129690.40991312273,0.0,0,0,0,1.5,0,0.0,0,0,0.0,0,0.0,0,0,3643.3781000000085,256.0,8969.3357,4,2481.5763000000006,2481.6247999999923,NaN,5120.0,100.0,1.4890744318781401,0,0,0.0,0,0.0,5120.0,0,0.0,0,0,6,0.0,0.0,0.0,0.0,0.0,0.0,0.0,0.0,0,0,0,0,135,0.0,6,6,28431.6003,3072,4659.7472,4659.7472,0.0,0.0,0.0,0.0,1191.1199000000001,1290.4564000000003,40121.2267,29177.657,0.4230237965749468,474,113784.52401752216,38,15905.885895600588,4,3.584100000000035,4,926.8081000000002,2,540.5716,2683.4954,56.15833744846264,0,0,510,510,"EB best SuMSy village, full money stock",sumsy,2,1.1641532182693481e-10
112,512,4,4,136509.6193000002,0.0,902.5341000000004,33.5353,0.0,,0.0,0.0,0.0,0.0,0.0,0.0,0.0025,2712.4025,2709.074874999999,0.0,0.7815136836832826,894.4132000000008,0.0,0.0,0.0,0.7815136836832826,0.0,0.0,0.7815136836832826,0.0,0,0,62.07943052824143,5.531406444826305,67.61083697306773,54.05838512130114,0.4589896315465332,54.51737475284768,4207.055399999989,4131.255599999993,4207.055399999989,0.0,0,0,0.0,0.0,0.0,0.7815136836832826,0.7815136836832826,0.0,0.0,0.0,0.0,0.5,0.25,0.0,-794.9376878152307,0.0,48,2560.0,2510.0132000000003,33.5353,967.0470000000007,0.0,0.0,0.0,0.0,0.0,61,540.5937,2560.0,2510.0132000000003,967.0470000000007,274.0,0.0,0.0,0.015,8.010143657817117,8.213834117647037,5.724595156250009,NaN,5.99124634793056,9.68493825081084,1020.0,1017.0,510.0,1997.6666666666677,1481.0000000000002,203.0,135,11,6,36,40,29.0,2037.0,75666.00160000005,18633.230099999997,30071.8845,173,595,0,38,0.6082774888082125,0.4121470458578276,0.40312764827546155,55,10162.670300000013,8146.316100000008,49,9,640.0,0,0,11,0.0,0,0.0,130551.74483351587,0.0,0,0,0,1.5,0,0.0,0,0,0.0,0,0.0,0,0,3663.7409000000057,256.0,8885.5069,4,2462.9015999999997,2462.97559999997,NaN,5120.0,100.0,1.4609766660395191,0,0,0.0,0,0.0,5120.0,0,0.0,0,0,6,0.0,0.0,0.0,0.0,0.0,0.0,0.0,0.0,0,0,0,0,135,0.0,6,6,29256.6363,3072,4659.7472,4659.7472,0.0,0.0,0.0,0.0,1277.1103,1185.7912999999999,40158.99149999999,28333.9852,0.41973343834708876,474,114539.17150382267,38,16012.57332969322,4,3.1833999999998923,4,899.3507,2,540.5937,2712.4025,56.09226434147126,0,0,510,510,"EB best SuMSy village, full money stock",sumsy,2,1.1641532182693481e-10
113,512,4,4,136557.0679000002,0.0,911.9333000000001,63.057399999999994,0.0,,0.0,0.0,0.0,0.0,0.0,0.0,0.0025,2738.221,2704.2359499999993,0.0,0.753975626349881,894.3317999999999,0.0,0.0,0.0,0.753975626349881,0.0,0.0,0.753975626349881,0.0,0,0,62.29476763856133,5.418312851831806,67.71308049039314,54.07576218769749,0.3876891864980176,54.463451374195515,4147.752199999999,4207.05539999999,4147.752199999999,0.0,0,0,0.0,0.0,0.0,0.753975626349881,0.753975626349881,0.0,0.0,0.0,0.0,0.5,0.25,0.0,-800.3347662184754,0.0,48,2560.0,2512.5513999999994,63.057399999999994,964.4754999999997,0.0,0.0,0.0,0.0,0.0,72,540.4056,2560.0,2512.5513999999994,964.4754999999997,274.0,0.0,0.0,0.015,8.059755396370578,8.129433464566928,5.844135156249999,NaN,6.038068498800716,9.394390103286513,1016.0,1047.0,508.0,1990.6666666666683,1477.0000000000005,203.0,135,6,1,37,54,37.0,2042.0,75489.0916000001,18775.0024,30218.2066,172,596,0,38,0.6125347755863297,0.41527999122333337,0.411700448404561,58,10209.9728,8438.563899999996,60,6,640.0,0,0,6,0.0,0,0.0,130314.0088386003,0.0,0,0,0,1.5,0,0.0,0,0,0.0,0,0.0,0,0,3740.2464999999997,256.0,8796.1407,4,2483.8390999999997,2483.886000000036,NaN,5120.0,100.0,1.467544301635441,0,0,0.0,0,0.0,5120.0,0,0.0,0,0,6,0.0,0.0,0.0,0.0,0.0,0.0,0.0,0.0,0,0,0,0,135,0.0,6,6,29291.045899999997,3072,4659.7472,4659.7472,0.0,0.0,0.0,0.0,1287.2233999999999,1196.6157,40224.7407,28498.3038,0.42281980004007247,474,114252.86981650293,38,16061.139022097299,4,2.7826999999997497,4,909.1505999999999,2,540.4056,2738.221,56.02924711567822,0,0,508,508,"EB best SuMSy village, full money stock",sumsy,2,1.1641532182693481e-10
114,512,4,4,136602.42220000006,0.0,911.5308,55.74340000000001,0.0,,0.0,0.0,0.0,0.0,0.0,0.0,0.0025,2720.8115,2705.1936249999994,0.0,0.7413309968633565,904.3064999999998,0.0,0.0,0.0,0.7413309968633565,0.0,0.0,0.7413309968633565,0.0,0,0,61.860415477583736,5.377864144616324,67.23827962220005,53.63635576804306,0.3720853201099777,54.008441088153035,4253.602299999997,4147.752200000018,4253.602299999997,0.0,0,0,0.0,0.0,0.0,0.7413309968633565,0.7413309968633565,0.0,0.0,0.0,0.0,0.5,0.25,0.0,-806.1312020441737,0.0,48,2560.0,2514.6457000000005,55.74340000000001,931.2646999999993,0.0,0.0,0.0,0.0,0.0,69,540.6192,2560.0,2514.6457000000005,931.2646999999993,274.0,0.0,0.0,0.015,8.04823162561577,8.161083429672441,6.062805144694533,NaN,6.078099303648597,9.112558400187917,1038.0,1015.0,519.0,1994.333333333335,1500.0000000000005,204.0,130,9,8,31,48,27.0,2039.0,75615.47110000007,18881.0437,30166.5745,172,596,0,38,0.6102038131691891,0.4137822123900883,0.40299220480966724,57,10405.197599999989,8168.955100000007,53,5,622.0,0,0,9,0.0,0,0.0,130498.27621826668,0.0,0,0,0,1.5,0,0.0,0,0,0.0,0,0.0,0,0,3771.0647999999997,256.0,8677.9022,4,2391.3599,2391.319200000005,NaN,5120.0,100.0,1.4603417751235126,0,0,0.0,0,0.0,5120.0,0,0.0,0,0,6,0.0,0.0,0.0,0.0,0.0,0.0,0.0,0.0,0,0,0,0,130,0.0,6,6,29409.957,3072,4659.7472,4659.7472,0.0,0.0,0.0,0.0,1254.6453,1136.7145999999998,40109.5119,28315.563399999995,0.421491763007523,474,114387.6888433723,38,16110.587374894356,4,2.485099999999875,4,909.0457000000006,2,540.6192,2720.8115,55.899107877683484,0,0,519,519,"EB best SuMSy village, full money stock",sumsy,2,1.1641532182693481e-10
115,512,4,4,136646.9470000001,0.0,900.2687000000002,40.467999999999996,0.0,,0.0,0.0,0.0,0.0,0.0,0.0,0.0025,2694.2767,2702.2617249999994,0.0,0.7477928209787102,898.5849999999995,2.661674999999832,0.0,0.0,0.7477928209787102,0.0,0.0,0.7477928209787102,0.0,0,0,61.855844764031644,5.4434186784921055,67.29926344252375,53.64435629906814,0.4116521147431524,54.0560084138113,4164.172799999987,4253.6023000000105,4164.172799999987,0.0,0,0,0.0,0.0,0.0,0.7477928209787102,0.7477928209787102,0.0,0.0,0.0,0.0,0.5,0.25,0.0,-811.2526092391113,0.0,48,2560.0,2515.4751999999985,40.467999999999996,916.0797999999995,0.0,0.0,0.0,0.0,0.0,80,540.5373,2560.0,2515.4751999999985,916.0797999999995,274.0,0.0,0.0,0.015,8.049451411879264,8.097993749999974,6.161167187499997,NaN,6.01831463142536,8.839181648182278,1024.0,1027.0,512.0,1998.0000000000016,1485.0000000000005,203.0,134,18,14,27,47,38.0,2030.0,75399.13110000003,19076.007,30139.512600000002,171,597,0,38,0.6166919660676511,0.4155726731542928,0.4226171309561253,63,10229.830300000009,8266.786600000005,56,9,640.0,0,0,18,0.0,0,0.0,130429.47021964891,0.0,0,0,0,1.5,0,0.0,0,0,0.0,0,0.0,0,0,3943.146999999998,256.0,8797.4823,4,2451.0471000000002,2451.053999999973,NaN,5120.0,100.0,1.4621650219737656,0,0,0.0,0,0.0,5120.0,0,0.0,0,0,6,0.0,0.0,0.0,0.0,0.0,0.0,0.0,0.0,0,0,0,0,134,0.0,6,6,29604.736900000004,3072,4659.7472,4659.7472,0.0,0.0,0.0,0.0,1293.8682000000001,1157.1788999999999,40145.582,28408.265,0.4231518770414229,474,114440.82301770881,38,15988.64720194008,4,2.275900000000547,4,897.9928,2,540.5373,2694.2767,55.77515025349351,0,0,512,512,"EB best SuMSy village, full money stock",sumsy,2,1.1641532182693481e-10
116,512,4,4,136693.4185,0.0,897.1241000000007,55.71170000000001,0.0,,0.0,0.0,0.0,0.0,0.0,0.0,0.0025,2675.4815,2698.318474999999,0.0,0.7662846658137613,898.7217999999997,7.612324999999752,0.0,0.0,0.7662846658137613,0.0,0.0,0.7662846658137613,0.0,0,0,61.946139064513126,5.341886642809065,67.28802570732219,53.705415710161894,0.3769986546490248,54.082414364810916,4083.8236000000056,4164.172799999997,4083.8236000000056,0.0,0,0,0.0,0.0,0.0,0.7662846658137613,0.7662846658137613,0.0,0.0,0.0,0.0,0.5,0.25,0.0,-816.8955364964669,0.0,48,2560.0,2513.5285,55.71170000000001,923.5058000000001,0.0,0.0,0.0,0.0,0.0,64,540.7984,2560.0,2513.5285,923.5058000000001,274.0,0.0,0.0,0.015,8.030611632453567,8.003589763779539,6.231501320131996,NaN,6.052375592509339,9.307175492855865,1016.0,1023.0,508.0,1995.3333333333344,1477.0,203.0,135,21,8,35,53,35.0,2027.0,75474.06829999998,19200.0314,30122.0347,170,598,0,38,0.6119948497393581,0.4164103009950748,0.40792921314544817,54,10233.369699999992,8215.3157,66,13,606.0,0,0,21,0.0,0,0.0,129532.6922123161,0.0,0,0,0,1.5,0,0.0,0,0,0.0,0,0.0,0,0,3776.2897999999896,256.0,8681.0042,4,2515.5925999999995,2515.554399999966,NaN,5120.0,100.0,1.4888807310181045,0,0,0.0,0,0.0,5120.0,0,0.0,0,0,6,0.0,0.0,0.0,0.0,0.0,0.0,0.0,0.0,0,0,0,0,135,0.0,6,6,28718.513300000002,3072,4659.7472,4659.7472,0.0,0.0,0.0,0.0,1225.4588999999999,1290.1336999999999,40299.6917,29284.557,0.42384265050922365,474,113671.3546690886,38,15861.337543227492,4,1.950300000000425,4,895.1738000000005,2,540.7984,2675.4815,55.587361678635695,0,0,508,508,"EB best SuMSy village, full money stock",sumsy,2,1.1641532182693481e-10
117,512,4,4,136742.33460000003,0.0,912.2838000000003,75.26110000000001,0.0,,0.0,0.0,0.0,0.0,0.0,0.0,0.0025,2685.1795,2693.6567499999987,0.0,0.773155632770296,892.1986999999993,2.825749999999516,0.0,0.0,0.773155632770296,0.0,0.0,0.773155632770296,0.0,0,0,62.28282387432596,5.412679817854704,67.69550369218067,53.82906855695795,0.48082924662572973,54.30989780358368,4237.089399999988,4083.823600000007,4237.089399999988,0.0,0,0,0.0,0.0,0.0,0.773155632770296,0.773155632770296,0.0,0.0,0.0,0.0,0.5,0.25,0.0,-822.756236496467,0.0,48,2560.0,2511.0838999999983,75.26110000000001,945.4254,0.0,0.0,0.0,0.0,0.0,62,540.81,2560.0,2511.0838999999983,945.4254,274.0,0.0,0.0,0.015,8.065154716981136,8.192406601941725,6.242825396825397,NaN,5.986001243198335,9.044702687339154,1030.0,1007.0,515.0,1984.6666666666674,1490.0000000000002,202.0,128,20,14,25,40,31.0,2028.0,75401.65859999998,19275.7465,30070.6397,170,598,0,38,0.6097560895271459,0.4163323696891501,0.3941005765392156,49,10218.069299999981,8121.610800000003,53,13,630.0,0,0,20,0.0,0,0.0,129292.4352200907,0.0,0,0,0,1.5,0,0.0,0,0,0.0,0,0.0,0,0,3932.98,256.0,8768.300299999999,4,2482.2562,2482.2616000000166,NaN,5120.0,100.0,1.4930185230421047,0,0,0.0,0,0.0,5120.0,0,0.0,0,0,6,0.0,0.0,0.0,0.0,0.0,0.0,0.0,0.0,0,0,0,0,128,0.0,6,6,28650.1409,3072,4659.7472,4659.7472,0.0,0.0,0.0,0.0,1191.0603999999998,1291.1958000000002,40369.197799999994,29464.545599999998,0.4235635284722663,474,113425.01086182942,38,15867.424358261262,4,15.670500000000175,4,896.6133000000009,2,540.81,2685.1795,55.408727796802204,0,0,515,515,"EB best SuMSy village, full money stock",sumsy,2,1.1641532182693481e-10
118,512,4,4,136791.92909999998,0.0,889.3127999999999,40.288799999999995,0.0,,0.0,0.0,0.0,0.0,0.0,0.0,0.0025,2698.9689,2690.616849999999,0.0,0.766383712313163,896.0367999999993,0.0,0.0,0.0,0.766383712313163,0.0,0.0,0.766383712313163,0.0,0,0,61.92536533259609,5.605038540424814,67.5304038730209,53.376371346090046,0.5895205580859092,53.96589190417596,4127.595899999997,4237.089400000016,4127.595899999997,0.0,0,0,0.0,0.0,0.0,0.766383712313163,0.766383712313163,0.0,0.0,0.0,0.0,0.5,0.25,0.0,-829.1696101903689,0.0,48,2560.0,2510.4055000000017,40.288799999999995,953.5602999999994,0.0,0.0,0.0,0.0,0.0,55,541.1198999999999,2560.0,2510.4055000000017,953.5602999999994,274.0,0.0,0.0,0.015,8.033559050445097,8.13781366336633,6.23550536585366,NaN,5.91742042339453,8.773361606718979,1010.0,1011.0,505.0,1996.6666666666679,1470.0000000000002,202.0,136,21,11,26,43,23.0,2027.0,75259.33609999997,19521.548499999997,29931.846100000002,170,598,0,38,0.6075682960417166,0.4118380829049335,0.40320599067465124,44,10002.168900000002,8121.928199999994,49,6,615.0,0,0,21,0.0,0,0.0,130118.7933934863,0.0,0,0,0,1.5,0,0.0,0,0,0.0,0,0.0,0,0,3834.8358000000007,256.0,8839.1096,4,2570.5627,2570.5407999999725,NaN,5120.0,100.0,1.4637739025307808,0,0,0.0,0,0.0,5120.0,0,0.0,0,0,6,0.0,0.0,0.0,0.0,0.0,0.0,0.0,0.0,0,0,0,0,136,0.0,6,6,29676.0554,3072,4659.7472,4659.7472,0.0,0.0,0.0,0.0,1342.2812999999999,1228.2814,40410.778,28616.448800000002,0.41922699951773135,474,114183.32659537531,38,15935.466798110965,4,15.3729000000003,4,873.9398999999994,2,541.1198999999999,2698.9689,55.2388023167081,0,0,505,505,"EB best SuMSy village, full money stock",sumsy,2,1.1641532182693481e-10
119,512,4,4,136840.23319999996,0.0,844.9732000000004,18.4894,0.0,,0.0,0.0,0.0,0.0,0.0,0.0,0.0025,2708.0177,2687.9403999999995,0.0,0.7501114986875281,892.527400000001,0.0,0.0,0.0,0.7501114986875281,0.0,0.0,0.7501114986875281,0.0,0,0,61.96974000941153,5.6968950783163095,67.66663508772784,53.876744310327155,0.6025113842967955,54.47925569462395,4144.230400000002,4127.5959000000075,4144.230400000002,0.0,0,0,0.0,0.0,0.0,0.7501114986875281,0.7501114986875281,0.0,0.0,0.0,0.0,0.5,0.25,0.0,-835.4857405165318,0.0,48,2560.0,2511.6958999999983,18.4894,945.5944999999996,0.0,0.0,0.0,0.0,0.0,54,541.1261,2560.0,2511.6958999999983,945.5944999999996,274.0,0.0,0.0,0.015,8.02336666666666,8.090647843137258,6.155018429487173,NaN,5.928632507097558,8.510160758517408,1020.0,1020.0,510.0,1995.6666666666674,1480.0000000000005,201.99999999999997,131,12,3,31,35,21.0,2036.0,75133.05329999994,19533.4556,29973.5137,170,598,0,38,0.6131087258700854,0.4130388089679782,0.4065681718079337,40,10080.252299999993,8183.833999999994,42,7,624.0,0,0,12,0.0,0,0.0,130028.8118521788,0.0,0,0,0,1.5,0,0.0,0,0,0.0,0,0.0,0,0,3840.7314999999962,256.0,8951.066799999999,4,2592.5742000000005,2592.6244000000415,NaN,5120.0,100.0,1.4653829351665202,0,0,0.0,0,0.0,5120.0,0,0.0,0,0,6,0.0,0.0,0.0,0.0,0.0,0.0,0.0,0.0,0,0,0,0,131,0.0,6,6,29744.3119,3072,4659.7472,4659.7472,0.0,0.0,0.0,0.0,1348.1489,1244.4252999999999,40464.6019,28713.7242,0.420277837948843,474,114292.96196137325,38,15735.849890805592,4,21.638699999999517,4,823.3345000000008,2,541.1261,2708.0177,55.077160703768556,0,0,510,510,"EB best SuMSy village, full money stock",sumsy,2,1.1641532182693481e-10
120,512,4,4,136886.8020000001,0.0,803.3380999999998,24.8193,0.0,,0.0,0.0,0.0,0.0,0.0,0.0,0.0025,2694.4166,2686.9037749999993,0.0,0.7440269029665824,895.8085999999996,0.0,0.0,0.0,0.7440269029665824,0.0,0.0,0.7440269029665824,0.0,0,0,62.12020312615925,5.686995306011838,67.80719843217109,54.18870531831417,0.6088153791975746,54.79752069751175,4121.772300000016,4144.230400000009,4121.772300000016,0.0,0,0,0.0,0.0,0.0,0.7440269029665824,0.7440269029665824,0.0,0.0,0.0,0.0,0.5,0.25,0.0,-842.0971635407625,0.0,48,2560.0,2513.4311999999995,24.8193,926.184199999999,0.0,0.0,0.0,0.0,0.0,44,541.2353,2560.0,2513.4311999999995,926.184199999999,274.0,0.0,0.0,0.015,7.9661090291262155,8.030865557729973,6.024168465430021,NaN,5.883429032366846,8.254855935761887,1022.0,1030.0,511.0,1997.6666666666674,1483.0,203.0,133,16,12,18,41,28.0,2032.0,75208.14080000011,19571.9345,30011.6116,170,598,0,38,0.6131350973232179,0.41612016490461934,0.407760886971837,47,10028.71539999999,8205.092300000002,46,5,593.0,0,0,16,0.0,0,0.0,129136.51563401561,0.0,0,0,0,1.5,0,0.0,0,0,0.0,0,0.0,0,0,3572.3319000000024,256.0,8859.4632,4,2586.024,2586.0447999999906,NaN,5120.0,100.0,1.4973377291107066,0,0,0.0,0,0.0,5120.0,0,0.0,0,0,6,0.0,0.0,0.0,0.0,0.0,0.0,0.0,0.0,0,0,0,0,133,0.0,6,6,28742.877500000002,3072,4659.7472,4659.7472,0.0,0.0,0.0,0.0,1234.8204,1351.2036,40621.0879,29700.1318,0.4230976565929374,474,113493.08849307336,38,15643.427140942262,4,28.702300000000832,4,774.6358,2,541.2353,2694.4166,55.06109202121925,0,0,511,511,"EB best SuMSy village, full money stock",sumsy,2,1.1641532182693481e-10
