round,persons_alive,farms_open,bakeries_open,money_in_circulation,money_in_dead_balances,outstanding_debt,peer_lent,government_debt,termination,government_peer_debt,government_bank_debt,bonds_outstanding,government_arrears,bonds_issued,coupons,bond_rate,government_cash,government_reserve_target,surplus_redistributed,tax_scale,government_outlay,tax_shortfall,tax_policy_step,consumption_tax,consumption_tax_scale,wealth_tax,wealth_tax_base,wealth_tax_scale,clearing_residue,negative_wealth_persons,zero_cash_persons,wealth_gap_meals,wealth_bottom10_meals,wealth_top10_meals,cash_gap_meals,cash_bottom10_meals,cash_top10_meals,invoices_issued,invoices_paid,invoices_open,invoices_overdue,liquidations,refoundings,bad_debt,bank_bailouts,profit_tax,profit_tax_scale,parking_tax_scale,income_tax_accrued,income_tax_charged,wealth_tax_arrears,consumption_tax_rate_now,bracket_top_rate,bracket_bottom_rate,bank_retained_interest,cumulative_interest_paid,cumulative_write_offs,cumulative_credit_refusals,money_created,money_destroyed,credit_demand,tax,enterprise_tax,deposit_interest,buffer_pool,insurance_premiums,insurance_payouts,missed_payments,cash_banks,gi_created,demurrage_destroyed,demurrage_tax,account_fees,fees,trade_arrears,interest_rate,price_bread,price_grain,price_ticket,price_rent,price_wage,wage_bid_producers,bread_baked,bread_sold,grain_harvested,labour_offered,labour_sold,government_labour,unemployed,hungry,without_bread,half_meals,gluttons,bread_stocked,total_capacity,cash_persons,cash_farms,cash_bakeries,land_persons,land_farms,land_banks,landholders,gini_cash_persons,gini_net_wealth_persons,gini_income_persons,persons_below_meal,persons_income,bread_bill,gluttony_attempted,gluttony_refused,tickets_sold,n_greedy,hungry_greedy,hungry_others,cash_greedy,land_greedy,wealth_greedy,wealth_persons,bread_greedy,greedy_loaves,greedy_tickets,ration,tier_multiplier,tier_sold,tier_revenue,n_consumers,n_hoarders,wealth_hoarders,land_hoarders,shares_hoarders,greedy_land,greedy_shares,ticket_revenue,theatre_labour,cash_theatres,theatres_open,dividends,dividend_income_persons,share_price_mean,share_units_per_firm,founders_stake_pct,book_per_unit_mean,share_trades,share_trades_deferred,share_contracts_outstanding,share_seizures,share_volume,founders_stake_mean,outside_holders,forward_value_mean,coop_worker_open,coop_consumer_open,coop_member_open,coop_retained_reserve,coop_buffer_pledged,buffer_pledged_persons,patronage_wages,rebates,membership_capital,reserved_labour,coop_worker_hours,coop_members_worker,coop_members_consumer,worker_members,unemployed_members,unemployed_nonmembers,rebate_income_persons,coop_open,forprofit_open,cash_coops,coop_members,coop_capital,founder_capital,founder_debt,reserve_shortfall_owned,reserve_shortfall_coops,reserve_shortfall_forprofit,dividends_coops,dividends_forprofit,founders_cash,cash_forprofit,gini_net_wealth_all,n_workers,wealth_workers,n_landowners,wealth_landowners,n_farms,wealth_farms,n_bakeries,wealth_bakeries,n_banks,wealth_banks,wealth_government,land_price,deaths,closures,production_target_farms,production_target_bakeries,rung,system,seed,identity
1,512,4,4,25944.306,0.0,26066.432399999994,0.0,3839.823999999997,,0.0,2047.064,1792.759999999997,0.0,1792.759999999997,0.0,0.00375,0.0,11820.0036,0.0,1.0,3940.0011999999997,7779.825199999999,0.0,0.0,1.0,0.0,0.0,1.0,0.0,0,0,7.42501176470588,1.9583858026960783,9.383397567401959,1.9490196078431374,2.1431372549019607,4.092156862745098,1194.8231999999973,0.0,1194.8231999999973,0.0,0,0,0.0,0.0,39.7592,1.0,1.0,0.0,0.0,0.0,0.0,0.5,0.25,122.12639999999999,122.12639999999999,0.0,0,2048.2400000000002,529.214,2048.2400000000002,100.17719999999991,0.0,0.0,0.0,0.0,0.0,0,0.0,0.0,0.0,0.0,0.0,3280.0,6.664,0.005,5.0,5.200000000000013,NaN,0.75,3.729700272479588,3.9200000000000013,320.0,57.0,160.0,2048.0,734.0,204.0,328,0,0,0,36,21.0,2048.0,18217.656,1525.5788,4131.9788,720,48,0,128,0.08948386110807838,0.30321902423857394,0.0680439872917864,0,5671.6960000000145,285.0,36,0,0.0,128,0,0,3986.6719999999996,720,10439.2612,19969.56479999998,0.0,0,0,0,1.5,0,0.0,128,128,10439.2612,720,30720.0,0,0,0.0,208.0,2069.0924,4,0.0,0.0,NaN,5120.0,100.0,-0.25658890624999997,0,0,0.0,0,0.0,5120.0,0,0.0,0,0,6,0.0,0.0,0.0,0.0,0.0,0.0,0.0,0.0,0,0,0,0,328,0.0,6,6,3869.9649999999997,3072,720.0,720.0,0.0,1338.630000000001,662.6750000000003,675.9550000000003,0.0,0.0,544.0319999999999,3856.685,0.3245981963013387,384,9530.303599999997,128,10439.2612,4,0.0,4,271.72,2,120.95040000000101,-2047.064,11.25,0,0,160,160,SB1 best SuMSy + greedy quarter,debt,6,3.637978807091713e-11
2,512,4,4,25697.34519999996,0.0,25886.519700000004,0.0,5836.475800000002,,0.0,1944.7108,3891.7650000000017,0.0,2099.005000000005,6.7205799999999885,0.00375,0.0,9585.0036,0.0,1.0,2450.0011999999997,6104.759999999997,0.0,0.0,1.0,0.0,0.0,1.0,0.0,0,0,8.21016294117647,2.0107038943780635,10.220866835554535,2.174372352941176,2.1452052941176474,4.319577647058823,3389.162000000037,1194.8231999999923,3389.162000000037,0.0,0,0,0.0,0.0,311.89430000000004,1.0,1.0,0.0,0.0,0.0,0.0,0.5,0.25,189.17449999999997,252.45550000000003,0.0,0,392.8679,639.8286999999999,329.5869,470.3076000000075,0.0,0.0,0.0,0.0,0.0,0,0.0,0.0,0.0,0.0,0.0,1790.0,0.0,0.006328263584085631,4.893999999999958,5.477827954545474,1.8500000000000003,1.1242566326530625,3.553439277652341,3.802399999999999,880.0,1065.0,440.0,2048.0,1329.0,204.0,179,0,0,2,39,25.0,2048.0,17092.081699999977,673.1124,6879.914199999999,720,48,0,128,0.10746554183031098,0.3039297245916095,0.09337511110663299,0,6185.38679999997,5212.109999999956,39,0,3.0,128,0,0,3869.2470000000017,720,11163.416875000003,21474.86939999986,0.0,0,0,0,1.5,0,0.0,128,128,11163.416875000003,720,30720.0,0,0,5.550000000000001,243.0,1052.2369,4,0.0,0.0,NaN,5120.0,100.0,-0.24277900065104166,0,0,0.0,0,0.0,5120.0,0,0.0,0,0,6,0.0,0.0,0.0,0.0,0.0,0.0,0.0,0.0,0,0,0,0,179,0.0,6,6,4362.4272,3072,720.0,720.0,0.0,11814.096717983746,5852.847459400594,5961.249258583155,0.0,0.0,586.0459999999999,4242.8363,0.325595677646102,384,10311.452524999982,128,11163.416875000003,4,0.0,4,271.72,2,188.057300000001,-1944.7108,11.25,0,0,440,440,SB1 best SuMSy + greedy quarter,debt,6,3.637978807091713e-11
3,512,4,4,26995.02229999998,0.0,27223.7903,0.0,6960.0521999999955,,0.0,1842.3576,5117.694599999995,0.0,1225.9295999999983,14.588824999999924,0.00375,0.0,8578.589199999999,0.0,1.0,2188.586799999998,5165.788499999984,0.0,0.0,1.0,0.0,0.0,1.0,0.0,0,0,12.722077942333572,2.093610683028593,14.815688625362165,2.0683658261016067,2.2438311818393264,4.3121970079409335,3911.4639999999663,3389.1620000000325,3911.4639999999663,0.0,0,0,0.0,0.0,266.4292,1.0,1.0,0.0,0.0,0.0,0.0,0.5,0.25,228.76799999999997,382.17960000000005,0.0,0,1953.3802999999998,655.7032,1863.2496999999998,1089.3281000000386,0.0,0.0,0.0,0.0,0.0,0,0.0,0.0,0.0,0.0,0.0,1542.5800000000004,0.0,0.010250053699202876,4.843621240601549,5.485841619585675,1.7831999999999961,1.3344178053830236,3.4990443349754212,3.688327999999999,1062.0,1064.0,531.0,2045.3333333333333,1421.0,204.0,155,0,0,1,35,31.0,2048.0,16855.659499999983,2233.5483999999997,7403.2762,720,48,0,128,0.09856829398912281,0.38427182390095305,0.11501609606219665,0,6316.7813000000015,5153.6130000000485,32,0,105.0,128,0,0,4129.388400000001,720,15989.392679591858,26765.536320408235,0.0,3,9,0,1.5,0,0.0,128,128,15989.392679591858,720,30720.0,0,0,187.2359999999996,153.0,502.5382,4,0.0,0.0,NaN,5120.0,100.0,-0.23937100625797195,0,0,0.0,0,0.0,5120.0,0,0.0,0,0,6,0.0,0.0,0.0,0.0,0.0,0.0,0.0,0.0,0,0,0,0,155,0.0,6,6,5209.347000000001,3072,720.0,720.0,0.0,13330.044114450051,6551.250060855258,6778.794053594792,0.0,0.0,624.6653000000001,4930.0158,0.40100816596571076,384,10776.143640816328,128,15989.392679591858,4,0.0,4,271.72,2,227.70960000000002,-1842.3576,16.86384948979594,0,0,531,531,SB1 best SuMSy + greedy quarter,debt,6,3.637978807091713e-11
4,512,4,4,26581.566199999997,0.0,26818.6344,0.0,8369.1126,,0.0,1740.0044,6629.108200000001,0.0,1511.4135999999992,19.185719374999874,0.00375,0.0,8049.984791165412,0.0,1.0,2154.7238548872174,4758.186727443594,0.0,0.0,1.0,0.0,0.0,1.0,0.0,0,0,15.789238393963341,1.995956036430791,17.78519443039413,2.0906706291941655,2.1680252471497394,4.2586958763439045,3923.8824999999674,3574.619299999974,4260.727199999959,0.0,0,0,0.0,0.0,331.29290000000003,1.0,1.0,0.0,0.0,0.0,0.0,0.5,0.25,237.0682,500.6970999999999,0.0,4,229.62699999999995,643.0831000000001,456.25440000000003,774.0663000000145,0.0,0.0,0.0,0.0,0.0,3,0.0,0.0,0.0,0.0,0.0,1515.3672000000004,0.0,0.010457192806573814,5.4798689302325645,5.407845386064002,1.7285529411764713,1.4296623188405788,3.3886059218380233,3.5776781599999983,1062.0,1075.0,531.0,2046.6666666666667,1436.0,204.0,152,0,0,1,51,32.0,2048.0,15680.65170000001,2625.442,8213.5828,720,48,0,128,0.0856415005762523,0.42453745474615534,0.11766222122056424,0,6238.477999999979,5890.859100000007,51,0,17.0,128,0,0,3952.676100000002,720,18968.126050621122,29963.699208074508,0.0,0,6,0,1.5,0,0.0,128,128,18968.126050621122,720,30720.0,0,0,29.38540000000001,168.0,61.8897,4,0.0,0.0,NaN,5120.0,100.0,-0.21907168261920937,0,0,0.0,0,0.0,5120.0,0,0.0,0,0,6,0.0,0.0,0.0,0.0,0.0,0.0,0.0,0.0,0,0,0,0,152,0.0,6,6,5524.8135,3072,720.0,720.0,0.0,12875.232360034443,6383.987452159599,6491.244907874841,0.0,0.0,624.6454000000001,5376.101000000001,0.43904357348886935,384,10995.573157453422,128,18968.126050621122,4,0.0,4,271.72,2,236.06859999999972,-1740.0044,20.016267080745354,0,0,531,531,SB1 best SuMSy + greedy quarter,debt,6,3.637978807091713e-11
5,512,4,4,26620.068400000055,0.0,26845.4157,0.0,9775.350499999999,,0.0,2119.3689,7655.981599999999,0.0,1026.8733999999997,24.852466374999867,0.00375,0.0,7920.258746458963,0.0,1.0,2467.1181892110567,4574.509537639298,0.0,0.0,1.0,0.0,0.0,1.0,0.0,0,0,15.654352956102747,1.5820311160220457,17.236384072124793,1.7448138088927565,1.7257980399217634,3.47061184881452,4028.42619999999,3839.760199999977,4449.393199999963,0.0,0,0,0.0,0.0,340.0112,1.0,1.0,0.0,0.0,0.0,0.0,0.5,0.25,225.34729999999996,607.2959000000003,0.0,14,638.1413000000001,599.6391000000001,1176.2907,1094.4355999999918,0.0,0.0,0.0,0.0,0.0,10,0.0,0.0,0.0,0.0,0.0,1743.771000000005,235.50199999999975,0.012165764275631862,5.647641814780166,5.586600374531847,1.7348,1.5474796296296296,3.4566689745964547,3.4703478152,1068.0,1069.0,534.0,2046.6666666666667,1386.0,204.0,165,0,0,2,44,35.0,2048.0,14856.695999999987,2585.6564,9177.716,720,48,0,128,0.08670748966282615,0.45303470396863776,0.1349547887987177,0,6219.876100000042,6037.329099999997,44,0,2.0,128,0,0,3858.022699999999,720,20630.76322717391,31459.873778260873,0.0,0,2,0,1.5,0,0.0,128,128,20630.76322717391,720,30720.0,0,0,3.4696,112.0,0.0,4,0.0,0.0,NaN,5120.0,100.0,-0.18590299040421196,0,0,0.0,0,0.0,5120.0,0,0.0,0,0,6,0.0,0.0,0.0,0.0,0.0,0.0,0.0,0.0,0,0,0,0,165,0.0,6,6,5597.8349,3072,720.0,720.0,0.0,11185.979906563745,5917.685411927614,5268.2944946361295,0.0,0.0,613.3285,6165.5375,0.46617361291529136,384,10829.110551086951,128,20630.76322717391,4,0.0,4,271.72,2,224.40650000000124,-2119.3689,21.444934782608684,0,0,534,534,SB1 best SuMSy + greedy quarter,debt,6,3.637978807091713e-11
6,512,4,4,27246.52530000002,0.0,27465.278899999998,0.0,11738.998300000003,,0.0,3129.9192,8609.079100000003,0.0,953.0975,28.701431374999864,0.00375,0.0,8044.194351475466,0.0,1.0,2887.9574588526602,4614.140850983639,0.0,0.0,1.0,0.0,0.0,1.0,0.0,0,0,16.80365775813147,1.659546808924984,18.463204567056454,1.0827925549031934,1.8031595050799516,2.8859520599831447,4003.339599999982,3818.148399999982,4634.584400000023,0.0,0,0,0.0,0.0,318.6891,1.0,1.0,0.0,0.0,0.0,0.0,0.5,0.25,218.75359999999995,713.3706000000004,0.0,30,1249.6578,623.2009,2114.662,963.6174999999782,0.0,0.0,0.0,0.0,0.0,12,0.0,0.0,0.0,0.0,0.0,2142.4710000000027,266.7705999999997,0.011225269394977673,5.656219751908402,5.656777819548868,NaN,1.7062778925619853,3.539350678806397,3.3662373807439985,1064.0,1048.0,532.0,2045.3333333333335,1280.9999999999998,204.0,191,0,0,0,42,17.0,2048.0,14670.560599999984,2698.9649,9876.9998,720,48,0,128,0.05609747777911278,0.4650796857263979,0.11083521886158532,0,6666.989399999992,5927.718300000006,43,1,0.0,128,0,0,3909.976399999999,720,22861.866141666665,34124.820266666626,0.0,0,0,0,1.5,0,0.0,128,128,22861.866141666665,720,30720.0,0,0,0.0,11.0,0.0,4,0.0,0.0,NaN,5120.0,100.0,-0.16433750759548613,0,0,0.0,0,0.0,5120.0,0,0.0,0,0,6,0.0,0.0,0.0,0.0,0.0,0.0,0.0,0.0,0,0,0,0,191,0.0,6,6,5985.567499999999,3072,720.0,720.0,0.0,9957.784429715284,5286.492068319537,4671.292361395748,0.0,0.0,745.3641999999999,6590.397199999999,0.47734712791569334,384,11262.954125000011,128,22861.866141666665,4,0.0,4,271.72,2,217.8716,-3129.9192,23.212194444444442,0,0,532,532,SB1 best SuMSy + greedy quarter,debt,6,3.637978807091713e-11
7,512,4,4,38760.562200000015,0.0,33484.9188,0.0,24414.7975,,0.0,15050.4882,9364.3093,0.0,755.2301999999997,32.273227999999854,0.00375,0.0,8141.473464286647,0.0,1.0,2908.3827137179105,4647.943619048236,0.0,0.0,1.0,0.0,0.0,1.0,0.0,0,0,18.93060397972591,2.0987359635026483,21.029339943228557,1.605223533926545,1.6347048745551878,3.239928408481733,4027.2114999999826,3847.0330000000004,4706.064300000018,0.0,3,0,108.69859999999993,10685.4929,313.4342,1.0,1.0,0.0,0.0,0.0,0.0,0.5,0.25,234.59859999999998,822.0758000000002,5593.4361,46,12196.717799999999,682.6809000000002,13595.297599999998,966.0052000000048,0.0,0.0,0.0,0.0,0.0,3,10669.0448,0.0,0.0,0.0,0.0,2161.7583000000027,19.9368,0.01007053825461341,5.654695845136915,5.6594883895131,NaN,1.9023320987654297,3.5540532920593986,3.2652502593216792,1068.0,1059.0,534.0,2048.0,1278.0,204.0,192,0,0,2,34,20.0,2048.0,14755.24540000001,2726.7565,10609.5155,720,48,0,128,0.07702050649857384,0.4540815519824579,0.11780362437266945,0,6796.972899999976,5988.322899999994,34,0,0.0,128,0,0,4147.5118999999995,720,26228.586575000016,39614.8984809918,0.0,0,0,0,1.5,0,0.0,128,128,26228.586575000016,720,20480.0,0,0,0.0,1.0,0.0,1,0.0,0.0,NaN,5120.0,100.0,-0.05898817669324635,0,0,0.0,0,0.0,5120.0,0,0.0,0,0,5,0.0,0.0,0.0,0.0,0.0,0.0,0.0,0.0,0,0,0,0,192,0.0,5,4,6845.143400000001,2560,600.0,480.0,0.0,9810.040877733703,4776.647336094232,5033.393541639472,0.0,0.0,502.70919999999995,6491.1286,0.5237780358804665,384,13386.311905991732,128,26228.586575000016,4,0.0,4,271.72,2,5392.578200000001,-15050.4882,25.59416838842978,0,3,534,534,SB1 best SuMSy + greedy quarter,debt,6,3.637978807091713e-11
8,512,4,4,40967.408899999966,0.0,34054.1286,0.0,28247.546200000008,,0.0,17813.9078,10433.638400000007,0.0,1069.3291,35.1031083749999,0.00375,0.0,8224.034019184608,0.0,1.0,2933.985967823448,4677.524483623068,0.0,0.0,1.0,0.0,0.0,1.0,0.0,0,0,21.38381484447825,2.5230158056119643,23.906830650090214,1.5482275478851975,1.6440987607437703,3.1923263086289677,4027.519600000008,3876.3265999999776,4837.674200000042,0.0,4,0,128.2816999999998,12457.269699999999,304.4346,1.0,1.0,0.0,0.0,0.0,0.0,0.5,0.25,400.48439999999994,987.9616000000002,7424.3631,53,3551.9011,1345.0543999999995,4621.4754,983.381400000001,0.0,0.0,0.0,0.0,0.0,0,12325.7191,0.0,0.0,0.0,0.0,2187.563900000004,19.933699999999998,0.005621658362229817,5.615723908918405,5.737512500000008,NaN,2.014413958333332,3.5611234448842133,3.167292751542029,1056.0,1054.0,528.0,2045.3333333333335,1269.0,204.0,194,0,0,1,33,18.0,2048.0,14631.756,2741.1479000000004,11268.7859,720,48,0,128,0.07826419790390271,0.45250554154082145,0.12289169788588339,0,6830.715400000003,5918.972999999998,33,0,0.0,128,0,0,4121.5437,720,29904.54880555551,45059.46842222215,0.0,0,0,0,1.5,0,0.0,128,128,29904.54880555551,720,20480.0,0,0,0.0,0.0,0.0,0,0.0,0.0,NaN,5120.0,100.0,-0.028342326388888908,0,0,0.0,0,0.0,5120.0,0,0.0,0,0,4,0.0,0.0,0.0,0.0,0.0,0.0,0.0,0.0,0,0,0,0,194,0.0,4,4,7156.975400000001,2048,480.0,480.0,0.0,9227.230682677362,4461.606841338682,4765.623841338681,0.0,0.0,543.9259000000001,6852.9584,0.514502898802516,384,15154.919616666652,128,29904.54880555551,4,0.0,4,271.72,2,5411.674400000002,-17813.9078,28.534981481481445,0,4,528,528,SB1 best SuMSy + greedy quarter,debt,6,3.637978807091713e-11
9,512,4,4,41514.65780000008,0.0,34778.6594,0.0,30336.72980000001,,0.0,18929.1257,11407.604100000008,0.0,973.9657000000002,39.11071049999987,0.00375,0.0,8293.280453776732,0.0,1.0,2949.0839768379083,4703.363646962262,0.0,0.0,1.0,0.0,0.0,1.0,0.0,0,0,23.607377144086755,2.53555760061941,26.142934744706167,1.948319519844631,1.5211813209262264,3.4695008407708574,4109.764999999992,3876.8382999999967,5070.600900000019,2.5888,4,0,128.2816999999998,12457.269699999999,311.335,1.0,1.0,0.0,0.0,0.0,0.0,0.5,0.25,577.7663,1165.2435000000007,7424.3631,57,2081.2945,1534.0456000000006,3042.1304,988.0910000000008,0.0,0.0,0.0,0.0,0.0,0,12129.198,0.0,0.0,0.0,0.0,2207.803999999998,0.0,0.012077833850023974,5.596327332089555,5.883062499999999,NaN,2.0435752083333347,3.6222746085398057,3.072273968995767,1056.0,1072.0,528.0,2046.6666666666667,1262.0000000000002,204.0,196,0,0,0,37,29.0,2048.0,14623.83219999998,2750.0176,12011.609999999999,720,48,0,128,0.09629160746015852,0.466216824921579,0.13447189781514246,0,6927.197599999967,5999.262900000002,38,1,0.0,128,0,0,4283.5585999999985,720,32320.056431250006,47792.13737499996,0.0,0,0,0,1.5,0,0.0,128,128,32320.056431250006,720,20480.0,0,0,0.0,0.0,0.0,0,0.0,0.0,NaN,5120.0,100.0,0.004220079345703093,0,0,0.0,0,0.0,5120.0,0,0.0,0,0,4,0.0,0.0,0.0,0.0,0.0,0.0,0.0,0.0,0,0,0,0,196,0.0,4,4,7477.3583,2048,480.0,480.0,0.0,8799.062983393196,4302.986991696598,4496.075991696598,0.0,0.0,493.11879999999996,7284.2693,0.524608957964269,384,15472.080943750001,128,32320.056431250006,4,0.0,4,271.72,2,5392.494000000001,-18929.1257,30.21620937499998,0,4,528,528,SB1 best SuMSy + greedy quarter,debt,6,3.637978807091713e-11
10,512,4,4,41720.03500000001,0.0,35164.4724,0.0,32411.82170000001,,0.0,19705.6258,12706.19590000001,0.0,1298.5918000000008,42.76109887499985,0.00375,0.0,8347.219783509536,0.0,1.0,2944.224583701596,4721.216149006354,0.0,0.0,1.0,0.0,0.0,1.0,0.0,0,0,25.238986835676556,2.664789920022505,27.90377675569906,1.793274128563294,1.55720719309975,3.350481321663044,4186.413899999998,3959.250100000017,5297.7647,56.464299999999994,4,0,128.2816999999998,12457.269699999999,300.0035,1.0,1.0,0.0,0.0,0.0,0.0,0.5,0.25,758.2021000000001,1345.679300000001,7424.3631,61,1846.6414,1641.2641999999998,2957.9921999999997,1006.5605000000004,0.0,0.0,0.0,0.0,0.0,0,11844.0731,0.0,0.0,0.0,0.0,2205.5136000000025,0.0,0.014826295892615686,5.60502588011418,6.035977504725918,NaN,2.053240956340956,3.685662031515681,2.9801057499258943,1058.0,1051.0,529.0,2048.0,1264.0,204.0,196,0,0,0,32,24.0,2048.0,14480.970699999996,2828.4983999999995,12566.4928,720,48,0,128,0.09297089470310471,0.47177901216426266,0.1441371606049402,0,7004.852999999972,5890.882200000004,33,1,0.0,128,0,0,4203.0984,720,33915.33224375003,49812.677225000065,0.0,0,0,0,1.5,0,0.0,128,128,33915.33224375003,720,20480.0,0,0,0.0,0.0,0.0,0,0.0,0.0,NaN,5120.0,100.0,0.028395858154296905,0,0,0.0,0,0.0,5120.0,0,0.0,0,0,4,0.0,0.0,0.0,0.0,0.0,0.0,0.0,0.0,0,0,0,0,196,0.0,4,4,7821.3177000000005,2048,480.0,480.0,0.0,8681.682450630344,4239.775905703291,4441.906544927051,0.0,0.0,484.8612999999998,7573.673500000001,0.5292864222058415,384,15897.34498125,128,33915.33224375003,4,0.0,4,271.72,2,5287.8637,-19705.6258,30.653628125000022,0,4,529,529,SB1 best SuMSy + greedy quarter,debt,6,3.637978807091713e-11
11,512,4,4,41832.779100000065,0.0,35459.11259999999,0.0,34433.037299999996,,0.0,20390.9531,14042.0842,0.0,1335.8883000000008,47.62872299999984,0.00375,0.0,8391.558323577086,0.0,1.0,2944.9812414175267,4730.198252081691,0.0,0.0,1.0,0.0,0.0,1.0,0.0,0,0,26.85299448171504,2.6791031636501152,29.532097645365155,1.7370340113464304,1.5309661517184607,3.268000163064891,4262.2140999999965,4095.7211000000016,5464.257700000002,126.306,4,0,128.2816999999998,12457.269699999999,304.51230000000004,1.0,1.0,0.0,0.0,0.0,0.0,0.5,0.25,940.0982000000001,1527.5754000000006,7424.3631,65,1847.8007,1735.0565999999997,3049.8442999999997,1069.9431999999981,0.0,0.0,0.0,0.0,0.0,0,11468.859100000001,0.0,0.0,0.0,0.0,2205.1202999999996,0.0,0.015,5.618148298676751,6.167113043478272,NaN,2.070050103950105,3.7615915476068476,2.8907025774281183,1058.0,1058.0,529.0,2048.0,1264.0,204.0,196,0,0,3,37,24.0,2048.0,14340.622399999982,2916.9038,13106.3938,720,48,0,128,0.09456766265641758,0.4788430089444864,0.15427541464424865,0,7092.911599999999,5944.000900000002,39,2,0.0,128,0,0,4145.9607000000005,720,35373.711239553006,51617.04177276502,0.0,0,0,0,1.5,0,0.0,128,128,35373.711239553006,720,20480.0,0,0,0.0,0.0,0.0,0,0.0,0.0,NaN,5120.0,100.0,0.053857751185680855,0,0,0.0,0,0.0,5120.0,0,0.0,0,0,4,0.0,0.0,0.0,0.0,0.0,0.0,0.0,0.0,0,0,0,0,196,0.0,4,4,8126.8619,2048,480.0,480.0,0.0,8512.5833857439,4164.269406658097,4348.313979085802,0.0,0.0,486.5345,7896.4357,0.5359277819160218,384,16243.33053321205,128,35373.711239553006,4,0.0,4,271.72,2,5094.604599999998,-20390.9531,30.798614345114338,0,4,529,529,SB1 best SuMSy + greedy quarter,debt,6,3.637978807091713e-11
12,512,4,4,42298.871200000045,0.0,35711.5752,0.0,36351.1713,,0.0,21034.1028,15317.068499999998,0.0,1274.9843,52.63676812499983,0.00375,0.0,8422.724995659417,0.0,1.0,2921.8527961883533,4726.462855439608,0.0,0.0,1.0,0.0,0.0,1.0,0.0,0,0,28.62925028483115,2.801371683784752,31.430621968615903,1.897862947602758,1.545555988107896,3.443418935710654,4376.323500000016,4239.596299999994,5600.984899999992,129.4088,4,0,128.2816999999998,12457.269699999999,308.89180000000005,1.0,1.0,0.0,0.0,0.0,0.0,0.5,0.25,726.4686999999994,1710.4770000000017,7424.3631,69,2294.5441999999953,1828.4520999999995,3122.6745,1158.3321000000003,0.0,396.5311,0.0,0.0,0.0,0,11002.8164,0.0,0.0,0.0,0.0,2180.2573000000025,0.0,0.015,5.6455396989651945,6.36858865784502,NaN,2.0922274428274403,3.842996077604416,2.803981500105274,1058.0,1063.0,529.0,2044.0,1264.0000000000002,204.0,194,0,0,0,45,18.0,2048.0,14677.178900000003,2987.9042,13630.9717,720,48,0,128,0.10266556280965888,0.4833809328842702,0.16561670678157636,0,7561.110499999997,6001.208700000002,47,2,0.0,128,0,0,4340.472700000001,720,37102.345732016634,53927.75896008315,0.0,0,0,0,1.5,0,0.0,128,128,37102.345732016634,720,20480.0,0,0,0.0,0.0,0.0,0,0.0,0.0,NaN,5120.0,100.0,0.07732804381943544,0,0,0.0,0,0.0,5120.0,0,0.0,0,0,4,0.0,0.0,0.0,0.0,0.0,0.0,0.0,0.0,0,0,0,0,194,0.0,4,4,8443.0376,2048,480.0,480.0,0.0,8392.793587072973,4086.4376629004487,4306.355924172523,0.0,0.0,501.61229999999995,8175.8383,0.543882754984844,384,16825.413228066536,128,37102.345732016634,4,0.0,4,271.72,2,4414.991200000001,-21034.1028,31.050751559251577,0,4,529,529,SB1 best SuMSy + greedy quarter,debt,6,3.637978807091713e-11
13,512,4,4,42083.17410000003,0.0,35679.573899999996,0.0,38262.079,,0.0,21392.7886,16869.290399999998,0.0,1552.2218999999996,57.41548949999985,0.00375,0.0,8166.996428904906,0.0,1.0,2917.0869329819543,4466.925802603268,0.0,0.0,1.0,0.0,0.0,1.0,0.0,0,0,30.241934325762028,2.8473762707754147,33.089310596537445,1.7239085431337888,1.5028301468603786,3.2267386899941677,4454.151799999984,4371.011599999985,5684.125100000002,115.12650000000001,4,0,128.2816999999998,12457.269699999999,307.8324,1.0,1.0,0.0,0.0,0.0,0.0,0.5,0.25,910.1644999999994,1894.1728000000007,7424.3631,73,1708.4499,1924.1470000000002,2938.4233,1168.793299999998,0.0,0.0,0.0,0.0,0.0,0,10636.2009,0.0,0.0,0.0,0.0,2171.879499999998,0.0,0.015,5.663348217636027,6.4363514981273315,NaN,2.123142181069958,3.7744391995788282,2.719862055102116,1068.0,1066.0,534.0,2048.0,1274.0,204.0,193,0,0,1,40,21.0,2048.0,14280.537699999992,3096.1150000000002,14070.3205,720,48,0,128,0.10049080184002346,0.49107909789049553,0.15708774695109984,0,7136.2901,6037.129200000004,43,3,0.0,128,0,0,4164.7169,720,38718.1201023908,55814.36016195413,0.0,0,0,0,1.5,0,0.0,128,128,38718.1201023908,720,20480.0,0,0,0.0,0.0,0.0,0,0.0,0.0,NaN,5120.0,100.0,0.09991839254970111,0,0,0.0,0,0.0,5120.0,0,0.0,0,0,4,0.0,0.0,0.0,0.0,0.0,0.0,0.0,0.0,0,0,0,0,193,0.0,4,4,8731.1484,2048,480.0,480.0,0.0,8700.751325921829,4250.885437728557,4449.865888193271,0.0,0.0,495.29659999999996,8435.2871,0.5499011767493549,384,17096.240059563406,128,38718.1201023908,4,0.0,4,271.72,2,4232.130299999999,-21392.7886,31.383411642411605,0,4,534,534,SB1 best SuMSy + greedy quarter,debt,6,3.637978807091713e-11
14,512,4,4,44108.06100000003,0.0,37887.5274,0.0,40073.07119999998,,0.0,23991.4292,16081.64199999998,0.0,1311.3566000000017,63.23496849999985,0.00375,0.0,8286.066981284786,0.0,1.0,2926.283409519518,4478.372037523189,0.0,0.0,1.0,0.0,0.0,1.0,0.0,0,0,32.11199556610388,2.8233194331708646,34.935314999274745,3.0061252918740515,1.514299070375057,4.520424362249108,4433.566400000006,4542.209600000009,5575.481900000071,31.654200000000003,4,0,128.2816999999998,12457.269699999999,308.976,1.0,1.0,0.0,0.0,0.0,0.0,0.5,0.25,1093.2310999999995,2077.2394000000004,7424.3631,77,4033.8272,2008.9402999999998,5175.742700000001,1285.5172000000007,0.0,0.0,0.0,0.0,0.0,0,10181.5703,0.0,0.0,0.0,0.0,2178.722400000003,0.0,0.015,5.635615111940294,6.422242669172949,NaN,2.130829958677687,3.8508060614655846,2.6382661934490526,1064.0,1072.0,532.0,2046.6666666666665,1270.0,204.0,193,0,0,2,42,29.0,2048.0,16301.339999999997,3165.7739,14459.376799999998,720,48,0,128,0.15654097020839242,0.5006760124523344,0.16757082571051263,0,7212.292299999982,6041.379399999995,44,2,0.0,128,0,0,4997.827100000002,720,40513.24212685183,57794.42224074069,0.0,0,0,0,1.5,0,0.0,128,128,40513.24212685183,720,20480.0,0,0,0.0,0.0,0.0,0,0.0,0.0,NaN,5120.0,100.0,0.12230965747974533,0,0,0.0,0,0.0,5120.0,0,0.0,0,0,4,0.0,0.0,0.0,0.0,0.0,0.0,0.0,0.0,0,0,0,0,193,0.0,4,4,8937.637499999999,2048,480.0,480.0,0.0,8083.811137054494,3916.8434185272463,4166.967718527247,0.0,0.0,489.358,8687.5132,0.5576692973822792,384,17281.180113888888,128,40513.24212685183,4,0.0,4,271.72,2,3960.6250999999975,-23991.4292,31.847132716049366,0,4,532,532,SB1 best SuMSy + greedy quarter,debt,6,3.637978807091713e-11
15,512,4,4,43313.469499999956,0.0,37286.5747,0.0,41786.53689999998,,0.0,23781.1636,18005.37329999998,0.0,3149.660899999998,60.28384824999996,0.00375,0.0,8460.458571679392,0.0,1.0,2886.153161578426,4572.664672786262,0.0,0.0,1.0,0.0,0.0,1.0,0.0,0,0,33.601393279035975,2.8780219312549407,36.47941521029092,2.8305082205070544,1.5333296739950415,4.363837894502096,4500.707199999988,4576.073500000039,5500.115599999996,0.0,4,0,128.2816999999998,12457.269699999999,314.2784,1.0,1.0,0.0,0.0,0.0,0.0,0.5,0.25,1286.8698999999995,2270.878200000002,7424.3631,81,1426.6124,2221.2039000000004,2426.0208000000002,1352.9492000000016,0.0,0.0,0.0,0.0,0.0,0,9635.338,0.0,0.0,0.0,0.0,2142.2501999999977,0.0,0.015,5.627829162833486,6.443119294990711,NaN,2.1277238289205713,3.896121231653255,2.559118207645581,1078.0,1087.0,539.0,2045.3333333333333,1284.0000000000002,204.0,190,0,0,0,62,29.0,2048.0,15601.931700000008,3147.0251,14929.1747,720,48,0,128,0.12930750859413198,0.5067364270024053,0.17454229854479486,0,7282.486200000003,6117.4502999999995,58,2,0.0,128,0,0,4579.924899999998,720,41774.84147500001,59509.51343884297,0.0,7,0,0,1.5,0,0.0,128,128,41774.84147500001,720,20480.0,0,0,0.0,0.0,0.0,0,0.0,0.0,NaN,5120.0,100.0,0.14376827075800622,0,0,0.0,0,0.0,5120.0,0,0.0,0,0,4,0.0,0.0,0.0,0.0,0.0,0.0,0.0,0.0,0,0,0,0,190,0.0,4,4,9147.1995,2048,480.0,480.0,0.0,8207.625442014178,4019.095148133262,4188.530293880916,0.0,0.0,486.49889999999994,8929.0003,0.562324309247664,384,17734.671963842964,128,41774.84147500001,4,0.0,4,271.72,2,3608.0904,-23781.1636,31.962449380165303,0,4,539,539,SB1 best SuMSy + greedy quarter,debt,6,3.637978807091713e-11
16,512,4,4,43813.83699999994,0.0,37977.1075,0.0,43506.92429999998,,0.0,24862.3835,18644.540799999977,0.0,2150.581099999998,67.49537712499995,0.00375,0.0,8639.897206243517,0.0,1.0,2872.478393143705,4645.252379162346,0.0,0.0,1.0,0.0,0.0,1.0,0.0,0,0,34.9216519879285,3.005586929226661,37.92723891715516,2.8260308135301426,1.7506142347392992,4.576645048269442,4475.322599999996,4604.07699999999,5371.361200000001,0.0,4,0,128.2816999999998,12457.269699999999,300.3894,1.0,1.0,0.0,0.0,0.0,0.0,0.5,0.25,1477.0351999999993,2461.043500000001,7424.3631,85,2789.4285,2289.0609999999992,3685.4671,1338.5229000000013,0.0,0.0,0.0,0.0,0.0,0,8996.23,0.0,0.0,0.0,0.0,2129.6130999999973,0.0,0.015,5.664651561021756,6.380371586715863,NaN,2.1179374493927114,3.964469030615531,2.4823446614162132,1084.0,1057.0,542.0,2048.0,1290.0,204.0,189,0,0,2,39,21.0,2048.0,16407.706599999994,3204.8636,15205.036800000002,720,48,0,128,0.13330469689640445,0.5090605480168047,0.18235509320811838,0,7365.977899999978,5987.536699999996,32,3,0.0,128,0,0,4928.733800000002,720,42749.05997194504,61379.55723075363,0.0,14,0,0,1.5,0,0.0,128,128,42749.05997194504,720,20480.0,0,0,0.0,0.0,0.0,0,0.0,0.0,NaN,5120.0,100.0,0.1566317909380569,0,0,0.0,0,0.0,5120.0,0,0.0,0,0,4,0.0,0.0,0.0,0.0,0.0,0.0,0.0,0.0,0,0,0,0,189,0.0,4,4,9411.5547,2048,480.0,480.0,0.0,8196.476764816132,3940.723139169719,4255.753625646414,0.0,0.0,504.5547,8998.3457,0.5637628627487723,384,18630.497258808555,128,42749.05997194504,4,0.0,4,271.72,2,3159.206499999999,-24862.3835,31.91585743380857,0,4,542,542,SB1 best SuMSy + greedy quarter,debt,6,3.637978807091713e-11
17,512,4,4,43079.38669999995,0.0,37435.8065,0.0,45196.68679999998,,0.0,24711.7696,20484.917199999978,0.0,2867.249800000002,69.89179012500011,0.00375,0.0,8758.484079270464,0.0,1.0,2941.465681318847,4695.01901118031,0.0,0.0,1.0,0.0,0.0,1.0,0.0,0,0,36.70441126936539,2.8883439103869026,39.59275517975229,2.843857835200099,1.6364836749551956,4.480341510155295,4427.986699999993,4681.8246000000045,5117.523300000022,0.0,4,0,128.2816999999998,12457.269699999999,319.5335,1.0,1.0,0.0,0.0,0.0,0.0,0.5,0.25,1670.1844999999998,2654.192799999999,7424.3631,89,1697.0661,2431.5164,2386.6028,1445.9310000000007,0.0,0.0,0.0,0.0,0.0,0,8262.1129,0.0,0.0,0.0,0.0,2193.728000000002,0.0,0.015,5.689751996285977,6.396196804511281,NaN,2.1133574380165263,4.065702209492014,2.407874321573727,1064.0,1077.0,532.0,2045.3333333333335,1270.0,204.0,194,0,0,1,42,30.0,2048.0,16086.746600000002,3191.8141,15538.713099999999,720,48,0,128,0.12783003582219843,0.5179624099972633,0.19135467440992815,0,7452.093000000025,6127.862899999996,32,0,0.0,128,0,0,4936.0751999999975,720,44212.737023886635,62930.49153522271,0.0,13,0,0,1.5,0,0.0,128,128,44212.737023886635,720,20480.0,0,0,0.0,0.0,0.0,0,0.0,0.0,NaN,5120.0,100.0,0.17815082918854375,0,0,0.0,0,0.0,5120.0,0,0.0,0,0,4,0.0,0.0,0.0,0.0,0.0,0.0,0.0,0.0,0,0,0,0,194,0.0,4,4,9483.1662,2048,480.0,480.0,0.0,7487.359167354059,3625.7769836770294,3861.582183677029,0.0,0.0,501.2285,9247.361,0.5704973917063361,384,18717.754511336047,128,44212.737023886635,4,0.0,4,398.0082000000002,2,2618.297500000002,-24711.7696,31.76906174089067,0,4,532,532,SB1 best SuMSy + greedy quarter,debt,6,3.637978807091713e-11
18,512,4,4,42077.926600000064,0.0,36624.321299999996,0.0,46895.23209999998,,0.0,24290.9715,22604.260599999976,0.0,3072.4408999999973,76.79227637500011,0.00375,0.0,8770.149900707898,0.0,1.0,2934.6207446023996,4663.393183805265,0.0,0.0,1.0,0.0,0.0,1.0,0.0,0,0,38.24694100177954,2.8952245615043037,41.14216556328385,2.5823211057806144,1.6749616983108426,4.257282804091457,4480.7693999999965,4601.995200000016,4996.29750000001,0.0,4,0,128.2816999999998,12457.269699999999,317.5966,1.0,1.0,0.0,0.0,0.0,0.0,0.5,0.25,1860.1594000000005,2844.1676999999963,7424.3631,93,1511.7352,2513.1953,2027.2634,1436.4539999999981,0.0,0.0,0.0,0.0,0.0,0,7431.543299999999,0.0,0.0,0.0,0.0,2183.5755,0.0,0.015,5.794303490566046,6.44536392523364,NaN,2.1214203285420923,4.1649307707756815,2.335638091926515,1070.0,1060.0,535.0,2046.6666666666667,1276.0,204.0,193,0,0,1,40,21.0,2048.0,15629.002699999988,3138.0593000000003,15879.3213,720,48,0,128,0.11208025934863741,0.5235054099022953,0.19997079912681404,0,7579.019399999997,6141.961700000009,34,0,0.0,128,0,0,4801.021199999999,720,45621.82002499998,64787.817608264406,0.0,12,0,0,1.5,0,0.0,128,128,45621.82002499998,720,20480.0,0,0,0.0,0.0,0.0,0,0.0,0.0,NaN,5120.0,100.0,0.19181184461357176,0,0,0.0,0,0.0,5120.0,0,0.0,0,0,4,0.0,0.0,0.0,0.0,0.0,0.0,0.0,0.0,0,0,0,0,193,0.0,4,4,9683.8109,2048,480.0,480.0,0.0,7691.358051726494,3695.519863855514,3995.8381878709797,0.0,0.0,515.6338000000001,9333.5697,0.5756278261528998,384,19165.99758326447,128,45621.82002499998,4,0.0,4,547.2240000000002,2,1977.7616000000005,-24290.9715,31.700361570247896,0,4,535,535,SB1 best SuMSy + greedy quarter,debt,6,3.637978807091713e-11
19,512,4,4,41443.35250000009,0.0,36175.1959,0.0,48708.1709,,0.0,24232.5332,24475.637699999996,0.0,2626.6072999999983,84.73904549999993,0.00375,0.0,8784.215042488031,0.0,1.0,2964.6432808384448,4640.109928325353,0.0,0.0,1.0,0.0,0.0,1.0,0.0,0,0,39.181619188377724,2.905594372987597,42.08721356136532,2.328504840565773,1.6356329862595418,3.9641378268253153,4598.852800000012,4552.662000000009,5042.488299999987,0.0,4,0,128.2816999999998,12457.269699999999,319.3236,1.0,1.0,0.0,0.0,0.0,0.0,0.5,0.25,2045.6081000000004,3029.6163999999953,7424.3631,97,1949.6818,2584.2558999999997,2393.3173,1357.925400000003,0.0,0.0,0.0,0.0,0.0,0,6506.1274,0.0,0.0,0.0,0.0,2199.796300000003,0.0,0.015,5.89137891737892,6.638692336448635,NaN,2.136749075975361,4.311753809368885,2.26556894916872,1070.0,1053.0,535.0,2046.6666666666667,1276.0,204.0,192,0,0,2,39,12.0,2048.0,15576.093499999988,3185.1829,16175.948699999999,720,48,0,128,0.11442446627272518,0.5281953871584086,0.20696969741442683,0,7760.827900000014,6203.622000000003,33,2,0.0,128,0,0,4871.276299999996,720,47256.023202823395,66991.80426652975,0.0,9,0,0,1.5,0,0.0,128,128,47256.023202823395,720,20480.0,0,0,0.0,0.0,0.0,0,0.0,0.0,NaN,5120.0,100.0,0.20466324796265395,0,0,0.0,0,0.0,5120.0,0,0.0,0,0,4,0.0,0.0,0.0,0.0,0.0,0.0,0.0,0.0,0,0,0,0,192,0.0,4,4,9962.485499999999,2048,480.0,480.0,0.0,7757.984901499989,3622.4177194429853,4135.567182057004,0.0,0.0,622.4200999999999,9398.6461,0.5807612193350526,384,19735.78106370635,128,47256.023202823395,4,0.0,4,725.7723000000001,2,1237.8531999999982,-24232.5332,31.821304928131383,0,4,535,535,SB1 best SuMSy + greedy quarter,debt,6,3.637978807091713e-11
20,512,4,4,39925.951100000086,0.0,34840.5291,0.0,50512.22969999998,,0.0,23235.3575,27276.872199999987,0.0,2801.2344999999996,91.75566887499984,0.00375,0.0,8815.19265090127,0.0,1.0,3057.8964014764024,4620.477767267514,0.0,0.0,1.0,0.0,0.0,1.0,0.0,0,0,41.1083246801013,2.7876278229576315,43.89595250305893,1.597867872709732,1.483720355814146,3.081588228523878,4680.182499999967,4749.150399999972,4973.520399999973,0.0,4,0,128.2816999999998,12457.269699999999,350.96770000000004,1.0,1.0,0.0,0.0,0.0,0.0,0.5,0.25,2228.3427,3212.350999999998,7424.3631,100,1161.6245,2679.0259,1402.4155999999998,1466.7882000000004,0.0,0.0,0.0,0.0,0.0,0,5488.128699999999,0.0,0.0,0.0,0.0,2280.2373999999977,0.0,0.015,6.094034733893554,6.816174999999961,NaN,2.1717491666666673,4.454553975510333,2.1976018806936577,1056.0,1071.0,528.0,2045.3333333333333,1262.0,204.0,196,0,0,1,41,19.0,2048.0,14472.894199999986,3290.2435,16674.684699999998,720,48,0,128,0.0896528604259319,0.539065219004234,0.2155382283768652,3,7944.712800000013,6526.711199999996,40,1,0.0,128,0,0,4134.304400000001,720,49299.70746237169,69072.75298788505,0.0,2,0,0,1.5,0,0.0,128,128,49299.70746237169,720,20480.0,0,0,0.0,0.0,0.0,0,0.0,0.0,NaN,5120.0,100.0,0.23125407067144188,0,0,0.0,0,0.0,5120.0,0,0.0,0,0,4,0.0,0.0,0.0,0.0,0.0,0.0,0.0,0.0,0,0,0,0,196,0.0,4,4,10222.4381,2048,480.0,480.0,0.0,7595.00706536024,3557.52953268012,4037.47753268012,0.0,0.0,487.7262,9742.490099999999,0.5929520298127338,384,19773.04552551335,128,49299.70746237169,4,0.0,4,916.0947999999999,2,402.6478999999972,-23235.3575,32.05123613963042,0,4,528,528,SB1 best SuMSy + greedy quarter,debt,6,3.637978807091713e-11
21,512,4,4,40147.308500000065,0.0,35238.01209999999,0.0,52195.726200000005,,0.0,23827.7231,28368.0031,0.0,2065.096599999998,102.25970887499982,0.00375,0.0,8859.58124648363,0.0,1.0,3126.6383591673502,4593.94351432242,0.0,0.0,1.0,0.0,0.0,1.0,0.0,0,0,42.555915824420154,2.674256710204671,45.23017253462482,2.920585102647105,1.3552621648097447,4.275847267456849,4757.556000000007,4973.52039999999,4757.556000000007,0.0,4,0,128.2816999999998,12457.269699999999,358.1422,1.0,1.0,0.0,0.0,0.0,0.0,0.5,0.25,2404.4683000000005,3388.476599999998,7424.3631,100,2951.8554,2730.498,2756.3402,1661.6107999999983,0.0,0.0,0.0,0.0,0.0,0,4378.9371,0.0,0.0,0.0,0.0,2322.2294000000015,0.0,0.015,6.3229165719696985,6.910175000000028,NaN,2.2201041666666677,4.638291377343346,2.1316738242728483,1056.0,1056.0,528.0,2046.6666666666667,1261.9999999999998,204.0,196,0,0,2,35,18.0,2048.0,15259.711399999997,3361.1801,17147.479900000002,720,48,0,128,0.15516293191085495,0.5509773861752016,0.22304405401584493,3,8203.531100000015,6676.999900000002,38,3,0.0,128,0,0,5203.1599000000015,720,51698.78132500002,71511.48429999995,0.0,0,0,0,1.5,0,0.0,128,128,51698.78132500002,720,20480.0,0,0,0.0,0.0,0.0,0,0.0,0.0,NaN,5120.0,100.0,0.24743162597656254,0,0,0.0,0,0.0,5120.0,0,0.0,0,0,4,0.0,0.0,0.0,0.0,0.0,0.0,0.0,0.0,0,0,0,0,196,0.0,4,4,10520.7023,2048,480.0,480.0,0.0,7840.238874416668,3653.747137208334,4186.491737208334,0.0,0.0,758.5497999999999,9987.9577,0.6066814612549085,384,19812.70297499999,128,51698.78132500002,4,0.0,4,1165.7519000000002,2,-530.3592999999992,-23827.7231,32.57623750000001,0,4,528,528,SB1 best SuMSy + greedy quarter,debt,6,3.637978807091713e-11
22,512,4,4,39446.63470000002,0.0,34716.9404,0.0,54188.583399999996,,0.0,23708.6016,30479.981799999994,0.0,3410.5704999999984,106.35245737499974,0.00375,0.0,8918.793629554364,0.0,1.0,3181.074115984528,4599.487219702909,0.0,0.0,1.0,0.0,0.0,1.0,0.0,0,0,43.90193941126517,2.5966966049939577,46.49863601625912,3.0874913147744687,1.2693637945706366,4.356855109345105,5058.562400000012,4757.5560000000005,5058.562400000012,0.0,4,0,128.2816999999998,12457.269699999999,373.3855,1.0,1.0,0.0,0.0,0.0,0.0,0.5,0.25,2584.0704000000005,3568.0786999999978,7424.3631,100,2078.4782999999998,2779.1521000000007,2078.4782999999998,1413.7351,0.0,0.0,0.0,0.0,0.0,0,3181.8927000000003,0.0,0.0,0.0,0.0,2346.4484999999972,0.0,0.015,6.590115879017017,7.299681086142333,NaN,2.280849382716047,4.843671418759799,2.0677236095446627,1068.0,1058.0,534.0,2045.3333333333335,1274.0,204.0,193,0,0,4,42,13.0,2048.0,15060.715999999995,3447.8675,17756.158499999998,720,48,0,128,0.17174303429220283,0.5607221666269548,0.22937089191574866,3,8533.880100000019,6972.3426000000045,44,6,0.0,128,0,0,5269.1774000000005,720,54337.74397500003,74324.82769999992,0.0,5,0,0,1.5,0,0.0,128,128,54337.74397500003,720,20480.0,0,0,0.0,0.0,0.0,0,0.0,0.0,NaN,5120.0,100.0,0.2721187744140625,0,0,0.0,0,0.0,5120.0,0,0.0,0,0,4,0.0,0.0,0.0,0.0,0.0,0.0,0.0,0.0,0,0,0,0,193,0.0,4,4,10929.198199999999,2048,480.0,480.0,0.0,8283.766798008128,3869.9187847681237,4413.848013240004,0.0,0.0,495.0822,10274.8278,0.6185919726910705,384,19987.083725000008,128,54337.74397500003,4,0.0,4,1414.1648,2,-1547.8016000000007,-23708.6016,33.30156250000002,0,4,534,534,SB1 best SuMSy + greedy quarter,debt,6,3.637978807091713e-11
23,512,4,4,38913.359399999994,0.0,34277.698800000006,0.0,56239.110000000015,,0.0,23648.0905,32591.019500000013,0.0,3446.925999999999,114.27217487499962,0.00375,0.0,9007.972595170877,0.0,1.0,3301.697103883578,4624.434171780585,0.0,0.0,1.0,0.0,0.0,1.0,0.0,0,0,45.07002027498111,2.5368228514713045,47.60684312645241,3.099198679708043,1.1662754247691407,4.265474104477184,5166.450299999981,5058.562400000001,5166.450299999981,0.0,4,0,128.2816999999998,12457.269699999999,390.8442,1.0,1.0,0.0,0.0,0.0,0.0,0.5,0.25,2678.1041,3744.493599999997,7424.3631,100,2330.1386999999995,2863.414,2246.9222999999997,1484.0114999999987,0.0,0.0,0.0,0.0,0.0,0,1977.6387,0.0,0.0,0.0,0.0,2431.798399999997,0.0,0.015,6.884811680911679,7.449455639097714,NaN,2.3766175619834713,5.057392437819087,2.005691901258323,1064.0,1053.0,532.0,2042.6666666666667,1270.0,204.0,193,0,0,1,31,12.0,2048.0,14791.912100000007,3671.0199000000002,18472.7887,720,48,0,128,0.185183350142766,0.5702549209878205,0.23585541585361192,4,8868.996700000009,7249.706699999998,32,6,0.0,128,0,0,5320.6026,720,57250.744952777764,77436.5444111111,0.0,5,0,0,1.5,0,0.0,128,128,57250.744952777764,720,20480.0,0,0,0.0,0.0,0.0,0,0.0,0.0,NaN,5120.0,100.0,0.3034559852430555,0,0,0.0,0,0.0,5120.0,0,0.0,0,0,4,0.0,0.0,0.0,0.0,0.0,0.0,0.0,0.0,0,0,0,0,193,0.0,4,4,11441.272,2048,480.0,480.0,0.0,8607.717196979254,3934.4908984896265,4673.226298489627,0.0,0.0,483.2314,10702.5366,0.6326065311095221,384,20185.799458333324,128,57250.744952777764,4,0.0,4,1521.1938,2,-2658.0218999999993,-23648.0905,34.212740740740706,0,4,532,532,SB1 best SuMSy + greedy quarter,debt,6,3.637978807091713e-11
24,512,4,4,38740.48449999994,0.0,33447.939,0.0,58470.2541,,0.0,23094.5818,35375.6723,0.0,4059.6371000000004,122.18879662499963,0.00375,0.0,9160.099621103222,0.0,1.0,3530.360899917733,4694.074039068814,0.0,0.0,1.0,0.0,0.0,1.0,0.0,0,0,46.35913579350576,2.4915914993812116,48.85072729288697,2.9910159241744396,1.151441920523813,4.142457844698252,5333.651899999988,5166.450299999999,5333.651899999988,0.0,4,0,128.2816999999998,12457.269699999999,401.72630000000004,1.0,1.0,0.0,0.0,0.0,0.0,0.5,0.25,2021.2192000000005,3918.213299999996,7424.3631,100,2707.067700000001,2879.9426000000008,1876.4631000000002,1539.6699000000012,0.0,384.98629999999963,0.0,0.0,0.0,0,1089.8424,0.0,0.0,0.0,0.0,2621.5626000000025,0.0,0.015,7.132858620689657,7.802060952380915,NaN,2.4653119496855354,5.2854906384397635,1.9455211442205729,1050.0,1044.0,525.0,2046.6666666666665,1256.0,204.0,197,0,0,2,29,5.0,2048.0,14838.998499999992,3966.9814,18844.6622,720,48,0,128,0.18563737746993536,0.5786868081925187,0.23156784236172934,5,9648.904699999965,7446.704400000001,34,7,0.0,128,0,0,5314.924499999999,720,60712.42245000002,81310.62169173568,0.0,2,0,0,1.5,0,0.0,128,128,60712.42245000002,720,20480.0,0,0,0.0,0.0,0.0,0,0.0,0.0,NaN,5120.0,100.0,0.3283083214020531,0,0,0.0,0,0.0,5120.0,0,0.0,0,0,4,0.0,0.0,0.0,0.0,0.0,0.0,0.0,0.0,0,0,0,0,197,0.0,4,4,11781.2411,2048,480.0,480.0,0.0,8595.207870832994,3952.095922531576,4643.111948301417,0.0,0.0,497.1884999999999,11030.4025,0.6703216983513209,384,20598.199241735536,128,60712.42245000002,4,0.0,4,2017.2154,2,-4202.703100000001,-23094.5818,35.64926342975207,0,4,525,525,SB1 best SuMSy + greedy quarter,debt,6,3.637978807091713e-11
25,512,4,4,39148.82859999999,0.0,33862.4913,0.0,60821.6952,,0.0,23787.7407,37033.95450000001,0.0,3210.5040999999983,132.63193787499964,0.00375,0.0,9339.411203111533,0.0,1.0,3634.3332610151992,4783.429543741022,0.0,0.0,1.0,0.0,0.0,1.0,0.0,0,0,47.41964390730557,2.423168378960111,49.84281228626568,3.1834012403566607,1.0865182929701322,4.269919533326793,5640.130999999975,5333.651899999997,5640.130999999975,0.0,4,0,128.2816999999998,12457.269699999999,429.13340000000005,1.0,1.0,0.0,0.0,0.0,0.0,0.5,0.25,2027.4274000000003,4087.831399999996,7424.3631,100,3378.0078,2969.6637000000005,3214.5978999999998,1531.0199000000023,0.0,0.0,0.0,0.0,0.0,0,238.4469,0.0,0.0,0.0,0.0,2692.7927999999974,0.0,0.015,7.468572243346008,8.237538709677397,NaN,2.5574106471816256,5.182639712643686,1.887155509893956,1054.0,1052.0,527.0,2045.3333333333333,1260.0000000000002,204.0,196,0,0,2,28,2.0,2048.0,14884.7899,4256.5962,19768.9956,720,48,0,128,0.20783271811950077,0.586016467556514,0.20668660336866096,9,9284.653099999983,7856.938000000001,37,12,0.0,128,0,0,5599.218399999998,720,63764.53070707549,84656.71055849068,0.0,8,0,0,1.5,0,0.0,128,128,63764.53070707549,720,20480.0,0,0,0.0,0.0,0.0,0,0.0,0.0,NaN,5120.0,100.0,0.36421782724056606,0,0,0.0,0,0.0,5120.0,0,0.0,0,0,4,0.0,0.0,0.0,0.0,0.0,0.0,0.0,0.0,0,0,0,0,196,0.0,4,4,12438.326000000001,2048,480.0,480.0,0.0,8919.84615691359,4065.6505097252148,4854.195647188377,0.0,0.0,504.8322,11587.265800000001,0.6916687584899557,384,20892.179851415083,128,63764.53070707549,4,0.0,4,2154.0876,2,-5047.8903999999975,-23787.7407,36.97967924528303,0,4,527,527,SB1 best SuMSy + greedy quarter,debt,6,3.637978807091713e-11
26,512,4,4,39163.532199999965,0.0,33274.5344,0.0,63302.28940000005,,0.0,23467.8067,39834.48270000005,0.0,4111.8848000000025,138.85167137499982,0.00375,0.0,9563.224256960035,0.0,1.0,3821.53562491352,4906.535437973356,0.0,0.0,1.0,0.0,0.0,1.0,0.0,0,0,47.88214574143006,2.3591563982300046,50.24130213966006,2.7537192264177914,1.0484763772090446,3.802195603626836,5667.881700000002,5640.130999999998,5667.881700000002,0.0,4,0,128.2816999999998,12457.269699999999,435.23810000000003,1.0,1.0,0.0,0.0,0.0,0.0,0.5,0.25,1424.7669000000008,4259.545499999993,7424.3631,100,3123.1071,3108.403499999999,2348.7325,1598.7508999999989,0.0,0.0,0.0,0.0,0.0,0,0.0,0.0,0.0,0.0,0.0,2835.6786000000034,0.0,0.015,7.66957561904762,8.262858396946578,NaN,2.6842968487394927,5.3750593589487,1.8305408445971376,1048.0,1050.0,524.0,2045.3333333333333,1254.0,204.0,198,0,0,3,29,2.0,2048.0,14321.879599999991,4634.418,20207.2346,720,48,0,128,0.1991626869861487,0.5938301488684354,0.20367598972758993,10,9651.018599999985,8053.054400000001,36,12,0.0,128,0,0,5257.934299999999,720,66868.71702280789,87928.28532254699,0.0,5,0,0,1.5,0,0.0,128,128,66868.71702280789,720,20480.0,0,0,0.0,0.0,0.0,0,0.0,0.0,NaN,5120.0,100.0,0.3948332340324895,0,0,0.0,0,0.0,5120.0,0,0.0,0,0,4,0.0,0.0,0.0,0.0,0.0,0.0,0.0,0.0,0,0,0,0,198,0.0,4,4,12807.1722,2048,480.0,480.0,0.0,8422.227045534133,3824.7676227670663,4597.459422767067,0.0,0.0,474.3255,12034.4804,0.713757009748283,384,21059.568299739018,128,66868.71702280789,4,0.0,4,2638.1879,2,-5888.997800000001,-23467.8067,38.36115970772438,0,4,524,524,SB1 best SuMSy + greedy quarter,debt,6,3.637978807091713e-11
27,512,4,4,41888.39160000003,0.0,35451.403500000015,0.0,65899.41750000005,,0.0,25916.7617,39982.65580000006,0.0,3297.8340000000007,149.3543628749998,0.00375,0.0,9823.67210956222,0.0,1.0,3927.9445719871746,5059.785131374813,0.0,0.0,1.0,0.0,0.0,1.0,0.0,0,0,49.01205970791776,2.3190703587847414,51.3311300667025,3.9342770438535126,1.03162059413207,4.965897637985583,5809.745899999999,5667.881699999953,5809.745899999999,0.0,4,0,128.2816999999998,12457.269699999999,436.7031,1.0,1.0,0.0,0.0,0.0,0.0,0.5,0.25,876.7766000000009,4428.450199999991,7424.3631,100,5891.0408,3166.1813999999995,5174.145799999999,1597.5356999999992,0.0,0.0,0.0,0.0,0.0,0,0.0,0.0,0.0,0.0,0.0,2915.559799999998,0.0,0.015,7.790890535372854,8.524254214559393,NaN,2.758536075949369,5.262084625371435,1.7756246192592227,1044.0,1046.0,522.0,2044.0,1250.0000000000002,204.0,198,0,0,2,15,2.0,2048.0,16380.084800000004,4916.1164,20592.1904,720,48,0,128,0.2566199407358998,0.6001195778085175,0.18206475032525793,14,9617.939499999993,8149.271500000005,26,13,0.0,128,0,0,6308.483700000006,720,70147.22135777309,91409.0276319328,0.0,11,0,0,1.5,0,0.0,128,128,70147.22135777309,720,20480.0,0,0,0.0,0.0,0.0,0,0.0,0.0,NaN,5120.0,100.0,0.4216003254661239,0,0,0.0,0,0.0,5120.0,0,0.0,0,0,4,0.0,0.0,0.0,0.0,0.0,0.0,0.0,0.0,0,0,0,0,198,0.0,4,4,13117.948799999998,2048,480.0,480.0,0.0,8469.624226971715,3936.1085353766075,4533.515691595108,0.0,0.0,476.784,12390.358,0.727547698953368,384,21261.80627415967,128,70147.22135777309,4,0.0,4,3216.102999999999,2,-6436.988100000006,-25916.7617,40.26445273109239,0,4,522,522,SB1 best SuMSy + greedy quarter,debt,6,3.637978807091713e-11
28,512,4,4,41978.65690000002,0.0,35278.57550000001,0.0,68587.97840000008,,0.0,26007.9938,42579.98460000008,0.0,4747.9099,149.91058962499983,0.00375,0.0,10103.010476288231,0.0,1.0,3989.8318600477505,5225.821742525487,0.0,0.0,1.0,0.0,0.0,1.0,0.0,0,0,50.05516891671726,2.2972541928601,52.35242310957736,3.2944639289440234,1.0282443552908793,4.322708284234902,5882.101200000012,5809.745900000027,5882.101200000012,0.0,4,0,128.2816999999998,12457.269699999999,457.0633,1.0,1.0,0.0,0.0,0.0,0.0,0.5,0.25,613.683300000001,4608.327999999995,7424.3631,100,2920.9335,2830.668199999999,2477.9624,1580.7904999999976,0.0,0.0,0.0,0.0,0.0,0,0.0,0.0,0.0,0.0,0.0,2961.432899999997,0.0,0.015,7.9224952157598585,8.513815209125495,NaN,2.8029437238493733,5.121916097511314,1.7223558806814463,1052.0,1066.0,526.0,2045.3333333333335,1258.0,204.0,196,0,0,4,37,9.0,2048.0,15611.065200000006,5213.902399999999,21153.689300000002,720,48,0,128,0.23020449943415744,0.6044697290590353,0.15779280849732213,10,9577.136199999997,8445.379900000009,40,14,0.0,128,0,0,5378.4954,720,72584.96879208868,94004.10260759508,0.0,13,0,0,1.5,0,0.0,128,128,72584.96879208868,720,20480.0,0,0,0.0,0.0,0.0,0,0.0,0.0,NaN,5120.0,100.0,0.45485968199911,0,0,0.0,0,0.0,5120.0,0,0.0,0,0,4,0.0,0.0,0.0,0.0,0.0,0.0,0.0,0.0,0,0,0,0,196,0.0,4,4,13469.441599999998,2048,480.0,480.0,0.0,8043.79045609508,3801.670356671296,4242.120099423784,0.0,0.0,485.185,12898.150099999999,0.734625881864865,384,21419.133815506335,128,72584.96879208868,4,0.0,4,3746.7665000000006,2,-6700.081400000003,-26007.9938,41.37804113924054,0,4,526,526,SB1 best SuMSy + greedy quarter,debt,6,3.637978807091713e-11
29,512,4,4,42925.14869999993,0.0,36092.74799999997,0.0,71381.05980000009,,0.0,27094.8106,44286.249200000086,0.0,4573.514400000001,159.65178487500037,0.00375,1.5872,10395.341719588903,0.0,1.0,4110.79065452154,5406.5900297259395,0.0,0.0,1.0,0.0,0.0,1.0,0.0,0,0,50.77808614696492,2.2804849465940094,53.05857109355893,3.7804772271137828,1.0330851003134225,4.8135623274272055,5926.516699999952,5882.101199999999,5926.516699999952,0.0,4,0,128.2816999999998,12457.269699999999,448.16560000000004,1.0,1.0,0.0,0.0,0.0,0.0,0.5,0.25,481.36400000000083,4787.510599999991,7424.3631,100,3722.7692,2776.2774000000004,3411.2673,1609.0126999999536,0.0,0.0,0.0,0.0,0.0,0,0.0,0.0,0.0,0.0,0.0,3065.0216999999943,0.0,0.015,7.881181932367152,8.63091698473277,NaN,2.837371428571426,5.086408720212894,1.670685204261003,1048.0,1035.0,524.0,2042.6666666666667,1254.0,204.0,198,0,0,2,19,3.0,2048.0,16609.866300000005,5503.799000000001,20809.8962,720,48,0,128,0.24496240962884408,0.6076932488158582,0.1431508971180524,12,9634.626300000013,8157.023300000003,33,16,0.0,128,0,0,6577.874400000003,720,74672.39557771968,96320.51395815899,0.0,2,0,0,1.5,0,0.0,128,128,74672.39557771968,720,20480.0,0,0,0.0,0.0,0.0,0,5.3472,3.737599999999976,NaN,5120.0,100.0,0.45778291702078977,0,0,0.0,0,0.0,5120.0,0,0.0,0,0,4,0.0,0.0,0.0,0.0,0.0,0.0,0.0,0.0,0,0,0,0,198,0.0,4,4,13518.2974,2048,480.0,480.0,0.0,7627.7010497038,3476.474223097767,4151.226826606034,5.3472,0.0,1139.5511000000001,12795.397799999999,0.7366245354622074,384,21648.118380439315,128,74672.39557771968,4,0.0,4,4805.876899999999,2,-6832.400700000002,-27093.2234,42.0441558577406,0,4,524,524,SB1 best SuMSy + greedy quarter,debt,6,3.637978807091713e-11
30,512,4,4,43721.73139999997,0.0,36827.32589999999,0.0,74199.59180000002,,0.0,28116.3182,46083.273600000015,0.0,4869.465300000003,166.05131625000033,0.00375,0.916,10690.520076207484,0.0,1.0,4115.33417107672,5590.163550804993,0.0,0.0,1.0,0.0,0.0,1.0,0.0,0,0,52.45085484629353,2.27745617839468,54.72831102468821,3.950951508831154,1.074498931924028,5.025450440755182,5916.075699999982,5926.5167000000065,5916.075699999982,0.0,4,0,128.2816999999998,12457.269699999999,457.0781,1.0,1.0,0.0,0.0,0.0,0.0,0.5,0.25,419.3592000000008,4970.84809999999,7424.3631,100,3643.5126000000005,2846.9299000000033,3398.1703,1597.6833999999974,0.0,0.0,0.0,0.0,0.0,0,0.0,0.0,0.0,0.0,0.0,3075.0206999999987,0.0,0.015,7.8639190657769245,8.573125714285709,NaN,2.855084696016773,5.024805903720105,1.6205646481331724,1050.0,1049.0,525.0,2045.3333333333335,1256.0,204.0,197,0,0,1,26,0.0,2048.0,16927.428999999986,5821.578300000001,20971.808100000002,720,48,0,128,0.24408681664497056,0.613313774948473,0.13476470178787214,4,9597.096899999975,8249.251099999994,36,15,0.0,128,0,0,6519.633499999998,720,76475.36590714287,97971.10904285722,0.0,8,0,0,1.5,0,0.0,128,128,76475.36590714287,720,20480.0,0,0,0.0,0.0,0.0,0,3.053,2.1368,NaN,5120.0,100.0,0.5073463874162946,0,0,0.0,0,0.0,5120.0,0,0.0,0,0,4,0.0,0.0,0.0,0.0,0.0,0.0,0.0,0.0,0,0,0,0,197,0.0,4,4,13141.9561,2048,480.0,480.0,0.0,7318.83251758108,3932.8764185929576,3385.956098988122,0.0,3.053,531.4428,13651.4303,0.742282933797122,384,21495.743135714278,128,76475.36590714287,4,0.0,4,5418.0371,2,-6894.405500000001,-28115.4022,42.56057142857139,0,4,525,525,SB1 best SuMSy + greedy quarter,debt,6,3.637978807091713e-11
31,512,4,4,43638.85889999995,0.0,36717.08920000002,0.0,77017.57759999999,,0.0,28301.169,48716.408599999995,0.0,5259.742300000003,172.78998487500027,0.00375,2.9604,10976.49691546687,0.0,1.0,4108.5506378759865,5759.460393644582,0.0,0.0,1.0,0.0,0.0,1.0,0.0,0,0,53.888693675661635,2.329432640700305,56.21812631636194,3.876222123327765,1.0890341570093636,4.965256280337129,5870.098099999973,5916.075700000013,5870.098099999973,0.0,4,0,128.2816999999998,12457.269699999999,458.03020000000004,1.0,1.0,0.0,0.0,0.0,0.0,0.5,0.25,391.9950000000009,5157.799499999991,7424.3631,100,2845.2491999999997,2928.1216999999997,2630.9336,1606.0004000000304,0.0,0.0,0.0,0.0,0.0,0,0.0,0.0,0.0,0.0,0.0,3070.5091999999954,0.0,0.015,7.86488483412322,8.428656249999964,NaN,2.853656458333337,4.987469558913796,1.5719477086891773,1056.0,1055.0,528.0,2046.6666666666665,1262.0,204.0,196,0,0,1,27,2.0,2048.0,16599.602800000004,6107.689600000001,20928.6061,720,48,0,128,0.2354975369312753,0.6157076848227419,0.13175864303022644,5,9584.859599999987,8297.453499999998,43,19,0.0,128,0,0,6308.065900000001,720,78203.14156462265,99872.55610754725,0.0,6,0,0,1.5,0,0.0,128,128,78203.14156462265,720,20480.0,0,0,0.0,0.0,0.0,0,9.8995,6.941999999999787,NaN,5120.0,100.0,0.5211933686799823,0,0,0.0,0,0.0,5120.0,0,0.0,0,0,4,0.0,0.0,0.0,0.0,0.0,0.0,0.0,0.0,0,0,0,0,196,0.0,4,4,13254.289400000001,2048,480.0,480.0,0.0,7073.667051443821,3794.82287572191,3278.8441757219107,4.2978,5.6017,556.3517999999999,13782.006300000001,0.744433748180487,384,21669.414542924518,128,78203.14156462265,4,0.0,4,6280.3663,2,-6921.769700000004,-28298.2086,42.82627044025159,0,4,528,528,SB1 best SuMSy + greedy quarter,debt,6,3.637978807091713e-11
32,512,4,4,43730.38759999999,0.0,36794.252899999985,0.0,79885.01889999998,,0.0,28678.2557,51206.76319999998,0.0,5291.589100000006,182.66298337500007,0.00375,3.07,11249.969851094216,0.0,1.0,4151.788143985781,5929.916950729481,0.0,0.0,1.0,0.0,0.0,1.0,0.0,0,0,55.111610313309285,2.4195350289717807,57.531145342281064,3.7895128767341637,1.0933535813126285,4.8828664580467915,5893.218999999993,5870.098100000026,5893.218999999993,0.0,4,0,128.2816999999998,12457.269699999999,452.4576,1.0,1.0,0.0,0.0,0.0,0.0,0.5,0.25,377.6300000000009,5344.058499999995,7424.3631,100,3058.1131000000005,2966.5844,2857.4891000000002,1608.6545999999898,0.0,0.0,0.0,0.0,0.0,0,0.0,0.0,0.0,0.0,0.0,3113.627600000003,0.0,0.015,7.820615450236975,8.56124751908396,NaN,2.8555964285714337,4.979256617308008,1.524789277428502,1048.0,1055.0,524.0,2046.6666666666665,1254.0,204.0,198,0,0,1,26,7.0,2048.0,16701.57260000001,6372.4072,20653.3378,720,48,0,128,0.23984807628141436,0.6152432490413866,0.12990722371736907,4,9576.39599999999,8250.749300000009,42,17,0.0,128,0,0,6829.660700000001,720,79886.36415625004,102042.10817499996,0.0,2,0,0,1.5,0,0.0,128,128,79886.36415625004,720,20480.0,0,0,0.0,0.0,0.0,0,10.2207,7.146799999999975,NaN,5120.0,100.0,0.5010088928222657,0,0,0.0,0,0.0,5120.0,0,0.0,0,0,4,0.0,0.0,0.0,0.0,0.0,0.0,0.0,0.0,0,0,0,0,198,0.0,4,4,13803.236,2048,480.0,480.0,0.0,6482.645684918711,2947.859792459355,3534.7858924593556,4.7657,5.455,659.357,13222.509000000002,0.7439771956721632,384,22155.744018750003,128,79886.36415625004,4,0.0,4,7389.435699999999,2,-6936.134700000002,-28675.1857,42.80484687500005,0,4,524,524,SB1 best SuMSy + greedy quarter,debt,6,3.637978807091713e-11
33,512,4,4,43613.87979999999,0.0,36670.75880000001,0.0,82752.57839999997,,0.0,28852.6444,53899.933999999965,0.0,4758.267400000001,192.0019355000002,0.00375,2.9696,11499.86075450993,0.0,1.0,4126.201972830207,6102.18213633995,0.0,0.0,1.0,0.0,0.0,1.0,0.0,0,0,56.62615560282271,2.503806615247822,59.12996221807053,3.4683330477252827,1.1012895109738334,4.569622558699116,5834.337800000023,5893.218999999995,5834.337800000023,0.0,4,0,128.2816999999998,12457.269699999999,446.84349999999995,1.0,1.0,0.0,0.0,0.0,0.0,0.5,0.25,370.6437000000009,5530.513599999995,7424.3631,100,2898.2473,3014.755099999999,2704.8059,1593.9574000000714,0.0,0.0,0.0,0.0,0.0,0,0.0,0.0,0.0,0.0,0.0,3093.8790000000035,0.0,0.015,7.796767300380229,8.448664952380977,NaN,2.856162264150944,4.944014813772252,1.4790455991056466,1050.0,1052.0,525.0,2046.6666666666667,1256.0,204.0,197,0,0,0,32,2.0,2048.0,16071.434300000003,6672.5005,20866.9754,720,48,0,128,0.2227255972131288,0.6160153492333114,0.12946101296318568,3,9530.143599999992,8202.199200000001,42,13,0.0,128,0,0,6236.704599999999,720,81519.73793214292,104045.10314285719,0.0,5,0,0,1.5,0,0.0,128,128,81519.73793214292,720,20480.0,0,0,0.0,0.0,0.0,0,9.9268,6.963200000000039,NaN,5120.0,100.0,0.5168123346819198,0,0,0.0,0,0.0,5120.0,0,0.0,0,0,4,0.0,0.0,0.0,0.0,0.0,0.0,0.0,0.0,0,0,0,0,197,0.0,4,4,14140.6442,2048,480.0,480.0,0.0,6216.046398464206,2813.847353198879,3402.199045265327,9.9268,0.0,604.9973999999999,13398.831699999999,0.7434036554175385,384,22525.365210714295,128,81519.73793214292,4,0.0,4,7959.780900000001,2,-6943.121000000003,-28849.6748,42.83394642857151,0,4,525,525,SB1 best SuMSy + greedy quarter,debt,6,3.637978807091713e-11
34,512,4,4,44855.57290000004,0.0,37908.1981,0.0,85631.2122,,0.0,30388.9187,55242.2935,0.0,4752.930000000002,202.10082862500022,0.00375,2.9064,11733.810138586556,0.0,1.0,4116.871652291029,6243.9340173910305,0.0,0.0,1.0,0.0,0.0,1.0,0.0,0,0,58.051552883719964,2.466940852761483,60.518493736481446,4.498921384449204,1.1034932890375329,5.602414673486736,5878.906699999992,5834.337800000023,5878.906699999992,0.0,4,0,128.2816999999998,12457.269699999999,446.3945,1.0,1.0,0.0,0.0,0.0,0.0,0.5,0.25,366.38990000000086,5716.181999999997,7424.3631,100,4305.478499999999,3063.7854000000007,4115.556299999999,1584.5604000000421,0.0,0.0,0.0,0.0,0.0,0,0.0,0.0,0.0,0.0,0.0,3087.694499999999,0.0,0.015,7.795753978906995,8.519088212927752,NaN,2.840235774058582,4.932126457591566,1.4346742311324776,1052.0,1043.0,526.0,2048.0,1258.0,204.0,197,0,0,3,23,1.0,2048.0,17221.158900000013,6934.824999999999,20696.6826,720,48,0,128,0.26597059696638303,0.6212236940629263,0.12850892748308484,3,9515.6068,8130.971399999996,39,19,0.0,128,0,0,7464.336799999996,720,82960.7976316038,105269.2673679244,0.0,3,0,0,1.5,0,0.0,128,128,82960.7976316038,720,20480.0,0,0,0.0,0.0,0.0,0,9.6617,6.7299999999998095,NaN,5120.0,100.0,0.5524295808151533,0,0,0.0,0,0.0,5120.0,0,0.0,0,0,4,0.0,0.0,0.0,0.0,0.0,0.0,0.0,0.0,0,0,0,0,197,0.0,4,4,13650.071799999998,2048,480.0,480.0,0.0,5897.800964457702,3171.32633311185,2726.4746313458522,4.07,5.5917,777.6471,13981.4358,0.7490682076607154,384,22308.469736320756,128,82960.7976316038,4,0.0,4,8895.6447,2,-6947.3748,-30386.0123,42.84243396226416,0,4,526,526,SB1 best SuMSy + greedy quarter,debt,6,3.637978807091713e-11
35,512,4,4,45807.7958,0.0,38864.316500000015,0.0,88500.8986,,0.0,31644.1428,56856.7558,0.0,5061.388299999997,207.1345395000003,0.00375,0.512,11931.856076903912,0.0,1.0,4093.880857153016,6368.688559602602,0.0,0.0,1.0,0.0,0.0,1.0,0.0,0,0,59.081938501421035,2.525824039681092,61.60776254110213,5.356590004780017,1.1185913214671077,6.475181326247125,5846.811600000014,5878.906700000009,5846.811600000014,0.0,4,0,128.2816999999998,12457.269699999999,449.0412,1.0,1.0,0.0,0.0,0.0,0.0,0.5,0.25,370.28540000000083,5907.858800000003,7424.3631,100,4026.1043000000004,3073.8813999999998,3838.3230000000003,1580.9020999999857,0.0,0.0,0.0,0.0,0.0,0,0.0,0.0,0.0,0.0,0.0,3064.8424000000027,0.0,0.015,7.756163286384974,8.459853231939157,NaN,2.838338284518825,4.912050311512213,1.391634004198503,1052.0,1065.0,526.0,2044.0000000000002,1258.0,204.0,196,0,0,1,35,3.0,2048.0,17870.852899999983,7244.2937,20692.1372,720,48,0,128,0.2931493933197882,0.6218959376858495,0.12894473876734547,3,9470.513700000025,8260.313899999997,41,15,0.0,128,0,0,8228.877599999998,720,84249.28792949796,106784.92483849394,0.0,14,0,0,1.5,0,0.0,128,128,84249.28792949796,720,20480.0,0,0,0.0,0.0,0.0,0,1.7656,1.2287999999999892,NaN,5120.0,100.0,0.5662243397783735,0,0,0.0,0,0.0,5120.0,0,0.0,0,0,4,0.0,0.0,0.0,0.0,0.0,0.0,0.0,0.0,0,0,0,0,196,0.0,4,4,13813.3783,2048,480.0,480.0,0.0,5570.288742097767,3011.609896992567,2558.6788451052,1.7656,0.0,613.0509,14123.052599999999,0.7496841277497224,384,22535.63690899584,128,84249.28792949796,4,0.0,4,9782.182700000001,2,-6943.479299999999,-31643.630800000003,42.60353661087873,0,4,526,526,SB1 best SuMSy + greedy quarter,debt,6,3.637978807091713e-11
36,512,4,4,46486.322799999994,0.0,39212.10879999999,0.0,91262.80480000003,,0.0,32289.6905,58973.11430000003,0.0,6175.995600000008,213.18770862500045,0.00375,11.7584,12041.752850158784,0.0,1.0,3969.9479929372137,6433.950291772515,0.0,0.0,1.0,0.0,0.0,1.0,0.0,0,0,60.580558246379205,2.708746805553655,63.28930505193286,5.107535384268117,1.1482598867025111,6.255795270970629,6052.582799999987,5846.8116000000655,6052.582799999987,0.0,4,0,128.2816999999998,12457.269699999999,455.0439,1.0,1.0,0.0,0.0,0.0,0.0,0.5,0.25,39.550700000000944,6104.135100000014,7424.3631,100,3877.593400000004,3199.0663999999997,3350.5824,1590.717700000028,0.0,337.2825,0.0,0.0,0.0,0,0.0,0.0,0.0,0.0,0.0,2946.1291999999994,0.0,0.015,7.748048402255638,8.549084288354862,NaN,2.8287087221095297,4.893034022103623,1.3498849840725475,1082.0,1064.0,541.0,2046.6666666666667,1288.0,204.0,189,0,0,2,37,4.0,2048.0,17787.395299999993,7443.1388,21244.0303,720,48,0,128,0.2805770414424973,0.6169070779595711,0.1307490279711725,3,9825.679400000028,8243.923499999999,42,21,0.0,128,0,0,7933.079599999999,720,86046.48029341004,109687.85085523002,0.0,20,0,0,1.5,0,0.0,128,128,86046.48029341004,720,20480.0,0,0,0.0,0.0,0.0,0,39.2473,27.504000000000044,NaN,5120.0,100.0,0.56150382238412,0,0,0.0,0,0.0,5120.0,0,0.0,0,0,4,0.0,0.0,0.0,0.0,0.0,0.0,0.0,0.0,0,0,0,0,189,0.0,4,4,14806.743,2048,480.0,480.0,0.0,5947.522326456179,2585.794328573234,3361.7279978829447,24.4587,14.7886,543.8269,13880.426099999999,0.7470847836141525,384,23641.3705618201,128,86046.48029341004,4,0.0,4,10035.4683,2,-7274.214000000004,-32277.9321,42.57507426778238,0,4,541,541,SB1 best SuMSy + greedy quarter,debt,6,3.637978807091713e-11
37,512,4,4,45860.04129999998,0.0,38761.61829999998,0.0,94123.96610000006,,0.0,32140.3933,61983.57280000007,0.0,6220.962599999999,221.12365462500026,0.00375,1.024,12151.990215398768,0.0,1.0,4075.2827219751357,6506.439743599173,0.0,0.0,1.0,0.0,0.0,1.0,0.0,0,0,61.53393573791096,2.6930080239061245,64.22694376181708,4.705299495119398,1.126906800018267,5.832206295137665,5847.270800000014,6052.582800000034,5847.270800000014,0.0,4,0,128.2816999999998,12457.269699999999,456.6148,1.0,1.0,0.0,0.0,0.0,0.0,0.5,0.25,215.34170000000086,6301.982800000019,7424.3631,100,2602.4135,3228.695,2580.3568,1585.9829999999752,0.0,0.0,0.0,0.0,0.0,0,0.0001,0.0,0.0,0.0,0.0,3052.537299999998,4.0182,0.015,7.7563974695407705,8.43675958254269,NaN,2.8347613778705627,4.752574435791863,1.3093884345503712,1054.0,1067.0,527.0,2045.3333333333333,1259.9999999999998,204.0,196,0,0,2,37,5.0,2048.0,17073.926099999997,7882.332899999999,20902.7582,720,48,0,128,0.26238595742075366,0.6196923172126505,0.11497594261367405,3,9292.700500000015,8276.076100000002,34,12,0.0,128,0,0,7296.877499999994,720,87149.97323377278,110718.7660387423,0.0,22,0,0,1.5,0,0.0,128,128,87149.97323377278,720,20480.0,0,0,0.0,0.0,0.0,0,3.3722,2.355199999999986,NaN,5120.0,100.0,0.5834869990214566,0,0,0.0,0,0.0,5120.0,0,0.0,0,0,4,0.0,0.0,0.0,0.0,0.0,0.0,0.0,0.0,0,0,0,0,196,0.0,4,4,14597.616300000002,2048,480.0,480.0,0.0,4705.315876494297,2194.5043043583764,2510.811572135921,3.3722,0.0,498.6363999999999,14187.4748,0.7481600861477853,384,23568.792804969577,128,87149.97323377278,4,0.0,4,11140.219000000001,2,-7099.132199999998,-32139.3693,42.430630831642944,0,4,527,527,SB1 best SuMSy + greedy quarter,debt,6,3.637978807091713e-11
38,512,4,4,46609.92300000006,0.0,39590.59540000002,0.0,96952.84600000006,,0.0,33270.7205,63682.12550000006,0.0,5810.437499999998,232.41306587500023,0.00375,7.7208,12198.675333027068,0.0,1.0,4008.276095426721,6536.957572018036,0.0,0.0,1.0,0.0,0.0,1.0,0.0,0,0,62.571983987602536,2.667949272066865,65.2399332596694,4.992606344344423,1.1313326477574195,6.123938992101842,5983.589499999962,5847.270799999976,5983.589499999962,0.0,4,0,128.2816999999998,12457.269699999999,453.8065,1.0,1.0,0.0,0.0,0.0,0.0,0.5,0.25,294.4371000000009,6497.3704000000225,7424.3631,100,4020.2801999999997,3270.3985,3903.9880000000003,1579.2307000000337,0.0,0.0,0.0,0.0,0.0,0,0.0,0.0,0.0,0.0,0.0,2984.4279999999962,0.0,0.015,7.744695643939396,8.52089496268654,NaN,2.836421721311471,4.82718534114194,1.27010678151386,1072.0,1056.0,536.0,2045.3333333333335,1278.0,204.0,192,0,0,0,30,1.0,2048.0,17606.25649999998,8110.2301,20885.7156,720,48,0,128,0.2781100155473315,0.623478006530426,0.12348532954069813,4,9408.769200000032,8178.398600000002,36,14,0.0,128,0,0,7839.2680999999975,720,88564.58975501046,112014.89477703563,0.0,14,0,0,1.5,0,0.0,128,128,88564.58975501046,720,20480.0,0,0,0.0,0.0,0.0,0,25.677500000000002,17.946399999999993,NaN,5120.0,100.0,0.618409106251631,0,0,0.0,0,0.0,5120.0,0,0.0,0,0,4,0.0,0.0,0.0,0.0,0.0,0.0,0.0,0.0,0,0,0,0,192,0.0,4,4,14242.0785,2048,480.0,480.0,0.0,4644.047639110163,2583.1960695550815,2060.8515695550814,13.4246,12.2529,551.9329,14753.8672,0.7506806209473753,384,23450.30502202506,128,88564.58975501046,4,0.0,4,11941.664499999999,2,-7020.0014999999985,-33262.9997,42.52142066805844,0,4,536,536,SB1 best SuMSy + greedy quarter,debt,6,3.637978807091713e-11
39,512,4,4,46055.07630000002,0.0,39083.25679999999,0.0,99790.76700000008,,0.0,33063.7589,66727.00810000008,0.0,6342.716600000004,238.78137912499992,0.00375,14.462,12224.93538276808,0.0,1.0,4032.9847709512233,6551.431363512042,0.0,0.0,1.0,0.0,0.0,1.0,0.0,0,0,63.8461786988019,2.785514740740154,66.63169343954205,4.227360771063995,1.0921364886044758,5.31949725966847,5939.649699999995,5983.589499999961,5939.649699999995,0.0,4,0,128.2816999999998,12457.269699999999,461.9314,1.0,1.0,0.0,0.0,0.0,0.0,0.5,0.25,341.94520000000097,6696.700200000028,7424.3631,100,2839.1070999999997,3393.9538000000002,2687.2853999999998,1606.9658000000395,0.0,0.0,0.0,0.0,0.0,0,0.0,0.0,0.0,0.0,0.0,3010.6838999999945,0.0,0.015,7.7414415041782805,8.504560338345884,NaN,2.8434469008264416,4.844989074803167,1.2320035780684442,1064.0,1077.0,532.0,2048.0,1270.0,204.0,194,0,0,1,47,5.0,2048.0,16498.5279,8469.6165,21072.4699,720,48,0,128,0.2499864556689666,0.6210729689064614,0.1274196661527187,6,9410.642400000068,8337.532500000008,50,16,0.0,128,0,0,6877.818300000001,720,90247.0785450819,114395.12680983597,0.0,16,0,0,1.5,0,0.0,128,128,90247.0785450819,720,20480.0,0,0,0.0,0.0,0.0,0,48.2145,33.72800000000027,NaN,5120.0,100.0,0.6075590781089908,0,0,0.0,0,0.0,5120.0,0,0.0,0,0,4,0.0,0.0,0.0,0.0,0.0,0.0,0.0,0.0,0,0,0,0,194,0.0,4,4,15157.658899999999,2048,480.0,480.0,0.0,4426.5206129032085,1869.341335837822,2557.179277065386,28.85,19.3645,525.9326000000001,14384.427500000002,0.7463628206655459,384,24148.048264754085,128,90247.0785450819,4,0.0,4,12586.4044,2,-6972.457900000001,-33049.2969,42.54632581967206,0,4,532,532,SB1 best SuMSy + greedy quarter,debt,6,3.637978807091713e-11
40,512,4,4,47980.657799999986,0.0,41029.86869999998,0.0,102628.06960000002,,0.0,35302.3957,67325.67390000002,0.0,5346.575699999997,250.19939437499974,0.00375,9.2524,12235.240549004957,0.0,1.0,4031.0525249952548,6558.096741003292,0.0,0.0,1.0,0.0,0.0,1.0,0.0,0,0,65.02187601783544,2.775063416280539,67.79693943411597,5.2573434346432775,1.1001338141004853,6.357477248743763,5938.542100000025,5939.649699999982,5938.542100000025,0.0,4,0,128.2816999999998,12457.269699999999,454.4797,1.0,1.0,0.0,0.0,0.0,0.0,0.5,0.25,362.97560000000107,6893.29920000003,7424.3631,100,5353.6873000000005,3428.1058000000003,5178.1187,1604.0857000000085,0.0,0.0,0.0,0.0,0.0,0,0.0,0.0,0.0,0.0,0.0,3009.181099999995,0.0,0.015,7.743068750000005,8.498565666041282,NaN,2.834389896907216,4.862337640370713,1.195043470726391,1066.0,1056.0,533.0,2046.6666666666665,1272.0,204.0,194,0,0,2,30,3.0,2048.0,18029.4823,8789.2927,21152.630400000002,720,48,0,128,0.29211481984834453,0.6244751847618517,0.1283294030899671,5,9434.818500000054,8176.680600000005,37,17,0.0,128,0,0,7910.7828999999965,720,91677.48792499998,115734.9185132231,0.0,16,0,0,1.5,0,0.0,128,128,91677.48792499998,720,20480.0,0,0,0.0,0.0,0.0,0,30.8487,21.588400000000398,NaN,5120.0,100.0,0.6522721769676523,0,0,0.0,0,0.0,5120.0,0,0.0,0,0,4,0.0,0.0,0.0,0.0,0.0,0.0,0.0,0.0,0,0,0,0,194,0.0,4,4,14790.933799999999,2048,480.0,480.0,0.0,3975.4615049641347,2198.8091805652352,1776.6523243988995,15.3677,15.481,525.2058000000001,15150.9893,0.7490392899647875,384,24057.430588223127,128,91677.48792499998,4,0.0,4,13233.2648,2,-6951.391999999996,-35293.1433,42.65170351239662,0,4,533,533,SB1 best SuMSy + greedy quarter,debt,6,3.637978807091713e-11
41,512,4,4,48929.724799999974,0.0,41999.07470000004,0.0,105423.28229999995,,0.0,36568.7041,68854.57819999995,0.0,6102.418700000001,252.4454213749999,0.00375,32.744,12198.920281597497,0.0,1.0,3965.509584891696,6524.906412731647,0.0,0.0,1.0,0.0,0.0,1.0,0.0,0,0,66.03007560781232,2.94271702851903,68.97279263633136,5.060071356354266,1.0997680230806037,6.15983937943487,6032.214800000008,5938.542100000024,6032.214800000008,0.0,4,0,128.2816999999998,12457.269699999999,464.7504,1.0,1.0,0.0,0.0,0.0,0.0,0.5,0.25,383.11460000000113,7099.520800000032,7424.3631,100,4587.6191,3638.5521000000003,4401.5365,1622.7681000000039,0.0,0.0,0.0,0.0,0.0,0,0.0,0.0,0.0,0.0,0.0,2943.4199000000003,0.0,0.015,7.7081520930232585,8.518513333333328,NaN,2.8377518292682913,4.869157445567669,1.1591921666045992,1080.0,1075.0,540.0,2045.3333333333333,1286.0,204.0,190,0,0,3,44,4.0,2048.0,17840.765200000016,9069.6547,21986.5609,720,48,0,128,0.28152521678974995,0.6200441913401655,0.12989391384717197,6,9452.64640000003,8286.263500000003,36,14,0.0,128,0,0,7256.0127,720,93274.40710231959,118307.26334948456,0.0,31,0,0,1.5,0,0.0,128,128,93274.40710231959,720,20480.0,0,0,0.0,0.0,0.0,0,109.0994,76.36919999999932,NaN,5120.0,100.0,0.6606978058050096,0,0,0.0,0,0.0,5120.0,0,0.0,0,0,4,0.0,0.0,0.0,0.0,0.0,0.0,0.0,0.0,0,0,0,0,190,0.0,4,4,15876.043300000001,2048,480.0,480.0,0.0,4039.0263494871015,1722.3991051951216,2316.62724429198,60.1973,48.9021,536.6164,15180.172299999998,0.7417319164297345,384,25032.85624716495,128,93274.40710231959,4,0.0,4,13135.573,2,-6931.217499999999,-36535.960100000004,42.515848453608236,0,4,540,540,SB1 best SuMSy + greedy quarter,debt,6,3.637978807091713e-11
42,512,4,4,49300.413799999995,0.0,42384.51970000002,0.0,108219.45500000005,,0.0,37244.0337,70975.42130000005,0.0,6990.308399999996,258.17793599999993,0.00375,9.3924,12170.618302807323,0.0,1.0,4002.126255916021,6511.658451871535,0.0,0.0,1.0,0.0,0.0,1.0,0.0,0,0,67.35506238678207,2.9493536980703987,70.30441608485246,5.297311451586319,1.1229277698152924,6.420239221401611,5925.687700000008,6032.214799999989,5925.687700000008,0.0,4,0,128.2816999999998,12457.269699999999,439.9397,1.0,1.0,0.0,0.0,0.0,0.0,0.5,0.25,397.87060000000133,7310.428700000041,7424.3631,100,4086.4125,3715.723499999999,3890.2606,1623.649499999942,0.0,0.0,0.0,0.0,0.0,0,0.0,0.0,0.0,0.0,0.0,2984.6500999999967,0.0,0.015,7.734584471468666,8.54644293785312,NaN,2.8304293995859235,4.861002242070766,1.124416401606461,1062.0,1069.0,531.0,2044.0,1268.0,204.0,193,0,0,3,40,2.0,2048.0,18222.548399999985,9489.414299999999,21579.0587,720,48,0,128,0.2893908624364323,0.6231553619821608,0.13257242702258787,6,9385.871600000037,8268.270800000004,38,18,0.0,128,0,0,8070.401600000001,720,94571.65512073174,119473.04751463403,0.0,30,0,0,1.5,0,0.0,128,128,94571.65512073174,720,20480.0,0,0,0.0,0.0,0.0,0,31.3931,21.983600000000248,NaN,5120.0,100.0,0.6857660087176067,0,0,0.0,0,0.0,5120.0,0,0.0,0,0,4,0.0,0.0,0.0,0.0,0.0,0.0,0.0,0.0,0,0,0,0,193,0.0,4,4,15516.6492,2048,480.0,480.0,0.0,2817.747315595183,1463.5336421005945,1354.2136734945884,16.299,15.094100000000001,1179.3272,15551.8238,0.7454929018462844,384,24901.39239390245,128,94571.65512073174,4,0.0,4,14299.854299999999,2,-6916.426000000005,-37234.6413,42.56627743902437,0,4,531,531,SB1 best SuMSy + greedy quarter,debt,6,3.637978807091713e-11
43,512,4,4,49912.116400000035,0.0,43005.44369999999,0.0,111037.95139999993,,0.0,38151.4694,72886.48199999993,0.0,7170.803000000004,266.13143350000007,0.00375,13.2556,12130.155719640517,0.0,1.0,3946.7003052087703,6485.191729760334,0.0,0.0,1.0,0.0,0.0,1.0,0.0,0,0,68.2806836311583,2.9341093978228727,71.21479302898116,5.149880948694691,1.1289744227924372,6.278855371487128,6062.012900000004,5925.687700000018,6062.012900000004,0.0,4,0,128.2816999999998,12457.269699999999,459.707,1.0,1.0,0.0,0.0,0.0,0.0,0.5,0.25,407.0920000000015,7523.174700000041,7424.3631,100,4419.8506,3808.148000000003,4216.326,1584.4476000000013,0.0,0.0,0.0,0.0,0.0,0,0.0,0.0,0.0,0.0,0.0,2925.738899999999,0.0,0.015,7.674060984848489,8.5322187845304,NaN,2.8434464646464654,4.859918459933324,1.0906839095582672,1086.0,1056.0,543.0,2044.0000000000002,1292.0,204.0,189,0,0,1,28,2.0,2048.0,18377.82219999999,9776.138,21744.9006,720,48,0,128,0.2836339803176604,0.6255391701330497,0.13171203958776156,5,9459.28170000001,8103.808400000004,23,11,0.0,128,0,0,7991.251999999999,720,95955.79403649068,120898.36189937872,0.0,22,0,0,1.5,0,0.0,128,128,95955.79403649068,720,20480.0,0,0,0.0,0.0,0.0,0,44.1853,30.9296,NaN,5120.0,100.0,0.7258845744067838,0,0,0.0,0,0.0,5120.0,0,0.0,0,0,4,0.0,0.0,0.0,0.0,0.0,0.0,0.0,0.0,0,0,0,0,189,0.0,4,4,15285.4847,2048,480.0,480.0,0.0,3246.700311076641,1931.1987864097514,1315.5015246668895,0.0,44.1853,593.6358,16235.553899999999,0.7470283053193796,384,24942.5678628882,128,95955.79403649068,4,0.0,4,14773.9336,2,-6907.169099999996,-38138.213800000005,42.45644099378885,0,4,543,543,SB1 best SuMSy + greedy quarter,debt,6,3.637978807091713e-11
44,512,4,4,50694.1172,0.0,43795.10430000001,0.0,113940.22409999999,,0.0,39227.7063,74712.51779999999,0.0,7117.6249,273.29856562500015,0.00375,36.4452,12108.115045412665,0.0,1.0,4063.625447074372,6459.437463608434,0.0,0.0,1.0,0.0,0.0,1.0,0.0,0,0,69.78879992121368,3.084706958968204,72.87350688018188,5.003404897294228,1.1267006640831179,6.130105561377345,5827.213500000002,6062.012900000003,5827.213500000002,0.0,4,0,128.2816999999998,12457.269699999999,453.64709999999997,1.0,1.0,0.0,0.0,0.0,0.0,0.5,0.25,414.7518000000013,7738.969400000049,7424.3631,100,4691.629500000001,3909.6286999999998,4483.4946,1648.6219999999848,0.0,0.0,0.0,0.0,0.0,0,0.0,0.0,0.0,0.0,0.0,3050.646000000003,0.0,0.015,7.663498618784532,8.501409369024861,NaN,2.825717894736844,4.84109516773163,1.0579633922715193,1046.0,1086.0,523.0,2046.6666666666667,1252.0,204.0,198,0,0,1,55,2.0,2048.0,18294.505900000007,10289.3245,22073.8416,720,48,0,128,0.2830347277473986,0.6219802247461352,0.13097838990776944,4,9343.4264,8322.559500000001,40,11,0.0,128,0,0,7837.454100000004,720,97736.041025,123565.20694545447,0.0,34,0,0,1.5,0,0.0,128,128,97736.041025,720,20480.0,0,0,0.0,0.0,0.0,0,121.4691,85.0224000000007,NaN,5120.0,100.0,0.7224122620738637,0,0,0.0,0,0.0,5120.0,0,0.0,0,0,4,0.0,0.0,0.0,0.0,0.0,0.0,0.0,0.0,0,0,0,0,198,0.0,4,4,16343.9045,2048,480.0,480.0,0.0,1828.8994920065402,975.8367307197141,853.0627612868261,82.07509999999999,39.394,611.3334000000001,16019.2616,0.7418003620572411,384,25829.165920454543,128,97736.041025,4,0.0,4,15199.545900000001,2,-6899.473799999997,-39191.261099999996,42.651696969696985,0,4,523,523,SB1 best SuMSy + greedy quarter,debt,6,3.637978807091713e-11
45,512,4,4,50752.53009999999,0.0,43861.27620000002,0.0,116741.26859999986,,0.0,39579.1477,77162.12089999986,0.0,7207.870500000002,280.14675824999995,0.00375,20.2416,12057.982880673759,0.0,1.0,3925.6733138745744,6432.1856121158335,0.0,0.0,1.0,0.0,0.0,1.0,0.0,0,0,70.73132056451679,3.069936300840026,73.80125686535682,5.204147407664532,1.122614786105305,6.326762193769837,6011.276799999998,5827.213500000005,6011.276799999998,0.0,4,0,128.2816999999998,12457.269699999999,449.2107,1.0,1.0,0.0,0.0,0.0,0.0,0.5,0.25,422.510800000001,7958.657400000056,7424.3631,100,4102.2814,4043.868500000001,3890.3523999999998,1584.736700000024,0.0,0.0,0.0,0.0,0.0,0,0.0,0.0,0.0,0.0,0.0,2914.094300000003,0.0,0.015,7.6189033240997235,8.492373800737997,NaN,2.8283991902833994,4.8224147165474776,1.0262244905033737,1084.0,1083.0,542.0,2046.6666666666665,1290.0,204.0,189,0,0,2,49,3.0,2048.0,18088.0646,10528.867999999999,22115.355900000002,720,48,0,128,0.28558420973214593,0.6247558689089567,0.13276626932285684,6,9389.518300000009,8251.2723,42,11,0.0,128,0,0,8077.088199999998,720,98962.97754868418,124687.94250526305,0.0,29,0,0,1.5,0,0.0,128,128,98962.97754868418,720,20480.0,0,0,0.0,0.0,0.0,0,67.4188,47.195999999999835,NaN,5120.0,100.0,0.753790412212171,0,0,0.0,0,0.0,5120.0,0,0.0,0,0,4,0.0,0.0,0.0,0.0,0.0,0.0,0.0,0.0,0,0,0,0,189,0.0,4,4,16116.4487,2048,480.0,480.0,0.0,2123.677127956766,1218.6576099709227,905.0195179858433,21.2802,46.1386,619.905,16527.7752,0.7447461889830911,384,25724.964956578926,128,98962.97754868418,4,0.0,4,16039.4063,2,-6891.679299999997,-39558.9061,42.38576842105266,0,4,542,542,SB1 best SuMSy + greedy quarter,debt,6,3.637978807091713e-11
46,512,4,4,51111.89750000002,0.0,44224.81759999998,0.0,119534.66809999975,,0.0,40227.8708,79306.79729999976,0.0,6897.6064,289.33242912499975,0.00375,32.6856,12008.26909479721,0.0,1.0,3918.016508784836,6391.582354864806,0.0,0.0,1.0,0.0,0.0,1.0,0.0,0,0,72.32364970828203,3.1642587319647273,75.48790844024677,4.717088876028459,1.132748070436433,5.849836946464893,5955.301400000031,6011.276800000022,5955.301400000031,0.0,4,0,128.2816999999998,12457.269699999999,455.8962,1.0,1.0,0.0,0.0,0.0,0.0,0.5,0.25,426.68480000000096,8178.633400000057,7424.3631,100,4437.313999999999,4077.9466000000025,4221.512,1624.3131999999705,0.0,0.0,0.0,0.0,0.0,0,0.0,0.0,0.0,0.0,0.0,2912.320400000001,0.0,0.015,7.6836649908592305,8.416672037037042,NaN,2.8305077235772327,4.814560216781623,0.9954377557882725,1080.0,1094.0,540.0,2045.3333333333333,1286.0,204.0,190,0,0,1,56,3.0,2048.0,17635.32700000002,10919.0522,22524.8327,720,48,0,128,0.2762360443162253,0.6253460878440031,0.13395674395435164,5,9358.83419999999,8405.929499999998,56,20,0.0,128,0,0,7817.3093,720,100542.59788218621,126522.82426356267,0.0,35,0,0,1.5,0,0.0,128,128,100542.59788218621,720,20480.0,0,0,0.0,0.0,0.0,0,109.0535,76.35200000000147,NaN,5120.0,100.0,0.7798704008057629,0,0,0.0,0,0.0,5120.0,0,0.0,0,0,4,0.0,0.0,0.0,0.0,0.0,0.0,0.0,0.0,0,0,0,0,190,0.0,4,4,16523.45,2048,480.0,480.0,0.0,1501.8888785666386,811.3605140336276,690.528364533011,39.1841,69.8694,737.9842000000001,16920.4349,0.7443291750933172,384,25980.226381376502,128,100542.59788218621,4,0.0,4,16478.040900000004,2,-6887.469799999995,-40195.1852,42.42598785425099,0,4,540,540,SB1 best SuMSy + greedy quarter,debt,6,3.637978807091713e-11
47,512,4,4,51615.407800000015,0.0,44732.17870000001,0.0,122341.86149999985,,0.0,41019.3087,81322.55279999984,0.0,7077.1438000000035,297.3746527499995,0.00375,24.704,11968.913088372974,0.0,1.0,3936.456831456071,6364.762392248644,0.0,0.0,1.0,0.0,0.0,1.0,0.0,0,0,73.02434550719477,3.1657425294685306,76.1900880366633,5.465839091182426,1.102963746031427,6.568802837213853,5941.029600000019,5955.301400000004,5941.029600000019,0.0,4,0,128.2816999999998,12457.269699999999,444.0997,1.0,1.0,0.0,0.0,0.0,0.0,0.5,0.25,430.5356000000012,8400.384800000047,7424.3631,100,4676.8747,4173.3643999999995,4458.9741,1619.8200000000506,0.0,0.0,0.0,0.0,0.0,0,0.0,0.0,0.0,0.0,0.0,2922.2130999999995,0.0,0.015,7.672224669187142,8.40474333333337,NaN,2.8374040650406482,4.840766468735168,0.9655746231146242,1080.0,1058.0,540.0,2046.6666666666667,1286.0,204.0,190,0,0,3,36,3.0,2048.0,18191.715500000002,11247.5974,22151.3909,720,48,0,128,0.30078622637020214,0.6265392037608739,0.13368001598356472,4,9400.25390000002,8117.213699999997,42,14,0.0,128,0,0,8429.552700000002,720,102242.53520975605,128488.52799512193,0.0,9,0,0,1.5,0,0.0,128,128,102242.53520975605,720,20480.0,0,0,0.0,0.0,0.0,0,82.40180000000001,57.67799999999884,NaN,5120.0,100.0,0.7735257754144436,0,0,0.0,0,0.0,5120.0,0,0.0,0,0,4,0.0,0.0,0.0,0.0,0.0,0.0,0.0,0.0,0,0,0,0,190,0.0,4,4,16749.743599999998,2048,480.0,480.0,0.0,1162.2542261779072,641.3302944872335,520.9239316906737,53.4724,28.9294,819.7775999999999,16649.2447,0.7453411226332352,384,26245.992785365826,128,102242.53520975605,4,0.0,4,17477.854100000004,2,-6883.5835000000025,-40994.6047,42.45761585365849,0,4,540,540,SB1 best SuMSy + greedy quarter,debt,6,3.637978807091713e-11
48,512,4,4,52521.70489999995,0.0,45324.3067,0.0,125196.66999999995,,0.0,41895.09,83301.57999999996,0.0,8155.022800000001,304.9343728749998,0.00375,7.6604,11965.62768573298,0.0,1.0,3956.8063823772427,6367.896023821988,0.0,0.0,1.0,0.0,0.0,1.0,0.0,0,0,74.45716056496731,3.137388381047699,77.59454894601501,6.523642891035335,1.118879142230885,7.64252203326622,5986.608100000002,5941.029599999993,5986.608100000002,0.0,4,0,128.2816999999998,12457.269699999999,452.7709,1.0,1.0,0.0,0.0,0.0,0.0,0.5,0.25,116.36650000000101,8624.64380000003,7424.3631,100,5046.407200000004,4140.110099999999,4507.9791000000005,1595.0052999999436,0.0,318.60229999999973,0.0,0.0,0.0,0,0.0,0.0,0.0,0.0,0.0,2944.068799999998,0.0,0.015,7.629378431372549,8.550900932835823,NaN,2.8366334016393426,4.839810607459078,0.9366073844211853,1072.0,1071.0,536.0,2044.0,1278.0,204.0,192,0,0,1,40,5.0,2048.0,19601.189599999998,11597.431900000001,21315.423,720,48,0,128,0.3332341718481082,0.6295130141883774,0.1344355162598596,2,9696.793999999987,8171.0643,36,12,0.0,128,0,0,9695.501199999995,720,103831.43816829266,130072.18426585362,0.0,22,0,0,1.5,0,0.0,128,128,103831.43816829266,720,20480.0,0,0,0.0,0.0,0.0,0,25.5883,17.942000000000263,NaN,5120.0,100.0,0.7770822443073552,0,0,0.0,0,0.0,5120.0,0,0.0,0,0,4,0.0,0.0,0.0,0.0,0.0,0.0,0.0,0.0,0,0,0,0,192,0.0,4,4,16333.7496,2048,480.0,480.0,0.0,962.703899174619,621.4600495873092,341.2438495873098,14.7316,10.8567,678.6467,16579.1053,0.7532099932492151,384,26240.746097560983,128,103831.43816829266,4,0.0,4,19086.792899999997,2,-7197.7171,-41887.429599999996,42.56106097560972,0,4,536,536,SB1 best SuMSy + greedy quarter,debt,6,3.637978807091713e-11
49,512,4,4,53227.25459999999,0.0,46196.57060000001,0.0,127982.57240000009,,0.0,43052.6014,84929.97100000009,0.0,7849.353600000001,312.3555915000002,0.00375,24.5248,11905.77173250771,0.0,1.0,3835.858909074054,6322.145880005139,0.0,0.0,1.0,0.0,0.0,1.0,0.0,0,0,75.72331466299828,3.355187912021571,79.07850257501985,6.162967815587988,1.120346323795298,7.283314139383287,6128.22120000005,5986.608099999994,6128.22120000005,0.0,4,0,128.2816999999998,12457.269699999999,472.9799,1.0,1.0,0.0,0.0,0.0,0.0,0.5,0.25,283.080700000001,8851.835800000023,7424.3631,100,4950.0926,4244.5429,4889.6148,1588.6795000000138,0.0,0.0,0.0,0.0,0.0,0,0.0,0.0,0.0,0.0,0.0,2828.784400000003,3.9747,0.015,7.693856209751597,8.515219272727288,NaN,2.826098007968127,4.695735645437342,0.90850916288855,1100.0,1087.0,550.0,2046.6666666666665,1306.0,204.0,185,0,0,2,49,4.0,2048.0,19029.52289999999,11913.1083,22260.0986,720,48,0,128,0.3214904784233481,0.6241819235200381,0.1232886806894482,1,9243.440099999993,8363.221699999986,32,12,0.0,128,0,0,9195.479700000004,720,105378.75969385241,132743.687162295,0.0,46,0,0,1.5,0,0.0,128,128,105378.75969385241,720,20480.0,0,0,0.0,0.0,0.0,0,81.7911,57.2927999999995,NaN,5120.0,100.0,0.7789581799116291,0,0,0.0,0,0.0,5120.0,0,0.0,0,0,4,0.0,0.0,0.0,0.0,0.0,0.0,0.0,0.0,0,0,0,0,185,0.0,4,4,17695.8982,2048,480.0,480.0,0.0,1323.6932011348035,483.8000395334916,839.8931616013119,81.7911,0.0,603.6546,16477.3087,0.7438036877945338,384,27364.927468442627,128,105378.75969385241,4,0.0,4,18970.982599999996,2,-7031.668899999997,-43028.0766,42.54950102459014,0,4,550,550,SB1 best SuMSy + greedy quarter,debt,6,3.637978807091713e-11
50,512,4,4,52640.398999999954,0.0,45691.102099999975,0.0,130837.04200000022,,0.0,42829.7225,88007.31950000022,0.0,8887.786000000006,318.46216174999984,0.00375,31.3636,11894.789266446674,0.0,1.0,3964.3462311825865,6306.608769297787,0.0,0.0,1.0,0.0,0.0,1.0,0.0,0,0,75.89161797675796,3.222099465088509,79.11371744184646,5.652494435318904,1.1118519996412688,6.764346434960173,5941.871799999993,6128.221199999992,5941.871799999993,0.0,4,0,128.2816999999998,12457.269699999999,477.4825,1.0,1.0,0.0,0.0,0.0,0.0,0.5,0.25,364.46780000000115,9083.341700000017,7424.3631,100,3735.9156,4322.771199999999,3585.7968,1650.461099999964,0.0,0.0,0.0,0.0,0.0,0,0.0,0.0,0.0,0.0,0.0,2948.7529000000013,0.0,0.015,7.741390156393758,8.41737164179103,NaN,2.8212743852459017,4.801295763970169,0.8812538880018934,1072.0,1087.0,536.0,2045.3333333333335,1278.0,204.0,192,0,0,2,49,3.0,2048.0,18483.31879999999,11965.6672,22160.0494,720,48,0,128,0.30609876732642016,0.6299763570908969,0.12753112931526966,3,9338.639999999992,8414.891100000015,39,19,0.0,128,0,0,8679.285399999997,720,106315.93443177294,133037.41596892418,0.0,46,0,0,1.5,0,0.0,128,128,106315.93443177294,720,20480.0,0,0,0.0,0.0,0.0,0,104.5227,73.18199999999834,NaN,5120.0,100.0,0.8308085245541273,0,0,0.0,0,0.0,5120.0,0,0.0,0,0,4,0.0,0.0,0.0,0.0,0.0,0.0,0.0,0.0,0,0,0,0,192,0.0,4,4,16723.2133,2048,480.0,480.0,0.0,153.28799177817564,88.56733444017846,64.72065733799718,15.8491,88.6736,589.9726,17402.5033,0.7462116786285962,384,26721.481537151405,128,106315.93443177294,4,427.2287999999994,4,19832.935299999997,2,-6950.211199999998,-42798.35890000001,42.391470119521905,0,4,536,536,SB1 best SuMSy + greedy quarter,debt,6,3.637978807091713e-11
51,512,4,4,53332.510899999936,0.0,46425.313000000024,0.0,133667.37070000023,,0.0,43845.0584,89822.31230000022,0.0,8157.709400000003,330.0023052499994,0.00375,34.6492,11868.7868500618,0.0,1.0,3928.975105411725,6284.916741707874,0.0,0.0,1.0,0.0,0.0,1.0,0.0,0,0,76.50643513411808,3.333398573199749,79.83983370731781,6.169293229964385,1.0962921799241252,7.26558540988851,6037.473800000032,5941.871799999987,6037.473800000032,0.0,4,0,128.2816999999998,12457.269699999999,459.54740000000004,1.0,1.0,0.0,0.0,0.0,0.0,0.5,0.25,406.56680000000125,9312.305900000014,7424.3631,100,5021.7257,4329.6138,4834.860500000001,1646.108400000005,0.0,0.0,0.0,0.0,0.0,0,0.0,0.0,0.0,0.0,0.0,2907.1138000000055,0.0,0.015,7.670064259597804,8.50630811808121,NaN,2.8366421052631607,4.850705090938468,0.8548162713618366,1084.0,1094.0,542.0,2045.3333333333335,1290.0000000000002,204.0,189,0,0,3,57,5.0,2048.0,19044.759199999997,12228.6764,22024.4261,720,48,0,128,0.3272330066563669,0.6272686973331432,0.13305599413180969,2,9417.016599999994,8391.050299999997,48,16,0.0,128,0,0,9310.043699999995,720,107942.51598032787,135471.56963934418,0.0,39,0,0,1.5,0,0.0,128,128,107942.51598032787,720,20480.0,0,0,0.0,0.0,0.0,0,115.4954,80.84760000000077,NaN,5120.0,100.0,0.7955915809906506,0,0,0.0,0,0.0,5120.0,0,0.0,0,0,4,0.0,0.0,0.0,0.0,0.0,0.0,0.0,0.0,0,0,0,0,189,0.0,4,4,17710.5989,2048,480.0,480.0,0.0,674.2065619586169,102.23684176031338,571.9697201983035,89.5986,25.8968,635.1587000000001,16542.5036,0.7428533609552892,384,27529.053659016394,128,107942.51598032787,4,441.97609999999986,4,20834.5827,2,-6908.041599999999,-43810.4092,42.31911577868853,0,4,542,542,SB1 best SuMSy + greedy quarter,debt,6,3.637978807091713e-11
52,512,4,4,53405.92550000006,0.0,46523.447499999995,0.0,136354.8701000002,,0.0,44227.5981,92127.2720000002,0.0,7651.5354,336.80850037500016,0.00375,19.4936,11805.07093578223,0.0,1.0,3776.1888678769724,6245.365823854825,0.0,0.0,1.0,0.0,0.0,1.0,0.0,0,0,78.33306119995935,3.388413579619764,81.72147477957911,5.443661348820382,1.1026063770095906,6.546267725829972,6172.00710000003,6037.473800000037,6172.00710000003,0.0,4,0,128.2816999999998,12457.269699999999,465.46259999999995,1.0,1.0,0.0,0.0,0.0,0.0,0.5,0.25,431.2867000000012,9544.939900000007,7424.3631,100,4516.8940999999995,4443.4794999999995,4308.9800000000005,1629.5918000000502,0.0,0.0,0.0,0.0,0.0,0,0.0,0.0,0.0,0.0,0.0,2763.7406999999985,0.0,0.015,7.692094005449597,8.44966039426528,NaN,2.845280980392158,4.826095372365288,0.8291717832209817,1116.0,1101.0,558.0,2044.0000000000002,1322.0000000000002,204.0,180,0,0,1,56,1.0,2048.0,18075.63409999997,12498.962,22811.8358,720,48,0,128,0.30016822675955623,0.628611337494041,0.1377901966600672,5,9420.25319999999,8468.995500000006,33,13,0.0,128,0,0,8349.068800000003,720,109367.74967631581,137036.0483947367,0.0,62,0,0,1.5,0,0.0,128,128,109367.74967631581,720,20480.0,0,0,0.0,0.0,0.0,0,65.043,45.53599999999916,NaN,5120.0,100.0,0.854396326069079,0,0,0.0,0,0.0,5120.0,0,0.0,0,0,4,0.0,0.0,0.0,0.0,0.0,0.0,0.0,0.0,0,0,0,0,180,0.0,4,4,17709.9986,2048,480.0,480.0,0.0,502.8618623909938,225.90569259763106,276.95616979336273,28.7365,36.3065,567.0505999999999,17600.7992,0.7426341722343373,384,27668.298718421047,128,109367.74967631581,4,441.97609999999986,4,20920.683399999998,2,-6883.2510999999995,-44208.1045,42.54963157894741,0,4,558,558,SB1 best SuMSy + greedy quarter,debt,6,3.637978807091713e-11
53,512,4,4,53681.83630000005,0.0,46812.2039,0.0,139168.9865000002,,0.0,44794.4889,94374.4976000002,0.0,8349.644300000007,345.45240637500035,0.00375,28.3136,11791.047605311229,0.0,1.0,3909.4162630076894,6229.079553540824,0.0,0.0,1.0,0.0,0.0,1.0,0.0,0,0,79.1815370294364,3.435579518368738,82.61711654780513,5.847672689302578,1.126375633054363,6.974048322356941,6061.888799999986,6172.007100000005,6061.888799999986,0.0,4,0,128.2816999999998,12457.269699999999,473.05359999999996,1.0,1.0,0.0,0.0,0.0,0.0,0.5,0.25,444.1323000000011,9778.02999999999,7424.3631,100,4792.4236,4516.512800000001,4572.1791,1670.7366999999913,0.0,0.0,0.0,0.0,0.0,0,0.0,0.0,0.0,0.0,0.0,2894.0637,0.0,0.015,7.7090388278388255,8.493081249999975,NaN,2.8299562500000017,4.860262654857809,0.8042966297243519,1088.0,1092.0,544.0,2046.6666666666667,1294.0,204.0,188,0,0,0,48,3.0,2048.0,18896.026499999985,12393.743,22363.753200000003,720,48,0,128,0.3188213800758417,0.6291219365008551,0.1343994507949866,1,9432.973900000028,8418.270399999998,35,11,0.0,128,0,0,8822.935399999998,720,110886.98560147057,138788.8093411765,0.0,43,0,0,1.5,0,0.0,128,128,110886.98560147057,720,20480.0,0,0,0.0,0.0,0.0,0,94.5173,66.20160000000027,NaN,5120.0,100.0,0.8260764478975184,0,0,0.0,0,0.0,5120.0,0,0.0,0,0,4,0.0,0.0,0.0,0.0,0.0,0.0,0.0,0.0,0,0,0,0,188,0.0,4,4,17880.2913,2048,480.0,480.0,0.0,278.88131327069595,63.22640385007662,215.65490942061933,94.5173,0.0,600.6508,16877.2049,0.742015394567189,384,27901.823739705855,128,110886.98560147057,4,995.7973999999999,4,22085.992299999998,2,-6870.334899999998,-44766.175299999995,42.679214705882366,0,4,544,544,SB1 best SuMSy + greedy quarter,debt,6,3.637978807091713e-11
54,512,4,4,54629.22629999997,0.0,47767.48080000003,0.0,141942.6701,,0.0,46033.2044,95909.4657,0.0,8525.2765,353.8799778750001,0.00375,55.9048,11753.615694710334,0.0,1.0,3852.3986135124374,6189.883221473554,0.0,0.0,1.0,0.0,0.0,1.0,0.0,0,0,79.86552837548157,3.482252151578673,83.34778052706025,6.007801050550859,1.1183707746231693,7.126171825174028,6110.160800000012,6061.888800000018,6110.160800000012,0.0,4,0,128.2816999999998,12457.269699999999,472.23600000000005,1.0,1.0,0.0,0.0,0.0,0.0,0.5,0.25,452.0192000000012,10012.593699999976,7424.3631,100,5558.743600000001,4611.3536,5332.0668000000005,1684.185400000025,0.0,0.0,0.0,0.0,0.0,0,0.0,0.0,0.0,0.0,0.0,2834.808200000001,0.0,0.015,7.721711222627733,8.42889710144926,NaN,2.8414275793650776,4.870196813186827,0.7801677308326215,1104.0,1096.0,552.0,2048.0,1310.0,204.0,184,0,0,3,58,5.0,2048.0,19047.8517,12611.749,22913.720800000003,720,48,0,128,0.32406062132644275,0.6284185041640018,0.1363284222281842,3,9475.043599999992,8462.995499999995,47,17,0.0,128,0,0,8642.489100000003,720,112297.21751250002,140605.90995000006,0.0,43,0,0,1.5,0,0.0,128,128,112297.21751250002,720,20480.0,0,0,0.0,0.0,0.0,0,186.3132,130.41000000000247,NaN,5120.0,100.0,0.8487509106445315,0,0,0.0,0,0.0,5120.0,0,0.0,0,0,4,0.0,0.0,0.0,0.0,0.0,0.0,0.0,0.0,0,0,0,0,184,0.0,4,4,18318.8682,2048,480.0,480.0,0.0,999.4870830556583,61.806453222268374,937.68062983339,106.28960000000001,80.0236,696.6595000000001,17206.6016,0.7400000062150325,384,28308.69243749999,128,112297.21751250002,4,1096.0427999999997,4,22265.867299999998,2,-6862.377399999998,-45977.299600000006,42.449343750000025,0,4,552,552,SB1 best SuMSy + greedy quarter,debt,6,3.637978807091713e-11
55,512,4,4,54508.81659999999,0.0,47655.7593,0.0,144732.62379999994,,0.0,46204.4301,98528.19369999996,0.0,9789.531000000003,359.6358117499997,0.00375,26.6588,11742.16885313879,0.0,1.0,3900.912938922602,6184.743052092525,0.0,0.0,1.0,0.0,0.0,1.0,0.0,0,0,80.7361108334634,3.3755416801433857,84.11165251360678,6.389344551611225,1.118393389150195,7.5077379407614195,6083.53989999999,6110.160800000043,6083.53989999999,0.0,4,0,128.2816999999998,12457.269699999999,446.321,1.0,1.0,0.0,0.0,0.0,0.0,0.5,0.25,460.7074000000012,10251.908999999976,7424.3631,100,4556.5235999999995,4676.933300000001,4325.8965,1671.538899999991,0.0,0.0,0.0,0.0,0.0,0,0.0,0.0,0.0,0.0,0.0,2881.646400000003,0.0,0.014870794056281021,7.732992548298068,8.595636279926323,NaN,2.834307272727274,4.88552790097023,0.7567626989076429,1086.0,1087.0,543.0,2044.0,1292.0,204.0,187,0,0,3,49,2.0,2048.0,19597.735999999983,12439.972399999999,22444.449399999998,720,48,0,128,0.3342700301660493,0.633759219841391,0.13781913264099765,5,9439.471400000019,8405.7629,32,14,0.0,128,0,0,9544.541800000003,720,113545.73401428576,141280.0013857143,0.0,51,0,0,1.5,0,0.0,128,128,113545.73401428576,720,20480.0,0,0,0.0,0.0,0.0,0,88.8133,62.17079999999966,NaN,5120.0,100.0,0.8714664564732143,0,0,0.0,0,0.0,5120.0,0,0.0,0,0,4,0.0,0.0,0.0,0.0,0.0,0.0,0.0,0.0,0,0,0,0,187,0.0,4,4,17357.2287,2048,480.0,480.0,0.0,141.34155263857429,80.4229214938764,60.91863114469788,32.5469,56.266400000000004,1242.8261,17527.193099999997,0.7454451247143257,384,27734.267371428574,128,113545.73401428576,4,1665.4985000000001,4,23499.696399999997,2,-6853.6186,-46177.7713,42.62141369047617,0,4,543,543,SB1 best SuMSy + greedy quarter,debt,6,3.637978807091713e-11
56,512,4,4,55172.86559999998,0.0,48323.568699999974,0.0,147516.88239999991,,0.0,47155.3686,100361.51379999991,0.0,8950.944999999992,369.45559312499955,0.00375,43.9116,11679.980004438763,0.0,1.0,3814.8700522742643,6137.554002959176,0.0,0.0,1.0,0.0,0.0,1.0,0.0,0,0,81.65521528146557,3.3782811901541185,85.0334964716197,6.08940728732945,1.1255774913240841,7.214984778653534,6221.172600000017,6083.539899999994,6221.172600000017,0.0,4,0,128.2816999999998,12457.269699999999,479.8725,1.0,1.0,0.0,0.0,0.0,0.0,0.5,0.25,464.4678000000014,10490.646799999966,7424.3631,100,5364.783,4700.734000000002,5129.8056,1648.3685999999686,0.0,0.0,0.0,0.0,0.0,0,0.0,0.0,0.0,0.0,0.0,2794.1166999999955,0.0,0.014350230679688545,7.687419069343057,8.522398743267464,NaN,2.843106679764244,4.8767824871530205,0.7340598179404135,1114.0,1096.0,557.0,2044.0000000000002,1320.0,204.0,181,0,0,3,55,6.0,2048.0,19380.207300000005,12707.2405,23041.5062,720,48,0,128,0.3277110575531772,0.6357689543268472,0.13773187375975926,3,9495.93910000003,8425.41129999999,36,14,0.0,128,0,0,9314.597600000003,720,114909.286775,142623.30746363636,0.0,49,0,0,1.5,0,0.0,128,128,114909.286775,720,20480.0,0,0,0.0,0.0,0.0,0,146.4763,102.54560000000214,NaN,5120.0,100.0,0.9284721590909092,0,0,0.0,0,0.0,5120.0,0,0.0,0,0,4,0.0,0.0,0.0,0.0,0.0,0.0,0.0,0.0,0,0,0,0,181,0.0,4,4,17192.006699999998,2048,480.0,480.0,0.0,996.4292386823895,892.1101038186721,104.31913486371741,37.6512,108.82509999999999,825.1659999999999,18556.74,0.7462652920944064,384,27714.020688636367,128,114909.286775,4,1720.9586,4,23614.6023,2,-6849.7876000000015,-47111.457,42.51460909090911,0,4,557,557,SB1 best SuMSy + greedy quarter,debt,6,3.637978807091713e-11
57,512,4,4,54822.99870000003,0.0,47978.89889999998,0.0,150334.94309999992,,0.0,47094.0053,103240.93779999991,0.0,10087.294500000009,376.3307918749996,0.00375,35.1076,11676.503232731928,0.0,1.0,3911.7662270472283,6128.812955154616,0.0,0.0,1.0,0.0,0.0,1.0,0.0,0,0,83.15694259768887,3.478989179735979,86.63593177742484,6.0234794495561195,1.116567661003719,7.140047110559838,6034.099399999995,6221.172600000009,6034.099399999995,0.0,4,0,128.2816999999998,12457.269699999999,446.9422,1.0,1.0,0.0,0.0,0.0,0.0,0.5,0.25,469.6649000000016,10732.700199999954,7424.3631,100,4443.142399999999,4793.009299999996,4206.286099999999,1697.03110000005,0.0,0.0,0.0,0.0,0.0,0,0.0,0.0,0.0,0.0,0.0,2897.0264000000025,0.0,0.013456564011175811,7.687081209899175,8.530760701107026,NaN,2.833788056680165,4.864237351798418,0.712038023402201,1084.0,1091.0,542.0,2044.0000000000002,1290.0,204.0,188,0,0,3,54,3.0,2048.0,19529.679499999973,12433.8462,22824.365400000002,720,48,0,128,0.32740193444858834,0.6346219540482221,0.1361450247807332,3,9420.569599999986,8386.6056,39,15,0.0,128,0,0,9298.806999999997,720,116523.76331763259,144746.55524616883,0.0,49,0,0,1.5,0,0.0,128,128,116523.76331763259,720,20480.0,0,0,0.0,0.0,0.0,0,117.0867,82.00279999999988,NaN,5120.0,100.0,0.8877120949567934,0,0,0.0,0,0.0,5120.0,0,0.0,0,0,4,0.0,0.0,0.0,0.0,0.0,0.0,0.0,0.0,0,0,0,0,188,0.0,4,4,17679.898699999998,2048,480.0,480.0,0.0,135.15362741903255,76.03180221604725,59.12182520298529,58.0881,58.998599999999996,882.5976,17578.3129,0.7444422696933315,384,28222.791928536335,128,116523.76331763259,4,2490.6962,4,24479.3499,2,-6844.5206000000035,-47058.897699999994,42.64660019646366,0,4,542,542,SB1 best SuMSy + greedy quarter,debt,6,3.637978807091713e-11
58,512,4,4,54631.95609999999,0.0,47788.764100000015,0.0,153188.1462999998,,0.0,47188.2253,105999.92099999978,0.0,9656.589600000005,387.1284521249999,0.00375,22.7696,11663.053639293,0.0,1.0,3864.218135029132,6124.2099678619925,0.0,0.0,1.0,0.0,0.0,1.0,0.0,0,0,83.9423135198162,3.5180571199879402,87.46037063980414,6.153713203437766,1.1429832288809687,7.2966964323187335,6137.8235999999815,6034.099399999978,6137.8235999999815,0.0,4,0,128.2816999999998,12457.269699999999,479.61779999999993,1.0,1.0,0.0,0.0,0.0,0.0,0.5,0.25,470.57270000000176,10973.000899999952,7424.3631,100,4681.511799999999,4872.554399999998,4442.1188999999995,1621.304300000052,0.0,0.0,0.0,0.0,0.0,0,0.0,0.0,0.0,0.0,0.0,2849.5259000000015,0.0,0.01314205341257572,7.630997272727271,8.534947723132998,NaN,2.8265305389221576,4.8477018811656745,0.690676882700135,1098.0,1100.0,549.0,2044.0,1304.0,204.0,185,0,0,2,61,6.0,2048.0,19319.453899999986,12563.4542,22726.2784,720,48,0,128,0.3235120890668812,0.635173565074999,0.13618859320837462,1,9426.395100000036,8394.096999999998,41,14,0.0,128,0,0,9359.559299999999,720,117773.54846224698,146271.09331255066,0.0,48,0,0,1.5,0,0.0,128,128,117773.54846224698,720,20480.0,0,0,0.0,0.0,0.0,0,75.9092,53.163599999999654,NaN,5120.0,100.0,0.8902259472853935,0,0,0.0,0,0.0,5120.0,0,0.0,0,0,4,0.0,0.0,0.0,0.0,0.0,0.0,0.0,0.0,0,0,0,0,185,0.0,4,4,17797.074500000002,2048,480.0,480.0,0.0,133.635447508364,57.85636199483042,75.77908551353357,50.3568,25.5524,685.9283999999999,17492.6581,0.7450283907469242,384,28497.54485030366,128,117773.54846224698,4,2721.313799999999,4,25429.958199999997,2,-6843.577599999997,-47165.4557,42.50682085020248,0,4,549,549,SB1 best SuMSy + greedy quarter,debt,6,3.637978807091713e-11
59,512,4,4,54588.902699999955,0.0,47745.48829999998,0.0,156051.83699999982,,0.0,47429.0698,108622.76719999984,0.0,9699.989999999993,397.474948375,0.00375,37.058,11651.983328347991,0.0,1.0,3892.175587676039,6107.367585565324,0.0,0.0,1.0,0.0,0.0,1.0,0.0,0,0,85.48149446525709,3.579402954401659,89.06089741965874,5.871595136159026,1.1412167056790266,7.012811841838053,6026.523600000034,6137.823600000018,6026.523600000034,0.0,4,0,128.2816999999998,12457.269699999999,468.1025,1.0,1.0,0.0,0.0,0.0,0.0,0.5,0.25,470.35030000000177,11212.313699999937,7424.3631,100,4855.419199999999,4898.472600000001,4615.884,1676.2124999999814,0.0,0.0,0.0,0.0,0.0,0,0.0,0.0,0.0,0.0,0.0,2884.8831000000037,0.0,0.012678233242607435,7.560030755064458,8.47579502762428,NaN,2.8249622222222244,4.81593754385967,0.669956576219131,1086.0,1086.0,543.0,2045.3333333333335,1292.0000000000002,204.0,188,0,0,0,48,5.0,2048.0,19267.59439999999,12387.6095,22896.6408,720,48,0,128,0.31718338702222715,0.6351981761139698,0.13662914745409416,4,9362.348199999986,8210.193400000002,40,14,0.0,128,0,0,9248.927800000001,720,119034.62046886231,147984.90131437127,0.0,37,0,0,1.5,0,0.0,128,128,119034.62046886231,720,20480.0,0,0,0.0,0.0,0.0,0,123.5708,86.48520000000077,NaN,5120.0,100.0,0.8906215866216786,0,0,0.0,0,0.0,5120.0,0,0.0,0,0,4,0.0,0.0,0.0,0.0,0.0,0.0,0.0,0.0,0,0,0,0,188,0.0,4,4,17921.37,2048,480.0,480.0,0.0,129.575950876937,57.12365479167147,72.45229608526552,88.45,35.1208,720.2607,17362.8803,0.7441344299318433,384,28950.280845508973,128,119034.62046886231,4,3357.468,4,25837.876300000004,2,-6843.764900000004,-47392.0118,42.397958083832364,0,4,543,543,SB1 best SuMSy + greedy quarter,debt,6,3.637978807091713e-11
60,512,4,4,55572.221499999985,0.0,48380.66200000002,0.0,158986.87309999994,,0.0,48348.7459,110638.12719999994,0.0,10170.382800000005,407.31051325000027,0.00375,51.7044,11646.953822201667,0.0,1.0,3936.6883577919434,6093.650906467773,0.0,0.0,1.0,0.0,0.0,1.0,0.0,0,0,87.44661459330233,3.6378834644140507,91.08449805771639,6.792829638423118,1.1931128192568088,7.985942457679927,5919.409200000001,6026.523599999968,5919.409200000001,0.0,4,0,128.2816999999998,12457.269699999999,462.43499999999995,1.0,1.0,0.0,0.0,0.0,0.0,0.5,0.25,122.20520000000154,11451.373899999924,7424.3631,100,5977.9842,4994.6654,5390.7789,1660.7837999999601,0.0,352.35130000000026,0.0,0.0,0.0,0,0.0,0.0,0.0,0.0,0.0,2938.7705000000065,0.0,0.012603138910121079,7.504341258094347,8.433197947761204,NaN,2.799447540983607,4.7823174958282575,0.649857878932557,1072.0,1081.0,536.0,2048.0,1278.0,204.0,192,0,0,4,53,5.0,2048.0,20433.991100000007,12175.8426,22910.683399999998,720,48,0,128,0.33711946930189063,0.6366378030204152,0.13353703136727724,0,9647.359500000002,8112.192899999989,35,7,0.0,128,0,0,10215.235900000003,720,120566.691025,149628.37930000023,0.0,33,0,0,1.5,0,0.0,128,128,120566.691025,720,20480.0,0,0,0.0,0.0,0.0,0,172.38080000000002,120.69559999999714,NaN,5120.0,100.0,0.9089292529296875,0,0,0.0,0,0.0,5120.0,0,0.0,0,0,4,0.0,0.0,0.0,0.0,0.0,0.0,0.0,0.0,0,0,0,0,192,0.0,4,4,17488.6413,2048,480.0,480.0,0.0,124.55511759623232,69.52620566639007,55.02891192984225,80.9278,91.453,942.1856000000001,17597.8847,0.7482255049080939,384,29061.68827499999,128,120566.691025,4,4032.2728,4,26395.0852,2,-7191.874899999999,-48297.0415,42.374433333333364,0,4,536,536,SB1 best SuMSy + greedy quarter,debt,6,3.637978807091713e-11
61,512,4,4,57996.97110000006,0.0,50984.24550000003,0.0,161792.4997999999,,0.0,50954.4517,110838.04809999991,0.0,9842.034500000002,414.86807350000026,0.00375,21.1096,11627.661115670682,0.0,1.0,3758.688082950119,6091.785302113793,0.0,0.0,1.0,0.0,0.0,1.0,0.0,0,0,88.74847638662695,3.7122455391593445,92.4607219257863,7.761301217259251,1.2488151820133848,9.010116399272636,6109.726799999973,5919.409199999999,6109.726799999973,0.0,4,0,128.2816999999998,12457.269699999999,465.7344,1.0,1.0,0.0,0.0,0.0,0.0,0.5,0.25,301.0391000000016,11693.571399999917,7424.3631,100,7152.1808,4727.431199999999,7088.8172,1579.1042999999067,0.0,0.0,0.0,0.0,0.0,0,0.0,0.0,0.0,0.0,0.0,2768.1160000000027,3.9225,0.012127557015348806,7.481138695263628,8.391443806104114,NaN,2.7988499017681745,4.6214348076276055,0.6303621425645803,1114.0,1119.0,557.0,2042.6666666666667,1320.0,204.0,182,0,0,2,70,4.0,2048.0,22683.531999999996,12575.672900000001,22716.656600000002,720,48,0,128,0.34384745681773676,0.6357954662585434,0.12266471506156029,1,9160.364200000007,8371.394199999999,33,9,0.0,128,0,0,11253.1675,720,121376.80654631153,150816.68445737718,0.0,74,0,0,1.5,0,0.0,128,128,121376.80654631153,720,20480.0,0,0,0.0,0.0,0.0,0,70.3895,49.25559999999943,NaN,5120.0,100.0,0.9021975056032274,0,0,0.0,0,0.0,5120.0,0,0.0,0,0,4,0.0,0.0,0.0,0.0,0.0,0.0,0.0,0.0,0,0,0,0,182,0.0,4,4,17823.1257,2048,480.0,480.0,0.0,93.45647651262561,54.45623581153086,39.000240701094754,52.2482,18.1413,786.4417000000001,17469.203800000003,0.7466843363618119,384,29439.877911065563,128,121376.80654631153,4,4032.2728,4,27708.7618,2,-7013.698099999998,-50933.342099999994,41.991713114754106,0,4,557,557,SB1 best SuMSy + greedy quarter,debt,6,3.637978807091713e-11
62,512,4,4,59088.330400000115,0.0,52171.85700000001,0.0,164372.9556999999,,0.0,52145.0882,112227.8674999999,0.0,10277.605399999995,415.6196673750007,0.00375,62.7448,11521.125566859757,0.0,1.0,3538.2040359388807,6005.271469573165,0.0,0.0,1.0,0.0,0.0,1.0,0.0,0,0,89.7974690696923,3.7681471829635127,93.5656162526558,7.213529504545654,1.234130307709079,8.447659812254733,6302.8697999999995,6109.726799999981,6302.8697999999995,0.0,4,0,128.2816999999998,12457.269699999999,475.03929999999997,1.0,1.0,0.0,0.0,0.0,0.0,0.5,0.25,397.2913000000018,11948.75499999991,7424.3631,100,5966.142599999999,4874.7833000000055,5807.2112,1669.80190000009,0.0,0.0,0.0,0.0,0.0,0,0.0,0.0,0.0,0.0,0.0,2550.699700000002,0.0,0.011506627350200149,7.445226736111116,8.294197934595553,NaN,2.811567729831142,4.656346326346105,0.6114512782876428,1162.0,1152.0,581.0,2045.3333333333335,1368.0000000000002,204.0,169,0,0,1,77,15.0,2048.0,21529.173599999973,13308.2994,24188.1126,720,48,0,128,0.3346995550544203,0.6359624191758115,0.1366618125924841,1,9242.801099999995,8576.901200000006,38,6,0.0,128,0,0,10602.182900000005,720,122686.22150525541,152381.01430373287,0.0,86,0,0,1.5,0,0.0,128,128,122686.22150525541,720,20480.0,0,0,0.0,0.0,0.0,0,209.04399999999998,146.2844000000011,NaN,5120.0,100.0,0.9872199250310811,0,0,0.0,0,0.0,5120.0,0,0.0,0,0,4,0.0,0.0,0.0,0.0,0.0,0.0,0.0,0.0,0,0,0,0,169,0.0,4,4,18285.7339,2048,480.0,480.0,0.0,0.0,0.0,0.0,49.7299,159.3141,770.5088000000001,19210.6781,0.7443062032771235,384,29694.792798477414,128,122686.22150525541,4,3640.7613999999994,4,27230.2982,2,-6917.376200000001,-52082.3434,41.98274852652262,0,4,581,581,SB1 best SuMSy + greedy quarter,debt,6,3.637978807091713e-11
63,512,4,4,57134.1532000001,0.0,50280.2697,0.0,167032.8083,,0.0,50256.3917,116776.41660000001,0.0,12706.2585,420.8300413750007,0.00375,70.6624,11464.414759206666,0.0,1.0,3702.131874799355,5957.6855644711095,0.0,0.0,1.0,0.0,0.0,1.0,0.0,0,0,91.0051533207085,3.8118687069869988,94.81702202769551,6.847941541349384,1.242323797619148,8.090265338968532,6084.220499999971,6302.869800000023,6084.220499999971,0.0,4,0,128.2816999999998,12457.269699999999,465.8321,1.0,1.0,0.0,0.0,0.0,0.0,0.5,0.25,459.88120000000197,12209.8442999999,7424.3631,100,3022.3588000000004,4976.536000000001,2823.8594000000003,1731.782399999941,0.0,0.0,0.0,0.0,0.0,0,0.0,0.0,0.0,0.0,0.0,2719.3674999999994,0.0,0.011837923477427435,7.40668028293546,8.341394982078848,NaN,2.784146862745097,4.680194802697936,0.5931077399390134,1116.0,1131.0,558.0,2046.6666666666665,1322.0,204.0,181,0,0,2,75,9.0,2048.0,20763.70040000001,12526.808299999999,23772.9821,720,48,0,128,0.32181182434415123,0.6362818282789744,0.13615281511530664,1,9185.430700000012,8376.955400000004,39,6,0.0,128,0,0,10160.988900000004,720,123893.96630286117,153898.06686491575,0.0,82,0,0,1.5,0,0.0,128,128,123893.96630286117,720,20480.0,0,0,0.0,0.0,0.0,0,235.48169999999996,164.86279999999766,NaN,5120.0,100.0,0.9242756973993755,0,0,0.0,0,0.0,5120.0,0,0.0,0,0,4,0.0,0.0,0.0,0.0,0.0,0.0,0.0,0.0,0,0,0,0,181,0.0,4,4,18382.7885,2048,480.0,480.0,0.0,0.0,0.0,0.0,136.8141,98.6676,747.1692,17917.0019,0.7444606820429083,384,30004.100562054402,128,123893.96630286117,4,5078.5112,4,28300.378399999998,2,-6854.716599999996,-50185.7293,42.17351594746713,0,4,558,558,SB1 best SuMSy + greedy quarter,debt,6,3.637978807091713e-11
64,512,4,4,57206.97149999995,0.0,50374.95170000001,0.0,169635.15920000002,,0.0,50353.6244,119281.53480000002,0.0,10156.653600000003,437.8862375000004,0.00375,40.8932,11419.026734864086,0.0,1.0,3594.636770506656,5935.506314909406,0.0,0.0,1.0,0.0,0.0,1.0,0.0,0,0,92.23996199597471,3.823899726674489,96.06386172264921,7.387326918040774,1.2437485738974967,8.63107549193827,6088.599900000038,6084.220499999981,6088.599900000038,0.0,4,0,128.2816999999998,12457.269699999999,453.733,1.0,1.0,0.0,0.0,0.0,0.0,0.5,0.25,481.744900000002,12461.445999999904,7424.3631,100,4970.244,4897.425699999999,4740.505999999999,1651.7153999998627,0.0,0.0,0.0,0.0,0.0,0,0.0,0.0,0.0,0.0,0.0,2616.9617000000017,0.0,0.0129912339161618,7.340035895117539,8.199931866197172,NaN,2.7902028846153804,4.673500917049767,0.5753145077408429,1136.0,1106.0,568.0,2045.3333333333333,1342.0,204.0,175,0,0,1,66,7.0,2048.0,21072.571199999995,12736.3384,23357.168700000002,720,48,0,128,0.33308179292686435,0.6373986837887635,0.14310517883065077,1,9181.29800000001,8118.0796999999975,37,8,0.0,128,0,0,10541.339399999999,720,124816.47436029409,154998.93258823536,0.0,56,0,0,1.5,0,0.0,128,128,124816.47436029409,720,20480.0,0,0,0.0,0.0,0.0,0,136.2937,95.43519999999965,NaN,5120.0,100.0,0.9168558530560661,0,0,0.0,0,0.0,5120.0,0,0.0,0,0,4,0.0,0.0,0.0,0.0,0.0,0.0,0.0,0.0,0,0,0,0,175,0.0,4,4,18318.5921,2048,480.0,480.0,0.0,41.12874831490899,0.0,41.12874831490899,96.0681,40.2256,744.4729,17774.915,0.7460848344785624,384,30182.45822794116,128,124816.47436029409,4,5339.557999999999,4,29384.7226,2,-6832.783200000007,-50312.7312,41.762202941176454,0,4,568,568,SB1 best SuMSy + greedy quarter,debt,6,3.637978807091713e-11
65,512,4,4,57318.35829999997,0.0,50497.764200000005,0.0,172310.99169999998,,0.0,50479.3886,121831.60309999998,0.0,10899.712599999997,447.2802095000004,0.00375,88.144,11349.198038780354,0.0,1.0,3630.1014786727537,5870.715009186917,0.0,0.0,1.0,0.0,0.0,1.0,0.0,0,0,93.85621942772946,3.8693341287425214,97.72555355647198,6.5984895294881145,1.2346103538476465,7.833099883335761,6068.356999999987,6088.59989999999,6068.356999999987,0.0,4,0,128.2816999999998,12457.269699999999,438.0294,1.0,1.0,0.0,0.0,0.0,0.0,0.5,0.25,493.17060000000214,12713.494499999897,7424.3631,100,5022.1116999999995,4910.7249,4781.4889,1700.5995999999961,0.0,0.0,0.0,0.0,0.0,0,0.0,0.0,0.0,0.0,0.0,2661.2246000000023,0.0,0.012990496067535473,7.30923781882147,8.286250799289546,NaN,2.7692450485436892,4.667966094711358,0.5580550725086177,1126.0,1137.0,563.0,2046.6666666666667,1332.0,204.0,179,0,0,2,69,6.0,2048.0,20237.465399999983,13122.674299999999,23870.0746,720,48,0,128,0.31138401803101434,0.6375734857611559,0.1401412771076418,1,9158.529199999994,8310.60340000001,34,3,0.0,128,0,0,9787.1542,720,126229.06813846144,156629.60699230767,0.0,85,0,0,1.5,0,0.0,128,128,126229.06813846144,720,20480.0,0,0,0.0,0.0,0.0,0,293.7054,205.5839999999977,NaN,5120.0,100.0,0.9514581952373797,0,0,0.0,0,0.0,5120.0,0,0.0,0,0,4,0.0,0.0,0.0,0.0,0.0,0.0,0.0,0.0,0,0,0,0,179,0.0,4,4,18511.3581,2048,480.0,480.0,0.0,0.0,0.0,0.0,145.1293,148.5761,675.3453,18481.3908,0.7454282591240851,384,30400.538853846156,128,126229.06813846144,4,5420.481,4,29651.320900000002,2,-6821.2878,-50391.2446,41.8530432692307,0,4,563,563,SB1 best SuMSy + greedy quarter,debt,6,3.637978807091713e-11
66,512,4,4,57227.639200000005,0.0,50413.37789999999,0.0,174948.70750000002,,0.0,50397.4375,124551.27000000002,0.0,11244.943400000002,456.8421186250001,0.00375,59.6164,11286.459390098453,0.0,1.0,3601.4440187848304,5841.707951732322,0.0,0.0,1.0,0.0,0.0,1.0,0.0,0,0,94.97161546903718,3.849525846817781,98.82114131585497,7.298448538787977,1.2351159048493734,8.533564443637351,6066.92060000003,6068.356999999975,6066.92060000003,0.0,4,0,128.2816999999998,12457.269699999999,461.2138,1.0,1.0,0.0,0.0,0.0,0.0,0.5,0.25,499.50340000000205,12966.130099999891,7424.3631,100,4865.1454,4955.864500000001,4618.8426,1644.4712999999567,0.0,0.0,0.0,0.0,0.0,0,0.0,0.0,0.0,0.0,0.0,2636.631200000001,0.0,0.013113593598075048,7.271811327433626,8.268458362989323,NaN,2.772865369649806,4.645139267231401,0.541313420333359,1124.0,1130.0,562.0,2045.3333333333335,1330.0,204.0,178,0,0,1,75,10.0,2048.0,21000.082100000014,12647.649,23520.2917,720,48,0,128,0.3352381381043361,0.6403785555977044,0.14068412135766906,0,9099.427499999976,8217.146799999997,39,3,0.0,128,0,0,10354.228700000001,720,127266.31650364077,157376.98314174774,0.0,67,0,0,1.5,0,0.0,128,128,127266.31650364077,720,20480.0,0,0,0.0,0.0,0.0,0,198.6698,139.08759999999785,NaN,5120.0,100.0,0.9286488094470571,0,0,0.0,0,0.0,5120.0,0,0.0,0,0,4,0.0,0.0,0.0,0.0,0.0,0.0,0.0,0.0,0,0,0,0,178,0.0,4,4,18146.1413,2048,480.0,480.0,0.0,0.0,0.0,0.0,99.44749999999999,99.2223,697.4485999999999,18021.7994,0.7495771309473791,384,30110.666638106795,128,127266.31650364077,4,6425.9154,4,30784.053200000006,2,-6814.885300000002,-50337.8211,41.53867572815534,0,4,562,562,SB1 best SuMSy + greedy quarter,debt,6,3.637978807091713e-11
67,512,4,4,59958.5417,0.0,53147.0155,0.0,177504.9135999999,,0.0,53132.5457,124372.3678999999,0.0,9610.628900000009,467.04005850000004,0.00375,93.8784,11185.782487050152,0.0,1.0,3498.2053267294,5761.187916366785,0.0,0.0,1.0,0.0,0.0,1.0,0.0,0,0,96.2228056252876,3.993487968069718,100.21629359335732,8.241626500274942,1.230493243426911,9.472119743701851,6145.044700000031,6066.920600000022,6145.044700000031,0.0,4,0,128.2816999999998,12457.269699999999,459.75550000000004,1.0,1.0,0.0,0.0,0.0,0.0,0.5,0.25,502.23850000000215,13218.321399999892,7424.3631,100,7706.193200000001,4975.290700000003,7456.737,1695.3161000000187,0.0,0.0,0.0,0.0,0.0,0,0.0,0.0,0.0,0.0,0.0,2538.3244999999984,0.0,0.013248488261709308,7.226061963190186,8.18979530434784,NaN,2.762383301707777,4.617416441903576,0.5250740177233584,1150.0,1141.0,575.0,2046.6666666666667,1356.0,204.0,173,0,0,1,78,11.0,2048.0,21977.014299999995,13330.2384,24557.4106,720,48,0,128,0.35942018973041634,0.6372747988651783,0.14187576353947406,0,9097.771699999998,8244.936700000002,42,7,0.0,128,0,0,11021.2048,720,128879.58487548638,159819.769325292,0.0,82,0,0,1.5,0,0.0,128,128,128879.58487548638,720,20480.0,0,0,0.0,0.0,0.0,0,312.8478,218.964799999997,NaN,5120.0,100.0,0.9636955338415005,0,0,0.0,0,0.0,5120.0,0,0.0,0,0,4,0.0,0.0,0.0,0.0,0.0,0.0,0.0,0.0,0,0,0,0,173,0.0,4,4,19149.396,2048,480.0,480.0,0.0,0.0,0.0,0.0,175.8763,136.9715,1084.3343,18738.253,0.7446056819351452,384,30940.184449805434,128,128879.58487548638,4,6150.5175,4,30459.7534,2,-6812.080499999994,-53038.6673,41.592980544747086,0,4,575,575,SB1 best SuMSy + greedy quarter,debt,6,3.637978807091713e-11
68,512,4,4,59886.87179999999,0.0,53090.36540000002,0.0,179965.28180000006,,0.0,53077.7169,126887.56490000006,0.0,12535.471099999999,466.3703702499998,0.00375,56.0216,11091.761703307053,0.0,1.0,3438.786917301871,5709.105202204721,0.0,0.0,1.0,0.0,0.0,1.0,0.0,0,0,97.93521492475642,3.894124907732455,101.82933983248887,8.759274025765672,1.2719887616055339,10.031262787371206,6192.355000000046,6145.044700000007,6192.355000000046,0.0,4,0,128.2816999999998,12457.269699999999,464.0896,1.0,1.0,0.0,0.0,0.0,0.0,0.5,0.25,517.2583000000025,13484.165299999895,7424.3631,100,5067.158600000001,5138.8285000000005,4816.334500000001,1672.6220999999694,0.0,0.0,0.0,0.0,0.0,0,0.0,0.0,0.0,0.0,0.0,2484.950299999999,0.0,0.01275408942784511,7.152922571942446,8.167951635111894,NaN,2.767713320825515,4.591099326857535,0.5093217971916576,1162.0,1112.0,581.0,2046.6666666666667,1368.0,204.0,170,0,0,2,60,11.0,2048.0,22965.14369999999,12933.673,23932.033499999998,720,48,0,128,0.3685600331445864,0.6426735517493867,0.14582257347540084,0,9077.389300000004,7954.049899999999,29,3,0.0,128,0,0,12231.710299999995,720,129976.25960559766,160179.53724705888,0.0,64,0,0,1.5,0,0.0,128,128,129976.25960559766,720,20480.0,0,0,0.0,0.0,0.0,0,186.6416,130.64839999999964,NaN,5120.0,100.0,0.9676239203425194,0,0,0.0,0,0.0,5120.0,0,0.0,0,0,4,0.0,0.0,0.0,0.0,0.0,0.0,0.0,0.0,0,0,0,0,170,0.0,4,4,18043.2266,2048,480.0,480.0,0.0,0.0,0.0,0.0,46.666,139.9756,1630.3004999999998,18822.4799,0.7509337363813124,384,30203.277641461096,128,129976.25960559766,4,7033.4187,4,31499.013000000003,2,-6796.990999999996,-53021.6953,41.43574952561665,0,4,581,581,SB1 best SuMSy + greedy quarter,debt,6,3.637978807091713e-11
69,512,4,4,59393.45700000001,0.0,52604.1613,0.0,182515.94670000003,,0.0,52593.159,129922.78770000003,0.0,13122.517300000005,475.8022043749997,0.00375,103.2004,10986.973512119917,0.0,1.0,3492.6134622986874,5620.744249746627,0.0,0.0,1.0,0.0,0.0,1.0,0.0,0,0,99.85235215018926,3.953129300414399,103.80548145060366,7.740568789723476,1.2683883045122295,9.008957094235704,6077.427599999986,6192.35500000003,6077.427599999986,0.0,4,0,128.2816999999998,12457.269699999999,487.37149999999997,1.0,1.0,0.0,0.0,0.0,0.0,0.5,0.25,524.4690000000023,13749.709999999894,7424.3631,100,4660.532,5153.946800000003,4402.198,1730.341800000074,0.0,0.0,0.0,0.0,0.0,0,0.0,0.0,0.0,0.0,0.0,2548.4274000000055,0.0,0.013201223816871992,7.0769355239786815,8.143096485061488,NaN,2.7850287907869493,4.560270371649112,0.49404214327590784,1138.0,1126.0,569.0,2045.3333333333333,1344.0,204.0,176,0,0,0,64,11.0,2048.0,21854.082200000026,13278.0043,24158.1701,720,48,0,128,0.34330233547782574,0.6421106807292101,0.14542910988083224,0,8991.427899999991,7968.629399999995,28,1,0.0,128,0,0,11023.169000000002,720,131586.55411378984,162108.39546041295,0.0,75,0,0,1.5,0,0.0,128,128,131586.55411378984,720,20480.0,0,0,0.0,0.0,0.0,0,343.88439999999997,240.66280000000134,NaN,5120.0,100.0,0.982157665795761,0,0,0.0,0,0.0,5120.0,0,0.0,0,0,4,0.0,0.0,0.0,0.0,0.0,0.0,0.0,0.0,0,0,0,0,176,0.0,4,4,18317.9622,2048,480.0,480.0,0.0,0.0,0.0,0.0,124.1298,219.75459999999998,1065.0853,19118.212199999998,0.7494809006879879,384,30521.841346622896,128,131586.55411378984,4,7222.580400000001,4,31640.950000000004,2,-6789.711100000002,-52489.9586,41.51569981238273,0,4,569,569,SB1 best SuMSy + greedy quarter,debt,6,3.637978807091713e-11
70,512,4,4,57467.283999999985,0.0,50679.19999999999,0.0,185131.05429999993,,0.0,50669.8849,134461.16939999993,0.0,14194.971300000001,487.18360149999967,0.00375,87.5268,10918.802851019462,0.0,1.0,3591.5354906273114,5573.052642346326,0.0,0.0,1.0,0.0,0.0,1.0,0.0,0,0,101.85848065629123,3.9972946165691545,105.8557752728604,7.750778513958213,1.3037392244299248,9.054517738388137,5854.545299999991,6077.427599999982,5854.545299999991,0.0,4,0,128.2816999999998,12457.269699999999,483.3984,1.0,1.0,0.0,0.0,0.0,0.0,0.5,0.25,525.6807000000023,14012.809199999885,7424.3631,100,3200.9614,5127.1344,2939.0739,1710.932700000024,0.0,0.0,0.0,0.0,0.0,0,0.0,0.0,0.0,0.0,0.0,2657.3808999999956,0.0,0.013369282752225271,7.023097069271759,8.109208181818186,NaN,2.700309561752989,4.528605275011626,0.47922087897763055,1100.0,1126.0,550.0,2048.0,1306.0,204.0,185,0,0,2,78,9.0,2048.0,21752.215699999993,12351.6763,23275.8652,720,48,0,128,0.3389850099755449,0.6432842883913954,0.14314821211518391,0,8836.813500000011,7908.0073,36,4,0.0,128,0,0,10754.4556,720,132856.17765666993,163577.24070518246,0.0,74,0,0,1.5,0,0.0,128,128,132856.17765666993,720,20480.0,0,0,0.0,0.0,0.0,0,291.7546,204.2464000000041,NaN,5120.0,100.0,0.9038563752286768,0,0,0.0,0,0.0,5120.0,0,0.0,0,0,4,0.0,0.0,0.0,0.0,0.0,0.0,0.0,0.0,0,0,0,0,185,0.0,4,4,18119.1733,2048,480.0,480.0,0.0,78.52987867818865,78.52987867818865,0.0,177.4919,114.2627,1144.1632,17508.368199999997,0.7527216687066369,384,30721.063048512482,128,132856.17765666993,4,8815.502,4,33011.8027,2,-6788.4648,-50582.3581,41.775431861804236,0,4,550,550,SB1 best SuMSy + greedy quarter,debt,6,3.637978807091713e-11
71,512,4,4,57920.50180000005,0.0,51123.3974,0.0,187701.02270000003,,0.0,51115.6742,136585.34850000002,0.0,11824.1691,504.20312624999974,0.00375,95.8128,10813.964589607009,0.0,1.0,3472.8225420262274,5501.023126404682,0.0,0.0,1.0,0.0,0.0,1.0,0.0,0,0,102.86737923899581,4.092269375004136,106.95964861399996,7.928361714548023,1.2804421637839625,9.208803878331986,5920.380500000048,5854.545300000002,5920.380500000048,0.0,4,0,128.2816999999998,12457.269699999999,439.0353,1.0,1.0,0.0,0.0,0.0,0.0,0.5,0.25,516.6603000000023,14266.26819999988,7424.3631,100,5538.371700000001,5085.153900000002,5275.8923,1668.7166000000846,0.0,0.0,0.0,0.0,0.0,0,0.0,0.0,0.0,0.0,0.0,2545.7727000000054,0.0,0.013762917632192909,7.037378343399485,8.123280748663147,NaN,2.6719493177387927,4.503018107287051,0.4648442526083017,1122.0,1159.0,561.0,2045.3333333333333,1327.9999999999998,204.0,178,0,0,0,78,8.0,2048.0,21514.07380000002,12768.5629,23542.0523,720,48,0,128,0.34006365503374547,0.6412642280337981,0.1464332906543231,1,8793.881599999984,8156.321500000004,38,4,0.0,128,0,0,10698.452600000004,720,133243.74052749004,164504.39050916344,0.0,102,0,0,1.5,0,0.0,128,128,133243.74052749004,720,20480.0,0,0,0.0,0.0,0.0,0,319.43059999999997,223.58040000000204,NaN,5120.0,100.0,0.9032884297964392,0,0,0.0,0,0.0,5120.0,0,0.0,0,0,4,0.0,0.0,0.0,0.0,0.0,0.0,0.0,0.0,0,0,0,0,178,0.0,4,4,18783.3796,2048,480.0,480.0,0.0,0.0,0.0,0.0,226.1879,93.2427,805.4785,17527.2356,0.7513838521826812,384,31260.649981673298,128,133243.74052749004,4,8848.2297,4,33658.2594,2,-6797.450599999997,-51019.8614,40.504643426294834,0,4,561,561,SB1 best SuMSy + greedy quarter,debt,6,3.637978807091713e-11
72,512,4,4,59098.343799999944,0.0,52036.52100000001,0.0,190218.8045,,0.0,52030.158,138188.6465,0.0,11773.680799999993,512.1681059999999,0.00375,102.8148,10676.560452038799,0.0,1.0,3387.071807519111,5408.479343025877,0.0,0.0,1.0,0.0,0.0,1.0,0.0,0,0,103.54007056681114,4.052446523472461,107.5925170902836,7.715149287195548,1.2989624473796058,9.014111734575154,6027.151199999992,5920.3805,6027.151199999992,0.0,4,0,128.2816999999998,12457.269699999999,455.8784,1.0,1.0,0.0,0.0,0.0,0.0,0.5,0.25,251.94190000000233,14521.936099999883,7424.3631,100,6287.259800000002,5109.4178,5766.8735,1644.0680999999418,0.0,262.40889999999996,0.0,0.0,0.0,0,0.0,0.0,0.0,0.0,0.0,2458.1400999999996,0.0,0.01334863302850416,7.027999390774586,8.042168869565227,NaN,2.6760333965844394,4.491243983280793,0.45089892503005263,1150.0,1149.0,575.0,2048.0,1356.0,204.0,173,0,0,2,81,11.0,2048.0,21754.36570000001,13013.997299999999,24227.165999999997,720,48,0,128,0.3392784219417193,0.6430712421244869,0.14602736879056843,0,9095.886900000038,8075.1713,39,4,0.0,128,0,0,10987.960300000002,720,134302.68664517542,165454.23138596507,0.0,89,0,0,1.5,0,0.0,128,128,134302.68664517542,720,20480.0,0,0,0.0,0.0,0.0,0,342.6626,239.83359999999416,NaN,5120.0,100.0,0.9651660915227522,0,0,0.0,0,0.0,5120.0,0,0.0,0,0,4,0.0,0.0,0.0,0.0,0.0,0.0,0.0,0.0,0,0,0,0,173,0.0,4,4,18436.4635,2048,480.0,480.0,0.0,0.0,0.0,0.0,147.5727,195.0899,875.9198000000001,18804.6998,0.7547698103933758,384,31151.544740789483,128,134302.68664517542,4,9044.1278,4,33694.0195,2,-7062.134399999995,-51927.3432,40.07923976608189,0,4,575,575,SB1 best SuMSy + greedy quarter,debt,6,3.637978807091713e-11
73,512,4,4,58596.280400000054,0.0,51666.63679999999,0.0,192695.28010000003,,0.0,51660.6549,141034.62520000004,0.0,12688.013200000009,518.1798981249992,0.00375,86.1652,10577.599150381522,0.0,1.0,3362.842876321009,5342.307341921012,0.0,0.0,1.0,0.0,0.0,1.0,0.0,0,0,104.74482531822453,3.95822450578928,108.7030498240138,8.106998481950253,1.2684399360849545,9.375438418035207,5939.402400000023,6027.151199999998,5939.402400000023,0.0,4,0,128.2816999999998,12457.269699999999,452.7778,1.0,1.0,0.0,0.0,0.0,0.0,0.5,0.25,384.12110000000234,14782.158499999878,7424.3631,100,4684.767,5186.830400000001,4556.7238,1648.0763000000723,0.0,0.0,0.0,0.0,0.0,0,0.0,0.0,0.0,0.0,0.0,2435.1481000000013,3.6677,0.013024327718130311,7.00545377107364,7.912054703832772,NaN,2.6881150190114065,4.39204088103071,0.4373719572791511,1148.0,1127.0,574.0,2045.3333333333335,1354.0000000000002,204.0,172,0,0,1,69,16.0,2048.0,22001.199199999992,12372.5637,24136.3523,720,48,0,128,0.3496559069273655,0.646893022167438,0.13823924735398507,1,8688.139399999984,7895.146399999992,40,8,0.0,128,0,0,11317.711100000002,720,135591.48281380456,166289.96990588243,0.0,67,0,0,1.5,0,0.0,128,128,135591.48281380456,720,20480.0,0,0,0.0,0.0,0.0,0,287.1477,200.98440000000528,NaN,5120.0,100.0,0.9569097227915233,0,0,0.0,0,0.0,5120.0,0,0.0,0,0,4,0.0,0.0,0.0,0.0,0.0,0.0,0.0,0.0,0,0,0,0,172,0.0,4,4,17874.7769,2048,480.0,480.0,0.0,0.0,0.0,0.0,94.8203,192.3274,1103.3578999999997,18634.1391,0.7580436353190125,384,30698.48709207779,128,135591.48281380456,4,10249.605,4,34230.5353,2,-6930.601700000001,-51574.4897,40.140500948766594,0,4,574,574,SB1 best SuMSy + greedy quarter,debt,6,3.637978807091713e-11
74,512,4,4,57923.9055,0.0,51057.922000000006,0.0,195249.51610000018,,0.0,51046.7889,144202.72720000017,0.0,13445.707400000003,528.852141,0.00375,56.1828,10547.919038485921,0.0,1.0,3419.4835883564674,5336.460850657284,0.0,0.0,1.0,0.0,0.0,1.0,0.0,0,0,105.89842079283282,3.9202479636665215,109.81866875649936,9.375341514609937,1.2519244728758985,10.627265987485837,5839.889599999995,5939.402400000016,5839.889599999995,0.0,4,0,128.2816999999998,12457.269699999999,455.14410000000004,1.0,1.0,0.0,0.0,0.0,0.0,0.5,0.25,447.7812000000021,15040.51859999988,7424.3631,100,4511.790900000001,5184.1658000000025,4317.0909,1622.4485000000175,0.0,0.0,0.0,0.0,0.0,0,0.0,0.0,0.0,0.0,0.0,2494.7620000000043,2.4808,0.013005646411431503,6.931904620749779,7.889213274336232,NaN,2.662049709864602,4.437526719896497,0.42425079856077647,1130.0,1147.0,565.0,2046.6666666666665,1336.0,204.0,177,0,0,0,83,16.0,2048.0,23327.02009999999,12067.6166,22473.086,720,48,0,128,0.37362352575489033,0.6485665849729538,0.14244582839866937,0,8705.04340000003,7950.894599999996,40,4,0.0,128,0,0,12376.431899999994,720,136887.25845703413,167475.97851216712,0.0,87,0,0,1.5,0,0.0,128,128,136887.25845703413,720,20480.0,0,0,0.0,0.0,0.0,0,187.15530000000004,130.97320000000113,NaN,5120.0,100.0,0.8705866800216848,0,0,0.0,0,0.0,5120.0,0,0.0,0,0,4,0.0,0.0,0.0,0.0,0.0,0.0,0.0,0.0,0,0,0,0,177,0.0,4,4,17678.8088,2048,480.0,480.0,0.0,0.0,0.0,0.0,135.73110000000003,51.4242,1024.1756999999998,16861.893799999998,0.7616277745539732,384,30588.720055133053,128,136887.25845703413,4,11115.0879,4,36610.9855,2,-6871.248799999999,-50990.6061,40.3217252851711,0,4,565,565,SB1 best SuMSy + greedy quarter,debt,6,3.637978807091713e-11
75,512,4,4,61819.83000000001,0.0,54983.19370000001,0.0,197668.33950000026,,0.0,54969.7868,142698.55270000026,0.0,11202.084000000004,540.7331355000003,0.00375,139.092,10430.706424333692,0.0,1.0,3233.2814181904496,5233.884424555799,0.0,0.0,1.0,0.0,0.0,1.0,0.0,0,0,107.72617493818612,4.255845126498497,111.98202006468462,8.898627382994459,1.3218330443854567,10.220460427379916,6085.037200000009,5839.8895999999795,6085.037200000009,0.0,4,0,128.2816999999998,12457.269699999999,454.4598,1.0,1.0,0.0,0.0,0.0,0.0,0.5,0.25,477.1284000000022,15295.816799999879,7424.3631,100,9026.062,5130.137500000001,8800.111,1693.3617999999271,0.0,0.0,0.0,0.0,0.0,1,0.0,0.0,0.0,0.0,0.0,2318.2703000000056,3.6373,0.012937884859174225,6.85742787177204,7.9330371816638525,NaN,2.6340805914972245,4.412583171921213,0.4115232746039532,1178.0,1123.0,589.0,2048.0,1384.0,204.0,166,0,0,1,79,9.0,2048.0,23181.298100000018,13774.1215,24725.3184,720,48,0,128,0.3577717504198865,0.6415657047198895,0.1453175937686202,0,8719.36230000001,7700.891500000001,42,4,0.0,128,0,0,11831.586400000004,720,138413.85774042553,170707.73786208924,0.0,70,0,0,1.5,0,0.0,128,128,138413.85774042553,720,20480.0,0,0,0.0,0.0,0.0,0,463.68309999999997,324.5995999999989,NaN,5120.0,100.0,0.9746637986109012,0,0,0.0,0,0.0,5120.0,0,0.0,0,0,4,0.0,0.0,0.0,0.0,0.0,0.0,0.0,0.0,0,0,0,0,166,0.0,4,4,19496.6632,2048,480.0,480.0,0.0,0.0,0.0,0.0,256.0424,207.64069999999998,982.8402000000001,19002.776700000002,0.7500591607811451,384,32293.880121663427,128,138413.85774042553,4,9662.5908,4,34709.6412,2,-6845.0242999999955,-54830.694800000005,39.930745647969026,0,4,589,589,SB1 best SuMSy + greedy quarter,debt,6,3.637978807091713e-11
76,512,4,4,57628.97639999993,0.0,50831.07809999999,0.0,200191.8922000003,,0.0,50817.9802,149373.9120000003,0.0,16832.012900000012,534.4564960000002,0.00375,83.2608,10391.294564048176,0.0,1.0,3436.98932936458,5224.951434365446,0.0,0.0,1.0,0.0,0.0,1.0,0.0,0,0,109.41139478659021,4.043146386834121,113.45454117342432,8.750771060905423,1.3204863930619042,10.071257453967327,5715.6290999999765,6085.037200000007,5715.6290999999765,0.0,4,0,128.2816999999998,12461.6243,469.68140000000005,1.0,1.0,0.0,0.0,0.0,0.0,0.5,0.25,515.8664000000024,15570.72029999988,7424.3631,101,1182.4429,5373.296500000002,950.5515999999999,1666.9411999999752,0.0,0.0,0.0,0.0,0.0,2,0.0,0.0,0.0,0.0,0.0,2531.8147,12.236999999999998,0.01235155958070608,6.802799385964908,7.829056294963997,NaN,2.602073228346457,4.38316735893316,0.39917757636583456,1112.0,1140.0,556.0,2046.6666666666667,1318.0,204.0,182,0,0,0,72,18.0,2048.0,22701.528200000015,12021.3839,22822.8035,720,48,0,128,0.3546626051382413,0.648673881826787,0.14190140498665893,0,8562.241000000007,7755.191299999996,30,0,0.0,128,0,0,11593.681800000002,720,138768.87691640476,169946.7838011087,0.0,77,0,0,1.5,0,0.0,128,128,138768.87691640476,720,20480.0,0,0,0.0,0.0,0.0,0,277.54130000000004,194.2932000000017,NaN,5120.0,100.0,0.8844720367645996,0,0,0.0,0,0.0,5120.0,0,0.0,0,0,4,0.0,0.0,0.0,0.0,0.0,0.0,0.0,0.0,0,0,0,0,182,0.0,4,4,17678.469100000002,2048,480.0,480.0,0.0,0.0,0.0,0.0,167.2575,110.2838,970.6201,17165.7183,0.7610716604087802,384,31177.90688470422,128,138768.87691640476,4,12180.702000000001,4,37018.05299999999,2,-6806.286299999998,-50734.7194,39.51120887245837,0,4,556,556,SB1 best SuMSy + greedy quarter,debt,6,3.637978807091713e-11
77,512,4,4,58663.13349999998,0.0,51863.8377,0.0,202706.37030000024,,0.0,51851.3597,150855.01060000024,0.0,12380.811199999996,558.8574752500004,0.00375,95.572,10312.796910985537,0.0,1.0,3316.110866422197,5174.293190657024,0.0,0.0,1.0,0.0,0.0,1.0,0.0,0,0,110.78971426791364,4.161776512498237,114.95149078041189,9.149351669840598,1.3524615364648034,10.501813206305401,5804.103599999983,5715.629099999977,5804.103599999983,0.0,4,0,128.2816999999998,12464.780999999999,459.495,1.0,1.0,0.0,0.0,0.0,0.0,0.5,0.25,514.4689000000022,15824.86029999988,7424.3631,102,6177.5122,5143.3551,5926.1339,1631.27249999994,0.0,0.0,0.0,0.0,0.0,2,0.0,0.0,0.0,0.0,0.0,2418.143500000004,10.893,0.01397803800384443,6.765234598411302,7.784067894736842,NaN,2.5514272030651353,4.366368290451221,0.3872022490748596,1140.0,1133.0,570.0,2048.0,1346.0,204.0,175,0,0,1,89,10.0,2048.0,22873.253600000004,12557.1221,23137.1858,720,48,0,128,0.3570684330402554,0.6465178028596967,0.14271773537865906,0,8546.547399999992,7665.0108000000055,36,0,0.0,128,0,0,11940.145199999999,720,139655.6080066929,171607.27702834632,0.0,82,0,0,1.5,0,0.0,128,128,139655.6080066929,720,20480.0,0,0,0.0,0.0,0.0,0,318.51660000000004,222.95039999999653,NaN,5120.0,100.0,0.8991072100685901,0,0,0.0,0,0.0,5120.0,0,0.0,0,0,4,0.0,0.0,0.0,0.0,0.0,0.0,0.0,0.0,0,0,0,0,175,0.0,4,4,18217.3386,2048,480.0,480.0,0.0,0.0,0.0,0.0,193.99110000000002,124.52550000000001,1077.3992,17476.9693,0.7585474902415463,384,31951.669021653568,128,139655.6080066929,4,12071.265200000002,4,37302.1078,2,-6807.683800000004,-51755.7877,39.03109842519686,0,4,570,570,SB1 best SuMSy + greedy quarter,debt,6,3.637978807091713e-11
78,512,4,4,59534.885299999965,0.0,52740.037299999996,0.0,205102.05150000035,,0.0,52728.0721,152373.97940000036,0.0,12763.912199999995,563.7836367500005,0.00375,109.4872,10213.533246170831,0.0,1.0,3204.389359526013,5103.1139974472235,0.0,0.0,1.0,0.0,0.0,1.0,0.0,0,0,112.01287261965837,4.137731899544677,116.15060451920306,9.148002981159474,1.3653773427731328,10.513380323932607,5894.527999999996,5804.103599999965,5894.527999999996,0.0,4,0,128.2816999999998,12469.182999999999,468.13660000000004,1.0,1.0,0.0,0.0,0.0,0.0,0.5,0.25,518.9167000000023,16084.160199999882,7424.3631,103,6106.0519,5234.3000999999995,5856.407,1648.8514999999315,0.0,0.0,0.0,0.0,0.0,2,0.0,0.0,0.0,0.0,0.0,2311.3834000000006,13.165600000000001,0.013274998661079711,6.7258671064204005,7.73941872852234,NaN,2.530414044943819,4.341460267876117,0.3755861816026137,1164.0,1137.0,582.0,2046.6666666666667,1370.0,204.0,169,0,0,3,70,10.0,2048.0,22848.704399999984,13114.2946,23462.399100000002,720,48,0,128,0.3537232911100525,0.6468120739456709,0.14417194724167803,0,8515.167699999984,7647.310899999996,35,9,0.0,128,0,0,11927.666200000001,720,140187.6302163794,172387.1320862072,0.0,90,0,0,1.5,0,0.0,128,128,140187.6302163794,720,20480.0,0,0,0.0,0.0,0.0,0,364.8433,255.3843999999961,NaN,5120.0,100.0,0.9489581441945043,0,0,0.0,0,0.0,5120.0,0,0.0,0,0,4,0.0,0.0,0.0,0.0,0.0,0.0,0.0,0.0,0,0,0,0,169,0.0,4,4,18060.5447,2048,480.0,480.0,0.0,0.0,0.0,0.0,150.7558,214.0875,856.6595999999998,18516.148999999998,0.7582925423009494,384,32199.50186982758,128,140187.6302163794,4,11911.4692,4,37454.977600000006,2,-6803.235999999995,-52618.584899999994,38.271408045977026,0,4,582,582,SB1 best SuMSy + greedy quarter,debt,6,3.637978807091713e-11
79,512,4,4,56368.64610000004,0.0,49580.3947,0.0,207516.37360000022,,0.0,49568.8859,157947.48770000023,0.0,15184.1372,568.8560115000014,0.00375,57.0764,10151.183381000468,0.0,1.0,3248.8058660479446,5085.377679000319,0.0,0.0,1.0,0.0,0.0,1.0,0.0,0,0,113.65789007948656,3.9879112403046584,117.64580131979123,8.673943631918112,1.312877881341655,9.986821513259768,5743.574399999983,5894.527999999998,5743.574399999983,0.0,4,0,128.2816999999998,12472.373699999998,474.895,1.0,1.0,0.0,0.0,0.0,0.0,0.5,0.25,525.5133000000021,16347.838599999879,7424.3631,104,2142.8925,5309.1317,1890.7965,1618.9961999999525,0.0,0.0,0.0,0.0,0.0,2,0.0,0.0,0.0,0.0,0.0,2360.990900000003,11.7128,0.013246729508883134,6.6509033187772975,7.638657342657341,NaN,2.506571564885497,4.319557944232695,0.3643185961545354,1144.0,1145.0,572.0,2044.0,1350.0000000000002,204.0,173,0,0,1,84,15.0,2048.0,22076.956599999994,12096.9683,22137.644800000002,720,48,0,128,0.3455406452584264,0.6531812477347518,0.14759597491942644,1,8434.976799999988,7615.284300000006,48,3,0.0,128,0,0,11078.8694,720,141056.49514943824,172251.66194157317,0.0,72,0,0,1.5,0,0.0,128,128,141056.49514943824,720,20480.0,0,0,0.0,0.0,0.0,0,190.1892,133.12680000000097,NaN,5120.0,100.0,0.8946543240322155,0,0,0.0,0,0.0,5120.0,0,0.0,0,0,4,0.0,0.0,0.0,0.0,0.0,0.0,0.0,0.0,0,0,0,0,173,0.0,4,4,16823.0416,2048,480.0,480.0,0.0,0.0,0.0,0.0,62.39919999999999,127.78999999999999,897.5683999999999,17411.571500000002,0.7668014623327228,384,31195.16679213484,128,141056.49514943824,4,13545.7409,4,39286.382999999994,2,-6796.6394000000055,-49511.8095,37.95621067415728,0,4,572,572,SB1 best SuMSy + greedy quarter,debt,6,3.637978807091713e-11
80,512,4,4,58182.39329999998,0.0,51381.6264,0.0,210104.79249999998,,0.0,51370.51,158734.28249999997,0.0,13322.2659,589.1353543750008,0.00375,99.9768,10129.062975124734,0.0,1.0,3350.3052937989437,5058.633675083161,0.0,0.0,1.0,0.0,0.0,1.0,0.0,0,0,115.87307317769,4.191719191748027,120.06479236943802,10.41166634899155,1.3410808415190714,11.75274719051062,5543.138900000027,5743.574399999993,5543.138900000027,0.0,4,0,128.2816999999998,12476.823099999998,457.3845,1.0,1.0,0.0,0.0,0.0,0.0,0.5,0.25,512.9978000000023,16595.716499999886,7424.3631,105,6970.5755,5156.828299999999,6716.1342,1644.9853000000028,0.0,0.0,0.0,0.0,0.0,3,0.0,0.0,0.0,0.0,0.0,2472.387,13.918799999999997,0.014098176760943232,6.58221457242584,7.619930866426024,NaN,2.4863389328063206,4.29715223598069,0.35338903826989926,1108.0,1146.0,554.0,2046.6666666666665,1314.0,204.0,183,0,0,1,88,17.0,2048.0,23862.440600000016,12235.266,21984.7099,720,48,0,128,0.3803863217663963,0.649748796376123,0.14405698694793778,0,8340.926299999997,7543.217900000012,42,2,0.0,128,0,0,12553.065000000004,720,142372.9318666031,174491.35846412217,0.0,81,0,0,1.5,0,0.0,128,128,142372.9318666031,720,20480.0,0,0,0.0,0.0,0.0,0,333.3753,233.38159999999684,NaN,5120.0,100.0,0.840606443523378,0,0,0.0,0,0.0,5120.0,0,0.0,0,0,4,0.0,0.0,0.0,0.0,0.0,0.0,0.0,0.0,0,0,0,0,183,0.0,4,4,17906.721700000002,2048,480.0,480.0,0.0,0.0,0.0,0.0,248.95119999999997,84.4241,1219.4834000000003,16313.2542,0.7639660056406898,384,32118.426597519083,128,142372.9318666031,4,13974.3252,4,40008.371399999996,2,-6809.1548999999995,-51270.533200000005,37.59857347328246,0,4,554,554,SB1 best SuMSy + greedy quarter,debt,6,3.637978807091713e-11
81,512,4,4,60602.33040000003,0.0,53804.30979999999,0.0,212322.3585999998,,0.0,53793.5463,158528.8122999998,0.0,12917.04709999999,591.4701060000003,0.00375,69.3696,9994.631758378277,0.0,1.0,2954.8885953128533,4993.451038918859,0.0,0.0,1.0,0.0,0.0,1.0,0.0,0,0,117.81052360690366,4.334183659647369,122.14470726655102,10.822785595178368,1.3512230721461547,12.174008667324523,6027.594999999959,5543.1389000000045,6027.594999999959,0.0,4,0,128.2816999999998,12480.368799999998,464.0869,1.0,1.0,0.0,0.0,0.0,0.0,0.5,0.25,515.7441000000023,16852.59829999988,7424.3631,106,7651.7415,5231.8044,7403.2417,1559.5125000000253,0.0,0.0,0.0,0.0,0.0,3,0.0,0.0,0.0,0.0,0.0,2086.0351000000046,12.6704,0.013235894756367082,6.554907586206893,7.632241089108878,NaN,2.4579517921146965,4.239317788124283,0.34278736712180224,1212.0,1160.0,606.0,2046.6666666666667,1418.0,204.0,156,0,0,1,85,18.0,2048.0,24455.220700000005,13242.5746,22835.1655,720,48,0,128,0.39121251388965894,0.648532009115105,0.15085038894591674,2,8362.452799999963,7603.692799999996,47,5,0.0,128,0,0,13587.478400000004,720,143572.89270326082,176124.67649011876,0.0,94,0,0,1.5,0,0.0,128,128,143572.89270326082,720,20480.0,0,0,0.0,0.0,0.0,0,231.12100000000004,161.74319999999847,NaN,5120.0,100.0,0.9041270710844861,0,0,0.0,0,0.0,5120.0,0,0.0,0,0,4,0.0,0.0,0.0,0.0,0.0,0.0,0.0,0.0,0,0,0,0,156,0.0,4,4,18456.2997,2048,480.0,480.0,0.0,0.0,0.0,0.0,155.7076,75.4134,1869.9810000000002,17621.4404,0.7611395239124656,384,32551.7837868577,128,143572.89270326082,4,13144.8485,4,39915.97469999999,2,-6806.408600000001,-53724.1767,37.29508399209481,0,4,606,606,SB1 best SuMSy + greedy quarter,debt,6,3.637978807091713e-11
82,512,4,4,60811.922499999884,0.0,54027.3845,0.0,214618.98039999953,,0.0,54016.9263,160602.05409999954,0.0,16268.213099999997,590.0913134999993,0.00375,144.312,9865.23020125755,0.0,1.0,3073.9292621443997,4881.873567505052,0.0,0.0,1.0,0.0,0.0,1.0,0.0,0,0,119.0700298046109,4.203845109793647,123.27387491440454,9.815460017883245,1.363523508255482,11.178983526138728,5786.725900000012,6027.59499999997,5786.725900000012,0.0,4,0,128.2816999999998,12484.8656,483.0452,1.0,1.0,0.0,0.0,0.0,0.0,0.5,0.25,529.2267000000022,17121.591699999884,7424.3631,107,5468.9804,5259.3883,5219.657,1714.880299999895,0.0,0.0,0.0,0.0,0.0,3,0.0,0.0,0.0,0.0,0.0,2208.682,14.131400000000001,0.012981012293148584,6.515865800865808,7.495666950596245,NaN,2.4516805194805196,4.223329034815911,0.33250374610814815,1174.0,1155.0,587.0,2046.6666666666667,1380.0,204.0,166,0,0,1,88,22.0,2048.0,23637.98880000001,13479.222799999998,23550.3989,720,48,0,128,0.3765621428517807,0.6528077136820294,0.1493931449062198,0,8285.984200000004,7525.825000000008,49,5,0.0,128,0,0,12510.0718,720,144548.40111612904,176440.7941999999,0.0,85,0,0,1.5,0,0.0,128,128,144548.40111612904,720,20480.0,0,0,0.0,0.0,0.0,0,481.10400000000004,336.8120000000019,NaN,5120.0,100.0,0.9918728684160787,0,0,0.0,0,0.0,5120.0,0,0.0,0,0,4,0.0,0.0,0.0,0.0,0.0,0.0,0.0,0.0,0,0,0,0,166,0.0,4,4,17600.928,2048,480.0,480.0,0.0,0.0,0.0,0.0,135.91580000000002,345.1882,1379.8683,19428.6937,0.7639362122762248,384,31892.39308387095,128,144548.40111612904,4,13452.787900000001,4,39376.0606,2,-6792.925999999998,-53872.6143,36.869276881720445,0,4,587,587,SB1 best SuMSy + greedy quarter,debt,6,3.637978807091713e-11
83,512,4,4,57198.99300000001,0.0,50422.260099999985,0.0,216998.7426999997,,0.0,50412.0793,166586.6633999997,0.0,17808.778400000007,597.2593589999992,0.00375,108.1928,9798.85934015103,0.0,1.0,3207.3390976001547,4850.115593434046,0.0,0.0,1.0,0.0,0.0,1.0,0.0,0,0,120.57015412810894,4.106637468764719,124.67679159687366,9.702160152072432,1.3910156908730529,11.093175842945485,5602.168900000008,5786.725899999999,5602.168900000008,0.0,4,0,128.2816999999998,12488.4481,473.6829,1.0,1.0,0.0,0.0,0.0,0.0,0.5,0.25,537.031800000002,17391.698699999884,7424.3631,108,1617.8854999999999,5230.815,1361.3274,1663.322199999998,0.0,0.0,0.0,0.0,0.0,3,0.0,0.0,0.0,0.0,0.0,2347.240400000002,12.759900000000002,0.013293057681345921,6.432573419913422,7.546664955752226,NaN,2.420497485493226,4.220941456372957,0.32252863372490376,1130.0,1155.0,565.0,2046.6666666666667,1336.0,204.0,178,0,0,2,87,7.0,2048.0,23278.48099999999,11961.5291,21850.7901,720,48,0,128,0.365650907494109,0.6551908958986947,0.14708279201668817,0,8205.292599999966,7429.622300000002,42,6,0.0,128,0,0,12039.299200000001,720,145269.9830071429,177094.68279740258,0.0,112,0,0,1.5,0,0.0,128,128,145269.9830071429,720,20480.0,0,0,0.0,0.0,0.0,0,360.5739,252.4155999999964,NaN,5120.0,100.0,0.8690118548346186,0,0,0.0,0,0.0,5120.0,0,0.0,0,0,4,0.0,0.0,0.0,0.0,0.0,0.0,0.0,0.0,0,0,0,0,178,0.0,4,4,16897.5614,2048,480.0,480.0,0.0,610.6496897855786,610.6496897855786,0.0,210.19279999999998,150.3811,1542.9212,16914.7578,0.7693030481060246,384,31824.699790259732,128,145269.9830071429,4,15584.292399999998,4,41442.6924,2,-6785.1209,-50303.8865,36.775207792207794,0,4,565,565,SB1 best SuMSy + greedy quarter,debt,6,3.637978807091713e-11
84,512,4,4,58298.067700000036,0.0,51239.5927,0.0,219320.1718999998,,0.0,51229.6581,168090.5137999998,0.0,13277.531200000014,619.0974957499997,0.00375,95.2796,9717.206480888097,0.0,1.0,3060.46037046737,4803.583628925427,0.0,0.0,1.0,0.0,0.0,1.0,0.0,0,0,123.00781663482815,4.330263242501437,127.33807987732958,9.894910951102252,1.4140047259357509,11.308915677038003,5635.169699999975,5602.1689000000215,5635.169699999975,0.0,4,0,128.2816999999998,12492.9923,367.47040000000004,1.0,1.0,0.0,0.0,0.0,0.0,0.5,0.25,255.28970000000243,17643.778399999894,7424.3631,109,6238.449199999996,5139.374500000002,5710.826300000001,1600.8815999999115,0.0,267.61280000000005,0.0,0.0,0.0,3,0.0,0.0,0.0,0.0,0.0,2211.356399999999,14.166,0.014211108013112862,6.444987133984036,7.545235800344211,NaN,2.410532645403378,4.186625578529668,0.3128527747131566,1162.0,1127.0,581.0,2045.3333333333335,1368.0,204.0,169,0,0,1,70,11.0,2048.0,23258.49169999996,12412.2833,22532.013100000004,720,48,0,128,0.3605348931597825,0.6519320966463182,0.15116887287397218,0,8439.425800000012,7263.500500000008,34,7,0.0,128,0,0,12072.052299999998,720,146503.8272920212,179375.2620381048,0.0,73,0,0,1.5,0,0.0,128,128,146503.8272920212,720,20480.0,0,0,0.0,0.0,0.0,0,317.4791,222.18239999999906,NaN,5120.0,100.0,0.8834421481824981,0,0,0.0,0,0.0,5120.0,0,0.0,0,0,4,0.0,0.0,0.0,0.0,0.0,0.0,0.0,0.0,0,0,0,0,169,0.0,4,4,17722.7803,2048,480.0,480.0,0.0,0.0,0.0,0.0,183.5184,133.9607,956.2447999999999,17221.5161,0.7673295220046592,384,32871.4347460832,128,146503.8272920212,4,15549.1696,4,41158.5595,2,-7066.862999999996,-51134.3785,36.30746228239839,0,4,581,581,SB1 best SuMSy + greedy quarter,debt,6,3.637978807091713e-11
85,512,4,4,57297.57670000004,0.0,50365.7264,0.0,221933.19039999993,,0.0,50356.0043,171577.18609999993,0.0,16174.685500000001,624.6353596250002,0.00375,104.088,9681.963382722664,0.0,1.0,3221.8704836592906,4789.240471815145,0.0,0.0,1.0,0.0,0.0,1.0,0.0,0,0,123.67426786933349,4.224360830805118,127.8986287001386,9.66434853412674,1.4420497611013179,11.106398295228058,5452.155700000016,5635.169699999981,5452.155700000016,0.0,4,0,128.2816999999998,12496.6116,471.8709,1.0,1.0,0.0,0.0,0.0,0.0,0.5,0.25,381.91440000000244,17899.9434999999,7424.3631,110,4191.1759,5191.6669,4067.3115,1503.0158000000026,0.0,0.0,0.0,0.0,0.0,3,0.0,0.0,0.0,0.0,0.0,2371.133800000001,12.6858,0.013437347281330564,6.381110469314075,7.4584623423423375,NaN,2.404863313609468,4.080997341706608,0.3034671914717619,1110.0,1108.0,555.0,2046.6666666666667,1316.0,204.0,182,0,0,2,64,12.0,2048.0,23551.62209999998,12121.7113,21520.155300000002,720,48,0,128,0.36116109158736265,0.6550372474291659,0.1337877893331234,0,7973.166800000002,7070.270399999996,31,1,0.0,128,0,0,12448.322499999997,720,147502.3450334427,180056.5637227014,0.0,55,0,0,1.5,0,0.0,128,128,147502.3450334427,720,20480.0,0,0,0.0,0.0,0.0,0,347.10939999999994,242.95720000000557,NaN,5120.0,100.0,0.8570417506027938,0,0,0.0,0,0.0,5120.0,0,0.0,0,0,4,0.0,0.0,0.0,0.0,0.0,0.0,0.0,0.0,0,0,0,0,182,0.0,4,4,16957.4433,2048,480.0,480.0,0.0,0.0,0.0,0.0,185.6641,161.4453,1158.3630000000003,16684.423300000002,0.7703664933601504,384,32554.2186892589,128,147502.3450334427,4,16471.2323,4,42458.6657,2,-6940.238300000003,-50251.9163,36.15798968105067,0,4,555,555,SB1 best SuMSy + greedy quarter,debt,6,3.637978807091713e-11
86,512,4,4,58252.998700000026,0.0,51380.0898,0.0,224414.6412000003,,0.0,51370.5782,173044.06300000031,0.0,14912.584300000008,637.3488112500011,0.00375,136.8232,9617.337313029844,0.0,1.0,3160.979309585184,4736.6957086866,0.0,0.0,1.0,0.0,0.0,1.0,0.0,0,0,125.78600889184314,4.280362170453775,130.06637106229692,10.078011225542884,1.473009028527868,11.551020254070751,5432.00649999999,5452.1557000000075,5432.00649999999,0.0,4,0,128.2816999999998,12501.2032,465.491,1.0,1.0,0.0,0.0,0.0,0.0,0.5,0.25,440.8558000000024,18151.737699999896,7424.3631,111,6106.7251,5151.303100000001,5919.91,1605.0362999999984,0.0,0.0,0.0,0.0,0.0,4,0.0,0.0,0.0,0.0,0.0,2318.669899999998,13.974900000000002,0.013532355297915091,6.3008688538932685,7.3904557347669675,NaN,2.402349411764705,4.108545851197284,0.294363175727609,1116.0,1143.0,558.0,2045.3333333333335,1321.9999999999998,204.0,180,0,0,1,86,13.0,2048.0,23836.95669999998,11724.003200000001,22555.2156,720,48,0,128,0.36466861328512534,0.6553938233542249,0.14418219709466462,0,7976.902900000024,7201.893100000006,35,1,0.0,128,0,0,12763.438300000002,720,148822.75356020711,181580.26597988146,0.0,85,0,0,1.5,0,0.0,128,128,148822.75356020711,720,20480.0,0,0,0.0,0.0,0.0,0,456.09279999999995,319.27160000000345,NaN,5120.0,100.0,0.8843364889111038,0,0,0.0,0,0.0,5120.0,0,0.0,0,0,4,0.0,0.0,0.0,0.0,0.0,0.0,0.0,0.0,0,0,0,0,180,0.0,4,4,17033.7583,2048,480.0,480.0,0.0,0.0,0.0,0.0,210.2768,245.816,1421.6424999999997,17245.4605,0.769505663924106,384,32757.51241967457,128,148822.75356020711,4,17317.727099999996,4,41853.9359,2,-6881.296899999999,-51233.755000000005,36.07294970414202,0,4,558,558,SB1 best SuMSy + greedy quarter,debt,6,3.637978807091713e-11
87,512,4,4,57331.638000000006,0.0,50493.28939999999,0.0,226735.26499999996,,0.0,50483.9768,176251.28819999995,0.0,14409.309199999994,643.5053408750001,0.00375,34.06,9564.00509602697,0.0,1.0,3019.9525501789462,4751.380447351344,0.0,0.0,1.0,0.0,0.0,1.0,0.0,0,0,128.0620076362967,4.132532129144367,132.19453976544108,11.775321093332096,1.4604521789678087,13.235773272299905,5572.839199999976,5432.006499999986,5572.839199999976,0.0,4,0,128.2816999999998,12505.557,460.5902,1.0,1.0,0.0,0.0,0.0,0.0,0.5,0.25,475.4161000000023,18408.60269999989,7424.3631,112,4299.7651,5221.1258,4082.8419,1501.5399999999966,0.0,0.0,0.0,0.0,0.0,4,0.0,0.0,0.0,0.0,0.0,2188.2354999999993,13.076600000000001,0.013079933420883452,6.285912224108656,7.332753022452486,NaN,2.3813391713747643,4.084098892019003,0.2855322804557807,1158.0,1178.0,579.0,2046.6666666666667,1364.0,204.0,171,0,0,1,103,16.0,2048.0,24992.002400000023,11367.865699999998,20937.7099,720,48,0,128,0.3942093901294892,0.6603431210954649,0.14481395000120711,0,7998.163600000013,7404.804599999997,45,1,0.0,128,0,0,13727.745199999996,720,149420.83924411758,181449.62963529432,0.0,108,0,0,1.5,0,0.0,128,128,149420.83924411758,720,20480.0,0,0,0.0,0.0,0.0,0,113.6003,79.55759999999862,NaN,5120.0,100.0,0.8463764252068015,0,0,0.0,0,0.0,5120.0,0,0.0,0,0,4,0.0,0.0,0.0,0.0,0.0,0.0,0.0,0.0,0,0,0,0,171,0.0,4,4,15836.6322,2048,480.0,480.0,0.0,0.0,0.0,0.0,18.671100000000003,94.92920000000001,1179.6937,16468.943399999996,0.7760564863929789,384,32028.790391176466,128,149420.83924411758,4,18112.8897,4,44326.698300000004,2,-6846.736600000002,-50449.9168,36.03524117647058,0,4,579,579,SB1 best SuMSy + greedy quarter,debt,6,3.637978807091713e-11
88,512,4,4,63469.06579999999,0.0,56647.3176,0.0,228923.5768999997,,0.0,56638.1566,172285.4202999997,0.0,12866.144999999999,655.9615269999985,0.00375,177.568,9404.166436374077,0.0,1.0,2797.634690753013,4597.097907582747,0.0,0.0,1.0,0.0,0.0,1.0,0.0,0,0,129.24537793465885,4.564186262780384,133.80956419743922,11.430540540198598,1.4678951081328486,12.898435648331445,5838.773399999987,5572.839200000013,5838.773399999987,0.0,4,0,128.2816999999998,12510.196,462.7564,1.0,1.0,0.0,0.0,0.0,0.0,0.5,0.25,492.01650000000234,18661.032599999886,7424.3631,113,11185.1522,5047.7244,10954.276100000001,1665.5903999999916,0.0,0.0,0.0,0.0,0.0,4,0.0,0.0,0.0,0.0,0.0,1967.892199999998,12.903200000000002,0.013198446598483356,6.25399107452339,7.317741147540956,NaN,2.3930505338078296,4.071447274601931,0.2769663120421073,1220.0,1154.0,610.0,2046.6666666666667,1426.0,204.0,155,0,0,1,87,17.0,2048.0,25240.771699999998,14259.8782,23790.8479,720,48,0,128,0.3887174040315322,0.6505727439105271,0.15134446601215568,0,8046.0858999999855,7217.105699999993,42,2,0.0,128,0,0,13678.608500000004,720,151415.92072627123,185713.4248525424,0.0,90,0,0,1.5,0,0.0,128,128,151415.92072627123,720,20480.0,0,0,0.0,0.0,0.0,0,591.7909000000001,414.2060000000104,NaN,5120.0,100.0,0.9881896289890095,0,0,0.0,0,0.0,5120.0,0,0.0,0,0,4,0.0,0.0,0.0,0.0,0.0,0.0,0.0,0.0,0,0,0,0,155,0.0,4,4,18669.8846,2048,480.0,480.0,0.0,0.0,0.0,0.0,250.4361,341.3548,1334.5348000000001,19380.841500000002,0.7610796102196189,384,34297.504126271175,128,151415.92072627123,4,15333.731699999998,4,41723.8922,2,-6830.136199999999,-56460.5886,35.720087570621466,0,4,610,610,SB1 best SuMSy + greedy quarter,debt,6,3.637978807091713e-11
89,512,4,4,58327.694599999995,0.0,51545.37230000001,0.0,231154.62969999964,,0.0,51536.3476,179618.28209999963,0.0,19713.672999999984,641.8338211249985,0.00375,90.2468,9329.039322387756,0.0,1.0,3015.602410476911,4576.482931591863,0.0,0.0,1.0,0.0,0.0,1.0,0.0,0,0,131.09189544268256,4.476836396893505,135.5687318395761,10.965141027623414,1.5125306110062455,12.477671638629658,5534.061499999969,5838.773400000022,5534.061499999969,0.0,4,0,128.2816999999998,12514.5938,479.3022,1.0,1.0,0.0,0.0,0.0,0.0,0.5,0.25,531.4424000000024,18944.231399999895,7424.3631,114,243.7729,5385.1441,4.208,1626.9200999999885,0.0,0.0,0.0,0.0,0.0,4,0.0,0.0,0.0,0.0,0.0,2190.0750999999996,11.907499999999999,0.012247074429603681,6.186273060156928,7.323890418118436,NaN,2.3727326996197733,4.060150434640861,0.268657322680844,1148.0,1147.0,574.0,2046.6666666666667,1353.9999999999998,204.0,173,0,0,0,76,20.0,2048.0,24787.51869999998,11656.423200000001,21793.5059,720,48,0,128,0.37335087472338246,0.654743041896038,0.15054579310787553,0,7923.762499999986,7095.6551999999965,35,2,0.0,128,0,0,12908.792699999998,720,152590.2279631673,186250.42005729539,0.0,87,0,0,1.5,0,0.0,128,128,152590.2279631673,720,20480.0,0,0,0.0,0.0,0.0,0,300.65349999999995,210.40600000000248,NaN,5120.0,100.0,0.8155101705161534,0,0,0.0,0,0.0,5120.0,0,0.0,0,0,4,0.0,0.0,0.0,0.0,0.0,0.0,0.0,0.0,0,0,0,0,173,0.0,4,4,17609.779000000002,2048,480.0,480.0,0.0,0.0,0.0,0.0,242.6883,57.9652,1152.9758,15840.1501,0.7686172301333276,384,33660.1920941281,128,152590.2279631673,4,18652.6792,4,43818.287800000006,2,-6790.710299999997,-51446.1008,35.89575800711744,0,4,574,574,SB1 best SuMSy + greedy quarter,debt,6,3.637978807091713e-11
90,512,4,4,57032.06489999999,0.0,50243.9419,0.0,233577.88349999947,,0.0,50235.041,183342.84249999947,0.0,16488.47260000001,669.8477783749993,0.00375,99.5752,9296.643261034493,0.0,1.0,3074.805114112954,4556.444574023014,0.0,0.0,1.0,0.0,0.0,1.0,0.0,0,0,133.84730933749307,4.401068015965106,138.24837735345818,10.617045911059913,1.5331635922340587,12.150209503293972,5405.0151999999935,5534.061499999976,5405.0151999999935,0.0,4,0,128.2816999999998,12519.280200000001,471.4478,1.0,1.0,0.0,0.0,0.0,0.0,0.5,0.25,525.6417000000024,19201.9198999999,7424.3631,115,3843.8941,5139.523800000001,3584.0972,1592.8297000000184,0.0,0.0,0.0,0.0,0.0,4,0.0,0.0,0.0,0.0,0.0,2258.212799999997,11.6678,0.014233487498452022,6.152518629173995,7.341937500000015,NaN,2.3419011718749982,4.046343472051825,0.26059760300041873,1120.0,1138.0,560.0,2048.0,1326.0,204.0,180,0,0,1,76,15.0,2048.0,24012.29960000005,11721.505,21198.6851,720,48,0,128,0.357771476531656,0.657570492998282,0.15126511411039956,0,7838.055900000029,7001.566200000007,33,3,0.0,128,0,0,12396.4885,720,153523.78667385937,186900.31412775686,0.0,90,0,0,1.5,0,0.0,128,128,153523.78667385937,720,20480.0,0,0,0.0,0.0,0.0,0,331.97100000000006,232.37639999999715,NaN,5120.0,100.0,0.8199425572198789,0,0,0.0,0,0.0,5120.0,0,0.0,0,0,4,0.0,0.0,0.0,0.0,0.0,0.0,0.0,0.0,0,0,0,0,180,0.0,4,4,16981.9503,2048,480.0,480.0,0.0,0.0,0.0,0.0,223.96830000000003,108.0027,1306.7459,15938.2398,0.7717190799658742,384,33376.527453897324,128,153523.78667385937,4,19161.1617,4,44754.8006,2,-6796.511000000004,-50135.4658,35.5909904942966,0,4,560,560,SB1 best SuMSy + greedy quarter,debt,6,3.637978807091713e-11
91,512,4,4,59782.03440000003,0.0,52984.511900000005,0.0,235965.30030000018,,0.0,52975.6987,182989.60160000017,0.0,14830.896300000004,684.6366626249992,0.00375,154.0136,9235.01752663349,0.0,1.0,3002.30292844394,4497.977076089005,0.0,0.0,1.0,0.0,0.0,1.0,0.0,0,0,135.14882911426207,4.420401210325838,139.56923032458792,11.370507276713331,1.5163012305872405,12.886808507300572,5433.56599999999,5405.015199999953,5433.56599999999,0.0,4,0,128.2816999999998,12523.722000000002,465.9909,1.0,1.0,0.0,0.0,0.0,0.0,0.5,0.25,516.2422000000024,19453.100599999896,7424.3631,116,7915.0524,5165.0829,7657.343699999999,1609.8467000000308,0.0,0.0,0.0,0.0,0.0,4,0.0,0.0,0.0,0.0,0.0,2190.1649999999986,10.579500000000001,0.013849230966839174,6.152432811140119,7.297031922398586,NaN,2.360984200385356,4.0190965863564525,0.25277967491040615,1134.0,1149.0,567.0,2046.6666666666665,1339.9999999999998,204.0,176,0,0,0,78,18.0,2048.0,24769.439299999973,12666.528400000001,22192.0531,720,48,0,128,0.37434290439717643,0.6573156212214137,0.15350626991531247,0,7809.489700000015,7069.1452999999965,32,2,0.0,128,0,0,13442.277899999995,720,154674.15416171867,188264.80027812475,0.0,92,0,0,1.5,0,0.0,128,128,154674.15416171867,720,20480.0,0,0,0.0,0.0,0.0,0,513.414,359.4151999999994,NaN,5120.0,100.0,0.9060490000915526,0,0,0.0,0,0.0,5120.0,0,0.0,0,0,4,0.0,0.0,0.0,0.0,0.0,0.0,0.0,0.0,0,0,0,0,176,0.0,4,4,17145.782399999996,2048,480.0,480.0,0.0,0.0,0.0,0.0,222.2442,291.1698,1190.9449,17712.7991,0.7698498491935863,384,33590.64611640627,128,154674.15416171867,4,18580.7671,4,44194.447799999994,2,-6805.910500000004,-52821.6851,35.12851757812497,0,4,567,567,SB1 best SuMSy + greedy quarter,debt,6,3.637978807091713e-11
92,512,4,4,58753.94680000001,0.0,51965.4229,0.0,238131.1526000002,,0.0,51956.7312,186174.4214000002,0.0,16507.085699999985,683.9144046249993,0.00375,103.3464,9103.473401778861,0.0,1.0,2824.12879438043,4434.17950118591,0.0,0.0,1.0,0.0,0.0,1.0,0.0,0,0,136.40009465717185,4.367751163227685,140.76784582039951,10.630765997311466,1.5254494893796144,12.15621548669108,5647.296099999978,5433.566000000014,5647.296099999978,0.0,4,0,128.2816999999998,12528.455800000002,466.94700000000006,1.0,1.0,0.0,0.0,0.0,0.0,0.5,0.25,525.2408000000024,19717.983499999897,7424.3631,117,4269.6257,5297.7133,4016.0103,1560.8720000001094,0.0,0.0,0.0,0.0,0.0,4,0.0,0.0,0.0,0.0,0.0,2012.0100000000007,10.2488,0.01305808807423657,6.118971960958295,7.231354194630874,NaN,2.3442029197080276,3.998777203913085,0.24519628466309396,1192.0,1127.0,596.0,2048.0,1398.0,204.0,162,0,0,1,77,11.0,2048.0,23909.483900000014,12700.543099999999,22040.5734,720,48,0,128,0.3581499742846941,0.6595576306676938,0.15643946134615971,0,7855.705499999995,6896.081399999999,28,0,0.0,128,0,0,12370.160900000003,720,156262.68539219664,189650.98567630074,0.0,83,0,0,1.5,0,0.0,128,128,156262.68539219664,720,20480.0,0,0,0.0,0.0,0.0,0,344.4765,241.12439999999538,NaN,5120.0,100.0,0.9238940142645863,0,0,0.0,0,0.0,5120.0,0,0.0,0,0,4,0.0,0.0,0.0,0.0,0.0,0.0,0.0,0.0,0,0,0,0,162,0.0,4,4,16669.7214,2048,480.0,480.0,0.0,0.0,0.0,0.0,94.3672,250.1093,1149.7431000000001,18071.3951,0.7712859396048828,384,33388.30028410403,128,156262.68539219664,4,18847.1193,4,44603.801699999996,2,-6796.911900000005,-51853.3848,35.414763005780344,0,4,596,596,SB1 best SuMSy + greedy quarter,debt,6,3.637978807091713e-11
93,512,4,4,57175.2864,0.0,50386.1388,0.0,240594.4269000003,,0.0,50377.5696,190216.8573000003,0.0,16959.482999999986,696.7731377499993,0.00375,88.2208,9140.856510114312,0.0,1.0,3104.42102865466,4461.824931742881,0.0,0.0,1.0,0.0,0.0,1.0,0.0,0,0,138.09283203508394,4.4161811876194355,142.50901322270337,12.552717188423712,1.5361416759401487,14.08885886436386,5209.666500000001,5647.296099999999,5209.666500000001,0.0,4,0,128.2816999999998,12532.941600000002,473.8726,1.0,1.0,0.0,0.0,0.0,0.0,0.5,0.25,524.6171000000024,19977.770599999894,7424.3631,118,3626.3015,5204.9619,3367.2432,1587.3345999999926,0.0,0.0,0.0,0.0,0.0,4,0.0,0.0,0.0,0.0,0.0,2296.7131000000018,9.0759,0.013591598710593667,6.0531106493506455,7.191338868613141,NaN,2.307962199999998,4.007337147091504,0.23784039612320115,1096.0,1155.0,548.0,2046.6666666666667,1302.0,204.0,186,0,0,1,77,21.0,2048.0,25549.51270000001,10607.9553,20929.5976,720,48,0,128,0.3909373008055823,0.6594099555461583,0.1511642884666502,0,7712.525000000003,6991.342799999996,39,3,0.0,128,0,0,13762.981400000008,720,157173.8475206204,190949.74638394185,0.0,86,0,0,1.5,0,0.0,128,128,157173.8475206204,720,20480.0,0,0,0.0,0.0,0.0,0,294.15130000000005,205.9351999999974,NaN,5120.0,100.0,0.7622890552292426,0,0,0.0,0,0.0,5120.0,0,0.0,0,0,4,0.0,0.0,0.0,0.0,0.0,0.0,0.0,0.0,0,0,0,0,186,0.0,4,4,16769.786099999998,2048,480.0,480.0,0.0,0.0,0.0,0.0,258.2992,35.8521,1248.6836000000003,14767.766800000001,0.7740604673974105,384,33775.89886332117,128,157173.8475206204,4,21779.4886,4,45968.044499999996,2,-6797.535600000001,-50289.3488,35.16304379562042,0,4,548,548,SB1 best SuMSy + greedy quarter,debt,6,3.637978807091713e-11
94,512,4,4,62393.53369999989,0.0,55596.1666,0.0,242754.9405000004,,0.0,55587.7091,187167.2314000004,0.0,13218.587200000002,712.6085285000008,0.00375,139.2904,9049.536895447896,0.0,1.0,2708.6508034787325,4396.143863631929,0.0,0.0,1.0,0.0,0.0,1.0,0.0,0,0,140.2877776444463,4.600911915401533,144.88868955984782,13.02235632086889,1.5213879185824277,14.54374423945132,5693.833999999989,5209.666499999969,5693.833999999989,0.0,4,0,128.2816999999998,12537.722800000001,463.6234,1.0,1.0,0.0,0.0,0.0,0.0,0.5,0.25,516.3976000000026,20229.660599999886,7424.3631,119,10355.804,5137.556700000001,10096.3693,1568.2177999999924,0.0,0.0,0.0,0.0,0.0,4,0.0,0.0,0.0,0.0,0.0,1909.6376999999989,8.6889,0.01387321094038529,6.040013668430328,7.181672277227715,NaN,2.348011827956986,3.954056562562949,0.23070518423950512,1212.0,1134.0,606.0,2046.6666666666667,1418.0000000000002,204.0,156,0,0,2,78,20.0,2048.0,26238.82110000002,12844.536800000002,23170.8854,720,48,0,128,0.4009565925126368,0.6565157295506738,0.16083401969494293,0,7789.132400000012,6849.375499999992,39,2,0.0,128,0,0,14919.2362,720,158651.9057829999,193252.64365199982,0.0,76,0,0,1.5,0,0.0,128,128,158651.9057829999,720,20480.0,0,0,0.0,0.0,0.0,0,464.22860000000003,324.92560000000645,NaN,5120.0,100.0,0.9322473091796875,0,0,0.0,0,0.0,5120.0,0,0.0,0,0,4,0.0,0.0,0.0,0.0,0.0,0.0,0.0,0.0,0,0,0,0,156,0.0,4,4,17753.8637,2048,480.0,480.0,0.0,3.056535114204962,0.0,3.056535114204962,197.9006,266.328,2090.4665999999997,18261.5585,0.7672260297770426,384,34600.73786899999,128,158651.9057829999,4,19648.010000000002,4,44016.0512,2,-6805.7551,-55448.4187,34.61943299999997,0,4,606,606,SB1 best SuMSy + greedy quarter,debt,6,3.637978807091713e-11
95,512,4,4,62175.05850000005,0.0,55399.6886,0.0,244981.56520000007,,0.0,55391.5347,189590.03050000008,0.0,20231.577500000003,701.8466127499996,0.00375,202.7396,8968.273928559907,0.0,1.0,2882.2872300481995,4317.453644039923,0.0,0.0,1.0,0.0,0.0,1.0,0.0,0,0,141.8720668058048,4.582785610536015,146.4548524163408,11.751402766573403,1.590908943622157,13.34231171019556,5467.6071,5693.833999999993,5467.6071,0.0,4,0,128.2816999999998,12541.912000000002,462.4368999999999,1.0,1.0,0.0,0.0,0.0,0.0,0.5,0.25,538.3948000000028,20507.62959999989,7424.3631,119,5234.5848000000005,5453.06,4978.613,1703.704300000134,0.0,0.0,0.0,0.0,0.0,3,0.0,0.0,0.0,0.0,0.0,2084.9999,7.383,0.012643114223325893,5.972336120996436,7.21901851211073,NaN,2.307923584905657,3.9532519610128403,0.2237840287123199,1156.0,1124.0,578.0,2045.3333333333333,1361.9999999999998,204.0,171,0,0,0,78,11.0,2048.0,25653.569200000005,13514.4228,22804.3269,720,48,0,128,0.3829879695526923,0.6584399648084529,0.1547650248932353,0,7701.442099999995,6712.905799999994,37,1,0.0,128,0,0,13682.263399999998,720,160679.02023145155,195097.40200000012,0.0,73,0,0,1.5,0,0.0,128,128,160679.02023145155,720,20480.0,0,0,0.0,0.0,0.0,0,675.7339,472.99119999999675,NaN,5120.0,100.0,0.9734877860383064,0,0,0.0,0,0.0,5120.0,0,0.0,0,0,4,0.0,0.0,0.0,0.0,0.0,0.0,0.0,0.0,0,0,0,0,171,0.0,4,4,17227.0041,2048,480.0,480.0,0.0,0.0,0.0,0.0,228.4574,447.2765,1669.8591999999999,19091.745600000002,0.7675112815662444,384,34418.38176854838,128,160679.02023145155,4,19451.922,4,44125.04580000001,2,-6783.477800000002,-55188.795099999996,35.22017741935479,0,4,578,578,SB1 best SuMSy + greedy quarter,debt,6,3.637978807091713e-11
96,512,4,4,58022.23529999996,0.0,50970.2292,0.0,247323.30360000007,,0.0,50962.4466,196360.85700000008,0.0,20048.357699999997,710.9329828749994,0.00375,108.644,8954.721854536332,0.0,1.0,3006.2520743730656,4342.980253024205,0.0,0.0,1.0,0.0,0.0,1.0,0.0,0,0,144.35381473911315,4.490964718514386,148.84477945762754,12.018287729859578,1.6017473456962308,13.620035075555808,5254.29279999997,5467.607100000009,5254.29279999997,0.0,4,0,128.2816999999998,12546.740600000003,489.7711,1.0,1.0,0.0,0.0,0.0,0.0,0.5,0.25,261.7586000000027,20784.67069999989,7424.3631,119,1108.4585999999983,5261.2818,554.7813,1562.5280999999395,0.0,286.6574999999999,0.0,0.0,0.0,3,0.0,0.0,0.0,0.0,0.0,2217.9047000000005,8.018699999999999,0.013311647639725886,5.912331869078383,7.1640439639639535,NaN,2.265531163708086,3.926307802409969,0.2170705078509503,1110.0,1161.0,555.0,2048.0,1316.0,204.0,183,0,0,0,84,12.0,2048.0,25626.010799999985,11242.544800000001,21045.0357,720,48,0,128,0.37924995144240325,0.660428917241052,0.1528150074580421,0,7872.863700000024,6864.217300000002,33,1,0.0,128,0,0,13515.683199999998,720,161259.56786462257,195668.06700754736,0.0,104,0,0,1.5,0,0.0,128,128,161259.56786462257,720,20480.0,0,0,0.0,0.0,0.0,0,362.3175,253.63879999999682,NaN,5120.0,100.0,0.8109478559846699,0,0,0.0,0,0.0,5120.0,0,0.0,0,0,4,0.0,0.0,0.0,0.0,0.0,0.0,0.0,0.0,0,0,0,0,183,0.0,4,4,16510.2209,2048,480.0,480.0,0.0,0.0,0.0,0.0,218.9658,143.3517,1780.5635,15777.359600000002,0.7747872241143947,384,34408.49914292451,128,161259.56786462257,4,22402.0371,4,46183.387599999995,2,-7059.764499999996,-50853.8026,34.61885377358485,0,4,555,555,SB1 best SuMSy + greedy quarter,debt,6,3.637978807091713e-11
97,512,4,4,60766.023499999974,0.0,53836.7411,0.0,249625.46310000005,,0.0,53829.4937,195795.96940000006,0.0,15609.7979,736.3222974999989,0.00375,178.056,8856.898115996226,0.0,1.0,2830.575529498871,4247.059810664129,0.0,0.0,1.0,0.0,0.0,1.0,0.0,0,0,146.25047361457516,4.938095289504331,151.1885689040795,12.45935409339472,1.604754334867437,14.064108428262156,5374.737800000022,5254.292800000004,5374.737800000022,0.0,4,0,128.2816999999998,12550.237300000003,480.6565,1.0,1.0,0.0,0.0,0.0,0.0,0.5,0.25,384.4823000000027,21040.030299999886,7424.3631,119,7963.9991,5220.210899999999,7831.3632,1593.8232000000628,0.0,0.0,0.0,0.0,0.0,2,0.0,0.0,0.0,0.0,0.0,2050.1491999999957,6.6584,0.01412052479128837,5.902264936170207,7.054443944636686,NaN,2.2758009433962263,3.784653382318908,0.21055839261542178,1156.0,1175.0,578.0,2048.0,1362.0,204.0,171,0,0,0,85,20.0,2048.0,25536.585100000004,12727.0205,22324.361900000004,720,48,0,128,0.38285723426447116,0.6524949182463966,0.13964027475184082,0,7456.9182,6935.161299999993,42,0,0.0,128,0,0,13801.199,720,162518.94157278107,198925.48838698235,0.0,101,0,0,1.5,0,0.0,128,128,162518.94157278107,720,20480.0,0,0,0.0,0.0,0.0,0,593.3211000000001,415.27679999999475,NaN,5120.0,100.0,0.8321495712370561,0,0,0.0,0,0.0,5120.0,0,0.0,0,0,4,0.0,0.0,0.0,0.0,0.0,0.0,0.0,0.0,0,0,0,0,171,0.0,4,4,18824.5504,2048,480.0,480.0,0.0,255.81376307353366,0.0,255.81376307353366,421.0062,172.3149,1147.9734,16226.832,0.7645249092339819,384,36406.54681420117,128,162518.94157278107,4,21206.660499999998,4,45308.26120000001,2,-6936.5072,-53651.4377,33.98296745562129,0,4,578,578,SB1 best SuMSy + greedy quarter,debt,6,3.637978807091713e-11
98,512,4,4,59963.235199999974,0.0,53109.1204,0.0,251806.01249999998,,0.0,53101.869,198704.14349999998,0.0,17820.75839999999,733.9952909999982,0.00375,157.098,8765.529996354451,0.0,1.0,2795.50683101809,4193.49794756961,0.0,0.0,1.0,0.0,0.0,1.0,0.0,0,0,147.77490136703878,4.83896542989961,152.6138667969384,12.087939185958914,1.6103327937835616,13.698271979742477,5236.673299999991,5374.737800000052,5236.673299999991,0.0,4,0,128.2816999999998,12554.362000000003,348.6048,1.0,1.0,0.0,0.0,0.0,0.0,0.5,0.25,459.64990000000256,21309.177999999883,7424.3631,120,4526.1457,5328.934,4332.3754,1600.665700000032,0.0,0.0,0.0,0.0,0.0,2,0.0,0.0,0.0,0.0,0.0,2016.402099999998,7.4209,0.012875457547109274,5.905891955017298,6.976721612349883,NaN,2.264269158878505,3.816522282488688,0.20424164083695914,1166.0,1156.0,583.0,2048.0,1372.0,204.0,169,0,0,1,91,24.0,2048.0,25537.32820000003,12244.2096,22024.5994,720,48,0,128,0.37987328608832316,0.6546104322103163,0.1460653211422418,0,7496.984400000009,6827.211099999996,42,2,0.0,128,0,0,13986.988499999996,720,163869.14157358487,200013.3658283017,0.0,89,0,0,1.5,0,0.0,128,128,163869.14157358487,720,20480.0,0,0,0.0,0.0,0.0,0,523.505,366.4596000000033,NaN,5120.0,100.0,0.8208548700987618,0,0,0.0,0,0.0,5120.0,0,0.0,0,0,4,0.0,0.0,0.0,0.0,0.0,0.0,0.0,0.0,0,0,0,0,169,0.0,4,4,18276.9896,2048,480.0,480.0,0.0,0.0,0.0,0.0,385.89279999999997,137.61220000000003,1356.7778999999998,15991.8194,0.7661802628320276,384,36144.22425471698,128,163869.14157358487,4,22094.4571,4,45808.5503,2,-6861.339599999999,-52944.771,34.13701415094339,0,4,583,583,SB1 best SuMSy + greedy quarter,debt,6,3.637978807091713e-11
99,512,4,4,58955.694499999954,0.0,52135.57269999999,0.0,254145.29399999982,,0.0,52128.5597,202016.73429999984,0.0,17721.900000000016,745.1094932499989,0.00375,132.2068,8711.36098834913,0.0,1.0,2803.2765181576547,4169.654000566061,0.0,0.0,1.0,0.0,0.0,1.0,0.0,0,0,148.61410466046934,4.42594800040182,153.04005266087117,12.472925936038516,1.5392069928329406,14.012132928871457,5365.773099999997,5236.673299999957,5365.773099999997,0.0,4,0,128.2816999999998,12557.892700000002,476.357,1.0,1.0,0.0,0.0,0.0,0.0,0.5,0.25,493.6429000000026,21574.73299999989,7424.3631,120,4242.0863,5249.627,4010.5243,1453.8801000000212,0.0,0.0,0.0,0.0,0.0,2,0.0,0.0,0.0,0.0,0.0,2023.702399999995,6.6292,0.01309850418569438,5.859450859106531,7.033037586206897,NaN,2.1858323308270666,3.845991267493123,0.19811439161185038,1160.0,1164.0,580.0,2046.6666666666667,1366.0,204.0,170,0,0,0,89,22.0,2048.0,25536.799199999987,11370.7826,21915.905899999998,720,48,0,128,0.3848961785704139,0.662713127921464,0.14927104333615815,0,7477.702000000023,6820.400800000001,47,1,0.0,128,0,0,13956.7658,720,164370.080365187,199064.9160130841,0.0,96,0,0,1.5,0,0.0,128,128,164370.080365187,720,20480.0,0,0,0.0,0.0,0.0,0,440.65110000000004,308.466000000006,NaN,5120.0,100.0,0.8838311180271613,0,0,0.0,0,0.0,5120.0,0,0.0,0,0,4,0.0,0.0,0.0,0.0,0.0,0.0,0.0,0.0,0,0,0,0,170,0.0,4,4,16000.964100000001,2048,480.0,480.0,0.0,39.97159425477821,39.97159425477821,0.0,151.1718,289.47929999999997,1720.7521,17285.7244,0.7740219659324998,384,34694.83564789721,128,164370.080365187,4,23508.2041,4,46250.5966,2,-6827.110100000005,-51996.3529,33.964037383177576,0,4,580,580,SB1 best SuMSy + greedy quarter,debt,6,3.637978807091713e-11
100,512,4,4,57711.21250000003,0.0,50906.99189999999,0.0,256378.22919999994,,0.0,50899.9808,205478.24839999995,0.0,16327.659099999995,757.4150048749982,0.00375,67.9696,8707.775403868145,0.0,1.0,2783.292352829076,4201.830277578749,0.0,0.0,1.0,0.0,0.0,1.0,0.0,0,0,150.28941741979497,4.279025042568786,154.56844246236375,13.705163218042928,1.5079606913837602,15.213123909426688,5190.05330000003,5365.773099999958,5190.05330000003,0.0,4,0,128.2816999999998,12561.779600000002,355.9249,1.0,1.0,0.0,0.0,0.0,0.0,0.5,0.25,509.5441000000026,21835.376199999882,7424.3631,121,4106.2318,5350.7138,3861.6067,1507.7391999998565,0.0,0.0,0.0,0.0,0.0,2,0.0,0.0,0.0,0.0,0.0,2009.8465000000003,7.1147,0.013260347792240845,5.847164408233264,6.937202065404484,NaN,2.175712757973736,3.815517846054128,0.19217095986349483,1162.0,1166.0,581.0,2048.0,1368.0,204.0,170,0,0,2,91,20.0,2048.0,26131.104799999983,10592.8322,20919.3059,720,48,0,128,0.4045683963305391,0.6670539335449734,0.15112091950980155,0,7432.226300000003,6817.7936999999865,33,0,0.0,128,0,0,14578.4841,720,164537.02830770673,198416.07081203006,0.0,113,0,0,1.5,0,0.0,128,128,164537.02830770673,720,20480.0,0,0,0.0,0.0,0.0,0,226.4427,158.44239999999726,NaN,5120.0,100.0,0.8466938105028196,0,0,0.0,0,0.0,5120.0,0,0.0,0,0,4,0.0,0.0,0.0,0.0,0.0,0.0,0.0,0.0,0,0,0,0,170,0.0,4,4,14958.748500000002,2048,480.0,480.0,0.0,1.493837920608712,1.493837920608712,0.0,21.893,204.5497,1376.6154,16553.389600000002,0.7796569988976436,384,33879.042504323304,128,164537.02830770673,4,24952.9528,4,47592.94409999999,2,-6811.208899999998,-50832.0112,32.787484962406,0,4,581,581,SB1 best SuMSy + greedy quarter,debt,6,3.637978807091713e-11
101,512,4,4,64903.43539999998,0.0,58101.107899999995,0.0,258718.33459999997,,0.0,58094.1705,200624.16409999997,0.0,14859.58870000001,770.511185249999,0.00375,266.2196,8627.129712083955,0.0,1.0,2693.019643340148,4085.885449722621,0.0,0.0,1.0,0.0,0.0,1.0,0.0,0,0,151.4357469136214,4.939635176663884,156.37538209028526,13.808125740207181,1.555829048091168,15.363954788298349,5275.158199999956,5190.053300000015,5275.158199999956,0.0,4,0,128.2816999999998,12565.344300000002,345.24800000000005,1.0,1.0,0.0,0.0,0.0,0.0,0.5,0.25,511.4372000000026,22089.918699999886,7424.3631,121,12394.473100000001,5202.2502,12141.8237,1580.0924999999925,0.0,0.0,0.0,0.0,0.0,2,0.0,0.0,0.0,0.0,0.0,1921.1939000000011,6.6511,0.013585266373501562,5.836854772141023,6.927270151770656,NaN,2.1858759633027525,3.819730892160054,0.18640583106758998,1186.0,1163.0,593.0,2045.3333333333333,1392.0,204.0,163,0,0,2,98,22.0,2048.0,26863.20939999999,14202.4501,23571.5563,720,48,0,128,0.411905850113631,0.6546387365848845,0.1520074825955775,0,7453.328200000014,6788.26210000001,43,1,0.0,128,0,0,15285.0182,720,166779.99575933407,203818.78087898728,0.0,97,0,0,1.5,0,0.0,128,128,166779.99575933407,720,20480.0,0,0,0.0,0.0,0.0,0,887.3901,621.1619999999972,NaN,5120.0,100.0,0.9700973287534447,0,0,0.0,0,0.0,5120.0,0,0.0,0,0,4,0.0,0.0,0.0,0.0,0.0,0.0,0.0,0.0,0,0,0,0,163,0.0,4,4,18689.6697,2048,480.0,480.0,0.0,0.0,0.0,0.0,418.978,468.4121,1802.0791999999997,19084.3367,0.7628953394778011,384,37038.78511965291,128,166779.99575933407,4,21523.8767,4,45115.3191,2,-6809.243999999996,-57827.9509,32.63569136960604,0,4,593,593,SB1 best SuMSy + greedy quarter,debt,6,3.637978807091713e-11
102,512,4,4,61546.88529999997,0.0,54781.4062,0.0,260822.76160000023,,0.0,54774.4707,206048.29090000023,0.0,21912.5994,752.2429626249999,0.00375,177.3548,8519.857654115202,0.0,1.0,2645.716882237941,4051.83360274346,0.0,0.0,1.0,0.0,0.0,1.0,0.0,0,0,153.04078220109358,5.078205515386581,158.11898771648015,13.223196475499975,1.597786548284255,14.82098302378423,5427.714899999999,5275.158199999999,5427.714899999999,0.0,4,0,128.2816999999998,12569.159000000003,463.7038999999999,1.0,1.0,0.0,0.0,0.0,0.0,0.5,0.25,548.2856000000024,22380.389899999886,7424.3631,122,2118.7675,5475.3175999999985,1865.2108,1498.7345999999425,0.0,0.0,0.0,0.0,0.0,2,0.0,0.0,0.0,0.0,0.0,1875.2491000000027,6.966,0.012262445254864383,5.764624827586213,6.908197662771269,NaN,2.163965335753177,3.80488485037223,0.18081365613556225,1198.0,1160.0,599.0,2045.3333333333335,1404.0,204.0,160,0,0,0,92,19.0,2048.0,26405.41899999999,12173.681799999998,22790.4297,720,48,0,128,0.3935028778148242,0.6529461572582753,0.1555270937088693,0,7429.49640000001,6686.964800000008,38,1,0.0,128,0,0,14318.1538,720,168384.88876536695,206172.5477504588,0.0,103,0,0,1.5,0,0.0,128,128,168384.88876536695,720,20480.0,0,0,0.0,0.0,0.0,0,591.0936,413.70760000000024,NaN,5120.0,100.0,0.8046693528705562,0,0,0.0,0,0.0,5120.0,0,0.0,0,0,4,0.0,0.0,0.0,0.0,0.0,0.0,0.0,0.0,0,0,0,0,160,0.0,4,4,19271.3985,2048,480.0,480.0,0.0,460.1977666370267,0.0,460.1977666370267,466.0023,125.09129999999999,1347.7258000000002,15692.713,0.7628508441757076,384,37787.6589850917,128,168384.88876536695,4,24009.370199999998,4,45937.5472,2,-6772.395600000001,-54597.1159,32.78813944954129,0,4,599,599,SB1 best SuMSy + greedy quarter,debt,6,3.637978807091713e-11
103,512,4,4,58209.39789999998,0.0,51445.7933,0.0,263108.7398000003,,0.0,51438.9384,211669.80140000026,0.0,20452.406800000022,772.6488825000006,0.00375,147.2028,8483.838865147929,0.0,1.0,2858.227772574849,4039.320610098599,0.0,0.0,1.0,0.0,0.0,1.0,0.0,0,0,155.97984249636914,4.645614840332924,160.62545733670208,12.535570304265539,1.6333425234695866,14.168912827735126,4996.187300000031,5427.714899999989,4996.187300000031,0.0,4,0,128.2816999999998,12572.757700000004,337.9651,1.0,1.0,0.0,0.0,0.0,0.0,0.5,0.25,550.1601000000024,22654.304199999882,7424.3631,122,1953.9357,5291.423100000001,1681.8959,1592.4603000001719,0.0,0.0,0.0,0.0,0.0,2,0.0,0.0,0.0,0.0,0.0,2097.292199999999,6.675,0.013840480656656884,5.773637644959859,6.955118750000028,NaN,2.140921875,3.792970571071944,0.17538924645149542,1120.0,1121.0,560.0,2048.0,1326.0,204.0,180,0,0,1,71,12.0,2048.0,25620.48039999998,11321.8094,21119.9053,720,48,0,128,0.37666710717566265,0.6627056910119562,0.15216152282845496,0,7304.08920000002,6472.247800000002,32,0,0.0,128,0,0,13678.200600000002,720,168699.65018135213,204560.84844700532,0.0,73,0,0,1.5,0,0.0,128,128,168699.65018135213,720,20480.0,0,0,0.0,0.0,0.0,0,490.6761,343.4892000000056,NaN,5120.0,100.0,0.8301870078550364,0,0,0.0,0,0.0,5120.0,0,0.0,0,0,4,0.0,0.0,0.0,0.0,0.0,0.0,0.0,0.0,0,0,0,0,180,0.0,4,4,16218.5123,2048,480.0,480.0,0.0,0.0,0.0,0.0,245.0784,245.59769999999997,1496.6286,16223.2024,0.7734955248228919,384,35861.19826565335,128,168699.65018135213,4,25583.007100000003,4,47514.774600000004,2,-6770.442400000003,-51291.7356,32.459480036297656,0,4,560,560,SB1 best SuMSy + greedy quarter,debt,6,3.637978807091713e-11
104,512,4,4,58838.49720000001,0.0,52059.1142,0.0,265593.1477000002,,0.0,52052.2612,213540.8865000002,0.0,18378.170800000004,793.7120517500007,0.00375,131.9936,8486.351186170617,0.0,1.0,2834.178078471181,4060.3796157804036,0.0,0.0,1.0,0.0,0.0,1.0,0.0,0,0,156.87442777725977,4.544813316063361,161.41924109332314,13.517540956430413,1.6075453439354208,15.125086300365833,5121.412299999979,4996.18729999995,5121.412299999979,0.0,4,0,128.2816999999998,12576.493300000004,456.9905,1.0,1.0,0.0,0.0,0.0,0.0,0.5,0.25,534.3817000000024,22911.499099999884,7424.3631,123,5920.039699999999,5290.9404,5647.0832,1389.0992999999576,0.0,0.0,0.0,0.0,0.0,2,0.0,0.0,0.0,0.0,0.0,2072.0595,6.8078,0.0142556438341814,5.63151804707934,6.92476127886321,NaN,2.1479454368932043,3.782078630481517,0.1701275690579505,1126.0,1147.0,563.0,2046.6666666666667,1332.0,204.0,178,0,0,0,80,27.0,2048.0,26570.950700000005,11578.6341,20556.9188,720,48,0,128,0.3973192764399396,0.6641639029768784,0.15430245953673993,0,7294.416600000028,6459.351200000004,43,0,0.0,128,0,0,15014.025899999997,720,169988.46166875004,205716.18662499986,0.0,65,0,0,1.5,0,0.0,128,128,169988.46166875004,720,20480.0,0,0,0.0,0.0,0.0,0,439.96819999999997,308.00240000000366,NaN,5120.0,100.0,0.8270490905761718,0,0,0.0,0,0.0,5120.0,0,0.0,0,0,4,0.0,0.0,0.0,0.0,0.0,0.0,0.0,0.0,0,0,0,0,178,0.0,4,4,15968.3194,2048,480.0,480.0,0.0,0.0,0.0,0.0,206.1546,233.81359999999998,1420.2981999999997,16167.233499999998,0.7750019393492371,384,35727.72495625003,128,169988.46166875004,4,25812.0293,4,48444.613600000004,2,-6786.220799999998,-51920.2676,32.113828125,0,4,563,563,SB1 best SuMSy + greedy quarter,debt,6,3.637978807091713e-11
105,512,4,4,61089.33039999997,0.0,54305.1539,0.0,267775.43769999983,,0.0,54298.3868,213477.05089999986,0.0,16895.64739999999,800.7452076249996,0.00375,190.6884,8366.273431340855,0.0,1.0,2624.110009335607,3962.600220893891,0.0,0.0,1.0,0.0,0.0,1.0,0.0,0,0,161.89741693290804,5.061845798106183,166.95926273101423,13.03902104886687,1.6718258857292765,14.710846934596146,5320.420399999998,5121.412299999999,5320.420399999998,0.0,4,0,128.2816999999998,12580.126000000004,453.02570000000003,1.0,1.0,0.0,0.0,0.0,0.0,0.5,0.25,529.5882000000024,23171.801599999886,7424.3631,123,7542.087200000001,5291.254000000001,7276.9912,1565.2861000000464,0.0,0.0,0.0,0.0,0.0,2,0.0,0.0,0.0,0.0,0.0,1880.7453999999984,6.6835,0.013568270830862459,5.658120139494328,6.867443001686354,NaN,2.134059633027522,3.6989927314759146,0.16502374198621203,1186.0,1147.0,593.0,2048.0,1392.0,204.0,164,0,0,1,85,15.0,2048.0,25714.2481,13392.206100000001,21792.1878,720,48,0,128,0.37845088525946724,0.6576063455644416,0.1571877978636711,0,7246.00049999999,6489.863799999995,37,3,0.0,128,0,0,13647.0492,720,172016.009182767,209517.75827572824,0.0,102,0,0,1.5,0,0.0,128,128,172016.009182767,720,20480.0,0,0,0.0,0.0,0.0,0,635.6732000000001,445.02440000000763,NaN,5120.0,100.0,0.8783995096328883,0,0,0.0,0,0.0,5120.0,0,0.0,0,0,4,0.0,0.0,0.0,0.0,0.0,0.0,0.0,0.0,0,0,0,0,164,0.0,4,4,17968.0323,2048,480.0,480.0,0.0,133.60641974905866,133.60641974905866,0.0,364.2481,271.42510000000004,1408.8110000000001,17216.3616,0.766201868102877,384,37501.749092961196,128,172016.009182767,4,24231.8914,4,47380.739400000006,2,-6790.930300000005,-54107.6984,32.219181553398066,0,4,593,593,SB1 best SuMSy + greedy quarter,debt,6,3.637978807091713e-11
106,512,4,4,56272.97270000002,0.0,49497.632,0.0,270068.0042999998,,0.0,49490.9017,220577.10259999978,0.0,20318.638900000005,800.506707624999,0.00375,51.602,8391.006608890975,0.0,1.0,2807.583513679216,4035.1702225939825,0.0,0.0,1.0,0.0,0.0,1.0,0.0,0,0,162.383367361545,4.325126898512072,166.70849426005708,14.809841378199298,1.6307867325925325,16.44062811079183,4930.280100000025,5320.42039999997,4930.280100000025,0.0,4,0,128.2816999999998,12583.722200000004,354.88929999999993,1.0,1.0,0.0,0.0,0.0,0.0,0.5,0.25,538.4240000000024,23443.31359999989,7424.3631,123,646.8253,5463.183000000001,384.1491,1451.5887999998517,0.0,0.0,0.0,0.0,0.0,2,0.0,0.0,0.0,0.0,0.0,2060.708599999998,6.582800000000001,0.013105152446096738,5.673263910422046,6.846128801431135,NaN,2.125578669275929,3.7131809353574248,0.16007302972662565,1118.0,1161.0,559.0,2046.6666666666667,1324.0,204.0,180,0,0,1,89,27.0,2048.0,27170.507700000006,9863.831,19187.032,720,48,0,128,0.4128997940726624,0.6713923547300091,0.1527577834618441,0,7162.8278000000155,6586.659399999995,40,0,0.0,128,0,0,15251.867500000004,720,172047.9049786697,206723.93630458746,0.0,86,0,0,1.5,0,0.0,128,128,172047.9049786697,720,20480.0,0,0,0.0,0.0,0.0,0,172.1013,120.49040000000281,NaN,5120.0,100.0,0.7675096371039994,0,0,0.0,0,0.0,5120.0,0,0.0,0,0,4,0.0,0.0,0.0,0.0,0.0,0.0,0.0,0.0,0,0,0,0,180,0.0,4,4,14100.5271,2048,480.0,480.0,0.0,0.0,0.0,0.0,36.1053,135.996,1436.2019999999998,14950.335899999998,0.7832170988713849,384,34676.03132591743,128,172047.9049786697,4,28614.979499999998,4,50325.31570000001,2,-6782.059600000004,-49439.2997,32.010894495412835,0,4,559,559,SB1 best SuMSy + greedy quarter,debt,6,3.637978807091713e-11
107,512,4,4,63933.2057,0.0,57138.1578,0.0,272352.7535999996,,0.0,57131.4904,215221.26319999958,0.0,14875.738100000004,827.1315658749992,0.00375,203.75,8299.028119749533,0.0,1.0,2514.3732734824384,3943.4453631663755,0.0,0.0,1.0,0.0,0.0,1.0,0.0,0,0,162.9204781125234,5.218594105741726,168.13907221826514,15.13818707329761,1.7206661441083395,16.85885321740595,5404.018000000027,4930.280100000024,5404.018000000027,0.0,4,0,128.2816999999998,12587.388900000004,437.26509999999996,1.0,1.0,0.0,0.0,0.0,0.0,0.5,0.25,518.7168000000024,23690.78799999988,7424.3631,123,12822.9185,5162.685499999999,12555.7369,1459.9826999998788,0.0,0.0,0.0,0.0,0.0,2,0.0,0.0,0.0,0.0,0.0,1765.5005000000003,6.6631,0.01457716605556224,5.601924714160063,6.798542295081984,NaN,2.137142170818506,3.7046277252284256,0.15527083883482687,1220.0,1137.0,610.0,2046.6666666666665,1426.0,204.0,155,0,0,1,82,18.0,2048.0,28172.67570000003,12664.8453,22891.934699999998,720,48,0,128,0.4128804005069062,0.6547349661725661,0.16046097436919537,0,7276.781,6369.388399999992,25,0,0.0,128,0,0,16476.027600000005,720,174496.5351084149,213502.74174911936,0.0,98,0,0,1.5,0,0.0,128,128,174496.5351084149,720,20480.0,0,0,0.0,0.0,0.0,0,679.0852,475.331600000008,NaN,5120.0,100.0,0.842864703170866,0,0,0.0,0,0.0,5120.0,0,0.0,0,0,4,0.0,0.0,0.0,0.0,0.0,0.0,0.0,0.0,0,0,0,0,155,0.0,4,4,19060.1192,2048,480.0,480.0,0.0,563.4568399755835,0.0,563.4568399755835,445.1876,233.8976,2386.6702,16496.660799999998,0.7630359966624181,384,39006.20664070448,128,174496.5351084149,4,26010.6811,4,46662.0837,2,-6801.705800000002,-56927.7404,31.883680039138934,0,4,610,610,SB1 best SuMSy + greedy quarter,debt,6,3.637978807091713e-11
108,512,4,4,62678.41450000001,0.0,55610.559799999995,0.0,274475.2425999994,,0.0,55604.017,218871.22559999942,0.0,23698.320100000008,807.0465147499987,0.00375,207.6084,8206.734925639716,0.0,1.0,2637.07929793379,3876.270608759828,0.0,0.0,1.0,0.0,0.0,1.0,0.0,0,0,166.36471440878117,4.996532537144912,171.3612469459261,14.137987777140255,1.7383204332367594,15.876308210377015,5204.396000000019,5404.017999999998,5204.396000000019,0.0,4,0,128.2816999999998,12590.801400000004,462.0393,1.0,1.0,0.0,0.0,0.0,0.0,0.5,0.25,245.91000000000238,23976.464999999876,7424.3631,123,4370.072699999992,5624.8638999999985,3811.5889,1614.8459999999673,0.0,299.26760000000013,0.0,0.0,0.0,2,0.0,0.0,0.0,0.0,0.0,1897.6185999999998,6.4053,0.012431779587439046,5.606199656946832,6.787490582191771,NaN,2.118726305970147,3.6799924519183334,0.1506127136697821,1168.0,1166.0,584.0,2046.6666666666667,1374.0,204.0,168,0,0,1,94,18.0,2048.0,27607.142899999988,13729.7043,21133.9589,720,48,0,128,0.39734143369247676,0.6597300183921557,0.1572488741239495,0,7460.044200000004,6536.828800000007,37,3,0.0,128,0,0,14990.2766,720,175805.66729021352,213881.50072633446,0.0,109,0,0,1.5,0,0.0,128,128,175805.66729021352,720,20480.0,0,0,0.0,0.0,0.0,0,691.9254000000001,484.3167999999863,NaN,5120.0,100.0,0.891860028393294,0,0,0.0,0,0.0,5120.0,0,0.0,0,0,4,0.0,0.0,0.0,0.0,0.0,0.0,0.0,0.0,0,0,0,0,168,0.0,4,4,17367.741,2048,480.0,480.0,0.0,0.0,0.0,0.0,338.8415,353.0838999999999,1920.4858999999997,17495.9222,0.76925675478641,384,38075.83343612099,128,175805.66729021352,4,25374.7689,4,48440.3389,2,-7074.3899,-55396.4086,32.05713256227759,0,4,584,584,SB1 best SuMSy + greedy quarter,debt,6,3.637978807091713e-11
109,512,4,4,58930.94379999987,0.0,52016.5054,0.0,276698.9153999996,,0.0,52009.9645,224688.95089999962,0.0,21427.523199999985,820.6314486250003,0.00375,143.7672,8174.04114039822,0.0,1.0,2699.8003885328944,3882.375368598836,0.0,0.0,1.0,0.0,0.0,1.0,0.0,0,0,167.19900971044086,4.6775224797014445,171.8765321901423,13.893368032571638,1.7795307895605683,15.672898822132206,5113.708499999993,5204.396000000011,5113.708499999993,0.0,4,0,128.2816999999998,12594.502100000003,452.9067999999999,1.0,1.0,0.0,0.0,0.0,0.0,0.5,0.25,399.3263000000023,24254.48519999987,7424.3631,124,1512.7263,5260.196999999999,1388.2259999999999,1514.3806000000043,0.0,0.0,0.0,0.0,0.0,2,0.0,0.0,0.0,0.0,0.0,1959.778299999994,6.7699,0.01311273217880867,5.483039451114924,6.821626923076944,NaN,2.1114421755725163,3.570817299790374,0.1460943322596886,1144.0,1166.0,572.0,2046.6666666666665,1350.0,204.0,174,0,0,2,86,20.0,2048.0,27275.932199999992,10875.1866,20636.0578,720,48,0,128,0.39009237249483375,0.6662914598150798,0.13931146847166698,0,6997.759800000027,6393.224000000001,40,0,0.0,128,0,0,14675.287500000002,720,176275.17884701485,213036.77497462693,0.0,102,0,0,1.5,0,0.0,128,128,176275.17884701485,720,20480.0,0,0,0.0,0.0,0.0,0,479.1449,335.3716000000026,NaN,5120.0,100.0,0.831504568854944,0,0,0.0,0,0.0,5120.0,0,0.0,0,0,4,0.0,0.0,0.0,0.0,0.0,0.0,0.0,0.0,0,0,0,0,174,0.0,4,4,15244.7723,2048,480.0,480.0,0.0,713.8673216332345,713.8673216332345,0.0,222.4703,256.6746,2078.5913,16266.472099999999,0.7764818845566497,384,36761.596127611905,128,176275.17884701485,4,28857.717699999997,4,48960.1426,2,-6920.973599999996,-51866.1973,31.780894589552208,0,4,572,572,SB1 best SuMSy + greedy quarter,debt,6,3.637978807091713e-11
110,512,4,4,60448.798099999934,0.0,53593.135,0.0,278954.18709999975,,0.0,53586.6748,225367.51229999977,0.0,18499.31979999998,842.549759000001,0.00375,172.4608,8136.120019884293,0.0,1.0,2643.8223489623806,3853.9540715895546,0.0,0.0,1.0,0.0,0.0,1.0,0.0,0,0,172.24632023346325,5.13338067029783,177.37970090376106,14.780272221057182,1.8435561638016598,16.623828384858843,4900.920100000017,5113.708500000007,4900.920100000017,0.0,4,0,128.2816999999998,12597.835800000003,337.5585,1.0,1.0,0.0,0.0,0.0,0.0,0.5,0.25,458.10160000000235,24514.572499999882,7424.3631,124,6829.6042,5311.749899999999,6628.2922,1523.5778999999957,0.0,0.0,0.0,0.0,0.0,2,0.0,0.0,0.0,0.0,0.0,1920.0605000000025,6.2529,0.013560340713154172,5.5106198763250935,6.68194448336254,NaN,2.1037204588910137,3.5717656089618024,0.14171150229189797,1142.0,1132.0,571.0,2045.3333333333335,1348.0,204.0,173,0,0,2,74,22.0,2048.0,27567.283700000055,12203.0653,20505.988299999997,720,48,0,128,0.3956014774972072,0.660934287598409,0.15230857708841827,0,6947.846100000004,6238.021700000006,31,1,0.0,128,0,0,15437.859600000002,720,178141.65064198468,216435.06897938924,0.0,78,0,0,1.5,0,0.0,128,128,178141.65064198468,720,20480.0,0,0,0.0,0.0,0.0,0,574.782,402.2724000000071,NaN,5120.0,100.0,0.8011562003518606,0,0,0.0,0,0.0,5120.0,0,0.0,0,0,4,0.0,0.0,0.0,0.0,0.0,0.0,0.0,0.0,0,0,0,0,173,0.0,4,4,17061.4938,2048,480.0,480.0,0.0,0.0,0.0,0.0,363.26110000000006,211.5209,1441.4292999999998,15647.559799999999,0.7701054189642842,384,38293.41833740457,128,178141.65064198468,4,27984.0973,4,49140.8144,2,-6862.119499999995,-53414.214,31.671632633587745,0,4,571,571,SB1 best SuMSy + greedy quarter,debt,6,3.637978807091713e-11
111,512,4,4,60539.45740000007,0.0,53721.056200000006,0.0,281288.62840000016,,0.0,53714.5981,227574.03030000016,0.0,19928.417999999998,844.9984402500005,0.00375,188.0376,8090.366848611353,0.0,1.0,2620.263833065893,3821.27536574094,0.0,0.0,1.0,0.0,0.0,1.0,0.0,0,0,172.40132684661017,5.0794641579287925,177.48079100453896,14.468109710072293,1.8671695735920648,16.33527928366436,5050.230100000001,4900.920100000011,5050.230100000001,0.0,4,0,128.2816999999998,12601.570500000003,446.75160000000005,1.0,1.0,0.0,0.0,0.0,0.0,0.5,0.25,495.3635000000024,24782.505999999885,7424.3631,125,5562.570299999999,5471.910999999999,5331.9953,1417.6919999998818,0.0,0.0,0.0,0.0,0.0,2,0.0,0.0,0.0,0.0,0.0,1892.8549999999968,6.7269000000000005,0.0127301023777319,5.380676738197437,6.6564764705882284,NaN,2.0951949056603745,3.591238563637982,0.137460157223141,1156.0,1165.0,578.0,2045.3333333333333,1362.0,204.0,170,0,0,1,96,20.0,2048.0,27660.388699999996,11923.7335,20767.2976,720,48,0,128,0.3923290996954949,0.6617177739542626,0.1523051613120041,0,6994.343500000018,6268.488400000014,42,2,0.0,128,0,0,15411.844799999999,720,179413.18497232316,217758.98722122362,0.0,104,0,0,1.5,0,0.0,128,128,179413.18497232316,720,20480.0,0,0,0.0,0.0,0.0,0,626.6851,438.65159999999133,NaN,5120.0,100.0,0.8152882697851936,0,0,0.0,0,0.0,5120.0,0,0.0,0,0,4,0.0,0.0,0.0,0.0,0.0,0.0,0.0,0.0,0,0,0,0,170,0.0,4,4,16751.2667,2048,480.0,480.0,0.0,570.3563598841156,0.0,570.3563598841156,321.43,305.25509999999997,1702.6375,15939.7644,0.7702258176367829,384,38345.80224890056,128,179413.18497232316,4,28658.403700000003,4,49045.8134,2,-6824.857600000005,-53526.5605,31.555806883365204,0,4,578,578,SB1 best SuMSy + greedy quarter,debt,6,3.637978807091713e-11
112,512,4,4,58899.69710000003,0.0,52104.175,0.0,283439.15170000034,,0.0,52097.9104,231341.24130000034,0.0,20094.870099999996,853.3685297500003,0.00375,122.4712,8034.454379591109,0.0,1.0,2559.642476748096,3809.062003060772,0.0,0.0,1.0,0.0,0.0,1.0,0.0,0,0,178.15019893370015,4.965171813094602,183.11537074679475,15.112009000071989,1.8623450094021499,16.974354009474137,4993.241100000004,5050.230099999977,4993.241100000004,0.0,4,0,128.2816999999998,12604.711000000003,349.04220000000004,1.0,1.0,0.0,0.0,0.0,0.0,0.5,0.25,518.2426000000024,25051.115899999888,7424.3631,125,3716.8907999999997,5356.651099999999,3471.16,1469.2653999999118,0.0,0.0,0.0,0.0,0.0,2,0.0,0.0,0.0,0.0,0.0,1849.393300000002,6.0443999999999996,0.013016491461834936,5.450815979381437,6.705365748709126,NaN,2.066764352720448,3.5431525800015087,0.1333363525064468,1162.0,1164.0,581.0,2046.6666666666667,1368.0,204.0,169,0,0,1,93,24.0,2048.0,27329.333900000023,11308.4541,20139.437899999997,720,48,0,128,0.3982310075550246,0.6664617617402584,0.15711811331519976,0,6905.713000000008,6344.749799999992,40,0,0.0,128,0,0,15377.754800000002,720,180465.0396226415,217968.11214716925,0.0,97,0,0,1.5,0,0.0,128,128,180465.0396226415,720,20480.0,0,0,0.0,0.0,0.0,0,408.29769999999996,285.83440000000166,NaN,5120.0,100.0,0.8083707893573113,0,0,0.0,0,0.0,5120.0,0,0.0,0,0,4,0.0,0.0,0.0,0.0,0.0,0.0,0.0,0.0,0,0,0,0,169,0.0,4,4,15646.7284,2048,480.0,480.0,0.0,0.0,0.0,0.0,192.9139,215.3838,1940.8052999999998,15801.1636,0.7749998098649014,384,37503.072524528274,128,180465.0396226415,4,29798.9757,4,49932.5895,2,-6801.785299999999,-51975.4392,31.427923584905617,0,4,581,581,SB1 best SuMSy + greedy quarter,debt,6,3.637978807091713e-11
113,512,4,4,57925.25560000001,0.0,51133.0898,0.0,285757.765,,0.0,51126.8255,234630.9395,0.0,18149.286900000003,867.226728875,0.00375,81.0928,7999.78813715268,0.0,1.0,2554.354673586437,3820.98091643516,0.0,0.0,1.0,0.0,0.0,1.0,0.0,0,0,176.72238824885955,4.527319654226704,181.24970790308626,15.683007564125298,1.8422900996311125,17.52529766375641,5072.681199999973,4993.241100000004,5072.681199999973,0.0,4,0,128.2816999999998,12608.479700000004,441.9595,1.0,1.0,0.0,0.0,0.0,0.0,0.5,0.25,521.5989000000023,25311.60539999989,7424.3631,126,4346.7682,5321.209699999999,4089.9047,1325.249199999911,0.0,0.0,0.0,0.0,0.0,2,0.0,0.0,0.0,0.0,0.0,1834.8427999999974,6.9069,0.013624678990044837,5.361242447916668,6.596631516183983,NaN,2.0848801484230046,3.5600909487524324,0.12933626193125336,1174.0,1152.0,587.0,2046.6666666666667,1380.0,204.0,167,0,0,2,75,13.0,2048.0,28023.38659999998,10353.288799999998,19467.487399999998,720,48,0,128,0.4087760868714705,0.6725905222261674,0.15653920074599337,0,6966.052899999997,6176.151300000001,33,2,0.0,128,0,0,15836.575600000004,720,180825.57775112562,217233.30207636024,0.0,110,0,0,1.5,0,0.0,128,128,180825.57775112562,720,20480.0,0,0,0.0,0.0,0.0,0,270.2162,189.13080000000326,NaN,5120.0,100.0,0.824360701512664,0,0,0.0,0,0.0,5120.0,0,0.0,0,0,4,0.0,0.0,0.0,0.0,0.0,0.0,0.0,0.0,0,0,0,0,167,0.0,4,4,13681.9042,2048,480.0,480.0,0.0,537.8666659227792,537.8666659227792,0.0,25.8487,244.3675,1573.5469,16138.872,0.7814548753637598,384,36407.72432523453,128,180825.57775112562,4,31395.2414,4,50772.7759,2,-6798.428999999999,-51045.7327,31.00146529080672,0,4,587,587,SB1 best SuMSy + greedy quarter,debt,6,3.637978807091713e-11
114,512,4,4,64652.05409999996,0.0,57856.6975,0.0,288008.9365000002,,0.0,57850.5219,230158.41460000016,0.0,17440.074500000006,879.8306971249992,0.00375,280.5124,7973.161475393844,0.0,1.0,2539.2102352025913,3726.0904669292604,0.0,0.0,1.0,0.0,0.0,1.0,0.0,0,0,180.84913854298918,5.574410661338294,186.4235492043275,16.624011457826587,1.9087335506175176,18.532745008444103,4953.218899999989,5072.6811999999745,4953.218899999989,0.0,4,0,128.2816999999998,12611.531800000004,352.4071,1.0,1.0,0.0,0.0,0.0,0.0,0.5,0.25,518.4081000000024,25567.27409999989,7424.3631,126,12079.4629,5352.664400000001,11820.6034,1626.7283000000489,0.0,0.0,0.0,0.0,0.0,2,0.0,0.0,0.0,0.0,0.0,1831.5251000000028,5.9277999999999995,0.013704765235295222,5.4211664965986435,6.633785370051664,NaN,2.072443714821761,3.539864597800928,0.12545617407331575,1162.0,1176.0,581.0,2045.3333333333335,1368.0,204.0,169,0,0,0,95,15.0,2048.0,28863.840999999997,13491.029999999999,22016.670699999995,720,48,0,128,0.41879426113920104,0.6578886175655816,0.15810305601881702,0,6886.597199999998,6375.2918000000045,41,0,0.0,128,0,0,16758.51789999999,720,183546.6983663265,224033.77975640073,0.0,109,0,0,1.5,0,0.0,128,128,183546.6983663265,720,20480.0,0,0,0.0,0.0,0.0,0,935.0011999999999,654.4763999999878,NaN,5120.0,100.0,0.8650178590543107,0,0,0.0,0,0.0,5120.0,0,0.0,0,0,4,0.0,0.0,0.0,0.0,0.0,0.0,0.0,0.0,0,0,0,0,169,0.0,4,4,18542.6918,2048,480.0,480.0,0.0,449.674772247341,449.674772247341,0.0,577.4973,357.5039,2162.0514999999996,16965.0089,0.76370998698848,384,40487.081390074214,128,183546.6983663265,4,28573.0755,4,48225.3538,2,-6801.531399999996,-57570.0095,31.27320222634507,0,4,581,581,SB1 best SuMSy + greedy quarter,debt,6,3.637978807091713e-11
115,512,4,4,65171.541599999975,0.0,58408.199400000005,0.0,290034.5306999997,,0.0,58402.0241,231632.50659999973,0.0,21926.498800000005,862.7305694999986,0.00375,254.4904,7857.636856404293,0.0,1.0,2396.129296616652,3665.4879209362416,0.0,0.0,1.0,0.0,0.0,1.0,0.0,0,0,179.9454574693826,5.762830396781612,185.7082878661642,15.673949554840481,1.8221622789554686,17.49611183379595,5264.928599999979,4953.218900000002,5264.928599999979,0.0,4,0,128.2816999999998,12615.334500000004,436.53290000000004,1.0,1.0,0.0,0.0,0.0,0.0,0.5,0.25,550.4225000000023,25856.52689999989,7424.3631,127,5991.8936,5472.4061,5734.9836000000005,1499.5818999999942,0.0,0.0,0.0,0.0,0.0,2,0.0,0.0,0.0,0.0,0.0,1680.5313000000015,6.9907,0.01238801070312499,5.336210819949278,6.61084386252045,NaN,2.0743088809946726,3.5500658106099525,0.12169248885111628,1222.0,1183.0,611.0,2048.0,1428.0,204.0,155,0,0,2,92,31.0,2048.0,28347.273799999984,13013.2418,23556.5356,720,48,0,128,0.40734649894655406,0.653665606083635,0.1597092904894506,0,6982.2791999999945,6312.737399999995,43,0,0.0,128,0,0,15694.2894,720,185111.97072940896,227107.93735741082,0.0,102,0,0,1.5,0,0.0,128,128,185111.97072940896,720,20480.0,0,0,0.0,0.0,0.0,0,848.2331999999999,593.7256000000069,NaN,5120.0,100.0,0.8495242205730388,0,0,0.0,0,0.0,5120.0,0,0.0,0,0,4,0.0,0.0,0.0,0.0,0.0,0.0,0.0,0.0,0,0,0,0,155,0.0,4,4,19917.6011,2048,480.0,480.0,0.0,0.0,0.0,0.0,602.8972000000001,245.33599999999998,1588.1494,16652.1763,0.758288670888728,384,41995.96662800185,128,185111.97072940896,4,29295.451,4,46622.4645,2,-6769.5170000000035,-58147.5337,31.086655722326416,0,4,611,611,SB1 best SuMSy + greedy quarter,debt,6,3.637978807091713e-11
116,512,4,4,59931.734099999965,0.0,53187.1699,0.0,292210.1934999998,,0.0,53181.0706,239029.1228999998,0.0,25774.787099999998,868.5868088749984,0.00375,181.0252,7808.818257446601,0.0,1.0,2638.9036826404104,3643.6714882977767,0.0,0.0,1.0,0.0,0.0,1.0,0.0,0,0,183.8440364661887,5.140631200297481,188.98466766648616,15.116117765609062,1.9010173612033436,17.017135126812406,4876.103799999976,5264.928599999965,4876.103799999976,0.0,4,0,128.2816999999998,12618.310900000004,458.89360000000005,1.0,1.0,0.0,0.0,0.0,0.0,0.5,0.25,569.2005000000024,26148.570699999895,7424.3631,127,273.2658,5513.0733,0.0,1554.2084999999915,0.0,0.0,0.0,0.0,0.0,2,0.0,0.0,0.0,0.0,0.0,1934.5203999999994,5.8405000000000005,0.013142888527066857,5.312761518324606,6.630641860465101,NaN,2.038721135029356,3.532549240860997,0.11804171418558276,1118.0,1146.0,559.0,2045.3333333333335,1324.0000000000002,204.0,180,0,0,1,84,24.0,2048.0,27847.390800000012,11207.0374,20696.2807,720,48,0,128,0.3905064467588282,0.6654158658901859,0.15484005014251445,0,6795.565800000015,6088.424699999999,33,1,0.0,128,0,0,15315.774299999997,720,185330.82321403196,224703.9426119005,0.0,98,0,0,1.5,0,0.0,128,128,185330.82321403196,720,20480.0,0,0,0.0,0.0,0.0,0,603.483,422.4099999999999,NaN,5120.0,100.0,0.823767524275297,0,0,0.0,0,0.0,5120.0,0,0.0,0,0,4,0.0,0.0,0.0,0.0,0.0,0.0,0.0,0.0,0,0,0,0,180,0.0,4,4,15779.310400000002,2048,480.0,480.0,0.0,0.0,0.0,0.0,279.9581,323.5249,1791.1156999999998,16124.007699999998,0.7718134116581306,384,39373.11939786858,128,185330.82321403196,4,31879.7843,4,49221.3841,2,-6750.663299999997,-53000.0454,31.11463321492009,0,4,559,559,SB1 best SuMSy + greedy quarter,debt,6,3.637978807091713e-11
117,512,4,4,59610.639899999944,0.0,52849.3615,0.0,294373.1896999995,,0.0,52843.2622,241529.92749999953,0.0,19396.452,895.9362691249983,0.00375,138.332,7776.901756685553,0.0,1.0,2496.444006291411,3645.764987790425,0.0,0.0,1.0,0.0,0.0,1.0,0.0,0,0,185.41104567914059,4.74971090327931,190.16075658241988,16.36307915479642,1.8483914083526982,18.21147056314912,5006.625699999986,4876.103800000028,5006.625699999986,0.0,4,0,128.2816999999998,12622.147600000004,449.072,1.0,1.0,0.0,0.0,0.0,0.0,0.5,0.25,552.4860000000025,26414.475899999896,7424.3631,128,5138.0256,5459.1197999999995,4855.7941,1455.6048999998895,0.0,0.0,0.0,0.0,0.0,2,0.0,0.0,0.0,0.0,0.0,1795.1556000000035,7.0601,0.014504752961329094,5.311240254237282,6.549687135506007,NaN,2.054056074766355,3.509885850645431,0.11450046276001527,1166.0,1180.0,583.0,2046.6666666666667,1371.9999999999998,204.0,168,0,0,1,103,33.0,2048.0,28605.480700000022,11185.2553,19681.5719,720,48,0,128,0.4164832388699269,0.6720545801133704,0.1587203570582847,2,6822.496800000016,6267.263499999993,48,0,0.0,128,0,0,16747.006,720,185678.16278546985,223770.53686692764,0.0,100,0,0,1.5,0,0.0,128,128,185678.16278546985,720,20480.0,0,0,0.0,0.0,0.0,0,461.05799999999994,322.72279999999313,NaN,5120.0,100.0,0.8704834330376254,0,0,0.0,0,0.0,5120.0,0,0.0,0,0,4,0.0,0.0,0.0,0.0,0.0,0.0,0.0,0.0,0,0,0,0,168,0.0,4,4,13773.2661,2048,480.0,480.0,0.0,802.2705023808312,802.2705023808312,0.0,88.01610000000001,373.0419,1741.5667999999998,17093.5611,0.7784341985669512,384,38092.37408145793,128,185678.16278546985,4,32346.2777,4,50543.9874,2,-6767.377799999999,-52704.930199999995,30.58081702544034,0,4,583,583,SB1 best SuMSy + greedy quarter,debt,6,3.637978807091713e-11
118,512,4,4,63119.810799999905,0.0,56348.5083,0.0,296398.45189999964,,0.0,56341.9637,240056.48819999964,0.0,18845.199600000007,905.701658124998,0.00375,269.4472,7656.293714321962,0.0,1.0,2325.1513442248597,3508.8874595480233,0.0,0.0,1.0,0.0,0.0,1.0,0.0,0,0,186.84914998736318,5.342917911115697,192.19206789847885,15.307997022943127,1.8594447568547219,17.167441779797848,5158.41139999997,5006.625700000013,5158.41139999997,0.0,4,0,128.2816999999998,12625.041100000004,353.82189999999997,1.0,1.0,0.0,0.0,0.0,0.0,0.5,0.25,542.4619000000024,26678.724799999894,7424.3631,128,8817.919800000001,5308.7489,8543.6468,1604.793999999943,0.0,0.0,0.0,0.0,0.0,2,0.0,0.0,0.0,0.0,0.0,1624.0690999999981,5.7134,0.013799780420336635,5.359435590277782,6.541163414634142,NaN,2.050814462081131,3.5011794662669193,0.11106544887721483,1230.0,1152.0,615.0,2046.6666666666667,1436.0000000000002,204.0,152,0,0,2,96,29.0,2048.0,27574.910100000005,14319.4083,20956.0452,720,48,0,128,0.398282344837829,0.661831112719671,0.16466847545135788,0,6886.013400000009,6174.069800000005,44,0,0.0,128,0,0,15087.9635,720,188224.1349792056,229351.84229439264,0.0,90,0,0,1.5,0,0.0,128,128,188224.1349792056,720,20480.0,0,0,0.0,0.0,0.0,0,898.0403000000001,628.624000000003,NaN,5120.0,100.0,0.9163548040486275,0,0,0.0,0,0.0,5120.0,0,0.0,0,0,4,0.0,0.0,0.0,0.0,0.0,0.0,0.0,0.0,0,0,0,0,152,0.0,4,4,17247.9673,2048,480.0,480.0,0.0,1632.2633196019642,1632.2633196019642,0.0,493.79269999999997,404.24760000000003,1691.7673,18027.4862,0.7654320401237646,384,41127.70731518691,128,188224.1349792056,4,29311.631999999998,4,49138.6287,2,-6777.319000000001,-56072.5165,30.810841121495326,0,4,615,615,SB1 best SuMSy + greedy quarter,debt,6,3.637978807091713e-11
119,512,4,4,57852.399900000026,0.0,51093.5165,0.0,298706.804,,0.0,51086.9983,247619.8057,0.0,22439.05560000001,899.7513732499995,0.00375,23.3904,7696.597455490983,0.0,1.0,2675.5882381585225,3630.643261994025,0.0,0.0,1.0,0.0,0.0,1.0,0.0,0,0,186.45343493822435,4.5347085155376785,190.98814345376204,18.43867740491806,1.777878351050406,20.216555755968468,4654.070999999966,5158.411400000025,4654.070999999966,0.0,4,0,128.2816999999998,12628.911800000003,324.1761,1.0,1.0,0.0,0.0,0.0,0.0,0.5,0.25,554.8810000000024,26960.441299999893,7424.3631,129,269.29740000000004,5536.708299999999,0.4255,1305.5702000000188,0.0,0.0,0.0,0.0,0.0,2,0.0,0.0,0.0,0.0,0.0,1968.1429000000032,7.1240000000000006,0.012968814978470158,5.25726968911916,6.587174410163303,NaN,2.0342994035785273,3.5366039229740145,0.10773348541089842,1102.0,1158.0,551.0,2045.3333333333335,1308.0,204.0,184,0,0,0,96,30.0,2048.0,31349.437899999983,9276.3786,17203.193,720,48,0,128,0.43772633228900926,0.6737225446593107,0.15476221419213188,0,6769.8954,6087.9182999999875,44,1,0.0,128,0,0,18183.404,720,188329.1993670636,226890.72959682558,0.0,90,0,0,1.5,0,0.0,128,128,188329.1993670636,720,20480.0,0,0,0.0,0.0,0.0,0,78.0134,54.611599999999555,NaN,5120.0,100.0,0.6707526223803324,0,0,0.0,0,0.0,5120.0,0,0.0,0,0,4,0.0,0.0,0.0,0.0,0.0,0.0,0.0,0.0,0,0,0,0,184,0.0,4,4,13480.8511,2048,480.0,480.0,0.0,0.0,0.0,0.0,63.1921,14.8213,2146.4749,12998.7205,0.7820152705836918,384,38561.53022976194,128,188329.1993670636,4,35347.8906,4,53098.0619,2,-6764.899900000002,-51063.6079,30.762216931216965,0,4,551,551,SB1 best SuMSy + greedy quarter,debt,6,3.637978807091713e-11
120,512,4,4,64696.74380000004,0.0,57595.0189,0.0,300879.6536999999,,0.0,57588.5268,243291.1268999999,0.0,19369.6413,928.5406961249994,0.00375,186.5332,7582.140213876533,0.0,1.0,2179.2503314759874,3521.4095342510527,0.0,0.0,1.0,0.0,0.0,1.0,0.0,0,0,191.09358654109468,5.744818451032122,196.8384049921268,17.830680303894624,1.9357069230051962,19.76638722689982,5458.366800000005,4654.0709999999835,5458.366800000005,0.0,4,0,128.2816999999998,12631.721400000004,463.9531,1.0,1.0,0.0,0.0,0.0,0.0,0.5,0.25,212.03950000000196,27215.91449999989,7424.3631,129,12154.366100000008,5310.022200000001,11556.051399999998,1357.4216000000486,0.0,322.79910000000007,0.0,0.0,0.0,2,0.0,0.0,0.0,0.0,0.0,1485.2864000000009,5.6525,0.014677111592707034,5.190600607638884,6.527231045241847,NaN,2.0492374367622266,3.468194018120788,0.10450148084857144,1282.0,1152.0,641.0,2048.0,1488.0,204.0,140,0,0,1,84,23.0,2048.0,30190.402099999992,12514.6539,21805.1546,720,48,0,128,0.42451931578524604,0.6562766051064126,0.16299756110324903,0,7227.559800000007,5979.5718999999945,35,0,0.0,128,0,0,18046.4934,720,190998.01985497022,234455.00854393648,0.0,101,0,0,1.5,0,0.0,128,128,190998.01985497022,720,20480.0,0,0,0.0,0.0,0.0,0,621.9257,435.3472000000067,NaN,5120.0,100.0,0.7862768010394664,0,0,0.0,0,0.0,5120.0,0,0.0,0,0,4,0.0,0.0,0.0,0.0,0.0,0.0,0.0,0.0,0,0,0,0,140,0.0,4,4,18949.2074,2048,480.0,480.0,0.0,1458.4409999059126,0.0,1458.4409999059126,426.13149999999996,195.7942,2595.7244,15370.6011,0.7625917093872334,384,43456.9886889662,128,190998.01985497022,4,32198.107599999996,4,48479.8418,2,-7107.6574999999975,-57401.9936,30.51449105367791,0,4,641,641,SB1 best SuMSy + greedy quarter,debt,6,3.637978807091713e-11
