round,persons_alive,farms_open,bakeries_open,money_in_circulation,money_in_dead_balances,outstanding_debt,peer_lent,government_debt,termination,government_peer_debt,government_bank_debt,bonds_outstanding,government_arrears,bonds_issued,coupons,bond_rate,government_cash,government_reserve_target,surplus_redistributed,tax_scale,government_outlay,tax_shortfall,tax_policy_step,consumption_tax,consumption_tax_scale,wealth_tax,wealth_tax_base,wealth_tax_scale,clearing_residue,negative_wealth_persons,zero_cash_persons,wealth_gap_meals,wealth_bottom10_meals,wealth_top10_meals,cash_gap_meals,cash_bottom10_meals,cash_top10_meals,invoices_issued,invoices_paid,invoices_open,invoices_overdue,liquidations,refoundings,bad_debt,bank_bailouts,profit_tax,profit_tax_scale,parking_tax_scale,income_tax_accrued,income_tax_charged,wealth_tax_arrears,consumption_tax_rate_now,bracket_top_rate,bracket_bottom_rate,bank_retained_interest,cumulative_interest_paid,cumulative_write_offs,cumulative_credit_refusals,money_created,money_destroyed,credit_demand,tax,enterprise_tax,deposit_interest,buffer_pool,insurance_premiums,insurance_payouts,missed_payments,cash_banks,gi_created,demurrage_destroyed,demurrage_tax,account_fees,fees,trade_arrears,interest_rate,price_bread,price_grain,price_ticket,price_rent,price_wage,wage_bid_producers,bread_baked,bread_sold,grain_harvested,labour_offered,labour_sold,government_labour,unemployed,hungry,without_bread,half_meals,gluttons,bread_stocked,total_capacity,cash_persons,cash_farms,cash_bakeries,land_persons,land_farms,land_banks,landholders,gini_cash_persons,gini_net_wealth_persons,gini_income_persons,persons_below_meal,persons_income,bread_bill,gluttony_attempted,gluttony_refused,tickets_sold,n_greedy,hungry_greedy,hungry_others,cash_greedy,land_greedy,wealth_greedy,wealth_persons,bread_greedy,greedy_loaves,greedy_tickets,ration,tier_multiplier,tier_sold,tier_revenue,n_consumers,n_hoarders,wealth_hoarders,land_hoarders,shares_hoarders,greedy_land,greedy_shares,ticket_revenue,theatre_labour,cash_theatres,theatres_open,dividends,dividend_income_persons,share_price_mean,share_units_per_firm,founders_stake_pct,book_per_unit_mean,share_trades,share_trades_deferred,share_contracts_outstanding,share_seizures,share_volume,founders_stake_mean,outside_holders,forward_value_mean,coop_worker_open,coop_consumer_open,coop_member_open,coop_retained_reserve,coop_buffer_pledged,buffer_pledged_persons,patronage_wages,rebates,membership_capital,reserved_labour,coop_worker_hours,coop_members_worker,coop_members_consumer,worker_members,unemployed_members,unemployed_nonmembers,rebate_income_persons,coop_open,forprofit_open,cash_coops,coop_members,coop_capital,founder_capital,founder_debt,reserve_shortfall_owned,reserve_shortfall_coops,reserve_shortfall_forprofit,dividends_coops,dividends_forprofit,founders_cash,cash_forprofit,gini_net_wealth_all,n_workers,wealth_workers,n_landowners,wealth_landowners,n_farms,wealth_farms,n_bakeries,wealth_bakeries,n_banks,wealth_banks,wealth_government,land_price,deaths,closures,production_target_farms,production_target_bakeries,rung,system,seed,identity
1,512,4,4,26751.48060000003,0.0,5189.823999999997,3839.823999999997,3839.823999999997,,3839.823999999997,0.0,0.0,0.0,0.0,0.0,0.0025,0.0,11820.0036,0.0,1.0,3940.0011999999997,7779.825199999999,0.0,0.0,1.0,0.0,0.0,1.0,0.0,0,0,23.160929411764705,3.7885113725490194,26.949440784313726,1.5693052941176475,2.873192156862745,4.442497450980392,1168.563999999997,0.0,1168.563999999997,0.0,0,0,0.0,0.0,0.0,1.0,1.0,0.0,0.0,0.0,0.0,0.5,0.25,0.0,0.0,0.0,48,2560.0,233.79940000000008,3839.824,100.17719999999991,0.0,0.0,0.0,0.0,0.0,0,0.0,2560.0,233.79940000000008,0.0,274.0,3280.0,0.0,0.0,5.0,5.200000000000013,2.0,0.75,3.729700272479588,3.9200000000000013,320.0,86.0,160.0,2048.0,734.0,204.0,328,0,0,0,54,32.0,2048.0,19607.574600000018,482.7284,4264.0192,680,88,0,120,0.07925149017968747,0.4317956117374393,0.06620393192008134,0,8124.854600000015,430.0,55,1,520.0,0,0,0,0.0,0,0.0,48818.8546000002,0.0,0,0,0,1.5,0,0.0,0,0,0.0,0,0.0,0,0,1040.0,208.0,2397.1584,4,0.0,0.0,NaN,5120.0,100.0,0.14801279296874997,0,0,0.0,0,0.0,5120.0,0,0.0,0,0,0,0.0,0.0,0.0,0.0,0.0,0.0,0.0,0.0,0,0,0,0,328,0.0,0,12,0.0,0,0.0,1440.0,0.0,1921.3740000000007,0.0,1921.3740000000007,0.0,0.0,1740.9464999999998,7143.906,0.4407366003572888,392,18170.10080000001,120,30648.75380000002,4,0.0,4,403.44000000000005,2,248.16,-3839.823999999997,37.5,0,0,160,160,"X1 SuMSy money, debt fiscal package (comparison)",sumsy,5,1.4551915228366852e-11
2,512,4,4,29031.30789999995,0.0,21821.257900000004,2936.433899999999,5771.200800000006,,5771.200800000006,0.0,0.0,0.0,0.0,0.0,0.0025,0.0,9435.0036,0.0,1.0,2350.0011999999997,6030.601599999998,0.0,0.0,1.0,0.0,0.0,1.0,0.0,0,0,23.361484313725487,3.939860392156863,27.30134470588235,1.5984752941176463,2.887452549019608,4.4859278431372545,3134.8040000000296,1168.5639999999923,3134.8040000000296,0.0,0,0,0.0,0.0,0.0,1.0,1.0,0.0,0.0,0.0,0.0,0.5,0.25,0.0,0.0,0.0,48,2560.0,280.1727000000006,2936.4339,418.6244000000048,0.0,0.0,0.0,0.0,0.0,163,0.0,2560.0,280.1727000000006,0.0,274.0,1690.0,0.0,0.001237817149952706,4.909762081784373,5.478851428571412,2.2133552364864806,NaN,3.5177966472302984,3.802399999999999,910.0,1076.0,455.0,2048.0,1372.0,204.0,169,0,0,1,52,33.0,2048.0,19234.34,749.21,7090.5329,313,455,0,53,0.08582436441639096,0.42377658779949723,0.043989155408526104,0,8272.196599999977,5282.903999999985,52,0,592.0,0,0,0,0.0,0,0.0,50241.84090000007,0.0,0,0,0,1.5,0,0.0,0,0,0.0,0,0.0,0,0,1310.3062999999966,256.0,1957.225,4,0.0,0.0,NaN,5120.0,100.0,0.17593442057291667,0,0,0.0,0,0.0,5120.0,0,0.0,0,0,0,0.0,0.0,0.0,0.0,0.0,0.0,0.0,0.0,0,0,0,0,169,0.0,0,12,0.0,0,0.0,1440.0,0.0,11371.273653133612,0.0,11371.273653133612,0.0,0.0,1833.4295000000002,9796.9679,0.4398484696967002,459,35883.15670000001,53,14358.684199999996,4,0.0,4,403.44000000000005,2,515.0982000000001,-5771.200800000006,37.5,0,0,455,455,"X1 SuMSy money, debt fiscal package (comparison)",sumsy,5,1.4551915228366852e-11
3,512,4,4,31265.844699999983,0.0,26420.02939090912,2286.4901,6961.586400000013,,6961.586400000013,0.0,0.0,0.0,0.0,0.0,0.0025,0.0,8202.495249070631,0.0,1.0,1912.4928490706313,5054.694132713745,0.0,0.0,1.0,0.0,0.0,1.0,0.0,0,0,24.20537939353208,4.130827733546323,28.336207127078403,2.174800082473956,2.9717413785460267,5.146541461019983,3624.799699999949,3134.8040000000537,3624.799699999949,0.0,0,0,0.0,0.0,0.0,1.0,1.0,0.0,0.0,0.0,0.0,0.5,0.25,0.0,-10.0508,0.0,48,2560.0,325.4631999999996,2286.4901,722.1065000000222,0.0,0.0,0.0,0.0,0.0,278,29.4888,2560.0,325.4631999999996,0.0,274.0,1264.4045,0.0,0.0015700710988250067,4.843730612244934,5.406663011152375,2.2661417165668674,NaN,3.451391414041353,3.688327999999999,1076.0,1078.0,538.0,2046.6666666666665,1538.0,204.0,127,0,0,1,52,36.0,2048.0,20104.329299999998,1663.1091000000001,7805.206099999999,230,538,0,39,0.08784778274294758,0.41760616302271547,0.03835459396713037,0,8238.771399999996,5221.541600000039,52,0,501.0,0,0,0,0.0,0,0.0,51889.074609090916,0.0,0,0,0,1.5,0,0.0,0,0,0.0,0,0.0,0,0,1135.3370000000004,256.0,1663.7114,4,0.0,0.0,NaN,5120.0,100.0,0.19344507531368357,0,0,0.0,0,0.0,5120.0,0,0.0,0,0,0,0.0,0.0,0.0,0.0,0.0,0.0,0.0,0.0,0,0,0,0,127,0.0,0,12,0.0,0,0.0,1440.0,0.0,12980.655917137437,0.0,12980.655917137437,0.0,0.0,2223.7201999999997,11132.0266,0.44072466422963585,473,41186.83386363633,39,10702.240745454548,4,0.0,4,403.4399999999998,2,784.0737,-6961.586400000013,37.56818181818182,0,0,538,538,"X1 SuMSy money, debt fiscal package (comparison)",sumsy,5,1.4551915228366852e-11
4,512,4,4,33455.4323,0.0,26670.31800000002,1266.8777,8072.436300000012,,8072.436300000012,0.0,0.0,0.0,0.0,0.0,0.0025,0.0,7581.176528212957,0.0,1.0,1905.7401218799794,4545.168085475291,0.0,0.0,1.0,0.0,0.0,1.0,0.0,0,0,24.90219257880533,4.041620832407612,28.943813411212943,2.3916361383073537,3.1516905910263033,5.543326729333657,3571.7601999999893,3624.7996999999536,3571.7601999999893,0.0,0,0,0.0,0.0,0.0,1.0,1.0,0.0,0.0,0.0,0.0,0.5,0.25,0.0,-30.55982500000001,0.0,48,2560.0,370.4123999999999,1266.8777,794.890300000027,0.0,0.0,0.0,0.0,0.0,355,25.587600000000002,2560.0,370.4123999999999,0.0,274.0,1266.3685,0.0,0.001955878881784793,5.466717289719626,5.364225698324029,2.241931517509729,NaN,3.3423502869898147,3.5776781599999983,1074.0,1070.0,537.0,2046.6666666666667,1535.9999999999998,204.0,127,0,0,2,48,36.0,2048.0,20875.98880000003,1874.4492,8702.005799999999,230,538,0,39,0.07624471997764726,0.41365864497606974,0.0368904903349192,0,8076.4824000000135,5849.3875,48,0,514.0,0,0,0,0.0,0,0.0,52712.773568292796,0.0,0,0,0,1.5,0,0.0,0,0,0.0,0,0.0,0,0,1152.3528000000008,256.0,1977.4009,4,0.0,0.0,NaN,5120.0,100.0,0.23096541428480669,0,0,0.0,0,0.0,5120.0,0,0.0,0,0,0,0.0,0.0,0.0,0.0,0.0,0.0,0.0,0.0,0,0,0,0,127,0.0,0,12,0.0,0,0.0,1440.0,0.0,11139.145763967083,0.0,11139.145763967083,0.0,0.0,2314.3026999999997,12553.8559,0.4385905764275124,473,41885.37019999998,39,10827.403368292678,4,0.0,4,403.4398999999996,2,1054.7586,-8072.436300000012,37.61067073170731,0,0,537,537,"X1 SuMSy money, debt fiscal package (comparison)",sumsy,5,1.4551915228366852e-11
5,512,4,4,35601.16779999994,0.0,26932.720900000015,1286.7948,9359.231100000014,,9359.231100000014,0.0,0.0,0.0,0.0,0.0,0.0025,0.0,7306.46952128605,0.0,1.0,2069.2138311928065,4307.336760857357,0.0,0.0,1.0,0.0,0.0,1.0,0.0,0,0,22.094953512687812,3.76735822642064,25.862311739108453,2.192936113094798,2.889846983727683,5.082783096822481,3619.511700000017,3571.760199999976,3619.511700000017,0.0,0,0,0.0,0.0,0.0,1.0,1.0,0.0,0.0,0.0,0.0,0.5,0.25,0.0,-51.578525000000006,0.0,48,2560.0,414.2644999999999,1286.7948,782.416199999992,0.0,0.0,0.0,0.0,0.0,405,31.5191,2560.0,414.2644999999999,0.0,274.0,1347.6017999999979,0.0,0.003424114868388637,5.5973512750455345,5.471317164179097,2.198914912280703,NaN,3.3818635477463648,3.4703478152,1072.0,1098.0,536.0,2045.3333333333335,1534.0,204.0,128,0,0,0,63,47.0,2048.0,22080.77809999999,1913.266,9940.121600000002,230,538,0,39,0.07329151774950748,0.4034162527492853,0.023310433053373547,0,8178.913899999983,6145.8916999999965,63,0,228.0,0,0,0,0.0,0,0.0,53982.62519666877,0.0,0,0,0,1.5,0,0.0,0,0,0.0,0,0.0,0,0,501.3526000000002,256.0,1635.483,4,0.0,0.0,NaN,5120.0,100.0,0.2628095250939574,0,0,0.0,0,0.0,5120.0,0,0.0,0,0,0,0.0,0.0,0.0,0.0,0.0,0.0,0.0,0.0,0,0,0,0,128,0.0,0,12,0.0,0,0.0,1440.0,0.0,9662.113418919691,0.0,9662.113418919691,0.0,0.0,2301.0352,13488.8706,0.430420778212107,473,43050.91260000001,39,10931.712596668644,4,0.0,4,403.43989999999985,2,1323.3534,-9359.231100000014,37.60527215942889,0,0,536,536,"X1 SuMSy money, debt fiscal package (comparison)",sumsy,5,1.4551915228366852e-11
6,512,4,4,37705.01409999997,0.0,27468.713142648852,1334.2330999999997,10693.46410000002,,10693.46410000002,0.0,0.0,0.0,0.0,0.0,0.0025,0.0,7146.197630736209,0.0,1.0,2114.9460593290005,4164.310553824132,0.0,0.0,1.0,0.0,0.0,1.0,0.0,0,0,21.519524999869805,3.927974125621283,25.44749912549109,1.9362997724154503,3.1636150449997085,5.099914817415159,3672.0952000000916,3619.5117000000564,3672.0952000000916,0.0,0,0,0.0,0.0,0.0,1.0,1.0,0.0,0.0,0.0,0.0,0.5,0.25,0.0,-71.46875000000003,0.0,48,2560.0,456.15370000000013,1334.2331,780.7125999999987,0.0,0.0,0.0,0.0,0.0,451,31.4107,2560.0,456.15370000000013,0.0,274.0,1376.0933000000011,0.0,0.0032699826933789288,5.604413881019823,5.483275000000027,1.8973384798099797,NaN,3.367885656971635,3.3662373807439985,1088.0,1059.0,544.0,2048.0,1550.0,204.0,124,0,0,2,48,36.0,2048.0,23192.13019999998,1986.5770000000002,10902.768199999999,224,544,0,38,0.06239405173244328,0.39256643683496995,0.01286989598927013,0,8213.325099999982,5935.074299999993,48,0,421.0,0,0,0,0.0,0,0.0,55221.675434871795,0.0,0,0,0,1.5,0,0.0,0,0,0.0,0,0.0,0,0,798.7795000000015,256.0,1592.1280000000002,4,0.0,0.0,NaN,5120.0,100.0,0.2963963936226954,0,0,0.0,0,0.0,5120.0,0,0.0,0,0,0,0.0,0.0,0.0,0.0,0.0,0.0,0.0,0.0,0,0,0,0,124,0.0,0,12,0.0,0,0.0,1440.0,0.0,9313.652452463262,0.0,9313.652452463262,0.0,0.0,2435.7289,14481.4732,0.42171177536592497,474,44469.08754264885,38,10752.587892222979,4,0.0,4,403.43979999999965,2,1591.867,-10693.46410000002,37.6918571081383,0,0,544,544,"X1 SuMSy money, debt fiscal package (comparison)",sumsy,5,1.4551915228366852e-11
7,512,4,4,39766.6855,0.0,27830.613000000012,1397.5992,12091.063200000017,,12091.063200000017,0.0,0.0,0.0,0.0,0.0,0.0025,0.0,7060.1274491733475,0.0,1.0,2181.235453265392,4080.6715613536517,0.0,0.0,1.0,0.0,0.0,1.0,0.0,0,0,21.681875162613025,3.9748194559249286,25.656694618537955,1.9841911513767474,3.2168372353723016,5.20102838674905,3588.171600000007,3672.0952000000684,3588.171600000007,0.0,0,0,0.0,0.0,0.0,1.0,1.0,0.0,0.0,0.0,0.0,0.5,0.25,0.0,-90.230375,0.0,48,2560.0,498.32859999999926,1397.5992,783.6333000000117,0.0,0.0,0.0,0.0,0.0,494,31.302,2560.0,498.32859999999926,0.0,274.0,1441.4517000000026,0.0,0.003059107755722819,5.54836450137237,5.409791573033695,1.835473584905654,NaN,3.4587600211075875,3.26525025932168,1068.0,1093.0,534.0,2045.3333333333335,1530.0,204.0,129,0,0,1,55,51.0,2048.0,23863.001300000025,2056.2817999999997,11929.8989,224,544,0,38,0.06180600820323323,0.3878579299609888,0.017244335711591896,0,8325.806400000007,6064.3624,55,0,636.0,0,0,0,0.0,0,0.0,56064.0688126021,0.0,0,0,0,1.5,0,0.0,0,0,0.0,0,0.0,0,0,1167.361199999996,256.0,1886.2015000000001,4,0.0,0.0,NaN,5120.0,100.0,0.33622419622915706,0,0,0.0,0,0.0,5120.0,0,0.0,0,0,0,0.0,0.0,0.0,0.0,0.0,0.0,0.0,0.0,0,0,0,0,129,0.0,0,12,0.0,0,0.0,1440.0,0.0,7497.915485026073,0.0,7497.915485026073,0.0,0.0,2329.1911000000005,15872.3822,0.41879646747443666,474,45220.66569999998,38,10843.403112602104,4,0.0,4,403.4396999999999,2,1857.1053000000002,-12091.063200000017,37.72937907411655,0,0,534,534,"X1 SuMSy money, debt fiscal package (comparison)",sumsy,5,1.4551915228366852e-11
8,512,4,4,41787.18230000002,0.0,28147.69400000001,1352.7805999999998,13443.843700000021,,13443.843700000021,0.0,0.0,0.0,0.0,0.0,0.0025,0.5613,6982.220608072859,0.0,1.0,2145.624240123147,4007.629863715232,0.0,0.0,1.0,0.0,0.0,1.0,0.0,0,0,22.015316302045,4.074925247366677,26.090241549411676,2.1873209517087084,3.354595860389409,5.541916812098117,3601.3517999999885,3588.1716000000115,3601.3517999999885,0.0,0,0,0.0,0.0,0.0,1.0,1.0,0.0,0.0,0.0,0.0,0.5,0.25,0.0,-107.86299999999999,0.0,48,2560.0,539.5032000000003,1352.7806,793.4137000000004,0.0,0.0,0.0,0.0,0.0,539,31.1934,2560.0,539.5032000000003,0.0,274.0,1413.2360000000026,0.0,0.002832797800276027,5.502506603773582,5.39759832713753,1.8427015624999954,NaN,3.428449359025447,3.167292751542029,1076.0,1060.0,538.0,2046.6666666666665,1538.0,204.0,127,0,0,2,53,36.0,2048.0,24736.705699999988,2031.0307,12800.031300000002,224,544,0,38,0.06744962118019404,0.3832975452937797,0.01621703548024489,0,8263.716400000003,5832.6569999999965,53,0,640.0,0,0,0,0.0,0,0.0,57065.27669311278,0.0,0,0,0,1.5,0,0.0,0,0,0.0,0,0.0,0,0,1179.328999999997,256.0,2187.6598999999997,4,1.9089,1.336,NaN,5120.0,100.0,0.3720551869022435,0,0,0.0,0,0.0,5120.0,0,0.0,0,0,0,0.0,0.0,0.0,0.0,0.0,0.0,0.0,0.0,0,0,0,0,127,0.0,0,12,0.0,0,0.0,1440.0,0.0,6756.4979383021455,0.0,6756.4979383021455,0.0,1.9089,2568.8345000000004,17018.7219,0.4158657821034406,474,46147.895800000035,38,10917.380893112751,4,0.0,4,403.4395999999997,2,2121.1339000000003,-13443.282400000022,37.76507184425336,0,0,538,538,"X1 SuMSy money, debt fiscal package (comparison)",sumsy,5,1.4551915228366852e-11
9,512,4,4,43767.37279999997,0.0,28431.865000000005,1319.8706,14763.714200000019,,14763.714200000019,0.0,0.0,0.0,0.0,0.0,0.0025,1.2258,6909.884183924235,0.0,1.0,2110.39759691175,3943.1598448383725,0.0,0.0,1.0,0.0,0.0,1.0,0.0,0,0,22.336148733738288,4.140043137841864,26.476191871580152,2.261293488390909,3.5623319176969335,5.823625406087842,3565.3873999999983,3601.351800000009,3565.3873999999983,0.0,0,0,0.0,0.0,0.0,1.0,1.0,0.0,0.0,0.0,0.0,0.5,0.25,0.0,-124.36712499999993,0.0,48,2560.0,579.8094999999998,1319.8706,791.2149000000007,0.0,0.0,0.0,0.0,0.0,575,31.0856,2560.0,579.8094999999998,0.0,274.0,1384.0641000000028,0.0,0.0028388509276705397,5.44636099356026,5.320218703703692,1.9764037499999987,NaN,3.3938179237125703,3.0722739689957668,1080.0,1087.0,540.0,2045.3333333333335,1542.0,204.0,125,0,0,1,58,42.0,2048.0,25643.651900000037,2034.9516999999998,13599.4105,224,544,0,38,0.07014826802424245,0.37947469305189574,0.017660753130789297,0,8182.405700000004,5920.194400000003,58,0,640.0,0,0,0,0.0,0,0.0,57802.92568845709,0.0,0,0,0,1.5,0,0.0,0,0,0.0,0,0.0,0,0,1264.8983999999991,256.0,2457.0473,4,4.1685,2.9179999999999997,NaN,5120.0,100.0,0.4062540336769229,0,0,0.0,0,0.0,5120.0,0,0.0,0,0,0,0.0,0.0,0.0,0.0,0.0,0.0,0.0,0.0,0,0,0,0,125,0.0,0,12,0.0,0,0.0,1440.0,0.0,5627.519078437133,0.0,5627.519078437133,0.0,4.1685,2737.6616000000004,18091.409499999998,0.4125402025664435,474,46849.78150000001,38,10953.14418845711,4,0.0,4,541.8980000000001,2,2385.5214000000005,-14762.488400000018,37.751818252040685,0,0,540,540,"X1 SuMSy money, debt fiscal package (comparison)",sumsy,5,1.4551915228366852e-11
10,512,4,4,45708.006700000005,0.0,28708.83340000004,1312.6676,16076.38170000002,,16076.38170000002,0.0,0.0,0.0,0.0,0.0,0.0025,2.4571,6848.205236167312,0.0,1.0,2097.6982354516654,3889.3012841115356,0.0,0.0,1.0,0.0,0.0,1.0,0.0,0,0,22.50808424579124,4.358608603142768,26.866692848934004,2.985450324593605,3.86235442260636,6.847804747199965,3511.0564999999956,3565.3874000000264,3511.0564999999956,0.0,0,0,0.0,0.0,0.0,1.0,1.0,0.0,0.0,0.0,0.0,0.5,0.25,0.0,-139.74334999999994,0.0,48,2560.0,619.3660999999996,1312.6676,786.3093000000005,0.0,0.0,0.0,0.0,0.0,600,30.976100000000002,2560.0,619.3660999999996,0.0,274.0,1378.7740000000028,0.0,0.0028223465144290418,5.3483810102899865,5.240189053803341,2.0966223437499982,NaN,3.367642024556245,2.9801057499258943,1078.0,1069.0,539.0,2046.6666666666665,1540.0,204.0,126,0,0,0,50,37.0,2048.0,27312.313699999984,2033.4227999999998,13755.283699999998,224,544,0,38,0.08550535788614533,0.37491022818248654,0.01699530253453574,0,8103.073300000015,5717.419299999996,50,0,640.0,0,0,0,0.0,0,0.0,58600.96943314484,0.0,0,0,0,1.5,0,0.0,0,0,0.0,0,0.0,0,0,1341.8382999999988,256.0,2573.5532999999996,4,8.3568,5.85,NaN,5120.0,100.0,0.42782583022568327,0,0,0.0,0,0.0,5120.0,0,0.0,0,0,0,0.0,0.0,0.0,0.0,0.0,0.0,0.0,0.0,0,0,0,0,126,0.0,0,12,0.0,0,0.0,1440.0,0.0,5045.882262644051,0.0,5045.882262644051,0.0,8.3568,3207.2731,18362.259800000003,0.4131121957524595,474,47603.261800000066,38,10997.707633144828,4,0.0,4,1156.3743999999997,2,2650.3036,-16073.92460000002,37.78641711225369,0,0,539,539,"X1 SuMSy money, debt fiscal package (comparison)",sumsy,5,1.4551915228366852e-11
11,512,4,4,47609.8471,0.0,28978.23610000003,1305.1018,17381.483500000017,,17381.483500000017,0.0,0.0,0.0,0.0,0.0,0.0025,17.0685,6793.867019063959,0.0,1.0,2083.494949343476,3837.477470285058,0.0,0.0,1.0,0.0,0.0,1.0,0.0,0,0,22.986833089032405,4.477756721806428,27.464589810838834,4.095077054309122,3.978249690346122,8.073326744655244,3477.2453999999857,3511.056499999997,3477.2453999999857,0.0,0,0,0.0,0.0,0.0,1.0,1.0,0.0,0.0,0.0,0.0,0.5,0.25,0.0,-153.99074999999985,0.0,48,2560.0,658.1595999999996,1305.1018,793.3564000000008,0.0,0.0,0.0,0.0,0.0,609,40.150800000000004,2560.0,658.1595999999996,0.0,274.0,1377.5106000000012,0.0,0.002752698567242116,5.275611315547375,5.213608938547465,2.1927787500000004,NaN,3.328492834217638,2.8907025774281183,1074.0,1087.0,537.0,2048.0,1536.0,204.0,128,0,0,0,57,43.0,2048.0,28901.585800000015,2014.5083,13602.896400000001,224,544,0,38,0.10990648927255409,0.3721809491564936,0.016152171890404965,0,8006.836499999998,5734.589499999997,57,0,640.0,0,0,0,0.0,0,0.0,59248.136861487685,0.0,0,0,0,1.5,0,0.0,0,0,0.0,0,0.0,0,0,1403.3784000000003,256.0,3033.6373000000003,4,58.0546,40.638,NaN,5120.0,100.0,0.44925634380880036,0,0,0.0,0,0.0,5120.0,0,0.0,0,0,0,0.0,0.0,0.0,0.0,0.0,0.0,0.0,0.0,0,0,0,0,128,0.0,0,12,0.0,0,0.0,1440.0,0.0,4892.099410186377,0.0,4892.099410186377,0.0,58.0546,3707.8866999999996,18651.042000000005,0.4191064339288062,474,48194.134600000085,38,11054.002261487587,4,0.0,4,2175.6292,2,2915.0874000000003,-17364.415000000015,37.77209625664101,0,0,537,537,"X1 SuMSy money, debt fiscal package (comparison)",sumsy,5,1.4551915228366852e-11
12,512,4,4,49473.65009999996,0.0,29204.771200000032,1262.2343,18643.71770000002,,18643.71770000002,0.0,0.0,0.0,0.0,0.0,0.0025,21.4585,6739.127534200106,0.0,1.0,2045.6644002325768,3791.0063394667327,0.0,0.0,1.0,0.0,0.0,1.0,0.0,0,0,23.368176736641335,4.585226265122909,27.953403001764247,5.1850088151599225,4.096350665160097,9.28135948032002,3421.0394999999876,3477.245399999996,3421.0394999999876,0.0,0,0,0.0,0.0,0.0,1.0,1.0,0.0,0.0,0.0,0.0,0.5,0.25,0.0,-167.10937499999991,0.0,48,2560.0,696.1970000000005,1262.2343,788.2553999999989,0.0,0.0,0.0,0.0,0.0,614,323.18629999999996,2560.0,696.1970000000005,0.0,274.0,1349.2822000000028,0.0,0.008842798268737195,5.187636237256723,5.098632653061207,2.281803124999997,NaN,3.297393632241726,2.8039815001052735,1078.0,1079.0,539.0,2048.0,1540.0,204.0,127,0,0,1,60,39.0,2048.0,30491.63079999999,1993.3234000000002,13831.3323,224,544,0,38,0.13159287544004128,0.3684221356360049,0.01716398074560721,0,7916.760300000001,5597.4595000000045,60,0,640.0,0,0,0,0.0,0,0.0,59896.23758341321,0.0,0,0,0,1.5,0,0.0,0,0,0.0,0,0.0,0,0,1460.3539999999982,256.0,2812.7188,4,72.988,51.09160000000001,NaN,5120.0,100.0,0.4657705134347667,0,0,0.0,0,0.0,5120.0,0,0.0,0,0,0,0.0,0.0,0.0,0.0,0.0,0.0,0.0,0.0,0,0,0,0,127,0.0,0,12,0.0,0,0.0,1440.0,0.0,4791.292581013927,0.0,4791.292581013927,0.0,72.988,4209.733400000001,18637.3745,0.4271925134717529,474,48805.35120000002,38,11090.88638341321,4,0.0,4,2670.0454,2,3167.885,-18622.25920000002,37.758491443808964,0,0,539,539,"X1 SuMSy money, debt fiscal package (comparison)",sumsy,5,1.4551915228366852e-11
13,512,4,4,51300.17759999994,0.0,29364.869400000018,1195.7973000000002,19839.515000000018,,19839.515000000018,0.0,0.0,0.0,0.0,0.0,0.0025,28.4141,6253.764821573237,0.0,1.0,1998.5503494925197,3405.9365643821534,0.0,0.0,1.0,0.0,0.0,1.0,0.0,0,0,23.764857693277122,4.814874919034739,28.57973261231186,6.440560171389653,4.222229203038534,10.662789374428188,3421.7664000000045,3421.0395000000017,3421.7664000000045,0.0,0,0,0.0,0.0,0.0,1.0,1.0,0.0,0.0,0.0,0.0,0.5,0.25,0.0,-179.09937499999992,0.0,48,2560.0,733.4724999999999,1195.7973,810.2903999999994,0.0,0.0,0.0,0.0,0.0,618,461.0151,2560.0,733.4724999999999,0.0,274.0,1313.7854000000011,0.0,0.015,5.1088553803339485,5.078938191881911,2.3591682812499943,NaN,3.352317777049089,2.719862055102116,1084.0,1078.0,542.0,2046.6666666666665,1546.0,204.0,125,0,0,1,53,41.0,2048.0,32158.556400000027,1939.1026000000002,13690.8181,224,544,0,38,0.15169295446485376,0.36470211128268204,0.039455058008044386,0,7936.238400000003,5507.346099999996,53,0,640.0,0,0,0,0.0,0,0.0,60621.371279242536,0.0,0,0,0,1.5,0,0.0,0,0,0.0,0,0.0,0,0,1509.8676999999964,256.0,3022.2713000000003,4,96.64829999999999,67.65400000000001,NaN,5120.0,100.0,0.4827543290716223,0,0,0.0,0,0.0,5120.0,0,0.0,0,0,0,0.0,0.0,0.0,0.0,0.0,0.0,0.0,0.0,0,0,0,0,125,0.0,0,12,0.0,0,0.0,1440.0,0.0,4786.464750641368,0.0,4786.464750641368,0.0,96.64829999999999,4774.200900000001,18652.192,0.43294295836292607,474,49443.54299999996,38,11177.828279242547,4,0.0,4,3509.9219000000003,2,3275.4758999999995,-19811.100900000016,37.74556687161852,0,0,542,542,"X1 SuMSy money, debt fiscal package (comparison)",sumsy,5,1.4551915228366852e-11
14,512,4,4,53090.17350000001,0.0,29491.14730000002,1161.977,21001.492000000017,,21001.492000000017,0.0,0.0,0.0,0.0,0.0,0.0025,33.2749,6160.407261729155,0.0,1.0,1976.5709606236796,3308.6187994860984,0.0,0.0,1.0,0.0,0.0,1.0,0.0,0,0,24.423127298452616,4.980508960568143,29.403636259020757,7.889212568745053,4.320635699758955,12.209848268504008,3371.547899999971,3421.766400000009,3371.547899999971,0.0,0,0,0.0,0.0,0.0,1.0,1.0,0.0,0.0,0.0,0.0,0.5,0.25,0.0,-189.96077499999998,0.0,48,2560.0,770.0041000000009,1161.977,820.1339000000012,0.0,0.0,0.0,0.0,0.0,621,528.4322,2560.0,770.0041000000009,0.0,274.0,1302.2030999999997,0.0,0.015,5.010433302063798,5.035462337662313,2.44579984375,NaN,3.353396997968013,2.6382661934490526,1078.0,1066.0,539.0,2046.6666666666665,1540.0,204.0,126,0,0,0,49,34.0,2048.0,33885.56410000002,1923.1772,13350.576399999998,224,544,0,38,0.1752619345700681,0.3634450605184001,0.05207426897801293,0,7873.728400000007,5341.121900000008,49,0,640.0,0,0,0,0.0,0,0.0,61406.73183028038,0.0,0,0,0,1.5,0,0.0,0,0,0.0,0,0.0,0,0,1565.3119000000002,256.0,3369.1487,4,113.1791,79.22480000000002,NaN,5120.0,100.0,0.49935149673262463,0,0,0.0,0,0.0,5120.0,0,0.0,0,0,0,0.0,0.0,0.0,0.0,0.0,0.0,0.0,0.0,0,0,0,0,126,0.0,0,12,0.0,0,0.0,1440.0,0.0,5084.972898736278,0.0,5084.972898736278,0.0,113.1791,5523.4707,18642.902299999998,0.43948177743533257,474,50202.389899999944,38,11204.34193028042,4,0.0,4,4440.0102,2,3312.6551,-20968.217100000016,37.7332885280376,0,0,539,539,"X1 SuMSy money, debt fiscal package (comparison)",sumsy,5,1.4551915228366852e-11
15,512,4,4,54844.370600000046,0.0,29602.82840000001,1147.3803,22148.872200000016,,22148.872200000016,0.0,0.0,0.0,0.0,0.0,0.0025,39.955,6171.87623397561,0.0,1.0,1958.368738056448,3306.006389317071,0.0,0.0,1.0,0.0,0.0,1.0,0.0,0,0,24.845541756070094,5.127759910310587,29.97330166638068,9.388574331649114,4.451631740588456,13.840206072237569,3409.450199999986,3371.547899999982,3409.450199999986,0.0,0,0,0.0,0.0,0.0,1.0,1.0,0.0,0.0,0.0,0.0,0.5,0.25,0.0,-199.6937,0.0,48,2560.0,805.8029000000006,1147.3803,818.4868000000002,0.0,0.0,0.0,0.0,0.0,624,561.5111999999999,2560.0,805.8029000000006,0.0,274.0,1296.9932999999992,0.0,0.015,4.949095078922933,5.1518462686567235,2.5292646874999964,NaN,3.339187285444883,2.5591182076455814,1072.0,1077.0,536.0,2048.0,1534.0,204.0,128,0,0,1,54,34.0,2048.0,35512.215299999996,1906.5221000000001,13703.978500000001,224,544,0,38,0.19655961390615717,0.36123793550192507,0.05944466426481143,0,7799.695200000009,5330.175399999998,54,0,640.0,0,0,0,0.0,0,0.0,62091.87339876641,0.0,0,0,0,1.5,0,0.0,0,0,0.0,0,0.0,0,0,1618.7293999999977,256.0,3120.1885,4,135.9016,95.13160000000003,NaN,5120.0,100.0,0.5175341212775039,0,0,0.0,0,0.0,5120.0,0,0.0,0,0,0,0.0,0.0,0.0,0.0,0.0,0.0,0.0,0.0,0,0,0,0,128,0.0,0,12,0.0,0,0.0,1440.0,0.0,4886.00168037442,0.0,4886.00168037442,0.0,135.9016,6048.7497,18730.6891,0.444662743255281,474,50877.52480000001,38,11214.3485987664,4,0.0,4,4674.789200000001,2,3315.4962,-22108.917200000014,37.72162410163572,0,0,536,536,"X1 SuMSy money, debt fiscal package (comparison)",sumsy,5,1.4551915228366852e-11
16,512,4,4,56563.48299999994,0.0,29671.57390000001,1104.4447,23253.31680000002,,23253.31680000002,0.0,0.0,0.0,0.0,0.0,0.0025,38.7198,6173.9410584014295,0.0,1.0,1913.99941958326,3306.609572267619,0.0,0.0,1.0,0.0,0.0,1.0,0.0,0,0,25.105999004185843,5.186816900997293,30.29281590518314,10.83090139298341,4.50915191822989,15.3400533112133,3379.8825000000056,3409.4501999999966,3379.8825000000056,0.0,0,0,0.0,0.0,0.0,1.0,1.0,0.0,0.0,0.0,0.0,0.5,0.25,0.0,-208.2986249999999,0.0,48,2560.0,840.8875999999998,1104.4447,809.1114999999996,0.0,0.0,0.0,0.0,0.0,627,429.8432,2560.0,840.8875999999998,0.0,274.0,1260.7216999999996,0.0,0.015,4.8957828254847655,5.077541929499078,2.6322759375000007,NaN,3.310079708063523,2.4823446614162132,1078.0,1083.0,539.0,2046.6666666666667,1540.0,204.0,126,0,0,3,58,38.0,2048.0,37010.3578,1954.3501,14209.025099999999,224,544,0,38,0.21393098319146397,0.35826492835754276,0.06269469953129536,0,7711.770899999995,5302.132800000001,58,0,640.0,0,0,0,0.0,0,0.0,62648.63690882805,0.0,0,0,0,1.5,0,0.0,0,0,0.0,0,0.0,0,0,1684.6566000000005,256.0,2921.1870000000004,4,131.7013,92.19119999999997,NaN,5120.0,100.0,0.540052741466884,0,0,0.0,0,0.0,5120.0,0,0.0,0,0,0,0.0,0.0,0.0,0.0,0.0,0.0,0.0,0.0,0,0,0,0,126,0.0,0,12,0.0,0,0.0,1440.0,0.0,4668.617356644349,0.0,4668.617356644349,0.0,131.7013,6571.861000000001,19084.5622,0.44755730831993623,474,51450.25739999999,38,11198.379508828086,4,0.0,4,4674.7891,2,3304.4335,-23214.59700000002,37.710542896553946,0,0,539,539,"X1 SuMSy money, debt fiscal package (comparison)",sumsy,5,1.4551915228366852e-11
17,512,4,4,58248.212100000004,0.0,29735.49320000002,1099.6185,24352.935200000018,,24352.935200000018,0.0,0.0,0.0,0.0,0.0,0.0025,47.234,6129.770693266955,0.0,1.0,1892.5323706549086,3272.659678844636,0.0,0.0,1.0,0.0,0.0,1.0,0.0,0,0,25.39767584196556,5.286571284827781,30.68424712679334,12.122172818055846,4.578635070267217,16.700807888323062,3332.446499999996,3379.882500000005,3332.446499999996,0.0,0,0,0.0,0.0,0.0,1.0,1.0,0.0,0.0,0.0,0.0,0.5,0.25,0.0,-215.77414999999988,0.0,48,2560.0,875.2709000000008,1099.6185,802.3952000000011,0.0,0.0,0.0,0.0,0.0,630,509.7797,2560.0,875.2709000000008,0.0,274.0,1246.294000000001,0.0,0.015,4.8161344859813076,4.990779444444455,2.7440234374999983,NaN,3.2362196711828743,2.4078743215737264,1080.0,1070.0,540.0,2044.0,1542.0000000000002,204.0,126,0,0,1,50,35.0,2048.0,38470.94520000002,1995.7569,13943.316499999999,224,544,0,38,0.22953748803233154,0.35701300918343293,0.0556130216107944,0,7576.354699999992,5153.263899999999,50,0,640.0,0,0,0,0.0,0,0.0,63167.969428386656,0.0,0,0,0,1.5,0,0.0,0,0,0.0,0,0.0,0,0,1756.174999999999,256.0,3281.1798,4,160.6588,112.46079999999994,NaN,5120.0,100.0,0.559025126447576,0,0,0.0,0,0.0,5120.0,0,0.0,0,0,0,0.0,0.0,0.0,0.0,0.0,0.0,0.0,0.0,0,0,0,0,126,0.0,0,12,0.0,0,0.0,1440.0,0.0,4655.9924006316905,0.0,4655.9924006316905,0.0,160.6588,7077.003600000001,19220.2532,0.45335681794800853,474,51927.19870000001,38,11240.770728386675,4,0.0,4,5363.1008999999995,2,3354.1321,-24305.701200000018,37.70001575172624,0,0,540,540,"X1 SuMSy money, debt fiscal package (comparison)",sumsy,5,1.4551915228366852e-11
18,512,4,4,59899.24549999996,0.0,29780.70560000002,1080.9115000000002,25433.84670000002,,25433.84670000002,0.0,0.0,0.0,0.0,0.0,0.0025,64.0014,6071.308141594827,0.0,1.0,1881.0958526404875,3224.96639439655,0.0,0.0,1.0,0.0,0.0,1.0,0.0,0,0,26.115868362179945,5.392380646294448,31.508249008474394,13.442806652167402,4.672724499979938,18.115531152147337,3310.9192000000007,3332.4465000000064,3310.9192000000007,0.0,0,0,0.0,0.0,0.0,1.0,1.0,0.0,0.0,0.0,0.0,0.5,0.25,0.0,-222.12094999999988,0.0,48,2560.0,908.9666000000001,1080.9115,818.2620000000009,0.0,0.0,0.0,0.0,0.0,633,548.842,2560.0,908.9666000000001,0.0,274.0,1245.3695999999986,0.0,0.015,4.71425463917526,5.015398504672906,2.8537514062500007,NaN,3.2341591724213754,2.335638091926515,1070.0,1067.0,535.0,2046.6666666666665,1532.0,204.0,128,0,0,1,42,37.0,2048.0,39963.05750000001,2027.3399,13803.8634,224,544,0,38,0.24070899130657275,0.3555227193756001,0.06620417555962477,0,7514.786400000019,5030.109700000002,42,0,640.0,0,0,0,0.0,0,0.0,63718.94475196731,0.0,0,0,0,1.5,0,0.0,0,0,0.0,0,0.0,0,0,1826.4009000000003,256.0,3492.1413,4,217.6927,152.38479999999996,NaN,5120.0,100.0,0.5774715794350931,0,0,0.0,0,0.0,5120.0,0,0.0,0,0,0,0.0,0.0,0.0,0.0,0.0,0.0,0.0,0.0,0,0,0,0,128,0.0,0,12,0.0,0,0.0,1440.0,0.0,4377.421229464516,0.0,4377.421229464516,0.0,217.6927,7553.566799999999,19323.344600000004,0.45822695221327714,474,52340.529199999924,38,11378.415551967342,4,0.0,4,5856.560999999998,2,3362.9565000000002,-25369.84530000002,37.69001496413992,0,0,535,535,"X1 SuMSy money, debt fiscal package (comparison)",sumsy,5,1.4551915228366852e-11
19,512,4,4,61517.2612000001,0.0,29789.400000000016,1044.3935,26478.240200000022,,26478.240200000022,0.0,0.0,0.0,0.0,0.0,0.0025,65.8611,5989.046139240918,0.0,1.0,1852.1874438497493,3167.2248428272783,0.0,0.0,1.0,0.0,0.0,1.0,0.0,0,0,26.8456965087833,5.609108898641266,32.454805407424566,14.669614047519929,4.842451616910062,19.512065664429993,3272.294899999984,3310.9192000000176,3272.294899999984,0.0,0,0,0.0,0.0,0.0,1.0,1.0,0.0,0.0,0.0,0.0,0.5,0.25,0.0,-227.33934999999994,0.0,48,2560.0,941.984300000001,1044.3935,810.9971000000005,0.0,0.0,0.0,0.0,0.0,635,570.0162,2560.0,941.984300000001,0.0,274.0,1229.905199999999,0.0,0.015,4.637919828408008,4.968930337078638,2.98636390625,NaN,3.202615106124935,2.26556894916872,1068.0,1049.0,534.0,2046.6666666666667,1530.0,204.0,129,0,0,1,37,26.0,2048.0,41447.621100000026,2072.2928,14013.6615,224,544,0,38,0.2530156103034389,0.35487005476322286,0.06995745113100216,0,7422.509300000002,4865.177900000001,37,0,640.0,0,0,0,0.0,0,0.0,64262.48338436903,0.0,0,0,0,1.5,0,0.0,0,0,0.0,0,0.0,0,0,1911.2729,256.0,3347.8084999999996,4,224.01770000000002,156.81240000000003,NaN,5120.0,100.0,0.5960417111566979,0,0,0.0,0,0.0,5120.0,0,0.0,0,0,0,0.0,0.0,0.0,0.0,0.0,0.0,0.0,0.0,0,0,0,0,129,0.0,0,12,0.0,0,0.0,1440.0,0.0,4316.113869697533,0.0,4316.113869697533,0.0,224.01770000000002,8097.0492,19433.762800000004,0.46311794524218364,474,52714.707700000006,38,11547.775684368971,4,0.0,4,5856.561,2,3353.8928,-26412.379100000024,37.68051421593292,0,0,534,534,"X1 SuMSy money, debt fiscal package (comparison)",sumsy,5,1.4551915228366852e-11
20,512,4,4,63102.91600000005,0.0,29796.765600000024,1043.0647,27521.304900000025,,27521.304900000025,0.0,0.0,0.0,0.0,0.0,0.0025,81.7391,5913.600635924084,0.0,1.0,1843.8422268558131,3109.5595822827217,0.0,0.0,1.0,0.0,0.0,1.0,0.0,0,0,27.476304823187682,5.677632407588938,33.15393723077662,16.294518530773317,4.913840657618835,21.20835918839215,3269.878199999968,3272.294899999996,3269.878199999968,0.0,0,0,0.0,0.0,0.0,1.0,1.0,0.0,0.0,0.0,0.0,0.5,0.25,0.0,-231.42955000000003,0.0,48,2560.0,974.3452000000002,1043.0647,818.3208000000009,0.0,0.0,0.0,0.0,0.0,637,581.3402,2560.0,974.3452000000002,0.0,274.0,1231.6353999999988,0.0,0.015,4.564370157553288,5.032167107750449,3.107205937500005,NaN,3.174963629835445,2.1976018806936577,1058.0,1079.0,529.0,2046.6666666666667,1520.0,204.0,131,0,0,1,54,28.0,2048.0,42745.40860000002,2122.9503,13656.262200000001,224,544,0,38,0.26962613381087985,0.35603646764747676,0.07664165716835658,0,7334.803599999997,4924.955399999998,54,0,640.0,0,0,0,0.0,0,0.0,64619.352325150605,0.0,0,0,0,1.5,0,0.0,0,0,0.0,0,0.0,0,0,1988.6118000000033,256.0,3915.2155999999995,4,278.0252,194.61759999999998,NaN,5120.0,100.0,0.6170614769986024,0,0,0.0,0,0.0,5120.0,0,0.0,0,0,0,0.0,0.0,0.0,0.0,0.0,0.0,0.0,0.0,0,0,0,0,131,0.0,0,12,0.0,0,0.0,1440.0,0.0,4220.011514081911,0.0,4220.011514081911,0.0,278.0252,8769.63,19694.4281,0.4695470343748005,474,53069.93710000006,38,11549.415225150524,4,0.0,4,6577.7833,2,3334.9789,-27439.565800000026,37.67148850513627,0,0,529,529,"X1 SuMSy money, debt fiscal package (comparison)",sumsy,5,1.4551915228366852e-11
21,512,4,4,64656.857999999986,0.0,29735.514300000028,974.4477999999999,28495.752700000026,,28495.752700000026,0.0,0.0,0.0,0.0,0.0,0.0025,91.1008,5830.86929244827,0.0,1.0,1779.4722230084956,3049.19913663218,0.0,0.0,1.0,0.0,0.0,1.0,0.0,0,0,27.899485806193503,5.783178992212347,33.68266479840585,17.751969066104667,4.9213585194469545,22.673327585551622,3288.6973000000044,3269.8782000000006,3288.6973000000044,0.0,0,0,0.0,0.0,0.0,1.0,1.0,0.0,0.0,0.0,0.0,0.5,0.25,0.0,-234.39094999999992,0.0,48,2560.0,1006.0580000000004,974.4478,816.2426999999996,0.0,0.0,0.0,0.0,0.0,639,586.7631,2560.0,1006.0580000000004,0.0,274.0,1176.9708999999984,0.0,0.015,4.507740955004587,4.981267286245356,3.2532678124999954,NaN,3.1391399615065363,2.1316738242728483,1076.0,1089.0,538.0,2046.6666666666667,1538.0,204.0,127,0,0,3,58,38.0,2048.0,43911.557299999964,2182.9329,13970.4124,224,544,0,38,0.28409792546819634,0.3562655854078556,0.08095205871564959,0,7258.08900000002,4908.929899999995,58,0,640.0,0,0,0,0.0,0,0.0,64844.68355389292,0.0,0,0,0,1.5,0,0.0,0,0,0.0,0,0.0,0,0,2082.091399999997,256.0,3914.0914999999995,4,309.8664,216.9068000000001,NaN,5120.0,100.0,0.639913744457266,0,0,0.0,0,0.0,5120.0,0,0.0,0,0,0,0.0,0.0,0.0,0.0,0.0,0.0,0.0,0.0,0,0,0,0,127,0.0,0,12,0.0,0,0.0,1440.0,0.0,4443.200213775204,0.0,4443.200213775204,0.0,309.8664,9298.2874,20067.4368,0.4749233155564698,474,53320.22199999991,38,11524.461553893001,4,0.0,4,6577.783300000001,2,3310.1639,-28404.651900000026,37.662914079879464,0,0,538,538,"X1 SuMSy money, debt fiscal package (comparison)",sumsy,5,1.4551915228366852e-11
22,512,4,4,66179.72060000002,0.0,29699.040800000028,931.7239,29427.476600000027,,29427.476600000027,0.0,0.0,0.0,0.0,0.0,0.0025,100.6691,5743.022605285588,0.0,1.0,1746.3114868009357,2984.120045190392,0.0,0.0,1.0,0.0,0.0,1.0,0.0,0,0,28.514419578645125,5.842580241008396,34.356999819653524,19.61596813654668,4.924750388542514,24.540718525089193,3253.781300000007,3288.6973000000003,3253.781300000007,0.0,0,0,0.0,0.0,0.0,1.0,1.0,0.0,0.0,0.0,0.0,0.5,0.25,0.0,-236.22344999999999,0.0,48,2560.0,1037.1373999999998,931.7239,826.2117000000004,0.0,0.0,0.0,0.0,0.0,641,589.3,2560.0,1037.1373999999998,0.0,274.0,1151.290699999998,0.0,0.015,4.454072388059702,4.912145640074202,3.3719137500000036,NaN,3.1205490082644682,2.067723609544663,1078.0,1072.0,539.0,2044.0,1540.0,204.0,126,0,0,0,48,38.0,2048.0,45024.06950000003,2339.5608,14122.297999999999,224,544,0,38,0.29870397606596377,0.35790633150850115,0.08503164050496514,0,7190.699600000009,4774.765600000001,48,0,640.0,0,0,0,0.0,0,0.0,65083.97431619835,0.0,0,0,0,1.5,0,0.0,0,0,0.0,0,0.0,0,0,2158.0248000000024,256.0,4003.8232000000003,4,342.41179999999997,239.68800000000005,NaN,5120.0,100.0,0.6620818977291943,0,0,0.0,0,0.0,5120.0,0,0.0,0,0,0,0.0,0.0,0.0,0.0,0.0,0.0,0.0,0.0,0,0,0,0,126,0.0,0,12,0.0,0,0.0,1440.0,0.0,4144.636662371722,0.0,4144.636662371722,0.0,342.41179999999997,9822.896600000002,20465.682,0.48098822453527657,474,53537.27560000001,38,11546.698716198349,4,0.0,4,6577.783300000001,2,3282.4624999999996,-29326.807500000028,37.65476837588548,0,0,539,539,"X1 SuMSy money, debt fiscal package (comparison)",sumsy,5,1.4551915228366852e-11
23,512,4,4,67672.12700000001,0.0,30381.44990000003,912.2253,30339.701800000028,,30339.701800000028,0.0,0.0,0.0,0.0,0.0,0.0025,102.3528,5655.368192237953,0.0,1.0,1732.8772971529381,2922.5339781586354,0.0,0.0,1.0,0.0,0.0,1.0,0.0,0,0,29.264972688018315,5.772159593900624,35.03713228191894,20.37935437492635,4.917725176691725,25.297079551618072,3272.703200000002,3253.781300000007,3272.703200000002,0.0,0,0,0.0,0.0,0.0,1.0,1.0,0.0,0.0,0.0,0.0,0.5,0.25,0.0,-236.92767499999988,0.0,48,2560.0,1067.5935999999995,912.2253,824.4190999999996,0.0,0.0,0.0,0.0,0.0,643,580.6318,2560.0,1067.5935999999995,0.0,274.0,1144.9336000000003,0.0,0.015,4.412552696310316,4.856309479553894,3.517508281250005,NaN,3.3543805300545415,3.906030581588091,1076.0,1057.0,538.0,2048.0,1538.0,204.0,127,0,0,2,48,25.0,2048.0,45749.44870000002,3200.5696,14177.277600000001,224,544,0,38,0.3031282471386847,0.3582881018497446,0.1291596852099237,0,7469.928199999996,4664.068200000004,48,0,640.0,0,0,0,0.0,0,0.0,65624.3532103885,0.0,0,0,0,1.5,0,0.0,0,0,0.0,0,0.0,0,0,2251.2053000000033,256.0,3861.8465000000006,4,348.1401000000001,243.6984,NaN,5120.0,100.0,0.6783517235784117,0,0,0.0,0,0.0,5120.0,0,0.0,0,0,0,0.0,0.0,0.0,0.0,0.0,0.0,0.0,0.0,0,0,0,0,127,0.0,0,12,0.0,0,0.0,1440.0,0.0,3205.7719685176953,0.0,3205.7719685176953,0.0,348.1401000000001,9943.825100000004,21239.6937,0.48548889174903853,474,54043.86950000008,38,11580.48371038843,4,0.0,4,6577.7832,2,3253.5202,-30237.349000000027,37.647029957091206,0,0,538,538,"X1 SuMSy money, debt fiscal package (comparison)",sumsy,5,1.4551915228366852e-11
24,512,4,4,69134.68330000006,0.0,31198.51300000003,836.1962,31175.897900000033,,31175.897900000033,0.0,0.0,0.0,0.0,0.0,0.0025,92.7719,5571.684894797615,0.0,1.0,1710.931210471222,2863.3728465317436,0.0,0.0,1.0,0.0,0.0,1.0,0.0,0,0,29.797385969566886,5.751845322880287,35.549231292447175,21.10863465109034,4.871249051649461,25.9798837027398,3270.6014000000223,3272.703200000004,3270.6014000000223,0.0,0,0,0.0,0.0,0.0,1.0,1.0,0.0,0.0,0.0,0.0,0.5,0.25,0.0,-237.0056999999999,0.0,48,2560.0,1097.4437,836.1962,867.0462000000009,0.0,0.0,0.0,0.0,0.0,645,564.1463,2560.0,1097.4437,0.0,274.0,1128.4741000000013,0.0,0.015,4.408872309107635,4.866342723880608,3.728134218749999,NaN,3.3664374115034588,3.8359092950815925,1072.0,1087.0,536.0,2045.3333333333333,1534.0,204.0,127,0,0,2,50,40.0,2048.0,45999.88380000001,4231.3642,14414.7342,224,544,0,38,0.30813530082900975,0.36040618792386314,0.14051388824717304,0,7452.668800000001,4792.444199999999,50,0,640.0,0,0,0,0.0,0,0.0,65861.809574869,0.0,0,0,0,1.5,0,0.0,0,0,0.0,0,0.0,0,0,2386.005899999999,256.0,3831.7829,4,315.5493,220.88440000000003,NaN,5120.0,100.0,0.6987508346651161,0,0,0.0,0,0.0,5120.0,0,0.0,0,0,0,0.0,0.0,0.0,0.0,0.0,0.0,0.0,0.0,0,0,0,0,127,0.0,0,12,0.0,0,0.0,1440.0,0.0,2427.0599972098166,0.0,2427.0599972098166,0.0,315.5493,10040.706000000002,22477.881300000005,0.4914583777135233,474,54318.035599999996,38,11543.773974869007,4,0.0,4,6577.783100000001,2,3229.2340999999997,-31083.126000000033,37.639678459236634,0,0,536,536,"X1 SuMSy money, debt fiscal package (comparison)",sumsy,5,1.4551915228366852e-11
25,512,4,4,70567.98809999996,0.0,32046.77600000003,859.5712,32035.46900000003,,32035.46900000003,0.0,0.0,0.0,0.0,0.0,0.0025,102.0784,5503.449223569519,0.0,1.0,1725.6076645801356,2809.1859073796786,0.0,0.0,1.0,0.0,0.0,1.0,0.0,0,0,30.385969967016017,5.547028464752341,35.932998431768354,21.798403027382804,4.732351465528453,26.530754492911257,3237.6843000000085,3270.601399999996,3237.6843000000085,0.0,0,0,0.0,0.0,0.0,1.0,1.0,0.0,0.0,0.0,0.0,0.5,0.25,0.0,-237.0057249999999,0.0,48,2560.0,1126.6952000000013,859.5712,877.422299999999,0.0,0.0,0.0,0.0,0.0,647,548.7986000000001,2560.0,1126.6952000000013,0.0,274.0,1143.6324999999974,0.0,0.015,4.430263452708905,4.829004315196998,3.880468906250004,NaN,3.380655352182941,3.767368775368644,1066.0,1089.0,533.0,2045.3333333333333,1528.0,204.0,129,0,0,1,57,49.0,2048.0,46156.11410000001,5264.0014,14667.427,224,544,0,38,0.31508885966634015,0.36409302159917645,0.14176783909484003,0,7465.936499999992,4824.556899999998,57,0,640.0,0,0,0,0.0,0,0.0,66005.1678761256,0.0,0,0,0,1.5,0,0.0,0,0,0.0,0,0.0,0,0,2483.5001000000025,256.0,3829.5685999999996,4,347.205,243.0432,NaN,5120.0,100.0,0.7197570935503497,0,0,0.0,0,0.0,5120.0,0,0.0,0,0,0,0.0,0.0,0.0,0.0,0.0,0.0,0.0,0.0,0,0,0,0,129,0.0,0,12,0.0,0,0.0,1440.0,0.0,1322.4255922640987,0.0,1322.4255922640987,0.0,347.205,10108.1147,23760.997,0.4988209350381887,474,54483.70630000002,38,11521.461576125554,4,0.0,4,6577.783000000001,2,3213.8858999999998,-31933.39060000003,37.6326945362748,0,0,533,533,"X1 SuMSy money, debt fiscal package (comparison)",sumsy,5,1.4551915228366852e-11
26,512,4,4,71972.62910000005,0.0,32854.11280000003,818.6439,32854.11280000003,,32854.11280000003,0.0,0.0,0.0,0.0,0.0,0.0025,102.029,5433.009507484569,0.0,1.0,1694.8120962838789,2757.4039633230464,0.0,0.0,1.0,0.0,0.0,1.0,0.0,0,0,29.948124289130245,5.684748679748615,35.63287296887886,21.534915703864957,4.734571486213159,26.269487190078117,3296.516400000001,3237.6843000000194,3296.516400000001,0.0,0,0,0.0,0.0,0.0,1.0,1.0,0.0,0.0,0.0,0.0,0.5,0.25,0.0,-237.0057499999999,0.0,48,2560.0,1155.3590000000017,818.6439,878.1970999999987,0.0,0.0,0.0,0.0,0.0,648,541.4755,2560.0,1155.3590000000017,0.0,274.0,1110.0115000000003,0.0,0.015,4.387360302457467,4.825319741697406,4.069391718750005,NaN,3.412929005449064,3.750011887809576,1084.0,1058.0,542.0,2046.6666666666665,1546.0,204.0,125,0,0,2,51,34.0,2048.0,46428.99740000004,6212.9073,14765.063,224,544,0,38,0.31113469496025314,0.3603914798023282,0.1490131016960956,0,7520.887399999986,4641.827200000001,51,0,640.0,0,0,0,0.0,0,0.0,66265.25799731919,0.0,0,0,0,1.5,0,0.0,0,0,0.0,0,0.0,0,0,2604.410700000003,256.0,3922.1569,4,347.0379999999999,242.9268000000001,NaN,5120.0,100.0,0.7384229123754364,0,0,0.0,0,0.0,5120.0,0,0.0,0,0,0,0.0,0.0,0.0,0.0,0.0,0.0,0.0,0.0,0,0,0,0,125,0.0,0,12,0.0,0,0.0,1440.0,0.0,507.6377676531363,0.0,507.6377676531363,0.0,347.0379999999999,10131.4988,24900.1272,0.5001448264823891,474,54759.360099999976,38,11505.897897319277,4,0.0,4,6577.782900000002,2,3206.5627999999997,-32752.083800000033,37.62605980946107,0,0,542,542,"X1 SuMSy money, debt fiscal package (comparison)",sumsy,5,1.4551915228366852e-11
27,512,4,4,73349.17700000004,0.0,33666.11860000003,812.0058,33666.11860000003,,33666.11860000003,0.0,0.0,0.0,0.0,0.0,0.0025,134.9064,5369.43892421846,0.0,1.0,1704.0864049920126,2694.9626328123068,0.0,0.0,1.0,0.0,0.0,1.0,0.0,0,0,30.896284139458345,5.58091329706053,36.47719743651888,22.277395528597857,4.716138094980203,26.99353362357806,3249.140500000007,3296.5164000000073,3249.140500000007,0.0,0,0,0.0,0.0,0.0,1.0,1.0,0.0,0.0,0.0,0.0,0.5,0.25,0.0,-237.0057499999999,0.0,48,2560.0,1183.452100000001,812.0058,927.7084999999968,0.0,0.0,0.0,0.0,0.0,649,537.9151999999999,2560.0,1183.452100000001,0.0,274.0,1124.9532000000015,0.0,0.015,4.379455483271382,4.801919439252357,4.297273750000004,NaN,3.4332832636582244,3.637511531175288,1070.0,1076.0,535.0,2045.3333333333333,1531.9999999999998,204.0,128,0,0,1,56,31.0,2048.0,46550.8784,7142.785199999999,14878.322100000001,224,544,0,38,0.31696490709540814,0.3632364068986613,0.15233809209478144,0,7519.2247,4712.294100000007,56,0,640.0,0,0,0,0.0,0,0.0,66385.72712745336,0.0,0,0,0,1.5,0,0.0,0,0,0.0,0,0.0,0,0,2750.255200000003,256.0,4104.369699999999,4,458.86530000000005,321.2056000000001,NaN,5120.0,100.0,0.7583109490483316,0,0,0.0,0,0.0,5120.0,0,0.0,0,0,0,0.0,0.0,0.0,0.0,0.0,0.0,0.0,0.0,0,0,0,0,128,0.0,0,12,0.0,0,0.0,1440.0,0.0,0.0,0.0,0.0,0.0,458.86530000000005,10247.4589,26125.476999999995,0.5064823241464169,474,54747.19320000004,38,11638.533927453314,4,0.0,4,6577.7829,2,3203.0024999999996,-33531.21220000003,37.61975681898802,0,0,535,535,"X1 SuMSy money, debt fiscal package (comparison)",sumsy,5,1.4551915228366852e-11
28,512,4,4,74698.19470000002,0.0,34427.45680000003,761.3383,34427.45680000003,,34427.45680000003,0.0,0.0,0.0,0.0,0.0,0.0025,164.9422,5312.134781116512,0.0,1.0,1684.7828471754713,2634.4368874110087,0.0,0.0,1.0,0.0,0.0,1.0,0.0,0,0,31.48455349045612,5.506812723315023,36.99136621377114,22.831795581639216,4.671523322824191,27.50331890446341,3336.61330000003,3249.140500000006,3336.61330000003,0.0,0,0,0.0,0.0,0.0,1.0,1.0,0.0,0.0,0.0,0.0,0.5,0.25,0.0,-237.0057749999999,0.0,48,2560.0,1210.9823000000015,761.3383,956.8440999999963,0.0,0.0,0.0,0.0,0.0,650,536.2587,2560.0,1210.9823000000015,0.0,274.0,1106.6902000000007,0.0,0.015,4.520794559099439,4.832281481481502,4.506517656250009,NaN,3.6126188005567337,4.566402215108398,1080.0,1066.0,540.0,2046.6666666666667,1541.9999999999998,204.0,126,0,0,1,47,27.0,2048.0,46745.48930000002,7922.9296,15106.3754,224,544,0,38,0.32174646977031296,0.3663837835934245,0.17004947127055803,0,7761.228399999978,4819.167000000002,47,0,640.0,0,0,0,0.0,0,0.0,66578.99675108065,0.0,0,0,0,1.5,0,0.0,0,0,0.0,0,0.0,0,0,2884.1713000000054,256.0,4222.199500000001,4,561.0293,392.72080000000005,NaN,5120.0,100.0,0.7765852022144045,0,0,0.0,0,0.0,5120.0,0,0.0,0,0,0,0.0,0.0,0.0,0.0,0.0,0.0,0.0,0.0,0,0,0,0,126,0.0,0,12,0.0,0,0.0,1440.0,0.0,0.0,0.0,0.0,0.0,561.0293,10442.162400000001,27251.5045,0.5125242470097577,474,54922.87309999997,38,11656.123651080652,4,0.0,4,6577.782800000001,2,3201.346,-34262.51460000003,37.61376897803862,0,0,540,540,"X1 SuMSy money, debt fiscal package (comparison)",sumsy,5,1.4551915228366852e-11
29,512,4,4,76020.23079999996,0.0,35172.32920000003,744.8725,35172.32920000003,,35172.32920000003,0.0,0.0,0.0,0.0,0.0,0.0025,188.7115,5276.025251979704,0.0,1.0,1748.094254107676,2583.4034846531367,0.0,0.0,1.0,0.0,0.0,1.0,0.0,0,0,30.986587892626467,5.1369132368604715,36.12350112948694,22.395649279832206,4.449056103858351,26.844705383690556,3353.769799999986,3336.613300000007,3353.769799999986,0.0,0,0,0.0,0.0,0.0,1.0,1.0,0.0,0.0,0.0,0.0,0.5,0.25,0.0,-237.00579999999988,0.0,48,2560.0,1237.9639000000004,744.8725,1030.8425999999965,0.0,0.0,0.0,0.0,0.0,651,535.4098,2560.0,1237.9639000000004,0.0,274.0,1151.348500000001,0.0,0.015,4.585026835902089,4.886811567164157,4.709922031249999,NaN,3.6746835604961654,4.429410148655146,1072.0,1103.0,536.0,2046.6666666666665,1534.0,204.0,128,0,0,3,68,41.0,2048.0,46729.746199999994,8634.776300000001,15480.4574,224,544,0,38,0.3281037291871163,0.37194462448386045,0.1656557478578442,0,7862.577999999989,5057.2846000000045,68,0,640.0,0,0,0,0.0,0,0.0,66561.97943852666,0.0,0,0,0,1.5,0,0.0,0,0,0.0,0,0.0,0,0,3014.350099999999,256.0,4451.1296,4,641.8767999999999,449.31360000000024,NaN,5120.0,100.0,0.7979355323543352,0,0,0.0,0,0.0,5120.0,0,0.0,0,0,0,0.0,0.0,0.0,0.0,0.0,0.0,0.0,0.0,0,0,0,0,128,0.0,0,12,0.0,0,0.0,1440.0,0.0,0.0,0.0,0.0,0.0,641.8767999999999,10742.0013,28566.363300000005,0.520477935027756,474,54905.136099999996,38,11656.84333852662,4,0.0,4,6577.7827,2,3200.4970999999996,-34983.61770000003,37.60808052913668,0,0,536,536,"X1 SuMSy money, debt fiscal package (comparison)",sumsy,5,1.4551915228366852e-11
30,512,4,4,77315.82609999993,0.0,35840.23870000003,667.9096,35840.23870000003,,35840.23870000003,0.0,0.0,0.0,0.0,0.0,0.0025,211.4048,5231.581171979904,0.0,1.0,1703.3195326412879,2525.8631896532706,0.0,0.0,1.0,0.0,0.0,1.0,0.0,0,0,30.772415594677202,5.066338084771773,35.83875367944897,22.58949807904081,4.292710350732405,26.882208429773215,3469.014699999991,3353.76979999997,3469.014699999991,0.0,0,0,0.0,0.0,0.0,1.0,1.0,0.0,0.0,0.0,0.0,0.5,0.25,0.0,-237.00582499999987,0.0,48,2560.0,1264.4046999999985,667.9096,1062.419699999999,0.0,0.0,0.0,0.0,0.0,652,535.3084,2560.0,1264.4046999999985,0.0,274.0,1098.0994000000023,0.0,0.015,4.718238837638379,4.967718749999983,4.957681249999994,NaN,3.779939468175737,4.657730554002122,1088.0,1084.0,544.0,2044.0000000000002,1550.0000000000002,204.0,122,0,0,0,58,43.0,2048.0,46688.41240000006,9248.0692,15850.2446,224,544,0,38,0.3357565019642319,0.3760882135334167,0.18670679079502195,0,7998.811099999998,5114.570900000002,58,0,640.0,0,0,0,0.0,0,0.0,66519.43513660028,0.0,0,0,0,1.5,0,0.0,0,0,0.0,0,0.0,0,0,3172.915999999996,256.0,4782.3867,4,719.062,503.3420000000002,NaN,5120.0,100.0,0.8192798912346652,0,0,0.0,0,0.0,5120.0,0,0.0,0,0,0,0.0,0.0,0.0,0.0,0.0,0.0,0.0,0.0,0,0,0,0,122,0.0,0,12,0.0,0,0.0,1440.0,0.0,0.0,0.0,0.0,0.0,719.062,11032.971500000001,29880.7005,0.5269161904946866,474,54904.57450000001,38,11614.860636600282,4,0.0,4,6577.7826000000005,2,3200.3957,-35628.833900000034,37.602676502679834,0,0,544,544,"X1 SuMSy money, debt fiscal package (comparison)",sumsy,5,1.4551915228366852e-11
31,512,4,4,78585.51040000012,0.0,36538.078200000025,697.8396,36538.078200000025,,36538.078200000025,0.0,0.0,0.0,0.0,0.0,0.0025,239.933,5216.209659978568,0.0,1.0,1790.701395844404,2479.8317816523795,0.0,0.0,1.0,0.0,0.0,1.0,0.0,0,0,30.266397072414666,4.861322866907217,35.127719939321885,22.46429472743466,4.20997460489238,26.674269332327036,3477.343700000014,3469.014699999969,3477.343700000014,0.0,0,0,0.0,0.0,0.0,1.0,1.0,0.0,0.0,0.0,0.0,0.5,0.25,0.0,-237.00584999999987,0.0,48,2560.0,1290.3157000000012,697.8396,1126.2891000000043,0.0,0.0,0.0,0.0,0.0,653,535.3036,2560.0,1290.3157000000012,0.0,274.0,1167.8969000000022,0.0,0.015,4.77626913002806,5.015155925925921,5.173927656249998,NaN,3.8220641547135235,4.5179986373820595,1080.0,1069.0,540.0,2048.0,1542.0,204.0,126,0,0,1,48,41.0,2048.0,46684.73300000003,9849.699700000001,16097.167099999999,224,544,0,38,0.34217066506651084,0.37989507005114365,0.17781014067397116,0,8098.196399999991,5105.831699999997,48,0,640.0,0,0,0,0.0,0,0.0,66514.6057597703,0.0,0,0,0,1.5,0,0.0,0,0,0.0,0,0.0,0,0,3311.313699999999,256.0,5178.674,4,816.0992999999999,571.2695999999995,NaN,5120.0,100.0,0.8394955080824369,0,0,0.0,0,0.0,5120.0,0,0.0,0,0,0,0.0,0.0,0.0,0.0,0.0,0.0,0.0,0.0,0,0,0,0,126,0.0,0,12,0.0,0,0.0,1440.0,0.0,0.0,0.0,0.0,0.0,816.0992999999999,11340.855799999996,31125.5408,0.5331660483047755,474,54961.85410000006,38,11552.751659770267,4,0.0,4,6577.782499999999,2,3200.3909,-36298.14520000003,37.597542677545846,0,0,540,540,"X1 SuMSy money, debt fiscal package (comparison)",sumsy,5,1.4551915228366852e-11
32,512,4,4,79829.8008,0.0,37250.471100000024,712.393,37250.471100000024,,37250.471100000024,0.0,0.0,0.0,0.0,0.0,0.0025,278.302,5214.622147533792,0.0,1.0,1837.4921770767053,2436.748373355862,0.0,0.0,1.0,0.0,0.0,1.0,0.0,0,0,30.292693760018043,4.787295716094563,35.07998947611261,22.65705146509622,4.221986979681127,26.879038444777343,3514.8704000000052,3477.3436999999776,3514.8704000000052,0.0,0,0,0.0,0.0,0.0,1.0,1.0,0.0,0.0,0.0,0.0,0.5,0.25,0.0,-237.00587499999986,0.0,48,2560.0,1315.7096,712.393,1169.1455999999982,0.0,0.0,0.0,0.0,0.0,654,535.4742,2560.0,1315.7096,0.0,274.0,1207.0228000000013,0.0,0.015,4.912396425211668,5.079290111940309,5.451151718749995,NaN,3.947745670467431,4.831520095262598,1072.0,1063.0,536.0,2046.6666666666665,1534.0,204.0,128,0,0,0,51,29.0,2048.0,46656.526099999974,10389.6374,16403.0847,224,544,0,38,0.34833630213352595,0.3837502749479802,0.17593008468822546,0,8275.784799999981,5221.877400000003,51,0,640.0,0,0,0,0.0,0,0.0,66485.30638178172,0.0,0,0,0,1.5,0,0.0,0,0,0.0,0,0.0,0,0,3488.7370999999966,256.0,5566.7764,4,946.6045,662.6227999999998,NaN,5120.0,100.0,0.8595362720663363,0,0,0.0,0,0.0,5120.0,0,0.0,0,0,0,0.0,0.0,0.0,0.0,0.0,0.0,0.0,0.0,0,0,0,0,128,0.0,0,12,0.0,0,0.0,1440.0,0.0,0.0,0.0,0.0,0.0,946.6045,11702.3599,32359.498499999994,0.5393938229121134,474,54986.59129999999,38,11498.715081781756,4,0.0,4,6577.7824,2,3200.5615,-36972.16910000002,37.592665543668545,0,0,536,536,"X1 SuMSy money, debt fiscal package (comparison)",sumsy,5,1.4551915228366852e-11
33,512,4,4,81049.11640000003,0.0,37937.229000000036,686.758,37937.229000000036,,37937.229000000036,0.0,0.0,0.0,0.0,0.0,0.0025,292.7656,5238.790275316657,0.0,1.0,1876.1447341399626,2415.2406585444387,0.0,0.0,1.0,0.0,0.0,1.0,0.0,0,0,29.762340412489255,4.612030383450015,34.37437079593927,22.571148542228478,4.153317723411497,26.724466265639975,3604.927499999988,3514.87040000001,3604.927499999988,0.0,0,0,0.0,0.0,0.0,1.0,1.0,0.0,0.0,0.0,0.0,0.5,0.25,0.0,-237.00589999999985,0.0,48,2560.0,1340.6843999999999,686.758,1209.8259000000035,0.0,0.0,0.0,0.0,0.0,655,535.5618,2560.0,1340.6843999999999,0.0,274.0,1227.7110000000011,0.0,0.015,5.122406418604654,5.069451486988832,5.669469531249992,NaN,4.31850131867877,6.392938089204275,1076.0,1075.0,538.0,2048.0,1538.0,204.0,127,0,0,0,48,32.0,2048.0,46755.02340000003,10880.774200000002,16885.2752,224,544,0,38,0.35274106330873156,0.3869691559854582,0.19848080751287878,0,8792.481900000008,5506.586900000003,48,0,640.0,0,0,0,0.0,0,0.0,66582.76582769265,0.0,0,0,0,1.5,0,0.0,0,0,0.0,0,0.0,0,0,3628.4604999999947,256.0,5699.7162,4,995.8036,697.0627999999998,NaN,5120.0,100.0,0.8775008976720037,0,0,0.0,0,0.0,5120.0,0,0.0,0,0,0,0.0,0.0,0.0,0.0,0.0,0.0,0.0,0.0,0,0,0,0,127,0.0,0,12,0.0,0,0.0,1440.0,0.0,0.0,0.0,0.0,0.0,995.8036,12125.7873,33465.7656,0.5447734354977305,474,55176.24920000001,38,11406.516627692668,4,0.0,4,6577.782299999999,2,3200.6490999999996,-37644.46340000004,37.58803226648513,0,0,538,538,"X1 SuMSy money, debt fiscal package (comparison)",sumsy,5,1.4551915228366852e-11
34,512,4,4,82244.13390000006,0.0,38591.29720000003,654.0683,38591.29720000003,,38591.29720000003,0.0,0.0,0.0,0.0,0.0,0.0025,289.7542,5289.026324960631,0.0,1.0,1947.255685376833,2410.5787416404214,0.0,0.0,1.0,0.0,0.0,1.0,0.0,0,0,28.86326792974553,4.421760795880548,33.28502872562608,22.11497716560534,4.053707679241595,26.168684844846936,3774.084700000022,3604.9274999999875,3774.084700000022,0.0,0,0,0.0,0.0,0.0,1.0,1.0,0.0,0.0,0.0,0.0,0.5,0.25,0.0,-237.00592499999985,0.0,48,2560.0,1364.9824999999994,654.0683,1296.0887000000023,0.0,0.0,0.0,0.0,0.0,656,535.73,2560.0,1364.9824999999994,0.0,274.0,1271.0969000000014,0.0,0.015,5.391848405253277,5.321486194029861,6.031819531250004,NaN,4.539876888693503,6.7268938712933535,1072.0,1066.0,536.0,2048.0,1534.0,204.0,128,0,0,2,45,31.0,2048.0,46692.05160000005,11328.4221,17497.3341,224,544,0,38,0.35582208209454946,0.3888714670234783,0.21568696076353744,0,9111.211900000004,5747.710399999993,45,0,640.0,0,0,0,0.0,0,0.0,66518.80806630803,0.0,0,0,0,1.5,0,0.0,0,0,0.0,0,0.0,0,0,3860.3645000000024,256.0,5900.841899999999,4,985.5587,689.8912000000005,NaN,5120.0,100.0,0.8979832873587162,0,0,0.0,0,0.0,5120.0,0,0.0,0,0,0,0.0,0.0,0.0,0.0,0.0,0.0,0.0,0.0,0,0,0,0,128,0.0,0,12,0.0,0,0.0,1440.0,0.0,0.0,0.0,0.0,0.0,985.5587,12470.604099999999,34726.5981,0.5493494130453502,474,55177.5828,38,11341.225266308034,4,0.0,4,6577.7822,2,3200.8172999999997,-38301.54300000003,37.583630653160874,0,0,536,536,"X1 SuMSy money, debt fiscal package (comparison)",sumsy,5,1.4551915228366852e-11
35,512,4,4,83415.251,0.0,39307.64260000003,716.3454,39307.64260000003,,39307.64260000003,0.0,0.0,0.0,0.0,0.0,0.0025,300.096,5369.803603269365,0.0,1.0,2055.986410387872,2416.6756855129115,0.0,0.0,1.0,0.0,0.0,1.0,0.0,0,0,28.19383255242419,4.27471853460665,32.468551087030846,21.379228813629613,3.981590675364117,25.36081948899373,3871.704499999986,3774.0847000000517,3871.704499999986,0.0,0,0,0.0,0.0,0.0,1.0,1.0,0.0,0.0,0.0,0.0,0.5,0.25,0.0,-237.00592499999985,0.0,48,2560.0,1388.882900000001,716.3454,1356.106799999991,0.0,0.0,0.0,0.0,0.0,657,536.3838,2560.0,1388.882900000001,0.0,274.0,1344.2605999999978,0.0,0.015,5.604539981532782,5.4806110694183525,6.327391874999998,NaN,4.706185660663231,6.765838843766994,1066.0,1083.0,533.0,2045.3333333333335,1528.0000000000002,204.0,129,0,0,2,62,30.0,2048.0,46414.21509999995,11790.8212,18222.1678,224,544,0,38,0.35647114827392024,0.39200033316289007,0.19996512434046876,0,9382.8971,6069.716800000003,62,0,640.0,0,0,0,0.0,0,0.0,66240.03490299264,0.0,0,0,0,1.5,0,0.0,0,0,0.0,0,0.0,0,0,4049.530799999999,256.0,6151.5671,4,1020.7344000000002,714.5139999999999,NaN,5120.0,100.0,0.9213505276945565,0,0,0.0,0,0.0,5120.0,0,0.0,0,0,0,0.0,0.0,0.0,0.0,0.0,0.0,0.0,0.0,0,0,0,0,129,0.0,0,12,0.0,0,0.0,1440.0,0.0,0.0,0.0,0.0,0.0,1020.7344000000002,12847.162400000001,36164.556099999994,0.5553517346710237,474,54737.28479999997,38,11502.750102992633,4,0.0,4,6577.7822,2,3201.4710999999998,-39007.54660000003,37.57944912050284,0,0,533,533,"X1 SuMSy money, debt fiscal package (comparison)",sumsy,5,1.4551915228366852e-11
36,512,4,4,84562.94610000006,0.0,40002.11370000002,694.4712,40002.11370000002,,40002.11370000002,0.0,0.0,0.0,0.0,0.0,0.0025,303.5793,5461.429988056662,0.0,1.0,2077.4367496204095,2432.7988753711093,0.0,0.0,1.0,0.0,0.0,1.0,0.0,0,0,27.356586198932806,4.222641958886004,31.57922815781881,20.725917683962557,3.9308896901378434,24.656807374100403,4062.9371000000097,3871.704500000006,4062.9371000000097,0.0,0,0,0.0,0.0,0.0,1.0,1.0,0.0,0.0,0.0,0.0,0.5,0.25,0.0,-237.00594999999984,0.0,48,2560.0,1412.3048999999992,694.4712,1392.6458000000039,0.0,0.0,0.0,0.0,0.0,658,537.0154,2560.0,1412.3048999999992,0.0,274.0,1337.6373000000012,0.0,0.015,5.7972935727788295,5.6680134686347,6.6218698437500025,NaN,4.843504987642722,6.875035093876769,1084.0,1058.0,542.0,2045.3333333333335,1546.0,204.0,124,0,0,1,42,23.0,2048.0,46143.73989999996,12208.398000000001,18857.046599999998,224,544,0,38,0.35331441689351895,0.3933008760796326,0.19667143365458783,0,9634.252099999998,6133.536600000001,42,0,640.0,0,0,0,0.0,0,0.0,65968.66987284308,0.0,0,0,0,1.5,0,0.0,0,0,0.0,0,0.0,0,0,4237.9967000000015,256.0,6513.1669,4,1032.5810000000001,722.8059999999995,NaN,5120.0,100.0,0.9443305795162088,0,0,0.0,0,0.0,5120.0,0,0.0,0,0,0,0.0,0.0,0.0,0.0,0.0,0.0,0.0,0.0,0,0,0,0,124,0.0,0,12,0.0,0,0.0,1440.0,0.0,0.0,0.0,0.0,0.0,1032.5810000000001,13101.8711,37578.61149999999,0.5599159232057944,474,54493.33110000001,38,11475.338772843,4,0.0,4,6577.7821,2,3202.1027,-39698.534400000026,37.575476664477684,0,0,542,542,"X1 SuMSy money, debt fiscal package (comparison)",sumsy,5,1.4551915228366852e-11
37,512,4,4,85687.6875,0.0,40783.66410000002,781.5504,40783.66410000002,,40783.66410000002,0.0,0.0,0.0,0.0,0.0,0.0025,337.9612,5583.069007146989,0.0,1.0,2212.163740941442,2452.8916297646597,0.0,0.0,1.0,0.0,0.0,1.0,0.0,0,0,26.59496618713998,4.214394704462456,30.80936089160244,20.193671189220744,3.899587733164339,24.093258922385083,4142.469699999981,4062.9370999999805,4142.469699999981,0.0,0,0,0.0,0.0,0.0,1.0,1.0,0.0,0.0,0.0,0.0,0.5,0.25,0.0,-237.00594999999984,0.0,48,2560.0,1435.2585999999985,781.5504,1471.8938000000044,0.0,0.0,0.0,0.0,0.0,659,537.5396,2560.0,1435.2585999999985,0.0,274.0,1446.920299999998,0.0,0.015,6.031584902143522,5.881297560975595,6.87960304,NaN,4.99083380340761,6.970683834875321,1066.0,1073.0,533.0,2046.6666666666667,1528.0,204.0,128,0,0,0,44,28.0,2048.0,45788.78860000004,12684.0511,19574.513,224,544,0,38,0.3522956625753446,0.39361607855611047,0.219633193371229,0,9868.02160000003,6471.8906,44,0,625.0,0,0,0,0.0,0,0.0,65612.87323420086,0.0,0,0,0,1.5,0,0.0,0,0,0.0,0,0.0,0,0,4299.7519,256.0,6764.834000000001,4,1149.5287,804.6695999999997,NaN,5120.0,100.0,0.9678125722689138,0,0,0.0,0,0.0,5120.0,0,0.0,0,0,0,0.0,0.0,0.0,0.0,0.0,0.0,0.0,0.0,0,0,0,0,128,0.0,0,12,0.0,0,0.0,1440.0,0.0,0.0,0.0,0.0,0.0,1149.5287,13240.062099999997,39023.398100000006,0.5644159811634113,474,54153.675899999995,38,11459.197334200851,4,0.0,4,6577.782099999999,2,3202.6269,-40445.702900000026,37.57170283125381,0,0,533,533,"X1 SuMSy money, debt fiscal package (comparison)",sumsy,5,1.4551915228366852e-11
38,512,4,4,86789.93429999988,0.0,41604.15610000004,820.4921,41604.15610000004,,41604.15610000004,0.0,0.0,0.0,0.0,0.0,0.0025,340.4355,5736.118405180716,0.0,1.0,2307.009688418783,2502.621003453811,0.0,0.0,1.0,0.0,0.0,1.0,0.0,0,0,26.108924702479097,4.109247551400266,30.218172253879366,19.952640320934243,3.7733951043428258,23.726035425277068,4265.437499999996,4142.469700000007,4265.437499999996,0.0,0,0,0.0,0.0,0.0,1.0,1.0,0.0,0.0,0.0,0.0,0.5,0.25,0.0,-237.00597499999984,0.0,48,2560.0,1457.7531999999999,820.4921,1495.9425999999964,0.0,0.0,0.0,0.0,0.0,660,537.9306,2560.0,1457.7531999999999,0.0,274.0,1510.8414000000018,0.0,0.015,6.224311889400925,6.069423827392097,6.989395732838588,NaN,5.110183970604014,6.924511243279163,1066.0,1085.0,533.0,2048.0,1528.0,204.0,129,0,0,1,51,39.0,2048.0,45907.22270000003,13120.6031,20405.4559,224,544,0,38,0.34798060780133366,0.39424040326768783,0.19829476273021718,0,10084.536399999997,6753.378400000003,51,0,539.0,0,0,0,0.0,0,0.0,65730.50426249084,0.0,0,0,0,1.5,0,0.0,0,0,0.0,0,0.0,0,0,3767.284299999999,256.0,6478.2865,4,1157.9433,810.5604,NaN,5120.0,100.0,0.9837467695832028,0,0,0.0,0,0.0,5120.0,0,0.0,0,0,0,0.0,0.0,0.0,0.0,0.0,0.0,0.0,0.0,0,0,0,0,129,0.0,0,12,0.0,0,0.0,1440.0,0.0,0.0,0.0,0.0,0.0,1157.9433,13721.258199999998,40004.345499999996,0.5682531637930368,474,54178.13910000002,38,11552.365162490809,4,0.0,4,6577.782,2,3203.0179,-41263.72060000004,37.568117689691114,0,0,533,533,"X1 SuMSy money, debt fiscal package (comparison)",sumsy,5,1.4551915228366852e-11
39,512,4,4,87870.13499999991,0.0,42455.92380000003,851.7677,42455.92380000003,,42455.92380000003,0.0,0.0,0.0,0.0,0.0,0.0025,329.1063,5901.916103458338,0.0,1.0,2367.2771981025003,2568.330268972224,0.0,0.0,1.0,0.0,0.0,1.0,0.0,0,0,25.23828636290837,4.106272947686709,29.344559310595077,19.32306706597367,3.902413418044827,23.225480484018497,4362.182300000018,4265.437500000015,4362.182300000018,0.0,0,0,0.0,0.0,0.0,1.0,1.0,0.0,0.0,0.0,0.0,0.5,0.25,0.0,-237.00597499999984,0.0,48,2560.0,1479.7992999999979,851.7677,1510.8957000000091,0.0,0.0,0.0,0.0,0.0,661,538.2998,2560.0,1479.7992999999979,0.0,274.0,1545.6661000000008,0.0,0.015,6.377514828897339,6.131181936685334,6.975255576559544,NaN,5.270728821224561,7.187758877237914,1074.0,1052.0,537.0,2046.6666666666667,1536.0,204.0,127,0,0,2,51,18.0,2048.0,46389.6243,13558.6598,21012.063,224,544,0,38,0.33436801091946333,0.3870605274389638,0.1853437969030134,0,10353.872599999992,6709.145600000001,51,0,529.0,0,0,0,0.0,0,0.0,66212.14294436623,0.0,0,0,0,1.5,0,0.0,0,0,0.0,0,0.0,0,0,3689.910199999999,256.0,6042.3818,4,1119.4080999999999,783.5848000000005,NaN,5120.0,100.0,0.9936248017908912,0,0,0.0,0,0.0,5120.0,0,0.0,0,0,0,0.0,0.0,0.0,0.0,0.0,0.0,0.0,0.0,0,0,0,0,127,0.0,0,12,0.0,0,0.0,1440.0,0.0,29.95402235597078,0.0,29.95402235597078,0.0,1119.4080999999999,13882.077700000003,40613.1046,0.5662309233625582,474,54656.589999999975,38,11555.552944366269,4,0.0,4,6577.782,2,3203.3871,-42126.817500000034,37.564711805206564,0,0,537,537,"X1 SuMSy money, debt fiscal package (comparison)",sumsy,5,1.4551915228366852e-11
40,512,4,4,88928.7322999999,0.0,43318.51190000003,862.5882,43318.51190000003,,43318.51190000003,0.0,0.0,0.0,0.0,0.0,0.0025,334.7088,6082.998279222762,0.0,1.0,2409.11155023317,2637.0082778151736,0.0,0.0,1.0,0.0,0.0,1.0,0.0,0,0,24.853632886998003,4.064938396457329,28.918571283455336,19.337454825374895,3.7482170477453174,23.085671873120212,4527.031900000001,4362.182300000036,4527.031900000001,0.0,0,0,0.0,0.0,0.0,1.0,1.0,0.0,0.0,0.0,0.0,0.5,0.25,0.0,-237.00599999999983,0.0,48,2560.0,1501.4027000000003,862.5882,1558.9553999999998,0.0,0.0,0.0,0.0,0.0,662,538.6264,2560.0,1501.4027000000003,0.0,274.0,1567.2787000000023,0.0,0.015,6.5849258241758255,6.374194413407851,6.882640909090906,NaN,5.4330433750528035,7.434653293952567,1074.0,1092.0,537.0,2045.3333333333335,1536.0,204.0,127,0,0,2,55,33.0,2048.0,46538.72200000003,13212.3619,21901.1681,224,544,0,38,0.3319099880669665,0.3838135344849336,0.19117383167887314,0,10584.364799999988,7190.739000000001,55,0,550.0,0,0,0,0.0,0,0.0,66360.515872148,0.0,0,0,0,1.5,0,0.0,0,0,0.0,0,0.0,0,0,3785.452499999998,256.0,6403.1451,4,1138.4645,796.9243999999994,NaN,5120.0,100.0,1.0083027044422321,0,0,0.0,0,0.0,5120.0,0,0.0,0,0,0,0.0,0.0,0.0,0.0,0.0,0.0,0.0,0.0,0,0,0,0,127,0.0,0,12,0.0,0,0.0,1440.0,0.0,0.0,0.0,0.0,0.0,1138.4645,14121.9314,41516.67510000001,0.564692560653631,474,54837.87499999999,38,11522.640872147955,4,862.5882000000001,4,6577.7819,2,3203.7137000000002,-42983.80310000003,37.56147621494622,0,0,537,537,"X1 SuMSy money, debt fiscal package (comparison)",sumsy,5,1.4551915228366852e-11
41,512,4,4,89966.06839999999,0.0,44224.010000000024,905.4982,44224.010000000024,,44224.010000000024,0.0,0.0,0.0,0.0,0.0,0.0025,330.6136,6269.99252404212,0.0,1.0,2496.0712333851084,2716.1706743614113,0.0,0.0,1.0,0.0,0.0,1.0,0.0,0,0,24.485013665837922,3.9796324231192686,28.464646088957192,18.97006405862089,3.765787055691886,22.735851114312773,4657.200300000006,4527.031899999962,4657.200300000006,0.0,0,0,0.0,0.0,0.0,1.0,1.0,0.0,0.0,0.0,0.0,0.5,0.25,0.0,-237.00602499999982,0.0,48,2560.0,1522.6639000000002,905.4982,1593.22860000001,0.0,0.0,0.0,0.0,0.0,662,538.9816,2560.0,1522.6639000000002,0.0,274.0,1626.866400000003,0.0,0.015,6.796652568807345,6.582750557620843,6.788636823104693,NaN,5.493970010050639,7.21161369513399,1076.0,1090.0,538.0,2045.3333333333333,1538.0000000000002,204.0,126,0,0,0,54,45.0,2048.0,46631.48950000001,13750.970000000001,22770.4415,224,544,0,38,0.3269188158594323,0.38307363395023364,0.17881553015779317,0,10730.847199999982,7408.351300000007,54,0,554.0,0,0,0,0.0,0,0.0,66452.5948385405,0.0,0,0,0,1.5,0,0.0,0,0,0.0,0,0.0,0,0,3760.9048,256.0,5943.5722000000005,4,1124.5376999999999,787.1763999999993,NaN,5120.0,100.0,1.023710198696032,0,0,0.0,0,0.0,5120.0,0,0.0,0,0,0,0.0,0.0,0.0,0.0,0.0,0.0,0.0,0.0,0,0,0,0,126,0.0,0,12,0.0,0,0.0,1440.0,0.0,0.0,0.0,0.0,0.0,1124.5376999999999,14443.325900000002,42464.983700000004,0.5678594910889199,474,54793.90959999997,38,11658.685238540555,4,862.5881999999992,4,6577.7818,2,3204.0689,-43893.39640000003,37.55840240419891,0,0,538,538,"X1 SuMSy money, debt fiscal package (comparison)",sumsy,5,1.4551915228366852e-11
42,512,4,4,90982.74719999993,0.0,45195.771700000034,971.7618,45195.771700000034,,45195.771700000034,0.0,0.0,0.0,0.0,0.0,0.0025,323.0715,6487.668477362645,0.0,1.0,2574.0233459233905,2818.8942765750944,0.0,0.0,1.0,0.0,0.0,1.0,0.0,0,0,23.97658709318882,4.075866573899178,28.052453667087995,18.531236834057257,3.774652840033353,22.30588967409061,4680.333300000018,4657.200299999971,4680.333300000018,0.0,0,0,0.0,0.0,0.0,1.0,1.0,0.0,0.0,0.0,0.0,0.5,0.25,0.0,-237.00604999999982,0.0,48,2560.0,1543.3212000000015,971.7618,1601.3124999999995,0.0,0.0,0.0,0.0,0.0,663,539.3516,2560.0,1543.3212000000015,0.0,274.0,1676.866600000001,0.0,0.015,6.791297645951039,6.579240740740784,6.732717823639779,NaN,5.549117924178069,6.99526528427997,1080.0,1062.0,540.0,2048.0,1542.0,204.0,126,0,0,1,55,29.0,2048.0,47204.02590000001,13428.5703,23246.5959,224,544,0,38,0.3202550175775565,0.3788410921890415,0.17717701106011852,0,10860.216299999996,7212.358100000003,55,0,533.0,0,0,0,0.0,0,0.0,67034.99348428671,0.0,0,0,0,1.5,0,0.0,0,0,0.0,0,0.0,0,0,3588.538600000002,256.0,6241.132,4,1098.8816000000002,769.2168000000004,NaN,5120.0,100.0,1.031445642515053,0,0,0.0,0,0.0,5120.0,0,0.0,0,0,0,0.0,0.0,0.0,0.0,0.0,0.0,0.0,0.0,0,0,0,0,126,0.0,0,12,0.0,0,0.0,1440.0,0.0,0.0,0.0,0.0,0.0,1098.8816000000002,14676.6256,42916.2982,0.5651418388610769,474,55272.99969999997,38,11761.993784286702,4,1834.3500000000004,4,6577.7817,2,3204.4389,-44872.700200000036,37.60243028699422,0,0,540,540,"X1 SuMSy money, debt fiscal package (comparison)",sumsy,5,1.4551915228366852e-11
43,512,4,4,91979.09179999994,0.0,46190.30400000003,994.5324,46190.30400000003,,46190.30400000003,0.0,0.0,0.0,0.0,0.0,0.0025,343.5551,6690.246938304996,0.0,1.0,2601.0152396138087,2904.811217203329,0.0,0.0,1.0,0.0,0.0,1.0,0.0,0,0,24.559704608911957,4.038622611636871,28.59832722054883,18.906710430482786,3.841141076844689,22.74785150732748,4713.295300000012,4680.33329999996,4713.295300000012,0.0,0,0,0.0,0.0,0.0,1.0,1.0,0.0,0.0,0.0,0.0,0.5,0.25,0.0,-237.0060749999998,0.0,48,2560.0,1563.6554000000003,994.5324,1633.9791000000032,0.0,0.0,0.0,0.0,0.0,664,539.6524,2560.0,1563.6554000000003,0.0,274.0,1704.5640999999998,0.0,0.015,6.87745395480226,6.688357992565069,6.711105281690138,NaN,5.508570604203858,6.785407325751571,1076.0,1062.0,538.0,2046.6666666666667,1538.0,204.0,127,0,0,2,44,25.0,2048.0,47461.047399999996,13137.4718,23730.9761,224,544,0,38,0.3200281831933396,0.3797851726345698,0.1636063178771563,0,10810.794999999987,7303.856100000001,44,0,568.0,0,0,0,0.0,0,0.0,67301.3964455527,0.0,0,0,0,1.5,0,0.0,0,0,0.0,0,0.0,0,0,3811.907799999998,256.0,6766.388999999999,4,1168.5573,817.9903999999999,NaN,5120.0,100.0,1.0435114343247684,0,0,0.0,0,0.0,5120.0,0,0.0,0,0,0,0.0,0.0,0.0,0.0,0.0,0.0,0.0,0.0,0,0,0,0,127,0.0,0,12,0.0,0,0.0,1440.0,0.0,0.0,0.0,0.0,0.0,1168.5573,15000.483699999999,43634.83690000001,0.5664523433326172,474,55409.063000000024,38,11892.333445552722,4,2828.8824000000004,4,6577.781599999999,2,3204.7397,-45846.748900000035,37.64431181050324,0,0,538,538,"X1 SuMSy money, debt fiscal package (comparison)",sumsy,5,1.4551915228366852e-11
44,512,4,4,92955.51069999997,0.0,47236.23260000003,1045.9286,47236.23260000003,,47236.23260000003,0.0,0.0,0.0,0.0,0.0,0.0025,374.5086,6896.3822449072995,0.0,1.0,2662.0334034859234,2991.453938271531,0.0,0.0,1.0,0.0,0.0,1.0,0.0,0,0,24.658853684951723,4.089177846593052,28.748031531544775,19.042413859907747,3.829326070165948,22.871739930073694,4605.381999999971,4713.295299999975,4605.381999999971,0.0,0,0,0.0,0.0,0.0,1.0,1.0,0.0,0.0,0.0,0.0,0.5,0.25,0.0,-237.0060749999998,0.0,48,2560.0,1583.5811000000017,1045.9286,1654.7013999999986,0.0,0.0,0.0,0.0,0.0,665,539.8612,2560.0,1583.5811000000017,0.0,274.0,1754.2080999999978,0.0,0.015,6.852789522058824,6.551078089887599,6.609967132867133,NaN,5.510672062331539,6.581845105979023,1068.0,1088.0,534.0,2045.3333333333333,1530.0,204.0,129,0,0,0,50,39.0,2048.0,47681.22140000007,12856.573199999999,24246.8024,224,544,0,38,0.32077834143651685,0.3807007961719948,0.17199988181957027,0,10821.224199999999,7455.835000000001,50,0,572.0,0,0,0,0.0,0,0.0,67519.95415327507,0.0,0,0,0,1.5,0,0.0,0,0,0.0,0,0.0,0,0,3780.9012000000002,256.0,7256.543899999999,4,1273.8378,891.6859999999997,NaN,5120.0,100.0,1.055249020893035,0,0,0.0,0,0.0,5120.0,0,0.0,0,0,0,0.0,0.0,0.0,0.0,0.0,0.0,0.0,0.0,0,0,0,0,129,0.0,0,12,0.0,0,0.0,1440.0,0.0,0.0,0.0,0.0,0.0,1273.8378,15320.703900000004,44359.91949999999,0.5679586310662408,474,55550.680400000056,38,11969.273753275085,4,3874.8110000000006,4,6577.781599999999,2,3204.9485,-46861.72400000003,37.63709621997807,0,0,534,534,"X1 SuMSy money, debt fiscal package (comparison)",sumsy,5,1.4551915228366852e-11
45,512,4,4,93912.38070000001,0.0,48251.30070000003,1015.0681,48251.30070000003,,48251.30070000003,0.0,0.0,0.0,0.0,0.0,0.0025,407.963,7090.798770912774,0.0,1.0,2653.8108381618636,3070.6886139418475,0.0,0.0,1.0,0.0,0.0,1.0,0.0,0,0,25.477915237022096,4.065914727637257,29.543829964659352,19.92742625518581,3.788225320615777,23.715651575801587,4673.89670000002,4605.38199999998,4673.89670000002,0.0,0,0,0.0,0.0,0.0,1.0,1.0,0.0,0.0,0.0,0.0,0.5,0.25,0.0,-237.0060749999998,0.0,48,2560.0,1603.1299999999997,1015.0681,1680.5244000000039,0.0,0.0,0.0,0.0,0.0,666,539.8842,2560.0,1603.1299999999997,0.0,274.0,1749.245699999999,0.0,0.015,6.8789906654343795,6.670383208955271,6.500884951456304,NaN,5.457183713762565,6.3843897527996525,1072.0,1082.0,536.0,2048.0,1534.0,204.0,128,0,0,0,55,42.0,2048.0,47700.77499999997,13443.0101,23863.817199999998,224,544,0,38,0.3249940793349275,0.38301990678705167,0.15271317861597078,0,10764.82720000001,7443.067899999999,55,0,618.0,0,0,0,0.0,0,0.0,67537.97227561129,0.0,0,0,0,1.5,0,0.0,0,0,0.0,0,0.0,0,0,4017.5468999999957,256.0,7956.931200000001,4,1387.6299000000001,971.3412000000005,NaN,5120.0,100.0,1.0698992484779406,0,0,0.0,0,0.0,5120.0,0,0.0,0,0,0,0.0,0.0,0.0,0.0,0.0,0.0,0.0,0.0,0,0,0,0,128,0.0,0,12,0.0,0,0.0,1440.0,0.0,0.0,0.0,0.0,0.0,1387.6299000000001,15891.211700000002,45263.7585,0.5733810985753491,474,55698.73550000004,38,11839.23677561133,4,3874.8109999999997,4,7592.849699999999,2,3204.9714999999997,-47843.337700000026,37.63024140897916,0,0,536,536,"X1 SuMSy money, debt fiscal package (comparison)",sumsy,5,1.4551915228366852e-11
46,512,4,4,94850.13279999996,0.0,49223.84760000003,972.5469,49223.84760000003,,49223.84760000003,0.0,0.0,0.0,0.0,0.0,0.0025,422.3369,7263.167415563227,0.0,1.0,2636.7302639786435,3148.2189687088166,0.0,0.0,1.0,0.0,0.0,1.0,0.0,0,0,25.854373827167002,4.130933921038916,29.98530774820592,20.522359810429105,3.906085042975252,24.428444853404354,4685.106400000013,4673.896700000006,4685.106400000013,0.0,0,0,0.0,0.0,0.0,1.0,1.0,0.0,0.0,0.0,0.0,0.5,0.25,0.0,-237.0060749999998,0.0,48,2560.0,1622.2479000000008,972.5469,1687.1779999999992,0.0,0.0,0.0,0.0,0.0,667,539.8986,2560.0,1622.2479000000008,0.0,274.0,1728.7075000000011,0.0,0.015,6.873060129509708,6.637167097966729,6.412774831081088,NaN,5.406094085386874,6.192858060215663,1082.0,1081.0,541.0,2048.0,1544.0,204.0,126,0,0,2,56,45.0,2048.0,47942.90659999999,14010.1289,23501.2084,224,544,0,38,0.3247947761186636,0.3843336667666579,0.14711068679019879,0,10718.707099999996,7429.777999999994,56,0,592.0,0,0,0,0.0,0,0.0,67789.18163942533,0.0,0,0,0,1.5,0,0.0,0,0,0.0,0,0.0,0,0,3796.362700000004,256.0,8433.6534,4,1436.5202,1005.5651999999999,NaN,5120.0,100.0,1.081345833729143,0,0,0.0,0,0.0,5120.0,0,0.0,0,0,0,0.0,0.0,0.0,0.0,0.0,0.0,0.0,0.0,0,0,0,0,126,0.0,0,12,0.0,0,0.0,1440.0,0.0,0.0,0.0,0.0,0.0,1436.5202,16367.564599999998,45944.9907,0.5773186614194965,474,55982.75779999999,38,11806.423839425275,4,3874.8109999999997,4,8565.3966,2,3204.9858999999997,-48801.51070000003,37.67076714029142,0,0,541,541,"X1 SuMSy money, debt fiscal package (comparison)",sumsy,5,1.4551915228366852e-11
47,512,4,4,95769.13060000003,0.0,50187.63210000003,963.7845,50187.63210000003,,50187.63210000003,0.0,0.0,0.0,0.0,0.0,0.0025,450.7275,7408.688720429505,0.0,1.0,2638.071629852983,3206.1222386196687,0.0,0.0,1.0,0.0,0.0,1.0,0.0,0,0,26.857438515002006,4.097618085614669,30.955056600616672,21.56620539869509,3.894309667812156,25.46051506650725,4636.315100000025,4685.106399999934,4636.315100000025,0.0,0,0,0.0,0.0,0.0,1.0,1.0,0.0,0.0,0.0,0.0,0.5,0.25,0.0,-237.0060749999998,0.0,48,2560.0,1641.0021999999985,963.7845,1711.8755999999921,0.0,0.0,0.0,0.0,0.0,668,539.8008,2560.0,1641.0021999999985,0.0,274.0,1730.8269000000018,0.0,0.015,6.875546910112361,6.540493680297407,6.311263398692819,NaN,5.526985914886403,6.984396062573108,1076.0,1068.0,538.0,2045.3333333333333,1538.0,204.0,126,0,0,1,60,30.0,2048.0,48396.526300000005,14516.1775,23076.1791,224,544,0,38,0.33405415324376087,0.3911035442053239,0.16149996262334865,0,10842.037000000013,7343.084100000002,60,0,612.0,0,0,0,0.0,0,0.0,68240.88874745397,0.0,0,0,0,1.5,0,0.0,0,0,0.0,0,0.0,0,0,3862.493200000005,256.0,8789.7194,4,1533.086,1073.1599999999994,NaN,5120.0,100.0,1.0883842522477636,0,0,0.0,0,0.0,5120.0,0,0.0,0,0,0,0.0,0.0,0.0,0.0,0.0,0.0,0.0,0.0,0,0,0,0,126,0.0,0,12,0.0,0,0.0,1440.0,0.0,0.0,0.0,0.0,0.0,1533.086,17103.374400000004,46382.075999999994,0.5841274496250191,474,56431.54729999996,38,11809.34144745401,4,3874.8109999999997,4,9529.181100000002,2,3204.8881,-49736.90460000003,37.66222878327684,0,0,538,538,"X1 SuMSy money, debt fiscal package (comparison)",sumsy,5,1.4551915228366852e-11
48,512,4,4,96669.74770000005,0.0,51087.268500000035,899.6364,51087.268500000035,,51087.268500000035,0.0,0.0,0.0,0.0,0.0,0.0025,443.6546,7545.703598481079,0.0,1.0,2625.4962618266977,3271.8900739873834,0.0,0.0,1.0,0.0,0.0,1.0,0.0,0,0,27.450598493137893,4.154158518313289,31.604757011451184,22.249777682569608,3.894111611607924,26.14388929417753,4792.802000000016,4636.315099999993,4792.802000000016,0.0,0,0,0.0,0.0,0.0,1.0,1.0,0.0,0.0,0.0,0.0,0.5,0.25,0.0,-237.0060749999998,0.0,48,2560.0,1659.3828999999994,899.6364,1727.8424000000093,0.0,0.0,0.0,0.0,0.0,669,539.6548,2560.0,1659.3828999999994,0.0,274.0,1717.9269999999979,0.0,0.015,7.014175600739372,6.698242988929918,6.237060708263062,NaN,5.691941715481781,8.506401812674905,1084.0,1082.0,542.0,2046.6666666666665,1546.0,204.0,125,0,0,0,54,34.0,2048.0,48980.50830000005,14120.7103,23825.175499999998,224,544,0,38,0.33958745648735333,0.39204071922614947,0.18022040972176634,0,11071.575799999999,7589.338000000001,54,0,593.0,0,0,0,0.0,0,0.0,68823.05378508134,0.0,0,0,0,1.5,0,0.0,0,0,0.0,0,0.0,0,0,3698.5769999999957,256.0,8760.0442,4,1509.0304999999998,1056.3212000000008,NaN,5120.0,100.0,1.093583493411417,0,0,0.0,0,0.0,5120.0,0,0.0,0,0,0,0.0,0.0,0.0,0.0,0.0,0.0,0.0,0.0,0,0,0,0,125,0.0,0,12,0.0,0,0.0,1440.0,0.0,0.0,0.0,0.0,0.0,1509.0304999999998,17617.5335,46705.93000000001,0.5865780049465683,474,57161.73710000001,38,11661.31668508131,4,4774.447399999999,4,9529.1811,2,3204.7421,-50643.61390000003,37.65411734411299,0,0,542,542,"X1 SuMSy money, debt fiscal package (comparison)",sumsy,5,1.4551915228366852e-11
49,512,4,4,97552.35330000002,0.0,52022.55750000003,935.289,52022.55750000003,,52022.55750000003,0.0,0.0,0.0,0.0,0.0,0.0025,422.8637,7668.065313851594,0.0,1.0,2701.6106024235014,3336.8721592343936,0.0,0.0,1.0,0.0,0.0,1.0,0.0,0,0,27.296949032290666,4.084330281223888,31.381279313514554,22.31135107270897,3.858715182365825,26.170066255074797,4771.275199999989,4792.802000000029,4771.275199999989,0.0,0,0,0.0,0.0,0.0,1.0,1.0,0.0,0.0,0.0,0.0,0.5,0.25,0.0,-237.0060749999998,0.0,48,2560.0,1677.3944000000022,935.289,1754.1661000000026,0.0,0.0,0.0,0.0,0.0,670,539.7402,2560.0,1677.3944000000022,0.0,274.0,1775.746799999998,0.0,0.015,7.059689552238806,6.700368401486967,6.170050973451328,NaN,5.75116546118182,8.491193246670113,1076.0,1072.0,538.0,2048.0,1538.0,204.0,127,0,0,2,52,32.0,2048.0,49828.07400000004,14654.5154,24384.6405,224,544,0,38,0.34098118283555334,0.39094701155780487,0.17541578150226966,0,11150.812899999984,7567.9872000000005,52,0,565.0,0,0,0,0.0,0,0.0,69668.89337082714,0.0,0,0,0,1.5,0,0.0,0,0,0.0,0,0.0,0,0,3486.0788000000007,256.0,7722.5195,4,1438.3117,1006.8187999999998,NaN,5120.0,100.0,1.094422578831992,0,0,0.0,0,0.0,5120.0,0,0.0,0,0,0,0.0,0.0,0.0,0.0,0.0,0.0,0.0,0.0,0,0,0,0,127,0.0,0,12,0.0,0,0.0,1440.0,0.0,0.0,0.0,0.0,0.0,1438.3117,17937.6285,46761.67540000001,0.5875503216988303,474,58018.60389999995,38,11650.289470827243,4,4774.447399999999,4,9529.181100000002,2,3204.8275,-51599.69380000003,37.64641147690734,0,0,538,538,"X1 SuMSy money, debt fiscal package (comparison)",sumsy,5,1.4551915228366852e-11
50,512,4,4,98417.30730000009,0.0,52961.910800000034,939.3533,52961.910800000034,,52961.910800000034,0.0,0.0,0.0,0.0,0.0,0.0025,423.6187,7763.780057330008,0.0,1.0,2689.8686623324415,3378.4324048866692,0.0,0.0,1.0,0.0,0.0,1.0,0.0,0,0,27.58867256549504,4.139897229109437,31.72856979460448,22.705716535805447,3.8367462272207464,26.542462763026194,4877.5542000000105,4771.275199999994,4877.5542000000105,0.0,0,0,0.0,0.0,0.0,1.0,1.0,0.0,0.0,0.0,0.0,0.5,0.25,0.0,-237.0060749999998,0.0,48,2560.0,1695.0459999999973,939.3533,1759.9176000000032,0.0,0.0,0.0,0.0,0.0,671,540.0792,2560.0,1695.0459999999973,0.0,274.0,1757.9935000000012,0.0,0.015,7.183818325581399,6.8987475836431225,6.096982817869414,NaN,5.752964968072515,8.23645744927001,1076.0,1075.0,538.0,2045.3333333333333,1538.0,204.0,126,0,0,3,50,36.0,2048.0,50432.72110000003,15100.4489,24198.2468,224,544,0,38,0.3421713403129083,0.3920395823884828,0.16418761644799984,0,11123.07779999999,7722.6047000000035,50,0,582.0,0,0,0,0.0,0,0.0,70282.44165749947,0.0,0,0,0,1.5,0,0.0,0,0,0.0,0,0.0,0,0,3548.4439999999986,256.0,7722.1926,4,1440.8818999999999,1008.6179999999998,NaN,5120.0,100.0,1.09899338071403,0,0,0.0,0,0.0,5120.0,0,0.0,0,0,0,0.0,0.0,0.0,0.0,0.0,0.0,0.0,0.0,0,0,0,0,126,0.0,0,12,0.0,0,0.0,1440.0,0.0,0.0,0.0,0.0,0.0,1440.8818999999999,18371.091399999987,47020.8883,0.5902413352757132,474,58579.889900000075,38,11702.551757499416,4,4774.447399999999,4,10468.5344,2,3205.1665000000003,-52538.292100000035,37.6861489174081,0,0,538,538,"X1 SuMSy money, debt fiscal package (comparison)",sumsy,5,1.4551915228366852e-11
51,512,4,4,99264.96089999987,0.0,53962.01810000003,1000.1074,53962.01810000003,,53962.01810000003,0.0,0.0,0.0,0.0,0.0,0.0025,426.2541,7860.313057484424,0.0,1.0,2753.4091987201537,3420.7643633229463,0.0,0.0,1.0,0.0,0.0,1.0,0.0,0,0,27.654430534331457,4.070310829727906,31.724741364059362,22.863691894691183,3.7719047452636647,26.635596639954848,4808.911,4877.554199999923,4808.911,0.0,0,0,0.0,0.0,0.0,1.0,1.0,0.0,0.0,0.0,0.0,0.5,0.25,0.0,-237.0060999999998,0.0,48,2560.0,1712.3464000000004,1000.1074,1764.6346000000049,0.0,0.0,0.0,0.0,0.0,672,540.2898,2560.0,1712.3464000000004,0.0,274.0,1805.1440000000014,0.0,0.015,7.2040408201304755,6.804577009345773,6.040702852348997,NaN,5.7968538418038,8.305346238762526,1070.0,1073.0,535.0,2044.0,1532.0000000000002,204.0,127,0,0,2,51,36.0,2048.0,51046.92129999999,14676.3698,24781.176600000003,224,544,0,38,0.34552157737617395,0.3934341863651609,0.17028307757839034,0,11185.503299999988,7729.9358,51,0,596.0,0,0,0,0.0,0,0.0,70894.55698962437,0.0,0,0,0,1.5,0,0.0,0,0,0.0,0,0.0,0,0,3600.258900000002,256.0,7793.9493,4,1449.8444000000002,1014.8915999999999,NaN,5120.0,100.0,1.1026643466880939,0,0,0.0,0,0.0,5120.0,0,0.0,0,0,0,0.0,0.0,0.0,0.0,0.0,0.0,0.0,0.0,0,0,0,0,127,0.0,0,12,0.0,0,0.0,1440.0,0.0,0.0,0.0,0.0,0.0,1449.8444000000002,18794.400699999995,47251.49570000001,0.5930750788571144,474,59259.22419999997,38,11635.33278962444,4,5774.5548,4,10468.5343,2,3205.3770999999997,-53535.76400000003,37.67684147153768,0,0,535,535,"X1 SuMSy money, debt fiscal package (comparison)",sumsy,5,1.4551915228366852e-11
52,512,4,4,100095.66140000006,0.0,54955.96940000004,993.9514,54955.96940000004,,54955.96940000004,0.0,0.0,0.0,0.0,0.0,0.0025,432.9566,7946.219980984546,0.0,1.0,2752.7392442336636,3457.8537623230277,0.0,0.0,1.0,0.0,0.0,1.0,0.0,0,0,28.398095626300194,4.055810515142908,32.4539061414431,23.383729543305357,3.8425703052626474,27.226299848568,4890.612899999988,4808.910999999977,4890.612899999988,0.0,0,0,0.0,0.0,0.0,1.0,1.0,0.0,0.0,0.0,0.0,0.5,0.25,0.0,-237.0061249999998,0.0,48,2560.0,1729.2995000000012,993.9514,1774.3280000000057,0.0,0.0,0.0,0.0,0.0,673,540.385,2560.0,1729.2995000000012,0.0,274.0,1801.8052000000032,0.0,0.015,7.223644557195576,6.9304206703910785,5.989940856672151,NaN,5.7857979524244,8.05618585159965,1074.0,1084.0,537.0,2045.3333333333335,1536.0,204.0,126,0,0,0,60,36.0,2048.0,51532.96329999994,15115.0448,24552.2475,224,544,0,38,0.34883686791429036,0.39622772466204537,0.1581862832390084,0,11177.518799999996,7830.430700000004,60,0,607.0,0,0,0,0.0,0,0.0,71389.1678807552,0.0,0,0,0,1.5,0,0.0,0,0,0.0,0,0.0,0,0,3635.8940999999954,256.0,7922.064200000001,4,1472.6407000000002,1030.848,NaN,5120.0,100.0,1.1085020902456268,0,0,0.0,0,0.0,5120.0,0,0.0,0,0,0,0.0,0.0,0.0,0.0,0.0,0.0,0.0,0.0,0,0,0,0,126,0.0,0,12,0.0,0,0.0,1440.0,0.0,0.0,0.0,0.0,0.0,1472.6407000000002,19245.707599999998,47589.3565,0.5970710188531936,474,59625.57079999994,38,11763.59708075525,4,5774.5548,4,11462.4856,2,3205.4723,-54523.01280000004,37.715095449800216,0,0,537,537,"X1 SuMSy money, debt fiscal package (comparison)",sumsy,5,1.4551915228366852e-11
53,512,4,4,100909.74730000002,0.0,55942.831000000035,986.8617,55942.831000000035,,55942.831000000035,0.0,0.0,0.0,0.0,0.0,0.0025,426.7418,8010.514923346522,0.0,1.0,2753.2510028330157,3488.150665564346,0.0,0.0,1.0,0.0,0.0,1.0,0.0,0,0,28.79639870702267,4.1310678356327895,32.927466542655466,23.8914784182318,3.7917601335597966,27.683238551791593,4904.778200000011,4890.612899999987,4904.778200000011,0.0,0,0,0.0,0.0,0.0,1.0,1.0,0.0,0.0,0.0,0.0,0.5,0.25,0.0,-237.0061499999998,0.0,48,2560.0,1745.9141,986.8617,1768.8845000000035,0.0,0.0,0.0,0.0,0.0,674,540.5062,2560.0,1745.9141,0.0,274.0,1799.7304000000036,0.0,0.015,7.255586980609423,6.891245571955717,5.918978209459456,NaN,5.753240997121459,7.81450027605166,1084.0,1083.0,542.0,2048.0,1546.0,204.0,125,0,0,1,57,39.0,2048.0,52101.41549999999,15560.525099999999,24331.6618,224,544,0,38,0.3542042250234967,0.39688254984070914,0.15313188262531008,0,11170.235999999975,7857.800700000005,57,0,592.0,0,0,0,0.0,0,0.0,71955.21101171752,0.0,0,0,0,1.5,0,0.0,0,0,0.0,0,0.0,0,0,3504.035099999998,256.0,7948.8969,4,1451.5019000000002,1016.0519999999998,NaN,5120.0,100.0,1.1125039897209756,0,0,0.0,0,0.0,5120.0,0,0.0,0,0,0,0.0,0.0,0.0,0.0,0.0,0.0,0.0,0.0,0,0,0,0,125,0.0,0,12,0.0,0,0.0,1440.0,0.0,0.0,0.0,0.0,0.0,1451.5019000000002,19659.8046,47841.08379999999,0.5995014255647053,474,60208.96909999997,38,11746.24191171749,4,5774.5548,4,12449.3472,2,3205.5935,-55516.08920000003,37.70434067731021,0,0,542,542,"X1 SuMSy money, debt fiscal package (comparison)",sumsy,5,1.4551915228366852e-11
54,512,4,4,101707.55210000006,0.0,56961.09000000003,1018.259,56961.09000000003,,56961.09000000003,0.0,0.0,0.0,0.0,0.0,0.0025,447.2175,8061.965681480384,0.0,1.0,2779.8263784588385,3499.804329320254,0.0,0.0,1.0,0.0,0.0,1.0,0.0,0,0,29.333924698684278,4.1003759438394365,33.434300642523716,24.427007480529713,3.753874877258629,28.18088235778834,4842.186699999994,4904.778199999936,4842.186699999994,0.0,0,0,0.0,0.0,0.0,1.0,1.0,0.0,0.0,0.0,0.0,0.5,0.25,0.0,-237.0061499999998,0.0,48,2560.0,1762.1952,1018.259,1791.1717999999998,0.0,0.0,0.0,0.0,0.0,675,540.5256,2560.0,1762.1952,0.0,274.0,1822.0889999999993,0.0,0.015,7.246632568807342,6.825529313543592,5.846805619834708,NaN,5.750325875394248,7.5800652677701095,1078.0,1090.0,539.0,2046.6666666666667,1540.0,204.0,126,0,0,1,64,42.0,2048.0,52622.86799999998,15950.535399999999,24116.658500000005,224,544,0,38,0.3567521878629847,0.3999117431931729,0.1511073928618889,0,11148.794999999998,7898.829500000003,64,0,605.0,0,0,0,0.0,0,0.0,72484.93211152127,0.0,0,0,0,1.5,0,0.0,0,0,0.0,0,0.0,0,0,3537.317399999998,256.0,8029.7471,4,1521.1492,1064.8044,NaN,5120.0,100.0,1.1169951694937255,0,0,0.0,0,0.0,5120.0,0,0.0,0,0,0,0.0,0.0,0.0,0.0,0.0,0.0,0.0,0.0,0,0,0,0,126,0.0,0,12,0.0,0,0.0,1440.0,0.0,0.0,0.0,0.0,0.0,1521.1492,20138.986699999998,48096.94099999999,0.6034078981917537,474,60715.336399999986,38,11769.59571152126,4,5774.554799999998,4,13467.6062,2,3205.6129,-56513.872500000034,37.74125406929135,0,0,539,539,"X1 SuMSy money, debt fiscal package (comparison)",sumsy,5,1.4551915228366852e-11
55,512,4,4,102489.40070000016,0.0,57937.581400000025,976.4915,57937.581400000025,,57937.581400000025,0.0,0.0,0.0,0.0,0.0,0.0025,452.6608,8099.679138826759,0.0,1.0,2751.8690689993136,3510.125275884505,0.0,0.0,1.0,0.0,0.0,1.0,0.0,0,0,29.932985890687505,4.121423012924963,34.05440890361247,24.870492043826758,3.91354566161589,28.78403770544265,4876.633399999985,4842.186700000033,4876.633399999985,0.0,0,0,0.0,0.0,0.0,1.0,1.0,0.0,0.0,0.0,0.0,0.5,0.25,0.0,-237.00617499999979,0.0,48,2560.0,1778.151399999999,976.4915,1790.062199999996,0.0,0.0,0.0,0.0,0.0,676,540.4712,2560.0,1778.151399999999,0.0,274.0,1795.3163000000018,0.0,0.015,7.24952248353716,6.840071270718242,5.8082635937500084,NaN,5.716659430931889,7.352663309737006,1086.0,1063.0,543.0,2046.6666666666667,1548.0,204.0,124,0,0,2,51,32.0,2048.0,53127.62460000006,15379.3894,24698.3542,224,544,0,38,0.3594575854934563,0.40204882665072983,0.15814301253033958,0,11106.52570000001,7706.242400000001,51,0,640.0,0,0,0,0.0,0,0.0,72986.98666594522,0.0,0,0,0,1.5,0,0.0,0,0,0.0,0,0.0,0,0,3717.2887000000055,256.0,8290.9005,4,1539.6604000000002,1077.7620000000004,NaN,5120.0,100.0,1.121310615283362,0,0,0.0,0,0.0,5120.0,0,0.0,0,0,0,0.0,0.0,0.0,0.0,0.0,0.0,0.0,0.0,0,0,0,0,124,0.0,0,12,0.0,0,0.0,1440.0,0.0,0.0,0.0,0.0,0.0,1539.6604000000002,20531.436200000004,48368.64409999999,0.606541126410663,474,61209.98540000008,38,11777.001265945202,4,6751.046299999998,4,13467.606099999997,2,3205.5585,-57484.92060000003,37.72919136582679,0,0,543,543,"X1 SuMSy money, debt fiscal package (comparison)",sumsy,5,1.4551915228366852e-11
56,512,4,4,103255.61250000003,0.0,58954.58420000003,1017.0028,58954.58420000003,,58954.58420000003,0.0,0.0,0.0,0.0,0.0,0.0025,477.674,8133.453584822466,0.0,1.0,2797.131187468751,3510.9550732149755,0.0,0.0,1.0,0.0,0.0,1.0,0.0,0,0,30.771389512580747,4.0776125854876835,34.84900209806843,25.78598722083525,3.833796797174787,29.619784018010037,4861.6668999999665,4876.633399999972,4861.6668999999665,0.0,0,0,0.0,0.0,0.0,1.0,1.0,0.0,0.0,0.0,0.0,0.5,0.25,0.0,-237.00617499999979,0.0,48,2560.0,1793.7882,1017.0028,1814.886600000003,0.0,0.0,0.0,0.0,0.0,677,540.4424,2560.0,1793.7882,0.0,274.0,1840.1894000000018,0.0,0.015,7.230969159741467,6.903858472998133,5.797272656250004,NaN,5.726098655269243,7.791007609567463,1074.0,1083.0,537.0,2045.3333333333333,1536.0,204.0,127,0,0,2,57,36.0,2048.0,53564.0681,14874.3044,25281.579299999998,224,544,0,38,0.36652387173663104,0.40701373350148806,0.1576727234345996,0,11096.518799999974,7831.139600000009,57,0,640.0,0,0,0,0.0,0,0.0,73420.86322264791,0.0,0,0,0,1.5,0,0.0,0,0,0.0,0,0.0,0,0,3710.2545000000027,256.0,8517.5443,4,1624.7412000000002,1137.3188000000002,NaN,5120.0,100.0,1.1261698258115123,0,0,0.0,0,0.0,5120.0,0,0.0,0,0,0,0.0,0.0,0.0,0.0,0.0,0.0,0.0,0.0,0,0,0,0,127,0.0,0,12,0.0,0,0.0,1440.0,0.0,0.0,0.0,0.0,0.0,1624.7412000000002,21169.4817,48673.428,0.6114959713014876,474,61663.155699999996,38,11757.707522647946,4,7768.049099999998,4,13467.6061,2,3205.5297,-58476.91020000003,37.71773179753547,0,0,537,537,"X1 SuMSy money, debt fiscal package (comparison)",sumsy,5,1.4551915228366852e-11
57,512,4,4,104006.49999999997,0.0,59935.45430000003,980.8701,59935.45430000003,,59935.45430000003,0.0,0.0,0.0,0.0,0.0,0.0025,469.745,8164.369069653286,0.0,1.0,2777.4727774851453,3524.397379768856,0.0,0.0,1.0,0.0,0.0,1.0,0.0,0,0,31.582432884012693,4.095385856214632,35.67781874022732,26.604607599474498,3.8465574421407958,30.45116504161529,4848.747899999983,4861.666900000053,4848.747899999983,0.0,0,0,0.0,0.0,0.0,1.0,1.0,0.0,0.0,0.0,0.0,0.5,0.25,0.0,-237.00617499999979,0.0,48,2560.0,1809.1125,980.8701,1798.2566000000018,0.0,0.0,0.0,0.0,0.0,678,540.3622,2560.0,1809.1125,0.0,274.0,1822.9837000000007,0.0,0.015,7.205091832858498,6.836201851851838,5.725248906250001,NaN,5.7148188904577735,7.788357774586867,1080.0,1053.0,540.0,2045.3333333333333,1542.0000000000002,204.0,126,0,0,1,38,28.0,2048.0,54255.013900000005,15321.9817,24741.8243,224,544,0,38,0.3740009552550603,0.4118643020660737,0.15711504887935424,0,11079.626800000013,7586.961699999998,38,0,640.0,0,0,0,0.0,0,0.0,74109.37042651554,0.0,0,0,0,1.5,0,0.0,0,0,0.0,0,0.0,0,0,3664.1593000000007,256.0,8677.5729,4,1597.7717000000002,1118.4400000000005,NaN,5120.0,100.0,1.127179405809999,0,0,0.0,0,0.0,5120.0,0,0.0,0,0,0,0.0,0.0,0.0,0.0,0.0,0.0,0.0,0.0,0,0,0,0,126,0.0,0,12,0.0,0,0.0,1440.0,0.0,0.0,0.0,0.0,0.0,1597.7717000000002,21750.995899999994,48741.3789,0.6159359052791187,474,62350.89869999998,38,11758.471726515545,4,7768.0491,4,14448.476200000001,2,3205.4494999999997,-59465.709300000024,37.70684520765869,0,0,540,540,"X1 SuMSy money, debt fiscal package (comparison)",sumsy,5,1.4551915228366852e-11
58,512,4,4,104742.3709999999,0.0,60970.78710000002,1035.3328,60970.78710000002,,60970.78710000002,0.0,0.0,0.0,0.0,0.0,0.0025,493.9576,8211.782744648217,0.0,1.0,2826.384963958367,3536.4215464321433,0.0,0.0,1.0,0.0,0.0,1.0,0.0,0,0,32.71212602924277,4.126960638662666,36.839086667905434,27.720012855971675,3.868910152407759,31.588923008379435,4782.163700000024,4848.747900000065,4782.163700000024,0.0,0,0,0.0,0.0,0.0,1.0,1.0,0.0,0.0,0.0,0.0,0.5,0.25,0.0,-237.00617499999979,0.0,48,2560.0,1824.128999999998,1035.3328,1825.3470000000016,0.0,0.0,0.0,0.0,0.0,679,540.3522,2560.0,1824.128999999998,0.0,274.0,1875.3129000000029,0.0,0.015,7.160211577964518,6.851805461393632,5.704921562500004,NaN,5.721627901533662,7.723648647000409,1062.0,1071.0,531.0,2046.6666666666667,1523.9999999999998,204.0,130,0,0,2,43,34.0,2048.0,54895.62650000002,15717.9244,24287.0803,224,544,0,38,0.3788827189993391,0.4148582355980137,0.15440262851321251,0,11040.261800000004,7668.586599999999,43,0,640.0,0,0,0,0.0,0,0.0,74747.66636018973,0.0,0,0,0,1.5,0,0.0,0,0,0.0,0,0.0,0,0,3651.1498000000024,256.0,8807.43,4,1680.1259,1176.0872000000006,NaN,5120.0,100.0,1.1282443408743166,0,0,0.0,0,0.0,5120.0,0,0.0,0,0,0,0.0,0.0,0.0,0.0,0.0,0.0,0.0,0.0,0,0,0,0,130,0.0,0,12,0.0,0,0.0,1440.0,0.0,0.0,0.0,0.0,0.0,1680.1259,22506.3809,48812.43469999999,0.6194064867806179,474,63024.398400000035,38,11723.26796018977,4,7768.049099999998,4,15483.808999999997,2,3205.4395,-60476.82950000002,37.69650294727576,0,0,531,531,"X1 SuMSy money, debt fiscal package (comparison)",sumsy,5,1.4551915228366852e-11
59,512,4,4,105463.52439999998,0.0,61968.410200000035,997.6232,61968.410200000035,,61968.410200000035,0.0,0.0,0.0,0.0,0.0,0.0025,494.0172,8251.929066434672,0.0,1.0,2798.656916998803,3554.8912109564435,0.0,0.0,1.0,0.0,0.0,1.0,0.0,0,0,33.883044380588125,4.149828489907124,38.032872870495254,28.771336656744538,3.8506985954882484,32.62203525223279,4768.7022000000015,4782.163699999986,4768.7022000000015,0.0,0,0,0.0,0.0,0.0,1.0,1.0,0.0,0.0,0.0,0.0,0.5,0.25,0.0,-237.00619999999978,0.0,48,2560.0,1838.8465999999996,997.6232,1811.1718000000158,0.0,0.0,0.0,0.0,0.0,680,540.34,2560.0,1838.8465999999996,0.0,274.0,1853.5060000000021,0.0,0.015,7.176770408163264,6.802951407129445,5.660061874999995,NaN,5.697825454815424,8.067269369065071,1066.0,1078.0,533.0,2045.3333333333335,1528.0,204.0,129,0,0,1,49,40.0,2048.0,55452.482100000074,16033.061999999998,24044.8044,224,544,0,38,0.3859667047250346,0.419794212802973,0.1581803854863726,0,10995.623299999974,7736.558499999999,49,0,640.0,0,0,0,0.0,0,0.0,75302.32112718023,0.0,0,0,0,1.5,0,0.0,0,0,0.0,0,0.0,0,0,3622.439599999997,256.0,8898.8187,4,1680.3304,1176.2303999999997,NaN,5120.0,100.0,1.1308306937361998,0,0,0.0,0,0.0,5120.0,0,0.0,0,0,0,0.0,0.0,0.0,0.0,0.0,0.0,0.0,0.0,0,0,0,0,129,0.0,0,12,0.0,0,0.0,1440.0,0.0,0.0,0.0,0.0,0.0,1680.3304,23141.090800000005,48976.6851,0.6240522779704465,474,63477.76149999999,38,11824.559627180279,4,7768.049099999998,4,16481.432099999998,2,3205.4273000000003,-61474.39300000003,37.68667779991196,0,0,533,533,"X1 SuMSy money, debt fiscal package (comparison)",sumsy,5,1.4551915228366852e-11
60,512,4,4,106170.2532999998,0.0,62956.81300000003,988.4029,62956.81300000003,,62956.81300000003,0.0,0.0,0.0,0.0,0.0,0.0025,499.0203,8292.729401825514,0.0,1.0,2788.697603390061,3573.120851217007,0.0,0.0,1.0,0.0,0.0,1.0,0.0,0,0,34.633127804352945,4.10190076117178,38.73502856552472,29.578882963752623,3.844657273365559,33.42354023711818,4895.345600000003,4768.702200000023,4895.345600000003,0.0,0,0,0.0,0.0,0.0,1.0,1.0,0.0,0.0,0.0,0.0,0.5,0.25,0.0,-237.00622499999977,0.0,48,2560.0,1853.2711000000013,988.4029,1815.4769999999946,0.0,0.0,0.0,0.0,0.0,681,540.3638,2560.0,1853.2711000000013,0.0,274.0,1841.3573999999992,0.0,0.015,7.237753760445686,6.952486380597023,5.789339374999999,NaN,5.790353472758094,8.059489661858725,1072.0,1077.0,536.0,2046.6666666666667,1534.0,204.0,128,0,0,0,54,39.0,2048.0,56006.27790000006,15422.8247,24751.8731,224,544,0,38,0.39291473653162146,0.4255349052408961,0.16598233462800227,0,11121.888199999998,7795.060800000004,54,0,640.0,0,0,0,0.0,0,0.0,75854.02613582108,0.0,0,0,0,1.5,0,0.0,0,0,0.0,0,0.0,0,0,3705.1771999999996,256.0,8949.8935,4,1697.3499000000002,1188.1455999999998,NaN,5120.0,100.0,1.1331553773924885,0,0,0.0,0,0.0,5120.0,0,0.0,0,0,0,0.0,0.0,0.0,0.0,0.0,0.0,0.0,0.0,0,0,0,0,128,0.0,0,12,0.0,0,0.0,1440.0,0.0,0.0,0.0,0.0,0.0,1697.3499000000002,23730.685900000004,49124.59130000001,0.6289547859472977,474,64035.22079999991,38,11818.805335821267,4,8756.452000000001,4,16481.432,2,3205.4511,-62457.792700000035,37.67734390991635,0,0,536,536,"X1 SuMSy money, debt fiscal package (comparison)",sumsy,5,1.4551915228366852e-11
61,512,4,4,106862.84820000005,0.0,63930.49150000003,973.6785,63930.49150000003,,63930.49150000003,0.0,0.0,0.0,0.0,0.0,0.0025,484.8303,8318.896420985096,0.0,1.0,2806.2786790618356,3589.117347323395,0.0,0.0,1.0,0.0,0.0,1.0,0.0,0,0,35.039577001150825,4.024072528910945,39.06364953006177,30.055317499708188,3.7525812182172027,33.80789871792539,4923.571,4895.345599999928,4923.571,0.0,0,0,0.0,0.0,0.0,1.0,1.0,0.0,0.0,0.0,0.0,0.5,0.25,0.0,-237.00622499999977,0.0,48,2560.0,1867.405099999999,973.6785,1828.3043000000089,0.0,0.0,0.0,0.0,0.0,682,540.2936,2560.0,1867.405099999999,0.0,274.0,1850.8953000000015,0.0,0.015,7.26454203296703,6.952122346368665,5.9781963199999995,NaN,5.881237367434124,8.026875490380743,1074.0,1092.0,537.0,2048.0,1536.0,204.0,128,0,0,1,63,45.0,2048.0,56485.51579999998,15838.979499999998,24575.239999999998,224,544,0,38,0.40046780873159693,0.4305888960173223,0.17061797945676127,0,11250.131299999981,7932.879899999996,63,0,625.0,0,0,0,0.0,0,0.0,76331.27778403027,0.0,0,0,0,1.5,0,0.0,0,0,0.0,0,0.0,0,0,3736.3726999999994,256.0,8937.989000000001,4,1649.0836000000002,1154.3592000000003,NaN,5120.0,100.0,1.1367815727969526,0,0,0.0,0,0.0,5120.0,0,0.0,0,0,0,0.0,0.0,0.0,0.0,0.0,0.0,0.0,0.0,0,0,0,0,128,0.0,0,12,0.0,0,0.0,1440.0,0.0,0.0,0.0,0.0,0.0,1649.0836000000002,24242.901599999994,49352.20849999999,0.6335601114022615,474,64543.459400000065,38,11787.818384030203,4,8756.452000000001,4,17455.110500000003,2,3205.3809,-63445.66120000003,37.66847671442054,0,0,537,537,"X1 SuMSy money, debt fiscal package (comparison)",sumsy,5,1.4551915228366852e-11
62,512,4,4,107541.59120000013,0.0,64838.99980000003,908.5084,64838.99980000003,,64838.99980000003,0.0,0.0,0.0,0.0,0.0,0.0025,458.9999,8333.651096472488,0.0,1.0,2748.8873642820026,3602.230822648323,0.0,0.0,1.0,0.0,0.0,1.0,0.0,0,0,35.53079617426217,4.127013189304757,39.65780936356693,30.519894018786896,3.9181913405006648,34.43808535928756,5003.333899999983,4923.570999999946,5003.333899999983,0.0,0,0,0.0,0.0,0.0,1.0,1.0,0.0,0.0,0.0,0.0,0.5,0.25,0.0,-237.00624999999977,0.0,48,2560.0,1881.257000000002,908.5084,1823.914899999987,0.0,0.0,0.0,0.0,0.0,683,540.4252,2560.0,1881.257000000002,0.0,274.0,1789.9689999999994,0.0,0.015,7.335685122410544,7.002700000000012,6.037316466552316,NaN,5.845686461302147,7.884223491181942,1088.0,1062.0,544.0,2046.6666666666667,1550.0,204.0,124,0,0,1,53,31.0,2048.0,57209.69460000005,15403.8665,25157.880900000004,224,544,0,38,0.39864515069444173,0.42845893076424657,0.15799895177743895,0,11197.573899999996,7790.497599999997,53,0,583.0,0,0,0,0.0,0,0.0,77053.56964482868,0.0,0,0,0,1.5,0,0.0,0,0,0.0,0,0.0,0,0,3519.7555,256.0,8770.7241,4,1561.2246,1092.8580000000004,NaN,5120.0,100.0,1.136385746517131,0,0,0.0,0,0.0,5120.0,0,0.0,0,0,0,0.0,0.0,0.0,0.0,0.0,0.0,0.0,0.0,0,0,0,0,124,0.0,0,12,0.0,0,0.0,1440.0,0.0,0.0,0.0,0.0,0.0,1561.2246,24832.45790000001,49332.4715,0.6333038922149288,474,65334.37919999999,38,11719.190444828688,4,9664.9604,4,17455.110399999998,2,3205.5125,-64379.999900000024,37.66005287869951,0,0,544,544,"X1 SuMSy money, debt fiscal package (comparison)",sumsy,5,1.4551915228366852e-11
63,512,4,4,108206.7589999999,0.0,65826.10610000003,987.1064,65826.10610000003,,65826.10610000003,0.0,0.0,0.0,0.0,0.0,0.0025,475.6116,8346.956859368354,0.0,1.0,2806.632250303615,3598.796497912233,0.0,0.0,1.0,0.0,0.0,1.0,0.0,0,0,35.92878170956523,3.990953796901317,39.919735506466544,30.98814102633415,3.732516623841847,34.720657650176,4958.228000000005,5003.333900000036,4958.228000000005,0.0,0,0,0.0,0.0,0.0,1.0,1.0,0.0,0.0,0.0,0.0,0.5,0.25,0.0,-237.00627499999976,0.0,48,2560.0,1894.832200000003,987.1064,1845.845800000016,0.0,0.0,0.0,0.0,0.0,684,540.6268,2560.0,1894.832200000003,0.0,274.0,1838.3224999999973,0.0,0.015,7.3432951686417525,6.999532096474956,6.040071012006858,NaN,5.853434114388418,7.683775449397106,1078.0,1097.0,539.0,2046.6666666666667,1539.9999999999998,204.0,126,0,0,0,56,48.0,2048.0,57705.42219999994,15865.9413,24952.512799999997,224,544,0,38,0.4062129329879822,0.43280632930690555,0.16520891710439112,0,11196.276599999997,8055.594800000003,56,0,583.0,0,0,0,0.0,0,0.0,77547.50465258736,0.0,0,0,0,1.5,0,0.0,0,0,0.0,0,0.0,0,0,3521.361399999998,256.0,8666.6443,4,1617.7252,1132.4071999999999,NaN,5120.0,100.0,1.1387990515578108,0,0,0.0,0,0.0,5120.0,0,0.0,0,0,0,0.0,0.0,0.0,0.0,0.0,0.0,0.0,0.0,0,0,0,0,126,0.0,0,12,0.0,0,0.0,1440.0,0.0,0.0,0.0,0.0,0.0,1617.7252,25326.7995,49485.0984,0.6374982222170733,474,65931.43969999997,38,11616.064952587258,4,9664.9604,4,18442.216699999997,2,3205.7141,-65350.49450000004,37.65205023476453,0,0,539,539,"X1 SuMSy money, debt fiscal package (comparison)",sumsy,5,1.4551915228366852e-11
64,512,4,4,108858.6236000001,0.0,66827.20400000003,1001.098,66827.20400000003,,66827.20400000003,0.0,0.0,0.0,0.0,0.0,0.0025,472.9096,8366.02839515925,0.0,1.0,2829.0253873972556,3607.3656801061634,0.0,0.0,1.0,0.0,0.0,1.0,0.0,0,0,36.402686934048575,4.076415407684644,40.47910234173322,31.464666611850532,3.8248166794488667,35.2894832912994,4912.576399999968,4958.2279999999655,4912.576399999968,0.0,0,0,0.0,0.0,0.0,1.0,1.0,0.0,0.0,0.0,0.0,0.5,0.25,0.0,-237.00629999999975,0.0,48,2560.0,1908.135399999998,1001.098,1834.8781000000117,0.0,0.0,0.0,0.0,0.0,685,540.6514,2560.0,1908.135399999998,0.0,274.0,1859.7105999999992,0.0,0.015,7.350239356669817,6.915825464683997,5.993863590604029,NaN,5.889523252445219,8.280285251076856,1076.0,1057.0,538.0,2048.0,1538.0,204.0,127,0,0,2,48,35.0,2048.0,58473.0916,15361.882800000001,25418.651400000002,224,544,0,38,0.40829750038792834,0.43344374072270986,0.16535180472830335,0,11239.239900000019,7769.202999999997,48,0,596.0,0,0,0,0.0,0,0.0,78313.47108995791,0.0,0,0,0,1.5,0,0.0,0,0,0.0,0,0.0,0,0,3572.342700000001,256.0,8591.4368,4,1608.5368,1125.9751999999996,NaN,5120.0,100.0,1.1368904713757535,0,0,0.0,0,0.0,5120.0,0,0.0,0,0,0,0.0,0.0,0.0,0.0,0.0,0.0,0.0,0.0,0,0,0,0,127,0.0,0,12,0.0,0,0.0,1440.0,0.0,0.0,0.0,0.0,0.0,1608.5368,25794.738300000008,49371.971,0.6388917470251987,474,66715.70819999998,38,11597.76288995789,4,10666.0584,4,18442.2166,2,3205.7387,-66354.29440000003,37.644447723026296,0,0,538,538,"X1 SuMSy money, debt fiscal package (comparison)",sumsy,5,1.4551915228366852e-11
65,512,4,4,109497.45089999995,0.0,67830.02540000003,1002.8214,67830.02540000003,,67830.02540000003,0.0,0.0,0.0,0.0,0.0,0.0025,473.0578,8386.357092662807,0.0,1.0,2834.565792847245,3614.813345108535,0.0,0.0,1.0,0.0,0.0,1.0,0.0,0,0,36.92895232569935,4.1004161543024304,41.02936848000178,31.92242821621548,3.913530016793079,35.835958233008554,4945.483199999982,4912.576400000087,4945.483199999982,0.0,0,0,0.0,0.0,0.0,1.0,1.0,0.0,0.0,0.0,0.0,0.5,0.25,0.0,-237.00629999999975,0.0,48,2560.0,1921.1726999999987,1002.8214,1841.549299999996,0.0,0.0,0.0,0.0,0.0,686,540.6746,2560.0,1921.1726999999987,0.0,274.0,1864.339099999997,0.0,0.015,7.344053530534351,7.016072388059686,5.930910965630111,NaN,5.875075268413991,8.127698007859077,1072.0,1048.0,536.0,2045.3333333333333,1534.0,204.0,127,0,0,2,40,21.0,2048.0,59212.96499999997,15760.270999999999,24915.6302,224,544,0,38,0.4079579283953585,0.4340761511878035,0.15459006340138637,0,11189.900100000017,7696.5681,40,0,611.0,0,0,0,0.0,0,0.0,79051.72667545994,0.0,0,0,0,1.5,0,0.0,0,0,0.0,0,0.0,0,0,3623.7865999999976,256.0,8594.852299999999,4,1609.0399,1126.3279999999995,NaN,5120.0,100.0,1.1351791029176435,0,0,0.0,0,0.0,5120.0,0,0.0,0,0,0,0.0,0.0,0.0,0.0,0.0,0.0,0.0,0.0,0,0,0,0,127,0.0,0,12,0.0,0,0.0,1440.0,0.0,0.0,0.0,0.0,0.0,1609.0399,26250.81389999999,49270.753500000006,0.6404696618015697,474,67426.2726,38,11625.454075459997,4,10666.0584,4,19445.038,2,3205.7619,-67356.96760000003,37.63722533687499,0,0,536,536,"X1 SuMSy money, debt fiscal package (comparison)",sumsy,5,1.4551915228366852e-11
66,512,4,4,110123.50170000002,0.0,68883.07340000002,1053.048,68883.07340000002,,68883.07340000002,0.0,0.0,0.0,0.0,0.0,0.0025,482.5994,8410.854811308136,0.0,1.0,2877.8172530401484,3623.548907538754,0.0,0.0,1.0,0.0,0.0,1.0,0.0,0,0,37.71516353772736,4.078632857818543,41.793796395545904,32.61764626307798,3.873193605984098,36.49083986906208,4891.5942999999625,4945.483200000029,4891.5942999999625,0.0,0,0,0.0,0.0,0.0,1.0,1.0,0.0,0.0,0.0,0.0,0.5,0.25,0.0,-237.00629999999975,0.0,48,2560.0,1933.9492000000016,1053.048,1844.160400000008,0.0,0.0,0.0,0.0,0.0,687,540.7568,2560.0,1933.9492000000016,0.0,274.0,1908.4047000000007,0.0,0.015,7.287701683816653,7.00550960451977,5.8353382812499985,NaN,5.85530332416701,7.883867067623304,1062.0,1069.0,531.0,2045.3333333333333,1524.0,204.0,130,0,0,1,39,28.0,2048.0,59728.7287,15222.2602,25422.463499999998,224,544,0,38,0.4130831620888875,0.4375209982340691,0.15188290101923418,0,11147.8881,7790.553100000002,39,0,640.0,0,0,0,0.0,0,0.0,79565.95345168699,0.0,0,0,0,1.5,0,0.0,0,0,0.0,0,0.0,0,0,3734.616499999999,256.0,8726.6931,4,1641.4935,1149.0452000000007,NaN,5120.0,100.0,1.136756752182568,0,0,0.0,0,0.0,5120.0,0,0.0,0,0,0,0.0,0.0,0.0,0.0,0.0,0.0,0.0,0.0,0,0,0,0,130,0.0,0,12,0.0,0,0.0,1440.0,0.0,0.0,0.0,0.0,0.0,1641.4935,26730.011599999998,49371.416800000006,0.6439270183511652,474,67861.10569999994,38,11704.847751687,4,11719.106399999999,4,19445.038,2,3205.8441000000003,-68400.47400000002,37.63036407003124,0,0,531,531,"X1 SuMSy money, debt fiscal package (comparison)",sumsy,5,1.4551915228366852e-11
67,512,4,4,110737.0317,0.0,69923.30000000002,1040.2267,69923.30000000002,,69923.30000000002,0.0,0.0,0.0,0.0,0.0,0.0025,487.9444,8437.94530253813,0.0,1.0,2860.2310339192854,3636.057118358749,0.0,0.0,1.0,0.0,0.0,1.0,0.0,0,0,38.53739917786032,4.116403751217863,42.65380292907819,33.36987068023575,3.921412880876222,37.29128356111197,4853.146599999992,4891.594299999975,4853.146599999992,0.0,0,0,0.0,0.0,0.0,1.0,1.0,0.0,0.0,0.0,0.0,0.5,0.25,0.0,-237.00632499999975,0.0,48,2560.0,1946.4700000000005,1040.2267,1835.3076000000085,0.0,0.0,0.0,0.0,0.0,688,540.7724,2560.0,1946.4700000000005,0.0,274.0,1898.2538999999956,0.0,0.015,7.259845539906099,6.941344821092275,5.825769843749999,NaN,5.831292468677038,7.647351055594606,1062.0,1065.0,531.0,2046.6666666666667,1524.0000000000002,204.0,130,0,0,3,49,23.0,2048.0,60269.86,15653.1679,24944.0439,224,544,0,38,0.4151956497526814,0.44031459321738886,0.15865118955728552,0,11095.5875,7731.735499999995,49,0,640.0,0,0,0,0.0,0,0.0,80105.62467410266,0.0,0,0,0,1.5,0,0.0,0,0,0.0,0,0.0,0,0,3728.4926999999993,256.0,8841.2431,4,1659.6735000000003,1161.7719999999995,NaN,5120.0,100.0,1.1377901538312525,0,0,0.0,0,0.0,5120.0,0,0.0,0,0,0,0.0,0.0,0.0,0.0,0.0,0.0,0.0,0.0,0,0,0,0,130,0.0,0,12,0.0,0,0.0,1440.0,0.0,0.0,0.0,0.0,0.0,1659.6735000000003,27130.9436,49438.4549,0.6470053548037313,474,68265.29040000007,38,11840.33427410265,4,11719.1064,4,20485.2646,2,3205.8597,-69435.35560000002,37.623845866529685,0,0,531,531,"X1 SuMSy money, debt fiscal package (comparison)",sumsy,5,1.4551915228366852e-11
68,512,4,4,111338.29040000003,0.0,70910.79630000002,987.4963,70910.79630000002,,70910.79630000002,0.0,0.0,0.0,0.0,0.0,0.0025,489.1184,8440.642424260393,0.0,1.0,2807.919674357811,3636.072674506925,0.0,0.0,1.0,0.0,0.0,1.0,0.0,0,0,39.50033312980665,4.157658677172349,43.657991806979005,34.34187915773741,3.9349571854552874,38.27683634319269,4932.736299999994,4853.1465999999455,4932.736299999994,0.0,0,0,0.0,0.0,0.0,1.0,1.0,0.0,0.0,0.0,0.0,0.5,0.25,0.0,-237.00632499999975,0.0,48,2560.0,1958.7412999999997,987.4963,1831.5809000000017,0.0,0.0,0.0,0.0,0.0,689,540.7738,2560.0,1958.7412999999997,0.0,274.0,1849.6210000000024,0.0,0.015,7.252322087604851,7.01715597014929,5.798967968750006,NaN,5.809340641851975,7.520024160100621,1072.0,1073.0,536.0,2044.0000000000002,1534.0,204.0,127,0,0,1,44,29.0,2048.0,60743.572199999944,15999.7322,24636.511599999998,224,544,0,38,0.42124273647760746,0.4450098676060663,0.1605784727527697,0,11058.22570000001,7781.741600000005,44,0,640.0,0,0,0,0.0,0,0.0,80577.94980039749,0.0,0,0,0,1.5,0,0.0,0,0,0.0,0,0.0,0,0,3711.3395000000037,256.0,8928.5822,4,1663.6685000000002,1164.5676,NaN,5120.0,100.0,1.1397921475231534,0,0,0.0,0,0.0,5120.0,0,0.0,0,0,0,0.0,0.0,0.0,0.0,0.0,0.0,0.0,0.0,0,0,0,0,127,0.0,0,12,0.0,0,0.0,1440.0,0.0,0.0,0.0,0.0,0.0,1663.6685000000002,27767.526599999997,49564.826,0.6511029236321881,474,68779.264,38,11798.685800397516,4,11719.1064,4,21472.7609,2,3205.8611,-70421.67790000001,37.6176535732032,0,0,536,536,"X1 SuMSy money, debt fiscal package (comparison)",sumsy,5,1.4551915228366852e-11
69,512,4,4,111927.52470000014,0.0,71919.03370000001,1008.2375,71919.03370000001,,71919.03370000001,0.0,0.0,0.0,0.0,0.0,0.0025,500.0944,8454.760679922767,0.0,1.0,2833.945800134636,3637.773736615173,0.0,0.0,1.0,0.0,0.0,1.0,0.0,0,0,40.14804718116281,4.14337069707468,44.291417878237496,35.06317009496719,3.858054507726538,38.92122460269373,4904.274699999993,4932.736299999984,4904.274699999993,0.0,0,0,0.0,0.0,0.0,1.0,1.0,0.0,0.0,0.0,0.0,0.5,0.25,0.0,-237.00634999999974,0.0,48,2560.0,1970.7656999999997,1008.2375,1846.8859000000048,0.0,0.0,0.0,0.0,0.0,690,540.7434,2560.0,1970.7656999999997,0.0,274.0,1876.6355999999992,0.0,0.015,7.2304298617511575,6.999332706766898,5.89784281249999,NaN,5.878870848993351,7.570998842902239,1064.0,1085.0,532.0,2046.6666666666665,1525.9999999999998,204.0,129,0,0,2,48,44.0,2048.0,61185.53999999998,15486.6286,25232.7408,224,544,0,38,0.4244211893115388,0.4471950307958612,0.1596549280502051,0,11126.902400000024,7845.016400000006,48,0,640.0,0,0,0,0.0,0,0.0,81029.1328233782,0.0,0,0,0,1.5,0,0.0,0,0,0.0,0,0.0,0,0,3774.619399999993,256.0,8981.7775,4,1701.002,1190.7011999999993,NaN,5120.0,100.0,1.1423751671722202,0,0,0.0,0,0.0,5120.0,0,0.0,0,0,0,0.0,0.0,0.0,0.0,0.0,0.0,0.0,0.0,0,0,0,0,129,0.0,0,12,0.0,0,0.0,1440.0,0.0,0.0,0.0,0.0,0.0,1701.002,28228.536900000003,49701.1469,0.6537666353310945,474,69273.19989999999,38,11755.93292337814,4,12727.3439,4,21472.7608,2,3205.8306999999995,-71418.93930000001,37.65879296150955,0,0,532,532,"X1 SuMSy money, debt fiscal package (comparison)",sumsy,5,1.4551915228366852e-11
70,512,4,4,112504.97489999996,0.0,72883.36320000002,964.3296,72883.36320000002,,72883.36320000002,0.0,0.0,0.0,0.0,0.0,0.0025,493.5139,8450.580655475631,0.0,1.0,2809.6648661698205,3635.22361198375,0.0,0.0,1.0,0.0,0.0,1.0,0.0,0,0,41.00864155195111,4.093277908702573,45.10191946065368,35.892153440565,3.808725765460124,39.700879206025114,5037.422499999995,4904.274699999994,5037.422499999995,0.0,0,0,0.0,0.0,0.0,1.0,1.0,0.0,0.0,0.0,0.0,0.5,0.25,0.0,-237.00637499999974,0.0,48,2560.0,1982.5497999999968,964.3296,1848.830300000001,0.0,0.0,0.0,0.0,0.0,691,540.69,2560.0,1982.5497999999968,0.0,274.0,1855.2496000000012,0.0,0.015,7.284158020164998,7.177110820895531,5.959874062500002,NaN,5.889209805574401,7.885595652607311,1072.0,1091.0,536.0,2045.3333333333333,1534.0,204.0,128,0,0,0,60,51.0,2048.0,61495.88519999999,15905.232199999999,25032.2414,224,544,0,38,0.42985555364112193,0.45101204561092767,0.15970346340270214,0,11152.645799999998,7947.016400000013,60,0,640.0,0,0,0,0.0,0,0.0,81337.69954220924,0.0,0,0,0,1.5,0,0.0,0,0,0.0,0,0.0,0,0,3814.319400000001,256.0,9037.4122,4,1678.6201,1175.0351999999996,NaN,5120.0,100.0,1.1467602539470725,0,0,0.0,0,0.0,5120.0,0,0.0,0,0,0,0.0,0.0,0.0,0.0,0.0,0.0,0.0,0.0,0,0,0,0,128,0.0,0,12,0.0,0,0.0,1440.0,0.0,0.0,0.0,0.0,0.0,1678.6201,28727.754799999995,49974.885800000004,0.6576171082625952,474,69578.72569999998,38,11758.973842209229,4,12727.343899999998,4,22437.0903,2,3205.7772999999997,-72389.84930000002,37.65085331343406,0,0,536,536,"X1 SuMSy money, debt fiscal package (comparison)",sumsy,5,1.4551915228366852e-11
71,512,4,4,113070.87569999996,0.0,73830.16550000002,946.8023,73830.16550000002,,73830.16550000002,0.0,0.0,0.0,0.0,0.0,0.0025,475.8147,8450.03326780728,0.0,1.0,2796.467366325402,3638.2164785381833,0.0,0.0,1.0,0.0,0.0,1.0,0.0,0,0,41.13853869662639,4.152495625436793,45.29103432206318,36.10858529542344,3.9414099559204985,40.04999525134394,5011.364599999985,5037.42249999999,5011.364599999985,0.0,0,0,0.0,0.0,0.0,1.0,1.0,0.0,0.0,0.0,0.0,0.5,0.25,0.0,-237.00637499999974,0.0,48,2560.0,1994.0992000000022,946.8023,1841.6750999999986,0.0,0.0,0.0,0.0,0.0,692,540.7816,2560.0,1994.0992000000022,0.0,274.0,1834.9579999999974,0.0,0.015,7.347750142180101,7.019592236598853,6.062993124999998,NaN,5.956048094988197,7.7870151356884465,1082.0,1055.0,541.0,2048.0,1544.0,204.0,126,0,0,2,52,32.0,2048.0,62000.41030000007,15527.081,25456.259500000004,224,544,0,38,0.4295224889542735,0.4527962819582749,0.16314707588392285,0,11259.826700000012,7751.8764000000065,52,0,640.0,0,0,0,0.0,0,0.0,81840.5350850987,0.0,0,0,0,1.5,0,0.0,0,0,0.0,0,0.0,0,0,3880.315599999999,256.0,9070.5286,4,1618.4151,1132.8903999999995,NaN,5120.0,100.0,1.1479790054098753,0,0,0.0,0,0.0,5120.0,0,0.0,0,0,0,0.0,0.0,0.0,0.0,0.0,0.0,0.0,0.0,0,0,0,0,126,0.0,0,12,0.0,0,0.0,1440.0,0.0,0.0,0.0,0.0,0.0,1618.4151,29123.956500000004,50053.8691,0.6597430184232749,474,70003.57990000006,38,11836.95518509877,4,13674.1462,4,22437.0903,2,3205.8689,-73354.35080000001,37.64331064776238,0,0,541,541,"X1 SuMSy money, debt fiscal package (comparison)",sumsy,5,1.4551915228366852e-11
72,512,4,4,113625.43030000008,0.0,74798.40190000001,968.2364,74798.40190000001,,74798.40190000001,0.0,0.0,0.0,0.0,0.0,0.0025,490.5966,8459.045012342238,0.0,1.0,2824.7445815298956,3633.8115998948206,0.0,0.0,1.0,0.0,0.0,1.0,0.0,0,0,41.170830626425065,4.060378548741927,45.23120917516699,36.20065896523565,3.854815958861665,40.05547492409731,5090.814699999984,5011.364599999924,5090.814699999984,0.0,0,0,0.0,0.0,0.0,1.0,1.0,0.0,0.0,0.0,0.0,0.5,0.25,0.0,-237.00637499999974,0.0,48,2560.0,2005.4454000000012,968.2364,1881.3019000000127,0.0,0.0,0.0,0.0,0.0,693,540.81,2560.0,2005.4454000000012,0.0,274.0,1854.8415000000007,0.0,0.015,7.398735892691953,7.217951396647997,6.117508031496068,NaN,5.996966657183877,7.6146723736718185,1074.0,1081.0,537.0,2045.3333333333333,1536.0,204.0,127,0,0,2,52,39.0,2048.0,62316.0117,15981.768500000002,25190.193100000004,224,544,0,38,0.4345833654833522,0.4557145836974148,0.1710428045157717,0,11286.165300000004,7998.0335000000005,52,0,635.0,0,0,0,0.0,0,0.0,82154.53140584384,0.0,0,0,0,1.5,0,0.0,0,0,0.0,0,0.0,0,0,3884.617600000003,256.0,9106.0504,4,1668.6958000000002,1168.0872,NaN,5120.0,100.0,1.1515637197715427,0,0,0.0,0,0.0,5120.0,0,0.0,0,0,0,0.0,0.0,0.0,0.0,0.0,0.0,0.0,0.0,0,0,0,0,127,0.0,0,12,0.0,0,0.0,1440.0,0.0,0.0,0.0,0.0,0.0,1668.6958000000002,29398.671400000003,50278.012,0.663007084125588,474,70428.81889999994,38,11725.712505843829,4,13674.1462,4,23405.326699999998,2,3205.8972999999996,-74307.8053,37.636145115374255,0,0,537,537,"X1 SuMSy money, debt fiscal package (comparison)",sumsy,5,1.4551915228366852e-11
73,512,4,4,114168.92229999996,0.0,75755.7918,957.3899,75755.7918,,75755.7918,0.0,0.0,0.0,0.0,0.0,0.0025,477.6273,8465.146043130477,0.0,1.0,2830.682802214788,3638.721253753646,0.0,0.0,1.0,0.0,0.0,1.0,0.0,0,0,41.50860805196212,3.9595836573146257,45.468191709276745,36.64704150885658,3.7077605653645618,40.35480207422114,5085.864899999992,5090.8147000000545,5085.864899999992,0.0,0,0,0.0,0.0,0.0,1.0,1.0,0.0,0.0,0.0,0.0,0.5,0.25,0.0,-237.00637499999974,0.0,48,2560.0,2016.5080000000003,957.3899,1870.0739000000071,0.0,0.0,0.0,0.0,0.0,694,540.9256,2560.0,2016.5080000000003,0.0,274.0,1854.0508999999968,0.0,0.015,7.4212789617486346,7.160083271375451,6.130453719008264,NaN,6.075673843412664,7.977853862847109,1076.0,1098.0,538.0,2045.3333333333333,1538.0,204.0,126,0,0,1,63,51.0,2048.0,62729.775999999925,15599.3338,25902.1207,224,544,0,38,0.4412016977504132,0.4604029441531341,0.17838436185785422,0,11390.044700000011,8148.564300000001,63,0,605.0,0,0,0,0.0,0,0.0,82566.77088055157,0.0,0,0,0,1.5,0,0.0,0,0,0.0,0,0.0,0,0,3708.9244999999996,256.0,8919.1389,4,1624.5841,1137.2084000000002,NaN,5120.0,100.0,1.153824108001716,0,0,0.0,0,0.0,5120.0,0,0.0,0,0,0,0.0,0.0,0.0,0.0,0.0,0.0,0.0,0.0,0,0,0,0,126,0.0,0,12,0.0,0,0.0,1440.0,0.0,0.0,0.0,0.0,0.0,1624.5841,29840.719099999995,50420.593400000005,0.66681223237351,474,70954.25839999992,38,11612.512480551643,4,14631.5361,4,23405.3267,2,3206.0128999999997,-75278.16450000001,37.62933785960555,0,0,538,538,"X1 SuMSy money, debt fiscal package (comparison)",sumsy,5,1.4551915228366852e-11
74,512,4,4,114701.54399999995,0.0,76703.5231,947.7313,76703.5231,,76703.5231,0.0,0.0,0.0,0.0,0.0,0.0025,457.4895,8484.78959179869,0.0,1.0,2827.4615589548544,3654.778086199122,0.0,0.0,1.0,0.0,0.0,1.0,0.0,0,0,41.591355127459565,4.07897941495982,45.67033454241938,36.96242706503885,3.7868160962957824,40.74924316133463,5174.522499999989,5085.864900000039,5174.522499999989,0.0,0,0,0.0,0.0,0.0,1.0,1.0,0.0,0.0,0.0,0.0,0.5,0.25,0.0,-237.00637499999974,0.0,48,2560.0,2027.378300000002,947.7313,1868.9324999999935,0.0,0.0,0.0,0.0,0.0,695,541.0494,2560.0,2027.378300000002,0.0,274.0,1847.8570999999965,0.0,0.015,7.478706297709923,7.266807933579333,6.198172175379428,NaN,6.0555251765529094,7.84683185856117,1084.0,1048.0,542.0,2046.6666666666667,1546.0000000000002,204.0,125,0,0,1,48,28.0,2048.0,63434.14789999994,16085.8832,25434.9266,224,544,0,38,0.438711790408431,0.4578784227270152,0.16336211537557177,0,11384.314199999992,7837.6842,48,0,593.0,0,0,0,0.0,0,0.0,83269.69419652398,0.0,0,0,0,1.5,0,0.0,0,0,0.0,0,0.0,0,0,3675.5161000000007,256.0,8748.047400000001,4,1556.0836000000004,1089.2579999999994,NaN,5120.0,100.0,1.1512971843399114,0,0,0.0,0,0.0,5120.0,0,0.0,0,0,0,0.0,0.0,0.0,0.0,0.0,0.0,0.0,0.0,0,0,0,0,125,0.0,0,12,0.0,0,0.0,1440.0,0.0,0.0,0.0,0.0,0.0,1556.0836000000004,30134.246599999995,50268.8572,0.6662780174927576,474,71613.1507,38,11656.543496524062,4,14631.5361,4,24353.058,2,3206.1367,-76246.03360000001,37.622870966625285,0,0,542,542,"X1 SuMSy money, debt fiscal package (comparison)",sumsy,5,1.4551915228366852e-11
75,512,4,4,115223.51269999998,0.0,77735.7271,1032.204,77735.7271,,77735.7271,0.0,0.0,0.0,0.0,0.0,0.0025,472.0923,8506.90661532996,0.0,1.0,2895.100344428693,3661.2145102199684,0.0,0.0,1.0,0.0,0.0,1.0,0.0,0,0,41.959619620479,4.022227329873392,45.98184695035239,37.391635881024996,3.730864810857288,41.12250069188229,5101.520599999993,5174.522500000066,5101.520599999993,0.0,0,0,0.0,0.0,0.0,1.0,1.0,0.0,0.0,0.0,0.0,0.5,0.25,0.0,-237.00637499999974,0.0,48,2560.0,2038.0313000000017,1032.204,1887.1337000000065,0.0,0.0,0.0,0.0,0.0,696,541.2312,2560.0,2038.0313000000017,0.0,274.0,1907.9086999999995,0.0,0.015,7.473410118505018,7.228645708955218,6.123638916256146,NaN,6.068949107756021,7.6974567741573665,1072.0,1097.0,536.0,2046.6666666666665,1534.0,204.0,128,0,0,0,53,48.0,2048.0,63767.850799999884,15664.3719,26102.3758,224,544,0,38,0.44193614910321966,0.4594366440452935,0.16430803222546042,0,11393.302699999986,8198.330900000004,53,0,609.0,0,0,0,0.0,0,0.0,83602.02094169795,0.0,0,0,0,1.5,0,0.0,0,0,0.0,0,0.0,0,0,3729.296099999993,256.0,8675.5907,4,1605.7534999999998,1124.0272,NaN,5120.0,100.0,1.154066375578645,0,0,0.0,0,0.0,5120.0,0,0.0,0,0,0,0.0,0.0,0.0,0.0,0.0,0.0,0.0,0.0,0,0,0,0,128,0.0,0,12,0.0,0,0.0,1440.0,0.0,0.0,0.0,0.0,0.0,1605.7534999999998,30677.965,50442.33839999999,0.6685827031309464,474,72053.80029999996,38,11548.22064169786,4,15663.740099999997,4,24353.058,2,3206.3185,-77263.6348,37.61672741829402,0,0,536,536,"X1 SuMSy money, debt fiscal package (comparison)",sumsy,5,1.4551915228366852e-11
76,512,4,4,115735.04330000002,0.0,78748.8258,1013.0988,78748.8258,,78748.8258,0.0,0.0,0.0,0.0,0.0,0.0025,468.0213,8520.041636938893,0.0,1.0,2881.565473832988,3668.0725079592585,0.0,0.0,1.0,0.0,0.0,1.0,0.0,0,0,42.23637694314339,4.052349611223194,46.28872655436659,37.74964769042314,3.8089963892624064,41.55864407968555,5198.680800000025,5101.520599999978,5198.680800000025,0.0,0,0,0.0,0.0,0.0,1.0,1.0,0.0,0.0,0.0,0.0,0.5,0.25,0.0,-237.00639999999973,0.0,48,2560.0,2048.4694,1013.0988,1873.9462999999992,0.0,0.0,0.0,0.0,0.0,697,541.2808,2560.0,2048.4694,0.0,274.0,1895.0765999999978,0.0,0.015,7.524071496212123,7.377351576994424,6.0547249201277955,NaN,6.024694828339413,7.550769747754707,1078.0,1056.0,539.0,2048.0,1540.0,204.0,127,0,0,2,46,36.0,2048.0,64234.48189999999,16146.463000000002,25629.9986,224,544,0,38,0.4452067504770121,0.4604687732939081,0.17859520668477225,0,11343.971599999995,7945.419500000002,46,0,626.0,0,0,0,0.0,0,0.0,84077.87737829017,0.0,0,0,0,1.5,0,0.0,0,0,0.0,0,0.0,0,0,3790.2578,256.0,8714.7977,4,1591.9089999999999,1114.3367999999998,NaN,5120.0,100.0,1.1552272689521288,0,0,0.0,0,0.0,5120.0,0,0.0,0,0,0,0.0,0.0,0.0,0.0,0.0,0.0,0.0,0.0,0,0,0,0,127,0.0,0,12,0.0,0,0.0,1440.0,0.0,0.0,0.0,0.0,0.0,1591.9089999999999,30873.6627,50491.2593,0.6704033338821258,474,72553.3114,38,11524.565978290088,4,15663.740099999997,4,25366.156700000003,2,3206.3680999999997,-78280.80450000001,37.65791195665218,0,0,539,539,"X1 SuMSy money, debt fiscal package (comparison)",sumsy,5,1.4551915228366852e-11
77,512,4,4,116236.34190000012,0.0,79815.04500000001,1066.2192,79815.04500000001,,79815.04500000001,0.0,0.0,0.0,0.0,0.0,0.0025,474.4792,8543.136901756154,0.0,1.0,2926.946852116292,3678.3736595040987,0.0,0.0,1.0,0.0,0.0,1.0,0.0,0,0,42.509955704850476,4.023012323604295,46.53296802845477,38.030037946058464,3.777841169257034,41.8078791153155,5082.462799999981,5198.680799999991,5082.462799999981,0.0,0,0,0.0,0.0,0.0,1.0,1.0,0.0,0.0,0.0,0.0,0.5,0.25,0.0,-237.00639999999973,0.0,48,2560.0,2058.701400000005,1066.2192,1876.866000000001,0.0,0.0,0.0,0.0,0.0,698,541.3054,2560.0,2058.701400000005,0.0,274.0,1933.7649999999978,0.0,0.015,7.518270036429866,7.251565730337035,6.002200884955751,NaN,6.015437780501113,7.324246655322066,1068.0,1098.0,534.0,2045.3333333333335,1530.0,204.0,129,0,0,3,63,50.0,2048.0,64770.36070000002,15706.7409,26301.4782,224,544,0,38,0.4452598230345204,0.46133312695594686,0.16292980883109087,0,11308.46919999999,8255.060499999992,63,0,565.0,0,0,0,0.0,0,0.0,84611.98756437548,0.0,0,0,0,1.5,0,0.0,0,0,0.0,0,0.0,0,0,3391.243499999999,256.0,8441.9775,4,1613.8757,1129.7135999999996,NaN,5120.0,100.0,1.15448902179684,0,0,0.0,0,0.0,5120.0,0,0.0,0,0,0,0.0,0.0,0.0,0.0,0.0,0.0,0.0,0.0,0,0,0,0,129,0.0,0,12,0.0,0,0.0,1440.0,0.0,0.0,0.0,0.0,0.0,1613.8757,31321.549399999996,50450.196599999996,0.6720501060699011,474,73032.98769999991,38,11578.999864375584,4,16729.9593,4,25366.1567,2,3206.3927,-79340.56580000001,37.65001635881956,0,0,534,534,"X1 SuMSy money, debt fiscal package (comparison)",sumsy,5,1.4551915228366852e-11
78,512,4,4,116727.61439999985,0.0,80813.4216,998.3767,80813.4216,,80813.4216,0.0,0.0,0.0,0.0,0.0,0.0025,472.2694,8537.008764918912,0.0,1.0,2853.3047056911805,3673.508818279272,0.0,0.0,1.0,0.0,0.0,1.0,0.0,0,0,42.740359283372904,4.09807419553704,46.83843347890994,38.264780925448555,3.8398823677698735,42.10466329321843,5181.155499999988,5082.462799999955,5181.155499999988,0.0,0,0,0.0,0.0,0.0,1.0,1.0,0.0,0.0,0.0,0.0,0.5,0.25,0.0,-237.00642499999972,0.0,48,2560.0,2068.7274999999986,998.3767,1862.352599999996,0.0,0.0,0.0,0.0,0.0,699,541.2306,2560.0,2068.7274999999986,0.0,274.0,1860.886799999998,0.0,0.015,7.5407498578198995,7.330555083179365,5.947196075353213,NaN,5.982881851128312,7.104519255662403,1082.0,1055.0,541.0,2044.0,1544.0,204.0,124,0,0,0,50,31.0,2048.0,65151.617499999964,16159.2601,25821.716900000003,224,544,0,38,0.4447379808223153,0.4612651227771578,0.16303667568471392,0,11256.658999999996,7955.491099999994,50,0,637.0,0,0,0,0.0,0,0.0,84991.56418115669,0.0,0,0,0,1.5,0,0.0,0,0,0.0,0,0.0,0,0,3788.3638999999966,256.0,8581.5199,4,1606.3609000000001,1124.4527999999998,NaN,5120.0,100.0,1.1562504126666335,0,0,0.0,0,0.0,5120.0,0,0.0,0,0,0,0.0,0.0,0.0,0.0,0.0,0.0,0.0,0.0,0,0,0,0,124,0.0,0,12,0.0,0,0.0,1440.0,0.0,0.0,0.0,0.0,0.0,1606.3609000000001,31546.827599999997,50562.49689999999,0.6734918910861842,474,73383.25679999996,38,11608.307381156807,4,16729.959299999995,4,26364.5333,2,3206.3179,-80341.1522,37.64251554087859,0,0,541,541,"X1 SuMSy money, debt fiscal package (comparison)",sumsy,5,1.4551915228366852e-11
79,512,4,4,117209.06240000004,0.0,81861.8304,1048.4088,81861.8304,,81861.8304,0.0,0.0,0.0,0.0,0.0,0.0025,475.645,8548.64227555639,0.0,1.0,2906.7650764691975,3677.1284420375923,0.0,0.0,1.0,0.0,0.0,1.0,0.0,0,0,43.100814386685926,4.103281789216254,47.20409617590218,38.497376617506596,3.9602337852345744,42.45761040274117,5076.7205999999915,5181.155499999952,5076.7205999999915,0.0,0,0,0.0,0.0,0.0,1.0,1.0,0.0,0.0,0.0,0.0,0.5,0.25,0.0,-237.00642499999972,0.0,48,2560.0,2078.5519999999965,1048.4088,1871.4377999999967,0.0,0.0,0.0,0.0,0.0,700,541.1662,2560.0,2078.5519999999965,0.0,274.0,1911.3867999999998,0.0,0.015,7.5105478053435055,7.1761701298701075,5.891210156249999,NaN,5.971960572228732,7.027516079372802,1078.0,1048.0,539.0,2048.0,1540.0,204.0,127,0,0,0,34,21.0,2048.0,65649.0485,15702.871899999998,26123.947799999998,224,544,0,38,0.4441376972157538,0.4616877836067226,0.15736992893693236,0,11262.372000000012,7871.054099999994,34,0,640.0,0,0,0,0.0,0,0.0,85487.39900709897,0.0,0,0,0,1.5,0,0.0,0,0,0.0,0,0.0,0,0,3770.3744999999994,256.0,8716.383,4,1617.8405999999998,1132.4876,NaN,5120.0,100.0,1.1558732866459318,0,0,0.0,0,0.0,5120.0,0,0.0,0,0,0,0.0,0.0,0.0,0.0,0.0,0.0,0.0,0.0,0,0,0,0,127,0.0,0,12,0.0,0,0.0,1440.0,0.0,0.0,0.0,0.0,0.0,1617.8405999999998,31920.439900000005,50543.202699999994,0.6748581878192599,474,73830.98979999995,38,11656.40920709896,4,17778.3681,4,26364.5333,2,3206.2535,-81386.1854,37.63538976383465,0,0,539,539,"X1 SuMSy money, debt fiscal package (comparison)",sumsy,5,1.4551915228366852e-11
80,512,4,4,117680.88169999998,0.0,82982.3848,1120.5544,82982.3848,,82982.3848,0.0,0.0,0.0,0.0,0.0,0.0025,506.6812,8590.4457888928,0.0,1.0,2975.133727703448,3689.287509261864,0.0,0.0,1.0,0.0,0.0,1.0,0.0,0,0,43.82889177234023,4.124998447806129,47.95389022014636,39.2438459898823,3.916797530682087,43.16064352056439,4930.477600000013,5076.720600000057,4930.477600000013,0.0,0,0,0.0,0.0,0.0,1.0,1.0,0.0,0.0,0.0,0.0,0.5,0.25,0.0,-237.00642499999972,0.0,48,2560.0,2088.1807000000017,1120.5544,1895.9554000000064,0.0,0.0,0.0,0.0,0.0,701,541.071,2560.0,2088.1807000000017,0.0,274.0,1983.739099999998,0.0,0.015,7.452262827715357,7.092168750000013,5.84926671875,NaN,5.955101851321064,6.8871753312137445,1056.0,1068.0,528.0,2048.0,1518.0,204.0,132,0,0,1,40,26.0,2048.0,66089.20230000005,16161.043399999999,25541.3708,224,544,0,38,0.44919735694704355,0.4641306497097497,0.14807961355198307,0,11192.31479999998,7959.016700000001,40,0,640.0,0,0,0,0.0,0,0.0,85926.03644174385,0.0,0,0,0,1.5,0,0.0,0,0,0.0,0,0.0,0,0,3743.5307000000003,256.0,8841.512999999999,4,1723.4078,1206.3864000000003,NaN,5120.0,100.0,1.1558251404614215,0,0,0.0,0,0.0,5120.0,0,0.0,0,0,0,0.0,0.0,0.0,0.0,0.0,0.0,0.0,0.0,0,0,0,0,132,0.0,0,12,0.0,0,0.0,1440.0,0.0,0.0,0.0,0.0,0.0,1723.4078,32352.232500000006,50543.9272,0.6777239107143365,474,74334.98759999988,38,11591.048841744008,4,17778.3681,4,27485.0877,2,3206.1583,-82475.7036,37.6286202756429,0,0,528,528,"X1 SuMSy money, debt fiscal package (comparison)",sumsy,5,1.4551915228366852e-11
81,512,4,4,118143.26410000012,0.0,84049.81590000002,1067.4312,84049.81590000002,,84049.81590000002,0.0,0.0,0.0,0.0,0.0,0.0025,513.2029,8614.192418638944,0.0,1.0,2928.9323191192216,3700.3107290926273,0.0,0.0,1.0,0.0,0.0,1.0,0.0,0,0,44.73087897198782,4.118625459318951,48.84950443130677,40.044338504041285,3.948326086415113,43.9926645904564,5144.046500000002,4930.4776000000575,5144.046500000002,0.0,0,0,0.0,0.0,0.0,1.0,1.0,0.0,0.0,0.0,0.0,0.5,0.25,0.0,-237.00644999999972,0.0,48,2560.0,2097.6175999999964,1067.4312,1878.4935000000057,0.0,0.0,0.0,0.0,0.0,702,541.0202,2560.0,2097.6175999999964,0.0,274.0,1945.231200000003,0.0,0.015,7.452059111933392,7.452798305084741,5.9024146875000065,NaN,5.930060778603484,6.729469414234121,1062.0,1081.0,531.0,2046.6666666666667,1524.0,204.0,130,0,0,1,52,32.0,2048.0,66367.94180000003,16470.3648,25256.0972,224,544,0,38,0.4516037174079386,0.4668893738200317,0.14794594799539484,0,11146.04960000002,8055.675899999997,52,0,640.0,0,0,0,0.0,0,0.0,86224.40742201112,0.0,0,0,0,1.5,0,0.0,0,0,0.0,0,0.0,0,0,3777.545400000004,256.0,8994.637200000001,4,1745.5873000000001,1221.9111999999998,NaN,5120.0,100.0,1.1594847832361186,0,0,0.0,0,0.0,5120.0,0,0.0,0,0,0,0.0,0.0,0.0,0.0,0.0,0.0,0.0,0.0,0,0,0,0,130,0.0,0,12,0.0,0,0.0,1440.0,0.0,0.0,0.0,0.0,0.0,1745.5873000000001,32740.17260000001,50721.099200000004,0.6807803947057454,474,74593.83810000004,38,11630.569322011164,4,17778.3681,4,28552.5188,2,3206.1075,-83536.61300000001,37.71626081254986,0,0,531,531,"X1 SuMSy money, debt fiscal package (comparison)",sumsy,5,1.4551915228366852e-11
82,512,4,4,118596.39920000003,0.0,85046.11480000001,996.299,85046.11480000001,,85046.11480000001,0.0,0.0,0.0,0.0,0.0,0.0025,494.127,8628.055005748834,0.0,1.0,2865.115214609381,3714.9950621658872,0.0,0.0,1.0,0.0,0.0,1.0,0.0,0,0,45.18830699580439,4.107052109802532,49.29535910560692,40.62451777366459,3.909415854278866,44.53393362794346,5108.72839999998,5144.046500000048,5108.72839999998,0.0,0,0,0.0,0.0,0.0,1.0,1.0,0.0,0.0,0.0,0.0,0.5,0.25,0.0,-237.0064749999997,0.0,48,2560.0,2106.8649000000005,996.299,1859.8225999999984,0.0,0.0,0.0,0.0,0.0,703,540.9958,2560.0,2106.8649000000005,0.0,274.0,1881.4404999999974,0.0,0.015,7.452523302752297,7.238198327137566,6.044811562499998,NaN,5.997294475146441,7.189031699781573,1076.0,1090.0,538.0,2046.6666666666665,1538.0,204.0,126,0,0,1,56,43.0,2048.0,66533.843,16041.3373,25883.4369,224,544,0,38,0.45593945195774244,0.47010309734821387,0.15805818260742943,0,11237.338199999998,8123.250400000004,56,0,640.0,0,0,0,0.0,0,0.0,86387.88650091068,0.0,0,0,0,1.5,0,0.0,0,0,0.0,0,0.0,0,0,3868.6793999999986,256.0,9102.6592,4,1680.7040000000002,1176.4928,NaN,5120.0,100.0,1.1643749509753543,0,0,0.0,0,0.0,5120.0,0,0.0,0,0,0,0.0,0.0,0.0,0.0,0.0,0.0,0.0,0.0,0,0,0,0,126,0.0,0,12,0.0,0,0.0,1440.0,0.0,0.0,0.0,0.0,0.0,1680.7040000000002,33093.236699999994,51027.433399999994,0.68394537054422,474,74814.2927,38,11573.593800910608,4,18774.6671,4,28552.5187,2,3206.0831,-84551.98780000002,37.705447771922366,0,0,538,538,"X1 SuMSy money, debt fiscal package (comparison)",sumsy,5,1.4551915228366852e-11
83,512,4,4,119040.47129999987,0.0,86047.81360000001,1001.6989,86047.81360000001,,86047.81360000001,0.0,0.0,0.0,0.0,0.0,0.0025,496.3833,8648.793112813837,0.0,1.0,2879.4197945854066,3724.032725209222,0.0,0.0,1.0,0.0,0.0,1.0,0.0,0,0,45.5728286148503,4.137225784619898,49.7100543994702,40.88391239131006,3.9510100031183675,44.83492239442843,5072.657799999983,5108.728399999987,5072.657799999983,0.0,0,0,0.0,0.0,0.0,1.0,1.0,0.0,0.0,0.0,0.0,0.5,0.25,0.0,-237.0064999999997,0.0,48,2560.0,2115.927900000002,1001.6989,1890.1028000000083,0.0,0.0,0.0,0.0,0.0,704,540.9348,2560.0,2115.927900000002,0.0,274.0,1895.6810999999973,0.0,0.015,7.483646291079813,7.114754730983286,6.154937343749995,NaN,6.090107322054058,7.662481404805614,1078.0,1065.0,539.0,2046.6666666666667,1540.0,204.0,127,0,0,1,55,30.0,2048.0,66925.73420000002,15606.296999999999,26329.5508,224,544,0,38,0.4572498577355446,0.4697451382562752,0.1718955251469647,0,11375.268800000007,7970.083300000001,55,0,640.0,0,0,0,0.0,0,0.0,86777.47668586511,0.0,0,0,0,1.5,0,0.0,0,0,0.0,0,0.0,0,0,3939.159899999997,256.0,9141.5712,4,1688.3791999999999,1181.8656000000005,NaN,5120.0,100.0,1.165097565242993,0,0,0.0,0,0.0,5120.0,0,0.0,0,0,0,0.0,0.0,0.0,0.0,0.0,0.0,0.0,0.0,0,0,0,0,127,0.0,0,12,0.0,0,0.0,1440.0,0.0,0.0,0.0,0.0,0.0,1688.3791999999999,33398.8749,51077.41900000001,0.6848549644351023,474,75256.29569999996,38,11521.180985865081,4,19776.366,4,28552.5186,2,3206.0221,-85551.4303,37.69517538332625,0,0,539,539,"X1 SuMSy money, debt fiscal package (comparison)",sumsy,5,1.4551915228366852e-11
84,512,4,4,119475.66220000015,0.0,87015.53180000001,967.7182,87015.53180000001,,87015.53180000001,0.0,0.0,0.0,0.0,0.0,0.0025,487.2066,8660.48537426323,0.0,1.0,2871.513627327466,3732.9481828421503,0.0,0.0,1.0,0.0,0.0,1.0,0.0,0,0,45.76229436561509,4.139498179250338,49.90179254486543,41.19860627650492,3.8780407525019585,45.07664702900687,5163.812499999997,5072.657799999972,5163.812499999997,0.0,0,0,0.0,0.0,0.0,1.0,1.0,0.0,0.0,0.0,0.0,0.5,0.25,0.0,-237.0064999999997,0.0,48,2560.0,2124.8091000000004,967.7182,1904.5613000000158,0.0,0.0,0.0,0.0,0.0,705,541.0186,2560.0,2124.8091000000004,0.0,274.0,1883.6737000000012,0.0,0.015,7.447599815157123,7.237953246753236,6.233317105263153,NaN,6.199817344430204,7.979989376181447,1078.0,1082.0,539.0,2046.6666666666665,1540.0,204.0,126,0,0,3,54,37.0,2048.0,67477.20530000002,16059.9771,25975.7631,224,544,0,38,0.46057020698683315,0.470779325628484,0.16956693838724246,0,11495.612100000008,8058.303000000007,54,0,608.0,0,0,0,0.0,0,0.0,87326.76182157187,0.0,0,0,0,1.5,0,0.0,0,0,0.0,0,0.0,0,0,3789.8567999999973,256.0,8934.4915,4,1657.1694,1160.0188,NaN,5120.0,100.0,1.1632665745133954,0,0,0.0,0,0.0,5120.0,0,0.0,0,0,0,0.0,0.0,0.0,0.0,0.0,0.0,0.0,0.0,0,0,0,0,126,0.0,0,12,0.0,0,0.0,1440.0,0.0,0.0,0.0,0.0,0.0,1657.1694,33716.575600000004,50970.2317,0.6862912916620425,474,75761.23949999998,38,11565.522321571829,4,19776.366,4,29520.2368,2,3206.1058999999996,-86528.3252,37.68541661415994,0,0,539,539,"X1 SuMSy money, debt fiscal package (comparison)",sumsy,5,1.4551915228366852e-11
85,512,4,4,119902.14929999989,0.0,87959.02140000001,943.4896,87959.02140000001,,87959.02140000001,0.0,0.0,0.0,0.0,0.0,0.0025,470.4172,8668.345651256499,0.0,1.0,2862.12391018787,3740.3373008376648,0.0,0.0,1.0,0.0,0.0,1.0,0.0,0,0,46.357162431217276,4.157041350308334,50.51420378152561,41.7611274001194,3.8912799825053384,45.65240738262474,5254.198900000009,5163.812499999973,5254.198900000009,0.0,0,0,0.0,0.0,0.0,1.0,1.0,0.0,0.0,0.0,0.0,0.5,0.25,0.0,-237.0064999999997,0.0,48,2560.0,2133.5129000000006,943.4896,1911.444299999988,0.0,0.0,0.0,0.0,0.0,706,541.2416,2560.0,2133.5129000000006,0.0,274.0,1879.0417999999981,0.0,0.015,7.531986406844113,7.438695724907051,6.227087323943656,NaN,6.159711926051618,7.740589694896003,1076.0,1052.0,538.0,2044.0000000000002,1538.0000000000002,204.0,126,0,0,1,47,19.0,2048.0,67858.71119999993,16543.1676,25546.600599999998,224,544,0,38,0.4667481445440427,0.47432770590977147,0.1924592940649832,0,11420.223200000008,7923.649700000007,47,0,639.0,0,0,0,0.0,0,0.0,87706.19105549325,0.0,0,0,0,1.5,0,0.0,0,0,0.0,0,0.0,0,0,3979.1087999999963,256.0,8942.0111,4,1600.0590000000002,1120.0411999999994,NaN,5120.0,100.0,1.1641862403352514,0,0,0.0,0,0.0,5120.0,0,0.0,0,0,0,0.0,0.0,0.0,0.0,0.0,0.0,0.0,0.0,0,0,0,0,126,0.0,0,12,0.0,0,0.0,1440.0,0.0,0.0,0.0,0.0,0.0,1600.0590000000002,33991.9809,51031.77930000001,0.689320770273472,474,76255.01770000007,38,11451.173355493236,4,19776.366,4,30463.7264,2,3206.3288999999995,-87488.60420000002,37.67614578345195,0,0,538,538,"X1 SuMSy money, debt fiscal package (comparison)",sumsy,5,1.4551915228366852e-11
86,512,4,4,120320.10650000001,0.0,88982.34370000001,1023.3223,88982.34370000001,,88982.34370000001,0.0,0.0,0.0,0.0,0.0,0.0025,466.0954,8690.592961645316,0.0,1.0,2916.450800510117,3754.16047443021,0.0,0.0,1.0,0.0,0.0,1.0,0.0,0,0,46.07678698787102,4.129684100536865,50.20647108840789,41.589029504530274,3.79197509915951,45.38100460368978,5176.126300000035,5254.198900000002,5176.126300000035,0.0,0,0,0.0,0.0,0.0,1.0,1.0,0.0,0.0,0.0,0.0,0.5,0.25,0.0,-237.0064999999997,0.0,48,2560.0,2142.0427999999993,1023.3223,1898.3200999999895,0.0,0.0,0.0,0.0,0.0,707,541.538,2560.0,2142.0427999999993,0.0,274.0,1922.227500000002,0.0,0.015,7.543349042844116,7.331512710280354,6.219144901610019,NaN,6.197993019388634,7.508372004049122,1070.0,1097.0,535.0,2046.6666666666667,1532.0,204.0,128,0,0,2,56,38.0,2048.0,68431.07939999993,16134.907599999999,26238.1149,224,544,0,38,0.46302006492905234,0.47037586371524354,0.16720139051592398,0,11470.173300000015,8275.053899999995,56,0,559.0,0,0,0,0.0,0,0.0,88276.58642271855,0.0,0,0,0,1.5,0,0.0,0,0,0.0,0,0.0,0,0,3476.5020000000004,256.0,8508.3712,4,1585.3585,1109.7508000000005,NaN,5120.0,100.0,1.1616605768373691,0,0,0.0,0,0.0,5120.0,0,0.0,0,0,0,0.0,0.0,0.0,0.0,0.0,0.0,0.0,0.0,0,0,0,0,128,0.0,0,12,0.0,0,0.0,1440.0,0.0,0.0,0.0,0.0,0.0,1585.3585,34207.75910000001,50881.3937,0.6881330419681024,474,76758.87829999994,38,11517.708122718574,4,20799.6883,4,30463.7264,2,3206.6252999999997,-88516.2483,37.66733849427935,0,0,535,535,"X1 SuMSy money, debt fiscal package (comparison)",sumsy,5,1.4551915228366852e-11
87,512,4,4,120729.70420000005,0.0,89981.88460000002,999.5409,89981.88460000002,,89981.88460000002,0.0,0.0,0.0,0.0,0.0,0.0025,467.6999,8689.36641817699,0.0,1.0,2890.1941705553836,3751.5854704513267,0.0,0.0,1.0,0.0,0.0,1.0,0.0,0,0,46.20743451165403,4.091046430596453,50.298480942250485,41.62326987096371,3.842979181883841,45.46624905284755,5238.668099999947,5176.126299999992,5238.668099999947,0.0,0,0,0.0,0.0,0.0,1.0,1.0,0.0,0.0,0.0,0.0,0.5,0.25,0.0,-237.0064999999997,0.0,48,2560.0,2150.4022999999984,999.5409,1901.8033999999852,0.0,0.0,0.0,0.0,0.0,708,541.5982,2560.0,2150.4022999999984,0.0,274.0,1894.4709000000016,0.0,0.015,7.5680175093633,7.413978624535319,6.243577968749991,NaN,6.1584039707338825,7.283120843927649,1076.0,1068.0,538.0,2045.3333333333335,1538.0,204.0,126,0,0,3,53,32.0,2048.0,68628.3667999999,15726.379799999999,26737.107799999998,224,544,0,38,0.46355284526023666,0.4725644071195243,0.16992785089537565,0,11418.248800000007,8082.642700000005,53,0,640.0,0,0,0,0.0,0,0.0,88482.54648636104,0.0,0,0,0,1.5,0,0.0,0,0,0.0,0,0.0,0,0,3995.889899999994,256.0,8628.5517,4,1590.8156000000004,1113.5712000000003,NaN,5120.0,100.0,1.165431862370112,0,0,0.0,0,0.0,5120.0,0,0.0,0,0,0,0.0,0.0,0.0,0.0,0.0,0.0,0.0,0.0,0,0,0,0,126,0.0,0,12,0.0,0,0.0,1440.0,0.0,0.0,0.0,0.0,0.0,1590.8156000000004,34323.35229999999,51092.039300000004,0.6906025634273192,474,76920.46489999999,38,11562.081586361044,4,21799.2292,4,30463.726399999996,2,3206.6854999999996,-89514.18470000001,37.70605574268324,0,0,538,538,"X1 SuMSy money, debt fiscal package (comparison)",sumsy,5,1.4551915228366852e-11
88,512,4,4,121131.1098000001,0.0,90994.39790000003,1012.5133,90994.39790000003,,90994.39790000003,0.0,0.0,0.0,0.0,0.0,0.0025,474.5481,8694.3349929374,0.0,1.0,2901.4397728746358,3749.9892452916,0.0,0.0,1.0,0.0,0.0,1.0,0.0,0,0,46.427527976051806,4.101409929147232,50.528937905199044,41.92573065970407,3.7475507128089047,45.67328137251298,5179.96660000003,5238.668099999991,5179.96660000003,0.0,0,0,0.0,0.0,0.0,1.0,1.0,0.0,0.0,0.0,0.0,0.5,0.25,0.0,-237.0064999999997,0.0,48,2560.0,2158.5944000000004,1012.5133,1905.4568000000024,0.0,0.0,0.0,0.0,0.0,709,541.6886,2560.0,2158.5944000000004,0.0,274.0,1902.4593999999986,0.0,0.015,7.537790867579909,7.312160594795557,6.232989525368236,NaN,6.143450635827483,7.064627218609818,1076.0,1095.0,538.0,2044.0,1538.0000000000002,204.0,126,0,0,2,54,51.0,2048.0,68842.31399999997,16290.8667,26377.1745,224,544,0,38,0.46701127382072416,0.47383964646473986,0.17129866764117074,0,11402.309200000032,8253.881,54,0,611.0,0,0,0,0.0,0,0.0,88694.18586204306,0.0,0,0,0,1.5,0,0.0,0,0,0.0,0,0.0,0,0,3808.3565999999923,256.0,8604.5179,4,1614.1084,1129.8755999999996,NaN,5120.0,100.0,1.1682787875621532,0,0,0.0,0,0.0,5120.0,0,0.0,0,0,0,0.0,0.0,0.0,0.0,0.0,0.0,0.0,0.0,0,0,0,0,126,0.0,0,12,0.0,0,0.0,1440.0,0.0,0.0,0.0,0.0,0.0,1614.1084,34618.2046,51272.559100000006,0.6927363877233876,474,77169.89159999999,38,11524.294262042995,4,21799.2292,4,31476.239700000002,2,3206.7758999999996,-90519.84980000003,37.695752955549075,0,0,538,538,"X1 SuMSy money, debt fiscal package (comparison)",sumsy,5,1.4551915228366852e-11
89,512,4,4,121524.48780000012,0.0,91999.01670000002,1004.6188,91999.01670000002,,91999.01670000002,0.0,0.0,0.0,0.0,0.0,0.0025,486.9738,8686.569165524857,0.0,1.0,2895.883542466122,3737.606510349905,0.0,0.0,1.0,0.0,0.0,1.0,0.0,0,0,47.09506531441964,4.131755623238828,51.22682093765847,42.28489977659494,3.8006946172637206,46.085594393858656,5203.130700000004,5179.966600000019,5203.130700000004,0.0,0,0,0.0,0.0,0.0,1.0,1.0,0.0,0.0,0.0,0.0,0.5,0.25,0.0,-237.0064999999997,0.0,48,2560.0,2166.622000000001,1004.6188,1913.6294000000073,0.0,0.0,0.0,0.0,0.0,710,541.6552,2560.0,2166.622000000001,0.0,274.0,1900.894699999997,0.0,0.015,7.53712278719397,7.403452141527,6.150094006309146,NaN,6.068478490356277,6.852688402051524,1074.0,1062.0,537.0,2045.3333333333335,1536.0,204.0,126,0,0,0,50,39.0,2048.0,69128.77890000006,16742.636300000002,25882.4783,224,544,0,38,0.46630640957139824,0.4754315038598891,0.1566973209119924,0,11286.586900000006,8004.424399999995,50,0,634.0,0,0,0,0.0,0,0.0,88989.01313976853,0.0,0,0,0,1.5,0,0.0,0,0,0.0,0,0.0,0,0,3899.1595999999986,256.0,8741.9653,4,1656.3744000000002,1159.4619999999995,NaN,5120.0,100.0,1.1701477561757412,0,0,0.0,0,0.0,5120.0,0,0.0,0,0,0,0.0,0.0,0.0,0.0,0.0,0.0,0.0,0.0,0,0,0,0,126,0.0,0,12,0.0,0,0.0,1440.0,0.0,0.0,0.0,0.0,0.0,1656.3744000000002,34831.6286,51367.079900000004,0.6948839579528185,474,77146.64770000016,38,11842.365439768397,4,21799.2292,4,32480.8585,2,3206.7425000000003,-91512.04290000001,37.73308499896605,0,0,537,537,"X1 SuMSy money, debt fiscal package (comparison)",sumsy,5,1.4551915228366852e-11
90,512,4,4,121909.99739999995,0.0,93009.01530000003,1009.9986,93009.01530000003,,93009.01530000003,0.0,0.0,0.0,0.0,0.0,0.0025,491.2081,8697.026976034946,0.0,1.0,2895.135947731532,3740.0803340232965,0.0,0.0,1.0,0.0,0.0,1.0,0.0,0,0,47.649573836030974,4.083223626849644,51.73279746288061,42.69856346682763,3.9221065987984773,46.62067006562611,5194.023099999992,5203.130699999947,5194.023099999992,0.0,0,0,0.0,0.0,0.0,1.0,1.0,0.0,0.0,0.0,0.0,0.5,0.25,0.0,-237.0064999999997,0.0,48,2560.0,2174.4903999999997,1009.9986,1899.3919999999994,0.0,0.0,0.0,0.0,0.0,711,541.627,2560.0,2174.4903999999997,0.0,274.0,1900.2337000000014,0.0,0.015,7.489657358490569,7.374499257884964,6.1296957812500015,NaN,6.016631433707551,6.647107749989978,1078.0,1060.0,539.0,2048.0,1540.0,204.0,126,0,0,1,45,31.0,2048.0,69413.14499999993,16272.175600000002,26255.933399999998,224,544,0,38,0.4663459728723751,0.47672024620672127,0.15288434365312265,0,11232.867399999997,7939.0368000000035,45,0,640.0,0,0,0,0.0,0,0.0,89270.76868777996,0.0,0,0,0,1.5,0,0.0,0,0,0.0,0,0.0,0,0,3923.0053000000007,256.0,8935.9083,4,1670.7732999999998,1169.5408,NaN,5120.0,100.0,1.1716223246657822,0,0,0.0,0,0.0,5120.0,0,0.0,0,0,0,0.0,0.0,0.0,0.0,0.0,0.0,0.0,0.0,0,0,0,0,126,0.0,0,12,0.0,0,0.0,1440.0,0.0,0.0,0.0,0.0,0.0,1670.7732999999998,35266.83010000001,51464.01730000001,0.6967009041537953,474,77502.83570000004,38,11767.932987779974,4,22809.2278,4,32480.8585,2,3206.7142999999996,-92517.80720000002,37.721430749017735,0,0,539,539,"X1 SuMSy money, debt fiscal package (comparison)",sumsy,5,1.4551915228366852e-11
91,512,4,4,122287.7976,0.0,94068.29460000002,1059.2793,94068.29460000002,,94068.29460000002,0.0,0.0,0.0,0.0,0.0,0.0025,508.444,8705.189963949644,0.0,1.0,2939.417028127993,3736.7512009664297,0.0,0.0,1.0,0.0,0.0,1.0,0.0,0,0,48.35068404257594,4.158295806283772,52.50897984885972,43.413473227460955,3.9462568646347913,47.359730092095745,5158.335899999984,5194.0230999999385,5158.335899999984,0.0,0,0,0.0,0.0,0.0,1.0,1.0,0.0,0.0,0.0,0.0,0.5,0.25,0.0,-237.0064999999997,0.0,48,2560.0,2182.1997999999976,1059.2793,1907.7476999999965,0.0,0.0,0.0,0.0,0.0,712,541.4664,2560.0,2182.1997999999976,0.0,274.0,1950.779699999997,0.0,0.015,7.471806415094343,7.377165103189446,6.086221406249995,NaN,6.091065884372213,7.51685233926396,1066.0,1060.0,533.0,2046.6666666666665,1528.0,204.0,130,0,0,1,45,23.0,2048.0,69862.00550000007,15824.254400000002,26550.274,224,544,0,38,0.46854329592631316,0.47683802920481533,0.1579538174139017,0,11309.57660000001,7920.114800000003,45,0,640.0,0,0,0,0.0,0,0.0,89717.14916339096,0.0,0,0,0,1.5,0,0.0,0,0,0.0,0,0.0,0,0,3895.1816999999965,256.0,9001.3533,4,1729.4009000000003,1210.5804,NaN,5120.0,100.0,1.170089796730019,0,0,0.0,0,0.0,5120.0,0,0.0,0,0,0,0.0,0.0,0.0,0.0,0.0,0.0,0.0,0.0,0,0,0,0,130,0.0,0,12,0.0,0,0.0,1440.0,0.0,0.0,0.0,0.0,0.0,1729.4009000000003,35623.51420000001,51375.88169999999,0.6977295984093961,474,78002.40189999994,38,11714.747263390977,4,23868.5071,4,32480.8585,2,3206.5537,-93559.85060000002,37.71035921156686,0,0,533,533,"X1 SuMSy money, debt fiscal package (comparison)",sumsy,5,1.4551915228366852e-11
92,512,4,4,122658.04210000004,0.0,95081.30820000001,1013.0137,95081.30820000001,,95081.30820000001,0.0,0.0,0.0,0.0,0.0,0.0025,499.9737,8690.699572730366,0.0,1.0,2917.1721628263294,3729.086431820244,0.0,0.0,1.0,0.0,0.0,1.0,0.0,0,0,48.76480866590574,4.179006745769717,52.94381541167546,43.868601884307985,3.9200568450465023,47.78865872935449,5100.588100000019,5158.335899999982,5100.588100000019,0.0,0,0,0.0,0.0,0.0,1.0,1.0,0.0,0.0,0.0,0.0,0.5,0.25,0.0,-237.0065249999997,0.0,48,2560.0,2189.7554999999984,1013.0137,1905.8907000000088,0.0,0.0,0.0,0.0,0.0,713,541.3136,2560.0,2189.7554999999984,0.0,274.0,1930.8923000000007,0.0,0.015,7.433956070435582,7.243903932584304,6.170742812500002,NaN,6.107882841040802,7.399380680148721,1068.0,1079.0,534.0,2046.6666666666667,1530.0,204.0,129,0,0,0,46,32.0,2048.0,70142.10750000001,16344.8223,26062.8119,224,544,0,38,0.4700702026234518,0.4772017248118301,0.16114875142421625,0,11316.201599999995,8021.238599999993,46,0,640.0,0,0,0,0.0,0,0.0,89994.89514022146,0.0,0,0,0,1.5,0,0.0,0,0,0.0,0,0.0,0,0,3949.2754000000014,256.0,9067.0131,4,1700.5906,1190.4144,NaN,5120.0,100.0,1.1716041819748984,0,0,0.0,0,0.0,5120.0,0,0.0,0,0,0,0.0,0.0,0.0,0.0,0.0,0.0,0.0,0.0,0,0,0,0,129,0.0,0,12,0.0,0,0.0,1440.0,0.0,0.0,0.0,0.0,0.0,1700.5906,35860.9472,51474.6473,0.6991733100577531,474,78267.19810000007,38,11727.697040221428,4,23868.5071,4,33493.8721,2,3206.4008999999996,-94581.33450000001,37.69984125098851,0,0,534,534,"X1 SuMSy money, debt fiscal package (comparison)",sumsy,5,1.4551915228366852e-11
93,512,4,4,123020.88090000009,0.0,96086.8215,1005.5134,96086.8215,,96086.8215,0.0,0.0,0.0,0.0,0.0,0.0025,509.9685,8685.080148889627,0.0,1.0,2906.454623756273,3718.4379242597524,0.0,0.0,1.0,0.0,0.0,1.0,0.0,0,0,49.577012785509524,4.151267231457544,53.72828001696707,44.744469358742556,3.9435700443775263,48.68803940312009,5165.860099999987,5100.588099999991,5165.860099999987,0.0,0,0,0.0,0.0,0.0,1.0,1.0,0.0,0.0,0.0,0.0,0.5,0.25,0.0,-237.0065499999997,0.0,48,2560.0,2197.1611999999986,1005.5134,1921.3409999999944,0.0,0.0,0.0,0.0,0.0,714,541.395,2560.0,2197.1611999999986,0.0,274.0,1925.1711999999982,0.0,0.015,7.440719851576998,7.357299625468159,6.357520156250002,NaN,6.124992615227128,7.177399259744259,1068.0,1078.0,534.0,2048.0,1530.0,204.0,129,0,0,2,47,41.0,2048.0,70339.10909999997,15875.0173,26565.646800000002,224,544,0,38,0.4742218685925763,0.48245631672315237,0.1640993099761252,0,11328.701699999987,8021.096000000004,47,0,640.0,0,0,0,0.0,0,0.0,90189.65851821029,0.0,0,0,0,1.5,0,0.0,0,0,0.0,0,0.0,0,0,4068.8129000000013,256.0,9189.744200000001,4,1734.5847,1214.2088000000003,NaN,5120.0,100.0,1.1740508831137835,0,0,0.0,0,0.0,5120.0,0,0.0,0,0,0,0.0,0.0,0.0,0.0,0.0,0.0,0.0,0.0,0,0,0,0,129,0.0,0,12,0.0,0,0.0,1440.0,0.0,0.0,0.0,0.0,0.0,1734.5847,36256.94040000001,51630.4083,0.7031024764974116,474,78464.40589999993,38,11725.252618210348,4,24874.0205,4,33493.871999999996,2,3206.4822999999997,-95576.853,37.68984918843907,0,0,534,534,"X1 SuMSy money, debt fiscal package (comparison)",sumsy,5,1.4551915228366852e-11
94,512,4,4,123376.46279999996,0.0,97061.6678,974.8464,97061.6678,,97061.6678,0.0,0.0,0.0,0.0,0.0,0.0025,513.0049,8691.461038506612,0.0,1.0,2890.6387730773176,3715.890425671074,0.0,0.0,1.0,0.0,0.0,1.0,0.0,0,0,49.8519115689596,4.149948200810148,54.001859769769744,45.14998454125489,3.92368728100274,49.07367182225762,5155.619800000005,5165.860099999985,5155.619800000005,0.0,0,0,0.0,0.0,0.0,1.0,1.0,0.0,0.0,0.0,0.0,0.5,0.25,0.0,-237.00657499999969,0.0,48,2560.0,2204.418099999999,974.8464,1929.2941000000098,0.0,0.0,0.0,0.0,0.0,715,541.4856,2560.0,2204.418099999999,0.0,274.0,1908.4611999999981,0.0,0.015,7.44889086672879,7.359017790262194,6.570310625,NaN,6.076988531857169,6.962077281951931,1068.0,1073.0,534.0,2045.3333333333333,1530.0,204.0,128,0,0,1,52,39.0,2048.0,70356.11139999998,16403.1503,26101.4011,224,544,0,38,0.47827315802372383,0.48552530224931,0.17164478143641815,0,11249.21980000002,7992.6598999999915,52,0,640.0,0,0,0,0.0,0,0.0,90204.53450729983,0.0,0,0,0,1.5,0,0.0,0,0,0.0,0,0.0,0,0,4204.9988,256.0,9461.3095,4,1744.9161,1221.4411999999998,NaN,5120.0,100.0,1.1794266757907763,0,0,0.0,0,0.0,5120.0,0,0.0,0,0,0,0.0,0.0,0.0,0.0,0.0,0.0,0.0,0.0,0,0,0,0,128,0.0,0,12,0.0,0,0.0,1440.0,0.0,0.0,0.0,0.0,0.0,1744.9161,36515.42169999999,51965.8609,0.706229836685303,474,78508.18879999999,38,11696.345707299832,4,24874.0205,4,34468.7183,2,3206.5729,-96548.6629,37.680356729017106,0,0,534,534,"X1 SuMSy money, debt fiscal package (comparison)",sumsy,5,1.4551915228366852e-11
95,512,4,4,123724.93329999992,0.0,98015.84480000002,954.1771,98015.84480000002,,98015.84480000002,0.0,0.0,0.0,0.0,0.0,0.0025,507.4464,8687.10685273087,0.0,1.0,2862.003051482447,3712.963635153914,0.0,0.0,1.0,0.0,0.0,1.0,0.0,0,0,50.2746051510648,4.120592537439925,54.39519768850472,45.650189602185456,3.8599353607564155,49.51012496294187,5308.725300000015,5155.619800000045,5308.725300000015,0.0,0,0,0.0,0.0,0.0,1.0,1.0,0.0,0.0,0.0,0.0,0.5,0.25,0.0,-237.00659999999968,0.0,48,2560.0,2211.529499999999,954.1771,1912.6248000000091,0.0,0.0,0.0,0.0,0.0,716,541.5588,2560.0,2211.529499999999,0.0,274.0,1878.7497999999973,0.0,0.015,7.526401307189541,7.423910018552883,6.828660755336624,NaN,6.39029897905296,8.279737648081698,1078.0,1071.0,539.0,2046.6666666666667,1540.0,204.0,126,0,0,1,47,40.0,2048.0,70761.88950000003,16014.357899999999,26584.657700000003,224,544,0,38,0.48324659291608807,0.48695893454379613,0.19521793637792695,0,11673.004300000011,8060.7757999999985,47,0,609.0,0,0,0,0.0,0,0.0,90618.84311181906,0.0,0,0,0,1.5,0,0.0,0,0,0.0,0,0.0,0,0,4158.654400000004,256.0,9315.023000000001,4,1726.0062,1208.2039999999997,NaN,5120.0,100.0,1.1789204036479781,0,0,0.0,0,0.0,5120.0,0,0.0,0,0,0,0.0,0.0,0.0,0.0,0.0,0.0,0.0,0.0,0,0,0,0,126,0.0,0,12,0.0,0,0.0,1440.0,0.0,0.0,0.0,0.0,0.0,1726.0062,36894.48939999999,51914.03859999999,0.7077667676380053,474,78992.43500000006,38,11626.408111818966,4,25828.197599999996,4,34468.7182,2,3206.6461,-97508.39840000002,37.71843933847752,0,0,539,539,"X1 SuMSy money, debt fiscal package (comparison)",sumsy,5,1.4551915228366852e-11
96,512,4,4,124066.43409999997,0.0,98945.71830000002,929.8735,98945.71830000002,,98945.71830000002,0.0,0.0,0.0,0.0,0.0,0.0025,465.1782,8697.98800695653,0.0,1.0,2915.0382442300984,3730.321462971021,0.0,0.0,1.0,0.0,0.0,1.0,0.0,0,0,49.83955934901746,4.103543960371657,53.94310330938912,45.20999007936681,3.8787424902699823,49.08873256963679,5363.220300000019,5308.725300000025,5363.220300000019,0.0,0,0,0.0,0.0,0.0,1.0,1.0,0.0,0.0,0.0,0.0,0.5,0.25,0.0,-237.00659999999968,0.0,48,2560.0,2218.499199999998,929.8735,1952.389399999995,0.0,0.0,0.0,0.0,0.0,717,541.4558,2560.0,2218.499199999998,0.0,274.0,1921.5525999999977,0.0,0.015,7.61921558685446,7.585544672897147,6.960654856115107,NaN,6.420505595658646,8.097175238766544,1070.0,1065.0,535.0,2046.6666666666665,1532.0,204.0,128,0,0,2,55,28.0,2048.0,71328.97770000005,16607.6099,26200.6819,224,544,0,38,0.47961083954130856,0.4834697391727818,0.18151362014621775,0,11700.108900000007,8114.464599999999,55,0,556.0,0,0,0,0.0,0,0.0,91183.48479122797,0.0,0,0,0,1.5,0,0.0,0,0,0.0,0,0.0,0,0,3870.1240999999995,256.0,8922.5306,4,1582.2396999999999,1107.5680000000007,NaN,5120.0,100.0,1.1758416642272977,0,0,0.0,0,0.0,5120.0,0,0.0,0,0,0,0.0,0.0,0.0,0.0,0.0,0.0,0.0,0.0,0,0,0,0,128,0.0,0,12,0.0,0,0.0,1440.0,0.0,0.0,0.0,0.0,0.0,1582.2396999999999,36995.4472,51730.822400000005,0.7066889764133739,474,79518.68309999998,38,11664.801691228015,4,25828.1976,4,35398.5917,2,3206.5431,-98480.54010000003,37.70751737155364,0,0,535,535,"X1 SuMSy money, debt fiscal package (comparison)",sumsy,5,1.4551915228366852e-11
97,512,4,4,124401.10610000015,0.0,99911.46540000002,965.7472,99911.46540000002,,99911.46540000002,0.0,0.0,0.0,0.0,0.0,0.0025,450.9788,8709.483035613335,0.0,1.0,2908.1040248150916,3740.558415408891,0.0,0.0,1.0,0.0,0.0,1.0,0.0,0,0,49.2106671034167,4.1108144290585376,53.32148153247523,44.60318885726752,3.8825499760311106,48.48573883329863,5484.130900000032,5363.220300000004,5484.130900000032,0.0,0,0,0.0,0.0,0.0,1.0,1.0,0.0,0.0,0.0,0.0,0.5,0.25,0.0,-237.00662499999967,0.0,48,2560.0,2225.327999999999,965.7472,1937.358699999993,0.0,0.0,0.0,0.0,0.0,718,541.966,2560.0,2225.327999999999,0.0,274.0,1902.3662999999972,0.0,0.015,7.723805037313433,7.765553345724898,6.996195470383275,NaN,6.408719716600422,7.854259981603548,1076.0,1072.0,538.0,2045.3333333333333,1538.0,204.0,126,0,0,1,49,28.0,2048.0,71544.86190000002,16307.585,26793.543999999998,224,544,0,38,0.476166111622069,0.48092365330040177,0.17724529517752097,0,11693.86140000003,8279.919,49,0,574.0,0,0,0,0.0,0,0.0,91397.04479666665,0.0,0,0,0,1.5,0,0.0,0,0,0.0,0,0.0,0,0,4015.8161999999998,256.0,8762.170399999999,4,1533.9402,1073.7580000000003,NaN,5120.0,100.0,1.1779059957294742,0,0,0.0,0,0.0,5120.0,0,0.0,0,0,0,0.0,0.0,0.0,0.0,0.0,0.0,0.0,0.0,0,0,0,0,126,0.0,0,12,0.0,0,0.0,1440.0,0.0,0.0,0.0,0.0,0.0,1533.9402,37032.5772,51863.299399999996,0.7065432375500822,474,79681.92600000006,38,11715.118796666611,4,26793.944799999997,4,35398.5916,2,3207.0532999999996,-99460.48660000002,37.69714150297595,0,0,538,538,"X1 SuMSy money, debt fiscal package (comparison)",sumsy,5,1.4551915228366852e-11
98,512,4,4,124729.0846,0.0,100941.11770000002,1029.6523,100941.11770000002,,100941.11770000002,0.0,0.0,0.0,0.0,0.0,0.0025,454.838,8720.678295741418,0.0,1.0,2961.231841022453,3742.868855494278,0.0,0.0,1.0,0.0,0.0,1.0,0.0,0,0,48.5343451822005,4.103238692997633,52.63758387519813,44.12489626964689,3.7117499981984534,47.836646267845346,5408.653100000005,5484.130899999969,5408.653100000005,0.0,0,0,0.0,0.0,0.0,1.0,1.0,0.0,0.0,0.0,0.0,0.5,0.25,0.0,-237.00662499999967,0.0,48,2560.0,2232.0214999999994,1029.6523,1944.7201000000077,0.0,0.0,0.0,0.0,0.0,719,542.215,2560.0,2232.0214999999994,0.0,274.0,1941.689799999997,0.0,0.015,7.753276459854011,7.6714511194029775,6.956294503546098,NaN,6.3932482822199415,7.618632182155442,1072.0,1096.0,536.0,2046.6666666666667,1534.0,204.0,127,0,0,2,59,43.0,2048.0,71640.13599999991,16062.3169,27408.4599,224,544,0,38,0.4753205425914291,0.4811440201762873,0.1712584091860725,0,11689.266000000007,8497.590999999997,59,0,564.0,0,0,0,0.0,0,0.0,91490.11091183338,0.0,0,0,0,1.5,0,0.0,0,0,0.0,0,0.0,0,0,3923.350099999999,256.0,8621.1188,4,1547.0693999999999,1082.9492000000002,NaN,5120.0,100.0,1.181539360819303,0,0,0.0,0,0.0,5120.0,0,0.0,0,0,0,0.0,0.0,0.0,0.0,0.0,0.0,0.0,0.0,0,0,0,0,127,0.0,0,12,0.0,0,0.0,1440.0,0.0,0.0,0.0,0.0,0.0,1547.0693999999999,37048.531500000005,52091.895599999996,0.7080225005523002,474,79727.84130000001,38,11762.269611833284,4,27823.5971,4,35398.5916,2,3207.3023000000003,-100486.27970000001,37.68728442782715,0,0,536,536,"X1 SuMSy money, debt fiscal package (comparison)",sumsy,5,1.4551915228366852e-11
99,512,4,4,125050.5026999999,0.0,101966.47460000002,1025.357,101966.47460000002,,101966.47460000002,0.0,0.0,0.0,0.0,0.0,0.0025,461.6615,8736.102149413118,0.0,1.0,2951.8895852421742,3747.462107942077,0.0,0.0,1.0,0.0,0.0,1.0,0.0,0,0,48.36755329584006,4.132127700754759,52.49968099659482,44.010661461260604,3.8376391716516505,47.848300632912256,5440.908499999991,5408.653100000014,5440.908499999991,0.0,0,0,0.0,0.0,0.0,1.0,1.0,0.0,0.0,0.0,0.0,0.5,0.25,0.0,-237.00664999999967,0.0,48,2560.0,2238.5819000000006,1025.357,1942.781199999998,0.0,0.0,0.0,0.0,0.0,720,542.297,2560.0,2238.5819000000006,0.0,274.0,1928.4605999999974,0.0,0.015,7.775716465116282,7.661042144177455,6.900370265780734,NaN,6.352455090263839,7.390073216690779,1082.0,1075.0,541.0,2045.3333333333335,1544.0000000000002,204.0,125,0,0,2,56,40.0,2048.0,71647.12009999991,16669.292999999998,26968.4155,224,544,0,38,0.4758763635289196,0.48316247473399043,0.17477428846372778,0,11676.706599999992,8358.895200000003,56,0,602.0,0,0,0,0.0,0,0.0,91494.99742624162,0.0,0,0,0,1.5,0,0.0,0,0,0.0,0,0.0,0,0,4154.022900000002,256.0,8761.7156,4,1570.2788999999998,1099.1956000000005,NaN,5120.0,100.0,1.1864617951220877,0,0,0.0,0,0.0,5120.0,0,0.0,0,0,0,0.0,0.0,0.0,0.0,0.0,0.0,0.0,0.0,0,0,0,0,125,0.0,0,12,0.0,0,0.0,1440.0,0.0,0.0,0.0,0.0,0.0,1570.2788999999998,37094.04849999999,52399.4241,0.71061352212391,474,79681.96039999994,38,11813.037026241616,4,27823.5971,4,36423.9485,2,3207.3842999999997,-101504.81310000001,37.677920206435786,0,0,541,541,"X1 SuMSy money, debt fiscal package (comparison)",sumsy,5,1.4551915228366852e-11
100,512,4,4,125365.4920999999,0.0,103013.70820000002,1047.2336,103013.70820000002,,103013.70820000002,0.0,0.0,0.0,0.0,0.0,0.0025,477.153,8755.887488068802,0.0,1.0,2980.5811274973785,3751.0620087125326,0.0,0.0,1.0,0.0,0.0,1.0,0.0,0,0,48.3229820553211,4.0538565619129585,52.37683861723406,43.95012376203992,3.826064426388243,47.776188188428165,5386.340599999997,5440.908499999983,5386.340599999997,0.0,0,0,0.0,0.0,0.0,1.0,1.0,0.0,0.0,0.0,0.0,0.5,0.25,0.0,-237.00664999999967,0.0,48,2560.0,2245.0106000000005,1047.2336,1958.5746999999997,0.0,0.0,0.0,0.0,0.0,721,542.2938,2560.0,2245.0106000000005,0.0,274.0,1954.1835999999998,0.0,0.015,7.791379704797044,7.632364684014897,6.829914209591475,NaN,6.309155986169466,7.168371020190055,1076.0,1084.0,538.0,2045.3333333333335,1538.0,204.0,126,0,0,2,60,42.0,2048.0,71845.47479999991,16303.1394,27516.931600000004,224,544,0,38,0.4758770781941706,0.4829357105739258,0.16574747351235675,0,11609.373600000015,8445.855599999995,60,0,563.0,0,0,0,0.0,0,0.0,91691.35941992966,0.0,0,0,0,1.5,0,0.0,0,0,0.0,0,0.0,0,0,3845.2417000000005,256.0,8680.4995,4,1622.9691999999998,1136.0783999999996,NaN,5120.0,100.0,1.1880292913848638,0,0,0.0,0,0.0,5120.0,0,0.0,0,0,0,0.0,0.0,0.0,0.0,0.0,0.0,0.0,0.0,0,0,0,0,126,0.0,0,12,0.0,0,0.0,1440.0,0.0,0.0,0.0,0.0,0.0,1622.9691999999998,37151.9492,52500.57050000001,0.7117640996411012,474,79848.96750000001,38,11842.391919929532,4,28870.8307,4,36423.9485,2,3207.3810999999996,-102536.55520000002,37.66902419611399,0,0,538,538,"X1 SuMSy money, debt fiscal package (comparison)",sumsy,5,1.4551915228366852e-11
101,512,4,4,125674.18299999999,0.0,104052.18720000003,1038.479,104052.18720000003,,104052.18720000003,0.0,0.0,0.0,0.0,0.0,0.0025,477.2302,8774.78677043577,0.0,1.0,2971.480671933992,3761.203105290512,0.0,0.0,1.0,0.0,0.0,1.0,0.0,0,0,48.53847768527043,4.095954059803408,52.63443174507384,44.13288213192273,3.785070889517394,47.91795302144012,5437.024100000013,5386.340599999991,5437.024100000013,0.0,0,0,0.0,0.0,0.0,1.0,1.0,0.0,0.0,0.0,0.0,0.5,0.25,0.0,-237.00664999999967,0.0,48,2560.0,2251.3090999999986,1038.479,1942.8217000000068,0.0,0.0,0.0,0.0,0.0,722,542.2032,2560.0,2251.3090999999986,0.0,274.0,1943.0231999999965,0.0,0.015,7.7620408671586745,7.652241959334576,6.724698767605637,NaN,6.359607159563832,7.50403505974464,1082.0,1084.0,541.0,2045.3333333333333,1544.0,204.0,125,0,0,2,57,47.0,2048.0,72181.79910000013,16855.1543,27075.641,224,544,0,38,0.47722414037164973,0.48188819373213354,0.17327050311973125,0,11689.742700000003,8414.052300000003,57,0,568.0,0,0,0,0.0,0,0.0,92025.79064893306,0.0,0,0,0,1.5,0,0.0,0,0,0.0,0,0.0,0,0,3819.628900000002,256.0,8542.1552,4,1623.2316999999998,1136.2628,NaN,5120.0,100.0,1.1875049186938755,0,0,0.0,0,0.0,5120.0,0,0.0,0,0,0,0.0,0.0,0.0,0.0,0.0,0.0,0.0,0.0,0,0,0,0,125,0.0,0,12,0.0,0,0.0,1440.0,0.0,0.0,0.0,0.0,0.0,1623.2316999999998,37315.682700000005,52472.95049999999,0.712310150878462,474,80156.45960000009,38,11869.33104893305,4,28870.8307,4,37462.42749999999,2,3207.2905,-103574.95700000002,37.660572986308274,0,0,541,541,"X1 SuMSy money, debt fiscal package (comparison)",sumsy,5,1.4551915228366852e-11
102,512,4,4,125976.69879999987,0.0,105084.09990000003,1031.9128,105084.09990000003,,105084.09990000003,0.0,0.0,0.0,0.0,0.0,0.0025,473.5289,8796.3653578308,0.0,1.0,2981.450297311655,3772.1467218871985,0.0,0.0,1.0,0.0,0.0,1.0,0.0,0,0,48.85961323542302,4.092730092378772,52.95234332780179,44.4128908143205,3.788097000351586,48.20098781467208,5390.762399999987,5437.024099999996,5390.762399999987,0.0,0,0,0.0,0.0,0.0,1.0,1.0,0.0,0.0,0.0,0.0,0.5,0.25,0.0,-237.00667499999966,0.0,48,2560.0,2257.4842000000026,1031.9128,1955.5025000000005,0.0,0.0,0.0,0.0,0.0,723,542.074,2560.0,2257.4842000000026,0.0,274.0,1956.862600000001,0.0,0.015,7.749360747663555,7.6062946296296525,6.667276182432432,NaN,6.305724747815554,7.34641304542296,1080.0,1070.0,540.0,2045.3333333333333,1542.0,204.0,126,0,0,1,59,35.0,2048.0,72431.46039999998,16472.7196,27484.349499999997,224,544,0,38,0.4777841187063525,0.48213630591088963,0.1602846545611698,0,11617.054800000002,8291.816000000004,59,0,592.0,0,0,0,0.0,0,0.0,92273.6535314865,0.0,0,0,0,1.5,0,0.0,0,0,0.0,0,0.0,0,0,3947.0274999999997,256.0,8572.5664,4,1610.6432,1127.4500000000003,NaN,5120.0,100.0,1.1883564391166035,0,0,0.0,0,0.0,5120.0,0,0.0,0,0,0,0.0,0.0,0.0,0.0,0.0,0.0,0.0,0.0,0,0,0,0,126,0.0,0,12,0.0,0,0.0,1440.0,0.0,0.0,0.0,0.0,0.0,1610.6432,37420.4021,52529.635500000004,0.7135360693984374,474,80403.15110000005,38,11870.502431486402,4,29902.7435,4,37462.4274,2,3207.1612999999998,-104610.57100000003,37.65254433699287,0,0,540,540,"X1 SuMSy money, debt fiscal package (comparison)",sumsy,5,1.4551915228366852e-11
103,512,4,4,126273.1647,0.0,106115.45000000003,1031.3502,106115.45000000003,,106115.45000000003,0.0,0.0,0.0,0.0,0.0,0.0025,488.2442,8802.289865706833,0.0,1.0,2963.115059632116,3767.133360471221,0.0,0.0,1.0,0.0,0.0,1.0,0.0,0,0,49.00720792071285,4.146981402517619,53.15418932323047,44.477381519981876,3.9039347895539867,48.38131630953586,5373.517600000035,5390.762399999952,5373.517600000035,0.0,0,0,0.0,0.0,0.0,1.0,1.0,0.0,0.0,0.0,0.0,0.5,0.25,0.0,-237.0066999991916,0.0,48,2560.0,2263.534099999999,1031.3502,1956.442899999991,0.0,0.0,0.0,0.0,0.0,724,542.1266,2560.0,2263.534099999999,0.0,274.0,1940.1963000000026,0.0,0.015,7.71389540337712,7.576429759704257,6.62693577106518,NaN,6.258835266855538,7.12602065406027,1082.0,1066.0,541.0,2046.6666666666667,1544.0,204.0,125,0,0,0,48,29.0,2048.0,72494.87389999998,17012.646099999998,26891.0783,224,544,0,38,0.47455555090342805,0.480288456777062,0.15901981906189833,0,11548.28140000002,8223.01250000001,48,0,629.0,0,0,0,0.0,0,0.0,92335.35853491205,0.0,0,0,0,1.5,0,0.0,0,0,0.0,0,0.0,0,0,4168.342599999998,256.0,8844.1956,4,1660.6954,1162.4872000000003,NaN,5120.0,100.0,1.1918417140846014,0,0,0.0,0,0.0,5120.0,0,0.0,0,0,0,0.0,0.0,0.0,0.0,0.0,0.0,0.0,0.0,0,0,0,0,125,0.0,0,12,0.0,0,0.0,1440.0,0.0,0.0,0.0,0.0,0.0,1660.6954,37533.018099999994,52747.92,0.7141170272035253,474,80580.96149999993,38,11754.397034912081,4,29902.743499999997,4,38493.777500000004,2,3207.2138999999997,-105627.20580000003,37.64491712014322,0,0,541,541,"X1 SuMSy money, debt fiscal package (comparison)",sumsy,5,1.4551915228366852e-11
104,512,4,4,126563.70099999997,0.0,107175.14290000002,1059.6929,107175.14290000002,,107175.14290000002,0.0,0.0,0.0,0.0,0.0,0.0025,511.1805,8822.194482961664,0.0,1.0,2996.7906318456558,3767.3762053077744,0.0,0.0,1.0,0.0,0.0,1.0,0.0,0,0,49.750450369232134,4.089465334119858,53.83991570335199,45.05154474475038,3.85227813372031,48.9038228784707,5370.751599999965,5373.5176,5370.751599999965,0.0,0,0,0.0,0.0,0.0,1.0,1.0,0.0,0.0,0.0,0.0,0.5,0.25,0.0,-237.0066999991916,0.0,48,2560.0,2269.4636999999993,1059.6929,1970.4683000000134,0.0,0.0,0.0,0.0,0.0,725,542.054,2560.0,2269.4636999999993,0.0,274.0,1978.557199999997,0.0,0.015,7.67318089053803,7.629984141791008,6.5537430359937465,NaN,6.324497127278853,7.681340058634672,1072.0,1078.0,536.0,2048.0,1534.0,204.0,128,0,0,1,48,36.0,2048.0,72613.08110000001,16555.4777,27313.6633,224,544,0,38,0.4769920994653818,0.4840485071733778,0.1635401051261396,0,11616.640000000001,8271.688999999997,48,0,639.0,0,0,0,0.0,0,0.0,92451.94266316645,0.0,0,0,0,1.5,0,0.0,0,0,0.0,0,0.0,0,0,4187.841800000004,256.0,9028.2444,4,1738.7109,1217.0980000000004,NaN,5120.0,100.0,1.1942102631459963,0,0,0.0,0,0.0,5120.0,0,0.0,0,0,0,0.0,0.0,0.0,0.0,0.0,0.0,0.0,0.0,0,0,0,0,128,0.0,0,12,0.0,0,0.0,1440.0,0.0,0.0,0.0,0.0,0.0,1738.7109,37700.5895,52897.38540000001,0.7172075293206785,474,80413.39650000002,38,12038.546163166478,4,30962.436399999995,4,38493.7775,2,3207.1413000000002,-106663.96240000002,37.63767126413606,0,0,536,536,"X1 SuMSy money, debt fiscal package (comparison)",sumsy,5,1.4551915228366852e-11
105,512,4,4,126848.42720000002,0.0,108191.13230000003,1015.9894,108191.13230000003,,108191.13230000003,0.0,0.0,0.0,0.0,0.0,0.0025,502.5832,8840.988738172073,0.0,1.0,2981.6316445979164,3778.9410504480466,0.0,0.0,1.0,0.0,0.0,1.0,0.0,0,0,50.46177546008031,4.169425730936206,54.631201191016515,45.57592332442034,3.9619955866044667,49.537918911024796,5327.2881000000125,5370.751599999982,5327.2881000000125,0.0,0,0,0.0,0.0,0.0,1.0,1.0,0.0,0.0,0.0,0.0,0.5,0.25,0.0,-237.0066999991916,0.0,48,2560.0,2275.273800000003,1015.9894,1967.3061000000025,0.0,0.0,0.0,0.0,0.0,726,541.9468,2560.0,2275.273800000003,0.0,274.0,1968.7759999999957,0.0,0.015,7.680543113207548,7.566615485074645,6.4572421875,NaN,6.279745422132373,7.506550043765308,1072.0,1060.0,536.0,2046.6666666666665,1534.0,204.0,128,0,0,2,48,26.0,2048.0,72823.9023000001,17102.7496,26712.9448,224,544,0,38,0.47781265299717823,0.4855284609346049,0.16553301467851034,0,11544.205100000025,8141.375700000001,48,0,640.0,0,0,0,0.0,0,0.0,92661.22194500815,0.0,0,0,0,1.5,0,0.0,0,0,0.0,0,0.0,0,0,4132.635,256.0,9164.3005,4,1709.4669000000001,1196.6268000000005,NaN,5120.0,100.0,1.1954938705941651,0,0,0.0,0,0.0,5120.0,0,0.0,0,0,0,0.0,0.0,0.0,0.0,0.0,0.0,0.0,0.0,0,0,0,0,128,0.0,0,12,0.0,0,0.0,1440.0,0.0,0.0,0.0,0.0,0.0,1709.4669000000001,38028.3376,52979.9949,0.719074231966595,474,80523.49889999996,38,12137.723045008148,4,30962.4364,4,39509.7669,2,3207.0341,-107688.54910000003,37.63078770092925,0,0,536,536,"X1 SuMSy money, debt fiscal package (comparison)",sumsy,5,1.4551915228366852e-11
106,512,4,4,127127.45829999985,0.0,109227.42320000002,1036.291,109227.42320000002,,109227.42320000002,0.0,0.0,0.0,0.0,0.0,0.0025,519.4635,8864.318732409201,0.0,1.0,2983.958750025832,3785.0462632728004,0.0,0.0,1.0,0.0,0.0,1.0,0.0,0,0,50.56221870760573,4.145475580602765,54.707694288208494,45.74852525520096,3.9019959392819366,49.6505211944829,5398.182800000009,5327.288100000069,5398.182800000009,0.0,0,0,0.0,0.0,0.0,1.0,1.0,0.0,0.0,0.0,0.0,0.5,0.25,0.0,-237.00672499838353,0.0,48,2560.0,2280.9689,1036.291,1975.1502999999861,0.0,0.0,0.0,0.0,0.0,727,542.0424,2560.0,2280.9689,0.0,274.0,1970.1255000000042,0.0,0.015,7.70392641860465,7.723962429906553,6.436227968750001,NaN,6.26354344491517,7.281353542452348,1070.0,1075.0,535.0,2045.3333333333335,1532.0,204.0,128,0,0,1,48,30.0,2048.0,72915.71809999995,16636.1575,27209.3848,224,544,0,38,0.47903599713376277,0.4856873512284883,0.1600693266040829,0,11511.903400000016,8281.720899999998,48,0,640.0,0,0,0,0.0,0,0.0,92751.57292275774,0.0,0,0,0,1.5,0,0.0,0,0,0.0,0,0.0,0,0,4119.1859,256.0,9304.692,4,1766.8836000000001,1236.8192,NaN,5120.0,100.0,1.1982067933567746,0,0,0.0,0,0.0,5120.0,0,0.0,0,0,0,0.0,0.0,0.0,0.0,0.0,0.0,0.0,0.0,0,0,0,0,128,0.0,0,12,0.0,0,0.0,1440.0,0.0,0.0,0.0,0.0,0.0,1766.8836000000001,38167.16669999999,53150.2343,0.7204067932042693,474,80818.23059999994,38,11933.342322757744,4,31998.7274,4,39509.7668,2,3207.1297,-108707.95970000002,37.62424831588279,0,0,535,535,"X1 SuMSy money, debt fiscal package (comparison)",sumsy,5,1.4551915228366852e-11
107,512,4,4,127400.9094,0.0,110258.37310000004,1030.95,110258.37310000004,,110258.37310000004,0.0,0.0,0.0,0.0,0.0,0.0025,522.6195,8896.382003066243,0.0,1.0,2990.25613411061,3800.3274270441616,0.0,0.0,1.0,0.0,0.0,1.0,0.0,0,0,50.596986403652444,4.116772160145568,54.71375856379801,45.93252275042991,3.8966203516810567,49.82914310211097,5327.268100000002,5398.182800000003,5327.268100000002,0.0,0,0,0.0,0.0,0.0,1.0,1.0,0.0,0.0,0.0,0.0,0.5,0.25,0.0,-237.00674999757547,0.0,48,2560.0,2286.5489000000002,1030.95,1973.1330000000048,0.0,0.0,0.0,0.0,0.0,728,541.988,2560.0,2286.5489000000002,0.0,274.0,1973.3415999999966,0.0,0.015,7.69215120817844,7.5981796261682435,6.589980781249997,NaN,6.249912393770097,7.062912936178777,1070.0,1076.0,535.0,2046.6666666666667,1532.0,204.0,128,0,0,0,50,32.0,2048.0,72907.25669999993,16293.9539,27611.7005,224,544,0,38,0.4848046849825143,0.48929286479304346,0.17216681349243457,0,11497.54820000002,8276.754700000001,50,0,640.0,0,0,0,0.0,0,0.0,92741.7199416199,0.0,0,0,0,1.5,0,0.0,0,0,0.0,0,0.0,0,0,4217.587699999998,256.0,9523.390800000001,4,1777.6177,1244.3328,NaN,5120.0,100.0,1.2026897254174516,0,0,0.0,0,0.0,5120.0,0,0.0,0,0,0,0.0,0.0,0.0,0.0,0.0,0.0,0.0,0.0,0,0,0,0,128,0.0,0,12,0.0,0,0.0,1440.0,0.0,0.0,0.0,0.0,0.0,1777.6177,38334.02929999999,53429.0452,0.7235186255698345,474,80867.43420000008,38,11874.285741619857,4,33029.67740000001,4,39509.7667,2,3207.0753,-109735.75360000004,37.61803590008864,0,0,535,535,"X1 SuMSy money, debt fiscal package (comparison)",sumsy,5,1.4551915228366852e-11
108,512,4,4,127668.89180000023,0.0,111283.85910000003,1025.4861,111283.85910000003,,111283.85910000003,0.0,0.0,0.0,0.0,0.0,0.0025,520.4345,8913.648158003572,0.0,1.0,2984.1028639794204,3811.344497002381,0.0,0.0,1.0,0.0,0.0,1.0,0.0,0,0,51.01673889701975,4.131166814575234,55.14790571159499,46.43977910384439,3.899432767090818,50.33921187093521,5317.759900000014,5327.268100000038,5317.759900000014,0.0,0,0,0.0,0.0,0.0,1.0,1.0,0.0,0.0,0.0,0.0,0.5,0.25,0.0,-237.0067749967674,0.0,48,2560.0,2292.017599999998,1025.4861,1967.0538000000008,0.0,0.0,0.0,0.0,0.0,729,541.9296,2560.0,2292.017599999998,0.0,274.0,1968.7395999999983,0.0,0.015,7.664516977611949,7.511668342644353,6.601086655405398,NaN,6.327041705390339,7.626074794003519,1074.0,1072.0,537.0,2048.0,1536.0,204.0,128,0,0,0,53,27.0,2048.0,73371.59770000009,16832.9042,27045.7639,224,544,0,38,0.48606426824870774,0.4908522824951991,0.17555968763290175,0,11605.416099999982,8216.362200000009,53,0,592.0,0,0,0,0.0,0,0.0,93204.73893953893,0.0,0,0,0,1.5,0,0.0,0,0,0.0,0,0.0,0,0,3907.8432999999955,256.0,9356.261900000001,4,1770.1861999999999,1239.130400000001,NaN,5120.0,100.0,1.1994780428575162,0,0,0.0,0,0.0,5120.0,0,0.0,0,0,0,0.0,0.0,0.0,0.0,0.0,0.0,0.0,0.0,0,0,0,0,128,0.0,0,12,0.0,0,0.0,1440.0,0.0,0.0,0.0,0.0,0.0,1770.1861999999999,38616.13730000001,53234.92999999999,0.7250341819262045,474,81239.09830000003,38,11965.640639538862,4,33029.6774,4,40535.252700000005,2,3207.0168999999996,-110763.42460000003,37.6121341050842,0,0,537,537,"X1 SuMSy money, debt fiscal package (comparison)",sumsy,5,1.4551915228366852e-11
109,512,4,4,127931.51439999984,0.0,112268.46090000002,984.6019,112268.46090000002,,112268.46090000002,0.0,0.0,0.0,0.0,0.0,0.0025,509.0042,8927.180793675503,0.0,1.0,2962.2345675028073,3820.907079117001,0.0,0.0,1.0,0.0,0.0,1.0,0.0,0,0,51.53046622772229,4.101384403476287,55.631850631198574,46.841368064419534,3.9357020135872207,50.77707007800676,5437.914600000018,5317.75990000001,5437.914600000018,0.0,0,0,0.0,0.0,0.0,1.0,1.0,0.0,0.0,0.0,0.0,0.5,0.25,0.0,-237.00679999595934,0.0,48,2560.0,2297.3774,984.6019,1976.5900000000033,0.0,0.0,0.0,0.0,0.0,730,541.881,2560.0,2297.3774,0.0,274.0,1950.5166999999976,0.0,0.015,7.697606290471788,7.67523066914495,6.588842595673868,NaN,6.4232813010694265,8.13391060359072,1076.0,1081.0,538.0,2048.0,1538.0,204.0,127,0,0,0,53,31.0,2048.0,73762.30099999986,16433.1169,27548.9614,224,544,0,38,0.4842148043731467,0.4908973756743251,0.1727709601384253,0,11715.796899999996,8321.112400000004,53,0,601.0,0,0,0,0.0,0,0.0,93594.18633756184,0.0,0,0,0,1.5,0,0.0,0,0,0.0,0,0.0,0,0,3959.8943999999947,256.0,9136.249899999999,4,1731.305,1211.9131999999995,NaN,5120.0,100.0,1.1975305843995365,0,0,0.0,0,0.0,5120.0,0,0.0,0,0,0,0.0,0.0,0.0,0.0,0.0,0.0,0.0,0.0,0,0,0,0,127,0.0,0,12,0.0,0,0.0,1440.0,0.0,0.0,0.0,0.0,0.0,1731.305,38863.1789,53118.32820000001,0.725783233966242,474,81541.1690999999,38,12053.017237561917,4,34014.2793,4,40535.2526,2,3206.9682999999995,-111759.45670000002,37.606527399829986,0,0,538,538,"X1 SuMSy money, debt fiscal package (comparison)",sumsy,5,1.4551915228366852e-11
110,512,4,4,128188.88440000004,0.0,113233.24710000002,964.7862,113233.24710000002,,113233.24710000002,0.0,0.0,0.0,0.0,0.0,0.0025,491.9153,8925.939456069926,0.0,1.0,2956.266490600146,3822.4666123799493,0.0,0.0,1.0,0.0,0.0,1.0,0.0,0,0,51.499552540664425,4.082713303581673,55.5822658442461,46.912613454700306,3.833524302332837,50.746137757033146,5483.765900000026,5437.914599999942,5483.765900000026,0.0,0,0,0.0,0.0,0.0,1.0,1.0,0.0,0.0,0.0,0.0,0.5,0.25,0.0,-237.00679999595934,0.0,48,2560.0,2302.6299999999974,964.7862,1984.4306000000038,0.0,0.0,0.0,0.0,0.0,731,542.0052,2560.0,2302.6299999999974,0.0,274.0,1940.1833999999972,0.0,0.015,7.733748467966574,7.7510037037037,6.57647125,NaN,6.36429210787434,7.897141036160775,1080.0,1077.0,540.0,2048.0,1542.0,204.0,126,0,0,2,53,33.0,2048.0,73788.77639999999,17037.0855,27112.8913,224,544,0,38,0.48731514493069983,0.4933729509590923,0.17829637045492808,0,11649.43770000002,8329.2471,53,0,640.0,0,0,0,0.0,0,0.0,93619.46863068402,0.0,0,0,0,1.5,0,0.0,0,0,0.0,0,0.0,0,0,4208.9416,256.0,9216.210700000001,4,1673.1807999999999,1171.2263999999998,NaN,5120.0,100.0,1.2015175921261743,0,0,0.0,0,0.0,5120.0,0,0.0,0,0,0,0.0,0.0,0.0,0.0,0.0,0.0,0.0,0.0,0,0,0,0,126,0.0,0,12,0.0,0,0.0,1440.0,0.0,0.0,0.0,0.0,0.0,1673.1807999999999,39019.59030000001,53366.1875,0.7282308703605511,474,81610.21340000018,38,12009.255230683824,4,34014.279299999995,4,41500.038799999995,2,3207.0924999999997,-112741.33180000003,37.60120102983849,0,0,540,540,"X1 SuMSy money, debt fiscal package (comparison)",sumsy,5,1.4551915228366852e-11
111,512,4,4,128441.10659999998,0.0,114235.74750000001,1002.5005,114235.74750000001,,114235.74750000001,0.0,0.0,0.0,0.0,0.0,0.0025,501.6502,8929.760254990606,0.0,1.0,2967.1727809248882,3818.2801783270697,0.0,0.0,1.0,0.0,0.0,1.0,0.0,0,0,51.23543336475746,4.098193670363993,55.33362703512145,46.69176825082531,3.8452679728717265,50.53703622369704,5364.494099999989,5483.765900000047,5364.494099999989,0.0,0,0,0.0,0.0,0.0,1.0,1.0,0.0,0.0,0.0,0.0,0.5,0.25,0.0,-237.00682499515128,0.0,48,2560.0,2307.7777999999994,1002.5005,1984.645199999995,0.0,0.0,0.0,0.0,0.0,732,542.2338,2560.0,2307.7777999999994,0.0,274.0,1946.3160999999968,0.0,0.015,7.779127834101381,7.5474167597765,6.544297368421057,NaN,6.449975562785344,8.225934225114086,1074.0,1085.0,537.0,2045.3333333333333,1536.0,204.0,126,0,0,1,59,36.0,2048.0,74037.8049999999,16717.7218,27618.884000000002,224,544,0,38,0.4877306387964151,0.4924699487468216,0.17340953376985468,0,11729.909500000007,8440.353699999998,59,0,608.0,0,0,0,0.0,0,0.0,93867.36377914964,0.0,0,0,0,1.5,0,0.0,0,0,0.0,0,0.0,0,0,3978.9328000000023,256.0,9022.8118,4,1706.2939,1194.4055999999994,NaN,5120.0,100.0,1.2013626024124437,0,0,0.0,0,0.0,5120.0,0,0.0,0,0,0,0.0,0.0,0.0,0.0,0.0,0.0,0.0,0.0,0,0,0,0,126,0.0,0,12,0.0,0,0.0,1440.0,0.0,0.0,0.0,0.0,0.0,1706.2939,39060.887599999995,53359.4176,0.7287296454331043,474,81935.01649999998,38,11932.347279149635,4,35016.7798,4,41500.038700000005,2,3207.3211,-113734.09730000001,37.596140978346575,0,0,537,537,"X1 SuMSy money, debt fiscal package (comparison)",sumsy,5,1.4551915228366852e-11
112,512,4,4,128688.28480000015,0.0,115209.37250000001,973.6251,115209.37250000001,,115209.37250000001,0.0,0.0,0.0,0.0,0.0,0.0025,492.3395,8925.183475753542,0.0,1.0,2962.274010549127,3815.7647671690274,0.0,0.0,1.0,0.0,0.0,1.0,0.0,0,0,51.09669290239435,4.0426691612159695,55.13936206361032,46.62991221831724,3.76179526787404,50.39170748619129,5413.859200000024,5364.494099999963,5413.859200000024,0.0,0,0,0.0,0.0,0.0,1.0,1.0,0.0,0.0,0.0,0.0,0.5,0.25,0.0,-237.0068499943432,0.0,48,2560.0,2312.821799999999,973.6251,1989.3881999999924,0.0,0.0,0.0,0.0,0.0,733,542.2042,2560.0,2312.821799999999,0.0,274.0,1935.4318999999964,0.0,0.015,7.724525664527954,7.582656561922373,6.493487128712876,NaN,6.421053998770335,8.012654088377413,1082.0,1091.0,541.0,2046.6666666666667,1544.0,204.0,125,0,0,2,59,46.0,2048.0,74310.87990000004,17200.3418,27287.6708,224,544,0,38,0.48951328764887436,0.4925166432881878,0.16874911519280178,0,11719.34799999999,8427.457499999999,59,0,606.0,0,0,0,0.0,0,0.0,94139.36190019223,0.0,0,0,0,1.5,0,0.0,0,0,0.0,0,0.0,0,0,3935.053200000003,256.0,8854.8486,4,1674.6243,1172.2375999999997,NaN,5120.0,100.0,1.201050567343905,0,0,0.0,0,0.0,5120.0,0,0.0,0,0,0,0.0,0.0,0.0,0.0,0.0,0.0,0.0,0.0,0,0,0,0,125,0.0,0,12,0.0,0,0.0,1440.0,0.0,0.0,0.0,0.0,0.0,1674.6243,39187.733799999995,53342.8612,0.7296590078793017,474,82211.24280000011,38,11928.119100192152,4,35016.77979999999,4,42473.663700000005,2,3207.2915000000003,-114717.03300000001,37.591333929429254,0,0,541,541,"X1 SuMSy money, debt fiscal package (comparison)",sumsy,5,1.4551915228366852e-11
113,512,4,4,128930.51969999998,0.0,116182.59850000001,973.226,116182.59850000001,,116182.59850000001,0.0,0.0,0.0,0.0,0.0,0.0025,495.7898,8920.20429973707,0.0,1.0,2951.5639678681064,3807.2044581580476,0.0,0.0,1.0,0.0,0.0,1.0,0.0,0,0,51.828813126640426,4.108526403478295,55.93733953011873,47.366148333424114,3.7984348965109285,51.16458322993504,5429.7896,5413.859200000065,5429.7896,0.0,0,0,0.0,0.0,0.0,1.0,1.0,0.0,0.0,0.0,0.0,0.5,0.25,0.0,-237.0068499943432,0.0,48,2560.0,2317.765099999999,973.226,1991.9107999999926,0.0,0.0,0.0,0.0,0.0,734,542.3574,2560.0,2317.765099999999,0.0,274.0,1931.9305000000006,0.0,0.015,7.747655929038284,7.654111851851845,6.498940390879482,NaN,6.359386762462853,7.772274465726091,1080.0,1071.0,540.0,2045.3333333333335,1542.0,204.0,125,0,0,2,59,36.0,2048.0,74566.13019999987,17669.7939,26845.854,224,544,0,38,0.49062587972351435,0.4922196892708719,0.16683452142275867,0,11618.887599999995,8297.739500000001,59,0,614.0,0,0,0,0.0,0,0.0,94393.58926018255,0.0,0,0,0,1.5,0,0.0,0,0,0.0,0,0.0,0,0,3990.349400000002,256.0,8810.5944,4,1686.3593999999998,1180.4515999999996,NaN,5120.0,100.0,1.2007396431433761,0,0,0.0,0,0.0,5120.0,0,0.0,0,0,0,0.0,0.0,0.0,0.0,0.0,0.0,0.0,0.0,0,0,0,0,125,0.0,0,12,0.0,0,0.0,1440.0,0.0,0.0,0.0,0.0,0.0,1686.3593999999998,39539.38840000001,53326.2423,0.7304113075781555,474,82588.33320000001,38,11805.256060182546,4,35016.779800000004,4,43446.8897,2,3207.4447,-115686.80870000001,37.586767232957804,0,0,540,540,"X1 SuMSy money, debt fiscal package (comparison)",sumsy,5,1.4551915228366852e-11
114,512,4,4,129167.90869999988,0.0,117175.2153,992.6169,117175.2153,,117175.2153,0.0,0.0,0.0,0.0,0.0,0.0025,502.3864,8914.79500628517,0.0,1.0,2959.813123504053,3799.0208291901145,0.0,0.0,1.0,0.0,0.0,1.0,0.0,0,0,51.82219488894264,4.126614109782549,55.948808998725184,47.27654876367232,3.8906006629877923,51.1671494266601,5486.409500000021,5429.789599999921,5486.409500000021,0.0,0,0,0.0,0.0,0.0,1.0,1.0,0.0,0.0,0.0,0.0,0.5,0.25,0.0,-237.00687499353515,0.0,48,2560.0,2322.6110000000012,992.6169,1984.0453000000055,0.0,0.0,0.0,0.0,0.0,735,542.3942,2560.0,2322.6110000000012,0.0,274.0,1937.1199000000017,0.0,0.015,7.746749630314229,7.7518752310535985,6.40539574132492,NaN,6.336249686506715,7.539106231754308,1082.0,1082.0,541.0,2045.3333333333335,1544.0,204.0,125,0,0,1,58,37.0,2048.0,74665.77309999989,17226.727700000003,27367.2762,224,544,0,38,0.48948252286262806,0.4920200075333523,0.17357279857414065,0,11602.487299999995,8381.983099999996,58,0,634.0,0,0,0,0.0,0,0.0,94492.26036717348,0.0,0,0,0,1.5,0,0.0,0,0,0.0,0,0.0,0,0,4061.0208999999995,256.0,8863.3511,4,1708.7992000000004,1196.1595999999995,NaN,5120.0,100.0,1.2028352263345148,0,0,0.0,0,0.0,5120.0,0,0.0,0,0,0,0.0,0.0,0.0,0.0,0.0,0.0,0.0,0.0,0,0,0,0,125,0.0,0,12,0.0,0,0.0,1440.0,0.0,0.0,0.0,0.0,0.0,1708.7992000000004,39701.6465,53457.354999999996,0.7313912113096279,474,82717.96480000005,38,11774.295567173418,4,36009.3967,4,43446.889599999995,2,3207.4815,-116672.8289,37.58242887130991,0,0,541,541,"X1 SuMSy money, debt fiscal package (comparison)",sumsy,5,1.4551915228366852e-11
115,512,4,4,129400.55039999995,0.0,118180.82370000002,1005.6085,118180.82370000002,,118180.82370000002,0.0,0.0,0.0,0.0,0.0,0.0025,504.493,8917.886746887432,0.0,1.0,2975.4820220411657,3798.2269645916213,0.0,0.0,1.0,0.0,0.0,1.0,0.0,0,0,52.12306185219119,4.079351624145966,56.20241347633716,47.621273684917256,3.8389682007820047,51.46024188569926,5430.678999999997,5486.409499999928,5430.678999999997,0.0,0,0,0.0,0.0,0.0,1.0,1.0,0.0,0.0,0.0,0.0,0.5,0.25,0.0,-237.00689999272709,0.0,48,2560.0,2327.3583000000035,1005.6085,1982.276799999997,0.0,0.0,0.0,0.0,0.0,736,542.2912,2560.0,2327.3583000000035,0.0,274.0,1952.912400000002,0.0,0.015,7.755727891791053,7.680327777777782,6.322912558869708,NaN,6.3040974824047336,7.312933044801678,1080.0,1072.0,540.0,2046.6666666666665,1542.0,204.0,126,0,0,1,52,34.0,2048.0,74831.10330000002,16875.8201,27731.939,224,544,0,38,0.4946188010345154,0.4948468847946046,0.1723852258335381,0,11561.988999999996,8314.140300000008,52,0,637.0,0,0,0,0.0,0,0.0,94656.66736381473,0.0,0,0,0,1.5,0,0.0,0,0,0.0,0,0.0,0,0,4027.695300000004,256.0,8914.9038,4,1715.9664,1201.1767999999997,NaN,5120.0,100.0,1.203861688487841,0,0,0.0,0,0.0,5120.0,0,0.0,0,0,0,0.0,0.0,0.0,0.0,0.0,0.0,0.0,0.0,0,0,0,0,126,0.0,0,12,0.0,0,0.0,1440.0,0.0,0.0,0.0,0.0,0.0,1715.9664,39939.348099999996,53522.66290000001,0.7337031778418355,474,82923.63690000003,38,11733.03046381475,4,37015.0052,4,43446.889500000005,2,3207.3785,-117676.33070000002,37.57830742774442,0,0,540,540,"X1 SuMSy money, debt fiscal package (comparison)",sumsy,5,1.4551915228366852e-11
116,512,4,4,129628.53929999996,0.0,119210.89940000002,1030.0758,119210.89940000002,,119210.89940000002,0.0,0.0,0.0,0.0,0.0,0.0025,505.7243,8916.909559652002,0.0,1.0,2992.8818829039346,3796.8404814346686,0.0,0.0,1.0,0.0,0.0,1.0,0.0,0,0,52.23757838706995,4.13400888821171,56.37158727528166,47.71333045797203,3.916881823561217,51.63021228153325,5331.667500000023,5430.678999999997,5331.667500000023,0.0,0,0,0.0,0.0,0.0,1.0,1.0,0.0,0.0,0.0,0.0,0.5,0.25,0.0,-237.00692499191902,0.0,48,2560.0,2332.011099999998,1030.0758,1974.363400000006,0.0,0.0,0.0,0.0,0.0,737,542.1908,2560.0,2332.011099999998,0.0,274.0,1969.133300000003,0.0,0.015,7.706185849056598,7.545487174721178,6.30225050675676,NaN,6.273156923526043,7.093545053457627,1076.0,1060.0,538.0,2046.6666666666667,1538.0,204.0,127,0,0,2,50,22.0,2048.0,75384.7607,16500.5725,27948.4643,224,544,0,38,0.4900919529630763,0.49235309113247183,0.161345668658049,0,11505.039499999999,8168.556999999993,50,0,592.0,0,0,0,0.0,0,0.0,95209.4477206238,0.0,0,0,0,1.5,0,0.0,0,0,0.0,0,0.0,0,0,3730.9323000000018,256.0,8746.8267,4,1720.1521999999998,1204.1072,NaN,5120.0,100.0,1.1985080204859753,0,0,0.0,0,0.0,5120.0,0,0.0,0,0,0,0.0,0.0,0.0,0.0,0.0,0.0,0.0,0.0,0,0,0,0,127,0.0,0,12,0.0,0,0.0,1440.0,0.0,0.0,0.0,0.0,0.0,1720.1521999999998,40156.27340000002,53195.8635,0.7330458484560098,474,83420.24299999987,38,11789.204720624011,4,38045.081,4,43446.8894,2,3207.2780999999995,-118705.17510000002,37.57439205635721,0,0,538,538,"X1 SuMSy money, debt fiscal package (comparison)",sumsy,5,1.4551915228366852e-11
117,512,4,4,129851.96849999989,0.0,120238.60170000001,1027.7024,120238.60170000001,,120238.60170000001,0.0,0.0,0.0,0.0,0.0,0.0025,521.8814,8916.416287149186,0.0,1.0,2979.6585545866533,3790.170891432791,0.0,0.0,1.0,0.0,0.0,1.0,0.0,0,0,52.9805968254709,4.114728653912757,57.095325479383646,48.368678969427634,3.933737563415907,52.302416532843544,5380.182100000041,5331.667500000017,5380.182100000041,0.0,0,0,0.0,0.0,0.0,1.0,1.0,0.0,0.0,0.0,0.0,0.5,0.25,0.0,-237.00694999111096,0.0,48,2560.0,2336.5708000000004,1027.7024,1978.7666000000077,0.0,0.0,0.0,0.0,0.0,738,542.0786,2560.0,2336.5708000000004,0.0,274.0,1962.4458000000006,0.0,0.015,7.680951966292135,7.691947201492548,6.262784999999998,NaN,6.220502498093501,6.880738701853898,1072.0,1068.0,536.0,2045.3333333333333,1534.0000000000002,204.0,127,0,0,2,45,23.0,2048.0,75564.58729999988,17009.2403,27321.3028,224,544,0,38,0.4928278565744544,0.49531356518378833,0.158491231937695,0,11404.692899999998,8203.2567,45,0,640.0,0,0,0,0.0,0,0.0,95388.44112959268,0.0,0,0,0,1.5,0,0.0,0,0,0.0,0,0.0,0,0,4008.182399999999,256.0,8892.8781,4,1775.1046000000003,1242.5727999999992,NaN,5120.0,100.0,1.1989236167761297,0,0,0.0,0,0.0,5120.0,0,0.0,0,0,0,0.0,0.0,0.0,0.0,0.0,0.0,0.0,0.0,0,0,0,0,127,0.0,0,12,0.0,0,0.0,1440.0,0.0,0.0,0.0,0.0,0.0,1775.1046000000003,40438.0852,53223.42120000001,0.7354618088228326,474,83644.12569999996,38,11744.315429592816,4,38045.081000000006,4,44474.59169999999,2,3207.1659,-119716.72030000002,37.570672453539345,0,0,536,536,"X1 SuMSy money, debt fiscal package (comparison)",sumsy,5,1.4551915228366852e-11
118,512,4,4,130070.92909999998,0.0,121289.36750000001,1050.7659,121289.36750000001,,121289.36750000001,0.0,0.0,0.0,0.0,0.0,0.0025,528.5552,8921.296738132707,0.0,1.0,3003.4805539599115,3791.61441708847,0.0,0.0,1.0,0.0,0.0,1.0,0.0,0,0,53.519217540933056,4.138302272932508,57.65751981386556,49.012701872846364,3.9293840055728397,52.942085878419206,5359.647999999974,5380.182100000061,5359.647999999974,0.0,0,0,0.0,0.0,0.0,1.0,1.0,0.0,0.0,0.0,0.0,0.5,0.25,0.0,-237.0069749903029,0.0,48,2560.0,2341.0393999999987,1050.7659,1970.1763999999991,0.0,0.0,0.0,0.0,0.0,739,541.9916,2560.0,2341.0393999999987,0.0,274.0,1989.5965000000049,0.0,0.015,7.6721371191135646,7.659004681647898,6.376490468750007,NaN,6.2887842437149954,7.329500439426002,1068.0,1083.0,534.0,2045.3333333333333,1530.0,204.0,129,0,0,2,50,34.0,2048.0,75674.42669999995,16587.647699999998,27727.661500000002,224,544,0,38,0.4949128254063353,0.49599281015983787,0.1642185969779162,0,11497.253800000008,8308.92449999999,50,0,640.0,0,0,0,0.0,0,0.0,95497.48899811305,0.0,0,0,0,1.5,0,0.0,0,0,0.0,0,0.0,0,0,4080.9539000000045,256.0,9010.646400000001,4,1797.8059999999998,1258.4640000000002,NaN,5120.0,100.0,1.2005611836586774,0,0,0.0,0,0.0,5120.0,0,0.0,0,0,0,0.0,0.0,0.0,0.0,0.0,0.0,0.0,0.0,0,0,0,0,129,0.0,0,12,0.0,0,0.0,1440.0,0.0,0.0,0.0,0.0,0.0,1797.8059999999998,40750.6456,53325.955599999994,0.7368526747537687,474,83844.44839999985,38,11653.040598113168,4,39095.846900000004,4,44474.5916,2,3207.0788999999995,-120760.8123,37.56713883086237,0,0,534,534,"X1 SuMSy money, debt fiscal package (comparison)",sumsy,5,1.4551915228366852e-11
119,512,4,4,130285.51000000015,0.0,122299.3285,1009.9611,122299.3285,,122299.3285,0.0,0.0,0.0,0.0,0.0,0.0025,522.3306,8919.13808545077,0.0,1.0,2981.6215233828675,3792.0029736338465,0.0,0.0,1.0,0.0,0.0,1.0,0.0,0,0,53.80408496139165,4.14052103147363,57.94460599286528,49.32106589302939,3.9012315432641174,53.22229743629351,5283.59839999997,5359.647999999992,5283.59839999997,0.0,0,0,0.0,0.0,0.0,1.0,1.0,0.0,0.0,0.0,0.0,0.5,0.25,0.0,-237.00699998949483,0.0,48,2560.0,2345.419100000002,1009.9611,1976.0995000000005,0.0,0.0,0.0,0.0,0.0,740,541.8602,2560.0,2345.419100000002,0.0,274.0,1968.9029999999989,0.0,0.015,7.66236262814539,7.519845046728937,6.33495593749999,NaN,6.239541710001961,7.145347291958097,1070.0,1073.0,535.0,2045.3333333333333,1532.0000000000002,204.0,128,0,0,0,45,38.0,2048.0,75806.41469999996,17126.5003,27160.406799999997,224,544,0,38,0.4957679448680321,0.49758358884423015,0.16058829617213966,0,11420.429300000022,8221.715100000003,45,0,640.0,0,0,0,0.0,0,0.0,95628.7250432076,0.0,0,0,0,1.5,0,0.0,0,0,0.0,0,0.0,0,0,4054.371799999994,256.0,9127.9974,4,1776.6357,1243.645600000001,NaN,5120.0,100.0,1.2019791967413684,0,0,0.0,0,0.0,5120.0,0,0.0,0,0,0,0.0,0.0,0.0,0.0,0.0,0.0,0.0,0.0,0,0,0,0,128,0.0,0,12,0.0,0,0.0,1440.0,0.0,0.0,0.0,0.0,0.0,1776.6357,40935.0082,53414.90450000001,0.7385943513618687,474,83971.3301,38,11657.39494320751,4,39095.846900000004,4,45484.552599999995,2,3206.9475,-121776.9979,37.563781889319245,0,0,535,535,"X1 SuMSy money, debt fiscal package (comparison)",sumsy,5,1.4551915228366852e-11
120,512,4,4,130495.79980000001,0.0,123334.40759999999,1035.0792,123334.40759999999,,123334.40759999999,0.0,0.0,0.0,0.0,0.0,0.0025,540.9808,8920.871746709681,0.0,1.0,2991.037509015067,3785.3925728064532,0.0,0.0,1.0,0.0,0.0,1.0,0.0,0,0,54.51822892987826,4.186143052093454,58.70437198197172,50.037562259256276,3.8987236396244667,53.93628589888074,5303.965199999984,5283.598399999967,5303.965199999984,0.0,0,0,0.0,0.0,0.0,1.0,1.0,0.0,0.0,0.0,0.0,0.5,0.25,0.0,-237.00702498868677,0.0,48,2560.0,2349.710200000003,1035.0792,1985.6471000000142,0.0,0.0,0.0,0.0,0.0,741,541.9348,2560.0,2349.710200000003,0.0,274.0,1979.603599999995,0.0,0.015,7.648612406716418,7.594338389513127,6.389131874999991,NaN,6.194897560075307,6.930986873199355,1068.0,1072.0,534.0,2048.0,1530.0,204.0,129,0,0,2,52,36.0,2048.0,75910.44690000013,17539.3162,26653.2042,224,544,0,38,0.4984773399807356,0.5017549312654825,0.15733999469855076,0,11360.340300000003,8199.3125,52,0,640.0,0,0,0,0.0,0,0.0,95732.04288604707,0.0,0,0,0,1.5,0,0.0,0,0,0.0,0,0.0,0,0,4089.044399999994,256.0,9309.9169,4,1840.0699,1288.0487999999991,NaN,5120.0,100.0,1.2033756474674508,0,0,0.0,0,0.0,5120.0,0,0.0,0,0,0,0.0,0.0,0.0,0.0,0.0,0.0,0.0,0.0,0,0,0,0,129,0.0,0,12,0.0,0,0.0,1440.0,0.0,0.0,0.0,0.0,0.0,1840.0699,41470.71460000001,53502.437300000005,0.7416028284738887,474,84046.55199999998,38,11685.490886047133,4,39095.8469,4,46519.6317,2,3207.0221,-122793.42679999999,37.56059279485328,0,0,534,534,"X1 SuMSy money, debt fiscal package (comparison)",sumsy,5,1.4551915228366852e-11
