round,persons_alive,farms_open,bakeries_open,money_in_circulation,money_in_dead_balances,outstanding_debt,peer_lent,government_debt,termination,government_peer_debt,government_bank_debt,bonds_outstanding,government_arrears,bonds_issued,coupons,bond_rate,government_cash,government_reserve_target,surplus_redistributed,tax_scale,government_outlay,tax_shortfall,tax_policy_step,consumption_tax,consumption_tax_scale,wealth_tax,wealth_tax_base,wealth_tax_scale,clearing_residue,negative_wealth_persons,zero_cash_persons,land_households_share,gini_wealth_attributed,land_supply,land_demand,land_sold,land_levy,land_levy_scale,new_firms,entries,coops_open,hhi_bread,owners,wealth_gap_meals,wealth_bottom10_meals,wealth_top10_meals,cash_gap_meals,cash_bottom10_meals,cash_top10_meals,invoices_issued,invoices_paid,invoices_open,invoices_overdue,liquidations,refoundings,bad_debt,bank_bailouts,profit_tax,profit_tax_scale,parking_tax_scale,income_tax_accrued,income_tax_charged,wealth_tax_arrears,consumption_tax_rate_now,bracket_top_rate,bracket_bottom_rate,bank_retained_interest,cumulative_interest_paid,cumulative_write_offs,cumulative_credit_refusals,money_created,money_destroyed,credit_demand,tax,enterprise_tax,deposit_interest,buffer_pool,insurance_premiums,insurance_payouts,missed_payments,cash_banks,gi_created,demurrage_destroyed,demurrage_tax,account_fees,fees,trade_arrears,interest_rate,price_bread,price_grain,price_ticket,price_rent,price_wage,wage_bid_producers,bread_baked,bread_sold,grain_harvested,labour_offered,labour_sold,government_labour,unemployed,hungry,without_bread,half_meals,gluttons,bread_stocked,total_capacity,cash_persons,cash_farms,cash_bakeries,land_persons,land_farms,land_banks,landholders,gini_cash_persons,gini_net_wealth_persons,gini_income_persons,persons_below_meal,persons_income,bread_bill,gluttony_attempted,gluttony_refused,tickets_sold,n_greedy,hungry_greedy,hungry_others,cash_greedy,land_greedy,wealth_greedy,wealth_persons,bread_greedy,greedy_loaves,greedy_tickets,ration,tier_multiplier,tier_sold,tier_revenue,n_consumers,n_hoarders,wealth_hoarders,land_hoarders,shares_hoarders,greedy_land,greedy_shares,ticket_revenue,theatre_labour,cash_theatres,theatres_open,dividends,dividend_income_persons,share_price_mean,share_units_per_firm,founders_stake_pct,book_per_unit_mean,share_trades,share_trades_deferred,share_contracts_outstanding,share_seizures,share_volume,founders_stake_mean,outside_holders,forward_value_mean,coop_worker_open,coop_consumer_open,coop_member_open,coop_retained_reserve,coop_buffer_pledged,buffer_pledged_persons,patronage_wages,rebates,membership_capital,reserved_labour,coop_worker_hours,coop_members_worker,coop_members_consumer,worker_members,unemployed_members,unemployed_nonmembers,rebate_income_persons,coop_open,forprofit_open,cash_coops,coop_members,coop_capital,founder_capital,founder_debt,reserve_shortfall_owned,reserve_shortfall_coops,reserve_shortfall_forprofit,dividends_coops,dividends_forprofit,founders_cash,cash_forprofit,gini_net_wealth_all,n_workers,wealth_workers,n_landowners,wealth_landowners,n_farms,wealth_farms,n_bakeries,wealth_bakeries,n_banks,wealth_banks,wealth_government,land_price,land_price_traded,deaths,closures,production_target_farms,production_target_bakeries,rung,system,seed,identity
1,512,4,4,110374.34770000035,0.0,763.05,763.05,561.0,,561.0,0.0,0.0,0.0,0.0,0.0,0.0025,969.1376,1683.0,0.0,1.0,561.0,237.95413333333332,0.0,0.0,1.0,0.0,0.0,1.0,0.0,0,0,0.9986979166666666,0.6714655947213004,0.0,672.0,1.0,0.0,1.0,0,0,6,0.8182047721247316,512,701.6220808413138,20.42446045113358,722.0465412924475,30.944955882352936,2.72183294117647,33.66678882352941,0.0,0.0,0.0,0.0,0,0,0.0,0.0,0.0,1.0,1.0,0.0,0.0,0.0,0.0,0.5,0.25,0.0,0.0,0.0,16,2560.0,1944.282700000003,763.05,971.1258000000022,0.0,0.0,0.0,0.0,0.0,0,258.1752,2560.0,1944.282700000003,971.1258000000022,274.0,0.0,0.0,0.0,5.0,5.200000000000013,2.0,0.75,3.594822888283399,3.9200000000000013,320.0,89.0,160.0,2048.0,734.0,204.0,328,0,0,0,55,34.0,2048.0,95063.37590000023,3351.8063,6032.8413,767,1,0,128,0.20002263092519157,0.6714655947213004,0.6557469969246883,0,3671.2633999999953,445.0,55,0,520.0,0,0,0,0.0,0,0.0,979526.0764143598,0.0,0,0,0,1.5,0,0.0,0,0,0.0,0,0.0,0,0,1040.0,208.0,4699.0114,4,645.1487999999999,645.1312000000058,0.7966478278497806,5120.0,67.34375,0.23670917968750002,53,0,0.0,0,7950.032239307237,3448.0,46,0.4841145833333333,0,0,6,0.0,0.0,0.0,0.0,0.0,0.0,0.0,0.0,0,0,0,0,328,0.0,6,6,6811.953000000001,3072,3877.1736,3877.1736,7.0,358.6400000000001,358.6400000000001,0.0,315.8194,329.3294,6078.592299999999,7271.706,0.6797801424648313,384,82381.06549774767,128,897145.0109166147,4,0.0,4,0.0,2,258.1752,408.1376,11.925,1120.8,0,0,160,160,"EB best SuMSy village, full money stock",sumsy,6,-5.820766091346741e-11
2,512,4,4,110978.7401000001,0.0,2217.9757999999997,1493.0783,532.95,,532.95,0.0,0.0,0.0,0.0,0.0,0.0025,1348.1639,1683.0,0.0,1.0,561.0,111.61203333333333,0.0,0.0,1.0,0.0,0.0,1.0,0.0,0,0,0.9986979166666666,0.6740072735268501,0.0,966.0,0.0,0.0,1.0,0,0,6,0.2631865873445106,512,714.1786058133177,19.97118642524689,734.1497922385647,33.187009411764706,2.8634423529411768,36.05045176470588,0.0,0.0,0.0,0.0,0,0,0.0,0.0,0.0,1.0,1.0,0.0,0.0,0.0,0.0,0.5,0.25,0.0,-7.6305,0.0,16,2560.0,1955.6075999999994,1493.0783,972.6994999999998,0.0,0.0,0.0,0.0,0.0,0,399.0684,2560.0,1955.6075999999994,972.6994999999998,274.0,0.0,0.0,0.015,4.832623255813923,5.488576043956067,2.1902853124999835,1.1235942731277546,3.531293586005816,3.802399999999999,910.0,1075.0,455.0,2048.0,1372.0,204.0,168,0,0,2,51,36.0,2048.0,92620.84820000008,3925.0516000000002,7894.3017,767,1,0,128,0.2323733739604481,0.6740072735268501,0.3810895433255901,1,6320.3881999999685,5195.069999999967,51,0,640.0,0,0,0,0.0,0,0.0,986227.9633421535,0.0,0,0,0,1.5,0,0.0,0,0,0.0,0,0.0,0,0,1401.7825999999895,256.0,4791.3063,4,242.07670000000002,242.099900000003,0.7772047018930182,5120.0,51.015625,0.266491630859375,67,0,0.0,0,3740.8949271096803,2612.0,67,1.1251761801157254,0,0,6,0.0,0.0,0.0,0.0,0.0,0.0,0.0,0.0,0,0,0,0,168,0.0,6,6,8080.0103,3072,3877.1736,3877.1736,82.97970000000001,6116.263185013698,3303.3824111716995,2812.8807738419982,121.065,121.01169999999999,8404.207899999994,8530.649300000001,0.6820239058628037,384,81290.50604624778,128,904937.4572959059,4,0.0,4,0.0,2,399.0684,815.2139,12.640500000000001,1120.8,0,0,455,455,"EB best SuMSy village, full money stock",sumsy,6,-5.820766091346741e-11
3,512,4,4,111569.52500000004,0.0,6453.473099999998,4348.3038,504.9,,504.9,0.0,0.0,0.0,0.0,0.0,0.0025,1739.5406,1664.2217999999998,0.0,0.9227640413097956,542.2218,0.0,0.0,0.0,0.9227640413097956,0.0,0.0,0.9227640413097956,0.0,0,0,0.9973958333333334,0.6832498791293782,0.0,1048.0,1.0,0.0,0.9227640413097956,0,0,6,0.2548114136646454,512,839.6012116985466,20.083185329917335,859.684397028464,29.042267283231794,3.1601342432231485,32.20240152645494,0.0,0.0,0.0,0.0,0,0,0.0,0.0,0.0,0.9227640413097956,0.9227640413097956,0.0,0.0,0.0,0.0,0.5,0.25,0.0,-29.810699999999997,0.0,17,2560.0,1969.2150999999994,5094.2756,975.1778999999998,0.0,0.0,0.0,0.0,0.0,0,474.6336,2560.0,1969.2150999999994,975.1778999999998,274.0,0.0,0.0,0.015,4.811101451905682,5.426859404096834,2.356985937499998,1.336317570093459,3.48904350866038,3.688327999999999,1074.0,1102.0,537.0,2045.3333333333335,1536.0,204.0,126,0,0,0,60,54.0,2048.0,89343.80570000006,4590.1275,10428.3796,766,2,0,128,0.2131133684428066,0.6832498791293782,0.31967755238276196,1,7106.141300000005,5301.833800000061,60,0,640.0,0,0,0,0.0,0,0.0,1.109547984142155e6,0.0,0,0,0,1.5,0,0.0,0,0,0.0,0,0.0,0,0,1508.4709999999986,256.0,4993.0380000000005,4,270.60470000000004,270.6182999999987,0.7772047018930182,5120.0,51.015625,0.26218129882812496,0,0,0.0,0,0.0,2612.0,67,1.2286583108481088,0,0,6,0.0,0.0,0.0,0.0,0.0,0.0,0.0,0.0,0,0,0,0,126,0.0,6,6,9866.9647,3072,3877.1736,3877.1736,87.2546,7011.5272149327775,3665.5773937000326,3345.9498212327458,135.3596,135.2451,7522.492200000002,10144.580399999999,0.6910489989852664,384,81047.78427124757,128,1.0285001998709062e6,4,0.0,4,0.0,2,474.6336,1234.6406000000002,13.398930000000002,1281.0758,0,0,537,537,"EB best SuMSy village, full money stock",sumsy,6,-5.820766091346741e-11
4,512,4,4,112150.04010000004,0.0,7714.5100999999995,1591.2585,476.85,,476.85,0.0,0.0,0.0,0.0,0.0,0.0025,2051.2002,1653.0196500000002,0.0,0.5149828750483199,539.8044000000002,0.0,0.0,0.0,0.5149828750483199,0.0,0.0,0.5149828750483199,0.0,0,0,0.99609375,0.6964042146259004,0.0,1051.0,2.0,0.0,0.5149828750483199,0,0,6,0.2538940686371752,512,1047.0934910744888,19.6771407530888,1066.7706318275775,29.983962657318294,3.403835118036172,33.387797775354464,0.0,0.0,0.0,0.0,0,0,0.0,0.0,0.0,0.5149828750483199,0.5149828750483199,0.0,0.0,0.0,0.0,0.5,0.25,0.0,-94.34569999999998,0.0,17,2560.0,1979.4849,1591.2585,901.0388999999999,0.0,0.0,0.0,0.0,0.0,0,532.2069,2560.0,1979.4849,901.0388999999999,274.0,0.0,0.0,0.015,5.456550798122067,5.444440480591468,2.5010778124999966,1.4360923791821556,3.385954781673501,3.5776781599999983,1082.0,1065.0,541.0,2048.0,1544.0,204.0,126,0,0,2,58,39.0,2048.0,88795.9759,3007.7907,12446.8098,765,3,0,128,0.21535296830708162,0.6964042146259004,0.3347510322542684,0,7046.504599999982,5811.226600000002,58,0,640.0,0,0,0,0.0,0,0.0,1.3596347436421541e6,0.0,0,0,0,1.5,0,0.0,0,0,0.0,0,0.0,0,0,1600.6897999999978,256.0,5316.0566,4,310.7256,310.73079999999754,0.7772047018930182,5120.0,51.015625,0.2918183528645833,0,0,0.0,0,0.0,2612.0,67,1.659022465809393,0,0,6,0.0,0.0,0.0,0.0,0.0,0.0,0.0,0.0,0,0,0,0,126,0.0,6,6,9877.0657,3072,3877.1736,3877.1736,131.1569,6847.470958222438,3953.709325098486,2893.7616331239524,155.4889,155.23669999999998,7999.242399999998,10893.591400000001,0.7039610182872023,384,80232.30779624773,128,1.2794024358459054e6,4,0.0,4,0.0,2,532.2069,1574.3502000000003,14.202865800000003,1607.6565,0,0,541,541,"EB best SuMSy village, full money stock",sumsy,6,-5.820766091346741e-11
5,512,4,4,112720.51390000003,0.0,9586.7972,2282.0715,448.8,,448.8,0.0,0.0,0.0,0.0,0.0,0.0025,1889.9972,1689.75036,0.0,0.31057843955453673,612.2243999999998,0.0,0.0,0.0,0.31057843955453673,0.0,0.0,0.31057843955453673,0.0,0,0,0.9947916666666666,0.6919205844797727,0.0,1050.0,1.0,0.0,0.31057843955453673,0,0,6,0.25732623381762676,512,833.0888535093047,17.109287862561214,850.198141371866,24.682776628077306,3.3489406370360264,28.031717265113333,0.0,0.0,0.0,0.0,0,0,0.0,0.0,0.0,0.31057843955453673,0.31057843955453673,0.0,0.0,0.0,0.0,0.5,0.25,0.0,-171.49050000000005,0.0,17,2560.0,1989.526199999999,2282.0715,504.5080999999992,0.0,0.0,0.0,0.0,0.0,0,568.266,2560.0,1989.526199999999,504.5080999999992,274.0,0.0,0.0,0.015,5.601881766917297,5.6055251386321805,2.5965639062499988,1.5577216014897557,3.3480292743194466,3.4703478152,1082.0,1064.0,541.0,2045.3333333333333,1544.0,204.0,124,0,0,3,57,25.0,2048.0,87260.51959999999,3380.8213,13952.027,764,4,0,128,0.201525777557942,0.6919205844797727,0.307521838343467,0,7090.093599999999,5960.402200000004,57,0,640.0,0,0,0,0.0,0,0.0,1.2313925069421537e6,0.0,0,0,0,1.5,0,0.0,0,0,0.0,0,0.0,0,0,1661.8008999999993,256.0,5668.8828,4,370.49899999999997,370.5256000000032,0.7772047018930182,5120.0,51.015625,0.3304785481770833,0,0,0.0,0,0.0,2612.0,67,2.220837703924385,0,0,6,0.0,0.0,0.0,0.0,0.0,0.0,0.0,0.0,0,0,0,0,124,0.0,6,6,11596.882099999999,3072,3877.1736,3877.1736,166.7658,4851.855271507464,2336.204489997069,2515.6507815103946,178.5083,191.9907,7919.646099999999,11404.848999999998,0.6995450168184998,384,79293.45549624777,128,1.1520990514459058e6,4,0.0,4,0.0,2,568.266,1441.1972,15.055037748000004,1441.3516,0,0,541,541,"EB best SuMSy village, full money stock",sumsy,6,-5.820766091346741e-11
6,512,4,4,113280.53929999993,0.0,9360.4714,297.56219999999996,420.75,,420.75,0.0,0.0,0.0,0.0,0.0,0.0025,1518.6032,1722.3898500000005,0.0,0.51703723442497,628.5291000000001,67.92888333333349,0.0,0.0,0.51703723442497,0.0,0.0,0.51703723442497,0.0,0,0,0.9934895833333334,0.6963477575439676,0.0,1047.0,1.0,0.0,0.51703723442497,0,0,6,0.25862116092264276,512,877.2662954642768,16.556859351864063,893.8231548161409,27.486953340293752,3.3656348026904848,30.85258814298423,0.0,0.0,0.0,0.0,0,0,0.0,0.0,0.0,0.51703723442497,0.51703723442497,0.0,0.0,0.0,0.0,0.5,0.25,0.0,-267.3587000000001,0.0,19,2560.0,1999.974600000001,1438.1612000000002,306.5587,0.0,0.0,0.0,0.0,0.0,0,595.9422,2560.0,1999.974600000001,306.5587,274.0,0.0,0.0,0.015,5.619678188539737,5.529265862708745,2.67971109375,1.7177453183520601,3.5481087235377355,7.368212878546999,1078.0,1082.0,539.0,2044.0,1540.0,204.0,126,0,0,0,50,33.0,2048.0,88738.60860000002,1885.2005,14874.0622,763,5,0,128,0.21600086277158592,0.6963477575439676,0.33369204966739163,0,7438.606000000034,6080.491799999995,50,0,640.0,0,0,0,0.0,0,0.0,1.3258022664421534e6,0.0,0,0,0,1.5,0,0.0,0,0,0.0,0,0.0,0,0,1715.0150999999998,256.0,5668.122600000001,4,448.4769,448.500400000002,0.7772047018930182,5120.0,51.015625,0.3607873274739583,0,0,0.0,0,0.0,2612.0,67,2.4031079339905577,0,0,6,0.0,0.0,0.0,0.0,0.0,0.0,0.0,0.0,0,0,0,0,126,0.0,6,6,10562.8558,3072,3877.1736,3877.1736,265.69190000000003,6187.2567034288895,3851.343546650863,2335.913156778026,229.3019,219.175,8272.519599999998,11864.5295,0.7038908146233747,384,79085.65469624777,128,1.2467166117459058e6,4,0.0,4,0.0,2,595.9422,1097.8532,15.958340012880004,1564.3530999999998,0,0,539,539,"EB best SuMSy village, full money stock",sumsy,6,-5.820766091346741e-11
7,512,4,4,113827.79430000008,0.0,9541.593899999998,719.8888000000001,392.7,,392.7,0.0,0.0,0.0,0.0,0.0,0.0025,1360.3127,1746.5605714285712,0.0,0.9045495149013527,630.5282999999995,128.7492904761904,0.0,0.0,0.9045495149013527,0.0,0.0,0.9045495149013527,0.0,0,0,0.9934895833333334,0.6952157907282668,0.0,779.0,1.0,0.0,0.9045495149013527,0,0,6,0.250011115557334,512,841.6813893397884,16.112078208697632,857.7934675484862,27.642499927906712,3.3753774963129315,31.017877424219645,0.0,0.0,0.0,0.0,0,0,0.0,0.0,0.0,0.9045495149013527,0.9045495149013527,0.0,0.0,0.0,0.0,0.5,0.25,0.0,-360.9640000000002,0.0,20,2560.0,2012.7449999999988,1385.5133999999998,515.3501999999996,0.0,0.0,0.0,0.0,0.0,0,606.9864,2560.0,2012.7449999999988,515.3501999999996,274.0,0.0,0.0,0.015,5.598941549953315,5.611986802973965,2.792299843749991,1.9039742964352715,3.557317810633359,7.325181958751489,1076.0,1071.0,538.0,2048.0,1538.0,204.0,127,0,0,2,50,32.0,2048.0,88063.4746000001,2684.2758,15424.2877,763,5,0,128,0.21768669992418466,0.6952157907282668,0.36875180488639314,0,7553.180800000037,5996.4664,50,0,640.0,0,0,0,0.0,0,0.0,1.276926112042152e6,0.0,0,0,0,1.5,0,0.0,0,0,0.0,0,0.0,0,0,1787.0718999999942,256.0,5688.4571,4,475.78200000000004,475.7690000000068,0.7772047018930182,5120.0,51.015625,0.3761423567708333,0,0,0.0,0,0.0,2612.0,67,2.475712905561345,0,0,6,0.0,0.0,0.0,0.0,0.0,0.0,0.0,0.0,0,0,0,0,127,0.0,6,6,10896.037799999998,3072,3877.1736,3877.1736,301.3755,5869.581231039956,3977.3253813605593,1892.2558496793959,234.50889999999998,241.2731,8699.3093,12900.9828,0.7027714508559304,384,78401.73679624773,128,1.198524375245906e6,4,0.0,4,0.0,2,606.9864,967.6126999999999,16.915840413652806,1500.4587,0,0,538,538,"EB best SuMSy village, full money stock",sumsy,6,-5.820766091346741e-11
8,512,4,4,114362.80669999993,0.0,9072.521400000007,105.6882,364.65,,364.65,0.0,0.0,0.0,0.0,0.0,0.0025,1598.0401,1763.8165125,0.0,1.0,628.2026999999995,55.2588041666667,0.0,0.0,1.0,0.0,0.0,1.0,0.0,0,0,0.9934895833333334,0.6962557441207458,0.0,512.0,0.0,0.0,1.0,0,0,6,0.2504462145026373,512,846.171343483904,15.59634858148175,861.7676920653857,28.904949813443466,3.499580394547028,32.4045302079905,0.0,0.0,0.0,0.0,0,0,0.0,0.0,0.0,1.0,1.0,0.0,0.0,0.0,0.0,0.5,0.25,0.0,-456.37989999999996,0.0,23,2560.0,2024.9876000000017,2105.4734000000003,907.8174999999997,0.0,0.0,0.0,0.0,0.0,0,611.2029,2560.0,2024.9876000000017,907.8174999999997,274.0,0.0,0.0,0.015,5.553169069343066,5.705899252336428,2.8938406249999975,1.9943818867924543,3.55996660698746,7.1529678676278605,1070.0,1096.0,535.0,2045.3333333333333,1532.0000000000002,204.0,127,0,0,1,54,51.0,2048.0,87724.12719999993,2807.5967,15927.680199999999,763,5,0,128,0.22465058309024188,0.6962557441207458,0.36158591991036726,0,7579.463999999976,6086.273300000001,54,0,640.0,0,0,0,0.0,0,0.0,1.276693077542153e6,0.0,0,0,0,1.5,0,0.0,0,0,0.0,0,0.0,0,0,1852.0579999999984,256.0,5694.159600000001,4,535.5418,535.5290999999996,0.7772047018930182,5120.0,51.015625,0.39235501953125,0,0,0.0,0,0.0,2612.0,67,2.579619360042007,0,0,6,0.0,0.0,0.0,0.0,0.0,0.0,0.0,0.0,0,0,0,0,127,0.0,6,6,11288.9209,3072,3877.1736,3877.1736,390.02349999999996,5957.777131845152,3961.289254083179,1996.487877761973,271.782,263.7598,9145.856800000003,13140.5156,0.7037873373579138,384,77596.8423212477,128,1.1990962352209056e6,4,0.0,4,0.0,2,611.2029,1233.3901,17.930790838471975,1500.4587,0,0,535,535,"EB best SuMSy village, full money stock",sumsy,6,-5.820766091346741e-11
9,512,4,4,114887.32980000007,0.0,8553.564900000003,61.0886,336.6,,336.6,0.0,0.0,0.0,0.0,0.0,0.0025,1934.1256,1775.5258999999999,0.0,0.8424002546244334,623.0669999999997,0.0,0.0,0.0,0.8424002546244334,0.0,0.0,0.8424002546244334,0.0,0,0,0.9921875,0.6960235404947683,0.0,512.0,1.0,0.0,0.8424002546244334,0,0,6,0.2584448760811473,512,838.1165799733944,15.537950150097785,853.6545301234922,32.312610330180604,3.6841076317958787,35.99671796197648,0.0,0.0,0.0,0.0,0,0,0.0,0.0,0.0,0.8424002546244334,0.8424002546244334,0.0,0.0,0.0,0.0,0.5,0.25,0.0,-547.1050000000002,0.0,25,2560.0,2035.4769000000022,1391.8147000000001,1006.3449000000005,0.0,0.0,0.0,0.0,0.0,0,610.4009,2560.0,2035.4769000000022,1006.3449000000005,274.0,0.0,0.0,0.015,5.5258857142857165,5.927242857142879,3.021079062500003,2.0005133208255135,3.5547460192079563,7.090907751408273,1078.0,1043.0,539.0,2046.6666666666665,1540.0,204.0,126,0,0,1,45,26.0,2048.0,88916.81550000001,1726.4370000000001,15984.161299999998,762,6,0,128,0.23854918578848205,0.6960235404947683,0.36970754154614793,0,7583.491500000004,5763.498800000002,45,0,640.0,0,0,0,0.0,0,0.0,1.253991036892155e6,0.0,0,0,0,1.5,0,0.0,0,0,0.0,0,0.0,0,0,1933.490600000002,256.0,5715.389499999999,4,517.0787,517.0753999999993,0.7772047018930182,5120.0,51.015625,0.3977620458984375,0,0,0.0,0,0.0,2612.0,67,2.533924914168647,0,0,6,0.0,0.0,0.0,0.0,0.0,0.0,0.0,0.0,0,0,0,0,126,0.0,6,6,11789.686599999999,3072,3877.1736,3877.1736,428.78749999999997,7308.277489890325,3894.626079961731,3413.651409928594,295.4273,221.65139999999997,9550.841800000004,11636.3012,0.7035557956067506,384,76889.29710874769,128,1.177101739783406e6,4,0.0,4,0.0,2,610.4009,1597.5256,19.006638288780294,1470.90515,0,0,539,539,"EB best SuMSy village, full money stock",sumsy,6,-5.820766091346741e-11
10,512,4,4,115401.3520000001,0.0,8016.799599999999,46.334300000000006,308.55,,308.55,0.0,0.0,0.0,0.0,0.0,0.0025,2109.8743,1783.97388,0.0,0.5192296530228038,620.0018999999999,0.0,0.0,0.0,0.5192296530228038,0.0,0.0,0.5192296530228038,0.0,0,0,0.9921875,0.6964335583546799,0.0,777.0,1.0,0.0,0.5192296530228038,0,0,6,0.25027186263782514,512,837.8944435276302,15.34495078101262,853.2393943086428,33.1414336051784,3.7078855807340556,36.84931918591246,0.0,0.0,0.0,0.0,0,0,0.0,0.0,0.0,0.5192296530228038,0.5192296530228038,0.0,0.0,0.0,0.0,0.5,0.25,0.0,-632.6409000000003,0.0,27,2560.0,2045.9778000000003,1352.918,849.515999999999,0.0,0.0,0.0,0.0,0.0,0,608.509,2560.0,2045.9778000000003,849.515999999999,274.0,0.0,0.0,0.015,5.502743577981656,5.986642322097379,3.16337875,2.0210471590909065,3.557946782446384,7.055339506750623,1068.0,1090.0,534.0,2046.6666666666667,1530.0,204.0,128,0,0,2,51,43.0,2048.0,88532.44040000005,2062.293,16316.7662,762,6,0,128,0.24286753213754686,0.6964335583546799,0.36028784945804815,0,7563.54009999997,5997.990500000005,51,0,640.0,0,0,0,0.0,0,0.0,1.2471340524421548e6,0.0,0,0,0,1.5,0,0.0,0,0,0.0,0,0.0,0,0,2024.5624,256.0,5771.4691,4,534.9181,534.9338999999968,0.7772047018930182,5120.0,51.015625,0.41981493164062506,0,0,0.0,0,0.0,2612.0,67,2.6634043493436717,0,0,6,0.0,0.0,0.0,0.0,0.0,0.0,0.0,0.0,0,0,0,0,128,0.0,6,6,12069.9247,3072,3877.1736,3877.1736,449.7426999999999,6837.232462733618,3696.5240093869097,3140.7084533467087,293.5648,241.3533,9992.585100000004,12080.6036,0.7039559705750251,384,76215.12912124772,128,1.170918923320906e6,4,0.0,4,0.0,2,608.509,1801.3243,20.147036586107113,1462.4525,0,0,534,534,"EB best SuMSy village, full money stock",sumsy,6,-5.820766091346741e-11
11,512,4,4,115906.24980000008,0.0,7479.468099999997,48.0848,280.5,,280.5,0.0,0.0,0.0,0.0,0.0,0.0025,1961.4547,1790.1778909090908,0.0,0.3499566992273513,617.4059999999998,0.0,0.0,0.0,0.3499566992273513,0.0,0.0,0.3499566992273513,0.0,0,0,0.9921875,0.6982253615472198,0.0,778.0,2.0,0.0,0.3499566992273513,0,0,6,0.25027107519264413,512,862.8489374830566,15.162061623575893,878.0109991066325,34.23548764978443,3.9779518542706147,38.213439504055046,0.0,0.0,0.0,0.0,0,0,0.0,0.0,0.0,0.3499566992273513,0.3499566992273513,0.0,0.0,0.0,0.0,0.5,0.25,0.0,-712.8087000000005,0.0,28,2560.0,2055.1022000000025,696.8258,525.3763000000001,0.0,0.0,0.0,0.0,0.0,0,606.9981,2560.0,2055.1022000000025,525.3763000000001,274.0,0.0,0.0,0.015,5.448231653992392,6.05017537313435,3.279772500000001,2.029881698113208,3.557865925325551,7.0722380961051075,1072.0,1052.0,536.0,2045.3333333333335,1534.0,204.0,128,0,0,1,43,29.0,2048.0,88613.38200000003,2453.4408000000003,16420.7624,762,6,0,128,0.2485180587799085,0.6982253615472198,0.37775912580054594,0,7589.64629999998,5731.539699999996,43,0,640.0,0,0,0,0.0,0,0.0,1.2763078955421536e6,0.0,0,0,0,1.5,0,0.0,0,0,0.0,0,0.0,0,0,2099.0544000000004,256.0,5850.211800000001,4,529.5894999999999,529.5666000000019,0.7772047018930182,5120.0,51.015625,0.4407034993489583,0,0,0.0,0,0.0,2612.0,67,2.7209117919969006,0,0,6,0.0,0.0,0.0,0.0,0.0,0.0,0.0,0.0,0,0,0,0,128,0.0,6,6,12374.6534,3072,3877.1736,3877.1736,470.13169999999997,6519.734278018556,3513.9316289959816,3005.8026490225743,295.2937,234.2958,10680.116599999998,12349.7616,0.7057147886616706,384,75823.8694962477,128,1.200484026045905e6,4,0.0,4,0.0,2,606.9981,1680.9547,21.35585878127354,1500.4587,0,0,536,536,"EB best SuMSy village, full money stock",sumsy,6,-5.820766091346741e-11
12,512,4,4,116401.38390000002,0.0,6957.263800000004,65.61630000000001,252.45,,252.45,0.0,0.0,0.0,0.0,0.0,0.0025,1653.3815,1793.819175,0.0,0.4878495421537012,611.2911000000001,46.81255833333338,0.0,0.0,0.4878495421537012,0.0,0.0,0.4878495421537012,0.0,0,0,0.9921875,0.6999824431469654,0.0,776.0,1.0,0.0,0.4878495421537012,0,0,6,0.2507315205976567,512,891.3225393920408,14.950026372137577,906.2725657641785,35.59978427615117,4.046102357821523,39.64588663397269,0.0,0.0,0.0,0.0,0,0,0.0,0.0,0.0,0.4878495421537012,0.4878495421537012,0.0,0.0,0.0,0.0,0.5,0.25,0.0,-787.6035000000016,0.0,30,2560.0,2064.8659000000016,1342.8393999999998,356.41519999999974,0.0,0.0,0.0,0.0,0.0,0,604.7092,2560.0,2064.8659000000016,356.41519999999974,274.0,0.0,0.0,0.015,5.440093914623077,6.106647842401486,3.4163998437499963,2.0257618595825466,3.56400935312688,7.114819759689261,1066.0,1101.0,533.0,2046.6666666666667,1528.0,204.0,129,0,0,1,61,46.0,2048.0,88516.06980000007,2891.4407,16788.450100000002,762,6,0,128,0.2583013555090299,0.6999824431469654,0.40365225749698963,0,7573.732899999968,5989.543400000008,61,0,640.0,0,0,0,0.0,0,0.0,1.3033784919421524e6,0.0,0,0,0,1.5,0,0.0,0,0,0.0,0,0.0,0,0,2186.4958999999976,256.0,5947.3326,4,576.3625,576.4016999999964,0.7772047018930182,5120.0,51.015625,0.47118418294270836,0,0,0.0,0,0.0,2612.0,67,2.8536980879961136,0,0,6,0.0,0.0,0.0,0.0,0.0,0.0,0.0,0.0,0,0,0,0,129,0.0,6,6,12705.980699999998,3072,3877.1736,3877.1736,505.3632999999999,6043.367749878577,3273.0994463744464,2770.268303504131,301.989,274.37350000000004,10828.750199999997,12921.2427,0.7074397883501666,384,75164.48794624765,128,1.2282140039959056e6,4,0.0,4,0.0,2,604.7092,1400.9315,22.637210308149953,1535.9137999999998,0,0,533,533,"EB best SuMSy village, full money stock",sumsy,6,-5.820766091346741e-11
13,512,4,4,116886.04990000006,0.0,6434.937699999998,68.0712,224.4,,224.4,0.0,0.0,0.0,0.0,0.0,0.0025,1495.7974,1806.1637250000003,0.0,0.7902180723547485,610.3782000000007,103.4554416666668,0.0,0.0,0.7902180723547485,0.0,0.0,0.7902180723547485,0.0,0,0,0.9921875,0.7009771882818607,0.0,780.0,0.0,0.0,0.7902180723547485,0,0,6,0.250257066978791,512,905.3977688044398,14.927043319980221,920.32481212442,36.475755997870976,4.02394653518408,40.49970253305506,0.0,0.0,0.0,0.0,0,0,0.0,0.0,0.0,0.7902180723547485,0.7902180723547485,0.0,0.0,0.0,0.0,0.5,0.25,0.0,-857.0906000000017,0.0,31,2560.0,2075.333999999997,737.1542999999999,500.75339999999966,0.0,0.0,0.0,0.0,0.0,2,600.1768999999999,2560.0,2075.333999999997,500.75339999999966,274.0,0.0,0.0,0.015,5.43212502266546,6.189106839186675,3.548288750000002,2.0316900934579465,3.7053134956092513,7.1852534094343765,1082.0,1103.0,541.0,2046.6666666666667,1544.0,204.0,125,0,0,1,76,50.0,2048.0,88522.01029999995,3296.1954,16934.2003,762,6,0,128,0.26241245117389833,0.7009771882818607,0.35906326311314785,0,7866.13230000001,5991.6339000000025,76,0,640.0,0,0,0,0.0,0,0.0,1.3149076186221163e6,0.0,0,0,0,1.5,0,0.0,0,0,0.0,0,0.0,0,0,2270.904800000001,256.0,6037.669600000001,4,569.4808,569.4864999999982,1.1531003848345136,5120.0,51.015625,0.49192380208333336,1,0,0.0,0,26.907972496344996,2612.0,67,3.320411614901214,0,0,6,0.0,0.0,0.0,0.0,0.0,0.0,0.0,0.0,0,0,0,0,125,0.0,6,6,12968.2217,3072,3877.1736,3877.1736,529.3869,5776.0032782274,3132.303895932764,2643.699382294636,291.1173,278.3635,11033.734800000006,13299.8436,0.7084130676480842,384,79367.33148720115,128,1.235540287134915e6,4,0.0,4,0.0,2,600.1768999999999,1271.3973999999998,23.99544292663895,1535.9137999999998,0,0,541,541,"EB best SuMSy village, full money stock",sumsy,6,-5.820766091346741e-11
14,512,4,4,117360.37600000005,0.0,5913.029999999999,72.5972,196.35,,196.35,0.0,0.0,0.0,0.0,0.0,0.0025,1656.1051,1818.2851500000002,0.0,0.947272730854237,609.4856999999996,54.06001666666672,0.0,0.0,0.947272730854237,0.0,0.0,0.947272730854237,0.0,0,0,0.9908854166666666,0.7016057909173294,0.0,784.0,1.0,0.0,0.947272730854237,0,0,6,0.2510311709775465,512,907.4542135132881,14.531191941353992,921.985405454642,39.39112534307307,4.305414890710377,43.69654023378345,0.0,0.0,0.0,0.0,0,0,0.0,0.0,0.0,0.947272730854237,0.947272730854237,0.0,0.0,0.0,0.0,0.5,0.25,0.0,-921.4400000000019,0.0,33,2560.0,2085.6739000000016,742.3211,816.0063999999991,0.0,0.0,0.0,0.0,0.0,0,593.6319000000001,2560.0,2085.6739000000016,816.0063999999991,274.0,0.0,0.0,0.015,5.423968549905839,6.0761812727272675,3.7112509374999982,2.034787476979742,3.7171253270655495,7.2443868518814485,1100.0,1062.0,550.0,2046.6666666666665,1562.0,204.0,121,0,0,0,49,39.0,2048.0,89908.26350000006,2201.7918999999997,16867.8447,761,7,0,128,0.278672891707332,0.7016057909173294,0.3658120997552432,0,7936.502500000011,5760.254600000001,49,0,640.0,0,0,0,0.0,0,0.0,1.3147590317221135e6,0.0,0,0,0,1.5,0,0.0,0,0,0.0,0,0.0,0,0,2375.2005999999988,256.0,6132.7389,4,498.819,498.89329999999677,1.1531003848345136,5120.0,51.015625,0.5062825358072917,0,0,0.0,0,0.0,2612.0,67,3.2625452292615056,0,0,6,0.0,0.0,0.0,0.0,0.0,0.0,0.0,0.0,0,0,0,0,121,0.0,6,6,13255.865600000001,3072,3877.1736,3877.1736,554.0604999999999,7277.956279562002,3154.85677174764,4123.099507814362,264.42539999999997,234.3936,11558.679900000006,11946.5099,0.7090291342655008,384,78808.22161220128,128,1.2359508101099143e6,4,0.0,4,0.0,2,593.6319000000001,1459.7551,25.43516950223729,1535.9137999999998,0,0,550,550,"EB best SuMSy village, full money stock",sumsy,6,-5.820766091346741e-11
15,512,4,4,117824.15730000004,0.0,5347.460499999997,32.5652,168.3,,168.3,0.0,0.0,0.0,0.0,0.0,0.0025,1978.442,1834.8716249999998,0.0,0.8086837115069295,608.5677,0.0,0.0,0.0,0.8086837115069295,0.0,0.0,0.8086837115069295,0.0,0,0,0.9908854166666666,0.703798820031643,0.0,777.0,1.0,0.0,0.8086837115069295,0,0,6,0.2500641407128215,512,932.2579657920422,14.274438022202718,946.532403814245,39.94182469663345,4.452880235332572,44.39470493196602,0.0,0.0,0.0,0.0,0,0,0.0,0.0,0.0,0.8086837115069295,0.8086837115069295,0.0,0.0,0.0,0.0,0.5,0.25,0.0,-980.5703000000021,0.0,34,2560.0,2096.2186999999994,684.8880000000001,981.3208999999993,0.0,0.0,0.0,0.0,0.0,0,587.2422,2560.0,2096.2186999999994,981.3208999999993,274.0,0.0,0.0,0.015,5.393978779342717,6.186497206703889,3.8795517187499926,2.0100437735849064,3.7804077287105624,7.221206917399219,1074.0,1065.0,537.0,2048.0,1536.0,204.0,128,0,0,1,46,35.0,2048.0,89633.16230000008,2632.6992,16762.856600000003,761,7,0,128,0.2878538976631613,0.703798820031643,0.38502018976564667,0,7900.310400000005,5744.587399999994,46,0,640.0,0,0,0,0.0,0,0.0,1.3427433610221173e6,0.0,0,0,0,1.5,0,0.0,0,0,0.0,0,0.0,0,0,2482.913099999995,256.0,6229.755,4,562.1188,562.1129000000022,1.1531003848345136,5120.0,51.015625,0.5268847884114584,0,0,0.0,0,0.0,2612.0,67,3.4432806836186547,0,0,6,0.0,0.0,0.0,0.0,0.0,0.0,0.0,0.0,0,0,0,0,128,0.0,6,6,13452.8441,3072,3877.1736,3877.1736,547.3811000000002,6633.6323273169655,2845.1693328645506,3788.4629944524145,297.7346,264.3842,11994.2927,12172.466699999999,0.7111779612051876,384,78313.94569970122,128,1.264429415322415e6,4,0.0,4,0.0,2,587.2422,1810.142,26.96127967237153,1573.0198500000001,0,0,537,537,"EB best SuMSy village, full money stock",sumsy,6,-5.820766091346741e-11
16,512,4,4,118279.85599999993,0.0,4829.017100000001,81.3194,140.25,,140.25,0.0,0.0,0.0,0.0,0.0,0.0025,2155.1452,1851.2222249999995,0.0,0.515602211866782,605.2068000000004,0.0,0.0,0.0,0.515602211866782,0.0,0.0,0.515602211866782,0.0,0,0,0.9908854166666666,0.7056250387637582,0.0,776.0,2.0,0.0,0.515602211866782,0,0,6,0.25002898309599647,512,955.7519457261377,14.056316590335095,969.8082623164729,41.02705512179429,4.507716193343817,45.53477131513811,0.0,0.0,0.0,0.0,0,0,0.0,0.0,0.0,0.515602211866782,0.515602211866782,0.0,0.0,0.0,0.0,0.5,0.25,0.0,-1034.0446000000013,0.0,36,2560.0,2104.3013000000024,1375.6566,838.597999999999,0.0,0.0,0.0,0.0,0.0,0,582.2543000000001,2560.0,2104.3013000000024,838.597999999999,274.0,0.0,0.0,0.015,5.345548259642519,6.103991011235941,4.048228750000003,2.0181453510436422,3.8147242172389477,7.28847304581711,1068.0,1063.0,534.0,2046.6666666666667,1530.0,204.0,129,0,0,2,41,35.0,2048.0,89444.6039,3013.8121,16736.815,761,7,0,128,0.29671839853883575,0.7056250387637582,0.3937221832327118,0,7935.13509999998,5682.317799999998,41,0,640.0,0,0,0,0.0,0,0.0,1.3562627899366475e6,0.0,0,0,0,1.5,0,0.0,0,0,0.0,0,0.0,0,0,2590.866400000002,256.0,6347.2255000000005,4,542.3076,542.2757000000004,1.6013832466356301,5120.0,51.015625,0.5434132389322917,2,0,0.0,0,31.628142831801988,2612.0,67,3.487369877191607,0,0,6,0.0,0.0,0.0,0.0,0.0,0.0,0.0,0.0,0,0,0,0,129,0.0,6,6,13676.152100000001,3072,3877.1736,3877.1736,587.8278,6262.491206677341,2670.779507845557,3591.7116988317844,284.9082,257.3994,12529.796900000007,12421.7005,0.7129640635098442,384,81819.51297854743,128,1.2744432769580993e6,4,0.0,4,0.0,2,582.2543000000001,2014.8952,28.578956452713822,1573.0198500000001,0,0,534,534,"EB best SuMSy village, full money stock",sumsy,6,-5.820766091346741e-11
17,512,4,4,118727.30110000003,0.0,4266.6727,41.484700000000004,112.2,,112.2,0.0,0.0,0.0,0.0,0.0,0.0025,2032.1262,1848.108675,0.0,0.33864370446754144,599.7702000000004,0.0,0.0,0.0,0.33864370446754144,0.0,0.0,0.33864370446754144,0.0,0,0,0.9908854166666666,0.7087135513636631,0.0,512.0,2.0,0.0,0.33864370446754144,0,0,6,0.2500208843840499,512,1029.0819555836224,13.899775698149115,1042.9817312817715,42.55606331599959,4.572945706119031,47.129009022118616,0.0,0.0,0.0,0.0,0,0,0.0,0.0,0.0,0.33864370446754144,0.33864370446754144,0.0,0.0,0.0,0.0,0.5,0.25,0.0,-1082.3350000000007,0.0,37,2560.0,2112.5548999999974,682.7313,536.1700000000001,0.0,0.0,0.0,0.0,0.0,0,579.1898,2560.0,2112.5548999999974,536.1700000000001,274.0,0.0,0.0,0.015,5.312430130597012,6.229964540337693,4.260096562499996,2.005226425855517,3.8606351318053216,7.349594265033776,1066.0,1072.0,533.0,2045.3333333333335,1528.0000000000002,204.0,129,0,0,0,51,32.0,2048.0,89416.0594,3477.5796,16710.4892,761,7,0,128,0.30677684475812916,0.7087135513636631,0.37803362712520094,0,7993.676699999997,5694.925099999997,51,0,640.0,0,0,0,0.0,0,0.0,1.4435643699366471e6,0.0,0,0,0,1.5,0,0.0,0,0,0.0,0,0.0,0,0,2726.4617999999973,256.0,6511.856899999999,4,559.097,559.1017000000018,1.6013832466356301,5120.0,51.015625,0.577690146484375,0,0,0.0,0,0.0,2612.0,67,3.4140069210996664,0,0,6,0.0,0.0,0.0,0.0,0.0,0.0,0.0,0.0,0,0,0,0,129,0.0,6,6,13941.0978,3072,3877.1736,3877.1736,584.3734999999998,5849.178839683861,2478.4362241943545,3370.7426154895065,293.4232,265.6738,16692.498700000004,12758.827899999998,0.7160006091583371,384,81758.59564104746,128,1.3618057742955992e6,4,0.0,4,0.0,2,579.1898,1919.9261999999999,30.293693839876653,1687.3546,0,0,533,533,"EB best SuMSy village, full money stock",sumsy,6,-5.820766091346741e-11
18,512,4,4,119166.26639999998,0.0,3690.570999999997,29.8014,84.15,,84.15,0.0,0.0,0.0,0.0,0.0,0.0025,1733.6052,1839.989475,0.0,0.44037984602549457,596.0523000000002,35.46142500000004,0.0,0.0,0.44037984602549457,0.0,0.0,0.44037984602549457,0.0,0,0,0.9908854166666666,0.7249392306823097,0.0,777.0,2.0,0.0,0.44037984602549457,0,0,6,0.25007773192379446,512,1743.3583808429153,14.585992446979702,1757.9443732898949,43.97680518307469,4.734584806212887,48.711389989287575,0.0,0.0,0.0,0.0,0,0,0.0,0.0,0.0,0.44037984602549457,0.44037984602549457,0.0,0.0,0.0,0.0,0.5,0.25,0.0,-1125.002100000001,0.0,38,2560.0,2121.0347,672.6971000000001,354.1157000000003,0.0,0.0,0.0,0.0,0.0,0,576.0896,2560.0,2121.0347,354.1157000000003,274.0,0.0,0.0,0.015,5.333323496240602,6.141816014897569,4.424662500000007,2.0071494339622666,3.889975950945951,7.492922921666711,1074.0,1064.0,537.0,2048.0,1536.0,204.0,128,0,0,1,43,30.0,2048.0,89503.82400000008,3906.9545,16764.457199999997,761,7,0,128,0.31817992295188136,0.7249392306823097,0.3825795296848098,0,8079.364300000001,5674.656200000001,43,0,640.0,0,0,0,0.0,0,0.0,2.403474562136649e6,0.0,0,0,0,1.5,0,0.0,0,0,0.0,0,0.0,0,0,2831.7840000000047,256.0,6681.3359,4,531.812,531.8072999999982,1.6013832466356301,5120.0,51.015625,0.7599718749999999,0,0,0.0,0,0.0,2612.0,67,3.4370669761293224,0,0,6,0.0,0.0,0.0,0.0,0.0,0.0,0.0,0.0,0,0,0,0,128,0.0,6,6,14277.731399999999,3072,3877.1736,3877.1736,567.1619000000001,5612.211637593102,2328.0916770322965,3284.119960560806,281.1959,250.6161,12237.525199999998,13075.016199999998,0.7319700135829315,384,84369.18377854755,128,2.319105378358098e6,4,0.0,4,0.0,2,576.0896,1649.4551999999999,32.111315470269254,2943.60115,0,0,537,537,"EB best SuMSy village, full money stock",sumsy,6,-5.820766091346741e-11
19,512,4,4,119596.04509999987,0.0,3136.728100000001,52.71170000000001,56.1,,56.1,0.0,0.0,0.0,0.0,0.0,0.0025,1547.5927,1831.956975,0.0,0.710421243677811,598.3982999999995,94.78809166666672,0.0,0.0,0.710421243677811,0.0,0.0,0.710421243677811,0.0,0,0,0.9908854166666666,0.7298025410283986,0.0,512.0,2.0,0.0,0.710421243677811,0,0,6,0.2506909090909091,512,2126.961581771257,14.380534793075228,2141.342116564332,45.60259072956839,4.67273122893607,50.275321958504456,0.0,0.0,0.0,0.0,0,0,0.0,0.0,0.0,0.710421243677811,0.710421243677811,0.0,0.0,0.0,0.0,0.5,0.25,0.0,-1161.802300000001,0.0,40,2560.0,2130.2213,1320.3665999999998,463.7374000000005,0.0,0.0,0.0,0.0,0.0,3,571.2107,2560.0,2130.2213,463.7374000000005,274.0,0.0,0.0,0.015,5.424335272727274,6.194327392120097,4.6519521875000045,1.9916730038022816,3.955419238401952,7.6362786647005985,1066.0,1100.0,533.0,2046.6666666666665,1528.0,204.0,130,0,0,3,64,45.0,2048.0,89218.9823,4359.6622,17035.554099999998,761,7,0,128,0.33062430164271084,0.7298025410283986,0.4113124245355353,1,8136.434099999997,5966.768800000002,64,0,640.0,0,0,0,0.0,0,0.0,2.9177668545106347e6,0.0,0,0,0,1.5,0,0.0,0,0,0.0,0,0.0,0,0,2977.249400000003,256.0,6863.0431,4,607.5632999999999,607.5658000000035,2.444622943054576,5120.0,51.015625,0.87008328125,3,0,0.0,0,58.24328225871069,2612.0,67,3.5469495912005606,0,0,6,0.0,0.0,0.0,0.0,0.0,0.0,0.0,0.0,0,0,0,0,130,0.0,6,6,14617.3596,3072,3877.1736,3877.1736,572.2090000000002,5069.841290468241,2094.368133311483,2975.473157156758,306.53229999999996,301.031,12866.544699999999,13640.899799999997,0.7367528042452571,384,94378.3531902961,128,2.82338850132034e6,4,0.0,4,0.0,2,571.2107,1491.4927,34.03799439848541,3583.1558,0,0,533,533,"EB best SuMSy village, full money stock",sumsy,6,-5.820766091346741e-11
20,512,4,4,120015.92389999992,0.0,2589.8748999999993,63.17540000000001,28.05,,28.05,0.0,0.0,0.0,0.0,0.0,0.0025,1642.5538,1827.0584249999997,0.0,0.8845952243865486,608.6084999999996,61.501541666666604,0.0,0.0,0.8845952243865486,0.0,0.0,0.8845952243865486,0.0,0,0,0.9908854166666666,0.7303469826483882,0.0,511.0,1.0,0.0,0.8845952243865486,0,0,6,0.2506397374546401,512,2103.2501004268797,13.539313078942252,2116.7894135058223,46.173562787203906,4.57580419175526,50.74936697895917,0.0,0.0,0.0,0.0,0,0,0.0,0.0,0.0,0.8845952243865486,0.8845952243865486,0.0,0.0,0.0,0.0,0.5,0.25,0.0,-1193.1706000000006,0.0,44,2560.0,2140.1212000000014,2647.8466999999996,752.5578999999998,0.0,0.0,0.0,0.0,0.0,0,564.6257,2560.0,2140.1212000000014,752.5578999999998,274.0,0.0,0.0,0.015,5.501526520912549,6.253465434380747,4.870004374999998,2.0140265917602997,4.031380149568208,7.808004656290137,1082.0,1052.0,541.0,2044.0,1544.0,204.0,125,0,0,2,46,29.0,2048.0,88957.8884,4807.3121,17014.311999999998,761,7,0,128,0.3457290333438685,0.7303469826483882,0.406532427889188,0,8346.0161,5787.605900000001,46,0,640.0,0,0,0,0.0,0,0.0,2.9324299747106326e6,0.0,0,0,0,1.5,0,0.0,0,0,0.0,0,0.0,0,0,3116.8027999999986,256.0,7029.2319,4,578.0604,578.0247000000003,2.444622943054576,5120.0,51.015625,0.8890411881510417,0,0,0.0,0,0.0,2612.0,67,3.5865761540340704,0,0,6,0.0,0.0,0.0,0.0,0.0,0.0,0.0,0.0,0,0,0,0,125,0.0,6,6,14963.912699999999,3072,3877.1736,3877.1736,577.6420999999999,4880.4264944588995,1997.1346929120411,2883.2918015468586,299.2473,278.8131,13152.658400000002,13886.943299999999,0.7372873432568248,384,93609.20706529611,128,2.8388207676453404e6,4,0.0,4,0.0,2,564.6257,1614.5038,36.08027406239454,3602.6116,0,0,541,541,"EB best SuMSy village, full money stock",sumsy,6,-5.820766091346741e-11
21,512,4,4,120426.20060000007,0.0,2015.2248999999997,38.537200000000006,0.0,,0.0,0.0,0.0,0.0,0.0,0.0,0.0025,1913.5172,1825.6100250000002,0.0,0.801881894415496,617.2734,0.0,0.0,0.0,0.801881894415496,0.0,0.0,0.801881894415496,0.0,0,0,0.9908854166666666,0.7307750212889799,0.0,511.0,0.0,0.0,0.801881894415496,0,0,6,0.25005198701651005,512,2074.4585448720063,12.95986458636454,2087.4184094583707,46.302198770015366,4.468000907885982,50.770199677901346,0.0,0.0,0.0,0.0,0,0,0.0,0.0,0.0,0.801881894415496,0.801881894415496,0.0,0.0,0.0,0.0,0.5,0.25,0.0,-1219.0680000000013,0.0,44,2560.0,2149.7233000000037,38.537200000000006,940.1419000000005,0.0,0.0,0.0,0.0,0.0,0,557.8543999999999,2560.0,2149.7233000000037,940.1419000000005,274.0,0.0,0.0,0.015,5.601625161887144,6.260904672897234,5.121765468749996,2.029170643939396,4.155367347027661,7.936815427038931,1070.0,1081.0,535.0,2045.3333333333333,1532.0,204.0,127,0,0,2,55,33.0,2048.0,88335.33069999999,5185.5278,17231.4448,761,7,0,128,0.3579652022309583,0.7307750212889799,0.4172431080923209,0,8493.313400000001,6055.356800000002,55,0,640.0,0,0,0,0.0,0,0.0,2.9318501344106398e6,0.0,0,0,0,1.5,0,0.0,0,0,0.0,0,0.0,0,0,3277.9298999999974,256.0,7202.5257,4,617.3823,617.3730000000022,2.444622943054576,5120.0,51.015625,0.9117584700520833,0,0,0.0,0,0.0,2612.0,67,3.8102952325654247,0,0,6,0.0,0.0,0.0,0.0,0.0,0.0,0.0,0.0,0,0,0,0,127,0.0,6,6,15293.2003,3072,3877.1736,3877.1736,562.2123000000001,4517.350019832255,1841.3687200281208,2675.9812998041343,313.50669999999997,303.8756,13430.332199999995,14326.298,0.7377072962229687,384,92593.92666529604,128,2.839256207745341e6,4,0.0,4,0.0,2,557.8543999999999,1913.5172,38.24509050613821,3602.6116,0,0,535,535,"EB best SuMSy village, full money stock",sumsy,6,-5.820766091346741e-11
22,512,4,4,120828.10050000002,0.0,1481.7573000000007,39.5349,0.0,,0.0,0.0,0.0,0.0,0.0,0.0,0.0025,2108.7919,1827.7354500000001,0.0,0.5377909783790048,628.5036000000006,0.0,0.0,0.0,0.5377909783790048,0.0,0.0,0.5377909783790048,0.0,0,0,0.9908854166666666,0.7311811582788152,0.0,511.0,0.0,0.0,0.5377909783790048,0,0,6,0.250063125999495,512,2062.5246424971815,12.001413002240014,2074.5260554994215,46.5145699264065,4.224528211994726,50.739098138401225,0.0,0.0,0.0,0.0,0,0,0.0,0.0,0.0,0.5377909783790048,0.5377909783790048,0.0,0.0,0.0,0.0,0.5,0.25,0.0,-1238.7227000000003,0.0,46,2560.0,2158.1000999999997,1212.3346999999999,853.3957999999998,0.0,0.0,0.0,0.0,0.0,8,552.1011,2560.0,2158.1000999999997,853.3957999999998,274.0,0.0,0.0,0.015,5.818538807339445,6.5303372912801505,5.401587968749997,2.0396295112781972,4.290451196859584,8.069184311859303,1078.0,1090.0,539.0,2045.3333333333335,1540.0000000000002,204.0,126,0,0,2,57,44.0,2048.0,87565.7284,5665.3103,17523.3349,761,7,0,128,0.3731491968341367,0.7311811582788152,0.42252436857536235,0,8764.928699999997,6342.2072999999955,57,0,640.0,0,0,0,0.0,0,0.0,2.956140552209634e6,0.0,0,0,0,1.5,0,0.0,0,0,0.0,0,0.0,0,0,3457.016299999998,256.0,7412.8339000000005,4,624.5084999999999,624.5275000000021,3.253568734037668,5120.0,51.015625,0.9369139192708333,3,0,0.0,0,55.75392194413782,2612.0,67,3.9016763996723793,0,0,6,0.0,0.0,0.0,0.0,0.0,0.0,0.0,0.0,0,0,0,0,126,0.0,6,6,15760.9259,3072,3877.1736,3877.1736,543.3417999999999,4335.087631393731,1742.5152726833157,2592.572358710415,313.47790000000003,311.0306,13700.045100000001,14840.553199999998,0.7381073133793805,384,102758.1454449917,128,2.8533824067646456e6,4,0.0,4,0.0,2,552.1011,2108.7919,40.53979593650651,3602.6116,0,0,539,539,"EB best SuMSy village, full money stock",sumsy,6,-5.820766091346741e-11
23,512,4,4,121223.20139999996,0.0,1063.0817,86.05369999999999,0.0,,0.0,0.0,0.0,0.0,0.0,0.0,0.0025,1997.7209,1836.5941500000004,0.0,0.3867172659150626,652.8407999999995,0.0,0.0,0.0,0.3867172659150626,0.0,0.0,0.3867172659150626,0.0,0,0,0.9908854166666666,0.732661988047927,0.0,510.0,1.0,0.0,0.3867172659150626,0,0,6,0.25076701751295494,512,2125.2895061176473,11.153707164335804,2136.4432132819834,45.82282411794568,3.910874070362126,49.733698188307805,0.0,0.0,0.0,0.0,0,0,0.0,0.0,0.0,0.3867172659150626,0.3867172659150626,0.0,0.0,0.0,0.0,0.5,0.25,0.0,-1253.5401,0.0,49,2560.0,2164.8990999999965,1934.3621999999998,573.5776999999991,0.0,0.0,0.0,0.0,0.0,0,548.5768,2560.0,2164.8990999999965,573.5776999999991,274.0,0.0,0.0,0.015,5.959214272030655,6.6035618959108024,5.666377812499997,2.127555743879476,4.49113917697234,8.219010510112108,1076.0,1044.0,538.0,2045.3333333333333,1538.0,204.0,127,0,0,0,39,25.0,2048.0,87211.5794,6081.4163,17734.41,761,7,0,128,0.38825665877367177,0.732661988047927,0.41691273845211807,0,9120.963999999998,6221.419700000004,39,0,640.0,0,0,0,0.0,0,0.0,3.1578187143795034e6,0.0,0,0,0,1.5,0,0.0,0,0,0.0,0,0.0,0,0,3626.4817999999977,256.0,7649.498,4,594.6164,594.6332000000032,3.539028990218213,5120.0,51.015625,0.9880515071614585,1,0,0.0,0,4.403558786717767,2612.0,67,3.955255428559829,0,0,6,0.0,0.0,0.0,0.0,0.0,0.0,0.0,0.0,0,0,0,0,127,0.0,6,6,16305.4045,3072,3877.1736,3877.1736,575.1007,4310.516935166551,1653.3392735916023,2657.1776615749486,305.9039,288.7125,14060.7142,15159.919800000001,0.7395637410252651,384,106520.63398062359,128,3.051298080398879e6,4,0.0,4,0.0,2,548.5768,1997.7209,42.9721836926969,3855.1768,0,0,538,538,"EB best SuMSy village, full money stock",sumsy,6,-5.820766091346741e-11
24,512,4,4,121611.8584000001,0.0,898.1473,126.2382,0.0,,0.0,0.0,0.0,0.0,0.0,0.0,0.0025,1714.7838,1850.9277000000004,0.0,0.5137928884780852,668.6253000000005,45.38130000000016,0.0,0.0,0.5137928884780852,0.0,0.0,0.5137928884780852,0.0,0,0,0.9908854166666666,0.7357439525914677,0.0,511.0,1.0,0.0,0.5137928884780852,0,0,6,0.25060111340464125,512,2493.6209254353453,10.694917960330052,2504.315843395675,45.42890489808183,3.76836872137078,49.197273619452616,0.0,0.0,0.0,0.0,0,0,0.0,0.0,0.0,0.5137928884780852,0.5137928884780852,0.0,0.0,0.0,0.0,0.5,0.25,0.0,-1264.1704999999986,0.0,51,2560.0,2171.3429999999994,1228.7285000000002,414.3139000000001,0.0,0.0,0.0,0.0,0.0,0,545.8589,2560.0,2171.3429999999994,414.3139000000001,274.0,0.0,0.0,0.015,6.317240730593614,6.966676691729305,5.969517968749989,2.1547746666666687,4.665340983828213,8.396997152407327,1064.0,1095.0,532.0,2048.0,1526.0,204.0,130,0,0,2,54,44.0,2048.0,86177.96110000004,6710.137999999999,18537.804,761,7,0,128,0.40291047085563614,0.7357439525914677,0.43376169711536483,0,9358.722700000008,6917.378600000007,54,0,640.0,0,0,0,0.0,0,0.0,3.7919352915651193e6,0.0,0,0,0,1.5,0,0.0,0,0,0.0,0,0.0,0,0,3820.4914999999933,256.0,7925.312599999999,4,661.5391999999999,661.571300000007,3.594833970218783,5120.0,51.015625,1.1295610839843748,1,0,0.0,0,61.55247777335067,2612.0,67,4.08309415711729,0,0,6,0.0,0.0,0.0,0.0,0.0,0.0,0.0,0.0,0,0,0,0,130,0.0,6,6,17068.141,3072,3877.1736,3877.1736,629.8062000000001,3853.2990936794986,1480.2169468397494,2373.082146839749,334.76469999999995,326.7745,19255.31260000002,16105.1136,0.7425978419080805,384,108235.7600424967,128,3.683699531522623e6,4,0.0,4,0.0,2,545.8589,1714.7838,45.55051471425872,4683.3996,0,0,532,532,"EB best SuMSy village, full money stock",sumsy,6,-5.820766091346741e-11
25,512,4,4,121991.05700000009,0.0,710.9045999999997,30.677,0.0,,0.0,0.0,0.0,0.0,0.0,0.0,0.0025,1537.3844,1875.531375,0.0,0.8272027642873758,708.7929000000005,112.71565833333337,0.0,0.0,0.8272027642873758,0.0,0.0,0.8272027642873758,0.0,0,0,0.9908854166666666,0.7360614984475313,0.0,644.0,0.0,0.0,0.8272027642873758,0,0,6,0.25122790604430484,512,2356.06520479087,9.549060890849132,2365.6142656817196,43.28727445972086,3.330923730184689,46.61819818990555,0.0,0.0,0.0,0.0,0,0,0.0,0.0,0.0,0.8272027642873758,0.8272027642873758,0.0,0.0,0.0,0.0,0.5,0.25,0.0,-1273.151299999999,0.0,53,2560.0,2180.8014000000003,1535.0691,554.3459999999998,0.0,0.0,0.0,0.0,0.0,0,543.2361000000001,2560.0,2180.8014000000003,554.3459999999998,274.0,0.0,0.0,0.015,6.589088535645461,7.098607606679019,6.260842187500011,2.276562030075189,4.919002538943229,8.583428336531076,1078.0,1038.0,539.0,2045.3333333333333,1539.9999999999998,204.0,126,0,0,1,39,20.0,2048.0,85395.5903,7252.2051,19077.8259,761,7,0,128,0.414685124406297,0.7360614984475313,0.40059563161283895,0,9907.78639999999,6839.473899999988,39,0,640.0,0,0,0,0.0,0,0.0,3.79483287609805e6,0.0,0,0,0,1.5,0,0.0,0,0,0.0,0,0.0,0,0,4006.939000000007,256.0,8184.8152,4,635.0467000000001,635.0424000000019,3.6908816926449517,5120.0,51.015625,1.1494901953124999,2,0,0.0,0,79.22458507968128,2612.0,67,4.131586032778517,0,0,6,0.0,0.0,0.0,0.0,0.0,0.0,0.0,0.0,0,0,0,0,126,0.0,6,6,17869.8691,3072,3877.1736,3877.1736,583.5952000000001,4031.6445124243455,1437.6293769008537,2594.015135523492,325.0214,310.0253,19268.7603,16644.9771,0.7429089422992448,384,108708.93331259898,128,3.6861239427854544e6,4,0.0,4,0.0,2,543.2361000000001,1537.3844,48.28354559711424,4683.3996,0,0,539,539,"EB best SuMSy village, full money stock",sumsy,6,-5.820766091346741e-11
26,512,4,4,122361.0862,0.0,754.7292999999997,145.85889999999998,0.0,,0.0,0.0,0.0,0.0,0.0,0.0,0.0025,1674.4503,1907.9839500000003,0.0,1.0,739.2959999999995,77.8445500000001,0.0,0.0,1.0,0.0,0.0,1.0,0.0,0,0,0.9908854166666666,0.7366948522338879,0.0,510.0,1.0,0.0,1.0,0,0,6,0.25036494377162627,512,2291.6457510785563,8.766340157468294,2300.412091236024,41.426550328845764,3.011429186611773,44.437979515457535,0.0,0.0,0.0,0.0,0,0,0.0,0.0,0.0,1.0,1.0,0.0,0.0,0.0,0.0,0.5,0.25,0.0,-1279.8593999999987,0.0,54,2560.0,2189.970800000001,910.9052999999998,897.1694999999992,0.0,0.0,0.0,0.0,0.0,7,539.3169,2560.0,2189.970800000001,897.1694999999992,274.0,0.0,0.0,0.015,6.947240441176465,7.501438794726957,6.550129843749993,2.3530106870229024,5.170310520800168,8.76744469884595,1062.0,1088.0,531.0,2046.6666666666667,1524.0,204.0,130,0,0,1,49,36.0,2048.0,83809.22919999996,7914.9220000000005,20008.0433,761,7,0,128,0.42730051911920763,0.7366948522338879,0.4055087492076219,0,10262.374499999998,7558.597599999994,49,0,640.0,0,0,0,0.0,0,0.0,3.843022695786436e6,0.0,0,0,0,1.5,0,0.0,0,0,0.0,0,0.0,0,0,4192.083099999995,256.0,8415.1245,4,703.1372,703.091,3.940417105678094,5120.0,51.015625,1.1891426009114583,6,0,0.0,0,134.66819995774108,2612.0,67,4.392507030234084,0,0,6,0.0,0.0,0.0,0.0,0.0,0.0,0.0,0.0,0,0,0,0,130,0.0,6,6,18724.282900000002,3072,3877.1736,3877.1736,630.6219999999998,3547.6123584463403,1320.0400260766978,2227.5723323696425,359.9316,343.2056,19130.8044,17613.8069,0.7435298101337,384,110333.35272956402,128,3.732689343056868e6,4,0.0,4,0.0,2,539.3169,1674.4503,51.1805583329411,4737.443,0,0,531,531,"EB best SuMSy village, full money stock",sumsy,6,-5.820766091346741e-11
27,512,4,4,122722.64490000009,0.0,948.2632000000002,289.4282999999999,0.0,,0.0,0.0,0.0,0.0,0.0,0.0,0.0025,1958.026,1950.7117500000004,0.0,0.9932721834900026,779.4789000000005,0.0,0.0,0.0,0.9932721834900026,0.0,0.0,0.9932721834900026,0.0,0,0,0.9908854166666666,0.73722092855798,0.0,510.0,2.0,0.0,0.9932721834900026,0,0,6,0.25014281857428555,512,2209.38778760934,7.769691244543835,2217.157478853884,39.11030465933701,2.758376236353688,41.8686808956907,0.0,0.0,0.0,0.0,0,0,0.0,0.0,0.0,0.9932721834900026,0.9932721834900026,0.0,0.0,0.0,0.0,0.5,0.25,0.0,-1286.9286999999997,0.0,56,2560.0,2198.4413000000013,1905.7421000000002,1087.1655000000005,0.0,0.0,0.0,0.0,0.0,5,536.9508000000001,2560.0,2198.4413000000013,1087.1655000000005,274.0,0.0,0.0,0.015,7.37603845446182,7.951185794392517,6.875019062500003,2.4674363636363603,5.448092021866828,8.861608079585663,1070.0,1087.0,535.0,2046.6666666666665,1532.0,204.0,129,0,0,0,55,44.0,2048.0,82000.24680000005,8633.9228,20954.7937,761,7,0,128,0.44187894361351177,0.73722092855798,0.41922048699049363,0,10834.21680000001,8017.753799999998,55,0,640.0,0,0,0,0.0,0,0.0,3.9051490145616764e6,0.0,0,0,0,1.5,0,0.0,0,0,0.0,0,0.0,0,0,4400.012200000002,256.0,8638.7048,4,688.8651,688.8474000000003,4.065612902398309,5120.0,51.015625,1.232280322265625,4,0,0.0,0,63.27177913614471,2612.0,67,4.619358679669797,0,0,6,0.0,0.0,0.0,0.0,0.0,0.0,0.0,0.0,0,0,0,0,129,0.0,6,6,19631.568399999996,3072,3877.1736,3877.1736,693.4557,3451.897515451349,1268.1940510897484,2183.7034643616007,348.5354,340.3297,13423.693500000008,18595.8529,0.7440469907955631,384,110815.15014328522,128,3.7943338644183883e6,4,0.0,4,0.0,2,536.9508000000001,1958.026,54.25139183291756,4814.949699999999,0,0,535,535,"EB best SuMSy village, full money stock",sumsy,6,-5.820766091346741e-11
28,512,4,4,123076.10540000003,0.0,1219.485,347.4635,0.0,,0.0,0.0,0.0,0.0,0.0,0.0,0.0025,2182.7045,2006.3081000000002,0.0,0.8312490724347479,827.5922000000005,0.0,0.0,0.0,0.8312490724347479,0.0,0.0,0.8312490724347479,0.0,0,0,0.9908854166666666,0.7382065895652015,0.0,1041.0,1.0,0.0,0.8312490724347479,0,0,6,0.25006550790462045,512,2182.332055252417,7.033461550723499,2189.3655168031405,36.69002194279421,2.4633488551516325,39.15337079794585,0.0,0.0,0.0,0.0,0,0,0.0,0.0,0.0,0.8312490724347479,0.8312490724347479,0.0,0.0,0.0,0.0,0.5,0.25,0.0,-1296.4117999999996,0.0,60,2560.0,2206.5395,2365.6943,1081.3867000000012,0.0,0.0,0.0,0.0,0.0,0,537.2904,2560.0,2206.5395,1081.3867000000012,274.0,0.0,0.0,0.015,7.830597009345799,8.35069888888889,7.2304321874999955,2.6341127579737376,5.710941708554226,8.949677114920853,1080.0,1070.0,540.0,2048.0,1542.0,204.0,126,0,0,0,62,28.0,2048.0,80161.85440000003,9376.1985,21862.846,761,7,0,128,0.45425271006065415,0.7382065895652015,0.4232230647736752,1,11432.598699999997,8378.738800000005,62,0,640.0,0,0,0,0.0,0,0.0,4.093911023667897e6,0.0,0,0,0,1.5,0,0.0,0,0,0.0,0,0.0,0,0,4627.476599999997,256.0,8955.2116,4,660.2638000000001,660.2931000000027,3.9876885601529986,5120.0,51.015625,1.2953853971354168,3,0,0.0,0,41.319668468004046,2612.0,67,4.830181477864583,0,0,6,0.0,0.0,0.0,0.0,0.0,0.0,0.0,0.0,0,0,0,0,126,0.0,6,6,20664.846700000002,3072,3877.1736,3877.1736,767.9608,3671.7884001002008,1291.783692257583,2380.004707842618,342.1403,318.12350000000004,13821.672199999997,19529.409399999997,0.7450155370461375,384,109317.39261870678,128,3.9845936310491934e6,4,0.0,4,0.0,2,537.2904,2182.7045,57.50647534289262,5066.2075,0,0,540,540,"EB best SuMSy village, full money stock",sumsy,6,-5.820766091346741e-11
29,512,4,4,123422.5376000001,0.0,1786.2415000000008,655.3627999999999,0.0,,0.0,0.0,0.0,0.0,0.0,0.0,0.0025,2179.0249,2076.0136250000005,0.0,0.7368172624253075,878.5923000000006,0.0,0.0,0.0,0.7368172624253075,0.0,0.0,0.7368172624253075,0.0,0,0,0.9908854166666666,0.7385849462930691,0.0,509.0,1.0,0.0,0.7368172624253075,0,0,6,0.25018896447467875,512,2071.6142275863112,6.5778982974352225,2078.1921258837465,33.84428361747252,2.3745315941821685,36.218815211654686,0.0,0.0,0.0,0.0,0,0,0.0,0.0,0.0,0.7368172624253075,0.7368172624253075,0.0,0.0,0.0,0.0,0.5,0.25,0.0,-1308.6058999999982,0.0,61,2560.0,2213.567799999998,1484.8567999999996,906.7709999999997,0.0,0.0,0.0,0.0,0.0,0,539.9902,2560.0,2213.567799999998,906.7709999999997,274.0,0.0,0.0,0.015,8.266624183006545,8.841661694290933,7.597900156250003,2.8041580223880613,5.98266956359729,9.142160559096116,1086.0,1071.0,543.0,2048.0,1548.0,204.0,124,0,0,3,50,28.0,2048.0,78113.29309999992,10157.8198,23061.801900000002,761,7,0,128,0.45883528935476625,0.7385849462930691,0.3942490901865803,2,12030.229600000002,8853.55450000001,50,0,640.0,0,0,0,0.0,0,0.0,4.1263920661796136e6,0.0,0,0,0,1.5,0,0.0,0,0,0.0,0,0.0,0,0,4862.656100000002,256.0,9370.6077,4,676.1092000000001,676.1010999999929,3.836436750638366,5120.0,51.015625,1.3327844694010416,3,0,0.0,0,54.21511548951207,2612.0,67,4.819131510954434,0,0,6,0.0,0.0,0.0,0.0,0.0,0.0,0.0,0.0,0,0,0,0,124,0.0,6,6,21870.6893,3072,3877.1736,3877.1736,855.1046999999999,3597.5124679385144,1310.1407446868184,2287.371723251696,353.4416,322.6676,14248.4547,20719.5401,0.7453863589927707,384,106583.19141429376,128,4.019808874765318e6,4,0.0,4,0.0,2,539.9902,2179.0249,60.95686386346618,5115.5942,0,0,543,543,"EB best SuMSy village, full money stock",sumsy,6,-5.820766091346741e-11
30,512,4,4,123760.21059999993,0.0,2227.5918999999994,559.3983,0.0,,0.0,0.0,0.0,0.0,0.0,0.0,0.0025,2028.5437,2158.8797000000004,0.0,0.8557444545999111,927.5165999999999,43.44533333333349,0.0,0.0,0.8557444545999111,0.0,0.0,0.8557444545999111,0.0,0,0,0.9908854166666666,0.7390194364581395,0.0,1034.0,1.0,0.0,0.8557444545999111,0,0,6,0.25025157992190955,512,1973.5210626032087,5.732100475727356,1979.253163078936,31.743252554666,1.9444965917361192,33.687749146402126,0.0,0.0,0.0,0.0,0,0,0.0,0.0,0.0,0.8557444545999111,0.8557444545999111,0.0,0.0,0.0,0.0,0.5,0.25,0.0,-1326.4681999999966,0.0,62,2560.0,2222.327,1459.8729000000003,807.5008999999992,0.0,0.0,0.0,0.0,0.0,0,544.8822,2560.0,2222.327,807.5008999999992,274.0,0.0,0.0,0.015,8.735028388278375,9.283034018691568,7.9693696875,2.95610284090909,6.300745604873813,9.474394069094298,1070.0,1092.0,535.0,2044.0000000000002,1532.0000000000002,204.0,128,0,0,1,59,38.0,2048.0,76032.7796,10944.322,24385.2778,761,7,0,128,0.46648729370761965,0.7390194364581395,0.3961597462658777,5,12521.399999999996,9538.650999999985,60,1,640.0,0,0,0,0.0,0,0.0,4.1449694497616086e6,0.0,0,0,0,1.5,0,0.0,0,0,0.0,0,0.0,0,0,5100.3966,256.0,9824.4053,4,753.8364,753.8223999999935,3.9173286673701457,5120.0,51.015625,1.3797500390624997,2,0,0.0,0,70.35871167453986,2612.0,67,5.134708171726754,0,0,6,0.0,0.0,0.0,0.0,0.0,0.0,0.0,0.0,0,0,0,0,128,0.0,6,6,23092.433599999997,3072,3877.1736,3877.1736,930.0805000000001,3158.536275506491,1204.2459791322235,1954.2902963742677,388.9809,364.8555,14421.947100000003,22061.5715,0.7458111782856514,384,106564.7515100387,128,4.0384046982515743e6,4,0.0,4,0.0,2,544.8822,2028.5437,64.61427569527416,5137.7972,0,0,535,535,"EB best SuMSy village, full money stock",sumsy,6,-5.820766091346741e-11
31,512,4,4,124088.77580000002,0.0,2844.527499999999,758.0174000000001,0.0,,0.0,0.0,0.0,0.0,0.0,0.0,0.0025,1963.7688,2254.29815,0.0,1.0,980.0720999999992,96.84311666666667,0.0,0.0,1.0,0.0,0.0,1.0,0.0,0,0,0.9908854166666666,0.7395068188309046,0.0,506.0,0.0,0.0,1.0,0,0,6,0.2502590779039071,512,1874.8574353291306,5.069633880676308,1879.9270692098069,29.997686160665495,1.559759008221334,31.557445168886833,0.0,0.0,0.0,0.0,0,0,0.0,0.0,0.0,1.0,1.0,0.0,0.0,0.0,0.0,0.5,0.25,0.0,-1348.1488341463385,0.0,64,2560.0,2231.434799999998,1043.3274000000001,942.940600000001,0.0,0.0,0.0,0.0,0.0,6,548.7495,2560.0,2231.434799999998,942.940600000001,274.0,0.0,0.0,0.015,9.253540639698961,9.841555637707952,8.358702968750002,3.1074556179775294,6.622296773638699,9.851713164436257,1082.0,1063.0,541.0,2046.6666666666667,1544.0,204.0,125,0,0,1,50,28.0,2048.0,73956.37690000006,11786.271600000002,25546.646399999998,761,7,0,128,0.47575860963330907,0.7395068188309046,0.3994425431671269,9,13232.110999999992,9836.513699999996,50,0,640.0,0,0,0,0.0,0,0.0,4.152034321447782e6,0.0,0,0,0,1.5,0,0.0,0,0,0.0,0,0.0,0,0,5349.569900000001,256.0,10286.962599999999,4,751.6906,751.6742999999925,4.169941824471977,5120.0,51.015625,1.4150650553385413,4,0,0.0,0,56.53376177898903,2612.0,67,5.330007496371073,0,0,6,0.0,0.0,0.0,0.0,0.0,0.0,0.0,0.0,0,0,0,0,125,0.0,6,6,24387.060699999998,3072,3877.1736,3877.1736,1078.7444999999998,3427.226075049633,1258.715986421501,2168.510088628132,395.9461,355.7445,14517.857,23232.819900000002,0.7462874209996879,384,107663.82314740629,128,4.0443704983003736e6,4,0.0,4,0.0,2,548.7495,1963.7688,68.49113223699061,5137.7972,0,0,541,541,"EB best SuMSy village, full money stock",sumsy,6,-5.820766091346741e-11
32,512,4,4,124409.24590000007,0.0,3501.6962000000008,818.2986999999997,0.0,,0.0,0.0,0.0,0.0,0.0,0.0,0.0025,2006.1723,2361.7079750000003,0.0,1.0,1038.2478,118.51189166666677,0.0,0.0,1.0,0.0,0.0,1.0,0.0,0,0,0.9895833333333334,0.7395979159199488,0.0,1028.0,0.0,0.0,1.0,0,0,6,0.2500059067469051,512,1783.8776014983002,4.751436204107115,1788.6290377024072,30.583376850813945,1.416359394312084,31.999736245126027,0.0,0.0,0.0,0.0,0,0,0.0,0.0,0.0,1.0,1.0,0.0,0.0,0.0,0.0,0.5,0.25,0.0,-1373.9470341463373,0.0,73,2560.0,2239.5299000000023,3537.5433,1106.7266000000002,0.0,0.0,0.0,0.0,0.0,25,552.1698,2560.0,2239.5299000000023,1106.7266000000002,274.0,0.0,18.8244,0.015,9.743390645463034,10.430815111940282,8.776114531249991,3.2790750000000006,6.962399213238256,10.210511667119793,1072.0,1069.0,536.0,2046.6666666666667,1534.0,204.0,128,1,1,3,46,32.0,2047.0,74940.6882000001,9382.697,26754.628999999997,760,8,0,128,0.494692919575096,0.7395979159199488,0.39537778439960203,10,13736.82399999999,10415.684599999982,46,0,640.0,0,0,1,0.0,0,0.0,4.174458122502031e6,0.0,0,0,0,1.5,0,0.0,0,0,0.0,0,0.0,0,0,5616.713299999994,256.0,10772.889599999999,4,793.7144999999999,793.7067000000025,4.930666233790059,5120.0,51.015625,1.4547883333333333,6,0,0.0,0,292.93691783110717,2612.0,67,5.640397061836787,0,0,6,0.0,0.0,0.0,0.0,0.0,0.0,0.0,0.0,0,0,0,0,128,0.0,6,6,22430.296800000004,3072,3877.1736,3877.1736,1174.0013000000001,6475.920715080247,4388.794022859447,2087.1266922208,422.6643,371.0502,17595.260699999995,24479.9188,0.7463763024482752,384,116801.97736460554,128,4.057656145137426e6,4,0.0,4,0.0,2,552.1698,2006.1723,72.60060017121005,5137.7972,0,0,536,536,"EB best SuMSy village, full money stock",sumsy,6,-5.820766091346741e-11
33,512,4,4,124718.83029999989,0.0,4595.672600000001,1293.7477000000003,0.0,,0.0,0.0,0.0,0.0,0.0,0.0,0.0025,1998.6945,2480.6922500000005,0.0,1.0,1093.210500000001,160.66591666666682,0.0,0.0,1.0,0.0,0.0,1.0,0.0,0,0,0.9895833333333334,0.7398183179058331,0.0,1019.0,0.0,0.0,1.0,0,0,6,0.25036494377162627,512,1691.9996371617208,3.933738011756473,1695.9333751734775,27.638216006407518,1.1508934938559965,28.78910950026351,0.0,0.0,0.0,0.0,0,0,0.0,0.0,0.0,1.0,1.0,0.0,0.0,0.0,0.0,0.5,0.25,0.0,-1405.783440537043,0.0,83,2560.0,2250.4155999999975,4766.97,1112.0481999999984,0.0,0.0,0.0,0.0,0.0,21,557.1432,2560.0,2250.4155999999975,1112.0481999999984,274.0,0.0,1.6178,0.015,10.116615625000003,10.723015601503793,9.179754003139717,3.4665980916030534,7.302329069128517,10.653946941432329,1064.0,1088.0,532.0,2043.0,1525.0,204.0,130,1,1,4,57,45.0,2047.0,72396.18740000001,10248.2652,28267.3968,760,8,0,128,0.4883621575323618,0.7398183179058331,0.4027825080787615,20,14326.058399999994,11006.877800000004,57,0,637.0,0,0,1,0.0,0,0.0,4.1691854310518713e6,0.0,0,0,0,1.5,0,0.0,0,0,0.0,0,0.0,0,0,5847.503299999999,255.0,11251.143200000002,4,850.551,850.5527999999977,4.797182612365577,5120.0,51.015625,1.5031009440104166,4,0,0.0,0,213.70520410775987,2612.0,67,5.979550909787277,0,0,6,0.0,0.0,0.0,0.0,0.0,0.0,0.0,0.0,0,0,0,0,130,0.0,6,6,23821.7601,3072,3877.1736,3877.1736,1295.3552000000002,6164.677860074493,4268.202122164128,1896.4757379103644,442.2131,408.3379,16962.091899999996,25945.0451,0.746591455413192,384,114843.21626779233,128,4.0543422147840764e6,4,0.0,4,0.0,2,557.1432,1998.6945,76.95663618148265,5137.7972,0,0,532,532,"EB best SuMSy village, full money stock",sumsy,6,-5.820766091346741e-11
34,512,4,4,125022.7246,0.0,5425.4971000000005,1085.2409,0.0,,0.0,0.0,0.0,0.0,0.0,0.0,0.0025,1954.0652,2607.3380000000006,0.0,1.0,1135.0866000000005,217.75760000000022,0.0,0.0,1.0,0.0,0.0,1.0,0.0,0,0,0.98828125,0.7397028648564044,0.0,487.0,0.0,0.0,1.0,0,0,6,0.250938331829775,512,1631.3440319665854,3.858889866684082,1635.2029218332696,28.51934972271003,1.0631478195690816,29.58249754227911,0.0,0.0,0.0,0.0,0,0,0.0,0.0,0.0,1.0,1.0,0.0,0.0,0.0,0.0,0.5,0.25,0.0,-1447.8000210961768,0.0,92,2560.0,2256.1057000000005,1972.6145000000001,1115.5207999999993,0.0,0.0,0.0,0.0,0.0,31,565.0696,2560.0,2256.1057000000005,1115.5207999999993,274.0,0.0,0.0,0.015,10.593673795761076,11.376435381750502,9.423933333333347,3.5918189393939426,7.629897345501,12.140149541119689,1074.0,1038.0,537.0,2041.6666666666667,1517.0,204.0,131,5,5,9,44,34.0,2043.0,73959.1435,8049.6028,29173.3202,759,9,0,128,0.5060236550965425,0.7397028648564044,0.4337356017545735,20,14812.562000000018,10996.233399999997,46,2,591.0,0,0,5,0.0,0,0.0,4.174004094181393e6,0.0,0,0,0,1.5,0,0.0,0,0,0.0,0,0.0,0,0,5569.544600000007,237.0,11321.5233,4,864.2644,864.2357999999922,4.967749712935938,5120.0,51.015625,1.5278976692708335,5,0,0.0,0,154.16237054700494,2612.0,67,6.13506214656577,0,0,6,0.0,0.0,0.0,0.0,0.0,0.0,0.0,0.0,0,0,0,0,131,0.0,6,6,21856.6829,3072,3877.1736,3877.1736,1406.0517999999995,9770.600013532749,7473.795318710378,2296.8046948223714,458.321,405.9434,19156.566899999994,26687.7634,0.7464771730822859,384,117313.31737992313,128,4.056690776801469e6,4,0.0,4,0.0,2,565.0696,1954.0652,81.57403435237161,5137.7972,0,0,537,537,"EB best SuMSy village, full money stock",sumsy,6,-5.820766091346741e-11
35,512,4,4,125317.07359999984,0.0,6458.2221,1328.4988000000005,0.0,,0.0,0.0,0.0,0.0,0.0,0.0,0.0025,1862.9442,2741.2805750000007,0.0,1.0,1188.6111000000005,292.7787916666669,0.0,0.0,1.0,0.0,0.0,1.0,0.0,0,0,0.98828125,0.7400385406070695,0.0,995.0,0.0,0.0,1.0,0,0,6,0.25006713230184896,512,1555.3841413948999,3.4015949856016436,1558.7857363805015,26.437194694321438,0.8311633621317472,27.26835805645318,0.0,0.0,0.0,0.0,0,0,0.0,0.0,0.0,1.0,1.0,0.0,0.0,0.0,0.0,0.5,0.25,0.0,-1496.1787445197585,0.0,99,2560.0,2265.651,2595.0564,1121.0475999999999,0.0,0.0,0.0,0.0,0.0,38,573.6046,2560.0,2265.651,1121.0475999999999,274.0,0.0,0.0,0.015,10.97041738712775,11.824745714285676,9.542124448529416,3.7626718992248014,7.729866033390585,13.371205200821068,1050.0,1041.0,525.0,2031.0000000000005,1474.0,204.0,141,8,6,6,46,23.0,2039.0,72127.53310000018,9129.0837,30301.9405,759,9,0,128,0.508956741991945,0.7400385406070695,0.4306078793860839,27,14711.548899999987,11420.204499999987,46,0,544.0,0,0,8,0.0,0,0.0,4.1672417722805995e6,0.0,0,0,0,1.5,0,0.0,0,0,0.0,0,0.0,0,0,5190.915700000002,218.0,11321.9675,4,924.007,924.0393999999964,4.765506021504083,5120.0,51.015625,1.5580516634114583,3,0,0.0,0,49.44601384358301,2612.0,67,6.39783416686218,0,0,6,0.0,0.0,0.0,0.0,0.0,0.0,0.0,0.0,0,0,0,0,141,0.0,6,6,23157.934699999998,3072,3877.1736,3877.1736,1376.2071,9089.025310519377,6992.087248782111,2096.938061737266,493.4332,430.5738,18525.577600000008,27595.057,0.7468048450159253,384,114358.5117189839,128,4.052883260561618e6,4,0.0,4,0.0,2,573.6046,1862.9442,86.46847641351391,5137.7972,0,0,525,525,"EB best SuMSy village, full money stock",sumsy,6,-5.820766091346741e-11
36,512,4,4,125603.11749999989,0.0,8387.337499999994,2273.8071,0.0,,0.0,0.0,0.0,0.0,0.0,0.0,0.0025,1743.7115,2880.3358000000007,0.0,1.0,1224.8462000000004,378.87476666666697,0.0,0.0,1.0,0.0,0.0,1.0,0.0,0,0,0.9869791666666666,0.7409042059589055,0.0,969.0,1.0,0.0,1.0,0,0,6,0.2502471831601013,512,1570.8468998478447,3.122019548054979,1573.9689193958995,26.752473460523436,0.6762427029063743,27.42871616342981,0.0,0.0,0.0,0.0,0,0,0.0,0.0,0.0,1.0,1.0,0.0,0.0,0.0,0.0,0.5,0.25,0.0,-1552.596044519756,0.0,114,2560.0,2273.9561,3716.0190000000002,1126.5228000000002,0.0,0.0,0.0,0.0,0.0,56,582.1872000000001,2560.0,2273.9561,1126.5228000000002,274.0,0.0,20.5788,0.015,11.278961121495323,12.102832761904708,9.540938247011955,3.887119417475731,7.780921956002366,14.590519154472537,1050.0,1070.0,525.0,2031.666666666667,1456.0000000000002,203.0,144,9,6,12,57,36.0,2039.0,73182.6543,7162.2564999999995,31770.1967,758,10,0,128,0.5259955163411196,0.7409042059589055,0.4515688134099278,37,14682.722399999964,12068.488399999995,58,1,502.0,0,0,9,0.0,0,0.0,4.352981139254799e6,0.0,0,0,0,1.5,0,0.0,0,0,0.0,0,0.0,0,0,4789.551000000001,201.0,11162.1113,4,979.6286,979.5896999999882,4.912572404127456,5120.0,51.015625,1.68790732421875,3,0,0.0,0,137.14281915680596,2612.0,67,6.4050140393846,0,0,6,0.0,0.0,0.0,0.0,0.0,0.0,0.0,0.0,0,0,0,0,144,0.0,6,6,24279.9732,3072,3877.1736,3877.1736,1536.9875000000004,11184.761360706005,6607.58862883354,4577.172731872464,524.8907,454.7379,18981.3105,25814.591300000004,0.7476357628234609,384,115953.64511813372,128,4.237027494136662e6,4,0.0,4,0.0,2,582.1872000000001,1743.7115,91.65658499832475,5378.5022,0,0,525,525,"EB best SuMSy village, full money stock",sumsy,6,-5.820766091346741e-11
37,512,4,4,125881.80789999997,0.0,10208.5056,2263.6403,0.0,,0.0,0.0,0.0,0.0,0.0,0.0,0.0025,1597.6275,3017.9614,0.0,1.0,1259.2953,473.44463333333334,0.0,0.0,1.0,0.0,0.0,1.0,0.0,1,0,0.9869791666666666,0.7414112064833926,0.0,939.0,0.0,0.0,1.0,0,0,6,0.250598020913429,512,1529.205387852121,2.7518818082873953,1531.9572696604084,25.48396930563239,0.6078867812995913,26.091856086931976,0.0,0.0,0.0,0.0,0,0,0.0,0.0,0.0,1.0,1.0,0.0,0.0,0.0,0.0,0.5,0.25,0.0,-1625.736606443127,0.0,135,2560.0,2281.3096000000005,5181.620000000001,1131.5069000000003,0.0,0.0,0.0,0.0,0.0,67,593.9377999999999,2560.0,2281.3096000000005,1131.5069000000003,274.0,0.0,33.763,0.015,11.569721518987327,12.461818749999987,9.716534120171682,3.9935189189189164,7.9065161896051395,15.617776744158943,1056.0,1027.0,528.0,2024.0000000000005,1448.0,203.0,145,13,9,9,42,24.0,2035.0,72813.8246,8293.5837,32857.8275,758,10,0,128,0.5241588980673628,0.7414112064833926,0.4692419522065139,34,14875.508100000008,11882.103999999985,45,3,466.0,0,0,13,0.0,0,0.0,4.353504462444244e6,0.0,0,0,0,1.5,0,0.0,0,0,0.0,0,0.0,0,0,4527.904900000004,187.0,9725.006800000001,4,902.8591,902.8937000000087,4.9577325405026755,5120.0,51.015625,1.685400364583333,5,0,0.0,0,218.55744587590056,2612.0,67,6.527751084356854,0,0,6,0.0,0.0,0.0,0.0,0.0,0.0,0.0,0.0,0,0,0,0,145,0.0,6,6,24935.691199999997,3072,3877.1736,3877.1736,1664.2833,10460.236503880507,6131.336067794652,4328.900436085854,506.53880000000004,396.3203,18741.63370000001,25940.7268,0.7478353196804379,384,113967.45095026065,128,4.23953701149398e6,4,0.0,4,0.0,2,593.9377999999999,1597.6275,97.15598009822423,5378.5022,0,0,528,528,"EB best SuMSy village, full money stock",sumsy,6,-5.820766091346741e-11
38,512,4,4,126150.8737,0.0,13854.552300000014,4173.0226,0.0,,0.0,0.0,0.0,0.0,0.0,0.0,0.0025,1427.779,3156.0774,0.0,1.0,1291.7600000000007,576.0994666666667,0.0,0.0,1.0,0.0,0.0,1.0,0.0,1,0,0.9869791666666666,0.7420455551464782,0.0,873.0,0.0,0.0,1.0,0,0,6,0.2501516138451517,512,1484.496827496402,2.170591811850171,1486.667419308252,23.533038671219455,0.4808633373612731,24.013902008580725,0.0,0.0,0.0,0.0,0,0,0.0,0.0,0.0,1.0,1.0,0.0,0.0,0.0,0.0,0.5,0.25,0.0,-1713.006919626554,0.0,154,2560.0,2290.934200000003,4491.5716999999995,1137.6149000000005,0.0,0.0,0.0,0.0,0.0,91,606.9528,2560.0,2290.934200000003,1137.6149000000005,274.0,0.0,35.598800000000004,0.015,11.724224265402842,12.716791346153789,9.898420044052884,4.118169411764708,8.043504280024454,15.149243441834173,1040.0,1055.0,520.0,2024.3333333333335,1426.9999999999998,203.0,149,17,11,13,51,39.0,2030.0,70197.01390000008,11892.5535,33992.7708,758,10,0,128,0.527872750714486,0.7420455551464782,0.46068829686449564,45,14987.36590000002,12369.056599999998,51,0,454.0,0,0,17,0.0,0,0.0,4.336331323478483e6,0.0,0,0,0,1.5,0,0.0,0,0,0.0,0,0.0,0,0,4493.882700000009,182.0,8033.8037,4,827.797,827.8034999999973,4.4696789446121645,5120.0,51.015625,1.71040078125,6,0,0.0,0,148.09411687411145,2612.0,67,6.4526504806214895,0,0,6,0.0,0.0,0.0,0.0,0.0,0.0,0.0,0.0,0,0,0,0,149,0.0,6,6,25973.6607,3072,3877.1736,3877.1736,1583.0613000000003,6741.170976973148,4306.0346846487655,2435.136292324383,397.5097999999999,430.2872,18454.368999999995,27945.4673,0.7483061006275638,384,106633.70123823672,128,4.229697622240248e6,4,0.0,4,0.0,2,606.9528,1427.779,102.9853389041177,5378.5022,0,0,520,520,"EB best SuMSy village, full money stock",sumsy,6,-5.820766091346741e-11
39,512,4,4,126411.3391,0.0,14938.403499999999,1803.7304000000001,0.0,,0.0,0.0,0.0,0.0,0.0,0.0,0.0025,1251.4097,3288.460150000001,0.0,1.0,1309.0099000000012,714.033041666667,0.0,0.0,1.0,0.0,0.0,1.0,0.0,2,0,0.9856770833333334,0.7417205486165006,0.0,851.0,1.0,0.0,1.0,0,0,6,0.2501143118427069,512,1287.713914824067,1.660389090070887,1289.374303914138,25.979014915095377,0.3782936849039886,26.357308599999364,0.0,0.0,0.0,0.0,0,0,0.0,0.0,0.0,1.0,1.0,0.0,0.0,0.0,0.0,0.5,0.25,0.0,-1833.8543468166254,0.0,192,2560.0,2299.5346000000004,5948.9996,1144.0589000000004,0.0,0.0,0.0,0.0,0.0,102,628.8226,2560.0,2299.5346000000004,1144.0589000000004,274.0,0.0,34.358799999999995,0.015,11.800638556505213,12.874512138728322,9.97403729977118,4.178163385826774,8.120636487469806,14.694766138579148,1038.0,1053.0,519.0,2014.666666666667,1418.0,203.0,151,18,11,16,57,49.0,2030.0,73110.62059999995,8232.1636,34997.1989,757,11,0,128,0.555699153596408,0.7417205486165006,0.45512613523777157,56,14982.634999999971,12426.072399999988,59,2,437.0,0,0,18,0.0,0,0.0,3.7979000882422742e6,0.0,0,0,0,1.5,0,0.0,0,0,0.0,0,0.0,0,0,4358.654300000006,175.0,8191.1237,4,886.3770999999999,886.3471000000126,4.94895710424072,5120.0,51.015625,1.630529541015625,4,0,0.0,0,129.56172292805022,2612.0,67,6.592736879452168,0,0,6,0.0,0.0,0.0,0.0,0.0,0.0,0.0,0.0,0,0,0,0,151,0.0,6,6,27088.0537,3072,3877.1736,3877.1736,1602.8367,10703.562338115726,4018.754579595546,6684.807758520179,441.42640000000006,444.9507,18831.49520000001,24332.432500000003,0.7479372338515451,384,108721.89971541066,128,3.689178188526863e6,4,0.0,4,0.0,2,628.8226,1251.4097,109.16445923836477,4654.3079,0,0,519,519,"EB best SuMSy village, full money stock",sumsy,6,-5.820766091346741e-11
40,512,4,4,126663.31309999993,0.0,16084.986000000004,1907.9403999999997,66.1314,,66.1314,0.0,0.0,0.0,0.0,0.0,0.0025,1140.9924,3410.9473750000006,0.0,1.0,1317.5411,826.8064416666674,0.0,0.0,1.0,0.0,0.0,1.0,0.0,1,0,0.984375,0.7418119332309527,0.0,815.0,0.0,0.0,1.0,0,0,6,0.2503092436073697,512,1277.1723123763975,1.4968464701946254,1278.669158846592,27.145905128099404,0.31743596254446255,27.463341090643862,0.0,0.0,0.0,0.0,0,0,0.0,0.0,0.0,1.0,1.0,0.0,0.0,0.0,0.0,0.5,0.25,0.0,-1959.1314222021033,0.0,226,2560.0,2308.0260000000007,3739.6880000000006,1149.6728999999998,0.0,0.0,0.0,0.0,0.0,148,644.0974,2560.0,2308.0260000000007,1149.6728999999998,274.0,0.0,100.382,0.015,11.953855675146766,13.198918042226495,10.118790407673869,4.207939292730853,8.097368454620764,14.253923154421775,1042.0,1022.0,521.0,2011.0000000000002,1414.0,203.0,151,19,13,19,48,44.0,2027.0,75087.29179999988,5976.7888,35479.75170000001,756,12,0,128,0.5700509713282802,0.7418119332309527,0.47092861035369293,67,14892.071900000004,12216.840499999995,48,0,417.0,0,0,19,0.0,0,0.0,3.7922887777867345e6,0.0,0,0,0,1.5,0,0.0,0,0,0.0,0,0.0,0,0,4219.535600000003,167.0,8334.391,4,920.5921000000001,920.5573000000105,4.775443508682685,5120.0,51.015625,1.6581410709635416,6,0,0.0,0,234.88677763973837,2612.0,67,6.666757320870194,0,0,6,0.0,0.0,0.0,0.0,0.0,0.0,0.0,0.0,0,0,0,0,151,0.0,6,6,24736.3267,3072,3877.1736,3877.1736,1626.2643,13300.767466179823,7014.950700791222,6285.816765388602,479.98290000000003,440.6092,19263.092999999993,25054.604799999997,0.7480367048651304,384,106745.31016843987,128,3.685543467618294e6,4,0.0,4,0.0,2,644.0974,1074.861,115.71432679266667,4654.3079,0,0,521,521,"EB best SuMSy village, full money stock",sumsy,6,-5.820766091346741e-11
41,512,4,4,126907.37740000003,0.0,18021.046399999985,2755.8928000000014,253.21319999999997,,253.21319999999997,0.0,0.0,0.0,0.0,0.0,0.0025,1144.8462,3523.317850000001,0.0,1.0,1328.074200000001,879.8669416666675,0.0,0.0,1.0,0.0,0.0,1.0,0.0,4,0,0.9830729166666666,0.7414481921254927,0.0,756.0,0.0,0.0,1.0,0,0,6,0.2505090341002646,512,1270.3624258963935,1.2853987447993465,1271.6478246411928,26.879269547445364,0.2549981250527604,27.134267672498122,0.0,0.0,0.0,0.0,0,0,0.0,0.0,0.0,1.0,1.0,0.0,0.0,0.0,0.0,0.5,0.25,0.0,-2089.7181727577945,0.0,267,2560.0,2315.935699999999,4640.4506,1153.593599999999,0.0,0.0,0.0,0.0,0.0,173,651.3119999999999,2560.0,2315.935699999999,1153.593599999999,274.0,0.0,83.3252,0.015,12.170199498997988,13.265381250000026,10.327535024154582,4.268610821643286,8.287743232072309,13.826305459789118,1024.0,998.0,512.0,2003.666666666667,1394.0,202.0,155,25,16,23,40,33.0,2021.0,74937.86960000002,5778.178500000001,35995.279500000004,755,13,0,128,0.5825543426660877,0.7414481921254927,0.4749603832277405,71,14983.894600000001,12145.859099999992,43,3,414.0,0,0,25,0.0,0,0.0,3.8165269445582204e6,0.0,0,0,0,1.5,0,0.0,0,0,0.0,0,0.0,0,0,4275.599499999997,166.0,8399.891599999999,4,1002.7373,1002.7414000000077,5.635989914004533,5120.0,51.015625,1.74814439453125,1,0,0.0,0,63.012604396222294,2612.0,67,6.680326153162643,0,0,6,0.0,0.0,0.0,0.0,0.0,0.0,0.0,0.0,0,0,0,0,155,0.0,6,6,25808.945999999996,3072,3877.1736,3877.1736,1594.3654,13278.86481472143,6270.572749966041,7008.292064755387,548.092,454.6453,19394.876600000003,24364.403599999998,0.7476893791560204,384,118775.62478014376,128,3.6977513197780754e6,4,0.0,4,0.0,2,651.3119999999999,891.633,122.65718640022668,4654.3079,0,0,512,512,"EB best SuMSy village, full money stock",sumsy,6,-5.820766091346741e-11
42,512,4,4,127144.40060000017,0.0,19299.080099999996,2190.9595,460.4742,,460.4742,0.0,0.0,0.0,0.0,0.0,0.0025,1147.864,3629.465500000001,0.0,1.0,1352.1072000000004,920.5055666666676,0.0,0.0,1.0,0.0,0.0,1.0,0.0,4,0,0.9830729166666666,0.7418336611375576,0.0,609.0,0.0,0.0,1.0,0,0,6,0.25002648449295806,512,1246.5292970177147,1.0984395524356756,1247.6277365701503,25.18166085114234,0.2530216953351876,25.43468254647753,0.0,0.0,0.0,0.0,0,0,0.0,0.0,0.0,1.0,1.0,0.0,0.0,0.0,0.0,0.5,0.25,0.0,-2233.7019152625435,0.0,322,2560.0,2322.9768000000017,5517.344200000001,1156.9473999999989,0.0,0.0,0.0,0.0,0.0,201,662.7154,2560.0,2322.9768000000017,1156.9473999999989,274.0,0.0,44.6186,0.015,12.217120796019916,13.283713861385992,10.518983749999993,4.324473373983737,8.366933477199414,13.730384633356449,1010.0,1005.0,505.0,1993.6666666666674,1374.0000000000002,202.0,158,30,23,24,50,34.0,2016.0,73739.1256,6818.066900000001,36573.8114,755,13,0,128,0.5759731193111595,0.7418336611375576,0.4793680670086875,80,14947.38470000001,12278.206400000015,55,5,400.0,0,0,30,0.0,0,0.0,3.8120564060326004e6,0.0,0,0,0,1.5,0,0.0,0,0,0.0,0,0.0,0,0,4207.593499999997,160.0,8202.817299999999,4,1058.9252999999999,1058.8796000000088,5.508932475019506,5120.0,51.015625,1.7733190657552085,11,0,0.0,0,446.43719535485934,2612.0,67,6.6748555062945805,0,0,6,0.0,0.0,0.0,0.0,0.0,0.0,0.0,0.0,0,0,0,0,158,0.0,6,6,26649.2429,3072,3877.1736,3877.1736,1605.7494,12206.296145602468,5811.988726770136,6394.307418832332,588.0264999999999,470.8988,19403.6307,24945.452699999998,0.7480212191071862,384,115962.27405882203,128,3.6960941319737774e6,4,0.0,4,68.31940000000031,2,662.7154,687.3898,130.0166175842403,4654.3079,0,0,505,505,"EB best SuMSy village, full money stock",sumsy,6,-5.820766091346741e-11
43,512,4,4,127371.81180000014,0.0,20275.50249999999,1886.8417999999997,663.2145,,663.2145,0.0,0.0,0.0,0.0,0.0,0.0025,1153.0885,3722.0985500000015,0.0,1.0,1350.6043,962.2734416666681,0.0,0.0,1.0,0.0,0.0,1.0,0.0,2,0,0.9817708333333334,0.7419840267948596,0.0,253.0,0.0,0.0,1.0,0,0,6,0.25020956425138424,512,1246.1320097237585,1.0322172115605772,1247.1642269353192,26.137481085520545,0.15192196677080458,26.289403052291348,0.0,0.0,0.0,0.0,0,0,0.0,0.0,0.0,1.0,1.0,0.0,0.0,0.0,0.0,0.5,0.25,0.0,-2374.087643080753,0.0,380,2560.0,2332.5888000000004,4056.3671,1161.8925000000004,0.0,0.0,0.0,0.0,0.0,298,667.135,2560.0,2332.5888000000004,1161.8925000000004,274.0,0.0,2.7285999999999997,0.015,12.295387413962633,13.568479199999972,10.867192183288408,4.360603497942384,8.381745565088785,14.027257815860219,1000.0,1017.0,500.0,1986.3333333333335,1351.9999999999998,201.0,165,31,22,27,57,41.0,2011.0,75283.62230000002,5158.841799999999,36873.40930000001,754,14,0,128,0.5859712380739195,0.7419840267948596,0.4864833574181455,84,14737.798299999971,12504.408999999998,58,1,371.0,0,0,31,0.0,0,0.0,3.818775014473072e6,0.0,0,0,0,1.5,0,0.0,0,0,0.0,0,0.0,0,0,4031.7282999999993,149.0,8235.7149,4,1143.1368,1143.1056999999923,5.756826509540288,5120.0,51.015625,1.8062496484374997,4,0,0.0,0,182.86081428220635,2612.0,67,6.770599035038834,0,0,6,0.0,0.0,0.0,0.0,0.0,0.0,0.0,0.0,0,0,0,0,165,0.0,6,6,24503.202599999997,3072,3877.1736,3877.1736,1635.2296000000008,13878.268476774725,7989.815938387363,5888.452538387362,618.2709,524.8659,19632.5133,25764.763400000003,0.7480362720240417,384,119377.07078896371,128,3.6993979436841123e6,4,0.0,4,516.2549000000017,2,667.135,489.874,137.81761463929473,4654.3079,0,0,500,500,"EB best SuMSy village, full money stock",sumsy,6,-5.820766091346741e-11
44,511,4,4,127600.29469999977,0.0,22333.24309999999,3183.581399999999,869.3831,,869.3831,0.0,0.0,0.0,0.0,0.0,0.0025,1151.9606,3802.350875000001,0.0,1.0,1359.2570999999996,1011.6148583333342,0.0,0.0,1.0,0.0,0.0,1.0,0.0,1,0,0.9817708333333334,0.7416510554452829,0.0,501.0,0.0,0.0,1.0,0,0,6,0.25327760460422655,512,1235.5970631790767,1.2350130163756843,1236.8320761954524,25.04732955697749,0.26291455207331044,25.3102441090508,0.0,0.0,0.0,0.0,0,0,0.0,0.0,0.0,1.0,1.0,0.0,0.0,0.0,0.0,0.5,0.25,0.0,-2531.6159809106816,39.8209,441,2560.0,2331.5171000000028,5121.755499999999,1161.1598000000013,0.0,0.0,0.0,0.0,0.0,233,678.3969999999999,2560.0,2331.5171000000028,1161.1598000000013,274.0,0.0,50.1798,0.015,12.29883462749212,13.708716962524589,11.090091842105254,4.393886004056788,8.392611963925177,13.606440081384413,1014.0,953.0,507.0,1976.0000000000007,1367.0,201.0,156,46,33,32,47,23.0,1993.0,74019.53470000003,7662.797200000001,36274.8036,754,14,0,128,0.5811791268444664,0.7416510554452829,0.47763105327099753,78,14947.268300000003,11720.78939999999,52,5,380.0,0,0,46,0.0,0,0.0,3.812470772310424e6,0.0,0,0,0,1.5,0,0.0,0,0,0.0,0,0.0,0,0,4214.234899999997,152.0,7812.8016,4,943.7887,942.7091000000122,5.567589807182302,5120.0,51.015625,1.8015744661458333,2,0,0.0,0,50.75834144196645,2612.0,67,6.556374769770925,0,0,6,0.0,0.0,0.0,0.0,0.0,0.0,0.0,0.0,0,0,0,0,156,0.0,6,6,26321.577400000002,3072,3877.1736,3877.1736,1562.0788000000005,12211.04188607396,6188.617386029752,6022.424500044208,540.9513999999999,402.8373,18547.220600000004,25428.825,0.7476032322481598,383,116434.45812982575,128,3.6960363141806037e6,4,0.0,4,921.9349999999995,2,678.3969999999999,282.5775000000001,146.08667151765243,4654.3079,1,0,507,507,"EB best SuMSy village, full money stock",sumsy,6,-5.820766091346741e-11
45,511,4,4,127813.87350000006,0.0,22677.222999999984,1509.9309000000003,1063.5284,,1063.5284,0.0,0.0,0.0,0.0,0.0,0.0025,1156.7603,3865.5747250000004,0.0,1.0,1346.1058999999998,1047.6631416666673,0.0,0.0,1.0,0.0,0.0,1.0,0.0,0,0,0.9817708333333334,0.742367794544426,0.0,601.0,0.0,0.0,1.0,0,0,6,0.25037037037037035,512,1252.5234310861874,1.1895718501774528,1253.7130029363648,25.080801454329688,0.20203348901317095,25.282834943342863,0.0,0.0,0.0,0.0,0,0,0.0,0.0,0.0,1.0,1.0,0.0,0.0,0.0,0.0,0.5,0.25,0.0,-2704.350511473086,39.8209,504,2555.0,2341.421199999997,3761.4365999999986,1166.0607999999995,0.0,0.0,0.0,0.0,0.0,262,688.7198000000001,2555.0,2341.421199999997,1166.0607999999995,273.5,0.0,123.41879999999999,0.015,12.34760717171716,13.762340786749453,11.414940883977893,4.403949680170573,8.42626200455718,13.638026436569826,966.0,990.0,483.0,1955.333333333334,1312.0,199.0,166,37,16,41,42,22.0,2007.0,73625.14499999997,8700.1161,35718.528699999995,754,14,0,128,0.5894526220077272,0.742367794544426,0.48321422382756296,87,14437.028499999988,12224.131099999988,46,4,362.0,0,0,37,0.0,0,0.0,3.8452352585524237e6,0.0,0,0,0,1.5,0,0.0,0,0,0.0,0,0.0,0,0,4132.208599999997,145.0,7924.6036,4,1035.1281999999999,1033.9745999999873,6.682505165897491,5120.0,51.015625,1.8221444986979163,10,0,0.0,0,463.2796789267736,2612.0,67,6.487783476004634,0,0,6,0.0,0.0,0.0,0.0,0.0,0.0,0.0,0.0,0,0,0,0,166,0.0,6,6,26474.8288,3072,3877.1736,3877.1736,1470.3788000000002,9827.519455605869,5189.963124754908,4637.556330850961,576.5905,458.53770000000003,18906.03779999999,25868.4196,0.7481727267781064,383,127189.42034741824,128,3.718045838205007e6,4,0.0,4,2176.6059000000005,2,688.7198000000001,93.2319,154.8518718087116,4654.3079,0,0,483,483,"EB best SuMSy village, full money stock",sumsy,6,-5.820766091346741e-11
46,511,4,4,128024.99010000002,0.0,23356.268399999983,1923.3314999999993,1265.0031999999999,,1265.0031999999999,0.0,0.0,0.0,0.0,0.0,0.0025,1158.4177,3921.361850000001,0.0,1.0,1358.2351000000003,1079.9760666666675,0.0,0.0,1.0,0.0,0.0,1.0,0.0,7,0,0.98046875,0.7419429786277105,0.0,612.0,1.0,0.0,1.0,0,0,6,0.25001886300828263,512,1005.5537325909589,0.6353124551777437,1006.1890450461366,26.20925272096583,0.2042034132076389,26.41345613417347,0.0,0.0,0.0,0.0,0,0,0.0,0.0,0.0,1.0,1.0,0.0,0.0,0.0,0.0,0.5,0.25,0.0,-2881.8158855702786,39.8209,570,2555.0,2343.8834000000024,6795.116599999997,1167.4331000000002,0.0,0.0,0.0,0.0,0.0,246,695.0378000000001,2555.0,2343.8834000000024,1167.4331000000002,273.5,0.0,150.9772,0.015,12.307424473420268,13.64935000000003,11.66171081871346,4.414425155925159,8.41085899490776,14.347004498496966,992.0,997.0,496.0,1959.3333333333342,1331.0000000000002,200.0,160,42,27,38,56,33.0,2002.0,75047.5938,6650.1812,36379.2947,753,15,0,128,0.6010521429914717,0.7419429786277105,0.4855153424342442,83,14606.754699999992,12270.502200000006,65,9,342.0,0,0,42,0.0,0,0.0,3.077006880965117e6,0.0,0,0,0,1.5,0,0.0,0,0,0.0,0,0.0,0,0,3988.3051000000037,137.0,8094.4649,4,1040.9133000000002,1039.7321999999958,6.693744635902287,5120.0,51.015625,1.6453585123697918,2,0,0.0,0,79.44129779898917,2612.0,67,6.57061819523796,0,0,6,0.0,0.0,0.0,0.0,0.0,0.0,0.0,0.0,0,0,0,0,160,0.0,6,6,27463.341,3072,3877.1736,3877.1736,1443.4372,12473.296025240963,4969.549793437448,7503.746231803516,593.4808,447.43250000000006,19455.0202,23660.5998,0.7475861666854293,383,121824.98853200416,128,2.955181892433111e6,4,0.0,4,2098.009900000001,2,695.0378000000001,-106.58549999999991,164.1429841172343,3645.5991,0,0,496,496,"EB best SuMSy village, full money stock",sumsy,6,-5.820766091346741e-11
47,511,4,4,128224.7738999999,0.0,23808.76149999998,1682.5932999999993,1460.4007,,1460.4007,0.0,0.0,0.0,0.0,0.0,0.0025,1164.3889,3962.662875,0.0,1.0,1353.8151999999984,1101.1734416666668,0.0,0.0,1.0,0.0,0.0,1.0,0.0,10,0,0.9791666666666666,0.7419052843170282,0.0,489.0,2.0,0.0,1.0,0,0,6,0.2500082622777447,512,887.4374727026054,0.4117781822242768,887.8492508848298,27.429777085611835,0.1627802702896611,27.592557355901494,0.0,0.0,0.0,0.0,0,0,0.0,0.0,0.0,1.0,1.0,0.0,0.0,0.0,0.0,0.5,0.25,0.0,-3052.384744818554,39.8209,634,2555.0,2355.2161999999985,6592.2395000000015,1173.2024999999999,0.0,0.0,0.0,0.0,0.0,336,697.7134,2555.0,2355.2161999999985,1173.2024999999999,273.5,0.0,111.8903,0.015,12.285154166666683,13.65843610547664,11.891348587570624,4.419737735849059,8.456273778503446,14.071498503615885,986.0,984.0,493.0,1956.3333333333344,1329.9999999999998,200.0,161,36,23,31,44,28.0,2004.0,75962.39400000009,5186.1211,36861.9403,752,16,0,128,0.6164169386297869,0.7419052843170282,0.5080386359592131,102,14617.221800000008,12088.591700000015,49,5,354.0,0,0,36,0.0,0,0.0,2.6842481780595435e6,0.0,0,0,0,1.5,0,0.0,0,0,0.0,0,0.0,0,0,4209.537400000001,142.0,8352.216199999999,4,1155.6851,1154.393500000001,7.1720055658204105,5120.0,51.015625,1.5370416080729168,11,0,0.0,0,334.53287437045253,2612.0,67,6.58444309793439,0,0,6,0.0,0.0,0.0,0.0,0.0,0.0,0.0,0.0,0,0,0,0,161,0.0,6,6,25973.889900000002,3072,3877.1736,3877.1736,1506.4898999999998,13782.474159081889,6937.224555767194,6845.2496033146945,662.9857999999999,492.69930000000005,20469.296099999996,24426.387700000003,0.7474346578558579,383,124177.88868162318,128,2.5600702893779194e6,4,0.0,4,2028.7042000000001,2,697.7134,-296.0118,173.99156316426837,3109.8991,0,0,493,493,"EB best SuMSy village, full money stock",sumsy,6,-5.820766091346741e-11
48,511,4,4,128417.93409999997,0.0,24309.135999999984,1722.2871000000005,1647.377,,1647.377,0.0,0.0,0.0,0.0,0.0,0.0025,1167.9488,3994.292625,0.0,1.0,1351.3651999999993,1116.9004666666667,0.0,0.0,1.0,0.0,0.0,1.0,0.0,10,0,0.9778645833333334,0.741731779523412,0.0,486.0,1.0,0.0,1.0,0,0,6,0.302532239458687,512,863.0045042406476,0.39252914103801656,863.3970333816857,28.035112202718572,0.19936002383236762,28.234472226550942,0.0,0.0,0.0,0.0,0,0,0.0,0.0,0.0,1.0,1.0,0.0,0.0,0.0,0.0,0.5,0.25,0.0,-3214.502182165613,39.8209,710,2555.0,2361.839800000003,2927.4739,1176.5969000000007,0.0,0.0,0.0,0.0,0.0,400,692.9590000000001,2555.0,2361.839800000003,1176.5969000000007,273.5,0.0,81.9421,0.015,12.315348651452288,13.679585395537492,12.23974764705882,4.381753781512611,8.639227108509571,15.488283730263852,986.0,964.0,493.0,1967.0000000000007,1324.0,200.0,167,48,38,35,46,35.0,1989.0,76924.0178,4105.8272,37144.4983,751,17,0,128,0.6219435821404833,0.741731779523412,0.506015593357896,110,14763.50689999999,11871.996100000006,52,6,340.0,0,0,48,0.0,0,0.0,2.598983279690511e6,0.0,0,0,0,1.5,0,0.0,0,0,0.0,0,0.0,0,0,4161.514199999999,136.0,8382.682999999999,4,1197.3443,1196.0211999999972,7.340568296683152,5120.0,51.015625,1.526685595703125,2,0,0.0,0,63.50719505921583,2612.0,67,6.097305665465416,0,0,6,0.0,0.0,0.0,0.0,0.0,0.0,0.0,0.0,0,0,0,0,167,0.0,6,6,24578.7462,3072,3877.1736,3877.1736,1451.7468000000003,15180.140876916004,8589.074232135205,6591.0666447808,693.7794,503.5649,20192.524800000007,25054.262300000002,0.7472449258820153,383,126094.40031316338,128,2.4728888793773483e6,4,0.0,4,2059.6173,2,692.9590000000001,-479.42820000000006,184.43105695412447,2991.0338,0,0,493,493,"EB best SuMSy village, full money stock",sumsy,6,-5.820766091346741e-11
49,511,4,4,128608.08600000008,0.0,24970.27140000002,1973.4172999999998,1820.571,,1820.571,0.0,0.0,0.0,0.0,0.0,0.0025,1169.4242,4014.754500000001,0.0,1.0,1341.1428000000008,1126.167941666667,0.0,0.0,1.0,0.0,0.0,1.0,0.0,5,0,0.9778645833333334,0.7421244993793559,0.0,128.0,0.0,0.0,1.0,0,0,6,0.2500074011129081,512,866.3445471084489,0.4234921732351981,866.7680392816841,27.748244134370793,0.16362675919838135,27.911870893569176,0.0,0.0,0.0,0.0,0,0,0.0,0.0,0.0,1.0,1.0,0.0,0.0,0.0,0.0,0.5,0.25,0.0,-3385.4371571228185,39.8209,774,2555.0,2364.8480999999983,4176.854399999999,1178.0906000000007,0.0,0.0,0.0,0.0,0.0,384,698.9078,2555.0,2364.8480999999983,1178.0906000000007,273.5,0.0,81.31960000000001,0.015,12.423565549738225,13.927012761506278,12.651456980056976,4.41117071583514,8.67131873668194,15.05046830678772,956.0,955.0,478.0,1946.000000000001,1297.0000000000002,198.0,169,52,30,51,47,32.0,1985.0,76766.60480000012,5305.0671999999995,36027.9721,751,17,0,128,0.6204299656567291,0.7421244993793559,0.5046402832558774,103,14523.854500000005,11864.505100000004,53,6,351.0,0,0,52,0.0,0,0.0,2.608283019660765e6,0.0,0,0,0,1.5,0,0.0,0,0,0.0,0,0.0,0,0,4440.661399999998,141.0,8640.1099,4,1154.2977,1152.9802999999974,7.6854186732044,5120.0,51.015625,1.5383275878906248,4,0,0.0,0,90.39912432868051,2612.0,67,6.2147695767726745,0,0,6,0.0,0.0,0.0,0.0,0.0,0.0,0.0,0.0,0,0,0,0,169,0.0,6,6,24762.932000000004,3072,3877.1736,3877.1736,1559.3134,13367.01939629181,7781.53504081597,5585.484355475838,663.88,490.41769999999997,20317.877299999996,25210.2172,0.7473760586145259,383,129085.57661571293,128,2.4791974430450485e6,4,0.0,4,3515.173100000001,2,698.9078,-651.1468,195.49692037137194,2991.0338,0,0,478,478,"EB best SuMSy village, full money stock",sumsy,6,-5.820766091346741e-11
50,511,4,4,128793.4418,0.0,25602.347499999993,2002.1805,2004.0709,,2004.0709,0.0,0.0,0.0,0.0,0.0,0.0025,1172.0075,4030.0455250000005,0.0,1.0,1352.9240999999997,1131.9228583333336,0.0,0.0,1.0,0.0,0.0,1.0,0.0,10,0,0.9765625,0.7421439181009659,0.0,475.0,1.0,0.0,1.0,0,0,6,0.3102726907300712,512,809.1689088040158,0.3233036858742531,809.49221248989,28.416914341201714,0.18703457274057408,28.603948913942286,0.0,0.0,0.0,0.0,0,0,0.0,0.0,0.0,1.0,1.0,0.0,0.0,0.0,0.0,0.5,0.25,0.0,-3560.7747093222756,39.8209,857,2555.0,2369.644199999999,4574.641200000002,1180.5508999999993,0.0,0.0,0.0,0.0,0.0,399,700.2899,2555.0,2369.644199999999,1180.5508999999993,273.5,0.0,113.35660000000001,0.015,12.469387214137214,13.90453124999995,12.846843977591057,4.463917316017315,8.712043454873264,14.967696827862605,960.0,962.0,480.0,1924.6666666666677,1303.0,198.0,164,54,36,46,50,40.0,1986.0,77400.44799999997,3926.633,36808.6145,750,18,0,128,0.6288669227221566,0.7421439181009659,0.4903537945167433,108,14643.503899999992,11995.5505,54,4,357.0,0,0,54,0.0,0,0.0,2.448610332003143e6,0.0,0,0,0,1.5,0,0.0,0,0,0.0,0,0.0,0,0,4586.323300000007,143.0,8785.4489,4,1193.8845,1192.5584000000124,7.6854186732044,5120.0,51.015625,1.5271904850260416,0,0,0.0,0,0.0,2612.0,67,6.102398724521204,0,0,6,0.0,0.0,0.0,0.0,0.0,0.0,0.0,0.0,0,0,0,0,164,0.0,6,6,25624.715799999998,3072,3877.1736,3877.1736,1569.1088,15159.793350972355,7237.150405812297,7922.642945160055,669.1521,524.7324,20465.411700000008,23895.9806,0.7473227276135288,383,127544.58688309573,128,2.3210657451200485e6,4,0.0,4,3407.7519,2,700.2899,-832.0634,207.22673559365427,2782.1223,0,0,480,480,"EB best SuMSy village, full money stock",sumsy,6,-5.820766091346741e-11
51,511,4,4,128974.8806999999,0.0,25898.473600000012,1729.1018000000006,2189.9817,,2189.9817,0.0,0.0,0.0,0.0,0.0,0.0025,1173.6998,4042.272625,0.0,1.0,1357.9183,1136.313375,0.0,0.0,1.0,0.0,0.0,1.0,0.0,12,0,0.9765625,0.7421277732391405,0.0,243.0,0.0,0.0,1.0,0,0,6,0.25019024338399404,512,802.5083998501889,0.3727755100444537,802.8811753602333,28.51315839658916,0.14648816462992575,28.659646561219084,0.0,0.0,0.0,0.0,0,0,0.0,0.0,0.0,1.0,1.0,0.0,0.0,0.0,0.0,0.5,0.25,0.0,-3738.6207100753986,39.8209,941,2555.0,2373.5611000000013,6907.516799999999,1182.4203000000005,0.0,0.0,0.0,0.0,0.0,411,702.4276,2555.0,2373.5611000000013,1182.4203000000005,273.5,0.0,154.30769999999998,0.015,12.578080000000028,14.0265454926625,13.222859050445102,4.46268758169935,8.852997492334806,16.48355105995891,954.0,970.0,477.0,1931.0000000000005,1289.0,198.0,169,50,25,51,48,41.0,1990.0,76975.21840000013,5126.726699999999,36465.2759,750,18,0,128,0.633303405230941,0.7421277732391405,0.4919193408328244,106,14698.006799999986,12200.737600000028,52,4,337.0,0,0,50,0.0,0,0.0,2.4400003284632023e6,0.0,0,0,0,1.5,0,0.0,0,0,0.0,0,0.0,0,0,4456.103499999999,135.0,8531.532299999999,4,1166.0529999999999,1164.763599999991,7.442925862697663,5120.0,51.015625,1.5392797493489583,3,0,0.0,0,66.8759438900799,2612.0,67,6.137536253917811,0,0,6,0.0,0.0,0.0,0.0,0.0,0.0,0.0,0.0,0,0,0,0,169,0.0,6,6,26062.343999999997,3072,3877.1736,3877.1736,1589.0649999999998,13728.073163144421,6660.472472728547,7067.600690415875,666.7652999999999,499.2877,20676.146099999994,24061.1909,0.7471097632362487,383,124591.32889188961,128,2.315408999571316e6,4,0.0,4,4289.116900000001,2,702.4276,-1016.2818999999997,219.66033972927355,2782.1223,0,0,477,477,"EB best SuMSy village, full money stock",sumsy,6,-5.820766091346741e-11
52,511,4,4,129150.62429999997,0.0,25992.963999999996,1573.3015,2392.9540999999995,,2392.9540999999995,0.0,0.0,0.0,0.0,0.0,0.0025,1177.0465,4057.0554,0.0,1.0,1376.6722000000002,1142.072916666667,0.0,0.0,1.0,0.0,0.0,1.0,0.0,10,0,0.9739583333333334,0.7418814418460098,0.0,243.0,0.0,0.0,1.0,0,0,6,0.25032369490966955,512,797.3292506571668,0.4044089862584798,797.7336596434252,29.225618430369806,0.1273914775608382,29.353009907930645,0.0,0.0,0.0,0.0,0,0,0.0,0.0,0.0,1.0,1.0,0.0,0.0,0.0,0.0,0.5,0.25,0.0,-3914.436573986012,39.8209,1014,2555.0,2379.2563999999975,6537.383900000002,1185.4338000000014,0.0,0.0,0.0,0.0,0.0,426,701.4599000000001,2555.0,2379.2563999999975,1185.4338000000014,273.5,0.0,178.76069999999999,0.015,12.599449211356466,14.083708865979391,13.393420245398767,4.486859139784943,8.85061847619044,16.52686160941948,970.0,951.0,485.0,1930.3333333333344,1302.0000000000002,199.0,164,51,32,45,48,31.0,1991.0,78862.2603,3133.0992000000006,36844.0457,748,20,0,128,0.6368286749390812,0.7418814418460098,0.4978183343634073,116,14806.63159999999,11982.0762,52,4,326.0,0,0,51,0.0,0,0.0,2.4422300570922405e6,0.0,0,0,0,1.5,0,0.0,0,0,0.0,0,0.0,0,0,4366.254999999998,131.0,8432.7127,4,1108.8799,1107.6558999999995,7.562941825048244,5120.0,51.015625,1.6001210611979166,4,0,0.0,0,96.2432396957802,2612.0,67,6.158114737362463,0,0,6,0.0,0.0,0.0,0.0,0.0,0.0,0.0,0.0,0,0,0,0,164,0.0,6,6,25384.5805,3072,3877.1736,3877.1736,1531.5338000000002,16561.225986273712,7860.766518970898,8700.459467302815,648.0993,460.78059999999994,21042.015600000013,23025.2771,0.7468600906180316,383,127556.20830174604,128,2.3146738487904933e6,4,0.0,4,4152.5329,2,701.4599000000001,-1215.9075999999995,232.83996011302997,2782.1223,0,0,485,485,"EB best SuMSy village, full money stock",sumsy,6,-5.820766091346741e-11
53,511,4,4,129326.40370000004,0.0,26229.168000000012,1810.8741000000005,2594.9179,,2594.9179,0.0,0.0,0.0,0.0,0.0,0.0025,1177.1493,4069.789425,0.0,1.0,1379.0103000000006,1147.8727666666668,0.0,0.0,1.0,0.0,0.0,1.0,0.0,8,0,0.97265625,0.7415705966728321,0.0,240.0,0.0,0.0,1.0,0,0,6,0.2503395201448619,512,794.4118829099773,0.5832836806117954,794.9951665905892,29.50200874251512,0.15828477474988362,29.660293517265004,0.0,0.0,0.0,0.0,0,0,0.0,0.0,0.0,1.0,1.0,0.0,0.0,0.0,0.0,0.5,0.25,0.0,-4096.053455743054,39.8209,1099,2555.0,2379.2206000000006,5700.999999999999,1185.4563999999991,0.0,0.0,0.0,0.0,0.0,384,705.9567999999999,2555.0,2379.2206000000006,1185.4563999999991,273.5,0.0,100.0059,0.015,12.667938510638313,14.175000000000004,13.590505792682931,4.501057298474948,8.848681425251096,16.068832037997634,960.0,940.0,480.0,1937.6666666666674,1293.0,199.0,168,57,35,47,39,27.0,1980.0,79425.50449999998,2919.5489000000002,36663.887800000004,747,21,0,128,0.6379106424085381,0.7415705966728321,0.494436323946708,110,14696.030800000011,11907.862200000014,49,10,328.0,0,0,57,0.0,0,0.0,2.438260793576975e6,0.0,0,0,0,1.5,0,0.0,0,0,0.0,0,0.0,0,0,4457.685900000001,132.0,8434.3564,4,1117.5176999999999,1116.2091999999932,7.46239801728634,5120.0,51.015625,1.62028505859375,3,0,0.0,0,69.62577226457553,2612.0,67,6.2135275505076715,0,0,6,0.0,0.0,0.0,0.0,0.0,0.0,0.0,0.0,0,0,0,0,168,0.0,6,6,24492.8043,3072,3877.1736,3877.1736,1519.3225000000002,16627.432610185693,8588.542383502278,8038.890226683417,659.7834,457.7343,21256.4625,23524.9888,0.7464456068408629,383,127260.04736880722,128,2.3110007462081676e6,4,0.0,4,4660.200199999998,2,705.9567999999999,-1417.7685999999999,246.81035771981178,2782.1223,0,0,480,480,"EB best SuMSy village, full money stock",sumsy,6,-5.820766091346741e-11
54,511,4,4,129494.55299999984,0.0,26343.166,1637.4354999999998,2797.3086,,2797.3086,0.0,0.0,0.0,0.0,0.0,0.0025,1180.5956,4076.6476249999996,0.0,1.0,1379.5400000000006,1148.612733333333,0.0,0.0,1.0,0.0,0.0,1.0,0.0,5,0,0.97265625,0.7420052237213584,0.0,465.0,0.0,0.0,1.0,0,0,6,0.2503890024819001,512,787.3341754407716,0.5920123708651939,787.9261878116366,29.481165839635356,0.14129285630674293,29.6224586959421,0.0,0.0,0.0,0.0,0,0,0.0,0.0,0.0,1.0,1.0,0.0,0.0,0.0,0.0,0.5,0.25,0.0,-4266.633589570093,39.8209,1191,2555.0,2386.8507000000004,4630.956900000002,1189.1481999999994,0.0,0.0,0.0,0.0,0.0,476,705.7216000000001,2555.0,2386.8507000000004,1189.1481999999994,273.5,0.0,65.0027,0.015,12.679187681159426,14.209821019108308,13.577027499999994,4.53427333333333,8.930450081738968,16.584169294761455,942.0,966.0,471.0,1925.000000000001,1270.0000000000002,198.0,171,53,35,44,54,31.0,1984.0,78694.9215999999,4134.6569,36639.7215,747,21,0,128,0.6457749022239472,0.7420052237213584,0.5039386172252873,119,14581.870900000005,12248.095300000006,58,4,320.0,0,0,53,0.0,0,0.0,2.430018622566484e6,0.0,0,0,0,1.5,0,0.0,0,0,0.0,0,0.0,0,0,4344.648799999998,128.0,8138.9358,4,1136.8872,1135.6626000000156,7.2465924868990355,5120.0,51.015625,1.6518235904947913,9,0,0.0,0,201.83686012560992,2612.0,67,6.352173419448008,0,0,6,0.0,0.0,0.0,0.0,0.0,0.0,0.0,0.0,0,0,0,0,171,0.0,6,6,24626.6198,3072,3877.1736,3877.1736,1644.925,14728.523916624898,7807.307816398038,6921.21610022686,632.4630999999999,504.4241,21539.2886,24286.6944,0.7467351412118759,383,123757.57056439646,128,2.306261052002087e6,4,0.0,4,5329.056499999998,2,705.7216000000001,-1616.7129999999997,261.6189791830005,2782.1223,0,0,471,471,"EB best SuMSy village, full money stock",sumsy,6,-5.820766091346741e-11
55,511,4,4,129658.5661999998,0.0,26650.771700000034,1869.2943,2997.4757999999997,,2997.4757999999997,0.0,0.0,0.0,0.0,0.0,0.0025,1182.7198,4084.18725,0.0,1.0,1380.7627999999988,1150.48585,0.0,0.0,1.0,0.0,0.0,1.0,0.0,5,0,0.9713541666666666,0.7419713763871907,0.0,127.0,0.0,0.0,1.0,0,0,6,0.250709572697385,512,787.632268657202,0.7368052510901772,788.3690739082922,29.525477731171115,0.13108427753084276,29.656562008701957,0.0,0.0,0.0,0.0,0,0,0.0,0.0,0.0,1.0,1.0,0.0,0.0,0.0,0.0,0.5,0.25,0.0,-4436.000401784192,39.8209,1269,2555.0,2390.9867999999983,4420.8279,1191.2352999999991,0.0,0.0,0.0,0.0,0.0,494,702.5819,2555.0,2390.9867999999983,1191.2352999999991,273.5,0.0,116.76020000000003,0.015,12.701704496788002,14.283540956340985,14.03069350649351,4.52986710239652,8.8368014036897,16.5641664529047,962.0,934.0,481.0,1931.6666666666677,1286.0,198.0,167,53,35,42,35,20.0,1985.0,79225.3544999999,3826.6139000000003,36770.864799999996,746,22,0,128,0.6431009849150968,0.7419713763871907,0.4883742516607752,114,14631.337900000011,11863.391999999994,39,4,308.0,0,0,53,0.0,0,0.0,2.4306692491040532e6,0.0,0,0,0,1.5,0,0.0,0,0,0.0,0,0.0,0,0,4321.453600000001,124.0,7950.4313,4,1056.9507999999998,1055.7495999999883,7.318424713603732,5120.0,51.015625,1.7081194238281248,3,0,0.0,0,78.3398195651119,2612.0,67,6.284733673041035,0,0,6,0.0,0.0,0.0,0.0,0.0,0.0,0.0,0.0,0,0,0,0,167,0.0,6,6,25521.088,3072,3877.1736,3877.1736,1650.5784999999998,15972.078984254342,7427.90512909727,8544.17385515707,615.475,441.47580000000005,21527.974600000005,23026.822,0.7466612642750183,383,125094.77325607612,128,2.305574475847978e6,4,0.0,4,5178.755799999999,2,702.5819,-1814.7559999999996,277.31611793398054,2782.1223,0,0,481,481,"EB best SuMSy village, full money stock",sumsy,6,-5.820766091346741e-11
56,511,4,4,129818.564,0.0,26569.912799999995,1549.3613000000003,3197.9695,,3197.9695,0.0,0.0,0.0,0.0,0.0,0.0025,1184.8696,4090.1763499999997,0.0,1.0,1383.213500000001,1151.084375,0.0,0.0,1.0,0.0,0.0,1.0,0.0,2,0,0.9700520833333334,0.7409349834711167,0.0,465.0,0.0,0.0,1.0,0,0,6,0.25000445085367373,512,771.5964992122952,0.9351642288901783,772.5316634411853,30.011485597466404,0.13119923566085476,30.142684833127262,0.0,0.0,0.0,0.0,0,0,0.0,0.0,0.0,1.0,1.0,0.0,0.0,0.0,0.0,0.5,0.25,0.0,-4609.942207491098,39.8209,1375,2555.0,2395.0021999999994,7036.6459,1193.2911000000029,0.0,0.0,0.0,0.0,0.0,490,700.4699,2555.0,2395.0021999999994,1193.2911000000029,273.5,0.0,176.6829,0.015,12.728558544303796,14.442257505285395,14.13629558359622,4.537394222222214,8.869168462712878,16.0951812050742,946.0,948.0,473.0,1935.000000000001,1273.0,198.0,170,58,42,44,46,28.0,1980.0,79533.49160000004,3839.964,36303.8076,745,23,0,128,0.6466068998136845,0.7409349834711167,0.49665806418391334,121,14513.071399999992,12066.673499999999,48,2,317.0,0,0,58,0.0,0,0.0,2.400472489372111e6,0.0,0,0,0,1.5,0,0.0,0,0,0.0,0,0.0,0,0,4481.205700000002,127.0,8255.961299999999,4,1084.6735,1083.4151999999933,6.372902637680025,5120.0,51.015625,1.7339215722656247,8,0,0.0,0,216.21484405972126,2612.0,67,6.542665918649842,0,0,6,0.0,0.0,0.0,0.0,0.0,0.0,0.0,0.0,0,0,0,0,170,0.0,6,6,24787.427,3072,3877.1736,3877.1736,1644.9166000000002,15265.755105587214,7803.593707827304,7462.161397759909,629.4304000000001,455.24309999999997,21314.222900000015,23612.3059,0.7455229505865753,383,115912.80551769794,128,2.2845596838544123e6,4,0.0,4,5927.577900000001,2,700.4699,-2013.0999000000002,293.9550850100194,2782.1223,0,0,473,473,"EB best SuMSy village, full money stock",sumsy,6,-5.820766091346741e-11
57,511,4,4,129973.69669999985,0.0,26455.4741,1494.1304000000007,3399.2389000000003,,3399.2389000000003,0.0,0.0,0.0,0.0,0.0,0.0025,1186.8854,4100.184625,0.0,1.0,1386.1389999999994,1154.6242999999995,0.0,0.0,1.0,0.0,0.0,1.0,0.0,1,0,0.9700520833333334,0.7407256618155549,0.0,574.0,0.0,0.0,1.0,0,0,6,0.2500145843461351,512,763.7892822147115,1.035865810673164,764.8251480253847,29.64563964493758,0.1367258926731011,29.78236553761068,0.0,0.0,0.0,0.0,0,0,0.0,0.0,0.0,1.0,1.0,0.0,0.0,0.0,0.0,0.5,0.25,0.0,-4777.670209678615,39.8209,1481,2555.0,2399.8673000000026,5699.555599999999,1195.5847000000003,0.0,0.0,0.0,0.0,0.0,518,699.3707999999999,2555.0,2399.8673000000026,1195.5847000000003,273.5,0.0,201.41530000000003,0.015,12.767885240641716,14.272183155650305,14.400878864353297,4.553930717488784,8.897385790889125,16.249968213544893,938.0,935.0,469.0,1926.666666666668,1265.0,198.0,172,61,43,47,45,29.0,1973.0,78455.75939999991,5055.1411,36437.0809,745,23,0,128,0.6504868589847574,0.7407256618155549,0.5116612640856686,127,14487.830800000014,11937.972700000004,47,2,317.0,0,0,61,0.0,0,0.0,2.3871120442701676e6,0.0,0,0,0,1.5,0,0.0,0,0,0.0,0,0.0,0,0,4565.078599999995,127.0,8139.459100000001,4,1086.1823,1084.9560999999962,5.973939514206134,5120.0,51.015625,1.7598345638020831,5,0,0.0,0,135.34964624246294,2612.0,67,6.528533344737529,0,0,6,0.0,0.0,0.0,0.0,0.0,0.0,0.0,0.0,0,0,0,0,172,0.0,6,6,25400.951599999997,3072,3877.1736,3877.1736,1790.5705000000003,13955.684312471069,7149.641592879239,6806.042719591827,630.5228999999999,455.6594,21469.44949999999,24230.729500000005,0.7452209553270379,383,111113.94528178588,128,2.2759980989883766e6,4,0.0,4,6127.995999999997,2,699.3707999999999,-2212.3535,311.59239011062056,2782.1223,0,0,469,469,"EB best SuMSy village, full money stock",sumsy,6,-5.820766091346741e-11
58,511,4,4,130125.47520000029,0.0,26362.29000000002,1513.3457999999994,3595.7515000000003,,3595.7515000000003,0.0,0.0,0.0,0.0,0.0,0.0025,1188.676,4106.47535,0.0,1.0,1383.3980000000006,1155.7324083333328,0.0,0.0,1.0,0.0,0.0,1.0,0.0,3,0,0.96875,0.740389386052893,0.0,129.0,1.0,0.0,1.0,0,0,6,0.25000085424428425,512,711.4316140636457,0.9135579871433376,712.3451720507891,30.03334389431129,0.13437866492468464,30.167722559235976,0.0,0.0,0.0,0.0,0,0,0.0,0.0,0.0,1.0,1.0,0.0,0.0,0.0,0.0,0.5,0.25,0.0,-4940.344040663803,39.8209,1583,2555.0,2403.2215000000015,5953.986,1197.2992000000008,0.0,0.0,0.0,0.0,0.0,539,693.8023000000001,2555.0,2403.2215000000015,1197.2992000000008,273.5,0.0,215.70139999999998,0.015,12.797890928495194,14.452318843683113,14.815040404040397,4.56464627539504,8.973818476429882,17.348668611409128,934.0,937.0,467.0,1916.3333333333342,1252.0,197.0,171,60,44,50,55,27.0,1972.0,78777.29980000007,4604.3667000000005,36524.3762,744,24,0,128,0.6560114298485884,0.740389386052893,0.507580835649897,128,14451.975199999975,11991.623799999998,58,3,297.0,0,0,60,0.0,0,0.0,2.224485200616257e6,0.0,0,0,0,1.5,0,0.0,0,0,0.0,0,0.0,0,0,4400.066999999998,119.0,8336.9542,4,1178.9495000000002,1177.6334999999947,5.9031979284047935,5120.0,51.015625,1.7419435091145832,7,0,0.0,0,263.93702983902057,2612.0,67,6.592675896535841,0,0,6,0.0,0.0,0.0,0.0,0.0,0.0,0.0,0.0,0,0,0,0,171,0.0,6,6,26212.810300000005,3072,3877.1736,3877.1736,1767.8663000000004,14240.927728237453,6461.015288881294,7779.91243935616,675.7336,503.21590000000003,21392.073400000005,23252.8868,0.7447228376338237,383,109335.54465664717,128,2.115149655959612e6,4,0.0,4,6330.1196,2,693.8023000000001,-2407.0755000000004,330.2879335172578,2572.2116,0,0,467,467,"EB best SuMSy village, full money stock",sumsy,6,-5.820766091346741e-11
59,511,4,4,130270.54080000016,0.0,28664.3824,3815.8062999999993,3793.7284,,3793.7284,0.0,0.0,0.0,0.0,0.0,0.0025,1191.3287,4114.684775000001,0.0,1.0,1386.6529000000005,1158.0529916666665,0.0,0.0,1.0,0.0,0.0,1.0,0.0,11,0,0.9674479166666666,0.7409712473595653,0.0,574.0,2.0,0.0,1.0,0,0,6,0.25008429495238355,512,570.7625646888955,0.32449613302019364,571.0870608219157,29.72274893925313,0.13154710409725542,29.854296043350384,0.0,0.0,0.0,0.0,0,0,0.0,0.0,0.0,1.0,1.0,0.0,0.0,0.0,0.0,0.5,0.25,0.0,-5100.427164596481,39.8209,1696,2555.0,2409.9343999999965,8339.241899999997,1200.420099999999,0.0,0.0,0.0,0.0,0.0,542,691.8290999999999,2555.0,2409.9343999999965,1200.420099999999,273.5,0.0,150.25589999999997,0.015,12.786540150699661,14.505905756929659,15.333686597938172,4.5826409909909955,9.076614871426719,18.266228454587818,938.0,929.0,469.0,1911.0000000000016,1254.0000000000005,197.0,172,56,37,54,43,19.0,1982.0,77919.57500000016,6603.9317,36797.712700000004,743,25,0,128,0.6595147606637091,0.7409712473595653,0.5084705706902186,137,14625.763999999988,11878.695799999985,48,5,291.0,0,0,56,0.0,0,0.0,1.7551952146585144e6,0.0,0,0,0,1.5,0,0.0,0,0,0.0,0,0.0,0,0,4462.102800000008,117.0,7066.1636,4,1012.1193999999999,1011.0876999999925,6.490521438437066,5120.0,51.015625,1.5140563476562499,10,0,0.0,0,327.9526464568555,2612.0,67,6.324042538370173,0,0,6,0.0,0.0,0.0,0.0,0.0,0.0,0.0,0.0,0,0,0,0,172,0.0,6,6,25339.8158,3072,3877.1736,3877.1736,1807.7217999999998,12641.419505177322,6501.500150036569,6139.919355140753,542.3848,469.7346,21641.486599999993,25127.9922,0.7444505942680919,383,109435.48720556375,128,1.6457597274529494e6,4,0.0,4,6263.310200000001,2,691.8290999999999,-2602.3997,350.10520952829324,1930.0088,0,0,469,469,"EB best SuMSy village, full money stock",sumsy,6,-5.820766091346741e-11
60,511,4,4,130411.57289999964,0.0,28914.345800000025,1864.5491999999995,3994.8545,,3994.8545,0.0,0.0,0.0,0.0,0.0,0.0025,1193.7349,4124.957175000001,0.0,1.0,1392.4548000000002,1161.9349916666674,0.0,0.0,1.0,0.0,0.0,1.0,0.0,7,0,0.9661458333333334,0.7404193705292064,0.0,349.0,0.0,0.0,1.0,0,0,6,0.2500188361190173,512,568.4951349471685,0.3500139660203918,568.8451489131888,30.342604934711776,0.11495360012997599,30.457558534841752,0.0,0.0,0.0,0.0,0,0,0.0,0.0,0.0,1.0,1.0,0.0,0.0,0.0,0.0,0.5,0.25,0.0,-5277.524417012181,39.8209,1801,2555.0,2413.967900000001,6180.579400000003,1202.567300000001,0.0,0.0,0.0,0.0,0.0,574,701.6956,2555.0,2413.967900000001,1202.567300000001,273.5,0.0,256.33359999999993,0.015,12.855497136797453,14.506534541577803,15.630330999999991,4.594775620767494,9.060803382944787,17.718241600950183,938.0,943.0,469.0,1917.000000000001,1258.0000000000002,198.0,173,68,46,53,48,37.0,1968.0,78657.15899999977,4986.2438,37149.1007,742,26,0,128,0.6623410183697225,0.7404193705292064,0.5077389065209628,135,14626.329900000002,12122.733799999998,51,3,300.0,0,0,68,0.0,0,0.0,1.7500350860371734e6,0.0,0,0,0,1.5,0,0.0,0,0,0.0,0,0.0,0,0,4689.099299999997,120.0,7723.6389,4,1090.1339,1088.970599999999,6.304887398957068,5120.0,51.015625,1.5186182877604166,7,0,0.0,0,183.88260453352603,2612.0,67,6.497851563661702,0,0,6,0.0,0.0,0.0,0.0,0.0,0.0,0.0,0.0,0,0,0,0,173,0.0,6,6,26684.4738,3072,3877.1736,3877.1736,1734.1543,14387.533238974811,5971.995383004488,8415.537855970324,608.692,481.44190000000003,21527.2639,23174.5096,0.7439581854601149,383,107988.79904290463,128,1.642046286994268e6,4,0.0,4,6156.628300000001,2,701.6956,-2801.1196,371.11152209999085,1930.0088,0,0,469,469,"EB best SuMSy village, full money stock",sumsy,6,-5.820766091346741e-11
61,511,4,4,130553.49019999985,0.0,28763.849200000015,1535.6906,4186.9423,,4186.9423,0.0,0.0,0.0,0.0,0.0,0.0025,1193.3718,4136.12715,0.0,1.0,1385.8226999999997,1167.4975999999997,0.0,0.0,1.0,0.0,0.0,1.0,0.0,8,0,0.96484375,0.7397612438552188,0.0,341.0,2.0,0.0,1.0,0,0,6,0.2500078889700511,512,569.556948676515,0.6291803374290216,570.1861290139441,30.064921308846863,0.12143763557785661,30.18635894442472,0.0,0.0,0.0,0.0,0,0,0.0,0.0,0.0,1.0,1.0,0.0,0.0,0.0,0.0,0.5,0.25,0.0,-5461.873826820288,39.8209,1909,2555.0,2413.0827000000027,7066.3692,1202.1515000000015,0.0,0.0,0.0,0.0,0.0,543,705.8106,2555.0,2413.0827000000027,1202.1515000000015,273.5,0.0,229.36940000000007,0.015,12.875869513513509,14.545260691144737,16.21917755102042,4.606105963302755,9.18584210253364,18.474266748378856,926.0,925.0,463.0,1904.6666666666679,1242.0,196.0,174,74,51,43,51,34.0,1959.0,78452.40129999992,4400.7229,37475.1615,741,27,0,128,0.6573400963540117,0.7397612438552188,0.509185951229638,126,14617.419000000009,11910.179299999996,56,5,294.0,0,0,74,0.0,0,0.0,1.7604478349078128e6,0.0,0,0,0,1.5,0,0.0,0,0,0.0,0,0.0,0,0,4768.438200000003,118.0,8326.0221,4,1252.6412,1251.2535000000084,6.624634525858537,5120.0,51.015625,1.5533370963541664,5,0,0.0,0,151.9750817244967,2612.0,67,6.535687128111353,0,0,6,0.0,0.0,0.0,0.0,0.0,0.0,0.0,0.0,0,0,0,0,174,0.0,6,6,26139.1859,3072,3877.1736,3877.1736,1756.8823000000002,14631.637520116652,7093.596186583747,7538.041333532904,714.1301,538.5111,20417.2916,24062.7206,0.7433952649655544,383,112620.73998213079,128,1.647827094925681e6,4,0.0,4,5973.980299999998,2,705.8106,-2993.5705,393.37821342599034,1931.1422,0,0,463,463,"EB best SuMSy village, full money stock",sumsy,6,-5.820766091346741e-11
62,510,4,4,130689.65380000015,0.0,28416.43070000002,1329.7174,4374.5069,,4374.5069,0.0,0.0,0.0,0.0,0.0,0.0025,1195.9061,4143.130225000001,0.0,1.0,1380.9364000000007,1169.2913083333333,0.0,0.0,1.0,0.0,0.0,1.0,0.0,7,0,0.96484375,0.7383924366891927,0.0,235.0,0.0,0.0,1.0,0,0,6,0.2500317615670923,512,558.614914248265,0.6557904481678202,559.2707046964329,29.745466334160135,0.10744928252996458,29.852915616690098,0.0,0.0,0.0,0.0,0,0,0.0,0.0,0.0,1.0,1.0,0.0,0.0,0.0,0.0,0.5,0.25,0.0,-5642.960229233262,60.10060000000001,2006,2555.0,2418.836399999999,5465.012799999999,1204.9137999999998,0.0,0.0,0.0,0.0,0.0,543,707.6544,2555.0,2418.836399999999,1204.9137999999998,273.5,0.0,259.03599999999994,0.015,12.954107592190882,14.54953749999997,16.43403264604811,4.603159725400458,9.266076815881112,19.114105142192837,928.0,922.0,464.0,1907.333333333334,1239.9999999999998,195.0,174,64,39,54,39,29.0,1968.0,77432.99659999998,5772.1505,37207.415199999996,741,27,0,128,0.6568179842693203,0.7383924366891927,0.5106994371861922,126,14728.634099999996,11943.687199999993,48,9,291.0,0,0,64,0.0,0,0.0,1.739674233792043e6,0.0,0,0,0,1.5,0,0.0,0,0,0.0,0,0.0,0,0,4782.3035,117.0,8373.530999999999,4,1192.3822000000002,1189.725099999995,5.984203939077095,5120.0,51.015625,1.5751533463541667,8,0,0.0,0,231.8728701618845,2612.0,67,6.554544735595421,0,0,6,0.0,0.0,0.0,0.0,0.0,0.0,0.0,0.0,0,0,0,0,174,0.0,6,6,26717.5351,3072,3877.1736,3877.1736,1714.5901999999999,13626.174079844335,6536.55875382213,7089.6153260222045,693.6054999999999,498.7767,20399.887300000006,24635.561599999997,0.741921141282474,382,106123.50336475862,128,1.6335507304272836e6,4,0.0,4,6405.693400000001,2,707.6544,-3178.6008,416.9809062315498,1931.1422,1,0,464,464,"EB best SuMSy village, full money stock",sumsy,6,-5.820766091346741e-11
63,510,4,4,130820.87930000004,0.0,29793.38270000001,3060.362600000001,4575.0524000000005,,4575.0524000000005,0.0,0.0,0.0,0.0,0.0,0.0025,1195.7503,4152.7635500000015,0.0,1.0,1396.4516000000008,1173.8970166666672,0.0,0.0,1.0,0.0,0.0,1.0,0.0,7,0,0.9635416666666666,0.7392707860414858,0.0,234.0,0.0,0.0,1.0,0,0,6,0.25,512,563.9459851310113,0.6469269313854352,564.5929120623967,30.162374015701065,0.10851520547090647,30.270889221171974,0.0,0.0,0.0,0.0,0,0,0.0,0.0,0.0,1.0,1.0,0.0,0.0,0.0,0.0,0.5,0.25,0.0,-5822.467795358276,60.10060000000001,2113,2550.0,2418.7744999999986,7281.828200000002,1204.8415999999993,0.0,0.0,0.0,0.0,0.0,516,707.5065999999999,2550.0,2418.7744999999986,1204.8415999999993,273.0,0.0,241.7468999999999,0.015,13.036619073275869,14.736317494600515,16.63195352112676,4.641174252873566,9.209028593245712,18.984893007789662,926.0,928.0,463.0,1904.3333333333344,1238.0,195.99999999999997,173,74,54,43,46,42.0,1955.0,77845.7628,6146.5695,37238.7687,740,28,0,128,0.6569671370934087,0.7392707860414858,0.5153523400388711,126,14627.619599999995,12097.982500000006,56,10,284.0,0,0,74,0.0,0,0.0,1.7555046065252302e6,0.0,0,0,0,1.5,0,0.0,0,0,0.0,0,0.0,0,0,4723.4748,114.0,7686.5214,4,1118.166,1115.8157000000017,6.564741778330345,5120.0,51.015625,1.6063123795572913,7,0,0.0,0,222.24059105757738,2612.0,67,6.308700007413459,0,0,6,0.0,0.0,0.0,0.0,0.0,0.0,0.0,0.0,0,0,0,0,173,0.0,6,6,24302.963000000003,3072,3877.1736,3877.1736,1769.4259000000004,13200.601994819073,8177.139432731973,5023.4625620871,593.6436,524.5224000000001,20352.4525,26768.8966,0.7425810019161403,382,111603.3713531572,128,1.6439012351720727e6,4,0.0,4,6652.7773,2,707.5065999999999,-3379.302100000001,441.9997606054428,1931.1422,0,0,463,463,"EB best SuMSy village, full money stock",sumsy,6,-5.820766091346741e-11
64,510,4,4,130952.24830000004,0.0,29605.268300000003,1575.6387,4777.4813,,4777.4813,0.0,0.0,0.0,0.0,0.0,0.0025,1196.1281,4158.140300000001,0.0,1.0,1398.1791999999998,1175.7317583333338,0.0,0.0,1.0,0.0,0.0,1.0,0.0,8,0,0.9622395833333334,0.7385475485349597,0.0,443.0,0.0,0.0,1.0,0,0,6,0.2501333333333334,512,559.4349584896806,0.705295930479706,560.1402544201603,30.417866999805977,0.151016313800142,30.56888331360612,0.0,0.0,0.0,0.0,0,0,0.0,0.0,0.0,1.0,1.0,0.0,0.0,0.0,0.0,0.5,0.25,0.0,-6009.100364163113,60.10060000000001,2218,2550.0,2418.6309999999985,6824.101800000002,1204.9197,0.0,0.0,0.0,0.0,0.0,512,712.496,2550.0,2418.6309999999985,1204.9197,273.0,0.0,126.3081,0.015,13.087286111111109,14.6333057017544,16.853630916030536,4.683681967213117,9.405316745421915,21.352129379945236,912.0,900.0,456.0,1904.3333333333344,1214.0,195.0,181,72,43,49,29,28.0,1954.0,79115.20940000011,4244.4447,37682.426999999996,739,29,0,128,0.6541154625890402,0.7385475485349597,0.5157401589785409,119,14602.291399999987,11778.557499999997,33,4,262.0,0,0,72,0.0,0,0.0,1.75417726477315e6,0.0,0,0,0,1.5,0,0.0,0,0,0.0,0,0.0,0,0,4415.6513,105.0,8001.543100000001,4,1270.6704,1267.9057000000028,6.478389869985706,5120.0,51.015625,1.595235022786458,10,0,0.0,0,319.90093549887456,2612.0,67,6.409938258890699,0,0,6,0.0,0.0,0.0,0.0,0.0,0.0,0.0,0.0,0,0,0,0,181,0.0,6,6,25591.984699999997,3072,3877.1736,3877.1736,1723.5250999999996,14801.558555534582,7361.885346745586,7439.673208788996,706.7679,563.9025,20404.759699999995,24336.430099999998,0.7419611130681072,382,111976.70610774384,128,1.6422005586654043e6,4,0.0,4,6338.056800000003,2,712.496,-3581.3532000000005,468.5197462417694,1931.1422,0,0,456,456,"EB best SuMSy village, full money stock",sumsy,6,-5.820766091346741e-11
65,510,4,4,131084.83349999992,0.0,29410.4544,1618.3453000000002,4984.963400000001,,4984.963400000001,0.0,0.0,0.0,0.0,0.0,0.0025,1195.6441,4164.290275,0.0,1.0,1403.6101999999996,1178.4184166666664,0.0,0.0,1.0,0.0,0.0,1.0,0.0,6,0,0.9609375,0.7381039151846736,0.0,229.0,0.0,0.0,1.0,0,0,6,0.2500703906303408,512,557.0351615716507,0.6579835187423264,557.693145090393,30.300940776091995,0.15616728059591742,30.457108056687915,0.0,0.0,0.0,0.0,0,0,0.0,0.0,0.0,1.0,1.0,0.0,0.0,0.0,0.0,0.5,0.25,0.0,-6203.06220458775,60.10060000000001,2297,2550.0,2417.414799999999,5260.6021,1204.3523000000002,0.0,0.0,0.0,0.0,0.0,430,718.8182999999999,2550.0,2417.414799999999,1204.3523000000002,273.0,0.0,164.9361,0.015,13.163542734122705,14.69223877995638,17.286218045112783,4.705170163170164,9.435900874590835,20.87545004900927,918.0,929.0,459.0,1899.0000000000005,1222.0,195.0,174,67,50,38,45,30.0,1962.0,79473.66359999999,3902.3280000000004,37613.7406,738,30,0,128,0.6514452449056467,0.7381039151846736,0.5031323204567391,120,14729.976699999977,12228.931199999994,48,3,266.0,0,0,67,0.0,0,0.0,1.7530516084434595e6,0.0,0,0,0,1.5,0,0.0,0,0,0.0,0,0.0,0,0,4598.134,107.0,8180.638899999999,4,1231.977,1229.3583999999973,6.478389869985706,5120.0,51.015625,1.6310376106770832,0,0,0.0,0,0.0,2612.0,67,6.556055231234393,0,0,6,0.0,0.0,0.0,0.0,0.0,0.0,0.0,0.0,0,0,0,0,174,0.0,6,6,26352.592,3072,3877.1736,3877.1736,1860.6508,15541.98710423274,6920.616711718172,8621.37039251457,685.2529999999999,546.7239999999999,20230.852000000003,23344.115499999996,0.7414464746706118,382,112963.20867805633,128,1.6400883997654044e6,4,0.0,4,6780.262300000001,2,718.8182999999999,-3789.3193000000006,496.63093101627555,1931.1422,0,0,459,459,"EB best SuMSy village, full money stock",sumsy,6,-5.820766091346741e-11
66,509,4,4,131215.9028999999,0.0,29750.33719999999,2108.6638000000007,5208.349300000001,,5208.349300000001,0.0,0.0,0.0,0.0,0.0,0.0025,1196.3311,4174.162775,0.0,1.0,1419.0300000000004,1183.4428583333324,0.0,0.0,1.0,0.0,0.0,1.0,0.0,5,0,0.9596354166666666,0.7377496288867982,0.0,231.0,2.0,0.0,1.0,0,0,6,0.25030190374985084,512,560.857996897107,0.6912811440483945,561.5492780411554,30.32017338346229,0.1729506397509052,30.493124023213195,0.0,0.0,0.0,0.0,0,0,0.0,0.0,0.0,1.0,1.0,0.0,0.0,0.0,0.0,0.5,0.25,0.0,-6386.1095190738,60.10060000000001,2388,2550.0,2418.930600000001,7562.8019,1205.0868999999998,0.0,0.0,0.0,0.0,0.0,469,715.9654,2550.0,2418.930600000001,1205.0868999999998,273.0,0.0,151.65229999999997,0.015,13.19113104540658,14.7563516198704,17.713638549618317,4.688347453703702,9.405041800980575,20.7226255272335,926.0,947.0,463.0,1916.0000000000005,1227.6666666666667,196.0,178,62,34,43,40,30.0,1968.0,79210.84420000004,3642.1034999999997,38107.6264,737,31,0,128,0.6471670576842952,0.7377496288867982,0.5140985657289447,112,14764.600500000013,12492.001100000032,43,3,262.0,0,0,62,0.0,0,0.0,1.7665845595561345e6,0.0,0,0,0,1.5,0,0.0,0,0,0.0,0,0.0,0,0,4640.973299999999,105.0,8343.032299999999,4,1266.4614,1262.2311999999959,6.974494500919412,5120.0,51.015625,1.6632968001302084,13,0,0.0,0,357.38670495426345,2612.0,67,6.610227573589598,0,0,6,0.0,0.0,0.0,0.0,0.0,0.0,0.0,0.0,0,0,0,0,178,0.0,6,6,25901.6713,3072,3877.1736,3877.1736,1939.7398999999998,15999.84417145003,7943.648142281656,8056.196029168374,716.5751,549.8863,19797.287400000005,24191.0909,0.7410768845077456,381,118671.99123851281,128,1.6479125683176217e6,4,0.0,4,6842.118400000001,2,715.9654,-4012.0182000000004,526.4287868772522,1930.0088,1,0,463,463,"EB best SuMSy village, full money stock",sumsy,6,-5.820766091346741e-11
67,509,4,4,131335.6212000001,0.0,29862.57999999997,1850.8305000000005,5434.0227,,5434.0227,0.0,0.0,0.0,0.0,0.0,0.0025,1198.883,4184.4732,0.0,1.0,1422.0045000000005,1188.0641999999998,0.0,0.0,1.0,0.0,0.0,1.0,0.0,5,0,0.9596354166666666,0.7374502413164676,0.0,231.0,0.0,0.0,1.0,0,0,6,0.2500510455326151,512,559.7970815606543,0.7893109702630408,560.5863925309174,29.22533453121164,0.1305102970660001,29.35584482827764,0.0,0.0,0.0,0.0,0,0,0.0,0.0,0.0,1.0,1.0,0.0,0.0,0.0,0.0,0.5,0.25,0.0,-6570.048529453095,60.10060000000001,2466,2545.0,2425.2817000000014,7093.103899999999,1208.0550000000017,0.0,0.0,0.0,0.0,0.0,493,713.1153999999999,2545.0,2425.2817000000014,1208.0550000000017,272.5,0.0,113.54660000000001,0.015,13.199062486938343,14.758836075949361,18.05872685950414,4.714418058690745,9.475793424533265,22.73999812319946,948.0,957.0,474.0,1920.0000000000005,1243.0,196.0,173,55,32,47,51,29.0,1978.0,77877.39540000011,5047.6569,38723.4636,737,31,0,128,0.6440431420778527,0.7374502413164676,0.5203595137757961,113,15073.301400000011,12631.502799999995,56,5,242.0,0,0,55,0.0,0,0.0,1.7664967747613722e6,0.0,0,0,0,1.5,0,0.0,0,0,0.0,0,0.0,0,0,4370.211900000002,97.0,7775.1069,4,1204.2518999999998,1200.2166999999997,6.9974576077984425,5120.0,51.015625,1.6885233789062501,4,0,0.0,0,154.26594299284568,2612.0,67,6.797075203900879,0,0,6,0.0,0.0,0.0,0.0,0.0,0.0,0.0,0.0,0,0,0,0,173,0.0,6,6,26741.2039,3072,3877.1736,3877.1736,1976.9237,14993.142620161043,7430.1994278445745,7562.943192316468,690.7270000000001,513.5249,19692.624300000003,24805.0235,0.7406918002053875,381,119643.63823788236,128,1.6468531365234903e6,4,0.0,4,6683.037399999999,2,713.1153999999999,-4235.139700000001,558.0145140898873,1930.0088,0,0,474,474,"EB best SuMSy village, full money stock",sumsy,6,-5.820766091346741e-11
68,509,4,4,131452.2797,0.0,31353.164000000015,3232.631700000001,5665.2563,,5665.2563,0.0,0.0,0.0,0.0,0.0,0.0025,1200.1414,4196.198975000001,0.0,1.0,1430.1166000000007,1194.1117000000004,0.0,0.0,1.0,0.0,0.0,1.0,0.0,6,0,0.9583333333333334,0.7367427994900166,0.0,224.0,0.0,0.0,1.0,0,0,6,0.25015261419132434,512,554.8533941012486,0.9148512992744277,555.7682454005229,28.42200623307513,0.13894272622051893,28.56094895929565,0.0,0.0,0.0,0.0,0,0,0.0,0.0,0.0,1.0,1.0,0.0,0.0,0.0,0.0,0.5,0.25,0.0,-6753.883152822318,60.10060000000001,2539,2545.0,2428.341500000001,8475.293,1209.4936999999993,0.0,0.0,0.0,0.0,0.0,480,713.0489,2545.0,2428.341500000001,1209.4936999999993,272.5,0.0,133.9807,0.015,13.284388347457618,15.036082217573195,18.78820350194554,4.722486547085199,9.528599751292877,22.057798179503475,956.0,944.0,478.0,1923.0000000000011,1258.0,197.0,170,56,38,41,42,30.0,1972.0,76828.47929999988,5996.3896,38649.2775,736,32,0,128,0.6370389872852418,0.7367427994900166,0.5134253508743494,120,15320.73549999998,12540.462599999992,53,11,257.0,0,0,56,0.0,0,0.0,1.7572283499277837e6,0.0,0,0,0,1.5,0,0.0,0,0,0.0,0,0.0,0,0,4828.568300000004,103.0,8064.942999999999,4,1163.8379,1159.8680999999856,6.71911479315606,5120.0,51.015625,1.7172542024739583,8,0,0.0,0,241.90183899894885,2612.0,67,6.840490057216573,0,0,6,0.0,0.0,0.0,0.0,0.0,0.0,0.0,0.0,0,0,0,0,170,0.0,6,6,27184.0033,3072,3877.1736,3877.1736,1982.2872,14481.42019861553,7332.294067921288,7149.12613069424,679.9718,483.86609999999996,19163.116499999986,25526.606800000005,0.7399525456569538,381,117657.76135009018,128,1.6395705885776957e6,4,0.0,4,6892.281300000001,2,713.0489,-4465.1149000000005,591.4953849352805,1930.0088,0,0,478,478,"EB best SuMSy village, full money stock",sumsy,6,-5.820766091346741e-11
69,509,4,4,131564.3393999999,0.0,31400.75259999998,1831.5298999999995,5904.4805,,5904.4805,0.0,0.0,0.0,0.0,0.0,0.0025,1202.9241,4209.505625000001,0.0,1.0,1439.365599999999,1200.691041666667,0.0,0.0,1.0,0.0,0.0,1.0,0.0,6,0,0.9557291666666666,0.736628697304075,0.0,105.0,1.0,0.0,1.0,0,0,6,0.250160171896043,512,552.162659459767,0.9350626924394644,553.0977221522065,28.755320465375746,0.1337986580069756,28.88911912338272,0.0,0.0,0.0,0.0,0,0,0.0,0.0,0.0,1.0,1.0,0.0,0.0,0.0,0.0,0.5,0.25,0.0,-6946.280119793936,60.10060000000001,2628,2545.0,2432.9402999999975,7194.6276000000025,1211.9549999999997,0.0,0.0,0.0,0.0,0.0,508,716.9071,2545.0,2432.9402999999975,1211.9549999999997,272.5,0.0,174.91119999999998,0.015,13.377775991649271,15.026049893842933,19.480991566265065,4.760772082379861,9.524804269116052,21.492596818444017,942.0,958.0,471.0,1923.6666666666677,1244.0000000000002,197.0,176,59,40,45,52,43.0,1970.0,78120.52259999998,4031.0827,39051.8174,734,34,0,128,0.6402190894253028,0.736628697304075,0.536754182857887,130,15127.53830000003,12815.909400000002,60,8,249.0,0,0,59,0.0,0,0.0,1.7569254094664105e6,0.0,0,0,0,1.5,0,0.0,0,0,0.0,0,0.0,0,0,4850.766900000001,103.0,8441.085500000001,4,1255.9373999999998,1251.8514000000082,6.857212670409024,5120.0,51.015625,1.7710839713541666,10,0,0.0,0,338.99764718634714,2612.0,67,7.022300623130282,0,0,6,0.0,0.0,0.0,0.0,0.0,0.0,0.0,0.0,0,0,0,0,176,0.0,6,6,26358.4067,3072,3877.1736,3877.1736,1950.3472000000002,16105.702239608217,8180.372399251676,7925.329840356542,702.5358,553.4015999999999,19116.0021,25165.5789,0.739828412019041,381,120028.93106528917,128,1.6368964784011224e6,4,0.0,4,6976.8225999999995,2,716.9071,-4701.5563999999995,626.9851080313974,1925.82205,0,0,471,471,"EB best SuMSy village, full money stock",sumsy,6,-5.820766091346741e-11
70,509,4,4,131677.23500000013,0.0,30997.402599999983,1452.2971000000002,6151.0378,,6151.0378,0.0,0.0,0.0,0.0,0.0,0.0025,1202.511,4226.026475000001,0.0,1.0,1449.4814000000001,1210.6560083333336,0.0,0.0,1.0,0.0,0.0,1.0,0.0,4,0,0.9544270833333334,0.7359571682195414,0.0,23.0,1.0,0.0,1.0,0,0,6,0.25070078755172476,512,546.6199708999186,1.0542081231343434,547.674179023053,28.444644431935657,0.11550639122792482,28.560150823163585,0.0,0.0,0.0,0.0,0,0,0.0,0.0,0.0,1.0,1.0,0.0,0.0,0.0,0.0,0.5,0.25,0.0,-7142.25858734578,60.10060000000001,2717,2545.0,2432.104399999999,4332.8295,1211.538799999999,0.0,0.0,0.0,0.0,0.0,450,719.9427000000001,2545.0,2432.104399999999,1211.538799999999,272.5,0.0,246.99029999999996,0.015,13.448549017467265,15.06070550847456,19.733918726591764,4.781764073226549,9.609743534795,21.105229783808568,944.0,916.0,472.0,1916.3333333333342,1251.0,197.0,172,69,40,60,40,41.0,1958.0,77382.37070000009,3743.3223000000003,39321.6137,733,35,0,128,0.6401335894495463,0.7359571682195414,0.5157520948801082,118,15328.030699999985,12318.870900000014,47,7,267.0,0,0,69,0.0,0,0.0,1.753351680835941e6,0.0,0,0,0,1.5,0,0.0,0,0,0.0,0,0.0,0,0,5268.956300000001,108.0,9307.4746,4,1364.2615,1359.5795999999966,6.747919103272884,5120.0,51.015625,1.8143469156901044,11,0,0.0,0,415.27234940176413,2612.0,67,7.065058141792934,0,0,6,0.0,0.0,0.0,0.0,0.0,0.0,0.0,0.0,0,0,0,0,172,0.0,6,6,27955.273400000002,3072,3877.1736,3877.1736,1849.1677999999997,16692.792087405694,7484.688356859108,9208.103730546589,797.7044,566.5571,19105.90750000001,24417.137200000005,0.7392929216019601,381,119838.36547285494,128,1.6335133153630863e6,4,0.0,4,6577.643999999998,2,719.9427000000001,-4948.5268,664.6042145132814,1925.82205,0,0,472,472,"EB best SuMSy village, full money stock",sumsy,6,-5.820766091346741e-11
71,508,4,4,131787.72040000005,0.0,31186.9145,1975.0479,6390.8831,,6390.8831,0.0,0.0,0.0,0.0,0.0,0.0025,1203.4413,4239.952325000001,0.0,1.0,1442.356300000001,1218.6104333333342,0.0,0.0,1.0,0.0,0.0,1.0,0.0,3,0,0.9544270833333334,0.7355680619486318,0.0,22.0,0.0,0.0,1.0,0,0,6,0.25000088803532244,512,544.8016933342986,1.0477638369768314,545.8494571712755,27.87143871930598,0.1674926663395207,28.038931385645505,0.0,0.0,0.0,0.0,0,0,0.0,0.0,0.0,1.0,1.0,0.0,0.0,0.0,0.0,0.5,0.25,0.0,-7327.835346463432,60.10060000000001,2797,2545.0,2434.514599999995,4580.448,1212.6525999999994,0.0,0.0,0.0,0.0,0.0,479,716.9086,2545.0,2434.514599999995,1212.6525999999994,272.5,0.0,195.75050000000002,0.015,13.590089880304674,15.132307407407406,19.842288805970135,4.814476886792452,9.922997259844678,22.686800112451625,918.0,919.0,459.0,1887.0000000000014,1221.666666666667,195.0,175,65,43,40,39,31.0,1958.0,76626.93300000012,5135.8993,38822.2183,733,35,0,128,0.6331945223407291,0.7355680619486318,0.5139585647595977,118,15361.660799999976,12489.292599999995,48,9,268.0,0,0,65,0.0,0,0.0,1.7542531639055524e6,0.0,0,0,0,1.5,0,0.0,0,0,0.0,0,0.0,0,0,5317.733399999996,108.0,9282.3199,4,1389.2076,1382.9801000000048,6.83091325788144,5120.0,51.015625,1.8363479443359376,12,0,0.0,0,210.11029642450646,2612.0,68,7.2257858619778155,0,0,6,0.0,0.0,0.0,0.0,0.0,0.0,0.0,0.0,0,0,0,0,175,0.0,6,6,28282.6626,3072,3877.1736,3877.1736,1913.0268,14681.206676245672,6621.447149534868,8059.7595267108045,795.8111,593.3965000000001,19420.687600000005,24957.7749,0.7387174418887372,380,120854.36838521325,128,1.6333987955203406e6,4,0.0,4,7448.142000000002,2,716.9086,-5187.4418000000005,704.4804673840782,1925.82205,1,0,459,459,"EB best SuMSy village, full money stock",sumsy,6,-5.820766091346741e-11
72,508,4,4,131890.53419999988,0.0,31137.481800000005,1713.6457999999998,6644.9789,,6644.9789,0.0,0.0,0.0,0.0,0.0,0.0025,1204.7938,4256.222900000002,0.0,1.0,1457.5371000000007,1228.0544666666678,0.0,0.0,1.0,0.0,0.0,1.0,0.0,5,0,0.953125,0.7353676400547564,0.0,20.0,1.0,0.0,1.0,0,0,6,0.25000346860908773,512,542.6649101257965,0.9733903759090344,543.6383005017055,27.255786279304097,0.11335501939493045,27.369141298699027,0.0,0.0,0.0,0.0,0,0,0.0,0.0,0.0,1.0,1.0,0.0,0.0,0.0,0.0,0.5,0.25,0.0,-7509.565000848455,60.10060000000001,2873,2540.0,2437.1862000000024,4507.573699999997,1213.9935000000003,0.0,0.0,0.0,0.0,0.0,482,713.2099000000001,2540.0,2437.1862000000024,1213.9935000000003,272.0,0.0,261.6319,0.015,13.682815591397846,15.381518749999985,19.82197992125983,4.880562383177573,10.038577402604778,24.23368827297722,928.0,930.0,464.0,1912.333333333334,1227.0,195.0,179,56,32,53,37,25.0,1967.0,76741.8901999999,4451.3772,39453.7836,732,36,0,128,0.6277782190347723,0.7353676400547564,0.5265032249556243,112,15630.472899999993,12725.018499999996,43,6,254.0,0,0,56,0.0,0,0.0,1.7628991112497365e6,0.0,0,0,0,1.5,0,0.0,0,0,0.0,0,0.0,0,0,5034.782899999997,102.0,9325.479500000001,4,1374.2362,1367.8831999999961,6.959673357662531,5120.0,51.015625,1.871375400390625,4,0,0.0,0,232.130108816457,2612.0,68,7.27692443370291,0,0,6,0.0,0.0,0.0,0.0,0.0,0.0,0.0,0.0,0,0,0,0,179,0.0,6,6,27441.766,3072,3877.1736,3877.1736,1809.7213000000004,16226.059036322611,8336.105806059442,7889.953230263168,813.006,561.2302,20620.212299999996,25788.8743,0.7385794872964828,380,123841.92459398367,128,1.639057186655753e6,4,0.0,4,7040.483199999999,2,713.2099000000001,-5440.185100000001,746.749295427123,1932.2756,0,0,464,464,"EB best SuMSy village, full money stock",sumsy,6,-5.820766091346741e-11
73,507,4,4,131993.61539999998,0.0,31492.618499999986,2173.4702000000007,6915.1927,,6915.1927,0.0,0.0,0.0,0.0,0.0,0.0025,1204.961,4278.519125000002,0.0,1.0,1475.0076000000008,1241.8788333333343,0.0,0.0,1.0,0.0,0.0,1.0,0.0,7,0,0.9505208333333334,0.7349729687607274,0.0,19.0,2.0,0.0,1.0,0,0,6,0.2503219806657002,512,492.0231881902071,0.704124928240094,492.72731311844717,27.74565890900392,0.160836564968914,27.90649547397284,0.0,0.0,0.0,0.0,0,0,0.0,0.0,0.0,1.0,1.0,0.0,0.0,0.0,0.0,0.5,0.25,0.0,-7690.201375292985,73.59660000000002,2965,2540.0,2436.9188000000004,7635.185900000002,1213.9601000000005,0.0,0.0,0.0,0.0,0.0,476,708.5588,2540.0,2436.9188000000004,1213.9601000000005,272.0,0.0,170.63799999999995,0.015,13.857068375136324,15.551010042735054,20.268033955223874,4.882687906976745,10.178089952296832,23.72454637285169,936.0,917.0,468.0,1903.666666666668,1240.6666666666665,196.0,174,62,48,34,38,20.0,1962.0,78167.08260000011,3040.6768,39906.2285,730,38,0,128,0.6288652696187007,0.7349729687607274,0.5107892284037903,116,15908.314799999986,12706.931700000008,43,5,268.0,0,0,62,0.0,0,0.0,1.5930765156801245e6,0.0,0,0,0,1.5,0,0.0,0,0,0.0,0,0.0,0,0,5431.833099999998,108.0,8966.1077,4,1275.5187,1268.1099999999951,7.189863887915493,5120.0,51.015625,1.776445074869791,2,0,0.0,0,156.35982510400027,2612.0,68,7.121598215320712,0,0,6,0.0,0.0,0.0,0.0,0.0,0.0,0.0,0.0,0,0,0,0,174,0.0,6,6,26689.9203,3072,3877.1736,3877.1736,1778.4673,18240.458208802695,9283.05992961921,8957.398279183484,755.9945,519.5242000000001,20582.071800000005,25223.0927,0.7377264875035097,379,123559.2797496056,128,1.4695172359305178e6,4,0.0,4,6982.026899999999,2,708.5588,-5710.231699999999,791.5542531527504,1698.5431,1,0,468,468,"EB best SuMSy village, full money stock",sumsy,6,-5.820766091346741e-11
74,507,4,4,132090.97360000003,0.0,32218.233699999997,2491.3097999999995,7204.026,,7204.026,0.0,0.0,0.0,0.0,0.0,0.0025,1205.2351,4306.733600000001,0.0,1.0,1493.794299999999,1259.8155250000013,0.0,0.0,1.0,0.0,0.0,1.0,0.0,7,0,0.94921875,0.7353442872791294,0.0,19.0,1.0,0.0,1.0,0,0,6,0.2508473977826425,512,490.7430737513178,0.8116268949241648,491.55470064624194,27.073290050707303,0.1580762589973303,27.231366309704633,0.0,0.0,0.0,0.0,0,0,0.0,0.0,0.0,1.0,1.0,0.0,0.0,0.0,0.0,0.5,0.25,0.0,-7870.704916814298,73.59660000000002,3041,2535.0,2437.6417999999953,6705.066100000001,1214.2928999999995,0.0,0.0,0.0,0.0,0.0,464,713.6711,2535.0,2437.6417999999953,1214.2928999999995,271.5,0.0,160.27899999999997,0.015,14.065866596638655,15.917273260869552,20.411645907473307,4.956826128266028,10.277959440162201,23.012809981666138,920.0,952.0,460.0,1921.3333333333342,1231.0,196.0,179,65,46,36,53,33.0,1947.0,77830.16890000009,3248.1,39968.400200000004,729,39,0,128,0.6202197884975365,0.7353442872791294,0.531586774315437,109,15939.339499999998,13390.705,57,4,281.0,0,0,65,0.0,0,0.0,1.6012017883978281e6,0.0,0,0,0,1.5,0,0.0,0,0,0.0,0,0.0,0,0,5735.6725,113.0,9125.398299999999,4,1294.2891,1287.257200000011,7.5429004063725245,5120.0,51.015625,1.8326558040364584,3,0,0.0,0,240.56125027682458,2612.0,68,7.4067588845450025,0,0,6,0.0,0.0,0.0,0.0,0.0,0.0,0.0,0.0,0,0,0,0,179,0.0,6,6,27220.2139,3072,3877.1736,3877.1736,1832.4034999999997,17535.77344579754,8374.43062289877,9161.342822898769,720.1786999999999,574.1103999999999,20182.62760000001,25121.684600000004,0.7378743019643672,379,126871.28660705722,128,1.4743305017907694e6,4,0.0,4,7663.644600000001,2,713.6711,-5998.7909,839.0475083419155,1698.1307000000002,0,0,460,460,"EB best SuMSy village, full money stock",sumsy,6,-5.820766091346741e-11
75,507,4,4,132189.4614,0.0,32612.642399999982,2248.1756,7499.6185,,7499.6185,0.0,0.0,0.0,0.0,0.0,0.0025,1203.9589,4332.827600000001,0.0,1.0,1500.827599999999,1276.9162666666678,0.0,0.0,1.0,0.0,0.0,1.0,0.0,6,0,0.94921875,0.7339009697024907,0.0,16.0,0.0,0.0,1.0,0,0,6,0.25008429495238355,512,476.31865257052283,0.8175954707248427,477.13624804124765,25.42543789890077,0.16758117913383452,25.593019078034608,0.0,0.0,0.0,0.0,0,0,0.0,0.0,0.0,1.0,1.0,0.0,0.0,0.0,0.0,0.5,0.25,0.0,-8064.450778412714,73.59660000000002,3110,2535.0,2436.512200000002,7379.220900000002,1213.4895000000001,0.0,0.0,0.0,0.0,0.0,411,717.4848999999999,2535.0,2436.512200000002,1213.4895000000001,271.5,0.0,166.9737,0.015,14.194541657696456,16.01180831556498,20.578648106060598,5.0179613953488404,10.092631800425785,22.481328002106874,938.0,929.0,469.0,1905.333333333334,1240.0,194.0,170,62,38,44,44,24.0,1956.0,76051.7759,4878.5833,40627.364499999996,729,39,0,128,0.6057251850806753,0.7339009697024907,0.5096536299776786,106,15913.259000000031,13186.729200000009,49,5,264.0,0,0,62,0.0,0,0.0,1.5863721565876002e6,0.0,0,0,0,1.5,0,0.0,0,0,0.0,0,0.0,0,0,5432.763099999997,106.0,8710.2939,4,1192.407,1185.5866000000005,7.094340992625575,5120.0,51.015625,1.8582403092447917,3,0,0.0,0,213.64768545200755,2612.0,68,7.511193323005506,0,0,6,0.0,0.0,0.0,0.0,0.0,0.0,0.0,0.0,0,0,0,0,170,0.0,6,6,28446.0947,3072,3877.1736,3877.1736,1788.1047,16740.20727284066,7910.996625741901,8829.21064709876,696.5939,495.81309999999996,19318.660900000003,25770.146999999997,0.7362975560666862,379,123963.2778155415,128,1.462408878772057e6,4,0.0,4,7278.311100000003,2,717.4848999999999,-6295.659599999999,889.3903588424305,1698.1307000000002,0,0,469,469,"EB best SuMSy village, full money stock",sumsy,6,-5.820766091346741e-11
76,507,4,4,132283.72540000002,0.0,32813.9699,2041.4639000000004,7818.0248,,7818.0248,0.0,0.0,0.0,0.0,0.0,0.0025,1205.8107,4363.874100000001,0.0,1.0,1522.3652000000004,1296.1136250000009,0.0,0.0,1.0,0.0,0.0,1.0,0.0,5,0,0.9479166666666666,0.7337487456557505,0.0,14.0,2.0,0.0,1.0,0,0,6,0.25034006356551897,512,474.33266008348846,1.008192404882198,475.3408524883707,24.89874192028826,0.13196090123757467,25.030702821525836,0.0,0.0,0.0,0.0,0,0,0.0,0.0,0.0,1.0,1.0,0.0,0.0,0.0,0.0,0.5,0.25,0.0,-8257.75444331244,73.59660000000002,3200,2535.0,2440.7359999999976,6732.426200000002,1215.5161999999993,0.0,0.0,0.0,0.0,0.0,436,717.3287,2535.0,2440.7359999999976,1215.5161999999993,271.5,0.0,278.19769999999994,0.015,14.35049009384778,16.01674584221754,20.831549248120307,5.098631468531467,10.110327342556062,21.806888162043666,938.0,959.0,469.0,1905.6666666666677,1242.0000000000002,195.0,172,57,40,41,46,44.0,1957.0,74707.9646000001,4835.2256,41519.297699999996,728,40,0,128,0.6077840214452834,0.7337487456557505,0.4983627069333183,109,16010.576799999977,13762.12000000002,52,6,266.0,0,0,57,0.0,0,0.0,1.5916458500422675e6,0.0,0,0,0,1.5,0,0.0,0,0,0.0,0,0.0,0,0,5541.192100000002,107.0,9298.0981,4,1379.2107000000003,1371.7199000000066,7.30532257690687,5120.0,51.015625,1.9175112337239584,2,0,0.0,0,158.5588057344305,2612.0,68,7.805266388045159,0,0,6,0.0,0.0,0.0,0.0,0.0,0.0,0.0,0.0,0,0,0,0,172,0.0,6,6,28199.1652,3072,3877.1736,3877.1736,1783.0776000000003,16425.379026454895,8625.67960302111,7799.699423433785,770.5766000000001,608.6341,18280.593400000005,27453.456200000004,0.7362018584463543,379,126131.4983815384,128,1.4655143516607292e6,4,0.0,4,6970.365400000001,2,717.3287,-6612.2141,942.7537803729764,1698.1307000000002,0,0,469,469,"EB best SuMSy village, full money stock",sumsy,6,-5.820766091346741e-11
77,507,4,4,132375.60199999993,0.0,32813.81830000004,1892.4959999999996,8151.3052,,8151.3052,0.0,0.0,0.0,0.0,0.0,0.0025,1206.3734,4397.744325000001,0.0,1.0,1539.0911000000012,1317.494016666667,0.0,0.0,1.0,0.0,0.0,1.0,0.0,3,0,0.9479166666666666,0.7337053992305043,0.0,11.0,0.0,0.0,1.0,0,0,6,0.3096188820584985,512,474.08776217142577,1.0377339356590933,475.1254961070849,24.155287823658345,0.14429014620296451,24.299577969861307,0.0,0.0,0.0,0.0,0,0,0.0,0.0,0.0,1.0,1.0,0.0,0.0,0.0,0.0,0.5,0.25,0.0,-8452.85070368701,73.59660000000002,3291,2535.0,2443.123400000002,9230.885500000002,1216.4986000000004,0.0,0.0,0.0,0.0,0.0,418,719.4162,2535.0,2443.123400000002,1216.4986000000004,271.5,0.0,159.95739999999998,0.015,14.459901900739176,16.291337872340453,20.89905203252034,5.139744651162795,10.379390854286813,24.830998646321603,940.0,947.0,470.0,1909.0000000000007,1235.9999999999998,195.0,172,55,44,33,55,43.0,1961.0,73495.21649999994,6425.5163999999995,41962.0402,728,40,0,128,0.6082581360172916,0.7337053992305043,0.5177108355318789,111,16330.174799999975,13693.5271,61,6,246.0,0,0,55,0.0,0,0.0,1.6022173413365074e6,0.0,0,0,0,1.5,0,0.0,0,0,0.0,0,0.0,0,0,5141.166800000004,99.0,8567.0393,4,1363.5500999999997,1356.2698999999966,7.696227174446849,5120.0,51.015625,1.9462095377604165,3,0,0.0,0,181.56695450253306,2612.0,68,7.8440971552453576,0,0,6,0.0,0.0,0.0,0.0,0.0,0.0,0.0,0.0,0,0,0,0,172,0.0,6,6,28757.0214,3072,3877.1736,3877.1736,1802.4264,15322.69051148895,7927.63453824997,7395.055973238979,744.0516,619.4985,18037.40810000001,28197.574500000002,0.7359407837497489,379,131055.14191507718,128,1.4711621994214314e6,4,0.0,4,7020.105400000002,2,719.4162,-6944.9318,999.3190071953551,1698.1307000000002,0,0,470,470,"EB best SuMSy village, full money stock",sumsy,6,-5.820766091346741e-11
78,507,4,4,132464.63440000013,0.0,33418.8758,2446.8509,8503.7101,,8503.7101,0.0,0.0,0.0,0.0,0.0,0.0025,1207.5976,4432.6814,0.0,1.0,1558.7782999999986,1339.3132750000004,0.0,0.0,1.0,0.0,0.0,1.0,0.0,4,0,0.9479166666666666,0.7338811288269007,0.0,7.0,0.0,0.0,1.0,0,0,6,0.2514377334683443,512,473.7008644627761,0.9444061596892281,474.6452706224653,23.547159856680768,0.15762283865820795,23.704782695338974,0.0,0.0,0.0,0.0,0,0,0.0,0.0,0.0,1.0,1.0,0.0,0.0,0.0,0.0,0.5,0.25,0.0,-8634.379761744218,73.59660000000002,3360,2535.0,2445.9676000000004,5045.468299999999,1217.8556000000003,0.0,0.0,0.0,0.0,0.0,440,716.1619000000001,2535.0,2445.9676000000004,1217.8556000000003,271.5,0.0,92.9944,0.015,14.56011951488424,16.22466088794924,21.23086693227094,5.1868602771362635,10.36800470540803,24.086068686931956,946.0,907.0,473.0,1921.0000000000007,1245.0,196.0,174,61,47,33,42,21.0,1955.0,73068.75760000001,7887.9562,41146.9637,728,40,0,128,0.6042696921232049,0.7338811288269007,0.5190002977314718,118,16453.126099999983,13206.028400000007,46,4,251.0,0,0,61,0.0,0,0.0,1.6077879644812571e6,0.0,0,0,0,1.5,0,0.0,0,0,0.0,0,0.0,0,0,5328.947600000006,101.0,8437.1974,4,1189.5549,1182.6303000000062,7.90092957035083,5120.0,51.015625,1.9360952083333336,4,0,0.0,0,96.2346039209317,2612.0,68,7.809338126350611,0,0,6,0.0,0.0,0.0,0.0,0.0,0.0,0.0,0.0,0,0,0,0,174,0.0,6,6,29722.748600000003,3072,3877.1736,3877.1736,1817.7170999999994,14985.308251459044,7420.965244374672,7564.343007084373,706.5847,482.9702,17657.3971,27749.3687,0.7357590456362342,379,133426.75622769273,128,1.4743612082535625e6,4,0.0,4,7917.7019,2,716.1619000000001,-7296.1125,1059.2781476270764,1698.1307000000002,0,0,473,473,"EB best SuMSy village, full money stock",sumsy,6,-5.820766091346741e-11
79,507,4,4,132551.41430000012,0.0,33818.467299999946,2193.9512999999993,8857.686699999998,,8857.686699999998,0.0,0.0,0.0,0.0,0.0,0.0025,1209.5124,4467.5738249999995,0.0,1.0,1561.574200000001,1361.0041916666664,0.0,0.0,1.0,0.0,0.0,1.0,0.0,5,0,0.9453125,0.7330612881291738,0.0,4.0,0.0,0.0,1.0,0,0,6,0.25037956359014196,512,464.3566882930627,0.9956544805689137,465.35234277363156,24.265006529436313,0.14548045041338245,24.410486979849697,0.0,0.0,0.0,0.0,0,0,0.0,0.0,0.0,1.0,1.0,0.0,0.0,0.0,0.0,0.5,0.25,0.0,-8813.80828967008,73.59660000000002,3442,2535.0,2448.2200999999986,7782.321900000003,1219.2441999999983,0.0,0.0,0.0,0.0,0.0,485,712.3705,2535.0,2448.2200999999986,1219.2441999999983,271.5,0.0,135.2475,0.015,14.55304107142858,16.340930537634378,21.53415927419357,5.212688652482268,10.353084176559092,23.363486626323994,930.0,952.0,465.0,1916.0000000000007,1226.9999999999998,195.0,178,55,39,38,45,30.0,1959.0,74740.90690000012,4756.516600000001,41730.4424,726,42,0,128,0.607146039125863,0.7330612881291738,0.5294962461423847,118,16171.74530000001,13854.49510000001,54,9,248.0,0,0,55,0.0,0,0.0,1.5954882648704129e6,0.0,0,0,0,1.5,0,0.0,0,0,0.0,0,0.0,0,0,5340.471500000005,100.0,9401.6655,4,1388.7137,1380.7944999999872,7.51403625739745,5120.0,51.015625,1.979558916015625,5,0,0.0,0,143.78925333421307,2612.0,68,8.047624865756674,0,0,6,0.0,0.0,0.0,0.0,0.0,0.0,0.0,0.0,0,0,0,0,178,0.0,6,6,28639.675,3072,3877.1736,3877.1736,1808.1322000000005,17084.70417713762,8865.87162279846,8218.832554339158,811.6661,577.0476000000001,17521.39710000001,27248.949500000002,0.7350254233938123,379,130671.02222896407,128,1.4648172426414492e6,4,0.0,4,7942.596200000002,2,712.3705,-7648.174299999999,1122.834836484701,1698.1307000000002,0,0,465,465,"EB best SuMSy village, full money stock",sumsy,6,-5.820766091346741e-11
80,506,4,4,132634.82809999996,0.0,37025.617900000005,4947.9012,9208.988599999999,,9208.988599999999,0.0,0.0,0.0,0.0,0.0,0.0025,1210.4676,4500.24825,0.0,1.0,1560.8142999999986,1381.5362249999996,0.0,0.0,1.0,0.0,0.0,1.0,0.0,2,0,0.9440104166666666,0.7339255699743219,0.0,217.0,1.0,0.0,1.0,0,0,6,0.25002739425816345,512,474.8524406754396,0.9450589627022014,475.79749963814186,24.285103848112552,0.16687422505446134,24.451978073167012,0.0,0.0,0.0,0.0,0,0,0.0,0.0,0.0,1.0,1.0,0.0,0.0,0.0,0.0,0.5,0.25,0.0,-8998.444702359857,101.39490000000004,3512,2535.0,2451.5861999999984,7729.943400000003,1220.6838999999998,0.0,0.0,0.0,0.0,0.0,479,714.9346,2535.0,2451.5861999999984,1220.6838999999998,271.5,0.0,163.4138,0.015,14.701291239316244,16.5408976645435,21.659630487804865,5.226318457943925,10.499775973271968,24.974829944130136,942.0,936.0,471.0,1911.666666666667,1236.0,194.99999999999997,174,59,50,35,51,38.0,1952.0,74854.52869999986,6993.229200000001,41840.986600000004,725,43,0,128,0.6083364933640769,0.7339255699743219,0.527331492645511,128,16451.355300000017,13760.408600000004,57,6,246.0,0,0,59,0.0,0,0.0,1.6169643810883344e6,0.0,0,0,0,1.5,0,0.0,0,0,0.0,0,0.0,0,0,5328.269099999997,99.0,7020.6813999999995,4,1061.9695,1055.8647999999928,8.326163384668128,5120.0,51.015625,1.9875064225260421,8,0,0.0,0,423.04409645922664,2612.0,68,7.588820009611296,0,0,6,0.0,0.0,0.0,0.0,0.0,0.0,0.0,0.0,0,0,0,0,174,0.0,6,6,28649.7822,3072,3877.1736,3877.1736,1926.4063000000003,15277.526816259931,6732.260862961284,8545.265953298647,516.9617999999999,545.0077000000001,17378.453999999994,27205.114999999998,0.7353800439877531,378,138800.12851751983,128,1.4781642525708135e6,4,0.0,4,8230.835500000001,2,714.9346,-7998.520999999999,1190.2049266737831,1697.7183,1,0,471,471,"EB best SuMSy village, full money stock",sumsy,6,-5.820766091346741e-11
81,506,4,4,132715.28090000016,0.0,37168.62489999999,1973.2763999999995,9575.232699999999,,9575.232699999999,0.0,0.0,0.0,0.0,0.0,0.0025,1209.9195,4534.584775,0.0,1.0,1576.7116999999987,1403.9542916666671,0.0,0.0,1.0,0.0,0.0,1.0,0.0,1,0,0.9427083333333334,0.7328568991300963,0.0,3.0,0.0,0.0,1.0,0,0,6,0.2507516073024289,512,455.05496058706314,0.9684382163610642,456.0233988034242,24.118224006465475,0.15072558921816073,24.268949595683637,0.0,0.0,0.0,0.0,0,0,0.0,0.0,0.0,1.0,1.0,0.0,0.0,0.0,0.0,0.5,0.25,0.0,-9209.259400295097,101.39490000000004,3591,2530.0,2449.547200000002,4969.640099999999,1219.8228000000004,0.0,0.0,0.0,0.0,0.0,490,724.4463000000001,2530.0,2449.547200000002,1219.8228000000004,271.0,0.0,136.58159999999998,0.015,14.827193422519523,16.624162203023783,21.866969649805448,5.294604057279235,10.60000675808865,24.225585045806227,926.0,897.0,463.0,1908.3333333333342,1225.9999999999998,194.99999999999997,179,72,48,41,35,25.0,1937.0,75245.31540000008,5194.5063,42112.125799999994,724,44,0,128,0.6030534915073469,0.7328568991300963,0.5190669251819484,106,16464.40270000002,13299.992500000011,46,11,257.0,0,0,72,0.0,0,0.0,1.5799973485838773e6,0.0,0,0,0,1.5,0,0.0,0,0,0.0,0,0.0,0,0,5619.8112,103.0,8228.9676,4,1244.8298,1237.1988999999978,7.119943038733521,5120.0,51.015625,2.0270915625000003,9,0,0.0,0,288.88011289765063,2612.0,68,7.603624647018608,0,0,6,0.0,0.0,0.0,0.0,0.0,0.0,0.0,0.0,0,0,0,0,179,0.0,6,6,27262.2228,3072,3877.1736,3877.1736,1914.7651000000003,17044.824790918654,9221.034524126258,7823.790266792395,651.3136,593.5162,18711.0425,28273.376900000003,0.7344866970799018,378,126117.23404930712,128,1.4538801145345708e6,4,0.0,4,7942.710399999998,2,724.4463000000001,-8365.313199999999,1261.6172222742102,1697.7183,0,0,463,463,"EB best SuMSy village, full money stock",sumsy,6,-5.820766091346741e-11
82,506,4,4,132793.08920000025,0.0,37348.42970000002,2091.0103,9939.219099999998,,9939.219099999998,0.0,0.0,0.0,0.0,0.0,0.0025,1210.8404,4565.690899999999,0.0,1.0,1573.905899999998,1423.5954333333327,0.0,0.0,1.0,0.0,0.0,1.0,0.0,1,0,0.9427083333333334,0.7335011971726284,0.0,1.0,0.0,0.0,1.0,0,0,6,0.2500222978300346,512,475.2040605476128,1.0845017466420581,476.28856229425486,22.98834020395122,0.16389943519317982,23.1522396391444,0.0,0.0,0.0,0.0,0,0,0.0,0.0,0.0,1.0,1.0,0.0,0.0,0.0,0.0,0.5,0.25,0.0,-9423.515141656035,101.39490000000004,3663,2530.0,2452.1917000000017,8830.997399999997,1221.0104999999987,0.0,0.0,0.0,0.0,0.0,430,731.9799,2530.0,2452.1917000000017,1221.0104999999987,271.0,0.0,69.83859999999999,0.015,15.004235114503814,16.74788991228071,22.741593181818203,5.264626941747576,10.769541095191318,24.281588281913766,912.0,917.0,456.0,1891.3333333333342,1213.0,193.0,174,66,42,42,33,23.0,1946.0,73210.64930000009,6820.9267,41772.1476,724,44,0,128,0.5964312065926558,0.7335011971726284,0.5356112984193822,117,16523.99560000002,13758.883599999997,40,7,264.0,0,0,66,0.0,0,0.0,1.6333291591480426e6,0.0,0,0,0,1.5,0,0.0,0,0,0.0,0,0.0,0,0,6003.7806000000055,106.0,9046.5453,4,1307.5966,1299.0260999999848,8.899385925280127,5120.0,51.015625,2.0551191503906248,18,0,0.0,0,305.15220138332313,2612.0,68,7.871715039315231,0,0,6,0.0,0.0,0.0,0.0,0.0,0.0,0.0,0.0,0,0,0,0,174,0.0,6,6,28653.0288,3072,3877.1736,3877.1736,2018.7171999999998,14954.935080123718,8325.169297711633,6629.765782412086,729.6212999999999,577.9753,18368.5029,28986.5908,0.7348149094370815,378,144913.31531561766,128,1.4884158438324248e6,4,0.0,4,8857.392599999997,2,731.9799,-8728.378699999997,1337.314255610663,1697.7183,0,0,456,456,"EB best SuMSy village, full money stock",sumsy,6,-5.820766091346741e-11
83,504,4,4,132875.70539999992,0.0,37907.566999999995,2741.4826999999996,10329.329799999998,,10329.329799999998,0.0,0.0,0.0,0.0,0.0,0.0025,1208.6326,4605.3395999999975,0.0,1.0,1600.9510999999998,1450.2621916666653,0.0,0.0,1.0,0.0,0.0,1.0,0.0,2,0,0.94140625,0.731283646693101,0.0,0.0,0.0,0.0,1.0,0,0,6,0.2500314877617566,512,466.6496865539085,1.1316653915303745,467.7813519454389,22.85017932494174,0.17153716803011548,23.02171649297186,0.0,0.0,0.0,0.0,0,0,0.0,0.0,0.0,1.0,1.0,0.0,0.0,0.0,0.0,0.5,0.25,0.0,-9644.862405820217,187.7413,3735,2530.0,2447.383799999996,6552.757300000001,1218.6722999999988,0.0,0.0,0.0,0.0,0.0,389,743.0906,2530.0,2447.383799999996,1218.6722999999988,271.0,0.0,120.111,0.015,14.99952764578834,16.865082826086958,23.43695748031497,5.3570498795180725,10.74486255067121,24.199559512759098,920.0,926.0,460.0,1894.0000000000005,1213.9999999999998,194.0,174,65,47,34,40,29.0,1934.0,73377.04330000003,5793.5453,42185.6968,723,45,0,128,0.5836756346607752,0.731283646693101,0.5163835836499353,96,16481.387699999992,13889.562600000003,48,8,254.0,0,0,65,0.0,0,0.0,1.6212551701781417e6,0.0,0,0,0,1.5,0,0.0,0,0,0.0,0,0.0,0,0,5952.987200000002,102.0,9567.6968,4,1331.3921,1319.2557999999965,8.51400267603609,5120.0,51.015625,2.061538909505208,8,0,0.0,0,172.27293104081735,2612.0,68,8.083234407400633,0,0,6,0.0,0.0,0.0,0.0,0.0,0.0,0.0,0.0,0,0,0,0,174,0.0,6,6,30208.6442,3072,3877.1736,3877.1736,2105.470300000001,16379.429288553527,7712.960545487839,8666.468743065689,773.1761,558.216,17964.069999999996,27338.294700000002,0.7325642522015314,376,141979.30178670594,128,1.4792758683914351e6,4,0.0,4,8829.8834,2,743.0906,-9120.697199999999,1337.314255610663,1697.7183,2,0,460,460,"EB best SuMSy village, full money stock",sumsy,6,-5.820766091346741e-11
84,504,4,4,132946.159,0.0,39727.56040000001,3753.038199999999,10712.898599999999,,10712.898599999999,0.0,0.0,0.0,0.0,0.0,0.0025,1209.191,4639.0056749999985,0.0,1.0,1592.2014000000004,1472.0545999999997,0.0,0.0,1.0,0.0,0.0,1.0,0.0,5,0,0.9401041666666666,0.7313722468710571,0.0,104.0,0.0,0.0,1.0,0,0,6,0.2505066795505608,512,468.17853938055106,0.9758735979815206,469.1544129785326,22.75220934012709,0.17619708182891225,22.928406421956005,0.0,0.0,0.0,0.0,0,0,0.0,0.0,0.0,1.0,1.0,0.0,0.0,0.0,0.0,0.5,0.25,0.0,-9862.07801776796,187.7413,3804,2520.0,2449.5463999999984,6433.261400000003,1219.5795999999996,0.0,0.0,0.0,0.0,0.0,398,741.9106,2520.0,2449.5463999999984,1219.5795999999996,270.0,0.0,147.66159999999996,0.015,15.104575079872207,16.974118161925745,23.5338680327869,5.355674939172745,10.855412780668665,25.557369814125668,914.0,939.0,457.0,1895.0000000000002,1207.0000000000002,192.99999999999997,177,58,37,32,40,26.0,1949.0,72989.5542,6879.0069,42763.9394,722,46,0,128,0.5806905235171653,0.7313722468710571,0.5052378061472056,97,16595.796299999995,14183.196000000002,44,4,244.0,0,0,58,0.0,0,0.0,1.6238088953107686e6,0.0,0,0,0,1.5,0,0.0,0,0,0.0,0,0.0,0,0,5742.263800000003,98.0,8362.5569,4,1298.1509,1286.006700000001,8.660483649184728,5120.0,51.015625,2.0747110026041664,16,0,0.0,0,410.36448172410877,2612.0,68,8.0533147139062,0,0,6,0.0,0.0,0.0,0.0,0.0,0.0,0.0,0.0,0,0,0,0,177,0.0,6,6,28924.570200000002,3072,3877.1736,3877.1736,2052.6798999999996,15196.715041789503,8898.453739540037,6298.261302249468,777.4182,520.7327,17771.45379999999,29080.932999999997,0.7323205066309437,376,144179.83767542924,128,1.4796290576353383e6,4,0.0,4,8898.8005,2,741.9106,-9503.707599999998,1417.5531109473027,1697.7183,0,0,457,457,"EB best SuMSy village, full money stock",sumsy,6,-5.820766091346741e-11
85,504,4,4,133014.05200000003,0.0,39971.89830000004,2244.1775000000002,11115.367199999999,,11115.367199999999,0.0,0.0,0.0,0.0,0.0,0.0025,1210.8312,4673.168674999998,0.0,1.0,1611.6595999999995,1493.698316666666,0.0,0.0,1.0,0.0,0.0,1.0,0.0,3,0,0.9388020833333334,0.7316039779794297,0.0,0.0,0.0,0.0,1.0,0,0,6,0.3122937923039038,512,473.1376768413264,1.1297400275195708,474.267416868846,22.861164857271937,0.16870702992470804,23.02987188719665,0.0,0.0,0.0,0.0,0,0,0.0,0.0,0.0,1.0,1.0,0.0,0.0,0.0,0.0,0.5,0.25,0.0,-10090.785133940191,187.7413,3878,2520.0,2452.106999999999,5453.3294,1220.9787000000008,0.0,0.0,0.0,0.0,0.0,421,747.2783,2520.0,2452.106999999999,1220.9787000000008,270.0,0.0,184.07289999999995,0.015,15.100787473903967,16.933508686440668,23.4322502164502,5.385454823529409,10.76804200677675,26.050061060250652,944.0,958.0,472.0,1913.666666666667,1233.0,194.0,173,49,37,30,45,35.0,1952.0,73377.58180000003,4736.719599999999,43731.5661,721,47,0,128,0.5866682539550194,0.7316039779794297,0.5114112261782362,99,16848.50850000002,14466.5544,50,5,231.0,0,0,49,0.0,0,0.0,1.641085053411811e6,0.0,0,0,0,1.5,0,0.0,0,0,0.0,0,0.0,0,0,5412.849799999996,93.0,9210.074999999999,4,1431.8438999999998,1419.2307999999973,9.173154492215884,5120.0,51.015625,2.070117688802083,10,0,0.0,0,159.66280969801977,2612.0,68,8.289419066111218,0,0,6,0.0,0.0,0.0,0.0,0.0,0.0,0.0,0.0,0,0,0,0,173,0.0,6,6,30591.4775,3072,3877.1736,3877.1736,2065.7732,19246.539564973857,8502.977905647718,10743.561659326138,802.7339000000001,629.11,18003.092100000005,27086.883199999997,0.7326863189708845,376,149936.10989019647,128,1.4911489435216128e6,4,0.0,4,8439.8267,2,747.2783,-9904.535999999998,1417.5531109473027,1697.7183,0,0,472,472,"EB best SuMSy village, full money stock",sumsy,6,-5.820766091346741e-11
86,504,4,4,133079.5829000001,0.0,40306.82880000007,2368.6305,11524.093899999998,,11524.093899999998,0.0,0.0,0.0,0.0,0.0,0.0025,1212.1679,4704.609574999999,0.0,1.0,1619.5579000000016,1513.5533916666661,0.0,0.0,1.0,0.0,0.0,1.0,0.0,0,0,0.9375,0.7305859925496971,0.0,1.0,1.0,0.0,1.0,0,0,6,0.2500538638322321,512,571.8595461638831,2.220177562095293,574.0797237259785,23.13950716834134,0.1680748109584408,23.30758197929978,0.0,0.0,0.0,0.0,0,0,0.0,0.0,0.0,1.0,1.0,0.0,0.0,0.0,0.0,0.5,0.25,0.0,-10321.894368021689,187.7413,3956,2520.0,2454.4690999999984,7079.572900000003,1222.2123999999997,0.0,0.0,0.0,0.0,0.0,420,752.7162000000001,2520.0,2454.4690999999984,1222.2123999999997,270.0,0.0,186.48340000000002,0.015,15.247507203389835,16.970785894736817,23.54625139442229,5.404436768149882,10.91780840537625,25.531595358150298,950.0,944.0,475.0,1916.3333333333335,1248.0,195.0,170,47,38,32,47,32.0,1958.0,73634.54650000001,4342.7413,43620.340899999996,720,48,0,128,0.587750727142921,0.7305859925496971,0.51057834039555,104,17209.370899999994,14393.646800000004,50,3,251.0,0,0,47,0.0,0,0.0,2.025469577058074e6,0.0,0,0,0,1.5,0,0.0,0,0,0.0,0,0.0,0,0,5910.109099999994,101.0,9517.0701,4,1401.5865999999999,1388.8400000000117,9.03845767507763,5120.0,51.061197916666664,2.490837158203125,16,0,0.0,0,629.0521477574266,2614.3333333333335,68,8.33427330093624,0,0,6,0.0,0.0,0.0,0.0,0.0,0.0,0.0,0.0,0,0,0,0,170,0.0,6,6,29662.966999999997,3072,3877.1736,3877.1736,2141.9843999999994,19536.290928585244,9795.770536838598,9740.520391746644,816.6267,584.9599000000001,18199.480100000004,27817.1853,0.7325276044062636,376,159687.39317867468,128,1.8657821838793978e6,4,0.0,4,8975.306099999998,2,752.7162000000001,-10311.925999999998,1502.606297604141,2221.152,0,0,475,475,"EB best SuMSy village, full money stock",sumsy,6,-5.820766091346741e-11
87,504,4,4,133141.66189999995,0.0,41511.98590000001,3222.877,11947.220499999998,,11947.220499999998,0.0,0.0,0.0,0.0,0.0,0.0025,1213.4007,4738.226299999999,0.0,1.0,1635.2944999999988,1534.6965999999998,0.0,0.0,1.0,0.0,0.0,1.0,0.0,0,0,0.9375,0.7311976225875338,0.0,0.0,0.0,0.0,1.0,0,0,6,0.2500694901198204,512,571.5405314135505,2.2080926804413092,573.7486240939918,22.253093405626704,0.16716457096890824,22.42025797659561,0.0,0.0,0.0,0.0,0,0,0.0,0.0,0.0,1.0,1.0,0.0,0.0,0.0,0.0,0.5,0.25,0.0,-10547.921597615441,187.7413,4031,2520.0,2457.9210000000003,9240.880299999999,1223.7736,0.0,0.0,0.0,0.0,0.0,448,750.3683,2520.0,2457.9210000000003,1223.7736,270.0,0.0,338.57550000000003,0.015,15.40390770053476,17.29208050847464,23.841921912350585,5.451794103773583,10.992823951339433,25.283527884064412,944.0,935.0,472.0,1918.3333333333344,1242.0,195.0,177,58,48,26,45,36.0,1947.0,72194.83129999992,6086.734399999999,43471.4639,720,48,0,128,0.5842114994213721,0.7311976225875338,0.5112655578431482,108,17268.71639999999,14402.6537,51,6,251.0,0,0,58,0.0,0,0.0,2.0346070622231895e6,0.0,0,0,0,1.5,0,0.0,0,0,0.0,0,0.0,0,0,5984.322399999997,101.0,9424.863299999999,4,1305.8572,1294.3301999999967,9.40552266132818,5120.0,51.015625,2.5181428027343746,12,0,0.0,0,379.5453375153648,2612.0,68,8.28708217010652,0,0,6,0.0,0.0,0.0,0.0,0.0,0.0,0.0,0.0,0,0,0,0,177,0.0,6,6,29862.624099999997,3072,3877.1736,3877.1736,2109.6385,17351.125747953032,8928.826882856501,8422.298865096529,738.9503,566.9069000000001,18650.891900000002,29120.4375,0.7328586957275034,376,162993.23572245266,128,1.8716138265007369e6,4,0.0,4,9963.743199999997,2,750.3683,-10733.819799999997,1502.606297604141,2221.152,0,0,472,472,"EB best SuMSy village, full money stock",sumsy,6,-5.820766091346741e-11
88,504,4,4,133201.3756,0.0,41290.87010000007,1856.1826999999996,12377.416899999998,,12377.416899999998,0.0,0.0,0.0,0.0,0.0,0.0025,1214.4712,4768.534274999998,0.0,1.0,1643.5971,1553.7614749999989,0.0,0.0,1.0,0.0,0.0,1.0,0.0,0,0,0.9361979166666666,0.730661378909534,0.0,0.0,1.0,0.0,1.0,0,0,6,0.25008576571988383,512,543.4505860681684,2.1787023139847443,545.629288382153,21.996691462143534,0.13673601796035684,22.13342748010389,0.0,0.0,0.0,0.0,0,0,0.0,0.0,0.0,1.0,1.0,0.0,0.0,0.0,0.0,0.5,0.25,0.0,-10781.124271411054,187.7413,4120,2520.0,2460.2863000000043,6789.374399999997,1224.9195000000016,0.0,0.0,0.0,0.0,0.0,450,752.4055000000001,2520.0,2460.2863000000043,1224.9195000000016,270.0,0.0,255.84250000000003,0.015,15.469085450597197,17.31878860215065,23.86015199999999,5.497729567307687,11.083181297185888,25.729192683532016,930.0,921.0,465.0,1916.0000000000005,1227.0,194.0,176,60,40,38,45,22.0,1942.0,71339.726,5704.5307,44217.2777,719,49,0,128,0.5900058649628306,0.730661378909534,0.5214606607662164,118,17206.7384,14247.027700000019,46,1,250.0,0,0,60,0.0,0,0.0,1.9486156887277064e6,0.0,0,0,0,1.5,0,0.0,0,0,0.0,0,0.0,0,0,5965.037999999997,101.0,9972.9645,4,1459.5083000000002,1446.5667000000146,9.314336474392304,5120.0,51.015625,2.4868469824218753,5,0,0.0,0,160.67642065384925,2612.0,68,8.326648892095234,0,0,6,0.0,0.0,0.0,0.0,0.0,0.0,0.0,0.0,0,0,0,0,176,0.0,6,6,31483.847100000003,3072,3877.1736,3877.1736,2127.8246999999997,17599.44343889795,8071.159420523996,9528.284018373955,829.1188000000001,630.3895,19733.527599999994,28410.9258,0.7321990004731378,376,161002.94351814815,128,1.7876127452095586e6,4,0.0,4,9534.033600000002,2,752.4055000000001,-11162.945699999998,1502.606297604141,2110.3497,0,0,465,465,"EB best SuMSy village, full money stock",sumsy,6,-5.820766091346741e-11
89,504,4,4,133256.50850000003,0.0,41960.57559999999,2627.0371,12813.497699999998,,12813.497699999998,0.0,0.0,0.0,0.0,0.0,0.0025,1216.5961,4796.399499999999,0.0,1.0,1650.5519999999995,1570.7419749999995,0.0,0.0,1.0,0.0,0.0,1.0,0.0,0,0,0.9348958333333334,0.7306952026874283,0.0,0.0,1.0,0.0,1.0,0,0,6,0.2506327370396515,512,542.4685550335754,2.0099457644439918,544.4785007980194,21.86718000106083,0.11826788376357251,21.985447884824403,0.0,0.0,0.0,0.0,0,0,0.0,0.0,0.0,1.0,1.0,0.0,0.0,0.0,0.0,0.5,0.25,0.0,-10999.832023280449,187.7413,4199,2520.0,2464.8670999999977,7431.8764999999985,1227.1547999999984,0.0,0.0,0.0,0.0,0.0,489,749.3622,2520.0,2464.8670999999977,1227.1547999999984,270.0,0.0,160.09079999999997,0.015,15.69424989626557,17.58496338329766,23.952344166666666,5.533783693045557,11.214774620102245,27.478904539227603,934.0,964.0,467.0,1898.0000000000002,1226.0,194.0,172,59,45,33,60,41.0,1945.0,71100.36660000001,5447.7525,45012.4715,718,50,0,128,0.5900426726759636,0.7306952026874283,0.5198438844638067,122,17379.079199999964,15129.25690000001,64,4,240.0,0,0,59,0.0,0,0.0,1.9575397737124846e6,0.0,0,0,0,1.5,0,0.0,0,0,0.0,0,0.0,0,0,5748.5626,96.0,9729.9596,4,1493.2631999999999,1480.251400000008,9.004106690266427,5120.0,51.015625,2.557924713541667,8,0,0.0,0,183.42530974737485,2612.0,68,8.60624503941805,0,0,6,0.0,0.0,0.0,0.0,0.0,0.0,0.0,0.0,0,0,0,0,172,0.0,6,6,30433.5669,3072,3877.1736,3877.1736,2174.4921,17782.103621155497,9404.779226874489,8377.32439428101,835.9437,657.3195000000001,19077.6172,29756.6167,0.7322078461850794,376,157755.9047048482,128,1.799783869007637e6,4,0.0,4,9663.488899999998,2,749.3622,-11596.901599999997,1502.606297604141,2137.5001,0,0,467,467,"EB best SuMSy village, full money stock",sumsy,6,-5.820766091346741e-11
90,504,4,4,133313.7590999998,0.0,42296.37269999999,2340.9625,13271.475699999997,,13271.475699999997,0.0,0.0,0.0,0.0,0.0,0.0025,1215.5193,4825.348449999998,0.0,1.0,1674.5740999999987,1589.7139999999988,0.0,0.0,1.0,0.0,0.0,1.0,0.0,0,0,0.93359375,0.7292585059708554,0.0,105.0,1.0,0.0,1.0,0,0,6,0.25045445175315306,512,536.7051700226546,2.169677482800722,538.8748475054553,21.608720215465425,0.16580008711465521,21.77452030258008,0.0,0.0,0.0,0.0,0,0,0.0,0.0,0.0,1.0,1.0,0.0,0.0,0.0,0.0,0.5,0.25,0.0,-11223.069208855612,187.7413,4275,2520.0,2462.7494000000047,5192.636899999998,1226.0901000000003,0.0,0.0,0.0,0.0,0.0,482,751.1683,2520.0,2462.7494000000047,1226.0901000000003,270.0,0.0,100.1128,0.015,15.727634415584419,17.756263636363624,24.647662396694237,5.593345971563982,11.278782941026254,27.17239467356967,946.0,924.0,473.0,1905.6666666666677,1239.0000000000002,194.0,171,63,48,35,52,36.0,1935.0,71154.10279999992,5171.3253,45345.976500000004,717,51,0,128,0.5863600153708635,0.7292585059708554,0.5072350756721398,121,17659.203299999983,14532.334200000003,56,4,242.0,0,0,63,0.0,0,0.0,1.9696515909529894e6,0.0,0,0,0,1.5,0,0.0,0,0,0.0,0,0.0,0,0,5964.7343000000055,97.0,9675.6669,4,1406.7714,1394.1210000000058,9.044180776261115,5120.0,51.015625,2.601543499348958,3,0,0.0,0,80.46815283809633,2612.0,68,8.816608790448294,0,0,6,0.0,0.0,0.0,0.0,0.0,0.0,0.0,0.0,0,0,0,0,171,0.0,6,6,31812.7229,3072,3877.1736,3877.1736,2295.307799999999,18978.892699560296,8653.947360648088,10324.94533891221,811.54,595.2314,18892.627499999988,28380.2458,0.730745734269461,376,161430.1714576673,128,1.808221419495324e6,4,0.0,4,9405.1362,2,751.1683,-12055.956399999997,1592.7626754603896,2153.2054,0,0,473,473,"EB best SuMSy village, full money stock",sumsy,6,-5.820766091346741e-11
91,504,4,4,133370.8660000001,0.0,42728.004499999995,2424.147099999999,13725.444999999998,,13725.444999999998,0.0,0.0,0.0,0.0,0.0,0.0025,1215.8127,4852.327049999998,0.0,1.0,1669.4885999999992,1607.0192749999992,0.0,0.0,1.0,0.0,0.0,1.0,0.0,0,0,0.9322916666666666,0.72946065716548,0.0,102.0,0.0,0.0,1.0,0,0,6,0.2503276730313296,512,541.0357395922242,2.2323664601216886,543.268106052346,21.375734844578506,0.14512157007784748,21.520856414656354,0.0,0.0,0.0,0.0,0,0,0.0,0.0,0.0,1.0,1.0,0.0,0.0,0.0,0.0,0.5,0.25,0.0,-11443.07484997404,187.7413,4346,2520.0,2462.893099999998,5169.108499999998,1226.236099999999,0.0,0.0,0.0,0.0,0.0,497,748.2789,2520.0,2462.893099999998,1226.236099999999,270.0,0.0,130.5436,0.015,15.883104290429044,17.808537499999968,25.35717416666666,5.624141262135919,11.350284517266338,27.420727896725257,928.0,909.0,464.0,1893.6666666666674,1219.0,193.0,175,64,52,26,40,27.0,1936.0,71466.33930000012,4947.8353,44857.3481,716,52,0,128,0.5756569786768373,0.72946065716548,0.503958240240856,113,17471.987500000003,14437.741800000002,47,7,240.0,0,0,64,0.0,0,0.0,1.9807520247529154e6,0.0,0,0,0,1.5,0,0.0,0,0,0.0,0,0.0,0,0,6085.721799999998,96.0,10135.251699999999,4,1447.4046,1434.3568000000184,9.450309093163371,5120.0,51.015625,2.6365317350260415,6,0,0.0,0,263.5596460164402,2612.0,68,8.85108964786564,0,0,6,0.0,0.0,0.0,0.0,0.0,0.0,0.0,0.0,0,0,0,0,175,0.0,6,6,30609.770599999996,3072,3877.1736,3877.1736,2310.8714999999997,18852.314455257285,9617.144123162805,9235.170332094482,835.4748999999999,611.9297,18890.062499999996,29330.6645,0.7308178344459602,376,165802.2844207325,128,1.8149497403321827e6,4,0.0,4,10075.022400000002,2,748.2789,-12509.632299999997,1688.328435988013,2153.2054,0,0,464,464,"EB best SuMSy village, full money stock",sumsy,6,-5.820766091346741e-11
92,504,4,4,133428.40439999994,0.0,43060.82750000003,2350.5447000000004,14195.622399999998,,14195.622399999998,0.0,0.0,0.0,0.0,0.0,0.0025,1215.5492,4883.620999999999,0.0,1.0,1685.990100000001,1627.5264416666664,0.0,0.0,1.0,0.0,0.0,1.0,0.0,0,0,0.9309895833333334,0.7302203479053189,0.0,0.0,0.0,0.0,1.0,0,0,6,0.25028906321540856,512,542.1515769653466,2.418226018816248,544.569802984163,20.861978737976877,0.16695709802761538,21.02893583600449,0.0,0.0,0.0,0.0,0,0,0.0,0.0,0.0,1.0,1.0,0.0,0.0,0.0,0.0,0.5,0.25,0.0,-11663.119970406686,187.7413,4423,2520.0,2462.4616,5155.0655,1226.0034999999993,0.0,0.0,0.0,0.0,0.0,495,746.9429,2520.0,2462.4616,1226.0034999999993,270.0,0.0,122.51580000000001,0.015,16.05591348066298,17.984279392624774,26.501639316239288,5.676335294117652,11.514840259093605,28.647380361445983,922.0,905.0,461.0,1905.6666666666672,1211.0,193.0,179,71,47,40,34,24.0,1935.0,71400.94729999996,4986.4784,44970.14669999999,715,53,0,128,0.5661753282814292,0.7302203479053189,0.5120397965317767,98,17582.261300000013,14530.601699999996,39,5,234.0,0,0,71,0.0,0,0.0,1.9910447603312817e6,0.0,0,0,0,1.5,0,0.0,0,0,0.0,0,0.0,0,0,6201.383599999994,94.0,10108.339899999999,4,1485.1343,1471.5826000000004,9.830321618755127,5120.0,51.015625,2.6750662337239586,10,0,0.0,0,374.91686085046297,2612.0,68,8.992468697632141,0,0,6,0.0,0.0,0.0,0.0,0.0,0.0,0.0,0.0,0,0,0,0,179,0.0,6,6,31893.0229,3072,3877.1736,3877.1736,2306.7692000000006,18912.436148870198,8647.592365125764,10264.843783744434,868.0336,617.1007,18555.776800000003,28171.9421,0.7314806186444918,376,167777.80916516564,128,1.8232669511661169e6,4,0.0,4,10129.7641,2,746.9429,-12980.073199999999,1688.328435988013,2153.2054,0,0,461,461,"EB best SuMSy village, full money stock",sumsy,6,-5.820766091346741e-11
93,504,4,4,133480.9762000001,0.0,43357.88740000002,2314.2032999999997,14684.408099999999,,14684.408099999999,0.0,0.0,0.0,0.0,0.0,0.0025,1217.8395,4915.526799999999,0.0,1.0,1704.3349000000014,1647.3168166666658,0.0,0.0,1.0,0.0,0.0,1.0,0.0,0,0,0.9296875,0.7299098316767993,0.0,0.0,1.0,0.0,1.0,0,0,6,0.25136344528210575,512,535.933292897008,2.454317060587392,538.3876099575954,20.46322156604155,0.13807566929592466,20.601297235337476,0.0,0.0,0.0,0.0,0,0,0.0,0.0,0.0,1.0,1.0,0.0,0.0,0.0,0.0,0.5,0.25,0.0,-11878.42082835804,187.7413,4505,2520.0,2467.428200000002,6890.157700000001,1228.423500000002,0.0,0.0,0.0,0.0,0.0,494,746.0562,2520.0,2467.428200000002,1228.423500000002,270.0,0.0,55.52160000000001,0.015,16.22388225976767,18.17972958057389,27.23357299578059,5.769800000000004,11.628755113689282,28.42333635014849,906.0,947.0,453.0,1889.666666666667,1196.0,193.0,178,61,45,36,55,34.0,1941.0,70285.31379999995,4765.4955,45820.9067,714,54,0,128,0.5711346600937566,0.7299098316767993,0.5072611775740623,112,17551.19000000001,15364.016499999985,62,7,237.0,0,0,61,0.0,0,0.0,1.988875128814094e6,0.0,0,0,0,1.5,0,0.0,0,0,0.0,0,0.0,0,0,6454.3568000000005,95.0,10645.3645,4,1647.4996999999998,1633.3794999999827,9.830321618755127,5120.0,51.015625,2.7492052734375,0,0,0.0,0,0.0,2612.0,68,9.402581049008722,0,0,6,0.0,0.0,0.0,0.0,0.0,0.0,0.0,0.0,0,0,0,0,178,0.0,6,6,30971.5696,3072,3877.1736,3877.1736,2498.7042,18597.312076814098,9744.510551736865,8852.801525077233,904.9905,742.5092000000001,18202.29820000001,30260.197099999998,0.7311205809299637,376,168287.94957297802,128,1.8205871792411166e6,4,0.0,4,10286.832399999998,2,746.0562,-13466.568599999999,1688.328435988013,2153.2054,0,0,453,453,"EB best SuMSy village, full money stock",sumsy,6,-5.820766091346741e-11
94,504,4,4,133534.83080000003,0.0,43894.76979999998,2623.0730000000003,15197.654899999998,,15197.654899999998,0.0,0.0,0.0,0.0,0.0,0.0025,1217.0103,4954.8219,0.0,1.0,1731.086300000002,1673.2309500000001,0.0,0.0,1.0,0.0,0.0,1.0,0.0,0,0,0.9283854166666666,0.7294097759755194,0.0,0.0,0.0,0.0,1.0,0,0,6,0.25106562897920853,512,534.6577797997925,2.547730711307298,537.2055105110998,19.997580406790135,0.1534486604463099,20.151029067236443,0.0,0.0,0.0,0.0,0,0,0.0,0.0,0.0,1.0,1.0,0.0,0.0,0.0,0.0,0.5,0.25,0.0,-12097.666736676478,187.7413,4584,2520.0,2466.1454000000003,7054.024800000002,1227.7185000000015,0.0,0.0,0.0,0.0,0.0,449,747.3141,2520.0,2466.1454000000003,1227.7185000000015,270.0,0.0,48.790200000000006,0.015,16.381704656319297,18.35016196581199,27.97352534562211,5.793481598062946,11.944687588556665,33.27308329064561,936.0,902.0,468.0,1898.3333333333337,1218.9999999999998,194.0,175,65,52,32,37,27.0,1933.0,70593.66499999996,4951.0543,46236.5402,713,55,0,128,0.5587037827742296,0.7294097759755194,0.5199538394096768,106,18290.505899999964,14776.297600000005,39,2,217.0,0,0,65,0.0,0,0.0,1.999055476469198e6,0.0,0,0,0,1.5,0,0.0,0,0,0.0,0,0.0,0,0,6070.254999999998,87.0,9789.246899999998,4,1464.633,1451.0685000000076,10.184652696700384,5120.0,51.015625,2.770240885416666,2,0,0.0,0,101.40185296309252,2612.0,68,9.317515958845819,0,0,6,0.0,0.0,0.0,0.0,0.0,0.0,0.0,0.0,0,0,0,0,175,0.0,6,6,32402.5884,3072,3877.1736,3877.1736,2682.130600000001,20103.64900730613,9188.69908980988,10914.949917496253,867.9962999999999,596.6367,17947.3757,28574.253,0.7305479310419281,376,173480.20942013612,128,1.8255752670490625e6,4,0.0,4,9796.927099999999,2,747.3141,-13980.644599999998,1688.328435988013,2153.2054,0,0,468,468,"EB best SuMSy village, full money stock",sumsy,6,-5.820766091346741e-11
95,504,4,4,133594.17089999994,0.0,44564.831199999964,2906.923299999999,15719.564799999998,,15719.564799999998,0.0,0.0,0.0,0.0,0.0,0.0025,1214.1834,4989.314175,0.0,1.0,1738.9202000000005,1696.6451583333337,0.0,0.0,1.0,0.0,0.0,1.0,0.0,0,0,0.9270833333333334,0.7287451217355985,0.0,0.0,1.0,0.0,1.0,0,0,6,0.2505762385150095,512,524.7586927361991,2.582247909065138,527.3409406452643,19.020791702516867,0.2035880312805827,19.22437973379745,0.0,0.0,0.0,0.0,0,0,0.0,0.0,0.0,1.0,1.0,0.0,0.0,0.0,0.0,0.5,0.25,0.0,-12333.260005213278,187.7413,4639,2520.0,2460.6599,5612.4751,1224.9476,0.0,0.0,0.0,0.0,0.0,364,755.0681999999999,2520.0,2460.6599,1224.9476,270.0,0.0,120.4845,0.015,16.719755117270797,18.634339340659277,28.475304910714296,5.868991979949875,12.106472342483908,32.41503285794783,910.0,938.0,455.0,1895.3333333333344,1195.0,193.0,182,62,51,21,51,29.0,1934.0,69988.6843,5056.4761,46394.6023,712,56,0,128,0.5420282437107335,0.7287451217355985,0.5268904630869045,101,18165.48710000001,15683.130300000006,56,5,224.0,0,0,62,0.0,0,0.0,1.981156170823104e6,0.0,0,0,0,1.5,0,0.0,0,0,0.0,0,0.0,0,0,6378.468300000002,90.0,10185.1566,4,1526.507,1512.9567999999867,10.184652696700384,5120.0,51.015625,2.810489471028646,0,0,0.0,0,0.0,2612.0,68,9.52730896378993,0,0,6,0.0,0.0,0.0,0.0,0.0,0.0,0.0,0.0,0,0,0,0,182,0.0,6,6,31425.9462,3072,3877.1736,3877.1736,2830.4545000000003,19156.12483973577,9971.878823647814,9184.246016087956,865.1583,661.3487,18247.1599,30210.2888,0.7297353966345521,376,174295.8841365424,128,1.8068602866865627e6,4,0.0,4,10522.022799999997,2,755.0681999999999,-14505.381399999998,1688.328435988013,2131.77755,0,0,455,455,"EB best SuMSy village, full money stock",sumsy,6,-5.820766091346741e-11
96,504,4,4,133654.74440000008,0.0,45318.54190000002,3004.7744000000002,16280.1852,,16280.1852,0.0,0.0,0.0,0.0,0.0,0.0025,1213.08,5034.964775,0.0,1.0,1774.8038000000001,1727.0642916666668,0.0,0.0,1.0,0.0,0.0,1.0,0.0,0,0,0.92578125,0.7272886392395745,0.0,0.0,0.0,0.0,1.0,0,0,6,0.2505895711415844,512,505.8028951392176,2.366826725061894,508.1697218642795,18.164274707964385,0.18433314234467588,18.34860785030906,0.0,0.0,0.0,0.0,0,0,0.0,0.0,0.0,1.0,1.0,0.0,0.0,0.0,0.0,0.5,0.25,0.0,-12565.61433243872,187.7413,4695,2520.0,2459.4265000000014,7480.3042,1224.1683999999998,0.0,0.0,0.0,0.0,0.0,381,756.3212,2520.0,2459.4265000000014,1224.1683999999998,270.0,0.0,95.4278,0.015,16.790012045690528,18.84379358974359,28.762242792792804,5.974330656934307,12.162059239643416,32.381219621251326,936.0,963.0,468.0,1909.6666666666672,1220.0000000000002,193.0,175,53,38,28,44,44.0,1943.0,69245.16039999995,5227.6368999999995,47794.8911,711,57,0,128,0.5265098432040216,0.7272886392395745,0.5016165198489493,92,18667.846799999985,16168.781599999977,51,7,222.0,0,0,53,0.0,0,0.0,1.960630641589497e6,0.0,0,0,0,1.5,0,0.0,0,0,0.0,0,0.0,0,0,6385.217900000002,89.0,9417.6548,4,1397.4319999999998,1384.8422000000116,9.58314030786026,5120.0,51.015625,2.8668314225260416,10,0,0.0,0,555.5639753041088,2612.0,68,9.695462449808664,0,0,6,0.0,0.0,0.0,0.0,0.0,0.0,0.0,0.0,0,0,0,0,175,0.0,6,6,32809.7995,3072,3877.1736,3877.1736,2904.228800000001,20009.915008697033,9393.924354348515,10615.990654348516,808.1036,589.3284000000001,17642.58210000001,29630.3833,0.7281916229812904,376,170365.70336856678,128,1.7902649382209312e6,4,0.0,4,10050.69,2,756.3212,-15067.1052,1688.328435988013,2131.77755,0,0,468,468,"EB best SuMSy village, full money stock",sumsy,6,-5.820766091346741e-11
97,504,4,4,133709.5694,0.0,46201.7145,3069.721499999999,16858.5985,,16858.5985,0.0,0.0,0.0,0.0,0.0,0.0025,1215.7106,5079.923200000001,0.0,1.0,1791.4933000000015,1755.661116666667,0.0,0.0,1.0,0.0,0.0,1.0,0.0,0,0,0.9244791666666666,0.7276878133206957,0.0,0.0,2.0,0.0,1.0,0,0,6,0.2500074949950089,512,508.7328141823581,2.4247002012358103,511.1575143835938,17.911407638161208,0.15817439515665196,18.06958203331786,0.0,0.0,0.0,0.0,0,0,0.0,0.0,0.0,1.0,1.0,0.0,0.0,0.0,0.0,0.5,0.25,0.0,-12787.70356194819,187.7413,4754,2520.0,2465.174999999998,4402.0699,1226.961799999999,0.0,0.0,0.0,0.0,0.0,444,753.2036,2520.0,2465.174999999998,1226.961799999999,270.0,0.0,132.9499,0.015,16.933733719704946,18.979492210526338,29.443464705882345,6.004552038369298,11.855992088986262,31.616905966291437,950.0,949.0,475.0,1911.6666666666672,1228.0,194.0,174,45,40,21,51,35.0,1957.0,68830.73179999998,5160.273,48654.8357,710,58,0,128,0.5289538880015678,0.7276878133206957,0.517358770757629,95,18441.7733,16070.113299999994,57,6,204.0,0,0,45,0.0,0,0.0,1.9787737832086033e6,0.0,0,0,0,1.5,0,0.0,0,0,0.0,0,0.0,0,0,6006.466799999998,82.0,9094.8147,4,1372.0859,1360.3447000000103,9.635779209569572,5120.0,51.015625,2.9467467057291663,13,0,0.0,0,455.75434861729536,2612.0,68,9.816473384048129,0,0,6,0.0,0.0,0.0,0.0,0.0,0.0,0.0,0.0,0,0,0,0,174,0.0,6,6,31698.7675,3072,3877.1736,3877.1736,3009.0624,20688.78300422625,10788.911686156493,9899.871318069758,752.168,619.9179,17652.5169,31211.155899999998,0.7285566763485658,376,171126.66894261885,128,1.8076471142659828e6,4,0.0,4,9721.5005,2,753.2036,-15642.8879,1688.328435988013,2156.6086999999998,0,0,475,475,"EB best SuMSy village, full money stock",sumsy,6,-5.820766091346741e-11
98,504,4,4,133762.80710000012,0.0,48207.54329999999,4185.1488,17459.03,,17459.03,0.0,0.0,0.0,0.0,0.0,0.0025,1216.2736,5129.069250000001,0.0,1.0,1816.1421000000012,1787.7819250000007,0.0,0.0,1.0,0.0,0.0,1.0,0.0,0,0,0.9231770833333334,0.7289698647789005,0.0,104.0,0.0,0.0,1.0,0,0,6,0.2500074011129081,512,514.1586869078882,2.34309153051245,516.5017784384006,17.309926437481934,0.16810167486498065,17.478028112346916,0.0,0.0,0.0,0.0,0,0,0.0,0.0,0.0,1.0,1.0,0.0,0.0,0.0,0.0,0.5,0.25,0.0,-13012.124208605223,187.7413,4826,2520.0,2466.7622999999985,9342.629499999997,1227.6791000000003,0.0,0.0,0.0,0.0,0.0,457,755.1931999999999,2520.0,2466.7622999999985,1227.6791000000003,270.0,0.0,247.0759,0.015,16.99180031413611,19.03289016736394,29.580586274509784,6.0697281622911685,11.864984406022991,31.030620428045548,956.0,955.0,478.0,1930.6666666666672,1235.0000000000002,195.0,177,53,45,24,50,46.0,1944.0,67896.40900000003,6858.6858999999995,47702.828100000006,709,59,0,128,0.527270829373621,0.7289698647789005,0.5260558448392538,102,18594.10649999998,16227.169299999987,60,10,204.0,0,0,53,0.0,0,0.0,2.000597794717992e6,0.0,0,0,0,1.5,0,0.0,0,0,0.0,0,0.0,0,0,6034.439599999996,82.0,9333.417300000001,4,1295.0261,1284.667400000012,10.438662473272423,5120.0,51.015625,2.9930407096354164,16,0,0.0,0,558.7368542571418,2612.0,68,9.986162407591877,0,0,6,0.0,0.0,0.0,0.0,0.0,0.0,0.0,0.0,0,0,0,0,177,0.0,6,6,33597.185,3072,3877.1736,3877.1736,3028.8280999999997,18753.334378627875,8058.086571696005,10695.247806931871,664.5006,630.5255,17312.313,30297.746300000003,0.7295315716829194,376,178494.35586585908,128,1.822103438852132e6,4,0.0,4,11276.954700000004,2,755.1931999999999,-16242.756399999998,1789.628142147294,2156.6086999999998,0,0,478,478,"EB best SuMSy village, full money stock",sumsy,6,-5.820766091346741e-11
99,504,4,4,133809.94929999995,0.0,48195.99650000001,2279.765,18055.783199999998,,18055.783199999998,0.0,0.0,0.0,0.0,0.0,0.0025,1219.2367,5173.502325000001,0.0,1.0,1813.0268,1815.8392166666674,0.0,0.0,1.0,0.0,0.0,1.0,0.0,0,0,0.921875,0.7282091432133582,0.0,0.0,0.0,0.0,1.0,0,0,6,0.29902798717140433,512,508.08920328812064,2.391967226388417,510.4811705145091,17.301961214516957,0.12015689698880519,17.422118111505764,0.0,0.0,0.0,0.0,0,0,0.0,0.0,0.0,1.0,1.0,0.0,0.0,0.0,0.0,0.5,0.25,0.0,-13250.627889003597,187.7413,4914,2520.0,2472.8578000000007,7477.148500000002,1230.6983000000002,0.0,0.0,0.0,0.0,0.0,456,757.5362,2520.0,2472.8578000000007,1230.6983000000002,270.0,0.0,246.5255,0.015,17.034893089005223,19.143706553911244,29.88291361256544,6.060291283292974,11.932606748852907,32.61242673245214,946.0,955.0,473.0,1915.0000000000007,1219.0000000000002,194.0,179,51,42,32,58,51.0,1949.0,67227.73260000008,6084.3984,48747.0201,708,60,0,128,0.5409770043865911,0.7282091432133582,0.5126326902599279,112,18455.04359999999,16268.322899999986,61,3,191.0,0,0,51,0.0,0,0.0,1.9908186565842794e6,0.0,0,0,0,1.5,0,0.0,0,0,0.0,0,0.0,0,0,5707.636499999999,77.0,9774.025300000001,4,1533.2703999999999,1520.2827999999843,10.133590366919902,5120.0,51.015625,3.0416424153645836,11,0,0.0,0,366.29786885112713,2612.0,68,10.111126773421699,0,0,6,0.0,0.0,0.0,0.0,0.0,0.0,0.0,0.0,0,0,0,0,179,0.0,6,6,32993.6058,3072,3877.1736,3877.1736,3004.8451999999984,19757.446333416767,9687.520936071367,10069.9253973454,831.7357999999999,701.5346,17025.5981,31611.838000000003,0.728851454397587,376,176917.17118025388,128,1.8139014854040248e6,4,0.0,4,10849.224100000003,2,757.5362,-16836.546499999997,1789.628142147294,2156.6086999999998,0,0,473,473,"EB best SuMSy village, full money stock",sumsy,6,-5.820766091346741e-11
100,504,4,4,133853.99229999993,0.0,48257.79520000001,2239.1225,18654.171199999997,,18654.171199999997,0.0,0.0,0.0,0.0,0.0,0.0025,1221.0463,5217.009225000002,0.0,1.0,1817.6246999999987,1843.6227000000013,0.0,0.0,1.0,0.0,0.0,1.0,0.0,0,0,0.9205729166666666,0.7279170273839515,0.0,0.0,1.0,0.0,1.0,0,0,6,0.2510230106925761,512,520.7170562897395,2.469686927050847,523.1867432167903,17.31598827528806,0.14068095335137476,17.456669228639434,0.0,0.0,0.0,0.0,0,0,0.0,0.0,0.0,1.0,1.0,0.0,0.0,0.0,0.0,0.5,0.25,0.0,-13468.879282194634,187.7413,5004,2520.0,2475.956999999999,7775.500999999999,1232.3344999999997,0.0,0.0,0.0,0.0,0.0,511,749.8040000000001,2520.0,2475.956999999999,1232.3344999999997,270.0,0.0,354.6644,0.015,17.204408543263977,19.068963213530633,30.319242639593877,6.0882033980582415,12.212412715749496,34.58931868514296,946.0,913.0,473.0,1910.000000000001,1221.0,194.0,179,68,54,27,53,38.0,1936.0,67433.26839999999,5549.407499999999,48448.476800000004,707,61,0,128,0.5474871698586528,0.7279170273839515,0.5212177604465371,118,18819.35150000002,15707.625000000011,59,6,197.0,0,0,68,0.0,0,0.0,2.0321353472993276e6,0.0,0,0,0,1.5,0,0.0,0,0,0.0,0,0.0,0,0,5972.890799999994,79.0,10451.9893,4,1585.5947,1571.4005000000045,11.282136600116402,5120.0,51.015625,3.070202757161459,10,0,0.0,0,313.035073711507,2612.0,68,10.077190788416704,0,0,6,0.0,0.0,0.0,0.0,0.0,0.0,0.0,0.0,0,0,0,0,179,0.0,6,6,32372.8268,3072,3877.1736,3877.1736,2943.8552999999997,20785.645216793513,11193.42530085572,9592.219915937792,909.2986,676.2961,17112.680099999998,32077.0468,0.7284610419451509,376,192086.19574760334,128,1.840049151551722e6,4,0.0,4,11155.3068,2,749.8040000000001,-17433.124899999995,1789.628142147294,2164.6505,0,0,473,473,"EB best SuMSy village, full money stock",sumsy,6,-5.820766091346741e-11
101,504,4,4,133901.2333999999,0.0,50776.68009999999,4646.370299999998,19259.372999999996,,19259.372999999996,0.0,0.0,0.0,0.0,0.0,0.0025,1218.9875,5260.933250000002,0.0,1.0,1826.2480999999996,1873.306025000001,0.0,0.0,1.0,0.0,0.0,1.0,0.0,0,0,0.9192708333333334,0.7254713179625416,0.0,0.0,0.0,0.0,1.0,0,0,6,0.250128716080929,512,495.4233658986313,2.6661113009274446,498.08947719955876,16.95245699766832,0.137085909932278,17.0895429076006,0.0,0.0,0.0,0.0,0,0,0.0,0.0,0.0,1.0,1.0,0.0,0.0,0.0,0.0,0.5,0.25,0.0,-13693.883411548451,187.7413,5082,2520.0,2472.7588999999994,9686.5672,1230.5823000000005,0.0,0.0,0.0,0.0,0.0,452,753.2804000000001,2520.0,2472.7588999999994,1230.5823000000005,270.0,0.0,315.3029,0.015,17.31357292576419,19.423606250000034,30.57325686274511,6.115802985074629,12.432638395740605,34.66665871985959,928.0,916.0,464.0,1905.0000000000007,1205.0,193.0,181,67,52,35,50,35.0,1927.0,67522.77209999997,6866.4287,48615.1306,706,62,0,128,0.530354945549347,0.7254713179625416,0.5256413816713545,107,18842.212500000016,15859.2328,58,8,204.0,0,0,67,0.0,0,0.0,1.9796187712872075e6,0.0,0,0,0,1.5,0,0.0,0,0,0.0,0,0.0,0,0,6236.944400000003,82.0,8924.6341,4,1418.7071999999998,1404.5964999999874,9.615073792053836,5120.0,51.015625,3.0519534212239585,6,0,0.0,0,405.33934601826024,2612.0,68,9.304148389349544,0,0,6,0.0,0.0,0.0,0.0,0.0,0.0,0.0,0.0,0,0,0,0,181,0.0,6,6,33263.418699999995,3072,3877.1736,3877.1736,3029.4853,18945.334053809853,9979.463815210183,8965.87023859967,902.7128,515.9944,16379.767099999997,31142.774699999998,0.7257982844834414,376,175403.27413230573,128,1.8042154971549013e6,4,0.0,4,11532.716900000001,2,753.2804000000001,-18040.385499999997,1789.628142147294,2164.6505,0,0,464,464,"EB best SuMSy village, full money stock",sumsy,6,-5.820766091346741e-11
102,503,4,4,133948.22450000007,0.0,51424.61009999995,3017.5989999999997,19868.700199999996,,19868.700199999996,0.0,0.0,0.0,0.0,0.0,0.0025,1219.0393,5299.368400000001,0.0,1.0,1828.3146999999983,1898.5295166666676,0.0,0.0,1.0,0.0,0.0,1.0,0.0,0,0,0.91796875,0.7251067002030753,0.0,0.0,1.0,0.0,1.0,0,0,6,0.2503395201448619,512,488.73258221456126,2.700300150106016,491.4328823646673,16.762340866577105,0.14177010201905857,16.904110968596164,0.0,0.0,0.0,0.0,0,0,0.0,0.0,0.0,1.0,1.0,0.0,0.0,0.0,0.0,0.5,0.25,0.0,-13943.693153044007,264.9421,5149,2520.0,2473.008900000004,6252.4608,1230.6822,0.0,0.0,0.0,0.0,0.0,420,765.8009999999999,2520.0,2473.008900000004,1230.6822,270.0,0.0,295.3003,0.015,17.52897308510639,19.718138043478255,30.97665691489363,6.214455415617126,12.404801933580426,35.854940176767826,920.0,940.0,460.0,1884.3333333333342,1188.6666666666663,192.0,177,60,46,27,52,36.0,1943.0,67093.75100000009,6872.2961000000005,48841.7442,705,63,0,128,0.5249365679275266,0.7251067002030753,0.5130163168401074,109,18631.659900000028,16477.234700000008,56,4,188.0,0,0,60,0.0,0,0.0,1.9696331809073908e6,0.0,0,0,0,1.5,0,0.0,0,0,0.0,0,0.0,0,0,5823.611500000003,76.0,9155.5929,4,1440.4031,1426.040000000016,9.29857757909033,5120.0,51.015625,3.132019090169271,15,0,0.0,0,503.15380133904995,2612.0,68,9.668890230259924,0,0,6,0.0,0.0,0.0,0.0,0.0,0.0,0.0,0.0,0,0,0,0,177,0.0,6,6,33727.161,3072,3877.1736,3877.1736,3197.139,18724.553005525027,8935.305252762515,9789.247752762512,819.2135999999999,621.1895,16078.4891,31142.4722,0.7253961290221169,375,172062.8594705045,128,1.7975703214368846e6,4,0.0,4,12089.7432,2,765.8009999999999,-18649.660899999995,1789.628142147294,2167.72415,1,0,460,460,"EB best SuMSy village, full money stock",sumsy,6,-5.820766091346741e-11
103,503,4,4,133987.10820000002,0.0,54174.176199999965,4996.467199999997,20520.000499999995,,20520.000499999995,0.0,0.0,0.0,0.0,0.0,0.0025,1219.6797,5349.581150000001,0.0,1.0,1870.3395999999989,1931.316533333334,0.0,0.0,1.0,0.0,0.0,1.0,0.0,0,0,0.9166666666666666,0.7249877154333617,0.0,102.0,0.0,0.0,1.0,0,0,6,0.32435239513298697,512,480.18957005455593,2.7658398861407547,482.95540994069665,15.461103265100661,0.16104411743312722,15.62214738253379,0.0,0.0,0.0,0.0,0,0,0.0,0.0,0.0,1.0,1.0,0.0,0.0,0.0,0.0,0.5,0.25,0.0,-14190.797225475668,264.9421,5216,2515.0,2476.1163000000006,9923.606799999998,1231.9322999999993,0.0,0.0,0.0,0.0,0.0,456,770.0001,2515.0,2476.1163000000006,1231.9322999999993,269.5,0.0,180.01390000000004,0.015,17.580203908794807,19.562213034188098,31.46339310344826,6.271660643564355,12.325712502646331,37.03495849691624,936.0,921.0,468.0,1911.666666666667,1202.0,194.0,182,62,48,31,44,34.0,1933.0,65049.852800000015,8122.0906,50533.0723,704,64,0,128,0.5205858360126174,0.7249877154333617,0.5318912226796788,112,18796.630400000016,16191.367800000016,49,5,174.0,0,0,62,0.0,0,0.0,1.9603089788998032e6,0.0,0,0,0,1.5,0,0.0,0,0,0.0,0,0.0,0,0,5474.630399999997,70.0,8292.4127,4,1436.3163000000002,1423.949500000005,9.04163635606755,5120.0,51.015625,3.1752994140625,10,0,0.0,0,351.16258758102794,2612.0,68,9.506117743537908,0,0,6,0.0,0.0,0.0,0.0,0.0,0.0,0.0,0.0,0,0,0,0,182,0.0,6,6,35860.6529,3072,3877.1736,3877.1736,3144.421799999999,18341.392050220966,6547.819559136682,11793.572491084284,704.7464,731.5699,15517.4234,31086.922699999996,0.7252068686969828,375,168561.99537628941,128,1.791746983523512e6,4,0.0,4,11740.920600000001,2,770.0001,-19300.320799999994,1897.0058306761318,2167.72415,0,0,468,468,"EB best SuMSy village, full money stock",sumsy,6,-5.820766091346741e-11
104,503,4,4,134026.1467,0.0,54601.27129999998,2817.6566000000007,21166.457199999997,,21166.457199999997,0.0,0.0,0.0,0.0,0.0,0.0025,1220.26,5394.617725000001,0.0,1.0,1866.1364000000021,1960.6417166666672,0.0,0.0,1.0,0.0,0.0,1.0,0.0,0,0,0.9153645833333334,0.726039622112362,0.0,0.0,2.0,0.0,1.0,0,0,6,0.2500510250093744,512,495.0799436624487,2.862327584421077,497.9422712468698,15.366854980837365,0.15081116315571544,15.51766614399308,0.0,0.0,0.0,0.0,0,0,0.0,0.0,0.0,1.0,1.0,0.0,0.0,0.0,0.0,0.5,0.25,0.0,-14462.098282213105,264.9421,5286,2515.0,2475.961500000001,9080.1263,1232.0726999999997,0.0,0.0,0.0,0.0,0.0,441,783.9009000000001,2515.0,2475.961500000001,1232.0726999999997,269.5,0.0,178.37949999999998,0.015,17.602337363834426,19.63414242424241,31.714973626373627,6.2721340050377865,12.489025876609508,36.65627860502183,924.0,918.0,462.0,1896.333333333334,1192.0,193.0,182,65,44,40,44,30.0,1929.0,65923.68290000006,6266.8244,50241.026099999995,703,65,0,128,0.510873621929814,0.726039622112362,0.5132383593748473,111,18806.8195,16158.945700000002,49,5,182.0,0,0,65,0.0,0,0.0,2.0101953799238405e6,0.0,0,0,0,1.5,0,0.0,0,0,0.0,0,0.0,0,0,5772.1252,73.0,9590.4524,4,1641.1645,1625.705100000011,9.741587028659524,5120.0,51.015625,3.249664156901042,32,0,0.0,0,862.2534375547217,2612.0,68,9.680739340649895,0,0,6,0.0,0.0,0.0,0.0,0.0,0.0,0.0,0.0,0,0,0,0,182,0.0,6,6,34203.54669999999,3072,3877.1736,3877.1736,3307.0702,19524.189090855893,9298.299309762637,10225.889781093252,880.6179,760.5466,15336.205500000004,31894.756200000003,0.7263409527360405,375,175219.92538728908,128,1.8349754545365493e6,4,0.0,4,12236.617599999996,2,783.9009000000001,-19946.1972,1897.0058306761318,2206.08465,0,0,462,462,"EB best SuMSy village, full money stock",sumsy,6,-5.820766091346741e-11
105,503,4,4,134065.17370000007,0.0,55106.29380000004,2814.9057999999986,21805.002399999998,,21805.002399999998,0.0,0.0,0.0,0.0,0.0,0.0025,1220.5335,5433.235300000001,0.0,1.0,1858.8052000000016,1985.9834083333342,0.0,0.0,1.0,0.0,0.0,1.0,0.0,0,0,0.9140625,0.725719955543447,0.0,0.0,2.0,0.0,1.0,0,0,6,0.2500225459343747,512,519.4837881271899,3.0640214664775622,522.5478095936674,15.295885678977184,0.1552623349678067,15.45114801394499,0.0,0.0,0.0,0.0,0,0,0.0,0.0,0.0,1.0,1.0,0.0,0.0,0.0,0.0,0.5,0.25,0.0,-14724.440890566158,264.9421,5349,2515.0,2475.972999999998,5634.9838,1232.169800000001,0.0,0.0,0.0,0.0,0.0,460,788.0260000000001,2515.0,2475.972999999998,1232.169800000001,269.5,0.0,105.09590000000001,0.015,17.67611960784316,19.944738394793955,31.940282777777774,6.298007088607599,12.631664134922193,38.182411559769214,922.0,918.0,461.0,1884.0000000000007,1188.0,192.0,179,65,53,28,43,33.0,1931.0,66290.49979999999,5402.879199999999,50245.0359,702,66,0,128,0.5027160510668502,0.725719955543447,0.5135655682349625,102,18917.042399999988,16226.67780000002,45,2,180.0,0,0,65,0.0,0,0.0,2.1172348929778324e6,0.0,0,0,0,1.5,0,0.0,0,0,0.0,0,0.0,0,0,5749.250899999999,72.0,10118.1993,4,1676.6056999999998,1659.8872000000088,9.857137423359665,5120.0,51.031901041666664,3.4330122884114584,9,0,0.0,0,425.95018212574814,2612.8333333333335,68,9.532962167935562,0,0,6,0.0,0.0,0.0,0.0,0.0,0.0,0.0,0.0,0,0,0,0,179,0.0,6,6,32929.2674,3072,3877.1736,3877.1736,3559.6392,20655.94758011212,11296.833697981576,9359.113882130543,951.4933,725.1124,16853.9875,32836.847,0.7263278830402016,375,180707.81393708746,128,1.936527079040748e6,4,0.0,4,12460.352799999999,2,788.0260000000001,-20584.468899999996,1897.0058306761318,2347.0957,0,0,461,461,"EB best SuMSy village, full money stock",sumsy,6,-5.820766091346741e-11
106,503,4,4,134108.16100000014,0.0,57619.509400000105,4901.8802000000005,22460.790599999997,,22460.790599999997,0.0,0.0,0.0,0.0,0.0,0.0025,1217.9956,5469.544150000001,0.0,1.0,1876.3217000000013,2010.844866666667,0.0,0.0,1.0,0.0,0.0,1.0,0.0,0,0,0.9127604166666666,0.7236911514438764,0.0,0.0,0.0,0.0,1.0,0,0,6,0.250142212972598,512,506.6863566697716,3.3345341968962448,510.02089086666786,14.970592577489876,0.19029538578747132,15.160887963277347,0.0,0.0,0.0,0.0,0,0,0.0,0.0,0.0,1.0,1.0,0.0,0.0,0.0,0.0,0.5,0.25,0.0,-14996.042350567386,264.9421,5410,2515.0,2472.0127000000007,8103.939900000001,1230.0034000000007,0.0,0.0,0.0,0.0,0.0,416,793.8154,2515.0,2472.0127000000007,1230.0034000000007,269.5,0.0,126.6988,0.015,17.79868623655915,19.98740676855896,33.16798571428573,6.3530312020460356,12.77437596525802,41.396086098105876,916.0,930.0,458.0,1898.3333333333337,1179.0000000000002,193.0,185,72,50,33,46,44.0,1921.0,66805.09249999993,7080.8516,50363.2275,701,67,0,128,0.49089090573461824,0.7236911514438764,0.5252221981973155,93,18962.600400000018,16552.778200000008,50,4,168.0,0,0,72,0.0,0,0.0,2.0926997326764753e6,0.0,0,0,0,1.5,0,0.0,0,0,0.0,0,0.0,0,0,5572.221600000002,68.0,7847.178400000001,4,1406.5370999999998,1391.4795000000145,9.128019001493852,5120.0,51.031901041666664,3.4343493326822916,8,0,0.0,0,450.72301977811253,2612.8333333333335,68,9.410209647384226,0,0,6,0.0,0.0,0.0,0.0,0.0,0.0,0.0,0.0,0,0,0,0,185,0.0,6,6,33298.8254,3072,3877.1736,3877.1736,3824.900000000001,18928.516661129936,10291.639744235557,8636.876916894376,854.6648000000001,551.8723,15979.511900000001,31992.432099999998,0.7240428951212681,375,176598.64893576087,128,1.9161010837407159e6,4,0.0,4,12865.494799999999,2,793.8154,-21242.795,1897.0058306761318,2347.0957,0,0,458,458,"EB best SuMSy village, full money stock",sumsy,6,-5.820766091346741e-11
107,502,4,4,134152.2429,0.0,58414.46319999996,3431.2922999999996,23122.335699999996,,23122.335699999996,0.0,0.0,0.0,0.0,0.0,0.0025,1217.642,5504.699275,0.0,1.0,1879.5406999999984,2034.0183583333335,0.0,0.0,1.0,0.0,0.0,1.0,0.0,0,0,0.9114583333333334,0.7223753898112883,0.0,0.0,1.0,0.0,1.0,0,0,6,0.2502468765981487,512,614.2301502793483,4.594152984844559,618.824303264193,14.171372181498805,0.1767229872022328,14.348095168701038,0.0,0.0,0.0,0.0,0,0,0.0,0.0,0.0,1.0,1.0,0.0,0.0,0.0,0.0,0.5,0.25,0.0,-15294.753050163774,288.74139999999994,5473,2515.0,2470.918099999997,8269.963899999997,1229.5211000000002,0.0,0.0,0.0,0.0,0.0,344,807.6216,2515.0,2470.918099999997,1229.5211000000002,269.5,0.0,218.23920000000004,0.015,17.952591995731062,19.966589782608832,33.59705923913044,6.356317602040818,12.964441666594238,40.1542035151627,920.0,937.0,460.0,1883.666666666667,1186.6666666666667,192.0,179,56,38,27,48,32.0,1932.0,66202.42000000006,5520.0425,51295.3532,700,68,0,128,0.474420922620286,0.7223753898112883,0.5273596736256532,81,19316.427100000015,16821.578700000005,52,4,184.0,0,0,56,0.0,0,0.0,2.5962935488239382e6,0.0,0,0,0,1.5,0,0.0,0,0,0.0,0,0.0,0,0,6181.858900000001,74.0,9109.1636,4,1577.0779000000002,1558.9979999999985,9.16073755123482,5120.0,51.061197916666664,4.235124986979168,5,0,0.0,0,358.6378092285655,2614.3333333333335,68,9.391004194264145,0,0,6,0.0,0.0,0.0,0.0,0.0,0.0,0.0,0.0,0,0,0,0,179,0.0,6,6,35218.631299999994,3072,3877.1736,3877.1736,4032.5267999999996,20875.779390879594,9435.321045439796,11440.458345439798,926.5992,650.4787,14158.429800000004,30705.928000000004,0.7239987372988659,374,195289.161238264,128,2.4010043875856698e6,4,0.0,4,12488.6835,2,807.6216,-21904.693699999996,1897.0058306761318,3031.7794,1,0,460,460,"EB best SuMSy village, full money stock",sumsy,6,-5.820766091346741e-11
108,502,4,4,134189.94429999994,0.0,59190.452700000016,3404.2241000000013,23810.361299999997,,23810.361299999997,0.0,0.0,0.0,0.0,0.0,0.0025,1218.0051,5537.415225,0.0,1.0,1905.6675999999984,2055.2135499999995,0.0,0.0,1.0,0.0,0.0,1.0,0.0,0,0,0.91015625,0.7233483178325086,0.0,0.0,0.0,0.0,1.0,0,0,6,0.25015393009686543,512,619.8280612637623,4.657882911422509,624.4859441751848,13.794688146362857,0.1689043565809908,13.963592502943847,0.0,0.0,0.0,0.0,0,0,0.0,0.0,0.0,1.0,1.0,0.0,0.0,0.0,0.0,0.5,0.25,0.0,-15595.747088772914,288.74139999999994,5539,2510.0,2472.298600000002,10453.026999999996,1230.1013000000003,0.0,0.0,0.0,0.0,0.0,329,814.2297000000001,2510.0,2472.298600000002,1230.1013000000003,269.0,0.0,184.18979999999996,0.015,18.193888473520246,20.475552109704623,34.258990804597694,6.456592839506173,12.892605996438736,40.65466531503507,948.0,963.0,474.0,1902.6666666666665,1213.0,193.0,175,51,37,23,52,36.0,1943.0,65459.00810000001,5741.2844000000005,52111.209599999995,699,69,0,128,0.47372322965723,0.7233483178325086,0.5026484048897097,87,19695.46779999998,17520.714599999996,59,7,174.0,0,0,51,0.0,0,0.0,2.621324989225263e6,0.0,0,0,0,1.5,0,0.0,0,0,0.0,0,0.0,0,0,5961.064399999999,70.0,8846.2074,4,1475.1164,1458.9246999999943,10.035577324697993,5120.0,51.051432291666664,4.300645644531251,11,0,0.0,0,609.0051862976517,2613.8333333333335,68,9.50803148784521,0,0,6,0.0,0.0,0.0,0.0,0.0,0.0,0.0,0.0,0,0,0,0,175,0.0,6,6,34208.9874,3072,3877.1736,3877.1736,4059.411,21732.835279999046,10994.62161780543,10738.213662193619,827.8754,647.241,15033.733699999997,32489.713999999996,0.7248746828737522,374,202405.66546293706,128,2.4189193237623307e6,4,0.0,4,12456.154400000005,2,814.2297000000001,-22592.3562,1897.0058306761318,3031.7794,0,0,474,474,"EB best SuMSy village, full money stock",sumsy,6,-5.820766091346741e-11
109,502,4,4,134225.91619999995,0.0,59706.742399999996,3029.5601000000015,24533.646299999997,,24533.646299999997,0.0,0.0,0.0,0.0,0.0,0.0025,1218.7013,5574.864424999999,0.0,1.0,1941.2900999999986,2079.6186083333323,0.0,0.0,1.0,0.0,0.0,1.0,0.0,0,0,0.9088541666666666,0.7237744533120933,0.0,0.0,1.0,0.0,1.0,0,0,6,0.2501307354217407,512,627.0006670604075,4.684443645895112,631.6851107063027,13.441665169924065,0.17693930600296412,13.618604475927029,0.0,0.0,0.0,0.0,0,0,0.0,0.0,0.0,1.0,1.0,0.0,0.0,0.0,0.0,0.5,0.25,0.0,-15883.796826097872,288.74139999999994,5609,2510.0,2474.0281000000004,8444.8892,1230.9098999999994,0.0,0.0,0.0,0.0,0.0,414,815.8481,2510.0,2474.0281000000004,1230.9098999999994,269.0,0.0,170.5892,0.015,18.234330264550273,20.356934937238425,34.83064269005848,6.519656372549025,12.825468059070126,39.435025355584024,956.0,945.0,478.0,1918.0000000000002,1220.9999999999998,194.0,177,45,35,24,39,32.0,1951.0,65157.196100000016,5733.2117,52662.8428,698,70,0,128,0.4766289754711095,0.7237744533120933,0.5228542581242994,88,19767.06849999998,17231.442100000007,46,7,171.0,0,0,45,0.0,0,0.0,2.6764552248169295e6,0.0,0,0,0,1.5,0,0.0,0,0,0.0,0,0.0,0,0,5956.039900000001,69.0,8638.1162,4,1407.0055,1391.899000000007,10.610976973372766,5120.0,51.015625,4.412255693359375,23,0,0.0,0,936.9480733615934,2612.0,68,9.538476358667445,0,0,6,0.0,0.0,0.0,0.0,0.0,0.0,0.0,0.0,0,0,0,0,177,0.0,6,6,33149.0826,3072,3877.1736,3877.1736,3968.4591000000005,22038.07867463818,12158.118961880336,9879.959712757844,772.4733,634.5322,14145.2214,33885.0881,0.7252856163959014,374,209918.25645994808,128,2.4665369683569847e6,4,0.0,4,12313.023000000001,2,815.8481,-23314.944999999996,1897.0058306761318,3084.8464,0,0,478,478,"EB best SuMSy village, full money stock",sumsy,6,-5.820766091346741e-11
110,502,4,4,134260.5643000002,0.0,59999.6164,2853.3521000000005,25270.575699999998,,25270.575699999998,0.0,0.0,0.0,0.0,0.0,0.0025,1219.2933,5609.736574999998,0.0,1.0,1955.6306999999974,2102.346908333332,0.0,0.0,1.0,0.0,0.0,1.0,0.0,0,0,0.9075520833333334,0.7236194185790756,0.0,0.0,0.0,0.0,1.0,0,0,6,0.25049107989385344,512,620.2484887795692,4.656899329497081,624.9053881090663,13.162435281026182,0.1749679288305184,13.337403209856701,0.0,0.0,0.0,0.0,0,0,0.0,0.0,0.0,1.0,1.0,0.0,0.0,0.0,0.0,0.5,0.25,0.0,-16167.480887813153,288.74139999999994,5689,2510.0,2475.351899999998,8591.9797,1231.548699999999,0.0,0.0,0.0,0.0,0.0,398,812.8429,2510.0,2475.351899999998,1231.548699999999,269.0,0.0,243.46130000000005,0.015,18.31241842374616,20.155165263157937,35.2797802259887,6.531830445544554,12.869830504274516,38.2519745949165,950.0,977.0,475.0,1922.3333333333337,1218.0,195.0,178,43,36,27,56,48.0,1951.0,63940.178099999976,5539.4668,53086.17079999999,697,71,0,128,0.48447644006714796,0.7236194185790756,0.5224162442077775,102,19785.980400000004,17891.232799999998,62,6,177.0,0,0,43,0.0,0,0.0,2.658961299844191e6,0.0,0,0,0,1.5,0,0.0,0,0,0.0,0,0.0,0,0,6244.5211,71.0,9662.6124,4,1628.4362999999998,1611.6453999999974,10.123415709370104,5120.0,51.018880208333336,4.511350576171875,18,0,0.0,0,462.8787422446534,2612.1666666666665,68,9.798410386966657,0,0,6,0.0,0.0,0.0,0.0,0.0,0.0,0.0,0.0,0,0,0,0,178,0.0,6,6,34672.8221,3072,3877.1736,3877.1736,3955.6338,22027.33551505729,11000.137944176073,11027.197570881217,861.3046999999999,767.1316,14152.991999999998,33615.4279,0.725120056055442,374,205373.98504699743,128,2.453587314797195e6,4,0.0,4,12922.155900000005,2,812.8429,-24051.282399999996,1897.0058306761318,3084.8464,0,0,475,475,"EB best SuMSy village, full money stock",sumsy,6,-5.820766091346741e-11
111,502,4,4,134289.89569999967,0.0,60861.2741,3334.8918000000003,26015.288299999997,,26015.288299999997,0.0,0.0,0.0,0.0,0.0,0.0025,1221.7678,5647.481349999998,0.0,1.0,1964.0058999999985,2126.397974999999,0.0,0.0,1.0,0.0,0.0,1.0,0.0,0,0,0.90625,0.7233753624896344,0.0,0.0,1.0,0.0,1.0,0,0,6,0.2946912704682563,512,607.2159005044598,4.46018745977355,611.6760879642333,12.655308689292783,0.12727035534409906,12.782579044636881,0.0,0.0,0.0,0.0,0,0,0.0,0.0,0.0,1.0,1.0,0.0,0.0,0.0,0.0,0.5,0.25,0.0,-16433.20689200648,288.74139999999994,5766,2510.0,2480.6686,8802.127899999998,1234.145699999999,0.0,0.0,0.0,0.0,0.0,458,800.5281,2510.0,2480.6686,1234.145699999999,269.0,0.0,214.34490000000002,0.015,18.34010593220339,20.56959999999996,35.82356626506023,6.496460294117648,12.849354065315985,39.820670986410114,960.0,944.0,480.0,1917.6666666666679,1224.0000000000002,195.0,177,47,37,30,52,40.0,1947.0,63494.13970000005,5643.447099999999,53589.0267,696,72,0,128,0.4840663199289472,0.7233753624896344,0.5283275724423644,112,19854.388599999995,17313.06,58,6,166.0,0,0,47,0.0,0,0.0,2.61483228387807e6,0.0,0,0,0,1.5,0,0.0,0,0,0.0,0,0.0,0,0,5946.711999999999,67.0,9540.9863,4,1658.0330999999999,1640.6731000000086,10.012445010361352,5120.0,51.015625,4.521253291015626,9,0,0.0,0,663.626122480131,2612.0,68,9.736700781506697,0,0,6,0.0,0.0,0.0,0.0,0.0,0.0,0.0,0.0,0,0,0,0,177,0.0,6,6,36006.0968,3072,3877.1736,3877.1736,3922.2318000000014,22549.838244015147,10062.979083869732,12486.859160145415,887.1755,770.8576,15399.680500000002,32767.3633,0.7247792210139103,374,204485.49614640916,128,2.410346787731657e6,4,0.0,4,12820.409800000003,2,800.5281,-24793.520499999995,1897.0058306761318,3031.7794,0,0,480,480,"EB best SuMSy village, full money stock",sumsy,6,-5.820766091346741e-11
112,502,4,4,134312.98349999977,0.0,61732.68150000002,3251.5272999999997,26750.408199999998,,26750.408199999998,0.0,0.0,0.0,0.0,0.0,0.0025,1225.1441,5682.297099999999,0.0,1.0,1956.8876999999982,2148.064908333333,0.0,0.0,1.0,0.0,0.0,1.0,0.0,0,0,0.9049479166666666,0.7230700154418486,0.0,0.0,1.0,0.0,1.0,0,0,6,0.25188934137363933,512,607.1460132100304,4.658620713672944,611.8046339237035,12.644121950943394,0.13047699990642903,12.774598950849823,0.0,0.0,0.0,0.0,0,0,0.0,0.0,0.0,1.0,1.0,0.0,0.0,0.0,0.0,0.5,0.25,0.0,-16690.372821183853,288.74139999999994,5851,2510.0,2486.9122000000034,10447.744699999997,1237.3521000000007,0.0,0.0,0.0,0.0,0.0,526,791.4268,2510.0,2486.9122000000034,1237.3521000000007,269.0,0.0,153.7887,0.015,18.474776327433613,20.57976772151907,36.04671500000001,6.559306982543633,13.016093642790096,38.87036483862625,948.0,904.0,474.0,1910.6666666666674,1216.0,194.0,179,58,47,36,42,28.0,1937.0,63398.22490000001,5616.0865,52801.2061,695,73,0,128,0.4946355213063187,0.7230700154418486,0.5353642609000382,121,19930.045800000018,16701.197799999987,48,6,180.0,0,0,58,0.0,0,0.0,2.6166664964041607e6,0.0,0,0,0,1.5,0,0.0,0,0,0.0,0,0.0,0,0,6488.408700000003,72.0,10480.8951,4,1658.1645,1639.5792999999924,10.084035303772616,5120.0,50.983072916666664,4.5318333007812495,4,0,0.0,0,423.80634937419927,2610.3333333333335,68,9.83259953796633,0,0,6,0.0,0.0,0.0,0.0,0.0,0.0,0.0,0.0,0,0,0,0,179,0.0,6,6,35645.144,3072,3877.1736,3877.1736,3968.424100000001,22161.974458236466,11002.206852635612,11159.767605600853,953.6098999999999,704.5546,15228.390000000007,33253.0437,0.7243471037299536,374,206610.40977964862,128,2.4100560866245124e6,4,0.0,4,13871.5677,2,791.4268,-25525.264099999997,1897.0058306761318,3031.7794,0,0,474,474,"EB best SuMSy village, full money stock",sumsy,6,-5.820766091346741e-11
113,502,4,4,134340.91670000006,0.0,62075.83910000001,2851.745400000001,27486.361100000002,,27486.361100000002,0.0,0.0,0.0,0.0,0.0,0.0025,1223.0753,5716.009324999999,0.0,1.0,1961.0970000000018,2170.857158333333,0.0,0.0,1.0,0.0,0.0,1.0,0.0,0,0,0.9036458333333334,0.7216928500020028,0.0,0.0,1.0,0.0,1.0,0,0,6,0.2502200087511861,512,534.0185853525134,4.1020415317625485,538.1206268842759,12.507783093258148,0.16582008602999734,12.673603179288145,0.0,0.0,0.0,0.0,0,0,0.0,0.0,0.0,1.0,1.0,0.0,0.0,0.0,0.0,0.5,0.25,0.0,-16964.511900061934,288.74139999999994,5922,2510.0,2482.0668000000005,5998.609099999995,1235.0482999999992,0.0,0.0,0.0,0.0,0.0,456,798.1057000000001,2510.0,2482.0668000000005,1235.0482999999992,269.0,0.0,122.7059,0.015,18.409761419068744,20.713742919389954,37.23162362637362,6.587523116883116,13.228207313510719,39.37865560183709,918.0,902.0,459.0,1893.0000000000005,1186.0,193.0,183,74,58,38,43,37.0,1914.0,63444.47589999999,5627.9846,51643.1578,694,74,0,128,0.4806999533426688,0.7216928500020028,0.5202011986614714,116,19701.32079999999,16605.60480000001,50,7,182.0,0,0,74,0.0,0,0.0,2.311416341322756e6,0.0,0,0,0,1.5,0,0.0,0,0,0.0,0,0.0,0,0,6776.155499999999,73.0,11604.1174,4,1785.7726000000002,1766.374900000021,9.50094753640816,5120.0,50.983072916666664,4.124372275390624,8,0,0.0,0,333.7060515710373,2610.3333333333335,68,10.008270801010374,0,0,6,0.0,0.0,0.0,0.0,0.0,0.0,0.0,0.0,0,0,0,0,183,0.0,6,6,34330.8191,3072,3877.1736,3877.1736,3953.9952000000003,21505.906731771203,11745.609531480273,9760.297200290936,992.3749,793.3977,14595.433799999995,34544.4407,0.7223156126383297,374,192660.04403973537,128,2.1187562972830194e6,4,0.0,4,15099.858699999997,2,798.1057000000001,-26263.2858,1897.0058306761318,2641.02845,0,0,459,459,"EB best SuMSy village, full money stock",sumsy,6,-5.820766091346741e-11
114,502,4,4,134372.64110000004,0.0,62300.44840000002,2801.6703,28197.2324,,28197.2324,0.0,0.0,0.0,0.0,0.0,0.0025,1221.0619,5742.417299999999,0.0,1.0,1933.9466000000011,2188.9310749999995,0.0,0.0,1.0,0.0,0.0,1.0,0.0,0,0,0.90234375,0.7233213859652927,0.0,0.0,1.0,0.0,1.0,0,0,6,0.25006087168249325,512,553.4305136066764,4.2770596299918955,557.7075732366683,12.652586347954031,0.1851656261264268,12.837751974080458,0.0,0.0,0.0,0.0,0,0,0.0,0.0,0.0,1.0,1.0,0.0,0.0,0.0,0.0,0.5,0.25,0.0,-17243.024770210148,288.74139999999994,5976,2510.0,2478.2755999999986,6978.333300000001,1233.1126000000008,0.0,0.0,0.0,0.0,0.0,427,801.3367000000001,2510.0,2478.2755999999986,1233.1126000000008,269.0,0.0,140.2698,0.015,18.645258671171167,20.735250000000033,39.1875237804878,6.588250670241287,13.85333475071272,50.05048087257117,896.0,888.0,448.0,1869.000000000001,1154.9999999999998,191.0,186,69,53,30,35,22.0,1918.0,64142.374100000074,5719.1927000000005,51925.4847,693,75,0,128,0.46918223759634925,0.7233213859652927,0.5401154861752611,104,19924.6657,16556.989699999995,44,9,164.0,0,0,69,0.0,0,0.0,2.3521903907399373e6,0.0,0,0,0,1.5,0,0.0,0,0,0.0,0,0.0,0,0,6426.7539,66.0,10563.190999999999,4,1796.0458,1776.3084999999828,10.876020056549672,5120.0,50.983072916666664,4.170990444335937,20,0,0.0,0,607.7380326777339,2610.3333333333335,67,9.914318656031204,0,0,6,0.0,0.0,0.0,0.0,0.0,0.0,0.0,0.0,0,0,0,0,186,0.0,6,6,35130.7805,3072,3877.1736,3877.1736,3779.8970999999997,20983.80787670394,10456.961949224657,10526.845927479282,1010.184,785.8618,13676.903399999992,33077.0879,0.7238167417224115,374,203457.654761781,128,2.148732735978158e6,4,0.0,4,14980.531300000002,2,801.3367000000001,-26976.1705,1897.0058306761318,2641.02845,0,0,448,448,"EB best SuMSy village, full money stock",sumsy,6,-5.820766091346741e-11
115,502,4,4,134405.68679999976,0.0,63293.46420000005,3664.6389000000004,28934.8564,,28934.8564,0.0,0.0,0.0,0.0,0.0,0.0025,1220.0205,5764.503874999999,0.0,1.0,1958.6859000000009,2203.969841666667,0.0,0.0,1.0,0.0,0.0,1.0,0.0,0,0,0.9010416666666666,0.7231729539060647,0.0,0.0,0.0,0.0,1.0,0,0,6,0.2518203991525575,512,548.9578360070631,4.0269850024258185,552.9848210094889,12.356962864571937,0.19404343290737208,12.55100629747931,0.0,0.0,0.0,0.0,0,0,0.0,0.0,0.0,1.0,1.0,0.0,0.0,0.0,0.0,0.5,0.25,0.0,-17523.364563627307,288.74139999999994,6037,2510.0,2476.9542999999985,6750.493699999999,1232.325299999998,0.0,0.0,0.0,0.0,0.0,384,803.6898,2510.0,2476.9542999999985,1232.325299999998,269.0,0.0,128.7062,0.015,18.895146940928264,21.13035720620836,40.140298648648674,6.6416802666666666,13.662093699919042,50.589163758985826,902.0,948.0,451.0,1883.3333333333342,1155.0,191.0,187,61,47,26,47,39.0,1933.0,64087.80540000002,5835.855100000001,53038.58290000001,692,76,0,128,0.46701119225972687,0.7231729539060647,0.5507021975060236,102,19740.39839999998,17912.599299999994,52,5,148.0,0,0,61,0.0,0,0.0,2.3587440338636287e6,0.0,0,0,0,1.5,0,0.0,0,0,0.0,0,0.0,0,0,5940.764200000003,60.0,9419.733100000001,4,1675.5426,1657.366299999997,11.167087499490103,5120.0,50.983072916666664,4.235583889973958,14,0,0.0,0,370.364861407423,2610.3333333333335,67,10.28992237762612,0,0,6,0.0,0.0,0.0,0.0,0.0,0.0,0.0,0.0,0,0,0,0,187,0.0,6,6,36132.235499999995,3072,3877.1736,3877.1736,3894.2015,21821.60997455077,9843.480215406817,11978.129759143954,932.6191,742.9235000000001,13233.028399999994,32161.935599999997,0.7235132767008008,374,207915.96009682785,128,2.1508280737668048e6,4,0.0,4,15069.201800000003,2,803.6898,-27714.835900000002,1897.0058306761318,2641.02845,0,0,451,451,"EB best SuMSy village, full money stock",sumsy,6,-5.820766091346741e-11
116,502,4,4,134435.10789999997,0.0,64059.91280000001,3411.3962,29720.554700000004,,29720.554700000004,0.0,0.0,0.0,0.0,0.0,0.0025,1221.4403,5799.399474999999,0.0,1.0,2005.7188000000026,2226.5991249999997,0.0,0.0,1.0,0.0,0.0,1.0,0.0,0,0,0.8997395833333334,0.7236225763205983,0.0,0.0,1.0,0.0,1.0,0,0,6,0.31675295857988167,512,472.4120494812943,2.997501501379501,475.4095509826738,11.974667871457388,0.14578574110123707,12.120453612558626,0.0,0.0,0.0,0.0,0,0,0.0,0.0,0.0,1.0,1.0,0.0,0.0,0.0,0.0,0.5,0.25,0.0,-17795.730448173425,288.74139999999994,6100,2510.0,2480.5788999999954,10202.257599999997,1234.0068999999987,0.0,0.0,0.0,0.0,0.0,414,804.1124,2510.0,2480.5788999999954,1234.0068999999987,269.0,0.0,60.8343,0.015,19.150823397435925,21.71128736616698,40.30537007299269,6.735616410256408,13.360742776840802,49.74341377696812,934.0,936.0,467.0,1903.0000000000005,1184.0,193.0,184,55,42,25,45,35.0,1931.0,63460.99580000007,6145.8937,53997.875799999994,691,77,0,128,0.4681435529225766,0.7236225763205983,0.5413306654135559,108,19926.195899999984,17925.170700000024,51,6,137.0,0,0,55,0.0,0,0.0,2.0257953013896258e6,0.0,0,0,0,1.5,0,0.0,0,0,0.0,0,0.0,0,0,5521.835699999998,55.0,8804.7899,4,1640.7169,1624.0913000000132,11.327974298050448,5120.0,50.983072916666664,3.7198963053385423,34,0,0.0,0,829.9765971281893,2610.3333333333335,67,10.422994956187539,0,0,6,0.0,0.0,0.0,0.0,0.0,0.0,0.0,0.0,0,0,0,0,184,0.0,6,6,35333.6542,3072,3877.1736,3877.1736,3990.1396999999997,23668.361842518912,11168.392124543167,12499.969717975746,850.8489999999999,789.8679,12779.3592,33614.9052,0.7229652523719192,374,198428.0527532126,128,1.8273672486364134e6,4,0.0,4,14528.317599999993,2,804.1124,-28499.114400000006,1897.0058306761318,2179.0988,0,0,467,467,"EB best SuMSy village, full money stock",sumsy,6,-5.820766091346741e-11
117,502,4,4,134464.22490000012,0.0,67458.49180000002,6060.654700000002,30531.973900000005,,30531.973900000005,0.0,0.0,0.0,0.0,0.0,0.0025,1221.2349,5842.913049999999,0.0,1.0,2032.8595000000023,2255.520825,0.0,0.0,1.0,0.0,0.0,1.0,0.0,0,0,0.8984375,0.7214955127992404,0.0,0.0,0.0,0.0,1.0,0,0,6,0.2500874660048794,512,457.23856297592204,3.0803367370286,460.3188997129506,11.033077200653924,0.1700428191738222,11.203120019827745,0.0,0.0,0.0,0.0,0,0,0.0,0.0,0.0,1.0,1.0,0.0,0.0,0.0,0.0,0.5,0.25,0.0,-18067.282854190194,288.74139999999994,6168,2510.0,2480.883000000003,9667.6969,1234.0396000000003,0.0,0.0,0.0,0.0,0.0,418,801.522,2510.0,2480.883000000003,1234.0396000000003,269.0,0.0,106.59679999999999,0.015,19.29072159827215,21.304792735042724,41.90175642857142,6.884143846153839,13.414804945496615,48.25111136365907,936.0,926.0,468.0,1902.3333333333337,1187.0,193.0,181,63,44,35,51,29.0,1928.0,62041.65650000003,7755.4859,53545.544200000004,690,78,0,128,0.45320640683625113,0.7214955127992404,0.5033777434316196,102,20118.179599999974,17863.208200000012,57,6,140.0,0,0,63,0.0,0,0.0,2.0029521562781255e6,0.0,0,0,0,1.5,0,0.0,0,0,0.0,0,0.0,0,0,5866.245899999998,56.0,9098.7814,4,1453.2094000000002,1436.0487999999955,10.619986582527149,5120.0,50.983072916666664,3.705552607421876,22,0,0.0,0,394.57418080861174,2610.3333333333335,67,10.238499528376352,0,0,6,0.0,0.0,0.0,0.0,0.0,0.0,0.0,0.0,0,0,0,0,181,0.0,6,6,34474.4292,3072,3877.1736,3877.1736,3968.539,20806.23027888022,12269.077949342241,8537.152329537976,876.1324999999999,577.0769,12292.740799999994,35925.382300000005,0.7205869808624699,374,194004.78899819806,128,1.808947367279927e6,4,0.0,4,16811.583599999998,2,801.522,-29310.739000000005,1897.0058306761318,2179.0988,0,0,468,468,"EB best SuMSy village, full money stock",sumsy,6,-5.820766091346741e-11
118,502,4,4,134487.70690000002,0.0,67707.98330000002,2954.286100000001,31347.839800000005,,31347.839800000005,0.0,0.0,0.0,0.0,0.0,0.0025,1224.3639,5883.107824999999,0.0,1.0,2037.1007999999988,2280.6945916666664,0.0,0.0,1.0,0.0,0.0,1.0,0.0,0,0,0.8971354166666666,0.7219116035717406,0.0,0.0,2.0,0.0,1.0,0,0,6,0.2500054333838543,512,457.5224755628678,3.286042972405077,460.80851853527287,11.158642246917319,0.1265337321657595,11.285175979083078,0.0,0.0,0.0,0.0,0,0,0.0,0.0,0.0,1.0,1.0,0.0,0.0,0.0,0.0,0.5,0.25,0.0,-18355.296744309413,288.74139999999994,6237,2510.0,2486.5180000000037,8221.167700000004,1236.9603999999997,0.0,0.0,0.0,0.0,0.0,475,807.6694,2510.0,2486.5180000000037,1236.9603999999997,269.0,0.0,233.6138,0.015,19.32362823529411,21.478565450643806,42.8424418032787,6.9038188630490955,13.3692718020802,53.11969716597299,932.0,935.0,466.0,1889.3333333333328,1175.0,192.0,183,57,44,34,47,35.0,1931.0,62597.15430000012,5953.334199999999,54332.207299999995,689,79,0,128,0.46316684337763503,0.7219116035717406,0.5287379772132348,111,19873.78630000002,18067.59239999999,51,4,122.0,0,0,57,0.0,0,0.0,2.0117791408740361e6,0.0,0,0,0,1.5,0,0.0,0,0,0.0,0,0.0,0,0,5226.777900000002,49.0,9572.9778,4,1705.8112999999998,1686.4514999999883,10.855565145079678,5120.0,50.983072916666664,3.7127929947916667,28,0,0.0,0,707.6291727857409,2610.3333333333335,67,10.32865319481383,0,0,6,0.0,0.0,0.0,0.0,0.0,0.0,0.0,0.0,0,0,0,0,183,0.0,6,6,36298.7231,3072,3877.1736,3877.1736,4212.140299999999,22424.596210727334,11237.322151738617,11187.274058988716,990.7805,715.0308,12013.218800000004,33559.7962,0.7211124236688897,374,195488.12917047998,128,1.8162910117035545e6,4,0.0,4,16457.804300000003,2,807.6694,-30123.475900000005,1897.0058306761318,2179.0988,0,0,466,466,"EB best SuMSy village, full money stock",sumsy,6,-5.820766091346741e-11
119,502,4,4,134516.18930000003,0.0,69559.63319999997,4564.9729,32174.679800000005,,32174.679800000005,0.0,0.0,0.0,0.0,0.0,0.0025,1221.8812,5926.023624999999,0.0,1.0,2051.203899999998,2309.7205416666666,0.0,0.0,1.0,0.0,0.0,1.0,0.0,0,0,0.8958333333333334,0.7223165155555396,0.0,95.0,0.0,0.0,1.0,0,0,6,0.3393777777777778,512,463.44470177508447,3.4386724358561516,466.88337421094064,11.269272537662522,0.1804227424346811,11.449695280097202,0.0,0.0,0.0,0.0,0,0,0.0,0.0,0.0,1.0,1.0,0.0,0.0,0.0,0.0,0.5,0.25,0.0,-18646.6690896789,288.74139999999994,6331,2510.0,2481.5175999999988,7136.076399999998,1234.4668999999988,0.0,0.0,0.0,0.0,0.0,438,811.7088,2510.0,2481.5175999999988,1234.4668999999988,269.0,0.0,218.63119999999995,0.015,19.323071888888883,21.668149999999972,43.758882089552245,6.893092968750003,13.68123721651922,52.181295919256705,928.0,900.0,464.0,1890.333333333334,1176.9999999999998,193.0,184,71,56,31,42,32.0,1912.0,63095.83700000003,7726.4837,52502.3071,688,80,0,128,0.4576694987788299,0.7223165155555396,0.5296676817173307,112,20238.223800000003,17390.764699999996,50,8,134.0,0,0,71,0.0,0,0.0,2.030751921336979e6,0.0,0,0,0,1.5,0,0.0,0,0,0.0,0,0.0,0,0,5863.690200000001,54.0,9157.9715,4,1572.6941,1558.0439999999783,11.564919928139508,5120.0,50.983072916666664,3.755080950520833,33,0,0.0,0,823.618589106864,2610.3333333333335,68,10.230907547516425,0,0,6,0.0,0.0,0.0,0.0,0.0,0.0,0.0,0.0,0,0,0,0,184,0.0,6,6,37115.890900000006,3072,3877.1736,3877.1736,4453.9429,22094.81286980793,8171.966602929989,13922.846266877945,750.0314,822.6627,11457.9867,32270.8714,0.7212091189191749,374,203132.27174763186,128,1.8276196495893453e6,4,0.0,4,18248.411,2,811.7088,-30952.798600000006,2010.8261805166999,2179.0988,0,0,464,464,"EB best SuMSy village, full money stock",sumsy,6,-5.820766091346741e-11
120,501,4,4,134542.10489999995,0.0,70858.51829999995,4149.0469,32982.6892,,32982.6892,0.0,0.0,0.0,0.0,0.0,0.0025,1223.4162,5957.079374999999,0.0,1.0,2029.8906000000006,2329.435075,0.0,0.0,1.0,0.0,0.0,1.0,0.0,0,0,0.89453125,0.7226466991492566,0.0,0.0,1.0,0.0,1.0,0,0,6,0.25010839380094957,512,461.4325728042023,3.366655063261825,464.79922786746414,11.665483174526539,0.147396129165039,11.812879303691577,0.0,0.0,0.0,0.0,0,0,0.0,0.0,0.0,1.0,1.0,0.0,0.0,0.0,0.0,0.5,0.25,0.0,-18949.549699400275,308.46599999999995,6405,2510.0,2484.084399999999,9363.019200000004,1235.8329000000017,0.0,0.0,0.0,0.0,0.0,424,818.8634999999999,2510.0,2484.084399999999,1235.8329000000017,269.0,0.0,157.6037,0.015,19.359576393442637,21.6729192477875,45.026793548387076,6.94486981132075,13.6895632972343,55.594643844133735,904.0,915.0,452.0,1876.6666666666672,1145.6666666666672,191.0,189,62,49,30,43,30.0,1917.0,63626.52329999995,6459.7029,52959.7524,687,81,0,128,0.4715383734849645,0.7226466991492566,0.5622753424854467,116,19743.71609999999,17714.012400000014,49,6,124.0,0,0,62,0.0,0,0.0,2.0192713199713514e6,0.0,0,0,0,1.5,0,0.0,0,0,0.0,0,0.0,0,0,5583.322399999997,50.0,9453.8466,4,1590.7712000000001,1571.9348000000048,11.21668029763106,5120.0,50.983072916666664,3.7810401692708333,10,0,0.0,0,327.2039112455709,2610.3333333333335,68,10.19096975063924,0,0,6,0.0,0.0,0.0,0.0,0.0,0.0,0.0,0.0,0,0,0,0,189,0.0,6,6,35525.4859,3072,3877.1736,3877.1736,4862.4773,21688.168097625072,10369.427165612535,11318.74093201254,875.597,715.1742,11480.791099999999,33347.816,0.7214647208936249,373,197655.81136851315,128,1.8216155086028378e6,4,0.0,4,19176.387299999995,2,818.8634999999999,-31759.273,2010.8261805166999,2179.0988,1,0,452,452,"EB best SuMSy village, full money stock",sumsy,6,-5.820766091346741e-11
