round,persons_alive,farms_open,bakeries_open,money_in_circulation,money_in_dead_balances,outstanding_debt,peer_lent,government_debt,termination,government_peer_debt,government_bank_debt,bonds_outstanding,government_arrears,bonds_issued,coupons,bond_rate,government_cash,government_reserve_target,surplus_redistributed,tax_scale,government_outlay,tax_shortfall,tax_policy_step,consumption_tax,consumption_tax_scale,wealth_tax,wealth_tax_base,wealth_tax_scale,clearing_residue,negative_wealth_persons,zero_cash_persons,land_households_share,gini_wealth_attributed,land_supply,land_demand,land_sold,land_levy,land_levy_scale,new_firms,entries,coops_open,hhi_bread,owners,wealth_gap_meals,wealth_bottom10_meals,wealth_top10_meals,cash_gap_meals,cash_bottom10_meals,cash_top10_meals,invoices_issued,invoices_paid,invoices_open,invoices_overdue,liquidations,refoundings,bad_debt,bank_bailouts,profit_tax,profit_tax_scale,parking_tax_scale,income_tax_accrued,income_tax_charged,wealth_tax_arrears,consumption_tax_rate_now,bracket_top_rate,bracket_bottom_rate,bank_retained_interest,cumulative_interest_paid,cumulative_write_offs,cumulative_credit_refusals,money_created,money_destroyed,credit_demand,tax,enterprise_tax,deposit_interest,buffer_pool,insurance_premiums,insurance_payouts,missed_payments,cash_banks,gi_created,demurrage_destroyed,demurrage_tax,account_fees,fees,trade_arrears,interest_rate,price_bread,price_grain,price_ticket,price_rent,price_wage,wage_bid_producers,bread_baked,bread_sold,grain_harvested,labour_offered,labour_sold,government_labour,unemployed,hungry,without_bread,half_meals,gluttons,bread_stocked,total_capacity,cash_persons,cash_farms,cash_bakeries,land_persons,land_farms,land_banks,landholders,gini_cash_persons,gini_net_wealth_persons,gini_income_persons,persons_below_meal,persons_income,bread_bill,gluttony_attempted,gluttony_refused,tickets_sold,n_greedy,hungry_greedy,hungry_others,cash_greedy,land_greedy,wealth_greedy,wealth_persons,bread_greedy,greedy_loaves,greedy_tickets,ration,tier_multiplier,tier_sold,tier_revenue,n_consumers,n_hoarders,wealth_hoarders,land_hoarders,shares_hoarders,greedy_land,greedy_shares,ticket_revenue,theatre_labour,cash_theatres,theatres_open,dividends,dividend_income_persons,share_price_mean,share_units_per_firm,founders_stake_pct,book_per_unit_mean,share_trades,share_trades_deferred,share_contracts_outstanding,share_seizures,share_volume,founders_stake_mean,outside_holders,forward_value_mean,coop_worker_open,coop_consumer_open,coop_member_open,coop_retained_reserve,coop_buffer_pledged,buffer_pledged_persons,patronage_wages,rebates,membership_capital,reserved_labour,coop_worker_hours,coop_members_worker,coop_members_consumer,worker_members,unemployed_members,unemployed_nonmembers,rebate_income_persons,coop_open,forprofit_open,cash_coops,coop_members,coop_capital,founder_capital,founder_debt,reserve_shortfall_owned,reserve_shortfall_coops,reserve_shortfall_forprofit,dividends_coops,dividends_forprofit,founders_cash,cash_forprofit,gini_net_wealth_all,n_workers,wealth_workers,n_landowners,wealth_landowners,n_farms,wealth_farms,n_bakeries,wealth_bakeries,n_banks,wealth_banks,wealth_government,land_price,land_price_traded,deaths,closures,production_target_farms,production_target_bakeries,rung,system,seed,identity
1,512,4,4,86830.39880000001,0.0,450.0852,450.0852,442.1445,,442.1445,0.0,0.0,0.0,0.0,0.0,0.0025,741.6617,0.0,0.0,1.0,442.1444999999994,0.0,0.0,0.0,1.0,0.0,0.0,1.0,0.0,0,0,0.9986979166666666,0.6808793041862724,0.0,672.0,1.0,0.0,1.0,0,0,0,0.8182047721247316,134,733.643841838976,18.818106459242482,752.4619482982185,45.039929268395525,2.8967992409867174,47.93672850938225,0.0,0.0,0.0,0.0,0,0,0.0,0.0,0.0,1.0,1.0,0.0,0.0,0.0,0.0,0.5,0.25,0.0,0.0,0.0,16,2560.0,2234.2712000000042,450.0852,743.9840999999996,0.0,0.0,0.0,0.0,0.0,0,257.1082,2560.0,2234.2712000000042,743.9840999999996,274.0,0.0,0.0,0.0,3.9406999999999965,4.098299999999996,1.5762999999999818,0.5910999999999984,2.833213988823746,3.0894915254237283,320.0,89.0,160.0,2048.0,734.0,204.0,328,0,0,0,56,33.0,2048.0,74992.75409999993,2471.4107999999997,4703.2832,767,1,0,128,0.31602498391251643,0.6808793041862724,0.6555736334879827,0,2848.3651999999947,350.7222999999997,56,0,520.0,0,0,0,0.0,0,0.0,781072.3082553496,0.0,0,0,0,1.5,0,0.0,0,0,0.0,0,0.0,0,0,819.6759999999905,208.0,3664.1808,4,507.96639999999996,507.9672000000001,0.6101408171734403,5120.0,63.922526041666664,0.19079129557291666,120,0,0.0,0,14221.59971358024,3272.8333333333335,99,0.42110530598958335,0,0,0,0.0,0.0,0.0,0.0,0.0,0.0,0.0,0.0,0,0,0,0,328,0.0,0,12,0.0,0,0.0,6111.4767999999995,7.4407,426.50408644067784,0.0,426.50408644067784,0.0,507.96639999999996,10488.625899999995,10838.874800000001,0.6888302046062229,384,60194.82211145031,128,720877.4861439011,4,0.0,4,1.5,2,257.1082,299.5172,9.398516949152542,883.3424,0,0,160,160,"F8-3 step 8, full money stock, fee 3 %, matching prices",sumsy,5,8.731149137020111e-11
2,512,4,4,87139.11810000004,0.0,3530.2347999999993,3102.6537999999996,420.0373,,420.0373,0.0,0.0,0.0,0.0,0.0,0.0025,1016.3078,0.0,0.0,1.0,442.1445999999994,0.0,0.0,0.0,1.0,0.0,0.0,1.0,0.0,0,0,0.9986979166666666,0.6918744427679218,0.0,967.0,1.0,0.0,1.0,0,0,0,0.2639066612569312,156,870.1084465150781,18.311947546844294,888.4203940619224,45.10550728272129,2.8317965803826066,47.9373038631039,0.0,0.0,0.0,0.0,0,0,0.0,0.0,0.0,1.0,1.0,0.0,0.0,0.0,0.0,0.5,0.25,0.0,-4.5008,0.0,16,2560.0,2251.2806999999966,3102.6537999999996,746.4405000000003,0.0,0.0,0.0,0.0,0.0,0,392.0232,2560.0,2251.2806999999966,746.4405000000003,274.0,0.0,0.0,0.015,3.8083385474860427,4.328466228070166,1.7253393750000008,0.8885632967032968,2.8026658951965375,2.9968067796610165,912.0,1074.0,456.0,2048.0,1374.0,204.0,168,0,0,2,52,33.0,2048.0,71192.03330000001,3181.9498000000003,7655.0421,767,1,0,128,0.3474358004602265,0.6918744427679218,0.36968577826392823,0,5042.427500000031,4090.15560000001,52,0,640.0,0,0,0,0.0,0,0.0,909487.0658876788,0.0,0,0,0,1.5,0,0.0,0,0,0.0,0,0.0,0,0,1104.2172000000005,256.0,3701.7619,4,186.6771,186.6777,0.615425969851515,5120.0,51.015625,0.20465530436197918,149,0,0.0,0,4242.142748926603,2612.0,130,0.8155887702709003,0,0,0,0.0,0.0,0.0,0.0,0.0,0.0,0.0,0.0,0,0,0,0,168,0.0,0,12,0.0,0,0.0,6111.4767999999995,103.4132,3329.7807734217627,0.0,3329.7807734217627,0.0,186.6771,11196.415100000018,14538.753800000002,0.6994929396954619,384,60016.75741765535,128,849470.3084700218,4,0.0,4,1.4249999999999545,2,392.0232,596.2705000000001,9.962427966101695,1039.1925999999999,0,0,456,456,"F8-3 step 8, full money stock, fee 3 %, matching prices",sumsy,5,8.731149137020111e-11
3,512,4,4,87452.1945,0.0,4778.795500000003,1426.1974999999998,397.9301,,397.9301,0.0,0.0,0.0,0.0,0.0,0.0025,1292.4601,0.0,0.0,1.0,427.2934000000004,0.0,0.0,0.0,1.0,0.0,0.0,1.0,0.0,0,0,0.9973958333333334,0.6966246924695803,0.0,1049.0,1.0,0.0,1.0,0,0,0,0.2583304667785701,156,967.6998888319514,18.477960542194314,986.1778493741456,45.61268101734741,2.938995589944843,48.55167660729225,0.0,0.0,0.0,0.0,0,0,0.0,0.0,0.0,1.0,1.0,0.0,0.0,0.0,0.0,0.5,0.25,0.0,-39.80360000000001,0.0,16,2560.0,2246.9236,1426.1974999999998,742.0691,0.0,0.0,0.0,0.0,0.0,0,471.7037,2560.0,2246.9236,742.0691,274.0,0.0,0.0,0.015,3.7925718662952184,4.294921747211886,1.8643670312500018,1.0562673507462699,2.7751657249857127,2.906902576271186,1076.0,1077.0,538.0,2045.3333333333335,1538.0000000000002,204.0,126,0,0,2,52,36.0,2048.0,70858.55750000004,3471.7011,7523.481000000001,766,2,0,128,0.3366348224137612,0.6966246924695803,0.32571704329857964,0,5646.316799999961,4084.59989999995,52,0,640.0,0,0,0,0.0,0,0.0,974424.5624876767,0.0,0,0,0,1.5,0,0.0,0,0,0.0,0,0.0,0,0,1193.194900000001,256.0,3834.2911,4,204.62279999999998,204.62249999999995,0.615425969851515,5120.0,51.015625,0.21015165201822916,0,0,0.0,0,0.0,2612.0,130,1.051058352123226,0,0,0,0.0,0.0,0.0,0.0,0.0,0.0,0.0,0.0,0,0,0,0,126,0.0,0,12,0.0,0,0.0,6111.4767999999995,211.85400000000004,6472.109062678792,0.0,6472.109062678792,0.0,204.62279999999998,11289.669800000007,14829.473199999999,0.7041396670418223,384,59630.12781765531,128,914794.4346700218,4,0.0,4,1.349999999999909,2,471.7037,894.53,10.560173644067797,1124.2707,0,0,538,538,"F8-3 step 8, full money stock, fee 3 %, matching prices",sumsy,5,8.731149137020111e-11
4,512,4,4,87759.77320000005,0.0,6110.411299999996,1580.5625,375.8229,,375.8229,0.0,0.0,0.0,0.0,0.0,0.0025,1560.0518,0.0,0.0,1.0,425.5287000000004,0.0,0.0,0.0,1.0,0.0,0.0,1.0,0.0,0,0,0.9973958333333334,0.6981188523590314,0.0,1046.0,0.0,0.0,1.0,0,0,0,0.2583177570093458,156,972.4257061775371,17.82541014460646,990.2511163221436,41.31620545517575,3.2125499265726587,44.52875538174841,0.0,0.0,0.0,0.0,0,0,0.0,0.0,0.0,1.0,1.0,0.0,0.0,0.0,0.0,0.5,0.25,0.0,-87.59129999999996,0.0,16,2560.0,2252.4213,1580.5625,740.9166999999997,0.0,0.0,0.0,0.0,0.0,0,515.95,2560.0,2252.4213,740.9166999999997,274.0,0.0,0.0,0.015,4.296004485981312,4.269634141791052,1.965407656250002,1.1360318352059917,2.7042659257268986,2.819695498983051,1072.0,1070.0,536.0,2045.3333333333333,1534.0,204.0,127,0,0,3,48,37.0,2048.0,68694.98439999999,4066.1362,8871.806,766,2,0,128,0.31639323508511397,0.6981188523590314,0.3359745249434971,0,5639.256999999985,4596.724800000004,48,0,640.0,0,0,0,0.0,0,0.0,973557.1743876764,0.0,0,0,0,1.5,0,0.0,0,0,0.0,0,0.0,0,0,1257.8609000000013,256.0,4050.8448,4,232.0335,232.03309999999993,0.615425969851515,5120.0,51.015625,0.22384137532552084,0,0,0.0,0,0.0,2612.0,130,1.3848564563048174,0,0,0,0.0,0.0,0.0,0.0,0.0,0.0,0.0,0.0,0,0,0,0,127,0.0,0,12,0.0,0,0.0,6111.4767999999995,247.50529999999998,4591.702841070766,0.0,4591.702841070766,0.0,232.0335,10951.060099999993,16988.787,0.7055914885446903,384,58604.859317655275,128,914952.3150700218,4,0.0,4,1.275000000000091,2,515.95,1184.2289,11.193784062711865,1124.2707,0,0,536,536,"F8-3 step 8, full money stock, fee 3 %, matching prices",sumsy,5,8.731149137020111e-11
5,512,4,4,88060.13179999993,0.0,6216.946899999995,434.5105000000001,353.7157,,353.7157,0.0,0.0,0.0,0.0,0.0,0.0025,1764.4774,0.0,0.0,1.0,482.01119999999935,0.0,0.0,0.0,1.0,0.0,0.0,1.0,0.0,0,0,0.9973958333333334,0.6996295992126109,0.0,1045.0,0.0,0.0,1.0,0,0,0,0.25548171901656047,156,858.9973021649529,15.135157589833957,874.1324597547869,35.61299340142968,3.0110091518153226,38.624002553245,0.0,0.0,0.0,0.0,0,0,0.0,0.0,0.0,1.0,1.0,0.0,0.0,0.0,0.0,0.5,0.25,0.0,-148.6953,0.0,17,2560.0,2259.6413999999995,745.7798,741.1066000000001,0.0,0.0,0.0,0.0,0.0,0,543.2927,2560.0,2259.6413999999995,741.1066000000001,274.0,0.0,0.0,0.015,4.427857064721969,4.394030841121482,2.040617500000004,1.2343851782363977,2.669661816793189,2.735104634013559,1070.0,1097.0,535.0,2044.0,1532.0,204.0,128,0,0,1,63,48.0,2048.0,67521.5518,4157.8794,9795.0763,766,2,0,128,0.3097242344283906,0.6996295992126109,0.3393504682430568,0,5671.21870000002,4857.3592,63,0,640.0,0,0,0,0.0,0,0.0,972448.791087677,0.0,0,0,0,1.5,0,0.0,0,0,0.0,0,0.0,0,0,1305.9952000000028,256.0,4277.8542,4,274.4316,274.4322000000001,0.615425969851515,5120.0,51.015625,0.24263924967447914,0,0,0.0,0,0.0,2612.0,130,1.737587101627292,0,0,0,0.0,0.0,0.0,0.0,0.0,0.0,0.0,0.0,0,0,0,0,128,0.0,0,12,0.0,0,0.0,6111.4767999999995,289.21209999999996,3403.8318146635997,0.0,3403.8318146635997,0.0,274.4316,11408.3164,18230.8099,0.7070635511844916,384,57575.0508176553,128,914873.7402700218,4,0.0,4,1.2000000000000455,2,543.2927,1410.7617,11.865411106474577,1124.2707,0,0,535,535,"F8-3 step 8, full money stock, fee 3 %, matching prices",sumsy,5,8.731149137020111e-11
6,512,4,4,88353.70469999986,0.0,7439.635000000001,1572.3885999999998,331.6085,,331.6085,0.0,0.0,0.0,0.0,0.0,0.0025,1947.7922,0.0,0.0,1.0,496.80630000000053,0.0,0.0,0.0,1.0,0.0,0.0,1.0,0.0,0,0,0.9973958333333334,0.7010149051826429,0.0,1054.0,0.0,0.0,1.0,0,0,0,0.2563412453266909,156,838.4230412291056,14.287442439190123,852.7104836682958,31.99515443191727,3.1716606021028797,35.16681503402015,0.0,0.0,0.0,0.0,0,0,0.0,0.0,0.0,1.0,1.0,0.0,0.0,0.0,0.0,0.5,0.25,0.0,-210.86439999999996,0.0,19,2560.0,2266.4271000000012,2458.4389999999994,741.2799000000006,0.0,0.0,0.0,0.0,0.0,0,556.729,2560.0,2266.4271000000012,741.2799000000006,274.0,0.0,0.0,0.015,4.450814664143799,4.430393749999999,2.1042703124999993,1.3689658671586737,2.8265410726849676,5.535979702427503,1088.0,1057.0,544.0,2046.6666666666665,1550.0,204.0,124,0,0,0,48,33.0,2048.0,65813.35980000002,4768.1914,11045.3737,766,2,0,128,0.29403078702138585,0.7010149051826429,0.3417064018533591,0,6102.797700000014,4704.511099999995,48,0,640.0,0,0,0,0.0,0,0.0,975059.0083617055,0.0,0,0,0,1.5,0,0.0,0,0,0.0,0,0.0,0,0,1346.7329999999995,256.0,4222.2586,4,287.4194,287.41969999999975,0.6666033554964941,5120.0,51.015625,0.25254990885416667,1,0,0.0,0,13.297881920406489,2612.0,130,1.7890250694271044,0,0,0,0.0,0.0,0.0,0.0,0.0,0.0,0.0,0.0,0,0,0,0,124,0.0,0,12,0.0,0,0.0,6111.4767999999995,338.05000000000007,2103.887009175843,0.0,2103.887009175843,0.0,287.4194,11526.827500000003,20035.823699999997,0.7084149237182717,384,57998.48637899487,128,917060.5219827101,4,0.0,4,1.125,2,556.729,1616.1837,12.577335772863051,1124.2707,0,0,544,544,"F8-3 step 8, full money stock, fee 3 %, matching prices",sumsy,5,8.731149137020111e-11
7,512,4,4,88638.53739999983,0.0,7087.096100000002,75.7811,309.5013,,309.5013,0.0,0.0,0.0,0.0,0.0,0.0025,2124.423,0.0,0.0,1.0,499.3818000000005,0.0,0.0,0.0,1.0,0.0,0.0,1.0,0.0,0,0,0.99609375,0.7050735519926394,0.0,645.0,2.0,0.0,1.0,0,0,0,0.256672043420285,156,883.5340462117771,13.516863860231323,897.0509100720085,35.63381908204297,3.1589980187564364,38.7928171007994,0.0,0.0,0.0,0.0,0,0,0.0,0.0,0.0,1.0,1.0,0.0,0.0,0.0,0.0,0.5,0.25,0.0,-285.26099999999997,0.0,21,2560.0,2275.1673000000005,1080.4898999999998,742.4927000000001,0.0,0.0,0.0,0.0,0.0,0,568.9694,2560.0,2275.1673000000005,742.4927000000001,274.0,0.0,0.0,0.015,4.445103751143645,4.477587265917582,2.2006610937500013,1.5195843691148787,2.8371847093573987,5.433597974316778,1068.0,1093.0,534.0,2048.0,1530.0,204.0,129,0,0,0,54,48.0,2048.0,66949.35820000006,3287.306,11504.9235,765,3,0,128,0.3103518126721847,0.7050735519926394,0.3568181268802719,0,6091.7126000000035,4858.498400000004,54,0,640.0,0,0,0,0.0,0,0.0,1.0288024726617038e6,0.0,0,0,0,1.5,0,0.0,0,0,0.0,0,0.0,0,0,1408.4231000000009,256.0,4203.5573,4,289.6082,289.6079,0.6666033554964941,5120.0,51.015625,0.2636735709635417,0,0,0.0,0,0.0,2612.0,130,1.9183196783308463,0,0,0,0.0,0.0,0.0,0.0,0.0,0.0,0.0,0.0,0,0,0,0,129,0.0,0,12,0.0,0,0.0,6111.4767999999995,394.65150000000006,3613.1108061321183,0.0,3613.1108061321183,0.0,289.6082,12239.785800000007,18995.7868,0.7123959849014112,384,57184.90107899483,128,971617.5715827093,4,0.0,4,1.0499999999999545,2,568.9694,1814.9216999999999,13.331975919234836,1195.0428,0,0,534,534,"F8-3 step 8, full money stock, fee 3 %, matching prices",sumsy,5,8.731149137020111e-11
8,512,4,4,88914.71620000014,0.0,6714.8280999999915,59.84129999999999,287.3941,,287.3941,0.0,0.0,0.0,0.0,0.0,0.0025,2297.1534,0.0,0.0,1.0,498.7392000000001,0.0,0.0,0.0,1.0,0.0,0.0,1.0,0.0,0,0,0.99609375,0.7062996210120507,0.0,512.0,0.0,0.0,1.0,0,0,0,0.2502154553289284,156,885.1431316588881,13.16926538898697,898.3123970478752,36.30456296505753,3.293919013912512,39.59848197897004,0.0,0.0,0.0,0.0,0,0,0.0,0.0,0.0,1.0,1.0,0.0,0.0,0.0,0.0,0.5,0.25,0.0,-356.13229999999976,0.0,24,2560.0,2283.8212000000008,1655.0200000000004,743.5764,0.0,0.0,0.0,0.0,0.0,0,573.4532999999999,2560.0,2283.8212000000008,743.5764,274.0,0.0,0.0,0.015,4.428884745762707,4.593649350649333,2.314088281250007,1.578700746268655,2.8378041823884907,5.270590035087275,1078.0,1062.0,539.0,2048.0,1540.0,204.0,126,0,0,1,52,35.0,2048.0,66741.26779999997,3372.2829,11716.5044,765,3,0,128,0.30953190380322626,0.7062996210120507,0.3700349568807575,0,6166.808199999996,4703.475599999994,52,0,640.0,0,0,0,0.0,0,0.0,1.0281854622617038e6,0.0,0,0,0,1.5,0,0.0,0,0,0.0,0,0.0,0,0,1481.0165000000047,256.0,4214.0544,4,295.5274,295.52739999999994,0.6666033554964941,5120.0,51.015625,0.27496821126302085,0,0,0.0,0,0.0,2612.0,130,2.0008526000587232,0,0,0,0.0,0.0,0.0,0.0,0.0,0.0,0.0,0.0,0,0,0,0,126,0.0,0,12,0.0,0,0.0,6111.4767999999995,431.52399999999994,3866.6395839365828,0.0,3866.6395839365828,0.0,295.5274,12949.96240000001,19302.8417,0.7135947344452784,384,56215.72357899482,128,971969.7386827098,4,0.0,4,0.974999999999909,2,573.4532999999999,2009.7593000000002,14.131894474388927,1195.0428,0,0,539,539,"F8-3 step 8, full money stock, fee 3 %, matching prices",sumsy,5,8.731149137020111e-11
9,512,4,4,89182.5749999999,0.0,6342.571400000005,62.8447,265.2869,,265.2869,0.0,0.0,0.0,0.0,0.0,0.0025,2467.1049,0.0,0.0,1.0,496.9184999999997,0.0,0.0,0.0,1.0,0.0,0.0,1.0,0.0,0,0,0.99609375,0.7158501000142847,0.0,512.0,2.0,0.0,1.0,0,0,0,0.2500405493079585,156,1106.2969177306995,12.781250703953793,1119.0781684346534,37.02650441403504,3.365247459084241,40.39175187311928,0.0,0.0,0.0,0.0,0,0,0.0,0.0,0.0,1.0,1.0,0.0,0.0,0.0,0.0,0.5,0.25,0.0,-423.27979999999997,0.0,26,2560.0,2292.1411999999996,1120.3734,744.5606999999998,0.0,0.0,0.0,0.0,0.0,0,573.8435,2560.0,2292.1411999999996,744.5606999999998,274.0,0.0,0.0,0.015,4.427626102941175,4.801844074074082,2.3808521875000013,1.5923029795158308,2.8393402086952033,5.112472334034657,1080.0,1088.0,540.0,2046.6666666666665,1541.9999999999998,204.0,126,0,0,1,58,42.0,2048.0,66406.73430000004,3573.9849999999997,11939.850999999999,765,3,0,128,0.3126054985511886,0.7158501000142847,0.35898874904001166,0,6194.291000000006,4817.257199999998,58,0,640.0,0,0,0,0.0,0,0.0,1.2726357713617051e6,0.0,0,0,0,1.5,0,0.0,0,0,0.0,0,0.0,0,0,1523.7454000000007,256.0,4221.0563,4,296.7694,296.7691000000003,0.6666033554964941,5120.0,51.015625,0.3038146402994791,0,0,0.0,0,0.0,2612.0,130,2.091509938681807,0,0,0,0.0,0.0,0.0,0.0,0.0,0.0,0.0,0.0,0,0,0,0,126,0.0,0,12,0.0,0,0.0,6111.4767999999995,460.2817000000001,3753.977265304896,0.0,3753.977265304896,0.0,296.7694,15103.04060000001,19734.892299999996,0.7229913121446252,384,55473.45957899487,128,1.21716231178271e6,4,0.0,4,0.900000000000091,2,573.8435,2201.8179999999998,14.979808142852264,1515.5469,0,0,540,540,"F8-3 step 8, full money stock, fee 3 %, matching prices",sumsy,5,8.731149137020111e-11
10,512,4,4,89441.1208,0.0,5978.026,73.6981,243.1797,,243.1797,0.0,0.0,0.0,0.0,0.0,0.0025,2633.1269,0.0,0.0,1.0,496.7807999999996,0.0,0.0,0.0,1.0,0.0,0.0,1.0,0.0,0,0,0.99609375,0.717286542693742,0.0,914.0,2.0,0.0,1.0,0,0,0,0.25005296236141517,156,1121.7228267784733,12.138723808782034,1133.8615505872554,37.69782024509716,3.3806291264664066,41.07844937156357,0.0,0.0,0.0,0.0,0,0,0.0,0.0,0.0,1.0,1.0,0.0,0.0,0.0,0.0,0.5,0.25,0.0,-486.7054999999998,0.0,27,2560.0,2301.454200000002,573.8566,745.9284999999998,0.0,0.0,0.0,0.0,0.0,0,572.252,2560.0,2301.454200000002,745.9284999999998,274.0,0.0,0.0,0.015,4.400577404295047,4.782771985157694,2.4929828125000024,1.6157895522388068,2.8439134082792514,4.959098164013617,1078.0,1071.0,539.0,2046.6666666666667,1540.0000000000002,204.0,126,0,0,0,51,38.0,2048.0,66094.51849999995,3763.487,12129.3711,765,3,0,128,0.31637522057651246,0.717286542693742,0.38762447120884636,0,6215.204399999996,4713.018399999995,51,0,640.0,0,0,0,0.0,0,0.0,1.287778050961705e6,0.0,0,0,0,1.5,0,0.0,0,0,0.0,0,0.0,0,0,1595.5090000000016,256.0,4248.3653,4,286.6379,286.6381999999999,0.6666033554964941,5120.0,51.015625,0.317120244140625,0,0,0.0,0,0.0,2612.0,130,2.163084563706349,0,0,0,0.0,0.0,0.0,0.0,0.0,0.0,0.0,0.0,0,0,0,0,126,0.0,0,12,0.0,0,0.0,6111.4767999999995,467.09290000000004,3628.903920575178,0.0,3628.903920575178,0.0,286.6379,15705.421000000008,20141.2234,0.7243990832516054,384,54612.490178994856,128,1.2331655607827092e6,4,0.0,4,0.8249999999998181,2,572.252,2389.9472,15.8785966314234,1536.234,0,0,539,539,"F8-3 step 8, full money stock, fee 3 %, matching prices",sumsy,5,8.731149137020111e-11
11,512,4,4,89691.60150000003,0.0,5612.761399999999,76.6637,221.0725,,221.0725,0.0,0.0,0.0,0.0,0.0,0.0025,2797.7208,0.0,0.0,1.0,493.7463000000004,0.0,0.0,0.0,1.0,0.0,0.0,1.0,0.0,0,0,0.99609375,0.7186094424159999,0.0,779.0,1.0,0.0,1.0,0,0,0,0.25008394127163397,156,1145.265160860723,11.917740200208012,1157.182901060931,38.11359623590695,3.4260831551177517,41.5396793910247,0.0,0.0,0.0,0.0,0,0,0.0,0.0,0.0,1.0,1.0,0.0,0.0,0.0,0.0,0.5,0.25,0.0,-546.4856999999995,0.0,28,2560.0,2309.5193000000017,545.2327,746.8840000000009,0.0,0.0,0.0,0.0,0.0,0,569.7429,2560.0,2309.5193000000017,746.8840000000009,274.0,0.0,0.0,0.015,4.412611602209948,4.811305586592194,2.5805809374999993,1.6141408239700379,2.8498429588293526,4.810325219093208,1074.0,1086.0,537.0,2048.0,1536.0,204.0,128,0,0,0,57,43.0,2048.0,65730.09750000003,3977.2586,12340.051,765,3,0,128,0.31699766292909537,0.7186094424159999,0.39252597597240424,0,6220.028900000002,4792.096200000004,57,0,640.0,0,0,0,0.0,0,0.0,1.3057404955117065e6,0.0,0,0,0,1.5,0,0.0,0,0,0.0,0,0.0,0,0,1651.5717999999995,256.0,4276.7307,4,315.3814,315.38179999999977,0.6666033554964941,5120.0,51.015625,0.33202101155598956,0,0,0.0,0,0.0,2612.0,130,2.244288466700833,0,0,0,0.0,0.0,0.0,0.0,0.0,0.0,0.0,0.0,0,0,0,0,128,0.0,0,12,0.0,0,0.0,6111.4767999999995,509.7478999999999,3281.5047975562443,0.0,3281.5047975562443,0.0,315.3814,15995.9234,20594.0403,0.7256978529944667,384,53719.18987899485,128,1.2520213056327105e6,4,0.0,4,0.75,2,569.7429,2576.6483,16.831312429308806,1560.7282500000001,0,0,537,537,"F8-3 step 8, full money stock, fee 3 %, matching prices",sumsy,5,8.731149137020111e-11
12,512,4,4,89934.03219999996,0.0,5309.5319,142.532,198.9653,,198.9653,0.0,0.0,0.0,0.0,0.0,0.0025,2956.7678,0.0,0.0,1.0,495.0926999999996,0.0,0.0,0.0,1.0,0.0,0.0,1.0,0.0,0,0,0.99609375,0.7200707033228904,0.0,915.0,0.0,0.0,1.0,0,0,0,0.25,156,1158.754977788633,11.334282235279776,1170.0892600239129,38.0093138339408,3.459754299050122,41.46906813299093,0.0,0.0,0.0,0.0,0,0,0.0,0.0,0.0,1.0,1.0,0.0,0.0,0.0,0.0,0.5,0.25,0.0,-602.6137000000001,0.0,29,2560.0,2317.5693,569.7005,747.9016999999997,0.0,0.0,0.0,0.0,0.0,0,566.7997,2560.0,2317.5693,747.9016999999997,274.0,0.0,0.0,0.015,4.387912129629628,4.894223148148134,2.689090937499998,1.6146432029795157,2.9464314667755818,4.666015462520411,1080.0,1080.0,540.0,2048.0,1542.0,204.0,126,0,0,0,60,39.0,2048.0,65434.30559999996,4296.6496,12363.900099999999,765,3,0,128,0.31856891929072795,0.7200707033228904,0.37012210477050367,0,6399.972200000002,4738.945099999998,60,0,640.0,0,0,0,0.0,0,0.0,1.3161586193343778e6,0.0,0,0,0,1.5,0,0.0,0,0,0.0,0,0.0,0,0,1721.0181999999986,256.0,4315.6094,4,308.3055,308.30519999999996,0.8461010235087275,5120.0,51.015625,0.3429993253580729,2,0,0.0,0,38.156078744975645,2612.0,130,2.2964127422688123,0,0,0,0.0,0.0,0.0,0.0,0.0,0.0,0.0,0.0,0,0,0,0,126,0.0,0,12,0.0,0,0.0,6111.4767999999995,521.3366999999998,3039.082949926466,0.0,3039.082949926466,0.0,308.3055,16313.99249999999,20976.159099999997,0.7271241719520212,384,56461.3107330864,128,1.2596973086012895e6,4,0.0,4,0.6750000000001819,2,566.7997,2757.8025000000002,17.841191175067337,1560.7282500000001,0,0,540,540,"F8-3 step 8, full money stock, fee 3 %, matching prices",sumsy,5,8.731149137020111e-11
13,512,4,4,90171.4275,0.0,4939.362700000002,82.71889999999999,176.8581,,176.8581,0.0,0.0,0.0,0.0,0.0,0.0025,3114.1612,0.0,0.0,1.0,492.3233999999995,0.0,0.0,0.0,1.0,0.0,0.0,1.0,0.0,0,0,0.9947916666666666,0.7216442535452134,0.0,781.0,1.0,0.0,1.0,0,0,0,0.250005755020296,156,1205.3139566738118,11.0387707072068,1216.3527273810187,42.22217618456406,3.714716593783711,45.93689277834777,0.0,0.0,0.0,0.0,0,0,0.0,0.0,0.0,1.0,1.0,0.0,0.0,0.0,0.0,0.5,0.25,0.0,-655.7092999999994,0.0,32,2560.0,2322.604699999998,1591.8741,748.1098999999995,0.0,0.0,0.0,0.0,0.0,0,563.9429,2560.0,2322.604699999998,748.1098999999995,274.0,0.0,0.0,0.015,4.383947368421044,4.918375830258314,2.808757656250002,1.6240353159851337,2.984197891943375,4.526034998644799,1084.0,1083.0,542.0,2048.0,1546.0,204.0,125,0,0,0,54,44.0,2048.0,66857.7962,2860.2343,12402.3635,764,4,0,128,0.3359406732462342,0.7216442535452134,0.36823442891653824,0,6434.205199999999,4747.8149999999905,54,0,640.0,0,0,0,0.0,0,0.0,1.355243498141312e6,0.0,0,0,0,1.5,0,0.0,0,0,0.0,0,0.0,0,0,1797.6049000000012,256.0,4372.9294,4,280.04409999999996,280.04280000000006,1.0060498623260574,5120.0,51.015625,0.3555354378255209,1,0,0.0,0,22.51137559145669,2612.0,130,2.6092828918451727,0,0,0,0.0,0.0,0.0,0.0,0.0,0.0,0.0,0.0,0,0,0,0,125,0.0,0,12,0.0,0,0.0,6111.4767999999995,567.6411999999999,4902.61401688775,0.0,4902.61401688775,0.0,280.04409999999996,18348.192800000008,19635.5272,0.7286674298485032,384,59901.297709625884,128,1.295342200431687e6,4,0.0,4,0.599999999999909,2,563.9429,2937.3031,18.91166264557138,1599.7478,0,0,542,542,"F8-3 step 8, full money stock, fee 3 %, matching prices",sumsy,5,8.731149137020111e-11
14,512,4,4,90401.7658,0.0,4672.712400000002,190.37359999999998,154.7509,,154.7509,0.0,0.0,0.0,0.0,0.0,0.0025,3267.6918,0.0,0.0,1.0,491.8797,0.0,0.0,0.0,1.0,0.0,0.0,1.0,0.0,0,0,0.9947916666666666,0.7231363929248824,0.0,646.0,2.0,0.0,1.0,0,0,0,0.2502949225176352,156,1240.3272439217062,10.655409158801305,1250.9826530805076,42.75792016092117,3.6665977526132676,46.42451791353443,0.0,0.0,0.0,0.0,0,0,0.0,0.0,0.0,1.0,1.0,0.0,0.0,0.0,0.0,0.5,0.25,0.0,-705.1028999999993,0.0,33,2560.0,2329.661699999997,596.6562,748.8530000000001,0.0,0.0,0.0,0.0,0.0,0,560.9918,2560.0,2329.661699999997,748.8530000000001,274.0,0.0,0.0,0.015,4.380972615675165,4.946545740740739,2.9514481250000006,1.6276871268656707,3.0167702949006765,4.390253948685454,1080.0,1059.0,540.0,2048.0,1542.0,204.0,126,0,0,2,49,32.0,2048.0,66534.55869999998,3132.8144,12452.9491,764,4,0,128,0.3421717875786079,0.7231363929248824,0.3958769139443854,0,6481.4781,4639.45,49,0,640.0,0,0,0,0.0,0,0.0,1.392037068541313e6,0.0,0,0,0,1.5,0,0.0,0,0,0.0,0,0.0,0,0,1888.9268000000004,256.0,4452.76,4,286.2523,286.25280000000026,1.0060498623260574,5120.0,51.015625,0.36974256347656254,0,0,0.0,0,0.0,2612.0,130,2.6616569804239645,0,0,0,0.0,0.0,0.0,0.0,0.0,0.0,0.0,0.0,0,0,0,0,126,0.0,0,12,0.0,0,0.0,6111.4767999999995,597.4310999999999,4681.743726810919,0.0,4681.743726810919,0.0,286.2523,18517.1408,20038.523500000003,0.7301331863295584,384,59291.23540962582,128,1.332745833131687e6,4,0.0,4,0.525000000000091,2,560.9918,3112.9409,20.046362404305665,1648.7175,0,0,540,540,"F8-3 step 8, full money stock, fee 3 %, matching prices",sumsy,5,8.731149137020111e-11
15,512,4,4,90622.99589999997,0.0,4260.649,54.479,132.6437,,132.6437,0.0,0.0,0.0,0.0,0.0,0.0025,3418.1017,0.0,0.0,1.0,491.54310000000027,0.0,0.0,0.0,1.0,0.0,0.0,1.0,0.0,0,0,0.9947916666666666,0.7238434156538116,0.0,645.0,0.0,0.0,1.0,0,0,0,0.2500411522633745,156,1241.2487581591852,10.12923406552374,1251.3779922247088,43.061647846188656,3.519355036379186,46.581002882567844,0.0,0.0,0.0,0.0,0,0,0.0,0.0,0.0,1.0,1.0,0.0,0.0,0.0,0.0,0.5,0.25,0.0,-751.8289999999994,0.0,37,2560.0,2338.7699000000002,1997.3461000000002,750.3206999999992,0.0,0.0,0.0,0.0,0.0,0,558.3713,2560.0,2338.7699000000002,750.3206999999992,274.0,0.0,0.0,0.015,4.3618231481481455,4.954497009345762,3.1013612499999947,1.6219346516007531,3.036131306013119,4.258546330224891,1070.0,1080.0,535.0,2045.3333333333335,1532.0,204.0,127,0,0,0,54,34.0,2048.0,66185.79679999998,3404.0501000000004,12486.535300000001,764,4,0,128,0.34779734944063145,0.7238434156538116,0.38171090166376453,0,6478.4834000000055,4710.7689999999975,54,0,640.0,0,0,0,0.0,0,0.0,1.3912662285413141e6,0.0,0,0,0,1.5,0,0.0,0,0,0.0,0,0.0,0,0,1984.8711999999966,256.0,4570.1407,4,297.7571,297.7564,1.0060498623260574,5120.0,51.015625,0.3831255143229167,0,0,0.0,0,0.0,2612.0,130,2.795619282575015,0,0,0,0.0,0.0,0.0,0.0,0.0,0.0,0.0,0.0,0,0,0,0,127,0.0,0,12,0.0,0,0.0,6111.4767999999995,607.8431,4346.405352811611,0.0,4346.405352811611,0.0,297.7571,18586.209199999998,20460.7261,0.7308257330219969,384,58526.92330962595,128,1.332739305231688e6,4,0.0,4,0.4499999999998181,2,558.3713,3285.458,21.249144148564007,1648.7175,0,0,535,535,"F8-3 step 8, full money stock, fee 3 %, matching prices",sumsy,5,8.731149137020111e-11
16,512,4,4,90837.28569999989,0.0,3841.4004000000014,48.5881,110.5365,,110.5365,0.0,0.0,0.0,0.0,0.0,0.0025,3566.5353,0.0,0.0,1.0,489.39600000000013,0.0,0.0,0.0,1.0,0.0,0.0,1.0,0.0,0,0,0.9947916666666666,0.7253068343774989,0.0,646.0,1.0,0.0,1.0,0,0,0,0.2500102122792446,156,1292.1676735992178,9.821987750145409,1301.9896613493631,43.477442854871505,3.4503877991794862,46.92783065405099,0.0,0.0,0.0,0.0,0,0,0.0,0.0,0.0,1.0,1.0,0.0,0.0,0.0,0.0,0.5,0.25,0.0,-794.2022999999992,0.0,39,2560.0,2345.7102000000004,930.2939000000001,751.0811000000001,0.0,0.0,0.0,0.0,0.0,3,555.0857000000001,2560.0,2345.7102000000004,751.0811000000001,274.0,0.0,0.0,0.015,4.350699999999998,4.955775510204073,3.237701093750001,1.6221586915887842,3.0145357514429945,4.445208558234751,1078.0,1084.0,539.0,2048.0,1540.0,204.0,127,0,0,2,58,38.0,2048.0,65775.13019999999,3675.7378,12514.533099999999,764,4,0,128,0.35266012803560476,0.7253068343774989,0.3858882517569251,0,6488.738099999997,4716.158799999997,58,0,640.0,0,0,0,0.0,0,0.0,1.4262321018344443e6,0.0,0,0,0,1.5,0,0.0,0,0,0.0,0,0.0,0,0,2072.1287000000007,256.0,4750.2636,4,307.6423,307.6417999999999,1.5360118169668164,5120.0,51.015625,0.3977219661458334,10,0,0.0,0,133.0768433867658,2612.0,130,2.855914264377784,0,0,0,0.0,0.0,0.0,0.0,0.0,0.0,0.0,0.0,0,0,0,0,127,0.0,0,12,0.0,0,0.0,6111.4767999999995,611.0699999999998,4262.667739396944,0.0,4262.667739396944,0.0,307.6423,18684.86379999998,20940.5345,0.7322586508082005,384,70601.8330918006,128,1.355630268742641e6,4,0.0,4,0.375,2,555.0857000000001,3455.9988,22.52409279747785,1652.9554,0,0,539,539,"F8-3 step 8, full money stock, fee 3 %, matching prices",sumsy,5,8.731149137020111e-11
17,512,4,4,91046.31379999987,0.0,3431.1483,61.44389999999999,88.4293,,88.4293,0.0,0.0,0.0,0.0,0.0,0.0025,3711.6767,0.0,0.0,1.0,488.1465000000005,0.0,0.0,0.0,1.0,0.0,0.0,1.0,0.0,0,0,0.9947916666666666,0.7259554929299761,0.0,645.0,1.0,0.0,1.0,0,0,0,0.2501437809479724,156,1296.412224365006,9.52106985713816,1305.9332942221445,43.808367100718996,3.7605814615362787,47.56894856225527,0.0,0.0,0.0,0.0,0,0,0.0,0.0,0.0,1.0,1.0,0.0,0.0,0.0,0.0,0.5,0.25,0.0,-832.6162999999997,0.0,43,2560.0,2350.9718999999996,1961.4122,751.3155000000013,0.0,0.0,0.0,0.0,0.0,0,551.656,2560.0,2350.9718999999996,751.3155000000013,274.0,0.0,0.0,0.015,4.363931460674152,4.891138262476905,3.38039828125,1.6148050279329602,3.1064742055267756,5.4263058297136055,1082.0,1068.0,541.0,2045.3333333333335,1544.0,204.0,125,0,0,3,50,35.0,2048.0,65519.050299999944,3917.6128,12504.2239,764,4,0,128,0.355039526271544,0.7259554929299761,0.38105624790480164,0,6651.335500000001,4660.678799999994,50,0,640.0,0,0,0,0.0,0,0.0,1.426243071734441e6,0.0,0,0,0,1.5,0,0.0,0,0,0.0,0,0.0,0,0,2163.4549,256.0,4842.0941,4,326.1799,326.1803999999997,1.5360118169668164,5120.0,51.015625,0.4095554671223958,0,0,0.0,0,0.0,2612.0,130,2.8499879393454797,0,0,0,0.0,0.0,0.0,0.0,0.0,0.0,0.0,0.0,0,0,0,0,125,0.0,0,12,0.0,0,0.0,6111.4767999999995,623.2933999999999,4039.3335586937683,0.0,4039.3335586937683,0.0,326.1799,19129.4526,21263.9308,0.7328941031336156,384,70035.7032918006,128,1.3562073684426406e6,4,0.0,4,0.3000000000001819,2,551.656,3623.2474,23.87553836532652,1653.8573999999999,0,0,541,541,"F8-3 step 8, full money stock, fee 3 %, matching prices",sumsy,5,8.731149137020111e-11
18,512,4,4,91247.53669999992,0.0,3051.0049999999997,94.6246,66.3221,,66.3221,0.0,0.0,0.0,0.0,0.0,0.0025,3851.8442,0.0,0.0,1.0,489.6305999999995,0.0,0.0,0.0,1.0,0.0,0.0,1.0,0.0,0,0,0.9947916666666666,0.7273873908433981,0.0,512.0,3.0,0.0,1.0,0,0,0,0.2500035068523896,156,1329.6682884285794,9.011093880094194,1338.6793823086737,44.49003596794937,3.3951329402161496,47.88516890816551,0.0,0.0,0.0,0.0,0,0,0.0,0.0,0.0,1.0,1.0,0.0,0.0,0.0,0.0,0.5,0.25,0.0,-866.9280999999993,0.0,45,2560.0,2358.7770999999975,906.0699000000001,752.4487000000006,0.0,0.0,0.0,0.0,0.0,0,547.9968,2560.0,2358.7770999999975,752.4487000000006,274.0,0.0,0.0,0.015,4.423204119850182,4.962861985018756,3.5675904687500024,1.6083284905660375,3.1574888735648954,5.522319200498686,1068.0,1068.0,534.0,2044.0,1530.0000000000002,204.0,128,0,0,0,42,37.0,2048.0,65140.877300000015,4191.471600000001,12550.0401,764,4,0,128,0.36642124876716475,0.7273873908433981,0.40480368007332657,0,6681.483000000001,4723.9819999999945,42,0,640.0,0,0,0,0.0,0,0.0,1.4657812565344402e6,0.0,0,0,0,1.5,0,0.0,0,0,0.0,0,0.0,0,0,2283.2579000000014,256.0,4965.3067,4,347.3306,347.3312999999998,1.5360118169668164,5120.0,51.015625,0.42671252441406254,0,0,0.0,0,0.0,2612.0,130,2.924293404444903,0,0,0,0.0,0.0,0.0,0.0,0.0,0.0,0.0,0.0,0,0,0,0,128,0.0,0,12,0.0,0,0.0,6111.4767999999995,665.6256000000001,3671.011793606913,0.0,3671.011793606913,0.0,347.3306,19375.30870000001,21706.818400000007,0.7343019117410137,384,69126.54059180053,128,1.3966547159426399e6,4,0.0,4,0.22499999999990905,2,547.9968,3785.5221,25.308070667246113,1706.6564,0,0,534,534,"F8-3 step 8, full money stock, fee 3 %, matching prices",sumsy,5,8.731149137020111e-11
19,512,4,4,91442.96930000016,0.0,2682.8828000000008,111.37700000000001,44.2149,,44.2149,0.0,0.0,0.0,0.0,0.0,0.0025,3981.6257,0.0,0.0,1.0,496.2809999999998,0.0,0.0,0.0,1.0,0.0,0.0,1.0,0.0,0,0,0.9947916666666666,0.7280757415769983,0.0,512.0,0.0,0.0,1.0,0,0,0,0.25028421457268757,156,1311.9577826871862,8.519000572971262,1320.4767832601574,43.75314986631299,3.3768719943571077,47.1300218606701,0.0,0.0,0.0,0.0,0,0,0.0,0.0,0.0,1.0,1.0,0.0,0.0,0.0,0.0,0.5,0.25,0.0,-897.4384999999993,0.0,48,2560.0,2364.5674000000004,1424.1372,753.0188999999998,0.0,0.0,0.0,0.0,0.0,0,544.5635,2560.0,2364.5674000000004,753.0188999999998,274.0,0.0,0.0,0.015,4.498565300285985,5.044194007490638,3.7367281250000013,1.6166249056603756,3.2320798053903097,5.584643980430262,1068.0,1049.0,534.0,2048.0,1530.0,204.0,129,0,0,1,37,26.0,2048.0,64801.74549999997,4471.2155,12548.4456,764,4,0,128,0.3723876353491462,0.7280757415769983,0.4016233597125347,1,6810.948100000003,4718.994999999998,37,0,640.0,0,0,0,0.0,0,0.0,1.4650200465344382e6,0.0,0,0,0,1.5,0,0.0,0,0,0.0,0,0.0,0,0,2391.5060000000008,256.0,5095.3735,4,350.3998,350.40029999999996,1.5360118169668164,5120.0,51.015625,0.4398678336588541,0,0,0.0,0,0.0,2612.0,130,2.9737780567670113,0,0,0,0.0,0.0,0.0,0.0,0.0,0.0,0.0,0.0,0,0,0,0,129,0.0,0,12,0.0,0,0.0,6111.4767999999995,719.9789000000001,3628.5533476381347,0.0,3628.5533476381347,0.0,350.3998,19771.161200000002,22115.0346,0.7349763652875811,384,68408.08839180063,128,1.3966119581426405e6,4,0.0,4,0.15000000000009095,2,544.5635,3937.4108,26.826554907280883,1706.6564,0,0,534,534,"F8-3 step 8, full money stock, fee 3 %, matching prices",sumsy,5,8.731149137020111e-11
20,512,4,4,91632.49709999996,0.0,2376.8038000000006,178.5782,22.1077,,22.1077,0.0,0.0,0.0,0.0,0.0,0.0025,4099.6396,0.0,0.0,1.0,504.7367999999998,0.0,0.0,0.0,1.0,0.0,0.0,1.0,0.0,0,0,0.9947916666666666,0.729401816698396,0.0,512.0,1.0,0.0,1.0,0,0,0,0.25024352800658123,156,1323.341380504707,7.974062569279615,1331.3154430739867,43.346607440654594,3.228882816295902,46.575490256950495,0.0,0.0,0.0,0.0,0,0,0.0,0.0,0.0,1.0,1.0,0.0,0.0,0.0,0.0,0.5,0.25,0.0,-924.1975947063269,0.0,50,2560.0,2370.4722000000015,1156.3739,753.7224000000002,0.0,0.0,0.0,0.0,0.0,1,541.1782000000001,2560.0,2370.4722000000015,753.7224000000002,274.0,0.0,0.0,0.015,4.571847217068646,5.092880151228709,3.9228634374999958,1.648671619047618,3.3328396886132126,5.684280503683489,1058.0,1078.0,529.0,2046.6666666666665,1520.0,204.0,130,0,0,2,54,28.0,2048.0,64215.99420000001,4710.5495,12827.7675,764,4,0,128,0.38169884509327257,0.729401816698396,0.4219479283484484,0,6958.953300000013,4928.4513,54,0,640.0,0,0,0,0.0,0,0.0,1.4997087647102673e6,0.0,0,0,0,1.5,0,0.0,0,0,0.0,0,0.0,0,0,2510.632599999997,256.0,5237.3681,4,363.3855,363.3858999999999,1.6086032960655354,5120.0,51.015625,0.458300380859375,2,0,0.0,0,31.2324357191644,2612.0,130,3.064559104801292,0,0,0,0.0,0.0,0.0,0.0,0.0,0.0,0.0,0.0,0,0,0,0,130,0.0,0,12,0.0,0,0.0,6111.4767999999995,745.1103999999998,3291.023917479502,0.0,3291.023917479502,0.0,363.3855,18439.08160000001,22775.6851,0.7362799745256667,384,69164.42577207237,128,1.4305443389381948e6,4,0.0,4,0.0749999999998181,2,541.1782000000001,4077.5319000000004,28.43614820171774,1747.42245,0,0,529,529,"F8-3 step 8, full money stock, fee 3 %, matching prices",sumsy,5,8.731149137020111e-11
21,512,4,4,91815.53870000002,0.0,2012.361800000001,129.555,0.0005,,0.0005,0.0,0.0,0.0,0.0,0.0,0.0025,4206.7539,0.0,0.0,1.0,512.9631000000005,0.0,0.0,0.0,1.0,0.0,0.0,1.0,0.0,0,0,0.9947916666666666,0.7304902055570774,0.0,511.0,0.0,0.0,1.0,0,0,0,0.25011992966366764,156,1309.6038424003052,7.176715345152952,1316.7805577454583,43.11882399617734,3.060962726252562,46.1797867224299,0.0,0.0,0.0,0.0,0,0,0.0,0.0,0.0,1.0,1.0,0.0,0.0,0.0,0.0,0.5,0.25,0.0,-947.9651947063262,0.0,53,2560.0,2376.958400000002,1456.4912000000002,754.7300999999998,0.0,0.0,0.0,0.0,0.0,0,538.2261000000001,2560.0,2376.958400000002,754.7300999999998,274.0,0.0,0.0,0.015,4.72464252978918,5.223260408921936,4.141208437500003,1.6624456928838964,3.423215707252993,5.78480185264516,1076.0,1091.0,538.0,2045.3333333333333,1538.0,204.0,127,0,0,1,58,38.0,2048.0,63570.41629999999,4981.0346,13114.0564,764,4,0,128,0.39276913382538803,0.7304902055570774,0.39795612424348925,0,7199.660800000003,5154.5849999999955,58,0,640.0,0,0,0,0.0,0,0.0,1.5029825760833223e6,0.0,0,0,0,1.5,0,0.0,0,0,0.0,0,0.0,0,0,2650.3734000000018,256.0,5405.0514,4,356.1872,356.1871,1.6787763278535266,5120.0,51.015625,0.47611396972656245,2,0,0.0,0,34.428301520694745,2612.0,130,3.159371049658281,0,0,0,0.0,0.0,0.0,0.0,0.0,0.0,0.0,0.0,0,0,0,0,127,0.0,0,12,0.0,0,0.0,6111.4767999999995,773.1075,3544.1800720694423,0.0,3544.1800720694423,0.0,356.1872,18899.401299999983,23500.1424,0.7373452001583336,384,69451.66005306657,128,1.4335309160302537e6,4,0.0,4,0.0,2,538.2261000000001,4206.7534,30.142317093820804,1747.42245,0,0,538,538,"F8-3 step 8, full money stock, fee 3 %, matching prices",sumsy,5,8.731149137020111e-11
22,512,4,4,91992.99639999996,0.0,1680.1236999999992,145.72850000000003,0.0,,0.0,0.0,0.0,0.0,0.0,0.0,0.0025,4315.8152,0.0,0.0,1.0,530.1042000000003,0.0,0.0,0.0,1.0,0.0,0.0,1.0,0.0,0,0,0.9947916666666666,0.7315189805891427,0.0,512.0,1.0,0.0,1.0,0,0,0,0.25002340750912894,156,1330.8491829599502,6.467056129373652,1337.316239089324,42.0577757215464,2.977195672567698,45.034971394114095,0.0,0.0,0.0,0.0,0,0,0.0,0.0,0.0,1.0,1.0,0.0,0.0,0.0,0.0,0.5,0.25,0.0,-968.088594706326,0.0,55,2560.0,2382.5423000000023,1285.7474,755.4267000000004,0.0,0.0,0.0,0.0,0.0,0,535.1793,2560.0,2382.5423000000023,755.4267000000004,274.0,0.0,0.0,0.015,4.883344972067037,5.3198688888888706,4.282638593750002,1.7185748134328331,3.567621654891274,5.902365267090647,1080.0,1074.0,540.0,2046.6666666666667,1542.0,204.0,126,0,0,0,48,40.0,2048.0,63058.753300000055,5208.3202,13332.4517,764,4,0,128,0.4031954697151514,0.7315189805891427,0.40229141077223884,0,7485.472299999988,5244.712499999998,48,0,640.0,0,0,0,0.0,0,0.0,1.571978872612808e6,0.0,0,0,0,1.5,0,0.0,0,0,0.0,0,0.0,0,0,2740.8887000000013,256.0,5542.476699999999,4,359.54819999999995,359.5477000000001,1.977255008346494,5120.0,51.015625,0.49661323242187505,6,0,0.0,0,97.32267222709692,2612.0,130,3.224808280977278,0,0,0,0.0,0.0,0.0,0.0,0.0,0.0,0.0,0.0,0,0,0,0,126,0.0,0,12,0.0,0,0.0,6111.4767999999995,847.4802999999999,3705.290876425148,0.0,3705.290876425148,0.0,359.54819999999995,20839.5947,24083.2486,0.7383617849792481,384,76901.02540786278,128,1.4950778472049462e6,4,0.0,4,0.0,2,535.1793,4315.8152,31.950856119450055,1814.93,0,0,540,540,"F8-3 step 8, full money stock, fee 3 %, matching prices",sumsy,5,8.731149137020111e-11
23,512,4,4,92164.835,0.0,1730.5214999999994,380.524,0.0,,0.0,0.0,0.0,0.0,0.0,0.0,0.0025,4404.9447,0.0,0.0,1.0,547.9134,0.0,0.0,0.0,1.0,0.0,0.0,1.0,0.0,0,0,0.9947916666666666,0.7329560882415798,0.0,512.0,1.0,0.0,1.0,0,0,0,0.25021190441880015,156,1312.5732616234015,5.702890644064635,1318.2761522674662,40.43340814986076,2.827810766838143,43.2612189166989,0.0,0.0,0.0,0.0,0,0,0.0,0.0,0.0,1.0,1.0,0.0,0.0,0.0,0.0,0.5,0.25,0.0,-984.8894947063263,0.0,57,2560.0,2388.161399999998,1214.5117999999998,756.3014000000002,0.0,0.0,0.0,0.0,0.0,0,532.2194,2560.0,2388.161399999998,756.3014000000002,274.0,0.0,0.0,0.015,5.061996499526963,5.535451396648067,4.4879065624999965,1.7500654784240137,3.719112373610604,5.988460849233309,1074.0,1057.0,537.0,2048.0,1536.0,204.0,128,0,0,1,49,25.0,2048.0,62163.5025000001,5510.594400000001,13865.864000000001,764,4,0,128,0.40900939440346806,0.7329560882415798,0.40631975684494726,0,7736.3277000000035,5350.530299999999,49,0,640.0,0,0,0,0.0,0,0.0,1.5870567122588286e6,0.0,0,0,0,1.5,0,0.0,0,0,0.0,0,0.0,0,0,2872.260199999998,256.0,5687.71,4,371.8347,371.83520000000004,2.2369368255017212,5120.0,51.015625,0.51228185546875,5,0,0.0,0,66.84139803256471,2612.0,130,3.2839689037201047,0,0,0,0.0,0.0,0.0,0.0,0.0,0.0,0.0,0.0,0,0,0,0,128,0.0,0,12,0.0,0,0.0,6111.4767999999995,879.8153000000003,3457.35137649995,0.0,3457.35137649995,0.0,371.8347,20680.89289999999,25064.1684,0.7397643855260414,384,79166.98994604537,128,1.50788972231278e6,4,0.0,4,0.0,2,532.2194,4404.9447,33.86790748661706,1814.93,0,0,537,537,"F8-3 step 8, full money stock, fee 3 %, matching prices",sumsy,5,8.731149137020111e-11
24,512,4,4,92331.62290000012,0.0,1614.7871999999993,162.10680000000002,0.0,,0.0,0.0,0.0,0.0,0.0,0.0,0.0025,4472.6095,0.0,0.0,1.0,567.9563999999996,0.0,0.0,0.0,1.0,0.0,0.0,1.0,0.0,0,0,0.9947916666666666,0.7334475205414026,0.0,646.0,1.0,0.0,1.0,0,0,0,0.25007434039792387,156,1274.5937015455074,4.9391892755883635,1279.5328908210956,38.95042203573728,2.73274102253701,41.68316305827429,0.0,0.0,0.0,0.0,0,0,0.0,0.0,0.0,1.0,1.0,0.0,0.0,0.0,0.0,0.5,0.25,0.0,-1002.1947947063254,0.0,60,2560.0,2393.212100000002,1638.2228000000002,757.2079000000003,0.0,0.0,0.0,0.0,0.0,0,531.2315,2560.0,2393.212100000002,757.2079000000003,274.0,0.0,0.0,0.015,5.269014889705889,5.6988990706319695,4.727853593749988,1.8169288389513112,3.8766485092633065,6.049680933321148,1076.0,1088.0,538.0,2046.6666666666667,1538.0,204.0,127,0,0,1,50,40.0,2048.0,61275.71869999995,5868.0328,14327.1466,764,4,0,128,0.416634268664416,0.7334475205414026,0.4017221451481938,0,8051.628700000013,5732.688200000007,50,0,640.0,0,0,0,0.0,0,0.0,1.581780525583592e6,0.0,0,0,0,1.5,0,0.0,0,0,0.0,0,0.0,0,0,3025.8262999999924,256.0,5856.8838,4,368.3129,368.3135,2.6427183997980728,5120.0,51.015625,0.5292038997395833,2,0,0.0,0,54.8254673017973,2612.0,130,3.3839252968963525,0,0,0,0.0,0.0,0.0,0.0,0.0,0.0,0.0,0.0,0,0,0,0,127,0.0,0,12,0.0,0,0.0,6111.4767999999995,967.9662000000002,3568.939578381369,0.0,3568.939578381369,0.0,368.3129,19324.8463,26052.0632,0.7402428338981366,384,87212.16758096713,128,1.4945683580026259e6,4,0.0,4,0.0,2,531.2315,4472.6095,35.89998193581408,1776.82085,0,0,538,538,"F8-3 step 8, full money stock, fee 3 %, matching prices",sumsy,5,8.731149137020111e-11
25,512,4,4,92494.02079999993,0.0,1638.9616000000005,226.41260000000003,0.0,,0.0,0.0,0.0,0.0,0.0,0.0,0.0025,4516.3171,0.0,0.0,1.0,591.1818999999997,0.0,0.0,0.0,1.0,0.0,0.0,1.0,0.0,0,0,0.9947916666666666,0.7343933715496926,0.0,511.0,0.0,0.0,1.0,0,0,0,0.2502468545543928,156,1229.405546247002,4.1665966529745395,1233.5721428999764,36.622331096488566,2.710740184101875,39.333071280590445,0.0,0.0,0.0,0.0,0,0,0.0,0.0,0.0,1.0,1.0,0.0,0.0,0.0,0.0,0.5,0.25,0.0,-1017.7742947063253,0.0,62,2560.0,2397.6020999999996,1315.4875,758.1233000000001,0.0,0.0,0.0,0.0,0.0,12,530.1216,2560.0,2397.6020999999996,758.1233000000001,274.0,0.0,0.0,0.015,5.522462442607898,6.007455056179777,4.9681382812500035,1.8842881132075502,4.013299915441167,6.1382988170358,1068.0,1089.0,534.0,2046.6666666666665,1530.0,204.0,129,0,0,0,56,49.0,2048.0,60157.308200000036,6317.4363,14883.5975,764,4,0,128,0.4218225916491807,0.7343933715496926,0.4123279983741641,0,8294.03930000001,6013.9616000000005,56,0,640.0,0,0,0,0.0,0,0.0,1.584408055014488e6,0.0,0,0,0,1.5,0,0.0,0,0,0.0,0,0.0,0,0,3179.608500000002,256.0,6089.2401,4,392.15689999999995,392.1561000000001,2.705763198477985,5120.0,51.015625,0.55143279296875,4,0,0.0,0,99.57610419480153,2612.0,130,3.5411007662048086,0,0,0,0.0,0.0,0.0,0.0,0.0,0.0,0.0,0.0,0,0,0,0,129,0.0,0,12,0.0,0,0.0,6111.4767999999995,1088.1853999999996,3260.1043348320495,0.0,3260.1043348320495,0.0,392.15689999999995,19570.60250000001,27290.2739,0.7411688527901714,384,87728.97554189098,128,1.496679079472597e6,4,0.0,4,0.0,2,530.1216,4516.3171,38.053980851962926,1776.82085,0,0,534,534,"F8-3 step 8, full money stock, fee 3 %, matching prices",sumsy,5,8.731149137020111e-11
26,512,4,4,92654.11289999998,0.0,1877.1616000000004,429.6033,0.0,,0.0,0.0,0.0,0.0,0.0,0.0,0.0025,4532.0283,0.0,0.0,1.0,619.6195000000006,0.0,0.0,0.0,1.0,0.0,0.0,1.0,0.0,0,0,0.9934895833333334,0.7356378999863591,0.0,913.0,1.0,0.0,1.0,0,0,0,0.2503769568989578,156,1201.1823213781374,3.6161600102628637,1204.7984813884002,37.198542685778925,2.773528124661669,39.97207081044059,0.0,0.0,0.0,0.0,0,0,0.0,0.0,0.0,1.0,1.0,0.0,0.0,0.0,0.0,0.5,0.25,0.0,-1033.4007997863073,0.0,63,2560.0,2399.907899999998,892.7497999999999,758.8097000000001,0.0,0.0,0.0,0.0,0.0,10,529.7922,2560.0,2399.907899999998,758.8097000000001,274.0,0.0,0.0,0.015,5.805749858356935,6.246287615526783,5.206230156250006,1.9710128731343308,4.179861454702461,6.3060753036798785,1082.0,1059.0,541.0,2048.0,1544.0,204.0,125,0,0,2,51,35.0,2048.0,60720.079299999976,4985.7472,15534.2939,763,5,0,128,0.44266379112890797,0.7356378999863591,0.39094252212037617,0,8650.052100000003,6148.2890999999945,51,0,640.0,0,0,0,0.0,0,0.0,1.626401037918607e6,0.0,0,0,0,1.5,0,0.0,0,0,0.0,0,0.0,0,0,3331.9873000000043,256.0,6352.172,4,392.73679999999996,392.7365999999999,2.5868673334734624,5120.0,51.015625,0.5769289493815103,5,0,0.0,0,141.00777112512284,2612.0,130,3.5105509242590345,0,0,0,0.0,0.0,0.0,0.0,0.0,0.0,0.0,0.0,0,0,0,0,125,0.0,0,12,0.0,0,0.0,6111.4767999999995,1182.4008999999999,5315.42958943766,0.0,5315.42958943766,0.0,392.73679999999996,21412.9357,26872.213099999997,0.7423923207640097,384,84087.89782898012,128,1.542313140089629e6,4,0.0,4,0.0,2,529.7922,4532.0283,40.337219703080706,1842.86215,0,0,541,541,"F8-3 step 8, full money stock, fee 3 %, matching prices",sumsy,5,8.731149137020111e-11
27,512,4,4,92806.38969999987,0.0,1932.938199999999,192.66969999999998,0.0,,0.0,0.0,0.0,0.0,0.0,0.0,0.0025,4518.7302,0.0,0.0,1.0,651.4026000000005,0.0,0.0,0.0,1.0,0.0,0.0,1.0,0.0,0,0,0.9934895833333334,0.7368132319521878,0.0,1038.0,0.0,0.0,1.0,0,0,0,0.2500103646992164,156,1148.7570153329534,2.916215655257754,1151.6732309882111,35.096088828526135,2.464388897086453,37.560477725612586,0.0,0.0,0.0,0.0,0,0,0.0,0.0,0.0,1.0,1.0,0.0,0.0,0.0,0.0,0.5,0.25,0.0,-1051.7224997863077,0.0,64,2560.0,2407.7232000000004,867.4155000000002,761.4570000000015,0.0,0.0,0.0,0.0,0.0,5,531.0533,2560.0,2407.7232000000004,761.4570000000015,274.0,0.0,0.0,0.015,6.032346468401487,6.445283208955224,5.497645156250006,2.057979661016949,4.384956519409582,6.528479323130225,1072.0,1076.0,536.0,2045.3333333333335,1534.0,204.0,127,0,0,1,57,31.0,2048.0,59446.08529999991,5496.8668,16159.9065,763,5,0,128,0.4562418513156863,0.7368132319521878,0.42388134672063393,0,8996.236700000001,6490.8048,57,0,640.0,0,0,0,0.0,0,0.0,1.63006237995932e6,0.0,0,0,0,1.5,0,0.0,0,0,0.0,0,0.0,0,0,3518.492900000004,256.0,6653.7476,4,426.9299,426.92930000000007,2.6679229672741016,5120.0,51.015625,0.6010668058268228,1,0,0.0,0,15.318796527693419,2612.0,130,3.6715908823246726,0,0,0,0.0,0.0,0.0,0.0,0.0,0.0,0.0,0.0,0,0,0,0,127,0.0,0,12,0.0,0,0.0,6111.4767999999995,1216.3717000000001,4999.080324090187,0.0,4999.080324090187,0.0,426.9299,21301.25180000001,28310.5209,0.7435420512547983,384,84399.1070155106,128,1.54566327294381e6,4,0.0,4,0.0,2,531.0533,4518.7302,42.75745288526555,1842.86215,0,0,536,536,"F8-3 step 8, full money stock, fee 3 %, matching prices",sumsy,5,8.731149137020111e-11
28,512,4,4,92951.82860000004,0.0,2168.169100000001,381.58130000000006,0.0,,0.0,0.0,0.0,0.0,0.0,0.0,0.0025,4484.1342,0.0,0.0,1.0,676.8312000000005,0.0,0.0,0.0,1.0,0.0,0.0,1.0,0.0,1,0,0.9921875,0.737929185562207,0.0,510.0,2.0,0.0,1.0,0,0,0,0.25014878000396745,156,1112.4369184884433,2.2650968559550644,1114.7020153443984,36.211403717866645,2.2215738123423283,38.43297753020898,0.0,0.0,0.0,0.0,0,0,0.0,0.0,0.0,1.0,1.0,0.0,0.0,0.0,0.0,0.5,0.25,0.0,-1071.051799786307,0.0,65,2560.0,2414.5611,1026.7948999999999,764.1987000000006,0.0,0.0,0.0,0.0,0.0,0,532.3533,2560.0,2414.5611,764.1987000000006,274.0,0.0,0.0,0.015,6.372790328638496,6.855337222222247,5.767211875000004,2.155022284644194,4.573797842901835,6.7821262002033,1080.0,1065.0,540.0,2046.6666666666665,1541.9999999999998,204.0,126,0,0,3,48,27.0,2048.0,60034.184299999986,4212.4231,16716.2133,762,6,0,128,0.481039214109078,0.737929185562207,0.40281939013003987,4,9359.529700000003,6787.021699999998,48,0,640.0,0,0,0,0.0,0,0.0,1.6410583048218687e6,0.0,0,0,0,1.5,0,0.0,0,0,0.0,0,0.0,0,0,3691.0156000000025,256.0,6972.520399999999,4,444.2055,444.2048,2.5922086282856744,5120.0,51.015625,0.6272983072916666,1,0,0.0,0,2.572161274655783,2612.0,130,3.837721725742773,0,0,0,0.0,0.0,0.0,0.0,0.0,0.0,0.0,0.0,0,0,0,0,126,0.0,0,12,0.0,0,0.0,6111.4767999999995,1373.1479,7053.908572241966,0.0,7053.908572241966,0.0,444.2055,21595.63889999999,27901.156799999997,0.7446352339490041,384,81472.95678672164,128,1.55958534803515e6,4,0.0,4,0.0,2,532.3533,4484.1342,45.322900058381485,1865.1027,0,0,540,540,"F8-3 step 8, full money stock, fee 3 %, matching prices",sumsy,5,8.731149137020111e-11
29,512,4,4,93089.70920000007,0.0,2440.1920999999998,431.9336000000002,0.0,,0.0,0.0,0.0,0.0,0.0,0.0,0.0025,4416.1291,0.0,0.0,1.0,715.0250999999997,0.0,0.0,0.0,1.0,0.0,0.0,1.0,0.0,4,1,0.9921875,0.738714309520033,0.0,1037.0,0.0,0.0,1.0,0,0,0,0.2507087757391051,156,1101.2342062697687,1.6023124022305173,1102.8365186719993,33.43170973524021,1.8612752114819378,35.29298494672215,0.0,0.0,0.0,0.0,0,0,0.0,0.0,0.0,1.0,1.0,0.0,0.0,0.0,0.0,0.5,0.25,0.0,-1092.5030996423693,0.0,68,2560.0,2422.1193999999978,2572.961400000001,767.2853000000006,0.0,0.0,0.0,0.0,0.0,4,534.2266999999999,2560.0,2422.1193999999978,767.2853000000006,274.0,0.0,0.0,0.015,6.665950632911392,7.0952403738317695,6.0740226562500155,2.2694725897920627,4.808569631118297,7.03331590759007,1070.0,1106.0,535.0,2044.0000000000002,1532.0000000000002,204.0,128,0,0,0,68,41.0,2048.0,58338.9058,4817.0129,17663.0905,762,6,0,128,0.4849317686902319,0.738714309520033,0.4051364392143664,3,9773.38199999999,7372.5414,68,0,640.0,0,0,0,0.0,0,0.0,1.6877346598989163e6,0.0,0,0,0,1.5,0,0.0,0,0,0.0,0,0.0,0,0,3887.37450000001,256.0,7320.3442000000005,4,470.063,470.06410000000005,3.3802352506333793,5120.0,51.015625,0.6589391422526042,11,0,0.0,0,261.3307389990451,2612.0,130,4.075003181824862,0,0,0,0.0,0.0,0.0,0.0,0.0,0.0,0.0,0.0,0,0,0,0,128,0.0,0,12,0.0,0,0.0,6111.4767999999995,1502.1780999999999,6663.414684235528,0.0,6663.414684235528,0.0,470.063,21655.8796,29800.447599999996,0.7454019592328409,384,96944.83621773952,128,1.5907898236811752e6,4,0.0,4,0.0,2,534.2266999999999,4416.1291,48.04227406188438,1865.1027,0,0,535,535,"F8-3 step 8, full money stock, fee 3 %, matching prices",sumsy,5,8.731149137020111e-11
30,512,4,4,93217.6646,0.0,3043.3720000000003,778.3309,0.0,,0.0,0.0,0.0,0.0,0.0,0.0,0.0025,4321.8995,0.0,0.0,1.0,747.9201000000006,0.0,0.0,0.0,1.0,0.0,0.0,1.0,0.0,11,0,0.9921875,0.7400739889483694,0.0,505.0,0.0,0.0,1.0,0,0,0,0.2500306368377337,156,1056.3920805476912,0.9445610094585326,1057.3366415571497,31.281825855897683,1.494429038657246,32.77625489455493,0.0,0.0,0.0,0.0,0,0,0.0,0.0,0.0,1.0,1.0,0.0,0.0,0.0,0.0,0.5,0.25,0.0,-1116.1541996423687,0.0,70,2560.0,2432.0445999999993,2364.0368999999996,771.4340000000002,0.0,0.0,0.0,0.0,0.0,9,536.4023,2560.0,2432.0445999999993,771.4340000000002,274.0,0.0,0.0,0.015,7.0082073800738,7.427988990825652,6.387087968749997,2.363743599257882,5.0145365083844435,7.3339827353543425,1090.0,1084.0,545.0,2048.0,1552.0,204.0,123,0,0,1,59,43.0,2048.0,56577.96960000004,5454.090200000001,18640.7149,762,6,0,128,0.49423202468490035,0.7400739889483694,0.4106228922451054,8,10312.248800000003,7596.896799999999,59,0,640.0,0,0,0,0.0,0,0.0,1.6887680790746757e6,0.0,0,0,0,1.5,0,0.0,0,0,0.0,0,0.0,0,0,4087.7362999999978,256.0,7686.5881,4,483.1129,483.1124999999998,3.423047167556581,5120.0,51.015625,0.6885119677734375,1,0,0.0,0,8.748690313283362,2612.0,130,4.167989116217248,0,0,0,0.0,0.0,0.0,0.0,0.0,0.0,0.0,0.0,0,0,0,0,123,0.0,0,12,0.0,0,0.0,6111.4767999999995,1619.1825999999996,6940.523289281796,0.0,6940.523289281796,0.0,483.1129,22069.821599999996,31781.3932,0.7467336494277017,384,96155.74259008713,128,1.5926123364845887e6,4,0.0,4,0.0,2,536.4023,4321.8995,50.92481050559744,1865.1027,0,0,545,545,"F8-3 step 8, full money stock, fee 3 %, matching prices",sumsy,5,8.731149137020111e-11
31,512,4,4,93340.00080000013,0.0,3613.3475000000003,782.715,0.0,,0.0,0.0,0.0,0.0,0.0,0.0,0.0025,4196.6521,0.0,0.0,1.0,786.3230999999995,0.0,0.0,0.0,1.0,0.0,0.0,1.0,0.0,15,1,0.9908854166666666,0.7411303389838264,0.0,902.0,1.0,0.0,1.0,0,0,0,0.25012936086930504,156,1011.3958187661221,0.3963046672983013,1011.7921234334204,31.31950950411908,1.326740917603692,32.64625042172277,0.0,0.0,0.0,0.0,0,0,0.0,0.0,0.0,1.0,1.0,0.0,0.0,0.0,0.0,0.5,0.25,0.0,-1146.134986980356,0.0,74,2560.0,2437.6638000000007,3267.0217,774.6850999999997,0.0,0.0,0.0,0.0,0.0,5,540.7726,2560.0,2437.6638000000007,774.6850999999997,274.0,0.0,0.0,0.015,7.389800562851781,7.839912962962966,6.645277031249992,2.492444277673548,5.273266321688906,7.628803794395534,1080.0,1066.0,540.0,2046.6666666666665,1542.0,204.0,126,0,0,2,48,39.0,2048.0,56972.81179999998,4090.7749,19503.2247,761,7,0,128,0.510556230479428,0.7411303389838264,0.4285857809203475,10,10701.126700000004,7877.527399999999,48,0,640.0,0,0,0,0.0,0,0.0,1.7007787213329335e6,0.0,0,0,0,1.5,0,0.0,0,0,0.0,0,0.0,0,0,4252.977299999995,256.0,8035.7647,4,524.1492,524.1475000000002,3.317919342983941,5120.0,51.015625,0.7179132291666667,9,0,0.0,0,177.69813326189518,2612.0,130,4.39264220161698,0,0,0,0.0,0.0,0.0,0.0,0.0,0.0,0.0,0.0,0,0,0,0,126,0.0,0,12,0.0,0,0.0,6111.4767999999995,1681.6193,8515.705483100923,0.0,8515.705483100923,0.0,524.1492,23563.36080000001,31629.7643,0.7477699763844585,384,92236.26594990089,128,1.6085424553830326e6,4,0.0,4,0.0,2,540.7726,4196.6521,53.98029913593329,1891.1871999999998,0,0,540,540,"F8-3 step 8, full money stock, fee 3 %, matching prices",sumsy,5,8.731149137020111e-11
32,512,4,4,93457.36140000013,0.0,4620.8395999999975,1251.5839999999996,0.0,,0.0,0.0,0.0,0.0,0.0,0.0,0.0025,4037.0562,0.0,0.0,1.0,829.1376000000008,0.0,0.0,0.0,1.0,0.0,0.0,1.0,0.0,24,2,0.9895833333333334,0.7423219152281268,0.0,1027.0,1.0,0.0,1.0,0,0,0,0.25015104063642035,156,979.0512336844728,-0.08394214173963112,978.9672915427332,30.214044325783806,1.2016672570554634,31.41571158283927,0.0,0.0,0.0,0.0,0,0,0.0,0.0,0.0,1.0,1.0,0.0,0.0,0.0,0.0,0.5,0.25,0.0,-1181.2111869803553,0.0,79,2560.0,2442.639400000001,3848.5624000000007,778.0455000000013,0.0,0.0,0.0,0.0,0.0,15,545.5296,2560.0,2442.639400000001,778.0455000000013,274.0,0.0,0.0,0.015,7.774388079470203,8.174669158878498,6.9147605863192245,2.6291819734345365,5.595453738382814,8.347124538890794,1070.0,1057.0,535.0,2045.3333333333333,1522.0000000000002,204.0,131,2,2,2,50,28.0,2046.0,57308.29719999997,2939.8635999999997,20445.351000000002,760,8,0,128,0.5170566463967019,0.7423219152281268,0.4284358903547283,12,11131.226200000005,8217.528200000004,51,1,614.0,0,0,2,0.0,0,0.0,1.7274271682193961e6,0.0,0,0,0,1.5,0,0.0,0,0,0.0,0,0.0,0,0,4245.663000000004,246.0,8181.263800000001,4,547.3522,547.3518000000003,3.6031488463443484,5120.0,51.048177083333336,0.7478437060546875,12,0,0.0,0,612.3372509918711,2613.6666666666665,130,4.581674752464159,0,0,0,0.0,0.0,0.0,0.0,0.0,0.0,0.0,0.0,0,0,0,0,131,0.0,0,12,0.0,0,0.0,6111.4767999999995,1848.5331000000006,10125.403663842995,0.0,10125.403663842995,0.0,547.3522,24532.535300000007,31566.478400000004,0.7489415377640123,384,97812.44241925022,128,1.6296147258001463e6,4,0.0,4,0.0,2,545.5296,4037.0562,57.21911708408929,1905.10735,0,0,535,535,"F8-3 step 8, full money stock, fee 3 %, matching prices",sumsy,5,8.731149137020111e-11
33,512,4,4,93568.5164000001,0.0,5556.259399999996,1224.0800000000002,0.0,,0.0,0.0,0.0,0.0,0.0,0.0,0.0025,3843.7206,0.0,0.0,1.0,872.2887000000001,0.0,0.0,0.0,1.0,0.0,0.0,1.0,0.0,29,3,0.9895833333333334,0.7431448269798928,0.0,497.0,1.0,0.0,1.0,0,0,0,0.2500059289110391,156,930.501393849776,-0.49976747170236185,930.0016263780736,28.332542716075945,1.0525738570560879,29.385116573132034,0.0,0.0,0.0,0.0,0,0,0.0,0.0,0.0,1.0,1.0,0.0,0.0,0.0,0.0,0.5,0.25,0.0,-1224.776148331679,0.0,85,2560.0,2448.844999999999,2161.5653999999995,781.950600000001,0.0,0.0,0.0,0.0,0.0,28,552.1989,2560.0,2448.844999999999,781.950600000001,274.0,0.0,0.098,0.015,8.124701218369257,8.701038951310872,7.105158576642341,2.7560288973384006,5.745713816945474,9.657469015065677,1068.0,1067.0,534.0,2043.3333333333335,1494.0,204.0,138,2,1,4,48,29.0,2046.0,56186.53820000001,3810.811,21411.1758,760,8,0,128,0.5170047815302361,0.7431448269798928,0.4394799242645091,20,11295.992999999986,8669.056199999997,49,1,548.0,0,0,2,0.0,0,0.0,1.712542113892448e6,0.0,0,0,0,1.5,0,0.0,0,0,0.0,0,0.0,0,0,3893.626900000003,220.0,7764.071900000001,4,521.1424999999999,521.1428000000001,3.8795632957755353,5120.0,51.048177083333336,0.7643453173828126,10,0,0.0,0,475.77326805782616,2613.6666666666665,130,4.757547180346037,0,0,0,0.0,0.0,0.0,0.0,0.0,0.0,0.0,0.0,0,0,0,0,138,0.0,0,12,0.0,0,0.0,6111.4767999999995,1952.8947000000003,10013.616491744015,0.0,10013.616491744015,0.0,521.1424999999999,23894.2801,32986.0587,0.7494765711923461,384,100504.05328597226,128,1.612038060606477e6,4,0.0,4,0.0,2,552.1989,3843.7206,60.65226410913465,1865.1027,0,0,534,534,"F8-3 step 8, full money stock, fee 3 %, matching prices",sumsy,5,8.731149137020111e-11
34,512,4,4,93672.79929999997,0.0,6581.9709,1352.8489000000002,0.0,,0.0,0.0,0.0,0.0,0.0,0.0,0.0025,3622.4971,0.0,0.0,1.0,911.589299999999,0.0,0.0,0.0,1.0,0.0,0.0,1.0,0.0,51,2,0.98828125,0.7442816612969381,0.0,1014.0,1.0,0.0,1.0,0,0,0,0.2500416859492046,156,907.8137602940478,-0.9211609931225794,906.8925993009252,27.799974328096244,0.899908205558009,28.699882533654254,0.0,0.0,0.0,0.0,0,0,0.0,0.0,0.0,1.0,1.0,0.0,0.0,0.0,0.0,0.5,0.25,0.0,-1274.6123263242212,0.0,91,2560.0,2455.7170999999976,3269.3415999999997,786.5209000000003,0.0,0.0,0.0,0.0,0.0,58,559.8203,2560.0,2455.7170999999976,786.5209000000003,274.0,0.0,0.0,0.015,8.461799055712952,9.066239024390267,7.171406849315075,2.873982061068702,5.820684953758322,9.648960504267167,1066.0,1059.0,533.0,2041.0,1477.0,204.0,140,4,3,7,45,32.0,2044.0,56473.24389999997,3229.3096,22422.6827,759,9,0,128,0.5230760239212762,0.7442816612969381,0.4286879164756221,26,11352.837000000007,8961.045200000015,45,0,511.0,0,0,4,0.0,0,0.0,1.7333245110340216e6,0.0,0,0,0,1.5,0,0.0,0,0,0.0,0,0.0,0,0,3664.5889000000034,205.0,7365.2456999999995,4,494.8567,494.8568999999999,4.2480249338219345,5120.0,51.015625,0.7930363964843751,22,0,0.0,0,475.95014184982836,2612.0,130,4.938482700121189,0,0,0,0.0,0.0,0.0,0.0,0.0,0.0,0.0,0.0,0,0,0,0,140,0.0,0,12,0.0,0,0.0,6111.4767999999995,2029.7363000000005,11042.651976581812,0.0,11042.651976581812,0.0,494.8567,24153.886600000023,33017.238000000005,0.7504556726126139,384,107809.17252474042,128,1.6255153385092793e6,4,0.0,4,0.0,2,559.8203,3622.4971,64.29139995568273,1865.1027,0,0,533,533,"F8-3 step 8, full money stock, fee 3 %, matching prices",sumsy,5,8.731149137020111e-11
35,512,4,4,93767.85750000016,0.0,10607.915500000003,4415.225000000002,0.0,,0.0,0.0,0.0,0.0,0.0,0.0,0.0025,3375.5631,0.0,0.0,1.0,949.4158999999994,0.0,0.0,0.0,1.0,0.0,0.0,1.0,0.0,72,3,0.9869791666666666,0.7459363390933349,0.0,987.0,1.0,0.0,1.0,0,0,0,0.25005356080142827,156,874.3070778901014,-1.3154649415226674,872.9916129485787,25.64020816225895,0.7011002706141769,26.341308432873127,0.0,0.0,0.0,0.0,0,0,0.0,0.0,0.0,1.0,1.0,0.0,0.0,0.0,0.0,0.5,0.25,0.0,-1334.7373263242205,0.0,102,2560.0,2464.941799999998,4513.8218,791.8566999999996,0.0,0.0,0.0,0.0,0.0,48,568.5866000000001,2560.0,2464.941799999998,791.8566999999996,274.0,0.0,17.0757,0.015,8.699422910798123,9.271616129032278,7.245978630705398,3.0034597678916843,5.943923850000692,9.621835184246569,1054.0,1065.0,527.0,2035.0000000000002,1453.0,204.0,146,7,5,7,61,29.0,2041.0,55197.10209999997,5502.0327,23313.016799999998,758,10,0,128,0.5202640525354283,0.7459363390933349,0.44629761179409577,32,11473.594899999996,9264.885400000001,61,0,482.0,0,0,7,0.0,0,0.0,1.7310705480407681e6,0.0,0,0,0,1.5,0,0.0,0,0,0.0,0,0.0,0,0,3492.561700000002,193.0,5811.5562,4,381.2994,381.3,4.24462261622345,5120.0,51.015625,0.8035552636718751,6,0,0.0,0,110.65612697993487,2612.0,130,4.900939539529031,0,0,0,0.0,0.0,0.0,0.0,0.0,0.0,0.0,0.0,0,0,0,0,146,0.0,0,12,0.0,0,0.0,6111.4767999999995,2265.2633000000005,8475.7035645476,0.0,8475.7035645476,0.0,381.2994,23544.527399999988,34626.60569999999,0.751621349223893,384,104389.6007161768,128,1.6266809473245926e6,4,0.0,4,0.0,2,568.5866000000001,3375.5631,68.1488839530237,1865.1027,0,0,527,527,"F8-3 step 8, full money stock, fee 3 %, matching prices",sumsy,5,8.731149137020111e-11
36,512,4,4,93858.44770000003,0.0,11715.139300000008,1709.275000000001,0.0,,0.0,0.0,0.0,0.0,0.0,0.0,0.0025,3113.7996,0.0,0.0,1.0,976.073699999999,0.0,0.0,0.0,1.0,0.0,0.0,1.0,0.0,79,1,0.9869791666666666,0.7469103206567922,0.0,571.0,0.0,0.0,1.0,0,0,0,0.25075105971439154,156,858.6394802837931,-1.6694677372594244,856.9700125465338,23.958630808257134,0.687578851726097,24.646209659983228,0.0,0.0,0.0,0.0,0,0,0.0,0.0,0.0,1.0,1.0,0.0,0.0,0.0,0.0,0.5,0.25,0.0,-1434.22412632422,0.0,112,2560.0,2469.409799999999,3779.1798,795.9303999999995,0.0,0.0,0.0,0.0,0.0,53,591.2111,2560.0,2469.409799999999,795.9303999999995,274.0,0.0,12.1614,0.015,8.882177369439065,9.534249155722318,7.306245238095254,3.0903372848948383,5.995507836141564,9.333180128719173,1066.0,1034.0,533.0,2032.3333333333335,1457.0,204.0,144,10,6,12,41,22.0,2038.0,54438.70829999996,6199.659699999999,24042.670599999998,758,10,0,128,0.5160786880678125,0.7469103206567922,0.4537301956840021,35,11658.471000000012,9184.171399999992,42,1,462.0,0,0,10,0.0,0,0.0,1.7402439716806212e6,0.0,0,0,0,1.5,0,0.0,0,0,0.0,0,0.0,0,0,3375.4853000000076,185.0,5472.3984,4,354.4605,354.4595999999999,4.414726158538756,5120.0,51.015625,0.8211561783854165,8,0,0.0,0,141.06886954880753,2612.0,130,5.0288155547284346,0,0,0,0.0,0.0,0.0,0.0,0.0,0.0,0.0,0.0,0,0,0,0,144,0.0,0,12,0.0,0,0.0,6111.4767999999995,2439.4528999999998,8457.653228215317,0.0,8457.653228215317,0.0,354.4605,23415.894500000017,35714.72870000001,0.7524442417091102,384,106658.66788747968,128,1.6335853037931414e6,4,0.0,4,0.0,2,591.2111,3113.7996,72.23781699020512,1865.1027,0,0,533,533,"F8-3 step 8, full money stock, fee 3 %, matching prices",sumsy,5,8.731149137020111e-11
37,512,4,4,93946.59020000022,0.0,13750.805299999996,2721.571900000001,0.0,,0.0,0.0,0.0,0.0,0.0,0.0,0.0025,2848.2403,0.0,0.0,1.0,991.6955999999997,0.0,0.0,0.0,1.0,0.0,0.0,1.0,0.0,98,3,0.9856770833333334,0.7477823049844228,0.0,913.0,0.0,0.0,1.0,0,0,0,0.25001005377857555,156,848.2189101294284,-1.9455653883025799,846.2733447411258,22.874969704430196,0.6624447718224188,23.537414476252614,0.0,0.0,0.0,0.0,0,0,0.0,0.0,0.0,1.0,1.0,0.0,0.0,0.0,0.0,0.5,0.25,0.0,-1544.6879210563482,0.0,129,2560.0,2471.857500000001,3868.963400000001,799.4986,0.0,0.0,0.0,0.0,0.0,54,608.5359,2560.0,2471.857500000001,799.4986,274.0,0.0,27.182100000000002,0.015,9.003010229445513,9.7663604606526,7.367727252252247,3.148831372549021,6.119463932138866,9.053184724857596,1042.0,1046.0,521.0,2023.3333333333337,1425.0,203.0,151,9,5,13,41,26.0,2038.0,54752.21300000003,5772.1757,24656.7422,757,11,0,128,0.5117721389093663,0.7477823049844228,0.4559819698029295,32,11623.462200000007,9417.148700000007,44,3,444.0,0,0,9,0.0,0,0.0,1.7514486053883003e6,0.0,0,0,0,1.5,0,0.0,0,0,0.0,0,0.0,0,0,3271.2708999999977,178.0,5308.6831,4,415.4859,415.4862999999999,4.61448399557779,5120.0,51.015625,0.8394238330078126,8,0,0.0,0,481.8468354951986,2612.0,130,5.070080746629534,0,0,0,0.0,0.0,0.0,0.0,0.0,0.0,0.0,0.0,0,0,0,0,151,0.0,0,12,0.0,0,0.0,6111.4767999999995,2529.540599999999,8651.485951006813,0.0,8651.485951006813,0.0,415.4859,23997.043999999994,35737.600999999995,0.7532448012625907,384,111580.56886607555,128,1.6398680365222234e6,4,0.0,4,0.0,2,608.5359,2848.2403,76.57208600961744,1865.1027,0,0,521,521,"F8-3 step 8, full money stock, fee 3 %, matching prices",sumsy,5,8.731149137020111e-11
38,512,4,4,94022.52540000001,0.0,14503.8454,1560.8934000000004,0.0,,0.0,0.0,0.0,0.0,0.0,0.0,0.0025,2583.8383,0.0,0.0,1.0,1005.1850000000001,0.0,0.0,0.0,1.0,0.0,0.0,1.0,0.0,114,4,0.9856770833333334,0.7489866209385916,0.0,880.0,0.0,0.0,1.0,0,0,0,0.25018078772622987,156,836.9460997662896,-2.4010915693600943,834.5450081969295,21.789590359494994,0.5070686360786488,22.296658995573644,0.0,0.0,0.0,0.0,0,0,0.0,0.0,0.0,1.0,1.0,0.0,0.0,0.0,0.0,0.5,0.25,0.0,-1673.7893960193117,0.0,149,2560.0,2484.064799999998,2812.4868000000006,806.211799999999,0.0,0.0,0.0,0.0,0.0,64,624.8140000000001,2560.0,2484.064799999998,806.211799999999,274.0,0.0,43.2445,0.015,9.125060623229457,9.868000959692942,7.552320135746603,3.199795294117648,6.130131736037652,8.781589183111869,1042.0,1059.0,521.0,2022.0000000000005,1424.0000000000002,203.0,150,9,6,12,48,37.0,2039.0,53612.611500000006,6434.3939,25379.6608,757,11,0,128,0.5180727996896124,0.7489866209385916,0.4739740366347567,47,11684.630900000004,9663.439199999995,52,4,442.0,0,0,9,0.0,0,0.0,1.7490687170757223e6,0.0,0,0,0,1.5,0,0.0,0,0,0.0,0,0.0,0,0,3338.1254999999987,177.0,5387.2069,4,441.0936999999999,441.09369999999996,4.601679000255883,5120.0,51.015625,0.8678213313802083,7,0,0.0,0,205.2386648416978,2612.0,130,5.241941214940676,0,0,0,0.0,0.0,0.0,0.0,0.0,0.0,0.0,0.0,0,0,0,0,150,0.0,0,12,0.0,0,0.0,6111.4767999999995,2547.195499999999,8198.852374415837,0.0,8198.852374415837,0.0,441.0936999999999,23668.21699999999,37201.2616,0.7543944945421288,384,109666.89130199322,128,1.6394018257737283e6,4,0.0,4,0.0,2,624.8140000000001,2583.8383,81.1664111701945,1865.1027,0,0,521,521,"F8-3 step 8, full money stock, fee 3 %, matching prices",sumsy,5,8.731149137020111e-11
39,512,4,4,94086.88580000013,0.0,15007.01810000002,1324.0377999999996,0.0,,0.0,0.0,0.0,0.0,0.0,0.0,0.0025,2321.2657,0.0,0.0,1.0,1018.8114000000006,0.0,0.0,0.0,1.0,0.0,0.0,1.0,0.0,122,9,0.984375,0.7502210749191316,0.0,849.0,1.0,0.0,1.0,0,0,0,0.25032806396484375,156,860.3905896645314,-2.9031240916794934,857.4874655728519,23.0168065258978,0.29121525570803614,23.308021781605838,0.0,0.0,0.0,0.0,0,0,0.0,0.0,0.0,1.0,1.0,0.0,0.0,0.0,0.0,0.5,0.25,0.0,-1800.7211022993247,0.0,173,2560.0,2495.639599999998,4641.299899999999,812.9695000000003,0.0,0.0,0.0,0.0,0.0,136,631.7429999999999,2560.0,2495.639599999998,812.9695000000003,274.0,0.0,6.268700000000001,0.015,9.2068453125,10.061973371647527,7.754879376498802,3.2471856862745083,6.09615792272851,8.518141507618514,1044.0,1024.0,522.0,2024.0000000000005,1416.0,203.0,153,12,9,12,48,19.0,2036.0,54651.48259999993,4924.8916,25739.052699999997,756,12,0,128,0.5397168741233409,0.7502210749191316,0.4730728443481844,61,11569.130499999997,9427.8096,49,1,417.0,0,0,12,0.0,0,0.0,1.820917824405265e6,0.0,0,0,0,1.5,0,0.0,0,0,0.0,0,0.0,0,0,3233.7847,167.0,5818.4502,4,530.8889,530.8886000000005,4.726774467859124,5120.0,51.015625,0.9078707470703127,12,0,0.0,0,426.26364518738706,2612.0,130,5.362866756783383,0,0,0,0.0,0.0,0.0,0.0,0.0,0.0,0.0,0.0,0,0,0,0,153,0.0,0,12,0.0,0,0.0,6111.4767999999995,2558.0271000000007,9964.02438055813,0.0,9964.02438055813,0.0,530.8889,25282.32489999999,36482.394499999995,0.7557125411821994,384,110757.80054113772,128,1.7101600238641277e6,4,0.0,4,0.0,2,631.7429999999999,2321.2657,86.03639584040617,1951.2126,0,0,522,522,"F8-3 step 8, full money stock, fee 3 %, matching prices",sumsy,5,8.731149137020111e-11
40,512,4,4,94148.81709999999,0.0,15721.825800000006,1569.8339999999996,0.0,,0.0,0.0,0.0,0.0,0.0,0.0,0.0025,2061.5899,0.0,0.0,1.0,1027.946299999999,0.0,0.0,0.0,1.0,0.0,0.0,1.0,0.0,131,6,0.9830729166666666,0.7513772419269402,0.0,805.0,1.0,0.0,1.0,0,0,0,0.2500303375293302,156,849.8280446877965,-3.1734993535071223,846.6545453342893,23.532880890644055,0.27710722258681736,23.809988113230872,0.0,0.0,0.0,0.0,0,0,0.0,0.0,0.0,1.0,1.0,0.0,0.0,0.0,0.0,0.5,0.25,0.0,-1928.2258385152895,0.0,210,2560.0,2498.0686999999966,2960.0473000000006,816.5843999999995,0.0,0.0,0.0,0.0,0.0,168,636.7587,2560.0,2498.0686999999966,816.5843999999995,274.0,0.0,30.835200000000004,0.015,9.225534552454269,10.086066283524952,8.001093702770786,3.272588605108054,6.059541462457844,8.425377674093768,1044.0,1039.0,522.0,2021.0000000000005,1408.0,203.0,154,20,15,20,53,31.0,2027.0,55402.530300000035,3643.4037999999996,26165.721700000002,755,13,0,128,0.5468103115236065,0.7513772419269402,0.47440280715326777,61,11454.225800000013,9585.330399999984,54,1,397.0,0,0,20,0.0,0,0.0,1.8122463868958561e6,0.0,0,0,0,1.5,0,0.0,0,0,0.0,0,0.0,0,0,3176.434200000002,159.0,6238.8126999999995,4,624.2222,624.2226,4.681396775648707,5120.0,51.015625,0.93530060546875,12,0,0.0,0,301.68870705888065,2612.0,130,5.486051454323554,0,0,0,0.0,0.0,0.0,0.0,0.0,0.0,0.0,0.0,0,0,0,0,154,0.0,0,12,0.0,0,0.0,6111.4767999999995,2592.3514,11312.125396505382,0.0,11312.125396505382,0.0,624.2222,25461.80180000001,36047.9382,0.7568989996704338,384,108026.27609040066,128,1.7042201108054558e6,4,0.0,4,0.0,2,636.7587,2061.5899,91.19857959083055,1945.112,0,0,522,522,"F8-3 step 8, full money stock, fee 3 %, matching prices",sumsy,5,8.731149137020111e-11
41,512,4,4,94202.27870000008,0.0,16035.916900000007,1222.0278999999996,0.0,,0.0,0.0,0.0,0.0,0.0,0.0,0.0025,1818.3667,0.0,0.0,1.0,1024.9580999999998,0.0,0.0,0.0,1.0,0.0,0.0,1.0,0.0,133,3,0.9817708333333334,0.7521764445259256,0.0,761.0,1.0,0.0,1.0,0,0,0,0.2500045211183819,156,865.5970560731511,-3.3095448740271407,862.287511199124,24.999428261241622,0.25381822703232665,25.25324648827395,0.0,0.0,0.0,0.0,0,0,0.0,0.0,0.0,1.0,1.0,0.0,0.0,0.0,0.0,0.5,0.25,0.0,-2060.618033664246,0.0,253,2560.0,2506.5384000000026,3745.8934000000013,822.068299999999,0.0,0.0,0.0,0.0,0.0,182,639.9766,2560.0,2506.5384000000026,822.068299999999,274.0,0.0,10.488800000000001,0.015,9.296673951219526,10.174146003898649,8.251357253886006,3.2907801603206375,6.328549089370169,9.961556188230041,1026.0,1025.0,513.0,2002.0000000000005,1385.0000000000002,202.0,158,27,16,27,51,40.0,2020.0,56495.97499999992,2391.1054,26519.1752,754,14,0,128,0.5658265800337439,0.7521764445259256,0.48884701923810137,72,11622.434000000021,9529.090800000014,53,2,386.0,0,0,27,0.0,0,0.0,1.8515255824467337e6,0.0,0,0,0,1.5,0,0.0,0,0,0.0,0,0.0,0,0,3185.0238999999983,155.0,6337.6798,4,728.9015,728.9014,4.7095258943153215,5120.0,51.015625,0.9701060579427083,8,0,0.0,0,314.1002747777237,2612.0,130,5.526991310218103,0,0,0,0.0,0.0,0.0,0.0,0.0,0.0,0.0,0.0,0,0,0,0,158,0.0,0,12,0.0,0,0.0,6111.4767999999995,2628.0749,12162.67864844131,0.0,12162.67864844131,0.0,728.9015,26292.135100000014,35247.960399999996,0.757764652473665,384,107985.66230501758,128,1.7435399201417156e6,4,0.0,4,0.0,2,639.9766,1818.3667,96.67049436628038,1996.19285,0,0,513,513,"F8-3 step 8, full money stock, fee 3 %, matching prices",sumsy,5,8.731149137020111e-11
42,512,4,4,94251.06530000005,0.0,16542.364899999997,1431.7846999999995,0.0,,0.0,0.0,0.0,0.0,0.0,0.0,0.0025,1578.4115,0.0,0.0,1.0,1032.861200000001,0.0,0.0,0.0,1.0,0.0,0.0,1.0,0.0,137,13,0.9817708333333334,0.7527825658700606,0.0,777.0,0.0,0.0,1.0,0,0,0,0.25008984926115685,156,863.2160422131011,-3.569059696814787,859.6469825162862,24.478089460888853,0.18022901533909005,24.658318476227944,0.0,0.0,0.0,0.0,0,0,0.0,0.0,0.0,1.0,1.0,0.0,0.0,0.0,0.0,0.5,0.25,0.0,-2190.731490547701,0.0,301,2560.0,2511.2134000000015,3001.2171,826.0293,0.0,0.0,0.0,0.0,0.0,220,641.3124,2560.0,2511.2134000000015,826.0293,274.0,0.0,74.95839999999998,0.015,9.368751741293533,10.212406508875697,8.393809326424867,3.3085154158215007,6.406829091512861,10.179952324614904,1014.0,1005.0,507.0,1988.0000000000005,1373.0000000000002,202.0,158,28,16,30,50,33.0,2018.0,56220.03899999995,3228.6054000000004,26716.165999999997,754,14,0,128,0.5669062105698304,0.7527825658700606,0.4737831154615124,74,11648.7293,9415.595500000001,55,5,386.0,0,0,28,0.0,0,0.0,1.8568578368868027e6,0.0,0,0,0,1.5,0,0.0,0,0,0.0,0,0.0,0,0,3240.0103999999988,155.0,5866.531000000001,4,661.4228,661.4226000000001,4.8134138181445785,5120.0,51.015625,0.9837745556640626,9,0,0.0,0,194.80827301229115,2612.0,130,5.5538448872747175,0,0,0,0.0,0.0,0.0,0.0,0.0,0.0,0.0,0.0,0,0,0,0,158,0.0,0,12,0.0,0,0.0,6111.4767999999995,2592.632,11705.550434035333,0.0,11705.550434035333,0.0,661.4228,26797.1827,35811.3024,0.7582539406446205,384,109919.49584865617,128,1.7469383410381475e6,4,0.0,4,0.0,2,641.3124,1578.4115,102.47072402825721,1996.19285,0,0,507,507,"F8-3 step 8, full money stock, fee 3 %, matching prices",sumsy,5,8.731149137020111e-11
43,512,4,4,94297.90769999992,0.0,17133.745100000004,1585.2435000000005,0.0,,0.0,0.0,0.0,0.0,0.0,0.0,0.0025,1346.0001,0.0,0.0,1.0,1035.717500000001,0.0,0.0,0.0,1.0,0.0,0.0,1.0,0.0,150,9,0.98046875,0.7536512666992934,0.0,754.0,1.0,0.0,1.0,0,0,0,0.25041934496479945,156,782.5468037094536,-3.6099527358937746,778.9368509735598,24.544535405928073,0.2172586287980467,24.761794034726123,0.0,0.0,0.0,0.0,0,0,0.0,0.0,0.0,1.0,1.0,0.0,0.0,0.0,0.0,0.5,0.25,0.0,-2327.530777651209,0.0,354,2560.0,2513.1575999999986,5318.569099999998,829.1168,0.0,0.0,0.0,0.0,0.0,220,643.3114,2560.0,2513.1575999999986,829.1168,274.0,0.0,81.8453,0.015,9.474651616161621,10.488817786561333,8.543437851662413,3.3368050916496954,6.421972039601573,9.874553754876457,1012.0,990.0,506.0,1982.3333333333342,1372.0,201.0,157,32,19,30,40,27.0,2015.0,56715.97599999992,2985.9952999999996,26866.4356,753,15,0,128,0.5700064420216775,0.7536512666992934,0.48739314457657534,72,11654.34499999999,9379.905100000005,42,2,391.0,0,0,32,0.0,0,0.0,1.6680460041339963e6,0.0,0,0,0,1.5,0,0.0,0,0,0.0,0,0.0,0,0,3340.4842000000035,157.0,5740.1893,4,647.7268,647.7266000000003,5.070179227441328,5120.0,51.015625,0.9489675113932291,13,0,0.0,0,446.7168594765225,2612.0,130,5.568994807281132,0,0,0,0.0,0.0,0.0,0.0,0.0,0.0,0.0,0.0,0,0,0,0,157,0.0,0,12,0.0,0,0.0,6111.4767999999995,2510.1820999999995,12118.707019080435,0.0,12118.707019080435,0.0,647.7268,27623.21439999999,35592.6202,0.7588628425129131,384,114504.43843757432,128,1.5535415656964215e6,4,0.0,4,69.1327999999994,2,643.3114,1346.0001,108.61896746995265,1727.144,0,0,506,506,"F8-3 step 8, full money stock, fee 3 %, matching prices",sumsy,5,8.731149137020111e-11
44,512,4,4,94341.99550000005,0.0,17516.25590000001,1429.8353999999993,0.0,,0.0,0.0,0.0,0.0,0.0,0.0,0.0025,1112.5544,0.0,0.0,1.0,1047.4215000000002,0.0,0.0,0.0,1.0,0.0,0.0,1.0,0.0,165,11,0.9791666666666666,0.7551512444028095,0.0,709.0,0.0,0.0,1.0,0,0,0,0.25013966056856285,156,768.72985120349,-3.6762540599565705,765.0535971435335,24.737003500612982,0.2052709341753298,24.94227443478831,0.0,0.0,0.0,0.0,0,0,0.0,0.0,0.0,1.0,1.0,0.0,0.0,0.0,0.0,0.5,0.25,0.0,-2468.148876978119,0.0,409,2560.0,2515.9122000000016,3111.320699999998,832.4720999999996,0.0,0.0,0.0,0.0,0.0,236,648.5038999999999,2560.0,2515.9122000000016,832.4720999999996,274.0,0.0,39.007,0.015,9.518467260138477,10.481224899598411,8.650279781420771,3.3712838174273823,6.360956118994543,9.586111675717342,996.0,1011.0,498.0,1979.6666666666672,1346.0000000000002,201.0,162,31,18,35,49,36.0,2016.0,57144.25080000005,2775.5422000000003,27100.623900000002,752,16,0,128,0.5764787903828046,0.7551512444028095,0.4815037155675026,81,11377.050899999987,9623.1704,53,4,366.0,0,0,31,0.0,0,0.0,1.655059567820217e6,0.0,0,0,0,1.5,0,0.0,0,0,0.0,0,0.0,0,0,3166.002400000002,147.0,5560.520299999999,4,658.3572999999999,658.3578000000001,4.894477031579045,5120.0,51.015625,0.9789444140624998,14,0,0.0,0,244.58588245937554,2612.0,130,5.6593527528896175,0,0,0,0.0,0.0,0.0,0.0,0.0,0.0,0.0,0.0,0,0,0,0,162,0.0,0,12,0.0,0,0.0,6111.4767999999995,2440.3392,11990.478449421993,0.0,11990.478449421993,0.0,658.3572999999999,27845.3981,35436.6864,0.7601154634911582,384,109352.08584225718,128,1.545707481977959e6,4,0.0,4,281.70880000000034,2,648.5038999999999,1112.5544,115.13610551814982,1727.144,0,0,498,498,"F8-3 step 8, full money stock, fee 3 %, matching prices",sumsy,5,8.731149137020111e-11
45,512,4,4,94372.12790000005,0.0,17594.381900000004,1126.1216,0.0,,0.0,0.0,0.0,0.0,0.0,0.0,0.0025,888.1079,0.0,0.0,1.0,1052.2652000000005,0.0,0.0,0.0,1.0,0.0,0.0,1.0,0.0,168,8,0.9791666666666666,0.7562947575841767,0.0,618.0,0.0,0.0,1.0,0,0,0,0.25001907622860947,156,770.7238523870817,-3.768483340204902,766.9553690468767,24.757890133588404,0.17129003892032724,24.92918017250873,0.0,0.0,0.0,0.0,0,0,0.0,0.0,0.0,1.0,1.0,0.0,0.0,0.0,0.0,0.5,0.25,0.0,-2605.4948062078565,0.0,473,2560.0,2529.867600000001,4023.9448,839.4217000000004,0.0,0.0,0.0,0.0,0.0,292,649.9745,2560.0,2529.867600000001,839.4217000000004,274.0,0.0,21.2867,0.015,9.563511623246487,10.601864870259508,8.667260212201587,3.3898367010309336,6.367090921048399,9.298528325445822,1002.0,998.0,501.0,1974.000000000001,1356.0,201.0,159,32,21,37,52,37.0,2012.0,56506.50530000003,3666.2495,27025.5723,752,16,0,128,0.5936884155911237,0.7562947575841767,0.4821887634458153,101,11475.1275,9544.384599999994,53,1,377.0,0,0,32,0.0,0,0.0,1.6614802362723686e6,0.0,0,0,0,1.5,0,0.0,0,0,0.0,0,0.0,0,0,3267.557099999998,151.0,5635.7184,4,647.43,647.4314,5.02277748327422,5120.0,51.015625,0.9978477978515623,4,0,0.0,0,135.66969435666243,2612.0,130,5.741679118119901,0,0,0,0.0,0.0,0.0,0.0,0.0,0.0,0.0,0.0,0,0,0,0,159,0.0,0,12,0.0,0,0.0,6111.4767999999995,2319.9725000000003,11180.437306414513,0.0,11180.437306414513,0.0,647.43,27839.533399999997,36327.540199999996,0.7610737393429299,384,110683.96437356554,128,1.5507962718988026e6,4,0.0,4,595.6696999999995,2,649.9745,888.1079,122.04427184923881,1727.144,0,0,501,501,"F8-3 step 8, full money stock, fee 3 %, matching prices",sumsy,5,8.731149137020111e-11
46,512,4,4,94393.80610000013,0.0,18875.514300000006,2327.3867,169.1373,,169.1373,0.0,0.0,0.0,0.0,0.0,0.0025,832.8085,0.0,0.0,1.0,1057.2451000000008,0.0,0.0,0.0,1.0,0.0,0.0,1.0,0.0,174,14,0.9778645833333334,0.7570364097769537,0.0,612.0,0.0,0.0,1.0,0,0,0,0.2500582983214036,156,769.9587779621801,-3.9206396991448447,766.0381382630352,24.993711249139874,0.11683336612317127,25.11054461526305,0.0,0.0,0.0,0.0,0,0,0.0,0.0,0.0,1.0,1.0,0.0,0.0,0.0,0.0,0.5,0.25,0.0,-2737.7362890910435,0.0,545,2560.0,2538.321800000002,3408.574799999999,842.7828999999994,0.0,0.0,0.0,0.0,0.0,350,647.5983,2560.0,2538.321800000002,842.7828999999994,274.0,0.0,145.02590000000004,0.015,9.569364811133198,10.453897791164668,8.83792587601078,3.4017018711018765,6.324474018261547,9.019572475682448,996.0,1006.0,498.0,1966.6666666666677,1348.0,201.0,160,34,21,43,54,50.0,2011.0,56583.741299999914,4127.9616000000005,27142.7368,751,17,0,128,0.6008419284084667,0.7570364097769537,0.48852615093302076,108,11348.800100000002,9626.780999999997,58,4,371.0,0,0,34,0.0,0,0.0,1.6635101580704704e6,0.0,0,0,0,1.5,0,0.0,0,0,0.0,0,0.0,0,0,3278.8704999999995,149.0,5058.9596,4,593.9693,593.9694000000004,5.08793357699336,5120.0,51.015625,1.0137939095052084,12,0,0.0,0,238.25954034415275,2612.0,130,5.777920404879837,0,0,0,0.0,0.0,0.0,0.0,0.0,0.0,0.0,0.0,0,0,0,0,160,0.0,0,12,0.0,0,0.0,6111.4767999999995,2340.424,10543.910521753063,0.0,10543.910521753063,0.0,593.9693,27910.914099999995,36329.657999999996,0.7614938616450653,384,111152.199146863,128,1.552357958923609e6,4,0.0,4,759.480700000001,2,647.5983,663.6712,129.36692816019314,1727.144,0,0,498,498,"F8-3 step 8, full money stock, fee 3 %, matching prices",sumsy,5,8.731149137020111e-11
47,511,4,4,94409.75120000003,0.0,19200.160000000003,1409.5423000000005,394.2221,,394.2221,0.0,0.0,0.0,0.0,0.0,0.0025,834.688,0.0,0.0,1.0,1057.8932999999995,0.0,0.0,0.0,1.0,0.0,0.0,1.0,0.0,178,19,0.9778645833333334,0.7573569795417778,0.0,491.0,0.0,0.0,1.0,0,0,0,0.2504610340823714,156,784.8450370896707,-3.980354338752345,780.8646827509183,25.069605221875413,0.05344454958618089,25.123049771461595,0.0,0.0,0.0,0.0,0,0,0.0,0.0,0.0,1.0,1.0,0.0,0.0,0.0,0.0,0.5,0.25,0.0,-2874.1532017446534,0.0,626,2560.0,2544.0549000000015,5573.0873999999985,844.6857000000003,0.0,0.0,0.0,0.0,0.0,410,646.6279999999999,2560.0,2544.0549000000015,844.6857000000003,274.0,0.0,146.90170000000003,0.015,9.483739049586777,10.409856250000033,9.013291436464089,3.4084363256784953,6.3072495123413885,9.052789065853776,992.0,968.0,496.0,1957.0000000000014,1338.6666666666663,201.0,161,44,24,42,55,31.0,2000.0,56142.763200000016,4815.9064,26530.1314,751,17,0,128,0.6072331530797885,0.7573569795417778,0.475214038035777,113,11260.45900000002,9180.2594,60,5,362.0,0,0,44,0.0,0,0.0,1.6838369832868716e6,0.0,0,0,0,1.5,0,0.0,0,0,0.0,0,0.0,0,0,3262.8115000000003,145.0,5439.6342,4,620.4974,620.4975999999997,5.439652172637861,5120.0,51.015625,1.0262619921875002,12,0,0.0,0,329.24918374270203,2612.0,130,5.825264011460795,0,0,0,0.0,0.0,0.0,0.0,0.0,0.0,0.0,0.0,0,0,0,0,161,0.0,0,12,0.0,0,0.0,6111.4767999999995,2291.0821000000005,9897.985036479326,0.0,9897.985036479326,0.0,620.4974,27849.554699999997,36785.67199999999,0.7616243252991983,383,116805.53839737333,128,1.5670314448894975e6,4,0.0,4,1442.6489000000001,2,646.6279999999999,440.4659,137.12894384980473,1727.144,1,0,496,496,"F8-3 step 8, full money stock, fee 3 %, matching prices",sumsy,5,8.731149137020111e-11
48,511,4,4,94422.85530000004,0.0,19711.140599999995,1667.3329999999996,602.7444,,602.7444,0.0,0.0,0.0,0.0,0.0,0.0025,834.3078,0.0,0.0,1.0,1043.2102999999995,0.0,0.0,0.0,1.0,0.0,0.0,1.0,0.0,181,12,0.9765625,0.7571630994362308,0.0,486.0,1.0,0.0,1.0,0,0,0,0.2503566541473782,156,893.2224598577034,-3.939704086630689,889.2827557710727,25.936769106981874,0.12030044619009178,26.057069553171967,0.0,0.0,0.0,0.0,0,0,0.0,0.0,0.0,1.0,1.0,0.0,0.0,0.0,0.0,0.5,0.25,0.0,-3016.395173973032,0.0,715,2555.0,2541.8958999999995,4697.387999999999,844.0504999999999,0.0,0.0,0.0,0.0,0.0,374,648.7029,2555.0,2541.8958999999995,844.0504999999999,273.5,0.0,92.47469999999998,0.015,9.398060020768426,10.421708739837348,9.245771794871782,3.3989040084388207,6.2965914811262556,9.341079328258772,984.0,963.0,492.0,1950.6666666666674,1327.0,199.99999999999997,160,50,35,45,51,36.0,1992.0,56575.044499999975,4055.5606,26472.3776,750,18,0,128,0.6106586162361212,0.7571630994362308,0.48684526336059775,115,11146.175299999994,9050.331799999994,54,3,351.0,0,0,50,0.0,0,0.0,1.9235995518807874e6,0.0,0,0,0,1.5,0,0.0,0,0,0.0,0,0.0,0,0,3245.265899999996,141.0,5836.8619,4,709.2066000000001,709.2081000000001,5.457806750989366,5120.0,51.015625,1.1459844124348957,5,0,0.0,0,133.47698855780456,2612.0,130,5.895227479647232,0,0,0,0.0,0.0,0.0,0.0,0.0,0.0,0.0,0.0,0,0,0,0,160,0.0,0,12,0.0,0,0.0,6111.4767999999995,2326.341099999999,10598.556923221335,0.0,10598.556923221335,0.0,709.2066000000001,28740.927699999997,36364.80009999999,0.761698081630287,383,115959.29971660655,128,1.8076402521641797e6,4,0.0,4,1554.8993,2,648.7029,231.5634,145.35668048079302,2047.2737,0,0,492,492,"F8-3 step 8, full money stock, fee 3 %, matching prices",sumsy,5,8.731149137020111e-11
49,511,4,4,94433.26430000002,0.0,19801.42,1274.7402000000002,797.0527999999999,,797.0527999999999,0.0,0.0,0.0,0.0,0.0,0.0025,835.1708,0.0,0.0,1.0,1028.6162000000002,0.0,0.0,0.0,1.0,0.0,0.0,1.0,0.0,188,11,0.9765625,0.7575291127328974,0.0,475.0,0.0,0.0,1.0,0,0,0,0.2500138058582317,156,890.7676183305805,-3.896632621410699,886.8709857091699,26.28042439998786,0.11581217841941123,26.396236578407272,0.0,0.0,0.0,0.0,0,0,0.0,0.0,0.0,1.0,1.0,0.0,0.0,0.0,0.0,0.5,0.25,0.0,-3158.4981054670693,0.0,800,2555.0,2544.591,5307.2485000000015,844.9409,0.0,0.0,0.0,0.0,0.0,421,650.1917,2555.0,2544.591,844.9409,273.5,0.0,157.54599999999996,0.015,9.327945161290321,10.519930125523004,9.348833333333332,3.3712308695652147,6.426227741293138,9.974466161946744,956.0,961.0,478.0,1937.000000000001,1299.0,199.0,167,52,26,50,46,31.0,1989.0,56407.023299999906,4817.8633,25796.1862,750,18,0,128,0.612266766926999,0.7575291127328974,0.4997352821924854,114,11080.834599999993,8964.155299999999,51,5,354.0,0,0,52,0.0,0,0.0,1.9066511470682425e6,0.0,0,0,0,1.5,0,0.0,0,0,0.0,0,0.0,0,0,3309.486999999999,142.0,5926.829000000001,4,709.8238,709.8228000000006,5.200679421683643,5120.0,51.015625,1.1539148518880207,12,0,0.0,0,374.94708159081887,2612.0,130,5.9331078433298385,0,0,0,0.0,0.0,0.0,0.0,0.0,0.0,0.0,0.0,0,0,0,0,167,0.0,0,12,0.0,0,0.0,6111.4767999999995,2236.0475,9293.172510920325,0.0,9293.172510920325,0.0,709.8238,29029.7317,36540.878500000006,0.7618328951446645,383,110084.5261585894,128,1.7965666209096543e6,4,0.0,4,2244.5851000000002,2,650.1917,38.11800000000005,154.0780813096406,2047.2737,0,0,478,478,"F8-3 step 8, full money stock, fee 3 %, matching prices",sumsy,5,8.731149137020111e-11
50,511,4,4,94445.58170000007,0.0,19837.490499999996,1277.5094999999994,977.6960999999999,,977.6960999999999,0.0,0.0,0.0,0.0,0.0,0.0025,834.8375,0.0,0.0,1.0,1015.8140999999991,0.0,0.0,0.0,1.0,0.0,0.0,1.0,0.0,188,10,0.9752604166666666,0.758035332405973,0.0,479.0,2.0,0.0,1.0,0,0,0,0.2501389764534963,156,812.4878517430135,-3.804447794078573,808.6834039489349,27.251063139168046,0.13070549884338556,27.381768638011433,0.0,0.0,0.0,0.0,0,0,0.0,0.0,0.0,1.0,1.0,0.0,0.0,0.0,0.0,0.5,0.25,0.0,-3301.597563473617,0.0,872,2555.0,2542.682599999998,5035.822200000001,844.3799000000004,0.0,0.0,0.0,0.0,0.0,402,651.8746,2555.0,2542.682599999998,844.3799000000004,273.5,0.0,105.8036,0.015,9.372468900523556,10.452366942148737,9.46173038674031,3.366994623655912,6.416784281338792,9.96006515354722,968.0,955.0,484.0,1931.333333333334,1313.0,198.0,160,53,31,53,46,33.0,1986.0,56611.47689999992,3931.6666999999998,25952.0678,749,19,0,128,0.618111620487563,0.758035332405973,0.4909589643272583,109,11168.978100000004,8950.707799999996,49,3,362.0,0,0,53,0.0,0,0.0,1.709964877286486e6,0.0,0,0,0,1.5,0,0.0,0,0,0.0,0,0.0,0,0,3425.1463999999924,145.0,6463.6582,4,738.3661000000001,738.3669,5.133577039168096,5120.0,51.015625,1.1103148421223958,8,0,0.0,0,224.68298236302385,2612.0,130,5.934573563676577,0,0,0,0.0,0.0,0.0,0.0,0.0,0.0,0.0,0.0,0,0,0,0,160,0.0,0,12,0.0,0,0.0,6111.4767999999995,2183.1937999999996,10809.238408620588,0.0,10809.238408620588,0.0,738.3661000000001,29633.480500000012,36347.3927,0.7621741204159738,383,108992.9138203379,128,1.600971963466149e6,4,0.0,4,2165.9008999999996,2,651.8746,-142.8585999999999,163.32276618821905,1792.34,0,0,484,484,"F8-3 step 8, full money stock, fee 3 %, matching prices",sumsy,5,8.731149137020111e-11
51,511,4,4,94458.04420000005,0.0,19912.466699999986,1360.3690999999997,1163.5193,,1163.5193,0.0,0.0,0.0,0.0,0.0,0.0025,834.9735,0.0,0.0,1.0,1020.6607000000009,0.0,0.0,0.0,1.0,0.0,0.0,1.0,0.0,193,19,0.9739583333333334,0.7587133822497498,0.0,469.0,1.0,0.0,1.0,0,0,0,0.25045350712174147,156,779.1636390320436,-3.7246282826447135,775.439010749399,27.622211331339265,0.1150325732877117,27.73724390462698,0.0,0.0,0.0,0.0,0,0,0.0,0.0,0.0,1.0,1.0,0.0,0.0,0.0,0.0,0.5,0.25,0.0,-3446.4471465321603,0.0,954,2555.0,2542.537500000002,5385.613700000003,844.3776000000001,0.0,0.0,0.0,0.0,0.0,390,654.2799,2555.0,2542.537500000002,844.3776000000001,273.5,0.0,138.7115,0.015,9.433093954918027,10.468214947368372,9.611885755813947,3.3556276923076895,6.697491715787018,11.779738028862136,950.0,976.0,475.0,1922.6666666666679,1287.9999999999998,197.99999999999994,167,43,24,49,47,37.0,1999.0,57453.10229999993,3128.0667000000003,26310.656799999997,748,20,0,128,0.6215012069403558,0.7587133822497498,0.5008303102496707,109,11305.356899999979,9206.699699999994,51,4,344.0,0,0,43,0.0,0,0.0,1.6309729339531623e6,0.0,0,0,0,1.5,0,0.0,0,0,0.0,0,0.0,0,0,3306.488699999998,138.0,6076.965,4,782.4462000000001,782.4455999999997,5.318783138886127,5120.0,51.015625,1.092082568359375,6,0,0.0,0,168.65272331331823,2612.0,130,5.952035847557409,0,0,0,0.0,0.0,0.0,0.0,0.0,0.0,0.0,0.0,0,0,0,0,167,0.0,0,12,0.0,0,0.0,6111.4767999999995,2138.2664999999993,10936.070572732038,0.0,10936.070572732038,0.0,782.4462000000001,29987.773999999994,35515.6885,0.7626726016989471,383,112155.82572692151,128,1.5188171082262418e6,4,0.0,4,2084.4565000000002,2,654.2799,-328.5458,173.1221321595122,1673.261,0,0,475,475,"F8-3 step 8, full money stock, fee 3 %, matching prices",sumsy,5,8.731149137020111e-11
52,511,4,4,94470.8346000001,0.0,20497.08169999999,1929.1029999999996,1360.9976,,1360.9976,0.0,0.0,0.0,0.0,0.0,0.0025,834.994,0.0,0.0,1.0,1032.4517999999994,0.0,0.0,0.0,1.0,0.0,0.0,1.0,0.0,195,16,0.97265625,0.7590636634262247,0.0,128.0,0.0,0.0,1.0,0,0,0,0.2500974522805982,156,775.0042450672327,-3.710621181404133,771.2936238858284,27.205063869380474,0.10940664242158188,27.314470511802053,0.0,0.0,0.0,0.0,0,0,0.0,0.0,0.0,1.0,1.0,0.0,0.0,0.0,0.0,0.5,0.25,0.0,-3593.464420864931,0.0,1026,2555.0,2542.2095999999956,4628.897199999999,844.3005999999992,0.0,0.0,0.0,0.0,0.0,369,654.0486000000001,2555.0,2542.2095999999956,844.3005999999992,273.5,0.0,83.79269999999998,0.015,9.541820207253886,10.603862833675588,9.862799999999993,3.368707296137336,6.673882928089485,11.467199333091722,974.0,965.0,487.0,1940.333333333334,1315.9999999999998,199.0,164,45,31,44,53,33.0,1994.0,57799.123299999985,2427.1614,26699.7513,747,21,0,128,0.6165781471206284,0.7590636634262247,0.4996609960665206,104,11494.642199999997,9207.8565,59,6,351.0,0,0,45,0.0,0,0.0,1.6309460999847415e6,0.0,0,0,0,1.5,0,0.0,0,0,0.0,0,0.0,0,0,3461.8427999999976,141.0,6055.756,4,695.8827,695.8829999999999,5.339963401444379,5120.0,51.015625,1.1164556591796877,11,0,0.0,0,318.1750290434378,2612.0,130,5.941323850899397,0,0,0,0.0,0.0,0.0,0.0,0.0,0.0,0.0,0.0,0,0,0,0,164,0.0,0,12,0.0,0,0.0,6111.4767999999995,2095.1295,12562.262473951778,0.0,12562.262473951778,0.0,695.8827,29815.81730000001,35182.668699999995,0.7630165205728456,383,112111.50380207672,128,1.5188345961826656e6,4,0.0,4,2002.3997000000008,2,654.0486000000001,-526.0035999999999,183.50946008908295,1673.261,0,0,487,487,"F8-3 step 8, full money stock, fee 3 %, matching prices",sumsy,5,8.731149137020111e-11
53,511,4,4,94480.80300000022,0.0,20524.653499999975,1388.7953,1570.3557999999998,,1570.3557999999998,0.0,0.0,0.0,0.0,0.0,0.0025,835.8663,0.0,0.0,1.0,1044.3521999999991,0.0,0.0,0.0,1.0,0.0,0.0,1.0,0.0,197,10,0.9713541666666666,0.7595773522365568,0.0,129.0,0.0,0.0,1.0,0,0,0,0.2500343101152505,156,764.5264878404003,-3.831632152348143,760.694855688052,26.950314335840673,0.11449659065283958,27.064810926493514,0.0,0.0,0.0,0.0,0,0,0.0,0.0,0.0,1.0,1.0,0.0,0.0,0.0,0.0,0.5,0.25,0.0,-3739.4501511582266,0.0,1091,2555.0,2545.031600000001,3191.8641000000002,845.2242000000005,0.0,0.0,0.0,0.0,0.0,415,657.8122,2555.0,2545.031600000001,845.2242000000005,273.5,0.0,37.9722,0.015,9.595382906857719,10.698586391752569,10.063050872093028,3.410875161987039,6.631559451248231,11.123183353098971,970.0,977.0,485.0,1940.3333333333344,1308.9999999999998,199.0,165,48,29,45,52,39.0,1991.0,57792.19989999995,2280.2387,27007.1889,746,22,0,128,0.6225454820656451,0.7595773522365568,0.4834266283394524,116,11399.67110000001,9374.68909999999,58,6,344.0,0,0,48,0.0,0,0.0,1.6264916038875037e6,0.0,0,0,0,1.5,0,0.0,0,0,0.0,0,0.0,0,0,3461.6895000000013,138.0,5907.497,4,709.336,709.3361999999996,5.302051376749772,5120.0,51.015625,1.1486488623046875,2,0,0.0,0,88.18443854188484,2612.0,130,6.003088282574197,0,0,0,0.0,0.0,0.0,0.0,0.0,0.0,0.0,0.0,0,0,0,0,165,0.0,0,12,0.0,0,0.0,6111.4767999999995,2029.1073000000001,12573.73498777075,0.0,12573.73498777075,0.0,709.336,29862.93259999999,35194.924600000006,0.7634308227768931,383,111094.67312154981,128,1.515396930765956e6,4,0.0,4,1971.4422999999997,2,657.8122,-734.4894999999998,194.52002769442794,1673.261,0,0,485,485,"F8-3 step 8, full money stock, fee 3 %, matching prices",sumsy,5,8.731149137020111e-11
54,511,4,4,94491.28490000009,0.0,20665.52720000001,1491.1157000000007,1784.7020999999997,,1784.7020999999997,0.0,0.0,0.0,0.0,0.0,0.0025,835.6033,0.0,0.0,1.0,1050.212599999999,0.0,0.0,0.0,1.0,0.0,0.0,1.0,0.0,206,17,0.9700520833333334,0.760327578090763,0.0,477.0,0.0,0.0,1.0,0,0,0,0.2501404587216604,156,767.9756076349116,-3.873029082795996,764.1025785521157,26.579641042887165,0.09944652133667493,26.67908756422384,0.0,0.0,0.0,0.0,0,0,0.0,0.0,0.0,1.0,1.0,0.0,0.0,0.0,0.0,0.5,0.25,0.0,-3879.7015659258404,0.0,1180,2555.0,2544.518100000001,4625.417299999999,845.0309000000002,0.0,0.0,0.0,0.0,0.0,444,657.27,2555.0,2544.518100000001,845.0309000000002,273.5,0.0,120.70029999999997,0.015,9.661396341463403,10.842249896907198,10.206399411764696,3.42695562770563,6.600963906520458,10.879599980256552,970.0,984.0,485.0,1938.0000000000007,1307.0,199.0,163,44,30,44,60,45.0,1992.0,57559.39639999994,2428.0104,27083.136899999998,745,23,0,128,0.621131472475005,0.760327578090763,0.472550522681783,106,11358.630000000005,9506.81399999999,62,2,340.0,0,0,44,0.0,0,0.0,1.634442083070725e6,0.0,0,0,0,1.5,0,0.0,0,0,0.0,0,0.0,0,0,3470.175799999997,136.0,5927.8679,4,718.3804,718.3785000000003,5.470509582856828,5120.0,51.015625,1.1844943294270835,9,0,0.0,0,262.80885573310854,2612.0,130,6.087436713624874,0,0,0,0.0,0.0,0.0,0.0,0.0,0.0,0.0,0.0,0,0,0,0,163,0.0,0,12,0.0,0,0.0,6111.4767999999995,1926.0361000000003,12305.994203266608,0.0,12305.994203266608,0.0,718.3804,29537.044799999996,35439.015199999994,0.7640630662733985,383,113395.86393818936,128,1.5210462191325345e6,4,0.0,4,2083.3075,2,657.27,-949.0987999999998,206.19122935609363,1673.261,0,0,485,485,"F8-3 step 8, full money stock, fee 3 %, matching prices",sumsy,5,8.731149137020111e-11
55,511,4,4,94495.60679999994,0.0,20436.213099999986,1137.2602,2006.5394999999999,,2006.5394999999999,0.0,0.0,0.0,0.0,0.0,0.0025,837.6505,0.0,0.0,1.0,1057.440699999999,0.0,0.0,0.0,1.0,0.0,0.0,1.0,0.0,208,20,0.96875,0.7607793588229179,0.0,480.0,1.0,0.0,1.0,0,0,0,0.2505182988519473,156,721.7432905478239,-3.852301007776235,717.8909895400476,26.86735544569589,0.10780137030876902,26.97515681600466,0.0,0.0,0.0,0.0,0,0,0.0,0.0,0.0,1.0,1.0,0.0,0.0,0.0,0.0,0.5,0.25,0.0,-4018.7555542438463,0.0,1265,2555.0,2550.6781,4347.617499999999,847.082900000001,0.0,0.0,0.0,0.0,0.0,471,651.0446,2555.0,2550.6781,847.082900000001,273.5,0.0,145.14460000000003,0.015,9.710821135646688,10.75205594262292,10.516701234567913,3.4274806034482794,6.613165643641802,11.183913010578143,976.0,951.0,488.0,1938.000000000001,1307.0,199.0,163,49,35,39,52,31.0,1994.0,57461.54899999997,2372.7026,27160.0117,744,24,0,128,0.630445325632377,0.7607793588229179,0.49176793940108365,124,11378.65150000002,9234.9909,54,2,324.0,0,0,49,0.0,0,0.0,1.5426811273425773e6,0.0,0,0,0,1.5,0,0.0,0,0,0.0,0,0.0,0,0,3407.4112000000036,130.0,6012.6484,4,734.2493,734.2486999999998,5.253993472372664,5120.0,51.015625,1.1777528548177083,8,0,0.0,0,218.60924137004605,2612.0,130,6.104623590010811,0,0,0,0.0,0.0,0.0,0.0,0.0,0.0,0.0,0.0,0,0,0,0,163,0.0,0,12,0.0,0,0.0,6111.4767999999995,1819.6148999999996,12721.584950161516,0.0,12721.584950161516,0.0,734.2493,29531.56900000002,35545.3627,0.7643352713845095,383,109180.38386086494,128,1.4335007434817113e6,4,0.0,4,1995.3295000000007,2,651.0446,-1168.889,218.56270311745925,1570.4029,0,0,488,488,"F8-3 step 8, full money stock, fee 3 %, matching prices",sumsy,5,8.731149137020111e-11
56,511,4,4,94490.5092000001,0.0,20336.116999999984,1081.4939,2231.7378,,2231.7378,0.0,0.0,0.0,0.0,0.0,0.0025,840.7822,0.0,0.0,1.0,1062.8487999999995,0.0,0.0,0.0,1.0,0.0,0.0,1.0,0.0,214,16,0.9674479166666666,0.7610107109710216,0.0,586.0,1.0,0.0,1.0,0,0,0,0.2504236721098365,156,697.8832166626363,-3.8156163242513803,694.067600338385,27.051758301901387,0.09619115469136998,27.14794945659276,0.0,0.0,0.0,0.0,0,0,0.0,0.0,0.0,1.0,1.0,0.0,0.0,0.0,0.0,0.5,0.25,0.0,-4147.741070162994,0.0,1359,2555.0,2560.0975999999973,3358.6916000000006,850.2195,0.0,0.0,0.0,0.0,0.0,531,646.4938,2555.0,2560.0975999999973,850.2195,273.5,0.0,155.17409999999998,0.015,9.700860233297991,10.814508921161847,10.807247239263793,3.4405660831509857,6.686238945444844,11.363285492677775,964.0,943.0,482.0,1946.6666666666679,1296.0000000000002,199.0,168,45,27,60,41,25.0,1997.0,57341.85949999998,2473.0838000000003,27079.8586,743,25,0,128,0.6404785520364917,0.7610107109710216,0.5011599842429819,137,11376.664499999993,9147.911200000006,51,10,326.0,0,0,45,0.0,0,0.0,1.5028505943278763e6,0.0,0,0,0,1.5,0,0.0,0,0,0.0,0,0.0,0,0,3523.1625999999965,131.0,6108.4313,4,786.3391999999999,786.3381000000002,5.023470394333928,5120.0,51.015625,1.1942597005208333,8,0,0.0,0,292.6361141582198,2612.0,130,6.077034070887403,0,0,0,0.0,0.0,0.0,0.0,0.0,0.0,0.0,0.0,0,0,0,0,168,0.0,0,12,0.0,0,0.0,6111.4767999999995,1701.1849999999997,12502.153844347557,0.0,12502.153844347557,0.0,786.3391999999999,30122.190000000013,35661.373700000004,0.7644566598412463,383,104848.84104274835,128,1.3980017532851282e6,4,0.0,4,2004.1531999999997,2,646.4938,-1390.9555999999998,231.67646530450682,1538.3278,0,0,482,482,"F8-3 step 8, full money stock, fee 3 %, matching prices",sumsy,5,8.731149137020111e-11
57,511,4,4,94473.26139999997,0.0,22224.37309999999,3000.0425,2452.7147999999997,,2452.7147999999997,0.0,0.0,0.0,0.0,0.0,0.0025,844.274,0.0,0.0,1.0,1061.7592,0.0,0.0,0.0,1.0,0.0,0.0,1.0,0.0,210,15,0.9661458333333334,0.7617114873151665,0.0,575.0,1.0,0.0,1.0,0,0,0,0.2505221329437546,156,689.1929013613317,-3.9064224132475625,685.2864789480841,27.000379506971846,0.05834503798753402,27.058724544959382,0.0,0.0,0.0,0.0,0,0,0.0,0.0,0.0,1.0,1.0,0.0,0.0,0.0,0.0,0.5,0.25,0.0,-4266.508661271991,0.0,1445,2555.0,2572.2478000000006,4077.080600000002,854.1307000000004,0.0,0.0,0.0,0.0,0.0,605,637.0008,2555.0,2572.2478000000006,854.1307000000004,273.5,0.0,140.32009999999997,0.015,9.666686270270276,10.829855274261579,10.909940483383686,3.4593033482142856,6.724778902132961,11.378299528670814,948.0,925.0,474.0,1923.0000000000011,1282.0000000000002,199.0,170,54,34,61,33,24.0,1985.0,56430.52880000004,4391.5743,26512.8798,742,26,0,128,0.6486375483692399,0.7617114873151665,0.511750312462919,151,11325.995400000005,8941.684800000005,34,1,331.0,0,0,54,0.0,0,0.0,1.477499867016976e6,0.0,0,0,0,1.5,0,0.0,0,0,0.0,0,0.0,0,0,3611.1903,133.0,5657.0037,4,702.6390000000001,702.6387000000001,5.027614339469028,5120.0,51.015625,1.1906911425781248,1,0,0.0,0,45.449086145847765,2612.0,130,5.862754037833597,0,0,0,0.0,0.0,0.0,0.0,0.0,0.0,0.0,0.0,0,0,0,0,170,0.0,0,12,0.0,0,0.0,6111.4767999999995,1608.8307000000011,10609.188495442038,0.0,10609.188495442038,0.0,702.6390000000001,30159.175299999984,36561.457800000004,0.7647438211435613,383,104273.9216379036,128,1.3732259453790735e6,4,0.0,4,2494.3466000000008,2,637.0008,-1608.4407999999999,245.57705322277724,1506.2527,0,0,474,474,"F8-3 step 8, full money stock, fee 3 %, matching prices",sumsy,5,8.731149137020111e-11
58,511,4,4,94461.22000000015,0.0,23313.102200000012,2276.7967,2661.1424,,2661.1424,0.0,0.0,0.0,0.0,0.0,0.0025,842.8146,0.0,0.0,1.0,1052.7016000000006,0.0,0.0,0.0,1.0,0.0,0.0,1.0,0.0,216,21,0.96484375,0.7617191854552021,0.0,563.0,1.0,0.0,1.0,0,0,0,0.25005671077504726,156,700.8415315728528,-3.8853067252197566,696.956224847633,27.46688354777937,0.04651217748048517,27.51339572525986,0.0,0.0,0.0,0.0,0,0,0.0,0.0,0.0,1.0,1.0,0.0,0.0,0.0,0.0,0.5,0.25,0.0,-4403.666800765872,0.0,1551,2555.0,2567.0413999999987,5329.855199999996,852.4637000000005,0.0,0.0,0.0,0.0,0.0,601,642.8603,2555.0,2567.0413999999987,852.4637000000005,273.5,0.0,157.4968,0.015,9.692775217391297,10.906981250000026,10.97191377245509,3.4754327231121267,6.763770946776884,11.47095411162059,928.0,920.0,464.0,1910.6666666666679,1262.0,198.0,174,73,48,58,42,34.0,1965.0,56663.98819999993,4573.3582,25661.0207,741,27,0,128,0.6490788820181561,0.7617191854552021,0.509882838003803,139,11207.076000000003,8917.353199999994,44,2,334.0,0,0,73,0.0,0,0.0,1.499343244489057e6,0.0,0,0,0,1.5,0,0.0,0,0,0.0,0,0.0,0,0,3664.6192,134.0,6077.178,4,701.3888999999999,701.3882000000001,5.015372340316669,5120.0,51.015625,1.2125115006510419,1,0,0.0,0,45.518717462965625,2612.0,130,5.7626146156473,0,0,0,0.0,0.0,0.0,0.0,0.0,0.0,0.0,0.0,0,0,0,0,174,0.0,0,12,0.0,0,0.0,6111.4767999999995,1637.9387999999997,10222.882585868669,0.0,10222.882585868669,0.0,701.3888999999999,30148.523100000017,36311.5569,0.7645371010664861,383,103806.70951564798,128,1.3955365349734083e6,4,0.0,4,3401.0864999999994,2,642.8603,-1818.3278,260.3116764161439,1538.3278,0,0,464,464,"F8-3 step 8, full money stock, fee 3 %, matching prices",sumsy,5,8.731149137020111e-11
59,510,4,4,94461.96590000018,0.0,23365.805000000004,1426.1949,2863.2092,,2863.2092,0.0,0.0,0.0,0.0,0.0,0.0025,838.7947,0.0,0.0,1.0,1044.8814000000007,0.0,0.0,0.0,1.0,0.0,0.0,1.0,0.0,217,13,0.9635416666666666,0.7609120248771595,0.0,553.0,1.0,0.0,1.0,0,0,0,0.25000090370047273,156,705.3358953860712,-3.7161466867791706,701.619748699292,27.644731323789383,0.09927649040656653,27.744007814195953,0.0,0.0,0.0,0.0,0,0,0.0,0.0,0.0,1.0,1.0,0.0,0.0,0.0,0.0,0.5,0.25,0.0,-4558.616062447796,43.549400000000006,1645,2555.0,2554.254099999999,6121.676499999998,848.2625000000002,0.0,0.0,0.0,0.0,0.0,538,657.6438,2555.0,2554.254099999999,848.2625000000002,273.5,0.0,63.1968,0.015,9.691480131723376,10.910922417582368,11.229037423312892,3.468317564402809,6.820433549987713,11.88403356120935,910.0,911.0,455.0,1894.0000000000014,1236.9999999999998,196.0,174,78,48,52,39,34.0,1955.0,56813.89189999988,3775.8608,25863.3039,740,28,0,128,0.643728558622984,0.7609120248771595,0.49601030525387135,121,11068.932599999984,8828.938399999995,44,5,326.0,0,0,78,0.0,0,0.0,1.5178725749945298e6,0.0,0,0,0,1.5,0,0.0,0,0,0.0,0,0.0,0,0,3660.666200000003,131.0,6512.4708,4,803.2769,803.2771000000002,4.95008086416878,5120.0,51.015625,1.2530298111979168,4,0,0.0,0,115.13423928363493,2612.0,130,5.821284852569739,0,0,0,0.0,0.0,0.0,0.0,0.0,0.0,0.0,0.0,0,0,0,0,174,0.0,0,12,0.0,0,0.0,6111.4767999999995,1701.8557999999998,10716.785604105871,0.0,10716.785604105871,0.0,803.2769,29827.807200000003,36151.635500000004,0.7638445810613097,382,102490.05994064198,128,1.415382515053888e6,4,0.0,4,3343.4779,2,657.6438,-2024.4144999999999,275.9303770011125,1570.4029,1,0,455,455,"F8-3 step 8, full money stock, fee 3 %, matching prices",sumsy,5,8.731149137020111e-11
60,510,4,4,94459.64119999998,0.0,23628.43609999999,1602.5440999999998,3063.8277,,3063.8277,0.0,0.0,0.0,0.0,0.0,0.0025,837.73,0.0,0.0,1.0,1039.413199999999,0.0,0.0,0.0,1.0,0.0,0.0,1.0,0.0,217,17,0.9635416666666666,0.7607492326298899,0.0,446.0,0.0,0.0,1.0,0,0,0,0.25062009411140257,156,698.3992588041536,-3.7115823364115776,694.687676467742,27.108151307451948,0.0916613666490098,27.199812674100954,0.0,0.0,0.0,0.0,0,0,0.0,0.0,0.0,1.0,1.0,0.0,0.0,0.0,0.0,0.5,0.25,0.0,-4710.846817680303,43.549400000000006,1739,2550.0,2552.324700000001,5597.041699999998,847.513499999999,0.0,0.0,0.0,0.0,0.0,549,659.9231,2550.0,2552.324700000001,847.513499999999,273.0,0.0,112.09859999999999,0.015,9.757838125665618,10.91961010989011,11.489033439490443,3.4691683840749423,6.9564716767726535,13.074892657405499,910.0,939.0,455.0,1896.000000000001,1233.0,195.0,172,66,38,51,48,32.0,1966.0,56160.14320000006,4684.6606,25962.719399999998,740,28,0,128,0.6383821734146533,0.7607492326298899,0.5057780762819901,118,11236.805499999988,9162.610000000015,55,7,314.0,0,0,66,0.0,0,0.0,1.5063415561865028e6,0.0,0,0,0,1.5,0,0.0,0,0,0.0,0,0.0,0,0,3607.5564999999992,126.0,6154.4649,4,746.6301000000001,746.6312999999999,4.7859405401448605,5120.0,51.015625,1.2670783935546874,4,0,0.0,0,72.7995159633759,2612.0,130,5.876489737918238,0,0,0,0.0,0.0,0.0,0.0,0.0,0.0,0.0,0.0,0,0,0,0,172,0.0,0,12,0.0,0,0.0,6111.4767999999995,1786.1205999999997,9643.78814414932,0.0,9643.78814414932,0.0,746.6301000000001,29321.10319999999,36801.8449,0.7634766379757312,382,98849.57279624879,128,1.4074919833902519e6,4,0.0,4,3591.2819999999992,2,659.9231,-2226.0977,292.48619962117925,1570.4029,0,0,455,455,"F8-3 step 8, full money stock, fee 3 %, matching prices",sumsy,5,8.731149137020111e-11
61,510,4,4,94461.11550000003,0.0,23794.21019999999,1598.9003,3277.9907000000003,,3277.9907000000003,0.0,0.0,0.0,0.0,0.0,0.0025,836.5617,0.0,0.0,1.0,1051.893000000001,0.0,0.0,0.0,1.0,0.0,0.0,1.0,0.0,220,12,0.9622395833333334,0.7608291542293115,0.0,124.0,0.0,0.0,1.0,0,0,0,0.25060332891820875,156,691.3469944136418,-3.6115937367447963,687.735400676897,27.106499102137366,0.11179117567130382,27.21829027780867,0.0,0.0,0.0,0.0,0,0,0.0,0.0,0.0,1.0,1.0,0.0,0.0,0.0,0.0,0.5,0.25,0.0,-4870.333952366376,43.549400000000006,1829,2550.0,2548.5257,5702.369000000003,846.2720999999995,0.0,0.0,0.0,0.0,0.0,486,665.0583,2550.0,2548.5257,846.2720999999995,273.0,0.0,137.8483,0.015,9.819121842650091,11.000023454157764,11.740560457516347,3.4911918181818105,6.9433191288960385,13.137518777001006,938.0,966.0,469.0,1907.333333333334,1259.0,196.0,168,56,35,53,58,43.0,1976.0,56318.50119999996,3842.8922999999995,26565.251000000004,739,29,0,128,0.6371472535063927,0.7608291542293115,0.5048814784780256,115,11454.760199999984,9485.271699999988,61,3,306.0,0,0,56,0.0,0,0.0,1.50206583718773e6,0.0,0,0,0,1.5,0,0.0,0,0,0.0,0,0.0,0,0,3592.6115000000023,123.0,6232.851000000001,4,716.2339,716.2332,4.738106030073738,5120.0,51.015625,1.2934590266927082,2,0,0.0,0,42.2781239602882,2612.0,130,5.965003233113365,0,0,0,0.0,0.0,0.0,0.0,0.0,0.0,0.0,0.0,0,0,0,0,168,0.0,0,12,0.0,0,0.0,6111.4767999999995,1970.2594,11066.031972731198,0.0,11066.031972731198,0.0,716.2339,28852.87,36640.994300000006,0.7635827644581639,382,97701.29393215022,128,1.40436454325558e6,4,0.0,4,3420.3349000000007,2,665.0583,-2441.429,310.03537159845,1570.4029,0,0,469,469,"F8-3 step 8, full money stock, fee 3 %, matching prices",sumsy,5,8.731149137020111e-11
62,510,4,4,94459.69019999998,0.0,23990.807099999984,1596.9490999999991,3505.3324000000002,,3505.3324000000002,0.0,0.0,0.0,0.0,0.0,0.0025,837.7177,0.0,0.0,1.0,1063.903399999999,0.0,0.0,0.0,1.0,0.0,0.0,1.0,0.0,220,14,0.9609375,0.7610675210684752,0.0,124.0,0.0,0.0,1.0,0,0,0,0.25008146468463927,156,691.9517056373916,-3.7188860351470936,688.2328196022445,27.596431820776267,0.08781494924823056,27.684246770024497,0.0,0.0,0.0,0.0,0,0,0.0,0.0,0.0,1.0,1.0,0.0,0.0,0.0,0.0,0.5,0.25,0.0,-5024.208768678172,43.549400000000006,1923,2550.0,2551.4252999999976,4870.790400000002,847.2857999999995,0.0,0.0,0.0,0.0,0.0,550,663.765,2550.0,2551.4252999999976,847.2857999999995,273.0,0.0,155.53740000000005,0.015,9.89156264550264,11.027855136268304,11.873753873239428,3.511410738255036,6.960916089174789,13.911675761003877,954.0,945.0,477.0,1912.3333333333344,1267.0000000000002,197.0,166,51,27,53,48,27.0,1987.0,56960.63120000002,3082.1261,26871.9444,738,30,0,128,0.6419814535851203,0.7610675210684752,0.5121453220862402,121,11542.892900000003,9347.526699999995,52,4,284.0,0,0,51,0.0,0,0.0,1.5082393671232355e6,0.0,0,0,0,1.5,0,0.0,0,0,0.0,0,0.0,0,0,3372.1460999999977,114.0,6043.505799999999,4,712.7571,712.7569,4.854322523164652,5120.0,51.015625,1.3119853727213542,6,0,0.0,0,141.25796552316106,2612.0,130,5.981063810002312,0,0,0,0.0,0.0,0.0,0.0,0.0,0.0,0.0,0.0,0,0,0,0,166,0.0,0,12,0.0,0,0.0,6111.4767999999995,2111.9983000000007,12278.13786741861,0.0,12278.13786741861,0.0,712.7571,29020.900700000013,35997.5763,0.7638120408804232,382,99738.49438699888,128,1.4085008727362372e6,4,0.0,4,3260.354300000001,2,663.765,-2667.6147,328.637493894357,1570.4029,0,0,477,477,"F8-3 step 8, full money stock, fee 3 %, matching prices",sumsy,5,8.731149137020111e-11
63,510,4,4,94453.33470000015,0.0,24267.213099999994,1739.0038999999997,3744.804,,3744.804,0.0,0.0,0.0,0.0,0.0,0.0025,839.1785,0.0,0.0,1.0,1077.1892999999998,0.0,0.0,0.0,1.0,0.0,0.0,1.0,0.0,222,19,0.9596354166666666,0.7631365355830078,0.0,124.0,2.0,0.0,1.0,0,0,0,0.25009468501451837,156,590.7428348977494,-3.830580646284442,586.912254251465,27.647298421353604,0.07683266287402625,27.72413108422763,0.0,0.0,0.0,0.0,0,0,0.0,0.0,0.0,1.0,1.0,0.0,0.0,0.0,0.0,0.5,0.25,0.0,-5180.8792268548805,43.549400000000006,2018,2550.0,2556.3554999999974,5935.860999999999,848.8839000000004,0.0,0.0,0.0,0.0,0.0,498,665.1867,2550.0,2556.3554999999974,848.8839000000004,273.0,0.0,149.7245,0.015,9.978598059244131,11.18702236024842,12.03778519855595,3.5314980088495607,6.934124880262505,13.853852682368855,966.0,979.0,483.0,1924.333333333334,1276.9999999999998,198.0,168,54,37,44,56,48.0,1980.0,56576.072199999995,2917.6206,27474.629,737,31,0,128,0.649664515240066,0.7631365355830078,0.5056896210659354,134,11611.902699999995,9769.047500000004,57,1,277.0,0,0,54,0.0,0,0.0,1.2643101423311306e6,0.0,0,0,0,1.5,0,0.0,0,0,0.0,0,0.0,0,0,3334.466499999998,111.0,5980.6476999999995,4,724.8716999999999,724.8712,4.920747433774904,5120.0,51.015625,1.1774225032552084,8,0,0.0,0,150.82841934958202,2612.0,130,6.022122978890778,0,0,0,0.0,0.0,0.0,0.0,0.0,0.0,0.0,0.0,0,0,0,0,168,0.0,0,12,0.0,0,0.0,6111.4767999999995,2116.0878999999995,12571.80091410533,0.0,12571.80091410533,0.0,724.8716999999999,28678.200099999995,36372.897300000004,0.7651460825862961,382,99804.91961907681,128,1.1645052227120532e6,4,0.0,4,3095.9751000000015,2,665.1867,-2905.6255,348.3557435280185,1236.3475,0,0,483,483,"F8-3 step 8, full money stock, fee 3 %, matching prices",sumsy,5,8.731149137020111e-11
64,510,4,4,94441.13840000011,0.0,24437.956699999984,1612.9642999999999,3992.2943999999998,,3992.2943999999998,0.0,0.0,0.0,0.0,0.0,0.0025,841.0607,0.0,0.0,1.0,1086.6689000000001,0.0,0.0,0.0,1.0,0.0,0.0,1.0,0.0,222,16,0.9583333333333334,0.7603329041723352,0.0,570.0,3.0,0.0,1.0,0,0,0,0.2515652573452228,156,672.3435676704729,-3.8133663440575947,668.5302013264153,27.234524913970343,0.09324986693040077,27.327774780900747,0.0,0.0,0.0,0.0,0,0,0.0,0.0,0.0,1.0,1.0,0.0,0.0,0.0,0.0,0.5,0.25,0.0,-5334.063917238485,43.549400000000006,2112,2550.0,2562.1962999999982,4741.1199000000015,850.8141999999998,0.0,0.0,0.0,0.0,0.0,532,664.5514000000001,2550.0,2562.1962999999982,850.8141999999998,273.0,0.0,58.814400000000006,0.015,10.001155750273815,11.142415303983265,12.417570422535213,3.565297977528092,6.994996920598052,13.711629146166517,954.0,913.0,477.0,1927.000000000001,1268.0000000000002,198.0,169,61,35,58,39,30.0,1972.0,56106.76980000008,2669.0659,27877.4333,736,32,0,128,0.6520872215568494,0.7603329041723352,0.5113147032812912,139,11625.43620000001,9131.055199999993,43,4,284.0,0,0,61,0.0,0,0.0,1.4676526755971464e6,0.0,0,0,0,1.5,0,0.0,0,0,0.0,0,0.0,0,0,3526.5900000000006,114.0,6282.2573,4,812.5500999999999,812.5504000000003,5.428108028924936,5120.0,51.015625,1.324394806315104,10,0,0.0,0,245.09826604461287,2612.0,130,6.024109671621094,0,0,0,0.0,0.0,0.0,0.0,0.0,0.0,0.0,0.0,0,0,0,0,169,0.0,0,12,0.0,0,0.0,6111.4767999999995,2088.4148999999998,12597.470819181766,0.0,12597.470819181766,0.0,812.5500999999999,28867.44169999998,36828.7565,0.7629326796664742,382,111149.8067606921,128,1.356502868836456e6,4,0.0,4,2941.4477000000006,2,664.5514000000001,-3151.2336999999998,369.2570881396996,1471.6036,0,0,477,477,"F8-3 step 8, full money stock, fee 3 %, matching prices",sumsy,5,8.731149137020111e-11
65,510,4,4,94433.44469999995,0.0,24571.379399999987,1615.5269999999998,4234.857499999999,,4234.857499999999,0.0,0.0,0.0,0.0,0.0,0.0025,839.7207,0.0,0.0,1.0,1083.6238000000014,0.0,0.0,0.0,1.0,0.0,0.0,1.0,0.0,223,17,0.95703125,0.7604057610159602,0.0,121.0,0.0,0.0,1.0,0,0,0,0.25090830428562294,156,672.129355705096,-3.745827958184108,668.3835277469119,27.08066250463069,0.10625820940061745,27.18692071403131,0.0,0.0,0.0,0.0,0,0,0.0,0.0,0.0,1.0,1.0,0.0,0.0,0.0,0.0,0.5,0.25,0.0,-5490.556758109122,43.549400000000006,2203,2550.0,2557.6936999999994,4634.7143000000015,849.3537999999996,0.0,0.0,0.0,0.0,0.0,501,666.2362,2550.0,2557.6936999999994,849.3537999999996,273.0,0.0,43.899100000000004,0.015,10.008756541019952,11.14857210300432,12.80645107142856,3.5722655889145503,7.103950972546646,14.367659802143892,932.0,902.0,466.0,1904.0000000000014,1243.0,197.0,171,64,42,62,37,21.0,1968.0,56572.15719999992,2622.4748999999997,27537.3496,735,33,0,128,0.6459526507980833,0.7604057610159602,0.5200536509320408,147,11535.864200000002,9027.898399999996,43,6,280.0,0,0,64,0.0,0,0.0,1.4684125779283883e6,0.0,0,0,0,1.5,0,0.0,0,0,0.0,0,0.0,0,0,3585.8062999999966,112.0,6195.5061,4,851.5046,851.504599999999,5.463031273248524,5120.0,51.015625,1.3443316373697918,2,0,0.0,0,68.578945516689,2612.0,130,6.017985786404648,0,0,0,0.0,0.0,0.0,0.0,0.0,0.0,0.0,0.0,0,0,0,0,171,0.0,0,12,0.0,0,0.0,6111.4767999999995,2213.8236,12615.598221734646,0.0,12615.598221734646,0.0,851.5046,28770.364299999997,36355.3306,0.7628930583002429,382,112038.39753470066,128,1.3563741803936884e6,4,0.0,4,3086.4151999999985,2,666.2362,-3395.1367999999993,391.4125134280816,1471.6036,0,0,466,466,"F8-3 step 8, full money stock, fee 3 %, matching prices",sumsy,5,8.731149137020111e-11
66,510,4,4,94415.77239999996,0.0,24672.766899999977,1484.6526000000001,4474.081899999999,,4474.081899999999,0.0,0.0,0.0,0.0,0.0,0.0025,843.1924,0.0,0.0,1.0,1078.9451000000006,0.0,0.0,0.0,1.0,0.0,0.0,1.0,0.0,218,14,0.9557291666666666,0.7613893736464703,0.0,119.0,1.0,0.0,1.0,0,0,0,0.25001430178676987,156,611.1802453071547,-3.858807294073939,607.3214380130808,27.354918318270744,0.11562248019113384,27.47054079846188,0.0,0.0,0.0,0.0,0,0,0.0,0.0,0.0,1.0,1.0,0.0,0.0,0.0,0.0,0.5,0.25,0.0,-5632.495136183103,43.549400000000006,2281,2550.0,2567.6723,5188.976299999998,852.7167999999988,0.0,0.0,0.0,0.0,0.0,629,661.6011000000001,2550.0,2567.6723,852.7167999999988,273.0,0.0,30.0803,0.015,10.02551670305678,11.319099122806964,13.20249304635761,3.5767786729857844,7.208836383797956,13.936630008079574,912.0,916.0,456.0,1893.0000000000011,1231.0,196.0,173,67,42,53,36,18.0,1963.0,56468.4859,2637.0603,27179.4169,734,34,0,128,0.6532502757349437,0.7613893736464703,0.5411711667067094,157,11534.834499999995,9183.37330000001,38,2,302.0,0,0,67,0.0,0,0.0,1.3185465571478382e6,0.0,0,0,0,1.5,0,0.0,0,0,0.0,0,0.0,0,0,3987.152899999998,121.0,6626.015800000001,4,856.6735000000001,856.674800000001,5.3934736873020555,5120.0,51.015625,1.2627060042317708,4,0,0.0,0,126.35960391879917,2612.0,130,6.060353713778723,0,0,0,0.0,0.0,0.0,0.0,0.0,0.0,0.0,0.0,0,0,0,0,173,0.0,0,12,0.0,0,0.0,6111.4767999999995,2262.7011,12260.181047917345,0.0,12260.181047917345,0.0,856.6735000000001,28813.1603,36442.492999999995,0.7632389433161411,382,110417.6647753209,128,1.2081288923725176e6,4,0.0,4,3655.9054000000006,2,661.6011000000001,-3630.8894999999993,414.8972642337665,1275.9043,0,0,456,456,"F8-3 step 8, full money stock, fee 3 %, matching prices",sumsy,5,8.731149137020111e-11
67,509,4,4,94407.20830000019,0.0,24840.524299999994,1602.2225999999994,4711.6386999999995,,4711.6386999999995,0.0,0.0,0.0,0.0,0.0,0.0025,840.0222,0.0,0.0,1.0,1080.7492000000004,0.0,0.0,0.0,1.0,0.0,0.0,1.0,0.0,220,19,0.9544270833333334,0.7609337579886866,0.0,222.0,0.0,0.0,1.0,0,0,0,0.2500867152271939,156,620.6082132247975,-3.842343742822135,616.7658694819754,27.34338096164529,0.08165546570228294,27.425036427347575,0.0,0.0,0.0,0.0,0,0,0.0,0.0,0.0,1.0,1.0,0.0,0.0,0.0,0.0,0.5,0.25,0.0,-5777.19298068446,74.0525,2364,2550.0,2558.5641000000005,2456.4677000000006,849.6468000000007,0.0,0.0,0.0,0.0,0.0,594,658.9624,2550.0,2558.5641000000005,849.6468000000007,273.0,0.0,112.83900000000001,0.015,10.043863118279578,11.305466448801766,13.762022916666648,3.579614858490568,7.231955114114877,14.58019432062055,918.0,930.0,459.0,1899.0000000000011,1230.0,196.0,174,70,38,75,50,31.0,1956.0,56350.306899999974,2696.9827999999998,27448.6755,733,35,0,128,0.6462663887320259,0.7609337579886866,0.5204035896246997,139,11564.86539999999,9340.792700000007,55,5,288.0,0,0,70,0.0,0,0.0,1.3340432244808883e6,0.0,0,0,0,1.5,0,0.0,0,0,0.0,0,0.0,0,0,3963.462599999995,116.0,6412.2585,4,809.471,809.4712000000001,5.674065798842605,5120.0,51.015625,1.2883310937499999,8,0,0.0,0,278.22118984924214,2612.0,130,6.138489715595394,0,0,0,0.0,0.0,0.0,0.0,0.0,0.0,0.0,0.0,0,0,0,0,174,0.0,0,12,0.0,0,0.0,6111.4767999999995,2357.395699999999,12459.114676450092,0.0,12459.114676450092,0.0,809.471,28376.3979,36557.9168,0.7627196457925658,381,116813.61571987165,128,1.2172296087610177e6,4,0.0,4,3454.1498999999994,2,658.9624,-3871.6164999999996,439.79110008779253,1275.9043,1,0,459,459,"F8-3 step 8, full money stock, fee 3 %, matching prices",sumsy,5,8.731149137020111e-11
68,509,4,4,94400.6023000001,0.0,24941.657399999986,1520.6584999999995,4948.8209,,4948.8209,0.0,0.0,0.0,0.0,0.0,0.0025,837.6317,0.0,0.0,1.0,1077.2043999999999,0.0,0.0,0.0,1.0,0.0,0.0,1.0,0.0,210,14,0.953125,0.7609922285941235,0.0,210.0,0.0,0.0,1.0,0,0,0,0.25004408753204593,156,612.6692565622133,-3.847430050493652,608.8218265117196,27.011264972882916,0.08403375468903625,27.095298727571947,0.0,0.0,0.0,0.0,0,0,0.0,0.0,0.0,1.0,1.0,0.0,0.0,0.0,0.0,0.5,0.25,0.0,-5923.825895132722,74.0525,2453,2545.0,2551.6060000000016,3653.8797999999997,847.3091000000007,0.0,0.0,0.0,0.0,0.0,543,657.3837,2545.0,2551.6060000000016,847.3091000000007,272.5,0.0,129.64710000000002,0.015,10.133580394304486,11.33787995642701,14.12866197183098,3.5874921985815593,7.186246150883234,14.416751640169707,918.0,913.0,459.0,1867.0000000000016,1229.0000000000002,195.0,170,72,47,52,42,30.0,1952.0,56097.530299999955,2798.8884999999996,27511.3841,732,36,0,128,0.6396350279732705,0.7609922285941235,0.5179915194509412,125,11523.272099999984,9251.958899999996,46,4,284.0,0,0,72,0.0,0,0.0,1.322405367107336e6,0.0,0,0,0,1.5,0,0.0,0,0,0.0,0,0.0,0,0,4012.539999999998,114.0,6497.784000000001,4,833.2699999999999,833.2711999999996,5.514998719194932,5120.0,51.015625,1.314365647786458,15,0,0.0,0,202.40066326874265,2612.0,130,6.2196609737446655,0,0,0,0.0,0.0,0.0,0.0,0.0,0.0,0.0,0.0,0,0,0,0,170,0.0,0,12,0.0,0,0.0,6111.4767999999995,2366.662,12411.902626795189,0.0,12411.902626795189,0.0,833.2699999999999,27730.836899999984,36808.056599999996,0.7626415186076005,381,113681.79904337664,128,1.2087235680639604e6,4,0.0,4,3534.251800000001,2,657.3837,-4111.1892,466.1785660930601,1275.9043,0,0,459,459,"F8-3 step 8, full money stock, fee 3 %, matching prices",sumsy,5,8.731149137020111e-11
69,507,4,4,94391.40929999991,0.0,25885.80059999998,2408.7097000000003,5198.016699999999,,5198.016699999999,0.0,0.0,0.0,0.0,0.0,0.0025,838.0782,0.0,0.0,1.0,1086.8275,0.0,0.0,0.0,1.0,0.0,0.0,1.0,0.0,206,20,0.9518229166666666,0.7593143868760988,0.0,204.0,1.0,0.0,1.0,0,0,0,0.25034537383263644,156,718.9672481791803,-3.7624697996680054,715.2047783795123,25.980150342995557,0.08906313427777306,26.06921347727333,0.0,0.0,0.0,0.0,0,0,0.0,0.0,0.0,1.0,1.0,0.0,0.0,0.0,0.0,0.5,0.25,0.0,-6065.678175521072,125.3261,2543,2545.0,2554.1929999999993,6282.864799999998,848.0684000000011,0.0,0.0,0.0,0.0,0.0,567,653.4112,2545.0,2554.1929999999993,848.0684000000011,272.5,0.0,91.17920000000001,0.015,10.148899356223168,11.31394901098894,14.3597,3.6187657894736853,7.293327058851682,15.135761124484224,910.0,932.0,455.0,1889.0000000000014,1214.3333333333333,195.0,176,66,38,52,45,31.0,1954.0,55046.411500000046,3682.1505000000006,27633.0272,731,37,0,128,0.6348551885220686,0.7593143868760988,0.5141082171432025,130,11581.166199999998,9458.774199999993,53,8,272.0,0,0,66,0.0,0,0.0,1.6031723380186053e6,0.0,0,0,0,1.5,0,0.0,0,0,0.0,0,0.0,0,0,3905.8384,110.0,6538.3307,4,879.8876,879.8873000000003,5.456600745745504,5120.0,51.015625,1.5751639371744792,9,0,0.0,0,259.80339272324676,2612.0,130,6.20007323635765,0,0,0,0.0,0.0,0.0,0.0,0.0,0.0,0.0,0.0,0,0,0,0,176,0.0,0,12,0.0,0,0.0,6111.4767999999995,2431.9123999999997,11120.734997397612,0.0,11120.734997397612,0.0,879.8876,27546.735899999985,37853.508400000006,0.7617689337668825,379,111209.89003077775,128,1.4919624479878254e6,4,0.0,4,3716.5049999999983,2,653.4112,-4359.938499999999,494.14928005864374,1667.3029,2,0,455,455,"F8-3 step 8, full money stock, fee 3 %, matching prices",sumsy,5,8.731149137020111e-11
70,507,4,4,94373.74079999997,0.0,25983.023199999996,1549.7286000000001,5448.409099999999,,5448.409099999999,0.0,0.0,0.0,0.0,0.0,0.0025,837.0002,0.0,0.0,1.0,1088.4705999999994,0.0,0.0,0.0,1.0,0.0,0.0,1.0,0.0,209,15,0.9518229166666666,0.7595277790202959,0.0,25.0,0.0,0.0,1.0,0,0,0,0.2500273942581635,156,718.781217027545,-3.8336203843743037,714.9475966431706,25.232813270131913,0.09365837401686855,25.326471644148782,0.0,0.0,0.0,0.0,0,0,0.0,0.0,0.0,1.0,1.0,0.0,0.0,0.0,0.0,0.5,0.25,0.0,-6218.061311042815,125.3261,2633,2535.0,2552.668499999997,5394.133600000002,847.4168000000004,0.0,0.0,0.0,0.0,0.0,521,658.7601,2535.0,2552.668499999997,847.4168000000004,271.5,0.0,53.353199999999994,0.015,10.224793376068378,11.475985376344045,14.518714642857141,3.5995873831775667,7.266877688422052,14.972322194331042,930.0,936.0,465.0,1894.0000000000011,1239.0,195.0,170,67,44,52,52,41.0,1951.0,53813.46799999996,4712.4408,27961.9079,731,37,0,128,0.6296475237135628,0.7595277790202959,0.5170160503405035,124,11778.386500000002,9570.406600000002,55,3,280.0,0,0,67,0.0,0,0.0,1.6024752365882534e6,0.0,0,0,0,1.5,0,0.0,0,0,0.0,0,0.0,0,0,4065.2400999999995,112.0,6390.1638,4,819.5222,819.5220999999999,5.4737304490275465,5120.0,51.015625,1.5987115901692708,8,0,0.0,0,156.8356186045896,2612.0,130,6.311390136636631,0,0,0,0.0,0.0,0.0,0.0,0.0,0.0,0.0,0.0,0,0,0,0,170,0.0,0,12,0.0,0,0.0,6111.4767999999995,2520.5480999999995,10710.656895718424,0.0,10710.656895718424,0.0,819.5222,26920.082400000007,39064.512500000004,0.7618878605775081,379,110835.0525786003,128,1.4916401840096524e6,4,0.0,4,3590.0618000000013,2,658.7601,-4611.4088999999985,523.7982368621624,1667.3029,0,0,465,465,"F8-3 step 8, full money stock, fee 3 %, matching prices",sumsy,5,8.731149137020111e-11
71,507,4,4,94360.67529999987,0.0,25961.98780000004,1495.9590000000003,5708.016199999999,,5708.016199999999,0.0,0.0,0.0,0.0,0.0,0.0025,834.9443,0.0,0.0,1.0,1096.6073000000004,0.0,0.0,0.0,1.0,0.0,0.0,1.0,0.0,206,7,0.9518229166666666,0.7594430088284922,0.0,20.0,0.0,0.0,1.0,0,0,0,0.25001293989770423,156,716.9285901918294,-3.4796411483462677,713.4489490434831,24.13743641780068,0.1397488329222267,24.277185250722905,0.0,0.0,0.0,0.0,0,0,0.0,0.0,0.0,1.0,1.0,0.0,0.0,0.0,0.0,0.5,0.25,0.0,-6378.884867392658,125.3261,2721,2535.0,2548.0655000000024,3505.9243999999994,845.7527999999994,0.0,0.0,0.0,0.0,0.0,451,665.8333,2535.0,2548.0655000000024,845.7527999999994,271.5,0.0,33.603,0.015,10.354388503253798,11.568548051948007,14.657876335877864,3.6648035294117647,7.31613104098696,15.674992033083422,924.0,922.0,462.0,1889.3333333333344,1226.0000000000002,195.0,172,68,44,46,53,30.0,1946.0,52754.191900000056,5687.5138,28234.001099999998,731,37,0,128,0.6200731274025946,0.7594430088284922,0.5101218901039213,129,11798.969800000003,9546.746200000001,56,3,262.0,0,0,68,0.0,0,0.0,1.6072834125973126e6,0.0,0,0,0,1.5,0,0.0,0,0,0.0,0,0.0,0,0,3840.3636000000006,105.0,6184.1909000000005,4,842.8454,842.8446999999999,5.575056428992738,5120.0,51.015625,1.6194953955078126,12,0,0.0,0,322.17475958756455,2612.0,130,6.376753572058168,0,0,0,0.0,0.0,0.0,0.0,0.0,0.0,0.0,0.0,0,0,0,0,172,0.0,0,12,0.0,0,0.0,6111.4767999999995,2548.1455000000005,9603.424046581375,0.0,9603.424046581375,0.0,842.8454,26750.124299999992,40105.705799999996,0.7617521987984235,379,112817.89356030567,128,1.4944655190370071e6,4,0.0,4,3415.04,2,665.8333,-4873.071899999999,555.2261310738921,1667.3029,0,0,462,462,"F8-3 step 8, full money stock, fee 3 %, matching prices",sumsy,5,8.731149137020111e-11
72,507,4,4,94344.44559999996,0.0,26162.706300000027,1658.7651,5977.886999999999,,5977.886999999999,0.0,0.0,0.0,0.0,0.0,0.0025,836.4998,0.0,0.0,1.0,1104.815100000001,0.0,0.0,0.0,1.0,0.0,0.0,1.0,0.0,210,15,0.9505208333333334,0.7599858158894532,0.0,14.0,1.0,0.0,1.0,0,0,0,0.2500046049844352,156,673.1840294239666,-3.654384671345908,669.5296447526207,24.12116880322687,0.09401933728796436,24.215188140514833,0.0,0.0,0.0,0.0,0,0,0.0,0.0,0.0,1.0,1.0,0.0,0.0,0.0,0.0,0.5,0.25,0.0,-6529.698030808583,125.3261,2803,2535.0,2551.2297000000017,3777.0018999999984,846.9325000000009,0.0,0.0,0.0,0.0,0.0,505,662.266,2535.0,2551.2297000000017,846.9325000000009,271.5,0.0,61.5308,0.015,10.439620815450642,11.654875536480706,14.91661697416975,3.6988630841121495,7.353286919938416,15.20474227209092,932.0,932.0,466.0,1893.000000000001,1237.0000000000002,194.0,168,59,36,51,43,28.0,1958.0,52976.59829999988,4200.5463,28521.7752,730,38,0,128,0.6215117783453146,0.7599858158894532,0.5116368251607395,130,11939.938699999986,9729.726599999998,50,7,271.0,0,0,59,0.0,0,0.0,1.5080462979092612e6,0.0,0,0,0,1.5,0,0.0,0,0,0.0,0,0.0,0,0,4042.4032000000025,109.0,7146.76,4,934.9931999999999,934.9931,5.794072999825222,5120.0,51.015625,1.5513613850911459,13,0,0.0,0,237.4968483205388,2612.0,130,6.459959748932483,0,0,0,0.0,0.0,0.0,0.0,0.0,0.0,0.0,0.0,0,0,0,0,168,0.0,0,12,0.0,0,0.0,6111.4767999999995,2726.1421999999984,11464.912553758784,0.0,11464.912553758784,0.0,934.9931999999999,26471.928499999987,39869.0815,0.7621208366500098,379,117155.65752144711,128,1.3908906403878143e6,4,0.0,4,3243.5713000000005,2,662.266,-5141.387199999999,588.5396989383257,1513.8048,0,0,466,466,"F8-3 step 8, full money stock, fee 3 %, matching prices",sumsy,5,8.731149137020111e-11
73,506,4,4,94328.34609999991,0.0,26150.155400000018,1456.2060999999999,6261.037699999999,,6261.037699999999,0.0,0.0,0.0,0.0,0.0,0.0025,836.4647,0.0,0.0,1.0,1119.650500000001,0.0,0.0,0.0,1.0,0.0,0.0,1.0,0.0,198,17,0.94921875,0.7564328584856761,0.0,14.0,0.0,0.0,1.0,0,0,0,0.2500413270073961,156,667.6320128639926,-3.6814487892974004,663.9505640746951,24.0627656368345,0.08935115301144007,24.152116789845937,0.0,0.0,0.0,0.0,0,0,0.0,0.0,0.0,1.0,1.0,0.0,0.0,0.0,0.0,0.5,0.25,0.0,-6680.440728230249,125.3261,2896,2535.0,2551.0995000000003,3617.9414000000006,846.8912000000005,0.0,0.0,0.0,0.0,0.0,518,662.0228999999999,2535.0,2551.0995000000003,846.8912000000005,271.5,0.0,106.00999999999999,0.015,10.612610074231176,11.665117948717963,15.009089667896676,3.722304662004667,7.669368732520447,17.210566083520295,936.0,943.0,468.0,1896.6666666666677,1240.6666666666667,195.0,169,63,40,51,51,39.0,1952.0,53327.98039999993,3753.679,28949.094299999997,729,39,0,128,0.6217218342828039,0.7564328584856761,0.5193234559742155,128,12332.134699999982,10007.691299999999,57,6,271.0,0,0,63,0.0,0,0.0,1.514863250130182e6,0.0,0,0,0,1.5,0,0.0,0,0,0.0,0,0.0,0,0,4067.463299999999,109.0,6799.1048,4,913.3518,913.3515,5.928157856936573,5120.0,51.015625,1.573762960611979,12,0,0.0,0,306.91095825355484,2612.0,130,6.5183626688831104,0,0,0,0.0,0.0,0.0,0.0,0.0,0.0,0.0,0.0,0,0,0,0,169,0.0,0,12,0.0,0,0.0,6111.4767999999995,2800.535400000001,12108.949227890105,0.0,12108.949227890105,0.0,913.3518,26398.433599999986,39501.878099999994,0.7585425486132296,378,122460.87259295037,128,1.3924023775372324e6,4,0.0,4,3073.3972999999987,2,662.0228999999999,-5424.5729999999985,623.8520808746254,1513.8048,1,0,468,468,"F8-3 step 8, full money stock, fee 3 %, matching prices",sumsy,5,8.731149137020111e-11
74,506,4,4,94305.63949999996,0.0,26789.95990000002,2040.6582000000008,6562.7739,,6562.7739,0.0,0.0,0.0,0.0,0.0,0.0025,837.0251,0.0,0.0,1.0,1138.2009000000005,0.0,0.0,0.0,1.0,0.0,0.0,1.0,0.0,210,16,0.9479166666666666,0.7565775359069777,0.0,15.0,1.0,0.0,1.0,0,0,0,0.25035274441784217,156,669.9754716368404,-3.7339501390863883,666.2415214977541,23.81180604747745,0.07304055976524818,23.8848466072427,0.0,0.0,0.0,0.0,0,0,0.0,0.0,0.0,1.0,1.0,0.0,0.0,0.0,0.0,0.5,0.25,0.0,-6824.02595780145,125.3261,2975,2530.0,2552.706599999997,6994.297400000001,847.4326000000007,0.0,0.0,0.0,0.0,0.0,561,655.1379,2530.0,2552.706599999997,847.4326000000007,271.0,0.0,150.95200000000003,0.015,10.78394621295281,12.006295268817217,15.177951908396931,3.7817903529411776,7.71956100957357,17.417034809646854,930.0,911.0,465.0,1892.3333333333344,1232.0,195.0,171,68,47,49,45,36.0,1946.0,53670.09939999994,3362.1892,29286.6806,728,40,0,128,0.6200527453446325,0.7565775359069777,0.513170201709557,129,12349.16320000001,9824.17500000001,50,5,262.0,0,0,68,0.0,0,0.0,1.545523346884636e6,0.0,0,0,0,1.5,0,0.0,0,0,0.0,0,0.0,0,0,3976.623399999996,105.0,6494.507299999999,4,885.0694000000001,885.0703000000005,5.9974821123801645,5120.0,51.015625,1.6165118147786461,8,0,0.0,0,115.67322486705915,2612.0,130,6.590329771390727,0,0,0,0.0,0.0,0.0,0.0,0.0,0.0,0.0,0.0,0,0,0,0,171,0.0,0,12,0.0,0,0.0,6111.4767999999995,2952.440600000002,12876.103150433499,0.0,12876.103150433499,0.0,885.0694000000001,26713.439999999984,39143.377100000005,0.7587293306211018,378,123657.3786270814,128,1.421865968257556e6,4,0.0,4,2920.9521999999997,2,655.1379,-5725.7488,661.2832057271029,1551.6421,0,0,465,465,"F8-3 step 8, full money stock, fee 3 %, matching prices",sumsy,5,8.731149137020111e-11
75,506,4,4,94296.7434,0.0,27071.2913,1747.7033999999992,6876.3969,,6876.3969,0.0,0.0,0.0,0.0,0.0,0.0025,832.5644,0.0,0.0,1.0,1150.6480999999997,0.0,0.0,0.0,1.0,0.0,0.0,1.0,0.0,197,19,0.9466145833333334,0.7563459277174984,0.0,13.0,1.0,0.0,1.0,0,0,0,0.250008062348831,156,673.5536584248116,-3.505660921984315,670.0479975028272,23.3062424220923,0.09440658086492011,23.40064900295722,0.0,0.0,0.0,0.0,0,0,0.0,0.0,0.0,1.0,1.0,0.0,0.0,0.0,0.0,0.5,0.25,0.0,-6973.880192909724,125.3261,3068,2530.0,2538.8961000000013,6150.170499999997,842.8653000000012,0.0,0.0,0.0,0.0,0.0,519,654.9348,2530.0,2538.8961000000013,842.8653000000012,271.0,0.0,177.4474,0.015,10.969306120218583,12.137838596491177,15.576835447761193,3.839165301204821,7.826386398784605,16.894523765357448,912.0,915.0,456.0,1887.6666666666677,1216.0,194.0,177,73,55,34,45,38.0,1937.0,53736.46219999996,2914.9806,29393.109200000003,727,41,0,128,0.6068347566147421,0.7563459277174984,0.5192421327542138,111,12353.036400000012,10036.915100000004,48,3,268.0,0,0,73,0.0,0,0.0,1.5753559629521414e6,0.0,0,0,0,1.5,0,0.0,0,0,0.0,0,0.0,0,0,4174.591899999999,108.0,6764.6921999999995,4,911.8827999999999,911.8826999999998,6.197419480015305,5120.0,51.015625,1.6620927571614577,21,0,0.0,0,546.6143960292801,2612.0,130,6.68345534882691,0,0,0,0.0,0.0,0.0,0.0,0.0,0.0,0.0,0.0,0,0,0,0,177,0.0,0,12,0.0,0,0.0,6111.4767999999995,2999.4240000000004,13116.249611129828,0.0,13116.249611129828,0.0,911.8827999999999,26322.42229999998,39072.78199999999,0.758508289903042,378,127724.59661878628,128,1.4476313663333545e6,4,0.0,4,2973.8073999999997,2,654.9348,-6043.8324999999995,700.9601980707291,1577.8835,0,0,456,456,"F8-3 step 8, full money stock, fee 3 %, matching prices",sumsy,5,8.731149137020111e-11
76,505,4,4,94291.35770000004,0.0,27304.950199999996,1839.0623,7208.225599999999,,7208.225599999999,0.0,0.0,0.0,0.0,0.0,0.0025,831.1682,0.0,0.0,1.0,1164.3931000000005,0.0,0.0,0.0,1.0,0.0,0.0,1.0,0.0,203,17,0.9453125,0.7566806073550305,0.0,10.0,1.0,0.0,1.0,0,0,0,0.250357745431668,156,602.3127186071318,-3.4668629522431633,598.8458556548886,22.702489680818353,0.10568125160289536,22.80817093242125,0.0,0.0,0.0,0.0,0,0,0.0,0.0,0.0,1.0,1.0,0.0,0.0,0.0,0.0,0.5,0.25,0.0,-7131.289425471209,146.8639,3147,2530.0,2535.3856999999994,3931.6650999999993,841.6388999999984,0.0,0.0,0.0,0.0,0.0,428,661.379,2530.0,2535.3856999999994,841.6388999999984,271.0,0.0,190.9482,0.015,11.137096256684476,12.355704595185989,15.731623880597022,3.8987934939759037,7.827230768004239,16.387688052396722,914.0,935.0,457.0,1895.6666666666674,1215.0,193.0,177,70,41,40,47,38.0,1941.0,53123.569499999925,2950.1757999999995,29894.5709,726,42,0,128,0.6008306909257799,0.7566806073550305,0.5074754787206353,112,12400.803899999988,10413.184999999985,52,5,268.0,0,0,70,0.0,0,0.0,1.3946495175461154e6,0.0,0,0,0,1.5,0,0.0,0,0,0.0,0,0.0,0,0,4216.075200000002,108.0,6830.4943,4,925.1037000000001,925.1013000000002,6.3134193106464425,5120.0,51.015625,1.5268600341796879,11,0,0.0,0,218.6289668417417,2612.0,130,6.8679737759732715,0,0,0,0.0,0.0,0.0,0.0,0.0,0.0,0.0,0.0,0,0,0,0,177,0.0,0,12,0.0,0,0.0,6111.4767999999995,3144.899999999999,13196.600929069822,0.0,13196.600929069822,0.0,925.1037000000001,25778.610900000018,39675.240999999995,0.7582445824964095,377,128947.16512371974,128,1.2657023524223974e6,4,0.0,4,2830.3866,2,661.379,-6377.057399999999,743.0178099549729,1322.34565,1,0,457,457,"F8-3 step 8, full money stock, fee 3 %, matching prices",sumsy,5,8.731149137020111e-11
77,505,4,4,94280.6293000003,0.0,27400.146900000018,1632.4855,7565.384999999999,,7565.384999999999,0.0,0.0,0.0,0.0,0.0,0.0025,831.1089,0.0,0.0,1.0,1188.3276000000012,0.0,0.0,0.0,1.0,0.0,0.0,1.0,0.0,189,16,0.9440104166666666,0.7572269337193758,0.0,5.0,1.0,0.0,1.0,0,0,0,0.25014878000396745,156,551.9080036316424,-3.508952342631006,548.3990512890114,22.60836498103129,0.11840043128015124,22.72676541231144,0.0,0.0,0.0,0.0,0,0,0.0,0.0,0.0,1.0,1.0,0.0,0.0,0.0,0.0,0.5,0.25,0.0,-7282.905878603754,146.8639,3223,2525.0,2535.728399999998,4827.287800000001,841.7094999999995,0.0,0.0,0.0,0.0,0.0,468,661.8267,2525.0,2535.728399999998,841.7094999999995,270.5,0.0,75.68060000000001,0.015,11.211272156012985,12.574967880085644,15.817952156862757,3.970417924528304,7.8826347963678804,17.10852650929853,934.0,923.0,467.0,1897.666666666667,1233.0,194.0,168,53,39,36,37,28.0,1953.0,52888.493600000016,3074.1344,30186.051000000003,725,43,0,128,0.5988002533003969,0.7572269337193758,0.48601942825883526,118,12670.149499999981,10348.004199999985,43,6,255.0,0,0,53,0.0,0,0.0,1.2715706088356136e6,0.0,0,0,0,1.5,0,0.0,0,0,0.0,0,0.0,0,0,4033.577800000003,103.0,6639.0147,4,875.73,875.7304999999998,6.550723880788017,5120.0,51.015625,1.4248197526041668,19,0,0.0,0,451.8561403026111,2612.0,130,7.008099844413736,0,0,0,0.0,0.0,0.0,0.0,0.0,0.0,0.0,0.0,0,0,0,0,168,0.0,0,12,0.0,0,0.0,6111.4767999999995,3104.489699999999,13843.324097424378,0.0,13843.324097424378,0.0,875.73,25906.349500000015,39899.2001,0.7582015642070761,377,134429.2257315976,128,1.1371413831040182e6,4,0.0,4,2678.5284,2,661.8267,-6734.276099999999,787.5988785522713,1134.9222,0,0,467,467,"F8-3 step 8, full money stock, fee 3 %, matching prices",sumsy,5,8.731149137020111e-11
78,505,4,4,94271.35889999996,0.0,28130.745799999975,2161.4043999999994,7936.685099999998,,7936.685099999998,0.0,0.0,0.0,0.0,0.0,0.0025,829.887,0.0,0.0,1.0,1202.4090000000006,0.0,0.0,0.0,1.0,0.0,0.0,1.0,0.0,177,10,0.9440104166666666,0.755485080100609,0.0,214.0,0.0,0.0,1.0,0,0,0,0.2500034389629922,156,565.7850657302033,-3.5850538137586048,562.2000119164446,21.37742155081463,0.09868755165368039,21.476109102468314,0.0,0.0,0.0,0.0,0,0,0.0,0.0,0.0,1.0,1.0,0.0,0.0,0.0,0.0,0.5,0.25,0.0,-7429.4914984318375,146.8639,3302,2525.0,2534.2703999999976,4378.7755000000025,841.0395999999992,0.0,0.0,0.0,0.0,0.0,467,660.9956999999999,2525.0,2534.2703999999976,841.0395999999992,270.5,0.0,132.79350000000002,0.015,11.26367226980727,12.5003362660944,16.00293677685952,3.9943141843971652,7.992675588960598,18.352820243214314,932.0,934.0,466.0,1909.6666666666677,1226.0,195.0,174,49,41,36,43,27.0,1958.0,51720.70360000006,4297.1861,30730.0688,725,43,0,128,0.588049965628415,0.755485080100609,0.5172971820624139,107,12794.271399999989,10520.26989999999,52,9,242.0,0,0,49,0.0,0,0.0,1.300102524365533e6,0.0,0,0,0,1.5,0,0.0,0,0,0.0,0,0.0,0,0,3872.7107000000037,97.0,6032.5177,4,827.4027,827.4027000000001,7.036877960051009,5120.0,51.015625,1.4416987890625002,16,0,0.0,0,389.47393880821886,2612.0,130,7.045631858814374,0,0,0,0.0,0.0,0.0,0.0,0.0,0.0,0.0,0.0,0,0,0,0,174,0.0,0,12,0.0,0,0.0,6111.4767999999995,3136.923100000001,12602.157035218694,0.0,12602.157035218694,0.0,827.4027,25308.961499999998,41059.7726,0.7563644536914078,377,144343.79990142045,128,1.1557587244641131e6,4,0.0,4,2549.4855000000016,2,660.9956999999999,-7106.798099999998,834.8548112654076,1134.9222,0,0,466,466,"F8-3 step 8, full money stock, fee 3 %, matching prices",sumsy,5,8.731149137020111e-11
79,505,4,4,94258.2897,0.0,29802.426000000003,3062.4886999999994,8314.828299999997,,8314.828299999997,0.0,0.0,0.0,0.0,0.0,0.0025,830.516,0.0,0.0,1.0,1208.0301999999986,0.0,0.0,0.0,1.0,0.0,0.0,1.0,0.0,184,11,0.9440104166666666,0.7557100772045333,0.0,319.0,0.0,0.0,1.0,0,0,0,0.2503575446692473,156,561.6928807929561,-3.5496897496897906,558.1431910432663,19.850996162180227,0.13286767975410987,19.983863841934337,0.0,0.0,0.0,0.0,0,0,0.0,0.0,0.0,1.0,1.0,0.0,0.0,0.0,0.0,0.5,0.25,0.0,-7579.673423200478,146.8639,3381,2525.0,2538.0692000000013,4065.738499999999,842.1457000000003,0.0,0.0,0.0,0.0,0.0,476,657.6023,2525.0,2538.0692000000013,842.1457000000003,270.5,0.0,79.07510000000002,0.015,11.380076091703058,12.622585470085479,16.381734677419345,4.008104705882349,8.006602744744647,17.80223563591788,936.0,916.0,468.0,1912.6666666666674,1233.0,195.0,175,62,49,30,34,27.0,1946.0,50229.166200000036,6606.7155,29950.7751,725,43,0,128,0.5758909837023205,0.7557100772045333,0.5245186171692195,117,12924.103999999998,10424.149700000002,37,3,248.0,0,0,62,0.0,0,0.0,1.2968304013092252e6,0.0,0,0,0,1.5,0,0.0,0,0,0.0,0,0.0,0,0,4062.6701999999973,100.0,5983.5146,4,730.4888,730.4885999999999,7.007946884915725,5120.0,51.031901041666664,1.449773862304687,21,0,0.0,0,500.0450867190825,2612.8333333333335,130,6.971440844267955,0,0,0,0.0,0.0,0.0,0.0,0.0,0.0,0.0,0.0,0,0,0,0,175,0.0,0,12,0.0,0,0.0,6111.4767999999995,3205.6182999999987,10811.064102918604,0.0,10811.064102918604,0.0,730.4888,24253.81569999999,42541.0052,0.7561258284687569,377,143720.64263991118,128,1.1531097586693116e6,4,0.0,4,3493.0450999999994,2,657.6023,-7484.312299999998,884.9460999413321,1134.9222,0,0,468,468,"F8-3 step 8, full money stock, fee 3 %, matching prices",sumsy,5,8.731149137020111e-11
80,505,4,4,94245.67479999988,0.0,32350.443799999983,4025.1561999999976,8698.567999999997,,8698.567999999997,0.0,0.0,0.0,0.0,0.0,0.0025,830.0864,0.0,0.0,1.0,1214.2557000000004,0.0,0.0,0.0,1.0,0.0,0.0,1.0,0.0,200,15,0.9427083333333334,0.7562147019222691,0.0,207.0,0.0,0.0,1.0,0,0,0,0.2501021848989299,156,562.3600596520095,-3.5095101015289516,558.8505495504804,18.723373489158547,0.12194505456881533,18.845318543727362,0.0,0.0,0.0,0.0,0,0,0.0,0.0,0.0,1.0,1.0,0.0,0.0,0.0,0.0,0.5,0.25,0.0,-7742.37829903099,146.8639,3457,2525.0,2537.6149000000028,6108.159999999998,841.9259999999994,0.0,0.0,0.0,0.0,0.0,467,666.9028000000001,2525.0,2537.6149000000028,841.9259999999994,270.5,0.0,65.3848,0.015,11.360836206896545,12.726179694323177,16.53814863813229,4.0562830917874395,8.063964460069693,17.268168566840345,916.0,928.0,458.0,1910.333333333334,1215.0,194.0,177,63,37,50,42,27.0,1947.0,49233.6215,7288.5723,29931.1507,724,44,0,128,0.5691920263420518,0.7562147019222691,0.5422605200223136,117,12856.930700000003,10542.855999999994,49,7,257.0,0,0,63,0.0,0,0.0,1.3072873906946972e6,0.0,0,0,0,1.5,0,0.0,0,0,0.0,0,0.0,0,0,4250.304199999999,103.0,6295.341100000001,4,775.0681999999999,775.0675000000001,7.183432457595948,5120.0,51.031901041666664,1.451542000325521,17,0,0.0,0,533.1865646518979,2612.8333333333335,130,6.803458899287993,0,0,0,0.0,0.0,0.0,0.0,0.0,0.0,0.0,0.0,0,0,0,0,177,0.0,0,12,0.0,0,0.0,6111.4767999999995,3267.046100000001,9557.744006633397,0.0,9557.744006633397,0.0,775.0681999999999,23762.85489999999,43515.0641,0.7564287218687862,377,146417.79585629576,128,1.1608695948383994e6,4,0.0,4,3862.088899999999,2,666.9028000000001,-7868.481599999997,938.0428659378122,1134.9222,0,0,458,458,"F8-3 step 8, full money stock, fee 3 %, matching prices",sumsy,5,8.731149137020111e-11
81,505,4,4,94230.71329999987,0.0,32619.738599999997,1863.4220999999995,9080.681199999997,,9080.681199999997,0.0,0.0,0.0,0.0,0.0,0.0025,831.4927,0.0,0.0,1.0,1212.1995999999992,0.0,0.0,0.0,1.0,0.0,0.0,1.0,0.0,197,10,0.94140625,0.7564094670502017,0.0,0.0,1.0,0.0,1.0,0,0,0,0.2501431425406079,156,681.9834957140372,-3.5212664166142478,678.462229297423,19.70072615465867,0.11063613426949971,19.811362288928173,0.0,0.0,0.0,0.0,0,0,0.0,0.0,0.0,1.0,1.0,0.0,0.0,0.0,0.0,0.5,0.25,0.0,-7928.225995381181,146.8639,3529,2525.0,2539.961499999999,6175.0016000000005,842.8638999999995,0.0,0.0,0.0,0.0,0.0,471,680.1153999999999,2525.0,2539.961499999999,842.8638999999995,270.5,0.0,135.46979999999996,0.015,11.45654558979808,12.76405625000004,16.666637450199204,4.073322911694513,7.952867910157119,16.814265609225533,928.0,941.0,464.0,1889.3333333333346,1225.0000000000002,194.0,172,62,39,44,43,37.0,1948.0,49647.280399999996,5283.3542,30424.3166,723,45,0,128,0.5837962432150927,0.7564094670502017,0.5269798101389644,123,12812.642300000003,10780.609399999994,48,5,251.0,0,0,62,0.0,0,0.0,1.6320025360745925e6,0.0,0,0,0,1.5,0,0.0,0,0,0.0,0,0.0,0,0,4183.326,101.0,7364.1539999999995,4,895.3276000000001,895.3285000000003,7.252671309807781,5120.0,51.015625,1.7917242382812502,18,0,0.0,0,509.2204741762584,2612.0,130,6.906270199390448,0,0,0,0.0,0.0,0.0,0.0,0.0,0.0,0.0,0.0,0,0,0,0,172,0.0,0,12,0.0,0,0.0,6111.4767999999995,3305.2627,11952.520857913849,0.0,11952.520857913849,0.0,895.3276000000001,24712.3074,43071.824799999995,0.7580174236595365,377,146685.6542971321,128,1.4853168817774588e6,4,0.0,4,3717.4692999999997,2,680.1153999999999,-8249.188499999997,938.0428659378122,1577.8835,0,0,464,464,"F8-3 step 8, full money stock, fee 3 %, matching prices",sumsy,5,8.731149137020111e-11
82,505,4,4,94218.76080000003,0.0,32969.134299999976,1935.3763,9471.601799999997,,9471.601799999997,0.0,0.0,0.0,0.0,0.0,0.0025,829.9914,0.0,0.0,1.0,1222.4133,0.0,0.0,0.0,1.0,0.0,0.0,1.0,0.0,190,15,0.94140625,0.7561564205638203,0.0,1.0,0.0,0.0,1.0,0,0,0,0.2506065138426788,156,675.1180603029932,-3.5274931420852726,671.5905671609079,18.788850820065896,0.1035392379581066,18.892390058024002,0.0,0.0,0.0,0.0,0,0,0.0,0.0,0.0,1.0,1.0,0.0,0.0,0.0,0.0,0.5,0.25,0.0,-8110.151612764178,146.8639,3612,2525.0,2536.9525000000012,4292.633899999999,841.7368000000001,0.0,0.0,0.0,0.0,0.0,472,683.2084,2525.0,2536.9525000000012,841.7368000000001,270.5,0.0,168.78529999999998,0.015,11.593544419889508,12.81601053763434,16.85805887096773,4.089909523809525,8.308952920960962,19.345909051411493,930.0,905.0,465.0,1897.3333333333346,1226.0,194.0,174,68,47,42,36,32.0,1935.0,49147.233499999966,6379.576999999999,30522.528599999998,723,45,0,128,0.5690693378891956,0.7561564205638203,0.5240084720463047,114,13286.879200000007,10492.157700000005,39,3,248.0,0,0,68,0.0,0,0.0,1.629296913172328e6,0.0,0,0,0,1.5,0,0.0,0,0,0.0,0,0.0,0,0,4180.798599999997,100.0,6656.2219,4,869.0441000000001,869.0442,7.226744050656408,5120.0,51.015625,1.8041324088541668,16,0,0.0,0,405.4269024418123,2612.0,130,6.90780270691942,0,0,0,0.0,0.0,0.0,0.0,0.0,0.0,0.0,0.0,0,0,0,0,174,0.0,0,12,0.0,0,0.0,6111.4767999999995,3332.2554000000005,11049.659604217719,0.0,11049.659604217719,0.0,869.0441000000001,23978.1749,43558.32750000001,0.757659865703441,377,146691.1311735747,128,1.4826057819987545e6,4,0.0,4,3580.0963999999994,2,683.2084,-8641.610399999996,994.3254378940809,1577.8835,0,0,465,465,"F8-3 step 8, full money stock, fee 3 %, matching prices",sumsy,5,8.731149137020111e-11
83,503,4,4,94209.89620000009,0.0,33128.105500000005,1930.7888000000014,9872.265099999997,,9872.265099999997,0.0,0.0,0.0,0.0,0.0,0.0025,829.3868,0.0,0.0,1.0,1230.6547,0.0,0.0,0.0,1.0,0.0,0.0,1.0,0.0,192,12,0.9401041666666666,0.7553482094404089,0.0,0.0,0.0,0.0,1.0,0,0,0,0.2506654594839294,156,671.4047738455157,-3.4386330492344763,667.9661407962813,19.082723970113403,0.10794524561902072,19.190669215732424,0.0,0.0,0.0,0.0,0,0,0.0,0.0,0.0,1.0,1.0,0.0,0.0,0.0,0.0,0.5,0.25,0.0,-8295.113023904603,266.14439999999996,3685,2525.0,2533.8646000000003,3995.794699999999,840.8131000000006,0.0,0.0,0.0,0.0,0.0,460,687.3742,2525.0,2533.8646000000003,840.8131000000006,270.5,0.0,114.03009999999999,0.015,11.565834574468084,12.842184395604393,17.12570119521912,4.123117603911981,8.367177866366465,18.933519112554226,910.0,940.0,455.0,1884.3333333333342,1203.3333333333333,193.0,177,67,38,45,49,38.0,1938.0,49419.50199999996,4715.8958,31160.7742,722,46,0,128,0.5698548414900586,0.7553482094404089,0.523750973713534,114,13140.54360000001,10871.8845,54,5,251.0,0,0,67,0.0,0,0.0,1.6368429008318295e6,0.0,0,0,0,1.5,0,0.0,0,0,0.0,0,0.0,0,0,4298.550999999999,101.0,7396.9632,4,976.1751000000002,976.1751000000002,7.356295330921704,5120.0,51.015625,1.8296702425130211,28,0,0.0,0,577.5947239840108,2612.0,130,7.02882461383784,0,0,0,0.0,0.0,0.0,0.0,0.0,0.0,0.0,0.0,0,0,0,0,177,0.0,0,12,0.0,0,0.0,6111.4767999999995,3353.6976000000004,12471.954549575523,0.0,12471.954549575523,0.0,976.1751000000002,23836.11609999999,43273.633200000004,0.7570248543657683,375,149415.17710397535,128,1.4874277237278551e6,4,0.0,4,3443.7627,2,687.3742,-9042.878299999997,994.3254378940809,1577.8835,2,0,455,455,"F8-3 step 8, full money stock, fee 3 %, matching prices",sumsy,5,8.731149137020111e-11
84,503,4,4,94195.77589999986,0.0,34013.4801,2541.6737999999996,10270.589899999997,,10270.589899999997,0.0,0.0,0.0,0.0,0.0,0.0025,827.9845,0.0,0.0,1.0,1227.7115999999996,0.0,0.0,0.0,1.0,0.0,0.0,1.0,0.0,185,11,0.9388020833333334,0.7552312715863103,0.0,0.0,1.0,0.0,1.0,0,0,0,0.2500548754649742,156,669.5730925134367,-3.5108354471572985,666.0622570662794,19.560598030635813,0.1264251179268875,19.6870231485627,0.0,0.0,0.0,0.0,0,0,0.0,0.0,0.0,1.0,1.0,0.0,0.0,0.0,0.0,0.5,0.25,0.0,-8482.904324980867,266.14439999999996,3754,2515.0,2529.1202999999987,6624.208099999999,839.2766999999993,0.0,0.0,0.0,0.0,0.0,418,688.9798000000001,2515.0,2529.1202999999987,839.2766999999993,269.5,0.0,94.13570000000001,0.015,11.796310509209098,13.192887311827956,17.284323076923076,4.120646889952155,8.452479961782668,20.878906132123163,930.0,923.0,465.0,1887.666666666667,1219.0000000000002,193.0,170,65,42,37,41,35.0,1937.0,50334.531299999915,3791.7634000000007,31654.2577,721,47,0,128,0.5637036619175144,0.7552312715863103,0.5172273360175499,106,13367.963099999997,10887.994599999998,45,4,234.0,0,0,65,0.0,0,0.0,1.6319379551197302e6,0.0,0,0,0,1.5,0,0.0,0,0,0.0,0,0.0,0,0,4044.5316000000003,94.0,6898.2592,4,922.1672,922.1666999999997,7.286312444982592,5120.0,51.015625,1.8407893815104164,11,0,0.0,0,281.168999058178,2612.0,130,7.026275480885058,0,0,0,0.0,0.0,0.0,0.0,0.0,0.0,0.0,0.0,0,0,0,0,170,0.0,0,12,0.0,0,0.0,6111.4767999999995,3418.5381999999995,14011.18084820429,0.0,14011.18084820429,0.0,922.1672,24948.296700000014,42344.2803,0.756874395855514,375,148192.6779204275,128,1.4837452771993026e6,4,0.0,4,3305.927099999999,2,688.9798000000001,-9442.605399999997,994.3254378940809,1577.8835,0,0,465,465,"F8-3 step 8, full money stock, fee 3 %, matching prices",sumsy,5,8.731149137020111e-11
85,503,4,4,94178.6329999999,0.0,34872.91079999999,2499.2149,10694.784499999996,,10694.784499999996,0.0,0.0,0.0,0.0,0.0,0.0025,828.8364,0.0,0.0,1.0,1252.1791000000007,0.0,0.0,0.0,1.0,0.0,0.0,1.0,0.0,185,10,0.9375,0.75543405434831,0.0,0.0,0.0,0.0,1.0,0,0,0,0.2507259259259259,156,664.1592250560602,-3.591138005983215,660.5680870500771,18.97463743644767,0.11879782232808972,19.093435258775756,0.0,0.0,0.0,0.0,0,0,0.0,0.0,0.0,1.0,1.0,0.0,0.0,0.0,0.0,0.5,0.25,0.0,-8670.023330313395,266.14439999999996,3820,2515.0,2532.142899999998,6837.759700000001,840.2446999999996,0.0,0.0,0.0,0.0,0.0,463,694.3667,2515.0,2532.142899999998,840.2446999999996,269.5,0.0,59.4375,0.015,11.99971255555556,13.393525000000034,17.640992499999996,4.192032932692306,8.540232371249024,20.32024272043152,928.0,900.0,464.0,1895.3333333333337,1219.0,193.0,174,60,40,40,31,18.0,1934.0,50459.64309999999,3618.9541,32193.327400000002,720,48,0,128,0.5619386426356046,0.75543405434831,0.530301228137154,112,13489.012399999992,10799.741300000003,38,7,240.0,0,0,60,0.0,0,0.0,1.6426554916504442e6,0.0,0,0,0,1.5,0,0.0,0,0,0.0,0,0.0,0,0,4233.838199999999,96.0,6383.5053,4,853.5668999999999,853.5672999999998,7.483734406745512,5120.0,51.015625,1.8602380436197918,13,0,0.0,0,385.50853383869946,2612.0,130,7.06361306324014,0,0,0,0.0,0.0,0.0,0.0,0.0,0.0,0.0,0.0,0,0,0,0,174,0.0,0,12,0.0,0,0.0,6111.4767999999995,3424.5123000000012,14244.205688831373,0.0,14244.205688831373,0.0,853.5668999999999,24433.679099999976,42195.786799999994,0.7569908310292333,375,151471.3912417103,128,1.4911841004087343e6,4,0.0,4,3173.2592999999997,2,694.3667,-9865.948099999996,994.3254378940809,1577.8835,0,0,464,464,"F8-3 step 8, full money stock, fee 3 %, matching prices",sumsy,5,8.731149137020111e-11
86,501,4,4,94163.08390000003,0.0,34893.620299999995,1756.6957,11139.719099999997,,11139.719099999997,0.0,0.0,0.0,0.0,0.0,0.0025,828.2059,0.0,0.0,1.0,1273.7710000000004,0.0,0.0,0.0,1.0,0.0,0.0,1.0,0.0,186,12,0.9361979166666666,0.7546261449304386,0.0,0.0,0.0,0.0,1.0,0,0,0,0.25051726236358474,156,662.3293075026991,-3.6220358445067555,658.7072716581924,18.63724284765969,0.1322492511927114,18.7694920988524,0.0,0.0,0.0,0.0,0,0,0.0,0.0,0.0,1.0,1.0,0.0,0.0,0.0,0.0,0.5,0.25,0.0,-8857.010805493259,269.5781,3892,2515.0,2530.5490999999984,3852.1482000000005,839.6887999999988,0.0,0.0,0.0,0.0,0.0,471,691.7044,2515.0,2530.5490999999984,839.6887999999988,269.5,0.0,69.539,0.015,12.059305520169842,13.437744541484717,18.31640597609562,4.269663814180932,8.663953537765838,19.710635438818574,916.0,942.0,458.0,1884.6666666666674,1208.6666666666667,193.0,174,70,48,38,54,38.0,1919.0,49975.65719999999,3395.7338,32657.845800000003,719,49,0,128,0.5586276021779293,0.7546261449304386,0.5261046015372135,112,13509.892900000008,11359.86579999999,62,8,251.0,0,0,70,0.0,0,0.0,1.6585578516531491e6,0.0,0,0,0,1.5,0,0.0,0,0,0.0,0,0.0,0,0,4597.4179,101.0,6613.9367999999995,4,904.6717,904.6720999999993,7.776983845266098,5120.0,51.015625,1.898307648111979,28,0,0.0,0,961.0548325443821,2612.0,130,7.240227621497218,0,0,0,0.0,0.0,0.0,0.0,0.0,0.0,0.0,0.0,0,0,0,0,174,0.0,0,12,0.0,0,0.0,6111.4767999999995,3485.2959,14164.826848582563,0.0,14164.826848582563,0.0,904.6717,24083.851500000004,42667.51639999999,0.7561727050720208,373,157434.2521117562,128,1.5011235995413929e6,4,0.0,4,3119.0186999999987,2,691.7044,-10311.513199999996,994.3254378940809,1577.8835,2,0,458,458,"F8-3 step 8, full money stock, fee 3 %, matching prices",sumsy,5,8.731149137020111e-11
87,501,4,4,94148.79049999993,0.0,35312.53779999999,2199.4808000000007,11578.344599999997,,11578.344599999997,0.0,0.0,0.0,0.0,0.0,0.0025,824.3514,0.0,0.0,1.0,1266.8313999999998,0.0,0.0,0.0,1.0,0.0,0.0,1.0,0.0,185,10,0.9348958333333334,0.7548885223902968,0.0,0.0,1.0,0.0,1.0,0,0,0,0.2500223954134193,156,571.6543654809209,-3.500384821447454,568.1539806594734,18.326212287296578,0.14694610705700425,18.473158394353582,0.0,0.0,0.0,0.0,0,0,0.0,0.0,0.0,1.0,1.0,0.0,0.0,0.0,0.0,0.5,0.25,0.0,-9055.78638970856,269.5781,3968,2505.0,2519.293400000001,3214.4299999999994,835.9114999999998,0.0,0.0,0.0,0.0,0.0,343,699.0493,2505.0,2519.293400000001,835.9114999999998,268.5,0.0,56.9362,0.015,12.228808961748632,13.576540958605685,18.756817916666666,4.290794865525675,8.53901702145304,19.31894201198849,918.0,915.0,459.0,1876.666666666667,1207.0000000000002,190.99999999999997,172,67,38,48,44,31.0,1923.0,49613.39299999996,3472.9487000000004,32820.312600000005,718,50,0,128,0.5441654226804251,0.7548885223902968,0.5119486304697884,92,13424.766800000001,11189.360199999997,47,3,240.0,0,0,67,0.0,0,0.0,1.4021224114802056e6,0.0,0,0,0,1.5,0,0.0,0,0,0.0,0,0.0,0,0,4501.6363,96.0,6718.735499999999,4,917.4726,917.4749000000004,7.674113738284589,5120.0,51.015625,1.6532703255208334,21,0,0.0,0,443.53629643716533,2612.0,130,7.3663517777401575,0,0,0,0.0,0.0,0.0,0.0,0.0,0.0,0.0,0.0,0,0,0,0,172,0.0,0,12,0.0,0,0.0,6111.4767999999995,3422.833600000001,14517.284036734392,0.0,14517.284036734392,0.0,917.4726,23939.505200000014,43011.99680000001,0.7554122778365755,373,155734.42319091456,128,1.24638798828929e6,4,0.0,4,3127.6507,2,699.0493,-10753.993199999997,994.3254378940809,1232.6935,0,0,459,459,"F8-3 step 8, full money stock, fee 3 %, matching prices",sumsy,5,8.731149137020111e-11
88,500,4,4,94128.891,0.0,35444.92820000002,1877.5230000000001,12045.356399999997,,12045.356399999997,0.0,0.0,0.0,0.0,0.0,0.0025,826.0199,0.0,0.0,1.0,1291.3631999999998,0.0,0.0,0.0,1.0,0.0,0.0,1.0,0.0,179,10,0.93359375,0.7545988805786144,0.0,0.0,1.0,0.0,1.0,0,0,0,0.25049815512556184,156,583.4867003175461,-3.5448071137257693,579.9418932038203,18.159437006058667,0.13847767229801042,18.29791467835668,0.0,0.0,0.0,0.0,0,0,0.0,0.0,0.0,1.0,1.0,0.0,0.0,0.0,0.0,0.5,0.25,0.0,-9241.394764509017,285.49330000000003,4039,2505.0,2524.8995,2972.5173000000013,837.7300999999999,0.0,0.0,0.0,0.0,0.0,423,694.0155,2505.0,2524.8995,837.7300999999999,268.5,0.0,90.3245,0.015,12.283203062301991,13.75641778741868,19.209701401869154,4.3733358536585385,8.544727531636672,20.439830575101606,922.0,947.0,461.0,1868.3333333333337,1200.6666666666667,192.0,171,52,36,34,50,34.0,1932.0,49285.06179999999,3494.0587000000005,33287.1331,717,51,0,128,0.5510256000774656,0.7545988805786144,0.5002368506696002,101,13424.332099999981,11632.193299999986,54,4,214.0,0,0,52,0.0,0,0.0,1.4684551097514876e6,0.0,0,0,0,1.5,0,0.0,0,0,0.0,0,0.0,0,0,4110.876099999999,86.0,6542.602000000001,4,965.3093000000001,965.3088999999995,7.478879351423927,5120.0,51.015625,1.7757717415364584,14,0,0.0,0,307.42643070037536,2612.0,130,7.434303341726264,0,0,0,0.0,0.0,0.0,0.0,0.0,0.0,0.0,0.0,0,0,0,0,171,0.0,0,12,0.0,0,0.0,6111.4767999999995,3382.2050000000004,14260.667242811822,0.0,14260.667242811822,0.0,965.3093000000001,23679.9223,43323.79379999999,0.755397978447538,372,151623.1422564879,128,1.3168319674949984e6,4,0.0,4,3023.1967000000004,2,694.0155,-11219.336499999998,994.3254378940809,1344.4573,1,0,461,461,"F8-3 step 8, full money stock, fee 3 %, matching prices",sumsy,5,8.731149137020111e-11
89,500,4,4,94096.1251000001,0.0,35905.714600000036,2130.2165000000005,12523.196499999996,,12523.196499999996,0.0,0.0,0.0,0.0,0.0,0.0025,828.5347,0.0,0.0,1.0,1303.86,0.0,0.0,0.0,1.0,0.0,0.0,1.0,0.0,177,17,0.9322916666666666,0.7549825036094899,0.0,0.0,0.0,0.0,1.0,0,0,0,0.2500418579699283,156,588.519413962811,-3.5362062956777076,584.9832076671332,18.066409785332596,0.10587816495449759,18.172287950287092,0.0,0.0,0.0,0.0,0,0,0.0,0.0,0.0,1.0,1.0,0.0,0.0,0.0,0.0,0.5,0.25,0.0,-9422.372323953548,285.49330000000003,4109,2500.0,2532.7658999999994,5693.8021000000035,840.3250999999999,0.0,0.0,0.0,0.0,0.0,442,687.2005999999999,2500.0,2532.7658999999994,840.3250999999999,268.0,0.0,102.19229999999999,0.015,12.29068132337246,13.823176645435272,19.542302912621377,4.375990930787591,8.547714293767763,21.041931889273247,942.0,937.0,471.0,1892.6666666666674,1220.0,193.0,171,51,39,28,48,29.0,1940.0,49475.38080000002,3540.8236,33501.3023,716,52,0,128,0.5598843714933066,0.7549825036094899,0.5275581535336082,115,13609.280399999985,11516.368399999996,50,2,206.0,0,0,51,0.0,0,0.0,1.4794546876488063e6,0.0,0,0,0,1.5,0,0.0,0,0,0.0,0,0.0,0,0,4025.714400000004,83.0,6062.8831,4,841.5042,841.504,7.685135069153727,5120.0,51.015625,1.7985946191406252,21,0,0.0,0,348.39876131066274,2612.0,130,7.49973193256658,0,0,0,0.0,0.0,0.0,0.0,0.0,0.0,0.0,0.0,0,0,0,0,171,0.0,0,12,0.0,0,0.0,6111.4767999999995,3708.758599999999,15008.419270410563,0.0,15008.419270410563,0.0,841.5042,24073.46109999999,43105.009,0.755679581250515,372,154770.64234716306,128,1.3246840453016418e6,4,0.0,4,2909.6908999999996,2,687.2005999999999,-11694.661799999996,994.3254378940809,1344.4573,0,0,471,471,"F8-3 step 8, full money stock, fee 3 %, matching prices",sumsy,5,8.731149137020111e-11
90,499,4,4,94064.92959999999,0.0,36563.342500000035,2298.1308000000004,13006.077499999996,,13006.077499999996,0.0,0.0,0.0,0.0,0.0,0.0025,827.957,0.0,0.0,1.0,1311.4157000000002,0.0,0.0,0.0,1.0,0.0,0.0,1.0,0.0,173,10,0.9309895833333334,0.75487097959965,0.0,105.0,0.0,0.0,1.0,0,0,0,0.250725494830062,156,589.4021790092532,-3.484567280949437,585.9176117283039,17.891440044241733,0.12050161915626115,18.011941663397995,0.0,0.0,0.0,0.0,0,0,0.0,0.0,0.0,1.0,1.0,0.0,0.0,0.0,0.0,0.5,0.25,0.0,-9599.23762545455,285.49330000000003,4191,2500.0,2531.1955000000003,5894.8593999999985,839.7882,0.0,0.0,0.0,0.0,0.0,463,685.2519,2500.0,2531.1955000000003,839.7882,268.0,0.0,110.05899999999997,0.015,12.316659036144578,13.737472978723384,19.91463500000001,4.389229736211032,8.603343843031446,20.41067393259505,940.0,913.0,470.0,1905.6666666666672,1222.666666666667,194.0,174,61,40,46,42,28.0,1922.0,49241.319099999935,3546.7311000000004,33627.8011,715,53,0,128,0.5562079218208569,0.75487097959965,0.5301915484411479,115,13681.918500000016,11245.1097,47,5,220.0,0,0,61,0.0,0,0.0,1.480633139375437e6,0.0,0,0,0,1.5,0,0.0,0,0,0.0,0,0.0,0,0,4381.219700000002,88.0,6135.8694,4,852.82,852.8208999999999,7.730584167894494,5120.0,51.015625,1.8231473079427085,28,0,0.0,0,663.8285854912742,2612.0,130,7.5992538143581605,0,0,0,0.0,0.0,0.0,0.0,0.0,0.0,0.0,0.0,0,0,0,0,174,0.0,0,12,0.0,0,0.0,6111.4767999999995,3947.7866999999987,15048.131386283314,0.0,15048.131386283314,0.0,852.82,23490.36480000001,43310.40160000001,0.7554654941647803,371,155244.0633753421,128,1.3253890760000953e6,4,0.0,4,2920.2623999999996,2,685.2519,-12178.120499999995,1053.9849641677258,1344.4573,1,0,470,470,"F8-3 step 8, full money stock, fee 3 %, matching prices",sumsy,5,8.731149137020111e-11
91,499,4,4,94035.29600000002,0.0,37184.11509999996,2306.2965999999997,13478.757299999996,,13478.757299999996,0.0,0.0,0.0,0.0,0.0,0.0025,825.9526,0.0,0.0,1.0,1300.6368,0.0,0.0,0.0,1.0,0.0,0.0,1.0,0.0,182,10,0.9296875,0.7549396206113537,0.0,101.0,0.0,0.0,1.0,0,0,0,0.2500882265752561,156,586.6865175715006,-3.442131902457119,583.2443856690435,17.52971137435858,0.1424512113919173,17.6721625857505,0.0,0.0,0.0,0.0,0,0,0.0,0.0,0.0,1.0,1.0,0.0,0.0,0.0,0.0,0.5,0.25,0.0,-9782.691053625475,285.49330000000003,4254,2495.0,2524.633600000001,5396.682900000002,837.6464000000009,0.0,0.0,0.0,0.0,0.0,437,685.5546,2495.0,2524.633600000001,837.6464000000009,267.5,0.0,79.98010000000001,0.015,12.320732537960957,13.731175877193,20.533590047393368,4.385429601990052,8.549214548740741,20.121875976910314,912.0,922.0,456.0,1868.3333333333342,1191.0,192.0,176,65,45,37,47,32.0,1913.0,49229.29200000007,3563.5791000000004,33171.1449,714,54,0,128,0.5406505971003863,0.7549396206113537,0.514426605256042,106,13301.491700000015,11359.715400000003,52,5,211.0,0,0,65,0.0,0,0.0,1.4766203255194365e6,0.0,0,0,0,1.5,0,0.0,0,0,0.0,0,0.0,0,0,4332.587500000001,85.0,6559.7728,4,958.9204,958.9206000000003,7.698703926097591,5120.0,51.015625,1.8487046223958332,11,0,0.0,0,434.2951518887389,2612.0,130,7.744377960568474,0,0,0,0.0,0.0,0.0,0.0,0.0,0.0,0.0,0.0,0,0,0,0,176,0.0,0,12,0.0,0,0.0,6111.4767999999995,3995.0625999999997,14332.969609443859,0.0,14332.969609443859,0.0,958.9204,23863.91390000001,43294.49679999999,0.7552274181083578,371,154500.78127319613,128,1.32211954424624e6,4,0.0,4,3632.5233000000007,2,685.5546,-12652.804699999995,1117.2240620177895,1344.4573,0,0,456,456,"F8-3 step 8, full money stock, fee 3 %, matching prices",sumsy,5,8.731149137020111e-11
92,499,4,4,94001.42199999998,0.0,37250.12170000001,1752.6649999999997,13947.097099999997,,13947.097099999997,0.0,0.0,0.0,0.0,0.0,0.0025,827.2857,0.0,0.0,1.0,1294.2924000000005,0.0,0.0,0.0,1.0,0.0,0.0,1.0,0.0,179,11,0.9283854166666666,0.7546870814881512,0.0,102.0,1.0,0.0,1.0,0,0,0,0.25000352906301027,156,580.4269628705116,-3.4138979862118726,577.0130648842998,17.300361512049847,0.12531154257614585,17.425673054625992,0.0,0.0,0.0,0.0,0,0,0.0,0.0,0.0,1.0,1.0,0.0,0.0,0.0,0.0,0.5,0.25,0.0,-9963.658679429931,285.49330000000003,4333,2495.0,2528.8740000000016,4053.4455999999996,839.0402000000005,0.0,0.0,0.0,0.0,0.0,472,682.685,2495.0,2528.8740000000016,839.0402000000005,267.5,0.0,85.7316,0.015,12.349453470715837,13.731878043478218,20.91801469194311,4.384318271604939,8.54520688907581,20.15127027336121,920.0,922.0,460.0,1871.3333333333333,1197.9999999999998,191.0,174,56,42,33,48,25.0,1924.0,48777.64179999998,3531.7246999999998,33400.0937,713,55,0,128,0.5429863539847049,0.7546870814881512,0.4978569640496582,113,13378.077100000031,11386.196100000001,52,4,211.0,0,0,56,0.0,0,0.0,1.4696848221866237e6,0.0,0,0,0,1.5,0,0.0,0,0,0.0,0,0.0,0,0,4413.701099999997,85.0,6781.9911,4,992.1496999999999,992.1484999999993,7.43590272601923,5120.0,51.015625,1.8953476399739584,14,0,0.0,0,434.7100580763571,2612.0,130,7.8455124737984265,0,0,0,0.0,0.0,0.0,0.0,0.0,0.0,0.0,0.0,0,0,0,0,174,0.0,0,12,0.0,0,0.0,6111.4767999999995,3900.3238000000006,14504.113424955634,0.0,14504.113424955634,0.0,992.1496999999999,24085.876300000018,43713.8095,0.754959303644186,371,149804.33882430563,128,1.319880483362316e6,4,0.0,4,3542.4159,2,682.685,-13119.811399999997,1184.257505738857,1360.0989,0,0,460,460,"F8-3 step 8, full money stock, fee 3 %, matching prices",sumsy,5,8.731149137020111e-11
93,497,4,4,93968.80100000004,0.0,37236.90699999999,1834.369,14423.913699999997,,14423.913699999997,0.0,0.0,0.0,0.0,0.0,0.0025,826.6995,0.0,0.0,1.0,1304.1022999999996,0.0,0.0,0.0,1.0,0.0,0.0,1.0,0.0,173,10,0.9270833333333334,0.7540350612780431,0.0,102.0,1.0,0.0,1.0,0,0,0,0.2501222272521503,156,585.157732710412,-3.2095738563645497,581.9481588540475,17.44660996625554,0.12522392214903094,17.571833888404573,0.0,0.0,0.0,0.0,0,0,0.0,0.0,0.0,1.0,1.0,0.0,0.0,0.0,0.0,0.5,0.25,0.0,-10145.306067611758,399.63870000000003,4412,2495.0,2527.6210000000005,6494.976500000002,838.5804000000002,0.0,0.0,0.0,0.0,0.0,454,685.3604,2495.0,2527.6210000000005,838.5804000000002,267.5,0.0,116.94019999999998,0.015,12.417782021276583,13.635656250000025,21.29386844660195,4.3865071078431335,8.677665300006307,21.698941241961844,928.0,940.0,464.0,1881.666666666667,1201.6666666666667,192.0,174,55,38,46,52,41.0,1922.0,48380.13279999996,3507.1247000000003,33826.4168,712,56,0,128,0.5467749340515811,0.7540350612780431,0.5316052517910206,112,13607.77359999999,11672.715099999989,59,7,206.0,0,0,55,0.0,0,0.0,1.4792004059283405e6,0.0,0,0,0,1.5,0,0.0,0,0,0.0,0,0.0,0,0,4386.536900000002,83.0,6743.0668,4,1011.0738,1011.0741,7.621387725070647,5120.0,51.015625,1.927307330729166,20,0,0.0,0,653.2685177634637,2612.0,130,7.931043935289639,0,0,0,0.0,0.0,0.0,0.0,0.0,0.0,0.0,0.0,0,0,0,0,174,0.0,0,12,0.0,0,0.0,6111.4767999999995,3888.5376,14623.295380196405,0.0,14623.295380196405,0.0,1011.0738,23715.769600000003,44076.6083,0.754284874414535,369,152825.04883602308,128,1.326375357092317e6,4,0.0,4,3423.2104999999992,2,685.3604,-13597.214199999997,1255.3129560831885,1360.0989,2,0,464,464,"F8-3 step 8, full money stock, fee 3 %, matching prices",sumsy,5,8.731149137020111e-11
94,497,4,4,93930.2835999998,0.0,37577.70660000003,2077.3584,14908.530799999997,,14908.530799999997,0.0,0.0,0.0,0.0,0.0,0.0025,825.6196,0.0,0.0,1.0,1311.3165999999999,0.0,0.0,0.0,1.0,0.0,0.0,1.0,0.0,167,13,0.92578125,0.7537485957579586,0.0,0.0,0.0,0.0,1.0,0,0,0,0.25103810648360575,156,588.5318475070757,-3.177859454481163,585.3539880525946,17.18556362435336,0.15105435067116493,17.336617975024527,0.0,0.0,0.0,0.0,0,0,0.0,0.0,0.0,1.0,1.0,0.0,0.0,0.0,0.0,0.5,0.25,0.0,-10328.427938766876,399.63870000000003,4481,2485.0,2523.517399999998,6472.377600000001,837.2853000000001,0.0,0.0,0.0,0.0,0.0,402,683.982,2485.0,2523.517399999998,837.2853000000001,266.5,0.0,69.6348,0.015,12.469498308906436,13.796302832243947,21.683462886597948,4.415109701492542,8.875441244913311,24.180514729821027,918.0,887.0,459.0,1866.333333333334,1190.0,192.0,177,65,47,35,34,29.0,1905.0,49034.83119999996,3549.1295999999998,33097.2177,711,57,0,128,0.5368118079118158,0.7537485957579586,0.5396150337401668,109,13686.97850000002,11060.445000000009,42,8,194.0,0,0,65,0.0,0,0.0,1.490555618627913e6,0.0,0,0,0,1.5,0,0.0,0,0,0.0,0,0.0,0,0,4206.591800000002,78.0,6739.5035,4,985.4609,985.4609999999996,7.826590768683431,5120.0,51.015625,1.942119161783854,20,0,0.0,0,580.3649947577767,2612.0,130,7.992565175419905,0,0,0,0.0,0.0,0.0,0.0,0.0,0.0,0.0,0.0,0,0,0,0,177,0.0,0,12,0.0,0,0.0,6111.4767999999995,3996.993599999999,14868.919975710844,0.0,14868.919975710844,0.0,985.4609,23731.125600000018,43385.8508,0.7537468972023398,369,157476.37793539048,128,1.3330792406925203e6,4,0.0,4,3990.6769000000004,2,683.982,-14082.911199999997,1255.3129560831885,1360.0989,0,0,459,459,"F8-3 step 8, full money stock, fee 3 %, matching prices",sumsy,5,8.731149137020111e-11
95,497,4,4,93890.80299999996,0.0,38267.60419999995,2386.0639,15385.973899999997,,15385.973899999997,0.0,0.0,0.0,0.0,0.0,0.0025,825.2924,0.0,0.0,1.0,1303.0627000000006,0.0,0.0,0.0,1.0,0.0,0.0,1.0,0.0,167,17,0.92578125,0.7540066041963494,0.0,0.0,0.0,0.0,1.0,0,0,0,0.25110004526935265,156,580.7264378901497,-3.370183704181881,577.3562541859677,16.459238849521864,0.07687759172438353,16.53611644124625,0.0,0.0,0.0,0.0,0,0,0.0,0.0,0.0,1.0,1.0,0.0,0.0,0.0,0.0,0.5,0.25,0.0,-10503.769461022517,399.63870000000003,4550,2485.0,2524.4805999999962,7971.0216,837.4429000000009,0.0,0.0,0.0,0.0,0.0,434,678.8725,2485.0,2524.4805999999962,837.4429000000009,266.5,0.0,76.0012,0.015,12.549804361702131,14.021348337028792,22.14344801980197,4.42870583756346,8.966162416976486,23.81336056477023,902.0,940.0,451.0,1865.3333333333335,1175.0,190.0,179,62,38,40,55,36.0,1914.0,47875.016900000075,4940.6624,33262.0465,711,57,0,128,0.5305303297641353,0.7540066041963494,0.5222109079948729,97,13665.023899999984,11796.816100000004,58,3,202.0,0,0,62,0.0,0,0.0,1.4788139931307374e6,0.0,0,0,0,1.5,0,0.0,0,0,0.0,0,0.0,0,0,4472.976499999998,81.0,6308.9123,4,932.0164,932.0171000000003,7.671816266776294,5120.0,51.015625,1.9641382991536458,5,0,0.0,0,155.60678927934094,2612.0,130,8.100040503645001,0,0,0,0.0,0.0,0.0,0.0,0.0,0.0,0.0,0.0,0,0,0,0,179,0.0,0,12,0.0,0,0.0,6111.4767999999995,4169.1063,13054.251640411956,0.0,13054.251640411956,0.0,932.0164,23206.804399999986,44511.6212,0.7537024784947453,369,154219.50083256353,128,1.324594492298172e6,4,0.0,4,4385.3377,2,678.8725,-14560.681499999997,1255.3129560831885,1360.0989,0,0,451,451,"F8-3 step 8, full money stock, fee 3 %, matching prices",sumsy,5,8.731149137020111e-11
96,497,4,4,93855.51499999996,0.0,38486.1143,1972.4218999999996,15879.039899999996,,15879.039899999996,0.0,0.0,0.0,0.0,0.0,0.0025,824.0032,0.0,0.0,1.0,1318.3584000000003,0.0,0.0,0.0,1.0,0.0,0.0,1.0,0.0,169,9,0.9244791666666666,0.7544841810968392,0.0,0.0,1.0,0.0,1.0,0,0,0,0.25153332689614005,156,589.7129418902024,-3.332419677204258,586.3805222129981,16.264601432584843,0.12722851719287204,16.391829949777712,0.0,0.0,0.0,0.0,0,0,0.0,0.0,0.0,1.0,1.0,0.0,0.0,0.0,0.0,0.5,0.25,0.0,-10682.529170195716,399.63870000000003,4621,2485.0,2520.2879999999996,4181.744100000001,836.0729999999999,0.0,0.0,0.0,0.0,0.0,421,682.7289000000001,2485.0,2520.2879999999996,836.0729999999999,266.5,0.0,59.8616,0.015,12.603960022396421,14.054226394849827,22.675208629441627,4.467112009803924,8.820461391082617,23.098959747827124,932.0,893.0,466.0,1870.0000000000002,1204.0000000000002,191.0,172,68,56,23,37,33.0,1901.0,47734.17660000006,4705.1981,33235.4994,710,58,0,128,0.5232952465314169,0.7544841810968392,0.4970423651886826,103,13834.742499999984,11255.336300000004,42,5,197.0,0,0,68,0.0,0,0.0,1.4998242644641716e6,0.0,0,0,0,1.5,0,0.0,0,0,0.0,0,0.0,0,0,4467.016100000001,79.0,6673.908800000001,4,875.1765,875.1764,8.03464531679966,5120.0,51.015625,1.9916475537109377,11,0,0.0,0,303.43184951601705,2612.0,130,8.192615465408684,0,0,0,0.0,0.0,0.0,0.0,0.0,0.0,0.0,0.0,0,0,0,0,172,0.0,0,12,0.0,0,0.0,6111.4767999999995,4195.024699999997,14883.98986224068,0.0,14883.98986224068,0.0,875.1765,23300.312900000008,44614.6063,0.7542009064113182,369,160217.54712933183,128,1.3396067173348395e6,4,0.0,4,4217.495000000001,2,682.7289000000001,-15055.036699999997,1255.3129560831885,1360.0989,0,0,466,466,"F8-3 step 8, full money stock, fee 3 %, matching prices",sumsy,5,8.731149137020111e-11
97,497,4,4,93821.8041000001,0.0,39868.918600000026,3132.4386000000004,16372.149899999997,,16372.149899999997,0.0,0.0,0.0,0.0,0.0,0.0025,822.9772,0.0,0.0,1.0,1317.1131999999989,0.0,0.0,0.0,1.0,0.0,0.0,1.0,0.0,158,14,0.9231770833333334,0.7536433824433235,0.0,99.0,0.0,0.0,1.0,0,0,0,0.2513218252326549,156,569.168135367429,-3.44038087418143,565.7277544932477,15.747271067768976,0.09633845218822999,15.843609519957207,0.0,0.0,0.0,0.0,0,0,0.0,0.0,0.0,1.0,1.0,0.0,0.0,0.0,0.0,0.5,0.25,0.0,-10856.053027199176,399.63870000000003,4694,2485.0,2518.7109000000005,6787.872300000001,835.4213000000005,0.0,0.0,0.0,0.0,0.0,418,678.4068,2485.0,2518.7109000000005,835.4213000000005,266.5,0.0,165.5584,0.015,12.71577974413646,14.251393541202656,23.38106166666667,4.480612564102566,8.92936946845133,25.140027609872593,898.0,938.0,449.0,1875.0000000000002,1162.0000000000002,190.0,181,53,40,27,52,32.0,1915.0,47209.895300000004,5409.706300000001,33733.0312,709,59,0,128,0.5087733556381488,0.7536433824433235,0.5110856833648556,98,13533.002799999995,11927.4014,56,4,180.0,0,0,53,0.0,0,0.0,1.4655850669162066e6,0.0,0,0,0,1.5,0,0.0,0,0,0.0,0,0.0,0,0,4208.591100000001,72.0,5967.7873,4,959.7327,959.7317000000005,7.502924098571088,5120.0,51.015625,2.00676701171875,17,0,0.0,0,433.79256051649395,2612.0,130,8.203253365814172,0,0,0,0.0,0.0,0.0,0.0,0.0,0.0,0.0,0.0,0,0,0,0,181,0.0,0,12,0.0,0,0.0,6111.4767999999995,4280.6917,12645.257967067471,0.0,12645.257967067471,0.0,959.7327,22245.394299999996,45110.5248,0.7531586560556718,369,149928.53794311365,128,1.3156565289730937e6,4,0.0,4,4165.105,2,678.4068,-15549.172699999997,1330.6317334481798,1360.0989,0,0,449,449,"F8-3 step 8, full money stock, fee 3 %, matching prices",sumsy,5,8.731149137020111e-11
98,497,4,4,93792.16600000014,0.0,40453.484599999996,2390.1211000000017,16884.964599999996,,16884.964599999996,0.0,0.0,0.0,0.0,0.0,0.0025,821.4956,0.0,0.0,1.0,1335.7918999999993,0.0,0.0,0.0,1.0,0.0,0.0,1.0,0.0,153,8,0.921875,0.7539764110320186,0.0,0.0,1.0,0.0,1.0,0,0,0,0.2502791069990722,156,580.0496600355135,-3.4443405659174013,576.6053194695962,15.336686457621857,0.1463763951131887,15.483062852735046,0.0,0.0,0.0,0.0,0,0,0.0,0.0,0.0,1.0,1.0,0.0,0.0,0.0,0.0,0.5,0.25,0.0,-11038.522962123103,399.63870000000003,4759,2485.0,2514.638099999999,5982.641399999998,834.0332999999997,0.0,0.0,0.0,0.0,0.0,422,680.2896000000001,2485.0,2514.638099999999,834.0332999999997,266.5,0.0,116.0036,0.015,12.829565906623245,14.311923880597051,24.435470481927705,4.556860880195599,8.930857341781998,27.0906026617947,938.0,921.0,469.0,1883.6666666666672,1198.0000000000002,191.0,175,49,39,32,41,28.0,1927.0,47106.28539999997,5101.6993999999995,34338.7937,708,60,0,128,0.501734681012934,0.7539764110320186,0.502126717637231,100,13979.083900000007,11816.030200000008,48,7,166.0,0,0,49,0.0,0,0.0,1.495758018545922e6,0.0,0,0,0,1.5,0,0.0,0,0,0.0,0,0.0,0,0,4056.2880999999993,67.0,5743.6023000000005,4,830.1220000000001,830.1236999999999,7.95470759352083,5120.0,51.015625,2.034741806640625,24,0,0.0,0,799.0788760375109,2612.0,130,8.174362366086191,0,0,0,0.0,0.0,0.0,0.0,0.0,0.0,0.0,0.0,0,0,0,0,175,0.0,0,12,0.0,0,0.0,6111.4767999999995,4412.973300000001,14215.190436191882,0.0,14215.190436191882,0.0,830.1220000000001,21981.499799999998,45184.095400000006,0.7534915403818985,369,158427.5669658895,128,1.3373304515800315e6,4,0.0,4,3994.255800000001,2,680.2896000000001,-16063.468999999996,1330.6317334481798,1365.3309,0,0,469,469,"F8-3 step 8, full money stock, fee 3 %, matching prices",sumsy,5,8.731149137020111e-11
99,497,4,4,93763.36099999984,0.0,40520.83369999999,1907.2317999999998,17418.269199999995,,17418.269199999995,0.0,0.0,0.0,0.0,0.0,0.0025,821.2749,0.0,0.0,1.0,1354.8002,0.0,0.0,0.0,1.0,0.0,0.0,1.0,0.0,156,12,0.9205729166666666,0.7536264640561094,0.0,0.0,1.0,0.0,1.0,0,0,0,0.2500215396173875,156,594.6632349892875,-3.20792654245247,591.455308446835,14.967343976998288,0.1379363894990721,15.105280366497361,0.0,0.0,0.0,0.0,0,0,0.0,0.0,0.0,1.0,1.0,0.0,0.0,0.0,0.0,0.5,0.25,0.0,-11225.287432433386,399.63870000000003,4833,2485.0,2513.805000000004,3119.8100000000004,833.7702999999995,0.0,0.0,0.0,0.0,0.0,413,684.4029,2485.0,2513.805000000004,833.7702999999995,266.5,0.0,157.14730000000003,0.015,12.845995927116844,14.329312526997791,25.137903246753247,4.5911087064676614,8.82525236300572,26.650174512369876,926.0,933.0,463.0,1888.000000000001,1182.0,192.0,183,57,42,28,42,37.0,1919.0,46996.453299999914,4582.4798,34718.4227,707,61,0,128,0.5039588020878303,0.7536264640561094,0.5285138572729846,99,13696.56320000002,11985.314200000015,47,5,154.0,0,0,57,0.0,0,0.0,1.5655878659557304e6,0.0,0,0,0,1.5,0,0.0,0,0,0.0,0,0.0,0,0,3871.2371,62.0,5960.3274,4,936.4817,936.4813999999998,7.8030709774695834,5120.0,51.015625,2.175680087890625,9,0,0.0,0,337.00235604399086,2612.0,130,8.197622663091094,0,0,0,0.0,0.0,0.0,0.0,0.0,0.0,0.0,0.0,0,0,0,0,183,0.0,0,12,0.0,0,0.0,6111.4767999999995,4521.917499999999,14432.120632047656,0.0,14432.120632047656,0.0,936.4817,21345.966300000004,45261.22989999999,0.753513884634422,369,156194.40731786386,128,1.409393458637867e6,4,0.0,4,3831.2626999999993,2,684.4029,-16596.994299999995,1330.6317334481798,1478.9343,0,0,463,463,"F8-3 step 8, full money stock, fee 3 %, matching prices",sumsy,5,8.731149137020111e-11
100,497,4,4,93733.13799999989,0.0,40583.39649999999,1818.0253999999995,17946.466599999996,,17946.466599999996,0.0,0.0,0.0,0.0,0.0,0.0025,821.4137,0.0,0.0,1.0,1349.4722999999992,0.0,0.0,0.0,1.0,0.0,0.0,1.0,0.0,157,14,0.9205729166666666,0.753544279513533,0.0,100.0,0.0,0.0,1.0,0,0,0,0.2500387775424155,156,595.073130820043,-3.0499263134044456,592.0232045066386,14.002380587736262,0.10514591532360483,14.107526503059868,0.0,0.0,0.0,0.0,0,0,0.0,0.0,0.0,1.0,1.0,0.0,0.0,0.0,0.0,0.5,0.25,0.0,-11405.791573683351,399.63870000000003,4917,2485.0,2515.2229999999986,4577.252999999999,834.1586000000003,0.0,0.0,0.0,0.0,0.0,429,682.3755,2485.0,2515.2229999999986,834.1586000000003,266.5,0.0,173.63580000000002,0.015,12.816145266594146,14.18334545454543,25.553032926829264,4.5906551122194506,8.997733704263434,27.241628711118263,924.0,919.0,462.0,1886.6666666666672,1183.0,191.0,179,58,46,24,45,33.0,1911.0,45867.123999999974,5904.294599999999,34197.0718,707,61,0,128,0.4885930886421781,0.753544279513533,0.5148468079176651,96,13937.83760000002,11778.03750000002,51,6,164.0,0,0,58,0.0,0,0.0,1.5663915595077462e6,0.0,0,0,0,1.5,0,0.0,0,0,0.0,0,0.0,0,0,4190.697399999999,66.0,6260.8584,4,922.6723,922.6723000000004,7.842454199344856,5120.0,51.015625,2.197377459309896,19,0,0.0,0,656.2651581171274,2612.0,130,8.204655913722933,0,0,0,0.0,0.0,0.0,0.0,0.0,0.0,0.0,0.0,0,0,0,0,179,0.0,0,12,0.0,0,0.0,6111.4767999999995,4670.735900000002,12961.21972934132,0.0,12961.21972934132,0.0,922.6723,20633.534099999986,46362.224799999996,0.7532244416378366,369,156288.56820178195,128,1.410102991305966e6,4,0.0,4,4525.533100000001,2,682.3755,-17125.052899999995,1410.4696374550706,1478.9343,0,0,462,462,"F8-3 step 8, full money stock, fee 3 %, matching prices",sumsy,5,8.731149137020111e-11
101,497,4,4,93712.77750000005,0.0,42040.59380000001,3204.4173000000005,18471.388,,18471.388,0.0,0.0,0.0,0.0,0.0,0.0025,817.7614,0.0,0.0,1.0,1346.335100000001,0.0,0.0,0.0,1.0,0.0,0.0,1.0,0.0,152,12,0.9192708333333334,0.7539113401702533,0.0,0.0,0.0,0.0,1.0,0,0,0,0.2502299480221068,156,603.5646761008991,-2.7729677887338986,600.7917083121653,13.812029929264508,0.1540024678984081,13.966032397162916,0.0,0.0,0.0,0.0,0,0,0.0,0.0,0.0,1.0,1.0,0.0,0.0,0.0,0.0,0.5,0.25,0.0,-11596.073623026065,399.63870000000003,4993,2485.0,2505.360500000003,4600.497500000002,830.7805000000002,0.0,0.0,0.0,0.0,0.0,334,687.7831,2485.0,2505.360500000003,830.7805000000002,266.5,0.0,208.93519999999995,0.015,12.886108626198086,14.29819956616051,26.204490259740265,4.577839097744362,8.932597898829524,27.92965095760609,922.0,939.0,461.0,1883.6666666666663,1177.0,191.0,181,55,41,31,53,38.0,1920.0,45658.880600000004,6339.3742,34634.1137,706,62,0,128,0.47800945436263076,0.7539113401702533,0.5035960525599095,88,13809.012599999987,12100.056000000002,59,6,154.0,0,0,55,0.0,0,0.0,1.577877263776901e6,0.0,0,0,0,1.5,0,0.0,0,0,0.0,0,0.0,0,0,4035.491500000001,62.0,5574.8645,4,905.7047,905.7055999999995,8.047820741811563,5120.0,51.015625,2.2070489534505207,30,0,0.0,0,694.2889791055376,2612.0,130,8.14313068002374,0,0,0,0.0,0.0,0.0,0.0,0.0,0.0,0.0,0.0,0,0,0,0,181,0.0,0,12,0.0,0,0.0,6111.4767999999995,4796.0865,12557.715042984886,0.0,12557.715042984886,0.0,905.7047,19805.003399999994,46548.3524,0.7534329290873105,369,158791.1660327135,128,1.419086097744189e6,4,0.0,4,4452.9488,2,687.7831,-17653.6266,1410.4696374550706,1478.9343,0,0,461,461,"F8-3 step 8, full money stock, fee 3 %, matching prices",sumsy,5,8.731149137020111e-11
102,497,4,4,93679.27510000013,0.0,43606.31210000004,3267.2998000000002,19014.3978,,19014.3978,0.0,0.0,0.0,0.0,0.0,0.0025,821.877,0.0,0.0,1.0,1360.7711999999997,0.0,0.0,0.0,1.0,0.0,0.0,1.0,0.0,144,18,0.91796875,0.7540953744868835,0.0,203.0,2.0,0.0,1.0,0,0,0,0.25046874999999996,156,643.6218739761845,-2.8558294103762827,640.7660445658082,13.287313258550206,0.0986449080070373,13.385958166557245,0.0,0.0,0.0,0.0,0,0,0.0,0.0,0.0,1.0,1.0,0.0,0.0,0.0,0.0,0.5,0.25,0.0,-11783.352938542854,399.63870000000003,5071,2485.0,2518.502399999996,6035.095799999996,835.0945999999986,0.0,0.0,0.0,0.0,0.0,432,686.3583,2485.0,2518.502399999996,835.0945999999986,266.5,0.0,204.58310000000003,0.015,12.929968854166685,14.25027901498932,26.756691666666676,4.590571287128713,8.958269705671565,29.65601411635555,934.0,960.0,467.0,1883.6666666666677,1185.9999999999998,192.0,179,43,36,19,53,42.0,1930.0,44767.234500000035,6293.132699999999,35316.968,705,63,0,128,0.486902031226941,0.7540953744868835,0.5418069394465785,109,13961.629599999986,12412.770100000018,56,3,144.0,0,0,43,0.0,0,0.0,1.7061527599876195e6,0.0,0,0,0,1.5,0,0.0,0,0,0.0,0,0.0,0,0,3852.9636000000014,58.0,5793.7046,4,969.2219,969.2216999999999,8.178390860801107,5120.0,51.015625,2.404072915039062,31,0,0.0,0,631.3360795661466,2612.0,130,8.085553760741554,0,0,0,0.0,0.0,0.0,0.0,0.0,0.0,0.0,0.0,0,0,0,0,179,0.0,0,12,0.0,0,0.0,6111.4767999999995,4908.218599999998,12634.989532200016,0.0,12634.989532200016,0.0,969.2219,20038.458899999994,47403.80530000001,0.7541456833578963,369,161043.74324817426,128,1.5451090167394462e6,4,0.0,4,4325.1075,2,686.3583,-18192.5208,1495.0978157023749,1650.4456,0,0,467,467,"F8-3 step 8, full money stock, fee 3 %, matching prices",sumsy,5,8.731149137020111e-11
103,497,4,4,93645.42609999984,0.0,45076.03359999997,3256.2772000000014,19565.0356,,19565.0356,0.0,0.0,0.0,0.0,0.0,0.0025,821.9413,0.0,0.0,1.0,1372.5148000000002,0.0,0.0,0.0,1.0,0.0,0.0,1.0,0.0,152,14,0.9166666666666666,0.7543153345604414,0.0,0.0,0.0,0.0,1.0,0,0,0,0.3014770010176905,156,629.3907178316418,-2.957353991434994,626.4333638402069,13.177495933804474,0.08718969184807496,13.264685625652548,0.0,0.0,0.0,0.0,0,0,0.0,0.0,0.0,1.0,1.0,0.0,0.0,0.0,0.0,0.5,0.25,0.0,-11982.677572670671,399.63870000000003,5149,2485.0,2518.8490000000006,7200.4396000000015,835.1975000000009,0.0,0.0,0.0,0.0,0.0,422,693.7733000000001,2485.0,2518.8490000000006,835.1975000000009,266.5,0.0,211.0007,0.015,12.916054604550375,14.487910878661072,27.19076959459458,4.587818357487921,9.037037897497797,29.884512619693663,956.0,923.0,478.0,1907.333333333334,1211.0,193.0,177,56,43,33,56,34.0,1920.0,44533.49129999997,6575.650099999999,35150.549100000004,704,64,0,128,0.4902874469877814,0.7543153345604414,0.5187102335058711,107,14331.677800000009,11921.518399999995,60,4,148.0,0,0,56,0.0,0,0.0,1.6825894493558013e6,0.0,0,0,0,1.5,0,0.0,0,0,0.0,0,0.0,0,0,4024.233899999998,60.0,5870.021,4,975.0722000000001,975.0733999999998,7.801067855725946,5120.0,51.015625,2.417654752604167,9,0,0.0,0,241.17563271379572,2612.0,130,7.860348637257476,0,0,0,0.0,0.0,0.0,0.0,0.0,0.0,0.0,0.0,0,0,0,0,177,0.0,0,12,0.0,0,0.0,6111.4767999999995,4988.5213,14086.663376951536,0.0,14086.663376951536,0.0,975.0722000000001,20218.450800000002,47596.2202,0.7543390581609657,369,153840.21959562058,128,1.5287492297601816e6,4,0.0,4,4200.685600000001,2,693.7733000000001,-18743.0943,1495.0978157023749,1650.4456,0,0,478,478,"F8-3 step 8, full money stock, fee 3 %, matching prices",sumsy,5,8.731149137020111e-11
104,497,4,4,93620.86650000003,0.0,46742.2856,3577.4791000000005,20107.0285,,20107.0285,0.0,0.0,0.0,0.0,0.0,0.0025,819.0495,0.0,0.0,1.0,1363.9341999999988,0.0,0.0,0.0,1.0,0.0,0.0,1.0,0.0,143,11,0.9153645833333334,0.7535914983610823,0.0,0.0,1.0,0.0,1.0,0,0,0,0.25081639465829675,156,690.4168804553932,-2.937783414652953,687.4790970407402,12.508613035987096,0.147951836571422,12.65656487255852,0.0,0.0,0.0,0.0,0,0,0.0,0.0,0.0,1.0,1.0,0.0,0.0,0.0,0.0,0.5,0.25,0.0,-12195.00886158472,399.63870000000003,5222,2485.0,2509.5595999999973,7181.857900000001,832.1521,0.0,0.0,0.0,0.0,0.0,393,704.0812000000001,2485.0,2509.5595999999973,832.1521,266.5,0.0,173.04290000000003,0.015,12.952389456159827,14.426347741935507,27.156487662337664,4.603840499999999,9.14731174781379,29.996337959163952,930.0,901.0,465.0,1881.333333333334,1186.0000000000002,192.0,178,62,48,30,39,28.0,1908.0,44431.914500000035,5622.502599999999,35601.763699999996,703,65,0,128,0.4708812777906901,0.7535914983610823,0.5331520473484139,107,14190.349400000005,11670.102900000004,44,5,154.0,0,0,62,0.0,0,0.0,1.8726863414880866e6,0.0,0,0,0,1.5,0,0.0,0,0,0.0,0,0.0,0,0,4182.0991,62.0,6441.555,4,1032.9919,1032.9904,7.938651332813881,5120.0,51.015625,2.706413922526041,16,0,0.0,0,455.98692510751323,2612.0,130,7.69112493516863,0,0,0,0.0,0.0,0.0,0.0,0.0,0.0,0.0,0.0,0,0,0,0,178,0.0,0,12,0.0,0,0.0,6111.4767999999995,5154.566100000002,13685.282549808362,0.0,13685.282549808362,0.0,1032.9919,19880.929799999998,47665.8213,0.7541310063502411,369,158036.01600702683,128,1.7146503254810572e6,4,0.0,4,4656.569499999998,2,704.0812000000001,-19287.979,1495.0978157023749,1909.5643,0,0,465,465,"F8-3 step 8, full money stock, fee 3 %, matching prices",sumsy,5,8.731149137020111e-11
105,497,4,4,93597.31249999994,0.0,47186.91389999993,2340.001,20641.5054,,20641.5054,0.0,0.0,0.0,0.0,0.0,0.0025,819.0261,0.0,0.0,1.0,1353.5264000000009,0.0,0.0,0.0,1.0,0.0,0.0,1.0,0.0,143,11,0.9140625,0.7537244110906192,0.0,0.0,1.0,0.0,1.0,0,0,0,0.25014469158342,156,694.660941994635,-3.080898712555481,691.5800432820795,12.627590187401001,0.1252781199555661,12.752868307356566,0.0,0.0,0.0,0.0,0,0,0.0,0.0,0.0,1.0,1.0,0.0,0.0,0.0,0.0,0.5,0.25,0.0,-12411.222300565512,399.63870000000003,5295,2485.0,2508.553999999997,5051.114099999999,831.8947999999993,0.0,0.0,0.0,0.0,0.0,454,710.5328999999999,2485.0,2508.553999999997,831.8947999999993,266.5,0.0,111.53689999999999,0.015,13.106924728850322,14.63119118942733,27.19976689189189,4.614314948453611,9.184015314513255,30.419719785995696,908.0,922.0,454.0,1873.0000000000002,1160.0,190.0,185,61,41,36,43,31.0,1906.0,44809.07270000003,4953.4836000000005,35515.9105,702,66,0,128,0.46991400775893566,0.7537244110906192,0.544481711949957,98,13932.166100000006,12084.584599999996,48,5,148.0,0,0,61,0.0,0,0.0,1.897584828935286e6,0.0,0,0,0,1.5,0,0.0,0,0,0.0,0,0.0,0,0,4025.5654999999997,60.0,6789.286700000001,4,1146.0081,1146.0069000000005,7.6947520497279625,5120.0,51.015625,2.7997830273437505,42,0,0.0,0,781.0886910906802,2612.0,130,7.691280184611242,0,0,0,0.0,0.0,0.0,0.0,0.0,0.0,0.0,0.0,0,0,0,0,185,0.0,0,12,0.0,0,0.0,6111.4767999999995,5224.2444,13775.58576152238,0.0,13775.58576152238,0.0,1146.0081,19756.059900000007,47258.680799999995,0.7543263755673846,369,152540.6879782364,128,1.74504414095705e6,4,0.0,4,4973.394000000001,2,710.5328999999999,-19822.4793,1495.0978157023749,1968.3929,0,0,454,454,"F8-3 step 8, full money stock, fee 3 %, matching prices",sumsy,5,8.731149137020111e-11
106,496,4,4,93581.62620000003,0.0,48541.339900000086,3312.2843000000007,21192.1514,,21192.1514,0.0,0.0,0.0,0.0,0.0,0.0025,816.3228,0.0,0.0,1.0,1369.6720999999998,0.0,0.0,0.0,1.0,0.0,0.0,1.0,0.0,137,7,0.9127604166666666,0.7532381292242878,0.0,0.0,0.0,0.0,1.0,0,0,0,0.33832345679012343,156,703.0552416425892,-3.0137884986133496,700.0414531439759,12.287032948737027,0.16795564524410714,12.454988593981133,0.0,0.0,0.0,0.0,0,0,0.0,0.0,0.0,1.0,1.0,0.0,0.0,0.0,0.0,0.5,0.25,0.0,-12627.392858948984,399.63870000000003,5364,2485.0,2500.686300000003,9299.8202,829.2520999999994,0.0,0.0,0.0,0.0,0.0,418,714.2974,2485.0,2500.686300000003,829.2520999999994,266.5,0.0,125.04350000000001,0.015,13.209468777777765,14.680765869565201,27.33360821917807,4.667661068702291,9.354916453883996,32.39643865374591,920.0,900.0,460.0,1864.6666666666672,1169.6666666666663,190.0,178,59,44,32,38,21.0,1907.0,45125.9077,4157.237499999999,36504.2803,701,67,0,128,0.4535845564392753,0.7532381292242878,0.509114360724042,83,14236.824100000007,11888.521899999989,40,2,146.0,0,0,59,0.0,0,0.0,1.9304829858049792e6,0.0,0,0,0,1.5,0,0.0,0,0,0.0,0,0.0,0,0,3990.7067999999986,59.0,6263.5805,4,1118.5875,1118.5887,8.241778193440418,5120.0,51.015625,2.8126647639973967,43,0,0.0,0,887.957155259442,2612.0,130,7.668309348809743,0,0,0,0.0,0.0,0.0,0.0,0.0,0.0,0.0,0.0,0,0,0,0,178,0.0,0,12,0.0,0,0.0,6111.4767999999995,5252.008200000002,15249.753606753779,0.0,15249.753606753779,0.0,1118.5875,19493.6282,46925.098300000005,0.7538137992365483,368,163933.4277467718,128,1.7665495580582076e6,4,0.0,4,4876.091100000002,2,714.2974,-20375.828599999997,1495.0978157023749,1968.3929,1,0,460,460,"F8-3 step 8, full money stock, fee 3 %, matching prices",sumsy,5,8.731149137020111e-11
107,496,4,4,93554.94769999998,0.0,48928.064199999935,2369.619,21756.2168,,21756.2168,0.0,0.0,0.0,0.0,0.0,0.0025,818.7102,0.0,0.0,1.0,1380.3881999999992,0.0,0.0,0.0,1.0,0.0,0.0,1.0,0.0,133,10,0.9114583333333334,0.7534630581176229,0.0,0.0,2.0,0.0,1.0,0,0,0,0.2504930966469428,156,678.7030960018332,-2.9805247782737427,675.7225712235594,12.486671703065136,0.12671622365434693,12.613387926719483,0.0,0.0,0.0,0.0,0,0,0.0,0.0,0.0,1.0,1.0,0.0,0.0,0.0,0.0,0.5,0.25,0.0,-12854.151124301654,399.63870000000003,5434,2480.0,2506.678499999996,6322.548599999998,831.3474999999995,0.0,0.0,0.0,0.0,0.0,406,719.8069,2480.0,2506.678499999996,831.3474999999995,266.0,0.0,105.0908,0.015,13.221235042735048,14.666231868131838,27.456512162162156,4.695840826873385,9.399903173216686,31.461409218722327,910.0,936.0,455.0,1870.3333333333337,1161.9999999999998,190.0,183,49,38,25,38,28.0,1922.0,45394.311100000035,3740.1955,35979.3203,700,68,0,128,0.4616965160390527,0.7534630581176229,0.5544824031723541,92,14205.370799999992,12375.076000000005,41,3,148.0,0,0,49,0.0,0,0.0,1.882733808581635e6,0.0,0,0,0,1.5,0,0.0,0,0,0.0,0,0.0,0,0,4063.563799999999,60.0,6902.6037,4,1130.6754,1130.6762000000008,7.731830738633348,5120.0,50.999348958333336,2.82290778157552,27,0,0.0,0,817.3246367812729,2611.1666666666665,130,7.695572899780923,0,0,0,0.0,0.0,0.0,0.0,0.0,0.0,0.0,0.0,0,0,0,0,183,0.0,0,12,0.0,0,0.0,6111.4767999999995,5342.7396000000035,15427.185925979558,0.0,15427.185925979558,0.0,1130.6754,20233.616199999975,46622.11950000001,0.7539011566336586,368,151532.2137887466,128,1.7312015947928869e6,4,0.0,4,5765.1157,2,719.8069,-20937.506599999997,1495.0978157023749,1947.4941,0,0,455,455,"F8-3 step 8, full money stock, fee 3 %, matching prices",sumsy,5,8.731149137020111e-11
108,495,4,4,93536.16380000001,0.0,49353.5507,2523.4922999999994,22333.668100000003,,22333.668100000003,0.0,0.0,0.0,0.0,0.0,0.0025,815.9043,0.0,0.0,1.0,1396.1615000000002,0.0,0.0,0.0,1.0,0.0,0.0,1.0,0.0,134,9,0.91015625,0.7535248758984165,0.0,0.0,3.0,0.0,1.0,0,0,0,0.2500138149533055,156,685.5454978458863,-2.8943754404417383,682.6511224054445,12.806066109008134,0.1740574154049639,12.980123524413097,0.0,0.0,0.0,0.0,0,0,0.0,0.0,0.0,1.0,1.0,0.0,0.0,0.0,0.0,0.5,0.25,0.0,-13084.724114411885,450.80370000000005,5495,2480.0,2498.7838999999954,5856.644400000003,828.672499999999,0.0,0.0,0.0,0.0,0.0,378,724.5478,2480.0,2498.7838999999954,828.672499999999,266.0,0.0,97.21329999999999,0.015,13.350625429184557,14.78886133909283,27.491314598540136,4.720755837563455,9.520144244408055,35.73869128260887,926.0,932.0,463.0,1891.333333333334,1173.6666666666667,192.0,183,55,41,23,48,27.0,1908.0,46235.95270000001,3845.2297000000003,36288.2951,699,69,0,128,0.4601539679525126,0.7535248758984165,0.5289034015310197,83,14469.237299999986,12442.782900000007,51,3,137.0,0,0,55,0.0,0,0.0,1.8826631198544484e6,0.0,0,0,0,1.5,0,0.0,0,0,0.0,0,0.0,0,0,3766.310099999999,55.0,5626.2342,4,962.3588000000001,962.3596999999997,8.19211268643308,5120.0,50.983072916666664,2.804239368489583,20,0,0.0,0,443.3156165286899,2610.3333333333335,130,7.72821982974003,0,0,0,0.0,0.0,0.0,0.0,0.0,0.0,0.0,0.0,0,0,0,0,183,0.0,0,12,0.0,0,0.0,6111.4767999999995,5321.5842,15852.914105390348,0.0,15852.914105390348,0.0,962.3588000000001,20855.30849999999,45759.759,0.7537669067194701,367,158198.51609566796,128,1.7244646037587812e6,4,0.0,4,5653.0815,2,724.5478,-21517.763800000004,1495.0978157023749,1909.5643,1,0,463,463,"F8-3 step 8, full money stock, fee 3 %, matching prices",sumsy,5,8.731149137020111e-11
109,495,4,4,93512.45789999998,0.0,50104.91969999996,2804.514499999999,22912.9052,,22912.9052,0.0,0.0,0.0,0.0,0.0,0.0025,815.8585,0.0,0.0,1.0,1395.1413999999997,0.0,0.0,0.0,1.0,0.0,0.0,1.0,0.0,129,13,0.9088541666666666,0.7537167146712533,0.0,0.0,0.0,0.0,1.0,0,0,0,0.25009345203341465,156,669.7863358671938,-3.0484745614262847,666.7378613057674,12.416184386211535,0.15653438942505368,12.572718775636588,0.0,0.0,0.0,0.0,0,0,0.0,0.0,0.0,1.0,1.0,0.0,0.0,0.0,0.0,0.5,0.25,0.0,-13314.608603284452,450.80370000000005,5549,2475.0,2498.7058999999986,6226.749100000003,828.6412,0.0,0.0,0.0,0.0,0.0,361,725.6058,2475.0,2498.7058999999986,828.6412,265.5,0.0,170.64509999999999,0.015,13.571976301806597,15.01763612903228,28.343061643835615,4.765574177215191,9.649319862277503,34.6665305441306,930.0,941.0,465.0,1882.9999999999998,1181.0,190.0,177,44,33,26,42,28.0,1922.0,46627.78080000001,3948.9791999999998,36229.9494,698,70,0,128,0.45122443076452323,0.7537167146712533,0.5334957182210749,85,14706.97689999999,12771.229700000007,45,3,146.0,0,0,44,0.0,0,0.0,1.8627761848855342e6,0.0,0,0,0,1.5,0,0.0,0,0,0.0,0,0.0,0,0,4138.0869999999995,59.0,5164.2842,4,835.8739,835.8739,7.905783251717683,5120.0,50.983072916666664,2.8348066438802078,23,0,0.0,0,620.3807403924851,2610.3333333333335,130,7.746780020281271,0,0,0,0.0,0.0,0.0,0.0,0.0,0.0,0.0,0.0,0,0,0,0,177,0.0,0,12,0.0,0,0.0,6111.4767999999995,5367.0178,16042.743857408568,0.0,16042.743857408568,0.0,835.8739,20817.260499999993,45343.2128,0.7537644038771676,367,153317.4855654096,128,1.7094586993201245e6,4,0.0,4,6028.921300000001,2,725.6058,-22097.046700000003,1495.0978157023749,1909.5643,0,0,465,465,"F8-3 step 8, full money stock, fee 3 %, matching prices",sumsy,5,8.731149137020111e-11
110,494,4,4,93486.63390000018,0.0,50742.26709999996,2754.2024,23530.2454,,23530.2454,0.0,0.0,0.0,0.0,0.0,0.0025,816.412,0.0,0.0,1.0,1433.198700000001,0.0,0.0,0.0,1.0,0.0,0.0,1.0,0.0,136,12,0.9075520833333334,0.7535799269891033,0.0,0.0,1.0,0.0,1.0,0,0,0,0.25019552952872465,156,664.1611843781833,-3.2112152103369422,660.9499691678465,11.752114943567411,0.12329502392620581,11.875409967493619,0.0,0.0,0.0,0.0,0,0,0.0,0.0,0.0,1.0,1.0,0.0,0.0,0.0,0.0,0.5,0.25,0.0,-13537.744714421819,465.2461000000001,5614,2475.0,2500.8239999999987,7729.0958,829.3081,0.0,0.0,0.0,0.0,0.0,390,721.6711,2475.0,2500.8239999999987,829.3081,265.5,0.0,149.4705,0.015,13.728224004305703,15.315061358811068,29.103931788079493,4.834322250000002,9.745222359346206,33.626534627806684,942.0,929.0,471.0,1889.0000000000005,1195.0,192.0,176,47,37,23,40,26.0,1915.0,45805.04109999996,4049.6903,36496.0119,697,71,0,128,0.4418284597433162,0.7535799269891033,0.5212486312132034,83,14992.784299999992,12753.520099999998,44,4,151.0,0,0,47,0.0,0,0.0,1.8637354380482524e6,0.0,0,0,0,1.5,0,0.0,0,0,0.0,0,0.0,0,0,4394.693700000003,61.0,5597.8075,4,803.3825999999999,803.3810999999997,7.957700410941617,5120.0,50.983072916666664,2.885179308268229,17,0,0.0,0,558.7082019487772,2610.3333333333335,130,7.82047883498432,0,0,0,0.0,0.0,0.0,0.0,0.0,0.0,0.0,0.0,0,0,0,0,176,0.0,0,12,0.0,0,0.0,6111.4767999999995,5383.000199999999,16729.483130752913,0.0,16729.483130752913,0.0,803.3825999999999,20247.48750000001,46143.5097,0.7536697105601753,366,154676.97480493507,128,1.7090584632433178e6,4,0.0,4,5888.1714999999995,2,721.6711,-22713.8334,1495.0978157023749,1909.5643,1,0,471,471,"F8-3 step 8, full money stock, fee 3 %, matching prices",sumsy,5,8.731149137020111e-11
111,494,4,4,93461.41959999996,0.0,51130.82969999999,2434.4683999999993,24155.9835,,24155.9835,0.0,0.0,0.0,0.0,0.0,0.0025,814.3458,0.0,0.0,1.0,1442.1500999999992,0.0,0.0,0.0,1.0,0.0,0.0,1.0,0.0,140,6,0.90625,0.7539245999923425,0.0,0.0,0.0,0.0,1.0,0,0,0,0.2500373020004123,156,659.0530069229446,-3.112763031100212,655.9402438918445,10.887554329460164,0.19060152335382868,11.078155852813994,0.0,0.0,0.0,0.0,0,0,0.0,0.0,0.0,1.0,1.0,0.0,0.0,0.0,0.0,0.5,0.25,0.0,-13761.745098846717,465.2461000000001,5667,2470.0,2495.2142999999996,5944.5717,827.3905000000003,0.0,0.0,0.0,0.0,0.0,373,723.2088,2470.0,2495.2142999999996,827.3905000000003,265.0,0.0,125.9491,0.015,13.861472678762004,15.444858494623688,29.461266891891878,4.882752926208656,9.723323300917667,32.61773858897248,930.0,937.0,465.0,1888.3333333333335,1183.0000000000002,191.0,179,50,37,28,46,31.0,1914.0,45108.9155,4071.8215999999998,36947.8673,696,72,0,128,0.42834954182033513,0.7539245999923425,0.5209580569437107,82,14895.011400000021,12988.199899999998,52,6,148.0,0,0,50,0.0,0,0.0,1.866958635925394e6,0.0,0,0,0,1.5,0,0.0,0,0,0.0,0,0.0,0,0,4360.267499999998,60.0,5795.2606,4,867.8728000000001,867.8732000000002,8.049999412848196,5120.0,50.983072916666664,2.933235348307291,21,0,0.0,0,631.3216267386656,2610.3333333333335,130,7.935618523893949,0,0,0,0.0,0.0,0.0,0.0,0.0,0.0,0.0,0.0,0,0,0,0,179,0.0,0,12,0.0,0,0.0,6111.4767999999995,5557.205499999998,16594.070763956694,0.0,16594.070763956694,0.0,867.8728000000001,19859.012099999985,46814.9495,0.7539939448651705,366,156131.4804114899,128,1.7108271555139036e6,4,0.0,4,5799.6294,2,723.2088,-23341.6377,1495.0978157023749,1909.5643,0,0,465,465,"F8-3 step 8, full money stock, fee 3 %, matching prices",sumsy,5,8.731149137020111e-11
112,494,4,4,93434.02379999995,0.0,51599.71169999994,2567.1298000000006,24797.783999999996,,24797.783999999996,0.0,0.0,0.0,0.0,0.0,0.0025,814.771,0.0,0.0,1.0,1456.1463000000003,0.0,0.0,0.0,1.0,0.0,0.0,1.0,0.0,137,16,0.9049479166666666,0.7549286776168644,0.0,0.0,0.0,0.0,1.0,0,0,0,0.2509522403285994,156,672.9721576337731,-2.9478498239602486,670.0243078098129,10.656577742335717,0.13008630445629443,10.786664046792012,0.0,0.0,0.0,0.0,0,0,0.0,0.0,0.0,1.0,1.0,0.0,0.0,0.0,0.0,0.5,0.25,0.0,-13989.93764677056,465.2461000000001,5728,2470.0,2497.3958000000007,6511.975500000001,828.0421,0.0,0.0,0.0,0.0,0.0,360,724.1715999999999,2470.0,2497.3958000000007,828.0421,265.0,0.0,225.78359999999998,0.015,13.94157222797928,15.474399139784959,29.5747354166667,4.924185714285715,9.625036442199221,31.639206431303307,930.0,965.0,465.0,1881.0000000000005,1181.0,191.0,178,44,32,27,57,42.0,1919.0,44600.60520000001,4134.3546,37608.953299999994,695,73,0,128,0.42950908563679246,0.7549286776168644,0.5124107540339935,90,14783.9055,13453.617200000006,61,4,144.0,0,0,44,0.0,0,0.0,1.9035104223590796e6,0.0,0,0,0,1.5,0,0.0,0,0,0.0,0,0.0,0,0,4258.761900000005,58.0,5551.168100000001,4,906.3320000000001,906.3329000000007,8.69077336521938,5120.0,50.983072916666664,2.978167784830729,16,0,0.0,0,474.8156793595625,2610.3333333333335,130,8.105620349201574,0,0,0,0.0,0.0,0.0,0.0,0.0,0.0,0.0,0.0,0,0,0,0,178,0.0,0,12,0.0,0,0.0,6111.4767999999995,5561.100300000001,16241.121736841222,0.0,16241.121736841222,0.0,906.3320000000001,19187.74399999999,47294.47599999999,0.7549193254236544,366,165749.26515132724,128,1.737761157207752e6,4,0.0,4,5725.676499999999,2,724.1715999999999,-23983.012999999995,1495.0978157023749,1909.5643,0,0,465,465,"F8-3 step 8, full money stock, fee 3 %, matching prices",sumsy,5,8.731149137020111e-11
113,493,4,4,93400.62880000006,0.0,51824.355599999944,2254.4923000000003,25447.576899999996,,25447.576899999996,0.0,0.0,0.0,0.0,0.0,0.0025,816.6837,0.0,0.0,1.0,1464.5638999999992,0.0,0.0,0.0,1.0,0.0,0.0,1.0,0.0,134,13,0.9036458333333334,0.754753028950863,0.0,0.0,0.0,0.0,1.0,0,0,0,0.25053069719042664,156,660.0260657497656,-3.0796782773674525,656.9463874723981,10.818208025974494,0.11528375052767154,10.933491776502168,0.0,0.0,0.0,0.0,0,0,0.0,0.0,0.0,1.0,1.0,0.0,0.0,0.0,0.0,0.5,0.25,0.0,-14203.359459174184,465.2461000000001,5803,2470.0,2503.3950000000004,6365.9574,830.0192999999999,0.0,0.0,0.0,0.0,0.0,432,717.923,2470.0,2503.3950000000004,830.0192999999999,265.0,0.0,210.2495,0.015,13.98762150537635,15.569660377358467,30.220302343749996,4.97175905707196,9.423618289587864,31.974224924435784,954.0,930.0,477.0,1885.0000000000005,1197.0,191.0,174,42,33,23,44,31.0,1922.0,44513.4384,4157.0052,37802.507,694,74,0,128,0.44219128769530824,0.754753028950863,0.5141331234832955,97,14681.134700000013,13008.488000000005,47,3,128.0,0,0,42,0.0,0,0.0,1.8828152461070095e6,0.0,0,0,0,1.5,0,0.0,0,0,0.0,0,0.0,0,0,3868.1986999999995,52.0,5393.0715,4,840.4269999999999,840.4281000000001,8.38866559418962,5120.0,50.983072916666664,3.01624119140625,37,0,0.0,0,751.720016643936,2610.3333333333335,130,8.15728656938508,0,0,0,0.0,0.0,0.0,0.0,0.0,0.0,0.0,0.0,0,0,0,0,174,0.0,0,12,0.0,0,0.0,6111.4767999999995,5561.8369,17064.223408698293,0.0,17064.223408698293,0.0,840.4269999999999,19122.314700000006,47352.583699999996,0.7546943207295507,365,159433.77661747145,128,1.7233814694895386e6,4,0.0,4,5550.8091,2,717.923,-24630.893199999995,1495.0978157023749,1909.5643,1,0,477,477,"F8-3 step 8, full money stock, fee 3 %, matching prices",sumsy,5,8.731149137020111e-11
114,493,4,4,93364.34329999989,0.0,54452.173,4620.171300000001,26107.987599999997,,26107.987599999997,0.0,0.0,0.0,0.0,0.0,0.0025,815.6602,0.0,0.0,1.0,1477.094399999999,0.0,0.0,0.0,1.0,0.0,0.0,1.0,0.0,136,9,0.90234375,0.7552037941166097,0.0,0.0,1.0,0.0,1.0,0,0,0,0.2520561443021174,156,589.9684484132581,-3.101779625011933,586.8666687882461,10.263915728071748,0.13097024709982452,10.394885975171572,0.0,0.0,0.0,0.0,0,0,0.0,0.0,0.0,1.0,1.0,0.0,0.0,0.0,0.0,0.5,0.25,0.0,-14409.959261438604,465.2461000000001,5877,2465.0,2501.285500000003,6048.550000000001,829.236000000001,0.0,0.0,0.0,0.0,0.0,431,709.0105000000001,2465.0,2501.285500000003,829.236000000001,264.5,0.0,214.09100000000004,0.015,13.989098654708512,15.4848140724947,30.177417164179097,4.962632994923857,9.489077822625974,31.10293492126658,938.0,892.0,469.0,1894.3333333333337,1186.0,192.0,180,57,47,29,33,27.0,1901.0,43643.51259999996,6649.7039,36083.8667,693,75,0,128,0.43239038790840123,0.7552037941166097,0.522014721105752,93,14714.902400000017,12478.275999999993,37,4,134.0,0,0,57,0.0,0,0.0,1.6441855734510785e6,0.0,0,0,0,1.5,0,0.0,0,0,0.0,0,0.0,0,0,4043.7738999999992,54.0,5462.5894,4,785.3735999999999,785.3738999999998,8.626155310076149,5120.0,50.983072916666664,2.581289796549479,43,0,0.0,0,930.640240355332,2610.3333333333335,130,8.06211956099334,0,0,0,0.0,0.0,0.0,0.0,0.0,0.0,0.0,0.0,0,0,0,0,180,0.0,0,12,0.0,0,0.0,6111.4767999999995,5555.2546999999995,14419.153638848535,0.0,14419.153638848535,0.0,785.3735999999999,18991.895500000017,48196.159999999996,0.7537003793266619,365,164481.73145139418,128,1.4797038419996842e6,4,0.0,4,7080.711100000002,2,709.0105000000001,-25292.3274,1495.0978157023749,1546.8198,0,0,469,469,"F8-3 step 8, full money stock, fee 3 %, matching prices",sumsy,5,8.731149137020111e-11
115,493,4,4,93326.14360000007,0.0,54541.901900000004,2250.965,26754.187299999998,,26754.187299999998,0.0,0.0,0.0,0.0,0.0,0.0025,816.708,0.0,0.0,1.0,1461.8599000000004,0.0,0.0,0.0,1.0,0.0,0.0,1.0,0.0,144,7,0.9010416666666666,0.7546135785305614,0.0,0.0,0.0,0.0,1.0,0,0,0,0.2503575446692473,156,564.4974917770786,-2.9532139303701976,561.5442778467084,10.55102164165392,0.11975534872586181,10.67077699037978,0.0,0.0,0.0,0.0,0,0,0.0,0.0,0.0,1.0,1.0,0.0,0.0,0.0,0.0,0.5,0.25,0.0,-14643.338024930437,465.2461000000001,5959,2465.0,2503.1997000000006,7837.772599999998,829.9775999999995,0.0,0.0,0.0,0.0,0.0,402,721.9715,2465.0,2503.1997000000006,829.9775999999995,264.5,0.0,75.727,0.015,13.923610807860264,15.470606249999935,30.5626850877193,4.993294086021503,9.447164147046164,34.3018363532039,896.0,916.0,448.0,1865.6666666666672,1134.0,190.0,190,52,40,36,48,25.0,1902.0,43700.52029999997,5118.2658,36622.3657,692,76,0,128,0.4479203572713537,0.7546135785305614,0.5385450112176822,101,14070.937399999979,12754.027500000002,52,4,114.0,0,0,52,0.0,0,0.0,1.5949306152779872e6,0.0,0,0,0,1.5,0,0.0,0,0,0.0,0,0.0,0,0,3484.1461,46.0,6346.3123,4,1098.2930000000001,1098.2934000000002,7.83054570927717,5120.0,50.983072916666664,2.612886075846354,41,0,0.0,0,838.8982329525849,2610.3333333333335,130,8.213531686527345,0,0,0,0.0,0.0,0.0,0.0,0.0,0.0,0.0,0.0,0,0,0,0,190,0.0,0,12,0.0,0,0.0,6111.4767999999995,5798.867200000001,14490.210015547522,0.0,14490.210015547522,0.0,1098.2930000000001,18761.229100000004,48086.9438,0.7532243708805886,365,150194.24272494257,128,1.4447363725530463e6,4,0.0,4,7002.135399999999,2,721.9715,-25937.4793,1495.0978157023749,1546.8198,0,0,448,448,"F8-3 step 8, full money stock, fee 3 %, matching prices",sumsy,5,8.731149137020111e-11
116,493,4,4,93284.94939999995,0.0,54590.93870000003,2160.7226999999993,27392.494799999997,,27392.494799999997,0.0,0.0,0.0,0.0,0.0,0.0025,817.7959,0.0,0.0,1.0,1455.0155000000002,0.0,0.0,0.0,1.0,0.0,0.0,1.0,0.0,141,13,0.8997395833333334,0.755078308322152,0.0,0.0,0.0,0.0,1.0,0,0,0,0.2500219138056976,156,578.5482271600765,-2.952827758341673,575.5953994017349,10.660109680999964,0.1263478555687445,10.786457536568708,0.0,0.0,0.0,0.0,0,0,0.0,0.0,0.0,1.0,1.0,0.0,0.0,0.0,0.0,0.5,0.25,0.0,-14865.12885589903,465.2461000000001,6033,2465.0,2506.1942000000026,6156.923400000001,830.9971999999999,0.0,0.0,0.0,0.0,0.0,449,720.3363999999999,2465.0,2506.1942000000026,830.9971999999999,264.5,0.0,211.61679999999998,0.015,13.87256443243242,15.401995860566473,31.192524166666665,4.95509869109948,9.710829818153197,37.80758323031673,918.0,925.0,459.0,1858.0000000000005,1158.0,190.0,181,56,41,27,45,28.0,1899.0,43878.426799999965,4574.6918,36949.18549999999,691,77,0,128,0.44437582397774933,0.755078308322152,0.5353395645562082,106,14628.39140000001,12832.122099999988,48,3,120.0,0,0,56,0.0,0,0.0,1.6126463460038458e6,0.0,0,0,0,1.5,0,0.0,0,0,0.0,0,0.0,0,0,3743.1029,48.0,6344.513,4,1047.2711,1047.2695999999999,8.133412591208431,5120.0,50.983072916666664,2.6427027783203125,61,0,0.0,0,1175.2264697183346,2610.3333333333335,130,8.287013940098392,0,0,0,0.0,0.0,0.0,0.0,0.0,0.0,0.0,0.0,0,0,0,0,181,0.0,0,12,0.0,0,0.0,6111.4767999999995,5825.142200000003,15543.922062723945,0.0,15543.922062723945,0.0,1047.2711,18284.7938,47868.39029999999,0.7537718831732085,365,152915.4524225338,128,1.4597308935813124e6,4,0.0,4,6750.5407,2,720.3363999999999,-26574.698899999996,1495.0978157023749,1546.8198,0,0,459,459,"F8-3 step 8, full money stock, fee 3 %, matching prices",sumsy,5,8.731149137020111e-11
117,491,4,4,93248.64790000013,0.0,55045.07220000002,2661.7814000000003,28016.749999999996,,28016.749999999996,0.0,0.0,0.0,0.0,0.0,0.0025,816.2481,0.0,0.0,1.0,1442.0511000000006,0.0,0.0,0.0,1.0,0.0,0.0,1.0,0.0,132,16,0.8984375,0.7539260632138804,0.0,0.0,0.0,0.0,1.0,0,0,0,0.25014853278589544,156,581.3661086742578,-2.9192291068314207,578.4468795674264,10.493848229959909,0.10877842533264913,10.602626655292557,0.0,0.0,0.0,0.0,0,0,0.0,0.0,0.0,1.0,1.0,0.0,0.0,0.0,0.0,0.5,0.25,0.0,-15085.183622193315,513.3818000000001,6102,2465.0,2501.3015000000023,7549.1372,829.3875999999997,0.0,0.0,0.0,0.0,0.0,440,714.8231,2465.0,2501.3015000000023,829.3875999999997,264.5,0.0,118.52740000000001,0.015,13.872010659340665,15.472154229934908,32.35138196721311,4.940219321148827,9.7710427763207,38.52394553454091,922.0,910.0,461.0,1866.3333333333337,1158.6666666666665,189.0,180,61,40,38,46,28.0,1889.0,44639.62990000001,4155.6080999999995,37184.7535,690,78,0,128,0.43109937399126275,0.7539260632138804,0.5413373696488182,93,14698.2699,12623.529700000005,52,6,122.0,0,0,61,0.0,0,0.0,1.613598073333772e6,0.0,0,0,0,1.5,0,0.0,0,0,0.0,0,0.0,0,0,3946.8685999999993,49.0,5737.5851999999995,4,958.4452,958.4463999999999,8.167180023336163,5120.0,50.983072916666664,2.6619081949869794,8,0,0.0,0,659.2776282721137,2610.3333333333335,130,8.308882595705812,0,0,0,0.0,0.0,0.0,0.0,0.0,0.0,0.0,0.0,0,0,0,0,180,0.0,0,12,0.0,0,0.0,6111.4767999999995,6056.6653,16552.798387454743,0.0,16552.798387454743,0.0,958.4452,19313.085100000008,47077.9468,0.7525776575452385,363,154024.6020405898,128,1.4595734712931837e6,4,0.0,4,6597.1055,2,714.8231,-27200.501899999996,1495.0978157023749,1546.8198,2,0,461,461,"F8-3 step 8, full money stock, fee 3 %, matching prices",sumsy,5,8.731149137020111e-11
118,490,4,4,93208.55739999999,0.0,56612.714499999965,3765.6740999999997,28634.866699999995,,28634.866699999995,0.0,0.0,0.0,0.0,0.0,0.0025,814.2132,0.0,0.0,1.0,1434.3647999999998,0.0,0.0,0.0,1.0,0.0,0.0,1.0,0.0,132,11,0.8971354166666666,0.7538491790402715,0.0,0.0,1.0,0.0,1.0,0,0,0,0.2500810434583627,156,590.9325337469978,-2.9545214509785063,587.9780122960194,10.044957031991718,0.15629820805416816,10.201255240045887,0.0,0.0,0.0,0.0,0,0,0.0,0.0,0.0,1.0,1.0,0.0,0.0,0.0,0.0,0.5,0.25,0.0,-15310.594621456165,544.6788,6158,2455.0,2495.0904999999984,7364.290500000001,827.3259999999998,0.0,0.0,0.0,0.0,0.0,389,719.785,2455.0,2495.0904999999984,827.3259999999998,263.5,0.0,136.1691,0.015,14.064546834061142,15.535781677704275,33.79386350364962,4.961848395721925,9.984791487555,37.368227168504674,906.0,916.0,453.0,1845.3333333333337,1149.6666666666667,188.0,180,59,42,29,43,34.0,1885.0,44465.50310000009,5013.8516,36227.4072,689,79,0,128,0.42019728142457335,0.7538491790402715,0.559425677423738,89,14811.587700000015,12883.124900000006,48,5,137.0,0,0,59,0.0,0,0.0,1.6206393879749707e6,0.0,0,0,0,1.5,0,0.0,0,0,0.0,0,0.0,0,0,4629.759299999998,55.0,5967.7973,4,891.0876000000001,891.0868999999998,8.633532109781436,5120.0,50.966796875,2.639178941243489,17,0,0.0,0,804.9587204964549,2609.5,130,8.308431158610722,0,0,0,0.0,0.0,0.0,0.0,0.0,0.0,0.0,0.0,0,0,0,0,180,0.0,0,12,0.0,0,0.0,6111.4767999999995,6231.147300000001,15152.549975581736,0.0,15152.549975581736,0.0,891.0876000000001,18830.051699999996,47209.056099999994,0.7521372232652688,362,160169.1569700032,128,1.460470231004968e6,4,0.0,4,7972.369000000001,2,719.785,-27820.653499999997,1495.0978157023749,1518.2193499999998,1,0,453,453,"F8-3 step 8, full money stock, fee 3 %, matching prices",sumsy,5,8.731149137020111e-11
119,489,4,4,93166.46140000015,0.0,57151.644000000015,2871.5712000000003,29274.927499999994,,29274.927499999994,0.0,0.0,0.0,0.0,0.0,0.0025,813.0035,0.0,0.0,1.0,1454.2740000000001,0.0,0.0,0.0,1.0,0.0,0.0,1.0,0.0,129,14,0.8958333333333334,0.7533454153353525,0.0,0.0,1.0,0.0,1.0,0,0,0,0.25037345357844837,156,582.7844534207902,-3.052138138710524,579.7323152820798,9.84547011318247,0.16839170782871407,10.013861821011185,0.0,0.0,0.0,0.0,0,0,0.0,0.0,0.0,1.0,1.0,0.0,0.0,0.0,0.0,0.5,0.25,0.0,-15549.344793550445,611.1057000000001,6211,2450.0,2492.096000000004,8887.437100000003,826.2744999999996,0.0,0.0,0.0,0.0,0.0,343,726.3794,2450.0,2492.096000000004,826.2744999999996,263.0,0.0,132.2936,0.015,14.139064623655909,15.835111233480184,35.09228134328358,5.0192598930481305,9.982822529033157,36.24718035344954,908.0,930.0,454.0,1851.0000000000002,1151.6666666666667,188.0,179,53,36,25,49,34.0,1886.0,44026.107399999935,4876.3737,36868.751000000004,688,80,0,128,0.41348413514119264,0.7533454153353525,0.5336277262501581,87,14861.363799999992,13149.330099999996,51,2,134.0,0,0,53,0.0,0,0.0,1.6157762588895105e6,0.0,0,0,0,1.5,0,0.0,0,0,0.0,0,0.0,0,0,4702.3657,55.0,5855.8464,4,898.6611,898.6603000000003,8.913256907381362,5120.0,50.950520833333336,2.64112609375,20,0,0.0,0,517.9010647740528,2608.6666666666665,130,8.469885010128037,0,0,0,0.0,0.0,0.0,0.0,0.0,0.0,0.0,0.0,0,0,0,0,179,0.0,0,12,0.0,0,0.0,6111.4767999999995,6393.694900000001,15518.642224046067,0.0,15518.642224046067,0.0,898.6611,18183.006200000007,47600.9711,0.7514709849386663,361,168162.9508723924,128,1.447613308017119e6,4,0.0,4,7766.6301,2,726.3794,-28461.923999999995,1495.0978157023749,1489.6189,1,0,454,454,"F8-3 step 8, full money stock, fee 3 %, matching prices",sumsy,5,8.731149137020111e-11
120,489,4,4,93119.71270000009,0.0,57980.45220000006,3065.0588000000002,29923.901399999995,,29923.901399999995,0.0,0.0,0.0,0.0,0.0,0.0025,812.6049,0.0,0.0,1.0,1461.9774000000007,0.0,0.0,0.0,1.0,0.0,0.0,1.0,0.0,135,12,0.89453125,0.7545899700543401,0.0,0.0,0.0,0.0,1.0,0,0,0,0.250076957899502,156,599.0220595410359,-3.0118989344047677,596.0101606066311,9.846019581093122,0.19340547071299255,10.039425051806116,0.0,0.0,0.0,0.0,0,0,0.0,0.0,0.0,1.0,1.0,0.0,0.0,0.0,0.0,0.5,0.25,0.0,-15785.15733863252,611.1057000000001,6270,2445.0,2491.748699999995,6782.651300000002,826.0882999999994,0.0,0.0,0.0,0.0,0.0,359,726.4352,2445.0,2491.748699999995,826.0882999999994,262.5,0.0,129.34859999999998,0.015,14.2636255319149,15.852621290322608,35.92888490566037,5.04565390625,9.664343750718883,39.85823226857277,930.0,940.0,465.0,1858.6666666666665,1163.0,188.0,176,53,34,26,56,34.0,1885.0,44100.37999999998,4764.8877,37655.441399999996,687,81,0,128,0.41992958689741955,0.7545899700543401,0.5330730375967339,93,14650.355900000006,13407.808000000006,58,2,106.0,0,0,53,0.0,0,0.0,1.6511613972638017e6,0.0,0,0,0,1.5,0,0.0,0,0,0.0,0,0.0,0,0,3808.4617999999987,43.0,5059.963500000001,4,799.0455999999999,799.0442999999999,9.522834968486345,5120.0,50.9521484375,2.6715049055989586,24,0,0.0,0,421.51663560732317,2608.75,130,8.646077572206336,0,0,0,0.0,0.0,0.0,0.0,0.0,0.0,0.0,0.0,0,0,0,0,176,0.0,0,12,0.0,0,0.0,6111.4767999999995,6562.826199999998,16348.997928158042,0.0,16348.997928158042,0.0,799.0455999999999,18395.335799999993,47480.29260000001,0.7526836539019048,361,177285.68966876413,128,1.4738757075950378e6,4,0.0,4,7459.290299999999,2,726.4352,-29111.296499999997,1495.0978157023749,1489.6189,0,0,465,465,"F8-3 step 8, full money stock, fee 3 %, matching prices",sumsy,5,8.731149137020111e-11
