round,persons_alive,farms_open,bakeries_open,money_in_circulation,money_in_dead_balances,outstanding_debt,peer_lent,government_debt,termination,government_peer_debt,government_bank_debt,bonds_outstanding,government_arrears,bonds_issued,coupons,bond_rate,government_cash,government_reserve_target,surplus_redistributed,tax_scale,government_outlay,tax_shortfall,tax_policy_step,consumption_tax,consumption_tax_scale,wealth_tax,wealth_tax_base,wealth_tax_scale,clearing_residue,negative_wealth_persons,zero_cash_persons,land_households_share,gini_wealth_attributed,land_supply,land_demand,land_sold,land_levy,land_levy_scale,new_firms,entries,coops_open,hhi_bread,owners,wealth_gap_meals,wealth_bottom10_meals,wealth_top10_meals,cash_gap_meals,cash_bottom10_meals,cash_top10_meals,invoices_issued,invoices_paid,invoices_open,invoices_overdue,liquidations,refoundings,bad_debt,bank_bailouts,profit_tax,profit_tax_scale,parking_tax_scale,income_tax_accrued,income_tax_charged,wealth_tax_arrears,consumption_tax_rate_now,bracket_top_rate,bracket_bottom_rate,bank_retained_interest,cumulative_interest_paid,cumulative_write_offs,cumulative_credit_refusals,money_created,money_destroyed,credit_demand,tax,enterprise_tax,deposit_interest,buffer_pool,insurance_premiums,insurance_payouts,missed_payments,cash_banks,gi_created,demurrage_destroyed,demurrage_tax,account_fees,fees,trade_arrears,interest_rate,price_bread,price_grain,price_ticket,price_rent,price_wage,wage_bid_producers,bread_baked,bread_sold,grain_harvested,labour_offered,labour_sold,government_labour,unemployed,hungry,without_bread,half_meals,gluttons,bread_stocked,total_capacity,cash_persons,cash_farms,cash_bakeries,land_persons,land_farms,land_banks,landholders,gini_cash_persons,gini_net_wealth_persons,gini_income_persons,persons_below_meal,persons_income,bread_bill,gluttony_attempted,gluttony_refused,tickets_sold,n_greedy,hungry_greedy,hungry_others,cash_greedy,land_greedy,wealth_greedy,wealth_persons,bread_greedy,greedy_loaves,greedy_tickets,ration,tier_multiplier,tier_sold,tier_revenue,n_consumers,n_hoarders,wealth_hoarders,land_hoarders,shares_hoarders,greedy_land,greedy_shares,ticket_revenue,theatre_labour,cash_theatres,theatres_open,dividends,dividend_income_persons,share_price_mean,share_units_per_firm,founders_stake_pct,book_per_unit_mean,share_trades,share_trades_deferred,share_contracts_outstanding,share_seizures,share_volume,founders_stake_mean,outside_holders,forward_value_mean,coop_worker_open,coop_consumer_open,coop_member_open,coop_retained_reserve,coop_buffer_pledged,buffer_pledged_persons,patronage_wages,rebates,membership_capital,reserved_labour,coop_worker_hours,coop_members_worker,coop_members_consumer,worker_members,unemployed_members,unemployed_nonmembers,rebate_income_persons,coop_open,forprofit_open,cash_coops,coop_members,coop_capital,founder_capital,founder_debt,reserve_shortfall_owned,reserve_shortfall_coops,reserve_shortfall_forprofit,dividends_coops,dividends_forprofit,founders_cash,cash_forprofit,gini_net_wealth_all,n_workers,wealth_workers,n_landowners,wealth_landowners,n_farms,wealth_farms,n_bakeries,wealth_bakeries,n_banks,wealth_banks,wealth_government,land_price,land_price_traded,deaths,closures,production_target_farms,production_target_bakeries,rung,system,seed,identity
1,512,4,4,26290.59100000002,0.0,26412.717399999998,0.0,3663.51,,0.0,2363.51,1300.0,0.0,1300.0,0.0,0.00375,46.932,13169.13210000002,0.0,1.0,4389.710700000007,7990.644700000022,0.0,0.0,1.0,0.0,0.0,1.0,0.0,0,0,0.9895833333333334,0.41134737853177694,0.0,512.0,0.0,0.0,1.0,0,0,0,0.8702001081665764,252,25.71029214793914,3.3961074195114236,29.106399567450563,6.2419745098039225,2.9661758823529416,9.208150392156863,0.0,0.0,0.0,0.0,0,0,0.0,0.0,46.932,1.0,1.0,0.0,0.0,0.0,0.0,0.5,0.25,122.12639999999999,122.12639999999999,0.0,4,2394.5250000000005,529.2139999999999,3344.2253000000005,773.1326999999919,0.0,0.0,0.0,0.0,0.0,0,0.0,0.0,0.0,0.0,0.0,1740.0,0.0,0.005,5.0,5.200000000000013,2.0,0.75,3.5043038416256236,3.9200000000000013,320.0,86.0,160.0,2048.0,1349.0,819.0,174,0,0,0,50,36.0,2048.0,20772.284999999996,136.1396,3432.446,760,8,0,128,0.19238289927615693,0.41134737853177694,0.07075392797915026,0,5855.110000000014,430.0,50,0,18.0,0,0,0,0.0,0,0.0,38557.74528145319,0.0,0,0,0,1.5,0,0.0,0,0,0.0,0,0.0,0,0,36.0,208.0,1902.7884,4,0.0,0.0,0.3147904406817636,5120.0,81.75944010416667,-0.30040394531250003,243,0,0.0,0,3486.2309092911732,4186.083333333333,231,0.13032809837568846,0,0,0,0.0,0.0,0.0,0.0,0.0,0.0,0.0,0.0,0,0,0,0,174,0.0,0,12,0.0,0,0.0,1200.0,1.175,3593.9060000000013,0.0,3593.9060000000013,0.0,0.0,9013.4602,5471.374000000001,0.4229222273745279,384,15443.244039041667,128,23114.501242411483,4,0.0,4,100.0,2,114.28639999999919,-2316.5780000000004,11.925,11.25,0,0,160,160,"G10-40 step 10, public employment 40 %",debt,4,-5.093170329928398e-11
2,512,4,4,28480.81190000004,0.0,28678.0154,0.0,5459.2801,,0.0,2245.3345,3213.9456,0.0,1913.9455999999998,4.8749,0.00375,359.5818,10964.13210000002,0.0,1.0,2919.710700000007,6076.352999999999,0.0,0.0,1.0,0.0,0.0,1.0,0.0,0,0,0.9895833333333334,0.7075159541908689,0.0,753.0,1.0,0.0,1.0,0,0,0,0.26231150243872214,347,215.87027626885956,3.231749944941099,219.10202621380068,5.7601321568627455,2.861917254901961,8.622049411764706,0.0,0.0,0.0,0.0,0,0,0.0,0.0,359.5818,1.0,1.0,0.0,0.0,0.0,0.0,0.5,0.25,197.20349999999996,254.17030000000008,0.0,6,2849.0786999999996,658.8577999999999,2799.5466999999994,1453.2829000000374,0.0,0.0,0.0,0.0,0.0,0,0.0,0.0,0.0,0.0,0.0,270.0,0.0,0.006009804934981521,4.910322820037089,5.4777048565121635,1.8695833333333554,1.1246015730337082,3.5058220869142604,3.802399999999999,906.0,1078.0,453.0,2048.0,1937.0,819.0,27,0,0,1,46,45.0,2048.0,19175.167999999998,1815.8051,5174.3369,760,8,0,128,0.17850026162417465,0.7075159541908689,0.0896233816466534,0,6467.52879999998,5293.327999999981,46,0,504.0,0,0,0,0.0,0,0.0,269500.6171349734,0.0,0,0,0,1.5,0,0.0,0,0,0.0,0,0.0,0,0,942.2700000000111,210.0,1955.9200999999998,4,0.0,0.0,0.4715623104241501,5120.0,75.01139322916667,-0.24374157063802085,336,0,0.0,0,2267.739863362631,3840.5833333333335,337,0.39967406913489745,0,0,0,0.0,0.0,0.0,0.0,0.0,0.0,0.0,0.0,0,0,0,0,27,0.0,0,12,0.0,0,0.0,1200.0,55.09279999999999,10872.397161762603,0.0,10872.397161762603,0.0,0.0,11246.155000000002,8946.0621,0.7143828871157729,384,16441.726573129097,128,253058.8905618442,4,0.0,4,100.0,2,189.7554999999996,-1885.7527,12.640500000000001,300.0,0,0,453,453,"G10-40 step 10, public employment 40 %",debt,4,-5.093170329928398e-11
3,512,4,4,27794.616899999968,0.0,28041.5353,0.0,6642.5887999999995,,0.0,2127.159,4515.4298,0.0,1301.4841999999999,12.052247625,0.00375,292.2351,9980.354119480533,0.0,1.0,2670.9327194805196,5332.833846320331,0.0,0.0,1.0,0.0,0.0,1.0,0.0,0,0,0.9895833333333334,0.7092649198514152,0.0,831.0,0.0,0.0,1.0,0,0,0,0.2579824869396832,347,224.56371295944385,3.310527133964904,227.87424009340876,5.3511990288418305,2.6689385770162075,8.02013760585804,0.0,0.0,0.0,0.0,0,0,0.0,0.0,275.5679,1.0,1.0,0.0,0.0,0.0,0.0,0.5,0.25,246.91839999999993,399.2209000000001,0.0,22,125.27499999999998,811.4700000000003,4403.011800000001,1443.5560000000432,0.0,0.0,0.0,0.0,0.0,0,0.0,0.0,0.0,0.0,0.0,68.7442,0.0,0.008536491380302047,4.809358757062127,5.466896448598162,1.8299936908517314,1.3329136622390891,3.455466213462594,3.688327999999999,1070.0,1062.0,535.0,2046.6666666666667,2018.0000000000002,819.0,7,0,0,1,48,36.0,2048.0,18853.739099999988,1789.7768999999998,5023.126200000001,760,8,0,128,0.17166283741587818,0.7092649198514152,0.10910330489756404,0,6593.005500000025,5107.538999999979,48,0,317.0,0,0,0,0.0,0,0.0,272432.91111478687,0.0,0,0,0,1.5,0,0.0,0,0,0.0,0,0.0,0,0,580.1079999999988,127.0,1835.7395999999999,4,55.5579,38.8904,0.5198273367867925,5120.0,71.79036458333333,-0.23975084798177082,196,0,0.0,0,1406.0116921701365,3675.6666666666665,337,0.4704351873970187,0,0,0,0.0,0.0,0.0,0.0,0.0,0.0,0.0,0.0,0,0,0,0,7,0.0,0,12,0.0,0,0.0,1200.0,72.4089,15037.4876184159,0.0,15037.4876184159,0.0,55.5579,12165.334100000002,8648.642699999999,0.7160456702668232,384,16668.64272703939,128,255764.2683877477,4,0.0,4,100.0,2,239.8624000000005,-1834.9239000000002,13.398930000000002,300.0,0,0,535,535,"G10-40 step 10, public employment 40 %",debt,4,-5.093170329928398e-11
4,512,4,4,27112.88340000004,0.0,27381.481400000004,0.0,7689.5392,,0.0,2008.9835,5680.5557,0.0,1165.1259,16.932947625,0.00375,355.0311,9339.987764610392,0.0,1.0,2472.962899999992,4811.727584740248,0.0,0.0,1.0,0.0,0.0,1.0,0.0,0,0,0.9895833333333334,0.7149378013689289,0.0,819.0,0.0,0.0,1.0,0,0,0,0.2580474493205614,347,240.59509511903318,3.0752995642890624,243.67039468332226,4.824028625366653,2.4078064222088966,7.231835047575549,0.0,0.0,0.0,0.0,0,0,0.0,0.0,354.8627000000001,1.0,1.0,0.0,0.0,0.0,0.0,0.5,0.25,268.59799999999996,541.0895999999999,0.0,50,128.0515,809.785,3226.421,1516.3772999999828,0.0,0.0,0.0,0.0,0.0,0,0.0,0.0,0.0,0.0,0.0,0.0,0.0,0.009527094122679627,5.426723507462686,5.413734579439265,1.8141419642857108,1.4280375711574955,3.415214745594862,3.5776781599999983,1070.0,1072.0,535.0,2046.6666666666665,2046.6666666666665,794.6666666666667,0,0,0,2,50,36.0,2048.0,17656.777000000006,1722.1434999999997,5565.6903999999995,760,8,0,128,0.1583886163440249,0.7149378013689289,0.11489608290147846,0,6581.045300000004,5817.4475999999995,50,0,448.0,0,0,0,0.0,0,0.0,278827.25102184986,0.0,0,0,0,1.5,0,0.0,0,0,0.0,0,0.0,0,0,812.7355999999985,180.0,1813.2414,4,0.5618,0.3932,0.6767438188928029,5120.0,70.71126302083333,-0.22355550292968748,190,0,0.0,0,743.6790199135261,3620.4166666666665,337,0.67157914213784,0,0,0,0.0,0.0,0.0,0.0,0.0,0.0,0.0,0.0,0,0,0,0,0,0.0,0,12,0.0,0,0.0,1200.0,76.489,14775.674589561066,0.0,14775.674589561066,0.0,0.5618,11317.123800000003,9101.0753,0.7215418682054884,384,17260.921233264373,128,261566.32978858493,4,0.0,4,100.0,2,261.93399999999997,-1653.9524000000001,14.202865800000003,300.0,0,0,535,535,"G10-40 step 10, public employment 40 %",debt,4,-5.093170329928398e-11
5,512,4,4,28891.903400000003,0.0,29167.88770000002,0.0,9027.9941,,0.0,1890.808,7137.186099999999,0.0,1456.6304,21.302020875,0.00375,338.3397,9197.49223168831,0.0,1.0,2875.836699999991,4671.204327792186,0.0,0.0,1.0,0.0,0.0,1.0,0.0,0,0,0.98828125,0.7253878515847823,0.0,285.0,1.0,0.0,1.0,0,0,0,0.25477375451760886,347,292.33528174561843,2.6231749757281895,294.95845672134664,3.8343206560277787,1.8774040960749137,5.711724752102692,0.0,0.0,0.0,0.0,0,0,0.0,0.0,356.808,1.0,1.0,0.0,0.0,0.0,0.0,0.5,0.25,275.98429999999996,679.6044999999999,0.0,205,2588.1072,809.0871999999999,5762.602700000002,1552.0374000000434,0.0,0.0,0.0,0.0,0.0,0,0.0,0.0,0.0,0.0,0.0,0.0,21.1947,0.011025580022541392,5.596923978201638,5.598408785046714,1.787950220264315,1.5697585551330822,3.554585815358132,3.4703478152,1070.0,1101.0,535.0,2045.3333333333335,2044.0,819.0,0,0,0,2,62,53.0,2048.0,17179.557399999994,1178.6927,8629.8901,759,9,0,128,0.14411054999734785,0.7253878515847823,0.10924107173803477,0,6877.561100000007,6162.213300000004,62,0,227.0,0,0,0,0.0,0,0.0,381889.191729971,0.0,0,0,0,1.5,0,0.0,0,0,0.0,0,0.0,0,0,405.8646999999995,153.0,1565.4234999999999,4,9.0881,6.362,0.8779060505363847,5120.0,70.62174479166667,-0.19294797200520833,30,0,0.0,0,228.54634538546847,3615.8333333333335,337,0.9276186466785155,0,0,0,0.0,0.0,0.0,0.0,0.0,0.0,0.0,0.0,0,0,0,0,0,0.0,0,12,0.0,0,0.0,1200.0,157.4716,12219.25344129972,0.0,12219.25344129972,0.0,9.0881,11113.001199999995,11374.006300000001,0.7319080157609508,384,19161.56639436031,128,362727.62533561024,4,0.0,4,100.0,2,269.7123000000001,-1552.4683,15.055037748000004,424.1608,0,0,535,535,"G10-40 step 10, public employment 40 %",debt,4,-5.093170329928398e-11
6,512,4,4,29797.581999999984,0.0,30100.4889,0.0,10659.484699999999,,0.0,1772.6325,8886.8522,0.0,1749.6661000000001,26.7643755,0.00375,267.4787,9242.749267369683,0.0,1.0,3156.3448152588508,4701.240411579776,0.0,0.0,1.0,0.0,0.0,1.0,0.0,0,0,0.9869791666666666,0.734733124680965,0.0,266.0,1.0,0.0,1.0,0,0,0,0.25433600747582885,347,371.91776130617785,2.5197965732147116,374.4375578793926,3.9313543050017605,1.9049400962895617,5.8362944012913225,0.0,0.0,0.0,0.0,0,0,0.0,0.0,318.14709999999997,1.0,1.0,0.0,0.0,0.0,0.0,0.5,0.25,302.90690000000006,841.4283999999997,0.0,362,1844.0799999999992,938.4014000000004,3790.7964999999986,1490.2108999999764,0.0,0.0,0.0,0.0,0.0,1,0.0,0.0,0.0,0.0,0.0,190.29460000000003,50.6684,0.009333237475613647,5.6389823418319205,5.589112754158964,1.7138448275862046,1.7404018832391703,3.5861100257884218,5.650410957643935,1082.0,1059.0,541.0,2045.3333333333335,1976.0,819.0,17,0,0,1,46,43.0,2048.0,17578.642499999994,610.4748,10700.150399999999,758,10,0,128,0.15005503621306882,0.734733124680965,0.12181251205784682,0,6999.072799999957,5971.682300000004,46,0,145.0,0,0,0,0.0,0,0.0,487633.9777194285,0.0,0,0,0,1.5,0,0.0,0,0,0.0,0,0.0,0,0,248.50749999999968,73.0,640.8356,4,0.0,0.0,1.3133748808454246,5120.0,70.27994791666667,-0.17387920410156252,30,0,0.0,0,750.3781361585595,3598.3333333333335,337,1.0496316192391575,0,0,0,0.0,0.0,0.0,0.0,0.0,0.0,0.0,0.0,0,0,0,0,17,0.0,0,12,0.0,0,0.0,1200.0,223.24060000000006,11999.114643327739,0.0,11999.114643327739,0.0,0.0,11488.898700000007,11951.460799999999,0.7400964943377486,384,20974.817205152147,128,466659.16051427665,4,0.0,4,100.0,2,297.02689999999996,-1505.1538,15.958340012880004,538.9231,0,0,541,541,"G10-40 step 10, public employment 40 %",debt,4,-5.093170329928398e-11
7,512,3,4,30296.318400000033,0.0,28544.794200000008,0.0,12406.7497,,0.0,1654.457,10752.2927,0.0,1865.4405000000002,33.32546662499999,0.00375,236.3171,9309.402881905698,0.0,1.0,3236.441523040596,4737.667392699026,0.0,0.0,1.0,0.0,0.0,1.0,0.0,0,0,0.9856770833333334,0.7361531220751107,0.0,139.0,1.0,0.0,1.0,0,0,0,0.25000260083434767,345,362.88941304380165,2.333690661272447,365.2231037050741,3.1405404179774563,1.7924164839071337,4.93295690188459,0.0,0.0,0.0,0.0,0,0,0.0,0.0,290.9615,1.0,1.0,0.0,0.0,0.0,0.0,0.5,0.25,323.85450000000003,1007.9984999999998,2024.6313,496,1463.2725000000007,964.5361000000005,3437.0893000000005,1500.2046000000025,0.0,0.0,0.0,0.0,0.0,6,0.0,0.0,0.0,0.0,0.0,248.11599999999996,54.6444,0.011034221423258862,5.649944506517697,5.702279104477644,1.6938572368421059,1.9250055238095207,3.6183297220486788,5.68232120796852,1072.0,1074.0,536.0,2046.6666666666665,1956.0,819.0,22,0,0,1,55,39.0,2048.0,17053.729300000003,109.1754,12374.3956,757,8,3,128,0.13225505018506767,0.7361531220751107,0.1269515944115025,1,7122.975100000015,6068.040400000006,55,0,152.0,0,0,0,0.0,0,0.0,473572.8641005648,0.0,0,0,0,1.5,0,0.0,0,0,0.0,0,0.0,0,0,257.4663000000001,63.0,522.701,4,0.0,0.0,1.5938098619019192,5120.0,71.6796875,-0.16755351029829546,34,0,0.0,0,1102.0284637368086,3670.0,335,1.1859244843645684,0,0,0,0.0,0.0,0.0,0.0,0.0,0.0,0.0,0.0,0,0,0,0,22,0.0,0,11,0.0,0,0.0,1100.0,239.5159,8849.034387316678,0.0,8849.034387316678,0.0,0.0,11392.304600000007,13006.272,0.7460108223480684,384,21337.71331666477,128,452235.1507839,3,0.0,4,100.0,2,-212.22954999999956,-1418.1399000000001,16.915840413652806,514.92755,0,1,402,536,"G10-40 step 10, public employment 40 %",debt,4,-5.093170329928398e-11
8,512,1,4,29607.273400000002,0.0,23907.456921240988,0.0,14173.038799999998,,0.0,1536.2815,12636.757299999997,0.0,1884.4645999999993,40.320564750000024,0.00375,232.0544,9357.517060145143,0.0,1.0,3231.4387692737455,4756.207927596752,0.0,0.0,1.0,0.0,0.0,1.0,0.0,0,0,0.9895833333333334,0.733095987050981,3.0,152.0,3.0,0.0,1.0,0,0,0,0.25014878000396745,341,247.04293627576527,2.218374280230996,249.26131055599626,2.150154555952643,1.8175701684129677,3.967724724365611,0.0,0.0,0.0,0.0,0,0,0.0,0.0,232.05439999999996,1.0,1.0,0.0,0.0,0.0,0.0,0.5,0.25,337.0831,1179.7199,5929.3149,625,331.5247,1020.5696999999999,2706.5103999999983,1509.4806999999957,0.0,0.0,0.0,0.0,0.0,2,0.0,0.0,0.0,0.0,0.0,237.29790000000003,0.0,0.012426897018021814,5.638791361502346,5.773212244897957,1.67274121621622,2.0096992467043306,3.6165147211727846,6.0328646428822275,1078.0,1065.0,539.0,2046.6666666666667,1959.0,819.0,21,0,0,0,44,36.0,2048.0,16213.8547,98.8039,12652.8839,760,2,6,129,0.10248707833058868,0.733095987050981,0.13299032162639568,0,7166.421500000008,6005.312799999998,44,0,148.0,0,0,0,0.0,0,0.0,306817.1161077829,0.0,0,0,0,1.5,0,0.0,0,0,0.0,0,0.0,0,0,247.56570000000056,60.0,409.6765,4,0.0,0.0,2.0027079073837672,5120.0,76.05685763888889,-0.17653672743055557,34,0,0.0,0,380.50468114445806,3894.1111111111113,332,1.307862778783442,0,0,0,0.0,0.0,0.0,0.0,0.0,0.0,0.0,0.0,0,0,0,0,21,0.0,0,9,0.0,0,0.0,900.0,324.38358082730565,5554.760555225254,0.0,5554.760555225254,0.0,0.0,10787.293699999991,13161.364299999997,0.7591444291483402,383,19345.59604195778,129,287471.5200658256,1,0.0,4,100.0,2,-3904.9124787590417,-1304.2271,17.930790838471975,300.0,0,3,180,539,"G10-40 step 10, public employment 40 %",debt,4,-5.093170329928398e-11
9,512,1,4,30548.124800000012,0.0,24933.57514503083,0.0,16105.080600000003,,0.0,1955.4982,14149.582400000003,0.0,1512.8250999999987,47.384825875000004,0.00375,321.9632,9422.884208673608,0.0,1.0,3315.2737989671164,4756.102516893508,0.0,0.0,1.0,0.0,0.0,1.0,0.0,0,0,0.9895833333333334,0.7096520163988129,6.0,695.0,7.0,0.0,1.0,0,0,0,0.25041429494797857,341,113.30318906013026,2.2652872004437365,115.568476260574,2.1812811340494846,1.7149548421034595,3.896235976152944,0.0,0.0,0.0,0.0,0,0,0.0,0.0,321.9632,1.0,1.0,0.0,0.0,0.0,0.0,0.5,0.25,317.3027000000001,1325.3624999999993,5929.3149,763,1865.6468999999997,924.7955,5293.095600000001,1528.2105000000042,0.0,0.0,0.0,0.0,0.0,0,2.9187,0.0,0.0,0.0,0.0,327.05040000000014,0.0,0.014858352387616989,5.624802922374427,6.039375468164775,1.6456441176470593,2.0132142585551316,3.6179640041381784,5.85187870359576,1068.0,1095.0,534.0,2048.0,1930.0,819.0,29,0,0,3,60,50.0,2048.0,15737.8632,280.3178,13946.398000000001,760,8,0,129,0.10044693082921108,0.7096520163988129,0.13225728411335447,0,7162.420500000035,6159.159199999998,60,0,102.0,0,0,0,0.0,0,0.0,101478.1986900538,0.0,0,0,0,1.5,0,0.0,0,0,0.0,0,0.0,0,0,167.85570000000004,41.0,258.6639,4,0.0,0.0,2.3213966192505957,5120.0,75.95052083333333,-0.1676112829497191,25,0,0.0,0,286.94890197462325,3888.6666666666665,332,1.4483308032691946,0,0,0,0.0,0.0,0.0,0.0,0.0,0.0,0.0,0.0,0,0,0,0,29,0.0,0,9,0.0,0,0.0,900.0,431.89319999999987,10014.988986888717,0.0,10014.988986888717,0.0,0.0,10345.3174,14485.379699999998,0.8095327990257859,383,20545.48145192923,129,80932.71723812475,1,0.0,4,100.0,2,-5616.33495496917,-1633.535,19.006638288780294,17.930790838471975,0,3,534,534,"G10-40 step 10, public employment 40 %",debt,4,-5.093170329928398e-11
10,512,1,4,30401.912199999984,0.0,24783.297399999978,0.0,17877.6485,,0.0,2286.4322,15591.2163,0.0,1441.6338999999994,53.05439199999997,0.00375,302.5427,9455.836519888444,0.0,1.0,3250.8024402739875,4774.228906592288,0.0,0.0,1.0,0.0,0.0,1.0,0.0,0,0,0.98828125,0.7102118049931856,0.0,702.0,1.0,0.0,1.0,0,0,0,0.2502154553289284,341,117.96370321080232,2.2628577373241243,120.22656094812645,2.166896834478546,1.732861584036838,3.899758418515384,0.0,0.0,0.0,0.0,0,0,0.0,0.0,302.5427,1.0,1.0,0.0,0.0,0.0,0.0,0.5,0.25,321.1539,1486.369400000001,5929.3149,935,895.7447000000003,1041.9573,4576.678800000001,1521.6524000000009,0.0,0.0,0.0,0.0,0.0,0,9.2201,0.0,0.0,0.0,0.0,269.99039999999985,0.0,0.012893243297135632,5.64249416195857,5.941093506493553,1.7663713114754096,2.0557692452830203,3.61288438300737,5.676322342487888,1078.0,1062.0,539.0,2044.0000000000002,1948.0000000000002,819.0,24,0,0,1,49,40.0,2048.0,15714.565999999995,105.948,14061.026300000001,759,9,0,129,0.10003545309988993,0.7102118049931856,0.13448184022932863,3,7178.334300000023,5992.328800000002,49,0,122.0,0,0,0,0.0,0,0.0,105966.22337881965,0.0,0,0,0,1.5,0,0.0,0,0,0.0,0,0.0,0,0,215.49729999999997,49.0,208.6091,4,0.0,0.0,2.039055274492818,5120.0,70.29513888888889,-0.15647065717130537,45,0,0.0,0,496.07793384115473,3599.1111111111113,332,1.5112661868773227,0,0,0,0.0,0.0,0.0,0.0,0.0,0.0,0.0,0.0,0,0,0,0,24,0.0,0,9,0.0,0,0.0,900.0,545.9517000000002,10877.79048609727,0.0,10877.79048609727,0.0,0.0,10429.1486,14375.5834,0.8056436937408009,383,21900.37118161805,129,84065.85219720154,1,0.0,4,100.0,2,-5613.706699999999,-1983.8895000000002,20.147036586107113,17.930790838471975,0,3,539,539,"G10-40 step 10, public employment 40 %",debt,4,-5.093170329928398e-11
11,512,1,4,30700.544900000004,0.0,25081.277200000026,0.0,19727.82839999998,,0.0,2999.0922,16728.73619999998,0.0,1137.5198999999998,58.45575587499999,0.00375,310.36,9494.823859562644,0.0,1.0,3294.8990854348885,4789.1036487993315,0.0,0.0,1.0,0.0,0.0,1.0,0.0,0,0,0.98828125,0.7113021904557684,0.0,710.0,0.0,0.0,1.0,0,0,0,0.2500228069322843,341,121.71050851912182,2.2345423363518715,123.9450508554737,2.2143225322270266,1.7488520097071238,3.9631745419341504,0.0,0.0,0.0,0.0,0,0,0.0,0.0,310.36,1.0,1.0,0.0,0.0,0.0,0.0,0.5,0.25,328.41740000000004,1646.3313000000014,5929.3149,1079,1364.3529999999996,1065.7202999999993,1981.5941999999993,1522.4360999999994,0.0,0.0,0.0,0.0,0.0,0,9.1541,0.0,0.0,0.0,0.0,304.70990000000006,0.0,0.013946128415065668,5.618194182825482,6.217190148698866,1.8189452380952371,2.0273362948960316,3.6198674041408947,5.506032672213251,1076.0,1083.0,538.0,2046.6666666666667,1936.0,819.0,27,0,0,1,55,45.0,2048.0,15768.379799999984,366.2028,14131.6595,759,9,0,129,0.10502911405944637,0.7113021904557684,0.13349672260677248,2,7173.157499999974,6084.504299999997,55,0,84.0,0,0,0,0.0,0,0.0,110120.14705916544,0.0,0,0,0,1.5,0,0.0,0,0,0.0,0,0.0,0,0,152.79139999999992,39.0,114.7887,4,0.0,0.0,2.14228193400928,5120.0,70.1171875,-0.1378098737511665,33,0,0.0,0,379.4410128626782,3590.0,332,1.581633440264705,0,0,0,0.0,0.0,0.0,0.0,0.0,0.0,0.0,0.0,0,0,0,0,27,0.0,0,9,0.0,0,0.0,900.0,707.7203000000001,10379.38374252704,0.0,10379.38374252704,0.0,0.0,10459.569600000003,14612.651,0.80304820587154,383,23101.506228170518,129,87018.64083099485,1,0.0,4,100.0,2,-5614.033700000002,-2688.7322,21.35585878127354,17.930790838471975,0,3,538,538,"G10-40 step 10, public employment 40 %",debt,4,-5.093170329928398e-11
12,512,1,4,31110.390100000044,0.0,25162.775400000017,0.0,21538.78979999998,,0.0,3580.0744,17958.71539999998,0.0,1229.9792,62.716862875,0.00375,302.8974,9518.143640217742,0.0,1.0,3258.2204091412696,4800.454426811822,0.0,0.0,1.0,0.0,0.0,1.0,0.0,0,0,0.98828125,0.7108958017751488,0.0,719.0,0.0,0.0,1.0,0,0,0,0.25001622498647924,341,124.01087771534002,2.3175920760257394,126.32846979136575,2.263198950178678,1.7540094495841347,4.017208399762812,0.0,0.0,0.0,0.0,0,0,0.0,0.0,306.2789,1.0,1.0,0.0,0.0,0.0,0.0,0.5,0.25,7.986799999999921,1806.8663000000033,5929.3149,1243,1496.7729,1086.9277,1999.3563000000006,1517.524899999997,0.0,324.63180000000006,0.0,0.0,0.0,8,9.0877,0.0,0.0,0.0,0.0,280.91,3.3815,0.015,5.596022604651164,6.1155476808905425,1.8537252252252254,2.064947169811322,3.6024002751474846,5.3408516920468525,1078.0,1075.0,539.0,2046.6666666666667,1943.9999999999998,819.0,25,0,0,1,58,39.0,2048.0,15977.312499999987,558.7026,14209.1484,759,9,0,129,0.10570052671121544,0.7108958017751488,0.1359816079854017,2,7488.400699999967,6015.724300000002,58,0,111.0,0,0,0,0.0,0,0.0,112082.84204923206,0.0,0,0,0,1.5,0,0.0,0,0,0.0,0,0.0,0,0,205.76350000000002,45.0,53.2415,4,0.0,0.0,2.1633606185817666,5120.0,70.03038194444444,-0.1197697760949165,26,0,0.0,0,170.6345067327186,3585.5555555555557,332,1.63340286998156,0,0,0,0.0,0.0,0.0,0.0,0.0,0.0,0.0,0.0,0,0,0,0,25,0.0,0,9,0.0,0,0.0,900.0,756.7422000000003,10705.640043843625,0.0,10705.640043843625,0.0,0.0,10544.866799999994,14821.0925,0.8065046711251556,383,23509.186278478875,129,88573.65577075322,1,0.0,4,100.0,2,-5942.0552,-3277.177,22.637210308149953,17.930790838471975,0,3,539,539,"G10-40 step 10, public employment 40 %",debt,4,-5.093170329928398e-11
13,512,1,4,30867.905999999977,1.164,21878.853899999984,0.0,23361.085300000013,,0.0,3441.299,19919.786300000014,0.0,1961.0708999999993,67.32559437500012,0.00375,299.7208,9229.257786473556,0.0,1.0,3234.167285023265,4548.855465982364,0.0,0.0,1.0,0.0,0.0,1.0,0.0,0,0,0.9869791666666666,0.736658750800679,0.0,720.0,1.0,0.0,1.0,0,0,0,0.2500006441965194,342,172.3037948493737,2.4092897665191497,174.71308461589285,1.8902525643194328,1.7900735691340524,3.680326133453485,0.0,0.0,0.0,0.0,0,0,0.0,0.0,301.7014,1.0,1.0,0.0,0.0,0.0,0.0,0.5,0.25,161.02889999999988,1966.8671000000008,9266.165100000004,1400,853.6115,1094.9316000000001,1896.1760000000002,1493.9398,0.0,0.0,0.0,0.0,0.0,13,14.4556,0.0,0.0,0.0,0.0,268.6080000000001,1.9806,0.015,5.555812233549579,6.257974999999994,1.8615336065573778,2.04628,3.5150538475204263,5.8837015944806845,1080.0,1079.0,540.0,2046.6666666666665,1950.0,819.0,24,0,0,2,56,40.0,2048.0,15508.319399999997,280.1059,14748.3787,758,10,0,129,0.08753053080053452,0.736658750800679,0.11818214255792525,1,7016.649300000017,5994.721399999996,56,0,122.0,0,0,0,0.0,0,0.0,145337.7498916508,0.0,0,0,0,1.5,0,0.0,0,0,0.0,0,0.0,0,0,227.1071000000001,24.0,16.9256,2,0.0,0.0,2.7434975065872993,5120.0,58.052455357142854,-0.0570378652794442,88,0,0.0,0,398.53473786016025,2972.285714285714,336,2.5997750905763666,0,0,0,0.0,0.0,0.0,0.0,0.0,0.0,0.0,0.0,0,0,0,0,24,0.0,0,7,0.0,0,0.0,700.0,866.4912,10138.141169425488,0.0,10138.141169425488,0.0,0.0,10360.079000000005,15045.410200000002,0.8540453397910808,383,28117.30492156308,129,117220.44497008747,1,0.0,4,100.0,2,-9123.308899999998,-3141.5782,23.99544292663895,17.930790838471975,0,10,540,540,"G10-40 step 10, public employment 40 %",debt,4,-5.093170329928398e-11
14,512,1,4,33190.752199999966,3.0915999999999997,22676.991500000007,0.0,25273.385400000054,,0.0,6330.5922,18942.793200000055,0.0,936.9524999999998,74.67562725000012,0.00375,285.3479,9324.284007210348,0.0,1.0,3299.8155829471743,4616.016854806895,0.0,0.0,1.0,0.0,0.0,1.0,0.0,0,0,0.9869791666666666,0.7346897023679193,0.0,715.0,0.0,0.0,1.0,0,0,0,0.25019181942159474,338,172.1805087253962,2.4040631916243806,174.5845719170206,5.576283187876513,1.812309797003981,7.388592984880494,0.0,0.0,0.0,0.0,0,0,0.0,0.0,285.34790000000004,1.0,1.0,0.0,0.0,0.0,0.0,0.5,0.25,231.79549999999992,2108.4431999999983,10946.7119,1556,3408.9892999999997,1084.215499999999,4140.719900000001,1465.047599999999,0.0,0.0,0.0,0.0,0.0,5,8.9554,0.0,0.0,0.0,0.0,355.57120000000015,4.1633,0.015,5.510842709313258,6.25784304267162,1.9360100000000002,2.0579638941398906,3.52777729332133,4.363698217398935,1078.0,1063.0,539.0,2045.3333333333335,1917.0,819.0,32,0,0,2,53,28.0,2048.0,17718.839499999995,561.1528,14603.340100000001,758,10,0,129,0.1966939482800385,0.7346897023679193,0.12649617871208418,1,7026.976400000017,5858.025799999993,53,0,40.0,0,0,0,0.0,0,0.0,144890.84264901385,0.0,0,0,0,1.5,0,0.0,0,0,0.0,0,0.0,0,0,77.44040000000001,9.0,13.1165,1,0.0,0.0,3.1487637530420614,5120.0,54.82421875,0.008536194934398453,30,0,0.0,0,233.1999333955166,2807.0,333,2.9779659689406857,0,0,0,0.0,0.0,0.0,0.0,0.0,0.0,0.0,0.0,0,0,0,0,32,0.0,0,6,0.0,0,0.0,600.0,931.9039999999999,9712.961531764096,0.0,9712.961531764096,0.0,0.0,11754.7565,15177.609400000001,0.8752517030894087,383,28247.527265901444,129,116643.31538311241,1,0.0,4,100.0,2,-10735.761299999998,-6045.2443,25.43516950223729,17.930790838471975,0,15,539,539,"G10-40 step 10, public employment 40 %",debt,4,-5.093170329928398e-11
15,512,1,4,35580.57499999996,4.2556,25101.22689999999,0.0,27082.0641,,0.0,6342.5402,20739.5239,0.0,3098.2148999999995,71.00818037499994,0.00375,305.2559,9452.788714851982,0.0,1.0,3184.9515500470566,4690.441184901321,0.0,0.0,1.0,0.0,0.0,1.0,0.0,0,0,0.9869791666666666,0.7350048779501617,0.0,719.0,0.0,0.0,1.0,0,0,0,0.2577459703964832,338,177.9606860232737,2.4600341207986474,180.42072014407233,4.4472734575395005,1.8153159354972679,6.262589393036769,0.0,0.0,0.0,0.0,0,0,0.0,0.0,305.2559,1.0,1.0,0.0,0.0,0.0,0.0,0.5,0.25,272.96049999999997,2261.190599999994,10946.7119,1716,3654.517100000001,1263.5303000000001,4507.2504,1498.8696999999981,0.0,0.0,0.0,0.0,0.0,1,8.8896,0.0,0.0,0.0,0.0,264.52080000000007,6.0499,0.014416074521015516,5.4567294930875585,6.012015985130099,1.9558106557377037,2.059328598484848,3.53035928505542,4.232787270876967,1076.0,1085.0,538.0,2045.3333333333333,1946.0,819.0,24,0,0,2,53,38.0,2048.0,16984.210900000013,3628.3255,14653.887999999999,758,10,0,129,0.1675742264894724,0.7350048779501617,0.13404264227247786,2,7029.083899999966,5920.551500000001,53,0,122.0,0,0,0,0.0,0,0.0,148759.27895255762,0.0,0,0,0,1.5,0,0.0,0,0,0.0,0,0.0,0,0,238.60889999999986,49.0,0.0051,1,0.0,0.0,3.2445589094074183,5120.0,54.622395833333336,0.03550308621044008,29,0,0.0,0,376.9325424010774,2796.6666666666665,333,3.287694874456266,0,0,0,0.0,0.0,0.0,0.0,0.0,0.0,0.0,0.0,0,0,0,0,24,0.0,0,6,0.0,0,0.0,600.0,1041.6080999999997,7045.742160973267,0.0,7045.742160973267,0.0,0.0,10424.851599999995,18282.218599999997,0.871278600187479,383,29033.013872140593,129,119726.26508041706,1,0.0,4,100.0,2,-10702.1866,-6037.2843,26.96127967237153,17.930790838471975,0,15,538,538,"G10-40 step 10, public employment 40 %",debt,4,-5.093170329928398e-11
16,512,1,4,35406.57319999999,6.183199999999999,24977.1684,0.0,28892.003199999952,,0.0,6905.3386,21986.664599999953,0.0,2412.2666000000017,77.74191737499996,0.00375,276.2575,9631.15026300867,0.0,1.0,3186.4090926267404,4823.966567005779,0.0,0.0,1.0,0.0,0.0,1.0,0.0,0,0,0.9869791666666666,0.7362914128110356,0.0,191.0,0.0,0.0,1.0,0,0,0,0.25778817362310924,338,183.86265620511782,2.5187994059451904,186.381455611063,4.281014348337081,1.8268058379557455,6.107820186292826,0.0,0.0,0.0,0.0,0,0,0.0,0.0,285.776,1.0,1.0,0.0,0.0,0.0,0.0,0.5,0.25,328.8925999999998,2449.1851999999917,10946.7119,1873,1305.4536,1477.5277999999987,4710.950299999998,1456.9586999999974,0.0,0.0,0.0,0.0,0.0,6,8.823,0.0,0.0,0.0,0.0,294.66450000000003,9.5185,0.013210882204835043,5.387436738519215,5.953681784386595,1.9472284210526305,2.007295075757578,3.5201599382852176,4.105803652750658,1076.0,1067.0,538.0,2045.3333333333333,1935.0000000000002,819.0,27,0,0,1,49,33.0,2048.0,16910.394500000006,3626.1802,14584.918,758,10,0,129,0.1604325254214387,0.7362914128110356,0.13266872290372822,1,6985.324599999986,5748.395000000002,49,0,95.0,0,0,0,0.0,0,0.0,151807.76048723768,0.0,0,0,0,1.5,0,0.0,0,0,0.0,0,0.0,0,0,184.9866999999999,38.0,0.0,1,0.0,0.0,3.3079156130102825,5120.0,54.332682291666664,0.05785026068960677,33,0,0.0,0,652.4688276763604,2781.8333333333335,333,3.3042132459823947,0,0,0,0.0,0.0,0.0,0.0,0.0,0.0,0.0,0.0,0,0,0,0,27,0.0,0,6,0.0,0,0.0,600.0,1084.2855,6614.5126886097405,0.0,6614.5126886097405,0.0,0.0,11611.120100000002,18211.0982,0.8691356388242093,383,29296.64377264535,129,122511.11671459224,1,0.0,4,100.0,2,-10653.845499999998,-6629.0811,28.578956452713822,17.930790838471975,0,15,538,538,"G10-40 step 10, public employment 40 %",debt,4,-5.093170329928398e-11
17,512,1,4,34811.10740000005,8.9709,22930.83110000001,0.0,30683.195899999933,,0.0,7046.7819,23636.41399999993,0.0,3106.3798000000006,82.41538662500015,0.00375,282.9183,9695.986265609428,0.0,1.0,3135.18071040302,4872.004560406288,0.0,0.0,1.0,0.0,0.0,1.0,0.0,0,0,0.9856770833333334,0.734261062726667,0.0,196.0,1.0,0.0,1.0,0,0,0,0.2565743624274051,336,184.05699075239497,2.5716799349879897,186.62867068738296,4.829379122687424,1.877744445597934,6.707123568285358,0.0,0.0,0.0,0.0,0,0,0.0,0.0,282.9183,1.0,1.0,0.0,0.0,0.0,0.0,0.5,0.25,356.8645,2633.6976999999943,12534.039599999998,2005,929.8836,1522.5617,4433.367700000002,1467.626300000006,0.0,0.0,0.0,0.0,0.0,5,8.7574,0.0,0.0,0.0,0.0,280.1474,0.0,0.014227683298974038,5.305948440366974,5.97746018691586,2.012280833333333,1.984302862595422,3.504286314271178,2.407874321573727,1070.0,1090.0,535.0,2046.6666666666667,1939.0,819.0,26,0,0,0,57,42.0,2048.0,17084.4783,2860.5761,14574.3773,757,11,0,129,0.1730656217222073,0.734261062726667,0.13680870620343066,0,6939.553199999996,5783.483800000002,57,0,120.0,0,0,0,0.0,0,0.0,150835.46820274266,0.0,0,0,0,1.5,0,0.0,0,0,0.0,0,0.0,0,0,241.47369999999998,0.0,0.0,0,0.0,0.0,3.862775731953878,5120.0,54.2578125,0.12704767184465596,27,0,0.0,0,1441.0201176551557,2778.0,333,3.892673877847792,0,0,0,0.0,0.0,0.0,0.0,0.0,0.0,0.0,0.0,0,0,0,0,26,0.0,0,5,0.0,0,0.0,500.0,1118.2122999999995,6642.127862426948,0.0,6642.127862426948,0.0,0.0,11573.38069999999,17434.9534,0.8897172605942307,383,29136.305910850824,129,121699.16229189171,1,0.0,4,100.0,2,-12216.1803,-6763.8636,30.293693839876653,17.930790838471975,0,19,535,535,"G10-40 step 10, public employment 40 %",debt,4,-5.093170329928398e-11
18,512,1,4,36625.08610000005,513.5967,25133.8986,0.0,32576.815500000004,,0.0,9220.8921,23355.923400000003,0.0,1469.175499999999,88.59774537500019,0.00375,260.7933,9705.365083721317,0.0,1.0,3193.8600877064055,4892.9841724808775,0.0,0.0,1.0,0.0,0.0,1.0,0.0,1,0,0.9856770833333334,0.7399068473799295,0.0,194.0,0.0,0.0,1.0,1,0,0,0.25706454233286163,336,205.20839041277083,2.3930617216509398,207.60145213442175,4.386346881001202,1.9327403391665878,6.3190872201677895,0.0,0.0,0.0,0.0,0,0,0.0,0.0,260.7933,1.0,1.0,0.0,0.0,0.0,0.0,0.5,0.25,358.24589999999966,2805.5731999999957,12534.039599999998,2152,3837.1375000000007,1518.5329999999994,3916.6175000000003,1401.9861000000042,0.0,0.0,0.0,0.0,0.0,0,8.6908,0.0,0.0,0.0,0.0,382.02839999999986,0.0,0.015,5.243365250236072,5.95812500000001,NaN,1.9763954631380036,3.452070257117506,3.922432685128795,1080.0,1059.0,540.0,2048.0,1901.0,819.0,36,0,0,1,45,33.0,2048.0,16967.431399999987,2915.7166,14348.815,757,11,0,129,0.1582368993786678,0.7399068473799295,0.1366453618598218,0,6848.725599999955,5552.7238,45,0,0.0,0,0,0,0.0,0,0.0,168215.6236142469,0.0,0,0,0,1.5,0,0.0,0,0,0.0,0,0.0,0,0,0.0,0.0,2123.639,1,0.0,0.0,4.562426927715766,5120.0,60.367838541666664,0.19669861976637995,43,0,0.0,0,3617.5529834851336,3090.8333333333335,333,3.2258096349760463,0,0,0,0.0,0.0,0.0,0.0,0.0,0.0,0.0,0.0,0,0,0,0,36,0.0,0,6,0.0,0,0.0,2392.5615,1938.2013000000002,7018.909281723668,0.0,7018.909281723668,0.0,0.0,11100.440299999998,19388.1706,0.8794355141588812,383,36057.361096133434,129,132158.26251811348,1,0.0,4,100.0,2,-12222.389899999998,-8960.0988,32.111315470269254,17.930790838471975,0,19,540,540,"G10-40 step 10, public employment 40 %",debt,4,-5.093170329928398e-11
19,512,1,4,34872.81089999994,513.636,23391.56000000003,0.0,34331.242700000024,,0.0,9025.6231,25305.619600000024,0.0,3815.136700000003,87.54302400000013,0.00375,285.9515,9656.467443589117,0.0,1.0,3040.850962511804,4856.577520726078,0.0,0.0,1.0,0.0,0.0,1.0,0.0,0,0,0.9856770833333334,0.7363754577364223,0.0,726.0,0.0,0.0,1.0,1,0,0,0.25877318166629537,336,208.41581837041807,2.7341902811005356,211.15000865151862,4.37562349024413,1.9168276424244681,6.292451132668598,0.0,0.0,0.0,0.0,0,0,0.0,0.0,284.8471,1.0,1.0,0.0,0.0,0.0,0.0,0.5,0.25,376.05959999999936,2994.539299999997,12534.039599999998,2275,745.1909999999999,2497.4268999999986,1370.6650999999993,1445.2705000000033,0.0,0.0,0.0,0.0,0.0,0,8.6248,0.0,0.0,0.0,0.0,262.16750000000013,0.0,0.015,5.1875611007462705,5.881958130841115,2.0506839416058407,1.9720908396946553,3.4405697067703107,7.155148383186571,1070.0,1072.0,535.0,2046.6666666666667,1946.0,819.0,25,0,0,3,46,38.0,2048.0,16799.29679999999,2947.2654,14228.953300000001,757,11,0,129,0.15083183406019884,0.7363754577364223,0.1378513009407123,1,6831.580299999993,5561.065500000002,46,0,137.0,0,0,0,0.0,0,0.0,169985.12545204014,0.0,0,0,0,1.5,0,0.0,0,0,0.0,0,0.0,0,0,280.94370000000015,55.0,602.7191,1,3.6808,2.5764,3.8255658003683854,5120.0,54.358723958333336,0.16801076820387995,65,0,0.0,0,3469.9043404828894,2783.1666666666665,333,3.3035552449389747,0,0,0,0.0,0.0,0.0,0.0,0.0,0.0,0.0,0.0,0,0,0,0,25,0.0,0,6,0.0,0,0.0,2392.5615,1114.7778999999996,6639.832168683704,0.0,6639.832168683704,0.0,3.6808,10584.190099999994,17778.9378,0.8726938067857908,383,36305.21296484909,129,133679.91248719092,1,0.0,4,100.0,2,-12212.166599999999,-8739.671600000001,34.03799439848541,17.930790838471975,0,19,535,535,"G10-40 step 10, public employment 40 %",debt,4,-5.093170329928398e-11
20,512,1,4,34791.65360000001,513.6753,23291.403999999973,0.0,36071.74270000003,,0.0,9668.1946,26403.548100000033,0.0,2982.393099999997,94.8523692500002,0.00375,280.0843,9605.91392613076,0.0,1.0,3029.2246994403126,4832.047534087173,0.0,0.0,1.0,0.0,0.0,1.0,0.0,0,0,0.984375,0.737733851308328,0.0,194.0,1.0,0.0,1.0,1,0,0,0.25976326094695623,336,217.1767112461002,2.8121562738558348,219.98886751995605,4.8662275876702346,2.112046373057077,6.978273960727311,0.0,0.0,0.0,0.0,0,0,0.0,0.0,278.8242,1.0,1.0,0.0,0.0,0.0,0.0,0.5,0.25,364.93799999999914,3163.4916000000007,12534.039599999998,2384,1603.6442999999992,1684.7623000000003,4476.593900000001,1422.8811999999994,0.0,0.0,0.0,0.0,0.0,0,8.5591,0.0,0.0,0.0,0.0,280.1277,0.0,0.015,5.16290877358491,5.850049530956852,2.0726967213114746,1.9401506717850308,3.413116218703078,6.940493931690973,1066.0,1060.0,533.0,2044.0,1936.0,819.0,27,0,0,1,42,33.0,2048.0,17673.698300000004,2204.1453,14081.580399999999,756,12,0,129,0.1673912037860843,0.737733851308328,0.13763819933382715,0,6755.936599999983,5472.683300000004,42,0,122.0,0,0,0,0.0,0,0.0,174588.36557488865,0.0,0,0,0,1.5,0,0.0,0,0,0.0,0,0.0,0,0,252.86899999999991,49.0,543.5862,1,4.2025,2.9420999999999995,3.914478652376433,5120.0,51.819661458333336,0.16137818001502813,70,0,0.0,0,960.4982889328007,2653.1666666666665,333,3.337642429684434,0,0,0,0.0,0.0,0.0,0.0,0.0,0.0,0.0,0.0,0,0,0,0,27,0.0,0,6,0.0,0,0.0,2392.5615,1095.7472,7275.840526138151,0.0,7275.840526138151,0.0,4.2025,11613.4003,16829.3119,0.8706015615014604,383,36895.53736781618,129,137692.82820707266,1,0.0,4,100.0,2,-12230.8783,-9388.1103,36.08027406239454,17.930790838471975,0,19,533,533,"G10-40 step 10, public employment 40 %",debt,4,-5.093170329928398e-11
21,512,1,4,34504.242200000044,524.1813999999999,22960.439399999992,0.0,37768.582700000006,,0.0,10135.5555,27633.027200000008,0.0,2742.3042000000028,98.96981487500021,0.00375,290.0342,9520.477252285207,0.0,1.0,2973.527103584904,4779.624743190137,0.0,0.0,1.0,0.0,0.0,1.0,0.0,0,0,0.984375,0.7383085379050711,0.0,197.0,0.0,0.0,1.0,1,0,0,0.26031960149000416,336,221.3379399143888,2.734027978718854,224.07196789310768,3.7737016680718938,2.1468673722972906,5.920569040369185,0.0,0.0,0.0,0.0,0,0,0.0,0.0,290.0342,1.0,1.0,0.0,0.0,0.0,0.0,0.5,0.25,355.6203999999991,3328.6637999999994,12534.039599999998,2463,1475.3534000000002,1752.2586999999999,1923.3350999999998,1433.9909999999963,0.0,0.0,0.0,0.0,0.0,0,8.4925,0.0,0.0,0.0,0.0,237.49339999999987,0.0,0.015,5.147350516431924,5.886690806754222,2.1046162500000003,1.9150738963531664,3.3975658206819546,6.732279113740245,1066.0,1065.0,533.0,2046.6666666666667,1951.0000000000002,819.0,23,0,0,1,49,26.0,2048.0,17336.363800000003,2290.8205,13937.6038,756,12,0,129,0.13744625067729066,0.7383085379050711,0.1378741247043267,0,6719.93640000001,5481.9283,49,0,160.0,0,0,0,0.0,0,0.0,176984.3342950267,0.0,0,0,0,1.5,0,0.0,0,0,0.0,0,0.0,0,0,336.7386000000001,64.0,640.9274,1,0.0,0.0,3.9608121686569624,5120.0,51.217447916666664,0.18637758756711145,64,0,0.0,0,337.4525322920464,2622.3333333333335,333,3.302290256584938,0,0,0,0.0,0.0,0.0,0.0,0.0,0.0,0.0,0.0,0,0,0,0,23,0.0,0,6,0.0,0,0.0,2392.5615,1052.6814000000004,7157.642405587706,0.0,7157.642405587706,0.0,0.0,11118.6129,16869.3517,0.8695094193057245,383,37252.12718985753,129,139732.20710516907,1,0.0,4,100.0,2,-12247.787099999998,-9845.5213,38.24509050613821,17.930790838471975,0,19,533,533,"G10-40 step 10, public employment 40 %",debt,4,-5.093170329928398e-11
22,512,1,4,34558.26020000002,524.1813999999999,22999.169499999978,0.0,39432.067600000024,,0.0,10961.1853,28470.882300000027,0.0,2279.4889999999987,103.57953412500005,0.00375,297.2595,9443.774397639245,0.0,1.0,2943.991021690137,4732.716015092829,0.0,0.0,1.0,0.0,0.0,1.0,0.0,0,0,0.984375,0.7380202958944375,0.0,709.0,0.0,0.0,1.0,1,0,0,0.2588540461050367,336,221.9316263281639,2.7433342138365173,224.67496054200043,4.051032135148934,2.063888940535116,6.11492107568405,0.0,0.0,0.0,0.0,0,0,0.0,0.0,295.81149999999997,1.0,1.0,0.0,0.0,0.0,0.0,0.5,0.25,346.4075999999999,3488.902899999999,12534.039599999998,2556,1746.7542999999996,1692.7362999999998,2500.6730000000002,1442.0331000000028,0.0,0.0,0.0,0.0,0.0,0,8.4267,0.0,0.0,0.0,0.0,216.18870000000007,0.0,0.015,5.132758025830255,5.788499999999947,2.1707074999999993,1.9118543893129751,3.3878345878305565,6.530310740328037,1072.0,1084.0,536.0,2046.6666666666665,1957.0,819.0,21,0,0,1,56,31.0,2048.0,17311.72349999999,2337.4947,13907.5715,756,12,0,129,0.14769665026645407,0.7380202958944375,0.14028867255403332,0,6703.228400000008,5563.9096999999965,56,0,160.0,0,0,0,0.0,0,0.0,177338.04578884307,0.0,0,0,0,1.5,0,0.0,0,0,0.0,0,0.0,0,0,347.3131999999999,64.0,695.7843,1,4.8279,3.3794999999999957,3.9439351892890073,5120.0,51.087239583333336,0.21240105761919478,20,0,0.0,0,218.55457994172974,2615.6666666666665,333,3.3072633628896444,0,0,0,0.0,0.0,0.0,0.0,0.0,0.0,0.0,0.0,0,0,0,0,21,0.0,0,6,0.0,0,0.0,2392.5615,1025.9829999999993,7226.743121909846,0.0,7226.743121909846,0.0,4.8279,11414.562600000003,16940.8505,0.8691176724415317,383,37158.72516877951,129,140179.32062006363,1,0.0,4,100.0,2,-12264.9821,-10663.925799999999,40.53979593650651,17.930790838471975,0,19,536,536,"G10-40 step 10, public employment 40 %",debt,4,-5.093170329928398e-11
23,512,1,4,33451.928200000024,524.1813999999999,21878.582400000003,0.0,41076.577000000005,,0.0,10580.4419,30496.135100000003,0.0,3162.7727000000014,106.7215480000001,0.00375,302.6506,9351.392906538822,0.0,1.0,2925.3731210332007,4675.548812692547,0.0,0.0,1.0,0.0,0.0,1.0,0.0,0,0,0.9830729166666666,0.7450411940221826,0.0,181.0,1.0,0.0,1.0,1,0,0,0.2552746550162502,336,652.8631415466564,2.7513228335029627,655.6144643801592,3.3091294580492727,2.04948503930538,5.358614497354653,0.0,0.0,0.0,0.0,0,0,0.0,0.0,300.8672000000001,1.0,1.0,0.0,0.0,0.0,0.0,0.5,0.25,338.2276000000001,3645.573999999993,12534.039599999998,2634,605.8003000000001,1712.1322999999995,3404.3043000000043,1447.8262000000018,0.0,0.0,0.0,0.0,0.0,0,8.3601,0.0,0.0,0.0,0.0,205.31000000000003,0.0,0.015,5.110921532846718,5.83901799628941,2.2309268750000006,1.8901889733840227,3.3827182170558854,6.334401418118195,1078.0,1096.0,539.0,2046.6666666666665,1963.0,819.0,20,0,0,0,61,42.0,2048.0,16853.16230000001,1663.5042,13920.2831,755,13,0,129,0.12721376321416988,0.7450411940221826,0.13993022393723709,0,6694.652599999979,5601.570000000003,61,0,160.0,0,0,0,0.0,0,0.0,750054.52072935,0.0,0,0,0,1.5,0,0.0,0,0,0.0,0,0.0,0,0,356.94830000000013,64.0,703.9679,1,5.9449,4.1617999999999995,3.885693075499679,5120.0,51.015625,0.5348486572265625,9,0,0.0,0,68.37136148877518,2612.0,333,3.307978647518576,0,0,0,0.0,0.0,0.0,0.0,0.0,0.0,0.0,0.0,0,0,0,0,20,0.0,0,6,0.0,0,0.0,2392.5615,985.5870999999996,7823.942804563012,0.0,7823.942804563012,0.0,5.9449,11019.0737,16287.7552,0.777027623181711,383,37205.93668643169,129,712848.5840429185,1,0.0,4,100.0,2,-12281.145099999998,-10277.791299999999,42.9721836926969,776.7890500000001,0,19,539,539,"G10-40 step 10, public employment 40 %",debt,4,-5.093170329928398e-11
24,512,1,4,33085.72610000001,524.1813999999999,21216.532399999986,0.0,42699.77520000002,,0.0,10654.3125,32045.462700000022,0.0,2779.306800000002,114.31647325000024,0.00375,296.5733,9262.515158815546,0.0,1.0,2902.7094182481637,4624.725172543696,0.0,0.0,1.0,0.0,0.0,1.0,0.0,0,0,0.9817708333333334,0.7446454445000696,0.0,708.0,1.0,0.0,1.0,1,0,0,0.2545086441591465,336,649.3869095807264,2.7315404808061676,652.1184500615326,3.5092169264730275,1.9868252286552566,5.496042155128284,0.0,0.0,0.0,0.0,0,0,0.0,0.0,294.7861,1.0,1.0,0.0,0.0,0.0,0.0,0.5,0.25,48.454800000000084,3792.8227999999954,12534.039599999998,2734,1357.1452000000013,1723.3472999999988,4218.154700000002,1440.6957999999995,0.0,276.2586,0.0,0.0,0.0,0,8.2943,0.0,0.0,0.0,0.0,194.2142,0.0,0.015,5.139300743494429,5.759547970479715,2.297995625000002,1.8914200757575812,3.3666233468591753,6.144369375574651,1084.0,1076.0,542.0,2048.0,1969.0,819.0,19,0,0,2,59,37.0,2048.0,17203.358700000015,972.5045,13901.8851,754,14,0,129,0.13797258431802994,0.7446454445000696,0.14008447125205636,0,6953.908099999989,5529.8876000000055,59,0,160.0,0,0,0,0.0,0,0.0,742099.4663793485,0.0,0,0,0,1.5,0,0.0,0,0,0.0,0,0.0,0,0,367.67930000000035,64.0,703.1102,1,5.9588,4.172299999999998,3.885693075499679,5120.0,51.015625,0.5535162858072917,0,0,0.0,0,0.0,2612.0,333,3.305709978462367,0,0,0,0.0,0.0,0.0,0.0,0.0,0.0,0.0,0.0,0,0,0,0,19,0.0,0,6,0.0,0,0.0,2392.5615,948.4453999999995,8693.900574554742,0.0,8693.900574554742,0.0,5.9588,11263.388300000015,15577.4998,0.777636058514463,383,37558.40038643173,129,704541.0659929181,1,0.0,4,100.0,2,-12578.900099999999,-10357.7392,45.55051471425872,764.7418,0,19,542,542,"G10-40 step 10, public employment 40 %",debt,4,-5.093170329928398e-11
25,512,1,4,32750.66630000002,524.1813999999999,20989.4371,0.0,44369.03799999996,,0.0,11176.7724,33192.265599999955,0.0,3107.8737999999985,120.12723512500024,0.00375,291.8682,9183.677469622928,0.0,1.0,2918.8165282527907,4580.039179748617,0.0,0.0,1.0,0.0,0.0,1.0,0.0,0,0,0.98046875,0.7444630904448688,0.0,708.0,1.0,0.0,1.0,1,0,0,0.25677173196425823,336,646.147884550615,2.6835138475143023,648.8313983981293,4.212603304354787,2.0211002771167177,6.233703581471505,0.0,0.0,0.0,0.0,0,0,0.0,0.0,289.98799999999994,1.0,1.0,0.0,0.0,0.0,0.0,0.5,0.25,162.49440000000013,3932.9126999999953,12534.039599999998,2811,1426.5800000000004,1761.6398000000004,2281.7479000000008,1418.2906000000007,0.0,0.0,0.0,0.0,0.0,1,13.3273,0.0,0.0,0.0,0.0,195.29340000000005,0.0,0.015,5.113907022471905,5.795438632162699,2.3898799999999985,1.8903701520912553,3.3121949240350506,5.9600382943074095,1082.0,1068.0,541.0,2045.3333333333333,1967.0,819.0,19,0,0,1,46,36.0,2048.0,17629.679499999987,302.4191,13810.587599999999,753,15,0,129,0.15284480798018452,0.7444630904448688,0.12583429835516768,2,6578.289200000031,5461.652699999995,46,0,160.0,0,0,0,0.0,0,0.0,742925.0873793506,0.0,0,0,0,1.5,0,0.0,0,0,0.0,0,0.0,0,0,382.38079999999974,64.0,702.7846,1,6.2659,4.385500000000001,3.885693075499679,5120.0,51.015625,0.5756071354166666,0,0,0.0,0,0.0,2612.0,333,3.2069828048356457,0,0,0,0.0,0.0,0.0,0.0,0.0,0.0,0.0,0.0,0,0,0,0,19,0.0,0,6,0.0,0,0.0,2392.5615,874.6581000000002,9232.573822948016,0.0,9232.573822948016,0.0,6.2659,11626.293599999994,14815.7913,0.7771295905663385,383,37736.57618643171,129,705188.5111929186,1,0.0,4,100.0,2,-12467.743899999998,-10884.904199999999,48.28354559711424,764.7418,0,19,541,541,"G10-40 step 10, public employment 40 %",debt,4,-5.093170329928398e-11
26,512,1,4,32019.378999999997,524.1813999999999,20315.436699999955,0.0,46081.85299999999,,0.0,11147.1102,34934.742799999985,0.0,2679.429699999999,124.42681312500012,0.00375,313.6155,9095.05125464456,0.0,1.0,2945.310723033712,4516.2434280963735,0.0,0.0,1.0,0.0,0.0,1.0,0.0,0,1,0.98046875,0.743473044918296,0.0,699.0,0.0,0.0,1.0,1,0,0,0.2556685640416172,336,634.9470614515338,2.655292641542181,637.6023540930761,3.0470551760663542,1.990295910850232,5.037351086916586,0.0,0.0,0.0,0.0,0,0,0.0,0.0,311.50260000000003,1.0,1.0,0.0,0.0,0.0,0.0,0.5,0.25,225.85640000000004,4067.959,12534.039599999998,2888,978.4409,1709.7282000000014,3951.8662,1434.5976999999984,0.0,0.0,0.0,0.0,0.0,0,8.6577,0.0,0.0,0.0,0.0,235.23940000000002,3.4169,0.015,5.1191206392694,5.808476404494358,2.48511375,1.875896146435449,3.3280164211554384,5.781237145478188,1068.0,1095.0,534.0,2046.6666666666667,1953.0000000000002,819.0,23,0,0,1,65,43.0,2048.0,16563.623300000003,406.8751,14032.040600000002,753,15,0,129,0.119173280521091,0.743473044918296,0.13054160964422046,1,6587.464400000009,5605.437099999993,65,0,160.0,0,0,0,0.0,0,0.0,734245.0988622351,0.0,0,0,0,1.5,0,0.0,0,0,0.0,0,0.0,0,0,397.6182,64.0,694.5668,1,7.0516,4.935800000000005,3.5805857800206353,5120.0,51.015625,0.6042106380208333,2,0,0.0,0,13.159977488526296,2612.0,333,3.1892356921954885,0,0,0,0.0,0.0,0.0,0.0,0.0,0.0,0.0,0.0,0,0,0,0,23,0.0,0,6,0.0,0,0.0,2392.5615,785.8865999999996,8490.864719391644,0.0,8490.864719391644,0.0,7.0516,10808.081100000001,15133.4825,0.7763463032429796,383,36429.958880746184,129,697815.1399814881,1,0.0,4,100.0,2,-12416.9679,-10833.4947,51.1805583329411,764.7418,0,19,534,534,"G10-40 step 10, public employment 40 %",debt,4,-5.093170329928398e-11
27,512,1,4,34402.2856,524.1813999999999,22713.154299999995,0.0,47700.406300000024,,0.0,14097.059,33603.34730000002,0.0,1766.8193999999996,130.960038625,0.00375,294.6948,9020.534667566584,0.0,1.0,2886.885201735144,4478.099136711056,0.0,0.0,1.0,0.0,0.0,1.0,0.0,0,0,0.98046875,0.7427552785729576,0.0,709.0,0.0,0.0,1.0,1,0,0,0.25760998424149545,336,627.4594130908446,2.6506751261762145,630.1100882170208,6.907301526101178,2.057266057859098,8.964567583960276,0.0,0.0,0.0,0.0,0,0,0.0,0.0,292.2435,1.0,1.0,0.0,0.0,0.0,0.0,0.5,0.25,246.74249999999995,4196.306000000001,12534.039599999998,2986,4043.414200000003,1660.5075999999995,4250.416899999996,1436.1512999999882,0.0,0.0,0.0,0.0,0.0,0,8.0956,0.0,0.0,0.0,0.0,174.04940000000005,0.0,0.015,5.128877851711019,5.7136478021978405,2.5893668750000005,1.8808629001883255,3.3439646336550433,5.607800031113842,1092.0,1052.0,546.0,2046.6666666666667,1977.0,819.0,17,0,0,2,47,26.0,2048.0,18820.478200000012,472.059,14106.5139,753,15,0,129,0.21680365518106948,0.7427552785729576,0.13653407122062777,1,6642.351499999982,5395.579499999993,47,0,160.0,0,0,0,0.0,0,0.0,730361.9018403331,0.0,0,0,0,1.5,0,0.0,0,0,0.0,0,0.0,0,0,414.2987000000001,64.0,700.4441,1,8.1839,5.732399999999992,3.4235069316514504,5120.0,51.015625,0.6245678092447916,7,0,0.0,0,31.54246587813837,2612.0,333,3.124143671143932,0,0,0,0.0,0.0,0.0,0.0,0.0,0.0,0.0,0.0,0,0,0,0,17,0.0,0,6,0.0,0,0.0,2392.5615,722.4439999999998,8923.200782786174,0.0,8923.200782786174,0.0,8.1839,12411.444300000005,15279.017000000002,0.7757378532792256,383,35897.82164603271,129,694464.0801942998,1,0.0,4,100.0,2,-12404.560299999997,-13802.3642,54.25139183291756,764.7418,0,19,546,546,"G10-40 step 10, public employment 40 %",debt,4,-5.093170329928398e-11
28,512,1,4,34087.11330000001,524.1813999999999,22410.822399999997,0.0,49425.05500000005,,0.0,14121.5133,35303.54170000005,0.0,4112.4609999999975,125.9674227500002,0.00375,313.9736,8962.413214704573,0.0,1.0,2953.9232811786983,4433.917443136383,0.0,0.0,1.0,0.0,0.0,1.0,0.0,0,0,0.98046875,0.7426116209991269,0.0,690.0,0.0,0.0,1.0,1,0,0,0.2595139011449506,336,627.2603322102545,2.6438121298477517,629.9041443401023,5.701289922139231,1.9606954850180407,7.661985407157271,0.0,0.0,0.0,0.0,0,0,0.0,0.0,308.11899999999997,1.0,1.0,0.0,0.0,0.0,0.0,0.5,0.25,265.6574,4333.626700000018,12534.039599999998,3075,1486.6737000000003,1801.8459999999995,1700.5240000000017,1445.0521999999949,0.0,0.0,0.0,0.0,0.0,0,8.029,0.0,0.0,0.0,0.0,235.92940000000004,0.0,0.014559097453723139,5.111675438596492,5.780716104868902,2.677082500000001,1.8629722543352625,3.365933194765136,5.439566030180426,1068.0,1083.0,534.0,2045.3333333333335,1953.0,819.0,23,0,0,1,51,35.0,2048.0,18021.10289999999,573.807,14466.8048,753,15,0,129,0.19275893875048067,0.7426116209991269,0.13813737929427639,1,6645.3921999999675,5535.944500000001,51,0,160.0,0,0,0,0.0,0,0.0,731498.4521656882,0.0,0,0,0,1.5,0,0.0,0,0,0.0,0,0.0,0,0,428.33320000000015,64.0,703.396,1,19.535800000000002,13.677899999999951,3.4345268576070325,5120.0,51.015625,0.647681318359375,1,0,0.0,0,3.4366384887631787,2612.0,333,3.1805292460076813,0,0,0,0.0,0.0,0.0,0.0,0.0,0.0,0.0,0.0,0,0,0,0,23,0.0,0,6,0.0,0,0.0,2392.5615,675.1041999999999,7954.327470335237,0.0,7954.327470335237,0.0,19.535800000000002,10927.294499999995,15744.007800000001,0.7754108684201937,383,36158.24028235688,129,695340.2118833308,1,0.0,4,226.12800000000016,2,-12393.627800000002,-13807.539700000001,57.50647534289262,764.7418,0,19,534,534,"G10-40 step 10, public employment 40 %",debt,4,-5.093170329928398e-11
29,512,1,4,35158.27920000003,524.1813999999999,23485.146900000003,0.0,51115.494800000066,,0.0,15676.8137,35438.68110000007,0.0,3241.5192000000006,132.34233087500044,0.00375,325.2947,8912.067316928378,0.0,1.0,2933.7971192982377,4397.409061285586,0.0,0.0,1.0,0.0,0.0,1.0,0.0,0,0,0.98046875,0.7422332394547708,0.0,692.0,0.0,0.0,1.0,1,0,0,0.2555304151947301,336,625.1465220415512,2.626376072304061,627.7728981138553,6.956975920783545,1.958131625055128,8.915107545838675,0.0,0.0,0.0,0.0,0,0,0.0,0.0,314.3448,1.0,1.0,0.0,0.0,0.0,0.0,0.5,0.25,272.3537,4468.187000000006,12534.039599999998,3177,2931.4449999999974,1860.2791000000018,3181.2180999999973,1457.6753000000006,0.0,0.0,0.0,0.0,0.0,0,5.4264,0.0,0.0,0.0,0.0,224.91479999999999,0.0,0.015,5.103107129798896,5.701725000000008,2.8043512500000007,1.8653316698656492,3.360968027081741,5.276379049275014,1072.0,1094.0,536.0,2046.6666666666667,1957.0,819.0,22,0,0,0,63,42.0,2048.0,18632.60579999999,644.6996,14838.3125,753,15,0,129,0.22264717763520592,0.7422332394547708,0.1434203313161313,2,6641.782500000024,5582.799199999992,63,0,160.0,0,0,0,0.0,0,0.0,729221.8842391408,0.0,0,0,0,1.5,0,0.0,0,0,0.0,0,0.0,0,0,448.6962000000001,64.0,711.9402,1,36.5046,25.55439999999995,3.3361395943731034,5120.0,51.015625,0.676181875,5,0,0.0,0,28.826698117993967,2612.0,333,3.149776841827576,0,0,0,0.0,0.0,0.0,0.0,0.0,0.0,0.0,0.0,0,0,0,0,22,0.0,0,6,0.0,0,0.0,2392.5615,640.9527999999995,7895.740499059208,0.0,7895.740499059208,0.0,36.5046,12962.887100000002,16194.9523,0.77510974558283,383,35734.986274572904,129,693486.8979645687,1,0.0,4,226.12800000000016,2,-12394.913100000002,-15351.519,60.95686386346618,764.7418,0,19,536,536,"G10-40 step 10, public employment 40 %",debt,4,-5.093170329928398e-11
30,512,1,4,33682.539000000004,524.1813999999999,22014.788199999995,0.0,52744.760199999975,,0.0,14659.2075,38085.55269999997,0.0,4116.047099999997,132.84852337500018,0.00375,319.8718,8835.614759169965,0.0,1.0,2888.0498566727524,4343.02713111331,0.0,0.0,1.0,0.0,0.0,1.0,0.0,0,0,0.98046875,0.7414443894229359,0.0,699.0,1.0,0.0,1.0,1,0,0,0.25506833791683364,336,613.3770310039956,2.6299309694730946,616.0069619734688,4.1609914810772235,1.9036541333152437,6.064645614392467,0.0,0.0,0.0,0.0,0,0,0.0,0.0,307.3818,1.0,1.0,0.0,0.0,0.0,0.0,0.5,0.25,275.89869999999974,4605.4892999999975,12534.039599999998,3303,442.95699999999977,1918.6971999999969,3436.5795,1464.6404000000048,0.0,0.0,0.0,0.0,0.0,0,0.0048,0.0,0.0,0.0,0.0,183.71159999999998,0.0,0.014215373345810611,5.1449657063197005,5.7062816513761625,2.928120625000002,1.8524558490566054,3.36708242836511,5.118087677796763,1090.0,1076.0,545.0,2048.0,1975.0,819.0,18,0,0,4,55,43.0,2048.0,16998.125500000013,735.7299,14914.612200000001,753,15,0,129,0.15882817399896876,0.7414443894229359,0.14522475566809878,0,6670.723800000023,5535.983099999998,55,0,160.0,0,0,0,0.0,0,0.0,718281.0668809415,0.0,0,0,0,1.5,0,0.0,0,0,0.0,0,0.0,0,0,468.4993000000003,64.0,714.1948,1,41.6411,29.152799999999992,3.1540942832338033,5120.0,51.015625,0.6897688574218751,4,0,0.0,0,29.97403989407715,2612.0,333,3.238672917372879,0,0,0,0.0,0.0,0.0,0.0,0.0,0.0,0.0,0.0,0,0,0,0,18,0.0,0,6,0.0,0,0.0,2392.5615,580.5839999999998,8018.041059558336,0.0,8018.041059558336,0.0,41.6411,11189.098700000002,16364.536900000001,0.7744573022484156,383,34987.17057026078,129,683293.8963106817,1,0.0,4,447.7370000000001,2,-12396.7945,-14339.3357,64.61427569527416,756.568,0,19,545,545,"G10-40 step 10, public employment 40 %",debt,4,-5.093170329928398e-11
31,512,1,4,35331.14279999998,524.1813999999999,23654.355099999997,0.0,54444.21419999994,,0.0,16764.9928,37679.22139999994,0.0,3408.8053999999956,142.77301450000047,0.00375,370.1108,8811.05738345837,0.0,1.0,2942.6214596654263,4304.554855638915,0.0,0.0,1.0,0.0,0.0,1.0,0.0,0,0,0.9791666666666666,0.7414277120661281,0.0,689.0,1.0,0.0,1.0,1,0,0,0.2567436771451416,336,609.1248293184619,2.54993001661686,611.6747593350788,5.700238455724828,1.850115801792226,7.550354257517054,0.0,0.0,0.0,0.0,0,0,0.0,0.0,309.79290000000003,1.0,1.0,0.0,0.0,0.0,0.0,0.5,0.25,265.0204999999998,4732.984600000002,12534.039599999998,3405,3541.5142999999994,1892.9105,6566.912900000003,1509.522799999995,0.0,0.0,0.0,0.0,0.0,0,0.0,0.0,0.0,0.0,0.0,216.08789999999993,0.0,0.0141837885428704,5.14640992509363,5.831874999999978,3.050085624999999,1.841362115384616,3.392212508588626,4.96454504746286,1072.0,1068.0,536.0,2042.6666666666667,1957.0,819.0,21,0,0,1,53,35.0,2048.0,17841.503699999997,151.165,14852.6537,752,16,0,129,0.2002801778080192,0.7414277120661281,0.14631440045074195,1,6672.74760000003,5496.365799999997,53,0,160.0,0,0,0,0.0,0,0.0,719025.3356809429,0.0,0,0,0,1.5,0,0.0,0,0,0.0,0,0.0,0,0,488.01369999999986,64.0,2115.7096,1,201.06060000000002,140.7430000000002,3.1540942832338033,5120.0,51.015625,0.7509026432291668,0,0,0.0,0,0.0,2612.0,333,3.3087830010613817,0,0,0,0.0,0.0,0.0,0.0,0.0,0.0,0.0,0.0,0,0,0,0,21,0.0,0,6,0.0,0,0.0,2392.5615,512.2776000000002,8319.483710150109,0.0,8319.483710150109,0.0,201.06060000000002,11642.3721,17119.528299999998,0.7748231859422532,383,35080.413970260786,129,683944.9217106819,1,0.0,4,780.9458,2,-12407.677500000002,-16394.882,68.49113223699061,756.3217999999999,0,19,536,536,"G10-40 step 10, public employment 40 %",debt,4,-5.093170329928398e-11
32,512,1,4,34765.41180000001,524.1813999999999,23091.35889999998,0.0,56085.569400000066,,0.0,16624.7505,39460.818900000064,0.0,4763.990600000003,141.25044412500037,0.00375,339.4964,8787.037932849229,0.0,1.0,2933.146897003751,4293.461871899488,0.0,0.0,1.0,0.0,0.0,1.0,0.0,0,0,0.9791666666666666,0.7422889731925744,0.0,686.0,0.0,0.0,1.0,1,0,0,0.25015632206614663,335,626.533375577108,2.512614098676234,629.0459896757843,6.933068920900857,1.7727888318281797,8.705857752729036,0.0,0.0,0.0,0.0,0,0,0.0,0.0,324.5517,1.0,1.0,0.0,0.0,0.0,0.0,0.5,0.25,265.91399999999993,4866.048600000006,12534.039599999998,3541,1447.2029999999997,2012.9340000000009,4532.143099999998,1486.2989999999963,0.0,0.0,0.0,0.0,0.0,1,0.0,0.0,0.0,0.0,0.0,205.856,0.0,0.01144402237406766,5.178280054894782,5.709000556586245,3.17113,1.8743717017208448,3.395376480032574,5.657957338402048,1078.0,1093.0,539.0,2046.6666666666667,1963.0,819.0,20,0,0,3,59,48.0,2048.0,18201.353199999998,227.3174,15192.2494,752,16,0,129,0.22335463033732061,0.7422889731925744,0.14804259807243914,2,6704.469700000023,5659.860099999997,59,0,160.0,0,0,0,0.0,0,0.0,732960.7821815787,0.0,0,0,0,1.5,0,0.0,0,0,0.0,0,0.0,0,0,507.38079999999997,64.0,804.9954,1,49.817899999999995,34.87070000000006,3.585017636119107,5120.0,51.015625,0.7338272395833333,24,0,0.0,0,153.34996356493136,2612.0,332,3.406127854844723,0,0,0,0.0,0.0,0.0,0.0,0.0,0.0,0.0,0.0,0,0,0,0,20,0.0,0,6,0.0,0,0.0,2392.5615,475.0986000000001,8253.14660794312,0.0,8253.14660794312,0.0,49.817899999999995,11836.267599999994,16224.5622,0.7743626461744653,383,39266.36926781987,129,693694.4129137594,1,0.0,4,909.8063999999999,2,-12406.783899999999,-16285.254099999998,72.60060017121005,756.3217999999999,0,19,539,539,"G10-40 step 10, public employment 40 %",debt,4,-5.093170329928398e-11
33,512,1,4,34551.88150000001,524.1813999999999,22874.99520000003,0.0,57776.16660000016,,0.0,16801.8793,40974.28730000016,0.0,4255.772599999997,147.9321159999997,0.00375,316.3149,8781.451243153371,0.0,1.0,2951.180344801474,4294.588487102249,0.0,0.0,1.0,0.0,0.0,1.0,0.0,0,0,0.9791666666666666,0.7421168871097443,0.0,161.0,0.0,0.0,1.0,1,0,0,0.25051065759637187,335,623.3443601121411,2.542749045034481,625.8871091571756,6.034719504504239,1.820864074111698,7.855583578615938,0.0,0.0,0.0,0.0,0,0,0.0,0.0,304.2432,1.0,1.0,0.0,0.0,0.0,0.0,0.5,0.25,261.23929999999984,4993.984700000009,12534.039599999998,3666,1813.6178000000002,2027.148099999996,4862.8541,1468.5041000000056,0.0,0.0,0.0,0.0,0.0,0,0.0,0.0,0.0,0.0,0.0,206.99860000000007,0.0,0.01359727094885399,5.195958761904764,5.740180890538031,3.3012285714285703,1.8523382409177822,3.41951765548567,5.488218618249987,1078.0,1050.0,539.0,2044.0,1963.0000000000002,819.0,20,0,0,1,43,32.0,2048.0,18215.842599999993,329.7887,14982.3677,752,16,0,129,0.2085705309129855,0.7421168871097443,0.14965231915355237,1,6736.094100000001,5455.756700000003,43,0,154.0,0,0,0,0.0,0,0.0,733888.2668815784,0.0,0,0,0,1.5,0,0.0,0,0,0.0,0,0.0,0,0,508.38919999999985,64.0,707.5676,1,40.2491,28.175300000000046,3.585017636119107,5120.0,51.015625,0.73921697265625,0,0,0.0,0,0.0,2612.0,332,3.4004064425997007,0,0,0,0.0,0.0,0.0,0.0,0.0,0.0,0.0,0.0,0,0,0,0,20,0.0,0,6,0.0,0,0.0,2392.5615,457.7317000000001,8237.3930097259,0.0,8237.3930097259,0.0,40.2491,12122.60330000001,16019.724,0.7738185363969268,383,39498.77776781988,129,694389.489113759,1,0.0,4,1380.2781000000004,2,-12411.4586,-16485.5644,76.95663618148265,756.3217999999999,0,19,539,539,"G10-40 step 10, public employment 40 %",debt,4,-5.093170329928398e-11
34,512,1,4,34326.20629999998,524.1813999999999,22645.743599999998,0.0,59543.13300000006,,0.0,16906.5712,42636.56180000006,0.0,3941.7635000000014,153.60666324999994,0.00375,326.9788,8793.596988492738,0.0,1.0,2992.5740030476113,4296.472600661827,0.0,0.0,1.0,0.0,0.0,1.0,0.0,0,1,0.9791666666666666,0.7418856408826169,0.0,684.0,3.0,0.0,1.0,1,0,0,0.2500112834953879,335,613.2221778447932,2.479526680874797,615.7017045256681,4.89755166210356,1.8839373507123964,6.781489012815957,0.0,0.0,0.0,0.0,0,0,0.0,0.0,312.7269,1.0,1.0,0.0,0.0,0.0,0.0,0.5,0.25,255.82159999999985,5118.847800000016,12534.039599999998,3792,1838.0334999999998,2063.7086999999988,4882.039899999997,1473.9340999999995,0.0,0.0,0.0,0.0,0.0,0,0.0,0.0,0.0,0.0,0.0,239.0136999999999,2.9794,0.013464330852888954,5.1613428033866375,5.728032833020678,3.341319375000002,1.860922050290135,3.4260428493984785,5.323572059702487,1066.0,1063.0,533.0,2046.6666666666667,1951.0,819.0,23,0,0,2,50,23.0,2048.0,17847.226599999998,421.3336,14996.9709,752,16,0,129,0.1782278900978156,0.7418856408826169,0.14994089715048675,2,6738.372099999969,5486.507399999996,50,0,160.0,0,0,0,0.0,0,0.0,723199.2586815787,0.0,0,0,0,1.5,0,0.0,0,0,0.0,0,0.0,0,0,534.6111000000003,64.0,733.6964,1,47.529,33.27560000000005,3.585017636119107,5120.0,51.015625,0.7466553548177083,0,0,0.0,0,0.0,2612.0,332,3.4441729221110546,0,0,0,0.0,0.0,0.0,0.0,0.0,0.0,0.0,0.0,0,0,0,0,23,0.0,0,6,0.0,0,0.0,2392.5615,453.5813999999998,8008.363978349122,0.0,8008.363978349122,0.0,47.529,11382.280500000006,16152.000900000001,0.7738370502333174,383,39670.195967819825,129,683529.062713759,1,0.0,4,1729.7338000000004,2,-12416.876199999999,-16579.592399999998,81.57403435237161,740.9313,0,19,533,533,"G10-40 step 10, public employment 40 %",debt,4,-5.093170329928398e-11
35,512,1,4,35782.89639999996,524.1813999999999,24098.931099999976,0.0,61274.4826,,0.0,18488.0093,42786.473300000005,0.0,3312.684199999999,159.84122812500024,0.00375,346.2742,8802.840497697445,0.0,1.0,2962.347157852021,4292.295873464966,0.0,0.0,1.0,0.0,0.0,1.0,0.0,0,0,0.9791666666666666,0.7418559298706329,0.0,694.0,0.0,0.0,1.0,1,0,0,0.2621326415313511,335,618.0160900869383,2.5041142207797704,620.5202043077181,6.542614729799177,1.9115372482397721,8.454151978038949,0.0,0.0,0.0,0.0,0,0,0.0,0.0,323.24710000000005,1.0,1.0,0.0,0.0,0.0,0.0,0.5,0.25,250.4776999999997,5241.051800000015,12534.039599999998,3923,3437.910900000001,1981.2207999999996,3745.4975000000018,1494.7133999999944,0.0,0.0,0.0,0.0,0.0,0,0.0,0.0,0.0,0.0,0.0,227.13329999999996,0.0,0.013322230686711269,5.161464165103187,5.920550000000013,3.4681599999999966,1.8606400000000005,3.4178766704452475,5.163864897911412,1072.0,1066.0,536.0,2045.3333333333333,1957.0,819.0,22,0,0,4,44,25.0,2048.0,18806.321399999983,614.0001,15240.587600000003,752,16,0,129,0.21883934961092422,0.7418559298706329,0.1519964057998595,1,6735.017699999964,5502.120799999997,44,0,160.0,0,0,0,0.0,0,0.0,724063.9688815789,0.0,0,0,0,1.5,0,0.0,0,0,0.0,0,0.0,0,0,554.9055999999995,64.0,775.7131,1,76.7712,53.74309999999986,3.585017636119107,5120.0,51.015625,0.7666281054687499,0,0,0.0,0,0.0,2612.0,332,3.2723040132259382,0,0,0,0.0,0.0,0.0,0.0,0.0,0.0,0.0,0.0,0,0,0,0,22,0.0,0,6,0.0,0,0.0,2392.5615,459.06059999999997,7939.6350830317915,0.0,7939.6350830317915,0.0,76.7712,12639.447299999989,16630.3008,0.7736825075642719,383,39808.9838678199,129,684254.9850137592,1,0.0,4,1936.4413,2,-12422.220000000001,-18141.7351,86.46847641351391,740.9313,0,19,536,536,"G10-40 step 10, public employment 40 %",debt,4,-5.093170329928398e-11
36,512,1,4,38536.063299999994,524.1813999999999,26610.847899999982,0.0,63007.85670000003,,0.0,18560.2741,44447.58260000004,0.0,4440.416099999997,160.4038003750006,0.00375,356.0777,8820.35615333249,0.0,1.0,2972.7720407883453,4295.588952221662,0.0,0.0,1.0,0.0,0.0,1.0,0.0,0,0,0.9791666666666666,0.7417627428117712,0.0,692.0,3.0,0.0,1.0,1,0,0,0.25056398704584426,335,620.5503785800811,2.5084999166886197,623.0588784967697,5.9190540352239145,1.8176283374863285,7.736682372710242,0.0,0.0,0.0,0.0,0,0,0.0,0.0,337.87579999999997,1.0,1.0,0.0,0.0,0.0,0.0,0.5,0.25,7.386299999999968,5370.4513000000115,12534.039599999998,4026,4729.6944,1976.5274999999983,4864.691399999998,1502.0901000000033,0.0,247.64200000000002,0.0,0.0,0.0,0,0.0,0.0,0.0,0.0,0.0,237.49570000000006,0.0,0.013303943849747112,5.212631901279708,5.839249999999994,3.622591249999997,1.8824503875969032,3.421601962698231,5.0089489509740694,1064.0,1094.0,532.0,2042.6666666666667,1949.0,819.0,23,0,0,2,54,43.0,2048.0,18516.560799999985,3556.8329,15321.5035,752,16,0,129,0.20540243972692052,0.7417627428117712,0.15131600116699495,2,6979.175200000003,5702.6193,54,0,160.0,0,0,0,0.0,0,0.0,727439.2869815793,0.0,0,0,0,1.5,0,0.0,0,0,0.0,0,0.0,0,0,579.6145999999995,64.0,785.0884,1,60.692099999999996,42.488299999999875,3.585017636119107,5120.0,51.015625,0.78756330078125,0,0,0.0,0,0.0,2612.0,332,3.426861058177993,0,0,0,0.0,0.0,0.0,0.0,0.0,0.0,0.0,0.0,0,0,0,0,23,0.0,0,6,0.0,0,0.0,2392.5615,462.1677,4867.679706030616,0.0,4867.679706030616,0.0,60.692099999999996,12311.778300000002,19663.4248,0.7737505466520271,383,39978.05556781988,129,687461.2314137593,1,0.0,4,2371.1894999999995,2,-12665.311400000002,-18204.196399999997,91.65658499832475,744.256,0,19,532,532,"G10-40 step 10, public employment 40 %",debt,4,-5.093170329928398e-11
37,512,1,4,37971.488399999966,524.1813999999999,26201.991199999957,0.0,64747.04349999999,,0.0,18515.7266,46231.31689999999,0.0,4891.608100000002,166.63313150000022,0.00375,341.7274,8835.972469663042,0.0,1.0,2981.2817935749954,4305.038713108696,0.0,0.0,1.0,0.0,0.0,1.0,0.0,0,0,0.9778645833333334,0.7416804208109986,0.0,693.0,1.0,0.0,1.0,1,0,0,0.25501371742112483,335,614.9767517154451,2.4565690027626546,617.4333207182077,5.665983674705893,1.8057354695263783,7.471719144232271,0.0,0.0,0.0,0.0,0,0,0.0,0.0,320.2909,1.0,1.0,0.0,0.0,0.0,0.0,0.5,0.25,161.26319999999964,5529.554500000026,12534.039599999998,4121,1601.3136999999983,2165.8886000000025,1968.1067999999968,1487.2251999999976,0.0,0.0,0.0,0.0,0.0,0,0.0,0.0,0.0,0.0,0.0,218.8978999999999,0.0,0.01233501687262677,5.166083518518519,5.7536210037174795,3.784355625,1.8873243761996161,3.3928553538699573,4.858680482444847,1076.0,1080.0,538.0,2045.3333333333333,1960.9999999999998,819.0,21,0,0,3,62,40.0,2048.0,18546.85510000001,2890.3016,15402.7913,751,17,0,129,0.20519991554769357,0.7416804208109986,0.1382341737878483,2,6710.081800000022,5579.370200000001,62,0,160.0,0,0,0,0.0,0,0.0,728163.5251815787,0.0,0,0,0,1.5,0,0.0,0,0,0.0,0,0.0,0,0,605.4969,64.0,789.813,1,71.4555,50.01619999999999,3.585017636119107,5120.0,51.015625,0.8039772428385416,0,0,0.0,0,0.0,2612.0,332,3.5033860609356444,0,0,0,0.0,0.0,0.0,0.0,0.0,0.0,0.0,0.0,0,0,0,0,21,0.0,0,6,0.0,0,0.0,2392.5615,451.8823000000001,5724.900238269127,0.0,5724.900238269127,0.0,71.4555,11667.547299999997,19082.905899999998,0.7731122792455687,383,40075.51066781985,129,688088.0145137587,1,0.0,4,2672.3555,2,-12514.6784,-18173.999200000002,97.15598009822423,744.256,0,19,538,538,"G10-40 step 10, public employment 40 %",debt,4,-5.093170329928398e-11
38,512,1,4,37542.95650000002,524.1813999999999,25846.992699999995,0.0,66450.28109999998,,0.0,18478.8913,47971.389799999975,0.0,4419.502599999993,173.32111937499988,0.00375,321.8876,8833.1972057133,0.0,1.0,2934.2096672347448,4306.261695475536,0.0,0.0,1.0,0.0,0.0,1.0,0.0,0,0,0.9778645833333334,0.7415158497532497,0.0,696.0,0.0,0.0,1.0,1,0,0,0.25061224489795914,335,621.123585717278,2.5739232919731716,623.6975090092512,5.206417995307913,1.954339366749568,7.16075736205748,0.0,0.0,0.0,0.0,0,0,0.0,0.0,307.64889999999997,1.0,1.0,0.0,0.0,0.0,0.0,0.5,0.25,232.9552999999997,5685.122600000045,12534.039599999998,4211,1774.9180999999996,2203.4500000000025,2151.129699999999,1477.0789999999988,0.0,0.0,0.0,0.0,0.0,0,0.0001,0.0,0.0,0.0,0.0,196.498,0.0,0.012907211035111077,5.165332761904763,5.793022920517536,3.956100624999995,1.853275190839698,3.421493989602962,4.712920067971502,1082.0,1050.0,541.0,2044.0,1967.0,819.0,19,0,0,3,48,21.0,2048.0,18330.9385,3029.1529,15064.890599999999,751,17,0,129,0.18777916406232076,0.7415158497532497,0.15373325051428655,0,6742.4934000000285,5423.599400000001,48,0,160.0,0,0,0,0.0,0,0.0,729028.8199815794,0.0,0,0,0,1.5,0,0.0,0,0,0.0,0,0.0,0,0,632.9760999999992,64.0,796.0868,1,47.4697,33.230499999999985,3.585017636119107,5120.0,51.015625,0.8078478971354167,0,0,0.0,0,0.0,2612.0,332,3.4981892013446054,0,0,0,0.0,0.0,0.0,0.0,0.0,0.0,0.0,0.0,0,0,0,0,19,0.0,0,6,0.0,0,0.0,2392.5615,443.1900000000003,5602.987755798592,0.0,5602.987755798592,0.0,47.4697,11977.523600000006,18890.1303,0.7724806738345786,383,40213.15176781989,129,688815.6682137592,1,0.0,4,3265.9943999999996,2,-12442.824099999998,-18157.0037,102.9853389041177,744.256,0,19,541,541,"G10-40 step 10, public employment 40 %",debt,4,-5.093170329928398e-11
39,512,1,4,36174.1342,524.1813999999999,24516.37299999999,0.0,68208.19439999988,,0.0,17469.9483,50738.24609999988,0.0,4533.675699999999,179.84655212499956,0.00375,347.3001,8852.625741038773,0.0,1.0,2964.5993430370363,4305.05694402585,0.0,0.0,1.0,0.0,0.0,1.0,0.0,0,0,0.9765625,0.7415100464441027,0.0,678.0,1.0,0.0,1.0,1,0,0,0.2500164719508685,335,621.1255022642324,2.5434927586809764,623.6689950229134,4.084691947218234,1.9239731925888879,6.008665139807121,0.0,0.0,0.0,0.0,0,0,0.0,0.0,328.8533,1.0,1.0,0.0,0.0,0.0,0.0,0.5,0.25,269.3165999999997,5837.784800000058,12534.039599999998,4338,773.5753999999987,2142.397699999998,3721.854000000008,1504.386599999998,0.0,0.0,0.0,0.0,0.0,0,0.0,0.0,0.0,0.0,0.0,227.2769000000001,0.0,0.013056144204291789,5.20445726256983,5.709204112149557,4.127454374999998,1.853198065764026,3.455622840940818,4.571532465932356,1070.0,1074.0,535.0,2044.0000000000002,1955.0,819.0,22,0,0,1,41,31.0,2048.0,17447.410700000008,2379.8408,15206.5622,750,18,0,129,0.15680398763580872,0.7415100464441027,0.15626952820632,1,6784.037199999981,5589.587099999998,41,0,160.0,0,0,0,0.0,0,0.0,728648.7084815793,0.0,0,0,0,1.5,0,0.0,0,0,0.0,0,0.0,0,0,660.3926999999998,64.0,793.0204,1,61.4839,43.03549999999992,3.585017636119107,5120.0,51.015625,0.8257182161458333,0,0,0.0,0,0.0,2612.0,332,3.6045972815126586,0,0,0,0.0,0.0,0.0,0.0,0.0,0.0,0.0,0.0,0,0,0,0,22,0.0,0,6,0.0,0,0.0,2392.5615,436.6597,6086.163734610471,0.0,6086.163734610471,0.0,61.4839,11415.4527,18379.4234,0.7722475443080339,383,40249.80956781989,129,688398.8989137592,1,0.0,4,3576.4678,2,-12406.300699999996,-17122.6482,109.16445923836477,742.78305,0,19,535,535,"G10-40 step 10, public employment 40 %",debt,4,-5.093170329928398e-11
40,512,1,4,37879.06999999998,524.1813999999999,26233.58860000001,0.0,69981.66209999978,,0.0,19511.5421,50470.119999999784,0.0,3844.3348999999976,190.2227397499996,0.00375,361.896,8866.114482894935,0.0,1.0,3007.8782486033447,4302.3864552632895,0.0,0.0,1.0,0.0,0.0,1.0,0.0,0,0,0.9752604166666666,0.741421624630415,0.0,149.0,1.0,0.0,1.0,1,0,0,0.2579341479238754,335,616.3351319490196,2.5191939898840907,618.8543259389037,7.798428010162391,1.8997756118589118,9.698203622021301,0.0,0.0,0.0,0.0,0,0,0.0,0.0,335.3681,1.0,1.0,0.0,0.0,0.0,0.0,0.5,0.25,279.7550999999997,5982.6982000000835,12534.039599999998,4425,3843.6980999999987,2138.7623000000035,4052.969699999999,1526.6244000000083,0.0,0.0,0.0,0.0,0.0,0,0.0,0.0,0.0,0.0,0.0,249.8135999999999,0.0,0.013803500141664274,5.174783547794114,5.844574999999993,4.271182499999999,1.848825341130605,3.4973613158631056,4.434386491954386,1064.0,1088.0,532.0,2046.6666666666667,1949.0,819.0,24,0,0,3,58,40.0,2048.0,19685.321499999995,1800.144,15233.0147,749,19,0,129,0.24534330087847778,0.741421624630415,0.15676436250809944,0,6849.897900000026,5630.164499999996,58,0,160.0,0,0,0,0.0,0,0.0,728301.4733815789,0.0,0,0,0,1.5,0,0.0,0,0,0.0,0,0.0,0,0,683.3891999999998,64.0,798.6938,1,88.40589999999999,61.880799999999994,3.585017636119107,5120.0,51.015625,0.8422926399739584,0,0,0.0,0,0.0,2612.0,332,3.6732299672035325,0,0,0,0.0,0.0,0.0,0.0,0.0,0.0,0.0,0.0,0,0,0,0,24,0.0,0,6,0.0,0,0.0,2392.5615,451.8507,6727.219621383991,0.0,6727.219621383991,0.0,88.40589999999999,13030.3786,17831.8525,0.7719705696923491,383,40372.96436781988,129,687928.5090137591,1,0.0,4,3958.6029,2,-12395.7,-19149.646099999998,115.71432679266667,741.3101,0,19,532,532,"G10-40 step 10, public employment 40 %",debt,4,-5.093170329928398e-11
41,512,1,4,37338.89790000004,524.1813999999999,25708.133200000015,0.0,71669.31149999978,,0.0,19290.2471,52379.064399999785,0.0,5150.4635999999955,189.2171007499997,0.00375,345.8587,8867.41054677442,0.0,1.0,2938.981374816175,4303.226197849612,0.0,0.0,1.0,0.0,0.0,1.0,0.0,0,0,0.9752604166666666,0.741217360986713,0.0,670.0,0.0,0.0,1.0,1,0,0,0.2500006441965194,335,620.266314624304,2.523575137572675,622.7898897618767,6.394281090721242,1.9795642797529882,8.37384537047423,0.0,0.0,0.0,0.0,0,0,0.0,0.0,333.2618,1.0,1.0,0.0,0.0,0.0,0.0,0.5,0.25,292.63119999999975,6135.233600000108,12534.039599999998,4534,1720.7160000000003,2260.8880999999983,2023.7788000000005,1522.1161000000093,0.0,0.0,0.0,0.0,0.0,0,0.0,0.0,0.0,0.0,0.0,196.64240000000004,0.0,0.013615834517389163,5.223744856348466,5.806524999999976,4.429463749999998,1.8652285988483714,3.4961707283962964,4.301354897195754,1080.0,1079.0,540.0,2044.0,1965.0,819.0,19,0,0,0,54,41.0,2048.0,18923.598300000012,1944.1874,15322.509000000002,749,19,0,129,0.21519450475007207,0.741217360986713,0.16313220553365748,0,6862.153300000022,5636.420699999995,54,0,160.0,0,0,0,0.0,0,0.0,729004.2806815788,0.0,0,0,0,1.5,0,0.0,0,0,0.0,0,0.0,0,0,708.7141999999998,64.0,802.7445,1,41.99,29.397899999999993,3.585017636119107,5120.0,51.015625,0.8611575032552085,0,0,0.0,0,0.0,2612.0,332,3.712793026892337,0,0,0,0.0,0.0,0.0,0.0,0.0,0.0,0.0,0.0,0,0,0,0,19,0.0,0,6,0.0,0,0.0,2392.5615,495.7078000000001,6774.717592254366,0.0,6774.717592254366,0.0,41.99,11487.774699999998,18069.4409,0.7715512213892233,383,40606.08486781986,129,688398.1958137589,1,0.0,4,4295.011,2,-12382.661499999998,-18944.3884,122.65718640022668,741.3101,0,19,540,540,"G10-40 step 10, public employment 40 %",debt,4,-5.093170329928398e-11
42,512,1,4,37070.33900000001,524.1813999999999,25442.57239999998,0.0,73416.52999999982,,0.0,19311.2681,54105.26189999982,0.0,5842.244600000008,196.3755947500001,0.00375,354.5895,8892.31775359789,0.0,1.0,2987.678683966632,4310.4687773985925,0.0,0.0,1.0,0.0,0.0,1.0,0.0,0,0,0.97265625,0.7410839411435599,0.0,152.0,2.0,0.0,1.0,1,0,0,0.2505313073775824,335,618.4458157040236,2.5335627714676714,620.9793784754913,7.652070463761506,1.9933641049756237,9.64543456873713,0.0,0.0,0.0,0.0,0,0,0.0,0.0,330.9262,1.0,1.0,0.0,0.0,0.0,0.0,0.5,0.25,295.62929999999955,6284.297700000123,12534.039599999998,4647,2002.8383,2271.3971999999976,4885.209699999994,1542.0639000000026,0.0,0.0,0.0,0.0,0.0,0,0.0,0.0,0.0,0.0,0.0,219.39749999999995,0.0,0.014459677577020071,5.311633935361217,5.916769944341355,4.688878125,1.867645559845562,3.540052620863759,4.172314250279881,1078.0,1052.0,539.0,2048.0,1963.0,819.0,21,0,0,2,46,25.0,2048.0,19709.949999999993,645.8166,15538.7203,747,21,0,129,0.24044346280368556,0.7410839411435599,0.1626233892228115,0,6948.490699999988,5587.838900000001,46,0,160.0,0,0,0,0.0,0,0.0,733341.7672940537,0.0,0,0,0,1.5,0,0.0,0,0,0.0,0,0.0,0,0,750.2204999999999,64.0,821.2626,1,78.8939,55.22859999999987,3.6631541257829774,5120.0,51.015625,0.8869339013671875,6,0,0.0,0,176.55780662582833,2612.0,332,3.769552707972519,0,0,0,0.0,0.0,0.0,0.0,0.0,0.0,0.0,0.0,0,0,0,0,21,0.0,0,6,0.0,0,0.0,2392.5615,534.5413999999998,8087.35399496993,0.0,8087.35399496993,0.0,78.8939,12885.142700000002,17005.7995,0.771177198520222,383,41592.87805586059,129,691748.8892381927,1,0.0,4,4367.733999999999,2,-12379.501199999999,-18956.678600000003,130.0166175842403,742.78305,0,19,539,539,"G10-40 step 10, public employment 40 %",debt,4,-5.093170329928398e-11
43,512,1,4,36787.05790000003,524.1813999999999,25158.9361,0.0,75218.52449999993,,0.0,19299.5048,55919.01969999993,0.0,5222.563199999997,202.84961212500005,0.00375,383.5942,8921.364146062282,0.0,1.0,3058.8070295229954,4313.85261404152,0.0,0.0,1.0,0.0,0.0,1.0,0.0,0,0,0.97265625,0.741076558738327,0.0,630.0,0.0,0.0,1.0,1,0,0,0.2501217080218162,335,609.0921021208443,2.4464568661854598,611.5385589870298,6.354570064645206,1.926646177093967,8.281216241739173,0.0,0.0,0.0,0.0,0,0,0.0,0.0,354.80609999999996,1.0,1.0,0.0,0.0,0.0,0.0,0.5,0.25,295.2741000000006,6431.559700000121,12534.039599999998,4764,2000.2746999999997,2283.5557999999965,4925.057199999994,1585.269100000012,0.0,0.0,0.0,0.0,0.0,0,0.0,0.0,0.0,0.0,0.0,243.9457,0.0,0.013747288665953782,5.367141274238226,5.961549063670393,4.908038124999999,1.888059064327483,3.6060184519643403,4.047144822771485,1068.0,1083.0,534.0,2045.3333333333335,1953.0000000000002,819.0,23,0,0,1,53,32.0,2048.0,18882.748299999985,827.6158,15861.790400000002,747,21,0,129,0.21156573923774147,0.741076558738327,0.16861195080153468,0,7053.407599999962,5812.613999999999,53,0,160.0,0,0,0,0.0,0,0.0,734303.3788251881,0.0,0,0,0,1.5,0,0.0,0,0,0.0,0,0.0,0,0,785.2860999999999,64.0,831.3092,1,95.9534,67.16660000000012,3.6720148169006364,5120.0,51.015625,0.9148263525390626,7,0,0.0,0,89.12124249528412,2612.0,332,3.8671589145696825,0,0,0,0.0,0.0,0.0,0.0,0.0,0.0,0.0,0.0,0,0,0,0,23,0.0,0,6,0.0,0,0.0,2392.5615,578.6825999999995,7835.516685496332,0.0,7835.516685496332,0.0,95.9534,12740.099100000001,17520.7154,0.7710438870037919,383,41842.669636350845,129,692460.7091888364,1,0.0,4,4520.792100000001,2,-12379.694200000002,-18915.9106,137.81761463929473,742.78305,0,19,534,534,"G10-40 step 10, public employment 40 %",debt,4,-5.093170329928398e-11
44,512,1,4,38638.60530000003,524.1813999999999,27008.423299999977,0.0,76988.0827,,0.0,21418.8409,55569.2418,0.0,4414.2127000000055,209.65115450000036,0.00375,420.5989,8955.470676521407,0.0,1.0,3069.5730188402504,4311.179176014268,0.0,0.0,1.0,0.0,0.0,1.0,0.0,0,0,0.97265625,0.7413276611901491,0.0,571.0,0.0,0.0,1.0,1,0,0,0.250014387055601,334,606.3440380989545,2.389584855420139,608.7336229543746,6.721235522788685,1.8059709042721068,8.527206427060792,0.0,0.0,0.0,0.0,0,0,0.0,0.0,355.3428,1.0,1.0,0.0,0.0,0.0,0.0,0.5,0.25,293.21390000000116,6576.927100000107,12534.039599999998,4922,4204.043000000002,2352.4955999999984,7387.165100000012,1643.2137000000052,0.0,0.0,0.0,0.0,0.0,0,0.0,0.0,0.0,0.0,0.0,225.30929999999995,0.0,0.013683166834739597,5.421695922150132,6.069589571694606,5.080540000000001,1.904821705426355,3.658960146922097,3.92573047808834,1074.0,1079.0,537.0,2046.6666666666667,1959.0000000000002,819.0,21,0,0,1,49,39.0,2048.0,19113.528399999992,1041.129,15968.7867,747,21,0,129,0.2237830474263398,0.7413276611901491,0.17082633475867204,0,7153.480400000031,5850.009899999993,49,0,160.0,0,0,0,0.0,0,0.0,737286.5418867993,0.0,0,0,0,1.5,0,0.0,0,0,0.0,0,0.0,0,0,812.8864000000002,64.0,2094.5623,1,217.5157,152.25910000000022,3.7426053755468334,5120.0,51.015625,0.9775119905598958,11,0,0.0,0,111.03548270147567,2612.0,331,3.926516412030306,0,0,0,0.0,0.0,0.0,0.0,0.0,0.0,0.0,0.0,0,0,0,0,21,0.0,0,6,0.0,0,0.0,2392.5615,636.9194000000005,7809.829878746127,0.0,7809.829878746127,0.0,217.5157,12407.911299999994,19104.478000000003,0.7715392356403667,383,42466.146226921795,129,694820.3956598768,1,0.0,4,4840.370800000001,2,-12381.5922,-20998.242,146.08667151765243,742.78305,0,19,537,537,"G10-40 step 10, public employment 40 %",debt,4,-5.093170329928398e-11
45,512,1,4,37751.628400000016,524.1813999999999,26129.249899999966,0.0,78744.78040000006,,0.0,20860.5523,57884.228100000066,0.0,6570.758900000007,208.33785962500045,0.00375,391.7818,8992.897122503615,0.0,1.0,3100.8861287303043,4332.20697333574,0.0,0.0,1.0,0.0,0.0,1.0,0.0,0,0,0.9713541666666666,0.7417932361297439,0.0,559.0,1.0,0.0,1.0,1,0,0,0.25000260083434767,334,608.961875495391,2.3753546728601194,611.3372301682513,7.332388961712137,1.8026654504247186,9.135054412136856,0.0,0.0,0.0,0.0,0,0,0.0,0.0,355.2903,1.0,1.0,0.0,0.0,0.0,0.0,0.5,0.25,301.01740000000115,6731.093400000124,12534.039599999998,5051,1631.1239,2518.1007999999993,2029.8195,1630.8505000000018,0.0,0.0,0.0,0.0,0.0,0,0.0,0.0,0.0,0.0,0.0,227.71140000000003,0.0,0.010762044886825181,5.469890037243945,6.030854562383607,5.209366874999997,1.9381660194174712,3.7071351108303454,5.107770247681365,1074.0,1074.0,537.0,2046.6666666666667,1959.0,819.0,21,0,0,2,52,39.0,2048.0,19445.633199999993,444.1121,16564.0562,746,22,0,129,0.23652151307211566,0.7417932361297439,0.17307880409132514,1,7249.071000000032,5874.661899999997,52,0,160.0,0,0,0,0.0,0,0.0,744080.1614067245,0.0,0,0,0,1.5,0,0.0,0,0,0.0,0,0.0,0,0,833.4986999999995,64.0,906.0451,1,121.6542,85.16329999999992,3.9013387306876304,5120.0,51.015625,0.9751312467447916,2,0,0.0,0,16.64111789878184,2612.0,331,4.030007773181607,0,0,0,0.0,0.0,0.0,0.0,0.0,0.0,0.0,0.0,0,0,0,0,21,0.0,0,6,0.0,0,0.0,2392.5615,655.717,8519.140464133356,0.0,8519.140464133356,0.0,121.6542,12730.236400000002,17914.213399999997,0.7713375544668815,383,43276.56239562839,129,700803.5990110956,1,0.0,4,4665.9922,2,-12373.6265,-20468.7705,154.8518718087116,744.256,0,19,537,537,"G10-40 step 10, public employment 40 %",debt,4,-5.093170329928398e-11
46,512,1,4,37727.94540000002,524.1813999999999,26103.927499999987,0.0,80547.4250000001,,0.0,21138.2407,59409.1843000001,0.0,5466.7197,217.01905537500022,0.00375,391.9179,9026.790214081828,0.0,1.0,3128.14636936047,4340.334259387883,0.0,0.0,1.0,0.0,0.0,1.0,0.0,1,0,0.9713541666666666,0.7418381561472953,0.0,15.0,1.0,0.0,1.0,1,0,0,0.25000345489973874,334,604.946447419819,2.3716293073359593,607.3180767271549,6.7785120786370445,1.753006706950184,8.531518785587227,0.0,0.0,0.0,0.0,0,0,0.0,0.0,361.74279999999993,1.0,1.0,0.0,0.0,0.0,0.0,0.5,0.25,299.378000000001,6879.693100000149,12534.039599999998,5202,2492.477499999999,2516.1604999999995,5685.15010000001,1647.0069999999955,0.0,0.0,0.0,0.0,0.0,1,0.0001,0.0,0.0,0.0,0.0,229.41929999999994,0.0,0.014981318726156542,5.519079460966544,6.089967597765352,5.448957500000003,1.9448203883495188,3.7599223216786832,4.954537140250923,1074.0,1076.0,537.0,2045.3333333333333,1959.0,819.0,21,0,0,1,55,37.0,2048.0,19409.38459999999,621.7002,16478.6717,746,22,0,129,0.23164265780772064,0.7418381561472953,0.1753394688555454,2,7341.608000000039,5938.5295000000015,55,0,160.0,0,0,0,0.0,0,0.0,745252.8118525195,0.0,0,0,0,1.5,0,0.0,0,0,0.0,0,0.0,0,0,871.8332000000005,64.0,826.2709,1,100.58529999999999,70.40630000000016,3.914131329834614,5120.0,51.015625,0.9866667154947918,1,0,0.0,0,21.102307071046774,2612.0,331,4.1176424783913435,0,0,0,0.0,0.0,0.0,0.0,0.0,0.0,0.0,0.0,0,0,0,0,21,0.0,0,6,0.0,0,0.0,2392.5615,677.5940999999996,8472.879920829233,0.0,8472.879920829233,0.0,100.58529999999999,12560.4824,17926.6428,0.7710956145346386,383,43354.08664937981,129,701898.7252031394,1,0.0,4,5192.6915,2,-12375.103700000001,-20746.322799999998,164.1429841172343,744.256,0,19,537,537,"G10-40 step 10, public employment 40 %",debt,4,-5.093170329928398e-11
47,512,1,4,37518.42539999998,524.1813999999999,25892.94520000001,0.0,82372.57820000021,,0.0,21194.8506,61177.72760000021,0.0,5081.227500000001,222.73716037499992,0.00375,409.4692,9075.178481326791,0.0,1.0,3155.90022683187,4351.570895884524,0.0,0.0,1.0,0.0,0.0,1.0,0.0,0,0,0.9713541666666666,0.7421235632580154,0.0,9.0,0.0,0.0,1.0,1,0,0,0.2500228069322843,334,603.7103481041368,2.363853480011132,606.0742015841479,5.5598990242532285,1.8370270098340127,7.39692603408724,0.0,0.0,0.0,0.0,0,0,0.0,0.0,380.723,1.0,1.0,0.0,0.0,0.0,0.0,0.5,0.25,297.91570000000075,7027.63000000017,12534.039599999998,5363,2379.5625000000014,2589.082500000002,2953.8141000000055,1676.7747000000043,0.0,0.0,0.0,0.0,0.0,2,0.0,0.0,0.0,0.0,0.0,231.10869999999994,1.0705,0.011744206849346829,5.662787072945521,6.294860594795518,5.622546874999999,1.9677337209302348,3.7905927737102734,4.8059010260433945,1076.0,1083.0,538.0,2046.6666666666667,1961.0,819.0,21,0,0,2,58,40.0,2048.0,18746.84170000001,880.0213,16601.112100000002,746,22,0,129,0.20225932794430657,0.7421235632580154,0.17381350829529896,1,7412.510999999967,6132.7984,59,1,160.0,0,0,0,0.0,0,0.0,748791.2257445466,0.0,0,0,0,1.5,0,0.0,0,0,0.0,0,0.0,0,0,899.6075,64.0,880.9811,1,95.8292,67.08100000000012,4.008846017075078,5120.0,51.015625,1.0119730924479167,18,0,0.0,0,129.16292072925953,2612.0,331,4.247593598132151,0,0,0,0.0,0.0,0.0,0.0,0.0,0.0,0.0,0.0,0,0,0,0,21,0.0,0,6,0.0,0,0.0,2392.5615,753.9017,8327.433433985518,0.0,8327.433433985518,0.0,95.8292,12051.015399999995,18362.114500000003,0.7710902366345693,383,44234.124345492935,129,704557.1013990535,1,0.0,4,5566.933499999999,2,-12376.403999999999,-20785.381400000002,173.99156316426837,744.256,0,19,538,538,"G10-40 step 10, public employment 40 %",debt,4,-5.093170329928398e-11
48,512,1,4,39013.17870000002,524.1813999999999,27120.747800000023,0.0,84210.72660000005,,0.0,22569.9665,61640.76010000006,0.0,4903.448599999997,229.36829224999997,0.00375,408.2713,9135.920224804833,0.0,1.0,3215.739014700514,4374.9902082032195,0.0,0.0,1.0,0.0,0.0,1.0,0.0,0,0,0.9700520833333334,0.742159372254505,0.0,524.0,1.0,0.0,1.0,1,0,0,0.2501856812477779,334,591.870626530426,2.281853006324898,594.1524795367509,6.886656535994093,1.7794393722927724,8.666095908286865,0.0,0.0,0.0,0.0,0,0,0.0,0.0,371.3926,1.0,1.0,0.0,0.0,0.0,0.0,0.5,0.25,30.96500000000095,7173.855600000173,12534.039599999998,5522,4000.6545999999958,2505.9012999999986,4494.155900000007,1711.7839000000001,0.0,264.47709999999955,0.0,0.0,0.0,0,0.0,0.0,0.0,0.0,0.0,214.8006,0.0,0.0132111612689199,5.740966697936211,6.124835304990773,5.7372556249999995,2.0316038610038616,3.8829255771255133,4.661723995262093,1082.0,1066.0,541.0,2045.3333333333333,1967.0,819.0,19,0,0,0,47,35.0,2048.0,20194.9593,207.0866,17297.639900000002,745,23,0,129,0.2413050588898229,0.742159372254505,0.17928265895336448,1,7865.84539999997,6119.870500000001,47,0,160.0,0,0,0,0.0,0,0.0,752393.8579312523,0.0,0,0,0,1.5,0,0.0,0,0,0.0,0,0.0,0,0,917.9608999999999,64.0,905.2216,1,122.9307,86.05099999999985,4.044475368855835,5120.0,51.015625,1.0502622819010416,1,0,0.0,0,13.302712574681681,2612.0,331,4.269532034057219,0,0,0,0.0,0.0,0.0,0.0,0.0,0.0,0.0,0.0,0,0,0,0,19,0.0,0,6,0.0,0,0.0,2392.5615,861.7253999999999,9138.677300801546,0.0,9138.677300801546,0.0,122.9307,12773.336500000014,18409.9481,0.7716912269838196,383,44494.30735373338,129,707899.5505775183,1,0.0,4,5364.606599999999,2,-12643.192500000001,-22161.6952,184.43105695412447,746.0914,0,19,541,541,"G10-40 step 10, public employment 40 %",debt,4,-5.093170329928398e-11
49,512,1,4,38969.516300000025,524.1813999999999,27212.306599999978,0.0,86161.52589999992,,0.0,22821.7691,63339.75679999992,0.0,6590.604799999994,231.10494974999983,0.00375,436.2487,9217.176853624858,0.0,1.0,3306.3083088550907,4399.813552416569,0.0,0.0,1.0,0.0,0.0,1.0,0.0,0,0,0.9700520833333334,0.7427927449130838,0.0,3.0,1.0,0.0,1.0,1,0,0,0.25032537669900307,334,590.273915152419,2.1912475201257013,592.4651626725448,7.309820537644946,1.6891488087380084,8.998969346382955,0.0,0.0,0.0,0.0,0,0,0.0,0.0,400.0508,1.0,1.0,0.0,0.0,0.0,0.0,0.5,0.25,166.18620000000118,7326.417500000171,12534.039599999998,5661,2574.211600000002,2617.873999999997,3231.399900000004,1727.4885000000017,0.0,0.0,0.0,0.0,0.0,0,0.0,0.0,0.0,0.0,0.0,263.9273999999999,0.0,0.011010503290639647,5.841587454212454,6.4945867041198335,5.8693087499999965,2.036615655577303,3.874861621086922,4.52187227540423,1068.0,1092.0,534.0,2048.0,1953.0,819.0,23,0,0,1,62,42.0,2048.0,20193.605799999987,475.6733,16917.2691,745,23,0,129,0.25011884217097746,0.7427927449130838,0.1619216540057391,2,7581.008499999943,6379.0135,62,0,160.0,0,0,0,0.0,0,0.0,757089.574587754,0.0,0,0,0,1.5,0,0.0,0,0,0.0,0,0.0,0,0,939.0893999999994,64.0,946.7194,1,120.6699,84.4678,4.179999036059695,5120.0,51.015625,1.0588247298177083,6,0,0.0,0,42.654998042030364,2612.0,331,4.415813115363533,0,0,0,0.0,0.0,0.0,0.0,0.0,0.0,0.0,0.0,0,0,0,0,23,0.0,0,6,0.0,0,0.0,2392.5615,963.1238000000005,8999.402859883257,0.0,8999.402859883257,0.0,120.6699,12993.779899999994,18339.6618,0.7714703278360204,383,45178.50875652131,129,711911.0658312327,1,0.0,4,6328.647499999999,2,-12511.438599999998,-22385.5204,195.49692037137194,746.0914,0,19,534,534,"G10-40 step 10, public employment 40 %",debt,4,-5.093170329928398e-11
50,512,1,4,39515.110899999985,524.1813999999999,27823.06940000001,0.0,88046.78549999994,,0.0,23665.7243,64381.061199999946,0.0,5460.806999999999,237.47629537499952,0.00375,430.4748,9309.771748960551,0.0,1.0,3304.589248577525,4439.458940973697,0.0,0.0,1.0,0.0,0.0,1.0,0.0,0,0,0.9700520833333334,0.7434817144348325,0.0,522.0,1.0,0.0,1.0,1,0,0,0.250064539224359,334,589.2967817865981,2.180905945291186,591.4776877318893,5.825017645753533,1.698942732058713,7.523960377812246,0.0,0.0,0.0,0.0,0,0,0.0,0.0,388.3906,1.0,1.0,0.0,0.0,0.0,0.0,0.5,0.25,231.35440000000162,7478.343200000164,12534.039599999998,5824,3150.5117999999975,2604.9172000000094,7026.460999999993,1765.1891000000044,0.0,0.0,0.0,0.0,0.0,0,0.0,0.0,0.0,0.0,0.0,208.8924,0.0,0.010693635618074755,5.880999814471243,6.3165972375690655,6.044177499999998,2.0877521153846117,3.9637150826692746,4.386216107142103,1086.0,1078.0,543.0,2046.6666666666667,1971.0,819.0,18,0,0,1,49,48.0,2048.0,19579.833900000016,606.5064,17929.994,745,23,0,128,0.22077534730732284,0.7434817144348325,0.17198367670566128,0,7772.291099999981,6339.7178,49,0,160.0,0,0,0,0.0,0,0.0,763977.7756113792,0.0,0,0,0,1.5,0,0.0,0,0,0.0,0,0.0,0,0,967.0683999999998,64.0,968.3018,1,140.277,98.19499999999995,4.379787724979811,5120.0,51.015625,1.1076028906249997,5,0,0.0,0,67.02471364234425,2612.0,331,4.554436511570402,0,0,0,0.0,0.0,0.0,0.0,0.0,0.0,0.0,0.0,0,0,0,0,18,0.0,0,6,0.0,0,0.0,2392.5615,1030.6550000000004,9023.290083686023,0.0,9023.290083686023,0.0,140.277,12479.018500000004,19504.802200000002,0.7719072389148562,384,46831.54075765568,128,717146.234853724,1,0.0,4,5840.6504,2,-12445.926800000001,-23235.2495,207.22673559365427,746.0914,0,19,543,543,"G10-40 step 10, public employment 40 %",debt,4,-5.093170329928398e-11
51,512,1,4,39837.122900000075,524.1813999999999,28183.081499999975,0.0,90014.6899000001,,0.0,24174.3143,65840.3756000001,0.0,5992.990100000008,241.38046399999905,0.00375,446.7229,9412.209196673182,0.0,1.0,3374.349133887551,4479.162547782117,0.0,0.0,1.0,0.0,0.0,1.0,0.0,0,0,0.9700520833333334,0.7434620928879629,0.0,2.0,0.0,0.0,1.0,1,0,0,0.25009191051320107,334,585.0955623660282,2.1827667825073807,587.2783291485356,6.815366582603233,1.6271637989943337,8.442530381597567,0.0,0.0,0.0,0.0,0,0,0.0,0.0,408.1739,1.0,1.0,0.0,0.0,0.0,0.0,0.5,0.25,269.3545000000016,7631.980400000176,12534.039599999998,5978,3066.348500000001,2744.336499999999,3927.7121000000006,1782.4505000000104,0.0,0.0,0.0,0.0,0.0,0,0.0,0.0,0.0,0.0,0.0,257.7674,0.0,0.010346405959385331,5.9874254612546105,6.558300000000022,6.136104374999999,2.0836964912280695,4.004057312470235,4.25462962392784,1072.0,1084.0,536.0,2046.6666666666665,1957.0,819.0,22,0,0,1,63,46.0,2048.0,20099.58519999999,842.5164,17432.7618,745,23,0,128,0.24811609354598763,0.7434620928879629,0.17006173051768747,0,7826.913999999935,6490.369199999997,63,0,160.0,0,0,0,0.0,0,0.0,763967.7178054146,0.0,0,0,0,1.5,0,0.0,0,0,0.0,0,0.0,0,0,981.7766999999998,64.0,1015.5366,1,128.5023,89.95049999999983,4.358721767754397,5120.0,51.015625,1.1114875683593752,1,0,0.0,0,26.51846499921347,2612.0,331,4.6962787737830425,0,0,0,0.0,0.0,0.0,0.0,0.0,0.0,0.0,0.0,0,0,0,0,22,0.0,0,6,0.0,0,0.0,2392.5615,1142.7453,8888.242854470649,0.0,8888.242854470649,0.0,128.5023,13469.039799999993,19290.8148,0.7713837117624671,384,46743.16380846,128,717224.5539969548,1,0.0,4,6929.428600000001,2,-12407.582900000001,-23727.591399999998,219.66033972927355,746.0914,0,19,536,536,"G10-40 step 10, public employment 40 %",debt,4,-5.093170329928398e-11
52,512,1,4,39635.91190000003,524.1813999999999,28001.15129999999,0.0,91956.08749999988,,0.0,24304.3978,67651.68969999989,0.0,5655.649000000009,246.8520269999989,0.00375,446.0734,9507.197571468583,0.0,1.0,3387.831747784959,4518.7934643123845,0.0,0.0,1.0,0.0,0.0,1.0,0.0,0,0,0.9700520833333334,0.7452924704035389,0.0,522.0,0.0,0.0,1.0,1,0,0,0.2504495302541841,332,599.7783502947674,2.16232972335211,601.9406800181196,5.462694228338731,1.5958661153440923,7.058560343682823,0.0,0.0,0.0,0.0,0,0,0.0,0.0,406.25079999999997,1.0,1.0,0.0,0.0,0.0,0.0,0.5,0.25,288.6345000000018,7785.869000000195,12534.039599999998,6121,2524.9049999999993,2726.1159999999973,3331.969899999998,1813.5584000000051,0.0,0.0,0.0,0.0,0.0,4,0.0,0.0,0.0,0.0,0.0,214.84229999999997,0.0,0.011636501146221685,6.1424218455743915,6.752918416206236,6.349458125,2.135255192307691,4.062033380500862,4.126990735210004,1086.0,1062.0,543.0,2046.6666666666667,1971.0,819.0,18,0,0,0,50,34.0,2048.0,18899.56909999998,1120.7627,18111.2687,745,23,0,128,0.21186723268212249,0.7452924704035389,0.17006821145467765,3,7963.9647000000605,6523.252000000004,50,0,160.0,0,0,0,0.0,0,0.0,784197.5129977776,0.0,0,0,0,1.5,0,0.0,0,0,0.0,0,0.0,0,0,1015.9132999999999,64.0,1058.238,1,132.7388,92.91839999999988,4.994102890552639,5120.0,51.025390625,1.1548723111979167,15,0,0.0,0,206.04502649318948,2612.5,329,4.811147133075123,0,0,0,0.0,0.0,0.0,0.0,0.0,0.0,0.0,0.0,0,0,0,0,18,0.0,0,6,0.0,0,0.0,2392.5615,1131.2437,8796.188246224538,0.0,8796.188246224538,0.0,132.7388,12640.342899999994,20290.2694,0.7724793967920149,384,50381.00067130342,128,733816.5123264736,1,0.0,4,6690.967999999999,2,-12387.959199999998,-23858.324399999998,232.83996011302997,746.0914,0,19,543,543,"G10-40 step 10, public employment 40 %",debt,4,-5.093170329928398e-11
53,512,1,4,40748.59309999999,524.1813999999999,29121.317400000054,0.0,94046.22580000007,,0.0,25640.9343,68405.29150000008,0.0,5904.0653999999995,253.64513774999946,0.00375,445.745,9656.583246588778,0.0,1.0,3536.5240752969494,4593.56368105918,0.0,0.0,1.0,0.0,0.0,1.0,0.0,0,0,0.96875,0.7457773974198842,0.0,517.0,2.0,0.0,1.0,1,0,0,0.25003156167150614,332,592.9316158001654,2.1312557244331694,595.0628715245987,7.500060632875961,1.5564061182259106,9.05646675110187,0.0,0.0,0.0,0.0,0,0,0.0,0.0,405.28690000000006,1.0,1.0,0.0,0.0,0.0,0.0,0.5,0.25,296.1194000000014,7937.651100000164,12534.039599999998,6291,3889.389300000001,2776.7080999999994,8074.0403,1821.2725000000075,0.0,0.0,0.0,0.0,0.0,3,0.0,0.0,0.0,0.0,0.0,281.40779999999995,0.0,0.012235691334508737,6.1598247191011275,6.578900931098685,6.591561971830985,2.1913319688109154,4.119834029299701,4.003181013153704,1074.0,1068.0,537.0,2048.0,1953.0,819.0,23,0,0,3,51,30.0,2048.0,20571.26899999999,388.1629,18338.6119,744,24,0,128,0.26527554074629567,0.7457773974198842,0.16635718971406277,3,8076.062699999955,6578.692800000004,51,0,142.0,0,0,0,0.0,0,0.0,793040.3074425968,0.0,0,0,0,1.5,0,0.0,0,0,0.0,0,0.0,0,0,936.0017999999999,58.0,1004.8043,1,134.8597,94.40330000000014,5.115224063886623,5120.0,51.015625,1.1761888020833335,3,0,0.0,0,27.069183061793176,2612.0,329,4.9444800533103965,0,0,0,0.0,0.0,0.0,0.0,0.0,0.0,0.0,0.0,0,0,0,0,23,0.0,0,6,0.0,0,0.0,2392.5615,1145.2246000000007,9595.66899079458,0.0,9595.66899079458,0.0,134.8597,13463.890200000003,19731.579100000003,0.7724634022568764,384,50819.34419742315,128,742220.9632451743,1,0.0,4,7064.3053,2,-12380.1306,-25195.189300000002,246.81035771981178,751.6796,0,19,537,537,"G10-40 step 10, public employment 40 %",debt,4,-5.093170329928398e-11
54,512,1,4,41527.02960000003,524.1813999999999,29908.608100000016,0.0,96133.58610000007,,0.0,26624.3357,69509.25040000008,0.0,6946.203499999998,256.47183575000014,0.00375,472.5352,9793.230247602602,0.0,1.0,3534.2666880219244,4649.36859840173,0.0,0.0,1.0,0.0,0.0,1.0,0.0,0,0,0.96875,0.7461766293943339,0.0,2.0,1.0,0.0,1.0,1,0,0,0.25014281857428555,332,598.9222324712432,2.085502437393857,601.0077349086371,8.504466909220838,1.5250001033639984,10.029467012584837,0.0,0.0,0.0,0.0,0,0,0.0,0.0,429.75630000000007,1.0,1.0,0.0,0.0,0.0,0.0,0.5,0.25,304.97360000000083,8094.495100000172,12534.039599999998,6440,3660.191499999999,2881.7549999999965,4625.5969,1858.4200999999991,0.0,0.0,0.0,0.0,0.0,3,0.0,0.0,0.0,0.0,0.0,269.91600000000005,0.0,0.011436957633081302,6.190175620975157,6.772349999999986,6.694196178343949,2.175739648437496,4.153983107614032,3.8830855827590924,1072.0,1087.0,536.0,2044.0,1956.0,819.0,22,0,0,4,57,40.0,2048.0,21183.703599999983,605.1994,18125.7736,744,24,0,128,0.2882399558788966,0.7461766293943339,0.165187552275198,3,8123.20569999995,6728.720899999995,57,0,157.0,0,0,0,0.0,0,0.0,801224.7178331416,0.0,0,0,0,1.5,0,0.0,0,0,0.0,0,0.0,0,0,1050.9888,63.0,1139.8178,1,142.5976,99.81949999999995,5.236587973083993,5120.0,51.015625,1.195574401041667,8,0,0.0,0,105.96756143669037,2612.0,329,5.147108826925245,0,0,0,0.0,0.0,0.0,0.0,0.0,0.0,0.0,0.0,0,0,0,0,22,0.0,0,6,0.0,0,0.0,2392.5615,1240.5855999999999,9543.15552496187,0.0,9543.15552496187,0.0,142.5976,13384.673899999998,19870.7908,0.7722714888378297,384,51302.052444315676,128,749922.6653888249,1,0.0,4,7905.0192,2,-12370.932700000001,-26151.8005,261.6189791830005,756.80415,0,19,536,536,"G10-40 step 10, public employment 40 %",debt,4,-5.093170329928398e-11
55,512,1,4,41536.23229999999,524.1813999999999,29925.296499999997,0.0,98192.0198,,0.0,26846.7605,71345.25929999999,0.0,7058.5720999999985,260.6102283750002,0.00375,477.4329,9910.30282037001,0.0,1.0,3527.0973205926316,4702.2782135800035,0.0,0.0,1.0,0.0,0.0,1.0,0.0,2,2,0.96875,0.7466292886763397,0.0,517.0,2.0,0.0,1.0,1,0,0,0.2501060981091517,332,607.5740621374015,2.042989695202632,609.6170518326041,7.357376231147632,1.5226206480716102,8.879996879219243,0.0,0.0,0.0,0.0,0,0,0.0,0.0,429.2031,1.0,1.0,0.0,0.0,0.0,0.0,0.5,0.25,312.4593000000009,8254.355500000163,12534.039599999998,6595,2986.274999999999,2977.072300000007,4023.5382999999983,1867.3435000000159,0.0,0.0,0.0,0.0,0.0,3,0.0,0.0,0.0,0.0,0.0,246.67540000000005,4.3517,0.012254410869313781,6.227831107044835,6.860035250463874,6.735339999999998,2.197463106796112,4.152327846421187,3.7665930152763205,1078.0,1093.0,539.0,2042.6666666666667,1959.0,819.0,20,0,0,3,63,49.0,2048.0,20353.91380000001,842.4824,18760.353,744,24,0,128,0.2645964417126623,0.7466292886763397,0.16631964176612613,3,8122.862300000039,6807.019400000005,63,0,145.0,0,0,0,0.0,0,0.0,816940.5432752379,0.0,0,0,0,1.5,0,0.0,0,0,0.0,0,0.0,0,0,976.6242999999997,60.0,1102.0502,1,160.7559,112.52419999999987,5.309657707527283,5120.0,51.015625,1.24703294921875,28,0,0.0,0,365.8898844442403,2612.0,329,5.288306946744808,0,0,0,0.0,0.0,0.0,0.0,0.0,0.0,0.0,0.0,0,0,0,0,20,0.0,0,6,0.0,0,0.0,2392.5615,1350.948999999999,9392.67929653532,0.0,9392.67929653532,0.0,160.7559,13176.54649999999,20704.8856,0.7721911156817967,384,51719.38463657776,128,765221.1586386604,1,0.0,4,7876.645299999999,2,-12363.103299999999,-26369.3276,277.31611793398054,774.0286000000001,0,19,539,539,"G10-40 step 10, public employment 40 %",debt,4,-5.093170329928398e-11
56,512,1,4,40174.229300000065,524.1813999999999,28566.70609999998,0.0,100271.95809999999,,0.0,25719.1085,74552.84959999999,0.0,7621.803000000005,267.4949750000002,0.00375,456.7648,10030.246671244324,0.0,1.0,3549.3484223375026,4771.854514162879,0.0,0.0,1.0,0.0,0.0,1.0,0.0,0,0,0.9674479166666666,0.7466454860702683,0.0,520.0,1.0,0.0,1.0,1,0,0,0.2504806588613407,332,609.7505433984096,2.0713656856244915,611.8219090840341,6.34614474409097,1.5095898438222712,7.85573458791324,0.0,0.0,0.0,0.0,0,0,0.0,0.0,414.95529999999997,1.0,1.0,0.0,0.0,0.0,0.0,0.5,0.25,315.87190000000163,8413.8716000002,12534.039599999998,6759,1592.0113,2954.014300000006,2729.4026999999996,1850.521299999995,0.0,0.0,0.0,0.0,0.0,3,0.0,0.0,0.0,0.0,0.0,248.9634000000001,1.1405,0.012611593362584144,6.353261363636371,7.012551940850281,6.71601223021583,2.205162984496123,4.157984537001964,3.65359522481803,1082.0,1056.0,541.0,2044.0,1961.0,819.0,20,0,0,3,56,28.0,2048.0,19564.189499999986,303.3702,18776.841699999997,743,25,0,128,0.24290313269374386,0.7466454860702683,0.16148892396717818,5,8146.880200000069,6709.044000000007,57,1,139.0,0,0,0,0.0,0,0.0,826298.3379173885,0.0,0,0,0,1.5,0,0.0,0,0,0.0,0,0.0,0,0,933.5257000000003,58.0,1073.0631,1,139.3698,97.55319999999992,5.293236527258764,5120.0,51.015625,1.2746332161458336,7,0,0.0,0,109.63620715931438,2612.0,329,5.362752191855542,0,0,0,0.0,0.0,0.0,0.0,0.0,0.0,0.0,0.0,0,0,0,0,20,0.0,0,6,0.0,0,0.0,2392.5615,1423.551799999999,10002.340517071676,0.0,10002.340517071676,0.0,139.3698,13270.81879999999,20153.275,0.7717316170553801,384,51575.90043351544,128,774722.4374838736,1,0.0,4,8315.4936,2,-12359.347000000002,-25262.343699999998,293.9550850100194,786.1285,0,19,541,541,"G10-40 step 10, public employment 40 %",debt,4,-5.093170329928398e-11
57,512,1,4,42977.78590000001,524.1813999999999,31364.858399999997,0.0,102463.89160000008,,0.0,28568.3048,73895.58680000008,0.0,5913.496099999997,279.52413825000065,0.00375,517.9321,10166.526195739487,0.0,1.0,3646.0042267109525,4817.93878882632,0.0,0.0,1.0,0.0,0.0,1.0,0.0,0,0,0.9674479166666666,0.7475348006919,0.0,515.0,0.0,0.0,1.0,1,0,0,0.2501060981091517,332,605.4128901490113,1.92741311359833,607.3403032626097,7.942394920682475,1.3210352718965435,9.263430192579019,0.0,0.0,0.0,0.0,0,0,0.0,0.0,433.14099999999996,1.0,1.0,0.0,0.0,0.0,0.0,0.5,0.25,310.4676000000016,8566.350200000195,12534.039599999998,6906,5606.4853,2802.9287,6637.436600000001,1923.4062000000106,0.0,0.0,0.0,0.0,0.0,1,0.0,0.0,0.0,0.0,0.0,279.15610000000004,5.3881,0.01337813559239007,6.382412808783165,6.757381632653013,6.719973437499997,2.2499241245136155,4.205467725620718,3.543987368073489,1078.0,1093.0,539.0,2044.0,1953.0,819.0,22,0,0,4,54,47.0,2048.0,20621.33360000003,558.3813,19138.4137,743,25,0,128,0.2884339150210502,0.7475348006919,0.1608839985747399,9,8243.414300000015,6975.977199999999,55,1,128.0,0,0,0,0.0,0,0.0,832517.8002955418,0.0,0,0,0,1.5,0,0.0,0,0,0.0,0,0.0,0,0,860.1565999999996,54.0,2141.7252,1,282.6429,197.85080000000022,5.468913066261146,5120.0,51.015625,1.3356896191406251,6,0,0.0,0,117.2587452563201,2612.0,329,5.546400778799928,0,0,0,0.0,0.0,0.0,0.0,0.0,0.0,0.0,0.0,0,0,0,0,22,0.0,0,6,0.0,0,0.0,2392.5615,1518.603200000001,9730.828242262407,0.0,9730.828242262407,0.0,282.6429,13857.2066,21838.520200000003,0.7726222777706053,384,52254.30363536695,128,780263.4966601756,1,0.0,4,8745.561099999999,2,-12364.407699999996,-28050.3727,309.3604149239717,786.1285,0,19,539,539,"G10-40 step 10, public employment 40 %",debt,4,-5.093170329928398e-11
58,512,1,4,41729.91020000003,524.1813999999999,30129.684200000007,0.0,104580.38440000013,,0.0,27309.7466,77270.63780000013,0.0,8841.770700000023,277.0595857500005,0.00375,466.238,10300.065881385599,0.0,1.0,3662.3051119449196,4901.941545923729,0.0,0.0,1.0,0.0,0.0,1.0,0.0,0,0,0.9674479166666666,0.7474198785545272,0.0,514.0,3.0,0.0,1.0,1,0,0,0.2500234082192164,332,608.8723974367485,2.0059262255552484,610.8783236623037,6.857142437615877,1.4385462604042758,8.295688698020154,0.0,0.0,0.0,0.0,0,0,0.0,0.0,410.8083,1.0,1.0,0.0,0.0,0.0,0.0,0.5,0.25,323.1691000000014,8734.079700000166,12534.039599999998,7054,1756.2703999999994,3004.146100000002,2892.1930000000016,1914.0677999999934,0.0,0.0,0.0,0.0,0.0,4,0.0,0.0,0.0,0.0,0.0,279.99850000000004,0.0,0.01219916279040291,6.4114434050514495,6.854298137802596,6.581120740740741,2.2416035156250036,4.352318757731559,5.239640409690136,1074.0,1069.0,537.0,2042.6666666666667,1954.0,819.0,22,0,0,3,57,38.0,2048.0,20341.37399999998,853.9888,19125.212,743,25,0,128,0.26483373076147076,0.7474198785545272,0.17491714698956673,5,8484.303399999977,6853.833,57,0,135.0,0,0,0,0.0,0,0.0,841727.5124745052,0.0,0,0,0,1.5,0,0.0,0,0,0.0,0,0.0,0,0,888.4513000000001,59.0,943.0974,1,184.7543,129.32179999999997,5.492629396956552,5120.0,51.015625,1.3201725976562502,8,0,0.0,0,215.23086314383391,2612.0,329,5.630321909799989,0,0,0,0.0,0.0,0.0,0.0,0.0,0.0,0.0,0.0,0,0,0,0,22,0.0,0,6,0.0,0,0.0,2392.5615,1685.4448999999995,9545.647470566411,0.0,9545.647470566411,0.0,184.7543,13511.536299999992,20922.298199999997,0.7716651910585746,384,52545.53068366414,128,789181.9817908414,1,0.0,4,9346.6696,2,-12351.524699999998,-26843.508599999997,327.92203981941003,796.0938,0,19,537,537,"G10-40 step 10, public employment 40 %",debt,4,-5.093170329928398e-11
59,512,1,4,41886.33909999998,524.1813999999999,30287.250000000007,0.0,106717.64490000004,,0.0,27404.2429,79313.40200000005,0.0,7123.991699999995,289.71677550000044,0.00375,467.1081,10421.376655706772,0.0,1.0,3641.1433241165646,4961.334362137844,0.0,0.0,1.0,0.0,0.0,1.0,0.0,0,0,0.9661458333333334,0.7471466289914672,0.0,0.0,1.0,0.0,1.0,1,0,0,0.2583196867212531,331,605.8647839489353,2.038292388884706,607.9030763378199,6.736853187715201,1.4878500930306686,8.224703280745869,0.0,0.0,0.0,0.0,0,0,0.0,0.0,417.0041,1.0,1.0,0.0,0.0,0.0,0.0,0.5,0.25,324.306000000001,8896.56370000006,12534.039599999998,7213,3153.340999999999,2996.912100000003,7655.08040000001,1931.0667000000021,0.0,0.0,0.0,0.0,0.0,1,0.0,0.0,0.0,0.0,0.0,243.46060000000006,0.0,0.01344143731359889,6.44727216981132,6.978500000000023,6.3724768749999985,2.261889494163427,4.375147664604354,5.082451197399432,1080.0,1060.0,540.0,2044.0,1965.0,819.0,19,0,0,2,46,30.0,2048.0,20584.542799999992,341.1607,19450.2935,742,26,0,128,0.26037861641639637,0.7471466289914672,0.17531880007678668,3,8539.273399999985,6834.1084999999985,46,0,160.0,0,0,0,0.0,0,0.0,843260.8039019002,0.0,0,0,0,1.5,0,0.0,0,0,0.0,0,0.0,0,0,1019.5962999999997,64.0,1043.234,1,167.018,116.9131,5.441076481181686,5120.0,51.015625,1.3517153841145833,9,0,0.0,0,146.87564125635134,2612.0,328,5.678108490368184,0,0,0,0.0,0.0,0.0,0.0,0.0,0.0,0.0,0.0,0,0,0,0,19,0.0,0,6,0.0,0,0.0,2392.5615,1871.235299999999,10340.99338283763,0.0,10340.99338283763,0.0,167.018,13285.182699999996,20834.6882,0.7713036027220246,384,52571.57922056001,128,790689.2246813413,1,0.0,4,9505.9694,2,-12350.206300000003,-26937.1348,327.92203981941003,798.8455,0,19,540,540,"G10-40 step 10, public employment 40 %",debt,4,-5.093170329928398e-11
60,512,1,4,42252.767899999984,524.1813999999999,30384.7271,0.0,108935.23989999983,,0.0,27482.5545,81452.68539999983,0.0,7042.731999999991,297.37707274999997,0.00375,478.6201,10545.594162733027,0.0,1.0,3712.609042805529,5021.20970848868,0.0,0.0,1.0,0.0,0.0,1.0,0.0,0,0,0.9661458333333334,0.7471166232780371,0.0,509.0,0.0,0.0,1.0,1,0,0,0.2584144512284706,331,603.8686162556792,1.9546818867279585,605.8232981424071,6.919149224717718,1.4817525168920331,8.40090174160975,0.0,0.0,0.0,0.0,0,0,0.0,0.0,437.30070000000006,1.0,1.0,0.0,0.0,0.0,0.0,0.5,0.25,55.354300000000876,9062.014500000041,12534.039599999998,7364,3481.2283999999977,3114.7996000000035,4473.065500000001,1940.9718000000028,0.0,272.61419999999987,0.0,0.0,0.0,0,0.0,0.0,0.0,0.0,0.0,295.92459999999994,4.6052,0.012698626225397695,6.514047412199633,7.150068105065616,6.26165569620253,2.2810153846153853,4.404150024959462,4.929977661477448,1066.0,1082.0,533.0,2045.3333333333333,1951.0,819.0,23,0,0,3,48,43.0,2048.0,20803.33180000001,736.6617,19167.668599999997,742,26,0,128,0.2637280816291825,0.7471166232780371,0.17185221149012997,6,8855.167200000038,7048.199300000003,48,0,158.0,0,0,0,0.0,0,0.0,844925.3666733913,0.0,0,0,0,1.5,0,0.0,0,0,0.0,0,0.0,0,0,989.3415999999996,64.0,1066.4857,1,137.7378,96.41480000000001,5.458245956165093,5120.0,51.015625,1.3622982063802083,10,0,0.0,0,131.12477610719182,2612.0,328,5.323799919509143,0,0,0,0.0,0.0,0.0,0.0,0.0,0.0,0.0,0.0,0,0,0,0,23,0.0,0,6,0.0,0,0.0,2392.5615,1938.5195000000008,9875.960716869682,0.0,9875.960716869682,0.0,137.7378,13693.432199999997,20970.816000000003,0.7714564832952346,384,53032.41037160303,128,791892.9563017883,1,0.0,4,10468.583499999999,2,-12618.9765,-27003.9344,347.5973622085746,798.8455,0,19,533,533,"G10-40 step 10, public employment 40 %",debt,4,-5.093170329928398e-11
61,512,1,4,45518.766500000034,524.1813999999999,33788.10330000007,0.0,111181.33459999997,,0.0,30818.7079,80362.62669999996,0.0,6800.546100000015,305.4003998750004,0.00375,505.5323,10653.519285744589,0.0,1.0,3738.0088009013507,5064.672540496388,0.0,0.0,1.0,0.0,0.0,1.0,0.0,0,0,0.9661458333333334,0.7476399662605944,0.0,0.0,1.0,0.0,1.0,1,0,0,0.2500423992311606,329,604.6426931693228,1.9614213037927568,606.6041144731156,8.31189715559341,1.5141721561949226,9.826069311788332,0.0,0.0,0.0,0.0,0,0,0.0,0.0,431.5812000000001,1.0,1.0,0.0,0.0,0.0,0.0,0.5,0.25,192.73190000000076,9229.178900000079,12534.039599999998,7535,6158.573200000001,2892.5746000000017,7581.278200000002,1961.6867000000068,0.0,0.0,0.0,0.0,0.0,0,0.0,0.0,0.0,0.0,0.0,285.94449999999995,0.0,0.01289137434014154,6.603469172932333,7.188951028037408,6.245608860759499,2.3030823182711155,4.3659376551779445,4.782078331633124,1070.0,1064.0,535.0,2044.0,1955.0,819.0,22,0,0,1,46,38.0,2048.0,22249.92350000002,1154.7633,20533.5955,742,26,0,128,0.300347717443767,0.7476399662605944,0.16224435850748042,7,8537.469500000008,7026.091200000003,46,0,158.0,0,0,0,0.0,0,0.0,851441.9577956944,0.0,0,0,0,1.5,0,0.0,0,0,0.0,0,0.0,0,0,986.8062000000009,64.0,1074.9519,1,246.49239999999998,172.54300000000026,5.592720051943171,5120.0,51.015625,1.4223273600260413,4,0,0.0,0,91.66543255589954,2612.0,326,5.32095947893528,0,0,0,0.0,0.0,0.0,0.0,0.0,0.0,0.0,0.0,0,0,0,0,22,0.0,0,6,0.0,0,0.0,2392.5615,1934.0163000000002,9574.92718236763,0.0,9574.92718236763,0.0,246.49239999999998,14504.038100000009,22763.3107,0.771727255226778,384,53525.66269230612,128,797916.2951033884,1,0.0,4,9787.704399999999,2,-12485.535199999998,-30313.175600000002,347.5973622085746,800.83015,0,19,535,535,"G10-40 step 10, public employment 40 %",debt,4,-5.093170329928398e-11
62,512,1,4,46648.744100000025,524.1813999999999,35002.13419999997,0.0,113449.6814999999,,0.0,28270.9638,85178.7176999999,0.0,10276.898000000007,301.31327987499975,0.00375,487.1366,10777.89378770388,0.0,1.0,3802.087256414692,5136.586766802584,0.0,0.0,1.0,0.0,0.0,1.0,0.0,0,0,0.96484375,0.7478441869008641,0.0,507.0,1.0,0.0,1.0,1,0,0,0.250116598079561,328,600.0965356347798,1.9944211064972233,602.0909567412771,7.301592825615359,1.553445491017487,8.855038316632845,0.0,0.0,0.0,0.0,0,0,0.0,0.0,446.04200000000003,1.0,1.0,0.0,0.0,0.0,0.0,0.5,0.25,276.7851999999996,9413.903000000033,12534.039599999998,7686,4267.682299999999,3137.7046999999966,5686.701399999999,1970.7971999999904,0.0,0.0,0.0,0.0,0.0,1,0.0,0.0,0.0,0.0,0.0,302.6427,0.0,0.011835765774402082,6.665703240740745,7.35292814258913,6.243633749999999,2.3393041501976324,4.463027689539236,4.63861598168413,1066.0,1080.0,533.0,2046.6666666666667,1951.0,819.0,23,0,0,5,61,38.0,2048.0,21629.299700000007,3984.8817,19432.4394,741,27,0,128,0.2762514447029949,0.7478441869008641,0.16663001498046492,3,8710.030500000033,7198.9595000000045,61,0,160.0,0,0,0,0.0,0,0.0,856730.0573242547,0.0,0,0,0,1.5,0,0.0,0,0,0.0,0,0.0,0,0,998.9813999999998,64.0,1114.9867,1,136.98850000000002,95.89090000000014,5.517811504695788,5120.0,51.015625,1.4064594466145834,19,0,0.0,0,262.7807490064483,2612.0,325,5.124787585693232,0,0,0,0.0,0.0,0.0,0.0,0.0,0.0,0.0,0.0,0,0,0,0,23,0.0,0,6,0.0,0,0.0,2392.5615,2205.3158000000003,6678.881237545047,0.0,6678.881237545047,0.0,136.98850000000002,12917.398500000001,24532.3078,0.7710297909722348,384,52029.41644657797,128,804700.640877677,1,0.0,4,11739.391,2,-12401.094499999996,-27783.8272,368.4532039410891,809.7952,0,19,533,533,"G10-40 step 10, public employment 40 %",debt,4,-5.093170329928398e-11
63,512,1,4,47013.93840000004,524.1813999999999,35433.161000000015,0.0,115675.21870000004,,0.0,28627.6361,87047.58260000004,0.0,7861.854999999993,319.37356399999885,0.00375,533.3344,10877.266996416578,0.0,1.0,3771.841968738339,5164.8673976110495,0.0,0.0,1.0,0.0,0.0,1.0,0.0,0,0,0.9635416666666666,0.7480950240364945,0.0,516.0,1.0,0.0,1.0,1,0,0,0.2501020235500214,328,599.3694224443743,1.9503281792109668,601.3197506235853,6.0061954786660445,1.3812666710417532,7.387462149707798,0.0,0.0,0.0,0.0,0,0,0.0,0.0,452.51830000000007,1.0,1.0,0.0,0.0,0.0,0.0,0.5,0.25,342.6176999999998,9618.101099999998,12534.039599999998,7853,3637.326199999996,3272.131899999992,8594.781000000006,2053.2774,0.0,0.0,0.0,0.0,0.0,3,0.0,0.0,0.0,0.0,0.0,239.41289999999998,0.0,0.011990421986402386,6.7186502732240445,7.3600160516605,6.341170624999996,2.3603122568093395,4.5300753431870655,4.499457502233606,1084.0,1098.0,542.0,2041.3333333333335,1969.0000000000002,819.0,18,0,0,6,68,50.0,2048.0,20687.714099999976,3298.8511,21378.8085,740,28,0,128,0.25675630525672455,0.7480950240364945,0.1714531386774547,3,8852.38699999999,7377.078000000001,68,0,160.0,0,0,0,0.0,0,0.0,863781.5722697196,0.0,0,0,0,1.5,0,0.0,0,0,0.0,0,0.0,0,0,1014.5872999999993,64.0,1115.2303,1,269.37719999999996,188.56340000000026,5.546652427399725,5120.0,51.015625,1.4855869140625002,5,0,0.0,0,99.29116150223459,2612.0,325,5.171618775479446,0,0,0,0.0,0.0,0.0,0.0,0.0,0.0,0.0,0.0,0,0,0,0,18,0.0,0,6,0.0,0,0.0,2392.5615,2388.5255000000006,7761.740471412148,0.0,7761.740471412148,0.0,269.37719999999996,13204.623700000006,25792.8899,0.7713371361091956,384,52185.490760420165,128,811596.0815092995,1,0.0,4,10566.3233,2,-12334.8747,-28094.3017,390.5603961775545,816.7756,0,19,542,542,"G10-40 step 10, public employment 40 %",debt,4,-5.093170329928398e-11
64,512,1,4,46060.32569999999,524.1813999999999,34514.69579999999,0.0,117881.87890000005,,0.0,27544.9011,90336.97780000005,0.0,8945.044199999988,326.3822068749994,0.00375,478.2428,10980.839271379207,0.0,1.0,3802.1208476354836,5235.914680919469,0.0,0.0,1.0,0.0,0.0,1.0,0.0,0,0,0.9622395833333334,0.74722017341688,0.0,0.0,1.0,0.0,1.0,1,0,0,0.2504446188808404,327,589.9964113077281,1.916382994749557,591.9127943024777,6.768353924062042,1.4810526080603603,8.249406532122402,0.0,0.0,0.0,0.0,0,0,0.0,0.0,435.03920000000005,1.0,1.0,0.0,0.0,0.0,0.0,0.5,0.25,377.7652,9824.462199999934,12534.039599999998,8042,2407.4601999999973,3361.072899999999,7693.339699999997,2009.9356000000005,0.0,0.0,0.0,0.0,0.0,2,0.0,0.0,0.0,0.0,0.0,241.6409999999999,0.0,0.012522534650588972,6.792214285714292,7.421386691312377,6.553934999999997,2.384503515624991,4.570621469286627,4.364473777166598,1082.0,1057.0,541.0,2040.0000000000002,1967.0000000000002,819.0,18,0,0,1,45,39.0,2048.0,21510.401,2608.1961,20253.225000000002,739,29,0,128,0.27388070387001395,0.74722017341688,0.17361725655378102,5,8921.216799999997,7179.370500000006,45,0,160.0,0,0,0,0.0,0,0.0,865221.3631224068,0.0,0,0,0,1.5,0,0.0,0,0,0.0,0,0.0,0,0,1048.6295999999995,64.0,1210.2608,1,144.01069999999999,100.81170000000014,5.246702302161698,5120.0,51.015625,1.4736495279947917,8,0,0.0,0,120.25194943390854,2612.0,324,5.182972727041199,0,0,0,0.0,0.0,0.0,0.0,0.0,0.0,0.0,0.0,0,0,0,0,18,0.0,0,6,0.0,0,0.0,2392.5615,2617.885800000001,8574.902974794164,0.0,8574.902974794164,0.0,144.01069999999999,14414.274299999995,24071.6819,0.7696015799645715,384,51074.74774183895,128,814146.6153805683,1,0.0,4,12377.711,2,-12187.918199999998,-27066.6583,390.5603961775545,829.629,0,19,541,541,"G10-40 step 10, public employment 40 %",debt,4,-5.093170329928398e-11
65,512,1,4,46640.55960000003,524.1813999999999,35109.236200000036,0.0,120240.00230000004,,0.0,28085.6136,92154.38870000004,0.0,7721.476300000009,338.7161217499999,0.00375,525.5393,11071.225404175339,0.0,1.0,3898.068606481472,5260.201869450224,0.0,0.0,1.0,0.0,0.0,1.0,0.0,0,0,0.9622395833333334,0.7461183209700522,0.0,0.0,0.0,0.0,1.0,1,0,0,0.250031565629453,326,572.5531490733479,1.8877453952350032,574.4408944685829,6.82816903354289,1.5050367851970885,8.333205818739978,0.0,0.0,0.0,0.0,0,0,0.0,0.0,459.76519999999994,1.0,1.0,0.0,0.0,0.0,0.0,0.5,0.25,392.07169999999917,10027.529699999961,12534.039599999998,8200,3850.020899999997,3269.787,8726.350800000004,2063.729299999998,0.0,0.0,0.0,0.0,0.0,1,0.0,0.0,0.0,0.0,0.0,298.6038,0.0,0.013330934977981674,6.857086932344766,7.573961495327061,6.681738749999994,2.4154569169960527,4.620116025274546,4.2335395638516005,1070.0,1079.0,535.0,2046.6666666666667,1955.0,819.0,22,0,0,5,60,39.0,2048.0,21126.515799999994,2890.4029,20751.3296,739,29,0,128,0.2711411484443931,0.7461183209700522,0.1702728105121214,1,9014.951999999983,7398.796800000002,60,0,160.0,0,0,0,0.0,0,0.0,856693.2772126544,0.0,0,0,0,1.5,0,0.0,0,0,0.0,0,0.0,0,0,1069.078199999999,64.0,1346.772,1,219.26330000000002,153.4899,4.938601217859829,5120.0,51.015625,1.50886404296875,11,0,0.0,0,126.22058097186559,2612.0,323,5.263199952609676,0,0,0,0.0,0.0,0.0,0.0,0.0,0.0,0.0,0.0,0,0,0,0,22,0.0,0,6,0.0,0,0.0,2392.5615,2761.2066999999997,8272.572700783148,0.0,8272.572700783148,0.0,219.26330000000002,13440.840799999993,24988.504500000003,0.7683602440198192,384,50987.57727394513,128,805705.6999387086,1,0.0,4,12674.017399999999,2,-12061.8027,-27560.0743,390.5603961775545,829.629,0,19,535,535,"G10-40 step 10, public employment 40 %",debt,4,-5.093170329928398e-11
66,512,1,4,48242.6824,524.1813999999999,36724.03930000001,0.0,122563.30380000008,,0.0,29666.2267,92897.07710000008,0.0,7688.891900000005,345.5307145000006,0.00375,524.0884,11164.469639354245,0.0,1.0,3907.2436287375526,5305.341792902828,0.0,0.0,1.0,0.0,0.0,1.0,0.0,0,0,0.9622395833333334,0.7463679094196372,0.0,0.0,0.0,0.0,1.0,1,0,0,0.25003191963374494,326,563.3098956233885,1.7916424521360625,565.1015380755246,7.596028311220101,1.3630406508639823,8.959068962084082,0.0,0.0,0.0,0.0,0,0,0.0,0.0,447.02,1.0,1.0,0.0,0.0,0.0,0.0,0.5,0.25,404.7520000000013,10234.91859999998,12534.039599999998,8370,4979.46,3377.3372000000018,10260.821099999976,2068.4985000000092,0.0,0.0,0.0,0.0,0.0,4,0.0,0.0,0.0,0.0,0.0,273.38200000000006,0.0,0.01335094175887031,6.91745554520037,7.256590166975869,6.861918518518517,2.437971176470591,4.623418513493989,4.106533376936052,1078.0,1073.0,539.0,2041.3333333333335,1958.0,819.0,20,0,0,2,53,37.0,2048.0,21876.957299999973,2994.1249,21715.9454,739,29,0,128,0.2951300898696474,0.7463679094196372,0.16768258054248086,6,9024.99980000005,7422.429799999996,53,0,135.0,0,0,0,0.0,0,0.0,850852.7094741766,0.0,0,0,0,1.5,0,0.0,0,0,0.0,0,0.0,0,0,926.3589999999998,59.0,1131.5664,1,256.8814,179.81689999999998,4.712835214003159,5120.0,51.015625,1.5420053027343752,4,0,0.0,0,119.24111750306741,2612.0,323,5.249124913461302,0,0,0,0.0,0.0,0.0,0.0,0.0,0.0,0.0,0.0,0,0,0,0,20,0.0,0,6,0.0,0,0.0,2392.5615,2885.7281000000007,8382.396547651559,0.0,8382.396547651559,0.0,256.8814,14421.107200000002,25841.6367,0.7684974564448381,384,47543.27526307318,128,803309.434211104,1,0.0,4,12572.4777,2,-11940.009199999997,-29142.1383,390.5603961775545,829.629,0,19,539,539,"G10-40 step 10, public employment 40 %",debt,4,-5.093170329928398e-11
67,512,1,4,46918.43459999997,524.1813999999999,35416.31050000003,0.0,124929.16500000004,,0.0,28373.7695,96555.39550000004,0.0,10716.89049999999,348.3183148750003,0.00375,533.3369,11271.66000548828,0.0,1.0,3955.8587851287557,5354.669395325518,0.0,0.0,1.0,0.0,0.0,1.0,0.0,1,0,0.9609375,0.7472860482306465,0.0,0.0,1.0,0.0,1.0,1,0,0,0.25005002560632733,325,571.482123822015,1.7956078814582166,573.2777317034731,8.18906132130669,1.3699818052129766,9.559043126519665,0.0,0.0,0.0,0.0,0,0,0.0,0.0,471.0835,1.0,1.0,0.0,0.0,0.0,0.0,0.5,0.25,421.27100000000195,10451.628599999942,12534.039599999998,8535,2189.9942,3514.2419999999984,7328.689499999995,2095.941200000011,0.0,0.0,0.0,0.0,0.0,6,0.0,0.0,0.0,0.0,0.0,290.01460000000003,10.3904,0.01313027322694376,6.938332228360962,7.564026394052031,6.798292499999995,2.4221864173228376,4.684800083192133,3.98333737562797,1076.0,1086.0,538.0,2045.3333333333333,1960.9999999999998,819.0,21,0,0,3,58,44.0,2048.0,22191.02940000002,2264.4961,20485.4627,738,30,0,128,0.3114462852216755,0.7472860482306465,0.16473839829166925,9,9144.773399999962,7535.028800000005,58,0,160.0,0,0,0,0.0,0,0.0,867985.799442626,0.0,0,0,0,1.5,0,0.0,0,0,0.0,0,0.0,0,0,1087.7267999999992,64.0,1444.1095,1,207.5046,145.25089999999963,4.789010271569837,5120.0,51.015625,1.538920208333333,8,0,0.0,0,174.1879835211577,2612.0,322,5.287185242660041,0,0,0,0.0,0.0,0.0,0.0,0.0,0.0,0.0,0.0,0,0,0,0,21,0.0,0,6,0.0,0,0.0,2392.5615,2998.514600000002,9132.58685960283,0.0,9132.58685960283,0.0,207.5046,13973.836900000006,24194.0683,0.7684232899375856,384,46810.47882276434,128,821175.3206198607,1,0.0,4,14656.196100000003,2,-11927.233400000001,-27840.4326,390.5603961775545,848.2356,0,19,538,538,"G10-40 step 10, public employment 40 %",debt,4,-5.093170329928398e-11
68,512,1,4,48603.73540000003,524.1813999999999,37103.993600000045,0.0,127285.08560000012,,0.0,29903.0607,97382.02490000012,0.0,8448.432400000009,361.3807551250005,0.00375,530.0167,11372.817665568173,0.0,1.0,3953.979062657083,5402.588593712113,0.0,0.0,1.0,0.0,0.0,1.0,0.0,0,0,0.9609375,0.7476124995284548,0.0,0.0,0.0,0.0,1.0,1,0,0,0.25009468501451837,324,582.841067561439,1.8158011323403598,584.6568686937793,8.736316548650743,1.3650462108074093,10.101362759458153,0.0,0.0,0.0,0.0,0,0,0.0,0.0,459.3498,1.0,1.0,0.0,0.0,0.0,0.0,0.5,0.25,423.65330000000034,10662.247899999915,12534.039599999998,8690,5190.778600000002,3505.4778000000006,6791.719200000008,2098.0330000000004,0.0,0.0,0.0,0.0,0.0,13,0.0,0.0,0.0,0.0,0.0,277.0792,4.3831,0.013899936239851203,6.970538764044947,7.736852690166959,6.7528187499999985,2.4588192534381097,4.689927531248821,3.863837254359131,1078.0,1068.0,539.0,2044.0000000000002,1963.0000000000002,819.0,20,0,0,2,55,35.0,2048.0,22678.982499999973,2569.0192,21370.3904,738,30,0,128,0.3189649928956111,0.7476124995284548,0.16527480756917057,8,9162.539200000003,7444.535400000003,55,0,160.0,0,0,0,0.0,0,0.0,883662.9736369357,0.0,0,0,0,1.5,0,0.0,0,0,0.0,0,0.0,0,0,1080.4509999999998,64.0,1455.3266,1,235.54250000000002,164.87579999999983,5.265671661358621,5120.0,51.015625,1.5833744791666666,24,0,0.0,0,224.2629502958905,2612.0,321,5.336691793498729,0,0,0,0.0,0.0,0.0,0.0,0.0,0.0,0.0,0.0,0,0,0,0,20,0.0,0,6,0.0,0,0.0,2392.5615,3230.876199999999,8922.977971332706,0.0,8922.977971332706,0.0,235.54250000000002,13934.715799999998,25394.736200000003,0.7683332530303344,384,52199.036864373724,128,831463.9367725628,1,0.0,4,14448.018900000001,2,-11924.669600000001,-29373.044,390.5603961775545,848.2356,0,19,539,539,"G10-40 step 10, public employment 40 %",debt,4,-5.093170329928398e-11
69,512,1,4,47254.63609999999,524.1813999999999,35768.10929999998,0.0,129692.41700000016,,0.0,28607.8283,101084.58870000015,0.0,9616.059899999997,363.82375524999975,0.00375,522.5286,11457.902045119794,0.0,1.0,3986.3417449174385,5448.349188413195,0.0,0.0,1.0,0.0,0.0,1.0,0.0,0,0,0.9609375,0.7472834666117756,0.0,0.0,0.0,0.0,1.0,1,0,0,0.25000258156897437,324,580.134246014623,1.796167480023855,581.9304134946469,6.47679505252387,1.397669694424054,7.874464746947924,0.0,0.0,0.0,0.0,0,0,0.0,0.0,455.8796,1.0,1.0,0.0,0.0,0.0,0.0,0.5,0.25,436.8683000000007,10884.840099999872,12534.039599999998,8842,2254.8132000000005,3603.9125,3772.287999999999,2084.9064999999937,0.0,0.0,0.0,0.0,0.0,5,0.0,0.0,0.0,0.0,0.0,292.3656000000001,8.7755,0.013799509194164429,7.000665213358075,7.731226345083499,6.696262773722628,2.4712475442043242,4.677078822486889,3.747922136728357,1078.0,1078.0,539.0,2045.3333333333333,1959.0,819.0,21,0,0,4,51,42.0,2048.0,20938.92629999999,2855.3643,21593.7123,738,30,0,128,0.268795713212427,0.7472834666117756,0.16430020662739775,2,9145.858800000047,7546.717100000004,51,0,137.0,0,0,0,0.0,0,0.0,885261.3032613932,0.0,0,0,0,1.5,0,0.0,0,0,0.0,0,0.0,0,0,917.388,60.0,1344.1046,1,222.1691,155.51520000000033,5.282667580123463,5120.0,51.015625,1.6017147233072917,23,0,0.0,0,270.6958706445848,2612.0,321,5.335044033442627,0,0,0,0.0,0.0,0.0,0.0,0.0,0.0,0.0,0.0,0,0,0,0,21,0.0,0,6,0.0,0,0.0,2392.5615,3334.842399999999,8704.159250838766,0.0,8704.159250838766,0.0,222.1691,14021.465099999987,25793.1812,0.7677035818207234,384,53331.758204611186,128,831929.5450567815,1,0.0,4,14998.1451,2,-11911.2736,-28085.2997,390.5603961775545,848.2356,0,19,539,539,"G10-40 step 10, public employment 40 %",debt,4,-5.093170329928398e-11
70,512,1,4,50512.079999999965,524.1813999999999,39027.00280000004,0.0,132151.28890000045,,0.0,31772.691,100378.59790000044,0.0,8135.77989999999,377.0476307499996,0.00375,592.53,11546.80479625585,0.0,1.0,4017.916116489139,5464.691405837233,0.0,0.0,1.0,0.0,0.0,1.0,0.0,0,0,0.9609375,0.7481983098883269,0.0,0.0,0.0,0.0,1.0,1,0,0,0.25005198701651005,323,585.2263395824501,1.7329369269649042,586.9592765094151,8.19971881600299,1.2689736665267926,9.468692482529782,0.0,0.0,0.0,0.0,0,0,0.0,0.0,467.6026,1.0,1.0,0.0,0.0,0.0,0.0,0.5,0.25,438.31789999999836,11102.092999999906,12534.039599999998,9010,6800.286,3542.8420999999985,8592.48250000001,2149.177599999991,0.0,0.0,0.0,0.0,0.0,7,0.0,0.0,0.0,0.0,0.0,307.96840000000014,13.173099999999998,0.014654904624169025,7.027431082331171,7.64282093457945,6.550235862068969,2.4786025742574216,4.684650329695731,3.6354844726265054,1070.0,1081.0,535.0,2042.6666666666667,1949.0,819.0,22,0,0,2,58,43.0,2048.0,22358.77919999999,3083.8084,22203.1093,738,30,0,128,0.31882879930098706,0.7481983098883269,0.16446581030259666,7,9129.007199999991,7596.652999999996,58,0,145.0,0,0,0,0.0,0,0.0,891993.2736225337,0.0,0,0,0,1.5,0,0.0,0,0,0.0,0,0.0,0,0,949.7842000000005,58.0,2273.8531,1,416.42449999999997,291.49560000000025,5.465322556072109,5120.0,51.015625,1.6646234765625003,7,0,0.0,0,59.550144771698264,2612.0,320,5.471867274467383,0,0,0,0.0,0.0,0.0,0.0,0.0,0.0,0.0,0.0,0,0,0,0,22,0.0,0,6,0.0,0,0.0,2392.5615,3443.4716000000003,8389.255418539398,0.0,8389.255418539398,0.0,416.42449999999997,14855.272800000002,27560.770800000002,0.768648458470653,384,53924.99587589935,128,838068.2777466354,1,0.0,4,15199.264000000001,2,-11909.8239,-31180.161,390.5603961775545,848.2356,0,19,535,535,"G10-40 step 10, public employment 40 %",debt,4,-5.093170329928398e-11
71,512,1,4,47549.24790000001,524.1813999999999,36084.37000000005,0.0,134488.21030000044,,0.0,28876.0841,105612.12620000045,0.0,12357.519999999991,373.73916837499854,0.00375,509.1423,11637.765358731742,0.0,1.0,4004.985574020132,5537.606122487825,0.0,0.0,1.0,0.0,0.0,1.0,0.0,1,0,0.9583333333333334,0.7483511176456905,0.0,0.0,2.0,0.0,1.0,1,0,0,0.25632770037271163,323,622.0431875318421,1.656906689510314,623.7000942213525,8.295013861019184,1.257818572644208,9.552832433663392,0.0,0.0,0.0,0.0,0,0,0.0,0.0,448.58570000000003,1.0,1.0,0.0,0.0,0.0,0.0,0.5,0.25,458.517199999998,11338.841099999909,12534.039599999998,9167,772.9594999999996,3735.791600000001,2323.697900000001,2117.325400000033,0.0,0.0,0.0,0.0,0.0,10,0.0,0.0,0.0,0.0,0.0,280.8704,23.414999999999996,0.013488861446418914,7.05386436672968,7.476408534322754,6.604331874999998,2.4709368836291885,4.825711391748949,4.749836384261289,1078.0,1058.0,539.0,2045.3333333333335,1963.0,819.0,20,0,0,3,49,31.0,2048.0,23135.000600000003,1255.2873,21592.395800000002,736,32,0,128,0.31827030272613244,0.7483511176456905,0.17466767215602141,7,9393.905399999996,7462.988500000002,49,0,160.0,0,0,0,0.0,0,0.0,962319.163637197,0.0,0,0,0,1.5,0,0.0,0,0,0.0,0,0.0,0,0,1056.6930999999997,64.0,1057.4219,1,201.8714,141.31220000000008,5.40681847126293,5120.0,51.015625,1.7061023274739584,7,0,0.0,0,127.45537159749956,2612.0,320,5.496576784877807,0,0,0,0.0,0.0,0.0,0.0,0.0,0.0,0.0,0.0,0,0,0,0,20,0.0,0,6,0.0,0,0.0,2392.5615,3545.4796,10327.692645692248,0.0,10327.692645692248,0.0,201.8714,15664.06159999999,23905.105000000003,0.7668353510692982,384,53870.19402430895,128,908448.9696128885,1,0.0,4,16578.0424,2,-11889.6246,-28366.9418,390.5603961775545,944.1249,0,19,539,539,"G10-40 step 10, public employment 40 %",debt,4,-5.093170329928398e-11
72,512,1,4,46688.123800000045,524.1813999999999,34976.74179999998,0.0,136924.83190000028,,0.0,28066.1618,108858.67010000026,0.0,10289.275900000008,392.6925397499984,0.00375,546.5125,11714.660608413262,0.0,1.0,4020.190041531604,5558.3225389421705,0.0,0.0,1.0,0.0,0.0,1.0,0.0,0,0,0.9583333333333334,0.7488474619788135,0.0,0.0,0.0,0.0,1.0,1,0,0,0.256772110470105,323,627.3261011311938,1.6737854622954889,628.9998865934894,7.157941992609232,1.2986071950593379,8.45654918766857,0.0,0.0,0.0,0.0,0,0,0.0,0.0,468.7506,1.0,1.0,0.0,0.0,0.0,0.0,0.5,0.25,212.01309999999768,11561.43079999992,12534.039599999998,9315,2746.0914999999986,3607.2155999999973,3857.2038999999995,2158.0560000000123,0.0,242.44520000000006,0.0,0.0,0.0,16,0.0,0.0,0.0,0.0,0.0,282.04839999999996,29.223299999999995,0.015,7.024833517495403,7.656222616822377,6.816662500000005,2.4929996023856877,4.856315523189413,4.607341292733449,1070.0,1086.0,535.0,2044.0,1955.0000000000002,819.0,20,0,0,1,56,38.0,2048.0,21661.029799999993,1476.0819,21801.8309,736,32,0,128,0.2884775348990154,0.7488474619788135,0.1800810763572236,7,9656.546200000019,7628.969200000008,56,0,160.0,0,0,0,0.0,0,0.0,969569.0765713102,0.0,0,0,0,1.5,0,0.0,0,0,0.0,0,0.0,0,0,1090.6660000000008,64.0,1202.6687,1,259.2287,181.46570000000014,5.598293348675457,5120.0,51.015625,1.7302053157552084,14,0,0.0,0,222.55497705075794,2612.0,320,5.534811795102807,0,0,0,0.0,0.0,0.0,0.0,0.0,0.0,0.0,0.0,0,0,0,0,20,0.0,0,6,0.0,0,0.0,2392.5615,3444.8647,10235.038581981911,0.0,10235.038581981911,0.0,259.2287,13957.93299999999,24480.581499999997,0.7674849373928574,384,54885.88918713908,128,914683.1873841713,1,0.0,4,17187.8697,2,-12136.128700000005,-27519.6493,390.5603961775545,944.1249,0,19,535,535,"G10-40 step 10, public employment 40 %",debt,4,-5.093170329928398e-11
73,512,1,4,46137.3403,524.1813999999999,34533.80000000004,0.0,139332.64580000006,,0.0,27744.4205,111588.22530000006,0.0,9530.101299999998,404.1928868749985,0.00375,538.192,11781.095174635428,0.0,1.0,4003.7470657900167,5591.177933090284,0.0,0.0,1.0,0.0,0.0,1.0,0.0,0,0,0.95703125,0.7493823644215367,0.0,0.0,1.0,0.0,1.0,1,0,0,0.25000573382318586,322,647.1820973843719,1.6365650225169823,648.8186624068888,6.921186142143857,1.3411585716316836,8.26234471377554,0.0,0.0,0.0,0.0,0,0,0.0,0.0,475.5754,1.0,1.0,0.0,0.0,0.0,0.0,0.5,0.25,319.85479999999603,11778.505599999911,12534.039599999998,9481,3055.782400000002,3606.5659000000105,8493.4947,2132.1804999999745,0.0,0.0,0.0,0.0,0.0,14,0.0,0.0,0.0,0.0,0.0,281.00359999999995,32.6832,0.014977301034649455,7.0774998156681965,7.721884842883565,7.076999999999994,2.5055163385826753,4.757636725354126,4.469121053951445,1082.0,1085.0,541.0,2046.6666666666665,1967.0,819.0,20,0,0,4,54,49.0,2048.0,21744.566899999983,735.6922,21845.828999999998,735,33,0,128,0.286935180193435,0.7493823644215367,0.16734967070082551,5,9313.581499999971,7679.087299999993,55,1,159.0,0,0,0,0.0,0,0.0,996272.2025660573,0.0,0,0,0,1.5,0,0.0,0,0,0.0,0,0.0,0,0,1125.242999999999,64.0,1273.0602,1,208.73629999999997,146.11919999999975,5.692889627801368,5120.0,51.015625,1.7793000716145835,16,0,0.0,0,233.17183901874918,2612.0,319,5.597193074293213,0,0,0,0.0,0.0,0.0,0.0,0.0,0.0,0.0,0.0,0,0,0,0,20,0.0,0,6,0.0,0,0.0,2392.5615,3456.1683999999996,11192.24624880839,0.0,11192.24624880839,0.0,208.73629999999997,13469.6962,23854.5814,0.7671858064066046,384,55223.85153039983,128,941048.351035658,1,0.0,4,17997.523499999996,2,-12027.4897,-27206.2285,390.5603961775545,975.1885,0,19,541,541,"G10-40 step 10, public employment 40 %",debt,4,-5.093170329928398e-11
74,512,1,4,50139.67009999998,524.1813999999999,38589.51969999999,0.0,141781.48549999984,,0.0,31731.5862,110049.89929999984,0.0,8738.572000000007,418.4093066249986,0.00375,586.6798,11838.974406597292,0.0,1.0,4033.6041842621494,5595.298737731525,0.0,0.0,1.0,0.0,0.0,1.0,0.0,0,0,0.95703125,0.749381256646745,0.0,0.0,0.0,0.0,1.0,1,0,0,0.2500578695823859,322,645.2125806028096,1.6892233850462068,646.9018039878558,9.945599333701258,1.285816865343401,11.23141619904466,0.0,0.0,0.0,0.0,0,0,0.0,0.0,479.9279,1.0,1.0,0.0,0.0,0.0,0.0,0.5,0.25,373.2446999999962,11995.436599999939,12534.039599999998,9630,7565.976700000004,3563.6469000000047,12846.246800000008,2190.430200000013,0.0,0.0,0.0,0.0,0.0,1,0.0,0.0,0.0,0.0,0.0,282.95259999999996,0.0,0.014065229863197989,7.070394926199264,7.695972811918099,7.187401250000001,2.491153373015877,4.803285066591253,4.335047422332902,1074.0,1084.0,537.0,2042.6666666666667,1959.0,819.0,20,0,0,1,57,53.0,2048.0,24359.852399999974,972.5656,22912.191799999997,735,33,0,128,0.36051150479518057,0.749381256646745,0.17046153699224798,10,9370.94449999996,7664.308100000002,57,0,160.0,0,0,0,0.0,0,0.0,999942.5591223544,0.0,0,0,0,1.5,0,0.0,0,0,0.0,0,0.0,0,0,1149.9842,64.0,1308.3805,1,355.84409999999997,249.09210000000027,5.777686035883924,5120.0,51.015625,1.8282429036458334,7,0,0.0,0,174.45057854734975,2612.0,319,5.659957905472957,0,0,0,0.0,0.0,0.0,0.0,0.0,0.0,0.0,0.0,0,0,0,0,20,0.0,0,6,0.0,0,0.0,2392.5615,3595.0794,10728.373986002187,0.0,10728.373986002187,0.0,355.84409999999997,16245.958799999993,25193.137899999998,0.7671230615724409,384,56331.80390388796,128,943610.755218466,1,0.0,4,17681.5148,2,-12002.965800000002,-31144.9064,390.5603961775545,975.1885,0,19,537,537,"G10-40 step 10, public employment 40 %",debt,4,-5.093170329928398e-11
75,512,1,4,47754.46740000003,524.1813999999999,36252.26400000002,0.0,144206.19079999972,,0.0,29668.8624,114537.32839999972,0.0,12349.284099999972,412.6419582499998,0.00375,521.7817,11906.954857878172,0.0,1.0,4043.763773861866,5656.232713585445,0.0,0.0,1.0,0.0,0.0,1.0,0.0,1,0,0.95703125,0.7493391580342001,0.0,0.0,1.0,0.0,1.0,1,0,0,0.2546836023124658,322,650.5988715919292,1.6581359822010338,652.2570075741302,9.026717948642494,1.4338127721062324,10.460530720748727,0.0,0.0,0.0,0.0,0,0,0.0,0.0,470.8481,1.0,1.0,0.0,0.0,0.0,0.0,0.5,0.25,421.1916999999963,12234.586899999842,12534.039599999998,9788,1376.9282999999996,3762.131000000001,6523.844200000003,2125.505700000003,0.0,0.0,0.0,0.0,0.0,3,0.0,0.0,0.0,0.0,0.0,296.87990000000013,0.0,0.012500338727195798,7.12275771050141,7.926074349442352,7.476071874999995,2.4908057425742554,4.810604031260427,4.204995999662915,1076.0,1057.0,538.0,2046.6666666666667,1961.0,819.0,21,0,0,4,58,32.0,2048.0,23287.184899999993,1321.3872,21230.2811,735,33,0,128,0.3309482608343446,0.7493391580342001,0.16676107689961728,4,9384.597999999982,7528.75489999999,58,0,160.0,0,0,0,0.0,0,0.0,1.008146842518759e6,0.0,0,0,0,1.5,0,0.0,0,0,0.0,0,0.0,0,0,1196.1714999999992,64.0,1393.8325,1,169.7867,118.85269999999998,5.772037835897116,5120.0,51.015625,1.8037303320312497,2,0,0.0,0,20.94162195798871,2612.0,319,5.752514950435313,0,0,0,0.0,0.0,0.0,0.0,0.0,0.0,0.0,0.0,0,0,0,0,21,0.0,0,6,0.0,0,0.0,2392.5615,3554.6092000000003,10451.83644152591,0.0,10451.83644152591,0.0,169.7867,14372.8363,23945.500799999998,0.7662369135265972,384,56530.13223032904,128,951616.7102884303,1,0.0,4,20043.492599999998,2,-11956.4689,-29147.080700000002,390.5603961775545,985.1777,0,19,538,538,"G10-40 step 10, public employment 40 %",debt,4,-5.093170329928398e-11
76,512,1,4,50117.037500000035,524.1813999999999,38592.413700000005,0.0,146691.87419999967,,0.0,31974.9593,114716.91489999967,0.0,9124.630700000005,429.33831087499897,0.00375,592.2476,11967.70758632423,0.0,1.0,4045.1317614197137,5656.770315882816,0.0,0.0,1.0,0.0,0.0,1.0,0.0,0,0,0.95703125,0.747810627351579,0.0,1.0,0.0,0.0,1.0,1,0,0,0.25676581936181725,322,628.1291946883708,1.7080289497634324,629.8372236381342,7.841923431690517,1.389725695311891,9.231649127002408,0.0,0.0,0.0,0.0,0,0,0.0,0.0,482.014,1.0,1.0,0.0,0.0,0.0,0.0,0.5,0.25,436.08619999999786,12459.784399999879,12571.458699999997,9958,6025.187800000003,3662.6176999999916,11566.409400000011,2207.6426000000024,0.0,0.0,0.0,0.0,0.0,12,0.0001,0.0,0.0,0.0,0.0,270.48349999999994,3.9559,0.012919626417631606,7.141412372093019,7.818899999999993,7.760210457516344,2.534353451676529,4.827112926624951,4.0788461196730275,1080.0,1075.0,540.0,2042.6666666666667,1965.0,819.0,19,0,0,4,48,39.0,2048.0,23070.694599999984,1590.0681,23468.6076,735,33,0,128,0.31462990175383077,0.747810627351579,0.1703350460711055,5,9421.3321,7677.018299999996,48,0,153.0,0,0,0,0.0,0,0.0,993582.0194152686,0.0,0,0,0,1.5,0,0.0,0,0,0.0,0,0.0,0,0,1187.3122000000005,64.0,1395.4195,1,367.4412,257.20609999999994,5.262734463387652,5120.0,51.015625,1.8907603320312498,8,0,0.0,0,83.22412544195261,2612.0,319,5.35898248130129,0,0,0,0.0,0.0,0.0,0.0,0.0,0.0,0.0,0.0,0,0,0,0,19,0.0,0,6,0.0,0,0.0,2392.5615,3736.698099999997,10238.215733612185,0.0,10238.215733612185,0.0,367.4412,15077.103600000002,26454.0952,0.7562911502776062,384,55406.44470753037,128,938175.5747077375,1,0.0,4,18462.624799999998,1,-7050.081500000003,-31382.7117,413.9940199482078,985.1777,0,20,540,540,"G10-40 step 10, public employment 40 %",debt,4,-5.093170329928398e-11
77,512,1,4,48579.17819999996,524.1813999999999,37078.285800000034,0.0,149179.0690999998,,0.0,30612.2724,118566.79669999979,0.0,11571.358099999989,430.0136519999987,0.00375,565.5351,12017.839037187883,0.0,1.0,4098.594409936084,5689.854633125251,0.0,0.0,1.0,0.0,0.0,1.0,0.0,0,0,0.95703125,0.7483795512844984,0.0,0.0,0.0,0.0,1.0,1,0,0,0.25009611961552153,322,633.570310123731,1.6888872022185084,635.2591973259497,7.099489116451252,1.3941284384216892,8.493617554872941,0.0,0.0,0.0,0.0,0,0,0.0,0.0,488.3471,1.0,1.0,0.0,0.0,0.0,0.0,0.5,0.25,457.8003999999978,12698.848599999785,12571.458699999997,10107,2364.2144000000008,3902.0736999999954,7553.660500000002,2174.619100000012,0.0,0.0,0.0,0.0,0.0,6,0.0,0.0,0.0,0.0,0.0,314.0565000000001,0.0,0.012070645752297184,7.1834252830188685,8.00968186915884,7.978146875000005,2.5304986055776837,4.83981631224592,3.956480736082837,1070.0,1060.0,535.0,2042.666666666667,1954.0000000000002,819.0,22,0,0,3,49,29.0,2048.0,22525.964099999997,1948.2549,21971.165100000002,735,33,0,128,0.29709411585566436,0.7483795512844984,0.16669227470445613,3,9432.292899999964,7614.430800000001,49,0,160.0,0,0,0,0.0,0,0.0,1.0001810013407023e6,0.0,0,0,0,1.5,0,0.0,0,0,0.0,0,0.0,0,0,1276.5035000000007,64.0,1568.259,1,257.3075,180.11929999999978,5.445318259788482,5120.0,51.015625,1.8646715006510417,6,0,0.0,0,193.5639885408336,2612.0,319,5.439929446167863,0,0,0,0.0,0.0,0.0,0.0,0.0,0.0,0.0,0.0,0,0,0,0,22,0.0,0,6,0.0,0,0.0,2392.5615,3716.062,9866.898637173876,0.0,9866.898637173876,0.0,257.3075,15061.183399999994,25487.679000000004,0.7561820633958487,384,56375.2520008947,128,943805.7493398072,1,0.0,4,20628.329800000003,1,-7028.367400000001,-30046.7373,413.9940199482078,985.1777,0,20,535,535,"G10-40 step 10, public employment 40 %",debt,4,-5.093170329928398e-11
78,512,1,4,48709.55689999999,524.1813999999999,37213.87190000001,0.0,151719.61739999967,,0.0,30505.2666,121214.35079999967,0.0,10336.445999999987,444.5799746249991,0.00375,583.34,12071.600893973624,0.0,1.0,4122.291055880514,5709.032829315745,0.0,0.0,1.0,0.0,0.0,1.0,0.0,0,1,0.9557291666666666,0.7478439346493739,0.0,0.0,3.0,0.0,1.0,1,0,0,0.25003240097864177,321,627.871695165947,1.6665732562830664,629.5382684222301,7.6084814263103535,1.399568682448718,9.008050108759072,0.0,0.0,0.0,0.0,0,0,0.0,0.0,495.7366,1.0,1.0,0.0,0.0,0.0,0.0,0.5,0.25,461.11679999999785,12930.241999999735,12571.458699999997,10273,3861.633900000007,3731.255200000009,5793.624799999998,2197.2353999999978,0.0,0.0,0.0,0.0,0.0,1,0.0,0.0,0.0,0.0,0.0,315.4981999999999,2.396,0.014132843035193124,7.202211830985917,7.954319813084117,8.098458125,2.548732135728541,4.852778716600951,3.837786314000352,1070.0,1065.0,535.0,2044.0,1954.0000000000002,819.0,22,0,0,3,40,33.0,2048.0,22697.816399999996,1247.6529,22400.0993,734,34,0,128,0.3064433025358655,0.7478439346493739,0.16910491889914492,6,9460.848200000006,7670.355600000002,40,0,160.0,0,0,0,0.0,0,0.0,1.0023205001982944e6,0.0,0,0,0,1.5,0,0.0,0,0,0.0,0,0.0,0,0,1295.7533,64.0,1780.6483,1,292.0064,204.40210000000008,5.263882864527848,5120.0,51.015625,1.9103003515625,20,0,0.0,0,186.82799179789154,2612.0,318,6.091900850876658,0,0,0,0.0,0.0,0.0,0.0,0.0,0.0,0.0,0.0,0,0,0,0,22,0.0,0,6,0.0,0,0.0,2392.5615,3985.341900000001,10581.702543106883,0.0,10581.702543106883,0.0,292.0064,14527.509999999998,25428.4005,0.7555547145907915,384,55981.052333469976,128,946339.447864826,1,0.0,4,20942.544,1,-7025.0508999999975,-29921.9266,413.9940199482078,994.3204000000001,0,20,535,535,"G10-40 step 10, public employment 40 %",debt,4,-5.093170329928398e-11
79,512,1,4,51670.61199999994,524.1813999999999,40183.640400000026,0.0,154311.97550000003,,0.0,33408.0673,120903.90820000003,0.0,10406.447899999986,454.5078108749996,0.00375,625.7191,12126.749494059628,0.0,1.0,4176.45318547277,5720.204487706416,0.0,0.0,1.0,0.0,0.0,1.0,0.0,0,0,0.9557291666666666,0.7495046498068427,0.0,0.0,0.0,0.0,1.0,1,0,0,0.25000601882689044,320,646.9772984431306,1.7048224592962364,648.6821209024268,9.253294109873817,1.4459647066811498,10.699258816554966,0.0,0.0,0.0,0.0,0,0,0.0,0.0,500.80750000000006,1.0,1.0,0.0,0.0,0.0,0.0,0.5,0.25,468.06489999999735,13166.792299999728,12571.458699999997,10454,6791.865300000004,3830.8102,8887.499700000002,2233.5536999999968,0.0,0.0,0.0,0.0,0.0,1,0.0,0.0,0.0,0.0,0.0,359.7079000000001,0.0,0.01477212096590266,7.2092343720491,8.086422264150983,8.436065000000005,2.5541082661290315,4.862147639353462,3.722652724580341,1060.0,1059.0,530.0,2044.0000000000002,1944.0000000000002,819.0,25,0,0,2,43,27.0,2048.0,24390.983999999975,1611.5377,23454.679200000002,734,34,0,128,0.3361755333798493,0.7495046498068427,0.1653151494803593,6,9470.722100000019,7634.579199999997,43,0,160.0,0,0,0,0.0,0,0.0,1.021555958873847e6,0.0,0,0,0,1.5,0,0.0,0,0,0.0,0,0.0,0,0,1349.7704000000008,64.0,1587.692,1,416.3721,291.4588000000003,5.855839732221603,5120.0,51.015625,1.9555632356770831,5,0,0.0,0,59.36659293951587,2612.0,317,6.204624921910519,0,0,0,0.0,0.0,0.0,0.0,0.0,0.0,0.0,0.0,0,0,0,0,25,0.0,0,6,0.0,0,0.0,2392.5615,4053.0121999999983,10156.86455520389,0.0,10156.86455520389,0.0,416.3721,16373.436600000006,26653.9089,0.757082822114304,384,57676.82058703865,128,963879.1382868085,1,0.0,4,20437.745300000002,1,-7018.102800000003,-32782.3482,413.9940199482078,994.3204000000001,0,20,530,530,"G10-40 step 10, public employment 40 %",debt,4,-5.093170329928398e-11
80,512,1,4,48750.61440000007,524.1813999999999,37286.72110000007,0.0,156847.8385,,0.0,30863.6468,125984.19170000002,0.0,13528.715899999996,453.34322724999936,0.00375,588.1969,12176.207390403426,0.0,1.0,4151.810648032279,5757.281901935612,0.0,0.0,1.0,0.0,0.0,1.0,0.0,0,0,0.9544270833333334,0.7497724852139631,0.0,0.0,1.0,0.0,1.0,1,0,0,0.2500112834953879,318,657.1577230888546,1.7544494974118328,658.9121725862665,8.15443122646652,1.4954820214968918,9.649913247963413,0.0,0.0,0.0,0.0,0,0,0.0,0.0,506.7763,1.0,1.0,0.0,0.0,0.0,0.0,0.5,0.25,489.50409999999636,13421.170599999692,12571.458699999997,10597,1104.9723000000001,4024.969899999994,6074.057399999999,2198.856000000021,0.0,0.0,0.0,0.0,0.0,1,0.0,0.0,0.0,0.0,0.0,331.34,0.0,0.013228462866839734,7.2052618062088465,7.961000187617223,8.712187499999999,2.562757429718874,4.852019407474836,3.6109731428429304,1066.0,1063.0,533.0,2045.3333333333333,1949.9999999999998,819.0,23,0,0,3,42,27.0,2048.0,23189.18280000001,892.3206,22166.1875,733,35,0,128,0.3133271681702494,0.7497724852139631,0.1629524994514122,3,9458.373000000045,7659.193300000004,42,0,160.0,0,0,0,0.0,0,0.0,1.0358978153061176e6,0.0,0,0,0,1.5,0,0.0,0,0,0.0,0,0.0,0,0,1393.9499999999998,64.0,1914.7266,1,271.40189999999996,189.9795999999997,6.046026800329366,5120.0,51.015625,1.9504162792968749,8,0,0.0,0,445.25411896063116,2612.0,315,6.32806561953592,0,0,0,0.0,0.0,0.0,0.0,0.0,0.0,0.0,0.0,0,0,0,0,23,0.0,0,6,0.0,0,0.0,2392.5615,3851.686400000001,10966.27259286651,0.0,10966.27259286651,0.0,271.40189999999996,14479.127399999996,24973.2347,0.7567343486236666,384,59220.21292808362,128,976677.6023780345,1,0.0,4,22508.550800000005,1,-6996.663600000003,-30275.4499,413.9940199482078,1004.6995999999999,0,20,533,533,"G10-40 step 10, public employment 40 %",debt,4,-5.093170329928398e-11
81,512,1,4,49899.61420000004,524.1813999999999,38431.726000000046,0.0,159436.45139999985,,0.0,32365.4363,127071.01509999986,0.0,10702.88329999997,472.3945832499991,0.00375,626.1068,12220.661702611755,0.0,1.0,4164.1589937507615,5761.339143407831,0.0,0.0,1.0,0.0,0.0,1.0,0.0,0,0,0.9544270833333334,0.7500697984754154,0.0,0.0,0.0,0.0,1.0,1,0,0,0.2505279793479089,318,661.1442727699293,1.7953292164045223,662.9396019863339,9.055783799698842,1.4436965712671528,10.499480370965996,0.0,0.0,0.0,0.0,0,0,0.0,0.0,521.6863,1.0,1.0,0.0,0.0,0.0,0.0,0.5,0.25,484.11309999999753,13659.185999999636,12571.458699999997,10739,5049.2165,3900.216700000007,9973.768200000002,2240.214500000006,0.0,0.0,0.0,0.0,0.0,5,0.0,0.0,0.0,0.0,0.0,345.79620000000017,0.0,0.015,7.179129277218663,8.045325000000064,8.737196153846162,2.57495110663984,4.867046946454966,3.6512074469836815,1064.0,1093.0,532.0,2044.0,1948.0,818.9999999999999,24,0,0,4,61,39.0,2048.0,23531.06370000002,1228.777,22573.7743,733,35,0,128,0.3305593346696931,0.7500697984754154,0.1658801853265488,3,9492.443999999989,7846.788299999998,61,0,156.0,0,0,0,0.0,0,0.0,1.0394151136236998e6,0.0,0,0,0,1.5,0,0.0,0,0,0.0,0,0.0,0,0,1363.0026000000012,64.0,1939.8924,1,348.056,243.63970000000018,6.134213568479825,5120.0,51.015625,1.9808256640624997,3,0,0.0,0,34.015756512755736,2612.0,315,6.476461983646074,0,0,0,0.0,0.0,0.0,0.0,0.0,0.0,0.0,0.0,0,0,0,0,24,0.0,0,6,0.0,0,0.0,2392.5615,3705.8221999999987,10605.20683216116,0.0,10605.20683216116,0.0,348.056,14257.395000000006,25742.443700000003,0.7569479710173386,384,59446.888514882456,128,979968.2251088177,1,0.0,4,22948.872300000003,1,-7002.054599999999,-31739.3295,413.9940199482078,1004.6995999999999,0,20,532,532,"G10-40 step 10, public employment 40 %",debt,4,-5.093170329928398e-11
82,512,1,4,49483.7221,524.1813999999999,38018.88650000002,0.0,161928.47749999986,,0.0,32057.7338,129870.74369999988,0.0,10935.50850000001,476.4704067499991,0.00375,604.2216,12242.70888344769,0.0,1.0,4106.104839832871,5776.552297298454,0.0,0.0,1.0,0.0,0.0,1.0,0.0,0,0,0.9544270833333334,0.7489759327902346,0.0,0.0,0.0,0.0,1.0,1,0,0,0.25539806072538646,316,652.1481104484402,1.719892532961633,653.8680029814019,7.039390183044825,1.3993298100539495,8.438719993098774,0.0,0.0,0.0,0.0,0,0,0.0,0.0,495.2078,1.0,1.0,0.0,0.0,0.0,0.0,0.5,0.25,485.7690999999976,13901.56229999967,12571.458699999997,10907,3421.1232999999975,3837.0154000000007,5197.048800000008,2230.5380000000023,0.0,0.0,0.0,0.0,0.0,10,0.0,0.0,0.0,0.0,0.0,301.5844999999998,4.7743,0.013764693098359435,7.206643506493502,8.054925000000013,8.771147857142852,2.550779009900991,4.884447741242513,4.433235938312797,1080.0,1078.0,540.0,2042.6666666666667,1956.0000000000002,819.0,21,0,0,3,54,42.0,2048.0,22276.8412,1596.4855,23391.0864,733,35,0,128,0.29083217576253606,0.7489759327902346,0.17158348486796227,4,9517.39629999997,7768.7616999999955,54,0,140.0,0,0,0,0.0,0,0.0,1.0295197617891649e6,0.0,0,0,0,1.5,0,0.0,0,0,0.0,0,0.0,0,0,1227.9606999999992,56.0,1615.0874,1,363.3852,254.37049999999985,5.777448437147291,5120.0,51.015625,2.0141975000000003,5,0,0.0,0,48.11474555854992,2612.0,313,6.480367333770514,0,0,0,0.0,0.0,0.0,0.0,0.0,0.0,0.0,0.0,0,0,0,0,21,0.0,0,6,0.0,0,0.0,2392.5615,3731.0017999999977,10459.551346013586,0.0,10459.551346013586,0.0,363.3852,14572.390100000011,26602.659300000003,0.7560434564777005,384,58817.74531409072,128,970702.0164750742,1,0.0,4,22778.1396,1,-7000.398600000003,-31453.5122,413.9940199482078,1004.6995999999999,0,20,540,540,"G10-40 step 10, public employment 40 %",debt,4,-5.093170329928398e-11
83,512,1,4,58038.51829999997,524.1813999999999,46574.53209999998,0.0,164454.1800999998,,0.0,36784.3681,127669.81199999979,0.0,10156.58829999999,486.967259999999,0.00375,664.1996,12271.90839219362,0.0,1.0,4121.783609003849,5760.522803129078,0.0,0.0,1.0,0.0,0.0,1.0,0.0,1,0,0.9544270833333334,0.7496349457219171,0.0,0.0,0.0,0.0,1.0,1,0,0,0.2540013660639799,314,657.4399588435055,1.7167871968600261,659.1567460403654,11.35478917103732,1.3017392326653106,12.65652840370263,0.0,0.0,0.0,0.0,0,0,0.0,0.0,513.5985000000001,1.0,1.0,0.0,0.0,0.0,0.0,0.5,0.25,485.3477999999984,14142.548799999628,12571.458699999997,11064,12351.163800000006,3796.367600000002,14236.548800000019,2303.3633999999815,0.0,0.0,0.0,0.0,0.0,5,0.0,0.0,0.0,0.0,0.0,302.6844999999999,0.0,0.015,7.2170138405132915,7.9328695167286325,8.788562500000005,2.542296421471173,4.925452648410025,4.300238860163414,1076.0,1091.0,538.0,2044.0000000000002,1959.0000000000002,819.0,21,0,0,1,59,51.0,2048.0,25366.551199999958,5682.4074,23822.8506,733,35,0,128,0.39089474241439714,0.7496349457219171,0.17102109370612895,7,9591.259799999985,7873.762100000001,59,0,152.0,0,0,0,0.0,0,0.0,1.0370355373012333e6,0.0,0,0,0,1.5,0,0.0,0,0,0.0,0,0.0,0,0,1335.8615000000007,63.0,2502.5095,1,502.0059,351.40560000000005,5.988890878946417,5120.0,51.015625,2.0723796354166666,9,0,0.0,0,171.36256875822255,2612.0,311,6.384249501330181,0,0,0,0.0,0.0,0.0,0.0,0.0,0.0,0.0,0.0,0,0,0,0,21,0.0,0,6,0.0,0,0.0,2392.5615,3856.0138,6318.048576345616,0.0,6318.048576345616,0.0,502.0059,16432.011300000006,32007.7675,0.7564865071606923,384,59147.183795409794,128,977888.3535058236,1,0.0,4,23117.8693,1,-7000.819899999998,-36120.1685,413.9940199482078,1004.6995999999999,0,20,538,538,"G10-40 step 10, public employment 40 %",debt,4,-5.093170329928398e-11
84,512,1,4,55296.45280000001,524.1813999999999,43404.46240000003,0.0,166906.9523999998,,0.0,33714.1889,133192.7634999998,0.0,15812.227400000014,478.7145313749993,0.00375,583.5586,12298.786202136103,0.0,1.0,4127.701281301541,5797.078751424068,0.0,0.0,1.0,0.0,0.0,1.0,0.0,0,0,0.953125,0.7481564392806872,0.0,0.0,1.0,0.0,1.0,1,0,0,0.2542689086870663,314,642.4025124167204,1.7604714518311937,644.1629838685516,8.858745681930314,1.5216834866888183,10.380429168619132,0.0,0.0,0.0,0.0,0,0,0.0,0.0,486.6581,1.0,1.0,0.0,0.0,0.0,0.0,0.5,0.25,56.19919999999673,14465.704899999657,12571.458699999997,11218,1572.7308000000007,4314.796299999995,6382.160699999999,2256.9710999999993,0.0,511.24820000000057,0.0,0.0,0.0,9,0.0,0.0,0.0,0.0,0.0,303.1140000000001,0.0,0.011072809288648438,7.231834333958733,7.875825231910928,8.769681250000007,2.5672234592445258,5.027905762103069,5.1495132214301265,1078.0,1066.0,539.0,2046.6666666666665,1962.0,819.0,21,0,0,2,59,36.0,2048.0,25205.295199999975,4862.8873,23339.666400000002,732,36,0,128,0.3250662609651769,0.7481564392806872,0.18294433790679054,3,10297.008100000023,7709.135400000009,59,0,160.0,0,0,0,0.0,0,0.0,1.0262671138434934e6,0.0,0,0,0,1.5,0,0.0,0,0,0.0,0,0.0,0,0,1403.149000000001,64.0,1305.0453,1,323.0133,226.11469999999997,5.404187410270015,5120.0,51.015625,2.038376103515625,5,0,0.0,0,150.18709860471822,2612.0,311,6.421427646799752,0,0,0,0.0,0.0,0.0,0.0,0.0,0.0,0.0,0.0,0,0,0,0,21,0.0,0,6,0.0,0,0.0,2392.5615,3877.613600000001,7212.462945997899,0.0,7212.462945997899,0.0,323.0133,16776.676900000002,29507.599000000002,0.7558917754403149,384,55454.43174833528,128,970812.6820951593,1,0.0,4,24264.117299999998,1,-7429.968499999998,-33130.630300000004,413.9940199482078,1012.1994,0,20,539,539,"G10-40 step 10, public employment 40 %",debt,4,-5.093170329928398e-11
85,512,1,4,53841.43739999991,524.1813999999999,42224.112199999996,0.0,169439.7571999999,,0.0,32546.9126,136892.8445999999,0.0,13230.1824,499.4248879999996,0.00375,597.5293,12321.021867165851,0.0,1.0,4092.6897259090097,5798.102336443901,0.0,0.0,1.0,0.0,0.0,1.0,0.0,1,2,0.9518229166666666,0.7483561776976628,0.0,0.0,1.0,0.0,1.0,1,0,0,0.2553909465020576,314,641.8155771409258,1.6541018218631198,643.4696789627889,9.080450504394106,1.3660871129035579,10.446537617297665,0.0,0.0,0.0,0.0,0,0,0.0,0.0,501.2823,1.0,1.0,0.0,0.0,0.0,0.0,0.5,0.25,329.84599999999637,14770.596699999653,12571.458699999997,11380,2764.1950999999963,4219.210499999987,4848.392999999992,2241.899999999972,0.0,0.0,0.0,0.0,0.0,5,0.0,0.0,0.0,0.0,0.0,260.24119999999994,18.1096,0.013152663298901468,7.244984537037042,7.9846243093922515,8.998776250000008,2.5697393280632457,4.9046287791769005,4.995027824787223,1086.0,1080.0,543.0,2045.3333333333333,1970.0,819.0,18,0,0,1,54,39.0,2048.0,24279.58090000001,4091.3222,23364.5109,731,37,0,128,0.33797977274644553,0.7483561776976628,0.16719141866431908,5,9578.27959999998,7824.583300000006,54,0,160.0,0,0,0,0.0,0,0.0,1.0271304138434938e6,0.0,0,0,0,1.5,0,0.0,0,0,0.0,0,0.0,0,0,1439.8042000000012,64.0,1508.4941,1,320.83009999999996,224.58489999999995,5.404187410270015,5120.0,51.015625,2.0595289420572915,0,0,0.0,0,0.0,2612.0,311,6.4066061843155895,0,0,0,0.0,0.0,0.0,0.0,0.0,0.0,0.0,0.0,0,0,0,0,18,0.0,0,6,0.0,0,0.0,2392.5615,3938.0042000000017,8281.143301575232,0.0,8281.143301575232,0.0,320.83009999999996,15652.99179999998,28964.3272,0.7555490873730355,384,55423.60104833531,128,971706.8127951592,1,0.0,4,24925.7397,1,-7156.321699999996,-31949.3833,413.9940199482078,1012.1994,0,20,543,543,"G10-40 step 10, public employment 40 %",debt,4,-5.093170329928398e-11
86,512,1,4,51350.51850000004,524.1813999999999,39864.85900000001,0.0,172004.22790000006,,0.0,30070.4317,141933.79620000004,0.0,13779.523599999991,513.2998327499994,0.00375,610.7261,12348.539233637668,0.0,1.0,4143.673650149423,5805.543897425114,0.0,0.0,1.0,0.0,0.0,1.0,0.0,0,0,0.94921875,0.7489589323754364,0.0,0.0,2.0,0.0,1.0,1,0,0,0.25753504013525136,314,650.9150347366525,1.7044033492144468,652.6194380858669,7.46945355280603,1.3920046218495816,8.861458174655612,0.0,0.0,0.0,0.0,0,0,0.0,0.0,502.37239999999997,1.0,1.0,0.0,0.0,0.0,0.0,0.5,0.25,460.6193999999954,15069.316299999722,12571.458699999997,11534,1672.2348000000006,4163.153699999979,3501.324599999996,2268.483199999988,0.0,0.0,0.0,0.0,0.0,7,0.0,0.0,0.0,0.0,0.0,304.2637000000001,0.0,0.013479353948651093,7.2638739008419115,8.110244712430442,9.201321874999994,2.5685792000000016,4.978259851716972,4.845176990043606,1078.0,1069.0,539.0,2046.6666666666667,1962.0,819.0,21,0,0,1,50,35.0,2048.0,23357.284,2348.3153,23419.3385,729,39,0,128,0.30440457694856504,0.7489589323754364,0.17345409303063875,7,9698.136999999973,7765.081200000003,50,0,160.0,0,0,0,0.0,0,0.0,1.0380629126831079e6,0.0,0,0,0,1.5,0,0.0,0,0,0.0,0,0.0,0,0,1472.2114999999992,64.0,1614.8546,1,361.17569999999995,252.8205000000002,5.614619520934536,5120.0,51.015625,2.085815283203125,7,0,0.0,0,111.36964181661578,2612.0,311,6.536625944451018,0,0,0,0.0,0.0,0.0,0.0,0.0,0.0,0.0,0.0,0,0,0,0,21,0.0,0,6,0.0,0,0.0,2392.5615,4213.117999999998,9737.737929407316,0.0,9737.737929407316,0.0,361.17569999999995,14490.180799999991,27382.5084,0.7558291332392959,384,56244.803946502034,128,981818.1087366074,1,0.0,4,25486.9412,1,-7025.548300000005,-29459.7056,413.9940199482078,1016.9186,0,20,539,539,"G10-40 step 10, public employment 40 %",debt,4,-5.093170329928398e-11
87,512,1,4,52771.43710000001,524.1813999999999,41345.2581,0.0,174600.7711000001,,0.0,31912.2281,142688.5430000001,0.0,13104.030899999989,532.2037947499998,0.00375,654.8946,12383.378825127786,0.0,1.0,4183.122139822328,5798.393725085192,0.0,0.0,1.0,0.0,0.0,1.0,0.0,1,1,0.9466145833333334,0.7488944978474668,0.0,0.0,2.0,0.0,1.0,1,0,0,0.25001616478249966,314,652.633365413185,1.7183977454439099,654.3517631586288,10.28181273463657,1.3281705956338248,11.609983330270394,0.0,0.0,0.0,0.0,0,0,0.0,0.0,521.8602,1.0,1.0,0.0,0.0,0.0,0.0,0.5,0.25,519.3601999999952,15356.338299999728,12571.458699999997,11697,5418.436400000001,3997.5177999999896,7185.8242,2313.3505000000073,0.0,0.0,0.0,0.0,0.0,16,0.0,0.0,0.0,0.0,0.0,333.6983,10.303799999999999,0.01465686411652372,7.274343732590533,8.132225607476615,9.722761249999998,2.573615587044529,5.007676670460332,4.699821680342297,1070.0,1077.0,535.0,2046.6666666666665,1954.0,819.0,23,2,2,1,53,40.0,2046.0,25549.517099999994,613.0875,24210.4214,727,41,0,128,0.3653578058431408,0.7488944978474668,0.1745749603302238,3,9731.605799999943,7834.468200000004,53,0,160.0,0,0,2,0.0,0,0.0,1.0447553440829614e6,0.0,0,0,0,1.5,0,0.0,0,0,0.0,0,0.0,0,0,1555.6417999999996,64.0,1743.5165,1,443.45140000000004,310.41830000000004,5.626142006281332,5120.0,51.015625,2.1411700862630205,13,0,0.0,0,235.7561361244366,2612.0,311,6.699324036405322,0,0,0,0.0,0.0,0.0,0.0,0.0,0.0,0.0,0.0,0,0,0,0,23,0.0,0,6,0.0,0,0.0,2392.5615,4085.4219000000026,11499.589178005743,0.0,11499.589178005743,0.0,443.45140000000004,16848.134599999994,26567.025400000002,0.755627792960404,384,57007.998981236975,128,987747.3451017255,1,0.0,4,25311.0683,1,-6966.807499999998,-31257.3335,413.9940199482078,1024.2663499999999,0,20,535,535,"G10-40 step 10, public employment 40 %",debt,4,-5.093170329928398e-11
88,512,1,4,49890.6359,524.1813999999999,38499.86570000002,0.0,177147.89160000038,,0.0,29443.6345,147704.2571000004,0.0,14140.344799999992,535.0338674999998,0.00375,598.5663,12414.645221719922,0.0,1.0,4170.197347788261,5833.534972813282,0.0,0.0,1.0,0.0,0.0,1.0,0.0,0,0,0.9466145833333334,0.7489375429398011,0.0,0.0,3.0,0.0,1.0,1,0,0,0.25000262031618486,314,654.1510897383644,1.7009947539950425,655.8520844923594,9.585257637900826,1.3111936801500408,10.896451318050866,0.0,0.0,0.0,0.0,0,0,0.0,0.0,523.2461,1.0,1.0,0.0,0.0,0.0,0.0,0.5,0.25,554.1509999999964,15648.588499999758,12571.458699999997,11849,1273.1683999999996,4153.969599999998,6534.041300000002,2261.392000000008,0.0,0.0,0.0,0.0,0.0,8,0.0,0.0,0.0,0.0,0.0,319.93299999999994,0.0,0.014744776744406883,7.267800934579429,8.068724999999944,10.208435000000003,2.6054096969696894,5.0106380293620845,4.558827029932028,1072.0,1070.0,536.0,2044.6666666666667,1955.0,818.0,22,1,0,6,54,38.0,2047.0,24046.137,895.942,22439.514099999997,727,41,0,128,0.3498664795117348,0.7489375429398011,0.17809881036869335,9,9742.579700000008,7776.54699999999,55,1,160.0,0,0,1,0.0,0,0.0,1.0481573145965004e6,0.0,0,0,0,1.5,0,0.0,0,0,0.0,0,0.0,0,0,1633.3496000000005,64.0,1910.4765,1,251.062,175.74589999999995,5.648269293505866,5120.0,51.015625,2.107554847005208,7,0,0.0,0,68.43324346003395,2612.0,311,6.746617379830333,0,0,0,0.0,0.0,0.0,0.0,0.0,0.0,0.0,0.0,0,0,0,0,22,0.0,0,6,0.0,0,0.0,2392.5615,3946.0791000000013,11294.775950067818,0.0,11294.775950067818,0.0,251.062,14687.196500000011,25245.9326,0.7556415290202865,384,57172.265120268756,128,990985.0494762316,1,0.0,4,27892.2045,1,-6932.016699999996,-28845.0682,413.9940199482078,1026.8894,0,20,536,536,"G10-40 step 10, public employment 40 %",debt,4,-5.093170329928398e-11
89,512,1,4,52862.851800000026,524.1813999999999,41472.916099999966,0.0,179746.53310000038,,0.0,32360.9988,147385.53430000038,0.0,11252.635299999993,553.8417738750006,0.00375,672.5967,12428.002517249224,0.0,1.0,4152.023592053288,5804.937828166153,0.0,0.0,1.0,0.0,0.0,1.0,0.0,0,0,0.9466145833333334,0.7478318364174539,0.0,1.0,1.0,0.0,1.0,1,0,0,0.2500164691973309,314,643.2759728874056,1.6928620086521646,644.9688348960577,8.833512822240383,1.29821128308278,10.131724105323164,0.0,0.0,0.0,0.0,0,0,0.0,0.0,519.9147,1.0,1.0,0.0,0.0,0.0,0.0,0.5,0.25,554.4890999999952,15923.630299999732,12571.458699999997,12017,6913.605599999996,3941.389700000016,12483.450900000009,2328.5215999999778,0.0,0.0,0.0,0.0,0.0,7,0.0,0.0,0.0,0.0,0.0,305.2150999999999,0.0,0.015,7.318517057169633,8.239270280373828,10.622277083333337,2.588507894736845,5.002974107074641,4.422062219034067,1070.0,1067.0,535.0,2039.3333333333335,1951.0000000000005,818.0,21,0,0,2,51,32.0,2048.0,24420.557,1264.8942,24661.7154,727,41,0,128,0.3403918115675555,0.7478318364174539,0.17906537463578664,7,9688.819799999992,7808.857699999999,51,0,144.0,0,0,0,0.0,0,0.0,1.037636754237652e6,0.0,0,0,0,1.5,0,0.0,0,0,0.0,0,0.0,0,0,1529.6079000000004,62.0,1843.0885,1,508.9385,356.25569999999965,5.334224283452227,5120.0,51.015625,2.192096124674479,5,0,0.0,0,60.92277598713229,2612.0,311,6.82223680240394,0,0,0,0.0,0.0,0.0,0.0,0.0,0.0,0.0,0.0,0,0,0,0,21,0.0,0,6,0.0,0,0.0,2392.5615,4025.0247999999992,10958.862400762499,0.0,10958.862400762499,0.0,508.9385,15885.057100000016,27769.698100000005,0.7546845299136344,384,56300.168865064945,128,981336.5853725874,1,0.0,4,26167.5843,1,-6931.678600000002,-31688.4021,438.8336611451003,1024.2663499999999,0,20,535,535,"G10-40 step 10, public employment 40 %",debt,4,-5.093170329928398e-11
90,512,1,4,51947.735399999976,524.1813999999999,40575.24160000003,0.0,182304.38750000036,,0.0,31931.3749,150373.01260000037,0.0,13323.924300000028,552.6468992499995,0.00375,655.1815,12443.79107756076,0.0,1.0,4185.445297126656,5810.648576707176,0.0,0.0,1.0,0.0,0.0,1.0,0.0,0,0,0.9466145833333334,0.7464361650584128,0.0,0.0,0.0,0.0,1.0,1,0,0,0.25002057613168727,311,626.4489061645226,1.722281713612274,628.1711878781349,9.13677371950895,1.2357102669873645,10.372483986496315,0.0,0.0,0.0,0.0,0,0,0.0,0.0,543.9811,1.0,1.0,0.0,0.0,0.0,0.0,0.5,0.25,571.5565999999961,16215.458599999727,12571.458699999997,12157,3280.3907,4195.507099999996,8454.719499999996,2324.6757000000002,0.0,0.0,0.0,0.0,0.0,1,0.0,0.0,0.0,0.0,0.0,307.0701,0.0,0.014005412219932617,7.331693703703706,8.124313407821257,10.604600625,2.61516794354839,5.0218885968487905,4.289400352463045,1074.0,1080.0,537.0,2045.3333333333333,1958.0,819.0,21,0,0,5,54,39.0,2048.0,24107.907800000004,1554.7735,23472.964699999997,727,41,0,128,0.34863346316338184,0.7464361650584128,0.1750046840776336,12,9767.548000000035,7918.229200000003,54,0,160.0,0,0,0,0.0,0,0.0,1.0265308278698432e6,0.0,0,0,0,1.5,0,0.0,0,0,0.0,0,0.0,0,0,1696.7360999999999,64.0,2156.9079,1,370.67190000000005,259.4723000000005,4.948687959630313,5120.0,51.015625,2.1789397314453125,5,0,0.0,0,41.884680384350325,2612.0,308,6.939525910510618,0,0,0,0.0,0.0,0.0,0.0,0.0,0.0,0.0,0.0,0,0,0,0,21,0.0,0,6,0.0,0,0.0,2392.5615,3809.7061000000003,10675.104004918303,0.0,10675.104004918303,0.0,370.67190000000005,15302.797399999992,27184.646099999998,0.7534814809435304,384,55594.002117433614,128,970936.8257524096,1,0.0,4,28148.323699999997,1,-6914.611100000005,-31276.1934,438.8336611451003,1024.2663499999999,0,20,537,537,"G10-40 step 10, public employment 40 %",debt,4,-5.093170329928398e-11
91,512,1,4,51262.13779999997,524.1813999999999,39889.52429999995,0.0,184899.06429999982,,0.0,31434.0809,153464.98339999982,0.0,13498.418700000004,563.8513124999994,0.00375,671.38,12447.90717232677,0.0,1.0,4192.917564536811,5799.289681551182,0.0,0.0,1.0,0.0,0.0,1.0,0.0,0,0,0.9453125,0.7472241037967169,0.0,0.0,2.0,0.0,1.0,1,0,0,0.2501313245735971,311,637.5207276098661,1.7675354860694117,639.2882630959356,8.458021174140057,1.3406731512795365,9.798694325419595,0.0,0.0,0.0,0.0,0,0,0.0,0.0,534.9406,1.0,1.0,0.0,0.0,0.0,0.0,0.5,0.25,571.1838999999945,16498.270599999727,12571.458699999997,12323,3308.965900000002,3994.5635000000075,5158.524700000005,2337.9952000000085,0.0,0.0,0.0,0.0,0.0,7,0.0,0.0,0.0,0.0,0.0,307.5611,4.0777,0.015,7.326235444234404,8.095950000000018,10.921895000000003,2.602141295546553,5.023183207325841,4.160718341889154,1072.0,1058.0,536.0,2041.3333333333335,1956.0,819.0,21,0,0,3,39,37.0,2048.0,23603.52800000001,790.9361,23785.055699999997,726,42,0,128,0.3268701012288815,0.7472241037967169,0.17469679081432288,8,9751.740400000035,7751.157099999999,39,0,160.0,0,0,0,0.0,0,0.0,1.039225784041263e6,0.0,0,0,0,1.5,0,0.0,0,0,0.0,0,0.0,0,0,1747.5032000000003,64.0,2411.238,1,454.7779,318.3419000000004,5.256855323608822,5120.0,51.015625,2.216071318359375,24,0,0.0,0,309.66718040625955,2612.0,308,7.02453316572813,0,0,0,0.0,0.0,0.0,0.0,0.0,0.0,0.0,0.0,0,0,0,0,21,0.0,0,6,0.0,0,0.0,2392.5615,3781.932100000003,11489.450816958664,0.0,11489.450816958664,0.0,454.7779,14919.644500000013,26987.2298,0.7541738561081899,384,57064.394262595444,128,982161.3897786677,1,0.0,4,28445.382900000004,1,-6914.9838000000045,-30762.7009,438.8336611451003,1027.4317,0,20,536,536,"G10-40 step 10, public employment 40 %",debt,4,-5.093170329928398e-11
92,512,1,4,54503.019500000046,524.1813999999999,43125.79459999999,0.0,187527.9791999993,,0.0,35049.1497,152478.8294999993,0.0,12542.56200000001,575.445542875,0.00375,678.8807,12472.148673307835,0.0,1.0,4248.776651956531,5799.519515538559,0.0,0.0,1.0,0.0,0.0,1.0,0.0,0,0,0.9453125,0.747958375146309,0.0,0.0,0.0,0.0,1.0,1,0,0,0.25878710458899534,312,646.6777670665316,1.7935178027331158,648.4712848692648,11.321322545684508,1.4220318573404969,12.743354403025004,0.0,0.0,0.0,0.0,0,0,0.0,0.0,525.3636,1.0,1.0,0.0,0.0,0.0,0.0,0.5,0.25,566.4410999999924,16776.38559999971,12571.458699999997,12475,7369.7257,4128.8440000000055,12518.5444,2360.0272000000073,0.0,0.0,0.0,0.0,0.0,4,0.0,0.0,0.0,0.0,0.0,366.30789999999985,0.0,0.015,7.306756716417909,8.13007499999997,10.952173469387754,2.5933718367347014,5.114219830374774,5.341774151263998,1064.0,1072.0,532.0,2044.0000000000002,1943.0000000000002,819.0,25,0,0,4,57,32.0,2048.0,26294.513199999994,1096.7948,24502.026100000003,726,42,0,128,0.37593502931345446,0.747958375146309,0.18352325442066797,2,9892.838300000023,7832.843199999998,57,0,147.0,0,0,0,0.0,0,0.0,1.0471546030850913e6,0.0,0,0,0,1.5,0,0.0,0,0,0.0,0,0.0,0,0,1609.9694999999997,59.0,1930.8047,1,511.7323,358.2150000000002,5.477664433108424,5120.0,51.015625,2.239615699869792,11,0,0.0,0,112.20937577549101,2612.0,309,6.963958243671352,0,0,0,0.0,0.0,0.0,0.0,0.0,0.0,0.0,0.0,0,0,0,0,25,0.0,0,6,0.0,0,0.0,2392.5615,3594.315199999999,11073.22310658434,0.0,11073.22310658434,0.0,511.7323,17627.17179999999,27529.6256,0.7549598653572167,384,57825.878649661536,128,989328.7244354293,1,0.0,4,28334.586999999996,1,-6919.726599999997,-34370.269,438.8336611451003,1027.4317,0,20,532,532,"G10-40 step 10, public employment 40 %",debt,4,-5.093170329928398e-11
93,512,1,4,53200.83210000002,524.1813999999999,41834.41309999992,0.0,190084.03959999964,,0.0,33626.3351,156457.70449999964,0.0,14681.758299999989,571.7480498749998,0.00375,676.2154,12475.879863886174,0.0,1.0,4179.083756064125,5792.296675924119,0.0,0.0,1.0,0.0,0.0,1.0,0.0,0,0,0.9453125,0.7542865250369333,0.0,0.0,0.0,0.0,1.0,1,0,0,0.25633290260438396,311,705.2837318899518,1.7855207933603998,707.0692526833121,9.166411826190583,1.3719207530129636,10.538332579203546,0.0,0.0,0.0,0.0,0,0,0.0,0.0,543.1293000000001,1.0,1.0,0.0,0.0,0.0,0.0,0.5,0.25,577.237199999992,17067.543599999706,12571.458699999997,12619,3070.262300000001,4372.449699999997,4829.765700000005,2367.39930000001,0.0,0.0,0.0,0.0,0.0,5,0.0,0.0,0.0,0.0,0.0,306.9333999999999,2.582,0.013947718901534954,7.330557550644562,8.102032899628275,11.05704090909091,2.586959475806452,5.102911602221399,5.181520926726077,1076.0,1086.0,538.0,2042.6666666666667,1958.0000000000002,819.0,21,0,0,3,53,44.0,2048.0,24803.098499999986,1401.3649,23973.562700000002,726,42,0,128,0.3421168068178184,0.7542865250369333,0.1837201051103523,4,9890.381099999937,7960.985499999994,53,0,154.0,0,0,0,0.0,0,0.0,1.0987577867160405e6,0.0,0,0,0,1.5,0,0.0,0,0,0.0,0,0.0,0,0,1702.7843,62.0,2346.5906,1,443.6241,310.5386999999997,7.128910114454481,5120.0,51.015625,2.25175046875,13,0,0.0,0,280.4536994915306,2612.0,308,6.561266297070838,0,0,0,0.0,0.0,0.0,0.0,0.0,0.0,0.0,0.0,0,0,0,0,21,0.0,0,6,0.0,0,0.0,2392.5615,3864.8457999999973,11038.688050714693,0.0,11038.688050714693,0.0,443.6241,15484.777000000002,27721.5182,0.7606053610919743,384,65189.58438647809,128,1.0335682023295636e6,1,0.0,4,29636.389500000005,1,-6908.930500000005,-32950.119699999996,438.8336611451003,1027.4317,0,20,538,538,"G10-40 step 10, public employment 40 %",debt,4,-5.093170329928398e-11
94,512,1,4,53549.871600000035,524.1813999999999,42183.99020000005,0.0,192675.22750000007,,0.0,33950.747,158724.48050000006,0.0,13202.284500000012,586.6678565000005,0.00375,666.0542,12501.18046198504,0.0,1.0,4207.307232228347,5801.695149656694,0.0,0.0,1.0,0.0,0.0,1.0,0.0,0,1,0.9453125,0.7541225886653768,0.0,0.0,0.0,0.0,1.0,1,0,0,0.2567123522857707,308,703.8141234622761,1.7992653244792427,705.6133887867553,9.772952693149987,1.3871781437405335,11.16013083689052,0.0,0.0,0.0,0.0,0,0,0.0,0.0,535.2867,1.0,1.0,0.0,0.0,0.0,0.0,0.5,0.25,577.7747999999908,17353.741599999663,12571.458699999997,12777,4714.689300000001,4365.6498000000065,10169.961700000003,2360.805900000031,0.0,0.0,0.0,0.0,0.0,5,0.0,0.0,0.0,0.0,0.0,322.54419999999993,6.3079,0.015,7.339166415804326,8.11192499999996,11.162809999999991,2.6058471659919027,5.118105994840139,5.026075298924295,1072.0,1063.0,536.0,2044.0,1956.0,819.0,22,0,0,4,50,37.0,2048.0,25051.337199999976,1696.0989,23573.3744,726,42,0,128,0.35388204800787637,0.7541225886653768,0.18035408941112507,4,9926.09480000002,7801.5338999999985,50,0,160.0,0,0,0,0.0,0,0.0,1.1001087870521818e6,0.0,0,0,0,1.5,0,0.0,0,0,0.0,0,0.0,0,0,1786.0495999999987,64.0,2563.0069,1,435.89660000000003,305.12619999999976,7.140670242584075,5120.0,51.015625,2.26125078125,4,0,0.0,0,148.9972538737876,2612.0,305,6.656097354784691,0,0,0,0.0,0.0,0.0,0.0,0.0,0.0,0.0,0.0,0,0,0,0,22,0.0,0,6,0.0,0,0.0,2392.5615,3875.811,10669.213793468782,0.0,10669.213793468782,0.0,435.89660000000003,15183.820600000006,27832.4802,0.760511083319316,384,65591.06572435453,128,1.0345177213278287e6,1,0.0,4,30711.0191,1,-6908.392900000002,-33284.692800000004,438.8336611451003,1027.4317,0,20,536,536,"G10-40 step 10, public employment 40 %",debt,4,-5.093170329928398e-11
95,512,1,4,52988.64789999995,524.1813999999999,41625.86609999994,0.0,195287.02360000025,,0.0,33468.3919,161818.63170000023,0.0,13250.739500000016,595.1678235000027,0.00375,688.9896,12523.797565307927,0.0,1.0,4212.252022295391,5802.044935205283,0.0,0.0,1.0,0.0,0.0,1.0,0.0,0,0,0.9453125,0.7533226363960444,0.0,0.0,0.0,0.0,1.0,1,0,0,0.25824843279118204,308,697.8740848868903,1.7856136732174683,699.6596985601077,7.815176163311811,1.3496025681891743,9.164778731500986,0.0,0.0,0.0,0.0,0,0,0.0,0.0,542.2131,1.0,1.0,0.0,0.0,0.0,0.0,0.5,0.25,580.8743999999897,17642.784299999825,12571.458699999997,12911,3656.616999999996,4217.840700000001,5082.445899999998,2388.3612000000016,0.0,0.0,0.0,0.0,0.0,2,0.0,0.0,0.0,0.0,0.0,322.9226,0.0,0.015,7.3752292408622315,8.369583738317726,11.193015624999996,2.583221298174448,5.146170360647227,5.160013291936466,1070.0,1067.0,535.0,2042.6666666666667,1954.0,819.0,22,0,0,1,48,33.0,2048.0,23553.820900000024,2125.7746,24459.7337,726,42,0,128,0.3131650477596315,0.7533226363960444,0.18019828311289143,5,9952.69809999997,7869.369600000001,48,0,160.0,0,0,0,0.0,0,0.0,1.096130812725237e6,0.0,0,0,0,1.5,0,0.0,0,0,0.0,0,0.0,0,0,1790.8824999999993,64.0,2160.3291,1,489.24339999999995,342.46950000000066,6.97958413493614,5120.0,51.015625,2.296870729166667,2,0,0.0,0,26.608309733135837,2612.0,305,7.108466707900608,0,0,0,0.0,0.0,0.0,0.0,0.0,0.0,0.0,0.0,0,0,0,0,22,0.0,0,6,0.0,0,0.0,2392.5615,4059.4331,10271.170223135427,0.0,10271.170223135427,0.0,489.24339999999995,15407.919700000008,28745.8374,0.7599918464186131,384,65722.88485944779,128,1.0304079278657909e6,1,0.0,4,30343.540800000002,1,-6905.2933,-32779.4023,438.8336611451003,1027.4317,0,20,535,535,"G10-40 step 10, public employment 40 %",debt,4,-5.093170329928398e-11
96,512,1,4,59608.20970000001,524.1813999999999,47710.30930000006,0.0,197922.7526999999,,0.0,39655.8487,158266.9039999999,0.0,12260.499700000002,606.7710936250012,0.00375,707.9449,12553.777299839927,0.0,1.0,4247.620219429542,5803.376483226615,0.0,0.0,1.0,0.0,0.0,1.0,0.0,0,0,0.9453125,0.753861086187178,0.0,0.0,0.0,0.0,1.0,1,0,0,0.25039333372181105,308,703.8464195841058,1.8223002312667553,705.6687198153726,13.58862700299872,1.3982852834820192,14.98691228648074,0.0,0.0,0.0,0.0,0,0,0.0,0.0,526.9812,1.0,1.0,0.0,0.0,0.0,0.0,0.5,0.25,45.75579999998988,17928.68439999981,12571.458699999997,13063,10942.151599999974,4322.589799999987,12110.340399999981,2405.009200000014,0.0,533.5303000000002,0.0,0.0,0.0,4,0.0,0.0,0.0,0.0,0.0,339.18929999999983,0.0,0.015,7.406216889312979,8.130256074766411,11.195785806451612,2.6231724137931063,5.133486865083404,5.005212893178372,1070.0,1048.0,535.0,2046.6666666666667,1952.0,819.0,23,0,0,4,38,23.0,2048.0,28409.86039999999,2411.507,25155.2577,726,42,0,128,0.4198578020104857,0.753861086187178,0.18200638790129453,4,10489.43979999998,7761.715300000003,39,1,155.0,0,0,0,0.0,0,0.0,1.1051822401999119e6,0.0,0,0,0,1.5,0,0.0,0,0,0.0,0,0.0,0,0,1735.3467999999998,62.0,2923.6397,1,603.2143,422.2543999999999,7.216795934241886,5120.0,51.015625,2.359548291015625,1,0,0.0,0,13.35557144419413,2612.0,305,7.2662162031083914,0,0,0,0.0,0.0,0.0,0.0,0.0,0.0,0.0,0.0,0,0,0,0,23,0.0,0,6,0.0,0,0.0,2392.5615,4115.3392,9994.166612408791,0.0,9994.166612408791,0.0,603.2143,18705.301000000003,30490.404400000003,0.761260234213331,384,66763.99846647502,128,1.0384182417334361e6,1,0.0,4,30159.3786,1,-7440.411800000002,-38947.9038,438.8336611451003,1027.4317,0,20,535,535,"G10-40 step 10, public employment 40 %",debt,4,-5.093170329928398e-11
97,512,1,4,55745.10840000003,524.1813999999999,44137.79740000001,0.0,200595.9591999998,,0.0,36233.1496,164362.8095999998,0.0,19326.087999999992,593.4516451250013,0.00375,679.3987,12600.623903716642,0.0,1.0,4280.07614141586,5833.439377477754,0.0,0.0,1.0,0.0,0.0,1.0,0.0,0,0,0.9440104166666666,0.7553464543561592,0.0,0.0,0.0,0.0,1.0,1,0,0,0.25067093570046356,308,718.6602032073347,1.6969075187936353,720.3571107261283,10.914198805877808,1.2550335912798782,12.169232397157687,0.0,0.0,0.0,0.0,0,0,0.0,0.0,554.616,1.0,1.0,0.0,0.0,0.0,0.0,0.5,0.25,336.34519999998946,18244.329999999878,12571.458699999997,13215,696.1616000000001,4559.262899999979,2636.4575,2370.102900000028,0.0,0.0,0.0,0.0,0.0,11,0.0,0.0,0.0,0.0,0.0,355.22250000000014,0.0,0.01302596254765797,7.385362705667278,8.162782452830216,11.181940625000005,2.6400702258726905,5.136610317996638,6.07372025904711,1060.0,1094.0,530.0,2042.6666666666667,1944.0,819.0,24,0,0,1,49,45.0,2048.0,27598.01920000004,1649.1397,24124.7953,725,43,0,128,0.36870294823663463,0.7553464543561592,0.1797900717486256,13,9935.79660000004,8079.586800000003,49,0,160.0,0,0,0,0.0,0,0.0,1.1215353235143665e6,0.0,0,0,0,1.5,0,0.0,0,0,0.0,0,0.0,0,0,1789.1105000000007,64.0,1693.7555,1,415.9524,291.1703000000001,7.725785215311432,5120.0,51.015625,2.300485966796875,3,0,0.0,0,71.34682285309769,2612.0,305,7.3933661783118545,0,0,0,0.0,0.0,0.0,0.0,0.0,0.0,0.0,0.0,0,0,0,0,24,0.0,0,6,0.0,0,0.0,2392.5615,4110.405799999998,10683.94855341365,0.0,10683.94855341365,0.0,415.9524,17538.343900000003,27467.6905,0.7624803123017025,384,68125.76358510161,128,1.0534095599292663e6,1,0.0,4,32069.681099999998,1,-7149.822399999997,-35553.7509,438.8336611451003,1027.4317,0,20,530,530,"G10-40 step 10, public employment 40 %",debt,4,-5.093170329928398e-11
98,512,1,4,56046.57039999997,524.1813999999999,44564.84810000004,0.0,203234.3601000001,,0.0,36479.5354,166754.8247000001,0.0,16171.538700000012,616.3132972499996,0.00375,657.392,12624.327117545545,0.0,1.0,4238.486505465039,5847.650295030357,0.0,0.0,1.0,0.0,0.0,1.0,0.0,0,0,0.9427083333333334,0.7550058726037738,0.0,0.0,1.0,0.0,1.0,1,0,0,0.2597491962830845,307,709.7463083137726,1.8722847157814535,711.6185930295541,12.294772582026729,1.4052209864659575,13.699993568492687,0.0,0.0,0.0,0.0,0,0,0.0,0.0,527.3894,1.0,1.0,0.0,0.0,0.0,0.0,0.5,0.25,461.9338999999901,18540.269599999872,12571.458699999997,13371,4776.265800000002,4474.8038000000015,10417.949400000014,2375.6046999999794,0.0,0.0,0.0,0.0,0.0,4,0.0,0.0,0.0,0.0,0.0,324.66919999999993,0.0,0.015,7.412284386973182,8.343620297951576,11.598405000000003,2.643754361054767,5.1845371812580865,5.891508651275696,1074.0,1044.0,537.0,2046.6666666666667,1958.0,819.0,22,1,1,5,42,30.0,2047.0,28093.476400000032,984.1312,24324.3943,724,44,0,128,0.3961687988732683,0.7550058726037738,0.1850974922574724,7,10061.16009999997,7738.424900000002,42,0,160.0,0,0,1,0.0,0,0.0,1.1081455384171244e6,0.0,0,0,0,1.5,0,0.0,0,0,0.0,0,0.0,0,0,1855.7448000000004,64.0,1987.1765,1,433.33560000000006,303.33469999999994,7.205159678291831,5120.0,51.015625,2.337106044921875,5,0,0.0,0,117.06105203124041,2612.0,304,7.419446655621978,0,0,0,0.0,0.0,0.0,0.0,0.0,0.0,0.0,0.0,0,0,0,0,22,0.0,0,6,0.0,0,0.0,2392.5615,4461.931600000001,11544.101156173487,0.0,11544.101156173487,0.0,433.33560000000006,16866.852799999997,27295.701999999997,0.7621202717676478,384,62068.39388146694,128,1.0460771445356581e6,1,0.0,4,32282.1149,1,-7024.233699999997,-35822.1434,438.8336611451003,1029.4462,0,20,537,537,"G10-40 step 10, public employment 40 %",debt,4,-5.093170329928398e-11
99,512,1,4,56009.597899999986,524.1813999999999,44594.23640000001,0.0,205951.9273000002,,0.0,36326.345,169625.5823000002,0.0,15974.788499999991,625.2831717499997,0.00375,729.7252,12648.308786484806,0.0,1.0,4279.048815579375,5828.844232656531,0.0,0.0,1.0,0.0,0.0,1.0,0.0,0,0,0.9427083333333334,0.7558820561973305,0.0,0.0,0.0,0.0,1.0,1,0,0,0.2577479835833325,307,735.0198568779325,1.786024870633544,736.805881748566,11.148043214840785,1.2537243958202577,12.401767610661043,0.0,0.0,0.0,0.0,0,0,0.0,0.0,577.9779,1.0,1.0,0.0,0.0,0.0,0.0,0.5,0.25,528.2946999999898,18839.777399999784,12571.458699999997,13537,4489.175700000005,4526.1482,6596.346299999996,2441.543800000007,0.0,0.0,0.0,0.0,0.0,13,0.0,0.0,0.0,0.0,0.0,355.7781999999999,0.0,0.013409624668706582,7.420870856102002,8.067805293005689,11.953432499999995,2.636984948453604,5.220602828963776,5.714763391737424,1058.0,1098.0,529.0,2040.3333333333335,1941.0000000000002,818.0,24,0,0,5,59,50.0,2048.0,27030.373900000002,1232.311,24863.245,724,44,0,128,0.38131405437517585,0.7558820561973305,0.18720119288127868,10,10056.080100000005,8148.116199999998,59,0,160.0,0,0,0,0.0,0,0.0,1.1393328314360308e6,0.0,0,0,0,1.5,0,0.0,0,0,0.0,0,0.0,0,0,1912.549199999999,64.0,2153.9428,1,505.8412,354.0923999999991,8.197632921094746,5120.0,51.015625,2.3740423860677082,10,0,0.0,0,208.28329745467403,2612.0,304,7.544904711720483,0,0,0,0.0,0.0,0.0,0.0,0.0,0.0,0.0,0.0,0,0,0,0,24,0.0,0,6,0.0,0,0.0,2392.5615,4707.9977999999965,11191.1876776505,0.0,11191.1876776505,0.0,505.8412,16555.12990000001,28249.4988,0.7625150461098831,384,71122.58168833813,128,1.0682102497476926e6,1,0.0,4,32695.072,1,-6957.872900000002,-35596.6198,438.8336611451003,1029.4462,0,20,529,529,"G10-40 step 10, public employment 40 %",debt,4,-5.093170329928398e-11
100,512,1,4,55295.331800000014,524.1813999999999,43919.176700000055,0.0,208554.56900000054,,0.0,36008.9206,172545.64840000056,0.0,17060.4109,636.0475326249975,0.00375,733.3737,12666.832600292244,0.0,1.0,4244.292603018018,5823.174416861489,0.0,0.0,1.0,0.0,0.0,1.0,0.0,0,1,0.94140625,0.7546593535061856,0.0,0.0,1.0,0.0,1.0,1,0,0,0.25002088438404985,307,729.663016287476,1.8605878439626473,731.5236041314387,10.828852071858973,1.3020756568176062,12.130927728676578,0.0,0.0,0.0,0.0,0,0,0.0,0.0,568.1354,1.0,1.0,0.0,0.0,0.0,0.0,0.5,0.25,567.5010999999889,19140.1291999998,12571.458699999997,13677,3710.2063999999978,4424.4725,5260.502800000003,2463.0263000000286,0.0,0.0,0.0,0.0,0.0,8,0.0,0.0,0.0,0.0,0.0,311.65860000000004,10.4299,0.014265906802044434,7.4813749067164155,8.39275074349439,12.386613125,2.6004904665314386,5.229111189754541,5.543320489985302,1076.0,1072.0,538.0,2041.3333333333335,1960.0000000000002,819.0,21,1,1,5,57,48.0,2047.0,26552.06040000001,602.8471,25051.012499999997,723,45,0,128,0.37601600253014134,0.7546593535061856,0.1836815793010802,10,10113.11399999995,8020.033899999998,57,0,160.0,0,0,1,0.0,0,0.0,1.1420292123014666e6,0.0,0,0,0,1.5,0,0.0,0,0,0.0,0,0.0,0,0,1981.8581000000001,64.0,2356.0381,1,550.8006,385.5636999999989,7.86541234379779,5120.0,51.015625,2.4299889257812497,8,0,0.0,0,221.60613371891128,2612.0,304,7.634824283637269,0,0,0,0.0,0.0,0.0,0.0,0.0,0.0,0.0,0.0,0,0,0,0,21,0.0,0,6,0.0,0,0.0,2392.5615,4645.645700000002,12079.299572751654,0.0,12079.299572751654,0.0,550.8006,17502.4743,28009.8977,0.7613041520971122,384,70929.19463623848,128,1.0711000176652295e6,1,0.0,4,33029.367600000005,1,-6918.666499999999,-35275.5469,438.8336611451003,1046.0672,0,20,538,538,"G10-40 step 10, public employment 40 %",debt,4,-5.093170329928398e-11
101,512,1,4,54272.30940000002,524.1813999999999,42908.76879999993,0.0,211170.31730000104,,0.0,34724.4526,176445.86470000105,0.0,15152.851599999998,646.9966113749982,0.00375,713.5813,12693.56993108622,0.0,1.0,4258.972915229193,5837.4300540574695,0.0,0.0,1.0,0.0,0.0,1.0,0.0,1,0,0.94140625,0.752266955059022,0.0,0.0,1.0,0.0,1.0,1,0,0,0.25002057613168727,306,683.649039120211,1.853514476703238,685.5025535969143,10.345882468837223,1.2547021337476925,11.600584602584917,0.0,0.0,0.0,0.0,0,0,0.0,0.0,585.3454,1.0,1.0,0.0,0.0,0.0,0.0,0.5,0.25,580.1155999999872,19433.474099999617,12571.458699999997,13846,3507.4146000000023,4530.436999999999,5779.227699999992,2450.522200000008,0.0,0.0,0.0,0.0,0.0,11,0.0,0.0,0.0,0.0,0.0,299.11590000000007,11.4529,0.015,7.506221666666665,8.429810986964622,13.007391250000012,2.669747560975611,5.245868470467064,5.377020875285742,1074.0,1080.0,537.0,2040.3333333333335,1957.0000000000002,818.0,20,1,0,5,58,51.0,2047.0,25757.28669999997,1005.4034,24154.321200000002,723,45,0,128,0.36893869412634794,0.752266955059022,0.189515629152343,11,10141.863700000009,8106.719399999998,58,0,160.0,0,0,1,0.0,0,0.0,1.101163979397952e6,0.0,0,0,0,1.5,0,0.0,0,0,0.0,0,0.0,0,0,2081.182600000002,64.0,2641.7168,1,427.4701,299.23429999999996,6.515050348240609,5120.0,51.015625,2.4290915071614587,27,0,0.0,0,355.3917950671942,2612.0,303,7.775124753760173,0,0,0,0.0,0.0,0.0,0.0,0.0,0.0,0.0,0.0,0,0,0,0,20,0.0,0,6,0.0,0,0.0,2392.5615,4957.968399999998,11608.084868276714,0.0,11608.084868276714,0.0,427.4701,15605.752000000008,27801.441400000003,0.7596519196086486,384,62493.03614691985,128,1.0386709432510315e6,1,0.0,4,34688.4239,1,-6906.051999999996,-34010.8713,438.8336611451003,1046.0672,0,20,537,537,"G10-40 step 10, public employment 40 %",debt,4,-5.093170329928398e-11
102,512,1,4,56521.423399999956,524.1813999999999,45162.874799999954,0.0,213824.07410000067,,0.0,36862.5223,176961.55180000066,0.0,13839.6114,661.6231964999972,0.00375,742.9531,12715.522173471225,0.0,1.0,4273.254266666675,5828.9836989808055,0.0,0.0,1.0,0.0,0.0,1.0,0.0,0,0,0.94140625,0.7528762529645341,0.0,0.0,0.0,0.0,1.0,1,0,0,0.2502799286461657,305,692.7481752795769,1.8223946800128021,694.5705699595896,9.431995113178075,1.28293299071211,10.714928103890186,0.0,0.0,0.0,0.0,0,0,0.0,0.0,566.8503000000001,1.0,1.0,0.0,0.0,0.0,0.0,0.5,0.25,585.1075999999875,19725.50249999952,12571.458699999997,14011,6705.891200000003,4456.777200000006,8726.6632,2484.162700000013,0.0,0.0,0.0,0.0,0.0,10,0.0,0.0,0.0,0.0,0.0,300.24800000000016,17.798099999999998,0.015,7.533583065279097,8.467125278810393,13.786464864864865,2.6590803245436176,5.261682016992763,5.50903023083995,1076.0,1057.0,538.0,2040.6666666666667,1957.0,818.0,20,0,0,8,53,39.0,2048.0,26019.112800000017,1427.8437,25827.783900000002,723,45,0,128,0.3536075150981173,0.7528762529645341,0.18933351020175548,8,10167.083100000016,7962.997300000005,53,0,148.0,0,0,0,0.0,0,0.0,1.1129973042904795e6,0.0,0,0,0,1.5,0,0.0,0,0,0.0,0,0.0,0,0,2040.3968,62.0,2503.7299,1,587.0260000000001,410.9202000000007,6.869526851903699,5120.0,51.015625,2.4987140234375,9,0,0.0,0,145.89120855361978,2612.0,302,7.804097845382586,0,0,0,0.0,0.0,0.0,0.0,0.0,0.0,0.0,0.0,0,0,0,0,20,0.0,0,6,0.0,0,0.0,2392.5615,5127.29,11347.960574748477,0.0,11347.960574748477,0.0,587.0260000000001,16599.261600000013,29759.3575,0.7600572614105594,384,65116.72288493902,128,1.0478805814055427e6,1,0.0,4,33441.7387,1,-6901.059999999998,-36119.5692,438.8336611451003,1046.0672,0,20,538,538,"G10-40 step 10, public employment 40 %",debt,4,-5.093170329928398e-11
103,512,1,4,55565.76630000007,524.1813999999999,44222.912299999996,0.0,216477.72830000048,,0.0,36347.0568,180130.6715000005,0.0,16667.53839999999,663.5555917499986,0.00375,786.4285,12740.553342622065,0.0,1.0,4293.0422411401705,5815.113761748031,0.0,0.0,1.0,0.0,0.0,1.0,0.0,0,0,0.9401041666666666,0.7542652609207279,0.0,0.0,1.0,0.0,1.0,1,0,0,0.2501076684576016,304,713.3977528302358,1.8483029225895977,715.2460557528254,10.677231809631353,1.206639333274817,11.88387114290617,0.0,0.0,0.0,0.0,0,0,0.0,0.0,614.7095,1.0,1.0,0.0,0.0,0.0,0.0,0.5,0.25,600.8021999999871,20030.72079999959,12571.458699999997,14161,3669.1475000000014,4624.804600000006,5441.6318,2530.782200000014,0.0,0.0,0.0,0.0,0.0,12,0.0,0.0,0.0,0.0,0.0,300.68400000000014,0.0,0.014806624654797674,7.578112626728109,8.328517383177582,14.104158124999998,2.6811341513292466,5.280423919815494,5.3437593239147505,1070.0,1085.0,535.0,2037.3333333333337,1954.0000000000005,819.0,20,0,0,5,62,43.0,2048.0,25880.60969999998,702.158,25206.654100000003,722,46,0,128,0.37818511684136724,0.7542652609207279,0.18802595396497845,12,10185.355900000011,8222.252199999999,62,0,160.0,0,0,0,0.0,0,0.0,1.1402153792061326e6,0.0,0,0,0,1.5,0,0.0,0,0,0.0,0,0.0,0,0,2256.6652999999997,64.0,2989.916,1,572.3994,400.68319999999903,7.520686211137089,5120.0,51.015625,2.524630152994792,11,0,0.0,0,269.81705035530774,2612.0,301,7.9877036388526435,0,0,0,0.0,0.0,0.0,0.0,0.0,0.0,0.0,0.0,0,0,0,0,20,0.0,0,6,0.0,0,0.0,2392.5615,4930.299900000003,12010.66555816589,0.0,12010.66555816589,0.0,572.3994,17823.336,28898.728100000004,0.7612839442036177,384,69286.23525487339,128,1.0709291439512586e6,1,0.0,4,34900.9151,1,-6885.365399999995,-35560.6283,438.8336611451003,1055.4110500000002,0,20,535,535,"G10-40 step 10, public employment 40 %",debt,4,-5.093170329928398e-11
104,512,1,4,55517.79660000006,524.1813999999999,44173.69409999998,0.0,219077.4052000002,,0.0,35977.2369,183100.16830000022,0.0,15512.058800000004,675.4417068749974,0.00375,744.1016,12758.126880900221,0.0,1.0,4319.07080506915,5826.416362266804,0.0,0.0,1.0,0.0,0.0,1.0,0.0,0,0,0.9401041666666666,0.7532689954654683,0.0,0.0,0.0,0.0,1.0,1,0,0,0.2507924205477299,303,701.0459727299825,1.8580643532935313,702.9040370832761,8.814191419975863,1.3023353707937906,10.116526790769653,0.0,0.0,0.0,0.0,0,0,0.0,0.0,572.7705,1.0,1.0,0.0,0.0,0.0,0.0,0.5,0.25,599.5536999999885,20326.84059999949,12571.458699999997,14325,4131.935499999998,4179.905199999995,9999.693700000005,2534.2918999999947,0.0,0.0,0.0,0.0,0.0,12,0.0,0.0,0.0,0.0,0.0,303.12400000000014,5.0994,0.015,7.655797036328871,8.613974953617804,14.73180939597315,2.6964551724137897,5.416350453269414,6.693201190772927,1078.0,1046.0,539.0,2041.3333333333335,1958.0000000000002,819.0,20,0,0,9,46,28.0,2048.0,25330.660499999987,1346.9923,25066.424399999996,722,46,0,128,0.3378073841811564,0.7532689954654683,0.1988648690957271,7,10447.492700000017,8007.963699999999,46,0,149.0,0,0,0,0.0,0,0.0,1.133257276284969e6,0.0,0,0,0,1.5,0,0.0,0,0,0.0,0,0.0,0,0,2195.039599999999,60.0,3029.6178,1,571.1011,399.7725000000003,7.260989999510667,5120.0,51.015625,2.5423484602864588,5,0,0.0,0,70.29125508299072,2612.0,300,8.043547918247603,0,0,0,0.0,0.0,0.0,0.0,0.0,0.0,0.0,0.0,0,0,0,0,20,0.0,0,6,0.0,0,0.0,2392.5615,5013.393,11526.847101041045,0.0,11526.847101041045,0.0,571.1011,15668.017500000002,29443.0345,0.7605300260555128,384,68840.9176327038,128,1.064416358652264e6,1,0.0,4,35462.7912,1,-6886.613900000004,-35233.1353,438.8336611451003,1055.4110500000002,0,20,539,539,"G10-40 step 10, public employment 40 %",debt,4,-5.093170329928398e-11
105,512,1,4,58714.12249999997,524.1813999999999,47373.63369999996,0.0,221813.04030000005,,0.0,39195.8295,182617.21080000006,0.0,14198.80079999999,686.576279124998,0.00375,754.3335,12815.453569747478,0.0,1.0,4408.390511453148,5846.048529831642,0.0,0.0,1.0,0.0,0.0,1.0,0.0,0,0,0.9401041666666666,0.7531449222483659,0.0,0.0,0.0,0.0,1.0,1,0,0,0.25000265994233245,303,694.1431970161779,1.8582023385767097,696.0013993547547,11.665683209387002,1.3636480559187039,13.029331265305705,0.0,0.0,0.0,0.0,0,0,0.0,0.0,580.7021,1.0,1.0,0.0,0.0,0.0,0.0,0.5,0.25,603.1673999999873,20627.20239999942,12571.458699999997,14466,7547.5738,4351.247900000005,9224.536600000012,2549.4992000000007,0.0,0.0,0.0,0.0,0.0,5,0.0,0.0,0.0,0.0,0.0,351.2692,0.0,0.015,7.675321092278723,8.411449999999961,14.892021678321681,2.7440384773662525,5.467415538090185,6.655022740678426,1064.0,1062.0,532.0,2036.0000000000002,1945.0000000000002,819.0,23,1,1,4,41,31.0,2047.0,27523.976600000005,1843.1898,26076.4959,722,46,0,128,0.39130524065005035,0.7531449222483659,0.19909328552892114,5,10523.828699999984,8151.191000000003,41,0,143.0,0,0,1,0.0,0,0.0,1.133686409900528e6,0.0,0,0,0,1.5,0,0.0,0,0,0.0,0,0.0,0,0,2129.5591000000004,61.0,2516.1267,1,578.7813,405.15070000000054,7.241934085303601,5120.0,51.015625,2.57466544921875,1,0,0.0,0,39.16356205322454,2612.0,300,8.018987235260342,0,0,0,0.0,0.0,0.0,0.0,0.0,0.0,0.0,0.0,0,0,0,0,23,0.0,0,6,0.0,0,0.0,2392.5615,5003.3880000000045,11104.847978590393,0.0,11104.847978590393,0.0,578.7813,18038.373300000003,30435.812400000003,0.760647792245575,384,68959.8777442324,128,1.0647265321562942e6,1,0.0,4,35118.4056,1,-6883.000200000002,-38441.496,438.8336611451003,1055.4110500000002,0,20,532,532,"G10-40 step 10, public employment 40 %",debt,4,-5.093170329928398e-11
106,512,1,4,57611.30330000004,524.1813999999999,46289.5916,0.0,224616.62690000032,,0.0,37807.384,186809.24290000033,0.0,17394.316599999995,684.764856250001,0.00375,777.5694,12878.981031657237,0.0,1.0,4461.417079867391,5863.900446104817,0.0,0.0,1.0,0.0,0.0,1.0,0.0,0,0,0.9401041666666666,0.7535507079583339,0.0,0.0,0.0,0.0,1.0,1,0,0,0.25070106938238806,303,698.4888890946802,1.9013862045796992,700.3902752992599,9.592828538437976,1.2565635125121768,10.849392050950152,0.0,0.0,0.0,0.0,0,0,0.0,0.0,601.0128,1.0,1.0,0.0,0.0,0.0,0.0,0.5,0.25,621.9444999999866,20944.136099999378,12571.458699999997,14624,3475.4081000000024,4578.227299999989,5533.560599999998,2561.8589999999963,0.0,0.0,0.0,0.0,0.0,4,0.0,0.0,0.0,0.0,0.0,398.92119999999977,2.5337,0.014572901633616069,7.7103159340659335,8.582235160680534,14.849909558823539,2.7403747412008213,5.460592134226294,6.455372058458072,1058.0,1092.0,529.0,2041.6666666666667,1936.0,818.0,26,1,1,0,60,41.0,2047.0,26137.98160000002,2405.5221,25467.7091,722,46,0,128,0.36060687500338107,0.7535507079583339,0.19124613425759285,8,10509.931400000021,8419.664999999999,60,0,136.0,0,0,1,0.0,0,0.0,1.139710184861044e6,0.0,0,0,0,1.5,0,0.0,0,0,0.0,0,0.0,0,0,2019.5877000000012,59.0,2822.5211,1,588.5265,411.9693999999992,7.410298690138131,5120.0,51.015625,2.5831270345052086,5,0,0.0,0,70.24466758522533,2612.0,300,8.184948291141716,0,0,0,0.0,0.0,0.0,0.0,0.0,0.0,0.0,0.0,0,0,0,0,26,0.0,0,6,0.0,0,0.0,2392.5615,5255.979899999997,10626.055422529365,0.0,10626.055422529365,0.0,588.5265,16167.918100000003,30695.7523,0.7611012895645768,384,69698.07706446928,128,1.070012107796574e6,1,0.0,4,36586.8625,1,-6864.223100000003,-37029.8146,438.8336611451003,1055.4110500000002,0,20,529,529,"G10-40 step 10, public employment 40 %",debt,4,-5.093170329928398e-11
107,512,1,4,56176.37580000002,524.1813999999999,44860.28290000006,0.0,227316.97470000054,,0.0,36747.5419,190569.43280000053,0.0,17010.929400000015,700.4862946249999,0.00375,770.1159,12926.94727282106,0.0,1.0,4404.116986950687,5881.9019818807,0.0,0.0,1.0,0.0,0.0,1.0,0.0,0,0,0.9375,0.7532413029547556,0.0,0.0,2.0,0.0,1.0,1,0,0,0.25500009119895356,301,694.4088852154405,1.8791534455591503,696.2880386609996,9.88028687602179,1.28210992046945,11.16239679649124,0.0,0.0,0.0,0.0,0,0,0.0,0.0,600.1063,1.0,1.0,0.0,0.0,0.0,0.0,0.5,0.25,627.563299999984,21257.527499999316,12571.458699999997,14754,3219.9249,4654.85240000003,8500.0856,2585.886699999992,0.0,0.0,0.0,0.0,0.0,14,0.0,0.0,0.0,0.0,0.0,323.09379999999993,1.172,0.015,7.759826001863936,8.539264510166369,14.358029870129874,2.7512985801217047,5.475676907336493,6.261710896704329,1082.0,1073.0,541.0,2047.0,1963.0,818.0,21,1,1,2,57,37.0,2047.0,25741.953300000012,756.847,25714.134000000002,720,48,0,128,0.36574727488634506,0.7532413029547556,0.1942024563605491,9,10612.464600000014,8326.293300000003,57,0,154.0,0,0,1,0.0,0,0.0,1.140562678760717e6,0.0,0,0,0,1.5,0,0.0,0,0,0.0,0,0.0,0,0,2211.1366000000007,62.0,3193.3256,1,566.6975,396.6841999999999,7.304386522158875,5120.0,51.015625,2.6251677506510416,4,0,0.0,0,103.779813396969,2612.0,298,8.261831157296651,0,0,0,0.0,0.0,0.0,0.0,0.0,0.0,0.0,0.0,0,0,0,0,21,0.0,0,6,0.0,0,0.0,2392.5615,4984.224599999997,12553.32223881821,0.0,12553.32223881821,0.0,566.6975,15834.933099999997,29664.3066,0.7608355611053863,384,69577.28817273668,128,1.0709853905879834e6,1,0.0,4,37058.7484,1,-6858.604299999999,-35977.426,438.8336611451003,1059.8301000000001,0,20,541,541,"G10-40 step 10, public employment 40 %",debt,4,-5.093170329928398e-11
108,512,1,4,56239.62109999996,524.1813999999999,44360.27699999995,0.0,230062.31770000022,,0.0,35809.3614,194252.95630000022,0.0,15944.023200000001,714.5851926250026,0.00375,712.1176,12981.02300949642,0.0,1.0,4463.923166130974,5924.4563479976105,0.0,0.0,1.0,0.0,0.0,1.0,0.0,0,0,0.9361979166666666,0.753221366495902,0.0,0.0,3.0,0.0,1.0,1,0,0,0.259241856901213,301,694.4875146004674,1.8989186761424854,696.38643327661,8.88676410021185,1.414139501059994,10.300903601271846,0.0,0.0,0.0,0.0,0,0,0.0,0.0,545.8002,1.0,1.0,0.0,0.0,0.0,0.0,0.5,0.25,64.31209999998607,21561.54799999937,12571.458699999997,14924,4616.117599999996,4552.872299999989,10333.991599999994,2558.9558999999745,0.0,556.6683000000005,0.0,0.0,0.0,0,0.0,0.0,0.0,0.0,0.0,356.68489999999997,0.0,0.015,7.825824904942968,8.69535974025976,14.034296969696973,2.7757669387755115,5.616497345342586,8.34721761916511,1078.0,1052.0,539.0,2044.3333333333333,1950.0,818.0,23,0,0,6,50,21.0,2048.0,26407.538600000018,597.4722,26229.0714,719,49,0,128,0.33836080347585407,0.753221366495902,0.20885877486197701,2,11378.819400000084,8232.767800000001,51,1,132.0,0,0,0,0.0,0,0.0,1.1471356179160378e6,0.0,0,0,0,1.5,0,0.0,0,0,0.0,0,0.0,0,0,1852.5272000000004,53.0,2293.4213,1,554.4112,388.09450000000055,7.371890348829265,5120.0,51.015625,2.6480123600260415,10,0,0.0,0,127.88825020112462,2612.0,298,8.295714965237297,0,0,0,0.0,0.0,0.0,0.0,0.0,0.0,0.0,0.0,0,0,0,0,23,0.0,0,6,0.0,0,0.0,2392.5615,5292.218299999999,12705.547163219904,0.0,12705.547163219904,0.0,554.4112,17001.35359999999,29119.9649,0.7617358702496975,384,70187.77881062498,128,1.0769478391054105e6,1,0.0,4,37024.717300000004,1,-7421.855499999998,-35097.243800000004,438.8336611451003,1063.6321,0,20,539,539,"G10-40 step 10, public employment 40 %",debt,4,-5.093170329928398e-11
109,512,1,4,62910.14239999995,524.1813999999999,51302.28819999996,0.0,232902.91340000005,,0.0,43086.9616,189815.95180000004,0.0,14889.083499999995,728.395892625002,0.00375,823.5387,13033.687714798736,0.0,1.0,4490.734962625113,5897.513126532489,0.0,0.0,1.0,0.0,0.0,1.0,0.0,0,0,0.9361979166666666,0.7534221857038275,0.0,0.0,1.0,0.0,1.0,1,0,0,0.2613493456419894,301,690.7781066237454,1.8872570500662755,692.6653636738116,14.447299129056772,1.3179992521982176,15.76529838125499,0.0,0.0,0.0,0.0,0,0,0.0,0.0,588.4141999999999,1.0,1.0,0.0,0.0,0.0,0.0,0.5,0.25,335.8019999999858,21867.49569999934,12571.458699999997,15068,11335.135,4664.6137,17118.823700000015,2669.0548000000085,0.0,0.0,0.0,0.0,0.0,6,0.0,0.0,0.0,0.0,0.0,343.50219999999985,0.9311,0.015,7.828984944237923,8.74366104868912,13.73332375,2.7889162886597925,5.610036692441132,8.096801090590157,1068.0,1076.0,534.0,2040.0000000000002,1952.0,819.0,22,0,0,2,47,28.0,2048.0,29837.89160000003,1188.984,27828.1344,719,49,0,128,0.4508907055125586,0.7534221857038275,0.19795863729754548,8,10801.406900000016,8423.987800000004,47,0,160.0,0,0,0,0.0,0,0.0,1.1481996792768827e6,0.0,0,0,0,1.5,0,0.0,0,0,0.0,0,0.0,0,0,2197.3318,64.0,3231.5937,1,783.7515999999999,548.6262000000014,7.45902610601835,5120.0,51.015625,2.7437952115885413,6,0,0.0,0,257.875770116451,2612.0,298,8.20124105456063,0,0,0,0.0,0.0,0.0,0.0,0.0,0.0,0.0,0.0,0,0,0,0,22,0.0,0,6,0.0,0,0.0,2392.5615,4986.6126,12255.423383157191,0.0,12255.423383157191,0.0,783.7515999999999,19899.75770000002,32248.7121,0.7612823058702387,384,70476.66223035082,128,1.0777230170465326e6,1,0.0,4,35955.722299999994,1,-7150.365599999997,-42263.422900000005,438.8336611451003,1059.8301000000001,0,20,534,534,"G10-40 step 10, public employment 40 %",debt,4,-5.093170329928398e-11
110,512,1,4,58725.43600000001,524.1813999999999,47284.75650000002,0.0,235654.7944999995,,0.0,39469.9403,196184.8541999995,0.0,22540.441100000022,711.75692225,0.00375,729.6458,13101.267730786127,0.0,1.0,4508.806569414616,5955.974670524081,0.0,0.0,1.0,0.0,0.0,1.0,0.0,0,0,0.9348958333333334,0.755830831192005,0.0,1.0,1.0,0.0,1.0,1,0,0,0.25000262031618486,301,717.1033001729769,1.915178808429598,719.0184789814065,11.925287723018307,1.257179604531287,13.182467327549594,0.0,0.0,0.0,0.0,0,0,0.0,0.0,587.8067,1.0,1.0,0.0,0.0,0.0,0.0,0.5,0.25,502.9766999999851,22204.873999999312,12571.458699999997,15239,755.2837999999999,4939.990200000006,2955.541400000003,2590.2778999999978,0.0,0.0,0.0,0.0,0.0,5,0.0,0.0,0.0,0.0,0.0,359.8966,3.3494,0.011943020844615721,7.866162990654213,8.781136516853898,13.572892499999998,2.7596921487603385,5.670341286844216,7.853897057872452,1068.0,1070.0,534.0,2045.3333333333335,1952.0000000000002,819.0,23,0,0,5,50,29.0,2048.0,28984.20709999999,684.6929,26187.9803,718,50,0,128,0.3985738668613714,0.755830831192005,0.19999855867282657,11,10903.470799999948,8416.794400000008,50,0,160.0,0,0,0,0.0,0,0.0,1.1806188889203093e6,0.0,0,0,0,1.5,0,0.0,0,0,0.0,0,0.0,0,0,2171.6627999999996,64.0,2138.9099,1,472.7929,330.9511000000012,8.009972761077735,5120.0,51.015625,2.7055708007812505,2,0,0.0,0,37.15409263118909,2612.0,298,8.270511395106988,0,0,0,0.0,0.0,0.0,0.0,0.0,0.0,0.0,0.0,0,0,0,0,23,0.0,0,6,0.0,0,0.0,2392.5615,4758.762899999999,12770.42977572368,0.0,12770.42977572368,0.0,472.7929,17810.426599999995,29011.5831,0.7635082430863973,384,72339.44189492965,128,1.1082794470253778e6,1,0.0,4,38274.2779,1,-6983.190900000001,-38740.2945,465.1636808138063,1079.891,0,20,534,534,"G10-40 step 10, public employment 40 %",debt,4,-5.093170329928398e-11
111,512,1,4,60860.379399999976,524.1813999999999,49477.59790000001,0.0,238476.77859999938,,0.0,41257.439,197219.3395999994,0.0,17009.273900000033,735.6407902500002,0.00375,791.1981,13156.1070432383,0.0,1.0,4498.406065388063,5952.894020492196,0.0,0.0,1.0,0.0,0.0,1.0,0.0,0,0,0.9348958333333334,0.7562864959659901,0.0,0.0,1.0,0.0,1.0,1,0,0,0.2503895184430231,300,724.5695772133352,1.9428463222430077,726.5124235355781,12.49622494139135,1.2499729776960595,13.74619791908741,0.0,0.0,0.0,0.0,0,0,0.0,0.0,623.3158,1.0,1.0,0.0,0.0,0.0,0.0,0.5,0.25,560.8746999999838,22516.573899999294,12571.458699999997,15397,6918.974400000006,4784.030999999991,9183.145800000013,2671.0169000000205,0.0,0.0,0.0,0.0,0.0,12,0.0,0.0,0.0,0.0,0.0,329.79810000000003,0.2702,0.015,7.952515679124886,8.967800000000029,14.036252500000007,2.805219341563781,5.710038992626093,7.618280146136279,1072.0,1097.0,536.0,2041.3333333333337,1956.0000000000002,819.0,21,0,0,6,61,47.0,2048.0,29343.014600000042,1363.0314,26854.4146,718,50,0,128,0.41680213185165926,0.7562864959659901,0.2055638322147626,9,10982.156199999934,8723.9097,62,1,160.0,0,0,0,0.0,0,0.0,1.197013794410157e6,0.0,0,0,0,1.5,0,0.0,0,0,0.0,0,0.0,0,0,2245.800400000001,64.0,2508.7207,1,559.6063,391.7274000000009,8.137455902023264,5120.0,51.015625,2.787847122395833,2,0,0.0,0,26.447438923289774,2612.0,297,8.28906145562368,0,0,0,0.0,0.0,0.0,0.0,0.0,0.0,0.0,0.0,0,0,0,0,21,0.0,0,6,0.0,0,0.0,2392.5615,4962.7709,12192.462364452122,0.0,12192.462364452122,0.0,559.6063,17845.212800000016,30726.1667,0.7636773126934171,384,72666.58841159978,128,1.124347205998555e6,1,0.0,4,38399.0359,1,-6925.2929,-40466.2409,465.1636808138063,1096.1499,0,20,536,536,"G10-40 step 10, public employment 40 %",debt,4,-5.093170329928398e-11
112,512,1,4,60855.27480000005,524.1813999999999,49523.41320000001,0.0,241269.73249999946,,0.0,41667.7844,199601.94809999946,0.0,19443.01940000003,739.5207424999998,0.00375,791.4421,13227.962893133423,0.0,1.0,4531.716002598506,5982.230003755614,0.0,0.0,1.0,0.0,0.0,1.0,0.0,0,0,0.93359375,0.7560509088346343,0.0,0.0,1.0,0.0,1.0,1,0,0,0.25021190441880015,300,713.326173449014,1.9917776611982114,715.3179511102122,12.534916573619984,1.334589154515003,13.869505728134987,0.0,0.0,0.0,0.0,0,0,0.0,0.0,603.3813,1.0,1.0,0.0,0.0,0.0,0.0,0.5,0.25,611.7945999999864,22844.599799999392,12571.458699999997,15552,4986.392000000001,4991.4965999999895,6914.484800000001,2684.865299999993,0.0,0.0,0.0,0.0,0.0,5,0.0,0.0,0.0,0.0,0.0,317.3461999999999,9.1053,0.013247897601100357,8.016352790917683,8.795133519553074,14.46709875,2.8332952674897185,5.743577825108675,7.38973174175219,1074.0,1057.0,537.0,2040.0000000000002,1958.0000000000005,819.0,20,0,0,3,48,35.0,2048.0,28877.331799999985,802.3356,27632.363300000005,717,51,0,128,0.408009860249948,0.7560509088346343,0.2059561507719918,5,11046.833700000043,8473.284899999991,48,0,160.0,0,0,0,0.0,0,0.0,1.1928390111464574e6,0.0,0,0,0,1.5,0,0.0,0,0,0.0,0,0.0,0,0,2314.7358,64.0,2751.802,1,626.871,438.8097999999995,7.964714321173758,5120.0,51.015625,2.8385139225260416,17,0,0.0,0,479.5054577349897,2612.0,297,8.758479719149678,0,0,0,0.0,0.0,0.0,0.0,0.0,0.0,0.0,0.0,0,0,0,0,20,0.0,0,6,0.0,0,0.0,2392.5615,4697.468000000001,12915.745576379888,0.0,12915.745576379888,0.0,626.871,17069.15860000001,31186.500900000003,0.7633638019643265,384,71290.64223936407,128,1.1215483689070945e6,1,0.0,4,38191.69760000001,1,-6874.373,-40876.3423,465.1636808138063,1096.1499,0,20,537,537,"G10-40 step 10, public employment 40 %",debt,4,-5.093170329928398e-11
113,512,1,4,59943.52780000006,524.1813999999999,48632.41889999999,0.0,244194.8062999995,,0.0,40693.2382,203501.5680999995,0.0,19052.47159999997,748.4559214999998,0.00375,783.6444,13321.188580537637,0.0,1.0,4631.875664846047,6029.869028691757,0.0,0.0,1.0,0.0,0.0,1.0,0.0,0,0,0.93359375,0.7572196947942451,0.0,0.0,0.0,0.0,1.0,1,0,0,0.25009611961552153,299,725.2169233779583,1.9023378366427313,727.119261214601,10.44725189211113,1.3203280796556447,11.767579971766773,0.0,0.0,0.0,0.0,0,0,0.0,0.0,599.4761,1.0,1.0,0.0,0.0,0.0,0.0,0.5,0.25,632.5472999999847,23167.89749999932,12571.458699999997,15721,4124.699099999998,5036.446099999987,10414.420500000015,2655.850199999993,0.0,0.0,0.0,0.0,0.0,9,0.0,0.0,0.0,0.0,0.0,383.6815999999999,2.0313,0.014866707025053624,8.06850811320754,9.039399999999995,15.062488489208617,2.8297169072164885,5.702772875952595,7.168039789499623,1072.0,1060.0,536.0,2044.0000000000002,1948.0000000000002,819.0,24,0,0,4,43,32.0,2048.0,27828.21060000001,1463.4593,27049.7501,717,51,0,128,0.3799714089778963,0.7572196947942451,0.1940169174662616,7,10992.888500000083,8552.618599999993,43,0,139.0,0,0,0,0.0,0,0.0,1.2106973816941292e6,0.0,0,0,0,1.5,0,0.0,0,0,0.0,0,0.0,0,0,2093.6858999999977,56.0,2818.4634,1,613.894,429.7257000000003,8.507493561006818,5120.0,51.022135416666664,2.843239573567708,11,0,0.0,0,238.03886254166136,2612.3333333333335,296,8.73396077473958,0,0,0,0.0,0.0,0.0,0.0,0.0,0.0,0.0,0.0,0,0,0,0,24,0.0,0,6,0.0,0,0.0,2392.5615,4428.1574999999975,12328.152632898215,0.0,12328.152632898215,0.0,613.894,17699.011099999996,31331.6728,0.7645008026599804,384,73410.04533960117,128,1.1372873363545283e6,1,0.0,4,39339.62,1,-6853.620299999995,-39909.5938,465.1636808138063,1096.1499,0,20,536,536,"G10-40 step 10, public employment 40 %",debt,4,-5.093170329928398e-11
114,512,1,4,58991.25519999994,524.1813999999999,47687.968300000015,0.0,247143.32379999943,,0.0,39392.1515,207751.17229999942,0.0,18089.215599999978,763.0799358749997,0.00375,820.0571,13418.629808568316,0.0,1.0,4663.019178789391,6063.246572378879,0.0,0.0,1.0,0.0,0.0,1.0,0.0,0,0,0.9322916666666666,0.7578513168285004,0.0,0.0,3.0,0.0,1.0,1,0,0,0.2500527651088438,299,732.7687032314235,1.936133848056541,734.7048370794801,10.285448966151133,1.29724373103053,11.582692697181663,0.0,0.0,0.0,0.0,0,0,0.0,0.0,643.6969,1.0,1.0,0.0,0.0,0.0,0.0,0.5,0.25,640.3692999999846,23488.622699999294,12571.458699999997,15882,3948.294699999995,4900.567299999996,10182.552299999983,2717.511199999997,0.0,0.0,0.0,0.0,0.0,2,0.0,0.0,0.0,0.0,0.0,387.18370000000004,0.0,0.014592735105233566,8.076038676607642,8.854654802259887,15.524013750000018,2.8476027139874796,5.799414002334223,6.952998595814634,1062.0,1073.0,531.0,2042.6666666666667,1946.0000000000002,819.0,24,0,0,2,48,35.0,2048.0,27429.150500000047,872.061,26448.5468,716,52,0,128,0.3785852825585243,0.7578513168285004,0.19812771614648028,10,11139.391399999999,8665.5895,48,0,160.0,0,0,0,0.0,0,0.0,1.2261199445434036e6,0.0,0,0,0,1.5,0,0.0,0,0,0.0,0,0.0,0,0,2483.842200000003,64.0,3421.4398,1,587.8642,411.5090999999999,8.879807442819171,5120.0,51.015625,2.867124296875,12,0,0.0,0,182.82128458879342,2612.0,296,8.853723551432292,0,0,0,0.0,0.0,0.0,0.0,0.0,0.0,0.0,0.0,0,0,0,0,24,0.0,0,6,0.0,0,0.0,2392.5615,4614.238200000003,12720.19522458835,0.0,12720.19522458835,0.0,587.8642,16547.23589999999,30742.047599999998,0.7651155801258704,384,75766.00246434496,128,1.1503539420790607e6,1,0.0,4,40823.314,1,-6845.798300000002,-38572.0944,465.1636808138063,1100.5194,0,20,531,531,"G10-40 step 10, public employment 40 %",debt,4,-5.093170329928398e-11
115,512,1,4,61540.52970000003,524.1813999999999,50239.08639999998,0.0,250030.9531999997,,0.0,41975.2498,208055.7033999997,0.0,16972.069500000027,779.0150457499991,0.00375,816.6701,13508.013668899392,0.0,1.0,4650.577682464473,6106.897554266263,0.0,0.0,1.0,0.0,0.0,1.0,0.0,0,0,0.9322916666666666,0.7572332636325325,0.0,0.0,0.0,0.0,1.0,1,0,0,0.25019473956110605,296,729.6416906032902,2.045976593186972,731.6876671964772,10.675544927145578,1.4354593823051962,12.111004309450776,0.0,0.0,0.0,0.0,0,0,0.0,0.0,609.4692,1.0,1.0,0.0,0.0,0.0,0.0,0.5,0.25,642.2128999999815,23807.32349999939,12571.458699999997,16031,7460.878799999999,4911.604300000013,9338.600099999989,2735.5893,0.0,0.0,0.0,0.0,0.0,11,0.0,0.0,0.0,0.0,0.0,370.75020000000006,7.5683,0.015,8.156440094786724,9.162699999999967,15.848843055555534,2.870004338842973,5.8390644841287,7.54868229025512,1072.0,1055.0,536.0,2045.3333333333333,1953.0,819.0,23,0,0,6,44,28.0,2048.0,28326.435300000012,1556.4157,27806.5909,716,52,0,128,0.3811507958298297,0.7572332636325325,0.20401086778425537,3,11244.608400000005,8605.044299999994,44,0,144.0,0,0,0,0.0,0,0.0,1.2257394749623179e6,0.0,0,0,0,1.5,0,0.0,0,0,0.0,0,0.0,0,0,2282.233399999997,61.0,3034.4177,1,690.6636,483.4618999999998,8.825906076247312,5120.0,51.015625,2.9210102571614573,14,0,0.0,0,301.73133887089585,2612.0,293,8.727325086805555,0,0,0,0.0,0.0,0.0,0.0,0.0,0.0,0.0,0.0,0,0,0,0,23,0.0,0,6,0.0,0,0.0,2392.5615,4514.6613,12347.9871798453,0.0,12347.9871798453,0.0,690.6636,18299.35159999999,32397.4243,0.7645422077860808,384,77419.62068043835,128,1.148319854281879e6,1,0.0,4,39915.06969999999,1,-6843.954700000002,-41158.579699999995,465.1636808138063,1100.5194,0,20,536,536,"G10-40 step 10, public employment 40 %",debt,4,-5.093170329928398e-11
116,512,1,4,62518.544900000095,524.1813999999999,51231.53559999996,0.0,252972.95680000007,,0.0,42547.4426,210425.51420000006,0.0,17881.86960000001,780.1572488749991,0.00375,873.3136,13602.514066418276,0.0,1.0,4697.0723951447035,6128.724494278853,0.0,0.0,1.0,0.0,0.0,1.0,0.0,0,0,0.9322916666666666,0.7581330190248738,0.0,0.0,0.0,0.0,1.0,1,0,0,0.2502809573361082,294,731.870184888933,1.950593701083498,733.8207785900165,10.766772066244826,1.1984714741620779,11.965243540406904,0.0,0.0,0.0,0.0,0,0,0.0,0.0,654.4643,1.0,1.0,0.0,0.0,0.0,0.0,0.5,0.25,656.6468999999793,24139.463499999412,12571.458699999997,16186,6041.6308999999965,5063.615700000003,8273.18429999999,2801.7977999999925,0.0,0.0,0.0,0.0,0.0,4,0.0,0.0,0.0,0.0,0.0,374.6363000000001,0.0,0.014689114515787778,8.19014239631336,9.200942184557464,15.58107721518987,2.9029388308977038,5.892120688408609,7.322221821547466,1062.0,1085.0,531.0,2040.0,1946.0,819.0,23,0,0,3,57,35.0,2048.0,27844.027600000012,2216.8948,27878.3624,716,52,0,128,0.3909697765850513,0.7581330190248738,0.20473101239746816,11,11302.7297,8886.304499999997,57,0,158.0,0,0,0,0.0,0,0.0,1.2347477018452408e6,0.0,0,0,0,1.5,0,0.0,0,0,0.0,0,0.0,0,0,2461.8101999999994,64.0,3705.9465,1,729.489,510.64379999999926,9.090318246915409,5120.0,51.015625,2.9667062011718746,7,0,0.0,0,136.17831867673465,2612.0,291,8.879936957465278,0,0,0,0.0,0.0,0.0,0.0,0.0,0.0,0.0,0.0,0,0,0,0,23,0.0,0,6,0.0,0,0.0,2392.5615,4833.502700000006,11656.651834993876,0.0,11656.651834993876,0.0,729.489,18843.1633,33801.2037,0.7653701688679588,384,78128.28270919531,128,1.1566194191360457e6,1,0.0,4,40622.8538,1,-6829.520700000001,-41674.129,465.1636808138063,1100.5194,0,20,531,531,"G10-40 step 10, public employment 40 %",debt,4,-5.093170329928398e-11
117,512,1,4,61098.615200000066,524.1813999999999,49827.0802,0.0,255833.79230000023,,0.0,40434.2667,215399.52560000023,0.0,19172.812200000026,789.0419819999983,0.00375,806.658,13675.523578054588,0.0,1.0,4700.428557998387,6180.843402036395,0.0,0.0,1.0,0.0,0.0,1.0,0.0,0,0,0.9309895833333334,0.7579140302718526,0.0,0.0,2.0,0.0,1.0,1,0,0,0.2501587098925029,292,729.677803180469,1.95263345111048,731.6304366315796,8.960933524386974,1.3855326629033367,10.34646618729031,0.0,0.0,0.0,0.0,0,0,0.0,0.0,618.673,1.0,1.0,0.0,0.0,0.0,0.0,0.5,0.25,672.1211999999797,24479.83109999924,12571.458699999997,16343,3423.1496999999986,4843.079400000004,9827.984900000003,2774.770800000003,0.0,0.0,0.0,0.0,0.0,10,0.0,0.0,0.0,0.0,0.0,360.1383999999999,0.0,0.014982785205831238,8.313470903954803,9.357490334572491,15.388328859060392,2.9165080412371176,5.981731764757544,8.274599109503015,1076.0,1062.0,538.0,2044.0,1957.0,819.0,22,0,0,7,47,33.0,2048.0,27432.082099999992,1781.8812,27641.327400000002,715,53,0,128,0.3511213598514211,0.7579140302718526,0.20810362383236702,2,11512.77789999995,8828.9061,48,1,149.0,0,0,0,0.0,0,0.0,1.2388965346906723e6,0.0,0,0,0,1.5,0,0.0,0,0,0.0,0,0.0,0,0,2292.8609999999985,61.0,3436.6665,1,626.6147,438.6291999999996,8.968240077821394,5120.0,51.015625,2.987764557291667,16,0,0.0,0,264.250065940872,2612.0,289,8.878364935980903,0,0,0,0.0,0.0,0.0,0.0,0.0,0.0,0.0,0.0,0,0,0,0,22,0.0,0,6,0.0,0,0.0,2392.5615,5388.163300000002,12413.344864160386,0.0,12413.344864160386,0.0,626.6147,16879.280600000006,32859.875100000005,0.7652357531147878,384,77334.31551873259,128,1.1615622191719406e6,1,0.0,4,41466.9874,1,-6814.046399999999,-39627.6087,465.1636808138063,1109.7217,0,20,538,538,"G10-40 step 10, public employment 40 %",debt,4,-5.093170329928398e-11
118,512,1,4,63611.859400000045,524.1813999999999,52349.245799999924,0.0,258785.8851,,0.0,42937.1155,215848.76960000003,0.0,17843.56060000001,807.6948287499991,0.00375,869.4725,13744.63717672271,0.0,1.0,4737.87147453989,6181.259876148476,0.0,0.0,1.0,0.0,0.0,1.0,0.0,0,0,0.9296875,0.7578879251327628,0.0,0.0,1.0,0.0,1.0,1,0,0,0.2500041410899872,292,721.7418984506149,1.9873206443634452,723.7292190949784,11.667721680452242,1.304780639479088,12.97250231993133,0.0,0.0,0.0,0.0,0,0,0.0,0.0,648.0018,1.0,1.0,0.0,0.0,0.0,0.0,0.5,0.25,681.042599999982,24821.366099999257,12571.458699999997,16494,7481.834100000003,4968.589899999991,9570.1123,2858.5121000000017,0.0,0.0,0.0,0.0,0.0,3,0.0,0.0,0.0,0.0,0.0,332.22399999999993,0.0,0.015,8.437391223155943,9.48795767790262,15.085107499999992,2.9544043750000015,6.0666625604827535,8.026361136217924,1068.0,1071.0,534.0,2038.6666666666667,1952.0000000000002,819.0,20,0,0,3,50,33.0,2048.0,29026.493099999967,1349.8949,29231.1493,714,54,0,128,0.40305126721483986,0.7578879251327628,0.2113567070435689,5,11603.419900000006,9036.446000000016,52,2,160.0,0,0,0,0.0,0,0.0,1.2445420858786379e6,0.0,0,0,0,1.5,0,0.0,0,0,0.0,0,0.0,0,0,2413.617199999999,64.0,3134.8496,1,738.2308,516.7633000000008,8.978483723262999,5120.0,51.015625,3.062027565104166,17,0,0.0,0,370.1664773082726,2612.0,289,8.885422607421875,0,0,0,0.0,0.0,0.0,0.0,0.0,0.0,0.0,0.0,0,0,0,0,20,0.0,0,6,0.0,0,0.0,2392.5615,5345.7926000000025,12905.08526920345,0.0,12905.08526920345,0.0,738.2308,18696.473699999995,33715.8938,0.7651629495752519,384,77659.1914867735,128,1.1668828943918655e6,1,0.0,4,40484.1448,1,-6805.125,-42067.643,465.1636808138063,1115.5665,0,20,534,534,"G10-40 step 10, public employment 40 %",debt,4,-5.093170329928398e-11
119,512,1,4,63124.26810000002,524.1813999999999,51878.13849999999,0.0,261859.4939999999,,0.0,42153.4893,219706.00469999987,0.0,20868.1645,809.378910750001,0.00375,804.0515,13866.907945274492,0.0,1.0,4893.200061157804,6268.547180182995,0.0,0.0,1.0,0.0,0.0,1.0,0.0,0,0,0.9283854166666666,0.7575314106849951,0.0,0.0,2.0,0.0,1.0,1,0,0,0.25000262031618486,292,710.3180274642293,1.90702519562005,712.2250526598493,11.938262608994712,1.2433685931393805,13.181631202134092,0.0,0.0,0.0,0.0,0,0,0.0,0.0,621.619,1.0,1.0,0.0,0.0,0.0,0.0,0.5,0.25,697.5265999999814,25174.87129999926,12571.458699999997,16660,4617.4555999999975,5105.046899999996,7015.082099999994,2778.289199999998,0.0,0.0,0.0,0.0,0.0,9,0.0,0.0,0.0,0.0,0.0,421.8699999999999,2.7722,0.014944984220885102,8.469794485981309,9.439939700374556,15.17235629629631,2.998503340292272,6.031528994071656,7.785570302131386,1068.0,1070.0,534.0,2044.0000000000002,1944.0000000000002,819.0,25,1,1,3,45,39.0,2047.0,30082.354599999973,827.1895,28253.9715,713,55,0,128,0.4097758954077184,0.7575314106849951,0.19647541584053685,7,11609.217199999912,9062.6801,45,0,135.0,0,0,1,0.0,0,0.0,1.2478465526368865e6,0.0,0,0,0,1.5,0,0.0,0,0,0.0,0,0.0,0,0,2048.268100000002,56.0,3156.701,1,608.1079,425.6749000000008,8.702991687398669,5120.0,51.015625,3.0761947591145833,9,0,0.0,0,358.6839629443545,2612.0,289,8.867111436631944,0,0,0,0.0,0.0,0.0,0.0,0.0,0.0,0.0,0.0,0,0,0,0,25,0.0,0,6,0.0,0,0.0,2392.5615,5580.9321999999975,13624.559730643372,0.0,13624.559730643372,0.0,608.1079,18366.9985,32237.862,0.7649450570251473,384,75296.76451556667,128,1.1725497881213205e6,1,0.0,4,42233.6275,1,-6788.641000000003,-41349.4378,465.1636808138063,1130.0698,0,20,534,534,"G10-40 step 10, public employment 40 %",debt,4,-5.093170329928398e-11
120,512,1,4,63076.46089999995,524.1813999999999,51248.81989999995,0.0,264976.9511999995,,0.0,41596.1488,223380.8023999995,0.0,19618.820900000002,823.8453007500032,0.00375,823.3964,13972.81907264801,0.0,1.0,4887.567675625044,6310.609240098673,0.0,0.0,1.0,0.0,0.0,1.0,0.0,0,0,0.9283854166666666,0.7576015632638431,0.0,0.0,1.0,0.0,1.0,1,0,0,0.25024793388429745,291,720.152382224944,2.0107158833650978,722.163098108309,11.121252897752555,1.2655898903157234,12.386842788068279,0.0,0.0,0.0,0.0,0,0,0.0,0.0,623.2968000000001,1.0,1.0,0.0,0.0,0.0,0.0,0.5,0.25,116.01519999998462,25530.690799999204,12571.458699999997,16820,5077.896800000004,5125.7040000000225,10880.716999999997,2824.1205999999943,0.0,592.1431,0.0,0.0,0.0,2,0.0,0.0,0.0,0.0,0.0,404.55979999999977,9.283100000000001,0.015,8.530588325358845,9.564699999999991,15.306017333333346,3.029108595387838,6.111629598720073,7.552003193067445,1064.0,1045.0,532.0,2043.0,1946.0,818.0,24,2,2,4,40,28.0,2046.0,28889.684600000008,1527.945,28008.3238,713,55,0,128,0.3984343203805474,0.7576015632638431,0.2004002946788419,10,12334.090399999974,8914.464799999994,40,0,150.0,0,0,2,0.0,0,0.0,1.2656702851034042e6,0.0,0,0,0,1.5,0,0.0,0,0,0.0,0,0.0,0,0,2295.9026000000017,63.0,3827.1111,1,667.0014000000001,466.9027999999999,9.17489093110038,5120.0,51.015625,3.1160858040364587,6,0,0.0,0,201.14248956450834,2612.0,288,9.003270182291665,0,0,0,0.0,0.0,0.0,0.0,0.0,0.0,0.0,0.0,0,0,0,0,24,0.0,0,6,0.0,0,0.0,2392.5615,5514.1051,12883.986605644828,0.0,12883.986605644828,0.0,667.0014000000001,18230.4825,33363.3799,0.7656436499170252,384,80509.832038903,128,1.1851604530645006e6,1,0.0,4,43062.2176,1,-7370.152399999999,-40772.752400000005,465.1636808138063,1131.8868,0,20,532,532,"G10-40 step 10, public employment 40 %",debt,4,-5.093170329928398e-11
